Using device: cpu
Solved-check: precomputed optimal returns for 25 fixed initial conditions (mean=1013.0, min=1011.0, max=1015.0); solved-tolerance=5.0
num_envs=8 num_steps_per_env=256 worker_batch_size=2048 worker_minibatch_size=256 num_updates=488 timesteps=999424 (requested 1000000; 576 dropped by integer division)
update=1 global_step=2048 SPS=1133 w_ev=0.015 m_ev=0.001 m_v_bias=105.6 m_adv_std=195.5969 m_kl_max=0.0004 m_ratio_max=0.150 w_ax@goal=+0.11 w_v@goal=0.23 return=-416.0 length=190 success_rate=0.12 collisions/ep=7.25 (n=8)
update=2 global_step=4096 SPS=1164 w_ev=0.073 m_ev=0.336 m_v_bias=2.3 m_adv_std=217.3027 m_kl_max=0.0012 m_ratio_max=0.215 w_ax@goal=-0.07 w_v@goal=-0.05 return=-249.2 length=184 success_rate=0.33 collisions/ep=8.56 (n=9)
update=3 global_step=6144 SPS=1126 w_ev=0.118 m_ev=0.718 m_v_bias=-47.2 m_adv_std=177.5420 m_kl_max=0.0013 m_ratio_max=0.206 w_ax@goal=+0.02 w_v@goal=-0.80 return=-97.1 length=168 success_rate=0.46 collisions/ep=8.77 (n=13)
update=4 global_step=8192 SPS=1140 w_ev=0.256 m_ev=0.629 m_v_bias=-86.4 m_adv_std=236.9694 m_kl_max=0.0025 m_ratio_max=0.212 w_ax@goal=+0.16 w_v@goal=1.12 return=104.4 length=161 success_rate=0.56 collisions/ep=6.94 (n=16)
update=5 global_step=10240 SPS=1135 w_ev=0.377 m_ev=0.838 m_v_bias=-65.9 m_adv_std=145.0425 m_kl_max=0.0060 m_ratio_max=0.358 w_ax@goal=+0.12 w_v@goal=2.41 return=277.6 length=143 success_rate=0.75 collisions/ep=8.17 (n=12)
Evaluation at update 5: return=535.30, length=94.90, success_rate=1.00, collisions/ep=9.20
Solved-check at update 5: solved=False worst_gap=966.05 at p_x0=0.00 p_y0=-1.00 (consecutive=0)
update=6 global_step=12288 SPS=721 w_ev=0.203 m_ev=0.819 m_v_bias=-31.6 m_adv_std=132.9835 m_kl_max=0.0086 m_ratio_max=0.385 w_ax@goal=+0.40 w_v@goal=3.42 return=510.6 length=120 success_rate=0.94 collisions/ep=8.06 (n=18)
update=7 global_step=14336 SPS=762 w_ev=0.195 m_ev=0.821 m_v_bias=-55.7 m_adv_std=125.5545 m_kl_max=0.0053 m_ratio_max=0.447 w_ax@goal=+0.28 w_v@goal=5.76 return=684.0 length=103 success_rate=1.00 collisions/ep=6.05 (n=20)
update=8 global_step=16384 SPS=792 w_ev=0.280 m_ev=0.842 m_v_bias=-44.2 m_adv_std=102.4260 m_kl_max=0.0013 m_ratio_max=0.187 w_ax@goal=+0.47 w_v@goal=6.55 return=762.5 length=100 success_rate=1.00 collisions/ep=4.62 (n=21)
update=9 global_step=18432 SPS=820 w_ev=0.208 m_ev=0.871 m_v_bias=36.3 m_adv_std=104.9454 m_kl_max=0.0032 m_ratio_max=0.354 w_ax@goal=+0.34 w_v@goal=8.47 return=665.2 length=106 success_rate=1.00 collisions/ep=6.55 (n=20)
update=10 global_step=20480 SPS=840 w_ev=0.075 m_ev=0.881 m_v_bias=-0.8 m_adv_std=88.4984 m_kl_max=0.0091 m_ratio_max=0.554 w_ax@goal=+0.50 w_v@goal=9.30 return=730.0 length=94 success_rate=1.00 collisions/ep=5.55 (n=20)
Evaluation at update 10: return=463.75, length=83.85, success_rate=1.00, collisions/ep=11.45
Solved-check at update 10: solved=False worst_gap=1156.07 at p_x0=0.00 p_y0=-1.00 (consecutive=0)
update=11 global_step=22528 SPS=620 w_ev=0.127 m_ev=0.882 m_v_bias=11.9 m_adv_std=93.8153 m_kl_max=0.0094 m_ratio_max=0.482 w_ax@goal=+0.57 w_v@goal=9.52 return=627.5 length=91 success_rate=1.00 collisions/ep=7.67 (n=24)
update=12 global_step=24576 SPS=627 w_ev=0.029 m_ev=0.909 m_v_bias=-4.7 m_adv_std=81.0043 m_kl_max=0.0133 m_ratio_max=1.147 w_ax@goal=+0.38 w_v@goal=9.06 return=728.5 length=89 success_rate=1.00 collisions/ep=5.58 (n=24)
update=13 global_step=26624 SPS=633 w_ev=0.166 m_ev=0.888 m_v_bias=-22.0 m_adv_std=83.0063 m_kl_max=0.0201 m_ratio_max=0.562 w_ax@goal=+0.45 w_v@goal=9.89 return=766.2 length=95 success_rate=1.00 collisions/ep=4.65 (n=20)
update=14 global_step=28672 SPS=639 w_ev=0.088 m_ev=0.914 m_v_bias=12.3 m_adv_std=75.3784 m_kl_max=0.0106 m_ratio_max=0.375 w_ax@goal=+0.54 w_v@goal=9.79 return=745.6 length=97 success_rate=1.00 collisions/ep=5.14 (n=21)
update=15 global_step=30720 SPS=643 w_ev=0.048 m_ev=0.840 m_v_bias=20.7 m_adv_std=99.3764 m_kl_max=0.0097 m_ratio_max=0.472 w_ax@goal=+0.67 w_v@goal=9.55 return=675.4 length=89 success_rate=1.00 collisions/ep=6.62 (n=24)
Evaluation at update 15: return=357.62, length=82.40, success_rate=1.00, collisions/ep=14.00
Solved-check at update 15: solved=False worst_gap=1054.92 at p_x0=0.00 p_y0=-1.00 (consecutive=0)
update=16 global_step=32768 SPS=551 w_ev=0.059 m_ev=0.887 m_v_bias=-4.4 m_adv_std=86.3354 m_kl_max=0.0146 m_ratio_max=0.564 w_ax@goal=+0.52 w_v@goal=9.73 return=684.4 length=86 success_rate=1.00 collisions/ep=6.52 (n=23)
update=17 global_step=34816 SPS=569 w_ev=0.055 m_ev=0.895 m_v_bias=-22.4 m_adv_std=78.6509 m_kl_max=0.0062 m_ratio_max=0.425 w_ax@goal=+0.60 w_v@goal=9.72 return=734.2 length=87 success_rate=1.00 collisions/ep=5.55 (n=22)
update=18 global_step=36864 SPS=586 w_ev=0.074 m_ev=0.884 m_v_bias=-7.0 m_adv_std=88.0832 m_kl_max=0.0131 m_ratio_max=0.498 w_ax@goal=+0.57 w_v@goal=9.80 return=723.5 length=89 success_rate=1.00 collisions/ep=5.67 (n=24)
update=19 global_step=38912 SPS=594 w_ev=0.068 m_ev=0.900 m_v_bias=13.5 m_adv_std=79.7655 m_kl_max=0.0213 m_ratio_max=0.807 w_ax@goal=+0.58 w_v@goal=9.86 return=719.4 length=88 success_rate=1.00 collisions/ep=5.83 (n=24)
update=20 global_step=40960 SPS=600 w_ev=0.044 m_ev=0.923 m_v_bias=-9.5 m_adv_std=71.7145 m_kl_max=0.0114 m_ratio_max=0.546 w_ax@goal=+0.65 w_v@goal=10.36 return=717.9 length=88 success_rate=1.00 collisions/ep=5.88 (n=24)
Evaluation at update 20: return=539.25, length=80.80, success_rate=1.00, collisions/ep=9.40
Solved-check at update 20: solved=False worst_gap=503.95 at p_x0=0.50 p_y0=1.00 (consecutive=0)
update=21 global_step=43008 SPS=538 w_ev=0.116 m_ev=0.903 m_v_bias=-12.3 m_adv_std=76.0098 m_kl_max=0.0164 m_ratio_max=0.495 w_ax@goal=+0.61 w_v@goal=10.73 return=757.5 length=85 success_rate=1.00 collisions/ep=5.12 (n=24)
update=22 global_step=45056 SPS=544 w_ev=0.102 m_ev=0.929 m_v_bias=-9.4 m_adv_std=65.7563 m_kl_max=0.0130 m_ratio_max=0.438 w_ax@goal=+0.75 w_v@goal=10.79 return=763.3 length=84 success_rate=1.00 collisions/ep=4.92 (n=25)
update=23 global_step=47104 SPS=550 w_ev=0.054 m_ev=0.887 m_v_bias=-16.7 m_adv_std=77.1206 m_kl_max=0.0081 m_ratio_max=0.486 w_ax@goal=+0.64 w_v@goal=11.13 return=824.1 length=83 success_rate=1.00 collisions/ep=3.62 (n=24)
update=24 global_step=49152 SPS=558 w_ev=0.145 m_ev=0.932 m_v_bias=5.0 m_adv_std=60.1368 m_kl_max=0.0130 m_ratio_max=0.849 w_ax@goal=+0.67 w_v@goal=11.79 return=785.9 length=84 success_rate=1.00 collisions/ep=4.46 (n=24)
update=25 global_step=51200 SPS=570 w_ev=0.141 m_ev=0.897 m_v_bias=19.6 m_adv_std=79.1285 m_kl_max=0.0207 m_ratio_max=0.580 w_ax@goal=+0.78 w_v@goal=12.07 return=781.5 length=84 success_rate=1.00 collisions/ep=4.54 (n=24)
Evaluation at update 25: return=597.76, length=79.85, success_rate=1.00, collisions/ep=8.25
Solved-check at update 25: solved=False worst_gap=502.87 at p_x0=0.00 p_y0=0.50 (consecutive=0)
update=26 global_step=53248 SPS=548 w_ev=0.172 m_ev=0.895 m_v_bias=-9.9 m_adv_std=79.4011 m_kl_max=0.0129 m_ratio_max=0.779 w_ax@goal=+0.73 w_v@goal=12.26 return=729.9 length=84 success_rate=1.00 collisions/ep=5.68 (n=25)
update=27 global_step=55296 SPS=559 w_ev=0.134 m_ev=0.915 m_v_bias=-3.7 m_adv_std=68.1905 m_kl_max=0.0280 m_ratio_max=0.629 w_ax@goal=+0.81 w_v@goal=12.11 return=803.4 length=84 success_rate=1.00 collisions/ep=4.25 (n=24)
update=28 global_step=57344 SPS=569 w_ev=0.088 m_ev=0.924 m_v_bias=-15.0 m_adv_std=66.0228 m_kl_max=0.0149 m_ratio_max=0.676 w_ax@goal=+0.87 w_v@goal=12.29 return=802.8 length=81 success_rate=1.00 collisions/ep=4.19 (n=26)
update=29 global_step=59392 SPS=578 w_ev=0.123 m_ev=0.906 m_v_bias=14.9 m_adv_std=75.2713 m_kl_max=0.0265 m_ratio_max=0.661 w_ax@goal=+0.95 w_v@goal=12.36 return=761.1 length=82 success_rate=1.00 collisions/ep=5.00 (n=25)
update=30 global_step=61440 SPS=588 w_ev=0.094 m_ev=0.899 m_v_bias=3.8 m_adv_std=78.7638 m_kl_max=0.0249 m_ratio_max=0.620 w_ax@goal=+1.04 w_v@goal=12.36 return=737.8 length=83 success_rate=1.00 collisions/ep=5.64 (n=25)
Evaluation at update 30: return=565.99, length=79.10, success_rate=1.00, collisions/ep=8.90
Solved-check at update 30: solved=False worst_gap=501.98 at p_x0=0.50 p_y0=0.00 (consecutive=0)
update=31 global_step=63488 SPS=569 w_ev=0.148 m_ev=0.908 m_v_bias=5.4 m_adv_std=76.3408 m_kl_max=0.0259 m_ratio_max=0.834 w_ax@goal=+1.06 w_v@goal=12.37 return=726.3 length=81 success_rate=1.00 collisions/ep=5.71 (n=24)
update=32 global_step=65536 SPS=578 w_ev=0.130 m_ev=0.939 m_v_bias=-26.2 m_adv_std=60.5405 m_kl_max=0.0073 m_ratio_max=0.388 w_ax@goal=+1.07 w_v@goal=12.34 return=792.2 length=82 success_rate=1.00 collisions/ep=4.36 (n=25)
update=33 global_step=67584 SPS=586 w_ev=0.183 m_ev=0.922 m_v_bias=-1.9 m_adv_std=63.7026 m_kl_max=0.0087 m_ratio_max=0.499 w_ax@goal=+1.00 w_v@goal=12.71 return=805.4 length=82 success_rate=1.00 collisions/ep=4.08 (n=25)
update=34 global_step=69632 SPS=595 w_ev=0.274 m_ev=0.929 m_v_bias=-18.4 m_adv_std=60.6424 m_kl_max=0.0088 m_ratio_max=0.397 w_ax@goal=+1.03 w_v@goal=13.08 return=834.8 length=82 success_rate=1.00 collisions/ep=3.54 (n=24)
update=35 global_step=71680 SPS=600 w_ev=0.125 m_ev=0.910 m_v_bias=41.1 m_adv_std=76.5544 m_kl_max=0.0053 m_ratio_max=0.395 w_ax@goal=+1.02 w_v@goal=12.94 return=742.9 length=81 success_rate=1.00 collisions/ep=5.40 (n=25)
Evaluation at update 35: return=633.69, length=78.90, success_rate=1.00, collisions/ep=7.55
Solved-check at update 35: solved=False worst_gap=501.98 at p_x0=0.00 p_y0=0.50 (consecutive=0)
update=36 global_step=73728 SPS=569 w_ev=0.249 m_ev=0.902 m_v_bias=-38.8 m_adv_std=72.6087 m_kl_max=0.0113 m_ratio_max=0.406 w_ax@goal=+1.11 w_v@goal=12.99 return=813.6 length=82 success_rate=1.00 collisions/ep=3.92 (n=26)
update=37 global_step=75776 SPS=572 w_ev=0.282 m_ev=0.894 m_v_bias=36.5 m_adv_std=80.8721 m_kl_max=0.0079 m_ratio_max=0.627 w_ax@goal=+1.00 w_v@goal=13.68 return=726.4 length=82 success_rate=1.00 collisions/ep=5.80 (n=25)
update=38 global_step=77824 SPS=575 w_ev=0.216 m_ev=0.899 m_v_bias=-1.6 m_adv_std=80.7085 m_kl_max=0.0160 m_ratio_max=1.190 w_ax@goal=+0.91 w_v@goal=13.41 return=737.7 length=82 success_rate=1.00 collisions/ep=5.69 (n=26)
update=39 global_step=79872 SPS=574 w_ev=0.116 m_ev=0.929 m_v_bias=5.1 m_adv_std=65.4517 m_kl_max=0.0116 m_ratio_max=0.368 w_ax@goal=+1.11 w_v@goal=12.46 return=722.4 length=82 success_rate=1.00 collisions/ep=6.04 (n=26)
update=40 global_step=81920 SPS=577 w_ev=0.177 m_ev=0.919 m_v_bias=4.6 m_adv_std=71.1882 m_kl_max=0.0260 m_ratio_max=1.029 w_ax@goal=+1.09 w_v@goal=12.22 return=712.8 length=82 success_rate=1.00 collisions/ep=6.04 (n=24)
Evaluation at update 40: return=663.76, length=78.80, success_rate=1.00, collisions/ep=6.95
Solved-check at update 40: solved=False worst_gap=501.89 at p_x0=0.00 p_y0=0.50 (consecutive=0)
update=41 global_step=83968 SPS=559 w_ev=0.238 m_ev=0.911 m_v_bias=-5.8 m_adv_std=70.7900 m_kl_max=0.0055 m_ratio_max=0.601 w_ax@goal=+0.97 w_v@goal=12.37 return=764.4 length=79 success_rate=1.00 collisions/ep=4.96 (n=24)
update=42 global_step=86016 SPS=562 w_ev=0.256 m_ev=0.904 m_v_bias=-14.0 m_adv_std=75.4125 m_kl_max=0.0293 m_ratio_max=0.779 w_ax@goal=+1.01 w_v@goal=12.61 return=795.1 length=80 success_rate=1.00 collisions/ep=4.38 (n=26)
update=43 global_step=88064 SPS=568 w_ev=0.337 m_ev=0.939 m_v_bias=-26.5 m_adv_std=52.5919 m_kl_max=0.0486 m_ratio_max=1.965 w_ax@goal=+1.00 w_v@goal=12.85 return=850.7 length=83 success_rate=1.00 collisions/ep=3.20 (n=25)
update=44 global_step=90112 SPS=574 w_ev=0.347 m_ev=0.932 m_v_bias=26.3 m_adv_std=56.7756 m_kl_max=0.0117 m_ratio_max=0.525 w_ax@goal=+1.01 w_v@goal=13.77 return=844.8 length=84 success_rate=1.00 collisions/ep=3.26 (n=23)
update=45 global_step=92160 SPS=580 w_ev=0.301 m_ev=0.845 m_v_bias=7.7 m_adv_std=90.7849 m_kl_max=0.0182 m_ratio_max=0.631 w_ax@goal=+0.92 w_v@goal=13.36 return=833.8 length=82 success_rate=1.00 collisions/ep=3.50 (n=28)
Evaluation at update 45: return=953.53, length=79.10, success_rate=1.00, collisions/ep=1.15
Solved-check at update 45: solved=False worst_gap=102.00 at p_x0=0.00 p_y0=1.00 (consecutive=0)
update=46 global_step=94208 SPS=568 w_ev=0.345 m_ev=0.893 m_v_bias=-6.0 m_adv_std=69.9669 m_kl_max=0.0127 m_ratio_max=0.697 w_ax@goal=+0.71 w_v@goal=13.73 return=861.9 length=81 success_rate=1.00 collisions/ep=2.96 (n=24)
update=47 global_step=96256 SPS=574 w_ev=0.382 m_ev=0.946 m_v_bias=-8.5 m_adv_std=51.0720 m_kl_max=0.0135 m_ratio_max=0.661 w_ax@goal=+0.56 w_v@goal=14.24 return=844.1 length=83 success_rate=1.00 collisions/ep=3.31 (n=26)
update=48 global_step=98304 SPS=579 w_ev=0.437 m_ev=0.938 m_v_bias=0.5 m_adv_std=52.0371 m_kl_max=0.0031 m_ratio_max=0.300 w_ax@goal=+0.77 w_v@goal=14.71 return=869.7 length=83 success_rate=1.00 collisions/ep=2.80 (n=25)
update=49 global_step=100352 SPS=585 w_ev=0.476 m_ev=0.912 m_v_bias=4.8 m_adv_std=68.0186 m_kl_max=0.0098 m_ratio_max=0.504 w_ax@goal=+0.92 w_v@goal=14.87 return=823.4 length=82 success_rate=1.00 collisions/ep=3.79 (n=24)
update=50 global_step=102400 SPS=591 w_ev=0.393 m_ev=0.908 m_v_bias=-16.2 m_adv_std=66.1238 m_kl_max=0.0164 m_ratio_max=0.500 w_ax@goal=+0.83 w_v@goal=15.10 return=865.1 length=81 success_rate=1.00 collisions/ep=3.00 (n=24)
Evaluation at update 50: return=911.33, length=78.80, success_rate=1.00, collisions/ep=2.00
Solved-check at update 50: solved=False worst_gap=501.82 at p_x0=0.00 p_y0=-1.00 (consecutive=0)
update=51 global_step=104448 SPS=579 w_ev=0.236 m_ev=0.922 m_v_bias=8.9 m_adv_std=54.7284 m_kl_max=0.0189 m_ratio_max=0.803 w_ax@goal=+0.81 w_v@goal=15.11 return=869.9 length=81 success_rate=1.00 collisions/ep=2.96 (n=24)
update=52 global_step=106496 SPS=585 w_ev=0.159 m_ev=0.884 m_v_bias=-6.5 m_adv_std=69.6445 m_kl_max=0.0209 m_ratio_max=0.839 w_ax@goal=+0.70 w_v@goal=13.94 return=882.2 length=82 success_rate=1.00 collisions/ep=2.74 (n=27)
update=53 global_step=108544 SPS=590 w_ev=0.193 m_ev=0.946 m_v_bias=-2.3 m_adv_std=46.2708 m_kl_max=0.0100 m_ratio_max=0.842 w_ax@goal=+0.90 w_v@goal=13.56 return=890.0 length=82 success_rate=1.00 collisions/ep=2.46 (n=24)
update=54 global_step=110592 SPS=595 w_ev=0.211 m_ev=0.927 m_v_bias=6.7 m_adv_std=53.5146 m_kl_max=0.0250 m_ratio_max=0.988 w_ax@goal=+1.01 w_v@goal=13.75 return=867.3 length=80 success_rate=1.00 collisions/ep=2.93 (n=27)
update=55 global_step=112640 SPS=598 w_ev=0.215 m_ev=0.951 m_v_bias=-10.6 m_adv_std=41.5991 m_kl_max=0.0287 m_ratio_max=0.645 w_ax@goal=+1.11 w_v@goal=13.74 return=895.3 length=81 success_rate=1.00 collisions/ep=2.32 (n=25)
Evaluation at update 55: return=844.11, length=78.60, success_rate=1.00, collisions/ep=3.35
Solved-check at update 55: solved=False worst_gap=500.91 at p_x0=2.00 p_y0=-0.50 (consecutive=0)
update=56 global_step=114688 SPS=587 w_ev=0.102 m_ev=0.841 m_v_bias=18.2 m_adv_std=84.4508 m_kl_max=0.0061 m_ratio_max=0.585 w_ax@goal=+1.24 w_v@goal=13.86 return=854.6 length=80 success_rate=1.00 collisions/ep=3.21 (n=24)
update=57 global_step=116736 SPS=592 w_ev=0.146 m_ev=0.894 m_v_bias=-16.4 m_adv_std=69.4897 m_kl_max=0.0150 m_ratio_max=1.055 w_ax@goal=+1.20 w_v@goal=13.51 return=869.7 length=80 success_rate=1.00 collisions/ep=2.85 (n=26)
update=58 global_step=118784 SPS=596 w_ev=0.087 m_ev=0.878 m_v_bias=13.4 m_adv_std=71.0183 m_kl_max=0.0120 m_ratio_max=0.477 w_ax@goal=+1.16 w_v@goal=13.75 return=817.0 length=80 success_rate=1.00 collisions/ep=4.00 (n=25)
update=59 global_step=120832 SPS=601 w_ev=0.114 m_ev=0.914 m_v_bias=-5.9 m_adv_std=62.7364 m_kl_max=0.0142 m_ratio_max=0.505 w_ax@goal=+0.96 w_v@goal=13.09 return=885.8 length=81 success_rate=1.00 collisions/ep=2.54 (n=28)
update=60 global_step=122880 SPS=605 w_ev=0.193 m_ev=0.949 m_v_bias=-15.0 m_adv_std=45.6061 m_kl_max=0.0099 m_ratio_max=0.525 w_ax@goal=+0.90 w_v@goal=13.48 return=892.4 length=79 success_rate=1.00 collisions/ep=2.36 (n=25)
Evaluation at update 60: return=816.56, length=78.60, success_rate=1.00, collisions/ep=3.90
Solved-check at update 60: solved=False worst_gap=500.96 at p_x0=2.00 p_y0=-0.50 (consecutive=0)
update=61 global_step=124928 SPS=592 w_ev=0.174 m_ev=0.955 m_v_bias=-2.7 m_adv_std=43.2030 m_kl_max=0.0177 m_ratio_max=0.743 w_ax@goal=+0.94 w_v@goal=13.31 return=902.6 length=80 success_rate=1.00 collisions/ep=2.15 (n=26)
update=62 global_step=126976 SPS=595 w_ev=0.167 m_ev=0.933 m_v_bias=4.1 m_adv_std=52.3352 m_kl_max=0.0100 m_ratio_max=0.587 w_ax@goal=+1.01 w_v@goal=13.57 return=888.0 length=81 success_rate=1.00 collisions/ep=2.44 (n=25)
update=63 global_step=129024 SPS=599 w_ev=0.206 m_ev=0.936 m_v_bias=-11.1 m_adv_std=48.4573 m_kl_max=0.0123 m_ratio_max=0.689 w_ax@goal=+1.12 w_v@goal=13.53 return=918.6 length=81 success_rate=1.00 collisions/ep=1.84 (n=25)
update=64 global_step=131072 SPS=603 w_ev=0.161 m_ev=0.945 m_v_bias=4.2 m_adv_std=47.4598 m_kl_max=0.0110 m_ratio_max=1.075 w_ax@goal=+1.10 w_v@goal=13.60 return=904.7 length=80 success_rate=1.00 collisions/ep=2.12 (n=26)
update=65 global_step=133120 SPS=606 w_ev=0.150 m_ev=0.938 m_v_bias=-4.4 m_adv_std=47.9993 m_kl_max=0.0168 m_ratio_max=0.574 w_ax@goal=+1.17 w_v@goal=13.90 return=928.0 length=81 success_rate=1.00 collisions/ep=1.65 (n=26)
Evaluation at update 65: return=974.25, length=78.35, success_rate=1.00, collisions/ep=0.75
Solved-check at update 65: solved=False worst_gap=101.12 at p_x0=0.50 p_y0=-1.00 (consecutive=0)
update=66 global_step=135168 SPS=595 w_ev=0.182 m_ev=0.968 m_v_bias=-9.1 m_adv_std=32.1448 m_kl_max=0.0149 m_ratio_max=0.419 w_ax@goal=+1.03 w_v@goal=13.77 return=958.6 length=80 success_rate=1.00 collisions/ep=1.08 (n=24)
update=67 global_step=137216 SPS=599 w_ev=0.220 m_ev=0.951 m_v_bias=15.3 m_adv_std=43.5338 m_kl_max=0.0114 m_ratio_max=0.708 w_ax@goal=+1.04 w_v@goal=14.08 return=917.4 length=83 success_rate=1.00 collisions/ep=1.85 (n=26)
update=68 global_step=139264 SPS=603 w_ev=0.151 m_ev=0.924 m_v_bias=2.0 m_adv_std=50.9689 m_kl_max=0.0302 m_ratio_max=0.948 w_ax@goal=+0.97 w_v@goal=14.20 return=932.9 length=80 success_rate=1.00 collisions/ep=1.54 (n=24)
update=69 global_step=141312 SPS=607 w_ev=0.103 m_ev=0.934 m_v_bias=-4.6 m_adv_std=49.0291 m_kl_max=0.0143 m_ratio_max=0.799 w_ax@goal=+1.03 w_v@goal=14.15 return=946.6 length=82 success_rate=1.00 collisions/ep=1.33 (n=24)
update=70 global_step=143360 SPS=611 w_ev=0.099 m_ev=0.943 m_v_bias=-7.7 m_adv_std=46.2634 m_kl_max=0.0161 m_ratio_max=0.730 w_ax@goal=+0.98 w_v@goal=13.70 return=927.3 length=82 success_rate=1.00 collisions/ep=1.67 (n=27)
Evaluation at update 70: return=989.00, length=78.70, success_rate=1.00, collisions/ep=0.45
Solved-check at update 70: solved=False worst_gap=101.44 at p_x0=0.50 p_y0=-1.00 (consecutive=0)
update=71 global_step=145408 SPS=600 w_ev=0.125 m_ev=0.918 m_v_bias=0.6 m_adv_std=53.5489 m_kl_max=0.0474 m_ratio_max=1.472 w_ax@goal=+0.86 w_v@goal=13.71 return=943.8 length=80 success_rate=1.00 collisions/ep=1.38 (n=24)
update=72 global_step=147456 SPS=603 w_ev=0.191 m_ev=0.937 m_v_bias=13.5 m_adv_std=48.9264 m_kl_max=0.0199 m_ratio_max=0.689 w_ax@goal=+0.97 w_v@goal=13.83 return=913.9 length=82 success_rate=1.00 collisions/ep=1.96 (n=26)
update=73 global_step=149504 SPS=606 w_ev=0.246 m_ev=0.966 m_v_bias=-16.2 m_adv_std=32.9581 m_kl_max=0.0169 m_ratio_max=0.615 w_ax@goal=+1.06 w_v@goal=13.83 return=972.2 length=80 success_rate=1.00 collisions/ep=0.81 (n=26)
update=74 global_step=151552 SPS=610 w_ev=0.148 m_ev=0.978 m_v_bias=-6.9 m_adv_std=25.7818 m_kl_max=0.0131 m_ratio_max=0.655 w_ax@goal=+1.00 w_v@goal=14.02 return=992.8 length=81 success_rate=1.00 collisions/ep=0.36 (n=25)
update=75 global_step=153600 SPS=613 w_ev=0.208 m_ev=0.950 m_v_bias=5.3 m_adv_std=40.9575 m_kl_max=0.0074 m_ratio_max=0.588 w_ax@goal=+0.98 w_v@goal=14.12 return=962.9 length=82 success_rate=1.00 collisions/ep=1.04 (n=25)
Evaluation at update 75: return=1006.80, length=78.20, success_rate=1.00, collisions/ep=0.10
Solved-check at update 75: solved=False worst_gap=51.24 at p_x0=0.00 p_y0=-1.00 (consecutive=0)
update=76 global_step=155648 SPS=603 w_ev=0.151 m_ev=0.973 m_v_bias=-4.0 m_adv_std=29.0601 m_kl_max=0.0149 m_ratio_max=0.663 w_ax@goal=+1.17 w_v@goal=14.35 return=967.6 length=82 success_rate=1.00 collisions/ep=0.92 (n=24)
update=77 global_step=157696 SPS=607 w_ev=0.218 m_ev=0.968 m_v_bias=3.8 m_adv_std=33.9871 m_kl_max=0.0099 m_ratio_max=0.681 w_ax@goal=+1.10 w_v@goal=14.45 return=968.6 length=80 success_rate=1.00 collisions/ep=0.93 (n=27)
update=78 global_step=159744 SPS=610 w_ev=0.185 m_ev=0.973 m_v_bias=-8.4 m_adv_std=27.9776 m_kl_max=0.0172 m_ratio_max=0.747 w_ax@goal=+0.96 w_v@goal=14.74 return=977.5 length=80 success_rate=1.00 collisions/ep=0.75 (n=24)
update=79 global_step=161792 SPS=613 w_ev=0.094 m_ev=0.940 m_v_bias=10.7 m_adv_std=44.3180 m_kl_max=0.0362 m_ratio_max=0.959 w_ax@goal=+1.08 w_v@goal=14.60 return=953.2 length=81 success_rate=1.00 collisions/ep=1.19 (n=27)
update=80 global_step=163840 SPS=617 w_ev=0.125 m_ev=0.977 m_v_bias=-2.7 m_adv_std=26.7768 m_kl_max=0.0209 m_ratio_max=0.741 w_ax@goal=+0.97 w_v@goal=14.64 return=973.5 length=81 success_rate=1.00 collisions/ep=0.79 (n=24)
Evaluation at update 80: return=991.32, length=78.80, success_rate=1.00, collisions/ep=0.40
Solved-check at update 80: solved=False worst_gap=201.85 at p_x0=0.00 p_y0=1.00 (consecutive=0)
update=81 global_step=165888 SPS=606 w_ev=0.126 m_ev=0.943 m_v_bias=7.1 m_adv_std=44.1053 m_kl_max=0.0280 m_ratio_max=1.626 w_ax@goal=+1.03 w_v@goal=14.80 return=953.0 length=81 success_rate=1.00 collisions/ep=1.16 (n=25)
update=82 global_step=167936 SPS=610 w_ev=0.119 m_ev=0.960 m_v_bias=2.6 m_adv_std=36.3744 m_kl_max=0.0108 m_ratio_max=0.498 w_ax@goal=+1.03 w_v@goal=14.67 return=944.9 length=82 success_rate=1.00 collisions/ep=1.36 (n=25)
update=83 global_step=169984 SPS=613 w_ev=0.180 m_ev=0.977 m_v_bias=-1.8 m_adv_std=27.4777 m_kl_max=0.0105 m_ratio_max=0.494 w_ax@goal=+1.02 w_v@goal=14.74 return=962.1 length=80 success_rate=1.00 collisions/ep=1.04 (n=28)
update=84 global_step=172032 SPS=617 w_ev=0.187 m_ev=0.977 m_v_bias=-8.7 m_adv_std=26.1941 m_kl_max=0.0245 m_ratio_max=1.461 w_ax@goal=+1.00 w_v@goal=14.93 return=985.8 length=81 success_rate=1.00 collisions/ep=0.50 (n=24)
update=85 global_step=174080 SPS=619 w_ev=0.218 m_ev=0.964 m_v_bias=3.6 m_adv_std=33.1591 m_kl_max=0.0063 m_ratio_max=0.326 w_ax@goal=+1.03 w_v@goal=15.31 return=970.8 length=80 success_rate=1.00 collisions/ep=0.81 (n=26)
Evaluation at update 85: return=1006.23, length=78.85, success_rate=1.00, collisions/ep=0.10
Solved-check at update 85: solved=False worst_gap=101.95 at p_x0=0.00 p_y0=1.00 (consecutive=0)
update=86 global_step=176128 SPS=607 w_ev=0.102 m_ev=0.945 m_v_bias=6.8 m_adv_std=43.5242 m_kl_max=0.0284 m_ratio_max=1.956 w_ax@goal=+1.04 w_v@goal=15.29 return=950.7 length=82 success_rate=1.00 collisions/ep=1.21 (n=24)
update=87 global_step=178176 SPS=610 w_ev=0.033 m_ev=0.930 m_v_bias=9.4 m_adv_std=49.8294 m_kl_max=0.0095 m_ratio_max=0.525 w_ax@goal=+0.97 w_v@goal=15.07 return=910.7 length=81 success_rate=1.00 collisions/ep=2.04 (n=24)
update=88 global_step=180224 SPS=613 w_ev=0.153 m_ev=0.964 m_v_bias=-15.2 m_adv_std=33.7095 m_kl_max=0.0221 m_ratio_max=0.736 w_ax@goal=+1.06 w_v@goal=14.75 return=962.4 length=80 success_rate=1.00 collisions/ep=1.00 (n=28)
update=89 global_step=182272 SPS=616 w_ev=0.264 m_ev=0.967 m_v_bias=-0.5 m_adv_std=32.3697 m_kl_max=0.0101 m_ratio_max=0.464 w_ax@goal=+0.95 w_v@goal=15.12 return=972.4 length=82 success_rate=1.00 collisions/ep=0.81 (n=26)
update=90 global_step=184320 SPS=619 w_ev=0.132 m_ev=0.949 m_v_bias=11.6 m_adv_std=40.4193 m_kl_max=0.0201 m_ratio_max=0.652 w_ax@goal=+0.96 w_v@goal=15.26 return=963.0 length=82 success_rate=1.00 collisions/ep=0.96 (n=24)
Evaluation at update 90: return=1006.10, length=79.00, success_rate=1.00, collisions/ep=0.10
Solved-check at update 90: solved=False worst_gap=51.91 at p_x0=0.50 p_y0=-1.00 (consecutive=0)
update=91 global_step=186368 SPS=611 w_ev=0.164 m_ev=0.983 m_v_bias=-16.7 m_adv_std=22.6782 m_kl_max=0.0102 m_ratio_max=0.454 w_ax@goal=+1.01 w_v@goal=15.23 return=983.4 length=81 success_rate=1.00 collisions/ep=0.58 (n=26)
update=92 global_step=188416 SPS=614 w_ev=0.201 m_ev=0.971 m_v_bias=-0.0 m_adv_std=29.0718 m_kl_max=0.0104 m_ratio_max=0.577 w_ax@goal=+0.99 w_v@goal=15.35 return=978.2 length=80 success_rate=1.00 collisions/ep=0.64 (n=25)
update=93 global_step=190464 SPS=617 w_ev=0.226 m_ev=0.952 m_v_bias=5.9 m_adv_std=37.6620 m_kl_max=0.0180 m_ratio_max=0.616 w_ax@goal=+0.99 w_v@goal=15.52 return=968.9 length=81 success_rate=1.00 collisions/ep=0.92 (n=24)
update=94 global_step=192512 SPS=618 w_ev=0.234 m_ev=0.966 m_v_bias=-3.1 m_adv_std=32.7362 m_kl_max=0.0142 m_ratio_max=1.180 w_ax@goal=+1.04 w_v@goal=15.60 return=983.2 length=80 success_rate=1.00 collisions/ep=0.54 (n=26)
update=95 global_step=194560 SPS=621 w_ev=0.130 m_ev=0.985 m_v_bias=-3.6 m_adv_std=20.6829 m_kl_max=0.0066 m_ratio_max=0.498 w_ax@goal=+1.00 w_v@goal=15.44 return=983.2 length=81 success_rate=1.00 collisions/ep=0.56 (n=25)
Evaluation at update 95: return=1001.14, length=79.00, success_rate=1.00, collisions/ep=0.20
Solved-check at update 95: solved=False worst_gap=101.88 at p_x0=0.50 p_y0=1.00 (consecutive=0)
update=96 global_step=196608 SPS=612 w_ev=0.152 m_ev=0.954 m_v_bias=12.4 m_adv_std=39.5020 m_kl_max=0.0336 m_ratio_max=2.635 w_ax@goal=+0.89 w_v@goal=15.35 return=975.0 length=81 success_rate=1.00 collisions/ep=0.71 (n=28)
update=97 global_step=198656 SPS=615 w_ev=0.175 m_ev=0.970 m_v_bias=-3.9 m_adv_std=31.3114 m_kl_max=0.0165 m_ratio_max=0.690 w_ax@goal=+0.88 w_v@goal=15.30 return=960.6 length=82 success_rate=1.00 collisions/ep=1.00 (n=24)
update=98 global_step=200704 SPS=617 w_ev=0.208 m_ev=0.983 m_v_bias=0.3 m_adv_std=23.5908 m_kl_max=0.0050 m_ratio_max=0.382 w_ax@goal=+0.98 w_v@goal=15.32 return=978.6 length=81 success_rate=1.00 collisions/ep=0.62 (n=24)
update=99 global_step=202752 SPS=620 w_ev=0.164 m_ev=0.956 m_v_bias=4.7 m_adv_std=37.0666 m_kl_max=0.0134 m_ratio_max=0.517 w_ax@goal=+0.94 w_v@goal=15.23 return=966.0 length=80 success_rate=1.00 collisions/ep=0.96 (n=27)
update=100 global_step=204800 SPS=622 w_ev=0.207 m_ev=0.971 m_v_bias=-2.4 m_adv_std=29.6383 m_kl_max=0.0102 m_ratio_max=0.677 w_ax@goal=+0.98 w_v@goal=15.31 return=972.7 length=80 success_rate=1.00 collisions/ep=0.79 (n=24)
Evaluation at update 100: return=1008.70, length=78.90, success_rate=1.00, collisions/ep=0.05
Solved-check at update 100: solved=False worst_gap=51.99 at p_x0=0.00 p_y0=1.00 (consecutive=0)
update=101 global_step=206848 SPS=614 w_ev=0.196 m_ev=0.964 m_v_bias=-0.1 m_adv_std=34.1823 m_kl_max=0.0782 m_ratio_max=2.970 w_ax@goal=+0.90 w_v@goal=15.29 return=975.6 length=82 success_rate=1.00 collisions/ep=0.69 (n=26)
update=102 global_step=208896 SPS=617 w_ev=0.193 m_ev=0.994 m_v_bias=-11.7 m_adv_std=13.4273 m_kl_max=0.0140 m_ratio_max=0.812 w_ax@goal=+0.95 w_v@goal=15.52 return=1004.4 length=80 success_rate=1.00 collisions/ep=0.17 (n=24)
update=103 global_step=210944 SPS=619 w_ev=0.168 m_ev=0.979 m_v_bias=7.7 m_adv_std=24.4582 m_kl_max=0.0263 m_ratio_max=1.032 w_ax@goal=+1.03 w_v@goal=15.51 return=984.9 length=81 success_rate=1.00 collisions/ep=0.52 (n=25)
update=104 global_step=212992 SPS=621 w_ev=0.214 m_ev=0.985 m_v_bias=-0.6 m_adv_std=20.9671 m_kl_max=0.0187 m_ratio_max=1.041 w_ax@goal=+0.92 w_v@goal=15.38 return=990.7 length=81 success_rate=1.00 collisions/ep=0.48 (n=27)
update=105 global_step=215040 SPS=623 w_ev=0.264 m_ev=0.992 m_v_bias=-4.8 m_adv_std=14.7527 m_kl_max=0.0061 m_ratio_max=0.431 w_ax@goal=+0.88 w_v@goal=15.58 return=1002.9 length=82 success_rate=1.00 collisions/ep=0.27 (n=26)
Evaluation at update 105: return=1011.34, length=78.75, success_rate=1.00, collisions/ep=0.00
Solved-check at update 105: solved=False worst_gap=51.22 at p_x0=1.50 p_y0=-1.00 (consecutive=0)
update=106 global_step=217088 SPS=615 w_ev=0.192 m_ev=0.963 m_v_bias=12.9 m_adv_std=31.9075 m_kl_max=0.0185 m_ratio_max=1.143 w_ax@goal=+0.90 w_v@goal=15.56 return=975.7 length=80 success_rate=1.00 collisions/ep=0.84 (n=25)
update=107 global_step=219136 SPS=617 w_ev=0.177 m_ev=0.987 m_v_bias=-7.8 m_adv_std=19.2758 m_kl_max=0.0078 m_ratio_max=0.375 w_ax@goal=+0.94 w_v@goal=15.43 return=995.0 length=82 success_rate=1.00 collisions/ep=0.32 (n=25)
update=108 global_step=221184 SPS=620 w_ev=0.186 m_ev=0.970 m_v_bias=2.0 m_adv_std=30.2431 m_kl_max=0.0162 m_ratio_max=0.523 w_ax@goal=+0.94 w_v@goal=15.43 return=977.3 length=79 success_rate=1.00 collisions/ep=0.71 (n=24)
update=109 global_step=223232 SPS=623 w_ev=0.253 m_ev=0.978 m_v_bias=-3.7 m_adv_std=25.1106 m_kl_max=0.0171 m_ratio_max=0.807 w_ax@goal=+1.15 w_v@goal=15.50 return=980.4 length=80 success_rate=1.00 collisions/ep=0.62 (n=26)
update=110 global_step=225280 SPS=625 w_ev=0.200 m_ev=0.989 m_v_bias=1.6 m_adv_std=18.3205 m_kl_max=0.0098 m_ratio_max=0.722 w_ax@goal=+1.13 w_v@goal=15.57 return=988.7 length=79 success_rate=1.00 collisions/ep=0.52 (n=27)
Evaluation at update 110: return=1006.87, length=78.15, success_rate=1.00, collisions/ep=0.10
Solved-check at update 110: solved=False worst_gap=51.16 at p_x0=0.00 p_y0=-1.00 (consecutive=0)
update=111 global_step=227328 SPS=617 w_ev=0.245 m_ev=0.990 m_v_bias=-5.6 m_adv_std=16.8854 m_kl_max=0.0078 m_ratio_max=0.499 w_ax@goal=+1.14 w_v@goal=15.51 return=992.0 length=79 success_rate=1.00 collisions/ep=0.46 (n=26)
update=112 global_step=229376 SPS=620 w_ev=0.271 m_ev=0.989 m_v_bias=-2.3 m_adv_std=16.9244 m_kl_max=0.0075 m_ratio_max=0.490 w_ax@goal=+1.14 w_v@goal=15.40 return=999.6 length=80 success_rate=1.00 collisions/ep=0.28 (n=25)
update=113 global_step=231424 SPS=622 w_ev=0.271 m_ev=0.977 m_v_bias=7.2 m_adv_std=27.1845 m_kl_max=0.0135 m_ratio_max=0.587 w_ax@goal=+1.03 w_v@goal=15.69 return=979.1 length=80 success_rate=1.00 collisions/ep=0.65 (n=26)
update=114 global_step=233472 SPS=624 w_ev=0.259 m_ev=0.981 m_v_bias=0.8 m_adv_std=24.4746 m_kl_max=0.0105 m_ratio_max=0.432 w_ax@goal=+1.13 w_v@goal=15.35 return=988.6 length=81 success_rate=1.00 collisions/ep=0.50 (n=24)
update=115 global_step=235520 SPS=626 w_ev=0.231 m_ev=0.972 m_v_bias=-1.5 m_adv_std=28.4900 m_kl_max=0.0106 m_ratio_max=0.658 w_ax@goal=+1.12 w_v@goal=15.41 return=982.7 length=82 success_rate=1.00 collisions/ep=0.62 (n=24)
Evaluation at update 115: return=1006.75, length=78.40, success_rate=1.00, collisions/ep=0.10
Solved-check at update 115: solved=False worst_gap=51.34 at p_x0=0.00 p_y0=-1.00 (consecutive=0)
update=116 global_step=237568 SPS=619 w_ev=0.291 m_ev=0.970 m_v_bias=3.2 m_adv_std=30.7563 m_kl_max=0.0227 m_ratio_max=0.757 w_ax@goal=+1.03 w_v@goal=15.57 return=970.8 length=81 success_rate=1.00 collisions/ep=0.81 (n=26)
update=117 global_step=239616 SPS=621 w_ev=0.234 m_ev=0.993 m_v_bias=-8.9 m_adv_std=14.6569 m_kl_max=0.0487 m_ratio_max=1.658 w_ax@goal=+1.04 w_v@goal=15.49 return=1008.8 length=80 success_rate=1.00 collisions/ep=0.04 (n=26)
update=118 global_step=241664 SPS=623 w_ev=0.301 m_ev=0.991 m_v_bias=1.7 m_adv_std=16.5535 m_kl_max=0.0390 m_ratio_max=1.864 w_ax@goal=+1.21 w_v@goal=15.68 return=991.2 length=81 success_rate=1.00 collisions/ep=0.41 (n=27)
update=119 global_step=243712 SPS=626 w_ev=0.328 m_ev=0.989 m_v_bias=-2.3 m_adv_std=16.9883 m_kl_max=0.0588 m_ratio_max=2.810 w_ax@goal=+1.06 w_v@goal=15.86 return=987.4 length=79 success_rate=1.00 collisions/ep=0.56 (n=25)
update=120 global_step=245760 SPS=628 w_ev=0.294 m_ev=0.990 m_v_bias=-0.0 m_adv_std=16.8131 m_kl_max=0.0090 m_ratio_max=0.492 w_ax@goal=+0.97 w_v@goal=15.92 return=998.8 length=79 success_rate=1.00 collisions/ep=0.24 (n=25)
Evaluation at update 120: return=1011.56, length=78.60, success_rate=1.00, collisions/ep=0.00
Solved-check at update 120: solved=False worst_gap=51.16 at p_x0=1.00 p_y0=-1.00 (consecutive=0)
update=121 global_step=247808 SPS=621 w_ev=0.284 m_ev=0.971 m_v_bias=4.6 m_adv_std=29.0477 m_kl_max=0.0556 m_ratio_max=1.981 w_ax@goal=+1.13 w_v@goal=16.13 return=984.0 length=80 success_rate=1.00 collisions/ep=0.54 (n=26)
update=122 global_step=249856 SPS=623 w_ev=0.227 m_ev=0.952 m_v_bias=4.6 m_adv_std=37.7275 m_kl_max=0.0090 m_ratio_max=0.477 w_ax@goal=+1.07 w_v@goal=16.07 return=984.3 length=81 success_rate=1.00 collisions/ep=0.62 (n=26)
update=123 global_step=251904 SPS=625 w_ev=0.286 m_ev=0.993 m_v_bias=-5.8 m_adv_std=14.2158 m_kl_max=0.0168 m_ratio_max=1.096 w_ax@goal=+1.02 w_v@goal=16.14 return=1001.5 length=82 success_rate=1.00 collisions/ep=0.23 (n=26)
update=124 global_step=253952 SPS=627 w_ev=0.352 m_ev=0.995 m_v_bias=-0.4 m_adv_std=12.2387 m_kl_max=0.0439 m_ratio_max=0.895 w_ax@goal=+0.92 w_v@goal=16.49 return=999.2 length=82 success_rate=1.00 collisions/ep=0.24 (n=25)
update=125 global_step=256000 SPS=629 w_ev=0.350 m_ev=0.963 m_v_bias=5.0 m_adv_std=32.8501 m_kl_max=0.0150 m_ratio_max=0.773 w_ax@goal=+1.15 w_v@goal=16.35 return=986.1 length=82 success_rate=1.00 collisions/ep=0.54 (n=24)
Evaluation at update 125: return=1006.46, length=78.75, success_rate=1.00, collisions/ep=0.10
Solved-check at update 125: solved=False worst_gap=51.50 at p_x0=0.50 p_y0=-1.00 (consecutive=0)
update=126 global_step=258048 SPS=622 w_ev=0.355 m_ev=0.996 m_v_bias=-3.6 m_adv_std=10.0679 m_kl_max=0.0257 m_ratio_max=0.729 w_ax@goal=+1.06 w_v@goal=16.32 return=1004.9 length=79 success_rate=1.00 collisions/ep=0.15 (n=26)
update=127 global_step=260096 SPS=624 w_ev=0.374 m_ev=0.991 m_v_bias=2.8 m_adv_std=16.3322 m_kl_max=0.0225 m_ratio_max=0.758 w_ax@goal=+0.99 w_v@goal=16.36 return=992.7 length=82 success_rate=1.00 collisions/ep=0.44 (n=25)
update=128 global_step=262144 SPS=626 w_ev=0.350 m_ev=0.981 m_v_bias=2.9 m_adv_std=22.9254 m_kl_max=0.0440 m_ratio_max=1.415 w_ax@goal=+1.16 w_v@goal=16.57 return=981.7 length=82 success_rate=1.00 collisions/ep=0.71 (n=24)
update=129 global_step=264192 SPS=628 w_ev=0.382 m_ev=0.976 m_v_bias=-2.4 m_adv_std=25.8331 m_kl_max=0.0346 m_ratio_max=1.054 w_ax@goal=+1.11 w_v@goal=16.54 return=987.9 length=81 success_rate=1.00 collisions/ep=0.54 (n=26)
update=130 global_step=266240 SPS=630 w_ev=0.401 m_ev=0.981 m_v_bias=-0.1 m_adv_std=22.8486 m_kl_max=0.0118 m_ratio_max=0.645 w_ax@goal=+1.04 w_v@goal=16.62 return=996.4 length=81 success_rate=1.00 collisions/ep=0.46 (n=24)
Evaluation at update 130: return=1006.21, length=78.90, success_rate=1.00, collisions/ep=0.10
Solved-check at update 130: solved=False worst_gap=51.97 at p_x0=0.00 p_y0=-1.00 (consecutive=0)
update=131 global_step=268288 SPS=623 w_ev=0.351 m_ev=0.981 m_v_bias=-0.5 m_adv_std=23.6340 m_kl_max=0.0124 m_ratio_max=0.529 w_ax@goal=+0.96 w_v@goal=16.57 return=983.0 length=80 success_rate=1.00 collisions/ep=0.64 (n=25)
update=132 global_step=270336 SPS=625 w_ev=0.334 m_ev=0.984 m_v_bias=-3.5 m_adv_std=21.9631 m_kl_max=0.0081 m_ratio_max=0.442 w_ax@goal=+0.92 w_v@goal=16.43 return=992.6 length=81 success_rate=1.00 collisions/ep=0.50 (n=28)
update=133 global_step=272384 SPS=627 w_ev=0.292 m_ev=0.971 m_v_bias=-0.3 m_adv_std=29.6731 m_kl_max=0.0204 m_ratio_max=0.735 w_ax@goal=+1.09 w_v@goal=16.43 return=987.8 length=81 success_rate=1.00 collisions/ep=0.50 (n=24)
update=134 global_step=274432 SPS=629 w_ev=0.370 m_ev=0.974 m_v_bias=1.1 m_adv_std=28.6536 m_kl_max=0.0169 m_ratio_max=0.685 w_ax@goal=+1.15 w_v@goal=16.40 return=979.3 length=81 success_rate=1.00 collisions/ep=0.68 (n=25)
update=135 global_step=276480 SPS=631 w_ev=0.455 m_ev=0.977 m_v_bias=5.1 m_adv_std=26.4872 m_kl_max=0.0572 m_ratio_max=3.119 w_ax@goal=+1.02 w_v@goal=16.37 return=963.0 length=81 success_rate=1.00 collisions/ep=1.07 (n=27)
Evaluation at update 135: return=1006.38, length=78.75, success_rate=1.00, collisions/ep=0.10
Solved-check at update 135: solved=False worst_gap=51.58 at p_x0=0.50 p_y0=-1.00 (consecutive=0)
update=136 global_step=278528 SPS=625 w_ev=0.406 m_ev=0.986 m_v_bias=-5.9 m_adv_std=20.2032 m_kl_max=0.0102 m_ratio_max=0.907 w_ax@goal=+0.98 w_v@goal=16.42 return=984.3 length=81 success_rate=1.00 collisions/ep=0.54 (n=24)
update=137 global_step=280576 SPS=627 w_ev=0.396 m_ev=0.993 m_v_bias=-0.9 m_adv_std=14.2743 m_kl_max=0.0352 m_ratio_max=1.517 w_ax@goal=+0.99 w_v@goal=16.49 return=992.5 length=79 success_rate=1.00 collisions/ep=0.48 (n=27)
update=138 global_step=282624 SPS=629 w_ev=0.438 m_ev=0.993 m_v_bias=-7.3 m_adv_std=14.0900 m_kl_max=0.0115 m_ratio_max=0.526 w_ax@goal=+0.97 w_v@goal=16.71 return=1004.7 length=80 success_rate=1.00 collisions/ep=0.12 (n=25)
update=139 global_step=284672 SPS=631 w_ev=0.382 m_ev=0.985 m_v_bias=2.8 m_adv_std=20.8951 m_kl_max=0.0302 m_ratio_max=1.616 w_ax@goal=+1.05 w_v@goal=16.61 return=987.7 length=80 success_rate=1.00 collisions/ep=0.46 (n=26)
update=140 global_step=286720 SPS=633 w_ev=0.417 m_ev=0.993 m_v_bias=-1.1 m_adv_std=13.8879 m_kl_max=0.0116 m_ratio_max=0.865 w_ax@goal=+1.03 w_v@goal=16.74 return=1004.3 length=80 success_rate=1.00 collisions/ep=0.16 (n=25)
Evaluation at update 140: return=1006.33, length=78.80, success_rate=1.00, collisions/ep=0.10
Solved-check at update 140: solved=False worst_gap=51.64 at p_x0=0.50 p_y0=1.00 (consecutive=0)
update=141 global_step=288768 SPS=627 w_ev=0.367 m_ev=0.951 m_v_bias=10.7 m_adv_std=40.2784 m_kl_max=0.0081 m_ratio_max=0.526 w_ax@goal=+1.18 w_v@goal=16.71 return=969.1 length=82 success_rate=1.00 collisions/ep=0.96 (n=25)
update=142 global_step=290816 SPS=629 w_ev=0.356 m_ev=0.992 m_v_bias=-7.7 m_adv_std=15.0512 m_kl_max=0.0230 m_ratio_max=1.059 w_ax@goal=+1.05 w_v@goal=16.65 return=1000.8 length=80 success_rate=1.00 collisions/ep=0.25 (n=24)
update=143 global_step=292864 SPS=631 w_ev=0.334 m_ev=0.993 m_v_bias=1.2 m_adv_std=14.1191 m_kl_max=0.0196 m_ratio_max=0.604 w_ax@goal=+1.09 w_v@goal=16.50 return=996.1 length=80 success_rate=1.00 collisions/ep=0.34 (n=29)
update=144 global_step=294912 SPS=632 w_ev=0.350 m_ev=0.961 m_v_bias=1.3 m_adv_std=34.4447 m_kl_max=0.0120 m_ratio_max=0.589 w_ax@goal=+1.13 w_v@goal=16.71 return=987.3 length=79 success_rate=1.00 collisions/ep=0.56 (n=25)
update=145 global_step=296960 SPS=634 w_ev=0.339 m_ev=0.992 m_v_bias=-4.5 m_adv_std=15.2282 m_kl_max=0.0490 m_ratio_max=1.396 w_ax@goal=+1.07 w_v@goal=16.60 return=1003.3 length=80 success_rate=1.00 collisions/ep=0.21 (n=24)
Evaluation at update 145: return=1011.37, length=78.75, success_rate=1.00, collisions/ep=0.00
Solved-check at update 145: solved=False worst_gap=51.79 at p_x0=0.00 p_y0=1.00 (consecutive=0)
update=146 global_step=299008 SPS=628 w_ev=0.237 m_ev=0.990 m_v_bias=-0.4 m_adv_std=16.9751 m_kl_max=0.0243 m_ratio_max=0.606 w_ax@goal=+0.96 w_v@goal=16.48 return=1003.5 length=81 success_rate=1.00 collisions/ep=0.16 (n=25)
update=147 global_step=301056 SPS=630 w_ev=0.265 m_ev=0.994 m_v_bias=0.3 m_adv_std=12.8429 m_kl_max=0.0245 m_ratio_max=1.163 w_ax@goal=+1.02 w_v@goal=16.47 return=999.9 length=81 success_rate=1.00 collisions/ep=0.23 (n=26)
update=148 global_step=303104 SPS=631 w_ev=0.351 m_ev=0.985 m_v_bias=5.2 m_adv_std=21.2600 m_kl_max=0.0190 m_ratio_max=0.692 w_ax@goal=+0.89 w_v@goal=16.53 return=995.7 length=80 success_rate=1.00 collisions/ep=0.30 (n=27)
update=149 global_step=305152 SPS=633 w_ev=0.309 m_ev=0.986 m_v_bias=-0.0 m_adv_std=19.9722 m_kl_max=0.0111 m_ratio_max=0.590 w_ax@goal=+0.87 w_v@goal=16.67 return=997.0 length=80 success_rate=1.00 collisions/ep=0.36 (n=25)
update=150 global_step=307200 SPS=635 w_ev=0.351 m_ev=0.994 m_v_bias=-1.3 m_adv_std=13.3545 m_kl_max=0.0167 m_ratio_max=0.608 w_ax@goal=+0.87 w_v@goal=16.48 return=1004.9 length=82 success_rate=1.00 collisions/ep=0.20 (n=25)
Evaluation at update 150: return=1011.38, length=78.75, success_rate=1.00, collisions/ep=0.00
Solved-check at update 150: solved=False worst_gap=51.38 at p_x0=1.00 p_y0=-1.00 (consecutive=0)
update=151 global_step=309248 SPS=630 w_ev=0.315 m_ev=0.988 m_v_bias=1.0 m_adv_std=18.2779 m_kl_max=0.0312 m_ratio_max=1.201 w_ax@goal=+1.00 w_v@goal=16.61 return=999.0 length=82 success_rate=1.00 collisions/ep=0.33 (n=24)
update=152 global_step=311296 SPS=631 w_ev=0.370 m_ev=0.991 m_v_bias=1.0 m_adv_std=16.0522 m_kl_max=0.0157 m_ratio_max=0.840 w_ax@goal=+0.93 w_v@goal=16.50 return=995.2 length=80 success_rate=1.00 collisions/ep=0.40 (n=25)
update=153 global_step=313344 SPS=633 w_ev=0.380 m_ev=0.996 m_v_bias=0.1 m_adv_std=10.0525 m_kl_max=0.0200 m_ratio_max=0.713 w_ax@goal=+1.02 w_v@goal=16.62 return=1005.2 length=79 success_rate=1.00 collisions/ep=0.11 (n=27)
update=154 global_step=315392 SPS=635 w_ev=0.368 m_ev=0.993 m_v_bias=1.6 m_adv_std=14.7119 m_kl_max=0.0074 m_ratio_max=0.450 w_ax@goal=+1.03 w_v@goal=16.74 return=991.9 length=80 success_rate=1.00 collisions/ep=0.38 (n=26)
update=155 global_step=317440 SPS=637 w_ev=0.424 m_ev=0.997 m_v_bias=-1.4 m_adv_std=9.6676 m_kl_max=0.0250 m_ratio_max=0.709 w_ax@goal=+1.07 w_v@goal=16.69 return=1001.3 length=81 success_rate=1.00 collisions/ep=0.20 (n=25)
Evaluation at update 155: return=1011.66, length=78.55, success_rate=1.00, collisions/ep=0.00
Solved-check at update 155: solved=False worst_gap=51.06 at p_x0=1.00 p_y0=-1.00 (consecutive=0)
update=156 global_step=319488 SPS=631 w_ev=0.419 m_ev=0.997 m_v_bias=-1.8 m_adv_std=9.1404 m_kl_max=0.0224 m_ratio_max=0.669 w_ax@goal=+1.15 w_v@goal=16.80 return=1005.2 length=79 success_rate=1.00 collisions/ep=0.12 (n=26)
update=157 global_step=321536 SPS=633 w_ev=0.347 m_ev=0.985 m_v_bias=2.8 m_adv_std=20.9226 m_kl_max=0.0081 m_ratio_max=0.819 w_ax@goal=+1.15 w_v@goal=16.61 return=999.7 length=82 success_rate=1.00 collisions/ep=0.28 (n=25)
update=158 global_step=323584 SPS=635 w_ev=0.328 m_ev=0.998 m_v_bias=-2.5 m_adv_std=6.9194 m_kl_max=0.0231 m_ratio_max=0.749 w_ax@goal=+1.19 w_v@goal=16.34 return=1007.0 length=78 success_rate=1.00 collisions/ep=0.12 (n=25)
update=159 global_step=325632 SPS=637 w_ev=0.347 m_ev=0.992 m_v_bias=4.3 m_adv_std=15.3004 m_kl_max=0.0127 m_ratio_max=0.452 w_ax@goal=+1.11 w_v@goal=16.39 return=993.8 length=79 success_rate=1.00 collisions/ep=0.42 (n=26)
update=160 global_step=327680 SPS=638 w_ev=0.326 m_ev=0.992 m_v_bias=0.8 m_adv_std=14.9137 m_kl_max=0.0230 m_ratio_max=0.881 w_ax@goal=+1.00 w_v@goal=16.32 return=1003.8 length=80 success_rate=1.00 collisions/ep=0.15 (n=26)
Evaluation at update 160: return=1011.63, length=78.60, success_rate=1.00, collisions/ep=0.00
Solved-check at update 160: solved=False worst_gap=50.90 at p_x0=2.00 p_y0=-1.00 (consecutive=0)
update=161 global_step=329728 SPS=633 w_ev=0.322 m_ev=0.998 m_v_bias=-4.5 m_adv_std=6.9900 m_kl_max=0.0159 m_ratio_max=0.630 w_ax@goal=+0.97 w_v@goal=16.41 return=1007.3 length=80 success_rate=1.00 collisions/ep=0.08 (n=26)
update=162 global_step=331776 SPS=635 w_ev=0.363 m_ev=0.969 m_v_bias=6.4 m_adv_std=28.8201 m_kl_max=0.0231 m_ratio_max=0.817 w_ax@goal=+0.92 w_v@goal=16.53 return=991.0 length=80 success_rate=1.00 collisions/ep=0.48 (n=25)
update=163 global_step=333824 SPS=637 w_ev=0.347 m_ev=0.995 m_v_bias=-1.3 m_adv_std=12.4024 m_kl_max=0.0083 m_ratio_max=0.457 w_ax@goal=+0.92 w_v@goal=16.63 return=1003.3 length=81 success_rate=1.00 collisions/ep=0.16 (n=25)
update=164 global_step=335872 SPS=638 w_ev=0.351 m_ev=0.991 m_v_bias=-1.0 m_adv_std=15.9326 m_kl_max=0.0188 m_ratio_max=1.024 w_ax@goal=+0.92 w_v@goal=16.53 return=1005.3 length=80 success_rate=1.00 collisions/ep=0.12 (n=25)
update=165 global_step=337920 SPS=640 w_ev=0.230 m_ev=0.992 m_v_bias=1.6 m_adv_std=14.4122 m_kl_max=0.0154 m_ratio_max=0.920 w_ax@goal=+0.91 w_v@goal=16.23 return=997.9 length=82 success_rate=1.00 collisions/ep=0.31 (n=26)
Evaluation at update 165: return=1011.26, length=78.80, success_rate=1.00, collisions/ep=0.00
Solved-check at update 165: solved=False worst_gap=101.91 at p_x0=0.00 p_y0=1.00 (consecutive=0)
update=166 global_step=339968 SPS=635 w_ev=0.344 m_ev=0.997 m_v_bias=-0.4 m_adv_std=8.4113 m_kl_max=0.0301 m_ratio_max=1.848 w_ax@goal=+0.88 w_v@goal=16.60 return=1006.7 length=80 success_rate=1.00 collisions/ep=0.08 (n=26)
update=167 global_step=342016 SPS=637 w_ev=0.358 m_ev=0.998 m_v_bias=-1.8 m_adv_std=6.6901 m_kl_max=0.0175 m_ratio_max=0.686 w_ax@goal=+1.01 w_v@goal=16.34 return=1009.4 length=81 success_rate=1.00 collisions/ep=0.04 (n=26)
update=168 global_step=344064 SPS=638 w_ev=0.352 m_ev=0.991 m_v_bias=3.7 m_adv_std=16.3879 m_kl_max=0.0319 m_ratio_max=1.148 w_ax@goal=+0.97 w_v@goal=16.37 return=999.5 length=81 success_rate=1.00 collisions/ep=0.24 (n=25)
update=169 global_step=346112 SPS=640 w_ev=0.407 m_ev=0.992 m_v_bias=0.1 m_adv_std=14.7419 m_kl_max=0.0135 m_ratio_max=1.262 w_ax@goal=+1.08 w_v@goal=16.48 return=1003.8 length=80 success_rate=1.00 collisions/ep=0.19 (n=26)
update=170 global_step=348160 SPS=642 w_ev=0.320 m_ev=0.996 m_v_bias=-1.2 m_adv_std=10.2419 m_kl_max=0.0210 m_ratio_max=0.788 w_ax@goal=+1.04 w_v@goal=16.35 return=1005.5 length=80 success_rate=1.00 collisions/ep=0.16 (n=25)
Evaluation at update 170: return=1011.55, length=78.60, success_rate=1.00, collisions/ep=0.00
Solved-check at update 170: solved=False worst_gap=50.98 at p_x0=2.00 p_y0=-1.00 (consecutive=0)
update=171 global_step=350208 SPS=636 w_ev=0.363 m_ev=0.998 m_v_bias=-1.5 m_adv_std=7.4612 m_kl_max=0.0126 m_ratio_max=0.746 w_ax@goal=+1.15 w_v@goal=16.35 return=1009.5 length=81 success_rate=1.00 collisions/ep=0.04 (n=25)
update=172 global_step=352256 SPS=637 w_ev=0.376 m_ev=0.997 m_v_bias=1.0 m_adv_std=9.0365 m_kl_max=0.0140 m_ratio_max=0.599 w_ax@goal=+1.03 w_v@goal=16.39 return=1004.8 length=80 success_rate=1.00 collisions/ep=0.12 (n=24)
update=173 global_step=354304 SPS=639 w_ev=0.384 m_ev=0.996 m_v_bias=3.9 m_adv_std=10.0737 m_kl_max=0.0766 m_ratio_max=4.174 w_ax@goal=+0.93 w_v@goal=16.43 return=1004.1 length=80 success_rate=1.00 collisions/ep=0.19 (n=27)
update=174 global_step=356352 SPS=640 w_ev=0.326 m_ev=0.987 m_v_bias=1.6 m_adv_std=19.6956 m_kl_max=0.0179 m_ratio_max=0.713 w_ax@goal=+0.97 w_v@goal=16.44 return=1001.6 length=81 success_rate=1.00 collisions/ep=0.23 (n=26)
update=175 global_step=358400 SPS=642 w_ev=0.364 m_ev=0.987 m_v_bias=1.0 m_adv_std=19.0709 m_kl_max=0.0125 m_ratio_max=0.965 w_ax@goal=+0.95 w_v@goal=16.31 return=994.9 length=81 success_rate=1.00 collisions/ep=0.42 (n=24)
Evaluation at update 175: return=1011.39, length=78.75, success_rate=1.00, collisions/ep=0.00
Solved-check at update 175: solved=False worst_gap=51.36 at p_x0=1.00 p_y0=-1.00 (consecutive=0)
update=176 global_step=360448 SPS=637 w_ev=0.368 m_ev=0.997 m_v_bias=-3.9 m_adv_std=8.5468 m_kl_max=0.0191 m_ratio_max=0.629 w_ax@goal=+1.02 w_v@goal=16.40 return=1005.8 length=81 success_rate=1.00 collisions/ep=0.15 (n=26)
update=177 global_step=362496 SPS=639 w_ev=0.402 m_ev=0.997 m_v_bias=-1.3 m_adv_std=9.3154 m_kl_max=0.0182 m_ratio_max=0.874 w_ax@goal=+0.98 w_v@goal=16.21 return=1001.4 length=80 success_rate=1.00 collisions/ep=0.20 (n=25)
update=178 global_step=364544 SPS=640 w_ev=0.352 m_ev=0.988 m_v_bias=2.1 m_adv_std=18.4149 m_kl_max=0.0073 m_ratio_max=0.442 w_ax@goal=+0.96 w_v@goal=16.27 return=1007.5 length=80 success_rate=1.00 collisions/ep=0.08 (n=26)
update=179 global_step=366592 SPS=642 w_ev=0.370 m_ev=0.996 m_v_bias=-1.6 m_adv_std=10.2240 m_kl_max=0.0154 m_ratio_max=0.917 w_ax@goal=+0.89 w_v@goal=15.94 return=993.4 length=81 success_rate=1.00 collisions/ep=0.40 (n=25)
update=180 global_step=368640 SPS=643 w_ev=0.393 m_ev=0.997 m_v_bias=-3.4 m_adv_std=9.2199 m_kl_max=0.0164 m_ratio_max=0.740 w_ax@goal=+0.94 w_v@goal=16.14 return=1011.2 length=82 success_rate=1.00 collisions/ep=0.00 (n=25)
Evaluation at update 180: return=1011.28, length=78.80, success_rate=1.00, collisions/ep=0.00
Solved-check at update 180: solved=False worst_gap=51.69 at p_x0=0.50 p_y0=-1.00 (consecutive=0)
update=181 global_step=370688 SPS=639 w_ev=0.360 m_ev=0.995 m_v_bias=1.0 m_adv_std=11.8560 m_kl_max=0.0150 m_ratio_max=0.788 w_ax@goal=+0.91 w_v@goal=16.28 return=995.0 length=80 success_rate=1.00 collisions/ep=0.32 (n=25)
update=182 global_step=372736 SPS=640 w_ev=0.402 m_ev=0.996 m_v_bias=0.0 m_adv_std=10.4442 m_kl_max=0.0072 m_ratio_max=0.458 w_ax@goal=+0.94 w_v@goal=16.41 return=999.1 length=79 success_rate=1.00 collisions/ep=0.23 (n=26)
update=183 global_step=374784 SPS=642 w_ev=0.408 m_ev=0.986 m_v_bias=4.5 m_adv_std=20.9523 m_kl_max=0.0142 m_ratio_max=0.666 w_ax@goal=+0.87 w_v@goal=16.73 return=982.0 length=81 success_rate=1.00 collisions/ep=0.62 (n=26)
update=184 global_step=376832 SPS=643 w_ev=0.429 m_ev=0.979 m_v_bias=3.6 m_adv_std=25.9753 m_kl_max=0.0151 m_ratio_max=0.690 w_ax@goal=+0.82 w_v@goal=16.41 return=985.4 length=80 success_rate=1.00 collisions/ep=0.50 (n=24)
update=185 global_step=378880 SPS=645 w_ev=0.407 m_ev=0.991 m_v_bias=-5.9 m_adv_std=15.9765 m_kl_max=0.0212 m_ratio_max=0.606 w_ax@goal=+0.87 w_v@goal=16.21 return=999.3 length=82 success_rate=1.00 collisions/ep=0.27 (n=26)
Evaluation at update 185: return=1010.75, length=79.20, success_rate=1.00, collisions/ep=0.00
Solved-check at update 185: solved=False worst_gap=52.30 at p_x0=0.00 p_y0=-1.00 (consecutive=0)
update=186 global_step=380928 SPS=640 w_ev=0.285 m_ev=0.993 m_v_bias=-1.3 m_adv_std=13.7569 m_kl_max=0.0387 m_ratio_max=2.200 w_ax@goal=+0.83 w_v@goal=15.94 return=998.7 length=81 success_rate=1.00 collisions/ep=0.28 (n=25)
update=187 global_step=382976 SPS=642 w_ev=0.249 m_ev=0.988 m_v_bias=2.5 m_adv_std=18.3997 m_kl_max=0.0118 m_ratio_max=0.510 w_ax@goal=+0.88 w_v@goal=15.95 return=998.6 length=83 success_rate=1.00 collisions/ep=0.28 (n=25)
update=188 global_step=385024 SPS=643 w_ev=0.335 m_ev=0.983 m_v_bias=-1.0 m_adv_std=22.6862 m_kl_max=0.0117 m_ratio_max=0.536 w_ax@goal=+1.01 w_v@goal=15.77 return=997.8 length=81 success_rate=1.00 collisions/ep=0.26 (n=27)
update=189 global_step=387072 SPS=645 w_ev=0.363 m_ev=0.987 m_v_bias=-4.3 m_adv_std=18.7630 m_kl_max=0.0301 m_ratio_max=0.843 w_ax@goal=+0.94 w_v@goal=15.93 return=1010.7 length=81 success_rate=1.00 collisions/ep=0.00 (n=24)
update=190 global_step=389120 SPS=646 w_ev=0.456 m_ev=0.986 m_v_bias=3.0 m_adv_std=20.1930 m_kl_max=0.0140 m_ratio_max=1.365 w_ax@goal=+0.90 w_v@goal=16.34 return=991.3 length=80 success_rate=1.00 collisions/ep=0.38 (n=26)
Evaluation at update 190: return=1011.04, length=79.10, success_rate=1.00, collisions/ep=0.00
Solved-check at update 190: solved=False worst_gap=51.59 at p_x0=1.50 p_y0=-1.00 (consecutive=0)
update=191 global_step=391168 SPS=642 w_ev=0.369 m_ev=0.984 m_v_bias=3.9 m_adv_std=21.5173 m_kl_max=0.0232 m_ratio_max=0.803 w_ax@goal=+0.92 w_v@goal=16.48 return=995.1 length=81 success_rate=1.00 collisions/ep=0.31 (n=26)
update=192 global_step=393216 SPS=643 w_ev=0.400 m_ev=0.984 m_v_bias=-0.6 m_adv_std=21.2359 m_kl_max=0.0195 m_ratio_max=0.819 w_ax@goal=+0.91 w_v@goal=16.31 return=996.1 length=80 success_rate=1.00 collisions/ep=0.33 (n=24)
update=193 global_step=395264 SPS=644 w_ev=0.359 m_ev=0.996 m_v_bias=1.5 m_adv_std=10.1117 m_kl_max=0.0164 m_ratio_max=0.633 w_ax@goal=+0.89 w_v@goal=16.25 return=1005.1 length=81 success_rate=1.00 collisions/ep=0.12 (n=26)
update=194 global_step=397312 SPS=646 w_ev=0.312 m_ev=0.997 m_v_bias=-1.6 m_adv_std=8.3377 m_kl_max=0.0152 m_ratio_max=1.112 w_ax@goal=+0.92 w_v@goal=16.02 return=1009.4 length=82 success_rate=1.00 collisions/ep=0.04 (n=26)
update=195 global_step=399360 SPS=647 w_ev=0.300 m_ev=0.997 m_v_bias=-0.9 m_adv_std=9.2562 m_kl_max=0.0178 m_ratio_max=0.602 w_ax@goal=+1.03 w_v@goal=16.00 return=1006.6 length=80 success_rate=1.00 collisions/ep=0.08 (n=25)
Evaluation at update 195: return=1011.46, length=78.75, success_rate=1.00, collisions/ep=0.00
Solved-check at update 195: solved=False worst_gap=51.10 at p_x0=1.50 p_y0=-1.00 (consecutive=0)
update=196 global_step=401408 SPS=642 w_ev=0.360 m_ev=0.999 m_v_bias=-1.4 m_adv_std=5.7041 m_kl_max=0.0269 m_ratio_max=1.059 w_ax@goal=+1.07 w_v@goal=16.00 return=1007.6 length=80 success_rate=1.00 collisions/ep=0.07 (n=27)
update=197 global_step=403456 SPS=644 w_ev=0.399 m_ev=0.988 m_v_bias=0.1 m_adv_std=18.3899 m_kl_max=0.0257 m_ratio_max=0.626 w_ax@goal=+1.13 w_v@goal=16.37 return=1005.1 length=80 success_rate=1.00 collisions/ep=0.12 (n=24)
update=198 global_step=405504 SPS=645 w_ev=0.325 m_ev=0.982 m_v_bias=2.2 m_adv_std=23.4149 m_kl_max=0.0326 m_ratio_max=1.383 w_ax@goal=+1.05 w_v@goal=16.28 return=984.5 length=80 success_rate=1.00 collisions/ep=0.54 (n=26)
update=199 global_step=407552 SPS=646 w_ev=0.279 m_ev=0.991 m_v_bias=-1.4 m_adv_std=15.8400 m_kl_max=0.0122 m_ratio_max=0.545 w_ax@goal=+1.10 w_v@goal=16.08 return=1005.3 length=81 success_rate=1.00 collisions/ep=0.12 (n=25)
update=200 global_step=409600 SPS=648 w_ev=0.313 m_ev=0.998 m_v_bias=-2.4 m_adv_std=7.0751 m_kl_max=0.0289 m_ratio_max=0.825 w_ax@goal=+1.11 w_v@goal=16.07 return=1003.4 length=80 success_rate=1.00 collisions/ep=0.15 (n=26)
Evaluation at update 200: return=1011.66, length=78.55, success_rate=1.00, collisions/ep=0.00
Solved-check at update 200: solved=False worst_gap=50.85 at p_x0=2.00 p_y0=-1.00 (consecutive=0)
update=201 global_step=411648 SPS=643 w_ev=0.325 m_ev=0.999 m_v_bias=-1.4 m_adv_std=6.0241 m_kl_max=0.0250 m_ratio_max=0.592 w_ax@goal=+1.06 w_v@goal=16.04 return=1011.7 length=79 success_rate=1.00 collisions/ep=0.00 (n=25)
update=202 global_step=413696 SPS=645 w_ev=0.329 m_ev=0.997 m_v_bias=1.9 m_adv_std=9.0543 m_kl_max=0.0366 m_ratio_max=1.557 w_ax@goal=+1.08 w_v@goal=16.23 return=1007.9 length=81 success_rate=1.00 collisions/ep=0.08 (n=25)
update=203 global_step=415744 SPS=646 w_ev=0.381 m_ev=0.997 m_v_bias=-1.2 m_adv_std=9.1221 m_kl_max=0.0290 m_ratio_max=2.131 w_ax@goal=+1.08 w_v@goal=16.20 return=1005.1 length=79 success_rate=1.00 collisions/ep=0.12 (n=25)
update=204 global_step=417792 SPS=647 w_ev=0.415 m_ev=0.996 m_v_bias=0.6 m_adv_std=10.4378 m_kl_max=0.0126 m_ratio_max=0.707 w_ax@goal=+1.04 w_v@goal=16.47 return=1001.0 length=82 success_rate=1.00 collisions/ep=0.25 (n=24)
update=205 global_step=419840 SPS=649 w_ev=0.322 m_ev=0.960 m_v_bias=2.9 m_adv_std=34.8350 m_kl_max=0.0140 m_ratio_max=0.481 w_ax@goal=+1.01 w_v@goal=16.31 return=1007.5 length=80 success_rate=1.00 collisions/ep=0.07 (n=27)
Evaluation at update 205: return=1011.42, length=78.75, success_rate=1.00, collisions/ep=0.00
Solved-check at update 205: solved=False worst_gap=51.74 at p_x0=0.00 p_y0=1.00 (consecutive=0)
update=206 global_step=421888 SPS=645 w_ev=0.323 m_ev=0.984 m_v_bias=-0.9 m_adv_std=21.2483 m_kl_max=0.0180 m_ratio_max=0.968 w_ax@goal=+0.99 w_v@goal=16.00 return=986.5 length=81 success_rate=1.00 collisions/ep=0.50 (n=26)
update=207 global_step=423936 SPS=646 w_ev=0.371 m_ev=0.996 m_v_bias=-2.7 m_adv_std=10.5835 m_kl_max=0.0427 m_ratio_max=0.991 w_ax@goal=+1.13 w_v@goal=16.34 return=1007.5 length=81 success_rate=1.00 collisions/ep=0.08 (n=25)
update=208 global_step=425984 SPS=647 w_ev=0.366 m_ev=0.995 m_v_bias=2.0 m_adv_std=12.0582 m_kl_max=0.0308 m_ratio_max=0.897 w_ax@goal=+1.17 w_v@goal=16.51 return=1001.8 length=80 success_rate=1.00 collisions/ep=0.19 (n=26)
update=209 global_step=428032 SPS=648 w_ev=0.351 m_ev=0.994 m_v_bias=0.2 m_adv_std=12.5275 m_kl_max=0.0484 m_ratio_max=2.860 w_ax@goal=+1.11 w_v@goal=16.45 return=1002.0 length=80 success_rate=1.00 collisions/ep=0.20 (n=25)
update=210 global_step=430080 SPS=649 w_ev=0.294 m_ev=0.997 m_v_bias=0.4 m_adv_std=9.0638 m_kl_max=0.0147 m_ratio_max=0.760 w_ax@goal=+1.09 w_v@goal=16.29 return=1006.0 length=80 success_rate=1.00 collisions/ep=0.15 (n=26)
Evaluation at update 210: return=1011.60, length=78.60, success_rate=1.00, collisions/ep=0.00
Solved-check at update 210: solved=False worst_gap=50.93 at p_x0=2.00 p_y0=-1.00 (consecutive=0)
update=211 global_step=432128 SPS=645 w_ev=0.339 m_ev=0.995 m_v_bias=1.5 m_adv_std=11.9315 m_kl_max=0.0301 m_ratio_max=1.155 w_ax@goal=+1.14 w_v@goal=16.27 return=997.8 length=82 success_rate=1.00 collisions/ep=0.28 (n=25)
update=212 global_step=434176 SPS=646 w_ev=0.353 m_ev=0.997 m_v_bias=0.8 m_adv_std=9.8319 m_kl_max=0.0182 m_ratio_max=0.675 w_ax@goal=+1.05 w_v@goal=16.39 return=1008.3 length=81 success_rate=1.00 collisions/ep=0.08 (n=26)
update=213 global_step=436224 SPS=648 w_ev=0.333 m_ev=0.994 m_v_bias=-0.1 m_adv_std=12.7068 m_kl_max=0.0299 m_ratio_max=1.231 w_ax@goal=+1.11 w_v@goal=16.39 return=1005.3 length=80 success_rate=1.00 collisions/ep=0.12 (n=25)
update=214 global_step=438272 SPS=649 w_ev=0.337 m_ev=0.997 m_v_bias=-0.4 m_adv_std=9.2753 m_kl_max=0.0236 m_ratio_max=1.382 w_ax@goal=+1.01 w_v@goal=16.25 return=1003.4 length=81 success_rate=1.00 collisions/ep=0.16 (n=25)
update=215 global_step=440320 SPS=650 w_ev=0.383 m_ev=0.998 m_v_bias=-0.8 m_adv_std=6.4578 m_kl_max=0.0201 m_ratio_max=0.624 w_ax@goal=+1.12 w_v@goal=16.48 return=1009.2 length=81 success_rate=1.00 collisions/ep=0.04 (n=25)
Evaluation at update 215: return=1011.51, length=78.70, success_rate=1.00, collisions/ep=0.00
Solved-check at update 215: solved=True worst_gap=1.64 at p_x0=0.00 p_y0=1.00 (consecutive=0)
update=216 global_step=442368 SPS=646 w_ev=0.318 m_ev=0.980 m_v_bias=4.9 m_adv_std=24.1818 m_kl_max=0.0140 m_ratio_max=0.574 w_ax@goal=+1.08 w_v@goal=16.47 return=995.1 length=80 success_rate=1.00 collisions/ep=0.37 (n=27)
update=217 global_step=444416 SPS=647 w_ev=0.315 m_ev=0.992 m_v_bias=-2.3 m_adv_std=14.9803 m_kl_max=0.0156 m_ratio_max=0.484 w_ax@goal=+1.07 w_v@goal=16.29 return=1003.2 length=81 success_rate=1.00 collisions/ep=0.17 (n=24)
update=218 global_step=446464 SPS=648 w_ev=0.356 m_ev=0.996 m_v_bias=-0.2 m_adv_std=10.7116 m_kl_max=0.0122 m_ratio_max=0.711 w_ax@goal=+1.09 w_v@goal=16.20 return=1005.9 length=80 success_rate=1.00 collisions/ep=0.12 (n=26)
update=219 global_step=448512 SPS=649 w_ev=0.341 m_ev=0.995 m_v_bias=-0.9 m_adv_std=11.9469 m_kl_max=0.0269 m_ratio_max=0.902 w_ax@goal=+1.18 w_v@goal=16.48 return=1000.9 length=80 success_rate=1.00 collisions/ep=0.20 (n=25)
update=220 global_step=450560 SPS=650 w_ev=0.318 m_ev=0.999 m_v_bias=-3.0 m_adv_std=6.3284 m_kl_max=0.0283 m_ratio_max=0.832 w_ax@goal=+1.19 w_v@goal=16.53 return=1005.7 length=79 success_rate=1.00 collisions/ep=0.11 (n=27)
Evaluation at update 220: return=1011.63, length=78.60, success_rate=1.00, collisions/ep=0.00
Solved-check at update 220: solved=True worst_gap=1.50 at p_x0=0.00 p_y0=0.00 (consecutive=1)
Solved criterion held for 2 consecutive evals (tolerance=5.0) at global_step=450560.
update=221 global_step=452608 SPS=647 w_ev=0.356 m_ev=0.999 m_v_bias=-0.1 m_adv_std=4.2727 m_kl_max=0.0178 m_ratio_max=0.716 w_ax@goal=+1.14 w_v@goal=16.50 return=1011.3 length=79 success_rate=1.00 collisions/ep=0.00 (n=25)
update=222 global_step=454656 SPS=648 w_ev=0.307 m_ev=0.999 m_v_bias=0.4 m_adv_std=5.3710 m_kl_max=0.0171 m_ratio_max=0.564 w_ax@goal=+1.27 w_v@goal=16.60 return=1009.5 length=81 success_rate=1.00 collisions/ep=0.04 (n=25)
update=223 global_step=456704 SPS=649 w_ev=0.327 m_ev=0.997 m_v_bias=0.4 m_adv_std=9.0073 m_kl_max=0.0166 m_ratio_max=0.878 w_ax@goal=+1.24 w_v@goal=16.46 return=1003.7 length=80 success_rate=1.00 collisions/ep=0.16 (n=25)
update=224 global_step=458752 SPS=650 w_ev=0.320 m_ev=0.998 m_v_bias=-1.2 m_adv_std=8.0105 m_kl_max=0.0250 m_ratio_max=0.724 w_ax@goal=+1.23 w_v@goal=16.42 return=1008.1 length=79 success_rate=1.00 collisions/ep=0.07 (n=27)
update=225 global_step=460800 SPS=651 w_ev=0.298 m_ev=0.997 m_v_bias=-0.5 m_adv_std=9.3174 m_kl_max=0.0163 m_ratio_max=1.113 w_ax@goal=+1.15 w_v@goal=16.59 return=1004.2 length=80 success_rate=1.00 collisions/ep=0.15 (n=27)
Evaluation at update 225: return=1011.72, length=78.50, success_rate=1.00, collisions/ep=0.00
Solved-check at update 225: solved=True worst_gap=1.39 at p_x0=0.00 p_y0=1.00 (consecutive=2)
update=226 global_step=462848 SPS=648 w_ev=0.286 m_ev=0.997 m_v_bias=0.2 m_adv_std=9.4843 m_kl_max=0.0101 m_ratio_max=0.607 w_ax@goal=+1.18 w_v@goal=16.44 return=1005.4 length=80 success_rate=1.00 collisions/ep=0.12 (n=24)
update=227 global_step=464896 SPS=649 w_ev=0.199 m_ev=0.998 m_v_bias=-1.0 m_adv_std=7.3413 m_kl_max=0.0102 m_ratio_max=0.529 w_ax@goal=+1.28 w_v@goal=16.14 return=1008.4 length=80 success_rate=1.00 collisions/ep=0.08 (n=26)
update=228 global_step=466944 SPS=650 w_ev=0.217 m_ev=0.999 m_v_bias=-2.5 m_adv_std=4.8946 m_kl_max=0.0072 m_ratio_max=0.441 w_ax@goal=+1.07 w_v@goal=16.33 return=1010.3 length=81 success_rate=1.00 collisions/ep=0.04 (n=24)
update=229 global_step=468992 SPS=651 w_ev=0.270 m_ev=0.999 m_v_bias=0.0 m_adv_std=6.3247 m_kl_max=0.0094 m_ratio_max=0.575 w_ax@goal=+1.27 w_v@goal=16.30 return=1010.2 length=79 success_rate=1.00 collisions/ep=0.04 (n=27)
update=230 global_step=471040 SPS=652 w_ev=0.306 m_ev=0.980 m_v_bias=2.7 m_adv_std=23.9596 m_kl_max=0.0096 m_ratio_max=0.503 w_ax@goal=+1.18 w_v@goal=16.69 return=998.7 length=80 success_rate=1.00 collisions/ep=0.27 (n=26)
Evaluation at update 230: return=1011.93, length=78.15, success_rate=1.00, collisions/ep=0.00
Solved-check at update 230: solved=True worst_gap=1.12 at p_x0=0.00 p_y0=1.00 (consecutive=3)
update=231 global_step=473088 SPS=648 w_ev=0.230 m_ev=0.993 m_v_bias=1.5 m_adv_std=13.5552 m_kl_max=0.0362 m_ratio_max=1.720 w_ax@goal=+1.26 w_v@goal=16.50 return=999.9 length=80 success_rate=1.00 collisions/ep=0.24 (n=25)
update=232 global_step=475136 SPS=650 w_ev=0.300 m_ev=0.999 m_v_bias=-2.1 m_adv_std=6.3770 m_kl_max=0.0163 m_ratio_max=0.794 w_ax@goal=+1.21 w_v@goal=16.23 return=1010.0 length=79 success_rate=1.00 collisions/ep=0.04 (n=27)
update=233 global_step=477184 SPS=651 w_ev=0.352 m_ev=0.998 m_v_bias=-1.1 m_adv_std=6.3924 m_kl_max=0.0149 m_ratio_max=0.682 w_ax@goal=+1.15 w_v@goal=16.31 return=1010.2 length=80 success_rate=1.00 collisions/ep=0.04 (n=25)
update=234 global_step=479232 SPS=652 w_ev=0.402 m_ev=0.996 m_v_bias=1.4 m_adv_std=10.0504 m_kl_max=0.0379 m_ratio_max=2.176 w_ax@goal=+1.27 w_v@goal=16.51 return=1004.2 length=79 success_rate=1.00 collisions/ep=0.15 (n=26)
update=235 global_step=481280 SPS=653 w_ev=0.358 m_ev=0.998 m_v_bias=-3.2 m_adv_std=6.4988 m_kl_max=0.0218 m_ratio_max=1.159 w_ax@goal=+1.19 w_v@goal=16.55 return=1008.5 length=81 success_rate=1.00 collisions/ep=0.08 (n=26)
Evaluation at update 235: return=1011.99, length=78.15, success_rate=1.00, collisions/ep=0.00
Solved-check at update 235: solved=True worst_gap=1.05 at p_x0=0.00 p_y0=1.00 (consecutive=4)
update=236 global_step=483328 SPS=649 w_ev=0.358 m_ev=0.996 m_v_bias=0.2 m_adv_std=10.1613 m_kl_max=0.0083 m_ratio_max=0.476 w_ax@goal=+1.24 w_v@goal=16.33 return=1008.2 length=82 success_rate=1.00 collisions/ep=0.08 (n=24)
update=237 global_step=485376 SPS=650 w_ev=0.201 m_ev=0.998 m_v_bias=-0.9 m_adv_std=7.5242 m_kl_max=0.0199 m_ratio_max=0.602 w_ax@goal=+1.16 w_v@goal=16.61 return=1008.2 length=80 success_rate=1.00 collisions/ep=0.08 (n=26)
update=238 global_step=487424 SPS=651 w_ev=0.310 m_ev=0.996 m_v_bias=0.8 m_adv_std=10.4245 m_kl_max=0.0083 m_ratio_max=0.365 w_ax@goal=+1.21 w_v@goal=16.22 return=1010.0 length=79 success_rate=1.00 collisions/ep=0.04 (n=25)
update=239 global_step=489472 SPS=652 w_ev=0.361 m_ev=0.992 m_v_bias=0.0 m_adv_std=15.1507 m_kl_max=0.0132 m_ratio_max=0.853 w_ax@goal=+1.20 w_v@goal=16.37 return=999.2 length=80 success_rate=1.00 collisions/ep=0.26 (n=27)
update=240 global_step=491520 SPS=654 w_ev=0.346 m_ev=0.998 m_v_bias=-5.9 m_adv_std=6.8254 m_kl_max=0.0290 m_ratio_max=0.771 w_ax@goal=+1.26 w_v@goal=16.27 return=1010.1 length=79 success_rate=1.00 collisions/ep=0.04 (n=26)
Evaluation at update 240: return=1012.06, length=78.05, success_rate=1.00, collisions/ep=0.00
Solved-check at update 240: solved=True worst_gap=0.97 at p_x0=0.50 p_y0=1.00 (consecutive=5)
update=241 global_step=493568 SPS=650 w_ev=0.361 m_ev=0.996 m_v_bias=1.0 m_adv_std=10.3392 m_kl_max=0.0149 m_ratio_max=0.737 w_ax@goal=+1.24 w_v@goal=16.11 return=1004.4 length=79 success_rate=1.00 collisions/ep=0.16 (n=25)
update=242 global_step=495616 SPS=651 w_ev=0.231 m_ev=0.997 m_v_bias=-0.4 m_adv_std=9.5113 m_kl_max=0.0155 m_ratio_max=0.539 w_ax@goal=+1.18 w_v@goal=15.80 return=1006.2 length=78 success_rate=1.00 collisions/ep=0.11 (n=27)
update=243 global_step=497664 SPS=652 w_ev=0.332 m_ev=0.997 m_v_bias=-1.5 m_adv_std=9.1034 m_kl_max=0.0251 m_ratio_max=0.692 w_ax@goal=+1.17 w_v@goal=16.06 return=1009.9 length=78 success_rate=1.00 collisions/ep=0.04 (n=27)
update=244 global_step=499712 SPS=653 w_ev=0.157 m_ev=0.998 m_v_bias=-1.0 m_adv_std=7.3533 m_kl_max=0.0109 m_ratio_max=0.504 w_ax@goal=+1.24 w_v@goal=16.30 return=1006.0 length=80 success_rate=1.00 collisions/ep=0.21 (n=24)
update=245 global_step=501760 SPS=654 w_ev=0.229 m_ev=0.999 m_v_bias=-2.0 m_adv_std=3.9826 m_kl_max=0.0135 m_ratio_max=1.084 w_ax@goal=+1.33 w_v@goal=15.88 return=1012.0 length=78 success_rate=1.00 collisions/ep=0.00 (n=25)
Evaluation at update 245: return=1012.33, length=77.75, success_rate=1.00, collisions/ep=0.00
Solved-check at update 245: solved=False worst_gap=400.03 at p_x0=2.00 p_y0=-1.00 (consecutive=6)
update=246 global_step=503808 SPS=651 w_ev=0.243 m_ev=0.999 m_v_bias=0.2 m_adv_std=5.9112 m_kl_max=0.0064 m_ratio_max=0.474 w_ax@goal=+1.27 w_v@goal=15.69 return=1012.4 length=79 success_rate=1.00 collisions/ep=0.04 (n=27)
update=247 global_step=505856 SPS=652 w_ev=0.243 m_ev=0.998 m_v_bias=0.7 m_adv_std=8.1076 m_kl_max=0.0250 m_ratio_max=1.055 w_ax@goal=+1.36 w_v@goal=15.49 return=1006.8 length=79 success_rate=1.00 collisions/ep=0.11 (n=27)
update=248 global_step=507904 SPS=653 w_ev=0.238 m_ev=0.989 m_v_bias=2.2 m_adv_std=17.7146 m_kl_max=0.0307 m_ratio_max=0.788 w_ax@goal=+1.26 w_v@goal=15.64 return=1002.1 length=80 success_rate=1.00 collisions/ep=0.21 (n=24)
update=249 global_step=509952 SPS=654 w_ev=0.106 m_ev=0.998 m_v_bias=-2.8 m_adv_std=6.7350 m_kl_max=0.0127 m_ratio_max=0.651 w_ax@goal=+1.31 w_v@goal=14.99 return=1008.4 length=78 success_rate=1.00 collisions/ep=0.08 (n=26)
update=250 global_step=512000 SPS=655 w_ev=0.275 m_ev=0.999 m_v_bias=-0.2 m_adv_std=5.9665 m_kl_max=0.0208 m_ratio_max=1.244 w_ax@goal=+1.30 w_v@goal=15.16 return=1010.3 length=79 success_rate=1.00 collisions/ep=0.07 (n=28)
Evaluation at update 250: return=1012.34, length=77.80, success_rate=1.00, collisions/ep=0.00
Solved-check at update 250: solved=True worst_gap=0.83 at p_x0=0.00 p_y0=1.00 (consecutive=0)
update=251 global_step=514048 SPS=651 w_ev=0.324 m_ev=0.997 m_v_bias=1.0 m_adv_std=9.3325 m_kl_max=0.0136 m_ratio_max=0.603 w_ax@goal=+1.22 w_v@goal=15.48 return=1010.3 length=80 success_rate=1.00 collisions/ep=0.08 (n=25)
update=252 global_step=516096 SPS=652 w_ev=0.233 m_ev=0.995 m_v_bias=2.1 m_adv_std=11.8851 m_kl_max=0.0246 m_ratio_max=0.817 w_ax@goal=+1.20 w_v@goal=15.45 return=1002.6 length=80 success_rate=1.00 collisions/ep=0.20 (n=25)
update=253 global_step=518144 SPS=653 w_ev=0.247 m_ev=0.999 m_v_bias=-0.6 m_adv_std=5.4515 m_kl_max=0.0218 m_ratio_max=0.642 w_ax@goal=+1.27 w_v@goal=15.14 return=1012.2 length=78 success_rate=1.00 collisions/ep=0.00 (n=26)
update=254 global_step=520192 SPS=654 w_ev=0.362 m_ev=0.991 m_v_bias=1.1 m_adv_std=15.7605 m_kl_max=0.0073 m_ratio_max=0.858 w_ax@goal=+1.26 w_v@goal=15.64 return=1002.5 length=79 success_rate=1.00 collisions/ep=0.31 (n=26)
update=255 global_step=522240 SPS=655 w_ev=0.374 m_ev=0.998 m_v_bias=-0.1 m_adv_std=8.0522 m_kl_max=0.0262 m_ratio_max=0.759 w_ax@goal=+1.16 w_v@goal=15.60 return=1010.6 length=79 success_rate=1.00 collisions/ep=0.04 (n=27)
Evaluation at update 255: return=1012.21, length=77.85, success_rate=1.00, collisions/ep=0.00
Solved-check at update 255: solved=True worst_gap=0.97 at p_x0=0.00 p_y0=1.00 (consecutive=1)
update=256 global_step=524288 SPS=652 w_ev=0.380 m_ev=0.997 m_v_bias=0.7 m_adv_std=9.5302 m_kl_max=0.0608 m_ratio_max=1.507 w_ax@goal=+1.33 w_v@goal=15.92 return=1004.5 length=79 success_rate=1.00 collisions/ep=0.31 (n=26)
update=257 global_step=526336 SPS=653 w_ev=0.209 m_ev=0.957 m_v_bias=7.6 m_adv_std=34.9499 m_kl_max=0.0422 m_ratio_max=1.035 w_ax@goal=+1.17 w_v@goal=15.60 return=986.6 length=80 success_rate=1.00 collisions/ep=0.64 (n=25)
update=258 global_step=528384 SPS=654 w_ev=0.330 m_ev=0.983 m_v_bias=-3.9 m_adv_std=22.1479 m_kl_max=0.0154 m_ratio_max=0.758 w_ax@goal=+1.16 w_v@goal=15.70 return=1000.3 length=79 success_rate=1.00 collisions/ep=0.24 (n=25)
update=259 global_step=530432 SPS=655 w_ev=0.338 m_ev=0.994 m_v_bias=-3.8 m_adv_std=12.6038 m_kl_max=0.0171 m_ratio_max=0.959 w_ax@goal=+1.16 w_v@goal=15.95 return=1010.4 length=79 success_rate=1.00 collisions/ep=0.04 (n=28)
update=260 global_step=532480 SPS=656 w_ev=0.327 m_ev=0.997 m_v_bias=-1.0 m_adv_std=8.9480 m_kl_max=0.0192 m_ratio_max=0.743 w_ax@goal=+1.02 w_v@goal=16.11 return=1010.2 length=81 success_rate=1.00 collisions/ep=0.08 (n=24)
Evaluation at update 260: return=1011.99, length=78.15, success_rate=1.00, collisions/ep=0.00
Solved-check at update 260: solved=True worst_gap=1.05 at p_x0=0.00 p_y0=1.00 (consecutive=2)
update=261 global_step=534528 SPS=653 w_ev=0.266 m_ev=0.997 m_v_bias=0.7 m_adv_std=9.6115 m_kl_max=0.0217 m_ratio_max=0.659 w_ax@goal=+1.04 w_v@goal=16.01 return=1006.1 length=81 success_rate=1.00 collisions/ep=0.16 (n=25)
update=262 global_step=536576 SPS=653 w_ev=0.230 m_ev=0.996 m_v_bias=0.8 m_adv_std=10.7486 m_kl_max=0.0234 m_ratio_max=0.801 w_ax@goal=+1.01 w_v@goal=15.63 return=1000.2 length=80 success_rate=1.00 collisions/ep=0.23 (n=26)
update=263 global_step=538624 SPS=655 w_ev=0.243 m_ev=0.991 m_v_bias=2.9 m_adv_std=16.3031 m_kl_max=0.0132 m_ratio_max=0.667 w_ax@goal=+1.00 w_v@goal=15.55 return=1004.2 length=81 success_rate=1.00 collisions/ep=0.23 (n=26)
update=264 global_step=540672 SPS=655 w_ev=0.237 m_ev=0.994 m_v_bias=-2.6 m_adv_std=12.6785 m_kl_max=0.0064 m_ratio_max=0.624 w_ax@goal=+0.99 w_v@goal=15.55 return=1000.1 length=82 success_rate=1.00 collisions/ep=0.24 (n=25)
update=265 global_step=542720 SPS=657 w_ev=0.159 m_ev=0.998 m_v_bias=-3.5 m_adv_std=6.8364 m_kl_max=0.0053 m_ratio_max=0.356 w_ax@goal=+1.10 w_v@goal=15.40 return=1009.8 length=81 success_rate=1.00 collisions/ep=0.04 (n=26)
Evaluation at update 265: return=1012.10, length=78.05, success_rate=1.00, collisions/ep=0.00
Solved-check at update 265: solved=True worst_gap=0.92 at p_x0=0.50 p_y0=1.00 (consecutive=3)
update=266 global_step=544768 SPS=653 w_ev=0.207 m_ev=0.998 m_v_bias=-0.7 m_adv_std=7.6253 m_kl_max=0.0086 m_ratio_max=0.507 w_ax@goal=+0.95 w_v@goal=15.43 return=1010.0 length=79 success_rate=1.00 collisions/ep=0.08 (n=25)
update=267 global_step=546816 SPS=654 w_ev=0.133 m_ev=0.994 m_v_bias=0.8 m_adv_std=12.5053 m_kl_max=0.0139 m_ratio_max=0.792 w_ax@goal=+0.96 w_v@goal=15.32 return=1006.0 length=80 success_rate=1.00 collisions/ep=0.19 (n=26)
update=268 global_step=548864 SPS=655 w_ev=0.201 m_ev=0.993 m_v_bias=2.0 m_adv_std=13.8941 m_kl_max=0.0090 m_ratio_max=0.575 w_ax@goal=+1.01 w_v@goal=15.26 return=1004.1 length=80 success_rate=1.00 collisions/ep=0.16 (n=25)
update=269 global_step=550912 SPS=656 w_ev=0.224 m_ev=0.998 m_v_bias=-3.3 m_adv_std=8.1130 m_kl_max=0.0110 m_ratio_max=0.568 w_ax@goal=+1.06 w_v@goal=15.37 return=1008.1 length=80 success_rate=1.00 collisions/ep=0.08 (n=26)
update=270 global_step=552960 SPS=657 w_ev=0.216 m_ev=0.983 m_v_bias=4.0 m_adv_std=21.6517 m_kl_max=0.0187 m_ratio_max=0.857 w_ax@goal=+0.98 w_v@goal=15.26 return=995.1 length=80 success_rate=1.00 collisions/ep=0.33 (n=24)
Evaluation at update 270: return=1012.29, length=77.80, success_rate=1.00, collisions/ep=0.00
Solved-check at update 270: solved=True worst_gap=0.88 at p_x0=0.00 p_y0=1.00 (consecutive=4)
update=271 global_step=555008 SPS=654 w_ev=0.290 m_ev=0.999 m_v_bias=-3.9 m_adv_std=5.7242 m_kl_max=0.0286 m_ratio_max=1.500 w_ax@goal=+1.00 w_v@goal=15.21 return=1011.3 length=80 success_rate=1.00 collisions/ep=0.00 (n=26)
update=272 global_step=557056 SPS=655 w_ev=0.280 m_ev=0.995 m_v_bias=1.0 m_adv_std=12.1519 m_kl_max=0.0160 m_ratio_max=0.938 w_ax@goal=+0.83 w_v@goal=15.27 return=1004.3 length=81 success_rate=1.00 collisions/ep=0.15 (n=26)
update=273 global_step=559104 SPS=656 w_ev=0.373 m_ev=0.996 m_v_bias=-1.5 m_adv_std=9.9048 m_kl_max=0.0193 m_ratio_max=1.326 w_ax@goal=+0.88 w_v@goal=15.52 return=1007.7 length=80 success_rate=1.00 collisions/ep=0.08 (n=26)
update=274 global_step=561152 SPS=657 w_ev=0.276 m_ev=0.998 m_v_bias=-0.4 m_adv_std=8.2757 m_kl_max=0.0162 m_ratio_max=0.657 w_ax@goal=+0.93 w_v@goal=15.55 return=1007.8 length=79 success_rate=1.00 collisions/ep=0.07 (n=27)
update=275 global_step=563200 SPS=658 w_ev=0.177 m_ev=0.999 m_v_bias=-2.2 m_adv_std=6.2787 m_kl_max=0.0171 m_ratio_max=0.884 w_ax@goal=+0.92 w_v@goal=15.37 return=1009.4 length=80 success_rate=1.00 collisions/ep=0.04 (n=24)
Evaluation at update 275: return=1012.25, length=77.80, success_rate=1.00, collisions/ep=0.00
Solved-check at update 275: solved=True worst_gap=0.92 at p_x0=0.00 p_y0=1.00 (consecutive=5)
update=276 global_step=565248 SPS=655 w_ev=0.283 m_ev=0.980 m_v_bias=2.9 m_adv_std=23.6615 m_kl_max=0.0174 m_ratio_max=1.300 w_ax@goal=+1.00 w_v@goal=15.47 return=1005.6 length=80 success_rate=1.00 collisions/ep=0.12 (n=24)
update=277 global_step=567296 SPS=656 w_ev=0.237 m_ev=0.994 m_v_bias=0.0 m_adv_std=12.6520 m_kl_max=0.0120 m_ratio_max=0.858 w_ax@goal=+0.93 w_v@goal=15.17 return=1000.2 length=80 success_rate=1.00 collisions/ep=0.27 (n=26)
update=278 global_step=569344 SPS=656 w_ev=0.348 m_ev=0.997 m_v_bias=-0.1 m_adv_std=9.3927 m_kl_max=0.0196 m_ratio_max=0.914 w_ax@goal=+1.01 w_v@goal=15.47 return=1006.6 length=80 success_rate=1.00 collisions/ep=0.14 (n=28)
update=279 global_step=571392 SPS=657 w_ev=0.384 m_ev=0.995 m_v_bias=-0.1 m_adv_std=12.0335 m_kl_max=0.0255 m_ratio_max=0.780 w_ax@goal=+0.92 w_v@goal=15.63 return=1000.0 length=80 success_rate=1.00 collisions/ep=0.23 (n=26)
update=280 global_step=573440 SPS=658 w_ev=0.320 m_ev=0.998 m_v_bias=-1.5 m_adv_std=7.2937 m_kl_max=0.0150 m_ratio_max=0.485 w_ax@goal=+0.95 w_v@goal=15.87 return=1007.8 length=81 success_rate=1.00 collisions/ep=0.08 (n=24)
Evaluation at update 280: return=1012.34, length=77.80, success_rate=1.00, collisions/ep=0.00
Solved-check at update 280: solved=True worst_gap=0.84 at p_x0=0.00 p_y0=1.00 (consecutive=6)
update=281 global_step=575488 SPS=655 w_ev=0.193 m_ev=0.998 m_v_bias=0.0 m_adv_std=6.5904 m_kl_max=0.0301 m_ratio_max=1.900 w_ax@goal=+0.86 w_v@goal=15.69 return=1009.8 length=80 success_rate=1.00 collisions/ep=0.08 (n=24)
update=282 global_step=577536 SPS=656 w_ev=0.224 m_ev=0.999 m_v_bias=-1.1 m_adv_std=4.0047 m_kl_max=0.0205 m_ratio_max=0.933 w_ax@goal=+0.91 w_v@goal=15.32 return=1011.7 length=79 success_rate=1.00 collisions/ep=0.07 (n=27)
update=283 global_step=579584 SPS=657 w_ev=0.279 m_ev=0.997 m_v_bias=0.5 m_adv_std=8.3239 m_kl_max=0.0147 m_ratio_max=0.587 w_ax@goal=+0.81 w_v@goal=15.55 return=1004.0 length=80 success_rate=1.00 collisions/ep=0.20 (n=25)
update=284 global_step=581632 SPS=658 w_ev=0.246 m_ev=0.995 m_v_bias=1.2 m_adv_std=10.8023 m_kl_max=0.0109 m_ratio_max=0.616 w_ax@goal=+0.92 w_v@goal=15.68 return=1009.8 length=79 success_rate=1.00 collisions/ep=0.04 (n=26)
update=285 global_step=583680 SPS=659 w_ev=0.243 m_ev=0.996 m_v_bias=1.4 m_adv_std=10.9574 m_kl_max=0.0158 m_ratio_max=0.604 w_ax@goal=+0.89 w_v@goal=15.41 return=1002.0 length=79 success_rate=1.00 collisions/ep=0.27 (n=26)
Evaluation at update 285: return=1012.28, length=77.80, success_rate=1.00, collisions/ep=0.00
Solved-check at update 285: solved=True worst_gap=0.90 at p_x0=0.00 p_y0=1.00 (consecutive=7)
update=286 global_step=585728 SPS=656 w_ev=0.305 m_ev=0.999 m_v_bias=-1.3 m_adv_std=6.1162 m_kl_max=0.0087 m_ratio_max=0.473 w_ax@goal=+0.89 w_v@goal=15.54 return=1008.0 length=78 success_rate=1.00 collisions/ep=0.07 (n=28)
update=287 global_step=587776 SPS=656 w_ev=0.147 m_ev=0.998 m_v_bias=0.8 m_adv_std=7.7769 m_kl_max=0.0127 m_ratio_max=0.677 w_ax@goal=+0.80 w_v@goal=15.48 return=1007.3 length=81 success_rate=1.00 collisions/ep=0.12 (n=24)
update=288 global_step=589824 SPS=657 w_ev=0.257 m_ev=0.990 m_v_bias=2.4 m_adv_std=16.6440 m_kl_max=0.0121 m_ratio_max=0.512 w_ax@goal=+0.83 w_v@goal=15.36 return=1000.2 length=80 success_rate=1.00 collisions/ep=0.27 (n=26)
update=289 global_step=591872 SPS=658 w_ev=0.260 m_ev=0.977 m_v_bias=3.6 m_adv_std=26.3780 m_kl_max=0.0310 m_ratio_max=0.680 w_ax@goal=+0.82 w_v@goal=15.26 return=996.3 length=78 success_rate=1.00 collisions/ep=0.30 (n=27)
update=290 global_step=593920 SPS=659 w_ev=0.301 m_ev=0.987 m_v_bias=-4.4 m_adv_std=19.4685 m_kl_max=0.0098 m_ratio_max=0.405 w_ax@goal=+0.84 w_v@goal=15.53 return=1005.9 length=82 success_rate=1.00 collisions/ep=0.17 (n=24)
Evaluation at update 290: return=1012.19, length=77.90, success_rate=1.00, collisions/ep=0.00
Solved-check at update 290: solved=True worst_gap=1.00 at p_x0=0.00 p_y0=1.00 (consecutive=8)
update=291 global_step=595968 SPS=656 w_ev=0.226 m_ev=0.987 m_v_bias=-0.4 m_adv_std=18.8592 m_kl_max=0.0088 m_ratio_max=0.671 w_ax@goal=+0.89 w_v@goal=15.47 return=993.0 length=81 success_rate=1.00 collisions/ep=0.38 (n=24)
update=292 global_step=598016 SPS=657 w_ev=0.222 m_ev=0.993 m_v_bias=1.0 m_adv_std=13.4482 m_kl_max=0.0314 m_ratio_max=1.332 w_ax@goal=+0.84 w_v@goal=15.46 return=1009.7 length=80 success_rate=1.00 collisions/ep=0.08 (n=26)
update=293 global_step=600064 SPS=658 w_ev=0.248 m_ev=0.950 m_v_bias=6.9 m_adv_std=39.7208 m_kl_max=0.0070 m_ratio_max=0.451 w_ax@goal=+0.85 w_v@goal=15.19 return=981.6 length=77 success_rate=1.00 collisions/ep=0.63 (n=27)
update=294 global_step=602112 SPS=659 w_ev=0.256 m_ev=0.997 m_v_bias=-1.0 m_adv_std=9.4876 m_kl_max=0.0228 m_ratio_max=0.832 w_ax@goal=+0.89 w_v@goal=15.52 return=1003.6 length=81 success_rate=1.00 collisions/ep=0.16 (n=25)
update=295 global_step=604160 SPS=659 w_ev=0.249 m_ev=0.998 m_v_bias=-1.5 m_adv_std=7.5810 m_kl_max=0.0286 m_ratio_max=1.167 w_ax@goal=+1.05 w_v@goal=15.65 return=1011.5 length=79 success_rate=1.00 collisions/ep=0.00 (n=27)
Evaluation at update 295: return=1012.30, length=77.80, success_rate=1.00, collisions/ep=0.00
Solved-check at update 295: solved=True worst_gap=0.87 at p_x0=0.00 p_y0=1.00 (consecutive=9)
update=296 global_step=606208 SPS=656 w_ev=0.222 m_ev=0.992 m_v_bias=1.5 m_adv_std=15.2504 m_kl_max=0.0209 m_ratio_max=0.709 w_ax@goal=+1.01 w_v@goal=15.68 return=998.1 length=81 success_rate=1.00 collisions/ep=0.28 (n=25)
update=297 global_step=608256 SPS=657 w_ev=0.300 m_ev=0.995 m_v_bias=-2.9 m_adv_std=11.9727 m_kl_max=0.0121 m_ratio_max=0.612 w_ax@goal=+1.06 w_v@goal=15.59 return=1006.1 length=78 success_rate=1.00 collisions/ep=0.12 (n=26)
update=298 global_step=610304 SPS=658 w_ev=0.233 m_ev=0.997 m_v_bias=0.5 m_adv_std=8.6981 m_kl_max=0.0638 m_ratio_max=3.511 w_ax@goal=+1.14 w_v@goal=15.58 return=1003.7 length=77 success_rate=1.00 collisions/ep=0.15 (n=27)
update=299 global_step=612352 SPS=659 w_ev=0.429 m_ev=0.994 m_v_bias=0.6 m_adv_std=12.9175 m_kl_max=0.0175 m_ratio_max=0.683 w_ax@goal=+1.11 w_v@goal=15.90 return=1004.2 length=79 success_rate=1.00 collisions/ep=0.15 (n=26)
update=300 global_step=614400 SPS=660 w_ev=0.327 m_ev=0.997 m_v_bias=-1.0 m_adv_std=8.4103 m_kl_max=0.0156 m_ratio_max=0.550 w_ax@goal=+1.30 w_v@goal=16.04 return=1009.7 length=78 success_rate=1.00 collisions/ep=0.04 (n=26)
Evaluation at update 300: return=1012.25, length=77.80, success_rate=1.00, collisions/ep=0.00
Solved-check at update 300: solved=True worst_gap=0.93 at p_x0=0.00 p_y0=1.00 (consecutive=10)
update=301 global_step=616448 SPS=657 w_ev=0.371 m_ev=0.999 m_v_bias=-1.3 m_adv_std=5.4801 m_kl_max=0.0248 m_ratio_max=0.873 w_ax@goal=+1.20 w_v@goal=16.15 return=1008.2 length=79 success_rate=1.00 collisions/ep=0.12 (n=26)
update=302 global_step=618496 SPS=658 w_ev=0.306 m_ev=0.999 m_v_bias=-0.4 m_adv_std=4.8735 m_kl_max=0.0053 m_ratio_max=0.330 w_ax@goal=+1.26 w_v@goal=16.23 return=1010.1 length=79 success_rate=1.00 collisions/ep=0.04 (n=26)
update=303 global_step=620544 SPS=659 w_ev=0.347 m_ev=0.990 m_v_bias=1.8 m_adv_std=16.6995 m_kl_max=0.0125 m_ratio_max=0.636 w_ax@goal=+1.31 w_v@goal=16.00 return=1004.7 length=79 success_rate=1.00 collisions/ep=0.15 (n=27)
update=304 global_step=622592 SPS=659 w_ev=0.235 m_ev=0.996 m_v_bias=-0.3 m_adv_std=10.5100 m_kl_max=0.0188 m_ratio_max=1.066 w_ax@goal=+1.32 w_v@goal=16.12 return=1010.2 length=80 success_rate=1.00 collisions/ep=0.04 (n=24)
update=305 global_step=624640 SPS=660 w_ev=0.266 m_ev=0.988 m_v_bias=2.7 m_adv_std=18.0006 m_kl_max=0.0091 m_ratio_max=0.525 w_ax@goal=+1.33 w_v@goal=15.89 return=1010.5 length=79 success_rate=1.00 collisions/ep=0.04 (n=26)
Evaluation at update 305: return=1012.25, length=77.80, success_rate=1.00, collisions/ep=0.00
Solved-check at update 305: solved=True worst_gap=0.92 at p_x0=0.00 p_y0=1.00 (consecutive=11)
update=306 global_step=626688 SPS=657 w_ev=0.353 m_ev=0.999 m_v_bias=-0.2 m_adv_std=6.3023 m_kl_max=0.0116 m_ratio_max=0.454 w_ax@goal=+1.29 w_v@goal=16.05 return=1002.8 length=81 success_rate=1.00 collisions/ep=0.19 (n=26)
update=307 global_step=628736 SPS=658 w_ev=0.382 m_ev=0.984 m_v_bias=1.5 m_adv_std=21.3757 m_kl_max=0.0192 m_ratio_max=1.225 w_ax@goal=+1.28 w_v@goal=16.23 return=1004.3 length=78 success_rate=1.00 collisions/ep=0.15 (n=27)
update=308 global_step=630784 SPS=659 w_ev=0.331 m_ev=0.979 m_v_bias=-0.6 m_adv_std=24.3190 m_kl_max=0.0139 m_ratio_max=0.847 w_ax@goal=+1.24 w_v@goal=16.47 return=1002.5 length=78 success_rate=1.00 collisions/ep=0.19 (n=26)
update=309 global_step=632832 SPS=659 w_ev=0.321 m_ev=0.997 m_v_bias=-4.2 m_adv_std=9.3044 m_kl_max=0.0270 m_ratio_max=1.167 w_ax@goal=+1.32 w_v@goal=16.38 return=1009.8 length=79 success_rate=1.00 collisions/ep=0.04 (n=25)
update=310 global_step=634880 SPS=660 w_ev=0.290 m_ev=0.996 m_v_bias=1.3 m_adv_std=11.2374 m_kl_max=0.0162 m_ratio_max=0.702 w_ax@goal=+1.29 w_v@goal=16.33 return=1006.4 length=79 success_rate=1.00 collisions/ep=0.12 (n=26)
Evaluation at update 310: return=1012.14, length=78.00, success_rate=1.00, collisions/ep=0.00
Solved-check at update 310: solved=True worst_gap=0.87 at p_x0=0.50 p_y0=1.00 (consecutive=12)
update=311 global_step=636928 SPS=658 w_ev=0.277 m_ev=0.999 m_v_bias=-0.9 m_adv_std=5.6982 m_kl_max=0.0308 m_ratio_max=1.083 w_ax@goal=+1.25 w_v@goal=16.24 return=1012.3 length=80 success_rate=1.00 collisions/ep=0.00 (n=26)
update=312 global_step=638976 SPS=659 w_ev=0.294 m_ev=0.996 m_v_bias=0.4 m_adv_std=9.8278 m_kl_max=0.0119 m_ratio_max=0.999 w_ax@goal=+1.35 w_v@goal=16.34 return=1010.4 length=79 success_rate=1.00 collisions/ep=0.04 (n=25)
update=313 global_step=641024 SPS=659 w_ev=0.226 m_ev=0.999 m_v_bias=-1.0 m_adv_std=4.6278 m_kl_max=0.0297 m_ratio_max=1.275 w_ax@goal=+1.37 w_v@goal=16.26 return=1010.5 length=81 success_rate=1.00 collisions/ep=0.04 (n=25)
update=314 global_step=643072 SPS=660 w_ev=0.281 m_ev=0.997 m_v_bias=1.9 m_adv_std=9.6088 m_kl_max=0.0153 m_ratio_max=0.600 w_ax@goal=+1.41 w_v@goal=16.19 return=1008.1 length=79 success_rate=1.00 collisions/ep=0.07 (n=27)
update=315 global_step=645120 SPS=661 w_ev=0.370 m_ev=0.998 m_v_bias=-1.1 m_adv_std=8.0580 m_kl_max=0.0073 m_ratio_max=0.499 w_ax@goal=+1.48 w_v@goal=16.31 return=1008.0 length=79 success_rate=1.00 collisions/ep=0.07 (n=27)
Evaluation at update 315: return=1012.21, length=77.90, success_rate=1.00, collisions/ep=0.00
Solved-check at update 315: solved=False worst_gap=400.18 at p_x0=2.00 p_y0=-1.00 (consecutive=13)
update=316 global_step=647168 SPS=658 w_ev=0.293 m_ev=0.999 m_v_bias=-0.1 m_adv_std=6.2257 m_kl_max=0.0299 m_ratio_max=1.130 w_ax@goal=+1.46 w_v@goal=16.54 return=1011.9 length=79 success_rate=1.00 collisions/ep=0.00 (n=24)
update=317 global_step=649216 SPS=659 w_ev=0.311 m_ev=0.979 m_v_bias=2.6 m_adv_std=24.4516 m_kl_max=0.0095 m_ratio_max=0.682 w_ax@goal=+1.58 w_v@goal=16.23 return=997.5 length=79 success_rate=1.00 collisions/ep=0.30 (n=27)
update=318 global_step=651264 SPS=660 w_ev=0.274 m_ev=0.997 m_v_bias=-2.3 m_adv_std=9.7665 m_kl_max=0.0321 m_ratio_max=0.894 w_ax@goal=+1.53 w_v@goal=16.11 return=1008.4 length=80 success_rate=1.00 collisions/ep=0.08 (n=25)
update=319 global_step=653312 SPS=661 w_ev=0.259 m_ev=0.995 m_v_bias=2.4 m_adv_std=12.0580 m_kl_max=0.0237 m_ratio_max=1.508 w_ax@goal=+1.50 w_v@goal=16.19 return=1010.5 length=79 success_rate=1.00 collisions/ep=0.04 (n=27)
update=320 global_step=655360 SPS=662 w_ev=0.279 m_ev=0.996 m_v_bias=-0.4 m_adv_std=10.5974 m_kl_max=0.0126 m_ratio_max=0.739 w_ax@goal=+1.53 w_v@goal=16.28 return=994.7 length=80 success_rate=1.00 collisions/ep=0.36 (n=25)
Evaluation at update 320: return=1012.22, length=77.85, success_rate=1.00, collisions/ep=0.00
Solved-check at update 320: solved=True worst_gap=0.96 at p_x0=0.00 p_y0=1.00 (consecutive=0)
update=321 global_step=657408 SPS=659 w_ev=0.252 m_ev=0.999 m_v_bias=-2.1 m_adv_std=5.3390 m_kl_max=0.0277 m_ratio_max=1.593 w_ax@goal=+1.48 w_v@goal=16.12 return=1012.6 length=81 success_rate=1.00 collisions/ep=0.00 (n=25)
update=322 global_step=659456 SPS=660 w_ev=0.359 m_ev=0.997 m_v_bias=2.2 m_adv_std=9.4360 m_kl_max=0.0191 m_ratio_max=1.037 w_ax@goal=+1.58 w_v@goal=16.07 return=1008.7 length=79 success_rate=1.00 collisions/ep=0.07 (n=28)
update=323 global_step=661504 SPS=660 w_ev=0.286 m_ev=0.994 m_v_bias=3.8 m_adv_std=12.5923 m_kl_max=0.0088 m_ratio_max=0.498 w_ax@goal=+1.51 w_v@goal=16.36 return=1002.0 length=78 success_rate=1.00 collisions/ep=0.20 (n=25)
update=324 global_step=663552 SPS=661 w_ev=0.244 m_ev=0.998 m_v_bias=-2.9 m_adv_std=6.2886 m_kl_max=0.0108 m_ratio_max=1.061 w_ax@goal=+1.45 w_v@goal=16.33 return=1010.5 length=79 success_rate=1.00 collisions/ep=0.04 (n=25)
update=325 global_step=665600 SPS=662 w_ev=0.409 m_ev=0.999 m_v_bias=-0.1 m_adv_std=4.0204 m_kl_max=0.0114 m_ratio_max=0.628 w_ax@goal=+1.52 w_v@goal=16.53 return=1012.2 length=78 success_rate=1.00 collisions/ep=0.00 (n=27)
Evaluation at update 325: return=1012.39, length=77.75, success_rate=1.00, collisions/ep=0.00
Solved-check at update 325: solved=True worst_gap=0.77 at p_x0=0.00 p_y0=1.00 (consecutive=1)
update=326 global_step=667648 SPS=659 w_ev=0.402 m_ev=0.995 m_v_bias=0.9 m_adv_std=11.2848 m_kl_max=0.0157 m_ratio_max=0.877 w_ax@goal=+1.43 w_v@goal=16.50 return=1008.5 length=78 success_rate=1.00 collisions/ep=0.07 (n=27)
update=327 global_step=669696 SPS=660 w_ev=0.326 m_ev=0.997 m_v_bias=2.0 m_adv_std=8.7665 m_kl_max=0.0074 m_ratio_max=0.472 w_ax@goal=+1.46 w_v@goal=16.56 return=1006.3 length=78 success_rate=1.00 collisions/ep=0.12 (n=25)
update=328 global_step=671744 SPS=661 w_ev=0.344 m_ev=0.998 m_v_bias=0.8 m_adv_std=7.5321 m_kl_max=0.0120 m_ratio_max=0.592 w_ax@goal=+1.56 w_v@goal=16.66 return=1008.5 length=79 success_rate=1.00 collisions/ep=0.08 (n=25)
update=329 global_step=673792 SPS=662 w_ev=0.359 m_ev=0.997 m_v_bias=1.6 m_adv_std=9.9103 m_kl_max=0.0210 m_ratio_max=0.583 w_ax@goal=+1.45 w_v@goal=16.50 return=1006.9 length=78 success_rate=1.00 collisions/ep=0.11 (n=28)
update=330 global_step=675840 SPS=662 w_ev=0.355 m_ev=0.995 m_v_bias=-0.2 m_adv_std=11.2343 m_kl_max=0.0247 m_ratio_max=1.103 w_ax@goal=+1.44 w_v@goal=16.62 return=1006.6 length=80 success_rate=1.00 collisions/ep=0.17 (n=24)
Evaluation at update 330: return=1012.54, length=77.65, success_rate=1.00, collisions/ep=0.00
Solved-check at update 330: solved=True worst_gap=0.61 at p_x0=0.00 p_y0=1.00 (consecutive=2)
update=331 global_step=677888 SPS=660 w_ev=0.331 m_ev=0.999 m_v_bias=0.4 m_adv_std=5.8608 m_kl_max=0.0195 m_ratio_max=0.695 w_ax@goal=+1.50 w_v@goal=16.28 return=1010.9 length=80 success_rate=1.00 collisions/ep=0.04 (n=27)
update=332 global_step=679936 SPS=660 w_ev=0.423 m_ev=0.999 m_v_bias=-0.5 m_adv_std=5.9118 m_kl_max=0.0122 m_ratio_max=0.559 w_ax@goal=+1.47 w_v@goal=16.64 return=1010.6 length=78 success_rate=1.00 collisions/ep=0.04 (n=26)
update=333 global_step=681984 SPS=661 w_ev=0.195 m_ev=0.999 m_v_bias=-0.7 m_adv_std=5.5697 m_kl_max=0.0207 m_ratio_max=1.426 w_ax@goal=+1.51 w_v@goal=16.40 return=1011.2 length=80 success_rate=1.00 collisions/ep=0.04 (n=26)
update=334 global_step=684032 SPS=662 w_ev=0.305 m_ev=1.000 m_v_bias=-0.4 m_adv_std=3.1591 m_kl_max=0.0374 m_ratio_max=2.098 w_ax@goal=+1.56 w_v@goal=16.34 return=1012.4 length=78 success_rate=1.00 collisions/ep=0.04 (n=26)
update=335 global_step=686080 SPS=662 w_ev=0.248 m_ev=1.000 m_v_bias=-0.9 m_adv_std=3.4940 m_kl_max=0.0243 m_ratio_max=0.843 w_ax@goal=+1.52 w_v@goal=16.17 return=1012.3 length=79 success_rate=1.00 collisions/ep=0.00 (n=25)
Evaluation at update 335: return=1012.37, length=77.75, success_rate=1.00, collisions/ep=0.00
Solved-check at update 335: solved=True worst_gap=0.79 at p_x0=0.00 p_y0=1.00 (consecutive=3)
update=336 global_step=688128 SPS=660 w_ev=0.287 m_ev=1.000 m_v_bias=1.3 m_adv_std=3.2493 m_kl_max=0.0259 m_ratio_max=1.419 w_ax@goal=+1.44 w_v@goal=16.22 return=1012.4 length=79 success_rate=1.00 collisions/ep=0.00 (n=27)
update=337 global_step=690176 SPS=661 w_ev=0.318 m_ev=0.976 m_v_bias=5.3 m_adv_std=26.5844 m_kl_max=0.0139 m_ratio_max=0.776 w_ax@goal=+1.42 w_v@goal=16.11 return=1001.1 length=79 success_rate=1.00 collisions/ep=0.22 (n=27)
update=338 global_step=692224 SPS=661 w_ev=0.192 m_ev=0.992 m_v_bias=1.3 m_adv_std=15.1320 m_kl_max=0.0185 m_ratio_max=0.894 w_ax@goal=+1.47 w_v@goal=15.94 return=1000.5 length=80 success_rate=1.00 collisions/ep=0.24 (n=25)
update=339 global_step=694272 SPS=662 w_ev=0.236 m_ev=0.971 m_v_bias=5.6 m_adv_std=29.5870 m_kl_max=0.0181 m_ratio_max=0.440 w_ax@goal=+1.41 w_v@goal=15.78 return=978.3 length=78 success_rate=1.00 collisions/ep=0.80 (n=25)
update=340 global_step=696320 SPS=663 w_ev=0.263 m_ev=0.989 m_v_bias=-2.6 m_adv_std=17.1346 m_kl_max=0.0150 m_ratio_max=0.479 w_ax@goal=+1.39 w_v@goal=15.80 return=1008.5 length=78 success_rate=1.00 collisions/ep=0.08 (n=26)
Evaluation at update 340: return=1012.41, length=77.75, success_rate=1.00, collisions/ep=0.00
Solved-check at update 340: solved=True worst_gap=0.75 at p_x0=0.00 p_y0=1.00 (consecutive=4)
update=341 global_step=698368 SPS=660 w_ev=0.315 m_ev=0.980 m_v_bias=2.4 m_adv_std=25.0690 m_kl_max=0.0127 m_ratio_max=0.551 w_ax@goal=+1.40 w_v@goal=15.79 return=988.2 length=77 success_rate=1.00 collisions/ep=0.48 (n=27)
update=342 global_step=700416 SPS=661 w_ev=0.215 m_ev=0.992 m_v_bias=-2.6 m_adv_std=14.2660 m_kl_max=0.0127 m_ratio_max=0.487 w_ax@goal=+1.36 w_v@goal=15.73 return=1012.0 length=79 success_rate=1.00 collisions/ep=0.00 (n=25)
update=343 global_step=702464 SPS=662 w_ev=0.297 m_ev=0.998 m_v_bias=0.7 m_adv_std=8.1978 m_kl_max=0.0292 m_ratio_max=1.174 w_ax@goal=+1.40 w_v@goal=15.81 return=1006.5 length=77 success_rate=1.00 collisions/ep=0.11 (n=27)
update=344 global_step=704512 SPS=662 w_ev=0.303 m_ev=0.997 m_v_bias=-0.0 m_adv_std=8.8129 m_kl_max=0.0203 m_ratio_max=0.942 w_ax@goal=+1.48 w_v@goal=16.05 return=1008.6 length=80 success_rate=1.00 collisions/ep=0.08 (n=26)
update=345 global_step=706560 SPS=663 w_ev=0.351 m_ev=0.980 m_v_bias=0.8 m_adv_std=24.1859 m_kl_max=0.0147 m_ratio_max=0.757 w_ax@goal=+1.40 w_v@goal=16.08 return=1000.7 length=78 success_rate=1.00 collisions/ep=0.23 (n=26)
Evaluation at update 345: return=1012.49, length=77.70, success_rate=1.00, collisions/ep=0.00
Solved-check at update 345: solved=True worst_gap=0.66 at p_x0=0.00 p_y0=1.00 (consecutive=5)
update=346 global_step=708608 SPS=661 w_ev=0.248 m_ev=0.998 m_v_bias=1.4 m_adv_std=7.2776 m_kl_max=0.0183 m_ratio_max=0.708 w_ax@goal=+1.46 w_v@goal=16.10 return=1010.8 length=82 success_rate=1.00 collisions/ep=0.04 (n=24)
update=347 global_step=710656 SPS=661 w_ev=0.245 m_ev=0.999 m_v_bias=-1.0 m_adv_std=6.0969 m_kl_max=0.0142 m_ratio_max=0.628 w_ax@goal=+1.45 w_v@goal=16.04 return=1012.8 length=81 success_rate=1.00 collisions/ep=0.00 (n=26)
update=348 global_step=712704 SPS=662 w_ev=0.299 m_ev=0.996 m_v_bias=0.8 m_adv_std=10.7671 m_kl_max=0.0111 m_ratio_max=0.983 w_ax@goal=+1.40 w_v@goal=16.06 return=1006.4 length=78 success_rate=1.00 collisions/ep=0.11 (n=28)
update=349 global_step=714752 SPS=663 w_ev=0.342 m_ev=0.998 m_v_bias=0.2 m_adv_std=7.1754 m_kl_max=0.0159 m_ratio_max=0.798 w_ax@goal=+1.37 w_v@goal=16.16 return=1010.4 length=79 success_rate=1.00 collisions/ep=0.04 (n=25)
update=350 global_step=716800 SPS=664 w_ev=0.297 m_ev=0.997 m_v_bias=-0.1 m_adv_std=8.2589 m_kl_max=0.0259 m_ratio_max=1.103 w_ax@goal=+1.24 w_v@goal=16.10 return=1008.4 length=79 success_rate=1.00 collisions/ep=0.08 (n=26)
Evaluation at update 350: return=1012.54, length=77.60, success_rate=1.00, collisions/ep=0.00
Solved-check at update 350: solved=True worst_gap=0.59 at p_x0=0.00 p_y0=1.00 (consecutive=6)
update=351 global_step=718848 SPS=661 w_ev=0.311 m_ev=0.978 m_v_bias=3.9 m_adv_std=24.7270 m_kl_max=0.0266 m_ratio_max=1.177 w_ax@goal=+1.38 w_v@goal=16.15 return=999.7 length=79 success_rate=1.00 collisions/ep=0.25 (n=24)
update=352 global_step=720896 SPS=662 w_ev=0.412 m_ev=0.988 m_v_bias=-1.9 m_adv_std=18.4124 m_kl_max=0.0126 m_ratio_max=0.497 w_ax@goal=+1.39 w_v@goal=16.32 return=1005.3 length=79 success_rate=1.00 collisions/ep=0.14 (n=28)
update=353 global_step=722944 SPS=662 w_ev=0.360 m_ev=0.993 m_v_bias=1.4 m_adv_std=13.5478 m_kl_max=0.0297 m_ratio_max=0.842 w_ax@goal=+1.41 w_v@goal=16.57 return=1000.6 length=80 success_rate=1.00 collisions/ep=0.24 (n=25)
update=354 global_step=724992 SPS=663 w_ev=0.317 m_ev=0.997 m_v_bias=-2.2 m_adv_std=9.0693 m_kl_max=0.0621 m_ratio_max=0.950 w_ax@goal=+1.43 w_v@goal=16.63 return=1008.8 length=81 success_rate=1.00 collisions/ep=0.08 (n=25)
update=355 global_step=727040 SPS=664 w_ev=0.328 m_ev=0.996 m_v_bias=0.0 m_adv_std=10.8639 m_kl_max=0.0330 m_ratio_max=0.759 w_ax@goal=+1.36 w_v@goal=16.44 return=1006.6 length=78 success_rate=1.00 collisions/ep=0.11 (n=27)
Evaluation at update 355: return=1012.47, length=77.75, success_rate=1.00, collisions/ep=0.00
Solved-check at update 355: solved=True worst_gap=0.69 at p_x0=0.00 p_y0=1.00 (consecutive=7)
update=356 global_step=729088 SPS=661 w_ev=0.355 m_ev=0.999 m_v_bias=-0.7 m_adv_std=6.2654 m_kl_max=0.0069 m_ratio_max=0.469 w_ax@goal=+1.30 w_v@goal=16.62 return=1008.9 length=80 success_rate=1.00 collisions/ep=0.07 (n=27)
update=357 global_step=731136 SPS=662 w_ev=0.277 m_ev=0.999 m_v_bias=-0.8 m_adv_std=3.7241 m_kl_max=0.0081 m_ratio_max=0.406 w_ax@goal=+1.33 w_v@goal=16.80 return=1012.3 length=80 success_rate=1.00 collisions/ep=0.00 (n=24)
update=358 global_step=733184 SPS=662 w_ev=0.303 m_ev=0.999 m_v_bias=-0.2 m_adv_std=5.5759 m_kl_max=0.0173 m_ratio_max=0.743 w_ax@goal=+1.41 w_v@goal=16.56 return=1010.6 length=79 success_rate=1.00 collisions/ep=0.04 (n=26)
update=359 global_step=735232 SPS=663 w_ev=0.295 m_ev=0.999 m_v_bias=0.7 m_adv_std=6.1543 m_kl_max=0.0156 m_ratio_max=0.672 w_ax@goal=+1.37 w_v@goal=16.74 return=1008.2 length=79 success_rate=1.00 collisions/ep=0.08 (n=25)
update=360 global_step=737280 SPS=664 w_ev=0.387 m_ev=0.998 m_v_bias=1.0 m_adv_std=7.5918 m_kl_max=0.0249 m_ratio_max=0.758 w_ax@goal=+1.41 w_v@goal=16.65 return=1008.4 length=80 success_rate=1.00 collisions/ep=0.08 (n=25)
Evaluation at update 360: return=1012.26, length=77.80, success_rate=1.00, collisions/ep=0.00
Solved-check at update 360: solved=True worst_gap=0.92 at p_x0=0.00 p_y0=1.00 (consecutive=8)
update=361 global_step=739328 SPS=661 w_ev=0.391 m_ev=0.999 m_v_bias=-0.6 m_adv_std=3.8954 m_kl_max=0.0121 m_ratio_max=0.452 w_ax@goal=+1.42 w_v@goal=16.49 return=1012.1 length=79 success_rate=1.00 collisions/ep=0.00 (n=29)
update=362 global_step=741376 SPS=662 w_ev=0.411 m_ev=0.999 m_v_bias=0.4 m_adv_std=5.0643 m_kl_max=0.0251 m_ratio_max=1.068 w_ax@goal=+1.44 w_v@goal=17.01 return=1010.5 length=80 success_rate=1.00 collisions/ep=0.04 (n=25)
update=363 global_step=743424 SPS=663 w_ev=0.275 m_ev=0.997 m_v_bias=1.2 m_adv_std=9.0703 m_kl_max=0.0084 m_ratio_max=0.523 w_ax@goal=+1.50 w_v@goal=16.83 return=1010.5 length=80 success_rate=1.00 collisions/ep=0.04 (n=24)
update=364 global_step=745472 SPS=663 w_ev=0.261 m_ev=0.999 m_v_bias=-1.3 m_adv_std=6.2266 m_kl_max=0.0173 m_ratio_max=0.550 w_ax@goal=+1.54 w_v@goal=16.55 return=1010.3 length=80 success_rate=1.00 collisions/ep=0.04 (n=24)
update=365 global_step=747520 SPS=664 w_ev=0.418 m_ev=0.998 m_v_bias=1.3 m_adv_std=6.5505 m_kl_max=0.0169 m_ratio_max=0.759 w_ax@goal=+1.56 w_v@goal=16.70 return=1010.2 length=78 success_rate=1.00 collisions/ep=0.03 (n=30)
Evaluation at update 365: return=1012.28, length=77.80, success_rate=1.00, collisions/ep=0.00
Solved-check at update 365: solved=True worst_gap=0.89 at p_x0=0.00 p_y0=1.00 (consecutive=9)
update=366 global_step=749568 SPS=661 w_ev=0.355 m_ev=0.998 m_v_bias=1.4 m_adv_std=7.5921 m_kl_max=0.0158 m_ratio_max=1.003 w_ax@goal=+1.56 w_v@goal=17.03 return=1010.4 length=80 success_rate=1.00 collisions/ep=0.08 (n=26)
update=367 global_step=751616 SPS=662 w_ev=0.300 m_ev=0.997 m_v_bias=-0.4 m_adv_std=8.4803 m_kl_max=0.0170 m_ratio_max=0.968 w_ax@goal=+1.62 w_v@goal=16.75 return=1005.9 length=77 success_rate=1.00 collisions/ep=0.12 (n=25)
update=368 global_step=753664 SPS=663 w_ev=0.321 m_ev=0.999 m_v_bias=-0.5 m_adv_std=6.0012 m_kl_max=0.0278 m_ratio_max=0.839 w_ax@goal=+1.57 w_v@goal=16.94 return=1010.4 length=79 success_rate=1.00 collisions/ep=0.04 (n=24)
update=369 global_step=755712 SPS=663 w_ev=0.280 m_ev=1.000 m_v_bias=0.2 m_adv_std=2.9346 m_kl_max=0.0231 m_ratio_max=1.229 w_ax@goal=+1.58 w_v@goal=16.54 return=1012.5 length=79 success_rate=1.00 collisions/ep=0.00 (n=28)
update=370 global_step=757760 SPS=664 w_ev=0.343 m_ev=0.998 m_v_bias=1.4 m_adv_std=8.2071 m_kl_max=0.0295 m_ratio_max=2.266 w_ax@goal=+1.53 w_v@goal=16.78 return=1006.8 length=81 success_rate=1.00 collisions/ep=0.12 (n=26)
Evaluation at update 370: return=1012.42, length=77.75, success_rate=1.00, collisions/ep=0.00
Solved-check at update 370: solved=True worst_gap=0.75 at p_x0=0.00 p_y0=1.00 (consecutive=10)
update=371 global_step=759808 SPS=661 w_ev=0.370 m_ev=0.998 m_v_bias=1.4 m_adv_std=7.8578 m_kl_max=0.0148 m_ratio_max=0.907 w_ax@goal=+1.53 w_v@goal=16.96 return=1010.7 length=79 success_rate=1.00 collisions/ep=0.04 (n=24)
update=372 global_step=761856 SPS=662 w_ev=0.242 m_ev=0.998 m_v_bias=-0.0 m_adv_std=6.5683 m_kl_max=0.0157 m_ratio_max=0.804 w_ax@goal=+1.56 w_v@goal=16.77 return=1008.4 length=78 success_rate=1.00 collisions/ep=0.08 (n=26)
update=373 global_step=763904 SPS=663 w_ev=0.369 m_ev=0.997 m_v_bias=0.6 m_adv_std=9.4402 m_kl_max=0.0111 m_ratio_max=0.549 w_ax@goal=+1.54 w_v@goal=16.87 return=1008.8 length=78 success_rate=1.00 collisions/ep=0.07 (n=28)
update=374 global_step=765952 SPS=663 w_ev=0.358 m_ev=0.998 m_v_bias=0.1 m_adv_std=6.7614 m_kl_max=0.0144 m_ratio_max=0.591 w_ax@goal=+1.54 w_v@goal=17.05 return=1010.8 length=81 success_rate=1.00 collisions/ep=0.04 (n=26)
update=375 global_step=768000 SPS=664 w_ev=0.403 m_ev=0.999 m_v_bias=0.1 m_adv_std=5.7900 m_kl_max=0.0146 m_ratio_max=0.690 w_ax@goal=+1.58 w_v@goal=16.97 return=1010.3 length=80 success_rate=1.00 collisions/ep=0.04 (n=25)
Evaluation at update 375: return=1012.31, length=77.80, success_rate=1.00, collisions/ep=0.00
Solved-check at update 375: solved=True worst_gap=0.87 at p_x0=0.00 p_y0=1.00 (consecutive=11)
update=376 global_step=770048 SPS=662 w_ev=0.281 m_ev=1.000 m_v_bias=-2.5 m_adv_std=3.3131 m_kl_max=0.0104 m_ratio_max=0.486 w_ax@goal=+1.52 w_v@goal=17.08 return=1012.5 length=79 success_rate=1.00 collisions/ep=0.00 (n=25)
update=377 global_step=772096 SPS=662 w_ev=0.302 m_ev=0.998 m_v_bias=0.1 m_adv_std=7.2154 m_kl_max=0.0133 m_ratio_max=0.671 w_ax@goal=+1.52 w_v@goal=16.97 return=1010.1 length=76 success_rate=1.00 collisions/ep=0.04 (n=27)
update=378 global_step=774144 SPS=663 w_ev=0.336 m_ev=0.999 m_v_bias=-1.0 m_adv_std=4.2225 m_kl_max=0.0412 m_ratio_max=1.191 w_ax@goal=+1.48 w_v@goal=17.10 return=1010.3 length=78 success_rate=1.00 collisions/ep=0.04 (n=27)
update=379 global_step=776192 SPS=664 w_ev=0.244 m_ev=0.999 m_v_bias=0.9 m_adv_std=5.5749 m_kl_max=0.0202 m_ratio_max=0.697 w_ax@goal=+1.52 w_v@goal=16.87 return=1010.3 length=78 success_rate=1.00 collisions/ep=0.04 (n=25)
update=380 global_step=778240 SPS=664 w_ev=0.286 m_ev=0.998 m_v_bias=-0.4 m_adv_std=7.5039 m_kl_max=0.0121 m_ratio_max=0.636 w_ax@goal=+1.52 w_v@goal=16.74 return=1010.4 length=79 success_rate=1.00 collisions/ep=0.04 (n=25)
Evaluation at update 380: return=1012.34, length=77.75, success_rate=1.00, collisions/ep=0.00
Solved-check at update 380: solved=False worst_gap=50.82 at p_x0=0.00 p_y0=1.00 (consecutive=12)
update=381 global_step=780288 SPS=662 w_ev=0.301 m_ev=0.999 m_v_bias=-0.3 m_adv_std=5.0877 m_kl_max=0.0200 m_ratio_max=1.949 w_ax@goal=+1.51 w_v@goal=16.86 return=1008.7 length=78 success_rate=1.00 collisions/ep=0.07 (n=28)
update=382 global_step=782336 SPS=663 w_ev=0.255 m_ev=0.998 m_v_bias=0.3 m_adv_std=6.5969 m_kl_max=0.0247 m_ratio_max=1.774 w_ax@goal=+1.46 w_v@goal=16.92 return=1013.0 length=82 success_rate=1.00 collisions/ep=0.00 (n=24)
update=383 global_step=784384 SPS=663 w_ev=0.328 m_ev=0.999 m_v_bias=0.2 m_adv_std=5.3003 m_kl_max=0.0347 m_ratio_max=1.271 w_ax@goal=+1.45 w_v@goal=16.78 return=1006.7 length=80 success_rate=1.00 collisions/ep=0.12 (n=26)
update=384 global_step=786432 SPS=664 w_ev=0.313 m_ev=0.998 m_v_bias=0.6 m_adv_std=6.1963 m_kl_max=0.0127 m_ratio_max=0.667 w_ax@goal=+1.46 w_v@goal=16.83 return=1008.1 length=79 success_rate=1.00 collisions/ep=0.08 (n=25)
update=385 global_step=788480 SPS=665 w_ev=0.348 m_ev=0.986 m_v_bias=0.6 m_adv_std=19.2869 m_kl_max=0.0161 m_ratio_max=1.030 w_ax@goal=+1.42 w_v@goal=16.93 return=1012.4 length=78 success_rate=1.00 collisions/ep=0.00 (n=26)
Evaluation at update 385: return=1012.30, length=77.80, success_rate=1.00, collisions/ep=0.00
Solved-check at update 385: solved=True worst_gap=0.88 at p_x0=0.00 p_y0=1.00 (consecutive=0)
update=386 global_step=790528 SPS=662 w_ev=0.304 m_ev=0.998 m_v_bias=-0.4 m_adv_std=6.9010 m_kl_max=0.0103 m_ratio_max=0.869 w_ax@goal=+1.41 w_v@goal=16.96 return=1005.3 length=79 success_rate=1.00 collisions/ep=0.14 (n=28)
update=387 global_step=792576 SPS=663 w_ev=0.279 m_ev=0.998 m_v_bias=0.2 m_adv_std=7.1073 m_kl_max=0.0224 m_ratio_max=1.013 w_ax@goal=+1.47 w_v@goal=16.81 return=1008.3 length=79 success_rate=1.00 collisions/ep=0.08 (n=25)
update=388 global_step=794624 SPS=664 w_ev=0.220 m_ev=0.999 m_v_bias=-0.6 m_adv_std=3.7421 m_kl_max=0.0079 m_ratio_max=0.499 w_ax@goal=+1.38 w_v@goal=16.90 return=1010.8 length=82 success_rate=1.00 collisions/ep=0.04 (n=24)
update=389 global_step=796672 SPS=664 w_ev=0.312 m_ev=0.998 m_v_bias=0.7 m_adv_std=7.0575 m_kl_max=0.0184 m_ratio_max=1.177 w_ax@goal=+1.40 w_v@goal=16.93 return=1008.5 length=80 success_rate=1.00 collisions/ep=0.08 (n=26)
update=390 global_step=798720 SPS=665 w_ev=0.301 m_ev=0.999 m_v_bias=-0.6 m_adv_std=5.7349 m_kl_max=0.0198 m_ratio_max=0.680 w_ax@goal=+1.42 w_v@goal=16.84 return=1010.3 length=79 success_rate=1.00 collisions/ep=0.08 (n=26)
Evaluation at update 390: return=1012.20, length=77.90, success_rate=1.00, collisions/ep=0.00
Solved-check at update 390: solved=True worst_gap=1.00 at p_x0=0.00 p_y0=1.00 (consecutive=1)
update=391 global_step=800768 SPS=663 w_ev=0.306 m_ev=0.999 m_v_bias=0.7 m_adv_std=5.2539 m_kl_max=0.0194 m_ratio_max=0.859 w_ax@goal=+1.46 w_v@goal=16.74 return=1010.3 length=77 success_rate=1.00 collisions/ep=0.04 (n=28)
update=392 global_step=802816 SPS=663 w_ev=0.369 m_ev=1.000 m_v_bias=-1.2 m_adv_std=2.4334 m_kl_max=0.0065 m_ratio_max=0.648 w_ax@goal=+1.53 w_v@goal=16.76 return=1012.6 length=79 success_rate=1.00 collisions/ep=0.00 (n=25)
update=393 global_step=804864 SPS=664 w_ev=0.281 m_ev=0.987 m_v_bias=2.6 m_adv_std=19.0326 m_kl_max=0.0233 m_ratio_max=0.902 w_ax@goal=+1.58 w_v@goal=16.78 return=1004.9 length=80 success_rate=1.00 collisions/ep=0.19 (n=26)
update=394 global_step=806912 SPS=665 w_ev=0.269 m_ev=0.997 m_v_bias=-2.3 m_adv_std=8.1511 m_kl_max=0.0205 m_ratio_max=0.891 w_ax@goal=+1.50 w_v@goal=16.60 return=1010.5 length=79 success_rate=1.00 collisions/ep=0.04 (n=25)
update=395 global_step=808960 SPS=665 w_ev=0.262 m_ev=0.999 m_v_bias=0.2 m_adv_std=5.6497 m_kl_max=0.0190 m_ratio_max=0.730 w_ax@goal=+1.44 w_v@goal=16.72 return=1010.5 length=78 success_rate=1.00 collisions/ep=0.04 (n=26)
Evaluation at update 395: return=1012.28, length=77.80, success_rate=1.00, collisions/ep=0.00
Solved-check at update 395: solved=True worst_gap=0.90 at p_x0=0.00 p_y0=1.00 (consecutive=2)
update=396 global_step=811008 SPS=663 w_ev=0.240 m_ev=1.000 m_v_bias=0.1 m_adv_std=2.8606 m_kl_max=0.0149 m_ratio_max=0.511 w_ax@goal=+1.57 w_v@goal=16.64 return=1012.3 length=79 success_rate=1.00 collisions/ep=0.00 (n=26)
update=397 global_step=813056 SPS=664 w_ev=0.285 m_ev=0.999 m_v_bias=0.4 m_adv_std=5.0113 m_kl_max=0.0110 m_ratio_max=0.644 w_ax@goal=+1.56 w_v@goal=16.54 return=1010.3 length=79 success_rate=1.00 collisions/ep=0.04 (n=26)
update=398 global_step=815104 SPS=664 w_ev=0.333 m_ev=1.000 m_v_bias=0.2 m_adv_std=3.0020 m_kl_max=0.0216 m_ratio_max=0.667 w_ax@goal=+1.51 w_v@goal=16.66 return=1012.2 length=79 success_rate=1.00 collisions/ep=0.00 (n=26)
update=399 global_step=817152 SPS=665 w_ev=0.326 m_ev=1.000 m_v_bias=0.8 m_adv_std=2.7600 m_kl_max=0.0185 m_ratio_max=0.932 w_ax@goal=+1.50 w_v@goal=16.85 return=1012.7 length=79 success_rate=1.00 collisions/ep=0.00 (n=26)
update=400 global_step=819200 SPS=666 w_ev=0.364 m_ev=0.998 m_v_bias=1.9 m_adv_std=7.6946 m_kl_max=0.0621 m_ratio_max=3.919 w_ax@goal=+1.44 w_v@goal=16.95 return=1008.8 length=81 success_rate=1.00 collisions/ep=0.08 (n=26)
Evaluation at update 400: return=1012.28, length=77.80, success_rate=1.00, collisions/ep=0.00
Solved-check at update 400: solved=True worst_gap=0.90 at p_x0=0.00 p_y0=1.00 (consecutive=3)
update=401 global_step=821248 SPS=663 w_ev=0.300 m_ev=0.996 m_v_bias=0.7 m_adv_std=10.7198 m_kl_max=0.0125 m_ratio_max=0.467 w_ax@goal=+1.35 w_v@goal=16.95 return=1008.7 length=81 success_rate=1.00 collisions/ep=0.08 (n=25)
update=402 global_step=823296 SPS=664 w_ev=0.294 m_ev=0.998 m_v_bias=0.1 m_adv_std=7.8114 m_kl_max=0.0156 m_ratio_max=0.539 w_ax@goal=+1.44 w_v@goal=16.74 return=1010.6 length=80 success_rate=1.00 collisions/ep=0.04 (n=26)
update=403 global_step=825344 SPS=665 w_ev=0.400 m_ev=1.000 m_v_bias=-1.2 m_adv_std=3.0693 m_kl_max=0.0207 m_ratio_max=1.111 w_ax@goal=+1.39 w_v@goal=16.90 return=1010.1 length=78 success_rate=1.00 collisions/ep=0.04 (n=26)
update=404 global_step=827392 SPS=665 w_ev=0.373 m_ev=1.000 m_v_bias=-0.6 m_adv_std=2.7318 m_kl_max=0.0150 m_ratio_max=1.154 w_ax@goal=+1.40 w_v@goal=16.97 return=1012.2 length=79 success_rate=1.00 collisions/ep=0.00 (n=25)
update=405 global_step=829440 SPS=666 w_ev=0.374 m_ev=1.000 m_v_bias=-0.8 m_adv_std=2.4958 m_kl_max=0.0086 m_ratio_max=0.680 w_ax@goal=+1.40 w_v@goal=17.10 return=1012.6 length=80 success_rate=1.00 collisions/ep=0.00 (n=27)
Evaluation at update 405: return=1012.32, length=77.80, success_rate=1.00, collisions/ep=0.00
Solved-check at update 405: solved=True worst_gap=0.86 at p_x0=0.00 p_y0=1.00 (consecutive=4)
update=406 global_step=831488 SPS=664 w_ev=0.306 m_ev=0.998 m_v_bias=2.0 m_adv_std=7.1343 m_kl_max=0.0173 m_ratio_max=0.845 w_ax@goal=+1.41 w_v@goal=17.01 return=1008.7 length=80 success_rate=1.00 collisions/ep=0.08 (n=26)
update=407 global_step=833536 SPS=664 w_ev=0.276 m_ev=0.999 m_v_bias=0.0 m_adv_std=6.1713 m_kl_max=0.0134 m_ratio_max=0.440 w_ax@goal=+1.44 w_v@goal=16.86 return=1010.7 length=80 success_rate=1.00 collisions/ep=0.04 (n=25)
update=408 global_step=835584 SPS=665 w_ev=0.302 m_ev=0.995 m_v_bias=1.1 m_adv_std=11.1487 m_kl_max=0.0152 m_ratio_max=0.543 w_ax@goal=+1.53 w_v@goal=16.98 return=1010.7 length=80 success_rate=1.00 collisions/ep=0.04 (n=25)
update=409 global_step=837632 SPS=666 w_ev=0.308 m_ev=0.999 m_v_bias=-2.9 m_adv_std=5.8133 m_kl_max=0.0565 m_ratio_max=3.394 w_ax@goal=+1.42 w_v@goal=16.96 return=1007.0 length=79 success_rate=1.00 collisions/ep=0.11 (n=27)
update=410 global_step=839680 SPS=666 w_ev=0.347 m_ev=0.999 m_v_bias=-0.6 m_adv_std=5.3813 m_kl_max=0.0145 m_ratio_max=0.667 w_ax@goal=+1.41 w_v@goal=16.91 return=1010.9 length=82 success_rate=1.00 collisions/ep=0.04 (n=25)
Evaluation at update 410: return=1012.30, length=77.80, success_rate=1.00, collisions/ep=0.00
Solved-check at update 410: solved=True worst_gap=0.89 at p_x0=0.00 p_y0=1.00 (consecutive=5)
update=411 global_step=841728 SPS=664 w_ev=0.422 m_ev=0.999 m_v_bias=-1.2 m_adv_std=5.3548 m_kl_max=0.0080 m_ratio_max=0.537 w_ax@goal=+1.44 w_v@goal=16.85 return=1010.2 length=78 success_rate=1.00 collisions/ep=0.04 (n=26)
update=412 global_step=843776 SPS=664 w_ev=0.337 m_ev=0.999 m_v_bias=-0.3 m_adv_std=6.2752 m_kl_max=0.0145 m_ratio_max=0.527 w_ax@goal=+1.40 w_v@goal=17.09 return=1012.4 length=79 success_rate=1.00 collisions/ep=0.00 (n=26)
update=413 global_step=845824 SPS=665 w_ev=0.262 m_ev=0.997 m_v_bias=-0.4 m_adv_std=9.4469 m_kl_max=0.0078 m_ratio_max=0.460 w_ax@goal=+1.44 w_v@goal=17.11 return=1006.5 length=79 success_rate=1.00 collisions/ep=0.12 (n=25)
update=414 global_step=847872 SPS=665 w_ev=0.361 m_ev=1.000 m_v_bias=-2.6 m_adv_std=3.1521 m_kl_max=0.0285 m_ratio_max=1.633 w_ax@goal=+1.41 w_v@goal=16.95 return=1010.4 length=79 success_rate=1.00 collisions/ep=0.04 (n=27)
update=415 global_step=849920 SPS=666 w_ev=0.351 m_ev=0.995 m_v_bias=1.4 m_adv_std=11.4881 m_kl_max=0.0176 m_ratio_max=0.801 w_ax@goal=+1.41 w_v@goal=17.00 return=1004.8 length=80 success_rate=1.00 collisions/ep=0.16 (n=25)
Evaluation at update 415: return=1012.46, length=77.75, success_rate=1.00, collisions/ep=0.00
Solved-check at update 415: solved=True worst_gap=0.72 at p_x0=0.00 p_y0=1.00 (consecutive=6)
update=416 global_step=851968 SPS=664 w_ev=0.369 m_ev=0.998 m_v_bias=-0.5 m_adv_std=7.1362 m_kl_max=0.0169 m_ratio_max=0.694 w_ax@goal=+1.45 w_v@goal=17.10 return=1010.6 length=80 success_rate=1.00 collisions/ep=0.04 (n=25)
update=417 global_step=854016 SPS=664 w_ev=0.277 m_ev=0.997 m_v_bias=1.1 m_adv_std=9.4594 m_kl_max=0.0249 m_ratio_max=0.733 w_ax@goal=+1.40 w_v@goal=17.10 return=1008.3 length=78 success_rate=1.00 collisions/ep=0.08 (n=26)
update=418 global_step=856064 SPS=665 w_ev=0.329 m_ev=0.999 m_v_bias=-1.7 m_adv_std=5.3370 m_kl_max=0.0102 m_ratio_max=0.663 w_ax@goal=+1.42 w_v@goal=16.92 return=1011.0 length=80 success_rate=1.00 collisions/ep=0.04 (n=26)
update=419 global_step=858112 SPS=665 w_ev=0.378 m_ev=0.998 m_v_bias=0.8 m_adv_std=6.5186 m_kl_max=0.0448 m_ratio_max=0.954 w_ax@goal=+1.40 w_v@goal=17.17 return=1010.5 length=79 success_rate=1.00 collisions/ep=0.04 (n=26)
update=420 global_step=860160 SPS=666 w_ev=0.413 m_ev=0.999 m_v_bias=1.0 m_adv_std=6.0536 m_kl_max=0.0170 m_ratio_max=0.805 w_ax@goal=+1.36 w_v@goal=17.17 return=1010.3 length=78 success_rate=1.00 collisions/ep=0.04 (n=27)
Evaluation at update 420: return=1012.41, length=77.75, success_rate=1.00, collisions/ep=0.00
Solved-check at update 420: solved=True worst_gap=0.76 at p_x0=0.00 p_y0=1.00 (consecutive=7)
update=421 global_step=862208 SPS=664 w_ev=0.431 m_ev=0.997 m_v_bias=1.0 m_adv_std=9.4912 m_kl_max=0.0223 m_ratio_max=0.825 w_ax@goal=+1.44 w_v@goal=17.39 return=1008.0 length=77 success_rate=1.00 collisions/ep=0.08 (n=26)
update=422 global_step=864256 SPS=664 w_ev=0.412 m_ev=0.996 m_v_bias=1.1 m_adv_std=10.0806 m_kl_max=0.0143 m_ratio_max=0.528 w_ax@goal=+1.40 w_v@goal=17.39 return=1012.6 length=80 success_rate=1.00 collisions/ep=0.00 (n=25)
update=423 global_step=866304 SPS=665 w_ev=0.429 m_ev=0.998 m_v_bias=-2.1 m_adv_std=6.6049 m_kl_max=0.0130 m_ratio_max=0.666 w_ax@goal=+1.47 w_v@goal=17.55 return=1003.7 length=80 success_rate=1.00 collisions/ep=0.19 (n=27)
update=424 global_step=868352 SPS=666 w_ev=0.326 m_ev=0.999 m_v_bias=-1.4 m_adv_std=4.3508 m_kl_max=0.0267 m_ratio_max=1.061 w_ax@goal=+1.42 w_v@goal=17.43 return=1010.7 length=80 success_rate=1.00 collisions/ep=0.04 (n=25)
update=425 global_step=870400 SPS=666 w_ev=0.435 m_ev=0.999 m_v_bias=0.1 m_adv_std=5.2773 m_kl_max=0.0138 m_ratio_max=0.794 w_ax@goal=+1.39 w_v@goal=17.52 return=1010.5 length=80 success_rate=1.00 collisions/ep=0.04 (n=25)
Evaluation at update 425: return=1012.29, length=77.80, success_rate=1.00, collisions/ep=0.00
Solved-check at update 425: solved=False worst_gap=50.90 at p_x0=0.00 p_y0=1.00 (consecutive=8)
update=426 global_step=872448 SPS=664 w_ev=0.410 m_ev=0.999 m_v_bias=-0.6 m_adv_std=4.9468 m_kl_max=0.0360 m_ratio_max=1.936 w_ax@goal=+1.37 w_v@goal=17.53 return=1010.3 length=79 success_rate=1.00 collisions/ep=0.04 (n=25)
update=427 global_step=874496 SPS=665 w_ev=0.417 m_ev=1.000 m_v_bias=-1.2 m_adv_std=3.3388 m_kl_max=0.0156 m_ratio_max=0.979 w_ax@goal=+1.41 w_v@goal=17.29 return=1011.9 length=79 success_rate=1.00 collisions/ep=0.00 (n=27)
update=428 global_step=876544 SPS=665 w_ev=0.451 m_ev=0.997 m_v_bias=1.6 m_adv_std=9.9112 m_kl_max=0.0319 m_ratio_max=1.163 w_ax@goal=+1.34 w_v@goal=17.55 return=1012.3 length=80 success_rate=1.00 collisions/ep=0.00 (n=27)
update=429 global_step=878592 SPS=666 w_ev=0.448 m_ev=0.998 m_v_bias=-0.0 m_adv_std=6.9136 m_kl_max=0.0168 m_ratio_max=0.611 w_ax@goal=+1.39 w_v@goal=17.62 return=999.5 length=79 success_rate=1.00 collisions/ep=0.25 (n=24)
update=430 global_step=880640 SPS=667 w_ev=0.399 m_ev=0.999 m_v_bias=-0.3 m_adv_std=4.9131 m_kl_max=0.0223 m_ratio_max=0.868 w_ax@goal=+1.30 w_v@goal=17.48 return=1010.4 length=79 success_rate=1.00 collisions/ep=0.04 (n=28)
Evaluation at update 430: return=1012.08, length=78.00, success_rate=1.00, collisions/ep=0.00
Solved-check at update 430: solved=True worst_gap=0.99 at p_x0=0.50 p_y0=1.00 (consecutive=0)
update=431 global_step=882688 SPS=665 w_ev=0.300 m_ev=0.998 m_v_bias=0.1 m_adv_std=7.3496 m_kl_max=0.0143 m_ratio_max=0.572 w_ax@goal=+1.28 w_v@goal=17.38 return=1008.2 length=80 success_rate=1.00 collisions/ep=0.08 (n=24)
update=432 global_step=884736 SPS=665 w_ev=0.316 m_ev=0.998 m_v_bias=-0.6 m_adv_std=7.2469 m_kl_max=0.0207 m_ratio_max=0.904 w_ax@goal=+1.24 w_v@goal=17.25 return=1008.2 length=79 success_rate=1.00 collisions/ep=0.08 (n=26)
update=433 global_step=886784 SPS=666 w_ev=0.334 m_ev=0.991 m_v_bias=2.1 m_adv_std=15.4806 m_kl_max=0.0129 m_ratio_max=0.519 w_ax@goal=+1.25 w_v@goal=17.31 return=1002.3 length=79 success_rate=1.00 collisions/ep=0.19 (n=26)
update=434 global_step=888832 SPS=666 w_ev=0.379 m_ev=0.998 m_v_bias=-1.2 m_adv_std=6.9024 m_kl_max=0.0272 m_ratio_max=0.785 w_ax@goal=+1.13 w_v@goal=17.26 return=1010.1 length=79 success_rate=1.00 collisions/ep=0.04 (n=26)
update=435 global_step=890880 SPS=667 w_ev=0.324 m_ev=0.999 m_v_bias=0.2 m_adv_std=5.2794 m_kl_max=0.0079 m_ratio_max=0.639 w_ax@goal=+1.17 w_v@goal=17.08 return=1011.9 length=80 success_rate=1.00 collisions/ep=0.00 (n=25)
Evaluation at update 435: return=1011.97, length=78.15, success_rate=1.00, collisions/ep=0.00
Solved-check at update 435: solved=True worst_gap=1.12 at p_x0=0.00 p_y0=1.00 (consecutive=1)
update=436 global_step=892928 SPS=665 w_ev=0.385 m_ev=0.998 m_v_bias=-0.5 m_adv_std=7.0460 m_kl_max=0.0365 m_ratio_max=3.027 w_ax@goal=+1.09 w_v@goal=17.17 return=1006.4 length=79 success_rate=1.00 collisions/ep=0.11 (n=27)
update=437 global_step=894976 SPS=665 w_ev=0.297 m_ev=1.000 m_v_bias=-1.1 m_adv_std=3.2916 m_kl_max=0.0134 m_ratio_max=0.808 w_ax@goal=+1.14 w_v@goal=17.19 return=1012.1 length=80 success_rate=1.00 collisions/ep=0.00 (n=24)
update=438 global_step=897024 SPS=666 w_ev=0.375 m_ev=0.999 m_v_bias=0.5 m_adv_std=4.8917 m_kl_max=0.0266 m_ratio_max=0.986 w_ax@goal=+1.11 w_v@goal=17.25 return=1009.5 length=78 success_rate=1.00 collisions/ep=0.04 (n=28)
update=439 global_step=899072 SPS=667 w_ev=0.287 m_ev=0.989 m_v_bias=1.8 m_adv_std=17.3996 m_kl_max=0.0211 m_ratio_max=0.812 w_ax@goal=+1.14 w_v@goal=17.23 return=1007.8 length=79 success_rate=1.00 collisions/ep=0.08 (n=26)
update=440 global_step=901120 SPS=667 w_ev=0.368 m_ev=0.999 m_v_bias=-0.7 m_adv_std=5.8861 m_kl_max=0.0291 m_ratio_max=0.725 w_ax@goal=+1.07 w_v@goal=17.10 return=1005.6 length=80 success_rate=1.00 collisions/ep=0.12 (n=25)
Evaluation at update 440: return=1012.04, length=78.15, success_rate=1.00, collisions/ep=0.00
Solved-check at update 440: solved=True worst_gap=1.05 at p_x0=0.00 p_y0=1.00 (consecutive=2)
update=441 global_step=903168 SPS=665 w_ev=0.406 m_ev=0.999 m_v_bias=1.4 m_adv_std=6.3463 m_kl_max=0.0141 m_ratio_max=1.349 w_ax@goal=+1.20 w_v@goal=17.26 return=1011.7 length=79 success_rate=1.00 collisions/ep=0.00 (n=26)
update=442 global_step=905216 SPS=666 w_ev=0.360 m_ev=0.999 m_v_bias=-1.1 m_adv_std=3.6054 m_kl_max=0.0173 m_ratio_max=0.641 w_ax@goal=+1.13 w_v@goal=17.22 return=1009.7 length=79 success_rate=1.00 collisions/ep=0.04 (n=26)
update=443 global_step=907264 SPS=666 w_ev=0.335 m_ev=1.000 m_v_bias=-0.3 m_adv_std=3.1334 m_kl_max=0.0184 m_ratio_max=0.978 w_ax@goal=+1.12 w_v@goal=17.26 return=1011.9 length=78 success_rate=1.00 collisions/ep=0.00 (n=26)
update=444 global_step=909312 SPS=667 w_ev=0.404 m_ev=1.000 m_v_bias=-0.2 m_adv_std=3.1849 m_kl_max=0.0243 m_ratio_max=1.667 w_ax@goal=+1.21 w_v@goal=17.32 return=1012.0 length=78 success_rate=1.00 collisions/ep=0.00 (n=26)
update=445 global_step=911360 SPS=667 w_ev=0.329 m_ev=1.000 m_v_bias=0.5 m_adv_std=2.6669 m_kl_max=0.0122 m_ratio_max=0.686 w_ax@goal=+1.06 w_v@goal=17.30 return=1012.4 length=81 success_rate=1.00 collisions/ep=0.00 (n=27)
Evaluation at update 445: return=1012.19, length=77.95, success_rate=1.00, collisions/ep=0.00
Solved-check at update 445: solved=True worst_gap=1.00 at p_x0=0.00 p_y0=0.00 (consecutive=3)
update=446 global_step=913408 SPS=665 w_ev=0.332 m_ev=1.000 m_v_bias=0.2 m_adv_std=3.1622 m_kl_max=0.0317 m_ratio_max=1.306 w_ax@goal=+1.03 w_v@goal=17.15 return=1011.9 length=78 success_rate=1.00 collisions/ep=0.00 (n=25)
update=447 global_step=915456 SPS=666 w_ev=0.369 m_ev=1.000 m_v_bias=0.6 m_adv_std=2.9665 m_kl_max=0.0154 m_ratio_max=0.911 w_ax@goal=+1.03 w_v@goal=17.24 return=1011.8 length=78 success_rate=1.00 collisions/ep=0.00 (n=25)
update=448 global_step=917504 SPS=666 w_ev=0.385 m_ev=0.999 m_v_bias=0.2 m_adv_std=5.2219 m_kl_max=0.0140 m_ratio_max=0.619 w_ax@goal=+1.08 w_v@goal=17.33 return=1009.8 length=77 success_rate=1.00 collisions/ep=0.04 (n=28)
update=449 global_step=919552 SPS=667 w_ev=0.335 m_ev=0.981 m_v_bias=4.3 m_adv_std=23.2744 m_kl_max=0.0114 m_ratio_max=0.463 w_ax@goal=+1.02 w_v@goal=17.24 return=1002.0 length=80 success_rate=1.00 collisions/ep=0.20 (n=25)
update=450 global_step=921600 SPS=667 w_ev=0.334 m_ev=0.998 m_v_bias=-0.7 m_adv_std=8.2350 m_kl_max=0.0462 m_ratio_max=0.855 w_ax@goal=+1.12 w_v@goal=17.15 return=1012.1 length=81 success_rate=1.00 collisions/ep=0.00 (n=27)
Evaluation at update 450: return=1012.15, length=78.00, success_rate=1.00, collisions/ep=0.00
Solved-check at update 450: solved=True worst_gap=0.92 at p_x0=0.50 p_y0=1.00 (consecutive=4)
update=451 global_step=923648 SPS=665 w_ev=0.328 m_ev=0.999 m_v_bias=-0.9 m_adv_std=5.2059 m_kl_max=0.0169 m_ratio_max=0.462 w_ax@goal=+0.96 w_v@goal=17.23 return=1011.7 length=80 success_rate=1.00 collisions/ep=0.00 (n=25)
update=452 global_step=925696 SPS=666 w_ev=0.427 m_ev=0.999 m_v_bias=0.4 m_adv_std=5.8692 m_kl_max=0.0248 m_ratio_max=0.853 w_ax@goal=+1.06 w_v@goal=17.33 return=1009.8 length=79 success_rate=1.00 collisions/ep=0.04 (n=25)
update=453 global_step=927744 SPS=666 w_ev=0.343 m_ev=0.999 m_v_bias=0.0 m_adv_std=4.8076 m_kl_max=0.0216 m_ratio_max=1.402 w_ax@goal=+1.08 w_v@goal=17.13 return=1009.7 length=79 success_rate=1.00 collisions/ep=0.04 (n=26)
update=454 global_step=929792 SPS=667 w_ev=0.391 m_ev=1.000 m_v_bias=-0.9 m_adv_std=3.1702 m_kl_max=0.0151 m_ratio_max=1.019 w_ax@goal=+1.04 w_v@goal=17.20 return=1011.6 length=79 success_rate=1.00 collisions/ep=0.00 (n=26)
update=455 global_step=931840 SPS=667 w_ev=0.399 m_ev=1.000 m_v_bias=0.3 m_adv_std=3.5336 m_kl_max=0.0090 m_ratio_max=0.446 w_ax@goal=+1.04 w_v@goal=17.32 return=1011.5 length=79 success_rate=1.00 collisions/ep=0.00 (n=28)
Evaluation at update 455: return=1011.88, length=78.15, success_rate=1.00, collisions/ep=0.00
Solved-check at update 455: solved=True worst_gap=1.21 at p_x0=0.00 p_y0=1.00 (consecutive=5)
update=456 global_step=933888 SPS=665 w_ev=0.390 m_ev=1.000 m_v_bias=-1.3 m_adv_std=3.4640 m_kl_max=0.0195 m_ratio_max=1.331 w_ax@goal=+0.99 w_v@goal=17.22 return=1011.9 length=80 success_rate=1.00 collisions/ep=0.00 (n=24)
update=457 global_step=935936 SPS=666 w_ev=0.321 m_ev=1.000 m_v_bias=-0.7 m_adv_std=3.2758 m_kl_max=0.0198 m_ratio_max=1.985 w_ax@goal=+1.00 w_v@goal=17.33 return=1012.3 length=82 success_rate=1.00 collisions/ep=0.00 (n=24)
update=458 global_step=937984 SPS=666 w_ev=0.358 m_ev=0.999 m_v_bias=-0.2 m_adv_std=5.6869 m_kl_max=0.0380 m_ratio_max=1.035 w_ax@goal=+1.07 w_v@goal=17.22 return=1009.5 length=79 success_rate=1.00 collisions/ep=0.04 (n=24)
update=459 global_step=940032 SPS=667 w_ev=0.347 m_ev=1.000 m_v_bias=-1.0 m_adv_std=3.2409 m_kl_max=0.0249 m_ratio_max=0.733 w_ax@goal=+1.08 w_v@goal=17.20 return=1012.2 length=80 success_rate=1.00 collisions/ep=0.00 (n=27)
update=460 global_step=942080 SPS=667 w_ev=0.386 m_ev=0.998 m_v_bias=0.9 m_adv_std=8.2358 m_kl_max=0.0186 m_ratio_max=0.606 w_ax@goal=+1.08 w_v@goal=17.28 return=1009.9 length=79 success_rate=1.00 collisions/ep=0.04 (n=27)
Evaluation at update 460: return=1011.91, length=78.15, success_rate=1.00, collisions/ep=0.00
Solved-check at update 460: solved=True worst_gap=1.17 at p_x0=0.00 p_y0=1.00 (consecutive=6)
update=461 global_step=944128 SPS=665 w_ev=0.330 m_ev=0.999 m_v_bias=-1.9 m_adv_std=6.1872 m_kl_max=0.0240 m_ratio_max=0.927 w_ax@goal=+0.98 w_v@goal=17.33 return=1009.3 length=80 success_rate=1.00 collisions/ep=0.04 (n=24)
update=462 global_step=946176 SPS=666 w_ev=0.370 m_ev=0.998 m_v_bias=2.0 m_adv_std=8.1272 m_kl_max=0.0230 m_ratio_max=1.342 w_ax@goal=+0.97 w_v@goal=17.17 return=1009.8 length=81 success_rate=1.00 collisions/ep=0.04 (n=26)
update=463 global_step=948224 SPS=666 w_ev=0.404 m_ev=0.999 m_v_bias=-1.8 m_adv_std=3.9440 m_kl_max=0.0171 m_ratio_max=0.719 w_ax@goal=+1.01 w_v@goal=17.26 return=1009.8 length=81 success_rate=1.00 collisions/ep=0.04 (n=27)
update=464 global_step=950272 SPS=667 w_ev=0.455 m_ev=0.994 m_v_bias=2.7 m_adv_std=12.5470 m_kl_max=0.0327 m_ratio_max=2.618 w_ax@goal=+0.94 w_v@goal=17.36 return=1003.5 length=79 success_rate=1.00 collisions/ep=0.15 (n=26)
update=465 global_step=952320 SPS=667 w_ev=0.422 m_ev=0.997 m_v_bias=-1.8 m_adv_std=9.5446 m_kl_max=0.0301 m_ratio_max=1.265 w_ax@goal=+0.98 w_v@goal=17.61 return=1009.9 length=82 success_rate=1.00 collisions/ep=0.04 (n=24)
Evaluation at update 465: return=1011.82, length=78.15, success_rate=1.00, collisions/ep=0.00
Solved-check at update 465: solved=True worst_gap=1.25 at p_x0=0.00 p_y0=1.00 (consecutive=7)
update=466 global_step=954368 SPS=665 w_ev=0.352 m_ev=0.999 m_v_bias=-2.7 m_adv_std=5.5386 m_kl_max=0.0173 m_ratio_max=0.661 w_ax@goal=+0.98 w_v@goal=17.27 return=1007.7 length=80 success_rate=1.00 collisions/ep=0.08 (n=24)
update=467 global_step=956416 SPS=666 w_ev=0.323 m_ev=0.999 m_v_bias=-1.2 m_adv_std=4.7313 m_kl_max=0.0099 m_ratio_max=0.879 w_ax@goal=+1.02 w_v@goal=17.34 return=1009.8 length=82 success_rate=1.00 collisions/ep=0.04 (n=24)
update=468 global_step=958464 SPS=667 w_ev=0.350 m_ev=1.000 m_v_bias=-1.0 m_adv_std=3.1800 m_kl_max=0.0163 m_ratio_max=0.577 w_ax@goal=+0.90 w_v@goal=17.25 return=1012.1 length=81 success_rate=1.00 collisions/ep=0.00 (n=26)
update=469 global_step=960512 SPS=667 w_ev=0.424 m_ev=0.999 m_v_bias=0.1 m_adv_std=6.3375 m_kl_max=0.0216 m_ratio_max=1.004 w_ax@goal=+1.00 w_v@goal=17.37 return=1008.0 length=80 success_rate=1.00 collisions/ep=0.07 (n=28)
update=470 global_step=962560 SPS=668 w_ev=0.436 m_ev=0.998 m_v_bias=1.3 m_adv_std=7.8063 m_kl_max=0.0214 m_ratio_max=0.647 w_ax@goal=+0.98 w_v@goal=17.33 return=1007.8 length=78 success_rate=1.00 collisions/ep=0.08 (n=26)
Evaluation at update 470: return=1012.07, length=78.05, success_rate=1.00, collisions/ep=0.00
Solved-check at update 470: solved=True worst_gap=0.99 at p_x0=0.50 p_y0=1.00 (consecutive=8)
update=471 global_step=964608 SPS=666 w_ev=0.405 m_ev=0.995 m_v_bias=1.2 m_adv_std=11.1176 m_kl_max=0.0200 m_ratio_max=0.603 w_ax@goal=+1.00 w_v@goal=17.49 return=1005.7 length=79 success_rate=1.00 collisions/ep=0.12 (n=24)
update=472 global_step=966656 SPS=666 w_ev=0.419 m_ev=0.998 m_v_bias=-1.1 m_adv_std=6.4885 m_kl_max=0.0246 m_ratio_max=0.918 w_ax@goal=+1.03 w_v@goal=17.41 return=1010.2 length=81 success_rate=1.00 collisions/ep=0.04 (n=27)
update=473 global_step=968704 SPS=667 w_ev=0.446 m_ev=0.999 m_v_bias=-1.5 m_adv_std=3.9941 m_kl_max=0.0156 m_ratio_max=0.464 w_ax@goal=+0.94 w_v@goal=17.34 return=1012.1 length=80 success_rate=1.00 collisions/ep=0.00 (n=26)
update=474 global_step=970752 SPS=667 w_ev=0.435 m_ev=0.998 m_v_bias=1.0 m_adv_std=6.9631 m_kl_max=0.0061 m_ratio_max=0.604 w_ax@goal=+1.04 w_v@goal=17.29 return=1008.3 length=80 success_rate=1.00 collisions/ep=0.08 (n=26)
update=475 global_step=972800 SPS=668 w_ev=0.394 m_ev=1.000 m_v_bias=0.6 m_adv_std=3.1847 m_kl_max=0.0203 m_ratio_max=1.600 w_ax@goal=+0.96 w_v@goal=17.39 return=1012.1 length=79 success_rate=1.00 collisions/ep=0.00 (n=24)
Evaluation at update 475: return=1012.27, length=77.80, success_rate=1.00, collisions/ep=0.00
Solved-check at update 475: solved=True worst_gap=0.99 at p_x0=0.00 p_y0=1.00 (consecutive=9)
update=476 global_step=974848 SPS=666 w_ev=0.384 m_ev=0.999 m_v_bias=1.5 m_adv_std=5.5177 m_kl_max=0.0261 m_ratio_max=1.142 w_ax@goal=+0.93 w_v@goal=17.30 return=1010.3 length=80 success_rate=1.00 collisions/ep=0.04 (n=26)
update=477 global_step=976896 SPS=667 w_ev=0.387 m_ev=0.999 m_v_bias=0.6 m_adv_std=5.9611 m_kl_max=0.0276 m_ratio_max=0.888 w_ax@goal=+0.93 w_v@goal=17.25 return=1010.1 length=78 success_rate=1.00 collisions/ep=0.04 (n=28)
update=478 global_step=978944 SPS=667 w_ev=0.266 m_ev=0.996 m_v_bias=2.0 m_adv_std=9.6486 m_kl_max=0.0217 m_ratio_max=1.337 w_ax@goal=+0.95 w_v@goal=17.31 return=1007.9 length=79 success_rate=1.00 collisions/ep=0.08 (n=24)
update=479 global_step=980992 SPS=668 w_ev=0.389 m_ev=0.999 m_v_bias=-0.5 m_adv_std=5.4506 m_kl_max=0.0438 m_ratio_max=1.683 w_ax@goal=+0.96 w_v@goal=17.30 return=1010.4 length=81 success_rate=1.00 collisions/ep=0.04 (n=24)
update=480 global_step=983040 SPS=668 w_ev=0.397 m_ev=0.995 m_v_bias=1.6 m_adv_std=11.3639 m_kl_max=0.0079 m_ratio_max=0.452 w_ax@goal=+0.89 w_v@goal=17.24 return=1006.4 length=80 success_rate=1.00 collisions/ep=0.11 (n=27)
Evaluation at update 480: return=1012.19, length=77.90, success_rate=1.00, collisions/ep=0.00
Solved-check at update 480: solved=True worst_gap=1.51 at p_x0=2.00 p_y0=1.00 (consecutive=10)
update=481 global_step=985088 SPS=666 w_ev=0.353 m_ev=0.998 m_v_bias=-1.6 m_adv_std=7.1458 m_kl_max=0.0468 m_ratio_max=0.946 w_ax@goal=+0.77 w_v@goal=17.27 return=1010.1 length=80 success_rate=1.00 collisions/ep=0.04 (n=26)
update=482 global_step=987136 SPS=667 w_ev=0.360 m_ev=0.996 m_v_bias=2.7 m_adv_std=10.7207 m_kl_max=0.0369 m_ratio_max=0.860 w_ax@goal=+0.78 w_v@goal=17.18 return=1005.6 length=80 success_rate=1.00 collisions/ep=0.12 (n=26)
update=483 global_step=989184 SPS=667 w_ev=0.341 m_ev=0.999 m_v_bias=-1.4 m_adv_std=5.2303 m_kl_max=0.0199 m_ratio_max=0.889 w_ax@goal=+0.81 w_v@goal=17.32 return=1011.9 length=81 success_rate=1.00 collisions/ep=0.00 (n=25)
update=484 global_step=991232 SPS=668 w_ev=0.423 m_ev=0.998 m_v_bias=1.7 m_adv_std=7.3975 m_kl_max=0.0162 m_ratio_max=0.970 w_ax@goal=+0.70 w_v@goal=17.12 return=1009.7 length=80 success_rate=1.00 collisions/ep=0.04 (n=26)
update=485 global_step=993280 SPS=668 w_ev=0.361 m_ev=0.999 m_v_bias=-1.0 m_adv_std=6.2368 m_kl_max=0.0120 m_ratio_max=0.715 w_ax@goal=+0.87 w_v@goal=17.26 return=1009.7 length=80 success_rate=1.00 collisions/ep=0.04 (n=25)
Evaluation at update 485: return=1012.19, length=77.95, success_rate=1.00, collisions/ep=0.00
Solved-check at update 485: solved=True worst_gap=1.14 at p_x0=2.00 p_y0=1.00 (consecutive=11)
update=486 global_step=995328 SPS=666 w_ev=0.333 m_ev=0.998 m_v_bias=-0.9 m_adv_std=6.5791 m_kl_max=0.0221 m_ratio_max=0.752 w_ax@goal=+0.77 w_v@goal=17.19 return=1010.1 length=80 success_rate=1.00 collisions/ep=0.04 (n=26)
update=487 global_step=997376 SPS=667 w_ev=0.442 m_ev=0.998 m_v_bias=-1.0 m_adv_std=6.8071 m_kl_max=0.0160 m_ratio_max=0.634 w_ax@goal=+0.65 w_v@goal=17.20 return=1009.8 length=80 success_rate=1.00 collisions/ep=0.04 (n=25)
update=488 global_step=999424 SPS=667 w_ev=0.483 m_ev=0.999 m_v_bias=-0.2 m_adv_std=6.0025 m_kl_max=0.0190 m_ratio_max=0.541 w_ax@goal=+0.70 w_v@goal=17.39 return=1009.8 length=81 success_rate=1.00 collisions/ep=0.04 (n=27)
Saved checkpoints to C:\Users\loren\Desktop\MASTER THESIS\5_CODE\scenarios\slalom\scripts\scenarios/slalom/studies/blind_worker\coef_0.02\runs\hppo_slalom_2_1790410866
