Using device: cpu
Solved-check: precomputed optimal returns for 25 fixed initial conditions (mean=1013.0, min=1011.0, max=1015.0); solved-tolerance=5.0
num_envs=8 num_steps_per_env=256 worker_batch_size=2048 worker_minibatch_size=256 num_updates=488 timesteps=999424 (requested 1000000; 576 dropped by integer division)
update=1 global_step=2048 SPS=1088 w_ev=-0.016 m_ev=-0.000 m_v_bias=51.8 m_adv_std=241.1231 m_kl_max=0.0003 m_ratio_max=0.080 w_ax@goal=-0.04 w_v@goal=-0.04 return=-182.9 length=170 success_rate=0.38 collisions/ep=8.62 (n=8)
update=2 global_step=4096 SPS=1090 w_ev=0.156 m_ev=0.583 m_v_bias=1.0 m_adv_std=180.7887 m_kl_max=0.0021 m_ratio_max=0.236 w_ax@goal=+0.15 w_v@goal=0.79 return=-182.0 length=188 success_rate=0.30 collisions/ep=6.40 (n=10)
update=3 global_step=6144 SPS=1081 w_ev=0.229 m_ev=0.653 m_v_bias=24.9 m_adv_std=205.7253 m_kl_max=0.0015 m_ratio_max=0.231 w_ax@goal=-0.01 w_v@goal=1.02 return=-66.7 length=175 success_rate=0.42 collisions/ep=7.08 (n=12)
update=4 global_step=8192 SPS=1074 w_ev=0.335 m_ev=0.813 m_v_bias=-13.8 m_adv_std=162.1322 m_kl_max=0.0035 m_ratio_max=0.282 w_ax@goal=+0.16 w_v@goal=1.88 return=-181.1 length=164 success_rate=0.54 collisions/ep=12.46 (n=13)
update=5 global_step=10240 SPS=1079 w_ev=0.322 m_ev=0.762 m_v_bias=-39.4 m_adv_std=193.5306 m_kl_max=0.0020 m_ratio_max=0.186 w_ax@goal=+0.21 w_v@goal=2.38 return=3.9 length=158 success_rate=0.67 collisions/ep=11.47 (n=15)
Evaluation at update 5: return=487.84, length=97.70, success_rate=1.00, collisions/ep=10.10
Solved-check at update 5: solved=False worst_gap=1170.44 at p_x0=0.00 p_y0=-1.00 (consecutive=0)
update=6 global_step=12288 SPS=728 w_ev=0.258 m_ev=0.784 m_v_bias=-72.4 m_adv_std=158.0234 m_kl_max=0.0020 m_ratio_max=0.404 w_ax@goal=+0.38 w_v@goal=3.55 return=439.4 length=126 success_rate=0.94 collisions/ep=9.38 (n=16)
update=7 global_step=14336 SPS=790 w_ev=0.214 m_ev=0.865 m_v_bias=-53.5 m_adv_std=109.9285 m_kl_max=0.0028 m_ratio_max=0.265 w_ax@goal=+0.39 w_v@goal=4.13 return=571.0 length=107 success_rate=1.00 collisions/ep=8.32 (n=19)
update=8 global_step=16384 SPS=842 w_ev=0.271 m_ev=0.907 m_v_bias=-36.0 m_adv_std=87.9251 m_kl_max=0.0023 m_ratio_max=0.306 w_ax@goal=+0.45 w_v@goal=6.40 return=699.1 length=101 success_rate=1.00 collisions/ep=5.81 (n=21)
update=9 global_step=18432 SPS=886 w_ev=0.167 m_ev=0.858 m_v_bias=18.2 m_adv_std=110.3134 m_kl_max=0.0032 m_ratio_max=0.253 w_ax@goal=+0.54 w_v@goal=7.78 return=630.0 length=97 success_rate=1.00 collisions/ep=7.33 (n=21)
update=10 global_step=20480 SPS=921 w_ev=0.261 m_ev=0.904 m_v_bias=-19.2 m_adv_std=85.0088 m_kl_max=0.0041 m_ratio_max=0.300 w_ax@goal=+0.64 w_v@goal=8.06 return=689.4 length=93 success_rate=1.00 collisions/ep=6.41 (n=22)
Evaluation at update 10: return=333.79, length=84.35, success_rate=1.00, collisions/ep=14.15
Solved-check at update 10: solved=False worst_gap=1256.88 at p_x0=0.00 p_y0=-1.00 (consecutive=0)
update=11 global_step=22528 SPS=822 w_ev=0.150 m_ev=0.887 m_v_bias=30.1 m_adv_std=98.7351 m_kl_max=0.0078 m_ratio_max=0.421 w_ax@goal=+0.58 w_v@goal=8.55 return=571.3 length=93 success_rate=1.00 collisions/ep=8.68 (n=22)
update=12 global_step=24576 SPS=858 w_ev=0.148 m_ev=0.892 m_v_bias=15.3 m_adv_std=94.4814 m_kl_max=0.0065 m_ratio_max=0.746 w_ax@goal=+0.64 w_v@goal=8.44 return=623.6 length=91 success_rate=1.00 collisions/ep=7.78 (n=23)
update=13 global_step=26624 SPS=889 w_ev=0.110 m_ev=0.890 m_v_bias=-7.9 m_adv_std=101.0309 m_kl_max=0.0027 m_ratio_max=0.258 w_ax@goal=+0.56 w_v@goal=8.50 return=616.5 length=88 success_rate=1.00 collisions/ep=7.96 (n=23)
update=14 global_step=28672 SPS=919 w_ev=0.119 m_ev=0.912 m_v_bias=-16.2 m_adv_std=77.0111 m_kl_max=0.0039 m_ratio_max=0.317 w_ax@goal=+0.66 w_v@goal=8.69 return=581.9 length=89 success_rate=1.00 collisions/ep=8.52 (n=23)
update=15 global_step=30720 SPS=946 w_ev=0.109 m_ev=0.893 m_v_bias=1.4 m_adv_std=89.3879 m_kl_max=0.0046 m_ratio_max=0.326 w_ax@goal=+0.63 w_v@goal=8.36 return=703.1 length=90 success_rate=1.00 collisions/ep=6.14 (n=22)
Evaluation at update 15: return=524.56, length=83.60, success_rate=1.00, collisions/ep=9.65
Solved-check at update 15: solved=False worst_gap=955.91 at p_x0=0.00 p_y0=-1.00 (consecutive=0)
update=16 global_step=32768 SPS=877 w_ev=0.106 m_ev=0.897 m_v_bias=-3.9 m_adv_std=89.1503 m_kl_max=0.0136 m_ratio_max=0.475 w_ax@goal=+0.55 w_v@goal=8.84 return=666.7 length=91 success_rate=1.00 collisions/ep=6.79 (n=24)
update=17 global_step=34816 SPS=907 w_ev=0.107 m_ev=0.892 m_v_bias=-3.9 m_adv_std=84.8050 m_kl_max=0.0104 m_ratio_max=0.437 w_ax@goal=+0.68 w_v@goal=8.95 return=693.6 length=89 success_rate=1.00 collisions/ep=6.35 (n=23)
update=18 global_step=36864 SPS=933 w_ev=0.031 m_ev=0.863 m_v_bias=18.6 m_adv_std=98.9246 m_kl_max=0.0024 m_ratio_max=0.278 w_ax@goal=+0.76 w_v@goal=9.31 return=621.0 length=86 success_rate=1.00 collisions/ep=7.96 (n=24)
update=19 global_step=38912 SPS=955 w_ev=0.077 m_ev=0.911 m_v_bias=-11.4 m_adv_std=81.7965 m_kl_max=0.0142 m_ratio_max=0.554 w_ax@goal=+0.78 w_v@goal=9.22 return=642.1 length=88 success_rate=1.00 collisions/ep=7.54 (n=24)
update=20 global_step=40960 SPS=978 w_ev=0.050 m_ev=0.848 m_v_bias=-13.0 m_adv_std=95.4298 m_kl_max=0.0270 m_ratio_max=0.567 w_ax@goal=+0.73 w_v@goal=9.21 return=696.4 length=86 success_rate=1.00 collisions/ep=6.30 (n=23)
Evaluation at update 20: return=531.54, length=81.65, success_rate=1.00, collisions/ep=9.55
Solved-check at update 20: solved=False worst_gap=903.86 at p_x0=0.00 p_y0=-1.00 (consecutive=0)
update=21 global_step=43008 SPS=929 w_ev=0.075 m_ev=0.893 m_v_bias=7.7 m_adv_std=86.1933 m_kl_max=0.0069 m_ratio_max=0.538 w_ax@goal=+0.92 w_v@goal=9.87 return=643.8 length=88 success_rate=1.00 collisions/ep=7.38 (n=24)
update=22 global_step=45056 SPS=952 w_ev=0.134 m_ev=0.936 m_v_bias=-24.4 m_adv_std=62.7450 m_kl_max=0.0056 m_ratio_max=0.428 w_ax@goal=+0.96 w_v@goal=10.25 return=746.0 length=84 success_rate=1.00 collisions/ep=5.33 (n=24)
update=23 global_step=47104 SPS=972 w_ev=0.166 m_ev=0.910 m_v_bias=7.2 m_adv_std=74.2451 m_kl_max=0.0031 m_ratio_max=0.292 w_ax@goal=+1.06 w_v@goal=11.03 return=755.7 length=86 success_rate=1.00 collisions/ep=5.08 (n=24)
update=24 global_step=49152 SPS=993 w_ev=0.089 m_ev=0.898 m_v_bias=-12.0 m_adv_std=77.8273 m_kl_max=0.0048 m_ratio_max=0.365 w_ax@goal=+0.99 w_v@goal=11.69 return=752.3 length=84 success_rate=1.00 collisions/ep=5.33 (n=24)
update=25 global_step=51200 SPS=1007 w_ev=0.114 m_ev=0.911 m_v_bias=-1.3 m_adv_std=72.9105 m_kl_max=0.0094 m_ratio_max=0.535 w_ax@goal=+0.94 w_v@goal=11.66 return=748.3 length=84 success_rate=1.00 collisions/ep=5.33 (n=24)
Evaluation at update 25: return=544.84, length=80.75, success_rate=1.00, collisions/ep=9.30
Solved-check at update 25: solved=False worst_gap=503.01 at p_x0=1.50 p_y0=0.50 (consecutive=0)
update=26 global_step=53248 SPS=961 w_ev=0.141 m_ev=0.918 m_v_bias=2.3 m_adv_std=66.8404 m_kl_max=0.0139 m_ratio_max=0.542 w_ax@goal=+0.94 w_v@goal=11.73 return=760.2 length=84 success_rate=1.00 collisions/ep=4.96 (n=24)
update=27 global_step=55296 SPS=979 w_ev=0.116 m_ev=0.908 m_v_bias=3.6 m_adv_std=75.9302 m_kl_max=0.0089 m_ratio_max=0.368 w_ax@goal=+1.00 w_v@goal=11.79 return=743.7 length=83 success_rate=1.00 collisions/ep=5.29 (n=24)
update=28 global_step=57344 SPS=993 w_ev=0.187 m_ev=0.911 m_v_bias=-15.4 m_adv_std=73.5720 m_kl_max=0.0040 m_ratio_max=0.339 w_ax@goal=+1.03 w_v@goal=12.10 return=757.2 length=84 success_rate=1.00 collisions/ep=5.21 (n=24)
update=29 global_step=59392 SPS=1008 w_ev=-0.065 m_ev=0.862 m_v_bias=59.4 m_adv_std=98.2779 m_kl_max=0.0218 m_ratio_max=0.600 w_ax@goal=+1.00 w_v@goal=11.62 return=634.8 length=81 success_rate=1.00 collisions/ep=7.70 (n=27)
update=30 global_step=61440 SPS=1021 w_ev=0.039 m_ev=0.887 m_v_bias=-3.4 m_adv_std=95.9609 m_kl_max=0.0093 m_ratio_max=0.688 w_ax@goal=+1.06 w_v@goal=11.42 return=642.6 length=80 success_rate=1.00 collisions/ep=7.38 (n=26)
Evaluation at update 30: return=428.22, length=80.00, success_rate=1.00, collisions/ep=12.40
Solved-check at update 30: solved=False worst_gap=902.39 at p_x0=0.00 p_y0=-1.00 (consecutive=0)
update=31 global_step=63488 SPS=985 w_ev=0.075 m_ev=0.902 m_v_bias=-27.5 m_adv_std=78.0694 m_kl_max=0.0117 m_ratio_max=0.438 w_ax@goal=+1.10 w_v@goal=11.20 return=723.8 length=80 success_rate=1.00 collisions/ep=5.84 (n=25)
update=32 global_step=65536 SPS=1003 w_ev=0.112 m_ev=0.929 m_v_bias=-17.3 m_adv_std=67.7538 m_kl_max=0.0066 m_ratio_max=0.510 w_ax@goal=+1.10 w_v@goal=11.64 return=760.0 length=81 success_rate=1.00 collisions/ep=5.08 (n=24)
update=33 global_step=67584 SPS=1015 w_ev=0.035 m_ev=0.856 m_v_bias=29.4 m_adv_std=97.7444 m_kl_max=0.0355 m_ratio_max=0.626 w_ax@goal=+1.14 w_v@goal=11.48 return=682.9 length=81 success_rate=1.00 collisions/ep=6.73 (n=26)
update=34 global_step=69632 SPS=1030 w_ev=0.037 m_ev=0.942 m_v_bias=-20.7 m_adv_std=62.2957 m_kl_max=0.0225 m_ratio_max=0.858 w_ax@goal=+1.14 w_v@goal=11.44 return=754.3 length=81 success_rate=1.00 collisions/ep=5.20 (n=25)
update=35 global_step=71680 SPS=1047 w_ev=0.056 m_ev=0.860 m_v_bias=6.3 m_adv_std=96.5774 m_kl_max=0.0245 m_ratio_max=0.625 w_ax@goal=+0.83 w_v@goal=11.55 return=717.8 length=83 success_rate=1.00 collisions/ep=5.92 (n=25)
Evaluation at update 35: return=665.61, length=80.20, success_rate=1.00, collisions/ep=6.90
Solved-check at update 35: solved=False worst_gap=502.68 at p_x0=0.00 p_y0=-1.00 (consecutive=0)
update=36 global_step=73728 SPS=1018 w_ev=0.113 m_ev=0.927 m_v_bias=-24.7 m_adv_std=59.6392 m_kl_max=0.0148 m_ratio_max=1.050 w_ax@goal=+1.13 w_v@goal=12.12 return=821.9 length=81 success_rate=1.00 collisions/ep=3.76 (n=25)
update=37 global_step=75776 SPS=1033 w_ev=0.147 m_ev=0.910 m_v_bias=4.2 m_adv_std=67.7743 m_kl_max=0.0167 m_ratio_max=0.577 w_ax@goal=+0.99 w_v@goal=12.78 return=807.4 length=81 success_rate=1.00 collisions/ep=4.04 (n=25)
update=38 global_step=77824 SPS=1043 w_ev=0.077 m_ev=0.891 m_v_bias=20.2 m_adv_std=79.7186 m_kl_max=0.0184 m_ratio_max=0.624 w_ax@goal=+1.05 w_v@goal=13.25 return=763.6 length=84 success_rate=1.00 collisions/ep=5.04 (n=25)
update=39 global_step=79872 SPS=1056 w_ev=0.104 m_ev=0.901 m_v_bias=-10.9 m_adv_std=72.7152 m_kl_max=0.0213 m_ratio_max=0.525 w_ax@goal=+1.05 w_v@goal=12.79 return=802.3 length=81 success_rate=1.00 collisions/ep=4.16 (n=25)
update=40 global_step=81920 SPS=1068 w_ev=0.091 m_ev=0.889 m_v_bias=21.2 m_adv_std=81.8604 m_kl_max=0.0286 m_ratio_max=0.968 w_ax@goal=+1.12 w_v@goal=12.81 return=756.7 length=82 success_rate=1.00 collisions/ep=5.12 (n=25)
Evaluation at update 40: return=630.16, length=80.50, success_rate=1.00, collisions/ep=7.60
Solved-check at update 40: solved=False worst_gap=503.00 at p_x0=0.50 p_y0=-0.50 (consecutive=0)
update=41 global_step=83968 SPS=1044 w_ev=0.083 m_ev=0.916 m_v_bias=-7.9 m_adv_std=68.8400 m_kl_max=0.0024 m_ratio_max=0.305 w_ax@goal=+0.87 w_v@goal=12.69 return=740.3 length=80 success_rate=1.00 collisions/ep=5.46 (n=24)
update=42 global_step=86016 SPS=1055 w_ev=0.122 m_ev=0.927 m_v_bias=1.4 m_adv_std=61.7231 m_kl_max=0.0085 m_ratio_max=0.353 w_ax@goal=+0.98 w_v@goal=12.52 return=774.4 length=81 success_rate=1.00 collisions/ep=4.73 (n=26)
update=43 global_step=88064 SPS=1067 w_ev=0.107 m_ev=0.872 m_v_bias=7.9 m_adv_std=84.9580 m_kl_max=0.0244 m_ratio_max=0.462 w_ax@goal=+1.05 w_v@goal=12.70 return=771.8 length=82 success_rate=1.00 collisions/ep=4.89 (n=27)
update=44 global_step=90112 SPS=1080 w_ev=0.073 m_ev=0.906 m_v_bias=-17.0 m_adv_std=74.0228 m_kl_max=0.0074 m_ratio_max=0.452 w_ax@goal=+1.07 w_v@goal=12.83 return=779.0 length=82 success_rate=1.00 collisions/ep=4.69 (n=26)
update=45 global_step=92160 SPS=1091 w_ev=0.099 m_ev=0.902 m_v_bias=-3.8 m_adv_std=73.3532 m_kl_max=0.0069 m_ratio_max=0.333 w_ax@goal=+1.03 w_v@goal=13.12 return=791.7 length=83 success_rate=1.00 collisions/ep=4.38 (n=24)
Evaluation at update 45: return=663.42, length=79.65, success_rate=1.00, collisions/ep=6.95
Solved-check at update 45: solved=False worst_gap=501.82 at p_x0=1.50 p_y0=0.00 (consecutive=0)
update=46 global_step=94208 SPS=1064 w_ev=0.138 m_ev=0.911 m_v_bias=5.7 m_adv_std=68.7088 m_kl_max=0.0107 m_ratio_max=0.518 w_ax@goal=+1.19 w_v@goal=13.39 return=801.7 length=81 success_rate=1.00 collisions/ep=4.25 (n=24)
update=47 global_step=96256 SPS=1074 w_ev=0.122 m_ev=0.934 m_v_bias=-14.1 m_adv_std=55.3020 m_kl_max=0.0093 m_ratio_max=0.496 w_ax@goal=+1.07 w_v@goal=13.42 return=802.4 length=81 success_rate=1.00 collisions/ep=4.17 (n=24)
update=48 global_step=98304 SPS=1083 w_ev=0.119 m_ev=0.922 m_v_bias=-9.4 m_adv_std=56.9143 m_kl_max=0.0174 m_ratio_max=0.618 w_ax@goal=+1.15 w_v@goal=13.38 return=874.8 length=80 success_rate=1.00 collisions/ep=2.72 (n=25)
update=49 global_step=100352 SPS=1093 w_ev=0.167 m_ev=0.911 m_v_bias=8.8 m_adv_std=66.5642 m_kl_max=0.0028 m_ratio_max=0.311 w_ax@goal=+1.08 w_v@goal=13.71 return=827.3 length=82 success_rate=1.00 collisions/ep=3.65 (n=26)
update=50 global_step=102400 SPS=1100 w_ev=0.143 m_ev=0.916 m_v_bias=3.9 m_adv_std=66.7352 m_kl_max=0.0082 m_ratio_max=0.589 w_ax@goal=+1.14 w_v@goal=13.67 return=837.2 length=82 success_rate=1.00 collisions/ep=3.46 (n=26)
Evaluation at update 50: return=665.76, length=79.85, success_rate=1.00, collisions/ep=6.90
Solved-check at update 50: solved=False worst_gap=501.82 at p_x0=2.00 p_y0=0.00 (consecutive=0)
update=51 global_step=104448 SPS=1078 w_ev=0.149 m_ev=0.919 m_v_bias=14.4 m_adv_std=66.3535 m_kl_max=0.0203 m_ratio_max=1.212 w_ax@goal=+1.19 w_v@goal=13.70 return=778.3 length=81 success_rate=1.00 collisions/ep=4.64 (n=25)
update=52 global_step=106496 SPS=1087 w_ev=0.220 m_ev=0.921 m_v_bias=-10.2 m_adv_std=65.4568 m_kl_max=0.0136 m_ratio_max=0.813 w_ax@goal=+1.17 w_v@goal=14.05 return=826.1 length=83 success_rate=1.00 collisions/ep=3.69 (n=26)
update=53 global_step=108544 SPS=1096 w_ev=0.263 m_ev=0.931 m_v_bias=-4.5 m_adv_std=58.6299 m_kl_max=0.0121 m_ratio_max=0.460 w_ax@goal=+1.21 w_v@goal=14.37 return=839.4 length=83 success_rate=1.00 collisions/ep=3.46 (n=24)
update=54 global_step=110592 SPS=1104 w_ev=0.395 m_ev=0.930 m_v_bias=-2.4 m_adv_std=56.7915 m_kl_max=0.0125 m_ratio_max=0.668 w_ax@goal=+1.22 w_v@goal=14.51 return=853.3 length=83 success_rate=1.00 collisions/ep=3.17 (n=24)
update=55 global_step=112640 SPS=1113 w_ev=0.354 m_ev=0.905 m_v_bias=6.8 m_adv_std=68.1817 m_kl_max=0.0095 m_ratio_max=0.699 w_ax@goal=+1.16 w_v@goal=14.69 return=818.5 length=81 success_rate=1.00 collisions/ep=3.96 (n=24)
Evaluation at update 55: return=711.29, length=79.30, success_rate=1.00, collisions/ep=6.00
Solved-check at update 55: solved=False worst_gap=501.98 at p_x0=0.00 p_y0=0.00 (consecutive=0)
update=56 global_step=114688 SPS=1090 w_ev=0.338 m_ev=0.902 m_v_bias=-10.1 m_adv_std=67.6378 m_kl_max=0.0075 m_ratio_max=0.437 w_ax@goal=+1.29 w_v@goal=14.27 return=851.0 length=81 success_rate=1.00 collisions/ep=3.35 (n=26)
update=57 global_step=116736 SPS=1099 w_ev=0.180 m_ev=0.904 m_v_bias=15.5 m_adv_std=64.2728 m_kl_max=0.0212 m_ratio_max=0.712 w_ax@goal=+1.32 w_v@goal=14.07 return=870.9 length=81 success_rate=1.00 collisions/ep=2.92 (n=25)
update=58 global_step=118784 SPS=1107 w_ev=0.284 m_ev=0.915 m_v_bias=6.1 m_adv_std=67.4521 m_kl_max=0.0132 m_ratio_max=0.451 w_ax@goal=+1.22 w_v@goal=14.35 return=816.3 length=80 success_rate=1.00 collisions/ep=3.96 (n=28)
update=59 global_step=120832 SPS=1115 w_ev=0.377 m_ev=0.890 m_v_bias=1.5 m_adv_std=76.3245 m_kl_max=0.0110 m_ratio_max=0.511 w_ax@goal=+1.26 w_v@goal=14.80 return=808.5 length=80 success_rate=1.00 collisions/ep=4.08 (n=25)
update=60 global_step=122880 SPS=1123 w_ev=0.397 m_ev=0.911 m_v_bias=3.1 m_adv_std=67.2128 m_kl_max=0.0048 m_ratio_max=0.304 w_ax@goal=+1.24 w_v@goal=15.32 return=820.8 length=79 success_rate=1.00 collisions/ep=3.79 (n=24)
Evaluation at update 60: return=724.14, length=79.05, success_rate=1.00, collisions/ep=5.75
Solved-check at update 60: solved=False worst_gap=500.98 at p_x0=2.00 p_y0=0.00 (consecutive=0)
update=61 global_step=124928 SPS=1100 w_ev=0.416 m_ev=0.915 m_v_bias=-8.5 m_adv_std=64.7677 m_kl_max=0.1210 m_ratio_max=1.672 w_ax@goal=+1.14 w_v@goal=15.07 return=840.7 length=79 success_rate=1.00 collisions/ep=3.52 (n=27)
update=62 global_step=126976 SPS=1108 w_ev=0.270 m_ev=0.918 m_v_bias=2.9 m_adv_std=60.9986 m_kl_max=0.0084 m_ratio_max=0.458 w_ax@goal=+1.25 w_v@goal=14.46 return=852.6 length=80 success_rate=1.00 collisions/ep=3.16 (n=25)
update=63 global_step=129024 SPS=1115 w_ev=0.214 m_ev=0.861 m_v_bias=2.3 m_adv_std=80.9693 m_kl_max=0.0097 m_ratio_max=0.610 w_ax@goal=+1.18 w_v@goal=14.47 return=831.2 length=82 success_rate=1.00 collisions/ep=3.60 (n=25)
update=64 global_step=131072 SPS=1123 w_ev=0.314 m_ev=0.922 m_v_bias=1.2 m_adv_std=63.4851 m_kl_max=0.0206 m_ratio_max=1.346 w_ax@goal=+1.24 w_v@goal=14.49 return=853.4 length=81 success_rate=1.00 collisions/ep=3.15 (n=26)
update=65 global_step=133120 SPS=1130 w_ev=0.322 m_ev=0.886 m_v_bias=1.6 m_adv_std=77.7332 m_kl_max=0.0132 m_ratio_max=0.532 w_ax@goal=+1.27 w_v@goal=14.63 return=853.5 length=80 success_rate=1.00 collisions/ep=3.19 (n=26)
Evaluation at update 65: return=938.97, length=79.20, success_rate=1.00, collisions/ep=1.45
Solved-check at update 65: solved=False worst_gap=301.18 at p_x0=1.50 p_y0=-1.00 (consecutive=0)
update=66 global_step=135168 SPS=1110 w_ev=0.323 m_ev=0.938 m_v_bias=-14.9 m_adv_std=49.9233 m_kl_max=0.0518 m_ratio_max=1.805 w_ax@goal=+1.13 w_v@goal=14.67 return=889.1 length=81 success_rate=1.00 collisions/ep=2.44 (n=25)
update=67 global_step=137216 SPS=1118 w_ev=0.289 m_ev=0.948 m_v_bias=3.8 m_adv_std=45.5729 m_kl_max=0.0221 m_ratio_max=0.913 w_ax@goal=+1.17 w_v@goal=15.16 return=908.7 length=80 success_rate=1.00 collisions/ep=2.04 (n=25)
update=68 global_step=139264 SPS=1126 w_ev=0.355 m_ev=0.944 m_v_bias=-10.7 m_adv_std=46.4520 m_kl_max=0.0097 m_ratio_max=0.469 w_ax@goal=+1.15 w_v@goal=14.71 return=896.9 length=78 success_rate=1.00 collisions/ep=2.31 (n=26)
update=69 global_step=141312 SPS=1133 w_ev=0.322 m_ev=0.935 m_v_bias=6.2 m_adv_std=48.5841 m_kl_max=0.0113 m_ratio_max=0.793 w_ax@goal=+1.20 w_v@goal=14.86 return=884.5 length=80 success_rate=1.00 collisions/ep=2.68 (n=25)
update=70 global_step=143360 SPS=1141 w_ev=0.296 m_ev=0.864 m_v_bias=18.3 m_adv_std=81.3229 m_kl_max=0.0097 m_ratio_max=0.698 w_ax@goal=+1.30 w_v@goal=14.48 return=844.3 length=81 success_rate=1.00 collisions/ep=3.42 (n=26)
Evaluation at update 70: return=741.62, length=79.15, success_rate=1.00, collisions/ep=5.40
Solved-check at update 70: solved=False worst_gap=501.62 at p_x0=0.00 p_y0=-0.50 (consecutive=0)
update=71 global_step=145408 SPS=1123 w_ev=0.279 m_ev=0.875 m_v_bias=1.0 m_adv_std=78.8157 m_kl_max=0.0065 m_ratio_max=0.765 w_ax@goal=+1.25 w_v@goal=14.55 return=840.1 length=81 success_rate=1.00 collisions/ep=3.62 (n=26)
update=72 global_step=147456 SPS=1131 w_ev=0.097 m_ev=0.908 m_v_bias=-13.7 m_adv_std=64.3806 m_kl_max=0.0142 m_ratio_max=0.522 w_ax@goal=+1.30 w_v@goal=13.82 return=842.6 length=80 success_rate=1.00 collisions/ep=3.62 (n=24)
update=73 global_step=149504 SPS=1138 w_ev=0.195 m_ev=0.922 m_v_bias=-5.3 m_adv_std=60.0479 m_kl_max=0.0076 m_ratio_max=0.497 w_ax@goal=+1.29 w_v@goal=13.68 return=867.4 length=81 success_rate=1.00 collisions/ep=3.04 (n=27)
update=74 global_step=151552 SPS=1144 w_ev=0.256 m_ev=0.914 m_v_bias=-7.2 m_adv_std=58.0988 m_kl_max=0.0089 m_ratio_max=0.520 w_ax@goal=+1.37 w_v@goal=13.82 return=867.9 length=81 success_rate=1.00 collisions/ep=3.08 (n=26)
update=75 global_step=153600 SPS=1151 w_ev=0.223 m_ev=0.889 m_v_bias=10.3 m_adv_std=67.0211 m_kl_max=0.0050 m_ratio_max=0.408 w_ax@goal=+1.37 w_v@goal=14.07 return=863.6 length=80 success_rate=1.00 collisions/ep=2.96 (n=24)
Evaluation at update 75: return=709.28, length=78.80, success_rate=1.00, collisions/ep=6.05
Solved-check at update 75: solved=False worst_gap=500.99 at p_x0=1.50 p_y0=0.00 (consecutive=0)
update=76 global_step=155648 SPS=1127 w_ev=0.242 m_ev=0.911 m_v_bias=10.2 m_adv_std=66.5247 m_kl_max=0.0108 m_ratio_max=0.601 w_ax@goal=+1.35 w_v@goal=14.18 return=847.0 length=80 success_rate=1.00 collisions/ep=3.42 (n=24)
update=77 global_step=157696 SPS=1134 w_ev=0.289 m_ev=0.923 m_v_bias=5.5 m_adv_std=64.0239 m_kl_max=0.0212 m_ratio_max=2.037 w_ax@goal=+1.37 w_v@goal=14.37 return=781.5 length=80 success_rate=1.00 collisions/ep=4.72 (n=25)
update=78 global_step=159744 SPS=1141 w_ev=0.198 m_ev=0.917 m_v_bias=-11.9 m_adv_std=67.3866 m_kl_max=0.0102 m_ratio_max=0.640 w_ax@goal=+1.32 w_v@goal=13.77 return=846.6 length=80 success_rate=1.00 collisions/ep=3.33 (n=27)
update=79 global_step=161792 SPS=1148 w_ev=0.332 m_ev=0.916 m_v_bias=-2.5 m_adv_std=59.5361 m_kl_max=0.0081 m_ratio_max=0.785 w_ax@goal=+1.36 w_v@goal=14.22 return=868.7 length=80 success_rate=1.00 collisions/ep=2.86 (n=28)
update=80 global_step=163840 SPS=1154 w_ev=0.190 m_ev=0.926 m_v_bias=8.0 m_adv_std=51.6061 m_kl_max=0.0178 m_ratio_max=0.721 w_ax@goal=+1.39 w_v@goal=14.55 return=875.9 length=80 success_rate=1.00 collisions/ep=2.71 (n=24)
Evaluation at update 80: return=941.88, length=78.65, success_rate=1.00, collisions/ep=1.40
Solved-check at update 80: solved=False worst_gap=350.86 at p_x0=1.50 p_y0=-1.00 (consecutive=0)
update=81 global_step=165888 SPS=1137 w_ev=0.268 m_ev=0.919 m_v_bias=1.8 m_adv_std=57.7229 m_kl_max=0.0059 m_ratio_max=0.668 w_ax@goal=+1.31 w_v@goal=14.48 return=886.8 length=81 success_rate=1.00 collisions/ep=2.54 (n=24)
update=82 global_step=167936 SPS=1143 w_ev=0.248 m_ev=0.941 m_v_bias=-6.4 m_adv_std=50.2296 m_kl_max=0.0097 m_ratio_max=1.235 w_ax@goal=+1.38 w_v@goal=14.36 return=881.8 length=81 success_rate=1.00 collisions/ep=2.68 (n=25)
update=83 global_step=169984 SPS=1149 w_ev=0.317 m_ev=0.935 m_v_bias=11.0 m_adv_std=58.3583 m_kl_max=0.0025 m_ratio_max=0.271 w_ax@goal=+1.39 w_v@goal=14.61 return=852.9 length=79 success_rate=1.00 collisions/ep=3.25 (n=28)
update=84 global_step=172032 SPS=1155 w_ev=0.344 m_ev=0.923 m_v_bias=-15.5 m_adv_std=56.6693 m_kl_max=0.0195 m_ratio_max=0.768 w_ax@goal=+1.49 w_v@goal=14.75 return=885.8 length=79 success_rate=1.00 collisions/ep=2.52 (n=27)
update=85 global_step=174080 SPS=1162 w_ev=0.196 m_ev=0.910 m_v_bias=24.5 m_adv_std=62.0836 m_kl_max=0.0033 m_ratio_max=0.461 w_ax@goal=+1.41 w_v@goal=14.53 return=847.8 length=81 success_rate=1.00 collisions/ep=3.50 (n=24)
Evaluation at update 85: return=714.48, length=78.65, success_rate=1.00, collisions/ep=5.95
Solved-check at update 85: solved=False worst_gap=500.96 at p_x0=1.00 p_y0=-0.50 (consecutive=0)
update=86 global_step=176128 SPS=1146 w_ev=0.268 m_ev=0.926 m_v_bias=-1.5 m_adv_std=54.9928 m_kl_max=0.0370 m_ratio_max=0.956 w_ax@goal=+1.55 w_v@goal=14.10 return=849.7 length=80 success_rate=1.00 collisions/ep=3.28 (n=25)
update=87 global_step=178176 SPS=1153 w_ev=0.287 m_ev=0.902 m_v_bias=3.8 m_adv_std=69.8148 m_kl_max=0.0151 m_ratio_max=0.917 w_ax@goal=+1.38 w_v@goal=14.32 return=828.5 length=80 success_rate=1.00 collisions/ep=3.74 (n=27)
update=88 global_step=180224 SPS=1158 w_ev=0.277 m_ev=0.905 m_v_bias=0.2 m_adv_std=68.3116 m_kl_max=0.0050 m_ratio_max=0.352 w_ax@goal=+1.35 w_v@goal=13.83 return=839.5 length=79 success_rate=1.00 collisions/ep=3.56 (n=25)
update=89 global_step=182272 SPS=1164 w_ev=0.275 m_ev=0.908 m_v_bias=-4.8 m_adv_std=67.4318 m_kl_max=0.0167 m_ratio_max=0.899 w_ax@goal=+1.47 w_v@goal=13.89 return=839.7 length=81 success_rate=1.00 collisions/ep=3.56 (n=25)
update=90 global_step=184320 SPS=1170 w_ev=0.165 m_ev=0.911 m_v_bias=2.0 m_adv_std=67.4335 m_kl_max=0.0053 m_ratio_max=0.414 w_ax@goal=+1.46 w_v@goal=13.66 return=826.6 length=79 success_rate=1.00 collisions/ep=3.78 (n=27)
Evaluation at update 90: return=794.18, length=79.00, success_rate=1.00, collisions/ep=4.35
Solved-check at update 90: solved=False worst_gap=500.93 at p_x0=2.00 p_y0=-1.00 (consecutive=0)
update=91 global_step=186368 SPS=1153 w_ev=0.215 m_ev=0.908 m_v_bias=-3.6 m_adv_std=64.0891 m_kl_max=0.0069 m_ratio_max=0.644 w_ax@goal=+1.48 w_v@goal=13.43 return=843.5 length=78 success_rate=1.00 collisions/ep=3.46 (n=26)
update=92 global_step=188416 SPS=1158 w_ev=0.092 m_ev=0.931 m_v_bias=-19.6 m_adv_std=48.9011 m_kl_max=0.0126 m_ratio_max=0.660 w_ax@goal=+1.43 w_v@goal=13.27 return=909.5 length=80 success_rate=1.00 collisions/ep=2.08 (n=25)
update=93 global_step=190464 SPS=1163 w_ev=0.103 m_ev=0.924 m_v_bias=5.8 m_adv_std=57.5193 m_kl_max=0.0125 m_ratio_max=0.758 w_ax@goal=+1.50 w_v@goal=13.50 return=879.5 length=79 success_rate=1.00 collisions/ep=2.68 (n=25)
update=94 global_step=192512 SPS=1168 w_ev=0.136 m_ev=0.888 m_v_bias=-1.1 m_adv_std=66.7022 m_kl_max=0.0325 m_ratio_max=1.487 w_ax@goal=+1.46 w_v@goal=13.52 return=913.3 length=82 success_rate=1.00 collisions/ep=2.04 (n=26)
update=95 global_step=194560 SPS=1173 w_ev=0.228 m_ev=0.941 m_v_bias=1.6 m_adv_std=48.9762 m_kl_max=0.0173 m_ratio_max=0.875 w_ax@goal=+1.51 w_v@goal=13.61 return=878.9 length=81 success_rate=1.00 collisions/ep=2.73 (n=26)
Evaluation at update 95: return=811.63, length=79.15, success_rate=1.00, collisions/ep=4.00
Solved-check at update 95: solved=False worst_gap=501.62 at p_x0=0.00 p_y0=-1.00 (consecutive=0)
update=96 global_step=196608 SPS=1159 w_ev=0.202 m_ev=0.911 m_v_bias=7.7 m_adv_std=63.4584 m_kl_max=0.0093 m_ratio_max=0.622 w_ax@goal=+1.43 w_v@goal=14.02 return=868.5 length=79 success_rate=1.00 collisions/ep=2.85 (n=27)
update=97 global_step=198656 SPS=1164 w_ev=0.184 m_ev=0.901 m_v_bias=5.5 m_adv_std=65.2629 m_kl_max=0.0079 m_ratio_max=0.449 w_ax@goal=+1.39 w_v@goal=13.78 return=852.9 length=79 success_rate=1.00 collisions/ep=3.20 (n=25)
update=98 global_step=200704 SPS=1169 w_ev=0.260 m_ev=0.923 m_v_bias=-20.9 m_adv_std=50.9893 m_kl_max=0.0413 m_ratio_max=2.564 w_ax@goal=+1.38 w_v@goal=13.84 return=929.8 length=79 success_rate=1.00 collisions/ep=1.65 (n=26)
update=99 global_step=202752 SPS=1175 w_ev=0.142 m_ev=0.918 m_v_bias=17.6 m_adv_std=57.3745 m_kl_max=0.0107 m_ratio_max=1.176 w_ax@goal=+1.39 w_v@goal=14.09 return=880.9 length=80 success_rate=1.00 collisions/ep=2.74 (n=23)
update=100 global_step=204800 SPS=1179 w_ev=0.165 m_ev=0.921 m_v_bias=8.2 m_adv_std=58.4431 m_kl_max=0.0066 m_ratio_max=0.658 w_ax@goal=+1.46 w_v@goal=13.90 return=851.8 length=82 success_rate=1.00 collisions/ep=3.36 (n=25)
Evaluation at update 100: return=704.12, length=79.20, success_rate=1.00, collisions/ep=6.15
Solved-check at update 100: solved=False worst_gap=501.63 at p_x0=0.00 p_y0=-1.00 (consecutive=0)
update=101 global_step=206848 SPS=1166 w_ev=0.156 m_ev=0.903 m_v_bias=22.8 m_adv_std=67.0277 m_kl_max=0.0045 m_ratio_max=0.391 w_ax@goal=+1.43 w_v@goal=13.64 return=792.6 length=81 success_rate=1.00 collisions/ep=4.48 (n=27)
update=102 global_step=208896 SPS=1171 w_ev=0.113 m_ev=0.901 m_v_bias=-1.0 m_adv_std=70.5005 m_kl_max=0.0082 m_ratio_max=0.496 w_ax@goal=+1.35 w_v@goal=13.17 return=790.3 length=81 success_rate=1.00 collisions/ep=4.62 (n=26)
update=103 global_step=210944 SPS=1176 w_ev=0.118 m_ev=0.904 m_v_bias=-25.8 m_adv_std=63.5794 m_kl_max=0.0028 m_ratio_max=0.325 w_ax@goal=+1.33 w_v@goal=13.12 return=873.0 length=81 success_rate=1.00 collisions/ep=2.84 (n=25)
update=104 global_step=212992 SPS=1178 w_ev=0.206 m_ev=0.931 m_v_bias=4.9 m_adv_std=56.6420 m_kl_max=0.0044 m_ratio_max=0.379 w_ax@goal=+1.25 w_v@goal=13.56 return=882.3 length=80 success_rate=1.00 collisions/ep=2.64 (n=25)
update=105 global_step=215040 SPS=1183 w_ev=0.178 m_ev=0.909 m_v_bias=-7.9 m_adv_std=59.7621 m_kl_max=0.0092 m_ratio_max=0.882 w_ax@goal=+1.36 w_v@goal=13.74 return=856.6 length=80 success_rate=1.00 collisions/ep=3.12 (n=26)
Evaluation at update 105: return=793.66, length=79.50, success_rate=1.00, collisions/ep=4.35
Solved-check at update 105: solved=False worst_gap=501.95 at p_x0=0.50 p_y0=-1.00 (consecutive=0)
update=106 global_step=217088 SPS=1170 w_ev=0.191 m_ev=0.942 m_v_bias=0.9 m_adv_std=48.4415 m_kl_max=0.0097 m_ratio_max=0.589 w_ax@goal=+1.29 w_v@goal=13.80 return=907.0 length=81 success_rate=1.00 collisions/ep=2.08 (n=26)
update=107 global_step=219136 SPS=1173 w_ev=0.263 m_ev=0.923 m_v_bias=-7.2 m_adv_std=57.5312 m_kl_max=0.0052 m_ratio_max=0.441 w_ax@goal=+1.34 w_v@goal=14.09 return=929.0 length=81 success_rate=1.00 collisions/ep=1.68 (n=25)
update=108 global_step=221184 SPS=1177 w_ev=0.193 m_ev=0.947 m_v_bias=-3.8 m_adv_std=45.8519 m_kl_max=0.0069 m_ratio_max=0.541 w_ax@goal=+1.36 w_v@goal=14.06 return=888.1 length=81 success_rate=1.00 collisions/ep=2.50 (n=26)
update=109 global_step=223232 SPS=1181 w_ev=0.210 m_ev=0.957 m_v_bias=1.1 m_adv_std=38.7507 m_kl_max=0.0180 m_ratio_max=1.589 w_ax@goal=+1.41 w_v@goal=14.05 return=927.1 length=81 success_rate=1.00 collisions/ep=1.72 (n=25)
update=110 global_step=225280 SPS=1185 w_ev=0.197 m_ev=0.903 m_v_bias=1.7 m_adv_std=63.9316 m_kl_max=0.0568 m_ratio_max=1.350 w_ax@goal=+1.48 w_v@goal=13.92 return=906.9 length=80 success_rate=1.00 collisions/ep=2.16 (n=25)
Evaluation at update 110: return=966.74, length=78.90, success_rate=1.00, collisions/ep=0.90
Solved-check at update 110: solved=False worst_gap=101.05 at p_x0=1.00 p_y0=-1.00 (consecutive=0)
update=111 global_step=227328 SPS=1170 w_ev=0.266 m_ev=0.885 m_v_bias=-3.5 m_adv_std=66.1371 m_kl_max=0.0039 m_ratio_max=0.355 w_ax@goal=+1.45 w_v@goal=14.25 return=926.1 length=80 success_rate=1.00 collisions/ep=1.71 (n=24)
update=112 global_step=229376 SPS=1173 w_ev=0.245 m_ev=0.951 m_v_bias=-15.3 m_adv_std=41.0161 m_kl_max=0.0137 m_ratio_max=0.637 w_ax@goal=+1.50 w_v@goal=14.03 return=951.7 length=81 success_rate=1.00 collisions/ep=1.22 (n=27)
update=113 global_step=231424 SPS=1177 w_ev=0.187 m_ev=0.928 m_v_bias=5.3 m_adv_std=52.0134 m_kl_max=0.0033 m_ratio_max=0.333 w_ax@goal=+1.47 w_v@goal=14.28 return=922.2 length=81 success_rate=1.00 collisions/ep=1.84 (n=25)
update=114 global_step=233472 SPS=1181 w_ev=0.207 m_ev=0.924 m_v_bias=2.9 m_adv_std=54.8275 m_kl_max=0.0027 m_ratio_max=0.212 w_ax@goal=+1.62 w_v@goal=14.44 return=897.7 length=81 success_rate=1.00 collisions/ep=2.40 (n=25)
update=115 global_step=235520 SPS=1185 w_ev=0.253 m_ev=0.944 m_v_bias=5.8 m_adv_std=50.4773 m_kl_max=0.0016 m_ratio_max=0.253 w_ax@goal=+1.55 w_v@goal=14.54 return=881.1 length=80 success_rate=1.00 collisions/ep=2.69 (n=26)
Evaluation at update 115: return=799.50, length=78.65, success_rate=1.00, collisions/ep=4.25
Solved-check at update 115: solved=False worst_gap=500.94 at p_x0=1.00 p_y0=-1.00 (consecutive=0)
update=116 global_step=237568 SPS=1172 w_ev=0.266 m_ev=0.954 m_v_bias=-11.7 m_adv_std=40.0971 m_kl_max=0.0065 m_ratio_max=0.428 w_ax@goal=+1.57 w_v@goal=14.42 return=946.1 length=79 success_rate=1.00 collisions/ep=1.36 (n=25)
update=117 global_step=239616 SPS=1176 w_ev=0.204 m_ev=0.919 m_v_bias=-1.3 m_adv_std=55.1889 m_kl_max=0.0097 m_ratio_max=0.587 w_ax@goal=+1.47 w_v@goal=14.33 return=922.2 length=80 success_rate=1.00 collisions/ep=1.88 (n=25)
update=118 global_step=241664 SPS=1181 w_ev=0.190 m_ev=0.904 m_v_bias=15.9 m_adv_std=60.5273 m_kl_max=0.0383 m_ratio_max=0.909 w_ax@goal=+1.49 w_v@goal=14.26 return=896.4 length=80 success_rate=1.00 collisions/ep=2.46 (n=26)
update=119 global_step=243712 SPS=1185 w_ev=0.187 m_ev=0.922 m_v_bias=3.1 m_adv_std=55.4058 m_kl_max=0.0162 m_ratio_max=0.739 w_ax@goal=+1.52 w_v@goal=14.03 return=917.6 length=80 success_rate=1.00 collisions/ep=1.96 (n=26)
update=120 global_step=245760 SPS=1188 w_ev=0.231 m_ev=0.951 m_v_bias=-22.1 m_adv_std=41.9936 m_kl_max=0.0056 m_ratio_max=0.512 w_ax@goal=+1.54 w_v@goal=14.08 return=944.2 length=79 success_rate=1.00 collisions/ep=1.35 (n=26)
Evaluation at update 120: return=972.00, length=78.65, success_rate=1.00, collisions/ep=0.80
Solved-check at update 120: solved=False worst_gap=201.14 at p_x0=0.00 p_y0=-1.00 (consecutive=0)
update=121 global_step=247808 SPS=1176 w_ev=0.290 m_ev=0.921 m_v_bias=1.1 m_adv_std=53.7042 m_kl_max=0.0095 m_ratio_max=0.980 w_ax@goal=+1.49 w_v@goal=14.25 return=934.7 length=80 success_rate=1.00 collisions/ep=1.56 (n=27)
update=122 global_step=249856 SPS=1179 w_ev=0.275 m_ev=0.942 m_v_bias=9.2 m_adv_std=45.9362 m_kl_max=0.0173 m_ratio_max=0.783 w_ax@goal=+1.52 w_v@goal=14.71 return=930.8 length=79 success_rate=1.00 collisions/ep=1.71 (n=24)
update=123 global_step=251904 SPS=1183 w_ev=0.317 m_ev=0.951 m_v_bias=-10.4 m_adv_std=40.1511 m_kl_max=0.0108 m_ratio_max=0.536 w_ax@goal=+1.59 w_v@goal=14.66 return=954.5 length=80 success_rate=1.00 collisions/ep=1.22 (n=27)
update=124 global_step=253952 SPS=1187 w_ev=0.158 m_ev=0.880 m_v_bias=31.2 m_adv_std=73.3471 m_kl_max=0.0230 m_ratio_max=2.345 w_ax@goal=+1.57 w_v@goal=14.67 return=866.2 length=80 success_rate=1.00 collisions/ep=3.20 (n=25)
update=125 global_step=256000 SPS=1191 w_ev=0.176 m_ev=0.916 m_v_bias=-5.8 m_adv_std=56.1906 m_kl_max=0.0189 m_ratio_max=0.732 w_ax@goal=+1.64 w_v@goal=14.03 return=893.0 length=80 success_rate=1.00 collisions/ep=2.48 (n=27)
Evaluation at update 125: return=747.24, length=78.40, success_rate=1.00, collisions/ep=5.35
Solved-check at update 125: solved=False worst_gap=500.85 at p_x0=0.50 p_y0=-1.00 (consecutive=0)
update=126 global_step=258048 SPS=1178 w_ev=0.238 m_ev=0.929 m_v_bias=-2.2 m_adv_std=54.0840 m_kl_max=0.0034 m_ratio_max=0.373 w_ax@goal=+1.67 w_v@goal=14.27 return=882.5 length=79 success_rate=1.00 collisions/ep=2.64 (n=25)
update=127 global_step=260096 SPS=1182 w_ev=0.255 m_ev=0.926 m_v_bias=1.5 m_adv_std=57.5965 m_kl_max=0.0057 m_ratio_max=0.617 w_ax@goal=+1.68 w_v@goal=14.27 return=892.1 length=79 success_rate=1.00 collisions/ep=2.44 (n=25)
update=128 global_step=262144 SPS=1186 w_ev=0.270 m_ev=0.930 m_v_bias=-8.1 m_adv_std=56.9025 m_kl_max=0.0076 m_ratio_max=0.936 w_ax@goal=+1.72 w_v@goal=14.31 return=849.1 length=79 success_rate=1.00 collisions/ep=3.27 (n=26)
update=129 global_step=264192 SPS=1190 w_ev=0.340 m_ev=0.950 m_v_bias=-14.5 m_adv_std=45.9569 m_kl_max=0.0443 m_ratio_max=0.753 w_ax@goal=+1.71 w_v@goal=14.44 return=912.2 length=78 success_rate=1.00 collisions/ep=2.00 (n=27)
update=130 global_step=266240 SPS=1193 w_ev=0.356 m_ev=0.951 m_v_bias=-0.1 m_adv_std=45.2558 m_kl_max=0.0038 m_ratio_max=0.468 w_ax@goal=+1.79 w_v@goal=14.76 return=920.3 length=80 success_rate=1.00 collisions/ep=1.85 (n=26)
Evaluation at update 130: return=784.95, length=78.20, success_rate=1.00, collisions/ep=4.55
Solved-check at update 130: solved=False worst_gap=500.80 at p_x0=0.00 p_y0=-0.50 (consecutive=0)
update=131 global_step=268288 SPS=1181 w_ev=0.438 m_ev=0.945 m_v_bias=7.6 m_adv_std=49.4619 m_kl_max=0.0319 m_ratio_max=2.717 w_ax@goal=+1.79 w_v@goal=15.35 return=876.0 length=79 success_rate=1.00 collisions/ep=2.77 (n=26)
update=132 global_step=270336 SPS=1185 w_ev=0.286 m_ev=0.950 m_v_bias=-12.6 m_adv_std=40.1401 m_kl_max=0.0078 m_ratio_max=0.733 w_ax@goal=+1.69 w_v@goal=14.94 return=928.5 length=79 success_rate=1.00 collisions/ep=1.76 (n=25)
update=133 global_step=272384 SPS=1188 w_ev=0.340 m_ev=0.965 m_v_bias=2.2 m_adv_std=37.2838 m_kl_max=0.0066 m_ratio_max=0.693 w_ax@goal=+1.72 w_v@goal=14.87 return=941.3 length=80 success_rate=1.00 collisions/ep=1.46 (n=26)
update=134 global_step=274432 SPS=1192 w_ev=0.281 m_ev=0.956 m_v_bias=0.3 m_adv_std=38.8495 m_kl_max=0.0208 m_ratio_max=1.938 w_ax@goal=+1.69 w_v@goal=14.72 return=952.8 length=78 success_rate=1.00 collisions/ep=1.22 (n=27)
update=135 global_step=276480 SPS=1196 w_ev=0.298 m_ev=0.936 m_v_bias=4.0 m_adv_std=52.1708 m_kl_max=0.0183 m_ratio_max=0.587 w_ax@goal=+1.75 w_v@goal=15.03 return=940.1 length=78 success_rate=1.00 collisions/ep=1.48 (n=25)
Evaluation at update 135: return=932.43, length=78.25, success_rate=1.00, collisions/ep=1.60
Solved-check at update 135: solved=False worst_gap=400.63 at p_x0=0.50 p_y0=-1.00 (consecutive=0)
update=136 global_step=278528 SPS=1184 w_ev=0.368 m_ev=0.966 m_v_bias=-9.4 m_adv_std=34.1304 m_kl_max=0.0113 m_ratio_max=0.567 w_ax@goal=+1.61 w_v@goal=15.04 return=930.0 length=80 success_rate=1.00 collisions/ep=1.65 (n=26)
update=137 global_step=280576 SPS=1187 w_ev=0.289 m_ev=0.945 m_v_bias=5.9 m_adv_std=44.5404 m_kl_max=0.0264 m_ratio_max=1.335 w_ax@goal=+1.65 w_v@goal=14.85 return=934.5 length=80 success_rate=1.00 collisions/ep=1.64 (n=25)
update=138 global_step=282624 SPS=1191 w_ev=0.273 m_ev=0.899 m_v_bias=13.0 m_adv_std=65.6609 m_kl_max=0.0068 m_ratio_max=0.753 w_ax@goal=+1.70 w_v@goal=14.93 return=908.7 length=79 success_rate=1.00 collisions/ep=2.19 (n=27)
update=139 global_step=284672 SPS=1194 w_ev=0.305 m_ev=0.936 m_v_bias=-4.4 m_adv_std=51.8070 m_kl_max=0.0068 m_ratio_max=0.714 w_ax@goal=+1.67 w_v@goal=15.01 return=904.4 length=80 success_rate=1.00 collisions/ep=2.20 (n=25)
update=140 global_step=286720 SPS=1197 w_ev=0.302 m_ev=0.953 m_v_bias=-6.1 m_adv_std=41.2467 m_kl_max=0.0378 m_ratio_max=1.756 w_ax@goal=+1.70 w_v@goal=14.78 return=935.4 length=80 success_rate=1.00 collisions/ep=1.62 (n=26)
Evaluation at update 140: return=982.29, length=78.30, success_rate=1.00, collisions/ep=0.60
Solved-check at update 140: solved=False worst_gap=150.58 at p_x0=1.00 p_y0=-1.00 (consecutive=0)
update=141 global_step=288768 SPS=1185 w_ev=0.286 m_ev=0.978 m_v_bias=-5.6 m_adv_std=27.2849 m_kl_max=0.0420 m_ratio_max=3.210 w_ax@goal=+1.73 w_v@goal=14.57 return=949.1 length=79 success_rate=1.00 collisions/ep=1.30 (n=27)
update=142 global_step=290816 SPS=1189 w_ev=0.246 m_ev=0.976 m_v_bias=1.3 m_adv_std=28.1973 m_kl_max=0.0438 m_ratio_max=0.897 w_ax@goal=+1.80 w_v@goal=14.92 return=973.4 length=80 success_rate=1.00 collisions/ep=0.88 (n=24)
update=143 global_step=292864 SPS=1192 w_ev=0.256 m_ev=0.925 m_v_bias=12.7 m_adv_std=53.9040 m_kl_max=0.0143 m_ratio_max=0.694 w_ax@goal=+1.74 w_v@goal=14.75 return=912.3 length=78 success_rate=1.00 collisions/ep=2.08 (n=26)
update=144 global_step=294912 SPS=1195 w_ev=0.298 m_ev=0.965 m_v_bias=1.3 m_adv_std=35.4631 m_kl_max=0.0403 m_ratio_max=0.919 w_ax@goal=+1.76 w_v@goal=14.79 return=922.2 length=80 success_rate=1.00 collisions/ep=1.88 (n=26)
update=145 global_step=296960 SPS=1198 w_ev=0.253 m_ev=0.962 m_v_bias=-10.3 m_adv_std=36.9722 m_kl_max=0.0072 m_ratio_max=0.635 w_ax@goal=+1.73 w_v@goal=14.61 return=954.8 length=80 success_rate=1.00 collisions/ep=1.15 (n=26)
Evaluation at update 145: return=985.02, length=78.20, success_rate=1.00, collisions/ep=0.60
Solved-check at update 145: solved=False worst_gap=150.53 at p_x0=0.50 p_y0=1.00 (consecutive=0)
update=146 global_step=299008 SPS=1188 w_ev=0.269 m_ev=0.909 m_v_bias=11.5 m_adv_std=55.7096 m_kl_max=0.0234 m_ratio_max=0.845 w_ax@goal=+1.77 w_v@goal=14.77 return=939.7 length=79 success_rate=1.00 collisions/ep=1.58 (n=26)
update=147 global_step=301056 SPS=1191 w_ev=0.230 m_ev=0.922 m_v_bias=1.9 m_adv_std=53.6281 m_kl_max=0.0062 m_ratio_max=0.560 w_ax@goal=+1.77 w_v@goal=14.57 return=924.7 length=78 success_rate=1.00 collisions/ep=1.88 (n=25)
update=148 global_step=303104 SPS=1194 w_ev=0.260 m_ev=0.960 m_v_bias=-4.8 m_adv_std=36.7264 m_kl_max=0.0017 m_ratio_max=0.255 w_ax@goal=+1.81 w_v@goal=14.48 return=956.9 length=78 success_rate=1.00 collisions/ep=1.15 (n=27)
update=149 global_step=305152 SPS=1196 w_ev=0.345 m_ev=0.970 m_v_bias=-13.2 m_adv_std=30.9229 m_kl_max=0.0172 m_ratio_max=1.443 w_ax@goal=+1.77 w_v@goal=14.61 return=986.5 length=78 success_rate=1.00 collisions/ep=0.56 (n=27)
update=150 global_step=307200 SPS=1199 w_ev=0.427 m_ev=0.941 m_v_bias=19.6 m_adv_std=46.9148 m_kl_max=0.0126 m_ratio_max=0.801 w_ax@goal=+1.88 w_v@goal=15.53 return=937.8 length=79 success_rate=1.00 collisions/ep=1.62 (n=26)
Evaluation at update 150: return=985.13, length=78.05, success_rate=1.00, collisions/ep=0.60
Solved-check at update 150: solved=False worst_gap=100.39 at p_x0=0.50 p_y0=1.00 (consecutive=0)
update=151 global_step=309248 SPS=1189 w_ev=0.304 m_ev=0.935 m_v_bias=-0.6 m_adv_std=47.0893 m_kl_max=0.0088 m_ratio_max=0.555 w_ax@goal=+1.81 w_v@goal=15.10 return=946.7 length=79 success_rate=1.00 collisions/ep=1.44 (n=25)
update=152 global_step=311296 SPS=1192 w_ev=0.235 m_ev=0.958 m_v_bias=-4.6 m_adv_std=39.6082 m_kl_max=0.0321 m_ratio_max=1.027 w_ax@goal=+1.89 w_v@goal=14.98 return=932.2 length=80 success_rate=1.00 collisions/ep=1.62 (n=26)
update=153 global_step=313344 SPS=1195 w_ev=0.273 m_ev=0.970 m_v_bias=-9.8 m_adv_std=31.1099 m_kl_max=0.0360 m_ratio_max=1.689 w_ax@goal=+1.76 w_v@goal=14.78 return=951.3 length=77 success_rate=1.00 collisions/ep=1.22 (n=27)
update=154 global_step=315392 SPS=1198 w_ev=0.305 m_ev=0.939 m_v_bias=19.7 m_adv_std=49.8661 m_kl_max=0.0179 m_ratio_max=0.910 w_ax@goal=+1.73 w_v@goal=14.95 return=912.3 length=77 success_rate=1.00 collisions/ep=2.11 (n=27)
update=155 global_step=317440 SPS=1201 w_ev=0.212 m_ev=0.954 m_v_bias=5.0 m_adv_std=40.3853 m_kl_max=0.0696 m_ratio_max=1.571 w_ax@goal=+1.68 w_v@goal=14.44 return=922.6 length=79 success_rate=1.00 collisions/ep=2.04 (n=25)
Evaluation at update 155: return=787.55, length=78.20, success_rate=1.00, collisions/ep=4.50
Solved-check at update 155: solved=False worst_gap=450.70 at p_x0=0.00 p_y0=-0.50 (consecutive=0)
update=156 global_step=319488 SPS=1192 w_ev=0.309 m_ev=0.944 m_v_bias=-3.4 m_adv_std=48.7213 m_kl_max=0.0393 m_ratio_max=1.673 w_ax@goal=+1.73 w_v@goal=14.49 return=898.9 length=80 success_rate=1.00 collisions/ep=2.36 (n=25)
update=157 global_step=321536 SPS=1195 w_ev=0.287 m_ev=0.932 m_v_bias=11.6 m_adv_std=53.8701 m_kl_max=0.0187 m_ratio_max=1.662 w_ax@goal=+1.67 w_v@goal=14.36 return=876.0 length=79 success_rate=1.00 collisions/ep=2.92 (n=26)
update=158 global_step=323584 SPS=1198 w_ev=0.256 m_ev=0.925 m_v_bias=0.8 m_adv_std=57.6433 m_kl_max=0.0060 m_ratio_max=0.647 w_ax@goal=+1.63 w_v@goal=14.06 return=875.5 length=80 success_rate=1.00 collisions/ep=2.89 (n=27)
update=159 global_step=325632 SPS=1201 w_ev=0.319 m_ev=0.947 m_v_bias=-5.5 m_adv_std=46.7819 m_kl_max=0.0145 m_ratio_max=0.946 w_ax@goal=+1.60 w_v@goal=14.09 return=912.1 length=78 success_rate=1.00 collisions/ep=2.08 (n=25)
update=160 global_step=327680 SPS=1204 w_ev=0.172 m_ev=0.944 m_v_bias=5.1 m_adv_std=45.5638 m_kl_max=0.0048 m_ratio_max=0.525 w_ax@goal=+1.62 w_v@goal=14.04 return=879.9 length=80 success_rate=1.00 collisions/ep=2.85 (n=26)
Evaluation at update 160: return=839.68, length=78.40, success_rate=1.00, collisions/ep=3.45
Solved-check at update 160: solved=False worst_gap=450.91 at p_x0=0.50 p_y0=-1.00 (consecutive=0)
update=161 global_step=329728 SPS=1194 w_ev=0.222 m_ev=0.927 m_v_bias=4.6 m_adv_std=50.4566 m_kl_max=0.1159 m_ratio_max=1.176 w_ax@goal=+1.58 w_v@goal=14.28 return=923.7 length=79 success_rate=1.00 collisions/ep=1.92 (n=26)
update=162 global_step=331776 SPS=1196 w_ev=0.112 m_ev=0.958 m_v_bias=-8.2 m_adv_std=39.6725 m_kl_max=0.0050 m_ratio_max=0.702 w_ax@goal=+1.56 w_v@goal=13.85 return=948.6 length=78 success_rate=1.00 collisions/ep=1.31 (n=26)
update=163 global_step=333824 SPS=1199 w_ev=0.251 m_ev=0.963 m_v_bias=-12.5 m_adv_std=37.5594 m_kl_max=0.0140 m_ratio_max=0.907 w_ax@goal=+1.47 w_v@goal=14.20 return=910.0 length=78 success_rate=1.00 collisions/ep=2.07 (n=27)
update=164 global_step=335872 SPS=1202 w_ev=0.289 m_ev=0.944 m_v_bias=6.9 m_adv_std=48.6259 m_kl_max=0.0680 m_ratio_max=0.876 w_ax@goal=+1.53 w_v@goal=14.54 return=925.5 length=79 success_rate=1.00 collisions/ep=1.81 (n=26)
update=165 global_step=337920 SPS=1206 w_ev=0.333 m_ev=0.927 m_v_bias=2.1 m_adv_std=52.0447 m_kl_max=0.0051 m_ratio_max=0.731 w_ax@goal=+1.63 w_v@goal=14.74 return=916.2 length=80 success_rate=1.00 collisions/ep=2.12 (n=26)
Evaluation at update 165: return=772.26, length=78.35, success_rate=1.00, collisions/ep=4.80
Solved-check at update 165: solved=False worst_gap=450.82 at p_x0=0.50 p_y0=-1.00 (consecutive=0)
update=166 global_step=339968 SPS=1197 w_ev=0.209 m_ev=0.929 m_v_bias=14.2 m_adv_std=53.5159 m_kl_max=0.0060 m_ratio_max=0.425 w_ax@goal=+1.65 w_v@goal=14.36 return=904.1 length=79 success_rate=1.00 collisions/ep=2.36 (n=25)
update=167 global_step=342016 SPS=1200 w_ev=0.244 m_ev=0.964 m_v_bias=-9.9 m_adv_std=37.8798 m_kl_max=0.0358 m_ratio_max=0.887 w_ax@goal=+1.62 w_v@goal=14.47 return=905.0 length=80 success_rate=1.00 collisions/ep=2.31 (n=26)
update=168 global_step=344064 SPS=1202 w_ev=0.200 m_ev=0.937 m_v_bias=3.2 m_adv_std=53.1781 m_kl_max=0.0092 m_ratio_max=0.489 w_ax@goal=+1.57 w_v@goal=14.14 return=888.2 length=80 success_rate=1.00 collisions/ep=2.52 (n=25)
update=169 global_step=346112 SPS=1205 w_ev=0.325 m_ev=0.965 m_v_bias=-17.6 m_adv_std=34.2915 m_kl_max=0.1082 m_ratio_max=0.964 w_ax@goal=+1.61 w_v@goal=14.25 return=948.6 length=80 success_rate=1.00 collisions/ep=1.27 (n=26)
update=170 global_step=348160 SPS=1208 w_ev=0.213 m_ev=0.943 m_v_bias=6.2 m_adv_std=46.1427 m_kl_max=0.0064 m_ratio_max=0.512 w_ax@goal=+1.57 w_v@goal=14.28 return=956.3 length=78 success_rate=1.00 collisions/ep=1.23 (n=26)
Evaluation at update 170: return=839.80, length=78.30, success_rate=1.00, collisions/ep=3.45
Solved-check at update 170: solved=False worst_gap=450.97 at p_x0=0.00 p_y0=-0.50 (consecutive=0)
update=171 global_step=350208 SPS=1199 w_ev=0.237 m_ev=0.934 m_v_bias=4.1 m_adv_std=47.7727 m_kl_max=0.0188 m_ratio_max=0.739 w_ax@goal=+1.66 w_v@goal=14.44 return=937.6 length=80 success_rate=1.00 collisions/ep=1.62 (n=26)
update=172 global_step=352256 SPS=1203 w_ev=0.246 m_ev=0.947 m_v_bias=8.4 m_adv_std=44.0144 m_kl_max=0.0245 m_ratio_max=1.165 w_ax@goal=+1.69 w_v@goal=14.44 return=929.9 length=80 success_rate=1.00 collisions/ep=1.81 (n=26)
update=173 global_step=354304 SPS=1206 w_ev=0.269 m_ev=0.959 m_v_bias=-7.1 m_adv_std=40.3166 m_kl_max=0.0308 m_ratio_max=1.056 w_ax@goal=+1.67 w_v@goal=14.37 return=935.3 length=78 success_rate=1.00 collisions/ep=1.69 (n=26)
update=174 global_step=356352 SPS=1209 w_ev=0.286 m_ev=0.958 m_v_bias=-4.7 m_adv_std=39.9699 m_kl_max=0.0114 m_ratio_max=0.945 w_ax@goal=+1.65 w_v@goal=14.45 return=936.7 length=80 success_rate=1.00 collisions/ep=1.64 (n=25)
update=175 global_step=358400 SPS=1212 w_ev=0.279 m_ev=0.970 m_v_bias=-4.4 m_adv_std=31.8695 m_kl_max=0.0059 m_ratio_max=0.508 w_ax@goal=+1.63 w_v@goal=14.69 return=950.5 length=78 success_rate=1.00 collisions/ep=1.27 (n=26)
Evaluation at update 175: return=984.31, length=78.80, success_rate=1.00, collisions/ep=0.60
Solved-check at update 175: solved=False worst_gap=300.96 at p_x0=1.50 p_y0=-1.00 (consecutive=0)
update=176 global_step=360448 SPS=1202 w_ev=0.328 m_ev=0.973 m_v_bias=-2.3 m_adv_std=30.1148 m_kl_max=0.0661 m_ratio_max=2.772 w_ax@goal=+1.64 w_v@goal=14.69 return=942.0 length=82 success_rate=1.00 collisions/ep=1.48 (n=25)
update=177 global_step=362496 SPS=1205 w_ev=0.257 m_ev=0.958 m_v_bias=6.8 m_adv_std=38.5414 m_kl_max=0.0036 m_ratio_max=0.393 w_ax@goal=+1.61 w_v@goal=14.47 return=942.4 length=80 success_rate=1.00 collisions/ep=1.50 (n=26)
update=178 global_step=364544 SPS=1208 w_ev=0.222 m_ev=0.961 m_v_bias=-1.9 m_adv_std=35.1076 m_kl_max=0.0228 m_ratio_max=0.762 w_ax@goal=+1.67 w_v@goal=14.54 return=955.4 length=80 success_rate=1.00 collisions/ep=1.16 (n=25)
update=179 global_step=366592 SPS=1211 w_ev=0.241 m_ev=0.986 m_v_bias=-12.8 m_adv_std=20.4925 m_kl_max=0.0117 m_ratio_max=0.702 w_ax@goal=+1.54 w_v@goal=14.38 return=978.4 length=79 success_rate=1.00 collisions/ep=0.78 (n=27)
update=180 global_step=368640 SPS=1214 w_ev=0.249 m_ev=0.968 m_v_bias=3.6 m_adv_std=32.1728 m_kl_max=0.0067 m_ratio_max=0.616 w_ax@goal=+1.60 w_v@goal=14.76 return=970.7 length=79 success_rate=1.00 collisions/ep=0.92 (n=26)
Evaluation at update 180: return=971.76, length=78.80, success_rate=1.00, collisions/ep=0.90
Solved-check at update 180: solved=False worst_gap=301.21 at p_x0=0.50 p_y0=-1.00 (consecutive=0)
update=181 global_step=370688 SPS=1205 w_ev=0.238 m_ev=0.977 m_v_bias=-5.2 m_adv_std=25.8279 m_kl_max=0.0254 m_ratio_max=0.999 w_ax@goal=+1.57 w_v@goal=14.83 return=978.6 length=79 success_rate=1.00 collisions/ep=0.69 (n=26)
update=182 global_step=372736 SPS=1208 w_ev=0.247 m_ev=0.973 m_v_bias=5.3 m_adv_std=29.7051 m_kl_max=0.0101 m_ratio_max=0.963 w_ax@goal=+1.66 w_v@goal=14.75 return=965.3 length=78 success_rate=1.00 collisions/ep=1.04 (n=27)
update=183 global_step=374784 SPS=1211 w_ev=0.267 m_ev=0.972 m_v_bias=0.6 m_adv_std=30.5125 m_kl_max=0.0060 m_ratio_max=0.631 w_ax@goal=+1.75 w_v@goal=15.01 return=966.0 length=81 success_rate=1.00 collisions/ep=0.96 (n=23)
update=184 global_step=376832 SPS=1214 w_ev=0.220 m_ev=0.942 m_v_bias=17.4 m_adv_std=46.4883 m_kl_max=0.0194 m_ratio_max=1.693 w_ax@goal=+1.72 w_v@goal=14.92 return=911.4 length=80 success_rate=1.00 collisions/ep=2.11 (n=28)
update=185 global_step=378880 SPS=1216 w_ev=0.273 m_ev=0.968 m_v_bias=-8.6 m_adv_std=34.2111 m_kl_max=0.0502 m_ratio_max=1.593 w_ax@goal=+1.70 w_v@goal=14.72 return=951.7 length=78 success_rate=1.00 collisions/ep=1.28 (n=25)
Evaluation at update 185: return=856.93, length=78.65, success_rate=1.00, collisions/ep=3.15
Solved-check at update 185: solved=False worst_gap=451.01 at p_x0=1.00 p_y0=-1.00 (consecutive=0)
update=186 global_step=380928 SPS=1208 w_ev=0.244 m_ev=0.938 m_v_bias=-4.1 m_adv_std=48.6556 m_kl_max=0.0098 m_ratio_max=0.751 w_ax@goal=+1.72 w_v@goal=14.86 return=908.1 length=80 success_rate=1.00 collisions/ep=2.24 (n=25)
update=187 global_step=382976 SPS=1211 w_ev=0.263 m_ev=0.961 m_v_bias=-6.0 m_adv_std=36.5878 m_kl_max=0.0037 m_ratio_max=0.364 w_ax@goal=+1.71 w_v@goal=14.58 return=953.5 length=79 success_rate=1.00 collisions/ep=1.19 (n=26)
update=188 global_step=385024 SPS=1213 w_ev=0.194 m_ev=0.908 m_v_bias=16.5 m_adv_std=62.5961 m_kl_max=0.0080 m_ratio_max=0.784 w_ax@goal=+1.62 w_v@goal=14.56 return=905.6 length=77 success_rate=1.00 collisions/ep=2.30 (n=27)
update=189 global_step=387072 SPS=1215 w_ev=0.294 m_ev=0.959 m_v_bias=-8.0 m_adv_std=43.2519 m_kl_max=0.0180 m_ratio_max=1.262 w_ax@goal=+1.71 w_v@goal=14.53 return=913.9 length=79 success_rate=1.00 collisions/ep=2.07 (n=27)
update=190 global_step=389120 SPS=1218 w_ev=0.232 m_ev=0.952 m_v_bias=-0.6 m_adv_std=40.7822 m_kl_max=0.0231 m_ratio_max=0.835 w_ax@goal=+1.70 w_v@goal=14.62 return=933.1 length=82 success_rate=1.00 collisions/ep=1.58 (n=24)
Evaluation at update 190: return=951.69, length=79.00, success_rate=1.00, collisions/ep=1.30
Solved-check at update 190: solved=False worst_gap=401.32 at p_x0=0.50 p_y0=-1.00 (consecutive=0)
update=191 global_step=391168 SPS=1209 w_ev=0.273 m_ev=0.937 m_v_bias=-0.5 m_adv_std=47.2739 m_kl_max=0.0069 m_ratio_max=0.577 w_ax@goal=+1.68 w_v@goal=14.48 return=925.2 length=81 success_rate=1.00 collisions/ep=1.92 (n=26)
update=192 global_step=393216 SPS=1211 w_ev=0.276 m_ev=0.932 m_v_bias=3.7 m_adv_std=51.5451 m_kl_max=0.0094 m_ratio_max=0.566 w_ax@goal=+1.66 w_v@goal=14.32 return=940.0 length=80 success_rate=1.00 collisions/ep=1.60 (n=25)
update=193 global_step=395264 SPS=1214 w_ev=0.268 m_ev=0.958 m_v_bias=-9.1 m_adv_std=38.0292 m_kl_max=0.0206 m_ratio_max=0.686 w_ax@goal=+1.62 w_v@goal=14.57 return=927.8 length=80 success_rate=1.00 collisions/ep=1.72 (n=25)
update=194 global_step=397312 SPS=1216 w_ev=0.317 m_ev=0.961 m_v_bias=1.2 m_adv_std=36.7449 m_kl_max=0.0156 m_ratio_max=0.787 w_ax@goal=+1.63 w_v@goal=14.55 return=950.0 length=79 success_rate=1.00 collisions/ep=1.38 (n=26)
update=195 global_step=399360 SPS=1219 w_ev=0.329 m_ev=0.968 m_v_bias=-2.7 m_adv_std=33.8203 m_kl_max=0.0136 m_ratio_max=0.759 w_ax@goal=+1.65 w_v@goal=14.57 return=936.1 length=80 success_rate=1.00 collisions/ep=1.54 (n=28)
Evaluation at update 195: return=856.86, length=78.65, success_rate=1.00, collisions/ep=3.25
Solved-check at update 195: solved=False worst_gap=450.88 at p_x0=1.50 p_y0=-1.00 (consecutive=0)
update=196 global_step=401408 SPS=1210 w_ev=0.352 m_ev=0.962 m_v_bias=-0.2 m_adv_std=36.5691 m_kl_max=0.0150 m_ratio_max=1.216 w_ax@goal=+1.67 w_v@goal=15.05 return=959.2 length=80 success_rate=1.00 collisions/ep=1.12 (n=24)
update=197 global_step=403456 SPS=1213 w_ev=0.236 m_ev=0.953 m_v_bias=0.3 m_adv_std=40.3801 m_kl_max=0.0200 m_ratio_max=0.702 w_ax@goal=+1.69 w_v@goal=14.84 return=957.8 length=79 success_rate=1.00 collisions/ep=1.16 (n=25)
update=198 global_step=405504 SPS=1215 w_ev=0.321 m_ev=0.953 m_v_bias=8.2 m_adv_std=41.9637 m_kl_max=0.0112 m_ratio_max=0.644 w_ax@goal=+1.63 w_v@goal=14.93 return=924.8 length=80 success_rate=1.00 collisions/ep=1.85 (n=26)
update=199 global_step=407552 SPS=1218 w_ev=0.300 m_ev=0.974 m_v_bias=-6.5 m_adv_std=30.0139 m_kl_max=0.0765 m_ratio_max=1.377 w_ax@goal=+1.58 w_v@goal=14.69 return=961.4 length=80 success_rate=1.00 collisions/ep=1.11 (n=27)
update=200 global_step=409600 SPS=1220 w_ev=0.245 m_ev=0.966 m_v_bias=2.1 m_adv_std=33.8545 m_kl_max=0.0184 m_ratio_max=0.661 w_ax@goal=+1.58 w_v@goal=14.88 return=947.2 length=79 success_rate=1.00 collisions/ep=1.40 (n=25)
Evaluation at update 200: return=946.70, length=79.00, success_rate=1.00, collisions/ep=1.35
Solved-check at update 200: solved=False worst_gap=401.31 at p_x0=0.50 p_y0=-1.00 (consecutive=0)
update=201 global_step=411648 SPS=1211 w_ev=0.330 m_ev=0.917 m_v_bias=8.1 m_adv_std=56.3800 m_kl_max=0.0108 m_ratio_max=0.615 w_ax@goal=+1.71 w_v@goal=15.01 return=925.9 length=80 success_rate=1.00 collisions/ep=1.88 (n=25)
update=202 global_step=413696 SPS=1213 w_ev=0.340 m_ev=0.972 m_v_bias=-17.3 m_adv_std=28.9430 m_kl_max=0.1475 m_ratio_max=0.992 w_ax@goal=+1.55 w_v@goal=14.74 return=978.6 length=80 success_rate=1.00 collisions/ep=0.73 (n=26)
update=203 global_step=415744 SPS=1215 w_ev=0.310 m_ev=0.968 m_v_bias=12.5 m_adv_std=33.6711 m_kl_max=0.0390 m_ratio_max=2.069 w_ax@goal=+1.57 w_v@goal=14.96 return=951.5 length=80 success_rate=1.00 collisions/ep=1.19 (n=26)
update=204 global_step=417792 SPS=1217 w_ev=0.238 m_ev=0.964 m_v_bias=5.6 m_adv_std=34.7194 m_kl_max=0.0428 m_ratio_max=2.069 w_ax@goal=+1.63 w_v@goal=14.79 return=932.1 length=80 success_rate=1.00 collisions/ep=1.73 (n=26)
update=205 global_step=419840 SPS=1220 w_ev=0.299 m_ev=0.923 m_v_bias=10.7 m_adv_std=54.0900 m_kl_max=0.0152 m_ratio_max=0.942 w_ax@goal=+1.66 w_v@goal=14.69 return=915.2 length=82 success_rate=1.00 collisions/ep=2.04 (n=25)
Evaluation at update 205: return=856.67, length=79.00, success_rate=1.00, collisions/ep=3.15
Solved-check at update 205: solved=False worst_gap=450.94 at p_x0=2.00 p_y0=-1.00 (consecutive=0)
update=206 global_step=421888 SPS=1212 w_ev=0.240 m_ev=0.944 m_v_bias=-0.4 m_adv_std=47.8933 m_kl_max=0.0062 m_ratio_max=0.433 w_ax@goal=+1.65 w_v@goal=14.49 return=927.4 length=79 success_rate=1.00 collisions/ep=1.72 (n=25)
update=207 global_step=423936 SPS=1215 w_ev=0.209 m_ev=0.974 m_v_bias=-10.2 m_adv_std=30.4598 m_kl_max=0.0216 m_ratio_max=1.541 w_ax@goal=+1.68 w_v@goal=14.14 return=938.8 length=82 success_rate=1.00 collisions/ep=1.50 (n=24)
update=208 global_step=425984 SPS=1217 w_ev=0.321 m_ev=0.981 m_v_bias=-10.7 m_adv_std=25.1569 m_kl_max=0.0074 m_ratio_max=0.990 w_ax@goal=+1.66 w_v@goal=14.59 return=961.4 length=79 success_rate=1.00 collisions/ep=1.30 (n=27)
update=209 global_step=428032 SPS=1219 w_ev=0.290 m_ev=0.959 m_v_bias=2.8 m_adv_std=35.4894 m_kl_max=0.0112 m_ratio_max=0.621 w_ax@goal=+1.61 w_v@goal=14.84 return=977.2 length=80 success_rate=1.00 collisions/ep=0.72 (n=25)
update=210 global_step=430080 SPS=1222 w_ev=0.238 m_ev=0.943 m_v_bias=16.1 m_adv_std=43.3531 m_kl_max=0.0109 m_ratio_max=0.694 w_ax@goal=+1.59 w_v@goal=14.81 return=933.0 length=81 success_rate=1.00 collisions/ep=1.65 (n=26)
Evaluation at update 210: return=791.28, length=79.30, success_rate=1.00, collisions/ep=4.40
Solved-check at update 210: solved=False worst_gap=451.99 at p_x0=0.00 p_y0=-0.50 (consecutive=0)
update=211 global_step=432128 SPS=1213 w_ev=0.303 m_ev=0.944 m_v_bias=-4.2 m_adv_std=44.8403 m_kl_max=0.0086 m_ratio_max=0.603 w_ax@goal=+1.63 w_v@goal=14.80 return=943.5 length=80 success_rate=1.00 collisions/ep=1.50 (n=26)
update=212 global_step=434176 SPS=1216 w_ev=0.253 m_ev=0.937 m_v_bias=7.6 m_adv_std=47.8984 m_kl_max=0.0144 m_ratio_max=1.245 w_ax@goal=+1.62 w_v@goal=14.89 return=919.6 length=82 success_rate=1.00 collisions/ep=1.96 (n=24)
update=213 global_step=436224 SPS=1217 w_ev=0.253 m_ev=0.932 m_v_bias=13.1 m_adv_std=53.7982 m_kl_max=0.0100 m_ratio_max=0.601 w_ax@goal=+1.59 w_v@goal=14.72 return=891.4 length=82 success_rate=1.00 collisions/ep=2.42 (n=26)
update=214 global_step=438272 SPS=1220 w_ev=0.333 m_ev=0.955 m_v_bias=-3.6 m_adv_std=45.0167 m_kl_max=0.0095 m_ratio_max=0.575 w_ax@goal=+1.63 w_v@goal=14.66 return=905.8 length=81 success_rate=1.00 collisions/ep=2.17 (n=24)
update=215 global_step=440320 SPS=1222 w_ev=0.335 m_ev=0.950 m_v_bias=-5.7 m_adv_std=42.0684 m_kl_max=0.0361 m_ratio_max=1.913 w_ax@goal=+1.64 w_v@goal=14.65 return=916.9 length=81 success_rate=1.00 collisions/ep=1.96 (n=25)
Evaluation at update 215: return=890.86, length=79.65, success_rate=1.00, collisions/ep=2.45
Solved-check at update 215: solved=False worst_gap=451.88 at p_x0=1.50 p_y0=-1.00 (consecutive=0)
update=216 global_step=442368 SPS=1214 w_ev=0.279 m_ev=0.933 m_v_bias=7.2 m_adv_std=50.2137 m_kl_max=0.0213 m_ratio_max=1.709 w_ax@goal=+1.59 w_v@goal=14.64 return=921.9 length=82 success_rate=1.00 collisions/ep=1.85 (n=26)
update=217 global_step=444416 SPS=1216 w_ev=0.314 m_ev=0.950 m_v_bias=-5.5 m_adv_std=42.3010 m_kl_max=0.0349 m_ratio_max=0.747 w_ax@goal=+1.42 w_v@goal=14.54 return=935.7 length=82 success_rate=1.00 collisions/ep=1.56 (n=25)
update=218 global_step=446464 SPS=1218 w_ev=0.278 m_ev=0.945 m_v_bias=7.8 m_adv_std=43.3213 m_kl_max=0.0597 m_ratio_max=1.497 w_ax@goal=+1.55 w_v@goal=14.56 return=904.0 length=83 success_rate=1.00 collisions/ep=2.42 (n=24)
update=219 global_step=448512 SPS=1220 w_ev=0.301 m_ev=0.951 m_v_bias=-8.1 m_adv_std=45.3049 m_kl_max=0.0110 m_ratio_max=0.902 w_ax@goal=+1.54 w_v@goal=14.53 return=939.0 length=83 success_rate=1.00 collisions/ep=1.56 (n=25)
update=220 global_step=450560 SPS=1222 w_ev=0.312 m_ev=0.937 m_v_bias=9.1 m_adv_std=52.2626 m_kl_max=0.0077 m_ratio_max=0.672 w_ax@goal=+1.58 w_v@goal=14.75 return=937.4 length=81 success_rate=1.00 collisions/ep=1.52 (n=25)
Evaluation at update 220: return=758.94, length=79.20, success_rate=1.00, collisions/ep=5.05
Solved-check at update 220: solved=False worst_gap=451.81 at p_x0=0.00 p_y0=-0.50 (consecutive=0)
update=221 global_step=452608 SPS=1216 w_ev=0.241 m_ev=0.934 m_v_bias=5.5 m_adv_std=54.4098 m_kl_max=0.0093 m_ratio_max=0.603 w_ax@goal=+1.53 w_v@goal=14.38 return=859.3 length=81 success_rate=1.00 collisions/ep=3.27 (n=26)
update=222 global_step=454656 SPS=1218 w_ev=0.388 m_ev=0.949 m_v_bias=-20.4 m_adv_std=43.3491 m_kl_max=0.0519 m_ratio_max=1.506 w_ax@goal=+1.53 w_v@goal=14.67 return=930.9 length=80 success_rate=1.00 collisions/ep=1.80 (n=25)
update=223 global_step=456704 SPS=1221 w_ev=0.383 m_ev=0.945 m_v_bias=14.4 m_adv_std=50.3394 m_kl_max=0.0033 m_ratio_max=0.377 w_ax@goal=+1.56 w_v@goal=14.80 return=903.5 length=80 success_rate=1.00 collisions/ep=2.28 (n=25)
update=224 global_step=458752 SPS=1223 w_ev=0.305 m_ev=0.897 m_v_bias=21.2 m_adv_std=66.4261 m_kl_max=0.0639 m_ratio_max=0.909 w_ax@goal=+1.65 w_v@goal=14.38 return=859.9 length=80 success_rate=1.00 collisions/ep=3.32 (n=28)
update=225 global_step=460800 SPS=1225 w_ev=0.276 m_ev=0.947 m_v_bias=-12.4 m_adv_std=49.3022 m_kl_max=0.0130 m_ratio_max=0.614 w_ax@goal=+1.70 w_v@goal=14.44 return=874.1 length=80 success_rate=1.00 collisions/ep=2.88 (n=25)
Evaluation at update 225: return=749.79, length=78.30, success_rate=1.00, collisions/ep=5.25
Solved-check at update 225: solved=False worst_gap=450.98 at p_x0=0.00 p_y0=0.00 (consecutive=0)
update=226 global_step=462848 SPS=1218 w_ev=0.287 m_ev=0.913 m_v_bias=8.1 m_adv_std=68.5344 m_kl_max=0.0061 m_ratio_max=0.629 w_ax@goal=+1.69 w_v@goal=14.49 return=827.4 length=78 success_rate=1.00 collisions/ep=3.88 (n=26)
update=227 global_step=464896 SPS=1220 w_ev=0.364 m_ev=0.926 m_v_bias=-16.7 m_adv_std=58.9438 m_kl_max=0.0030 m_ratio_max=0.471 w_ax@goal=+1.68 w_v@goal=14.26 return=882.6 length=81 success_rate=1.00 collisions/ep=2.72 (n=25)
update=228 global_step=466944 SPS=1222 w_ev=0.361 m_ev=0.957 m_v_bias=-6.7 m_adv_std=41.6914 m_kl_max=0.0512 m_ratio_max=0.968 w_ax@goal=+1.69 w_v@goal=14.56 return=912.2 length=79 success_rate=1.00 collisions/ep=2.07 (n=27)
update=229 global_step=468992 SPS=1223 w_ev=0.359 m_ev=0.945 m_v_bias=10.2 m_adv_std=50.1808 m_kl_max=0.0094 m_ratio_max=1.285 w_ax@goal=+1.71 w_v@goal=14.97 return=855.1 length=81 success_rate=1.00 collisions/ep=3.27 (n=26)
update=230 global_step=471040 SPS=1225 w_ev=0.382 m_ev=0.952 m_v_bias=-12.0 m_adv_std=43.5120 m_kl_max=0.0222 m_ratio_max=0.735 w_ax@goal=+1.63 w_v@goal=14.99 return=929.0 length=79 success_rate=1.00 collisions/ep=1.75 (n=24)
Evaluation at update 230: return=737.23, length=78.40, success_rate=1.00, collisions/ep=6.00
Solved-check at update 230: solved=False worst_gap=550.86 at p_x0=0.50 p_y0=-1.00 (consecutive=0)
update=231 global_step=473088 SPS=1218 w_ev=0.234 m_ev=0.903 m_v_bias=22.0 m_adv_std=63.0156 m_kl_max=0.0085 m_ratio_max=0.579 w_ax@goal=+1.61 w_v@goal=14.38 return=858.2 length=78 success_rate=1.00 collisions/ep=3.33 (n=27)
update=232 global_step=475136 SPS=1221 w_ev=0.326 m_ev=0.933 m_v_bias=-6.2 m_adv_std=53.2564 m_kl_max=0.0030 m_ratio_max=0.378 w_ax@goal=+1.71 w_v@goal=14.52 return=883.6 length=79 success_rate=1.00 collisions/ep=2.80 (n=25)
update=233 global_step=477184 SPS=1223 w_ev=0.332 m_ev=0.939 m_v_bias=-9.5 m_adv_std=49.0225 m_kl_max=0.0073 m_ratio_max=0.595 w_ax@goal=+1.55 w_v@goal=14.42 return=938.1 length=79 success_rate=1.00 collisions/ep=1.52 (n=27)
update=234 global_step=479232 SPS=1225 w_ev=0.429 m_ev=0.951 m_v_bias=5.6 m_adv_std=44.3172 m_kl_max=0.0823 m_ratio_max=2.473 w_ax@goal=+1.62 w_v@goal=14.86 return=894.3 length=80 success_rate=1.00 collisions/ep=2.56 (n=25)
update=235 global_step=481280 SPS=1227 w_ev=0.436 m_ev=0.959 m_v_bias=-14.6 m_adv_std=40.6618 m_kl_max=0.0113 m_ratio_max=0.652 w_ax@goal=+1.54 w_v@goal=15.00 return=926.5 length=77 success_rate=1.00 collisions/ep=1.70 (n=27)
Evaluation at update 235: return=764.67, length=78.50, success_rate=1.00, collisions/ep=4.95
Solved-check at update 235: solved=False worst_gap=450.94 at p_x0=0.50 p_y0=-1.00 (consecutive=0)
update=236 global_step=483328 SPS=1220 w_ev=0.338 m_ev=0.936 m_v_bias=15.0 m_adv_std=58.1696 m_kl_max=0.0203 m_ratio_max=1.746 w_ax@goal=+1.53 w_v@goal=14.78 return=870.2 length=81 success_rate=1.00 collisions/ep=2.88 (n=25)
update=237 global_step=485376 SPS=1222 w_ev=0.317 m_ev=0.931 m_v_bias=-2.6 m_adv_std=51.9733 m_kl_max=0.1677 m_ratio_max=9.178 w_ax@goal=+1.53 w_v@goal=14.41 return=885.0 length=80 success_rate=1.00 collisions/ep=2.73 (n=26)
update=238 global_step=487424 SPS=1224 w_ev=0.212 m_ev=0.899 m_v_bias=14.0 m_adv_std=63.4013 m_kl_max=0.0383 m_ratio_max=2.429 w_ax@goal=+1.47 w_v@goal=14.26 return=892.2 length=81 success_rate=1.00 collisions/ep=2.52 (n=25)
update=239 global_step=489472 SPS=1226 w_ev=0.267 m_ev=0.925 m_v_bias=-6.4 m_adv_std=57.4025 m_kl_max=0.0546 m_ratio_max=1.116 w_ax@goal=+1.56 w_v@goal=14.32 return=894.3 length=82 success_rate=1.00 collisions/ep=2.54 (n=26)
update=240 global_step=491520 SPS=1229 w_ev=0.234 m_ev=0.924 m_v_bias=-10.6 m_adv_std=53.8129 m_kl_max=0.0172 m_ratio_max=0.701 w_ax@goal=+1.52 w_v@goal=13.85 return=903.5 length=79 success_rate=1.00 collisions/ep=2.17 (n=24)
Evaluation at update 240: return=847.08, length=78.65, success_rate=1.00, collisions/ep=3.30
Solved-check at update 240: solved=False worst_gap=450.86 at p_x0=1.00 p_y0=-1.00 (consecutive=0)
update=241 global_step=493568 SPS=1222 w_ev=0.392 m_ev=0.946 m_v_bias=-5.4 m_adv_std=45.9017 m_kl_max=0.0341 m_ratio_max=2.714 w_ax@goal=+1.51 w_v@goal=14.37 return=927.2 length=80 success_rate=1.00 collisions/ep=1.77 (n=26)
update=242 global_step=495616 SPS=1224 w_ev=0.403 m_ev=0.946 m_v_bias=6.2 m_adv_std=47.4431 m_kl_max=0.0106 m_ratio_max=0.616 w_ax@goal=+1.54 w_v@goal=14.89 return=893.7 length=80 success_rate=1.00 collisions/ep=2.48 (n=25)
update=243 global_step=497664 SPS=1226 w_ev=0.375 m_ev=0.941 m_v_bias=5.5 m_adv_std=53.0997 m_kl_max=0.0250 m_ratio_max=1.348 w_ax@goal=+1.50 w_v@goal=14.76 return=851.1 length=79 success_rate=1.00 collisions/ep=3.32 (n=28)
update=244 global_step=499712 SPS=1228 w_ev=0.440 m_ev=0.957 m_v_bias=-9.5 m_adv_std=40.4826 m_kl_max=0.0059 m_ratio_max=0.668 w_ax@goal=+1.45 w_v@goal=14.84 return=929.8 length=79 success_rate=1.00 collisions/ep=1.80 (n=25)
update=245 global_step=501760 SPS=1230 w_ev=0.375 m_ev=0.947 m_v_bias=21.4 m_adv_std=54.5248 m_kl_max=0.0122 m_ratio_max=0.537 w_ax@goal=+1.46 w_v@goal=15.18 return=826.0 length=82 success_rate=1.00 collisions/ep=3.72 (n=25)
Evaluation at update 245: return=786.77, length=78.80, success_rate=1.00, collisions/ep=4.50
Solved-check at update 245: solved=False worst_gap=451.00 at p_x0=1.50 p_y0=-1.00 (consecutive=0)
update=246 global_step=503808 SPS=1223 w_ev=0.340 m_ev=0.942 m_v_bias=-16.3 m_adv_std=46.8459 m_kl_max=0.0336 m_ratio_max=0.765 w_ax@goal=+1.54 w_v@goal=14.81 return=922.5 length=81 success_rate=1.00 collisions/ep=1.83 (n=24)
update=247 global_step=505856 SPS=1225 w_ev=0.384 m_ev=0.954 m_v_bias=-1.1 m_adv_std=44.1384 m_kl_max=0.0213 m_ratio_max=1.347 w_ax@goal=+1.40 w_v@goal=14.59 return=927.9 length=81 success_rate=1.00 collisions/ep=1.78 (n=27)
update=248 global_step=507904 SPS=1227 w_ev=0.337 m_ev=0.959 m_v_bias=-5.6 m_adv_std=38.7480 m_kl_max=0.0115 m_ratio_max=0.670 w_ax@goal=+1.48 w_v@goal=14.86 return=911.8 length=81 success_rate=1.00 collisions/ep=2.21 (n=24)
update=249 global_step=509952 SPS=1229 w_ev=0.388 m_ev=0.941 m_v_bias=1.3 m_adv_std=46.3980 m_kl_max=0.0040 m_ratio_max=0.571 w_ax@goal=+1.49 w_v@goal=14.86 return=918.7 length=80 success_rate=1.00 collisions/ep=1.92 (n=26)
update=250 global_step=512000 SPS=1231 w_ev=0.360 m_ev=0.919 m_v_bias=17.6 m_adv_std=63.9659 m_kl_max=0.0088 m_ratio_max=0.649 w_ax@goal=+1.58 w_v@goal=14.90 return=856.3 length=81 success_rate=1.00 collisions/ep=3.24 (n=25)
Evaluation at update 250: return=699.60, length=78.60, success_rate=1.00, collisions/ep=6.25
Solved-check at update 250: solved=False worst_gap=450.83 at p_x0=1.00 p_y0=-1.00 (consecutive=0)
update=251 global_step=514048 SPS=1224 w_ev=0.305 m_ev=0.944 m_v_bias=6.9 m_adv_std=55.2209 m_kl_max=0.0093 m_ratio_max=0.608 w_ax@goal=+1.47 w_v@goal=14.76 return=886.1 length=79 success_rate=1.00 collisions/ep=2.56 (n=25)
update=252 global_step=516096 SPS=1225 w_ev=0.425 m_ev=0.949 m_v_bias=5.9 m_adv_std=55.4678 m_kl_max=0.0098 m_ratio_max=0.553 w_ax@goal=+1.53 w_v@goal=14.74 return=788.6 length=79 success_rate=1.00 collisions/ep=4.64 (n=28)
update=253 global_step=518144 SPS=1227 w_ev=0.378 m_ev=0.939 m_v_bias=-7.9 m_adv_std=56.5922 m_kl_max=0.0173 m_ratio_max=0.746 w_ax@goal=+1.42 w_v@goal=14.57 return=817.7 length=80 success_rate=1.00 collisions/ep=4.12 (n=25)
update=254 global_step=520192 SPS=1230 w_ev=0.342 m_ev=0.925 m_v_bias=19.7 m_adv_std=63.8958 m_kl_max=0.0041 m_ratio_max=0.408 w_ax@goal=+1.37 w_v@goal=14.49 return=803.8 length=82 success_rate=1.00 collisions/ep=4.52 (n=25)
update=255 global_step=522240 SPS=1231 w_ev=0.259 m_ev=0.897 m_v_bias=11.9 m_adv_std=80.7999 m_kl_max=0.0525 m_ratio_max=1.475 w_ax@goal=+1.38 w_v@goal=14.07 return=801.1 length=80 success_rate=1.00 collisions/ep=4.38 (n=24)
Evaluation at update 255: return=749.15, length=79.05, success_rate=1.00, collisions/ep=5.25
Solved-check at update 255: solved=False worst_gap=450.97 at p_x0=2.00 p_y0=-1.00 (consecutive=0)
update=256 global_step=524288 SPS=1225 w_ev=0.299 m_ev=0.922 m_v_bias=-22.2 m_adv_std=60.3426 m_kl_max=0.0107 m_ratio_max=0.736 w_ax@goal=+1.37 w_v@goal=13.75 return=829.7 length=80 success_rate=1.00 collisions/ep=3.86 (n=28)
update=257 global_step=526336 SPS=1227 w_ev=0.346 m_ev=0.934 m_v_bias=-4.7 m_adv_std=56.3595 m_kl_max=0.0221 m_ratio_max=0.806 w_ax@goal=+1.37 w_v@goal=14.07 return=851.0 length=81 success_rate=1.00 collisions/ep=3.32 (n=25)
update=258 global_step=528384 SPS=1229 w_ev=0.395 m_ev=0.887 m_v_bias=-9.7 m_adv_std=65.5459 m_kl_max=0.0170 m_ratio_max=1.780 w_ax@goal=+1.41 w_v@goal=14.00 return=918.8 length=80 success_rate=1.00 collisions/ep=1.96 (n=25)
update=259 global_step=530432 SPS=1231 w_ev=0.418 m_ev=0.945 m_v_bias=2.5 m_adv_std=48.6713 m_kl_max=0.0212 m_ratio_max=1.067 w_ax@goal=+1.32 w_v@goal=14.59 return=897.4 length=80 success_rate=1.00 collisions/ep=2.38 (n=26)
update=260 global_step=532480 SPS=1232 w_ev=0.388 m_ev=0.939 m_v_bias=10.1 m_adv_std=53.5535 m_kl_max=0.0574 m_ratio_max=2.639 w_ax@goal=+1.55 w_v@goal=14.84 return=857.1 length=79 success_rate=1.00 collisions/ep=3.29 (n=24)
Evaluation at update 260: return=751.95, length=78.65, success_rate=1.00, collisions/ep=5.25
Solved-check at update 260: solved=False worst_gap=450.99 at p_x0=1.00 p_y0=-1.00 (consecutive=0)
update=261 global_step=534528 SPS=1226 w_ev=0.376 m_ev=0.934 m_v_bias=-1.8 m_adv_std=56.1227 m_kl_max=0.0151 m_ratio_max=0.777 w_ax@goal=+1.52 w_v@goal=14.59 return=836.9 length=80 success_rate=1.00 collisions/ep=3.75 (n=28)
update=262 global_step=536576 SPS=1228 w_ev=0.359 m_ev=0.926 m_v_bias=3.4 m_adv_std=61.5655 m_kl_max=0.0088 m_ratio_max=0.464 w_ax@goal=+1.53 w_v@goal=14.66 return=862.3 length=82 success_rate=1.00 collisions/ep=3.08 (n=24)
update=263 global_step=538624 SPS=1230 w_ev=0.432 m_ev=0.941 m_v_bias=-17.1 m_adv_std=52.9415 m_kl_max=0.0114 m_ratio_max=0.890 w_ax@goal=+1.51 w_v@goal=14.28 return=865.4 length=79 success_rate=1.00 collisions/ep=2.96 (n=27)
update=264 global_step=540672 SPS=1232 w_ev=0.428 m_ev=0.971 m_v_bias=-4.6 m_adv_std=31.6594 m_kl_max=0.0264 m_ratio_max=0.910 w_ax@goal=+1.48 w_v@goal=14.98 return=945.7 length=79 success_rate=1.00 collisions/ep=1.35 (n=26)
update=265 global_step=542720 SPS=1234 w_ev=0.392 m_ev=0.935 m_v_bias=11.4 m_adv_std=51.2222 m_kl_max=0.0089 m_ratio_max=0.983 w_ax@goal=+1.50 w_v@goal=14.96 return=905.7 length=79 success_rate=1.00 collisions/ep=2.16 (n=25)
Evaluation at update 265: return=952.00, length=78.65, success_rate=1.00, collisions/ep=1.20
Solved-check at update 265: solved=False worst_gap=450.93 at p_x0=1.00 p_y0=-1.00 (consecutive=0)
update=266 global_step=544768 SPS=1228 w_ev=0.419 m_ev=0.938 m_v_bias=-4.3 m_adv_std=50.5177 m_kl_max=0.0177 m_ratio_max=0.942 w_ax@goal=+1.55 w_v@goal=14.95 return=890.9 length=81 success_rate=1.00 collisions/ep=2.46 (n=24)
update=267 global_step=546816 SPS=1229 w_ev=0.473 m_ev=0.957 m_v_bias=-9.1 m_adv_std=40.9353 m_kl_max=0.0116 m_ratio_max=0.607 w_ax@goal=+1.48 w_v@goal=14.85 return=943.8 length=80 success_rate=1.00 collisions/ep=1.50 (n=28)
update=268 global_step=548864 SPS=1231 w_ev=0.438 m_ev=0.944 m_v_bias=-4.3 m_adv_std=40.3953 m_kl_max=0.0526 m_ratio_max=1.400 w_ax@goal=+1.54 w_v@goal=14.81 return=959.1 length=79 success_rate=1.00 collisions/ep=1.25 (n=24)
update=269 global_step=550912 SPS=1233 w_ev=0.569 m_ev=0.980 m_v_bias=-6.5 m_adv_std=24.5857 m_kl_max=0.0149 m_ratio_max=0.695 w_ax@goal=+1.56 w_v@goal=15.45 return=990.5 length=79 success_rate=1.00 collisions/ep=0.42 (n=26)
update=270 global_step=552960 SPS=1234 w_ev=0.440 m_ev=0.904 m_v_bias=24.4 m_adv_std=63.1707 m_kl_max=0.0183 m_ratio_max=1.661 w_ax@goal=+1.49 w_v@goal=15.47 return=898.2 length=80 success_rate=1.00 collisions/ep=2.42 (n=26)
Evaluation at update 270: return=817.02, length=78.65, success_rate=1.00, collisions/ep=3.90
Solved-check at update 270: solved=False worst_gap=450.92 at p_x0=1.00 p_y0=-1.00 (consecutive=0)
update=271 global_step=555008 SPS=1228 w_ev=0.446 m_ev=0.918 m_v_bias=4.3 m_adv_std=60.8139 m_kl_max=0.0171 m_ratio_max=0.777 w_ax@goal=+1.52 w_v@goal=15.60 return=884.5 length=81 success_rate=1.00 collisions/ep=2.63 (n=27)
update=272 global_step=557056 SPS=1230 w_ev=0.496 m_ev=0.955 m_v_bias=-8.0 m_adv_std=41.5872 m_kl_max=0.0056 m_ratio_max=0.613 w_ax@goal=+1.48 w_v@goal=15.26 return=926.0 length=80 success_rate=1.00 collisions/ep=1.80 (n=25)
update=273 global_step=559104 SPS=1231 w_ev=0.408 m_ev=0.944 m_v_bias=6.6 m_adv_std=49.9542 m_kl_max=0.0108 m_ratio_max=0.908 w_ax@goal=+1.52 w_v@goal=15.40 return=919.8 length=79 success_rate=1.00 collisions/ep=1.96 (n=24)
update=274 global_step=561152 SPS=1233 w_ev=0.420 m_ev=0.923 m_v_bias=4.6 m_adv_std=59.1512 m_kl_max=0.0041 m_ratio_max=0.360 w_ax@goal=+1.44 w_v@goal=15.26 return=836.9 length=79 success_rate=1.00 collisions/ep=3.62 (n=26)
update=275 global_step=563200 SPS=1235 w_ev=0.395 m_ev=0.943 m_v_bias=-4.7 m_adv_std=49.2491 m_kl_max=0.0079 m_ratio_max=0.862 w_ax@goal=+1.53 w_v@goal=15.19 return=903.5 length=79 success_rate=1.00 collisions/ep=2.20 (n=25)
Evaluation at update 275: return=749.31, length=78.70, success_rate=1.00, collisions/ep=5.25
Solved-check at update 275: solved=False worst_gap=450.94 at p_x0=1.50 p_y0=-1.00 (consecutive=0)
update=276 global_step=565248 SPS=1228 w_ev=0.235 m_ev=0.938 m_v_bias=9.8 m_adv_std=53.8224 m_kl_max=0.0188 m_ratio_max=0.744 w_ax@goal=+1.32 w_v@goal=14.58 return=896.4 length=80 success_rate=1.00 collisions/ep=2.37 (n=27)
update=277 global_step=567296 SPS=1230 w_ev=0.343 m_ev=0.947 m_v_bias=4.5 m_adv_std=49.3205 m_kl_max=0.0630 m_ratio_max=3.010 w_ax@goal=+1.51 w_v@goal=14.74 return=883.1 length=80 success_rate=1.00 collisions/ep=2.69 (n=26)
update=278 global_step=569344 SPS=1232 w_ev=0.354 m_ev=0.928 m_v_bias=-8.1 m_adv_std=50.0038 m_kl_max=0.3697 m_ratio_max=2.789 w_ax@goal=+1.45 w_v@goal=14.57 return=937.2 length=80 success_rate=1.00 collisions/ep=1.72 (n=25)
update=279 global_step=571392 SPS=1234 w_ev=0.525 m_ev=0.958 m_v_bias=-12.1 m_adv_std=35.3560 m_kl_max=0.0653 m_ratio_max=0.974 w_ax@goal=+1.41 w_v@goal=14.74 return=966.7 length=80 success_rate=1.00 collisions/ep=0.96 (n=25)
update=280 global_step=573440 SPS=1236 w_ev=0.512 m_ev=0.932 m_v_bias=8.2 m_adv_std=51.7945 m_kl_max=0.0161 m_ratio_max=0.717 w_ax@goal=+1.38 w_v@goal=15.59 return=945.1 length=78 success_rate=1.00 collisions/ep=1.43 (n=28)
Evaluation at update 280: return=949.23, length=78.90, success_rate=1.00, collisions/ep=1.25
Solved-check at update 280: solved=False worst_gap=450.86 at p_x0=2.00 p_y0=-1.00 (consecutive=0)
update=281 global_step=575488 SPS=1230 w_ev=0.544 m_ev=0.952 m_v_bias=0.6 m_adv_std=40.9150 m_kl_max=0.0047 m_ratio_max=0.470 w_ax@goal=+1.32 w_v@goal=15.68 return=939.5 length=80 success_rate=1.00 collisions/ep=1.48 (n=25)
update=282 global_step=577536 SPS=1232 w_ev=0.383 m_ev=0.954 m_v_bias=-2.7 m_adv_std=41.9555 m_kl_max=0.0127 m_ratio_max=1.333 w_ax@goal=+1.29 w_v@goal=15.41 return=947.5 length=79 success_rate=1.00 collisions/ep=1.32 (n=25)
update=283 global_step=579584 SPS=1233 w_ev=0.423 m_ev=0.942 m_v_bias=6.2 m_adv_std=48.2925 m_kl_max=0.0096 m_ratio_max=1.187 w_ax@goal=+1.33 w_v@goal=15.30 return=931.8 length=82 success_rate=1.00 collisions/ep=1.76 (n=25)
update=284 global_step=581632 SPS=1234 w_ev=0.467 m_ev=0.957 m_v_bias=-3.4 m_adv_std=41.0907 m_kl_max=0.0424 m_ratio_max=1.309 w_ax@goal=+1.31 w_v@goal=15.53 return=914.9 length=81 success_rate=1.00 collisions/ep=2.00 (n=26)
update=285 global_step=583680 SPS=1236 w_ev=0.454 m_ev=0.975 m_v_bias=-7.9 m_adv_std=30.1054 m_kl_max=0.0248 m_ratio_max=0.885 w_ax@goal=+1.23 w_v@goal=15.35 return=940.9 length=81 success_rate=1.00 collisions/ep=1.40 (n=25)
Evaluation at update 285: return=1011.56, length=79.20, success_rate=1.00, collisions/ep=0.00
Solved-check at update 285: solved=False worst_gap=401.09 at p_x0=1.50 p_y0=-1.00 (consecutive=0)
update=286 global_step=585728 SPS=1230 w_ev=0.426 m_ev=0.966 m_v_bias=3.1 m_adv_std=32.4594 m_kl_max=0.0792 m_ratio_max=2.635 w_ax@goal=+1.18 w_v@goal=15.27 return=979.4 length=80 success_rate=1.00 collisions/ep=0.63 (n=27)
update=287 global_step=587776 SPS=1231 w_ev=0.422 m_ev=0.971 m_v_bias=-1.3 m_adv_std=31.0132 m_kl_max=0.0631 m_ratio_max=0.959 w_ax@goal=+1.20 w_v@goal=15.01 return=964.7 length=80 success_rate=1.00 collisions/ep=0.96 (n=25)
update=288 global_step=589824 SPS=1233 w_ev=0.419 m_ev=0.965 m_v_bias=0.1 m_adv_std=34.6894 m_kl_max=0.0189 m_ratio_max=0.949 w_ax@goal=+1.18 w_v@goal=15.18 return=965.6 length=82 success_rate=1.00 collisions/ep=1.00 (n=24)
update=289 global_step=591872 SPS=1234 w_ev=0.437 m_ev=0.939 m_v_bias=9.9 m_adv_std=48.4786 m_kl_max=0.0171 m_ratio_max=0.695 w_ax@goal=+1.29 w_v@goal=15.12 return=933.2 length=80 success_rate=1.00 collisions/ep=1.70 (n=27)
update=290 global_step=593920 SPS=1235 w_ev=0.362 m_ev=0.956 m_v_bias=-8.2 m_adv_std=36.3978 m_kl_max=0.0193 m_ratio_max=1.104 w_ax@goal=+1.17 w_v@goal=15.18 return=961.5 length=81 success_rate=1.00 collisions/ep=1.04 (n=24)
Evaluation at update 290: return=949.36, length=78.65, success_rate=1.00, collisions/ep=1.25
Solved-check at update 290: solved=False worst_gap=450.88 at p_x0=1.50 p_y0=-1.00 (consecutive=0)
update=291 global_step=595968 SPS=1230 w_ev=0.467 m_ev=0.960 m_v_bias=0.3 m_adv_std=36.9977 m_kl_max=0.0404 m_ratio_max=1.269 w_ax@goal=+1.29 w_v@goal=15.32 return=984.8 length=80 success_rate=1.00 collisions/ep=0.69 (n=26)
update=292 global_step=598016 SPS=1232 w_ev=0.510 m_ev=0.944 m_v_bias=12.3 m_adv_std=44.6565 m_kl_max=0.0178 m_ratio_max=0.778 w_ax@goal=+1.40 w_v@goal=15.42 return=921.5 length=79 success_rate=1.00 collisions/ep=1.82 (n=28)
update=293 global_step=600064 SPS=1233 w_ev=0.516 m_ev=0.928 m_v_bias=-7.0 m_adv_std=51.5766 m_kl_max=0.0134 m_ratio_max=0.682 w_ax@goal=+1.44 w_v@goal=15.80 return=960.9 length=78 success_rate=1.00 collisions/ep=1.17 (n=24)
update=294 global_step=602112 SPS=1235 w_ev=0.459 m_ev=0.953 m_v_bias=-1.2 m_adv_std=40.8560 m_kl_max=0.0036 m_ratio_max=0.395 w_ax@goal=+1.46 w_v@goal=15.60 return=959.7 length=79 success_rate=1.00 collisions/ep=1.12 (n=25)
update=295 global_step=604160 SPS=1237 w_ev=0.491 m_ev=0.951 m_v_bias=-2.7 m_adv_std=37.9167 m_kl_max=0.0174 m_ratio_max=0.715 w_ax@goal=+1.40 w_v@goal=15.25 return=959.6 length=80 success_rate=1.00 collisions/ep=1.16 (n=25)
Evaluation at update 295: return=972.10, length=78.55, success_rate=1.00, collisions/ep=0.85
Solved-check at update 295: solved=False worst_gap=450.82 at p_x0=1.00 p_y0=-1.00 (consecutive=0)
update=296 global_step=606208 SPS=1231 w_ev=0.444 m_ev=0.944 m_v_bias=7.0 m_adv_std=44.4786 m_kl_max=0.0089 m_ratio_max=0.522 w_ax@goal=+1.40 w_v@goal=15.34 return=961.6 length=78 success_rate=1.00 collisions/ep=1.07 (n=30)
update=297 global_step=608256 SPS=1232 w_ev=0.535 m_ev=0.966 m_v_bias=-6.1 m_adv_std=34.7573 m_kl_max=0.1184 m_ratio_max=6.624 w_ax@goal=+1.39 w_v@goal=15.61 return=953.3 length=79 success_rate=1.00 collisions/ep=1.33 (n=24)
update=298 global_step=610304 SPS=1234 w_ev=0.372 m_ev=0.946 m_v_bias=10.5 m_adv_std=41.8004 m_kl_max=0.0086 m_ratio_max=0.987 w_ax@goal=+1.38 w_v@goal=15.31 return=923.4 length=80 success_rate=1.00 collisions/ep=1.96 (n=25)
update=299 global_step=612352 SPS=1235 w_ev=0.403 m_ev=0.928 m_v_bias=12.9 m_adv_std=51.3519 m_kl_max=0.0108 m_ratio_max=0.656 w_ax@goal=+1.47 w_v@goal=15.23 return=950.3 length=80 success_rate=1.00 collisions/ep=1.42 (n=26)
update=300 global_step=614400 SPS=1237 w_ev=0.505 m_ev=0.941 m_v_bias=-6.3 m_adv_std=48.7586 m_kl_max=0.0125 m_ratio_max=0.665 w_ax@goal=+1.40 w_v@goal=15.32 return=915.3 length=80 success_rate=1.00 collisions/ep=2.11 (n=28)
Evaluation at update 300: return=924.39, length=78.65, success_rate=1.00, collisions/ep=1.95
Solved-check at update 300: solved=False worst_gap=450.85 at p_x0=1.50 p_y0=-1.00 (consecutive=0)
update=301 global_step=616448 SPS=1232 w_ev=0.545 m_ev=0.949 m_v_bias=-5.7 m_adv_std=44.0445 m_kl_max=0.1113 m_ratio_max=2.222 w_ax@goal=+1.45 w_v@goal=15.70 return=942.5 length=80 success_rate=1.00 collisions/ep=1.50 (n=24)
update=302 global_step=618496 SPS=1234 w_ev=0.579 m_ev=0.956 m_v_bias=-11.0 m_adv_std=39.3335 m_kl_max=0.0074 m_ratio_max=0.551 w_ax@goal=+1.45 w_v@goal=15.77 return=932.4 length=80 success_rate=1.00 collisions/ep=1.58 (n=24)
update=303 global_step=620544 SPS=1235 w_ev=0.523 m_ev=0.973 m_v_bias=1.7 m_adv_std=28.8947 m_kl_max=0.0074 m_ratio_max=0.426 w_ax@goal=+1.58 w_v@goal=15.95 return=979.0 length=81 success_rate=1.00 collisions/ep=0.81 (n=26)
update=304 global_step=622592 SPS=1237 w_ev=0.561 m_ev=0.972 m_v_bias=1.6 m_adv_std=30.1460 m_kl_max=0.0845 m_ratio_max=0.992 w_ax@goal=+1.61 w_v@goal=15.89 return=968.8 length=79 success_rate=1.00 collisions/ep=1.00 (n=26)
update=305 global_step=624640 SPS=1239 w_ev=0.563 m_ev=0.947 m_v_bias=3.4 m_adv_std=45.0533 m_kl_max=0.0169 m_ratio_max=0.741 w_ax@goal=+1.54 w_v@goal=16.03 return=954.5 length=80 success_rate=1.00 collisions/ep=1.19 (n=27)
Evaluation at update 305: return=952.10, length=78.55, success_rate=1.00, collisions/ep=1.20
Solved-check at update 305: solved=False worst_gap=450.62 at p_x0=1.50 p_y0=-1.00 (consecutive=0)
update=306 global_step=626688 SPS=1233 w_ev=0.553 m_ev=0.968 m_v_bias=-8.8 m_adv_std=34.4938 m_kl_max=0.0064 m_ratio_max=0.440 w_ax@goal=+1.46 w_v@goal=15.97 return=950.3 length=82 success_rate=1.00 collisions/ep=1.23 (n=26)
update=307 global_step=628736 SPS=1235 w_ev=0.587 m_ev=0.963 m_v_bias=2.4 m_adv_std=34.2548 m_kl_max=0.0239 m_ratio_max=0.827 w_ax@goal=+1.45 w_v@goal=16.06 return=978.0 length=80 success_rate=1.00 collisions/ep=0.67 (n=24)
update=308 global_step=630784 SPS=1237 w_ev=0.600 m_ev=0.956 m_v_bias=-3.7 m_adv_std=38.3061 m_kl_max=0.0929 m_ratio_max=1.436 w_ax@goal=+1.51 w_v@goal=16.01 return=978.1 length=79 success_rate=1.00 collisions/ep=0.69 (n=26)
update=309 global_step=632832 SPS=1238 w_ev=0.446 m_ev=0.935 m_v_bias=12.9 m_adv_std=49.9346 m_kl_max=0.0050 m_ratio_max=0.460 w_ax@goal=+1.52 w_v@goal=16.25 return=938.6 length=81 success_rate=1.00 collisions/ep=1.67 (n=24)
update=310 global_step=634880 SPS=1240 w_ev=0.547 m_ev=0.966 m_v_bias=-2.0 m_adv_std=36.8204 m_kl_max=0.0190 m_ratio_max=1.717 w_ax@goal=+1.67 w_v@goal=15.90 return=940.5 length=81 success_rate=1.00 collisions/ep=1.46 (n=26)
Evaluation at update 310: return=887.16, length=78.45, success_rate=1.00, collisions/ep=2.50
Solved-check at update 310: solved=False worst_gap=450.91 at p_x0=0.50 p_y0=-1.00 (consecutive=0)
update=311 global_step=636928 SPS=1235 w_ev=0.430 m_ev=0.940 m_v_bias=15.1 m_adv_std=50.9275 m_kl_max=0.0093 m_ratio_max=0.768 w_ax@goal=+1.59 w_v@goal=15.91 return=904.0 length=81 success_rate=1.00 collisions/ep=2.24 (n=25)
update=312 global_step=638976 SPS=1237 w_ev=0.514 m_ev=0.949 m_v_bias=-14.9 m_adv_std=44.5962 m_kl_max=0.0208 m_ratio_max=1.462 w_ax@goal=+1.66 w_v@goal=15.51 return=925.5 length=80 success_rate=1.00 collisions/ep=1.77 (n=26)
update=313 global_step=641024 SPS=1238 w_ev=0.556 m_ev=0.946 m_v_bias=5.2 m_adv_std=46.7589 m_kl_max=0.0206 m_ratio_max=1.012 w_ax@goal=+1.59 w_v@goal=15.70 return=939.6 length=81 success_rate=1.00 collisions/ep=1.46 (n=26)
update=314 global_step=643072 SPS=1240 w_ev=0.523 m_ev=0.946 m_v_bias=-10.0 m_adv_std=43.4944 m_kl_max=0.0060 m_ratio_max=0.474 w_ax@goal=+1.55 w_v@goal=15.77 return=930.6 length=80 success_rate=1.00 collisions/ep=1.64 (n=25)
update=315 global_step=645120 SPS=1241 w_ev=0.537 m_ev=0.953 m_v_bias=6.2 m_adv_std=44.0384 m_kl_max=0.0273 m_ratio_max=0.866 w_ax@goal=+1.45 w_v@goal=15.38 return=930.6 length=81 success_rate=1.00 collisions/ep=1.59 (n=27)
Evaluation at update 315: return=989.19, length=78.95, success_rate=1.00, collisions/ep=0.45
Solved-check at update 315: solved=False worst_gap=450.90 at p_x0=1.50 p_y0=-1.00 (consecutive=0)
update=316 global_step=647168 SPS=1236 w_ev=0.495 m_ev=0.963 m_v_bias=-2.9 m_adv_std=37.2328 m_kl_max=0.0130 m_ratio_max=0.851 w_ax@goal=+1.52 w_v@goal=15.77 return=945.2 length=79 success_rate=1.00 collisions/ep=1.32 (n=25)
update=317 global_step=649216 SPS=1237 w_ev=0.460 m_ev=0.949 m_v_bias=5.9 m_adv_std=44.1837 m_kl_max=0.0081 m_ratio_max=0.503 w_ax@goal=+1.51 w_v@goal=15.66 return=922.8 length=81 success_rate=1.00 collisions/ep=1.75 (n=24)
update=318 global_step=651264 SPS=1239 w_ev=0.479 m_ev=0.936 m_v_bias=-3.8 m_adv_std=50.0264 m_kl_max=0.0514 m_ratio_max=1.953 w_ax@goal=+1.44 w_v@goal=15.66 return=966.8 length=83 success_rate=1.00 collisions/ep=0.85 (n=26)
update=319 global_step=653312 SPS=1241 w_ev=0.592 m_ev=0.978 m_v_bias=-9.5 m_adv_std=25.7027 m_kl_max=0.0245 m_ratio_max=1.034 w_ax@goal=+1.52 w_v@goal=15.85 return=976.3 length=83 success_rate=1.00 collisions/ep=0.67 (n=24)
update=320 global_step=655360 SPS=1242 w_ev=0.482 m_ev=0.910 m_v_bias=7.8 m_adv_std=58.0033 m_kl_max=0.0062 m_ratio_max=0.388 w_ax@goal=+1.59 w_v@goal=15.98 return=986.4 length=82 success_rate=1.00 collisions/ep=0.54 (n=24)
Evaluation at update 320: return=1011.42, length=79.20, success_rate=1.00, collisions/ep=0.00
Solved-check at update 320: solved=False worst_gap=401.21 at p_x0=1.00 p_y0=-1.00 (consecutive=0)
update=321 global_step=657408 SPS=1237 w_ev=0.547 m_ev=0.966 m_v_bias=-1.1 m_adv_std=34.4251 m_kl_max=0.0107 m_ratio_max=0.587 w_ax@goal=+1.42 w_v@goal=15.76 return=938.8 length=79 success_rate=1.00 collisions/ep=1.42 (n=26)
update=322 global_step=659456 SPS=1239 w_ev=0.527 m_ev=0.944 m_v_bias=7.3 m_adv_std=47.6848 m_kl_max=0.0082 m_ratio_max=0.935 w_ax@goal=+1.48 w_v@goal=15.99 return=945.7 length=82 success_rate=1.00 collisions/ep=1.30 (n=27)
update=323 global_step=661504 SPS=1240 w_ev=0.473 m_ev=0.960 m_v_bias=-7.8 m_adv_std=37.2206 m_kl_max=0.0397 m_ratio_max=1.063 w_ax@goal=+1.43 w_v@goal=15.99 return=970.4 length=82 success_rate=1.00 collisions/ep=0.84 (n=25)
update=324 global_step=663552 SPS=1242 w_ev=0.493 m_ev=0.956 m_v_bias=3.5 m_adv_std=39.8821 m_kl_max=0.0045 m_ratio_max=0.583 w_ax@goal=+1.45 w_v@goal=15.86 return=962.1 length=83 success_rate=1.00 collisions/ep=0.96 (n=24)
update=325 global_step=665600 SPS=1243 w_ev=0.600 m_ev=0.976 m_v_bias=-3.8 m_adv_std=26.7091 m_kl_max=0.0114 m_ratio_max=0.845 w_ax@goal=+1.38 w_v@goal=15.82 return=957.2 length=83 success_rate=1.00 collisions/ep=1.04 (n=24)
Evaluation at update 325: return=1011.40, length=79.30, success_rate=1.00, collisions/ep=0.00
Solved-check at update 325: solved=False worst_gap=401.24 at p_x0=1.00 p_y0=-1.00 (consecutive=0)
update=326 global_step=667648 SPS=1238 w_ev=0.441 m_ev=0.943 m_v_bias=11.9 m_adv_std=46.7935 m_kl_max=0.0096 m_ratio_max=1.140 w_ax@goal=+1.48 w_v@goal=16.06 return=952.0 length=84 success_rate=1.00 collisions/ep=1.12 (n=24)
update=327 global_step=669696 SPS=1239 w_ev=0.491 m_ev=0.963 m_v_bias=-6.1 m_adv_std=35.9678 m_kl_max=0.0602 m_ratio_max=1.284 w_ax@goal=+1.37 w_v@goal=15.89 return=956.4 length=82 success_rate=1.00 collisions/ep=1.08 (n=24)
update=328 global_step=671744 SPS=1240 w_ev=0.537 m_ev=0.968 m_v_bias=-3.3 m_adv_std=32.1076 m_kl_max=0.0100 m_ratio_max=0.588 w_ax@goal=+1.42 w_v@goal=15.77 return=962.7 length=81 success_rate=1.00 collisions/ep=1.00 (n=27)
update=329 global_step=673792 SPS=1242 w_ev=0.462 m_ev=0.967 m_v_bias=2.1 m_adv_std=33.2664 m_kl_max=0.0055 m_ratio_max=0.438 w_ax@goal=+1.29 w_v@goal=15.67 return=946.8 length=81 success_rate=1.00 collisions/ep=1.24 (n=25)
update=330 global_step=675840 SPS=1243 w_ev=0.538 m_ev=0.949 m_v_bias=2.5 m_adv_std=43.9363 m_kl_max=0.0239 m_ratio_max=0.708 w_ax@goal=+1.27 w_v@goal=15.80 return=954.4 length=81 success_rate=1.00 collisions/ep=1.11 (n=27)
Evaluation at update 330: return=1010.67, length=79.85, success_rate=1.00, collisions/ep=0.00
Solved-check at update 330: solved=False worst_gap=401.02 at p_x0=2.00 p_y0=-1.00 (consecutive=0)
update=331 global_step=677888 SPS=1237 w_ev=0.564 m_ev=0.968 m_v_bias=1.1 m_adv_std=32.1226 m_kl_max=0.0480 m_ratio_max=0.958 w_ax@goal=+1.30 w_v@goal=16.20 return=967.7 length=83 success_rate=1.00 collisions/ep=0.83 (n=24)
update=332 global_step=679936 SPS=1239 w_ev=0.651 m_ev=0.972 m_v_bias=-0.4 m_adv_std=30.4491 m_kl_max=0.0337 m_ratio_max=1.308 w_ax@goal=+1.41 w_v@goal=16.03 return=992.8 length=83 success_rate=1.00 collisions/ep=0.32 (n=25)
update=333 global_step=681984 SPS=1240 w_ev=0.389 m_ev=0.942 m_v_bias=6.7 m_adv_std=46.7733 m_kl_max=0.0078 m_ratio_max=0.524 w_ax@goal=+1.41 w_v@goal=16.18 return=935.1 length=82 success_rate=1.00 collisions/ep=1.50 (n=24)
update=334 global_step=684032 SPS=1241 w_ev=0.416 m_ev=0.927 m_v_bias=-1.2 m_adv_std=52.9987 m_kl_max=0.0077 m_ratio_max=0.463 w_ax@goal=+1.26 w_v@goal=15.87 return=953.8 length=81 success_rate=1.00 collisions/ep=1.12 (n=24)
update=335 global_step=686080 SPS=1243 w_ev=0.458 m_ev=0.968 m_v_bias=-8.1 m_adv_std=30.9712 m_kl_max=0.1592 m_ratio_max=1.198 w_ax@goal=+1.32 w_v@goal=15.71 return=978.3 length=81 success_rate=1.00 collisions/ep=0.62 (n=26)
Evaluation at update 335: return=968.90, length=79.25, success_rate=1.00, collisions/ep=0.85
Solved-check at update 335: solved=False worst_gap=451.76 at p_x0=0.00 p_y0=-1.00 (consecutive=0)
update=336 global_step=688128 SPS=1238 w_ev=0.452 m_ev=0.979 m_v_bias=-0.8 m_adv_std=24.9881 m_kl_max=0.0414 m_ratio_max=1.178 w_ax@goal=+1.07 w_v@goal=15.77 return=982.9 length=82 success_rate=1.00 collisions/ep=0.56 (n=25)
update=337 global_step=690176 SPS=1240 w_ev=0.469 m_ev=0.948 m_v_bias=10.3 m_adv_std=44.3734 m_kl_max=0.0120 m_ratio_max=1.093 w_ax@goal=+1.19 w_v@goal=15.94 return=945.9 length=80 success_rate=1.00 collisions/ep=1.28 (n=25)
update=338 global_step=692224 SPS=1241 w_ev=0.431 m_ev=0.951 m_v_bias=9.2 m_adv_std=46.2229 m_kl_max=0.0133 m_ratio_max=0.722 w_ax@goal=+1.24 w_v@goal=15.68 return=925.8 length=82 success_rate=1.00 collisions/ep=1.69 (n=26)
update=339 global_step=694272 SPS=1242 w_ev=0.439 m_ev=0.952 m_v_bias=-6.7 m_adv_std=41.6428 m_kl_max=0.0096 m_ratio_max=0.646 w_ax@goal=+1.22 w_v@goal=15.75 return=946.7 length=82 success_rate=1.00 collisions/ep=1.27 (n=26)
update=340 global_step=696320 SPS=1244 w_ev=0.546 m_ev=0.973 m_v_bias=-2.9 m_adv_std=29.1893 m_kl_max=0.0171 m_ratio_max=1.215 w_ax@goal=+1.16 w_v@goal=15.55 return=957.3 length=80 success_rate=1.00 collisions/ep=1.08 (n=24)
Evaluation at update 340: return=989.26, length=79.00, success_rate=1.00, collisions/ep=0.45
Solved-check at update 340: solved=False worst_gap=450.82 at p_x0=2.00 p_y0=-1.00 (consecutive=0)
update=341 global_step=698368 SPS=1239 w_ev=0.504 m_ev=0.961 m_v_bias=3.2 m_adv_std=36.3204 m_kl_max=0.0386 m_ratio_max=1.499 w_ax@goal=+1.14 w_v@goal=16.11 return=999.7 length=80 success_rate=1.00 collisions/ep=0.19 (n=26)
update=342 global_step=700416 SPS=1240 w_ev=0.404 m_ev=0.954 m_v_bias=10.1 m_adv_std=45.3017 m_kl_max=0.0265 m_ratio_max=1.582 w_ax@goal=+1.14 w_v@goal=16.00 return=895.5 length=82 success_rate=1.00 collisions/ep=2.32 (n=25)
update=343 global_step=702464 SPS=1241 w_ev=0.470 m_ev=0.949 m_v_bias=2.3 m_adv_std=45.6347 m_kl_max=0.0440 m_ratio_max=0.900 w_ax@goal=+1.17 w_v@goal=15.74 return=912.9 length=81 success_rate=1.00 collisions/ep=1.96 (n=24)
update=344 global_step=704512 SPS=1242 w_ev=0.496 m_ev=0.947 m_v_bias=-7.4 m_adv_std=43.4957 m_kl_max=0.0104 m_ratio_max=0.673 w_ax@goal=+1.22 w_v@goal=15.59 return=952.4 length=82 success_rate=1.00 collisions/ep=1.15 (n=26)
update=345 global_step=706560 SPS=1243 w_ev=0.480 m_ev=0.954 m_v_bias=0.0 m_adv_std=42.6596 m_kl_max=0.0455 m_ratio_max=2.218 w_ax@goal=+0.89 w_v@goal=15.48 return=938.7 length=81 success_rate=1.00 collisions/ep=1.48 (n=25)
Evaluation at update 345: return=1011.50, length=79.15, success_rate=1.00, collisions/ep=0.00
Solved-check at update 345: solved=False worst_gap=401.39 at p_x0=0.50 p_y0=-1.00 (consecutive=0)
update=346 global_step=708608 SPS=1237 w_ev=0.494 m_ev=0.980 m_v_bias=-6.6 m_adv_std=25.0279 m_kl_max=0.0391 m_ratio_max=2.300 w_ax@goal=+1.04 w_v@goal=15.69 return=970.5 length=82 success_rate=1.00 collisions/ep=0.81 (n=26)
update=347 global_step=710656 SPS=1239 w_ev=0.522 m_ev=0.972 m_v_bias=-2.9 m_adv_std=30.4145 m_kl_max=0.0392 m_ratio_max=1.403 w_ax@goal=+1.01 w_v@goal=15.85 return=974.2 length=81 success_rate=1.00 collisions/ep=0.72 (n=25)
update=348 global_step=712704 SPS=1240 w_ev=0.443 m_ev=0.973 m_v_bias=-1.4 m_adv_std=29.0757 m_kl_max=0.0635 m_ratio_max=2.434 w_ax@goal=+1.04 w_v@goal=15.63 return=976.1 length=82 success_rate=1.00 collisions/ep=0.72 (n=25)
update=349 global_step=714752 SPS=1242 w_ev=0.381 m_ev=0.960 m_v_bias=11.1 m_adv_std=37.7573 m_kl_max=0.0196 m_ratio_max=0.750 w_ax@goal=+1.09 w_v@goal=15.81 return=965.9 length=81 success_rate=1.00 collisions/ep=0.96 (n=25)
update=350 global_step=716800 SPS=1243 w_ev=0.466 m_ev=0.956 m_v_bias=-2.9 m_adv_std=38.4094 m_kl_max=0.0428 m_ratio_max=1.198 w_ax@goal=+1.20 w_v@goal=15.75 return=957.8 length=82 success_rate=1.00 collisions/ep=1.04 (n=24)
Evaluation at update 350: return=1011.61, length=79.15, success_rate=1.00, collisions/ep=0.00
Solved-check at update 350: solved=False worst_gap=450.96 at p_x0=1.50 p_y0=-1.00 (consecutive=0)
update=351 global_step=718848 SPS=1238 w_ev=0.438 m_ev=0.981 m_v_bias=-2.0 m_adv_std=24.4574 m_kl_max=0.0224 m_ratio_max=0.694 w_ax@goal=+1.02 w_v@goal=15.67 return=992.1 length=82 success_rate=1.00 collisions/ep=0.36 (n=25)
update=352 global_step=720896 SPS=1239 w_ev=0.395 m_ev=0.980 m_v_bias=1.0 m_adv_std=24.5118 m_kl_max=0.0276 m_ratio_max=1.912 w_ax@goal=+1.00 w_v@goal=15.52 return=988.1 length=82 success_rate=1.00 collisions/ep=0.52 (n=25)
update=353 global_step=722944 SPS=1241 w_ev=0.380 m_ev=0.952 m_v_bias=5.4 m_adv_std=40.5022 m_kl_max=0.0235 m_ratio_max=0.850 w_ax@goal=+1.10 w_v@goal=15.72 return=958.4 length=82 success_rate=1.00 collisions/ep=1.16 (n=25)
update=354 global_step=724992 SPS=1242 w_ev=0.482 m_ev=0.944 m_v_bias=7.4 m_adv_std=46.9098 m_kl_max=0.0106 m_ratio_max=0.632 w_ax@goal=+1.12 w_v@goal=15.78 return=945.5 length=82 success_rate=1.00 collisions/ep=1.38 (n=26)
update=355 global_step=727040 SPS=1243 w_ev=0.431 m_ev=0.950 m_v_bias=-5.2 m_adv_std=44.0458 m_kl_max=0.0262 m_ratio_max=0.872 w_ax@goal=+1.13 w_v@goal=15.92 return=938.5 length=80 success_rate=1.00 collisions/ep=1.44 (n=25)
Evaluation at update 355: return=1011.63, length=79.15, success_rate=1.00, collisions/ep=0.00
Solved-check at update 355: solved=False worst_gap=450.89 at p_x0=2.00 p_y0=-1.00 (consecutive=0)
update=356 global_step=729088 SPS=1238 w_ev=0.446 m_ev=0.955 m_v_bias=3.3 m_adv_std=40.6634 m_kl_max=0.0695 m_ratio_max=2.282 w_ax@goal=+1.12 w_v@goal=15.69 return=943.8 length=82 success_rate=1.00 collisions/ep=1.32 (n=25)
update=357 global_step=731136 SPS=1240 w_ev=0.484 m_ev=0.955 m_v_bias=-5.3 m_adv_std=38.9308 m_kl_max=0.0356 m_ratio_max=1.776 w_ax@goal=+1.03 w_v@goal=15.78 return=970.5 length=81 success_rate=1.00 collisions/ep=0.84 (n=25)
update=358 global_step=733184 SPS=1241 w_ev=0.515 m_ev=0.984 m_v_bias=-4.5 m_adv_std=20.9775 m_kl_max=0.0309 m_ratio_max=0.790 w_ax@goal=+1.13 w_v@goal=15.88 return=986.3 length=81 success_rate=1.00 collisions/ep=0.56 (n=25)
update=359 global_step=735232 SPS=1242 w_ev=0.578 m_ev=0.977 m_v_bias=4.1 m_adv_std=26.4832 m_kl_max=0.0335 m_ratio_max=1.066 w_ax@goal=+1.22 w_v@goal=15.92 return=987.5 length=81 success_rate=1.00 collisions/ep=0.44 (n=25)
update=360 global_step=737280 SPS=1244 w_ev=0.543 m_ev=0.982 m_v_bias=-0.1 m_adv_std=23.8742 m_kl_max=0.0240 m_ratio_max=0.795 w_ax@goal=+1.16 w_v@goal=16.54 return=992.8 length=84 success_rate=1.00 collisions/ep=0.33 (n=24)
Evaluation at update 360: return=1006.45, length=79.25, success_rate=1.00, collisions/ep=0.10
Solved-check at update 360: solved=False worst_gap=450.96 at p_x0=2.00 p_y0=-1.00 (consecutive=0)
update=361 global_step=739328 SPS=1239 w_ev=0.595 m_ev=0.990 m_v_bias=-2.0 m_adv_std=17.4846 m_kl_max=0.0150 m_ratio_max=1.554 w_ax@goal=+1.33 w_v@goal=16.37 return=983.1 length=83 success_rate=1.00 collisions/ep=0.62 (n=26)
update=362 global_step=741376 SPS=1240 w_ev=0.516 m_ev=0.983 m_v_bias=-3.7 m_adv_std=22.3682 m_kl_max=0.1818 m_ratio_max=7.697 w_ax@goal=+1.27 w_v@goal=16.30 return=1006.4 length=82 success_rate=1.00 collisions/ep=0.12 (n=24)
update=363 global_step=743424 SPS=1241 w_ev=0.529 m_ev=0.961 m_v_bias=6.2 m_adv_std=35.6149 m_kl_max=0.0206 m_ratio_max=0.810 w_ax@goal=+1.36 w_v@goal=16.27 return=964.1 length=83 success_rate=1.00 collisions/ep=0.92 (n=25)
update=364 global_step=745472 SPS=1242 w_ev=0.568 m_ev=0.979 m_v_bias=2.1 m_adv_std=25.8307 m_kl_max=0.0430 m_ratio_max=0.983 w_ax@goal=+1.35 w_v@goal=16.28 return=993.5 length=82 success_rate=1.00 collisions/ep=0.36 (n=25)
update=365 global_step=747520 SPS=1243 w_ev=0.486 m_ev=0.979 m_v_bias=-4.1 m_adv_std=25.6364 m_kl_max=0.0114 m_ratio_max=0.556 w_ax@goal=+1.35 w_v@goal=16.31 return=986.9 length=82 success_rate=1.00 collisions/ep=0.48 (n=25)
Evaluation at update 365: return=1011.69, length=78.85, success_rate=1.00, collisions/ep=0.00
Solved-check at update 365: solved=False worst_gap=400.59 at p_x0=2.00 p_y0=-1.00 (consecutive=0)
update=366 global_step=749568 SPS=1238 w_ev=0.433 m_ev=0.951 m_v_bias=6.6 m_adv_std=41.1105 m_kl_max=0.0107 m_ratio_max=1.041 w_ax@goal=+1.31 w_v@goal=16.29 return=960.8 length=79 success_rate=1.00 collisions/ep=1.00 (n=26)
update=367 global_step=751616 SPS=1239 w_ev=0.518 m_ev=0.988 m_v_bias=-6.8 m_adv_std=18.9077 m_kl_max=0.0106 m_ratio_max=0.496 w_ax@goal=+1.27 w_v@goal=16.11 return=991.5 length=81 success_rate=1.00 collisions/ep=0.37 (n=27)
update=368 global_step=753664 SPS=1241 w_ev=0.572 m_ev=0.982 m_v_bias=0.2 m_adv_std=23.1367 m_kl_max=0.0050 m_ratio_max=0.457 w_ax@goal=+1.22 w_v@goal=16.25 return=990.0 length=82 success_rate=1.00 collisions/ep=0.42 (n=24)
update=369 global_step=755712 SPS=1242 w_ev=0.532 m_ev=0.990 m_v_bias=-4.1 m_adv_std=16.6713 m_kl_max=0.0351 m_ratio_max=1.104 w_ax@goal=+1.25 w_v@goal=16.26 return=1002.4 length=83 success_rate=1.00 collisions/ep=0.17 (n=24)
update=370 global_step=757760 SPS=1243 w_ev=0.515 m_ev=0.968 m_v_bias=10.5 m_adv_std=32.5008 m_kl_max=0.0124 m_ratio_max=0.828 w_ax@goal=+1.14 w_v@goal=16.27 return=966.7 length=80 success_rate=1.00 collisions/ep=0.88 (n=26)
Evaluation at update 370: return=1011.91, length=78.65, success_rate=1.00, collisions/ep=0.00
Solved-check at update 370: solved=False worst_gap=450.94 at p_x0=1.00 p_y0=-1.00 (consecutive=0)
update=371 global_step=759808 SPS=1239 w_ev=0.469 m_ev=0.963 m_v_bias=-5.7 m_adv_std=36.0276 m_kl_max=0.0496 m_ratio_max=0.923 w_ax@goal=+1.14 w_v@goal=16.29 return=970.9 length=81 success_rate=1.00 collisions/ep=0.80 (n=25)
update=372 global_step=761856 SPS=1240 w_ev=0.551 m_ev=0.987 m_v_bias=-6.5 m_adv_std=18.9523 m_kl_max=0.0336 m_ratio_max=1.561 w_ax@goal=+1.10 w_v@goal=16.28 return=1002.9 length=81 success_rate=1.00 collisions/ep=0.16 (n=25)
update=373 global_step=763904 SPS=1241 w_ev=0.599 m_ev=0.979 m_v_bias=6.1 m_adv_std=25.5293 m_kl_max=0.0145 m_ratio_max=0.636 w_ax@goal=+1.21 w_v@goal=16.53 return=992.0 length=82 success_rate=1.00 collisions/ep=0.36 (n=25)
update=374 global_step=765952 SPS=1243 w_ev=0.595 m_ev=0.992 m_v_bias=-2.6 m_adv_std=15.4574 m_kl_max=0.0360 m_ratio_max=1.313 w_ax@goal=+1.08 w_v@goal=16.38 return=993.0 length=79 success_rate=1.00 collisions/ep=0.44 (n=25)
update=375 global_step=768000 SPS=1244 w_ev=0.574 m_ev=0.991 m_v_bias=0.3 m_adv_std=15.7648 m_kl_max=0.0154 m_ratio_max=0.625 w_ax@goal=+1.07 w_v@goal=16.48 return=996.1 length=81 success_rate=1.00 collisions/ep=0.30 (n=27)
Evaluation at update 375: return=1011.94, length=78.65, success_rate=1.00, collisions/ep=0.00
Solved-check at update 375: solved=False worst_gap=100.49 at p_x0=2.00 p_y0=-1.00 (consecutive=0)
update=376 global_step=770048 SPS=1239 w_ev=0.566 m_ev=0.994 m_v_bias=-0.7 m_adv_std=13.1210 m_kl_max=0.0201 m_ratio_max=1.495 w_ax@goal=+1.04 w_v@goal=16.42 return=1000.6 length=81 success_rate=1.00 collisions/ep=0.19 (n=26)
update=377 global_step=772096 SPS=1240 w_ev=0.535 m_ev=0.980 m_v_bias=4.1 m_adv_std=24.5900 m_kl_max=0.0200 m_ratio_max=1.111 w_ax@goal=+0.99 w_v@goal=16.57 return=996.0 length=81 success_rate=1.00 collisions/ep=0.32 (n=25)
update=378 global_step=774144 SPS=1242 w_ev=0.563 m_ev=0.981 m_v_bias=1.7 m_adv_std=23.3666 m_kl_max=0.0124 m_ratio_max=0.611 w_ax@goal=+0.87 w_v@goal=16.51 return=977.7 length=81 success_rate=1.00 collisions/ep=0.71 (n=24)
update=379 global_step=776192 SPS=1243 w_ev=0.519 m_ev=0.950 m_v_bias=12.2 m_adv_std=41.8380 m_kl_max=0.0098 m_ratio_max=0.499 w_ax@goal=+0.92 w_v@goal=16.36 return=974.3 length=80 success_rate=1.00 collisions/ep=0.80 (n=25)
update=380 global_step=778240 SPS=1244 w_ev=0.531 m_ev=0.982 m_v_bias=-8.2 m_adv_std=23.6506 m_kl_max=0.0436 m_ratio_max=0.919 w_ax@goal=+0.89 w_v@goal=16.21 return=974.1 length=80 success_rate=1.00 collisions/ep=0.85 (n=27)
Evaluation at update 380: return=1012.19, length=78.40, success_rate=1.00, collisions/ep=0.00
Solved-check at update 380: solved=False worst_gap=400.49 at p_x0=1.50 p_y0=-1.00 (consecutive=0)
update=381 global_step=780288 SPS=1240 w_ev=0.478 m_ev=0.953 m_v_bias=12.1 m_adv_std=42.0007 m_kl_max=0.0114 m_ratio_max=0.605 w_ax@goal=+0.83 w_v@goal=16.38 return=934.7 length=82 success_rate=1.00 collisions/ep=1.54 (n=26)
update=382 global_step=782336 SPS=1241 w_ev=0.530 m_ev=0.956 m_v_bias=-3.9 m_adv_std=39.6441 m_kl_max=0.0302 m_ratio_max=0.874 w_ax@goal=+0.74 w_v@goal=16.36 return=963.8 length=82 success_rate=1.00 collisions/ep=1.00 (n=25)
update=383 global_step=784384 SPS=1242 w_ev=0.479 m_ev=0.991 m_v_bias=-3.9 m_adv_std=15.5119 m_kl_max=0.0415 m_ratio_max=1.115 w_ax@goal=+0.74 w_v@goal=16.27 return=1008.5 length=80 success_rate=1.00 collisions/ep=0.04 (n=24)
update=384 global_step=786432 SPS=1244 w_ev=0.501 m_ev=0.973 m_v_bias=-0.4 m_adv_std=28.4141 m_kl_max=0.0100 m_ratio_max=0.749 w_ax@goal=+0.67 w_v@goal=16.31 return=991.5 length=81 success_rate=1.00 collisions/ep=0.44 (n=25)
update=385 global_step=788480 SPS=1245 w_ev=0.595 m_ev=0.995 m_v_bias=-4.3 m_adv_std=11.5780 m_kl_max=0.0263 m_ratio_max=0.884 w_ax@goal=+0.72 w_v@goal=16.42 return=1011.2 length=81 success_rate=1.00 collisions/ep=0.04 (n=26)
Evaluation at update 385: return=1012.10, length=78.55, success_rate=1.00, collisions/ep=0.00
Solved-check at update 385: solved=False worst_gap=400.42 at p_x0=2.00 p_y0=-1.00 (consecutive=0)
update=386 global_step=790528 SPS=1240 w_ev=0.606 m_ev=0.996 m_v_bias=-0.1 m_adv_std=9.9735 m_kl_max=0.0240 m_ratio_max=1.537 w_ax@goal=+0.71 w_v@goal=16.63 return=1007.3 length=79 success_rate=1.00 collisions/ep=0.07 (n=27)
update=387 global_step=792576 SPS=1241 w_ev=0.583 m_ev=0.993 m_v_bias=1.3 m_adv_std=14.6047 m_kl_max=0.0118 m_ratio_max=0.606 w_ax@goal=+0.83 w_v@goal=16.83 return=1001.6 length=80 success_rate=1.00 collisions/ep=0.23 (n=26)
update=388 global_step=794624 SPS=1242 w_ev=0.386 m_ev=0.971 m_v_bias=4.3 m_adv_std=29.6243 m_kl_max=0.0059 m_ratio_max=0.436 w_ax@goal=+0.81 w_v@goal=16.84 return=990.8 length=82 success_rate=1.00 collisions/ep=0.42 (n=24)
update=389 global_step=796672 SPS=1244 w_ev=0.498 m_ev=0.962 m_v_bias=2.2 m_adv_std=34.2846 m_kl_max=0.0161 m_ratio_max=0.470 w_ax@goal=+0.81 w_v@goal=16.59 return=980.6 length=79 success_rate=1.00 collisions/ep=0.62 (n=26)
update=390 global_step=798720 SPS=1245 w_ev=0.539 m_ev=0.988 m_v_bias=-7.0 m_adv_std=17.5289 m_kl_max=0.0256 m_ratio_max=1.054 w_ax@goal=+0.84 w_v@goal=16.78 return=1000.9 length=82 success_rate=1.00 collisions/ep=0.21 (n=24)
Evaluation at update 390: return=1012.11, length=78.55, success_rate=1.00, collisions/ep=0.00
Solved-check at update 390: solved=False worst_gap=400.40 at p_x0=2.00 p_y0=-1.00 (consecutive=0)
update=391 global_step=800768 SPS=1240 w_ev=0.460 m_ev=0.971 m_v_bias=7.4 m_adv_std=31.0344 m_kl_max=0.0110 m_ratio_max=0.558 w_ax@goal=+0.76 w_v@goal=16.89 return=979.8 length=80 success_rate=1.00 collisions/ep=0.64 (n=25)
update=392 global_step=802816 SPS=1242 w_ev=0.570 m_ev=0.984 m_v_bias=-7.1 m_adv_std=21.2147 m_kl_max=0.0194 m_ratio_max=0.967 w_ax@goal=+0.72 w_v@goal=16.71 return=1010.9 length=80 success_rate=1.00 collisions/ep=0.04 (n=28)
update=393 global_step=804864 SPS=1243 w_ev=0.536 m_ev=0.979 m_v_bias=1.8 m_adv_std=24.1879 m_kl_max=0.0211 m_ratio_max=0.699 w_ax@goal=+0.77 w_v@goal=16.93 return=999.1 length=81 success_rate=1.00 collisions/ep=0.24 (n=25)
update=394 global_step=806912 SPS=1244 w_ev=0.571 m_ev=0.968 m_v_bias=2.9 m_adv_std=30.9539 m_kl_max=0.0110 m_ratio_max=1.116 w_ax@goal=+0.74 w_v@goal=17.00 return=987.0 length=79 success_rate=1.00 collisions/ep=0.48 (n=25)
update=395 global_step=808960 SPS=1245 w_ev=0.512 m_ev=0.986 m_v_bias=-1.8 m_adv_std=20.1406 m_kl_max=0.1047 m_ratio_max=3.222 w_ax@goal=+0.66 w_v@goal=16.83 return=1001.5 length=79 success_rate=1.00 collisions/ep=0.19 (n=27)
Evaluation at update 395: return=1012.08, length=78.55, success_rate=1.00, collisions/ep=0.00
Solved-check at update 395: solved=False worst_gap=51.01 at p_x0=0.00 p_y0=1.00 (consecutive=0)
update=396 global_step=811008 SPS=1241 w_ev=0.599 m_ev=0.991 m_v_bias=2.1 m_adv_std=16.1934 m_kl_max=0.0075 m_ratio_max=0.406 w_ax@goal=+0.61 w_v@goal=16.89 return=1000.8 length=81 success_rate=1.00 collisions/ep=0.20 (n=25)
update=397 global_step=813056 SPS=1242 w_ev=0.591 m_ev=0.996 m_v_bias=-0.3 m_adv_std=10.7857 m_kl_max=0.0054 m_ratio_max=0.469 w_ax@goal=+0.60 w_v@goal=17.00 return=1001.1 length=81 success_rate=1.00 collisions/ep=0.19 (n=27)
update=398 global_step=815104 SPS=1243 w_ev=0.615 m_ev=0.994 m_v_bias=1.1 m_adv_std=13.3006 m_kl_max=0.0144 m_ratio_max=0.712 w_ax@goal=+0.58 w_v@goal=16.99 return=1000.2 length=82 success_rate=1.00 collisions/ep=0.20 (n=25)
update=399 global_step=817152 SPS=1244 w_ev=0.549 m_ev=0.996 m_v_bias=0.1 m_adv_std=10.4515 m_kl_max=0.0205 m_ratio_max=1.520 w_ax@goal=+0.44 w_v@goal=17.03 return=1005.3 length=81 success_rate=1.00 collisions/ep=0.08 (n=24)
update=400 global_step=819200 SPS=1246 w_ev=0.592 m_ev=0.991 m_v_bias=3.5 m_adv_std=16.5776 m_kl_max=0.0256 m_ratio_max=1.315 w_ax@goal=+0.65 w_v@goal=17.08 return=995.4 length=83 success_rate=1.00 collisions/ep=0.29 (n=24)
Evaluation at update 400: return=1011.88, length=78.65, success_rate=1.00, collisions/ep=0.00
Solved-check at update 400: solved=False worst_gap=51.28 at p_x0=0.00 p_y0=0.50 (consecutive=0)
update=401 global_step=821248 SPS=1242 w_ev=0.557 m_ev=0.997 m_v_bias=-1.3 m_adv_std=8.9266 m_kl_max=0.0554 m_ratio_max=1.472 w_ax@goal=+0.57 w_v@goal=17.11 return=1005.6 length=83 success_rate=1.00 collisions/ep=0.08 (n=24)
update=402 global_step=823296 SPS=1243 w_ev=0.572 m_ev=0.991 m_v_bias=0.9 m_adv_std=15.6806 m_kl_max=0.0207 m_ratio_max=0.721 w_ax@goal=+0.54 w_v@goal=17.12 return=1004.5 length=81 success_rate=1.00 collisions/ep=0.12 (n=26)
update=403 global_step=825344 SPS=1244 w_ev=0.461 m_ev=0.991 m_v_bias=-1.5 m_adv_std=16.3389 m_kl_max=0.0592 m_ratio_max=1.356 w_ax@goal=+0.51 w_v@goal=17.11 return=1000.4 length=82 success_rate=1.00 collisions/ep=0.20 (n=25)
update=404 global_step=827392 SPS=1246 w_ev=0.523 m_ev=0.997 m_v_bias=0.0 m_adv_std=8.7498 m_kl_max=0.0303 m_ratio_max=0.805 w_ax@goal=+0.64 w_v@goal=17.14 return=1007.2 length=84 success_rate=1.00 collisions/ep=0.08 (n=26)
update=405 global_step=829440 SPS=1247 w_ev=0.509 m_ev=0.996 m_v_bias=0.4 m_adv_std=10.4815 m_kl_max=0.0284 m_ratio_max=0.763 w_ax@goal=+0.61 w_v@goal=16.99 return=1007.8 length=82 success_rate=1.00 collisions/ep=0.04 (n=24)
Evaluation at update 405: return=1012.05, length=78.65, success_rate=1.00, collisions/ep=0.00
Solved-check at update 405: solved=True worst_gap=1.09 at p_x0=0.00 p_y0=0.00 (consecutive=0)
update=406 global_step=831488 SPS=1242 w_ev=0.499 m_ev=0.996 m_v_bias=-2.2 m_adv_std=10.9790 m_kl_max=0.0215 m_ratio_max=0.839 w_ax@goal=+0.61 w_v@goal=17.05 return=1002.5 length=82 success_rate=1.00 collisions/ep=0.16 (n=25)
update=407 global_step=833536 SPS=1243 w_ev=0.455 m_ev=0.994 m_v_bias=0.2 m_adv_std=13.6256 m_kl_max=0.0115 m_ratio_max=0.597 w_ax@goal=+0.57 w_v@goal=17.22 return=1001.1 length=80 success_rate=1.00 collisions/ep=0.19 (n=26)
update=408 global_step=835584 SPS=1244 w_ev=0.459 m_ev=0.996 m_v_bias=0.2 m_adv_std=10.9205 m_kl_max=0.0087 m_ratio_max=0.403 w_ax@goal=+0.54 w_v@goal=17.29 return=1008.5 length=82 success_rate=1.00 collisions/ep=0.04 (n=24)
update=409 global_step=837632 SPS=1246 w_ev=0.487 m_ev=0.997 m_v_bias=1.4 m_adv_std=8.4697 m_kl_max=0.0266 m_ratio_max=0.797 w_ax@goal=+0.49 w_v@goal=17.15 return=1009.5 length=81 success_rate=1.00 collisions/ep=0.00 (n=25)
update=410 global_step=839680 SPS=1247 w_ev=0.491 m_ev=0.997 m_v_bias=-2.4 m_adv_std=9.6420 m_kl_max=0.0112 m_ratio_max=0.565 w_ax@goal=+0.59 w_v@goal=17.10 return=1006.6 length=81 success_rate=1.00 collisions/ep=0.08 (n=26)
Evaluation at update 410: return=1012.25, length=78.40, success_rate=1.00, collisions/ep=0.00
Solved-check at update 410: solved=True worst_gap=0.84 at p_x0=0.50 p_y0=-1.00 (consecutive=1)
Solved criterion held for 2 consecutive evals (tolerance=5.0) at global_step=839680.
update=411 global_step=841728 SPS=1243 w_ev=0.417 m_ev=0.993 m_v_bias=-0.4 m_adv_std=13.9652 m_kl_max=0.0217 m_ratio_max=0.793 w_ax@goal=+0.57 w_v@goal=17.19 return=1005.3 length=78 success_rate=1.00 collisions/ep=0.12 (n=26)
update=412 global_step=843776 SPS=1244 w_ev=0.348 m_ev=0.987 m_v_bias=3.0 m_adv_std=19.5002 m_kl_max=0.0276 m_ratio_max=0.780 w_ax@goal=+0.57 w_v@goal=17.17 return=1003.1 length=81 success_rate=1.00 collisions/ep=0.16 (n=25)
update=413 global_step=845824 SPS=1245 w_ev=0.322 m_ev=0.975 m_v_bias=3.9 m_adv_std=26.6138 m_kl_max=0.0119 m_ratio_max=0.698 w_ax@goal=+0.56 w_v@goal=16.92 return=996.1 length=82 success_rate=1.00 collisions/ep=0.29 (n=24)
update=414 global_step=847872 SPS=1246 w_ev=0.447 m_ev=0.995 m_v_bias=-4.4 m_adv_std=11.4451 m_kl_max=0.0164 m_ratio_max=0.889 w_ax@goal=+0.60 w_v@goal=17.07 return=997.3 length=80 success_rate=1.00 collisions/ep=0.27 (n=26)
update=415 global_step=849920 SPS=1248 w_ev=0.427 m_ev=0.989 m_v_bias=-2.4 m_adv_std=18.0053 m_kl_max=0.0211 m_ratio_max=1.319 w_ax@goal=+0.62 w_v@goal=17.07 return=1005.4 length=80 success_rate=1.00 collisions/ep=0.12 (n=26)
Evaluation at update 415: return=1012.18, length=78.45, success_rate=1.00, collisions/ep=0.00
Solved-check at update 415: solved=True worst_gap=0.92 at p_x0=0.50 p_y0=1.00 (consecutive=2)
update=416 global_step=851968 SPS=1243 w_ev=0.388 m_ev=0.998 m_v_bias=-3.1 m_adv_std=7.7204 m_kl_max=0.0090 m_ratio_max=0.344 w_ax@goal=+0.65 w_v@goal=16.84 return=1003.7 length=81 success_rate=1.00 collisions/ep=0.15 (n=26)
update=417 global_step=854016 SPS=1245 w_ev=0.415 m_ev=0.999 m_v_bias=0.5 m_adv_std=5.5597 m_kl_max=0.0146 m_ratio_max=1.092 w_ax@goal=+0.61 w_v@goal=16.92 return=1010.9 length=80 success_rate=1.00 collisions/ep=0.04 (n=25)
update=418 global_step=856064 SPS=1246 w_ev=0.384 m_ev=0.999 m_v_bias=-1.0 m_adv_std=5.3098 m_kl_max=0.0121 m_ratio_max=0.744 w_ax@goal=+0.54 w_v@goal=16.99 return=1011.2 length=80 success_rate=1.00 collisions/ep=0.00 (n=25)
update=419 global_step=858112 SPS=1247 w_ev=0.386 m_ev=0.972 m_v_bias=7.2 m_adv_std=28.5460 m_kl_max=0.0068 m_ratio_max=0.399 w_ax@goal=+0.62 w_v@goal=16.96 return=982.4 length=79 success_rate=1.00 collisions/ep=0.58 (n=26)
update=420 global_step=860160 SPS=1248 w_ev=0.339 m_ev=0.980 m_v_bias=0.8 m_adv_std=24.0531 m_kl_max=0.0039 m_ratio_max=0.357 w_ax@goal=+0.60 w_v@goal=16.81 return=998.2 length=80 success_rate=1.00 collisions/ep=0.27 (n=26)
Evaluation at update 420: return=1012.11, length=78.55, success_rate=1.00, collisions/ep=0.00
Solved-check at update 420: solved=True worst_gap=1.01 at p_x0=0.50 p_y0=1.00 (consecutive=3)
update=421 global_step=862208 SPS=1243 w_ev=0.401 m_ev=0.992 m_v_bias=-1.0 m_adv_std=15.6053 m_kl_max=0.0044 m_ratio_max=0.580 w_ax@goal=+0.65 w_v@goal=16.73 return=999.9 length=79 success_rate=1.00 collisions/ep=0.22 (n=27)
update=422 global_step=864256 SPS=1244 w_ev=0.446 m_ev=0.994 m_v_bias=-0.4 m_adv_std=13.7509 m_kl_max=0.0401 m_ratio_max=1.185 w_ax@goal=+0.62 w_v@goal=16.91 return=1005.4 length=81 success_rate=1.00 collisions/ep=0.12 (n=24)
update=423 global_step=866304 SPS=1246 w_ev=0.470 m_ev=0.996 m_v_bias=-2.4 m_adv_std=10.5080 m_kl_max=0.0149 m_ratio_max=0.566 w_ax@goal=+0.63 w_v@goal=16.80 return=1003.9 length=82 success_rate=1.00 collisions/ep=0.16 (n=25)
update=424 global_step=868352 SPS=1247 w_ev=0.464 m_ev=0.979 m_v_bias=5.4 m_adv_std=25.5525 m_kl_max=0.0222 m_ratio_max=1.022 w_ax@goal=+0.67 w_v@goal=17.01 return=997.7 length=79 success_rate=1.00 collisions/ep=0.27 (n=26)
update=425 global_step=870400 SPS=1248 w_ev=0.450 m_ev=0.992 m_v_bias=-2.7 m_adv_std=14.4809 m_kl_max=0.0106 m_ratio_max=0.784 w_ax@goal=+0.55 w_v@goal=16.72 return=1001.0 length=81 success_rate=1.00 collisions/ep=0.20 (n=25)
Evaluation at update 425: return=1012.23, length=78.40, success_rate=1.00, collisions/ep=0.00
Solved-check at update 425: solved=True worst_gap=0.86 at p_x0=0.50 p_y0=-0.50 (consecutive=4)
update=426 global_step=872448 SPS=1244 w_ev=0.448 m_ev=0.994 m_v_bias=1.5 m_adv_std=13.1178 m_kl_max=0.0206 m_ratio_max=0.615 w_ax@goal=+0.62 w_v@goal=16.81 return=1005.5 length=80 success_rate=1.00 collisions/ep=0.11 (n=27)
update=427 global_step=874496 SPS=1245 w_ev=0.476 m_ev=0.995 m_v_bias=-3.2 m_adv_std=11.8305 m_kl_max=0.0335 m_ratio_max=0.880 w_ax@goal=+0.64 w_v@goal=16.74 return=1007.5 length=81 success_rate=1.00 collisions/ep=0.08 (n=24)
update=428 global_step=876544 SPS=1247 w_ev=0.490 m_ev=0.997 m_v_bias=-3.5 m_adv_std=9.5238 m_kl_max=0.0141 m_ratio_max=0.617 w_ax@goal=+0.63 w_v@goal=16.99 return=1011.4 length=82 success_rate=1.00 collisions/ep=0.00 (n=26)
update=429 global_step=878592 SPS=1248 w_ev=0.512 m_ev=0.996 m_v_bias=-1.4 m_adv_std=10.2001 m_kl_max=0.0179 m_ratio_max=0.731 w_ax@goal=+0.63 w_v@goal=17.06 return=1009.2 length=79 success_rate=1.00 collisions/ep=0.04 (n=24)
update=430 global_step=880640 SPS=1249 w_ev=0.472 m_ev=0.997 m_v_bias=0.7 m_adv_std=8.4027 m_kl_max=0.0175 m_ratio_max=0.599 w_ax@goal=+0.66 w_v@goal=17.13 return=1009.6 length=79 success_rate=1.00 collisions/ep=0.04 (n=28)
Evaluation at update 430: return=1012.32, length=78.30, success_rate=1.00, collisions/ep=0.00
Solved-check at update 430: solved=True worst_gap=0.95 at p_x0=0.00 p_y0=0.50 (consecutive=5)
update=431 global_step=882688 SPS=1244 w_ev=0.466 m_ev=0.987 m_v_bias=2.8 m_adv_std=19.6862 m_kl_max=0.0099 m_ratio_max=0.615 w_ax@goal=+0.67 w_v@goal=17.03 return=1003.8 length=80 success_rate=1.00 collisions/ep=0.15 (n=26)
update=432 global_step=884736 SPS=1245 w_ev=0.384 m_ev=0.998 m_v_bias=-2.6 m_adv_std=7.1698 m_kl_max=0.0179 m_ratio_max=0.753 w_ax@goal=+0.68 w_v@goal=17.09 return=1000.3 length=80 success_rate=1.00 collisions/ep=0.23 (n=26)
update=433 global_step=886784 SPS=1246 w_ev=0.439 m_ev=0.998 m_v_bias=-3.5 m_adv_std=7.4880 m_kl_max=0.0081 m_ratio_max=0.426 w_ax@goal=+0.74 w_v@goal=16.97 return=1012.0 length=79 success_rate=1.00 collisions/ep=0.00 (n=24)
update=434 global_step=888832 SPS=1247 w_ev=0.373 m_ev=0.997 m_v_bias=3.8 m_adv_std=9.2789 m_kl_max=0.0301 m_ratio_max=2.025 w_ax@goal=+0.78 w_v@goal=17.07 return=1007.8 length=78 success_rate=1.00 collisions/ep=0.07 (n=27)
update=435 global_step=890880 SPS=1249 w_ev=0.416 m_ev=0.997 m_v_bias=-0.1 m_adv_std=9.8005 m_kl_max=0.0085 m_ratio_max=0.446 w_ax@goal=+0.69 w_v@goal=17.00 return=1005.6 length=80 success_rate=1.00 collisions/ep=0.12 (n=25)
Evaluation at update 435: return=1012.32, length=78.30, success_rate=1.00, collisions/ep=0.00
Solved-check at update 435: solved=True worst_gap=0.95 at p_x0=0.00 p_y0=1.00 (consecutive=6)
update=436 global_step=892928 SPS=1245 w_ev=0.418 m_ev=0.998 m_v_bias=-1.1 m_adv_std=7.2219 m_kl_max=0.0251 m_ratio_max=1.110 w_ax@goal=+0.69 w_v@goal=16.99 return=1008.1 length=81 success_rate=1.00 collisions/ep=0.08 (n=26)
update=437 global_step=894976 SPS=1246 w_ev=0.399 m_ev=0.999 m_v_bias=-0.3 m_adv_std=5.8537 m_kl_max=0.0156 m_ratio_max=1.027 w_ax@goal=+0.65 w_v@goal=17.04 return=1011.6 length=81 success_rate=1.00 collisions/ep=0.00 (n=26)
update=438 global_step=897024 SPS=1247 w_ev=0.352 m_ev=0.984 m_v_bias=5.3 m_adv_std=21.9134 m_kl_max=0.0076 m_ratio_max=0.775 w_ax@goal=+0.69 w_v@goal=17.00 return=988.1 length=82 success_rate=1.00 collisions/ep=0.48 (n=25)
update=439 global_step=899072 SPS=1248 w_ev=0.405 m_ev=0.996 m_v_bias=-3.5 m_adv_std=9.6987 m_kl_max=0.0292 m_ratio_max=1.062 w_ax@goal=+0.85 w_v@goal=16.97 return=1005.1 length=78 success_rate=1.00 collisions/ep=0.12 (n=24)
update=440 global_step=901120 SPS=1249 w_ev=0.439 m_ev=0.998 m_v_bias=-0.4 m_adv_std=6.7036 m_kl_max=0.0112 m_ratio_max=0.750 w_ax@goal=+0.75 w_v@goal=17.13 return=1009.9 length=80 success_rate=1.00 collisions/ep=0.04 (n=28)
Evaluation at update 440: return=1012.41, length=78.25, success_rate=1.00, collisions/ep=0.00
Solved-check at update 440: solved=True worst_gap=0.85 at p_x0=0.00 p_y0=0.00 (consecutive=7)
update=441 global_step=903168 SPS=1245 w_ev=0.471 m_ev=0.995 m_v_bias=1.4 m_adv_std=12.1889 m_kl_max=0.0164 m_ratio_max=0.868 w_ax@goal=+0.76 w_v@goal=17.16 return=1005.9 length=78 success_rate=1.00 collisions/ep=0.12 (n=26)
update=442 global_step=905216 SPS=1246 w_ev=0.388 m_ev=0.998 m_v_bias=-0.3 m_adv_std=7.3542 m_kl_max=0.0221 m_ratio_max=1.156 w_ax@goal=+0.77 w_v@goal=17.01 return=1005.9 length=80 success_rate=1.00 collisions/ep=0.12 (n=25)
update=443 global_step=907264 SPS=1247 w_ev=0.429 m_ev=0.998 m_v_bias=2.1 m_adv_std=6.7960 m_kl_max=0.0220 m_ratio_max=0.928 w_ax@goal=+0.73 w_v@goal=17.03 return=1007.6 length=79 success_rate=1.00 collisions/ep=0.08 (n=25)
update=444 global_step=909312 SPS=1248 w_ev=0.348 m_ev=0.993 m_v_bias=0.9 m_adv_std=13.5018 m_kl_max=0.0184 m_ratio_max=0.628 w_ax@goal=+0.69 w_v@goal=17.18 return=1003.2 length=78 success_rate=1.00 collisions/ep=0.15 (n=26)
update=445 global_step=911360 SPS=1249 w_ev=0.396 m_ev=0.999 m_v_bias=-2.1 m_adv_std=5.6929 m_kl_max=0.0220 m_ratio_max=0.806 w_ax@goal=+0.63 w_v@goal=16.96 return=1011.6 length=80 success_rate=1.00 collisions/ep=0.00 (n=27)
Evaluation at update 445: return=1012.35, length=78.25, success_rate=1.00, collisions/ep=0.00
Solved-check at update 445: solved=True worst_gap=0.91 at p_x0=0.00 p_y0=0.00 (consecutive=8)
update=446 global_step=913408 SPS=1246 w_ev=0.370 m_ev=0.998 m_v_bias=0.4 m_adv_std=6.8254 m_kl_max=0.0147 m_ratio_max=0.611 w_ax@goal=+0.65 w_v@goal=16.97 return=1009.9 length=80 success_rate=1.00 collisions/ep=0.04 (n=26)
update=447 global_step=915456 SPS=1247 w_ev=0.424 m_ev=0.997 m_v_bias=0.5 m_adv_std=9.5648 m_kl_max=0.0175 m_ratio_max=0.573 w_ax@goal=+0.63 w_v@goal=17.14 return=1006.0 length=79 success_rate=1.00 collisions/ep=0.12 (n=26)
update=448 global_step=917504 SPS=1248 w_ev=0.346 m_ev=0.998 m_v_bias=-1.2 m_adv_std=6.7265 m_kl_max=0.0144 m_ratio_max=0.672 w_ax@goal=+0.71 w_v@goal=17.14 return=1010.0 length=81 success_rate=1.00 collisions/ep=0.04 (n=24)
update=449 global_step=919552 SPS=1249 w_ev=0.239 m_ev=0.997 m_v_bias=0.4 m_adv_std=9.0551 m_kl_max=0.0104 m_ratio_max=0.885 w_ax@goal=+0.71 w_v@goal=16.86 return=1008.4 length=79 success_rate=1.00 collisions/ep=0.07 (n=28)
update=450 global_step=921600 SPS=1250 w_ev=0.348 m_ev=0.952 m_v_bias=4.8 m_adv_std=38.5541 m_kl_max=0.0059 m_ratio_max=0.549 w_ax@goal=+0.64 w_v@goal=16.99 return=980.5 length=78 success_rate=1.00 collisions/ep=0.62 (n=24)
Evaluation at update 450: return=1012.35, length=78.25, success_rate=1.00, collisions/ep=0.00
Solved-check at update 450: solved=True worst_gap=0.91 at p_x0=0.00 p_y0=1.00 (consecutive=9)
update=451 global_step=923648 SPS=1246 w_ev=0.361 m_ev=0.992 m_v_bias=-5.4 m_adv_std=14.4479 m_kl_max=0.0192 m_ratio_max=0.862 w_ax@goal=+0.74 w_v@goal=16.95 return=1012.2 length=80 success_rate=1.00 collisions/ep=0.00 (n=27)
update=452 global_step=925696 SPS=1247 w_ev=0.313 m_ev=0.996 m_v_bias=0.7 m_adv_std=9.9901 m_kl_max=0.0161 m_ratio_max=0.638 w_ax@goal=+0.72 w_v@goal=17.13 return=1007.5 length=79 success_rate=1.00 collisions/ep=0.08 (n=24)
update=453 global_step=927744 SPS=1248 w_ev=0.383 m_ev=0.999 m_v_bias=-0.9 m_adv_std=4.6510 m_kl_max=0.0132 m_ratio_max=0.671 w_ax@goal=+0.75 w_v@goal=17.11 return=1011.9 length=79 success_rate=1.00 collisions/ep=0.00 (n=27)
update=454 global_step=929792 SPS=1249 w_ev=0.246 m_ev=0.995 m_v_bias=0.8 m_adv_std=11.3668 m_kl_max=0.0096 m_ratio_max=0.604 w_ax@goal=+0.75 w_v@goal=17.02 return=1004.6 length=81 success_rate=1.00 collisions/ep=0.15 (n=26)
update=455 global_step=931840 SPS=1250 w_ev=0.267 m_ev=0.976 m_v_bias=5.4 m_adv_std=27.1059 m_kl_max=0.0189 m_ratio_max=0.627 w_ax@goal=+0.76 w_v@goal=17.15 return=994.2 length=79 success_rate=1.00 collisions/ep=0.36 (n=25)
Evaluation at update 455: return=1012.42, length=78.25, success_rate=1.00, collisions/ep=0.00
Solved-check at update 455: solved=True worst_gap=0.84 at p_x0=0.00 p_y0=0.00 (consecutive=10)
update=456 global_step=933888 SPS=1247 w_ev=0.344 m_ev=0.994 m_v_bias=-7.0 m_adv_std=12.5833 m_kl_max=0.0112 m_ratio_max=0.950 w_ax@goal=+0.83 w_v@goal=17.15 return=1008.6 length=80 success_rate=1.00 collisions/ep=0.08 (n=26)
update=457 global_step=935936 SPS=1248 w_ev=0.375 m_ev=0.993 m_v_bias=4.3 m_adv_std=14.0635 m_kl_max=0.0198 m_ratio_max=0.873 w_ax@goal=+0.88 w_v@goal=17.36 return=1000.2 length=80 success_rate=1.00 collisions/ep=0.24 (n=25)
update=458 global_step=937984 SPS=1249 w_ev=0.330 m_ev=0.997 m_v_bias=-2.1 m_adv_std=8.3550 m_kl_max=0.0602 m_ratio_max=2.434 w_ax@goal=+0.88 w_v@goal=17.32 return=1008.1 length=79 success_rate=1.00 collisions/ep=0.08 (n=26)
update=459 global_step=940032 SPS=1250 w_ev=0.365 m_ev=0.996 m_v_bias=1.0 m_adv_std=9.9429 m_kl_max=0.0355 m_ratio_max=1.611 w_ax@goal=+0.83 w_v@goal=17.27 return=1006.2 length=79 success_rate=1.00 collisions/ep=0.11 (n=27)
update=460 global_step=942080 SPS=1251 w_ev=0.372 m_ev=0.997 m_v_bias=1.3 m_adv_std=9.2236 m_kl_max=0.0102 m_ratio_max=0.575 w_ax@goal=+0.80 w_v@goal=17.47 return=1008.4 length=81 success_rate=1.00 collisions/ep=0.08 (n=25)
Evaluation at update 460: return=1012.48, length=78.20, success_rate=1.00, collisions/ep=0.00
Solved-check at update 460: solved=True worst_gap=0.77 at p_x0=0.00 p_y0=0.00 (consecutive=11)
update=461 global_step=944128 SPS=1247 w_ev=0.321 m_ev=0.999 m_v_bias=-2.4 m_adv_std=4.3175 m_kl_max=0.0218 m_ratio_max=0.662 w_ax@goal=+0.92 w_v@goal=17.19 return=1012.5 length=81 success_rate=1.00 collisions/ep=0.00 (n=24)
update=462 global_step=946176 SPS=1248 w_ev=0.290 m_ev=0.998 m_v_bias=-0.0 m_adv_std=7.3962 m_kl_max=0.0215 m_ratio_max=1.115 w_ax@goal=+0.86 w_v@goal=17.10 return=1011.9 length=79 success_rate=1.00 collisions/ep=0.00 (n=27)
update=463 global_step=948224 SPS=1249 w_ev=0.400 m_ev=1.000 m_v_bias=-0.3 m_adv_std=3.6307 m_kl_max=0.0079 m_ratio_max=0.479 w_ax@goal=+0.94 w_v@goal=17.17 return=1010.2 length=79 success_rate=1.00 collisions/ep=0.04 (n=26)
update=464 global_step=950272 SPS=1250 w_ev=0.323 m_ev=0.985 m_v_bias=4.4 m_adv_std=20.5192 m_kl_max=0.0076 m_ratio_max=0.502 w_ax@goal=+0.93 w_v@goal=17.41 return=1004.5 length=81 success_rate=1.00 collisions/ep=0.17 (n=24)
update=465 global_step=952320 SPS=1251 w_ev=0.305 m_ev=0.996 m_v_bias=-2.7 m_adv_std=10.0904 m_kl_max=0.0330 m_ratio_max=2.131 w_ax@goal=+0.98 w_v@goal=17.22 return=1002.3 length=80 success_rate=1.00 collisions/ep=0.20 (n=25)
Evaluation at update 465: return=1012.50, length=78.20, success_rate=1.00, collisions/ep=0.00
Solved-check at update 465: solved=True worst_gap=0.75 at p_x0=0.00 p_y0=0.00 (consecutive=12)
update=466 global_step=954368 SPS=1247 w_ev=0.350 m_ev=0.998 m_v_bias=-2.3 m_adv_std=6.8832 m_kl_max=0.0233 m_ratio_max=0.787 w_ax@goal=+0.97 w_v@goal=17.31 return=1010.7 length=79 success_rate=1.00 collisions/ep=0.04 (n=28)
update=467 global_step=956416 SPS=1248 w_ev=0.349 m_ev=0.996 m_v_bias=0.7 m_adv_std=10.3968 m_kl_max=0.0175 m_ratio_max=1.154 w_ax@goal=+0.87 w_v@goal=17.21 return=1008.1 length=78 success_rate=1.00 collisions/ep=0.08 (n=26)
update=468 global_step=958464 SPS=1249 w_ev=0.376 m_ev=0.997 m_v_bias=0.1 m_adv_std=8.3476 m_kl_max=0.0334 m_ratio_max=1.322 w_ax@goal=+0.99 w_v@goal=17.31 return=1010.2 length=78 success_rate=1.00 collisions/ep=0.04 (n=25)
update=469 global_step=960512 SPS=1250 w_ev=0.344 m_ev=0.999 m_v_bias=-0.7 m_adv_std=5.9909 m_kl_max=0.0184 m_ratio_max=0.741 w_ax@goal=+0.92 w_v@goal=17.23 return=1008.5 length=79 success_rate=1.00 collisions/ep=0.07 (n=27)
update=470 global_step=962560 SPS=1251 w_ev=0.374 m_ev=0.997 m_v_bias=1.3 m_adv_std=8.5927 m_kl_max=0.0135 m_ratio_max=0.828 w_ax@goal=+1.02 w_v@goal=17.32 return=1008.1 length=78 success_rate=1.00 collisions/ep=0.08 (n=25)
Evaluation at update 470: return=1012.49, length=78.20, success_rate=1.00, collisions/ep=0.00
Solved-check at update 470: solved=True worst_gap=0.76 at p_x0=0.00 p_y0=0.00 (consecutive=13)
update=471 global_step=964608 SPS=1248 w_ev=0.414 m_ev=0.999 m_v_bias=-0.3 m_adv_std=5.3549 m_kl_max=0.0065 m_ratio_max=0.369 w_ax@goal=+1.04 w_v@goal=17.52 return=1008.6 length=79 success_rate=1.00 collisions/ep=0.08 (n=26)
update=472 global_step=966656 SPS=1249 w_ev=0.393 m_ev=0.999 m_v_bias=0.6 m_adv_std=6.3128 m_kl_max=0.0196 m_ratio_max=1.238 w_ax@goal=+1.03 w_v@goal=17.45 return=1011.0 length=81 success_rate=1.00 collisions/ep=0.04 (n=27)
update=473 global_step=968704 SPS=1250 w_ev=0.366 m_ev=0.998 m_v_bias=0.0 m_adv_std=7.0164 m_kl_max=0.0241 m_ratio_max=0.614 w_ax@goal=+1.01 w_v@goal=17.47 return=1010.4 length=79 success_rate=1.00 collisions/ep=0.04 (n=25)
update=474 global_step=970752 SPS=1251 w_ev=0.353 m_ev=0.998 m_v_bias=-0.3 m_adv_std=6.4818 m_kl_max=0.0104 m_ratio_max=0.662 w_ax@goal=+1.09 w_v@goal=17.39 return=1008.1 length=79 success_rate=1.00 collisions/ep=0.08 (n=24)
update=475 global_step=972800 SPS=1252 w_ev=0.376 m_ev=0.998 m_v_bias=-0.6 m_adv_std=7.0372 m_kl_max=0.0089 m_ratio_max=0.486 w_ax@goal=+1.18 w_v@goal=17.46 return=1012.2 length=79 success_rate=1.00 collisions/ep=0.00 (n=27)
Evaluation at update 475: return=1012.47, length=78.20, success_rate=1.00, collisions/ep=0.00
Solved-check at update 475: solved=True worst_gap=0.78 at p_x0=0.00 p_y0=0.00 (consecutive=14)
update=476 global_step=974848 SPS=1249 w_ev=0.279 m_ev=0.996 m_v_bias=2.0 m_adv_std=10.3918 m_kl_max=0.0410 m_ratio_max=1.735 w_ax@goal=+1.16 w_v@goal=17.31 return=1004.7 length=79 success_rate=1.00 collisions/ep=0.15 (n=27)
update=477 global_step=976896 SPS=1249 w_ev=0.362 m_ev=0.999 m_v_bias=-2.1 m_adv_std=4.4063 m_kl_max=0.0078 m_ratio_max=0.579 w_ax@goal=+1.21 w_v@goal=17.40 return=1012.4 length=81 success_rate=1.00 collisions/ep=0.00 (n=24)
update=478 global_step=978944 SPS=1250 w_ev=0.322 m_ev=0.998 m_v_bias=1.4 m_adv_std=7.2725 m_kl_max=0.0134 m_ratio_max=0.785 w_ax@goal=+1.07 w_v@goal=17.35 return=1008.7 length=78 success_rate=1.00 collisions/ep=0.07 (n=27)
update=479 global_step=980992 SPS=1251 w_ev=0.396 m_ev=0.999 m_v_bias=0.1 m_adv_std=5.3466 m_kl_max=0.0115 m_ratio_max=0.681 w_ax@goal=+1.12 w_v@goal=17.36 return=1010.4 length=79 success_rate=1.00 collisions/ep=0.04 (n=27)
update=480 global_step=983040 SPS=1252 w_ev=0.347 m_ev=0.999 m_v_bias=-0.7 m_adv_std=5.1346 m_kl_max=0.0198 m_ratio_max=0.993 w_ax@goal=+1.02 w_v@goal=17.42 return=1012.3 length=80 success_rate=1.00 collisions/ep=0.00 (n=25)
Evaluation at update 480: return=1012.43, length=78.20, success_rate=1.00, collisions/ep=0.00
Solved-check at update 480: solved=True worst_gap=0.82 at p_x0=0.00 p_y0=0.00 (consecutive=15)
update=481 global_step=985088 SPS=1249 w_ev=0.356 m_ev=0.998 m_v_bias=1.1 m_adv_std=6.9134 m_kl_max=0.0091 m_ratio_max=0.669 w_ax@goal=+1.02 w_v@goal=17.35 return=1006.7 length=80 success_rate=1.00 collisions/ep=0.12 (n=26)
update=482 global_step=987136 SPS=1250 w_ev=0.357 m_ev=1.000 m_v_bias=-1.9 m_adv_std=3.2012 m_kl_max=0.0187 m_ratio_max=1.017 w_ax@goal=+0.96 w_v@goal=17.40 return=1012.3 length=79 success_rate=1.00 collisions/ep=0.00 (n=24)
update=483 global_step=989184 SPS=1251 w_ev=0.360 m_ev=0.998 m_v_bias=0.9 m_adv_std=6.5601 m_kl_max=0.0113 m_ratio_max=0.448 w_ax@goal=+0.97 w_v@goal=17.39 return=1010.6 length=80 success_rate=1.00 collisions/ep=0.04 (n=27)
update=484 global_step=991232 SPS=1252 w_ev=0.426 m_ev=0.997 m_v_bias=1.7 m_adv_std=8.6036 m_kl_max=0.0586 m_ratio_max=2.514 w_ax@goal=+0.96 w_v@goal=17.67 return=1008.4 length=79 success_rate=1.00 collisions/ep=0.07 (n=27)
update=485 global_step=993280 SPS=1253 w_ev=0.383 m_ev=0.999 m_v_bias=-1.8 m_adv_std=5.5410 m_kl_max=0.0148 m_ratio_max=1.145 w_ax@goal=+1.12 w_v@goal=17.64 return=1010.1 length=78 success_rate=1.00 collisions/ep=0.04 (n=25)
Evaluation at update 485: return=1012.40, length=78.25, success_rate=1.00, collisions/ep=0.00
Solved-check at update 485: solved=True worst_gap=0.86 at p_x0=0.00 p_y0=0.00 (consecutive=16)
update=486 global_step=995328 SPS=1251 w_ev=0.350 m_ev=0.991 m_v_bias=0.9 m_adv_std=15.6248 m_kl_max=0.0377 m_ratio_max=0.882 w_ax@goal=+1.06 w_v@goal=17.71 return=1004.6 length=77 success_rate=1.00 collisions/ep=0.15 (n=27)
update=487 global_step=997376 SPS=1252 w_ev=0.374 m_ev=0.999 m_v_bias=-2.0 m_adv_std=6.4734 m_kl_max=0.0132 m_ratio_max=0.579 w_ax@goal=+1.08 w_v@goal=17.40 return=1012.6 length=81 success_rate=1.00 collisions/ep=0.00 (n=26)
update=488 global_step=999424 SPS=1254 w_ev=0.345 m_ev=0.998 m_v_bias=0.6 m_adv_std=6.9766 m_kl_max=0.0191 m_ratio_max=1.197 w_ax@goal=+1.03 w_v@goal=17.59 return=1010.4 length=80 success_rate=1.00 collisions/ep=0.04 (n=24)
Saved checkpoints to C:\Users\loren\Desktop\MASTER THESIS\5_CODE\scenarios\slalom\scripts\scenarios/slalom/studies/blind_worker\coef_0.02\runs\hppo_slalom_8_1790412376
