Using device: cpu
Solved-check: precomputed optimal returns for 25 fixed initial conditions (mean=1013.0, min=1011.0, max=1015.0); solved-tolerance=5.0
num_envs=8 num_steps_per_env=256 worker_batch_size=2048 worker_minibatch_size=256 num_updates=488 timesteps=999424 (requested 1000000; 576 dropped by integer division)
update=1 global_step=2048 SPS=1244 w_ev=-0.015 m_ev=-0.000 m_v_bias=75.5 m_adv_std=229.0779 m_kl_max=0.0007 m_ratio_max=0.154 w_ax@goal=-0.09 w_v@goal=-0.11 return=-363.3 length=190 success_rate=0.25 collisions/ep=9.12 (n=8)
update=2 global_step=4096 SPS=1247 w_ev=0.119 m_ev=0.427 m_v_bias=-11.1 m_adv_std=212.3799 m_kl_max=0.0020 m_ratio_max=0.250 w_ax@goal=+0.09 w_v@goal=0.29 return=-73.1 length=182 success_rate=0.38 collisions/ep=5.88 (n=8)
update=3 global_step=6144 SPS=1279 w_ev=0.215 m_ev=0.496 m_v_bias=-25.5 m_adv_std=255.1849 m_kl_max=0.0010 m_ratio_max=0.194 w_ax@goal=+0.19 w_v@goal=0.79 return=-157.4 length=182 success_rate=0.50 collisions/ep=10.50 (n=14)
update=4 global_step=8192 SPS=1256 w_ev=0.251 m_ev=0.755 m_v_bias=-126.7 m_adv_std=178.6553 m_kl_max=0.0064 m_ratio_max=0.587 w_ax@goal=+0.19 w_v@goal=1.32 return=392.6 length=143 success_rate=0.71 collisions/ep=5.07 (n=14)
update=5 global_step=10240 SPS=1243 w_ev=0.354 m_ev=0.835 m_v_bias=-72.5 m_adv_std=144.4743 m_kl_max=0.0049 m_ratio_max=0.358 w_ax@goal=+0.29 w_v@goal=3.32 return=353.2 length=141 success_rate=0.82 collisions/ep=8.24 (n=17)
Evaluation at update 5: return=448.90, length=91.20, success_rate=1.00, collisions/ep=11.00
Solved-check at update 5: solved=False worst_gap=1013.70 at p_x0=0.00 p_y0=1.00 (consecutive=0)
update=6 global_step=12288 SPS=880 w_ev=0.179 m_ev=0.818 m_v_bias=-33.2 m_adv_std=130.0001 m_kl_max=0.0120 m_ratio_max=0.586 w_ax@goal=+0.32 w_v@goal=4.73 return=623.7 length=107 success_rate=1.00 collisions/ep=7.26 (n=19)
update=7 global_step=14336 SPS=937 w_ev=0.256 m_ev=0.864 m_v_bias=-8.7 m_adv_std=107.0756 m_kl_max=0.0086 m_ratio_max=0.732 w_ax@goal=+0.36 w_v@goal=5.78 return=645.8 length=106 success_rate=1.00 collisions/ep=6.84 (n=19)
update=8 global_step=16384 SPS=984 w_ev=0.241 m_ev=0.843 m_v_bias=-23.7 m_adv_std=108.6570 m_kl_max=0.0122 m_ratio_max=0.491 w_ax@goal=+0.48 w_v@goal=7.04 return=721.9 length=99 success_rate=1.00 collisions/ep=5.45 (n=20)
update=9 global_step=18432 SPS=1031 w_ev=0.172 m_ev=0.913 m_v_bias=12.1 m_adv_std=80.6685 m_kl_max=0.0116 m_ratio_max=0.523 w_ax@goal=+0.53 w_v@goal=7.66 return=680.2 length=96 success_rate=1.00 collisions/ep=6.32 (n=22)
update=10 global_step=20480 SPS=1074 w_ev=0.233 m_ev=0.911 m_v_bias=-8.5 m_adv_std=80.1825 m_kl_max=0.0108 m_ratio_max=0.477 w_ax@goal=+0.53 w_v@goal=9.14 return=751.2 length=94 success_rate=1.00 collisions/ep=4.95 (n=22)
Evaluation at update 10: return=535.08, length=85.05, success_rate=1.00, collisions/ep=9.40
Solved-check at update 10: solved=False worst_gap=758.18 at p_x0=0.00 p_y0=-1.00 (consecutive=0)
update=11 global_step=22528 SPS=931 w_ev=0.191 m_ev=0.932 m_v_bias=-4.7 m_adv_std=66.7919 m_kl_max=0.0102 m_ratio_max=0.566 w_ax@goal=+0.46 w_v@goal=9.87 return=716.5 length=92 success_rate=1.00 collisions/ep=5.74 (n=23)
update=12 global_step=24576 SPS=975 w_ev=0.097 m_ev=0.894 m_v_bias=10.3 m_adv_std=83.9177 m_kl_max=0.0072 m_ratio_max=0.368 w_ax@goal=+0.59 w_v@goal=10.11 return=717.2 length=90 success_rate=1.00 collisions/ep=6.00 (n=22)
update=13 global_step=26624 SPS=1006 w_ev=0.106 m_ev=0.918 m_v_bias=-11.0 m_adv_std=74.9362 m_kl_max=0.0160 m_ratio_max=0.841 w_ax@goal=+0.72 w_v@goal=9.74 return=692.3 length=88 success_rate=1.00 collisions/ep=6.27 (n=22)
update=14 global_step=28672 SPS=1035 w_ev=0.146 m_ev=0.912 m_v_bias=-1.3 m_adv_std=74.2808 m_kl_max=0.0142 m_ratio_max=0.550 w_ax@goal=+0.77 w_v@goal=9.60 return=739.0 length=87 success_rate=1.00 collisions/ep=5.32 (n=25)
update=15 global_step=30720 SPS=1057 w_ev=0.138 m_ev=0.889 m_v_bias=-12.9 m_adv_std=77.4808 m_kl_max=0.0224 m_ratio_max=0.563 w_ax@goal=+0.69 w_v@goal=10.25 return=811.6 length=85 success_rate=1.00 collisions/ep=4.00 (n=23)
Evaluation at update 15: return=554.24, length=80.85, success_rate=1.00, collisions/ep=9.10
Solved-check at update 15: solved=False worst_gap=503.96 at p_x0=0.00 p_y0=-1.00 (consecutive=0)
update=16 global_step=32768 SPS=978 w_ev=0.128 m_ev=0.907 m_v_bias=18.7 m_adv_std=80.8987 m_kl_max=0.0115 m_ratio_max=0.406 w_ax@goal=+0.83 w_v@goal=10.61 return=713.4 length=85 success_rate=1.00 collisions/ep=5.88 (n=24)
update=17 global_step=34816 SPS=1005 w_ev=0.085 m_ev=0.939 m_v_bias=-51.3 m_adv_std=58.5085 m_kl_max=0.0069 m_ratio_max=0.518 w_ax@goal=+0.79 w_v@goal=10.21 return=800.7 length=87 success_rate=1.00 collisions/ep=4.16 (n=25)
update=18 global_step=36864 SPS=1030 w_ev=0.047 m_ev=0.906 m_v_bias=25.3 m_adv_std=70.0976 m_kl_max=0.0065 m_ratio_max=0.519 w_ax@goal=+0.84 w_v@goal=10.56 return=789.7 length=85 success_rate=1.00 collisions/ep=4.38 (n=24)
update=19 global_step=38912 SPS=1054 w_ev=0.114 m_ev=0.877 m_v_bias=12.6 m_adv_std=87.2427 m_kl_max=0.0055 m_ratio_max=0.382 w_ax@goal=+0.94 w_v@goal=11.04 return=794.5 length=83 success_rate=1.00 collisions/ep=4.28 (n=25)
update=20 global_step=40960 SPS=1080 w_ev=0.101 m_ev=0.931 m_v_bias=0.4 m_adv_std=63.1544 m_kl_max=0.0063 m_ratio_max=0.496 w_ax@goal=+0.97 w_v@goal=11.50 return=764.6 length=83 success_rate=1.00 collisions/ep=4.88 (n=24)
Evaluation at update 20: return=568.18, length=79.40, success_rate=1.00, collisions/ep=8.85
Solved-check at update 20: solved=False worst_gap=552.32 at p_x0=0.00 p_y0=1.00 (consecutive=0)
update=21 global_step=43008 SPS=1026 w_ev=-0.017 m_ev=0.882 m_v_bias=1.0 m_adv_std=81.0787 m_kl_max=0.0063 m_ratio_max=0.447 w_ax@goal=+0.87 w_v@goal=10.57 return=767.5 length=82 success_rate=1.00 collisions/ep=4.84 (n=25)
update=22 global_step=45056 SPS=1048 w_ev=0.032 m_ev=0.877 m_v_bias=13.5 m_adv_std=88.7395 m_kl_max=0.0206 m_ratio_max=0.912 w_ax@goal=+0.89 w_v@goal=10.97 return=754.6 length=81 success_rate=1.00 collisions/ep=5.08 (n=25)
update=23 global_step=47104 SPS=1071 w_ev=0.131 m_ev=0.906 m_v_bias=-8.7 m_adv_std=71.5800 m_kl_max=0.0168 m_ratio_max=0.558 w_ax@goal=+0.73 w_v@goal=11.29 return=793.7 length=84 success_rate=1.00 collisions/ep=4.29 (n=24)
update=24 global_step=49152 SPS=1089 w_ev=0.056 m_ev=0.906 m_v_bias=5.4 m_adv_std=71.7308 m_kl_max=0.0192 m_ratio_max=0.866 w_ax@goal=+0.83 w_v@goal=11.73 return=787.7 length=83 success_rate=1.00 collisions/ep=4.41 (n=27)
update=25 global_step=51200 SPS=1105 w_ev=0.114 m_ev=0.932 m_v_bias=0.3 m_adv_std=62.0001 m_kl_max=0.0077 m_ratio_max=0.429 w_ax@goal=+0.68 w_v@goal=12.13 return=780.4 length=85 success_rate=1.00 collisions/ep=4.52 (n=23)
Evaluation at update 25: return=672.64, length=79.95, success_rate=1.00, collisions/ep=6.75
Solved-check at update 25: solved=False worst_gap=503.01 at p_x0=0.00 p_y0=-1.00 (consecutive=0)
update=26 global_step=53248 SPS=1066 w_ev=0.153 m_ev=0.922 m_v_bias=9.4 m_adv_std=68.5737 m_kl_max=0.0260 m_ratio_max=0.635 w_ax@goal=+0.59 w_v@goal=12.04 return=776.5 length=85 success_rate=1.00 collisions/ep=4.60 (n=25)
update=27 global_step=55296 SPS=1085 w_ev=0.068 m_ev=0.891 m_v_bias=8.1 m_adv_std=80.1507 m_kl_max=0.0077 m_ratio_max=0.396 w_ax@goal=+0.69 w_v@goal=12.08 return=755.6 length=85 success_rate=1.00 collisions/ep=5.04 (n=23)
update=28 global_step=57344 SPS=1107 w_ev=0.111 m_ev=0.916 m_v_bias=-1.6 m_adv_std=68.2977 m_kl_max=0.0236 m_ratio_max=1.111 w_ax@goal=+0.52 w_v@goal=11.82 return=793.1 length=86 success_rate=1.00 collisions/ep=4.29 (n=24)
update=29 global_step=59392 SPS=1124 w_ev=0.099 m_ev=0.951 m_v_bias=-8.2 m_adv_std=53.0395 m_kl_max=0.0170 m_ratio_max=0.493 w_ax@goal=+0.67 w_v@goal=11.95 return=798.2 length=86 success_rate=1.00 collisions/ep=4.16 (n=25)
update=30 global_step=61440 SPS=1136 w_ev=0.152 m_ev=0.939 m_v_bias=-18.9 m_adv_std=57.4606 m_kl_max=0.0074 m_ratio_max=0.330 w_ax@goal=+0.51 w_v@goal=12.18 return=804.4 length=85 success_rate=1.00 collisions/ep=4.17 (n=24)
Evaluation at update 30: return=603.24, length=79.30, success_rate=1.00, collisions/ep=8.15
Solved-check at update 30: solved=False worst_gap=501.97 at p_x0=1.50 p_y0=-1.00 (consecutive=0)
update=31 global_step=63488 SPS=1090 w_ev=0.173 m_ev=0.899 m_v_bias=10.1 m_adv_std=76.5778 m_kl_max=0.0071 m_ratio_max=0.364 w_ax@goal=+0.73 w_v@goal=11.69 return=796.2 length=82 success_rate=1.00 collisions/ep=4.24 (n=25)
update=32 global_step=65536 SPS=1106 w_ev=0.170 m_ev=0.915 m_v_bias=7.7 m_adv_std=72.6512 m_kl_max=0.0181 m_ratio_max=0.492 w_ax@goal=+0.73 w_v@goal=12.64 return=747.1 length=84 success_rate=1.00 collisions/ep=5.33 (n=24)
update=33 global_step=67584 SPS=1121 w_ev=0.152 m_ev=0.924 m_v_bias=-12.2 m_adv_std=69.5149 m_kl_max=0.0088 m_ratio_max=0.545 w_ax@goal=+0.81 w_v@goal=12.24 return=779.6 length=84 success_rate=1.00 collisions/ep=4.62 (n=24)
update=34 global_step=69632 SPS=1134 w_ev=0.162 m_ev=0.892 m_v_bias=8.0 m_adv_std=79.4656 m_kl_max=0.0232 m_ratio_max=0.481 w_ax@goal=+0.79 w_v@goal=11.96 return=777.1 length=81 success_rate=1.00 collisions/ep=4.64 (n=25)
update=35 global_step=71680 SPS=1149 w_ev=0.120 m_ev=0.943 m_v_bias=-16.9 m_adv_std=54.1047 m_kl_max=0.0051 m_ratio_max=0.365 w_ax@goal=+0.94 w_v@goal=12.06 return=803.5 length=82 success_rate=1.00 collisions/ep=4.17 (n=24)
Evaluation at update 35: return=573.52, length=79.05, success_rate=1.00, collisions/ep=8.75
Solved-check at update 35: solved=False worst_gap=501.99 at p_x0=0.50 p_y0=-1.00 (consecutive=0)
update=36 global_step=73728 SPS=1119 w_ev=0.160 m_ev=0.908 m_v_bias=13.3 m_adv_std=75.2280 m_kl_max=0.0067 m_ratio_max=0.275 w_ax@goal=+0.97 w_v@goal=12.05 return=778.6 length=82 success_rate=1.00 collisions/ep=4.62 (n=24)
update=37 global_step=75776 SPS=1131 w_ev=0.118 m_ev=0.917 m_v_bias=-0.3 m_adv_std=71.2974 m_kl_max=0.0010 m_ratio_max=0.160 w_ax@goal=+1.04 w_v@goal=11.88 return=752.5 length=80 success_rate=1.00 collisions/ep=5.19 (n=26)
update=38 global_step=77824 SPS=1143 w_ev=0.090 m_ev=0.932 m_v_bias=-2.7 m_adv_std=63.5280 m_kl_max=0.0007 m_ratio_max=0.152 w_ax@goal=+1.11 w_v@goal=12.04 return=785.7 length=82 success_rate=1.00 collisions/ep=4.48 (n=27)
update=39 global_step=79872 SPS=1155 w_ev=0.095 m_ev=0.904 m_v_bias=2.2 m_adv_std=76.5687 m_kl_max=0.0026 m_ratio_max=0.308 w_ax@goal=+0.94 w_v@goal=12.09 return=772.3 length=82 success_rate=1.00 collisions/ep=4.81 (n=26)
update=40 global_step=81920 SPS=1169 w_ev=0.059 m_ev=0.929 m_v_bias=0.7 m_adv_std=59.2462 m_kl_max=0.0166 m_ratio_max=0.813 w_ax@goal=+1.13 w_v@goal=11.95 return=806.3 length=81 success_rate=1.00 collisions/ep=4.08 (n=24)
Evaluation at update 40: return=586.32, length=78.80, success_rate=1.00, collisions/ep=8.50
Solved-check at update 40: solved=False worst_gap=501.82 at p_x0=0.00 p_y0=0.50 (consecutive=0)
update=41 global_step=83968 SPS=1134 w_ev=0.181 m_ev=0.900 m_v_bias=3.4 m_adv_std=72.8430 m_kl_max=0.0099 m_ratio_max=0.420 w_ax@goal=+1.13 w_v@goal=12.60 return=776.1 length=81 success_rate=1.00 collisions/ep=4.68 (n=25)
update=42 global_step=86016 SPS=1146 w_ev=0.126 m_ev=0.907 m_v_bias=7.3 m_adv_std=76.4148 m_kl_max=0.0130 m_ratio_max=0.483 w_ax@goal=+1.10 w_v@goal=12.67 return=772.9 length=82 success_rate=1.00 collisions/ep=4.79 (n=24)
update=43 global_step=88064 SPS=1157 w_ev=0.184 m_ev=0.901 m_v_bias=-12.8 m_adv_std=74.2700 m_kl_max=0.0151 m_ratio_max=0.598 w_ax@goal=+1.27 w_v@goal=12.42 return=800.6 length=82 success_rate=1.00 collisions/ep=4.24 (n=25)
update=44 global_step=90112 SPS=1169 w_ev=0.097 m_ev=0.925 m_v_bias=0.3 m_adv_std=63.9172 m_kl_max=0.0045 m_ratio_max=0.253 w_ax@goal=+1.25 w_v@goal=12.56 return=785.5 length=80 success_rate=1.00 collisions/ep=4.60 (n=25)
update=45 global_step=92160 SPS=1179 w_ev=0.148 m_ev=0.893 m_v_bias=19.2 m_adv_std=78.2184 m_kl_max=0.0123 m_ratio_max=0.430 w_ax@goal=+1.16 w_v@goal=12.45 return=771.6 length=79 success_rate=1.00 collisions/ep=4.83 (n=29)
Evaluation at update 45: return=641.72, length=78.30, success_rate=1.00, collisions/ep=7.40
Solved-check at update 45: solved=False worst_gap=500.95 at p_x0=1.50 p_y0=0.00 (consecutive=0)
update=46 global_step=94208 SPS=1152 w_ev=0.197 m_ev=0.915 m_v_bias=-9.7 m_adv_std=66.7876 m_kl_max=0.0119 m_ratio_max=0.487 w_ax@goal=+1.24 w_v@goal=12.84 return=802.9 length=80 success_rate=1.00 collisions/ep=4.21 (n=24)
update=47 global_step=96256 SPS=1161 w_ev=0.113 m_ev=0.893 m_v_bias=17.3 m_adv_std=77.6273 m_kl_max=0.0015 m_ratio_max=0.205 w_ax@goal=+1.25 w_v@goal=12.59 return=780.9 length=81 success_rate=1.00 collisions/ep=4.60 (n=25)
update=48 global_step=98304 SPS=1171 w_ev=0.121 m_ev=0.928 m_v_bias=-6.2 m_adv_std=60.7705 m_kl_max=0.0088 m_ratio_max=0.393 w_ax@goal=+1.28 w_v@goal=12.97 return=780.5 length=79 success_rate=1.00 collisions/ep=4.65 (n=26)
update=49 global_step=100352 SPS=1181 w_ev=0.091 m_ev=0.914 m_v_bias=-1.0 m_adv_std=71.7934 m_kl_max=0.0042 m_ratio_max=0.307 w_ax@goal=+1.33 w_v@goal=13.03 return=753.4 length=80 success_rate=1.00 collisions/ep=5.19 (n=26)
update=50 global_step=102400 SPS=1192 w_ev=0.088 m_ev=0.912 m_v_bias=4.9 m_adv_std=72.4992 m_kl_max=0.0045 m_ratio_max=0.361 w_ax@goal=+1.47 w_v@goal=12.95 return=755.2 length=81 success_rate=1.00 collisions/ep=5.12 (n=24)
Evaluation at update 50: return=661.97, length=78.25, success_rate=1.00, collisions/ep=7.00
Solved-check at update 50: solved=False worst_gap=500.88 at p_x0=1.00 p_y0=0.00 (consecutive=0)
update=51 global_step=104448 SPS=1159 w_ev=0.088 m_ev=0.893 m_v_bias=8.0 m_adv_std=79.5106 m_kl_max=0.0111 m_ratio_max=0.882 w_ax@goal=+1.31 w_v@goal=12.59 return=776.9 length=80 success_rate=1.00 collisions/ep=4.73 (n=26)
update=52 global_step=106496 SPS=1168 w_ev=0.143 m_ev=0.919 m_v_bias=-14.6 m_adv_std=65.6832 m_kl_max=0.0066 m_ratio_max=0.390 w_ax@goal=+1.15 w_v@goal=12.78 return=820.6 length=79 success_rate=1.00 collisions/ep=3.85 (n=27)
update=53 global_step=108544 SPS=1177 w_ev=0.135 m_ev=0.905 m_v_bias=-3.8 m_adv_std=71.9438 m_kl_max=0.0107 m_ratio_max=0.428 w_ax@goal=+1.35 w_v@goal=12.62 return=819.8 length=80 success_rate=1.00 collisions/ep=3.84 (n=25)
update=54 global_step=110592 SPS=1184 w_ev=0.045 m_ev=0.935 m_v_bias=1.1 m_adv_std=60.9485 m_kl_max=0.0060 m_ratio_max=0.438 w_ax@goal=+1.48 w_v@goal=13.36 return=781.6 length=81 success_rate=1.00 collisions/ep=4.72 (n=25)
update=55 global_step=112640 SPS=1193 w_ev=0.100 m_ev=0.929 m_v_bias=13.7 m_adv_std=65.8136 m_kl_max=0.0100 m_ratio_max=0.883 w_ax@goal=+1.45 w_v@goal=13.13 return=720.4 length=81 success_rate=1.00 collisions/ep=5.92 (n=24)
Evaluation at update 55: return=577.00, length=78.25, success_rate=1.00, collisions/ep=8.70
Solved-check at update 55: solved=False worst_gap=500.87 at p_x0=1.00 p_y0=0.50 (consecutive=0)
update=56 global_step=114688 SPS=1166 w_ev=0.111 m_ev=0.898 m_v_bias=-10.3 m_adv_std=78.2250 m_kl_max=0.0080 m_ratio_max=0.349 w_ax@goal=+1.21 w_v@goal=12.84 return=772.4 length=79 success_rate=1.00 collisions/ep=4.78 (n=27)
update=57 global_step=116736 SPS=1176 w_ev=0.150 m_ev=0.915 m_v_bias=-5.1 m_adv_std=68.1975 m_kl_max=0.0218 m_ratio_max=0.823 w_ax@goal=+1.37 w_v@goal=12.53 return=791.2 length=79 success_rate=1.00 collisions/ep=4.41 (n=27)
update=58 global_step=118784 SPS=1184 w_ev=0.025 m_ev=0.894 m_v_bias=15.3 m_adv_std=81.0647 m_kl_max=0.0080 m_ratio_max=0.513 w_ax@goal=+1.24 w_v@goal=13.21 return=757.8 length=79 success_rate=1.00 collisions/ep=5.12 (n=26)
update=59 global_step=120832 SPS=1193 w_ev=0.123 m_ev=0.879 m_v_bias=5.4 m_adv_std=76.9036 m_kl_max=0.0230 m_ratio_max=1.231 w_ax@goal=+1.22 w_v@goal=12.89 return=804.6 length=81 success_rate=1.00 collisions/ep=4.12 (n=25)
update=60 global_step=122880 SPS=1200 w_ev=0.131 m_ev=0.921 m_v_bias=-3.3 m_adv_std=66.2300 m_kl_max=0.0034 m_ratio_max=0.291 w_ax@goal=+1.24 w_v@goal=13.44 return=803.2 length=80 success_rate=1.00 collisions/ep=4.28 (n=25)
Evaluation at update 60: return=621.99, length=78.25, success_rate=1.00, collisions/ep=7.80
Solved-check at update 60: solved=False worst_gap=500.87 at p_x0=1.00 p_y0=0.50 (consecutive=0)
update=61 global_step=124928 SPS=1177 w_ev=0.161 m_ev=0.946 m_v_bias=-16.7 m_adv_std=50.0433 m_kl_max=0.0049 m_ratio_max=0.492 w_ax@goal=+1.28 w_v@goal=13.08 return=838.3 length=80 success_rate=1.00 collisions/ep=3.54 (n=26)
update=62 global_step=126976 SPS=1184 w_ev=0.160 m_ev=0.929 m_v_bias=6.6 m_adv_std=60.7122 m_kl_max=0.0117 m_ratio_max=0.449 w_ax@goal=+1.19 w_v@goal=13.24 return=818.2 length=80 success_rate=1.00 collisions/ep=3.92 (n=24)
update=63 global_step=129024 SPS=1192 w_ev=0.201 m_ev=0.938 m_v_bias=2.4 m_adv_std=59.7426 m_kl_max=0.0167 m_ratio_max=0.903 w_ax@goal=+1.05 w_v@goal=13.25 return=802.5 length=81 success_rate=1.00 collisions/ep=4.21 (n=28)
update=64 global_step=131072 SPS=1199 w_ev=0.125 m_ev=0.946 m_v_bias=7.3 m_adv_std=55.2125 m_kl_max=0.0022 m_ratio_max=0.310 w_ax@goal=+1.16 w_v@goal=13.61 return=785.0 length=80 success_rate=1.00 collisions/ep=4.56 (n=25)
update=65 global_step=133120 SPS=1206 w_ev=0.163 m_ev=0.907 m_v_bias=-10.8 m_adv_std=70.2313 m_kl_max=0.0161 m_ratio_max=0.961 w_ax@goal=+1.09 w_v@goal=13.26 return=792.7 length=82 success_rate=1.00 collisions/ep=4.42 (n=24)
Evaluation at update 65: return=539.25, length=78.30, success_rate=1.00, collisions/ep=9.45
Solved-check at update 65: solved=False worst_gap=500.95 at p_x0=1.50 p_y0=0.50 (consecutive=0)
update=66 global_step=135168 SPS=1180 w_ev=0.162 m_ev=0.897 m_v_bias=16.1 m_adv_std=79.1651 m_kl_max=0.0116 m_ratio_max=0.942 w_ax@goal=+0.99 w_v@goal=13.48 return=766.8 length=80 success_rate=1.00 collisions/ep=4.96 (n=25)
update=67 global_step=137216 SPS=1189 w_ev=0.118 m_ev=0.936 m_v_bias=-1.2 m_adv_std=61.0992 m_kl_max=0.0133 m_ratio_max=0.436 w_ax@goal=+0.98 w_v@goal=13.14 return=794.6 length=81 success_rate=1.00 collisions/ep=4.42 (n=24)
update=68 global_step=139264 SPS=1196 w_ev=0.166 m_ev=0.927 m_v_bias=6.7 m_adv_std=70.1391 m_kl_max=0.0010 m_ratio_max=0.232 w_ax@goal=+0.89 w_v@goal=12.73 return=742.5 length=81 success_rate=1.00 collisions/ep=5.46 (n=26)
update=69 global_step=141312 SPS=1205 w_ev=0.224 m_ev=0.910 m_v_bias=2.4 m_adv_std=78.2304 m_kl_max=0.0151 m_ratio_max=0.660 w_ax@goal=+1.00 w_v@goal=12.79 return=743.9 length=80 success_rate=1.00 collisions/ep=5.33 (n=27)
update=70 global_step=143360 SPS=1212 w_ev=0.240 m_ev=0.905 m_v_bias=1.2 m_adv_std=80.2488 m_kl_max=0.0052 m_ratio_max=0.425 w_ax@goal=+0.96 w_v@goal=13.43 return=726.4 length=80 success_rate=1.00 collisions/ep=5.73 (n=26)
Evaluation at update 70: return=541.68, length=78.35, success_rate=1.00, collisions/ep=9.40
Solved-check at update 70: solved=False worst_gap=501.00 at p_x0=1.50 p_y0=0.00 (consecutive=0)
update=71 global_step=145408 SPS=1191 w_ev=0.268 m_ev=0.934 m_v_bias=-17.2 m_adv_std=64.7307 m_kl_max=0.0018 m_ratio_max=0.221 w_ax@goal=+1.06 w_v@goal=13.39 return=767.5 length=80 success_rate=1.00 collisions/ep=4.88 (n=24)
update=72 global_step=147456 SPS=1196 w_ev=0.257 m_ev=0.936 m_v_bias=-8.4 m_adv_std=56.7530 m_kl_max=0.0029 m_ratio_max=0.273 w_ax@goal=+0.93 w_v@goal=13.70 return=806.1 length=81 success_rate=1.00 collisions/ep=4.08 (n=24)
update=73 global_step=149504 SPS=1202 w_ev=0.235 m_ev=0.940 m_v_bias=19.2 m_adv_std=59.8735 m_kl_max=0.0133 m_ratio_max=0.888 w_ax@goal=+0.96 w_v@goal=13.86 return=759.2 length=81 success_rate=1.00 collisions/ep=5.12 (n=26)
update=74 global_step=151552 SPS=1209 w_ev=0.201 m_ev=0.925 m_v_bias=-1.1 m_adv_std=64.8939 m_kl_max=0.0029 m_ratio_max=0.259 w_ax@goal=+1.15 w_v@goal=13.53 return=774.6 length=79 success_rate=1.00 collisions/ep=4.76 (n=29)
update=75 global_step=153600 SPS=1217 w_ev=0.186 m_ev=0.945 m_v_bias=10.9 m_adv_std=56.3938 m_kl_max=0.0083 m_ratio_max=0.487 w_ax@goal=+1.09 w_v@goal=13.71 return=777.7 length=80 success_rate=1.00 collisions/ep=4.67 (n=24)
Evaluation at update 75: return=641.80, length=78.30, success_rate=1.00, collisions/ep=7.40
Solved-check at update 75: solved=False worst_gap=500.87 at p_x0=1.50 p_y0=0.00 (consecutive=0)
update=76 global_step=155648 SPS=1191 w_ev=0.294 m_ev=0.928 m_v_bias=-7.5 m_adv_std=61.0155 m_kl_max=0.0085 m_ratio_max=0.552 w_ax@goal=+0.86 w_v@goal=14.01 return=814.5 length=80 success_rate=1.00 collisions/ep=3.92 (n=25)
update=77 global_step=157696 SPS=1197 w_ev=0.347 m_ev=0.931 m_v_bias=3.8 m_adv_std=61.5764 m_kl_max=0.0072 m_ratio_max=0.392 w_ax@goal=+0.69 w_v@goal=14.66 return=804.9 length=81 success_rate=1.00 collisions/ep=4.12 (n=24)
update=78 global_step=159744 SPS=1201 w_ev=0.268 m_ev=0.934 m_v_bias=-18.1 m_adv_std=58.7883 m_kl_max=0.0051 m_ratio_max=0.330 w_ax@goal=+0.98 w_v@goal=13.83 return=822.0 length=80 success_rate=1.00 collisions/ep=3.85 (n=27)
update=79 global_step=161792 SPS=1209 w_ev=0.216 m_ev=0.899 m_v_bias=24.3 m_adv_std=77.5382 m_kl_max=0.0035 m_ratio_max=0.437 w_ax@goal=+0.97 w_v@goal=14.10 return=779.0 length=81 success_rate=1.00 collisions/ep=4.63 (n=27)
update=80 global_step=163840 SPS=1215 w_ev=0.310 m_ev=0.956 m_v_bias=-25.5 m_adv_std=47.0650 m_kl_max=0.0159 m_ratio_max=0.569 w_ax@goal=+0.82 w_v@goal=14.20 return=830.8 length=80 success_rate=1.00 collisions/ep=3.60 (n=25)
Evaluation at update 80: return=651.43, length=78.75, success_rate=1.00, collisions/ep=7.20
Solved-check at update 80: solved=False worst_gap=501.72 at p_x0=0.00 p_y0=0.50 (consecutive=0)
update=81 global_step=165888 SPS=1197 w_ev=0.341 m_ev=0.942 m_v_bias=1.7 m_adv_std=56.0234 m_kl_max=0.0186 m_ratio_max=0.908 w_ax@goal=+0.80 w_v@goal=14.89 return=819.4 length=82 success_rate=1.00 collisions/ep=3.83 (n=24)
update=82 global_step=167936 SPS=1201 w_ev=0.374 m_ev=0.939 m_v_bias=3.1 m_adv_std=55.9858 m_kl_max=0.0036 m_ratio_max=0.296 w_ax@goal=+1.05 w_v@goal=14.39 return=820.7 length=79 success_rate=1.00 collisions/ep=3.80 (n=25)
update=83 global_step=169984 SPS=1206 w_ev=0.416 m_ev=0.931 m_v_bias=0.6 m_adv_std=63.0243 m_kl_max=0.0139 m_ratio_max=0.671 w_ax@goal=+1.01 w_v@goal=15.03 return=798.2 length=81 success_rate=1.00 collisions/ep=4.26 (n=27)
update=84 global_step=172032 SPS=1210 w_ev=0.385 m_ev=0.939 m_v_bias=14.0 m_adv_std=58.2795 m_kl_max=0.0107 m_ratio_max=0.497 w_ax@goal=+1.01 w_v@goal=14.98 return=774.9 length=81 success_rate=1.00 collisions/ep=4.75 (n=24)
update=85 global_step=174080 SPS=1215 w_ev=0.373 m_ev=0.920 m_v_bias=3.1 m_adv_std=68.9513 m_kl_max=0.0094 m_ratio_max=0.622 w_ax@goal=+0.94 w_v@goal=14.69 return=770.6 length=83 success_rate=1.00 collisions/ep=4.80 (n=25)
Evaluation at update 85: return=713.60, length=79.00, success_rate=1.00, collisions/ep=5.95
Solved-check at update 85: solved=False worst_gap=501.91 at p_x0=0.50 p_y0=-1.00 (consecutive=0)
update=86 global_step=176128 SPS=1196 w_ev=0.358 m_ev=0.926 m_v_bias=-14.5 m_adv_std=62.0878 m_kl_max=0.0080 m_ratio_max=0.463 w_ax@goal=+0.94 w_v@goal=14.72 return=850.3 length=81 success_rate=1.00 collisions/ep=3.20 (n=25)
update=87 global_step=178176 SPS=1201 w_ev=0.359 m_ev=0.944 m_v_bias=-14.5 m_adv_std=51.2581 m_kl_max=0.0202 m_ratio_max=0.888 w_ax@goal=+0.99 w_v@goal=14.68 return=838.9 length=83 success_rate=1.00 collisions/ep=3.43 (n=23)
update=88 global_step=180224 SPS=1206 w_ev=0.336 m_ev=0.924 m_v_bias=-4.7 m_adv_std=60.1930 m_kl_max=0.0107 m_ratio_max=0.594 w_ax@goal=+1.05 w_v@goal=13.99 return=854.2 length=81 success_rate=1.00 collisions/ep=3.18 (n=28)
update=89 global_step=182272 SPS=1211 w_ev=0.340 m_ev=0.912 m_v_bias=14.4 m_adv_std=67.9613 m_kl_max=0.0053 m_ratio_max=0.345 w_ax@goal=+1.18 w_v@goal=14.53 return=835.0 length=80 success_rate=1.00 collisions/ep=3.56 (n=25)
update=90 global_step=184320 SPS=1216 w_ev=0.326 m_ev=0.933 m_v_bias=-16.7 m_adv_std=53.6138 m_kl_max=0.0112 m_ratio_max=0.464 w_ax@goal=+1.05 w_v@goal=14.51 return=867.2 length=82 success_rate=1.00 collisions/ep=2.88 (n=25)
Evaluation at update 90: return=721.54, length=78.60, success_rate=1.00, collisions/ep=5.80
Solved-check at update 90: solved=False worst_gap=500.99 at p_x0=2.00 p_y0=-0.50 (consecutive=0)
update=91 global_step=186368 SPS=1200 w_ev=0.292 m_ev=0.926 m_v_bias=9.8 m_adv_std=58.1577 m_kl_max=0.0047 m_ratio_max=0.338 w_ax@goal=+1.15 w_v@goal=14.39 return=846.3 length=81 success_rate=1.00 collisions/ep=3.41 (n=27)
update=92 global_step=188416 SPS=1205 w_ev=0.319 m_ev=0.928 m_v_bias=-5.0 m_adv_std=59.9285 m_kl_max=0.0016 m_ratio_max=0.251 w_ax@goal=+1.11 w_v@goal=14.49 return=842.5 length=81 success_rate=1.00 collisions/ep=3.46 (n=24)
update=93 global_step=190464 SPS=1211 w_ev=0.322 m_ev=0.943 m_v_bias=-15.3 m_adv_std=47.1097 m_kl_max=0.0116 m_ratio_max=0.904 w_ax@goal=+1.26 w_v@goal=14.47 return=903.7 length=80 success_rate=1.00 collisions/ep=2.20 (n=25)
update=94 global_step=192512 SPS=1215 w_ev=0.344 m_ev=0.926 m_v_bias=12.3 m_adv_std=56.4331 m_kl_max=0.0049 m_ratio_max=0.333 w_ax@goal=+1.35 w_v@goal=14.86 return=870.0 length=80 success_rate=1.00 collisions/ep=2.88 (n=24)
update=95 global_step=194560 SPS=1221 w_ev=0.295 m_ev=0.921 m_v_bias=22.5 m_adv_std=67.1883 m_kl_max=0.0083 m_ratio_max=0.382 w_ax@goal=+1.25 w_v@goal=14.28 return=802.2 length=80 success_rate=1.00 collisions/ep=4.26 (n=27)
Evaluation at update 95: return=699.43, length=78.25, success_rate=1.00, collisions/ep=6.25
Solved-check at update 95: solved=False worst_gap=500.92 at p_x0=1.00 p_y0=0.00 (consecutive=0)
update=96 global_step=196608 SPS=1204 w_ev=0.210 m_ev=0.889 m_v_bias=-16.7 m_adv_std=71.0361 m_kl_max=0.0036 m_ratio_max=0.296 w_ax@goal=+1.41 w_v@goal=13.93 return=817.5 length=80 success_rate=1.00 collisions/ep=3.96 (n=26)
update=97 global_step=198656 SPS=1209 w_ev=0.206 m_ev=0.917 m_v_bias=-5.2 m_adv_std=62.1843 m_kl_max=0.0100 m_ratio_max=0.494 w_ax@goal=+1.31 w_v@goal=13.70 return=852.5 length=79 success_rate=1.00 collisions/ep=3.41 (n=27)
update=98 global_step=200704 SPS=1214 w_ev=0.283 m_ev=0.919 m_v_bias=-6.4 m_adv_std=62.2751 m_kl_max=0.0079 m_ratio_max=0.625 w_ax@goal=+1.23 w_v@goal=14.06 return=843.4 length=79 success_rate=1.00 collisions/ep=3.40 (n=25)
update=99 global_step=202752 SPS=1220 w_ev=0.326 m_ev=0.944 m_v_bias=-2.1 m_adv_std=55.2500 m_kl_max=0.0137 m_ratio_max=0.899 w_ax@goal=+1.15 w_v@goal=14.45 return=817.6 length=79 success_rate=1.00 collisions/ep=3.96 (n=25)
update=100 global_step=204800 SPS=1225 w_ev=0.310 m_ev=0.921 m_v_bias=-4.8 m_adv_std=64.7380 m_kl_max=0.0200 m_ratio_max=0.720 w_ax@goal=+1.22 w_v@goal=14.38 return=814.0 length=80 success_rate=1.00 collisions/ep=4.04 (n=25)
Evaluation at update 100: return=717.03, length=78.10, success_rate=1.00, collisions/ep=5.90
Solved-check at update 100: solved=False worst_gap=501.00 at p_x0=0.50 p_y0=0.00 (consecutive=0)
update=101 global_step=206848 SPS=1209 w_ev=0.288 m_ev=0.928 m_v_bias=2.7 m_adv_std=61.3792 m_kl_max=0.0122 m_ratio_max=0.609 w_ax@goal=+1.24 w_v@goal=13.82 return=820.5 length=79 success_rate=1.00 collisions/ep=3.86 (n=28)
update=102 global_step=208896 SPS=1214 w_ev=0.323 m_ev=0.939 m_v_bias=-5.2 m_adv_std=53.3714 m_kl_max=0.0075 m_ratio_max=0.556 w_ax@goal=+1.19 w_v@goal=14.42 return=859.6 length=80 success_rate=1.00 collisions/ep=3.12 (n=25)
update=103 global_step=210944 SPS=1218 w_ev=0.332 m_ev=0.950 m_v_bias=-14.3 m_adv_std=46.4006 m_kl_max=0.0401 m_ratio_max=1.312 w_ax@goal=+1.27 w_v@goal=14.28 return=891.6 length=81 success_rate=1.00 collisions/ep=2.44 (n=25)
update=104 global_step=212992 SPS=1222 w_ev=0.083 m_ev=0.893 m_v_bias=36.1 m_adv_std=75.2533 m_kl_max=0.0167 m_ratio_max=1.269 w_ax@goal=+1.13 w_v@goal=13.17 return=786.1 length=79 success_rate=1.00 collisions/ep=4.65 (n=26)
update=105 global_step=215040 SPS=1227 w_ev=0.115 m_ev=0.930 m_v_bias=-27.5 m_adv_std=55.4777 m_kl_max=0.0078 m_ratio_max=0.440 w_ax@goal=+1.13 w_v@goal=12.70 return=849.3 length=81 success_rate=1.00 collisions/ep=3.28 (n=25)
Evaluation at update 105: return=816.63, length=78.50, success_rate=1.00, collisions/ep=3.90
Solved-check at update 105: solved=False worst_gap=451.48 at p_x0=0.00 p_y0=-0.50 (consecutive=0)
update=106 global_step=217088 SPS=1212 w_ev=0.188 m_ev=0.918 m_v_bias=7.6 m_adv_std=60.7052 m_kl_max=0.0119 m_ratio_max=0.658 w_ax@goal=+1.18 w_v@goal=13.15 return=845.3 length=81 success_rate=1.00 collisions/ep=3.40 (n=25)
update=107 global_step=219136 SPS=1216 w_ev=0.305 m_ev=0.943 m_v_bias=-18.9 m_adv_std=48.9487 m_kl_max=0.0176 m_ratio_max=0.580 w_ax@goal=+1.17 w_v@goal=13.44 return=916.7 length=80 success_rate=1.00 collisions/ep=1.93 (n=27)
update=108 global_step=221184 SPS=1219 w_ev=0.277 m_ev=0.925 m_v_bias=-2.7 m_adv_std=56.5327 m_kl_max=0.0129 m_ratio_max=1.448 w_ax@goal=+1.27 w_v@goal=13.69 return=905.6 length=82 success_rate=1.00 collisions/ep=2.12 (n=24)
update=109 global_step=223232 SPS=1224 w_ev=0.213 m_ev=0.927 m_v_bias=18.5 m_adv_std=59.6806 m_kl_max=0.0064 m_ratio_max=0.437 w_ax@goal=+1.21 w_v@goal=13.62 return=822.8 length=79 success_rate=1.00 collisions/ep=3.85 (n=26)
update=110 global_step=225280 SPS=1229 w_ev=0.197 m_ev=0.914 m_v_bias=-4.5 m_adv_std=60.0447 m_kl_max=0.0113 m_ratio_max=0.542 w_ax@goal=+1.14 w_v@goal=13.53 return=870.9 length=81 success_rate=1.00 collisions/ep=2.89 (n=27)
Evaluation at update 110: return=791.74, length=78.30, success_rate=1.00, collisions/ep=4.40
Solved-check at update 110: solved=False worst_gap=500.92 at p_x0=1.50 p_y0=-0.50 (consecutive=0)
update=111 global_step=227328 SPS=1212 w_ev=0.228 m_ev=0.924 m_v_bias=-11.9 m_adv_std=58.1779 m_kl_max=0.0096 m_ratio_max=0.623 w_ax@goal=+1.08 w_v@goal=13.78 return=883.3 length=80 success_rate=1.00 collisions/ep=2.60 (n=25)
update=112 global_step=229376 SPS=1217 w_ev=0.247 m_ev=0.926 m_v_bias=-3.5 m_adv_std=54.0431 m_kl_max=0.0093 m_ratio_max=0.481 w_ax@goal=+1.04 w_v@goal=13.67 return=917.9 length=82 success_rate=1.00 collisions/ep=1.96 (n=24)
update=113 global_step=231424 SPS=1222 w_ev=0.220 m_ev=0.911 m_v_bias=11.0 m_adv_std=57.0632 m_kl_max=0.0288 m_ratio_max=0.979 w_ax@goal=+1.14 w_v@goal=13.97 return=853.1 length=80 success_rate=1.00 collisions/ep=3.21 (n=24)
update=114 global_step=233472 SPS=1226 w_ev=0.261 m_ev=0.892 m_v_bias=-5.8 m_adv_std=67.7729 m_kl_max=0.0113 m_ratio_max=0.788 w_ax@goal=+1.03 w_v@goal=13.74 return=892.6 length=81 success_rate=1.00 collisions/ep=2.44 (n=27)
update=115 global_step=235520 SPS=1230 w_ev=0.160 m_ev=0.928 m_v_bias=9.7 m_adv_std=54.0643 m_kl_max=0.0075 m_ratio_max=0.564 w_ax@goal=+1.08 w_v@goal=13.65 return=907.2 length=79 success_rate=1.00 collisions/ep=2.19 (n=26)
Evaluation at update 115: return=729.23, length=78.30, success_rate=1.00, collisions/ep=5.65
Solved-check at update 115: solved=False worst_gap=450.93 at p_x0=1.50 p_y0=0.00 (consecutive=0)
update=116 global_step=237568 SPS=1214 w_ev=0.089 m_ev=0.879 m_v_bias=39.9 m_adv_std=77.1016 m_kl_max=0.0196 m_ratio_max=0.941 w_ax@goal=+1.10 w_v@goal=13.77 return=776.2 length=82 success_rate=1.00 collisions/ep=4.92 (n=26)
update=117 global_step=239616 SPS=1219 w_ev=0.087 m_ev=0.911 m_v_bias=-8.2 m_adv_std=66.6067 m_kl_max=0.0041 m_ratio_max=0.372 w_ax@goal=+1.17 w_v@goal=13.36 return=773.5 length=82 success_rate=1.00 collisions/ep=4.92 (n=25)
update=118 global_step=241664 SPS=1222 w_ev=0.142 m_ev=0.915 m_v_bias=1.7 m_adv_std=69.3174 m_kl_max=0.0078 m_ratio_max=0.530 w_ax@goal=+1.02 w_v@goal=13.28 return=798.3 length=78 success_rate=1.00 collisions/ep=4.33 (n=24)
update=119 global_step=243712 SPS=1227 w_ev=0.140 m_ev=0.877 m_v_bias=-30.4 m_adv_std=74.0663 m_kl_max=0.0070 m_ratio_max=0.450 w_ax@goal=+1.02 w_v@goal=12.89 return=837.1 length=81 success_rate=1.00 collisions/ep=3.52 (n=25)
update=120 global_step=245760 SPS=1231 w_ev=0.215 m_ev=0.948 m_v_bias=-16.6 m_adv_std=45.9738 m_kl_max=0.0194 m_ratio_max=0.712 w_ax@goal=+0.88 w_v@goal=13.19 return=911.0 length=80 success_rate=1.00 collisions/ep=2.03 (n=29)
Evaluation at update 120: return=791.93, length=78.25, success_rate=1.00, collisions/ep=4.40
Solved-check at update 120: solved=False worst_gap=500.92 at p_x0=1.00 p_y0=-0.50 (consecutive=0)
update=121 global_step=247808 SPS=1217 w_ev=0.184 m_ev=0.940 m_v_bias=10.2 m_adv_std=49.8954 m_kl_max=0.0056 m_ratio_max=0.482 w_ax@goal=+1.08 w_v@goal=13.59 return=883.4 length=81 success_rate=1.00 collisions/ep=2.64 (n=25)
update=122 global_step=249856 SPS=1221 w_ev=0.226 m_ev=0.933 m_v_bias=1.5 m_adv_std=50.6241 m_kl_max=0.0063 m_ratio_max=0.473 w_ax@goal=+1.08 w_v@goal=13.66 return=907.3 length=81 success_rate=1.00 collisions/ep=2.12 (n=25)
update=123 global_step=251904 SPS=1225 w_ev=0.199 m_ev=0.951 m_v_bias=-3.0 m_adv_std=45.0184 m_kl_max=0.0048 m_ratio_max=0.460 w_ax@goal=+0.86 w_v@goal=13.87 return=894.1 length=81 success_rate=1.00 collisions/ep=2.42 (n=24)
update=124 global_step=253952 SPS=1228 w_ev=0.156 m_ev=0.930 m_v_bias=9.2 m_adv_std=55.7149 m_kl_max=0.0042 m_ratio_max=0.499 w_ax@goal=+1.11 w_v@goal=13.60 return=868.4 length=82 success_rate=1.00 collisions/ep=2.84 (n=25)
update=125 global_step=256000 SPS=1232 w_ev=0.192 m_ev=0.927 m_v_bias=-4.3 m_adv_std=50.7358 m_kl_max=0.0045 m_ratio_max=0.410 w_ax@goal=+1.15 w_v@goal=13.73 return=896.2 length=80 success_rate=1.00 collisions/ep=2.29 (n=24)
Evaluation at update 125: return=959.39, length=78.25, success_rate=1.00, collisions/ep=1.05
Solved-check at update 125: solved=False worst_gap=151.17 at p_x0=0.00 p_y0=-1.00 (consecutive=0)
update=126 global_step=258048 SPS=1219 w_ev=0.255 m_ev=0.921 m_v_bias=-6.3 m_adv_std=54.6470 m_kl_max=0.0318 m_ratio_max=1.459 w_ax@goal=+1.07 w_v@goal=13.86 return=911.1 length=81 success_rate=1.00 collisions/ep=2.15 (n=27)
update=127 global_step=260096 SPS=1223 w_ev=0.176 m_ev=0.876 m_v_bias=27.9 m_adv_std=77.2397 m_kl_max=0.0082 m_ratio_max=0.442 w_ax@goal=+1.09 w_v@goal=13.83 return=859.5 length=81 success_rate=1.00 collisions/ep=3.15 (n=26)
update=128 global_step=262144 SPS=1227 w_ev=0.255 m_ev=0.928 m_v_bias=-3.3 m_adv_std=57.5911 m_kl_max=0.0118 m_ratio_max=0.492 w_ax@goal=+1.05 w_v@goal=13.96 return=872.3 length=80 success_rate=1.00 collisions/ep=2.81 (n=26)
update=129 global_step=264192 SPS=1231 w_ev=0.207 m_ev=0.878 m_v_bias=9.4 m_adv_std=75.8823 m_kl_max=0.0228 m_ratio_max=0.848 w_ax@goal=+1.11 w_v@goal=13.63 return=855.4 length=82 success_rate=1.00 collisions/ep=3.33 (n=24)
update=130 global_step=266240 SPS=1235 w_ev=0.248 m_ev=0.919 m_v_bias=-3.5 m_adv_std=60.5840 m_kl_max=0.0169 m_ratio_max=0.703 w_ax@goal=+1.00 w_v@goal=13.87 return=851.2 length=81 success_rate=1.00 collisions/ep=3.32 (n=25)
Evaluation at update 130: return=799.29, length=78.25, success_rate=1.00, collisions/ep=4.25
Solved-check at update 130: solved=False worst_gap=450.87 at p_x0=1.50 p_y0=-0.50 (consecutive=0)
update=131 global_step=268288 SPS=1223 w_ev=0.096 m_ev=0.925 m_v_bias=-8.6 m_adv_std=53.7578 m_kl_max=0.0031 m_ratio_max=0.341 w_ax@goal=+0.93 w_v@goal=13.56 return=878.0 length=80 success_rate=1.00 collisions/ep=2.69 (n=26)
update=132 global_step=270336 SPS=1226 w_ev=0.226 m_ev=0.933 m_v_bias=-7.3 m_adv_std=54.3958 m_kl_max=0.0150 m_ratio_max=0.689 w_ax@goal=+1.03 w_v@goal=13.76 return=903.0 length=81 success_rate=1.00 collisions/ep=2.16 (n=25)
update=133 global_step=272384 SPS=1230 w_ev=0.132 m_ev=0.916 m_v_bias=8.9 m_adv_std=61.7845 m_kl_max=0.0036 m_ratio_max=0.459 w_ax@goal=+0.85 w_v@goal=13.90 return=862.5 length=82 success_rate=1.00 collisions/ep=3.08 (n=25)
update=134 global_step=274432 SPS=1234 w_ev=0.214 m_ev=0.942 m_v_bias=-3.7 m_adv_std=52.5873 m_kl_max=0.0160 m_ratio_max=1.313 w_ax@goal=+0.86 w_v@goal=13.98 return=879.8 length=80 success_rate=1.00 collisions/ep=2.65 (n=26)
update=135 global_step=276480 SPS=1237 w_ev=0.233 m_ev=0.932 m_v_bias=-5.9 m_adv_std=55.9411 m_kl_max=0.0092 m_ratio_max=0.732 w_ax@goal=+0.84 w_v@goal=13.71 return=899.1 length=81 success_rate=1.00 collisions/ep=2.27 (n=26)
Evaluation at update 135: return=761.62, length=78.55, success_rate=1.00, collisions/ep=5.00
Solved-check at update 135: solved=False worst_gap=450.90 at p_x0=2.00 p_y0=-0.50 (consecutive=0)
update=136 global_step=278528 SPS=1224 w_ev=0.146 m_ev=0.949 m_v_bias=-11.9 m_adv_std=43.7844 m_kl_max=0.0207 m_ratio_max=0.620 w_ax@goal=+0.83 w_v@goal=13.68 return=922.8 length=84 success_rate=1.00 collisions/ep=1.79 (n=24)
update=137 global_step=280576 SPS=1227 w_ev=0.197 m_ev=0.900 m_v_bias=21.1 m_adv_std=68.4767 m_kl_max=0.0040 m_ratio_max=0.588 w_ax@goal=+0.76 w_v@goal=14.07 return=883.9 length=82 success_rate=1.00 collisions/ep=2.56 (n=25)
update=138 global_step=282624 SPS=1231 w_ev=0.210 m_ev=0.944 m_v_bias=-11.2 m_adv_std=46.7497 m_kl_max=0.0043 m_ratio_max=0.417 w_ax@goal=+0.77 w_v@goal=13.93 return=911.0 length=84 success_rate=1.00 collisions/ep=1.96 (n=24)
update=139 global_step=284672 SPS=1234 w_ev=0.276 m_ev=0.931 m_v_bias=5.1 m_adv_std=55.2400 m_kl_max=0.0099 m_ratio_max=0.960 w_ax@goal=+0.68 w_v@goal=14.20 return=891.6 length=80 success_rate=1.00 collisions/ep=2.40 (n=25)
update=140 global_step=286720 SPS=1238 w_ev=0.274 m_ev=0.904 m_v_bias=-2.4 m_adv_std=64.1032 m_kl_max=0.0131 m_ratio_max=0.740 w_ax@goal=+0.78 w_v@goal=14.43 return=912.5 length=84 success_rate=1.00 collisions/ep=1.96 (n=25)
Evaluation at update 140: return=761.53, length=78.65, success_rate=1.00, collisions/ep=5.00
Solved-check at update 140: solved=False worst_gap=451.01 at p_x0=2.00 p_y0=-0.50 (consecutive=0)
update=141 global_step=288768 SPS=1226 w_ev=0.309 m_ev=0.943 m_v_bias=-2.4 m_adv_std=48.3729 m_kl_max=0.0488 m_ratio_max=1.973 w_ax@goal=+0.81 w_v@goal=14.37 return=887.8 length=82 success_rate=1.00 collisions/ep=2.54 (n=24)
update=142 global_step=290816 SPS=1229 w_ev=0.181 m_ev=0.910 m_v_bias=10.5 m_adv_std=68.0621 m_kl_max=0.0106 m_ratio_max=0.527 w_ax@goal=+0.88 w_v@goal=13.70 return=878.1 length=82 success_rate=1.00 collisions/ep=2.65 (n=26)
update=143 global_step=292864 SPS=1233 w_ev=0.314 m_ev=0.955 m_v_bias=-18.2 m_adv_std=43.4959 m_kl_max=0.0066 m_ratio_max=0.572 w_ax@goal=+0.81 w_v@goal=13.75 return=896.4 length=80 success_rate=1.00 collisions/ep=2.31 (n=26)
update=144 global_step=294912 SPS=1237 w_ev=0.231 m_ev=0.883 m_v_bias=9.3 m_adv_std=74.5111 m_kl_max=0.0085 m_ratio_max=0.433 w_ax@goal=+0.85 w_v@goal=14.26 return=870.3 length=80 success_rate=1.00 collisions/ep=2.80 (n=25)
update=145 global_step=296960 SPS=1239 w_ev=0.263 m_ev=0.912 m_v_bias=-13.8 m_adv_std=57.7433 m_kl_max=0.0153 m_ratio_max=0.645 w_ax@goal=+0.90 w_v@goal=13.95 return=908.4 length=82 success_rate=1.00 collisions/ep=2.08 (n=25)
Evaluation at update 145: return=761.66, length=78.45, success_rate=1.00, collisions/ep=5.00
Solved-check at update 145: solved=False worst_gap=450.84 at p_x0=2.00 p_y0=-0.50 (consecutive=0)
update=146 global_step=299008 SPS=1228 w_ev=0.152 m_ev=0.873 m_v_bias=18.4 m_adv_std=76.6939 m_kl_max=0.0158 m_ratio_max=0.814 w_ax@goal=+0.80 w_v@goal=13.62 return=880.3 length=82 success_rate=1.00 collisions/ep=2.65 (n=26)
update=147 global_step=301056 SPS=1231 w_ev=0.209 m_ev=0.939 m_v_bias=-11.8 m_adv_std=51.1144 m_kl_max=0.0067 m_ratio_max=0.540 w_ax@goal=+0.92 w_v@goal=13.44 return=879.8 length=83 success_rate=1.00 collisions/ep=2.67 (n=24)
update=148 global_step=303104 SPS=1234 w_ev=0.285 m_ev=0.949 m_v_bias=-7.4 m_adv_std=44.2542 m_kl_max=0.0064 m_ratio_max=0.518 w_ax@goal=+0.78 w_v@goal=13.89 return=914.5 length=81 success_rate=1.00 collisions/ep=2.00 (n=24)
update=149 global_step=305152 SPS=1237 w_ev=0.220 m_ev=0.919 m_v_bias=10.4 m_adv_std=62.8930 m_kl_max=0.0051 m_ratio_max=0.331 w_ax@goal=+0.82 w_v@goal=13.84 return=895.2 length=83 success_rate=1.00 collisions/ep=2.32 (n=25)
update=150 global_step=307200 SPS=1240 w_ev=0.289 m_ev=0.941 m_v_bias=-3.0 m_adv_std=50.3201 m_kl_max=0.0154 m_ratio_max=0.796 w_ax@goal=+0.83 w_v@goal=13.89 return=886.5 length=82 success_rate=1.00 collisions/ep=2.48 (n=27)
Evaluation at update 150: return=761.21, length=78.85, success_rate=1.00, collisions/ep=5.00
Solved-check at update 150: solved=False worst_gap=451.97 at p_x0=0.00 p_y0=0.00 (consecutive=0)
update=151 global_step=309248 SPS=1228 w_ev=0.273 m_ev=0.951 m_v_bias=-7.2 m_adv_std=44.0437 m_kl_max=0.0066 m_ratio_max=0.511 w_ax@goal=+0.83 w_v@goal=14.22 return=916.9 length=81 success_rate=1.00 collisions/ep=1.96 (n=24)
update=152 global_step=311296 SPS=1232 w_ev=0.307 m_ev=0.945 m_v_bias=-5.3 m_adv_std=45.3958 m_kl_max=0.0119 m_ratio_max=0.528 w_ax@goal=+0.80 w_v@goal=14.48 return=922.8 length=82 success_rate=1.00 collisions/ep=1.75 (n=24)
update=153 global_step=313344 SPS=1236 w_ev=0.235 m_ev=0.963 m_v_bias=-2.6 m_adv_std=37.2540 m_kl_max=0.0131 m_ratio_max=0.553 w_ax@goal=+0.80 w_v@goal=14.02 return=933.0 length=80 success_rate=1.00 collisions/ep=1.65 (n=26)
update=154 global_step=315392 SPS=1239 w_ev=0.231 m_ev=0.949 m_v_bias=8.8 m_adv_std=44.4638 m_kl_max=0.0034 m_ratio_max=0.304 w_ax@goal=+0.91 w_v@goal=14.21 return=913.0 length=81 success_rate=1.00 collisions/ep=2.00 (n=26)
update=155 global_step=317440 SPS=1242 w_ev=0.199 m_ev=0.941 m_v_bias=-7.9 m_adv_std=47.9879 m_kl_max=0.0083 m_ratio_max=0.438 w_ax@goal=+0.88 w_v@goal=13.99 return=930.0 length=82 success_rate=1.00 collisions/ep=1.65 (n=26)
Evaluation at update 155: return=858.76, length=78.80, success_rate=1.00, collisions/ep=3.05
Solved-check at update 155: solved=False worst_gap=451.71 at p_x0=0.50 p_y0=-0.50 (consecutive=0)
update=156 global_step=319488 SPS=1231 w_ev=0.186 m_ev=0.960 m_v_bias=-6.3 m_adv_std=36.0115 m_kl_max=0.0252 m_ratio_max=0.807 w_ax@goal=+0.77 w_v@goal=14.22 return=961.1 length=82 success_rate=1.00 collisions/ep=1.08 (n=25)
update=157 global_step=321536 SPS=1234 w_ev=0.238 m_ev=0.930 m_v_bias=12.7 m_adv_std=54.1406 m_kl_max=0.0052 m_ratio_max=0.562 w_ax@goal=+0.67 w_v@goal=14.28 return=901.8 length=83 success_rate=1.00 collisions/ep=2.17 (n=24)
update=158 global_step=323584 SPS=1238 w_ev=0.283 m_ev=0.919 m_v_bias=-2.9 m_adv_std=55.2432 m_kl_max=0.0396 m_ratio_max=0.717 w_ax@goal=+0.63 w_v@goal=14.35 return=932.7 length=81 success_rate=1.00 collisions/ep=1.54 (n=24)
update=159 global_step=325632 SPS=1241 w_ev=0.329 m_ev=0.971 m_v_bias=-2.4 m_adv_std=31.9584 m_kl_max=0.0090 m_ratio_max=0.449 w_ax@goal=+0.65 w_v@goal=14.48 return=945.1 length=82 success_rate=1.00 collisions/ep=1.42 (n=26)
update=160 global_step=327680 SPS=1244 w_ev=0.350 m_ev=0.946 m_v_bias=1.4 m_adv_std=45.6783 m_kl_max=0.0112 m_ratio_max=0.473 w_ax@goal=+0.80 w_v@goal=14.63 return=926.7 length=81 success_rate=1.00 collisions/ep=1.88 (n=25)
Evaluation at update 160: return=746.67, length=78.45, success_rate=1.00, collisions/ep=5.30
Solved-check at update 160: solved=False worst_gap=450.83 at p_x0=2.00 p_y0=0.00 (consecutive=0)
update=161 global_step=329728 SPS=1234 w_ev=0.311 m_ev=0.918 m_v_bias=23.2 m_adv_std=60.8554 m_kl_max=0.0097 m_ratio_max=0.603 w_ax@goal=+0.79 w_v@goal=14.60 return=847.6 length=80 success_rate=1.00 collisions/ep=3.42 (n=26)
update=162 global_step=331776 SPS=1236 w_ev=0.252 m_ev=0.932 m_v_bias=-3.9 m_adv_std=57.1421 m_kl_max=0.0101 m_ratio_max=0.671 w_ax@goal=+0.74 w_v@goal=14.27 return=877.7 length=80 success_rate=1.00 collisions/ep=2.77 (n=26)
update=163 global_step=333824 SPS=1239 w_ev=0.255 m_ev=0.941 m_v_bias=-8.5 m_adv_std=50.7533 m_kl_max=0.0104 m_ratio_max=0.621 w_ax@goal=+0.74 w_v@goal=14.15 return=864.4 length=81 success_rate=1.00 collisions/ep=3.04 (n=26)
update=164 global_step=335872 SPS=1242 w_ev=0.209 m_ev=0.916 m_v_bias=15.5 m_adv_std=66.0712 m_kl_max=0.0131 m_ratio_max=0.645 w_ax@goal=+0.80 w_v@goal=13.94 return=835.1 length=81 success_rate=1.00 collisions/ep=3.56 (n=25)
update=165 global_step=337920 SPS=1245 w_ev=0.281 m_ev=0.927 m_v_bias=-10.5 m_adv_std=57.5483 m_kl_max=0.0109 m_ratio_max=0.737 w_ax@goal=+0.74 w_v@goal=14.12 return=876.8 length=82 success_rate=1.00 collisions/ep=2.76 (n=25)
Evaluation at update 165: return=766.45, length=78.75, success_rate=1.00, collisions/ep=4.90
Solved-check at update 165: solved=False worst_gap=451.71 at p_x0=0.00 p_y0=0.00 (consecutive=0)
update=166 global_step=339968 SPS=1234 w_ev=0.296 m_ev=0.963 m_v_bias=-10.3 m_adv_std=37.1269 m_kl_max=0.0200 m_ratio_max=0.520 w_ax@goal=+0.75 w_v@goal=13.99 return=926.3 length=81 success_rate=1.00 collisions/ep=1.76 (n=25)
update=167 global_step=342016 SPS=1237 w_ev=0.335 m_ev=0.957 m_v_bias=11.1 m_adv_std=43.2152 m_kl_max=0.0035 m_ratio_max=0.288 w_ax@goal=+0.67 w_v@goal=14.29 return=922.1 length=81 success_rate=1.00 collisions/ep=1.80 (n=25)
update=168 global_step=344064 SPS=1239 w_ev=0.282 m_ev=0.961 m_v_bias=-0.8 m_adv_std=41.8307 m_kl_max=0.0063 m_ratio_max=0.722 w_ax@goal=+0.88 w_v@goal=14.06 return=874.0 length=81 success_rate=1.00 collisions/ep=2.73 (n=26)
update=169 global_step=346112 SPS=1242 w_ev=0.307 m_ev=0.934 m_v_bias=-3.6 m_adv_std=53.6048 m_kl_max=0.0199 m_ratio_max=0.583 w_ax@goal=+0.74 w_v@goal=14.22 return=910.6 length=80 success_rate=1.00 collisions/ep=2.08 (n=24)
update=170 global_step=348160 SPS=1245 w_ev=0.323 m_ev=0.958 m_v_bias=4.0 m_adv_std=41.6087 m_kl_max=0.0227 m_ratio_max=1.109 w_ax@goal=+0.82 w_v@goal=14.33 return=897.5 length=82 success_rate=1.00 collisions/ep=2.29 (n=24)
Evaluation at update 170: return=761.55, length=78.55, success_rate=1.00, collisions/ep=5.00
Solved-check at update 170: solved=False worst_gap=450.96 at p_x0=2.00 p_y0=-0.50 (consecutive=0)
update=171 global_step=350208 SPS=1235 w_ev=0.277 m_ev=0.941 m_v_bias=-5.8 m_adv_std=47.5000 m_kl_max=0.0242 m_ratio_max=1.719 w_ax@goal=+0.83 w_v@goal=14.12 return=910.4 length=82 success_rate=1.00 collisions/ep=2.04 (n=26)
update=172 global_step=352256 SPS=1238 w_ev=0.319 m_ev=0.928 m_v_bias=9.1 m_adv_std=58.8616 m_kl_max=0.0034 m_ratio_max=0.393 w_ax@goal=+0.68 w_v@goal=14.18 return=870.8 length=80 success_rate=1.00 collisions/ep=2.89 (n=28)
update=173 global_step=354304 SPS=1240 w_ev=0.329 m_ev=0.940 m_v_bias=-3.5 m_adv_std=50.5404 m_kl_max=0.0099 m_ratio_max=0.587 w_ax@goal=+0.75 w_v@goal=14.45 return=924.8 length=81 success_rate=1.00 collisions/ep=1.75 (n=24)
update=174 global_step=356352 SPS=1243 w_ev=0.262 m_ev=0.934 m_v_bias=-3.1 m_adv_std=50.8241 m_kl_max=0.0220 m_ratio_max=0.836 w_ax@goal=+0.81 w_v@goal=14.17 return=904.2 length=81 success_rate=1.00 collisions/ep=2.32 (n=25)
update=175 global_step=358400 SPS=1247 w_ev=0.263 m_ev=0.917 m_v_bias=5.0 m_adv_std=59.7509 m_kl_max=0.0250 m_ratio_max=1.296 w_ax@goal=+0.75 w_v@goal=13.91 return=870.1 length=78 success_rate=1.00 collisions/ep=2.85 (n=26)
Evaluation at update 175: return=801.50, length=78.75, success_rate=1.00, collisions/ep=4.20
Solved-check at update 175: solved=False worst_gap=451.66 at p_x0=0.00 p_y0=-0.50 (consecutive=0)
update=176 global_step=360448 SPS=1238 w_ev=0.316 m_ev=0.953 m_v_bias=-2.2 m_adv_std=44.0016 m_kl_max=0.0163 m_ratio_max=0.773 w_ax@goal=+0.80 w_v@goal=14.24 return=905.8 length=81 success_rate=1.00 collisions/ep=2.21 (n=24)
update=177 global_step=362496 SPS=1241 w_ev=0.129 m_ev=0.885 m_v_bias=0.1 m_adv_std=66.6203 m_kl_max=0.0096 m_ratio_max=0.378 w_ax@goal=+0.85 w_v@goal=13.80 return=903.1 length=81 success_rate=1.00 collisions/ep=2.22 (n=27)
update=178 global_step=364544 SPS=1243 w_ev=0.222 m_ev=0.970 m_v_bias=-8.0 m_adv_std=33.1376 m_kl_max=0.0203 m_ratio_max=0.609 w_ax@goal=+0.78 w_v@goal=14.06 return=952.5 length=81 success_rate=1.00 collisions/ep=1.15 (n=26)
update=179 global_step=366592 SPS=1246 w_ev=0.237 m_ev=0.894 m_v_bias=22.5 m_adv_std=69.0194 m_kl_max=0.0022 m_ratio_max=0.324 w_ax@goal=+0.87 w_v@goal=14.44 return=886.4 length=81 success_rate=1.00 collisions/ep=2.64 (n=25)
update=180 global_step=368640 SPS=1249 w_ev=0.234 m_ev=0.918 m_v_bias=16.6 m_adv_std=65.5732 m_kl_max=0.0104 m_ratio_max=0.758 w_ax@goal=+0.84 w_v@goal=14.22 return=802.9 length=81 success_rate=1.00 collisions/ep=4.40 (n=25)
Evaluation at update 180: return=729.10, length=78.55, success_rate=1.00, collisions/ep=5.65
Solved-check at update 180: solved=False worst_gap=450.92 at p_x0=2.00 p_y0=0.00 (consecutive=0)
update=181 global_step=370688 SPS=1239 w_ev=0.233 m_ev=0.921 m_v_bias=3.8 m_adv_std=64.9796 m_kl_max=0.0173 m_ratio_max=1.078 w_ax@goal=+0.89 w_v@goal=13.86 return=783.6 length=79 success_rate=1.00 collisions/ep=4.81 (n=26)
update=182 global_step=372736 SPS=1242 w_ev=0.218 m_ev=0.928 m_v_bias=-4.4 m_adv_std=58.4202 m_kl_max=0.0096 m_ratio_max=0.821 w_ax@goal=+0.96 w_v@goal=13.65 return=851.4 length=79 success_rate=1.00 collisions/ep=3.38 (n=26)
update=183 global_step=374784 SPS=1245 w_ev=0.310 m_ev=0.938 m_v_bias=-10.1 m_adv_std=55.6428 m_kl_max=0.0115 m_ratio_max=0.757 w_ax@goal=+0.91 w_v@goal=14.05 return=855.0 length=82 success_rate=1.00 collisions/ep=3.21 (n=24)
update=184 global_step=376832 SPS=1248 w_ev=0.312 m_ev=0.938 m_v_bias=-6.7 m_adv_std=54.4636 m_kl_max=0.0171 m_ratio_max=0.834 w_ax@goal=+0.88 w_v@goal=14.39 return=880.9 length=81 success_rate=1.00 collisions/ep=2.76 (n=25)
update=185 global_step=378880 SPS=1250 w_ev=0.255 m_ev=0.911 m_v_bias=3.7 m_adv_std=61.8208 m_kl_max=0.0164 m_ratio_max=0.637 w_ax@goal=+0.89 w_v@goal=14.08 return=882.0 length=81 success_rate=1.00 collisions/ep=2.73 (n=26)
Evaluation at update 185: return=761.87, length=78.25, success_rate=1.00, collisions/ep=5.00
Solved-check at update 185: solved=False worst_gap=450.99 at p_x0=1.00 p_y0=0.00 (consecutive=0)
update=186 global_step=380928 SPS=1241 w_ev=0.269 m_ev=0.947 m_v_bias=2.2 m_adv_std=49.8501 m_kl_max=0.0066 m_ratio_max=0.432 w_ax@goal=+0.90 w_v@goal=14.33 return=867.1 length=82 success_rate=1.00 collisions/ep=2.92 (n=25)
update=187 global_step=382976 SPS=1243 w_ev=0.292 m_ev=0.915 m_v_bias=-2.4 m_adv_std=63.2567 m_kl_max=0.0432 m_ratio_max=3.189 w_ax@goal=+0.90 w_v@goal=14.16 return=869.0 length=80 success_rate=1.00 collisions/ep=2.92 (n=26)
update=188 global_step=385024 SPS=1246 w_ev=0.271 m_ev=0.946 m_v_bias=4.5 m_adv_std=50.1353 m_kl_max=0.0124 m_ratio_max=0.729 w_ax@goal=+0.99 w_v@goal=14.50 return=861.3 length=80 success_rate=1.00 collisions/ep=3.08 (n=25)
update=189 global_step=387072 SPS=1248 w_ev=0.362 m_ev=0.938 m_v_bias=-5.5 m_adv_std=55.4524 m_kl_max=0.0174 m_ratio_max=0.954 w_ax@goal=+0.92 w_v@goal=14.54 return=861.2 length=78 success_rate=1.00 collisions/ep=3.11 (n=27)
update=190 global_step=389120 SPS=1251 w_ev=0.252 m_ev=0.943 m_v_bias=7.0 m_adv_std=57.7426 m_kl_max=0.0073 m_ratio_max=0.496 w_ax@goal=+1.01 w_v@goal=14.31 return=851.2 length=80 success_rate=1.00 collisions/ep=3.28 (n=25)
Evaluation at update 190: return=761.67, length=78.45, success_rate=1.00, collisions/ep=5.00
Solved-check at update 190: solved=False worst_gap=450.83 at p_x0=2.00 p_y0=-0.50 (consecutive=0)
update=191 global_step=391168 SPS=1242 w_ev=0.305 m_ev=0.913 m_v_bias=-18.0 m_adv_std=62.8091 m_kl_max=0.0124 m_ratio_max=0.630 w_ax@goal=+0.90 w_v@goal=14.07 return=873.3 length=81 success_rate=1.00 collisions/ep=2.88 (n=25)
update=192 global_step=393216 SPS=1245 w_ev=0.317 m_ev=0.927 m_v_bias=-4.7 m_adv_std=56.5111 m_kl_max=0.0051 m_ratio_max=0.401 w_ax@goal=+0.87 w_v@goal=14.50 return=911.0 length=82 success_rate=1.00 collisions/ep=2.08 (n=24)
update=193 global_step=395264 SPS=1247 w_ev=0.331 m_ev=0.923 m_v_bias=5.9 m_adv_std=60.0869 m_kl_max=0.0124 m_ratio_max=1.053 w_ax@goal=+0.86 w_v@goal=14.53 return=894.1 length=83 success_rate=1.00 collisions/ep=2.38 (n=26)
update=194 global_step=397312 SPS=1250 w_ev=0.418 m_ev=0.949 m_v_bias=-13.6 m_adv_std=42.4394 m_kl_max=0.0154 m_ratio_max=0.840 w_ax@goal=+1.00 w_v@goal=14.64 return=938.0 length=81 success_rate=1.00 collisions/ep=1.50 (n=26)
update=195 global_step=399360 SPS=1252 w_ev=0.314 m_ev=0.949 m_v_bias=-0.9 m_adv_std=44.6616 m_kl_max=0.0148 m_ratio_max=0.516 w_ax@goal=+0.90 w_v@goal=14.73 return=939.7 length=81 success_rate=1.00 collisions/ep=1.48 (n=25)
Evaluation at update 195: return=789.29, length=78.25, success_rate=1.00, collisions/ep=4.45
Solved-check at update 195: solved=False worst_gap=450.87 at p_x0=1.50 p_y0=-0.50 (consecutive=0)
update=196 global_step=401408 SPS=1244 w_ev=0.274 m_ev=0.952 m_v_bias=-1.8 m_adv_std=42.2990 m_kl_max=0.0314 m_ratio_max=0.660 w_ax@goal=+0.99 w_v@goal=14.80 return=927.4 length=81 success_rate=1.00 collisions/ep=1.72 (n=25)
update=197 global_step=403456 SPS=1247 w_ev=0.308 m_ev=0.961 m_v_bias=7.2 m_adv_std=39.8447 m_kl_max=0.0175 m_ratio_max=0.650 w_ax@goal=+1.01 w_v@goal=14.61 return=905.0 length=79 success_rate=1.00 collisions/ep=2.23 (n=26)
update=198 global_step=405504 SPS=1249 w_ev=0.308 m_ev=0.959 m_v_bias=-4.3 m_adv_std=40.6399 m_kl_max=0.0164 m_ratio_max=1.042 w_ax@goal=+1.05 w_v@goal=14.65 return=932.1 length=79 success_rate=1.00 collisions/ep=1.65 (n=26)
update=199 global_step=407552 SPS=1251 w_ev=0.352 m_ev=0.959 m_v_bias=-0.4 m_adv_std=40.8453 m_kl_max=0.0184 m_ratio_max=1.278 w_ax@goal=+1.09 w_v@goal=14.79 return=918.3 length=80 success_rate=1.00 collisions/ep=1.85 (n=27)
update=200 global_step=409600 SPS=1253 w_ev=0.345 m_ev=0.909 m_v_bias=10.9 m_adv_std=61.5084 m_kl_max=0.0056 m_ratio_max=0.392 w_ax@goal=+1.12 w_v@goal=14.93 return=900.8 length=81 success_rate=1.00 collisions/ep=2.33 (n=24)
Evaluation at update 200: return=934.28, length=78.25, success_rate=1.00, collisions/ep=1.55
Solved-check at update 200: solved=False worst_gap=401.08 at p_x0=0.50 p_y0=-0.50 (consecutive=0)
update=201 global_step=411648 SPS=1244 w_ev=0.300 m_ev=0.942 m_v_bias=-2.1 m_adv_std=45.8437 m_kl_max=0.1167 m_ratio_max=6.635 w_ax@goal=+1.13 w_v@goal=14.59 return=919.7 length=80 success_rate=1.00 collisions/ep=1.83 (n=24)
update=202 global_step=413696 SPS=1247 w_ev=0.329 m_ev=0.950 m_v_bias=-10.2 m_adv_std=41.1135 m_kl_max=0.0128 m_ratio_max=0.593 w_ax@goal=+1.11 w_v@goal=14.75 return=949.6 length=81 success_rate=1.00 collisions/ep=1.27 (n=26)
update=203 global_step=415744 SPS=1250 w_ev=0.408 m_ev=0.930 m_v_bias=4.6 m_adv_std=54.3558 m_kl_max=0.0181 m_ratio_max=0.631 w_ax@goal=+1.00 w_v@goal=14.82 return=929.5 length=80 success_rate=1.00 collisions/ep=1.63 (n=27)
update=204 global_step=417792 SPS=1252 w_ev=0.432 m_ev=0.966 m_v_bias=-6.7 m_adv_std=33.6399 m_kl_max=0.0123 m_ratio_max=0.665 w_ax@goal=+1.08 w_v@goal=15.02 return=964.1 length=79 success_rate=1.00 collisions/ep=1.00 (n=26)
update=205 global_step=419840 SPS=1254 w_ev=0.362 m_ev=0.925 m_v_bias=15.0 m_adv_std=54.6687 m_kl_max=0.0098 m_ratio_max=0.885 w_ax@goal=+0.95 w_v@goal=15.10 return=904.3 length=80 success_rate=1.00 collisions/ep=2.21 (n=24)
Evaluation at update 205: return=856.46, length=78.75, success_rate=1.00, collisions/ep=3.10
Solved-check at update 205: solved=False worst_gap=451.70 at p_x0=0.00 p_y0=-0.50 (consecutive=0)
update=206 global_step=421888 SPS=1245 w_ev=0.366 m_ev=0.934 m_v_bias=-0.2 m_adv_std=53.4673 m_kl_max=0.0132 m_ratio_max=1.174 w_ax@goal=+1.12 w_v@goal=15.03 return=896.0 length=82 success_rate=1.00 collisions/ep=2.42 (n=24)
update=207 global_step=423936 SPS=1247 w_ev=0.378 m_ev=0.941 m_v_bias=-2.9 m_adv_std=51.1248 m_kl_max=0.0131 m_ratio_max=0.628 w_ax@goal=+1.06 w_v@goal=14.99 return=903.4 length=82 success_rate=1.00 collisions/ep=2.23 (n=26)
update=208 global_step=425984 SPS=1250 w_ev=0.370 m_ev=0.960 m_v_bias=2.5 m_adv_std=42.1595 m_kl_max=0.0242 m_ratio_max=0.768 w_ax@goal=+1.08 w_v@goal=14.84 return=899.4 length=80 success_rate=1.00 collisions/ep=2.28 (n=25)
update=209 global_step=428032 SPS=1253 w_ev=0.383 m_ev=0.940 m_v_bias=4.0 m_adv_std=52.2780 m_kl_max=0.0104 m_ratio_max=0.709 w_ax@goal=+1.09 w_v@goal=14.72 return=900.4 length=81 success_rate=1.00 collisions/ep=2.26 (n=27)
update=210 global_step=430080 SPS=1255 w_ev=0.406 m_ev=0.938 m_v_bias=-4.8 m_adv_std=52.2104 m_kl_max=0.0354 m_ratio_max=1.115 w_ax@goal=+1.05 w_v@goal=14.65 return=918.9 length=81 success_rate=1.00 collisions/ep=1.92 (n=26)
Evaluation at update 210: return=801.53, length=78.65, success_rate=1.00, collisions/ep=4.20
Solved-check at update 210: solved=False worst_gap=451.61 at p_x0=0.00 p_y0=-0.50 (consecutive=0)
update=211 global_step=432128 SPS=1247 w_ev=0.432 m_ev=0.946 m_v_bias=-0.3 m_adv_std=46.7428 m_kl_max=0.0237 m_ratio_max=1.387 w_ax@goal=+1.10 w_v@goal=15.03 return=916.9 length=82 success_rate=1.00 collisions/ep=2.08 (n=25)
update=212 global_step=434176 SPS=1249 w_ev=0.301 m_ev=0.928 m_v_bias=7.4 m_adv_std=57.1146 m_kl_max=0.0060 m_ratio_max=0.482 w_ax@goal=+1.12 w_v@goal=14.64 return=895.0 length=82 success_rate=1.00 collisions/ep=2.33 (n=24)
update=213 global_step=436224 SPS=1251 w_ev=0.294 m_ev=0.948 m_v_bias=-0.6 m_adv_std=45.6569 m_kl_max=0.0122 m_ratio_max=1.140 w_ax@goal=+1.04 w_v@goal=14.70 return=915.2 length=82 success_rate=1.00 collisions/ep=2.04 (n=25)
update=214 global_step=438272 SPS=1253 w_ev=0.294 m_ev=0.923 m_v_bias=10.4 m_adv_std=57.0664 m_kl_max=0.0063 m_ratio_max=0.797 w_ax@goal=+1.07 w_v@goal=14.73 return=894.1 length=81 success_rate=1.00 collisions/ep=2.46 (n=24)
update=215 global_step=440320 SPS=1256 w_ev=0.311 m_ev=0.949 m_v_bias=-3.6 m_adv_std=47.1010 m_kl_max=0.0137 m_ratio_max=1.214 w_ax@goal=+1.11 w_v@goal=14.65 return=908.4 length=82 success_rate=1.00 collisions/ep=2.04 (n=24)
Evaluation at update 215: return=908.59, length=79.00, success_rate=1.00, collisions/ep=2.05
Solved-check at update 215: solved=False worst_gap=451.92 at p_x0=0.50 p_y0=-0.50 (consecutive=0)
update=216 global_step=442368 SPS=1247 w_ev=0.342 m_ev=0.959 m_v_bias=-12.5 m_adv_std=40.4772 m_kl_max=0.0215 m_ratio_max=0.792 w_ax@goal=+0.97 w_v@goal=14.28 return=938.5 length=82 success_rate=1.00 collisions/ep=1.44 (n=27)
update=217 global_step=444416 SPS=1249 w_ev=0.313 m_ev=0.865 m_v_bias=2.4 m_adv_std=76.9889 m_kl_max=0.0273 m_ratio_max=1.890 w_ax@goal=+1.03 w_v@goal=14.80 return=906.2 length=82 success_rate=1.00 collisions/ep=2.08 (n=24)
update=218 global_step=446464 SPS=1251 w_ev=0.447 m_ev=0.958 m_v_bias=-13.1 m_adv_std=38.1361 m_kl_max=0.0102 m_ratio_max=0.581 w_ax@goal=+1.03 w_v@goal=14.71 return=960.2 length=81 success_rate=1.00 collisions/ep=1.00 (n=25)
update=219 global_step=448512 SPS=1253 w_ev=0.362 m_ev=0.955 m_v_bias=-1.1 m_adv_std=38.3843 m_kl_max=0.0115 m_ratio_max=0.610 w_ax@goal=+1.01 w_v@goal=15.18 return=972.2 length=81 success_rate=1.00 collisions/ep=0.76 (n=25)
update=220 global_step=450560 SPS=1255 w_ev=0.348 m_ev=0.950 m_v_bias=4.0 m_adv_std=44.3810 m_kl_max=0.0066 m_ratio_max=0.327 w_ax@goal=+1.10 w_v@goal=15.20 return=957.6 length=81 success_rate=1.00 collisions/ep=1.20 (n=25)
Evaluation at update 220: return=926.49, length=78.75, success_rate=1.00, collisions/ep=1.70
Solved-check at update 220: solved=False worst_gap=451.67 at p_x0=0.00 p_y0=-1.00 (consecutive=0)
update=221 global_step=452608 SPS=1248 w_ev=0.283 m_ev=0.968 m_v_bias=-7.9 m_adv_std=32.3615 m_kl_max=0.0215 m_ratio_max=0.843 w_ax@goal=+1.03 w_v@goal=14.67 return=947.6 length=81 success_rate=1.00 collisions/ep=1.30 (n=27)
update=222 global_step=454656 SPS=1250 w_ev=0.307 m_ev=0.977 m_v_bias=-4.2 m_adv_std=27.7171 m_kl_max=0.0124 m_ratio_max=0.479 w_ax@goal=+1.06 w_v@goal=15.00 return=976.0 length=82 success_rate=1.00 collisions/ep=0.70 (n=27)
update=223 global_step=456704 SPS=1252 w_ev=0.285 m_ev=0.939 m_v_bias=7.0 m_adv_std=46.5709 m_kl_max=0.0056 m_ratio_max=0.597 w_ax@goal=+1.05 w_v@goal=14.84 return=944.3 length=80 success_rate=1.00 collisions/ep=1.33 (n=24)
update=224 global_step=458752 SPS=1254 w_ev=0.350 m_ev=0.955 m_v_bias=1.6 m_adv_std=40.9710 m_kl_max=0.0083 m_ratio_max=0.499 w_ax@goal=+1.11 w_v@goal=15.02 return=957.1 length=81 success_rate=1.00 collisions/ep=1.17 (n=24)
update=225 global_step=460800 SPS=1256 w_ev=0.327 m_ev=0.932 m_v_bias=6.1 m_adv_std=51.4797 m_kl_max=0.0054 m_ratio_max=0.321 w_ax@goal=+1.04 w_v@goal=15.18 return=929.1 length=80 success_rate=1.00 collisions/ep=1.68 (n=25)
Evaluation at update 225: return=789.03, length=78.70, success_rate=1.00, collisions/ep=4.45
Solved-check at update 225: solved=False worst_gap=451.62 at p_x0=0.00 p_y0=0.00 (consecutive=0)
update=226 global_step=462848 SPS=1248 w_ev=0.342 m_ev=0.924 m_v_bias=2.8 m_adv_std=59.0127 m_kl_max=0.0080 m_ratio_max=0.566 w_ax@goal=+1.16 w_v@goal=15.10 return=897.9 length=81 success_rate=1.00 collisions/ep=2.31 (n=26)
update=227 global_step=464896 SPS=1250 w_ev=0.298 m_ev=0.946 m_v_bias=-3.4 m_adv_std=46.4988 m_kl_max=0.0371 m_ratio_max=0.926 w_ax@goal=+1.25 w_v@goal=14.74 return=926.8 length=80 success_rate=1.00 collisions/ep=1.77 (n=26)
update=228 global_step=466944 SPS=1252 w_ev=0.342 m_ev=0.950 m_v_bias=-0.9 m_adv_std=43.7970 m_kl_max=0.0050 m_ratio_max=0.415 w_ax@goal=+1.17 w_v@goal=14.95 return=955.2 length=81 success_rate=1.00 collisions/ep=1.15 (n=26)
update=229 global_step=468992 SPS=1255 w_ev=0.349 m_ev=0.964 m_v_bias=-9.3 m_adv_std=34.6842 m_kl_max=0.0119 m_ratio_max=0.623 w_ax@goal=+1.13 w_v@goal=14.89 return=961.7 length=81 success_rate=1.00 collisions/ep=1.04 (n=24)
update=230 global_step=471040 SPS=1257 w_ev=0.378 m_ev=0.957 m_v_bias=2.1 m_adv_std=37.2718 m_kl_max=0.0109 m_ratio_max=0.677 w_ax@goal=+1.12 w_v@goal=15.04 return=959.3 length=79 success_rate=1.00 collisions/ep=1.08 (n=25)
Evaluation at update 230: return=949.22, length=78.35, success_rate=1.00, collisions/ep=1.25
Solved-check at update 230: solved=False worst_gap=450.96 at p_x0=1.50 p_y0=-1.00 (consecutive=0)
update=231 global_step=473088 SPS=1250 w_ev=0.402 m_ev=0.977 m_v_bias=-3.4 m_adv_std=28.4491 m_kl_max=0.0219 m_ratio_max=0.598 w_ax@goal=+1.13 w_v@goal=15.29 return=978.1 length=80 success_rate=1.00 collisions/ep=0.67 (n=27)
update=232 global_step=475136 SPS=1253 w_ev=0.385 m_ev=0.945 m_v_bias=10.0 m_adv_std=43.6819 m_kl_max=0.0078 m_ratio_max=0.452 w_ax@goal=+1.09 w_v@goal=15.38 return=919.1 length=81 success_rate=1.00 collisions/ep=1.96 (n=26)
update=233 global_step=477184 SPS=1255 w_ev=0.359 m_ev=0.916 m_v_bias=7.6 m_adv_std=58.7829 m_kl_max=0.0267 m_ratio_max=1.983 w_ax@goal=+1.06 w_v@goal=15.19 return=932.1 length=80 success_rate=1.00 collisions/ep=1.62 (n=24)
update=234 global_step=479232 SPS=1258 w_ev=0.365 m_ev=0.965 m_v_bias=-2.3 m_adv_std=36.5303 m_kl_max=0.0293 m_ratio_max=0.669 w_ax@goal=+1.06 w_v@goal=15.16 return=917.6 length=80 success_rate=1.00 collisions/ep=1.92 (n=24)
update=235 global_step=481280 SPS=1260 w_ev=0.433 m_ev=0.976 m_v_bias=-9.6 m_adv_std=29.5758 m_kl_max=0.0607 m_ratio_max=0.942 w_ax@goal=+0.91 w_v@goal=15.00 return=948.2 length=81 success_rate=1.00 collisions/ep=1.29 (n=28)
Evaluation at update 235: return=991.50, length=78.75, success_rate=1.00, collisions/ep=0.40
Solved-check at update 235: solved=False worst_gap=451.66 at p_x0=0.00 p_y0=-1.00 (consecutive=0)
update=236 global_step=483328 SPS=1252 w_ev=0.410 m_ev=0.962 m_v_bias=-7.7 m_adv_std=36.5285 m_kl_max=0.0149 m_ratio_max=0.570 w_ax@goal=+0.90 w_v@goal=15.39 return=967.1 length=81 success_rate=1.00 collisions/ep=0.92 (n=26)
update=237 global_step=485376 SPS=1255 w_ev=0.361 m_ev=0.964 m_v_bias=6.4 m_adv_std=35.8971 m_kl_max=0.0349 m_ratio_max=2.194 w_ax@goal=+0.96 w_v@goal=15.36 return=975.7 length=80 success_rate=1.00 collisions/ep=0.75 (n=24)
update=238 global_step=487424 SPS=1257 w_ev=0.324 m_ev=0.926 m_v_bias=18.2 m_adv_std=59.2626 m_kl_max=0.0063 m_ratio_max=0.846 w_ax@goal=+1.11 w_v@goal=15.19 return=893.7 length=81 success_rate=1.00 collisions/ep=2.38 (n=26)
update=239 global_step=489472 SPS=1259 w_ev=0.368 m_ev=0.949 m_v_bias=-4.5 m_adv_std=47.4897 m_kl_max=0.0100 m_ratio_max=0.548 w_ax@goal=+0.96 w_v@goal=15.29 return=888.6 length=80 success_rate=1.00 collisions/ep=2.46 (n=24)
update=240 global_step=491520 SPS=1260 w_ev=0.424 m_ev=0.951 m_v_bias=-13.8 m_adv_std=43.2938 m_kl_max=0.0061 m_ratio_max=0.699 w_ax@goal=+1.00 w_v@goal=15.17 return=935.3 length=80 success_rate=1.00 collisions/ep=1.52 (n=27)
Evaluation at update 240: return=1011.68, length=78.45, success_rate=1.00, collisions/ep=0.00
Solved-check at update 240: solved=False worst_gap=450.82 at p_x0=2.00 p_y0=-1.00 (consecutive=0)
update=241 global_step=493568 SPS=1253 w_ev=0.531 m_ev=0.954 m_v_bias=5.2 m_adv_std=40.0599 m_kl_max=0.0160 m_ratio_max=0.687 w_ax@goal=+1.06 w_v@goal=15.31 return=959.0 length=80 success_rate=1.00 collisions/ep=1.04 (n=26)
update=242 global_step=495616 SPS=1255 w_ev=0.511 m_ev=0.968 m_v_bias=0.8 m_adv_std=35.0631 m_kl_max=0.0139 m_ratio_max=0.781 w_ax@goal=+1.08 w_v@goal=15.84 return=936.1 length=80 success_rate=1.00 collisions/ep=1.54 (n=26)
update=243 global_step=497664 SPS=1257 w_ev=0.388 m_ev=0.943 m_v_bias=10.0 m_adv_std=51.7343 m_kl_max=0.0079 m_ratio_max=0.555 w_ax@goal=+1.04 w_v@goal=15.89 return=886.8 length=82 success_rate=1.00 collisions/ep=2.58 (n=24)
update=244 global_step=499712 SPS=1259 w_ev=0.375 m_ev=0.906 m_v_bias=3.1 m_adv_std=65.3221 m_kl_max=0.0098 m_ratio_max=0.538 w_ax@goal=+0.96 w_v@goal=15.48 return=908.7 length=81 success_rate=1.00 collisions/ep=2.08 (n=24)
update=245 global_step=501760 SPS=1260 w_ev=0.364 m_ev=0.951 m_v_bias=-11.7 m_adv_std=42.6691 m_kl_max=0.0217 m_ratio_max=1.166 w_ax@goal=+0.86 w_v@goal=15.03 return=937.5 length=80 success_rate=1.00 collisions/ep=1.46 (n=26)
Evaluation at update 245: return=989.01, length=78.75, success_rate=1.00, collisions/ep=0.45
Solved-check at update 245: solved=False worst_gap=451.65 at p_x0=0.00 p_y0=-1.00 (consecutive=0)
update=246 global_step=503808 SPS=1253 w_ev=0.417 m_ev=0.942 m_v_bias=-0.6 m_adv_std=44.9792 m_kl_max=0.0162 m_ratio_max=0.523 w_ax@goal=+0.95 w_v@goal=15.19 return=941.4 length=79 success_rate=1.00 collisions/ep=1.38 (n=26)
update=247 global_step=505856 SPS=1256 w_ev=0.412 m_ev=0.967 m_v_bias=1.1 m_adv_std=35.2546 m_kl_max=0.0110 m_ratio_max=0.609 w_ax@goal=+1.05 w_v@goal=15.24 return=957.9 length=81 success_rate=1.00 collisions/ep=1.07 (n=27)
update=248 global_step=507904 SPS=1257 w_ev=0.416 m_ev=0.933 m_v_bias=6.3 m_adv_std=53.5234 m_kl_max=0.0079 m_ratio_max=0.446 w_ax@goal=+1.03 w_v@goal=15.55 return=943.2 length=82 success_rate=1.00 collisions/ep=1.36 (n=25)
update=249 global_step=509952 SPS=1259 w_ev=0.287 m_ev=0.945 m_v_bias=8.3 m_adv_std=53.0285 m_kl_max=0.0112 m_ratio_max=0.719 w_ax@goal=+1.05 w_v@goal=15.41 return=875.5 length=81 success_rate=1.00 collisions/ep=2.76 (n=25)
update=250 global_step=512000 SPS=1261 w_ev=0.255 m_ev=0.953 m_v_bias=-10.7 m_adv_std=38.8239 m_kl_max=0.0380 m_ratio_max=0.939 w_ax@goal=+1.01 w_v@goal=14.74 return=935.4 length=80 success_rate=1.00 collisions/ep=1.56 (n=25)
Evaluation at update 250: return=989.05, length=78.60, success_rate=1.00, collisions/ep=0.45
Solved-check at update 250: solved=False worst_gap=450.98 at p_x0=2.00 p_y0=-1.00 (consecutive=0)
update=251 global_step=514048 SPS=1254 w_ev=0.418 m_ev=0.973 m_v_bias=-1.7 m_adv_std=30.5715 m_kl_max=0.0174 m_ratio_max=0.767 w_ax@goal=+1.04 w_v@goal=15.00 return=966.3 length=79 success_rate=1.00 collisions/ep=0.93 (n=27)
update=252 global_step=516096 SPS=1257 w_ev=0.371 m_ev=0.963 m_v_bias=3.6 m_adv_std=38.6971 m_kl_max=0.0185 m_ratio_max=0.777 w_ax@goal=+1.05 w_v@goal=15.47 return=948.7 length=80 success_rate=1.00 collisions/ep=1.25 (n=24)
update=253 global_step=518144 SPS=1258 w_ev=0.363 m_ev=0.967 m_v_bias=-0.7 m_adv_std=33.9958 m_kl_max=0.0174 m_ratio_max=0.685 w_ax@goal=+1.06 w_v@goal=15.20 return=954.1 length=80 success_rate=1.00 collisions/ep=1.14 (n=28)
update=254 global_step=520192 SPS=1260 w_ev=0.369 m_ev=0.939 m_v_bias=6.7 m_adv_std=48.9098 m_kl_max=0.0111 m_ratio_max=0.819 w_ax@goal=+1.05 w_v@goal=15.45 return=947.0 length=82 success_rate=1.00 collisions/ep=1.29 (n=24)
update=255 global_step=522240 SPS=1262 w_ev=0.367 m_ev=0.959 m_v_bias=-4.8 m_adv_std=37.7325 m_kl_max=0.0308 m_ratio_max=0.786 w_ax@goal=+1.12 w_v@goal=15.14 return=953.4 length=80 success_rate=1.00 collisions/ep=1.20 (n=25)
Evaluation at update 255: return=844.24, length=78.30, success_rate=1.00, collisions/ep=3.35
Solved-check at update 255: solved=False worst_gap=450.93 at p_x0=1.50 p_y0=-0.50 (consecutive=0)
update=256 global_step=524288 SPS=1254 w_ev=0.347 m_ev=0.969 m_v_bias=-3.5 m_adv_std=34.5227 m_kl_max=0.0223 m_ratio_max=0.712 w_ax@goal=+1.14 w_v@goal=15.35 return=950.1 length=79 success_rate=1.00 collisions/ep=1.27 (n=26)
update=257 global_step=526336 SPS=1256 w_ev=0.452 m_ev=0.950 m_v_bias=-7.5 m_adv_std=44.1066 m_kl_max=0.0207 m_ratio_max=0.557 w_ax@goal=+1.04 w_v@goal=15.17 return=944.7 length=80 success_rate=1.00 collisions/ep=1.37 (n=27)
update=258 global_step=528384 SPS=1257 w_ev=0.410 m_ev=0.968 m_v_bias=-5.0 m_adv_std=31.8752 m_kl_max=0.0248 m_ratio_max=0.876 w_ax@goal=+1.13 w_v@goal=15.60 return=970.4 length=81 success_rate=1.00 collisions/ep=0.83 (n=24)
update=259 global_step=530432 SPS=1259 w_ev=0.371 m_ev=0.945 m_v_bias=20.1 m_adv_std=47.1521 m_kl_max=0.0118 m_ratio_max=0.676 w_ax@goal=+1.10 w_v@goal=15.67 return=895.3 length=80 success_rate=1.00 collisions/ep=2.36 (n=25)
update=260 global_step=532480 SPS=1261 w_ev=0.428 m_ev=0.964 m_v_bias=3.4 m_adv_std=38.4857 m_kl_max=0.0159 m_ratio_max=0.876 w_ax@goal=+1.08 w_v@goal=15.56 return=915.1 length=79 success_rate=1.00 collisions/ep=2.04 (n=26)
Evaluation at update 260: return=884.18, length=78.35, success_rate=1.00, collisions/ep=2.55
Solved-check at update 260: solved=False worst_gap=451.00 at p_x0=1.50 p_y0=-1.00 (consecutive=0)
update=261 global_step=534528 SPS=1255 w_ev=0.299 m_ev=0.972 m_v_bias=-9.7 m_adv_std=32.4148 m_kl_max=0.0238 m_ratio_max=0.703 w_ax@goal=+1.14 w_v@goal=15.51 return=947.8 length=81 success_rate=1.00 collisions/ep=1.32 (n=25)
update=262 global_step=536576 SPS=1257 w_ev=0.381 m_ev=0.957 m_v_bias=4.6 m_adv_std=40.0793 m_kl_max=0.0152 m_ratio_max=0.787 w_ax@goal=+1.16 w_v@goal=15.24 return=925.8 length=78 success_rate=1.00 collisions/ep=1.70 (n=27)
update=263 global_step=538624 SPS=1259 w_ev=0.433 m_ev=0.924 m_v_bias=-7.9 m_adv_std=53.7863 m_kl_max=0.0217 m_ratio_max=0.708 w_ax@goal=+1.14 w_v@goal=15.43 return=956.0 length=81 success_rate=1.00 collisions/ep=1.19 (n=26)
update=264 global_step=540672 SPS=1260 w_ev=0.490 m_ev=0.957 m_v_bias=-1.5 m_adv_std=39.7657 m_kl_max=0.0302 m_ratio_max=0.767 w_ax@goal=+1.07 w_v@goal=15.67 return=957.3 length=82 success_rate=1.00 collisions/ep=1.21 (n=24)
update=265 global_step=542720 SPS=1262 w_ev=0.518 m_ev=0.974 m_v_bias=-8.5 m_adv_std=27.2094 m_kl_max=0.0141 m_ratio_max=0.519 w_ax@goal=+1.08 w_v@goal=15.71 return=989.5 length=78 success_rate=1.00 collisions/ep=0.46 (n=26)
Evaluation at update 265: return=911.73, length=78.30, success_rate=1.00, collisions/ep=2.00
Solved-check at update 265: solved=False worst_gap=450.94 at p_x0=1.50 p_y0=-1.00 (consecutive=0)
update=266 global_step=544768 SPS=1256 w_ev=0.515 m_ev=0.960 m_v_bias=7.7 m_adv_std=38.4139 m_kl_max=0.0201 m_ratio_max=0.975 w_ax@goal=+0.98 w_v@goal=16.08 return=970.6 length=81 success_rate=1.00 collisions/ep=0.92 (n=26)
update=267 global_step=546816 SPS=1258 w_ev=0.394 m_ev=0.940 m_v_bias=17.5 m_adv_std=51.9744 m_kl_max=0.0054 m_ratio_max=0.315 w_ax@goal=+1.10 w_v@goal=16.10 return=891.3 length=81 success_rate=1.00 collisions/ep=2.52 (n=25)
update=268 global_step=548864 SPS=1259 w_ev=0.347 m_ev=0.948 m_v_bias=12.5 m_adv_std=48.9740 m_kl_max=0.0201 m_ratio_max=0.721 w_ax@goal=+1.02 w_v@goal=15.86 return=883.3 length=80 success_rate=1.00 collisions/ep=2.72 (n=25)
update=269 global_step=550912 SPS=1261 w_ev=0.317 m_ev=0.944 m_v_bias=1.3 m_adv_std=52.4712 m_kl_max=0.0124 m_ratio_max=0.681 w_ax@goal=+0.95 w_v@goal=15.62 return=861.0 length=82 success_rate=1.00 collisions/ep=3.12 (n=24)
update=270 global_step=552960 SPS=1263 w_ev=0.364 m_ev=0.943 m_v_bias=-22.1 m_adv_std=48.3197 m_kl_max=0.0124 m_ratio_max=0.475 w_ax@goal=+0.91 w_v@goal=15.23 return=905.5 length=81 success_rate=1.00 collisions/ep=2.15 (n=26)
Evaluation at update 270: return=754.18, length=78.35, success_rate=1.00, collisions/ep=5.15
Solved-check at update 270: solved=False worst_gap=451.00 at p_x0=1.50 p_y0=-0.50 (consecutive=0)
update=271 global_step=555008 SPS=1256 w_ev=0.374 m_ev=0.948 m_v_bias=9.0 m_adv_std=47.5423 m_kl_max=0.0128 m_ratio_max=0.911 w_ax@goal=+0.95 w_v@goal=15.46 return=911.1 length=81 success_rate=1.00 collisions/ep=2.00 (n=26)
update=272 global_step=557056 SPS=1257 w_ev=0.307 m_ev=0.932 m_v_bias=18.5 m_adv_std=58.5447 m_kl_max=0.0176 m_ratio_max=1.032 w_ax@goal=+0.99 w_v@goal=15.15 return=856.6 length=80 success_rate=1.00 collisions/ep=3.28 (n=25)
update=273 global_step=559104 SPS=1259 w_ev=0.246 m_ev=0.931 m_v_bias=5.5 m_adv_std=65.3914 m_kl_max=0.0189 m_ratio_max=0.916 w_ax@goal=+0.96 w_v@goal=15.04 return=849.8 length=81 success_rate=1.00 collisions/ep=3.38 (n=26)
update=274 global_step=561152 SPS=1261 w_ev=0.314 m_ev=0.914 m_v_bias=-19.5 m_adv_std=58.8697 m_kl_max=0.0093 m_ratio_max=0.548 w_ax@goal=+0.98 w_v@goal=14.68 return=871.4 length=81 success_rate=1.00 collisions/ep=3.08 (n=24)
update=275 global_step=563200 SPS=1262 w_ev=0.300 m_ev=0.943 m_v_bias=1.0 m_adv_std=48.1722 m_kl_max=0.0316 m_ratio_max=1.470 w_ax@goal=+0.94 w_v@goal=14.85 return=913.0 length=82 success_rate=1.00 collisions/ep=2.17 (n=24)
Evaluation at update 275: return=918.99, length=78.75, success_rate=1.00, collisions/ep=1.85
Solved-check at update 275: solved=False worst_gap=451.67 at p_x0=0.00 p_y0=-0.50 (consecutive=0)
update=276 global_step=565248 SPS=1257 w_ev=0.392 m_ev=0.943 m_v_bias=0.9 m_adv_std=47.5497 m_kl_max=0.0193 m_ratio_max=0.943 w_ax@goal=+1.08 w_v@goal=14.85 return=922.1 length=80 success_rate=1.00 collisions/ep=1.83 (n=29)
update=277 global_step=567296 SPS=1258 w_ev=0.401 m_ev=0.919 m_v_bias=16.0 m_adv_std=64.0036 m_kl_max=0.0124 m_ratio_max=0.479 w_ax@goal=+0.94 w_v@goal=15.38 return=862.7 length=83 success_rate=1.00 collisions/ep=2.96 (n=24)
update=278 global_step=569344 SPS=1260 w_ev=0.473 m_ev=0.938 m_v_bias=-27.7 m_adv_std=50.4839 m_kl_max=0.0274 m_ratio_max=0.640 w_ax@goal=+1.00 w_v@goal=15.46 return=916.2 length=81 success_rate=1.00 collisions/ep=1.92 (n=26)
update=279 global_step=571392 SPS=1262 w_ev=0.303 m_ev=0.930 m_v_bias=6.4 m_adv_std=54.7816 m_kl_max=0.0186 m_ratio_max=0.820 w_ax@goal=+1.05 w_v@goal=15.56 return=900.1 length=80 success_rate=1.00 collisions/ep=2.21 (n=24)
update=280 global_step=573440 SPS=1264 w_ev=0.399 m_ev=0.957 m_v_bias=-2.8 m_adv_std=41.1871 m_kl_max=0.0045 m_ratio_max=0.335 w_ax@goal=+1.06 w_v@goal=15.53 return=935.2 length=78 success_rate=1.00 collisions/ep=1.60 (n=25)
Evaluation at update 280: return=764.53, length=78.10, success_rate=1.00, collisions/ep=4.95
Solved-check at update 280: solved=False worst_gap=451.00 at p_x0=0.50 p_y0=0.00 (consecutive=0)
update=281 global_step=575488 SPS=1257 w_ev=0.397 m_ev=0.927 m_v_bias=-4.2 m_adv_std=56.5684 m_kl_max=0.0310 m_ratio_max=0.734 w_ax@goal=+1.04 w_v@goal=15.62 return=925.5 length=80 success_rate=1.00 collisions/ep=1.75 (n=28)
update=282 global_step=577536 SPS=1259 w_ev=0.281 m_ev=0.926 m_v_bias=23.3 m_adv_std=63.2934 m_kl_max=0.0212 m_ratio_max=0.802 w_ax@goal=+1.09 w_v@goal=15.78 return=840.8 length=80 success_rate=1.00 collisions/ep=3.46 (n=24)
update=283 global_step=579584 SPS=1261 w_ev=0.378 m_ev=0.951 m_v_bias=-7.9 m_adv_std=43.5777 m_kl_max=0.0449 m_ratio_max=1.346 w_ax@goal=+0.96 w_v@goal=15.31 return=910.8 length=79 success_rate=1.00 collisions/ep=2.00 (n=26)
update=284 global_step=581632 SPS=1263 w_ev=0.364 m_ev=0.931 m_v_bias=1.9 m_adv_std=57.4811 m_kl_max=0.0092 m_ratio_max=0.570 w_ax@goal=+0.92 w_v@goal=15.50 return=894.0 length=80 success_rate=1.00 collisions/ep=2.42 (n=26)
update=285 global_step=583680 SPS=1264 w_ev=0.402 m_ev=0.934 m_v_bias=-5.6 m_adv_std=52.2196 m_kl_max=0.0369 m_ratio_max=0.856 w_ax@goal=+1.01 w_v@goal=15.35 return=900.1 length=81 success_rate=1.00 collisions/ep=2.25 (n=24)
Evaluation at update 285: return=796.63, length=78.50, success_rate=1.00, collisions/ep=4.30
Solved-check at update 285: solved=False worst_gap=450.88 at p_x0=2.00 p_y0=-1.00 (consecutive=0)
update=286 global_step=585728 SPS=1258 w_ev=0.370 m_ev=0.961 m_v_bias=-0.7 m_adv_std=39.8249 m_kl_max=0.0223 m_ratio_max=0.750 w_ax@goal=+1.02 w_v@goal=15.35 return=933.9 length=81 success_rate=1.00 collisions/ep=1.58 (n=26)
update=287 global_step=587776 SPS=1259 w_ev=0.348 m_ev=0.936 m_v_bias=5.1 m_adv_std=54.2455 m_kl_max=0.0052 m_ratio_max=0.542 w_ax@goal=+1.00 w_v@goal=15.37 return=893.3 length=81 success_rate=1.00 collisions/ep=2.35 (n=26)
update=288 global_step=589824 SPS=1261 w_ev=0.363 m_ev=0.939 m_v_bias=-2.6 m_adv_std=51.8868 m_kl_max=0.0126 m_ratio_max=0.616 w_ax@goal=+0.95 w_v@goal=15.36 return=902.6 length=82 success_rate=1.00 collisions/ep=2.29 (n=24)
update=289 global_step=591872 SPS=1262 w_ev=0.476 m_ev=0.945 m_v_bias=-0.2 m_adv_std=46.8422 m_kl_max=0.0202 m_ratio_max=0.731 w_ax@goal=+0.83 w_v@goal=15.43 return=931.0 length=80 success_rate=1.00 collisions/ep=1.62 (n=26)
update=290 global_step=593920 SPS=1264 w_ev=0.336 m_ev=0.948 m_v_bias=0.1 m_adv_std=45.4019 m_kl_max=0.0475 m_ratio_max=2.110 w_ax@goal=+0.93 w_v@goal=15.59 return=932.8 length=82 success_rate=1.00 collisions/ep=1.68 (n=25)
Evaluation at update 290: return=869.18, length=78.35, success_rate=1.00, collisions/ep=2.85
Solved-check at update 290: solved=False worst_gap=451.00 at p_x0=1.50 p_y0=-1.00 (consecutive=0)
update=291 global_step=595968 SPS=1259 w_ev=0.383 m_ev=0.966 m_v_bias=-2.2 m_adv_std=35.8473 m_kl_max=0.0217 m_ratio_max=0.888 w_ax@goal=+0.89 w_v@goal=15.45 return=944.5 length=82 success_rate=1.00 collisions/ep=1.32 (n=25)
update=292 global_step=598016 SPS=1261 w_ev=0.344 m_ev=0.936 m_v_bias=6.5 m_adv_std=52.9323 m_kl_max=0.0207 m_ratio_max=0.757 w_ax@goal=+0.96 w_v@goal=15.30 return=916.6 length=81 success_rate=1.00 collisions/ep=1.88 (n=26)
update=293 global_step=600064 SPS=1262 w_ev=0.397 m_ev=0.952 m_v_bias=-15.5 m_adv_std=42.2474 m_kl_max=0.0234 m_ratio_max=1.573 w_ax@goal=+0.99 w_v@goal=15.23 return=954.8 length=80 success_rate=1.00 collisions/ep=1.15 (n=26)
update=294 global_step=602112 SPS=1264 w_ev=0.406 m_ev=0.937 m_v_bias=13.5 m_adv_std=51.4571 m_kl_max=0.0133 m_ratio_max=0.836 w_ax@goal=+0.99 w_v@goal=15.61 return=932.6 length=79 success_rate=1.00 collisions/ep=1.62 (n=26)
update=295 global_step=604160 SPS=1265 w_ev=0.453 m_ev=0.947 m_v_bias=-12.7 m_adv_std=44.1589 m_kl_max=0.0229 m_ratio_max=0.847 w_ax@goal=+0.89 w_v@goal=15.56 return=912.4 length=80 success_rate=1.00 collisions/ep=2.00 (n=25)
Evaluation at update 295: return=916.77, length=78.25, success_rate=1.00, collisions/ep=1.90
Solved-check at update 295: solved=False worst_gap=450.69 at p_x0=2.00 p_y0=-1.00 (consecutive=0)
update=296 global_step=606208 SPS=1259 w_ev=0.450 m_ev=0.956 m_v_bias=-0.0 m_adv_std=39.9643 m_kl_max=0.0077 m_ratio_max=0.488 w_ax@goal=+0.93 w_v@goal=15.72 return=977.1 length=81 success_rate=1.00 collisions/ep=0.72 (n=25)
update=297 global_step=608256 SPS=1260 w_ev=0.367 m_ev=0.961 m_v_bias=7.3 m_adv_std=39.8716 m_kl_max=0.0052 m_ratio_max=0.367 w_ax@goal=+0.93 w_v@goal=15.73 return=913.2 length=81 success_rate=1.00 collisions/ep=2.04 (n=25)
update=298 global_step=610304 SPS=1262 w_ev=0.434 m_ev=0.954 m_v_bias=-10.3 m_adv_std=44.6405 m_kl_max=0.0155 m_ratio_max=0.557 w_ax@goal=+0.91 w_v@goal=15.41 return=927.4 length=80 success_rate=1.00 collisions/ep=1.69 (n=26)
update=299 global_step=612352 SPS=1263 w_ev=0.434 m_ev=0.955 m_v_bias=11.0 m_adv_std=41.1671 m_kl_max=0.0063 m_ratio_max=0.616 w_ax@goal=+0.95 w_v@goal=15.63 return=918.6 length=81 success_rate=1.00 collisions/ep=1.96 (n=25)
update=300 global_step=614400 SPS=1265 w_ev=0.424 m_ev=0.929 m_v_bias=10.2 m_adv_std=56.7915 m_kl_max=0.0130 m_ratio_max=0.649 w_ax@goal=+0.82 w_v@goal=15.58 return=906.0 length=81 success_rate=1.00 collisions/ep=2.16 (n=25)
Evaluation at update 300: return=998.92, length=78.75, success_rate=1.00, collisions/ep=0.25
Solved-check at update 300: solved=False worst_gap=401.54 at p_x0=0.50 p_y0=-1.00 (consecutive=0)
update=301 global_step=616448 SPS=1259 w_ev=0.484 m_ev=0.958 m_v_bias=-14.8 m_adv_std=37.6622 m_kl_max=0.0301 m_ratio_max=0.771 w_ax@goal=+0.88 w_v@goal=15.54 return=954.2 length=81 success_rate=1.00 collisions/ep=1.20 (n=25)
update=302 global_step=618496 SPS=1261 w_ev=0.488 m_ev=0.966 m_v_bias=3.6 m_adv_std=32.6873 m_kl_max=0.0261 m_ratio_max=1.179 w_ax@goal=+0.81 w_v@goal=15.56 return=963.1 length=82 success_rate=1.00 collisions/ep=1.04 (n=25)
update=303 global_step=620544 SPS=1262 w_ev=0.545 m_ev=0.973 m_v_bias=0.3 m_adv_std=29.2050 m_kl_max=0.0140 m_ratio_max=1.178 w_ax@goal=+0.89 w_v@goal=15.81 return=968.9 length=83 success_rate=1.00 collisions/ep=1.12 (n=25)
update=304 global_step=622592 SPS=1264 w_ev=0.379 m_ev=0.948 m_v_bias=19.6 m_adv_std=45.9537 m_kl_max=0.0090 m_ratio_max=0.613 w_ax@goal=+1.01 w_v@goal=15.75 return=906.6 length=81 success_rate=1.00 collisions/ep=2.42 (n=26)
update=305 global_step=624640 SPS=1266 w_ev=0.411 m_ev=0.938 m_v_bias=-12.6 m_adv_std=49.7768 m_kl_max=0.0123 m_ratio_max=1.058 w_ax@goal=+0.90 w_v@goal=15.44 return=919.6 length=81 success_rate=1.00 collisions/ep=2.08 (n=26)
Evaluation at update 305: return=884.28, length=78.25, success_rate=1.00, collisions/ep=2.95
Solved-check at update 305: solved=False worst_gap=450.88 at p_x0=1.50 p_y0=-1.00 (consecutive=0)
update=306 global_step=626688 SPS=1260 w_ev=0.366 m_ev=0.964 m_v_bias=7.1 m_adv_std=36.0102 m_kl_max=0.0146 m_ratio_max=1.276 w_ax@goal=+0.97 w_v@goal=15.40 return=927.3 length=82 success_rate=1.00 collisions/ep=1.96 (n=24)
update=307 global_step=628736 SPS=1262 w_ev=0.372 m_ev=0.943 m_v_bias=-4.5 m_adv_std=48.4238 m_kl_max=0.0109 m_ratio_max=0.670 w_ax@goal=+0.94 w_v@goal=15.49 return=935.9 length=81 success_rate=1.00 collisions/ep=1.58 (n=24)
update=308 global_step=630784 SPS=1263 w_ev=0.440 m_ev=0.955 m_v_bias=0.1 m_adv_std=42.0111 m_kl_max=0.1120 m_ratio_max=6.590 w_ax@goal=+1.02 w_v@goal=15.45 return=931.2 length=80 success_rate=1.00 collisions/ep=1.78 (n=27)
update=309 global_step=632832 SPS=1265 w_ev=0.439 m_ev=0.964 m_v_bias=2.1 m_adv_std=37.3465 m_kl_max=0.0156 m_ratio_max=1.129 w_ax@goal=+0.97 w_v@goal=15.78 return=929.4 length=82 success_rate=1.00 collisions/ep=1.72 (n=25)
update=310 global_step=634880 SPS=1267 w_ev=0.406 m_ev=0.960 m_v_bias=-6.0 m_adv_std=37.6467 m_kl_max=0.0166 m_ratio_max=0.813 w_ax@goal=+0.89 w_v@goal=15.51 return=943.0 length=81 success_rate=1.00 collisions/ep=1.48 (n=25)
Evaluation at update 310: return=996.57, length=78.55, success_rate=1.00, collisions/ep=0.30
Solved-check at update 310: solved=False worst_gap=401.35 at p_x0=0.50 p_y0=-1.00 (consecutive=0)
update=311 global_step=636928 SPS=1261 w_ev=0.435 m_ev=0.951 m_v_bias=1.2 m_adv_std=40.4776 m_kl_max=0.0159 m_ratio_max=0.769 w_ax@goal=+0.97 w_v@goal=15.66 return=980.3 length=82 success_rate=1.00 collisions/ep=0.72 (n=25)
update=312 global_step=638976 SPS=1263 w_ev=0.487 m_ev=0.974 m_v_bias=2.5 m_adv_std=27.9620 m_kl_max=0.0195 m_ratio_max=0.689 w_ax@goal=+0.99 w_v@goal=15.55 return=965.2 length=82 success_rate=1.00 collisions/ep=1.00 (n=25)
update=313 global_step=641024 SPS=1265 w_ev=0.539 m_ev=0.980 m_v_bias=-8.4 m_adv_std=23.9537 m_kl_max=0.0251 m_ratio_max=0.724 w_ax@goal=+0.96 w_v@goal=15.67 return=987.3 length=82 success_rate=1.00 collisions/ep=0.46 (n=24)
update=314 global_step=643072 SPS=1266 w_ev=0.598 m_ev=0.995 m_v_bias=-3.7 m_adv_std=11.5187 m_kl_max=0.0119 m_ratio_max=0.886 w_ax@goal=+0.94 w_v@goal=15.81 return=1004.0 length=81 success_rate=1.00 collisions/ep=0.15 (n=26)
update=315 global_step=645120 SPS=1268 w_ev=0.513 m_ev=0.946 m_v_bias=9.2 m_adv_std=42.5495 m_kl_max=0.0105 m_ratio_max=0.687 w_ax@goal=+0.90 w_v@goal=16.04 return=970.8 length=81 success_rate=1.00 collisions/ep=0.85 (n=27)
Evaluation at update 315: return=1011.52, length=78.75, success_rate=1.00, collisions/ep=0.00
Solved-check at update 315: solved=False worst_gap=251.04 at p_x0=1.50 p_y0=-1.00 (consecutive=0)
update=316 global_step=647168 SPS=1262 w_ev=0.555 m_ev=0.974 m_v_bias=-3.5 m_adv_std=28.4454 m_kl_max=0.0266 m_ratio_max=0.824 w_ax@goal=+0.69 w_v@goal=15.84 return=988.0 length=79 success_rate=1.00 collisions/ep=0.48 (n=25)
update=317 global_step=649216 SPS=1263 w_ev=0.500 m_ev=0.955 m_v_bias=4.9 m_adv_std=38.1613 m_kl_max=0.0199 m_ratio_max=0.537 w_ax@goal=+0.67 w_v@goal=16.06 return=973.7 length=84 success_rate=1.00 collisions/ep=0.76 (n=25)
update=318 global_step=651264 SPS=1265 w_ev=0.473 m_ev=0.974 m_v_bias=2.0 m_adv_std=30.6073 m_kl_max=0.0106 m_ratio_max=0.697 w_ax@goal=+0.73 w_v@goal=16.02 return=985.7 length=80 success_rate=1.00 collisions/ep=0.52 (n=25)
update=319 global_step=653312 SPS=1267 w_ev=0.518 m_ev=0.969 m_v_bias=-7.2 m_adv_std=31.3254 m_kl_max=0.0262 m_ratio_max=1.368 w_ax@goal=+0.68 w_v@goal=16.02 return=962.9 length=82 success_rate=1.00 collisions/ep=1.00 (n=24)
update=320 global_step=655360 SPS=1269 w_ev=0.478 m_ev=0.958 m_v_bias=7.1 m_adv_std=38.4530 m_kl_max=0.0064 m_ratio_max=0.438 w_ax@goal=+0.72 w_v@goal=16.06 return=967.1 length=82 success_rate=1.00 collisions/ep=0.92 (n=24)
Evaluation at update 320: return=829.50, length=78.25, success_rate=1.00, collisions/ep=3.65
Solved-check at update 320: solved=False worst_gap=450.86 at p_x0=1.00 p_y0=-0.50 (consecutive=0)
update=321 global_step=657408 SPS=1264 w_ev=0.440 m_ev=0.969 m_v_bias=-5.4 m_adv_std=30.7136 m_kl_max=0.0497 m_ratio_max=2.206 w_ax@goal=+0.77 w_v@goal=15.98 return=958.8 length=80 success_rate=1.00 collisions/ep=1.15 (n=26)
update=322 global_step=659456 SPS=1265 w_ev=0.360 m_ev=0.926 m_v_bias=14.9 m_adv_std=55.6342 m_kl_max=0.0109 m_ratio_max=0.592 w_ax@goal=+0.78 w_v@goal=15.82 return=935.2 length=80 success_rate=1.00 collisions/ep=1.52 (n=27)
update=323 global_step=661504 SPS=1267 w_ev=0.458 m_ev=0.965 m_v_bias=-2.8 m_adv_std=36.6764 m_kl_max=0.0159 m_ratio_max=0.630 w_ax@goal=+0.80 w_v@goal=15.93 return=924.2 length=79 success_rate=1.00 collisions/ep=1.73 (n=26)
update=324 global_step=663552 SPS=1268 w_ev=0.414 m_ev=0.960 m_v_bias=0.9 m_adv_std=37.8412 m_kl_max=0.0104 m_ratio_max=0.548 w_ax@goal=+0.77 w_v@goal=15.78 return=947.8 length=78 success_rate=1.00 collisions/ep=1.27 (n=26)
update=325 global_step=665600 SPS=1270 w_ev=0.480 m_ev=0.949 m_v_bias=-3.9 m_adv_std=41.8055 m_kl_max=0.0744 m_ratio_max=1.874 w_ax@goal=+0.77 w_v@goal=15.82 return=962.9 length=78 success_rate=1.00 collisions/ep=0.96 (n=26)
Evaluation at update 325: return=994.32, length=78.25, success_rate=1.00, collisions/ep=0.35
Solved-check at update 325: solved=False worst_gap=401.04 at p_x0=0.50 p_y0=-1.00 (consecutive=0)
update=326 global_step=667648 SPS=1264 w_ev=0.479 m_ev=0.928 m_v_bias=3.0 m_adv_std=52.9302 m_kl_max=0.0185 m_ratio_max=0.827 w_ax@goal=+0.74 w_v@goal=15.93 return=925.5 length=81 success_rate=1.00 collisions/ep=1.72 (n=25)
update=327 global_step=669696 SPS=1266 w_ev=0.497 m_ev=0.967 m_v_bias=0.1 m_adv_std=33.0202 m_kl_max=0.0189 m_ratio_max=0.618 w_ax@goal=+0.81 w_v@goal=15.87 return=978.8 length=79 success_rate=1.00 collisions/ep=0.64 (n=25)
update=328 global_step=671744 SPS=1267 w_ev=0.494 m_ev=0.966 m_v_bias=0.6 m_adv_std=33.1927 m_kl_max=0.0057 m_ratio_max=0.382 w_ax@goal=+0.87 w_v@goal=15.79 return=969.6 length=82 success_rate=1.00 collisions/ep=0.81 (n=26)
update=329 global_step=673792 SPS=1269 w_ev=0.447 m_ev=0.954 m_v_bias=4.9 m_adv_std=41.5337 m_kl_max=0.0620 m_ratio_max=1.159 w_ax@goal=+0.78 w_v@goal=15.70 return=964.6 length=79 success_rate=1.00 collisions/ep=0.96 (n=25)
update=330 global_step=675840 SPS=1271 w_ev=0.530 m_ev=0.978 m_v_bias=-8.4 m_adv_std=26.2111 m_kl_max=0.0374 m_ratio_max=1.044 w_ax@goal=+0.73 w_v@goal=15.86 return=961.0 length=79 success_rate=1.00 collisions/ep=1.00 (n=26)
Evaluation at update 330: return=996.68, length=78.35, success_rate=1.00, collisions/ep=0.30
Solved-check at update 330: solved=False worst_gap=401.20 at p_x0=0.50 p_y0=-1.00 (consecutive=0)
update=331 global_step=677888 SPS=1265 w_ev=0.533 m_ev=0.991 m_v_bias=0.8 m_adv_std=16.7800 m_kl_max=0.0326 m_ratio_max=2.059 w_ax@goal=+0.70 w_v@goal=16.06 return=1000.4 length=81 success_rate=1.00 collisions/ep=0.32 (n=25)
update=332 global_step=679936 SPS=1267 w_ev=0.513 m_ev=0.967 m_v_bias=6.5 m_adv_std=33.3711 m_kl_max=0.0216 m_ratio_max=1.008 w_ax@goal=+0.65 w_v@goal=16.09 return=951.3 length=81 success_rate=1.00 collisions/ep=1.19 (n=26)
update=333 global_step=681984 SPS=1269 w_ev=0.480 m_ev=0.977 m_v_bias=2.0 m_adv_std=27.2149 m_kl_max=0.0101 m_ratio_max=0.477 w_ax@goal=+0.67 w_v@goal=16.14 return=987.6 length=82 success_rate=1.00 collisions/ep=0.50 (n=24)
update=334 global_step=684032 SPS=1270 w_ev=0.427 m_ev=0.952 m_v_bias=12.6 m_adv_std=43.1734 m_kl_max=0.0095 m_ratio_max=0.981 w_ax@goal=+0.63 w_v@goal=15.93 return=939.7 length=83 success_rate=1.00 collisions/ep=1.46 (n=26)
update=335 global_step=686080 SPS=1272 w_ev=0.442 m_ev=0.968 m_v_bias=-6.8 m_adv_std=34.2180 m_kl_max=0.0152 m_ratio_max=0.734 w_ax@goal=+0.61 w_v@goal=15.94 return=936.9 length=81 success_rate=1.00 collisions/ep=1.48 (n=25)
Evaluation at update 335: return=824.20, length=78.35, success_rate=1.00, collisions/ep=3.75
Solved-check at update 335: solved=False worst_gap=450.98 at p_x0=1.50 p_y0=-1.00 (consecutive=0)
update=336 global_step=688128 SPS=1267 w_ev=0.423 m_ev=0.927 m_v_bias=17.0 m_adv_std=58.0176 m_kl_max=0.0138 m_ratio_max=0.704 w_ax@goal=+0.58 w_v@goal=15.87 return=898.8 length=81 success_rate=1.00 collisions/ep=2.28 (n=25)
update=337 global_step=690176 SPS=1268 w_ev=0.381 m_ev=0.968 m_v_bias=-5.8 m_adv_std=35.0177 m_kl_max=0.0062 m_ratio_max=0.614 w_ax@goal=+0.58 w_v@goal=15.79 return=966.6 length=82 success_rate=1.00 collisions/ep=0.88 (n=24)
update=338 global_step=692224 SPS=1270 w_ev=0.454 m_ev=0.959 m_v_bias=-3.9 m_adv_std=38.2418 m_kl_max=0.0077 m_ratio_max=0.555 w_ax@goal=+0.46 w_v@goal=15.70 return=954.3 length=83 success_rate=1.00 collisions/ep=1.16 (n=25)
update=339 global_step=694272 SPS=1271 w_ev=0.404 m_ev=0.919 m_v_bias=8.5 m_adv_std=56.0001 m_kl_max=0.0147 m_ratio_max=0.882 w_ax@goal=+0.51 w_v@goal=15.68 return=922.7 length=83 success_rate=1.00 collisions/ep=1.80 (n=25)
update=340 global_step=696320 SPS=1272 w_ev=0.447 m_ev=0.952 m_v_bias=-14.2 m_adv_std=39.2396 m_kl_max=0.0075 m_ratio_max=0.883 w_ax@goal=+0.44 w_v@goal=15.63 return=981.6 length=83 success_rate=1.00 collisions/ep=0.62 (n=24)
Evaluation at update 340: return=991.97, length=78.25, success_rate=1.00, collisions/ep=0.40
Solved-check at update 340: solved=False worst_gap=450.89 at p_x0=1.00 p_y0=-1.00 (consecutive=0)
update=341 global_step=698368 SPS=1267 w_ev=0.458 m_ev=0.938 m_v_bias=11.9 m_adv_std=48.7526 m_kl_max=0.0079 m_ratio_max=0.630 w_ax@goal=+0.50 w_v@goal=15.67 return=943.5 length=81 success_rate=1.00 collisions/ep=1.48 (n=27)
update=342 global_step=700416 SPS=1269 w_ev=0.585 m_ev=0.955 m_v_bias=-9.3 m_adv_std=38.3052 m_kl_max=0.0210 m_ratio_max=0.662 w_ax@goal=+0.44 w_v@goal=15.86 return=978.9 length=82 success_rate=1.00 collisions/ep=0.71 (n=24)
update=343 global_step=702464 SPS=1270 w_ev=0.453 m_ev=0.945 m_v_bias=12.6 m_adv_std=45.8670 m_kl_max=0.0167 m_ratio_max=0.983 w_ax@goal=+0.39 w_v@goal=15.89 return=939.1 length=82 success_rate=1.00 collisions/ep=1.46 (n=26)
update=344 global_step=704512 SPS=1272 w_ev=0.565 m_ev=0.967 m_v_bias=-8.1 m_adv_std=32.8641 m_kl_max=0.0323 m_ratio_max=0.777 w_ax@goal=+0.53 w_v@goal=15.90 return=963.8 length=82 success_rate=1.00 collisions/ep=0.96 (n=25)
update=345 global_step=706560 SPS=1273 w_ev=0.556 m_ev=0.946 m_v_bias=-1.6 m_adv_std=43.0006 m_kl_max=0.0057 m_ratio_max=0.513 w_ax@goal=+0.55 w_v@goal=16.19 return=993.8 length=81 success_rate=1.00 collisions/ep=0.33 (n=24)
Evaluation at update 345: return=991.95, length=78.25, success_rate=1.00, collisions/ep=0.40
Solved-check at update 345: solved=False worst_gap=450.91 at p_x0=1.00 p_y0=-1.00 (consecutive=0)
update=346 global_step=708608 SPS=1268 w_ev=0.506 m_ev=0.927 m_v_bias=15.7 m_adv_std=54.4724 m_kl_max=0.0078 m_ratio_max=0.658 w_ax@goal=+0.50 w_v@goal=16.29 return=910.3 length=82 success_rate=1.00 collisions/ep=2.04 (n=25)
update=347 global_step=710656 SPS=1269 w_ev=0.465 m_ev=0.960 m_v_bias=-0.4 m_adv_std=40.2533 m_kl_max=0.0042 m_ratio_max=0.448 w_ax@goal=+0.55 w_v@goal=16.24 return=935.1 length=81 success_rate=1.00 collisions/ep=1.56 (n=25)
update=348 global_step=712704 SPS=1270 w_ev=0.488 m_ev=0.946 m_v_bias=-3.6 m_adv_std=43.3553 m_kl_max=0.0076 m_ratio_max=0.474 w_ax@goal=+0.49 w_v@goal=15.96 return=966.2 length=82 success_rate=1.00 collisions/ep=0.92 (n=25)
update=349 global_step=714752 SPS=1271 w_ev=0.603 m_ev=0.970 m_v_bias=-6.1 m_adv_std=29.8629 m_kl_max=0.0117 m_ratio_max=0.560 w_ax@goal=+0.46 w_v@goal=16.03 return=999.8 length=83 success_rate=1.00 collisions/ep=0.20 (n=25)
update=350 global_step=716800 SPS=1272 w_ev=0.594 m_ev=0.955 m_v_bias=10.7 m_adv_std=38.8877 m_kl_max=0.0050 m_ratio_max=0.432 w_ax@goal=+0.55 w_v@goal=16.30 return=970.2 length=82 success_rate=1.00 collisions/ep=0.80 (n=25)
Evaluation at update 350: return=991.92, length=78.25, success_rate=1.00, collisions/ep=0.40
Solved-check at update 350: solved=False worst_gap=450.71 at p_x0=1.50 p_y0=-1.00 (consecutive=0)
update=351 global_step=718848 SPS=1266 w_ev=0.529 m_ev=0.957 m_v_bias=-2.0 m_adv_std=36.8658 m_kl_max=0.0150 m_ratio_max=0.724 w_ax@goal=+0.48 w_v@goal=16.20 return=971.6 length=83 success_rate=1.00 collisions/ep=0.80 (n=25)
update=352 global_step=720896 SPS=1267 w_ev=0.416 m_ev=0.954 m_v_bias=7.3 m_adv_std=42.6851 m_kl_max=0.0131 m_ratio_max=0.852 w_ax@goal=+0.54 w_v@goal=16.16 return=969.1 length=79 success_rate=1.00 collisions/ep=0.81 (n=26)
update=353 global_step=722944 SPS=1269 w_ev=0.432 m_ev=0.967 m_v_bias=-11.8 m_adv_std=35.1160 m_kl_max=0.0321 m_ratio_max=1.015 w_ax@goal=+0.57 w_v@goal=16.02 return=925.1 length=84 success_rate=1.00 collisions/ep=1.72 (n=25)
update=354 global_step=724992 SPS=1270 w_ev=0.392 m_ev=0.975 m_v_bias=1.5 m_adv_std=30.1227 m_kl_max=0.0384 m_ratio_max=3.591 w_ax@goal=+0.67 w_v@goal=15.71 return=968.6 length=83 success_rate=1.00 collisions/ep=0.85 (n=26)
update=355 global_step=727040 SPS=1271 w_ev=0.393 m_ev=0.964 m_v_bias=2.0 m_adv_std=38.5168 m_kl_max=0.0610 m_ratio_max=1.738 w_ax@goal=+0.62 w_v@goal=15.77 return=923.2 length=81 success_rate=1.00 collisions/ep=1.75 (n=24)
Evaluation at update 355: return=954.27, length=78.25, success_rate=1.00, collisions/ep=1.15
Solved-check at update 355: solved=False worst_gap=450.89 at p_x0=1.50 p_y0=-1.00 (consecutive=0)
update=356 global_step=729088 SPS=1266 w_ev=0.373 m_ev=0.950 m_v_bias=-1.7 m_adv_std=45.3472 m_kl_max=0.0110 m_ratio_max=0.603 w_ax@goal=+0.59 w_v@goal=15.54 return=936.7 length=81 success_rate=1.00 collisions/ep=1.48 (n=25)
update=357 global_step=731136 SPS=1267 w_ev=0.416 m_ev=0.957 m_v_bias=-0.1 m_adv_std=41.5522 m_kl_max=0.0128 m_ratio_max=0.596 w_ax@goal=+0.58 w_v@goal=15.61 return=933.4 length=81 success_rate=1.00 collisions/ep=1.56 (n=25)
update=358 global_step=733184 SPS=1269 w_ev=0.481 m_ev=0.933 m_v_bias=1.4 m_adv_std=48.5819 m_kl_max=0.0282 m_ratio_max=0.788 w_ax@goal=+0.53 w_v@goal=15.59 return=948.3 length=81 success_rate=1.00 collisions/ep=1.23 (n=26)
update=359 global_step=735232 SPS=1271 w_ev=0.593 m_ev=0.980 m_v_bias=-6.3 m_adv_std=23.8293 m_kl_max=0.0336 m_ratio_max=1.747 w_ax@goal=+0.53 w_v@goal=16.09 return=1003.7 length=82 success_rate=1.00 collisions/ep=0.12 (n=24)
update=360 global_step=737280 SPS=1272 w_ev=0.497 m_ev=0.948 m_v_bias=7.0 m_adv_std=43.8888 m_kl_max=0.0048 m_ratio_max=0.591 w_ax@goal=+0.51 w_v@goal=16.06 return=962.8 length=81 success_rate=1.00 collisions/ep=1.04 (n=26)
Evaluation at update 360: return=984.21, length=78.35, success_rate=1.00, collisions/ep=0.55
Solved-check at update 360: solved=False worst_gap=450.97 at p_x0=1.50 p_y0=-1.00 (consecutive=0)
update=361 global_step=739328 SPS=1267 w_ev=0.428 m_ev=0.960 m_v_bias=1.6 m_adv_std=38.6235 m_kl_max=0.0189 m_ratio_max=0.840 w_ax@goal=+0.63 w_v@goal=16.04 return=958.3 length=82 success_rate=1.00 collisions/ep=1.24 (n=25)
update=362 global_step=741376 SPS=1268 w_ev=0.459 m_ev=0.956 m_v_bias=5.0 m_adv_std=37.1276 m_kl_max=0.0152 m_ratio_max=0.545 w_ax@goal=+0.55 w_v@goal=15.83 return=972.1 length=81 success_rate=1.00 collisions/ep=1.00 (n=25)
update=363 global_step=743424 SPS=1270 w_ev=0.438 m_ev=0.934 m_v_bias=5.1 m_adv_std=50.3007 m_kl_max=0.0027 m_ratio_max=0.459 w_ax@goal=+0.54 w_v@goal=15.80 return=966.4 length=81 success_rate=1.00 collisions/ep=1.08 (n=24)
update=364 global_step=745472 SPS=1271 w_ev=0.494 m_ev=0.969 m_v_bias=-0.8 m_adv_std=32.7999 m_kl_max=0.0069 m_ratio_max=0.653 w_ax@goal=+0.61 w_v@goal=15.78 return=927.8 length=81 success_rate=1.00 collisions/ep=1.89 (n=28)
update=365 global_step=747520 SPS=1272 w_ev=0.413 m_ev=0.924 m_v_bias=15.9 m_adv_std=58.9501 m_kl_max=0.0038 m_ratio_max=0.523 w_ax@goal=+0.58 w_v@goal=15.78 return=893.7 length=80 success_rate=1.00 collisions/ep=2.54 (n=24)
Evaluation at update 365: return=969.36, length=78.25, success_rate=1.00, collisions/ep=0.85
Solved-check at update 365: solved=False worst_gap=451.00 at p_x0=1.00 p_y0=-1.00 (consecutive=0)
update=366 global_step=749568 SPS=1267 w_ev=0.425 m_ev=0.938 m_v_bias=-11.4 m_adv_std=47.9848 m_kl_max=0.0174 m_ratio_max=0.850 w_ax@goal=+0.57 w_v@goal=15.61 return=954.2 length=81 success_rate=1.00 collisions/ep=1.20 (n=25)
update=367 global_step=751616 SPS=1268 w_ev=0.533 m_ev=0.973 m_v_bias=-4.2 m_adv_std=28.8610 m_kl_max=0.0166 m_ratio_max=1.240 w_ax@goal=+0.52 w_v@goal=15.58 return=984.3 length=79 success_rate=1.00 collisions/ep=0.52 (n=27)
update=368 global_step=753664 SPS=1270 w_ev=0.470 m_ev=0.956 m_v_bias=-0.6 m_adv_std=38.2733 m_kl_max=0.0062 m_ratio_max=0.396 w_ax@goal=+0.53 w_v@goal=16.16 return=964.8 length=79 success_rate=1.00 collisions/ep=0.92 (n=24)
update=369 global_step=755712 SPS=1271 w_ev=0.551 m_ev=0.986 m_v_bias=0.1 m_adv_std=21.7285 m_kl_max=0.0101 m_ratio_max=0.419 w_ax@goal=+0.61 w_v@goal=15.95 return=950.2 length=80 success_rate=1.00 collisions/ep=1.23 (n=26)
update=370 global_step=757760 SPS=1272 w_ev=0.491 m_ev=0.943 m_v_bias=10.9 m_adv_std=47.4787 m_kl_max=0.0105 m_ratio_max=0.532 w_ax@goal=+0.49 w_v@goal=16.17 return=940.0 length=82 success_rate=1.00 collisions/ep=1.44 (n=25)
Evaluation at update 370: return=991.90, length=78.25, success_rate=1.00, collisions/ep=0.40
Solved-check at update 370: solved=False worst_gap=450.76 at p_x0=1.50 p_y0=-1.00 (consecutive=0)
update=371 global_step=759808 SPS=1267 w_ev=0.501 m_ev=0.935 m_v_bias=-2.5 m_adv_std=49.6669 m_kl_max=0.0269 m_ratio_max=0.656 w_ax@goal=+0.53 w_v@goal=15.90 return=942.5 length=80 success_rate=1.00 collisions/ep=1.35 (n=26)
update=372 global_step=761856 SPS=1269 w_ev=0.500 m_ev=0.956 m_v_bias=2.5 m_adv_std=39.4333 m_kl_max=0.0123 m_ratio_max=1.112 w_ax@goal=+0.53 w_v@goal=15.80 return=967.8 length=82 success_rate=1.00 collisions/ep=0.88 (n=26)
update=373 global_step=763904 SPS=1270 w_ev=0.548 m_ev=0.974 m_v_bias=-5.7 m_adv_std=28.1334 m_kl_max=0.0233 m_ratio_max=0.731 w_ax@goal=+0.57 w_v@goal=15.76 return=991.8 length=82 success_rate=1.00 collisions/ep=0.46 (n=24)
update=374 global_step=765952 SPS=1271 w_ev=0.537 m_ev=0.964 m_v_bias=8.1 m_adv_std=33.7881 m_kl_max=0.0085 m_ratio_max=0.569 w_ax@goal=+0.59 w_v@goal=15.88 return=973.1 length=82 success_rate=1.00 collisions/ep=0.96 (n=25)
update=375 global_step=768000 SPS=1272 w_ev=0.548 m_ev=0.962 m_v_bias=-10.2 m_adv_std=33.3908 m_kl_max=0.0074 m_ratio_max=0.661 w_ax@goal=+0.67 w_v@goal=15.81 return=972.6 length=80 success_rate=1.00 collisions/ep=0.88 (n=25)
Evaluation at update 375: return=989.52, length=78.10, success_rate=1.00, collisions/ep=0.45
Solved-check at update 375: solved=False worst_gap=401.01 at p_x0=0.00 p_y0=-1.00 (consecutive=0)
update=376 global_step=770048 SPS=1268 w_ev=0.501 m_ev=0.957 m_v_bias=3.3 m_adv_std=36.1523 m_kl_max=0.0219 m_ratio_max=0.701 w_ax@goal=+0.70 w_v@goal=15.86 return=960.2 length=79 success_rate=1.00 collisions/ep=1.12 (n=25)
update=377 global_step=772096 SPS=1269 w_ev=0.475 m_ev=0.970 m_v_bias=1.2 m_adv_std=34.1128 m_kl_max=0.0132 m_ratio_max=0.893 w_ax@goal=+0.66 w_v@goal=16.06 return=962.8 length=79 success_rate=1.00 collisions/ep=1.03 (n=29)
update=378 global_step=774144 SPS=1270 w_ev=0.378 m_ev=0.927 m_v_bias=9.1 m_adv_std=56.3944 m_kl_max=0.0057 m_ratio_max=0.345 w_ax@goal=+0.70 w_v@goal=16.00 return=926.3 length=80 success_rate=1.00 collisions/ep=1.75 (n=24)
update=379 global_step=776192 SPS=1271 w_ev=0.428 m_ev=0.948 m_v_bias=0.6 m_adv_std=46.8033 m_kl_max=0.0089 m_ratio_max=0.804 w_ax@goal=+0.65 w_v@goal=15.71 return=925.0 length=80 success_rate=1.00 collisions/ep=1.80 (n=25)
update=380 global_step=778240 SPS=1272 w_ev=0.475 m_ev=0.973 m_v_bias=-5.5 m_adv_std=29.2386 m_kl_max=0.0194 m_ratio_max=0.659 w_ax@goal=+0.72 w_v@goal=15.67 return=979.6 length=82 success_rate=1.00 collisions/ep=0.68 (n=25)
Evaluation at update 380: return=1004.58, length=78.05, success_rate=1.00, collisions/ep=0.15
Solved-check at update 380: solved=False worst_gap=300.94 at p_x0=0.00 p_y0=-1.00 (consecutive=0)
update=381 global_step=780288 SPS=1267 w_ev=0.453 m_ev=0.950 m_v_bias=7.8 m_adv_std=40.2898 m_kl_max=0.0062 m_ratio_max=0.599 w_ax@goal=+0.74 w_v@goal=15.53 return=961.3 length=81 success_rate=1.00 collisions/ep=1.08 (n=26)
update=382 global_step=782336 SPS=1268 w_ev=0.438 m_ev=0.960 m_v_bias=-0.3 m_adv_std=37.5646 m_kl_max=0.0137 m_ratio_max=0.528 w_ax@goal=+0.74 w_v@goal=15.66 return=973.7 length=81 success_rate=1.00 collisions/ep=0.75 (n=24)
update=383 global_step=784384 SPS=1270 w_ev=0.423 m_ev=0.923 m_v_bias=12.2 m_adv_std=60.6232 m_kl_max=0.0078 m_ratio_max=0.544 w_ax@goal=+0.66 w_v@goal=15.63 return=911.4 length=81 success_rate=1.00 collisions/ep=2.04 (n=27)
update=384 global_step=786432 SPS=1271 w_ev=0.473 m_ev=0.960 m_v_bias=-12.3 m_adv_std=37.1453 m_kl_max=0.0400 m_ratio_max=3.296 w_ax@goal=+0.57 w_v@goal=15.54 return=963.0 length=81 success_rate=1.00 collisions/ep=0.96 (n=25)
update=385 global_step=788480 SPS=1272 w_ev=0.433 m_ev=0.976 m_v_bias=-0.2 m_adv_std=28.0811 m_kl_max=0.0103 m_ratio_max=0.550 w_ax@goal=+0.58 w_v@goal=15.52 return=963.5 length=80 success_rate=1.00 collisions/ep=0.96 (n=26)
Evaluation at update 385: return=991.88, length=78.25, success_rate=1.00, collisions/ep=0.40
Solved-check at update 385: solved=False worst_gap=401.17 at p_x0=0.00 p_y0=-1.00 (consecutive=0)
update=386 global_step=790528 SPS=1267 w_ev=0.366 m_ev=0.964 m_v_bias=5.9 m_adv_std=35.5596 m_kl_max=0.0100 m_ratio_max=0.637 w_ax@goal=+0.60 w_v@goal=15.66 return=964.9 length=82 success_rate=1.00 collisions/ep=0.92 (n=25)
update=387 global_step=792576 SPS=1269 w_ev=0.398 m_ev=0.945 m_v_bias=-0.9 m_adv_std=45.9164 m_kl_max=0.0266 m_ratio_max=1.078 w_ax@goal=+0.65 w_v@goal=15.56 return=947.5 length=80 success_rate=1.00 collisions/ep=1.27 (n=26)
update=388 global_step=794624 SPS=1270 w_ev=0.368 m_ev=0.925 m_v_bias=-2.6 m_adv_std=52.6182 m_kl_max=0.0406 m_ratio_max=0.893 w_ax@goal=+0.65 w_v@goal=15.55 return=954.7 length=79 success_rate=1.00 collisions/ep=1.12 (n=25)
update=389 global_step=796672 SPS=1271 w_ev=0.469 m_ev=0.959 m_v_bias=-7.0 m_adv_std=37.3476 m_kl_max=0.0295 m_ratio_max=0.853 w_ax@goal=+0.64 w_v@goal=15.59 return=992.4 length=80 success_rate=1.00 collisions/ep=0.37 (n=27)
update=390 global_step=798720 SPS=1273 w_ev=0.467 m_ev=0.943 m_v_bias=10.0 m_adv_std=45.8921 m_kl_max=0.0268 m_ratio_max=0.809 w_ax@goal=+0.76 w_v@goal=15.72 return=934.4 length=81 success_rate=1.00 collisions/ep=1.54 (n=24)
Evaluation at update 390: return=1012.04, length=78.00, success_rate=1.00, collisions/ep=0.00
Solved-check at update 390: solved=False worst_gap=50.93 at p_x0=0.00 p_y0=1.00 (consecutive=0)
update=391 global_step=800768 SPS=1268 w_ev=0.442 m_ev=0.960 m_v_bias=-5.8 m_adv_std=36.8091 m_kl_max=0.0193 m_ratio_max=0.645 w_ax@goal=+0.86 w_v@goal=15.78 return=964.8 length=81 success_rate=1.00 collisions/ep=0.92 (n=25)
update=392 global_step=802816 SPS=1269 w_ev=0.445 m_ev=0.976 m_v_bias=-1.3 m_adv_std=27.4504 m_kl_max=0.0426 m_ratio_max=0.866 w_ax@goal=+0.75 w_v@goal=15.76 return=990.2 length=80 success_rate=1.00 collisions/ep=0.46 (n=26)
update=393 global_step=804864 SPS=1270 w_ev=0.458 m_ev=0.958 m_v_bias=3.4 m_adv_std=39.2746 m_kl_max=0.0084 m_ratio_max=0.530 w_ax@goal=+0.84 w_v@goal=15.84 return=955.9 length=81 success_rate=1.00 collisions/ep=1.16 (n=25)
update=394 global_step=806912 SPS=1271 w_ev=0.543 m_ev=0.972 m_v_bias=-2.2 m_adv_std=30.1965 m_kl_max=0.0827 m_ratio_max=0.927 w_ax@goal=+0.73 w_v@goal=15.87 return=972.9 length=79 success_rate=1.00 collisions/ep=0.76 (n=25)
update=395 global_step=808960 SPS=1272 w_ev=0.502 m_ev=0.971 m_v_bias=2.0 m_adv_std=31.1350 m_kl_max=0.0113 m_ratio_max=1.113 w_ax@goal=+0.78 w_v@goal=15.78 return=978.3 length=81 success_rate=1.00 collisions/ep=0.67 (n=27)
Evaluation at update 395: return=1012.05, length=78.00, success_rate=1.00, collisions/ep=0.00
Solved-check at update 395: solved=False worst_gap=50.94 at p_x0=0.00 p_y0=1.00 (consecutive=0)
update=396 global_step=811008 SPS=1268 w_ev=0.488 m_ev=0.967 m_v_bias=-3.7 m_adv_std=32.1048 m_kl_max=0.0081 m_ratio_max=0.475 w_ax@goal=+0.77 w_v@goal=15.71 return=990.9 length=81 success_rate=1.00 collisions/ep=0.44 (n=25)
update=397 global_step=813056 SPS=1269 w_ev=0.506 m_ev=0.970 m_v_bias=-3.2 m_adv_std=28.5272 m_kl_max=0.0108 m_ratio_max=0.719 w_ax@goal=+0.83 w_v@goal=15.62 return=978.0 length=80 success_rate=1.00 collisions/ep=0.88 (n=24)
update=398 global_step=815104 SPS=1270 w_ev=0.438 m_ev=0.948 m_v_bias=7.8 m_adv_std=41.3994 m_kl_max=0.0064 m_ratio_max=0.548 w_ax@goal=+0.90 w_v@goal=15.67 return=979.2 length=80 success_rate=1.00 collisions/ep=0.73 (n=26)
update=399 global_step=817152 SPS=1271 w_ev=0.558 m_ev=0.974 m_v_bias=-3.3 m_adv_std=28.7827 m_kl_max=0.0521 m_ratio_max=2.747 w_ax@goal=+0.83 w_v@goal=15.69 return=979.5 length=80 success_rate=1.00 collisions/ep=0.65 (n=26)
update=400 global_step=819200 SPS=1272 w_ev=0.473 m_ev=0.980 m_v_bias=-2.1 m_adv_std=25.0053 m_kl_max=0.0161 m_ratio_max=0.665 w_ax@goal=+0.84 w_v@goal=15.68 return=989.4 length=81 success_rate=1.00 collisions/ep=0.56 (n=25)
Evaluation at update 400: return=1012.20, length=77.85, success_rate=1.00, collisions/ep=0.00
Solved-check at update 400: solved=False worst_gap=100.98 at p_x0=0.00 p_y0=-1.00 (consecutive=0)
update=401 global_step=821248 SPS=1267 w_ev=0.367 m_ev=0.942 m_v_bias=10.4 m_adv_std=44.3890 m_kl_max=0.0105 m_ratio_max=1.093 w_ax@goal=+0.81 w_v@goal=15.65 return=960.2 length=81 success_rate=1.00 collisions/ep=1.12 (n=25)
update=402 global_step=823296 SPS=1269 w_ev=0.432 m_ev=0.968 m_v_bias=0.3 m_adv_std=31.5687 m_kl_max=0.0228 m_ratio_max=1.243 w_ax@goal=+0.82 w_v@goal=15.53 return=1005.8 length=80 success_rate=1.00 collisions/ep=0.19 (n=27)
update=403 global_step=825344 SPS=1270 w_ev=0.461 m_ev=0.971 m_v_bias=-0.5 m_adv_std=30.5068 m_kl_max=0.0113 m_ratio_max=0.773 w_ax@goal=+0.78 w_v@goal=15.71 return=967.0 length=80 success_rate=1.00 collisions/ep=0.88 (n=26)
update=404 global_step=827392 SPS=1271 w_ev=0.365 m_ev=0.941 m_v_bias=7.7 m_adv_std=48.3268 m_kl_max=0.0143 m_ratio_max=0.763 w_ax@goal=+0.80 w_v@goal=15.83 return=941.5 length=80 success_rate=1.00 collisions/ep=1.40 (n=25)
update=405 global_step=829440 SPS=1272 w_ev=0.447 m_ev=0.962 m_v_bias=-4.6 m_adv_std=36.8376 m_kl_max=0.0137 m_ratio_max=0.799 w_ax@goal=+0.85 w_v@goal=15.64 return=951.4 length=80 success_rate=1.00 collisions/ep=1.20 (n=25)
Evaluation at update 405: return=1009.39, length=78.25, success_rate=1.00, collisions/ep=0.05
Solved-check at update 405: solved=False worst_gap=201.15 at p_x0=0.00 p_y0=-1.00 (consecutive=0)
update=406 global_step=831488 SPS=1268 w_ev=0.455 m_ev=0.981 m_v_bias=0.4 m_adv_std=24.7013 m_kl_max=0.0486 m_ratio_max=2.319 w_ax@goal=+0.90 w_v@goal=15.76 return=993.9 length=81 success_rate=1.00 collisions/ep=0.38 (n=24)
update=407 global_step=833536 SPS=1269 w_ev=0.402 m_ev=0.963 m_v_bias=5.9 m_adv_std=37.5015 m_kl_max=0.0071 m_ratio_max=0.435 w_ax@goal=+0.83 w_v@goal=15.67 return=940.1 length=81 success_rate=1.00 collisions/ep=1.46 (n=26)
update=408 global_step=835584 SPS=1270 w_ev=0.438 m_ev=0.955 m_v_bias=-4.1 m_adv_std=38.8725 m_kl_max=0.0101 m_ratio_max=0.372 w_ax@goal=+0.88 w_v@goal=15.52 return=989.6 length=79 success_rate=1.00 collisions/ep=0.46 (n=26)
update=409 global_step=837632 SPS=1271 w_ev=0.472 m_ev=0.956 m_v_bias=5.5 m_adv_std=40.7102 m_kl_max=0.0078 m_ratio_max=0.566 w_ax@goal=+0.89 w_v@goal=15.73 return=945.1 length=81 success_rate=1.00 collisions/ep=1.32 (n=25)
update=410 global_step=839680 SPS=1273 w_ev=0.430 m_ev=0.927 m_v_bias=0.2 m_adv_std=54.3203 m_kl_max=0.0074 m_ratio_max=0.513 w_ax@goal=+0.89 w_v@goal=15.69 return=954.0 length=83 success_rate=1.00 collisions/ep=1.11 (n=27)
Evaluation at update 410: return=992.01, length=78.15, success_rate=1.00, collisions/ep=0.40
Solved-check at update 410: solved=False worst_gap=401.03 at p_x0=0.00 p_y0=-1.00 (consecutive=0)
update=411 global_step=841728 SPS=1269 w_ev=0.387 m_ev=0.941 m_v_bias=-3.1 m_adv_std=46.7743 m_kl_max=0.0091 m_ratio_max=0.563 w_ax@goal=+0.94 w_v@goal=15.84 return=911.7 length=80 success_rate=1.00 collisions/ep=2.12 (n=24)
update=412 global_step=843776 SPS=1271 w_ev=0.341 m_ev=0.950 m_v_bias=6.0 m_adv_std=47.4293 m_kl_max=0.0066 m_ratio_max=0.620 w_ax@goal=+0.91 w_v@goal=15.61 return=935.0 length=82 success_rate=1.00 collisions/ep=1.58 (n=24)
update=413 global_step=845824 SPS=1272 w_ev=0.425 m_ev=0.939 m_v_bias=-13.1 m_adv_std=46.5573 m_kl_max=0.0178 m_ratio_max=0.691 w_ax@goal=+0.91 w_v@goal=15.54 return=954.7 length=80 success_rate=1.00 collisions/ep=1.21 (n=28)
update=414 global_step=847872 SPS=1273 w_ev=0.505 m_ev=0.970 m_v_bias=-7.0 m_adv_std=31.0440 m_kl_max=0.0380 m_ratio_max=1.969 w_ax@goal=+0.87 w_v@goal=15.59 return=983.9 length=81 success_rate=1.00 collisions/ep=0.56 (n=25)
update=415 global_step=849920 SPS=1274 w_ev=0.413 m_ev=0.960 m_v_bias=2.4 m_adv_std=36.9195 m_kl_max=0.0190 m_ratio_max=0.784 w_ax@goal=+0.84 w_v@goal=15.67 return=970.2 length=80 success_rate=1.00 collisions/ep=0.83 (n=24)
Evaluation at update 415: return=989.83, length=77.80, success_rate=1.00, collisions/ep=0.45
Solved-check at update 415: solved=False worst_gap=450.84 at p_x0=0.00 p_y0=-1.00 (consecutive=0)
update=416 global_step=851968 SPS=1269 w_ev=0.440 m_ev=0.941 m_v_bias=0.7 m_adv_std=47.4015 m_kl_max=0.0156 m_ratio_max=0.803 w_ax@goal=+0.88 w_v@goal=15.72 return=979.3 length=79 success_rate=1.00 collisions/ep=0.65 (n=26)
update=417 global_step=854016 SPS=1271 w_ev=0.454 m_ev=0.977 m_v_bias=-5.4 m_adv_std=26.6811 m_kl_max=0.0169 m_ratio_max=0.969 w_ax@goal=+0.83 w_v@goal=15.71 return=967.5 length=79 success_rate=1.00 collisions/ep=0.92 (n=26)
update=418 global_step=856064 SPS=1272 w_ev=0.451 m_ev=0.969 m_v_bias=2.8 m_adv_std=32.6516 m_kl_max=0.0456 m_ratio_max=1.264 w_ax@goal=+0.79 w_v@goal=15.79 return=957.8 length=81 success_rate=1.00 collisions/ep=1.15 (n=26)
update=419 global_step=858112 SPS=1273 w_ev=0.428 m_ev=0.955 m_v_bias=2.1 m_adv_std=39.8311 m_kl_max=0.0232 m_ratio_max=0.778 w_ax@goal=+0.76 w_v@goal=15.81 return=963.3 length=78 success_rate=1.00 collisions/ep=1.00 (n=26)
update=420 global_step=860160 SPS=1274 w_ev=0.301 m_ev=0.962 m_v_bias=5.2 m_adv_std=38.8776 m_kl_max=0.0095 m_ratio_max=0.870 w_ax@goal=+0.73 w_v@goal=15.81 return=939.5 length=80 success_rate=1.00 collisions/ep=1.44 (n=25)
Evaluation at update 420: return=927.16, length=77.90, success_rate=1.00, collisions/ep=1.70
Solved-check at update 420: solved=False worst_gap=450.83 at p_x0=0.50 p_y0=-1.00 (consecutive=0)
update=421 global_step=862208 SPS=1270 w_ev=0.357 m_ev=0.933 m_v_bias=3.3 m_adv_std=48.5524 m_kl_max=0.0081 m_ratio_max=0.500 w_ax@goal=+0.84 w_v@goal=15.46 return=961.7 length=79 success_rate=1.00 collisions/ep=1.00 (n=25)
update=422 global_step=864256 SPS=1271 w_ev=0.355 m_ev=0.937 m_v_bias=0.6 m_adv_std=50.4942 m_kl_max=0.0048 m_ratio_max=0.418 w_ax@goal=+0.82 w_v@goal=15.44 return=917.3 length=79 success_rate=1.00 collisions/ep=2.00 (n=27)
update=423 global_step=866304 SPS=1272 w_ev=0.365 m_ev=0.955 m_v_bias=-1.7 m_adv_std=41.3386 m_kl_max=0.0061 m_ratio_max=0.487 w_ax@goal=+0.85 w_v@goal=15.49 return=947.2 length=81 success_rate=1.00 collisions/ep=1.37 (n=27)
update=424 global_step=868352 SPS=1273 w_ev=0.361 m_ev=0.950 m_v_bias=-7.4 m_adv_std=43.1718 m_kl_max=0.0102 m_ratio_max=0.497 w_ax@goal=+0.81 w_v@goal=15.48 return=945.4 length=81 success_rate=1.00 collisions/ep=1.33 (n=24)
update=425 global_step=870400 SPS=1274 w_ev=0.361 m_ev=0.959 m_v_bias=2.9 m_adv_std=40.5509 m_kl_max=0.0082 m_ratio_max=0.383 w_ax@goal=+0.84 w_v@goal=15.42 return=943.8 length=81 success_rate=1.00 collisions/ep=1.38 (n=26)
Evaluation at update 425: return=997.01, length=78.10, success_rate=1.00, collisions/ep=0.30
Solved-check at update 425: solved=False worst_gap=400.82 at p_x0=0.50 p_y0=-1.00 (consecutive=0)
update=426 global_step=872448 SPS=1270 w_ev=0.437 m_ev=0.968 m_v_bias=-6.5 m_adv_std=31.7394 m_kl_max=0.0378 m_ratio_max=1.783 w_ax@goal=+0.92 w_v@goal=15.32 return=975.7 length=81 success_rate=1.00 collisions/ep=0.75 (n=24)
update=427 global_step=874496 SPS=1271 w_ev=0.433 m_ev=0.960 m_v_bias=5.8 m_adv_std=35.9260 m_kl_max=0.0104 m_ratio_max=0.495 w_ax@goal=+0.92 w_v@goal=15.60 return=973.7 length=78 success_rate=1.00 collisions/ep=0.83 (n=24)
update=428 global_step=876544 SPS=1272 w_ev=0.461 m_ev=0.967 m_v_bias=-1.6 m_adv_std=32.3312 m_kl_max=0.0062 m_ratio_max=0.481 w_ax@goal=+0.86 w_v@goal=15.57 return=965.8 length=81 success_rate=1.00 collisions/ep=0.96 (n=26)
update=429 global_step=878592 SPS=1274 w_ev=0.450 m_ev=0.980 m_v_bias=-3.7 m_adv_std=25.3574 m_kl_max=0.0221 m_ratio_max=1.733 w_ax@goal=+0.88 w_v@goal=15.52 return=990.3 length=81 success_rate=1.00 collisions/ep=0.46 (n=26)
update=430 global_step=880640 SPS=1275 w_ev=0.443 m_ev=0.978 m_v_bias=2.1 m_adv_std=26.3910 m_kl_max=0.0064 m_ratio_max=0.679 w_ax@goal=+0.84 w_v@goal=15.63 return=985.1 length=81 success_rate=1.00 collisions/ep=0.61 (n=28)
Evaluation at update 430: return=992.02, length=78.10, success_rate=1.00, collisions/ep=0.40
Solved-check at update 430: solved=False worst_gap=451.01 at p_x0=0.50 p_y0=-1.00 (consecutive=0)
update=431 global_step=882688 SPS=1271 w_ev=0.462 m_ev=0.972 m_v_bias=-3.9 m_adv_std=30.2278 m_kl_max=0.0162 m_ratio_max=0.491 w_ax@goal=+0.88 w_v@goal=15.76 return=978.7 length=81 success_rate=1.00 collisions/ep=0.67 (n=24)
update=432 global_step=884736 SPS=1272 w_ev=0.367 m_ev=0.958 m_v_bias=5.8 m_adv_std=38.3266 m_kl_max=0.0136 m_ratio_max=1.209 w_ax@goal=+0.90 w_v@goal=15.69 return=947.0 length=78 success_rate=1.00 collisions/ep=1.29 (n=24)
update=433 global_step=886784 SPS=1273 w_ev=0.395 m_ev=0.954 m_v_bias=5.7 m_adv_std=43.0123 m_kl_max=0.0102 m_ratio_max=0.554 w_ax@goal=+0.90 w_v@goal=15.49 return=922.7 length=79 success_rate=1.00 collisions/ep=1.78 (n=27)
update=434 global_step=888832 SPS=1274 w_ev=0.358 m_ev=0.951 m_v_bias=-6.4 m_adv_std=44.5925 m_kl_max=0.0495 m_ratio_max=1.117 w_ax@goal=+0.93 w_v@goal=15.51 return=934.9 length=82 success_rate=1.00 collisions/ep=1.58 (n=24)
update=435 global_step=890880 SPS=1275 w_ev=0.445 m_ev=0.974 m_v_bias=-4.3 m_adv_std=30.2603 m_kl_max=0.0078 m_ratio_max=0.550 w_ax@goal=+0.81 w_v@goal=15.37 return=983.8 length=82 success_rate=1.00 collisions/ep=0.56 (n=27)
Evaluation at update 435: return=992.11, length=77.95, success_rate=1.00, collisions/ep=0.40
Solved-check at update 435: solved=False worst_gap=450.89 at p_x0=0.50 p_y0=-1.00 (consecutive=0)
update=436 global_step=892928 SPS=1271 w_ev=0.472 m_ev=0.943 m_v_bias=7.3 m_adv_std=47.5173 m_kl_max=0.0076 m_ratio_max=0.664 w_ax@goal=+0.86 w_v@goal=15.60 return=943.3 length=81 success_rate=1.00 collisions/ep=1.36 (n=25)
update=437 global_step=894976 SPS=1272 w_ev=0.410 m_ev=0.958 m_v_bias=-7.7 m_adv_std=39.2142 m_kl_max=0.0534 m_ratio_max=1.269 w_ax@goal=+0.88 w_v@goal=15.80 return=943.4 length=81 success_rate=1.00 collisions/ep=1.38 (n=24)
update=438 global_step=897024 SPS=1273 w_ev=0.464 m_ev=0.958 m_v_bias=4.4 m_adv_std=39.8168 m_kl_max=0.0070 m_ratio_max=0.458 w_ax@goal=+0.95 w_v@goal=15.61 return=959.9 length=78 success_rate=1.00 collisions/ep=1.04 (n=27)
update=439 global_step=899072 SPS=1275 w_ev=0.474 m_ev=0.958 m_v_bias=-6.0 m_adv_std=36.8853 m_kl_max=0.0119 m_ratio_max=0.554 w_ax@goal=+0.92 w_v@goal=15.63 return=973.6 length=78 success_rate=1.00 collisions/ep=0.76 (n=25)
update=440 global_step=901120 SPS=1276 w_ev=0.487 m_ev=0.979 m_v_bias=1.6 m_adv_std=25.3111 m_kl_max=0.0220 m_ratio_max=1.293 w_ax@goal=+1.01 w_v@goal=15.47 return=983.6 length=80 success_rate=1.00 collisions/ep=0.59 (n=27)
Evaluation at update 440: return=1012.03, length=78.10, success_rate=1.00, collisions/ep=0.00
Solved-check at update 440: solved=False worst_gap=51.00 at p_x0=0.00 p_y0=1.00 (consecutive=0)
update=441 global_step=903168 SPS=1272 w_ev=0.527 m_ev=0.985 m_v_bias=-7.3 m_adv_std=20.8083 m_kl_max=0.0106 m_ratio_max=0.718 w_ax@goal=+0.91 w_v@goal=15.58 return=999.1 length=79 success_rate=1.00 collisions/ep=0.24 (n=25)
update=442 global_step=905216 SPS=1273 w_ev=0.482 m_ev=0.957 m_v_bias=6.8 m_adv_std=38.0802 m_kl_max=0.0368 m_ratio_max=0.890 w_ax@goal=+0.88 w_v@goal=15.75 return=991.8 length=80 success_rate=1.00 collisions/ep=0.38 (n=26)
update=443 global_step=907264 SPS=1274 w_ev=0.430 m_ev=0.978 m_v_bias=-1.0 m_adv_std=26.2429 m_kl_max=0.0296 m_ratio_max=0.896 w_ax@goal=+0.85 w_v@goal=15.78 return=985.0 length=80 success_rate=1.00 collisions/ep=0.52 (n=25)
update=444 global_step=909312 SPS=1275 w_ev=0.489 m_ev=0.984 m_v_bias=0.9 m_adv_std=22.4902 m_kl_max=0.0302 m_ratio_max=2.753 w_ax@goal=+0.85 w_v@goal=15.69 return=974.3 length=81 success_rate=1.00 collisions/ep=0.73 (n=26)
update=445 global_step=911360 SPS=1276 w_ev=0.535 m_ev=0.986 m_v_bias=-2.9 m_adv_std=20.2880 m_kl_max=0.0156 m_ratio_max=0.718 w_ax@goal=+0.90 w_v@goal=15.65 return=999.8 length=80 success_rate=1.00 collisions/ep=0.27 (n=26)
Evaluation at update 445: return=1011.95, length=78.25, success_rate=1.00, collisions/ep=0.00
Solved-check at update 445: solved=False worst_gap=51.11 at p_x0=0.00 p_y0=1.00 (consecutive=0)
update=446 global_step=913408 SPS=1272 w_ev=0.566 m_ev=0.996 m_v_bias=-1.3 m_adv_std=10.8189 m_kl_max=0.0241 m_ratio_max=1.528 w_ax@goal=+0.87 w_v@goal=16.02 return=1003.8 length=80 success_rate=1.00 collisions/ep=0.15 (n=26)
update=447 global_step=915456 SPS=1273 w_ev=0.522 m_ev=0.976 m_v_bias=2.5 m_adv_std=26.5310 m_kl_max=0.0072 m_ratio_max=0.646 w_ax@goal=+0.86 w_v@goal=16.13 return=992.5 length=79 success_rate=1.00 collisions/ep=0.38 (n=24)
update=448 global_step=917504 SPS=1274 w_ev=0.501 m_ev=0.979 m_v_bias=-4.9 m_adv_std=24.9061 m_kl_max=0.0138 m_ratio_max=0.698 w_ax@goal=+0.83 w_v@goal=15.97 return=1000.1 length=81 success_rate=1.00 collisions/ep=0.23 (n=26)
update=449 global_step=919552 SPS=1275 w_ev=0.550 m_ev=0.960 m_v_bias=2.9 m_adv_std=34.9499 m_kl_max=0.0060 m_ratio_max=0.618 w_ax@goal=+0.76 w_v@goal=16.16 return=991.2 length=80 success_rate=1.00 collisions/ep=0.40 (n=25)
update=450 global_step=921600 SPS=1276 w_ev=0.452 m_ev=0.975 m_v_bias=-1.7 m_adv_std=27.8378 m_kl_max=0.0291 m_ratio_max=1.002 w_ax@goal=+0.82 w_v@goal=16.09 return=989.5 length=80 success_rate=1.00 collisions/ep=0.44 (n=27)
Evaluation at update 450: return=1011.88, length=78.25, success_rate=1.00, collisions/ep=0.00
Solved-check at update 450: solved=True worst_gap=4.48 at p_x0=2.00 p_y0=1.00 (consecutive=0)
update=451 global_step=923648 SPS=1272 w_ev=0.452 m_ev=0.985 m_v_bias=-0.6 m_adv_std=22.0237 m_kl_max=0.0188 m_ratio_max=1.534 w_ax@goal=+0.81 w_v@goal=16.00 return=994.3 length=81 success_rate=1.00 collisions/ep=0.35 (n=26)
update=452 global_step=925696 SPS=1273 w_ev=0.436 m_ev=0.984 m_v_bias=-1.9 m_adv_std=22.1888 m_kl_max=0.0075 m_ratio_max=0.726 w_ax@goal=+0.85 w_v@goal=15.79 return=993.4 length=80 success_rate=1.00 collisions/ep=0.36 (n=25)
update=453 global_step=927744 SPS=1274 w_ev=0.434 m_ev=0.974 m_v_bias=6.7 m_adv_std=27.7424 m_kl_max=0.0073 m_ratio_max=0.767 w_ax@goal=+0.84 w_v@goal=15.89 return=988.5 length=82 success_rate=1.00 collisions/ep=0.50 (n=24)
update=454 global_step=929792 SPS=1275 w_ev=0.318 m_ev=0.922 m_v_bias=17.8 m_adv_std=59.3087 m_kl_max=0.0078 m_ratio_max=0.650 w_ax@goal=+0.85 w_v@goal=15.78 return=926.8 length=81 success_rate=1.00 collisions/ep=1.70 (n=27)
update=455 global_step=931840 SPS=1276 w_ev=0.473 m_ev=0.938 m_v_bias=-6.6 m_adv_std=45.5863 m_kl_max=0.0223 m_ratio_max=0.831 w_ax@goal=+0.79 w_v@goal=15.65 return=973.0 length=79 success_rate=1.00 collisions/ep=0.76 (n=25)
Evaluation at update 455: return=1011.67, length=78.35, success_rate=1.00, collisions/ep=0.00
Solved-check at update 455: solved=False worst_gap=51.41 at p_x0=0.00 p_y0=1.00 (consecutive=1)
update=456 global_step=933888 SPS=1272 w_ev=0.487 m_ev=0.958 m_v_bias=-6.5 m_adv_std=35.1477 m_kl_max=0.0241 m_ratio_max=0.847 w_ax@goal=+0.71 w_v@goal=15.74 return=969.2 length=80 success_rate=1.00 collisions/ep=0.88 (n=25)
update=457 global_step=935936 SPS=1273 w_ev=0.453 m_ev=0.974 m_v_bias=0.2 m_adv_std=28.9906 m_kl_max=0.0446 m_ratio_max=0.873 w_ax@goal=+0.83 w_v@goal=15.66 return=979.8 length=81 success_rate=1.00 collisions/ep=0.65 (n=26)
update=458 global_step=937984 SPS=1274 w_ev=0.384 m_ev=0.976 m_v_bias=-0.6 m_adv_std=26.9807 m_kl_max=0.0403 m_ratio_max=0.877 w_ax@goal=+0.78 w_v@goal=15.44 return=983.2 length=79 success_rate=1.00 collisions/ep=0.56 (n=25)
update=459 global_step=940032 SPS=1275 w_ev=0.394 m_ev=0.987 m_v_bias=-2.2 m_adv_std=20.0489 m_kl_max=0.0262 m_ratio_max=1.188 w_ax@goal=+0.81 w_v@goal=15.49 return=985.0 length=81 success_rate=1.00 collisions/ep=0.59 (n=27)
update=460 global_step=942080 SPS=1276 w_ev=0.431 m_ev=0.962 m_v_bias=1.5 m_adv_std=34.4771 m_kl_max=0.0067 m_ratio_max=0.502 w_ax@goal=+0.76 w_v@goal=15.65 return=977.7 length=80 success_rate=1.00 collisions/ep=0.67 (n=24)
Evaluation at update 460: return=1011.85, length=78.25, success_rate=1.00, collisions/ep=0.00
Solved-check at update 460: solved=False worst_gap=200.61 at p_x0=2.00 p_y0=-1.00 (consecutive=0)
update=461 global_step=944128 SPS=1272 w_ev=0.454 m_ev=0.985 m_v_bias=-4.6 m_adv_std=20.1321 m_kl_max=0.0092 m_ratio_max=0.535 w_ax@goal=+0.73 w_v@goal=15.47 return=990.8 length=79 success_rate=1.00 collisions/ep=0.44 (n=27)
update=462 global_step=946176 SPS=1273 w_ev=0.501 m_ev=0.988 m_v_bias=-0.1 m_adv_std=19.0347 m_kl_max=0.0267 m_ratio_max=0.761 w_ax@goal=+0.81 w_v@goal=15.71 return=998.6 length=81 success_rate=1.00 collisions/ep=0.24 (n=25)
update=463 global_step=948224 SPS=1274 w_ev=0.475 m_ev=0.978 m_v_bias=-0.1 m_adv_std=25.6871 m_kl_max=0.0288 m_ratio_max=0.605 w_ax@goal=+0.82 w_v@goal=15.76 return=988.1 length=80 success_rate=1.00 collisions/ep=0.54 (n=26)
update=464 global_step=950272 SPS=1275 w_ev=0.432 m_ev=0.966 m_v_bias=6.3 m_adv_std=33.9321 m_kl_max=0.0132 m_ratio_max=1.034 w_ax@goal=+0.90 w_v@goal=15.89 return=978.1 length=82 success_rate=1.00 collisions/ep=0.67 (n=24)
update=465 global_step=952320 SPS=1276 w_ev=0.444 m_ev=0.964 m_v_bias=-0.3 m_adv_std=34.0807 m_kl_max=0.0135 m_ratio_max=0.763 w_ax@goal=+0.90 w_v@goal=15.73 return=976.0 length=81 success_rate=1.00 collisions/ep=0.80 (n=25)
Evaluation at update 465: return=997.13, length=77.95, success_rate=1.00, collisions/ep=0.30
Solved-check at update 465: solved=False worst_gap=400.47 at p_x0=1.50 p_y0=-1.00 (consecutive=0)
update=466 global_step=954368 SPS=1273 w_ev=0.358 m_ev=0.925 m_v_bias=0.2 m_adv_std=53.8447 m_kl_max=0.0121 m_ratio_max=0.585 w_ax@goal=+0.96 w_v@goal=15.63 return=938.8 length=80 success_rate=1.00 collisions/ep=1.46 (n=26)
update=467 global_step=956416 SPS=1274 w_ev=0.398 m_ev=0.941 m_v_bias=-1.7 m_adv_std=46.2183 m_kl_max=0.0317 m_ratio_max=1.368 w_ax@goal=+0.96 w_v@goal=15.59 return=962.1 length=80 success_rate=1.00 collisions/ep=1.14 (n=28)
update=468 global_step=958464 SPS=1275 w_ev=0.508 m_ev=0.943 m_v_bias=-3.7 m_adv_std=42.7724 m_kl_max=0.0710 m_ratio_max=2.450 w_ax@goal=+0.99 w_v@goal=15.65 return=976.8 length=78 success_rate=1.00 collisions/ep=0.71 (n=24)
update=469 global_step=960512 SPS=1276 w_ev=0.563 m_ev=0.992 m_v_bias=-3.1 m_adv_std=14.6877 m_kl_max=0.0137 m_ratio_max=0.814 w_ax@goal=+0.94 w_v@goal=15.86 return=1006.0 length=81 success_rate=1.00 collisions/ep=0.12 (n=25)
update=470 global_step=962560 SPS=1277 w_ev=0.508 m_ev=0.978 m_v_bias=3.6 m_adv_std=25.5349 m_kl_max=0.0126 m_ratio_max=0.634 w_ax@goal=+0.96 w_v@goal=15.92 return=985.7 length=78 success_rate=1.00 collisions/ep=0.56 (n=27)
Evaluation at update 470: return=1012.26, length=77.80, success_rate=1.00, collisions/ep=0.00
Solved-check at update 470: solved=False worst_gap=50.91 at p_x0=0.00 p_y0=1.00 (consecutive=0)
update=471 global_step=964608 SPS=1273 w_ev=0.494 m_ev=0.992 m_v_bias=-2.2 m_adv_std=14.8587 m_kl_max=0.0122 m_ratio_max=0.678 w_ax@goal=+0.97 w_v@goal=15.85 return=1006.4 length=80 success_rate=1.00 collisions/ep=0.15 (n=26)
update=472 global_step=966656 SPS=1274 w_ev=0.463 m_ev=0.959 m_v_bias=11.6 m_adv_std=37.4949 m_kl_max=0.0111 m_ratio_max=0.624 w_ax@goal=+0.95 w_v@goal=15.98 return=971.4 length=80 success_rate=1.00 collisions/ep=0.84 (n=25)
update=473 global_step=968704 SPS=1275 w_ev=0.516 m_ev=0.979 m_v_bias=-5.8 m_adv_std=25.0596 m_kl_max=0.0420 m_ratio_max=1.759 w_ax@goal=+0.94 w_v@goal=15.55 return=999.2 length=80 success_rate=1.00 collisions/ep=0.24 (n=25)
update=474 global_step=970752 SPS=1276 w_ev=0.505 m_ev=0.991 m_v_bias=-2.5 m_adv_std=16.0907 m_kl_max=0.0232 m_ratio_max=0.827 w_ax@goal=+0.90 w_v@goal=15.74 return=995.2 length=81 success_rate=1.00 collisions/ep=0.32 (n=25)
update=475 global_step=972800 SPS=1277 w_ev=0.442 m_ev=0.992 m_v_bias=-1.2 m_adv_std=15.0010 m_kl_max=0.0270 m_ratio_max=1.909 w_ax@goal=+0.78 w_v@goal=15.92 return=1004.0 length=82 success_rate=1.00 collisions/ep=0.16 (n=25)
Evaluation at update 475: return=1012.03, length=78.10, success_rate=1.00, collisions/ep=0.00
Solved-check at update 475: solved=False worst_gap=100.40 at p_x0=2.00 p_y0=-1.00 (consecutive=0)
update=476 global_step=974848 SPS=1273 w_ev=0.353 m_ev=0.947 m_v_bias=14.1 m_adv_std=44.4862 m_kl_max=0.0193 m_ratio_max=1.004 w_ax@goal=+0.87 w_v@goal=15.75 return=971.4 length=79 success_rate=1.00 collisions/ep=0.85 (n=26)
update=477 global_step=976896 SPS=1274 w_ev=0.453 m_ev=0.989 m_v_bias=-4.9 m_adv_std=17.5245 m_kl_max=0.0198 m_ratio_max=0.947 w_ax@goal=+0.82 w_v@goal=15.57 return=985.8 length=81 success_rate=1.00 collisions/ep=0.52 (n=25)
update=478 global_step=978944 SPS=1275 w_ev=0.488 m_ev=0.992 m_v_bias=1.1 m_adv_std=14.8131 m_kl_max=0.0337 m_ratio_max=2.037 w_ax@goal=+0.81 w_v@goal=15.75 return=1003.5 length=79 success_rate=1.00 collisions/ep=0.31 (n=26)
update=479 global_step=980992 SPS=1276 w_ev=0.414 m_ev=0.974 m_v_bias=3.4 m_adv_std=29.0732 m_kl_max=0.0084 m_ratio_max=0.453 w_ax@goal=+0.89 w_v@goal=15.70 return=978.8 length=81 success_rate=1.00 collisions/ep=0.81 (n=26)
update=480 global_step=983040 SPS=1277 w_ev=0.391 m_ev=0.971 m_v_bias=5.0 m_adv_std=31.3445 m_kl_max=0.0110 m_ratio_max=0.803 w_ax@goal=+0.89 w_v@goal=15.61 return=991.4 length=80 success_rate=1.00 collisions/ep=0.48 (n=25)
Evaluation at update 480: return=994.54, length=78.10, success_rate=1.00, collisions/ep=0.35
Solved-check at update 480: solved=False worst_gap=450.99 at p_x0=0.50 p_y0=-1.00 (consecutive=0)
update=481 global_step=985088 SPS=1273 w_ev=0.421 m_ev=0.965 m_v_bias=3.8 m_adv_std=34.5186 m_kl_max=0.0061 m_ratio_max=0.592 w_ax@goal=+0.90 w_v@goal=15.50 return=954.6 length=80 success_rate=1.00 collisions/ep=1.26 (n=27)
update=482 global_step=987136 SPS=1274 w_ev=0.408 m_ev=0.931 m_v_bias=3.5 m_adv_std=48.3502 m_kl_max=0.0126 m_ratio_max=0.831 w_ax@goal=+0.85 w_v@goal=15.57 return=961.4 length=80 success_rate=1.00 collisions/ep=1.08 (n=24)
update=483 global_step=989184 SPS=1274 w_ev=0.469 m_ev=0.958 m_v_bias=0.4 m_adv_std=38.5260 m_kl_max=0.0287 m_ratio_max=1.717 w_ax@goal=+0.87 w_v@goal=15.42 return=961.5 length=80 success_rate=1.00 collisions/ep=1.18 (n=28)
update=484 global_step=991232 SPS=1275 w_ev=0.404 m_ev=0.980 m_v_bias=-2.7 m_adv_std=25.2082 m_kl_max=0.0521 m_ratio_max=2.985 w_ax@goal=+0.86 w_v@goal=15.69 return=990.4 length=81 success_rate=1.00 collisions/ep=0.54 (n=24)
update=485 global_step=993280 SPS=1277 w_ev=0.443 m_ev=0.942 m_v_bias=3.1 m_adv_std=46.2958 m_kl_max=0.0225 m_ratio_max=0.817 w_ax@goal=+0.85 w_v@goal=15.56 return=947.1 length=81 success_rate=1.00 collisions/ep=1.28 (n=25)
Evaluation at update 485: return=1011.61, length=78.45, success_rate=1.00, collisions/ep=0.00
Solved-check at update 485: solved=False worst_gap=51.46 at p_x0=0.00 p_y0=1.00 (consecutive=0)
update=486 global_step=995328 SPS=1273 w_ev=0.500 m_ev=0.982 m_v_bias=-8.7 m_adv_std=22.4587 m_kl_max=0.0216 m_ratio_max=1.363 w_ax@goal=+0.85 w_v@goal=15.60 return=982.0 length=82 success_rate=1.00 collisions/ep=0.67 (n=24)
update=487 global_step=997376 SPS=1273 w_ev=0.543 m_ev=0.991 m_v_bias=-2.1 m_adv_std=15.3798 m_kl_max=0.0339 m_ratio_max=1.490 w_ax@goal=+0.83 w_v@goal=15.67 return=1004.8 length=80 success_rate=1.00 collisions/ep=0.12 (n=26)
update=488 global_step=999424 SPS=1274 w_ev=0.399 m_ev=0.948 m_v_bias=10.2 m_adv_std=43.4052 m_kl_max=0.0102 m_ratio_max=0.800 w_ax@goal=+0.84 w_v@goal=15.74 return=974.3 length=80 success_rate=1.00 collisions/ep=0.81 (n=27)
Saved checkpoints to C:\Users\loren\Desktop\MASTER THESIS\5_CODE\scenarios\slalom\scripts\scenarios/slalom/studies/blind_worker\coef_0.02\runs\hppo_slalom_9_1790412382
