Using device: cpu
Solved-check: precomputed optimal returns for 25 fixed initial conditions (mean=1011.8, min=1007.0, max=1014.0); solved-tolerance=5.0
num_envs=8 num_steps_per_env=256 worker_batch_size=2048 worker_minibatch_size=256 num_updates=500 timesteps=1024000
update=1 global_step=2048 SPS=1169 w_ev=-0.016 m_ev=0.000 m_v_bias=179.8 m_adv_std=141.6069 m_kl_max=0.0002 m_ratio_max=0.065 return=-757.7 length=200 success_rate=0.00 collisions/ep=11.38 (n=8)
update=2 global_step=4096 SPS=1213 w_ev=0.251 m_ev=0.084 m_v_bias=56.2 m_adv_std=99.8648 m_kl_max=0.0011 m_ratio_max=0.144 return=-672.6 length=200 success_rate=0.00 collisions/ep=9.75 (n=8)
update=3 global_step=6144 SPS=1165 w_ev=0.352 m_ev=-0.099 m_v_bias=9.2 m_adv_std=66.9934 m_kl_max=0.0002 m_ratio_max=0.104 w_ax@goal=-0.07 w_v@goal=-3.70 return=-410.4 length=200 success_rate=0.00 collisions/ep=5.00 (n=8)
update=4 global_step=8192 SPS=1153 w_ev=0.436 m_ev=0.185 m_v_bias=-3.0 m_adv_std=79.2795 m_kl_max=0.0006 m_ratio_max=0.148 w_ax@goal=-0.05 w_v@goal=-4.07 return=-436.6 length=200 success_rate=0.00 collisions/ep=5.25 (n=16)
update=5 global_step=10240 SPS=1160 w_ev=0.242 m_ev=0.102 m_v_bias=20.0 m_adv_std=118.0660 m_kl_max=0.0013 m_ratio_max=0.213 return=-500.0 length=200 success_rate=0.00 collisions/ep=6.38 (n=8)
Evaluation at update 5: return=-180.82, length=200.00, success_rate=0.00, collisions/ep=0.15
Solved-check at update 5: solved=False worst_gap=1224.06 at p_x0=0.00 p_y0=-0.50 (consecutive=0)
update=6 global_step=12288 SPS=478 w_ev=0.623 m_ev=0.164 m_v_bias=-16.9 m_adv_std=81.0355 m_kl_max=0.0010 m_ratio_max=0.158 return=-506.0 length=200 success_rate=0.00 collisions/ep=6.25 (n=8)
update=7 global_step=14336 SPS=520 w_ev=0.781 m_ev=0.540 m_v_bias=-30.0 m_adv_std=43.1941 m_kl_max=0.0022 m_ratio_max=0.226 return=-355.4 length=200 success_rate=0.00 collisions/ep=3.38 (n=8)
update=8 global_step=16384 SPS=559 w_ev=0.396 m_ev=-0.158 m_v_bias=-18.8 m_adv_std=13.8141 m_kl_max=0.0051 m_ratio_max=0.381 return=-217.8 length=200 success_rate=0.00 collisions/ep=0.00 (n=16)
update=9 global_step=18432 SPS=599 w_ev=0.102 m_ev=-0.598 m_v_bias=-8.8 m_adv_std=8.2261 m_kl_max=0.0094 m_ratio_max=0.706 return=-220.7 length=200 success_rate=0.00 collisions/ep=0.00 (n=8)
update=10 global_step=20480 SPS=625 w_ev=0.105 m_ev=0.013 m_v_bias=-5.2 m_adv_std=5.9403 m_kl_max=0.0034 m_ratio_max=0.402 return=-222.6 length=200 success_rate=0.00 collisions/ep=0.00 (n=8)
Evaluation at update 10: return=-220.67, length=200.00, success_rate=0.00, collisions/ep=0.00
Solved-check at update 10: solved=False worst_gap=1240.97 at p_x0=2.00 p_y0=0.50 (consecutive=0)
update=11 global_step=22528 SPS=461 w_ev=0.242 m_ev=0.097 m_v_bias=-1.5 m_adv_std=7.9917 m_kl_max=0.0010 m_ratio_max=0.140 return=-222.0 length=200 success_rate=0.00 collisions/ep=0.06 (n=16)
update=12 global_step=24576 SPS=485 w_ev=0.113 m_ev=0.280 m_v_bias=-0.1 m_adv_std=11.3359 m_kl_max=0.0159 m_ratio_max=0.480 return=-231.9 length=200 success_rate=0.00 collisions/ep=0.25 (n=8)
update=13 global_step=26624 SPS=509 w_ev=0.120 m_ev=0.340 m_v_bias=-2.5 m_adv_std=5.1642 m_kl_max=0.0138 m_ratio_max=0.601 return=-221.1 length=200 success_rate=0.00 collisions/ep=0.00 (n=8)
update=14 global_step=28672 SPS=532 w_ev=0.083 m_ev=0.024 m_v_bias=6.9 m_adv_std=30.2459 m_kl_max=0.0176 m_ratio_max=0.609 return=-225.0 length=200 success_rate=0.00 collisions/ep=0.00 (n=8)
update=15 global_step=30720 SPS=553 w_ev=0.404 m_ev=-0.181 m_v_bias=-5.8 m_adv_std=9.3654 m_kl_max=0.0125 m_ratio_max=0.476 return=-236.1 length=200 success_rate=0.00 collisions/ep=0.31 (n=16)
Evaluation at update 15: return=-220.67, length=200.00, success_rate=0.00, collisions/ep=0.00
Solved-check at update 15: solved=False worst_gap=1240.97 at p_x0=2.00 p_y0=0.50 (consecutive=0)
update=16 global_step=32768 SPS=456 w_ev=0.163 m_ev=0.747 m_v_bias=-0.9 m_adv_std=3.1608 m_kl_max=0.0128 m_ratio_max=0.488 return=-221.7 length=200 success_rate=0.00 collisions/ep=0.00 (n=8)
update=17 global_step=34816 SPS=474 w_ev=0.100 m_ev=0.831 m_v_bias=-1.5 m_adv_std=2.6457 m_kl_max=0.0205 m_ratio_max=0.773 return=-222.4 length=200 success_rate=0.00 collisions/ep=0.00 (n=8)
update=18 global_step=36864 SPS=491 w_ev=0.287 m_ev=0.855 m_v_bias=-1.2 m_adv_std=4.0535 m_kl_max=0.0168 m_ratio_max=1.221 return=-223.7 length=200 success_rate=0.00 collisions/ep=0.06 (n=16)
update=19 global_step=38912 SPS=508 w_ev=0.337 m_ev=0.578 m_v_bias=0.3 m_adv_std=8.4282 m_kl_max=0.0055 m_ratio_max=0.407 return=-232.6 length=200 success_rate=0.00 collisions/ep=0.25 (n=8)
update=20 global_step=40960 SPS=523 w_ev=0.264 m_ev=0.510 m_v_bias=-2.0 m_adv_std=4.9070 m_kl_max=0.0336 m_ratio_max=1.122 return=-220.5 length=200 success_rate=0.00 collisions/ep=0.00 (n=8)
Evaluation at update 20: return=-210.02, length=200.00, success_rate=0.00, collisions/ep=0.00
Solved-check at update 20: solved=False worst_gap=1227.77 at p_x0=2.00 p_y0=0.50 (consecutive=0)
update=21 global_step=43008 SPS=455 w_ev=0.517 m_ev=0.414 m_v_bias=3.4 m_adv_std=18.8097 m_kl_max=0.0140 m_ratio_max=1.206 return=-202.5 length=200 success_rate=0.00 collisions/ep=0.00 (n=8)
update=22 global_step=45056 SPS=468 w_ev=0.488 m_ev=0.418 m_v_bias=-3.2 m_adv_std=6.5174 m_kl_max=0.0264 m_ratio_max=1.191 return=-230.9 length=200 success_rate=0.00 collisions/ep=0.38 (n=16)
update=23 global_step=47104 SPS=480 w_ev=0.306 m_ev=0.059 m_v_bias=30.3 m_adv_std=136.3243 m_kl_max=0.0288 m_ratio_max=0.780 return=-350.6 length=200 success_rate=0.00 collisions/ep=3.00 (n=8)
update=24 global_step=49152 SPS=492 w_ev=0.589 m_ev=-0.054 m_v_bias=-11.0 m_adv_std=34.8649 m_kl_max=0.0250 m_ratio_max=0.844 return=-228.1 length=200 success_rate=0.00 collisions/ep=0.62 (n=8)
update=25 global_step=51200 SPS=505 w_ev=0.725 m_ev=0.309 m_v_bias=11.1 m_adv_std=79.4960 m_kl_max=0.0088 m_ratio_max=0.456 return=-277.3 length=200 success_rate=0.00 collisions/ep=1.56 (n=16)
Evaluation at update 25: return=-208.24, length=200.00, success_rate=0.00, collisions/ep=0.00
Solved-check at update 25: solved=False worst_gap=1226.62 at p_x0=2.00 p_y0=0.00 (consecutive=0)
update=26 global_step=53248 SPS=453 w_ev=0.285 m_ev=0.018 m_v_bias=-5.1 m_adv_std=19.4866 m_kl_max=0.0201 m_ratio_max=1.098 return=-212.7 length=200 success_rate=0.00 collisions/ep=0.00 (n=8)
update=27 global_step=55296 SPS=464 w_ev=0.443 m_ev=0.326 m_v_bias=0.2 m_adv_std=13.1918 m_kl_max=0.0171 m_ratio_max=0.673 return=-209.2 length=200 success_rate=0.00 collisions/ep=0.00 (n=8)
update=28 global_step=57344 SPS=475 w_ev=0.418 m_ev=0.036 m_v_bias=1.5 m_adv_std=15.8563 m_kl_max=0.0154 m_ratio_max=0.626 return=-214.9 length=200 success_rate=0.00 collisions/ep=0.25 (n=8)
update=29 global_step=59392 SPS=486 w_ev=0.556 m_ev=0.348 m_v_bias=1.6 m_adv_std=13.3873 m_kl_max=0.0113 m_ratio_max=0.473 return=-223.2 length=200 success_rate=0.00 collisions/ep=0.25 (n=16)
update=30 global_step=61440 SPS=496 w_ev=0.305 m_ev=0.027 m_v_bias=4.5 m_adv_std=20.6820 m_kl_max=0.0195 m_ratio_max=0.763 return=-247.3 length=200 success_rate=0.00 collisions/ep=0.88 (n=8)
Evaluation at update 30: return=-202.01, length=200.00, success_rate=0.00, collisions/ep=0.00
Solved-check at update 30: solved=False worst_gap=1220.93 at p_x0=2.00 p_y0=0.50 (consecutive=0)
update=31 global_step=63488 SPS=451 w_ev=0.320 m_ev=0.311 m_v_bias=-2.7 m_adv_std=5.4455 m_kl_max=0.0289 m_ratio_max=0.654 return=-204.8 length=200 success_rate=0.00 collisions/ep=0.00 (n=8)
update=32 global_step=65536 SPS=460 w_ev=0.764 m_ev=0.631 m_v_bias=-4.0 m_adv_std=7.4495 m_kl_max=0.0185 m_ratio_max=0.569 return=-201.8 length=200 success_rate=0.00 collisions/ep=0.00 (n=8)
update=33 global_step=67584 SPS=469 w_ev=0.668 m_ev=0.565 m_v_bias=-4.5 m_adv_std=4.7243 m_kl_max=0.0310 m_ratio_max=0.872 return=-201.3 length=200 success_rate=0.00 collisions/ep=0.06 (n=16)
update=34 global_step=69632 SPS=477 w_ev=0.703 m_ev=0.237 m_v_bias=0.6 m_adv_std=18.9551 m_kl_max=0.0181 m_ratio_max=1.196 return=-189.1 length=200 success_rate=0.00 collisions/ep=0.00 (n=8)
update=35 global_step=71680 SPS=486 w_ev=0.580 m_ev=0.590 m_v_bias=-4.2 m_adv_std=5.0445 m_kl_max=0.0196 m_ratio_max=0.897 return=-210.6 length=200 success_rate=0.00 collisions/ep=0.38 (n=8)
Evaluation at update 35: return=-181.76, length=200.00, success_rate=0.00, collisions/ep=0.00
Solved-check at update 35: solved=False worst_gap=1201.49 at p_x0=2.00 p_y0=0.50 (consecutive=0)
update=36 global_step=73728 SPS=450 w_ev=0.531 m_ev=0.360 m_v_bias=-0.7 m_adv_std=8.7149 m_kl_max=0.0140 m_ratio_max=0.785 return=-193.3 length=200 success_rate=0.00 collisions/ep=0.12 (n=16)
update=37 global_step=75776 SPS=459 w_ev=0.608 m_ev=0.292 m_v_bias=3.4 m_adv_std=18.6801 m_kl_max=0.0109 m_ratio_max=0.701 return=-212.7 length=200 success_rate=0.00 collisions/ep=0.50 (n=8)
update=38 global_step=77824 SPS=466 w_ev=0.606 m_ev=0.430 m_v_bias=0.5 m_adv_std=15.1326 m_kl_max=0.0234 m_ratio_max=1.008 return=-206.3 length=200 success_rate=0.00 collisions/ep=0.38 (n=8)
update=39 global_step=79872 SPS=473 w_ev=0.565 m_ev=0.786 m_v_bias=-3.2 m_adv_std=4.3169 m_kl_max=0.0108 m_ratio_max=0.390 return=-188.5 length=200 success_rate=0.00 collisions/ep=0.12 (n=8)
update=40 global_step=81920 SPS=481 w_ev=0.459 m_ev=0.106 m_v_bias=8.1 m_adv_std=40.4066 m_kl_max=0.0098 m_ratio_max=0.584 return=-209.9 length=200 success_rate=0.00 collisions/ep=0.44 (n=16)
Evaluation at update 40: return=-183.84, length=200.00, success_rate=0.00, collisions/ep=0.00
Solved-check at update 40: solved=False worst_gap=1203.95 at p_x0=2.00 p_y0=0.50 (consecutive=0)
update=41 global_step=83968 SPS=449 w_ev=0.491 m_ev=-0.082 m_v_bias=-2.7 m_adv_std=13.4725 m_kl_max=0.0083 m_ratio_max=0.438 return=-188.6 length=200 success_rate=0.00 collisions/ep=0.00 (n=8)
update=42 global_step=86016 SPS=457 w_ev=0.522 m_ev=0.166 m_v_bias=-0.9 m_adv_std=29.7386 m_kl_max=0.0094 m_ratio_max=0.409 return=-249.0 length=200 success_rate=0.00 collisions/ep=1.12 (n=8)
update=43 global_step=88064 SPS=463 w_ev=0.635 m_ev=0.733 m_v_bias=-2.0 m_adv_std=3.5374 m_kl_max=0.0146 m_ratio_max=0.763 return=-188.6 length=200 success_rate=0.00 collisions/ep=0.00 (n=16)
update=44 global_step=90112 SPS=469 w_ev=0.561 m_ev=0.812 m_v_bias=-2.2 m_adv_std=2.7928 m_kl_max=0.0325 m_ratio_max=0.842 return=-190.9 length=200 success_rate=0.00 collisions/ep=0.00 (n=8)
update=45 global_step=92160 SPS=475 w_ev=0.534 m_ev=0.851 m_v_bias=-2.7 m_adv_std=2.6172 m_kl_max=0.0403 m_ratio_max=1.326 return=-183.6 length=200 success_rate=0.00 collisions/ep=0.00 (n=8)
Evaluation at update 45: return=-177.84, length=200.00, success_rate=0.00, collisions/ep=0.00
Solved-check at update 45: solved=False worst_gap=1197.93 at p_x0=2.00 p_y0=0.50 (consecutive=0)
update=46 global_step=94208 SPS=450 w_ev=0.442 m_ev=0.134 m_v_bias=20.8 m_adv_std=60.9868 m_kl_max=0.0327 m_ratio_max=0.889 return=-204.0 length=200 success_rate=0.00 collisions/ep=0.50 (n=8)
update=47 global_step=96256 SPS=456 w_ev=0.511 m_ev=-0.142 m_v_bias=-2.3 m_adv_std=16.4058 m_kl_max=0.0392 m_ratio_max=1.288 return=-230.9 length=200 success_rate=0.00 collisions/ep=0.94 (n=16)
update=48 global_step=98304 SPS=463 w_ev=0.488 m_ev=0.343 m_v_bias=7.0 m_adv_std=18.4352 m_kl_max=0.0231 m_ratio_max=0.637 return=-207.7 length=200 success_rate=0.00 collisions/ep=0.38 (n=8)
update=49 global_step=100352 SPS=468 w_ev=0.457 m_ev=-0.163 m_v_bias=-0.0 m_adv_std=23.1671 m_kl_max=0.0085 m_ratio_max=0.414 return=-200.1 length=200 success_rate=0.00 collisions/ep=0.25 (n=8)
update=50 global_step=102400 SPS=474 w_ev=0.634 m_ev=0.332 m_v_bias=-5.7 m_adv_std=6.1860 m_kl_max=0.0302 m_ratio_max=0.730 return=-199.8 length=200 success_rate=0.00 collisions/ep=0.25 (n=16)
Evaluation at update 50: return=-186.87, length=200.00, success_rate=0.00, collisions/ep=0.00
Solved-check at update 50: solved=False worst_gap=1206.92 at p_x0=2.00 p_y0=0.50 (consecutive=0)
update=51 global_step=104448 SPS=450 w_ev=0.557 m_ev=0.735 m_v_bias=-4.2 m_adv_std=3.6235 m_kl_max=0.0459 m_ratio_max=0.913 return=-190.5 length=200 success_rate=0.00 collisions/ep=0.00 (n=8)
update=52 global_step=106496 SPS=455 w_ev=0.635 m_ev=0.824 m_v_bias=-3.4 m_adv_std=2.7812 m_kl_max=0.0361 m_ratio_max=0.735 return=-185.1 length=200 success_rate=0.00 collisions/ep=0.00 (n=8)
update=53 global_step=108544 SPS=460 w_ev=0.624 m_ev=0.879 m_v_bias=-3.2 m_adv_std=2.3351 m_kl_max=0.0374 m_ratio_max=1.007 return=-182.5 length=200 success_rate=0.00 collisions/ep=0.00 (n=8)
update=54 global_step=110592 SPS=465 w_ev=0.694 m_ev=0.188 m_v_bias=3.7 m_adv_std=22.1515 m_kl_max=0.0178 m_ratio_max=0.916 return=-195.6 length=200 success_rate=0.00 collisions/ep=0.31 (n=16)
update=55 global_step=112640 SPS=471 w_ev=0.758 m_ev=0.450 m_v_bias=-3.4 m_adv_std=5.8797 m_kl_max=0.0143 m_ratio_max=0.606 return=-181.7 length=200 success_rate=0.00 collisions/ep=0.00 (n=8)
Evaluation at update 55: return=-177.30, length=200.00, success_rate=0.00, collisions/ep=0.00
Solved-check at update 55: solved=False worst_gap=1197.46 at p_x0=2.00 p_y0=0.50 (consecutive=0)
update=56 global_step=114688 SPS=450 w_ev=0.702 m_ev=0.484 m_v_bias=1.4 m_adv_std=10.2356 m_kl_max=0.0117 m_ratio_max=0.725 return=-186.9 length=200 success_rate=0.00 collisions/ep=0.12 (n=8)
update=57 global_step=116736 SPS=455 w_ev=0.712 m_ev=0.829 m_v_bias=-3.2 m_adv_std=3.1792 m_kl_max=0.0205 m_ratio_max=0.530 return=-193.4 length=200 success_rate=0.00 collisions/ep=0.25 (n=8)
update=58 global_step=118784 SPS=460 w_ev=0.756 m_ev=0.431 m_v_bias=2.5 m_adv_std=13.9734 m_kl_max=0.0212 m_ratio_max=1.197 return=-191.0 length=200 success_rate=0.00 collisions/ep=0.25 (n=16)
update=59 global_step=120832 SPS=465 w_ev=0.628 m_ev=0.198 m_v_bias=5.9 m_adv_std=21.1970 m_kl_max=0.0201 m_ratio_max=0.840 return=-207.8 length=200 success_rate=0.00 collisions/ep=0.62 (n=8)
update=60 global_step=122880 SPS=470 w_ev=0.348 m_ev=0.041 m_v_bias=26.6 m_adv_std=102.8201 m_kl_max=0.0301 m_ratio_max=1.157 return=-229.5 length=200 success_rate=0.00 collisions/ep=1.00 (n=8)
Evaluation at update 60: return=-181.34, length=200.00, success_rate=0.00, collisions/ep=0.00
Solved-check at update 60: solved=False worst_gap=1202.30 at p_x0=2.00 p_y0=0.50 (consecutive=0)
update=61 global_step=124928 SPS=449 w_ev=0.447 m_ev=-0.005 m_v_bias=-4.9 m_adv_std=21.9755 m_kl_max=0.0164 m_ratio_max=0.729 return=-250.9 length=200 success_rate=0.00 collisions/ep=1.38 (n=16)
update=62 global_step=126976 SPS=454 w_ev=0.780 m_ev=0.402 m_v_bias=-6.0 m_adv_std=6.6992 m_kl_max=0.0090 m_ratio_max=0.554 return=-183.3 length=200 success_rate=0.00 collisions/ep=0.00 (n=8)
update=63 global_step=129024 SPS=458 w_ev=0.737 m_ev=0.717 m_v_bias=-5.0 m_adv_std=3.6835 m_kl_max=0.0103 m_ratio_max=0.417 return=-178.8 length=200 success_rate=0.00 collisions/ep=0.00 (n=8)
update=64 global_step=131072 SPS=462 w_ev=0.625 m_ev=0.429 m_v_bias=-1.8 m_adv_std=6.7678 m_kl_max=0.0145 m_ratio_max=0.591 return=-186.2 length=200 success_rate=0.00 collisions/ep=0.00 (n=8)
update=65 global_step=133120 SPS=466 w_ev=0.734 m_ev=0.815 m_v_bias=-4.6 m_adv_std=3.2075 m_kl_max=0.0220 m_ratio_max=0.853 return=-188.8 length=200 success_rate=0.00 collisions/ep=0.06 (n=16)
Evaluation at update 65: return=-183.14, length=200.00, success_rate=0.00, collisions/ep=0.00
Solved-check at update 65: solved=False worst_gap=1203.83 at p_x0=2.00 p_y0=0.50 (consecutive=0)
update=66 global_step=135168 SPS=448 w_ev=0.625 m_ev=0.885 m_v_bias=-1.8 m_adv_std=2.0672 m_kl_max=0.0465 m_ratio_max=0.861 return=-185.1 length=200 success_rate=0.00 collisions/ep=0.00 (n=8)
update=67 global_step=137216 SPS=453 w_ev=0.536 m_ev=0.129 m_v_bias=11.3 m_adv_std=42.4240 m_kl_max=0.0335 m_ratio_max=0.843 return=-181.1 length=200 success_rate=0.00 collisions/ep=0.00 (n=8)
update=68 global_step=139264 SPS=457 w_ev=0.710 m_ev=-0.161 m_v_bias=-0.2 m_adv_std=12.1844 m_kl_max=0.0303 m_ratio_max=1.539 return=-221.8 length=200 success_rate=0.00 collisions/ep=0.75 (n=16)
update=69 global_step=141312 SPS=461 w_ev=0.596 m_ev=0.090 m_v_bias=-0.1 m_adv_std=17.9618 m_kl_max=0.0249 m_ratio_max=1.808 return=-203.0 length=200 success_rate=0.00 collisions/ep=0.38 (n=8)
update=70 global_step=143360 SPS=465 w_ev=0.676 m_ev=0.482 m_v_bias=-1.9 m_adv_std=7.1387 m_kl_max=0.0361 m_ratio_max=1.579 return=-185.4 length=200 success_rate=0.00 collisions/ep=0.12 (n=8)
Evaluation at update 70: return=-178.86, length=200.00, success_rate=0.00, collisions/ep=0.00
Solved-check at update 70: solved=False worst_gap=1199.42 at p_x0=2.00 p_y0=0.50 (consecutive=0)
update=71 global_step=145408 SPS=449 w_ev=0.341 m_ev=0.015 m_v_bias=6.9 m_adv_std=47.6173 m_kl_max=0.0188 m_ratio_max=1.070 return=-179.6 length=200 success_rate=0.00 collisions/ep=0.00 (n=8)
update=72 global_step=147456 SPS=453 w_ev=0.684 m_ev=-0.062 m_v_bias=-7.1 m_adv_std=14.5330 m_kl_max=0.0084 m_ratio_max=0.601 return=-218.8 length=200 success_rate=0.00 collisions/ep=0.75 (n=16)
update=73 global_step=149504 SPS=457 w_ev=0.744 m_ev=0.640 m_v_bias=-3.2 m_adv_std=3.7993 m_kl_max=0.0087 m_ratio_max=0.469 return=-182.8 length=200 success_rate=0.00 collisions/ep=0.00 (n=8)
update=74 global_step=151552 SPS=460 w_ev=0.758 m_ev=0.900 m_v_bias=-1.6 m_adv_std=1.8989 m_kl_max=0.0158 m_ratio_max=0.697 return=-179.5 length=200 success_rate=0.00 collisions/ep=0.00 (n=8)
update=75 global_step=153600 SPS=464 w_ev=0.743 m_ev=0.903 m_v_bias=-1.8 m_adv_std=1.9230 m_kl_max=0.0665 m_ratio_max=2.868 return=-179.1 length=200 success_rate=0.00 collisions/ep=0.00 (n=16)
Evaluation at update 75: return=-175.54, length=200.00, success_rate=0.00, collisions/ep=0.00
Solved-check at update 75: solved=False worst_gap=1196.05 at p_x0=2.00 p_y0=-0.50 (consecutive=0)
update=76 global_step=155648 SPS=451 w_ev=0.770 m_ev=0.246 m_v_bias=3.6 m_adv_std=19.4388 m_kl_max=0.0187 m_ratio_max=0.685 return=-195.6 length=200 success_rate=0.00 collisions/ep=0.38 (n=8)
update=77 global_step=157696 SPS=455 w_ev=0.760 m_ev=0.627 m_v_bias=-1.1 m_adv_std=4.6618 m_kl_max=0.0205 m_ratio_max=0.699 return=-173.7 length=200 success_rate=0.00 collisions/ep=0.00 (n=8)
update=78 global_step=159744 SPS=459 w_ev=0.705 m_ev=0.880 m_v_bias=-1.3 m_adv_std=2.1692 m_kl_max=0.0369 m_ratio_max=0.787 return=-183.3 length=200 success_rate=0.00 collisions/ep=0.00 (n=8)
update=79 global_step=161792 SPS=462 w_ev=0.776 m_ev=0.602 m_v_bias=-1.5 m_adv_std=6.8873 m_kl_max=0.0161 m_ratio_max=1.013 return=-179.1 length=200 success_rate=0.00 collisions/ep=0.06 (n=16)
update=80 global_step=163840 SPS=465 w_ev=0.707 m_ev=0.331 m_v_bias=4.4 m_adv_std=17.7553 m_kl_max=0.0185 m_ratio_max=0.679 return=-202.4 length=200 success_rate=0.00 collisions/ep=0.50 (n=8)
Evaluation at update 80: return=-176.84, length=200.00, success_rate=0.00, collisions/ep=0.00
Solved-check at update 80: solved=False worst_gap=1197.37 at p_x0=2.00 p_y0=0.00 (consecutive=0)
update=81 global_step=165888 SPS=451 w_ev=0.662 m_ev=0.144 m_v_bias=1.5 m_adv_std=23.7524 m_kl_max=0.0212 m_ratio_max=0.798 return=-202.1 length=200 success_rate=0.00 collisions/ep=0.50 (n=8)
update=82 global_step=167936 SPS=454 w_ev=0.692 m_ev=0.602 m_v_bias=-3.3 m_adv_std=4.5709 m_kl_max=0.0088 m_ratio_max=0.461 return=-179.2 length=200 success_rate=0.00 collisions/ep=0.00 (n=8)
update=83 global_step=169984 SPS=457 w_ev=0.794 m_ev=0.892 m_v_bias=-2.3 m_adv_std=2.3778 m_kl_max=0.0189 m_ratio_max=0.483 return=-180.1 length=200 success_rate=0.00 collisions/ep=0.00 (n=16)
update=84 global_step=172032 SPS=461 w_ev=0.696 m_ev=0.482 m_v_bias=-0.5 m_adv_std=7.5139 m_kl_max=0.0158 m_ratio_max=1.323 return=-191.0 length=200 success_rate=0.00 collisions/ep=0.25 (n=8)
update=85 global_step=174080 SPS=464 w_ev=0.759 m_ev=0.890 m_v_bias=-1.4 m_adv_std=2.2707 m_kl_max=0.0397 m_ratio_max=0.669 return=-176.4 length=200 success_rate=0.00 collisions/ep=0.00 (n=8)
Evaluation at update 85: return=-175.68, length=200.00, success_rate=0.00, collisions/ep=0.00
Solved-check at update 85: solved=False worst_gap=1196.00 at p_x0=2.00 p_y0=0.50 (consecutive=0)
update=86 global_step=176128 SPS=450 w_ev=0.645 m_ev=0.118 m_v_bias=4.4 m_adv_std=25.9514 m_kl_max=0.0164 m_ratio_max=0.676 return=-187.6 length=200 success_rate=0.00 collisions/ep=0.25 (n=16)
update=87 global_step=178176 SPS=453 w_ev=0.319 m_ev=0.011 m_v_bias=13.2 m_adv_std=60.3997 m_kl_max=0.0108 m_ratio_max=0.480 return=-240.4 length=200 success_rate=0.00 collisions/ep=1.25 (n=8)
update=88 global_step=180224 SPS=456 w_ev=0.645 m_ev=0.518 m_v_bias=-3.3 m_adv_std=9.2596 m_kl_max=0.0122 m_ratio_max=0.708 return=-194.6 length=200 success_rate=0.00 collisions/ep=0.38 (n=8)
update=89 global_step=182272 SPS=460 w_ev=0.730 m_ev=0.663 m_v_bias=-3.0 m_adv_std=6.6428 m_kl_max=0.0300 m_ratio_max=1.595 return=-185.2 length=200 success_rate=0.00 collisions/ep=0.12 (n=8)
update=90 global_step=184320 SPS=463 w_ev=0.723 m_ev=0.824 m_v_bias=-1.5 m_adv_std=4.0013 m_kl_max=0.0171 m_ratio_max=0.806 return=-180.8 length=200 success_rate=0.00 collisions/ep=0.06 (n=16)
Evaluation at update 90: return=-177.47, length=200.00, success_rate=0.00, collisions/ep=0.00
Solved-check at update 90: solved=False worst_gap=1198.84 at p_x0=2.00 p_y0=0.00 (consecutive=0)
update=91 global_step=186368 SPS=449 w_ev=0.720 m_ev=0.847 m_v_bias=-2.6 m_adv_std=2.4620 m_kl_max=0.0278 m_ratio_max=0.619 return=-174.3 length=200 success_rate=0.00 collisions/ep=0.00 (n=8)
update=92 global_step=188416 SPS=452 w_ev=0.709 m_ev=0.943 m_v_bias=-2.1 m_adv_std=1.5433 m_kl_max=0.0367 m_ratio_max=1.019 return=-180.2 length=200 success_rate=0.00 collisions/ep=0.00 (n=8)
update=93 global_step=190464 SPS=455 w_ev=0.827 m_ev=0.950 m_v_bias=-1.7 m_adv_std=1.4903 m_kl_max=0.0229 m_ratio_max=0.699 return=-175.7 length=200 success_rate=0.00 collisions/ep=0.00 (n=16)
update=94 global_step=192512 SPS=458 w_ev=0.602 m_ev=0.077 m_v_bias=6.9 m_adv_std=30.4123 m_kl_max=0.0201 m_ratio_max=0.841 return=-220.3 length=200 success_rate=0.00 collisions/ep=0.88 (n=8)
update=95 global_step=194560 SPS=461 w_ev=0.745 m_ev=0.345 m_v_bias=-1.1 m_adv_std=8.9756 m_kl_max=0.0093 m_ratio_max=0.430 return=-184.1 length=200 success_rate=0.00 collisions/ep=0.12 (n=8)
Evaluation at update 95: return=-175.31, length=200.00, success_rate=0.00, collisions/ep=0.00
Solved-check at update 95: solved=False worst_gap=1196.97 at p_x0=2.00 p_y0=0.00 (consecutive=0)
update=96 global_step=196608 SPS=448 w_ev=0.697 m_ev=0.855 m_v_bias=-3.1 m_adv_std=2.3468 m_kl_max=0.0275 m_ratio_max=0.609 return=-185.7 length=200 success_rate=0.00 collisions/ep=0.12 (n=8)
update=97 global_step=198656 SPS=451 w_ev=0.859 m_ev=0.953 m_v_bias=-2.7 m_adv_std=1.7624 m_kl_max=0.0316 m_ratio_max=0.796 return=-175.2 length=200 success_rate=0.00 collisions/ep=0.00 (n=16)
update=98 global_step=200704 SPS=454 w_ev=0.660 m_ev=0.314 m_v_bias=2.7 m_adv_std=13.6563 m_kl_max=0.0253 m_ratio_max=0.706 return=-193.3 length=200 success_rate=0.00 collisions/ep=0.38 (n=8)
update=99 global_step=202752 SPS=457 w_ev=0.700 m_ev=0.441 m_v_bias=1.1 m_adv_std=9.0147 m_kl_max=0.0166 m_ratio_max=0.881 return=-185.3 length=200 success_rate=0.00 collisions/ep=0.12 (n=8)
update=100 global_step=204800 SPS=460 w_ev=0.688 m_ev=0.366 m_v_bias=3.8 m_adv_std=17.0514 m_kl_max=0.0226 m_ratio_max=1.166 return=-196.5 length=200 success_rate=0.00 collisions/ep=0.44 (n=16)
Evaluation at update 100: return=-178.34, length=200.00, success_rate=0.00, collisions/ep=0.00
Solved-check at update 100: solved=False worst_gap=1198.73 at p_x0=2.00 p_y0=0.50 (consecutive=0)
update=101 global_step=206848 SPS=449 w_ev=0.805 m_ev=0.537 m_v_bias=-0.8 m_adv_std=7.1489 m_kl_max=0.0041 m_ratio_max=0.465 return=-183.8 length=200 success_rate=0.00 collisions/ep=0.12 (n=8)
update=102 global_step=208896 SPS=452 w_ev=0.760 m_ev=0.572 m_v_bias=-0.9 m_adv_std=5.8542 m_kl_max=0.0075 m_ratio_max=0.370 return=-184.8 length=200 success_rate=0.00 collisions/ep=0.12 (n=8)
update=103 global_step=210944 SPS=454 w_ev=0.777 m_ev=0.938 m_v_bias=-1.5 m_adv_std=1.5704 m_kl_max=0.0160 m_ratio_max=0.689 return=-179.9 length=200 success_rate=0.00 collisions/ep=0.00 (n=8)
update=104 global_step=212992 SPS=457 w_ev=0.811 m_ev=0.598 m_v_bias=0.3 m_adv_std=6.2644 m_kl_max=0.0053 m_ratio_max=0.439 return=-184.6 length=200 success_rate=0.00 collisions/ep=0.06 (n=16)
update=105 global_step=215040 SPS=460 w_ev=0.716 m_ev=0.919 m_v_bias=-1.4 m_adv_std=1.5978 m_kl_max=0.0260 m_ratio_max=0.596 return=-176.9 length=200 success_rate=0.00 collisions/ep=0.00 (n=8)
Evaluation at update 105: return=-176.12, length=200.00, success_rate=0.00, collisions/ep=0.00
Solved-check at update 105: solved=False worst_gap=1196.53 at p_x0=2.00 p_y0=0.50 (consecutive=0)
update=106 global_step=217088 SPS=448 w_ev=0.617 m_ev=0.954 m_v_bias=-1.1 m_adv_std=1.1345 m_kl_max=0.0374 m_ratio_max=1.160 return=-178.8 length=200 success_rate=0.00 collisions/ep=0.00 (n=8)
update=107 global_step=219136 SPS=451 w_ev=0.741 m_ev=0.543 m_v_bias=-0.2 m_adv_std=6.2215 m_kl_max=0.0033 m_ratio_max=0.258 return=-180.7 length=200 success_rate=0.00 collisions/ep=0.00 (n=8)
update=108 global_step=221184 SPS=453 w_ev=0.647 m_ev=0.097 m_v_bias=8.4 m_adv_std=32.1245 m_kl_max=0.0224 m_ratio_max=0.778 return=-202.3 length=200 success_rate=0.00 collisions/ep=0.50 (n=16)
update=109 global_step=223232 SPS=456 w_ev=0.722 m_ev=0.236 m_v_bias=-1.6 m_adv_std=8.2727 m_kl_max=0.0117 m_ratio_max=0.600 return=-176.0 length=200 success_rate=0.00 collisions/ep=0.00 (n=8)
update=110 global_step=225280 SPS=459 w_ev=0.780 m_ev=0.554 m_v_bias=-1.4 m_adv_std=6.3121 m_kl_max=0.0116 m_ratio_max=0.740 return=-190.8 length=200 success_rate=0.00 collisions/ep=0.25 (n=8)
Evaluation at update 110: return=-177.21, length=200.00, success_rate=0.00, collisions/ep=0.00
Solved-check at update 110: solved=False worst_gap=1198.84 at p_x0=2.00 p_y0=0.00 (consecutive=0)
update=111 global_step=227328 SPS=448 w_ev=0.398 m_ev=0.064 m_v_bias=2.4 m_adv_std=44.5779 m_kl_max=0.0405 m_ratio_max=1.917 return=-210.2 length=200 success_rate=0.00 collisions/ep=0.69 (n=16)
update=112 global_step=229376 SPS=451 w_ev=0.745 m_ev=0.849 m_v_bias=-0.7 m_adv_std=2.5832 m_kl_max=0.0124 m_ratio_max=0.486 return=-179.0 length=200 success_rate=0.00 collisions/ep=0.00 (n=8)
update=113 global_step=231424 SPS=453 w_ev=0.714 m_ev=0.279 m_v_bias=1.1 m_adv_std=6.6203 m_kl_max=0.0083 m_ratio_max=0.391 return=-178.5 length=200 success_rate=0.00 collisions/ep=0.00 (n=8)
update=114 global_step=233472 SPS=456 w_ev=0.742 m_ev=0.887 m_v_bias=-1.1 m_adv_std=1.7554 m_kl_max=0.0206 m_ratio_max=0.914 return=-189.1 length=200 success_rate=0.00 collisions/ep=0.12 (n=8)
update=115 global_step=235520 SPS=459 w_ev=0.893 m_ev=0.949 m_v_bias=-1.2 m_adv_std=1.5728 m_kl_max=0.0379 m_ratio_max=1.150 return=-177.7 length=200 success_rate=0.00 collisions/ep=0.00 (n=16)
Evaluation at update 115: return=-176.66, length=200.00, success_rate=0.00, collisions/ep=0.00
Solved-check at update 115: solved=False worst_gap=1197.48 at p_x0=2.00 p_y0=0.50 (consecutive=0)
update=116 global_step=237568 SPS=449 w_ev=0.805 m_ev=0.958 m_v_bias=-0.7 m_adv_std=1.1647 m_kl_max=0.0186 m_ratio_max=0.580 return=-183.0 length=200 success_rate=0.00 collisions/ep=0.00 (n=8)
update=117 global_step=239616 SPS=451 w_ev=0.833 m_ev=0.961 m_v_bias=-1.5 m_adv_std=1.2721 m_kl_max=0.0186 m_ratio_max=0.597 return=-178.3 length=200 success_rate=0.00 collisions/ep=0.00 (n=8)
update=118 global_step=241664 SPS=454 w_ev=0.673 m_ev=0.086 m_v_bias=7.1 m_adv_std=32.3658 m_kl_max=0.0228 m_ratio_max=0.680 return=-193.4 length=200 success_rate=0.00 collisions/ep=0.31 (n=16)
update=119 global_step=243712 SPS=456 w_ev=0.662 m_ev=0.181 m_v_bias=10.8 m_adv_std=35.9856 m_kl_max=0.0296 m_ratio_max=0.777 return=-234.2 length=200 success_rate=0.00 collisions/ep=1.12 (n=8)
update=120 global_step=245760 SPS=459 w_ev=0.849 m_ev=0.047 m_v_bias=-5.5 m_adv_std=8.0182 m_kl_max=0.0185 m_ratio_max=0.663 return=-176.0 length=200 success_rate=0.00 collisions/ep=0.00 (n=8)
Evaluation at update 120: return=-178.06, length=200.00, success_rate=0.00, collisions/ep=0.00
Solved-check at update 120: solved=False worst_gap=1199.14 at p_x0=2.00 p_y0=0.50 (consecutive=0)
update=121 global_step=247808 SPS=449 w_ev=0.826 m_ev=0.846 m_v_bias=-3.4 m_adv_std=2.6366 m_kl_max=0.0145 m_ratio_max=0.992 return=-174.6 length=200 success_rate=0.00 collisions/ep=0.00 (n=8)
update=122 global_step=249856 SPS=452 w_ev=0.902 m_ev=0.948 m_v_bias=-2.5 m_adv_std=1.8299 m_kl_max=0.0542 m_ratio_max=0.756 return=-176.8 length=200 success_rate=0.00 collisions/ep=0.00 (n=16)
update=123 global_step=251904 SPS=454 w_ev=0.899 m_ev=0.647 m_v_bias=-0.8 m_adv_std=5.7764 m_kl_max=0.0254 m_ratio_max=1.478 return=-184.1 length=200 success_rate=0.00 collisions/ep=0.12 (n=8)
update=124 global_step=253952 SPS=457 w_ev=0.785 m_ev=0.936 m_v_bias=-0.6 m_adv_std=1.4060 m_kl_max=0.0328 m_ratio_max=0.879 return=-171.1 length=200 success_rate=0.00 collisions/ep=0.00 (n=8)
update=125 global_step=256000 SPS=459 w_ev=0.518 m_ev=0.028 m_v_bias=7.1 m_adv_std=42.3694 m_kl_max=0.0159 m_ratio_max=0.660 return=-198.7 length=200 success_rate=0.00 collisions/ep=0.44 (n=16)
Evaluation at update 125: return=-178.95, length=200.00, success_rate=0.00, collisions/ep=0.00
Solved-check at update 125: solved=False worst_gap=1200.19 at p_x0=2.00 p_y0=0.50 (consecutive=0)
update=126 global_step=258048 SPS=449 w_ev=0.869 m_ev=0.430 m_v_bias=-5.1 m_adv_std=5.9147 m_kl_max=0.0210 m_ratio_max=1.064 return=-178.7 length=200 success_rate=0.00 collisions/ep=0.00 (n=8)
update=127 global_step=260096 SPS=452 w_ev=0.842 m_ev=0.912 m_v_bias=-2.3 m_adv_std=1.8763 m_kl_max=0.0130 m_ratio_max=0.623 return=-176.1 length=200 success_rate=0.00 collisions/ep=0.00 (n=8)
update=128 global_step=262144 SPS=454 w_ev=0.814 m_ev=0.959 m_v_bias=-1.5 m_adv_std=1.3065 m_kl_max=0.0443 m_ratio_max=0.928 return=-175.8 length=200 success_rate=0.00 collisions/ep=0.00 (n=8)
update=129 global_step=264192 SPS=456 w_ev=0.894 m_ev=0.639 m_v_bias=-0.2 m_adv_std=6.4008 m_kl_max=0.0232 m_ratio_max=0.635 return=-178.5 length=200 success_rate=0.00 collisions/ep=0.06 (n=16)
update=130 global_step=266240 SPS=458 w_ev=0.846 m_ev=0.973 m_v_bias=-1.4 m_adv_std=1.1676 m_kl_max=0.0099 m_ratio_max=0.643 return=-175.4 length=200 success_rate=0.00 collisions/ep=0.00 (n=8)
Evaluation at update 130: return=-174.78, length=200.00, success_rate=0.00, collisions/ep=0.00
Solved-check at update 130: solved=False worst_gap=1196.18 at p_x0=2.00 p_y0=0.50 (consecutive=0)
update=131 global_step=268288 SPS=449 w_ev=0.838 m_ev=0.974 m_v_bias=-1.1 m_adv_std=0.9781 m_kl_max=0.0358 m_ratio_max=0.700 return=-171.6 length=200 success_rate=0.00 collisions/ep=0.00 (n=8)
update=132 global_step=270336 SPS=451 w_ev=0.850 m_ev=0.633 m_v_bias=-0.1 m_adv_std=5.7266 m_kl_max=0.0137 m_ratio_max=0.672 return=-181.9 length=200 success_rate=0.00 collisions/ep=0.12 (n=8)
update=133 global_step=272384 SPS=453 w_ev=0.944 m_ev=0.980 m_v_bias=-0.3 m_adv_std=1.2684 m_kl_max=0.0401 m_ratio_max=0.956 return=-172.9 length=200 success_rate=0.00 collisions/ep=0.00 (n=16)
update=134 global_step=274432 SPS=455 w_ev=0.863 m_ev=0.975 m_v_bias=-0.9 m_adv_std=1.0494 m_kl_max=0.0189 m_ratio_max=1.381 return=-173.0 length=200 success_rate=0.00 collisions/ep=0.00 (n=8)
update=135 global_step=276480 SPS=457 w_ev=0.839 m_ev=0.617 m_v_bias=0.4 m_adv_std=5.9117 m_kl_max=0.0120 m_ratio_max=0.761 return=-181.2 length=200 success_rate=0.00 collisions/ep=0.12 (n=8)
Evaluation at update 135: return=-173.18, length=200.00, success_rate=0.00, collisions/ep=0.00
Solved-check at update 135: solved=False worst_gap=1193.54 at p_x0=2.00 p_y0=1.00 (consecutive=0)
update=136 global_step=278528 SPS=449 w_ev=0.734 m_ev=0.112 m_v_bias=11.3 m_adv_std=32.5981 m_kl_max=0.0176 m_ratio_max=0.874 return=-197.2 length=200 success_rate=0.00 collisions/ep=0.50 (n=16)
update=137 global_step=280576 SPS=451 w_ev=0.825 m_ev=0.513 m_v_bias=-2.9 m_adv_std=6.6867 m_kl_max=0.0205 m_ratio_max=1.053 return=-179.5 length=200 success_rate=0.00 collisions/ep=0.12 (n=8)
update=138 global_step=282624 SPS=453 w_ev=0.733 m_ev=0.196 m_v_bias=-0.9 m_adv_std=20.1662 m_kl_max=0.0109 m_ratio_max=0.454 return=-202.8 length=200 success_rate=0.00 collisions/ep=0.50 (n=8)
update=139 global_step=284672 SPS=455 w_ev=0.836 m_ev=0.349 m_v_bias=-0.4 m_adv_std=7.4369 m_kl_max=0.0073 m_ratio_max=0.483 return=-176.1 length=200 success_rate=0.00 collisions/ep=0.00 (n=8)
update=140 global_step=286720 SPS=457 w_ev=0.822 m_ev=0.144 m_v_bias=3.6 m_adv_std=25.9151 m_kl_max=0.0113 m_ratio_max=0.472 return=-191.2 length=200 success_rate=0.00 collisions/ep=0.31 (n=16)
Evaluation at update 140: return=-173.08, length=200.00, success_rate=0.00, collisions/ep=0.00
Solved-check at update 140: solved=False worst_gap=1193.09 at p_x0=2.00 p_y0=1.00 (consecutive=0)
update=141 global_step=288768 SPS=449 w_ev=0.819 m_ev=0.619 m_v_bias=-3.0 m_adv_std=5.1375 m_kl_max=0.0168 m_ratio_max=0.525 return=-178.0 length=200 success_rate=0.00 collisions/ep=0.12 (n=8)
update=142 global_step=290816 SPS=451 w_ev=0.682 m_ev=0.050 m_v_bias=6.2 m_adv_std=31.5954 m_kl_max=0.0237 m_ratio_max=0.956 return=-176.3 length=200 success_rate=0.00 collisions/ep=0.00 (n=8)
update=143 global_step=292864 SPS=453 w_ev=0.898 m_ev=0.804 m_v_bias=-4.6 m_adv_std=3.4672 m_kl_max=0.0210 m_ratio_max=0.631 return=-193.2 length=200 success_rate=0.00 collisions/ep=0.38 (n=16)
update=144 global_step=294912 SPS=455 w_ev=0.913 m_ev=0.644 m_v_bias=-2.3 m_adv_std=6.1067 m_kl_max=0.0232 m_ratio_max=0.684 return=-180.1 length=200 success_rate=0.00 collisions/ep=0.12 (n=8)
update=145 global_step=296960 SPS=457 w_ev=0.870 m_ev=0.402 m_v_bias=-0.3 m_adv_std=10.4832 m_kl_max=0.0300 m_ratio_max=0.746 return=-182.4 length=200 success_rate=0.00 collisions/ep=0.25 (n=8)
Evaluation at update 145: return=-173.90, length=200.00, success_rate=0.00, collisions/ep=0.00
Solved-check at update 145: solved=False worst_gap=1194.64 at p_x0=2.00 p_y0=1.00 (consecutive=0)
update=146 global_step=299008 SPS=449 w_ev=0.879 m_ev=0.613 m_v_bias=0.4 m_adv_std=6.3268 m_kl_max=0.0134 m_ratio_max=0.724 return=-172.5 length=200 success_rate=0.00 collisions/ep=0.00 (n=8)
update=147 global_step=301056 SPS=451 w_ev=0.938 m_ev=0.979 m_v_bias=-0.9 m_adv_std=1.3371 m_kl_max=0.0173 m_ratio_max=1.100 return=-172.9 length=200 success_rate=0.00 collisions/ep=0.06 (n=16)
update=148 global_step=303104 SPS=453 w_ev=0.910 m_ev=0.976 m_v_bias=-0.9 m_adv_std=1.1633 m_kl_max=0.0491 m_ratio_max=0.715 return=-174.8 length=200 success_rate=0.00 collisions/ep=0.00 (n=8)
update=149 global_step=305152 SPS=455 w_ev=0.899 m_ev=0.982 m_v_bias=-1.3 m_adv_std=0.9651 m_kl_max=0.0374 m_ratio_max=0.951 return=-168.6 length=200 success_rate=0.00 collisions/ep=0.00 (n=8)
update=150 global_step=307200 SPS=457 w_ev=0.708 m_ev=0.119 m_v_bias=6.7 m_adv_std=27.0696 m_kl_max=0.0175 m_ratio_max=1.078 return=-195.7 length=200 success_rate=0.00 collisions/ep=0.50 (n=16)
Evaluation at update 150: return=-171.73, length=200.00, success_rate=0.00, collisions/ep=0.00
Solved-check at update 150: solved=False worst_gap=1192.39 at p_x0=2.00 p_y0=1.00 (consecutive=0)
update=151 global_step=309248 SPS=449 w_ev=0.834 m_ev=0.140 m_v_bias=3.2 m_adv_std=23.1771 m_kl_max=0.0154 m_ratio_max=0.520 return=-200.5 length=200 success_rate=0.00 collisions/ep=0.62 (n=8)
update=152 global_step=311296 SPS=450 w_ev=0.931 m_ev=0.419 m_v_bias=-1.8 m_adv_std=9.1040 m_kl_max=0.0229 m_ratio_max=0.714 return=-179.6 length=200 success_rate=0.00 collisions/ep=0.12 (n=8)
update=153 global_step=313344 SPS=452 w_ev=0.919 m_ev=0.928 m_v_bias=-3.5 m_adv_std=2.1302 m_kl_max=0.0246 m_ratio_max=1.104 return=-173.8 length=200 success_rate=0.00 collisions/ep=0.12 (n=8)
update=154 global_step=315392 SPS=454 w_ev=0.951 m_ev=0.967 m_v_bias=-2.3 m_adv_std=1.7090 m_kl_max=0.0290 m_ratio_max=0.759 return=-169.4 length=200 success_rate=0.00 collisions/ep=0.00 (n=16)
update=155 global_step=317440 SPS=456 w_ev=0.858 m_ev=0.969 m_v_bias=-1.2 m_adv_std=1.2431 m_kl_max=0.0435 m_ratio_max=0.966 return=-172.8 length=200 success_rate=0.00 collisions/ep=0.00 (n=8)
Evaluation at update 155: return=-170.86, length=200.00, success_rate=0.00, collisions/ep=0.00
Solved-check at update 155: solved=False worst_gap=1191.51 at p_x0=2.00 p_y0=0.50 (consecutive=0)
update=156 global_step=319488 SPS=449 w_ev=0.918 m_ev=0.559 m_v_bias=0.2 m_adv_std=6.6049 m_kl_max=0.0389 m_ratio_max=1.266 return=-173.4 length=200 success_rate=0.00 collisions/ep=0.00 (n=8)
update=157 global_step=321536 SPS=451 w_ev=0.876 m_ev=0.278 m_v_bias=2.5 m_adv_std=13.7090 m_kl_max=0.0214 m_ratio_max=1.102 return=-194.5 length=200 success_rate=0.00 collisions/ep=0.50 (n=8)
update=158 global_step=323584 SPS=453 w_ev=0.958 m_ev=0.953 m_v_bias=-1.5 m_adv_std=2.2185 m_kl_max=0.0326 m_ratio_max=1.033 return=-172.6 length=200 success_rate=0.00 collisions/ep=0.06 (n=16)
update=159 global_step=325632 SPS=454 w_ev=0.912 m_ev=0.365 m_v_bias=2.9 m_adv_std=11.2195 m_kl_max=0.0306 m_ratio_max=1.692 return=-186.4 length=200 success_rate=0.00 collisions/ep=0.38 (n=8)
update=160 global_step=327680 SPS=456 w_ev=0.718 m_ev=0.100 m_v_bias=4.4 m_adv_std=30.9121 m_kl_max=0.0220 m_ratio_max=0.599 return=-186.9 length=200 success_rate=0.00 collisions/ep=0.38 (n=8)
Evaluation at update 160: return=-168.47, length=200.00, success_rate=0.00, collisions/ep=0.00
Solved-check at update 160: solved=False worst_gap=1189.28 at p_x0=2.00 p_y0=1.00 (consecutive=0)
update=161 global_step=329728 SPS=449 w_ev=0.939 m_ev=0.900 m_v_bias=-3.1 m_adv_std=3.1465 m_kl_max=0.0190 m_ratio_max=0.560 return=-185.5 length=200 success_rate=0.00 collisions/ep=0.31 (n=16)
update=162 global_step=331776 SPS=451 w_ev=0.900 m_ev=0.053 m_v_bias=0.3 m_adv_std=16.8369 m_kl_max=0.0364 m_ratio_max=0.780 return=-169.3 length=200 success_rate=0.00 collisions/ep=0.00 (n=8)
update=163 global_step=333824 SPS=452 w_ev=0.927 m_ev=0.818 m_v_bias=-2.9 m_adv_std=3.5350 m_kl_max=0.0280 m_ratio_max=1.032 return=-185.2 length=200 success_rate=0.00 collisions/ep=0.38 (n=8)
update=164 global_step=335872 SPS=454 w_ev=0.927 m_ev=0.976 m_v_bias=-1.7 m_adv_std=1.2863 m_kl_max=0.0308 m_ratio_max=0.638 return=-167.5 length=200 success_rate=0.00 collisions/ep=0.00 (n=8)
update=165 global_step=337920 SPS=455 w_ev=0.941 m_ev=0.721 m_v_bias=0.1 m_adv_std=6.2943 m_kl_max=0.0274 m_ratio_max=1.354 return=-171.7 length=200 success_rate=0.00 collisions/ep=0.06 (n=16)
Evaluation at update 165: return=-167.11, length=200.00, success_rate=0.00, collisions/ep=0.00
Solved-check at update 165: solved=False worst_gap=1187.73 at p_x0=2.00 p_y0=0.00 (consecutive=0)
update=166 global_step=339968 SPS=448 w_ev=0.919 m_ev=0.975 m_v_bias=-1.3 m_adv_std=1.2822 m_kl_max=0.0432 m_ratio_max=1.330 return=-167.5 length=200 success_rate=0.00 collisions/ep=0.00 (n=8)
update=167 global_step=342016 SPS=449 w_ev=0.936 m_ev=0.983 m_v_bias=-1.1 m_adv_std=1.0752 m_kl_max=0.0490 m_ratio_max=0.798 return=-166.2 length=200 success_rate=0.00 collisions/ep=0.00 (n=8)
update=168 global_step=344064 SPS=451 w_ev=0.930 m_ev=0.249 m_v_bias=2.6 m_adv_std=11.5170 m_kl_max=0.0113 m_ratio_max=0.629 return=-174.9 length=200 success_rate=0.00 collisions/ep=0.19 (n=16)
update=169 global_step=346112 SPS=453 w_ev=0.943 m_ev=0.929 m_v_bias=-3.7 m_adv_std=2.9073 m_kl_max=0.0302 m_ratio_max=0.792 return=-163.8 length=200 success_rate=0.00 collisions/ep=0.00 (n=8)
update=170 global_step=348160 SPS=454 w_ev=0.936 m_ev=0.980 m_v_bias=-1.6 m_adv_std=1.2020 m_kl_max=0.0281 m_ratio_max=0.944 return=-163.9 length=200 success_rate=0.00 collisions/ep=0.00 (n=8)
Evaluation at update 170: return=-161.48, length=200.00, success_rate=0.00, collisions/ep=0.00
Solved-check at update 170: solved=False worst_gap=1181.99 at p_x0=2.00 p_y0=1.00 (consecutive=0)
update=171 global_step=350208 SPS=448 w_ev=0.934 m_ev=0.988 m_v_bias=-1.0 m_adv_std=0.9925 m_kl_max=0.0575 m_ratio_max=0.949 return=-164.7 length=200 success_rate=0.00 collisions/ep=0.00 (n=8)
update=172 global_step=352256 SPS=450 w_ev=0.960 m_ev=0.768 m_v_bias=-0.2 m_adv_std=6.4734 m_kl_max=0.0396 m_ratio_max=1.801 return=-164.2 length=200 success_rate=0.00 collisions/ep=0.06 (n=16)
update=173 global_step=354304 SPS=451 w_ev=0.958 m_ev=0.984 m_v_bias=-1.6 m_adv_std=1.3321 m_kl_max=0.0358 m_ratio_max=0.770 return=-158.4 length=200 success_rate=0.00 collisions/ep=0.00 (n=8)
update=174 global_step=356352 SPS=453 w_ev=0.933 m_ev=0.561 m_v_bias=2.2 m_adv_std=9.8222 m_kl_max=0.0354 m_ratio_max=1.365 return=-167.7 length=200 success_rate=0.00 collisions/ep=0.25 (n=8)
update=175 global_step=358400 SPS=455 w_ev=0.937 m_ev=0.788 m_v_bias=-0.8 m_adv_std=6.2166 m_kl_max=0.0269 m_ratio_max=1.226 return=-164.2 length=200 success_rate=0.00 collisions/ep=0.12 (n=16)
Evaluation at update 175: return=-158.53, length=200.00, success_rate=0.00, collisions/ep=0.00
Solved-check at update 175: solved=False worst_gap=1178.82 at p_x0=2.00 p_y0=0.00 (consecutive=0)
update=176 global_step=360448 SPS=448 w_ev=0.968 m_ev=0.788 m_v_bias=0.8 m_adv_std=6.5809 m_kl_max=0.0193 m_ratio_max=0.560 return=-162.5 length=200 success_rate=0.00 collisions/ep=0.12 (n=8)
update=177 global_step=362496 SPS=450 w_ev=0.957 m_ev=0.980 m_v_bias=-1.7 m_adv_std=1.3830 m_kl_max=0.0420 m_ratio_max=0.723 return=-157.3 length=200 success_rate=0.00 collisions/ep=0.00 (n=8)
update=178 global_step=364544 SPS=451 w_ev=0.962 m_ev=0.988 m_v_bias=-1.5 m_adv_std=1.2411 m_kl_max=0.0530 m_ratio_max=0.939 return=-157.5 length=200 success_rate=0.00 collisions/ep=0.00 (n=8)
update=179 global_step=366592 SPS=453 w_ev=0.968 m_ev=0.901 m_v_bias=-0.9 m_adv_std=4.3776 m_kl_max=0.0352 m_ratio_max=0.748 return=-158.2 length=200 success_rate=0.00 collisions/ep=0.06 (n=16)
update=180 global_step=368640 SPS=455 w_ev=0.952 m_ev=0.985 m_v_bias=-1.2 m_adv_std=1.4709 m_kl_max=0.0432 m_ratio_max=0.890 return=-154.1 length=200 success_rate=0.00 collisions/ep=0.00 (n=8)
Evaluation at update 180: return=-152.69, length=200.00, success_rate=0.00, collisions/ep=0.00
Solved-check at update 180: solved=False worst_gap=1173.11 at p_x0=2.00 p_y0=0.00 (consecutive=0)
update=181 global_step=370688 SPS=449 w_ev=0.966 m_ev=0.990 m_v_bias=-1.4 m_adv_std=1.1426 m_kl_max=0.0563 m_ratio_max=0.755 return=-152.1 length=200 success_rate=0.00 collisions/ep=0.00 (n=8)
update=182 global_step=372736 SPS=451 w_ev=0.911 m_ev=0.173 m_v_bias=9.8 m_adv_std=25.5505 m_kl_max=0.0225 m_ratio_max=0.892 return=-150.3 length=200 success_rate=0.00 collisions/ep=0.00 (n=8)
update=183 global_step=374784 SPS=452 w_ev=0.981 m_ev=0.813 m_v_bias=-4.5 m_adv_std=5.7639 m_kl_max=0.0222 m_ratio_max=0.528 return=-179.4 length=200 success_rate=0.00 collisions/ep=0.56 (n=16)
update=184 global_step=376832 SPS=454 w_ev=0.941 m_ev=0.115 m_v_bias=3.7 m_adv_std=23.8417 m_kl_max=0.0390 m_ratio_max=2.370 return=-156.3 length=200 success_rate=0.00 collisions/ep=0.12 (n=8)
update=185 global_step=378880 SPS=455 w_ev=0.973 m_ev=0.585 m_v_bias=-3.1 m_adv_std=8.6513 m_kl_max=0.0160 m_ratio_max=0.701 return=-189.9 length=200 success_rate=0.00 collisions/ep=0.75 (n=8)
Evaluation at update 185: return=-151.67, length=200.00, success_rate=0.00, collisions/ep=0.00
Solved-check at update 185: solved=False worst_gap=1172.26 at p_x0=2.00 p_y0=0.50 (consecutive=0)
update=186 global_step=380928 SPS=449 w_ev=0.976 m_ev=0.665 m_v_bias=-0.8 m_adv_std=8.3456 m_kl_max=0.0476 m_ratio_max=0.799 return=-161.7 length=200 success_rate=0.00 collisions/ep=0.12 (n=16)
update=187 global_step=382976 SPS=451 w_ev=0.920 m_ev=0.432 m_v_bias=7.7 m_adv_std=20.4072 m_kl_max=0.0481 m_ratio_max=1.456 return=-197.1 length=200 success_rate=0.00 collisions/ep=0.88 (n=8)
update=188 global_step=385024 SPS=452 w_ev=0.928 m_ev=0.276 m_v_bias=4.5 m_adv_std=19.5716 m_kl_max=0.0252 m_ratio_max=1.102 return=-173.3 length=200 success_rate=0.00 collisions/ep=0.50 (n=8)
update=189 global_step=387072 SPS=454 w_ev=0.961 m_ev=0.731 m_v_bias=-6.1 m_adv_std=7.0837 m_kl_max=0.0117 m_ratio_max=0.717 return=-176.6 length=200 success_rate=0.00 collisions/ep=0.50 (n=8)
update=190 global_step=389120 SPS=455 w_ev=0.988 m_ev=0.980 m_v_bias=-4.1 m_adv_std=2.2952 m_kl_max=0.0260 m_ratio_max=0.787 return=-153.8 length=200 success_rate=0.00 collisions/ep=0.06 (n=16)
Evaluation at update 190: return=-151.38, length=200.00, success_rate=0.00, collisions/ep=0.00
Solved-check at update 190: solved=False worst_gap=1172.10 at p_x0=2.00 p_y0=0.50 (consecutive=0)
update=191 global_step=391168 SPS=450 w_ev=0.912 m_ev=0.285 m_v_bias=9.4 m_adv_std=27.4190 m_kl_max=0.0385 m_ratio_max=1.027 return=-192.2 length=200 success_rate=0.00 collisions/ep=0.88 (n=8)
update=192 global_step=393216 SPS=451 w_ev=0.959 m_ev=0.868 m_v_bias=-3.2 m_adv_std=5.0210 m_kl_max=0.0192 m_ratio_max=0.803 return=-162.7 length=200 success_rate=0.00 collisions/ep=0.25 (n=8)
update=193 global_step=395264 SPS=453 w_ev=0.945 m_ev=0.320 m_v_bias=1.2 m_adv_std=18.6787 m_kl_max=0.0086 m_ratio_max=0.451 return=-161.7 length=200 success_rate=0.00 collisions/ep=0.19 (n=16)
update=194 global_step=397312 SPS=454 w_ev=0.939 m_ev=0.521 m_v_bias=-0.1 m_adv_std=12.9623 m_kl_max=0.0304 m_ratio_max=0.749 return=-162.8 length=200 success_rate=0.00 collisions/ep=0.12 (n=8)
update=195 global_step=399360 SPS=455 w_ev=0.942 m_ev=0.872 m_v_bias=-3.2 m_adv_std=4.8628 m_kl_max=0.0206 m_ratio_max=1.258 return=-169.3 length=200 success_rate=0.00 collisions/ep=0.38 (n=8)
Evaluation at update 195: return=-151.93, length=200.00, success_rate=0.00, collisions/ep=0.00
Solved-check at update 195: solved=False worst_gap=1172.32 at p_x0=2.00 p_y0=1.00 (consecutive=0)
update=196 global_step=401408 SPS=449 w_ev=0.949 m_ev=0.983 m_v_bias=-1.9 m_adv_std=1.5875 m_kl_max=0.0478 m_ratio_max=2.255 return=-151.1 length=200 success_rate=0.00 collisions/ep=0.00 (n=8)
update=197 global_step=403456 SPS=450 w_ev=0.971 m_ev=0.847 m_v_bias=-0.6 m_adv_std=5.7935 m_kl_max=0.0462 m_ratio_max=1.830 return=-155.5 length=200 success_rate=0.00 collisions/ep=0.06 (n=16)
update=198 global_step=405504 SPS=451 w_ev=0.952 m_ev=0.797 m_v_bias=-0.5 m_adv_std=6.3746 m_kl_max=0.0245 m_ratio_max=0.905 return=-154.7 length=200 success_rate=0.00 collisions/ep=0.12 (n=8)
update=199 global_step=407552 SPS=453 w_ev=0.933 m_ev=0.386 m_v_bias=2.2 m_adv_std=13.3717 m_kl_max=0.0158 m_ratio_max=0.612 return=-159.9 length=200 success_rate=0.00 collisions/ep=0.12 (n=8)
update=200 global_step=409600 SPS=454 w_ev=0.952 m_ev=0.937 m_v_bias=-2.9 m_adv_std=3.0034 m_kl_max=0.0362 m_ratio_max=0.798 return=-161.7 length=200 success_rate=0.00 collisions/ep=0.19 (n=16)
Evaluation at update 200: return=-150.25, length=200.00, success_rate=0.00, collisions/ep=0.00
Solved-check at update 200: solved=False worst_gap=1170.73 at p_x0=2.00 p_y0=0.00 (consecutive=0)
update=201 global_step=411648 SPS=448 w_ev=0.979 m_ev=0.851 m_v_bias=0.5 m_adv_std=6.2554 m_kl_max=0.0247 m_ratio_max=0.828 return=-160.5 length=200 success_rate=0.00 collisions/ep=0.12 (n=8)
update=202 global_step=413696 SPS=450 w_ev=0.875 m_ev=0.242 m_v_bias=8.4 m_adv_std=30.9935 m_kl_max=0.0227 m_ratio_max=1.021 return=-194.3 length=200 success_rate=0.00 collisions/ep=0.88 (n=8)
update=203 global_step=415744 SPS=451 w_ev=0.959 m_ev=0.836 m_v_bias=-2.3 m_adv_std=5.4104 m_kl_max=0.0225 m_ratio_max=0.915 return=-153.4 length=200 success_rate=0.00 collisions/ep=0.00 (n=8)
update=204 global_step=417792 SPS=453 w_ev=0.944 m_ev=0.282 m_v_bias=5.2 m_adv_std=25.0772 m_kl_max=0.0158 m_ratio_max=0.954 return=-170.6 length=200 success_rate=0.00 collisions/ep=0.38 (n=16)
update=205 global_step=419840 SPS=454 w_ev=0.962 m_ev=0.870 m_v_bias=-3.9 m_adv_std=4.3745 m_kl_max=0.0234 m_ratio_max=0.958 return=-153.2 length=200 success_rate=0.00 collisions/ep=0.00 (n=8)
Evaluation at update 205: return=-150.82, length=200.00, success_rate=0.00, collisions/ep=0.00
Solved-check at update 205: solved=False worst_gap=1171.12 at p_x0=2.00 p_y0=0.50 (consecutive=0)
update=206 global_step=421888 SPS=449 w_ev=0.971 m_ev=0.973 m_v_bias=-2.6 m_adv_std=2.0490 m_kl_max=0.0283 m_ratio_max=0.911 return=-151.0 length=200 success_rate=0.00 collisions/ep=0.00 (n=8)
update=207 global_step=423936 SPS=450 w_ev=0.972 m_ev=0.990 m_v_bias=-2.1 m_adv_std=1.2854 m_kl_max=0.0286 m_ratio_max=0.719 return=-149.5 length=200 success_rate=0.00 collisions/ep=0.00 (n=8)
update=208 global_step=425984 SPS=451 w_ev=0.864 m_ev=0.064 m_v_bias=9.4 m_adv_std=41.5218 m_kl_max=0.0231 m_ratio_max=1.220 return=-173.4 length=200 success_rate=0.00 collisions/ep=0.44 (n=16)
update=209 global_step=428032 SPS=453 w_ev=0.928 m_ev=0.656 m_v_bias=-5.6 m_adv_std=7.0491 m_kl_max=0.0147 m_ratio_max=1.061 return=-176.7 length=200 success_rate=0.00 collisions/ep=0.50 (n=8)
update=210 global_step=430080 SPS=454 w_ev=0.961 m_ev=0.489 m_v_bias=1.7 m_adv_std=11.8446 m_kl_max=0.0170 m_ratio_max=0.553 return=-152.6 length=200 success_rate=0.00 collisions/ep=0.12 (n=8)
Evaluation at update 210: return=-149.60, length=200.00, success_rate=0.00, collisions/ep=0.00
Solved-check at update 210: solved=False worst_gap=1169.86 at p_x0=2.00 p_y0=0.50 (consecutive=0)
update=211 global_step=432128 SPS=448 w_ev=0.980 m_ev=0.973 m_v_bias=-3.3 m_adv_std=2.3971 m_kl_max=0.0499 m_ratio_max=1.359 return=-158.2 length=200 success_rate=0.00 collisions/ep=0.19 (n=16)
update=212 global_step=434176 SPS=450 w_ev=0.982 m_ev=0.982 m_v_bias=-1.8 m_adv_std=1.8433 m_kl_max=0.0179 m_ratio_max=1.157 return=-147.9 length=200 success_rate=0.00 collisions/ep=0.00 (n=8)
update=213 global_step=436224 SPS=451 w_ev=0.976 m_ev=0.728 m_v_bias=1.8 m_adv_std=8.6895 m_kl_max=0.0194 m_ratio_max=0.494 return=-163.4 length=200 success_rate=0.00 collisions/ep=0.25 (n=8)
update=214 global_step=438272 SPS=452 w_ev=0.928 m_ev=0.293 m_v_bias=3.3 m_adv_std=17.9150 m_kl_max=0.0216 m_ratio_max=0.794 return=-151.6 length=200 success_rate=0.00 collisions/ep=0.00 (n=8)
update=215 global_step=440320 SPS=454 w_ev=0.989 m_ev=0.983 m_v_bias=-2.5 m_adv_std=1.9837 m_kl_max=0.0110 m_ratio_max=0.418 return=-161.6 length=200 success_rate=0.00 collisions/ep=0.19 (n=16)
Evaluation at update 215: return=-150.39, length=200.00, success_rate=0.00, collisions/ep=0.00
Solved-check at update 215: solved=False worst_gap=1170.09 at p_x0=2.00 p_y0=0.50 (consecutive=0)
update=216 global_step=442368 SPS=449 w_ev=0.977 m_ev=0.988 m_v_bias=-1.6 m_adv_std=1.3092 m_kl_max=0.0246 m_ratio_max=0.776 return=-149.0 length=200 success_rate=0.00 collisions/ep=0.00 (n=8)
update=217 global_step=444416 SPS=450 w_ev=0.976 m_ev=0.820 m_v_bias=-0.2 m_adv_std=6.1308 m_kl_max=0.0094 m_ratio_max=0.476 return=-153.8 length=200 success_rate=0.00 collisions/ep=0.12 (n=8)
update=218 global_step=446464 SPS=451 w_ev=0.850 m_ev=-0.090 m_v_bias=6.6 m_adv_std=32.6343 m_kl_max=0.0183 m_ratio_max=0.805 return=-178.6 length=200 success_rate=0.00 collisions/ep=0.56 (n=16)
update=219 global_step=448512 SPS=452 w_ev=0.961 m_ev=0.827 m_v_bias=-5.9 m_adv_std=5.9920 m_kl_max=0.0260 m_ratio_max=0.615 return=-148.3 length=200 success_rate=0.00 collisions/ep=0.00 (n=8)
update=220 global_step=450560 SPS=454 w_ev=0.974 m_ev=0.986 m_v_bias=-1.8 m_adv_std=1.4115 m_kl_max=0.0245 m_ratio_max=0.714 return=-149.9 length=200 success_rate=0.00 collisions/ep=0.00 (n=8)
Evaluation at update 220: return=-147.70, length=200.00, success_rate=0.00, collisions/ep=0.00
Solved-check at update 220: solved=False worst_gap=1169.12 at p_x0=2.00 p_y0=0.50 (consecutive=0)
update=221 global_step=452608 SPS=449 w_ev=0.973 m_ev=0.730 m_v_bias=0.4 m_adv_std=7.9429 m_kl_max=0.0152 m_ratio_max=0.503 return=-162.7 length=200 success_rate=0.00 collisions/ep=0.25 (n=8)
update=222 global_step=454656 SPS=450 w_ev=0.933 m_ev=0.309 m_v_bias=6.7 m_adv_std=29.9191 m_kl_max=0.0462 m_ratio_max=1.360 return=-167.8 length=200 success_rate=0.00 collisions/ep=0.31 (n=16)
update=223 global_step=456704 SPS=451 w_ev=0.958 m_ev=0.724 m_v_bias=1.0 m_adv_std=8.4531 m_kl_max=0.0190 m_ratio_max=0.967 return=-162.1 length=200 success_rate=0.00 collisions/ep=0.25 (n=8)
update=224 global_step=458752 SPS=452 w_ev=0.957 m_ev=0.730 m_v_bias=-2.3 m_adv_std=5.6572 m_kl_max=0.0142 m_ratio_max=0.788 return=-153.2 length=200 success_rate=0.00 collisions/ep=0.00 (n=8)
update=225 global_step=460800 SPS=454 w_ev=0.981 m_ev=0.957 m_v_bias=-2.9 m_adv_std=2.4940 m_kl_max=0.0240 m_ratio_max=0.949 return=-156.8 length=200 success_rate=0.00 collisions/ep=0.06 (n=16)
Evaluation at update 225: return=-149.29, length=200.00, success_rate=0.00, collisions/ep=0.00
Solved-check at update 225: solved=False worst_gap=1170.16 at p_x0=2.00 p_y0=0.50 (consecutive=0)
update=226 global_step=462848 SPS=449 w_ev=0.984 m_ev=0.831 m_v_bias=-0.5 m_adv_std=6.0264 m_kl_max=0.0091 m_ratio_max=0.437 return=-149.8 length=200 success_rate=0.00 collisions/ep=0.00 (n=8)
update=227 global_step=464896 SPS=450 w_ev=0.978 m_ev=0.990 m_v_bias=-1.3 m_adv_std=1.1284 m_kl_max=0.0384 m_ratio_max=0.605 return=-157.8 length=200 success_rate=0.00 collisions/ep=0.12 (n=8)
update=228 global_step=466944 SPS=451 w_ev=0.980 m_ev=0.812 m_v_bias=0.2 m_adv_std=6.4153 m_kl_max=0.0345 m_ratio_max=1.771 return=-153.4 length=200 success_rate=0.00 collisions/ep=0.12 (n=8)
update=229 global_step=468992 SPS=452 w_ev=0.990 m_ev=0.868 m_v_bias=0.4 m_adv_std=6.3108 m_kl_max=0.0374 m_ratio_max=1.451 return=-150.8 length=200 success_rate=0.00 collisions/ep=0.06 (n=16)
update=230 global_step=471040 SPS=453 w_ev=0.983 m_ev=0.985 m_v_bias=-0.9 m_adv_std=1.6145 m_kl_max=0.0304 m_ratio_max=0.794 return=-147.3 length=200 success_rate=0.00 collisions/ep=0.00 (n=8)
Evaluation at update 230: return=-148.45, length=200.00, success_rate=0.00, collisions/ep=0.00
Solved-check at update 230: solved=False worst_gap=1169.30 at p_x0=2.00 p_y0=0.00 (consecutive=0)
update=231 global_step=473088 SPS=448 w_ev=0.940 m_ev=0.224 m_v_bias=1.1 m_adv_std=15.3764 m_kl_max=0.0376 m_ratio_max=0.847 return=-146.8 length=200 success_rate=0.00 collisions/ep=0.00 (n=8)
update=232 global_step=475136 SPS=449 w_ev=0.842 m_ev=0.086 m_v_bias=8.3 m_adv_std=41.8871 m_kl_max=0.0371 m_ratio_max=1.417 return=-227.9 length=200 success_rate=0.00 collisions/ep=1.62 (n=8)
update=233 global_step=477184 SPS=451 w_ev=0.987 m_ev=0.894 m_v_bias=-3.5 m_adv_std=5.1942 m_kl_max=0.0176 m_ratio_max=0.634 return=-160.8 length=200 success_rate=0.00 collisions/ep=0.25 (n=16)
update=234 global_step=479232 SPS=452 w_ev=0.876 m_ev=0.176 m_v_bias=6.0 m_adv_std=36.3049 m_kl_max=0.0191 m_ratio_max=0.956 return=-184.3 length=200 success_rate=0.00 collisions/ep=0.75 (n=8)
update=235 global_step=481280 SPS=453 w_ev=0.983 m_ev=0.891 m_v_bias=-2.7 m_adv_std=4.5582 m_kl_max=0.0090 m_ratio_max=0.713 return=-156.1 length=200 success_rate=0.00 collisions/ep=0.12 (n=8)
Evaluation at update 235: return=-151.07, length=200.00, success_rate=0.00, collisions/ep=0.00
Solved-check at update 235: solved=False worst_gap=1171.84 at p_x0=2.00 p_y0=0.00 (consecutive=0)
update=236 global_step=483328 SPS=448 w_ev=0.990 m_ev=0.976 m_v_bias=-2.5 m_adv_std=2.1409 m_kl_max=0.0132 m_ratio_max=0.493 return=-150.0 length=200 success_rate=0.00 collisions/ep=0.00 (n=16)
update=237 global_step=485376 SPS=449 w_ev=0.990 m_ev=0.840 m_v_bias=-0.5 m_adv_std=6.1461 m_kl_max=0.0092 m_ratio_max=0.601 return=-154.0 length=200 success_rate=0.00 collisions/ep=0.12 (n=8)
update=238 global_step=487424 SPS=451 w_ev=0.989 m_ev=0.988 m_v_bias=-1.2 m_adv_std=1.3486 m_kl_max=0.0142 m_ratio_max=0.588 return=-147.2 length=200 success_rate=0.00 collisions/ep=0.00 (n=8)
update=239 global_step=489472 SPS=452 w_ev=0.984 m_ev=0.994 m_v_bias=-1.0 m_adv_std=0.9797 m_kl_max=0.0316 m_ratio_max=0.962 return=-149.3 length=200 success_rate=0.00 collisions/ep=0.00 (n=8)
update=240 global_step=491520 SPS=453 w_ev=0.962 m_ev=0.320 m_v_bias=1.5 m_adv_std=17.0151 m_kl_max=0.0195 m_ratio_max=1.253 return=-156.6 length=200 success_rate=0.00 collisions/ep=0.19 (n=16)
Evaluation at update 240: return=-149.25, length=200.00, success_rate=0.00, collisions/ep=0.00
Solved-check at update 240: solved=False worst_gap=1170.19 at p_x0=2.00 p_y0=0.00 (consecutive=0)
update=241 global_step=493568 SPS=448 w_ev=0.711 m_ev=-0.060 m_v_bias=12.2 m_adv_std=39.5535 m_kl_max=0.0311 m_ratio_max=1.433 return=-173.0 length=200 success_rate=0.00 collisions/ep=0.50 (n=8)
update=242 global_step=495616 SPS=449 w_ev=0.959 m_ev=-0.146 m_v_bias=-7.7 m_adv_std=12.0251 m_kl_max=0.0252 m_ratio_max=0.671 return=-215.3 length=200 success_rate=0.00 collisions/ep=1.38 (n=8)
update=243 global_step=497664 SPS=450 w_ev=0.967 m_ev=0.272 m_v_bias=0.8 m_adv_std=11.8594 m_kl_max=0.0044 m_ratio_max=0.385 return=-158.5 length=200 success_rate=0.00 collisions/ep=0.19 (n=16)
update=244 global_step=499712 SPS=451 w_ev=0.888 m_ev=0.145 m_v_bias=6.3 m_adv_std=40.3111 m_kl_max=0.0314 m_ratio_max=1.102 return=-199.2 length=200 success_rate=0.00 collisions/ep=1.00 (n=8)
update=245 global_step=501760 SPS=452 w_ev=0.978 m_ev=0.846 m_v_bias=-3.2 m_adv_std=5.2594 m_kl_max=0.0062 m_ratio_max=0.838 return=-151.7 length=200 success_rate=0.00 collisions/ep=0.00 (n=8)
Evaluation at update 245: return=-149.02, length=200.00, success_rate=0.00, collisions/ep=0.00
Solved-check at update 245: solved=False worst_gap=1167.95 at p_x0=2.00 p_y0=0.50 (consecutive=0)
update=246 global_step=503808 SPS=447 w_ev=0.985 m_ev=0.680 m_v_bias=0.2 m_adv_std=9.5138 m_kl_max=0.0352 m_ratio_max=1.837 return=-147.2 length=200 success_rate=0.00 collisions/ep=0.00 (n=8)
update=247 global_step=505856 SPS=448 w_ev=0.920 m_ev=0.179 m_v_bias=6.7 m_adv_std=32.3408 m_kl_max=0.0193 m_ratio_max=0.600 return=-177.8 length=200 success_rate=0.00 collisions/ep=0.62 (n=16)
update=248 global_step=507904 SPS=450 w_ev=0.978 m_ev=0.785 m_v_bias=-3.4 m_adv_std=6.2063 m_kl_max=0.0310 m_ratio_max=0.877 return=-155.8 length=200 success_rate=0.00 collisions/ep=0.12 (n=8)
update=249 global_step=509952 SPS=451 w_ev=0.980 m_ev=0.976 m_v_bias=-3.3 m_adv_std=1.9587 m_kl_max=0.0123 m_ratio_max=0.603 return=-148.7 length=200 success_rate=0.00 collisions/ep=0.00 (n=8)
update=250 global_step=512000 SPS=452 w_ev=0.967 m_ev=0.485 m_v_bias=-0.6 m_adv_std=9.7927 m_kl_max=0.0088 m_ratio_max=0.444 return=-155.6 length=200 success_rate=0.00 collisions/ep=0.12 (n=16)
Evaluation at update 250: return=-150.40, length=200.00, success_rate=0.00, collisions/ep=0.00
Solved-check at update 250: solved=False worst_gap=1169.33 at p_x0=2.00 p_y0=0.50 (consecutive=0)
update=251 global_step=514048 SPS=447 w_ev=0.990 m_ev=0.954 m_v_bias=-3.2 m_adv_std=3.1926 m_kl_max=0.0217 m_ratio_max=0.698 return=-146.1 length=200 success_rate=0.00 collisions/ep=0.00 (n=8)
update=252 global_step=516096 SPS=449 w_ev=0.985 m_ev=0.843 m_v_bias=0.4 m_adv_std=5.7384 m_kl_max=0.0195 m_ratio_max=0.625 return=-156.0 length=200 success_rate=0.00 collisions/ep=0.12 (n=8)
update=253 global_step=518144 SPS=450 w_ev=0.984 m_ev=0.992 m_v_bias=-0.6 m_adv_std=0.9862 m_kl_max=0.0216 m_ratio_max=0.814 return=-145.9 length=200 success_rate=0.00 collisions/ep=0.00 (n=8)
update=254 global_step=520192 SPS=451 w_ev=0.994 m_ev=0.996 m_v_bias=-0.7 m_adv_std=0.9510 m_kl_max=0.0503 m_ratio_max=1.558 return=-152.1 length=200 success_rate=0.00 collisions/ep=0.00 (n=16)
update=255 global_step=522240 SPS=452 w_ev=0.991 m_ev=0.996 m_v_bias=-0.9 m_adv_std=0.8316 m_kl_max=0.0146 m_ratio_max=0.758 return=-143.4 length=200 success_rate=0.00 collisions/ep=0.00 (n=8)
Evaluation at update 255: return=-148.41, length=200.00, success_rate=0.00, collisions/ep=0.00
Solved-check at update 255: solved=False worst_gap=1169.44 at p_x0=2.00 p_y0=0.50 (consecutive=0)
update=256 global_step=524288 SPS=447 w_ev=0.965 m_ev=0.333 m_v_bias=2.9 m_adv_std=16.0720 m_kl_max=0.0249 m_ratio_max=1.286 return=-145.9 length=200 success_rate=0.00 collisions/ep=0.00 (n=8)
update=257 global_step=526336 SPS=448 w_ev=0.989 m_ev=0.977 m_v_bias=-1.6 m_adv_std=1.8557 m_kl_max=0.0394 m_ratio_max=1.339 return=-169.9 length=200 success_rate=0.00 collisions/ep=0.38 (n=8)
update=258 global_step=528384 SPS=449 w_ev=0.966 m_ev=0.329 m_v_bias=1.6 m_adv_std=17.2926 m_kl_max=0.0401 m_ratio_max=1.269 return=-147.5 length=200 success_rate=0.00 collisions/ep=0.00 (n=16)
update=259 global_step=530432 SPS=450 w_ev=0.723 m_ev=0.093 m_v_bias=21.3 m_adv_std=60.0442 m_kl_max=0.0387 m_ratio_max=1.317 return=-283.6 length=200 success_rate=0.00 collisions/ep=2.75 (n=8)
update=260 global_step=532480 SPS=451 w_ev=0.939 m_ev=0.585 m_v_bias=-3.7 m_adv_std=11.2086 m_kl_max=0.0266 m_ratio_max=0.887 return=-149.8 length=200 success_rate=0.00 collisions/ep=0.00 (n=8)
Evaluation at update 260: return=-147.89, length=200.00, success_rate=0.00, collisions/ep=0.00
Solved-check at update 260: solved=False worst_gap=1169.05 at p_x0=2.00 p_y0=0.50 (consecutive=0)
update=261 global_step=534528 SPS=447 w_ev=0.989 m_ev=0.947 m_v_bias=-6.8 m_adv_std=3.9869 m_kl_max=0.0106 m_ratio_max=0.566 return=-150.2 length=200 success_rate=0.00 collisions/ep=0.06 (n=16)
update=262 global_step=536576 SPS=448 w_ev=0.966 m_ev=0.456 m_v_bias=1.0 m_adv_std=17.7665 m_kl_max=0.0198 m_ratio_max=1.119 return=-168.7 length=200 success_rate=0.00 collisions/ep=0.38 (n=8)
update=263 global_step=538624 SPS=449 w_ev=0.977 m_ev=0.678 m_v_bias=-1.9 m_adv_std=10.0563 m_kl_max=0.0204 m_ratio_max=0.578 return=-166.6 length=200 success_rate=0.00 collisions/ep=0.38 (n=8)
update=264 global_step=540672 SPS=450 w_ev=0.978 m_ev=0.960 m_v_bias=-3.0 m_adv_std=2.5188 m_kl_max=0.0087 m_ratio_max=0.658 return=-148.3 length=200 success_rate=0.00 collisions/ep=0.00 (n=8)
update=265 global_step=542720 SPS=451 w_ev=0.993 m_ev=0.990 m_v_bias=-1.5 m_adv_std=1.5353 m_kl_max=0.0102 m_ratio_max=0.831 return=-149.2 length=200 success_rate=0.00 collisions/ep=0.00 (n=16)
Evaluation at update 265: return=-149.63, length=200.00, success_rate=0.00, collisions/ep=0.00
Solved-check at update 265: solved=False worst_gap=1170.60 at p_x0=2.00 p_y0=0.50 (consecutive=0)
update=266 global_step=544768 SPS=447 w_ev=0.984 m_ev=0.821 m_v_bias=-0.1 m_adv_std=5.8738 m_kl_max=0.0576 m_ratio_max=1.073 return=-155.2 length=200 success_rate=0.00 collisions/ep=0.12 (n=8)
update=267 global_step=546816 SPS=448 w_ev=0.983 m_ev=0.990 m_v_bias=-1.4 m_adv_std=1.2155 m_kl_max=0.0229 m_ratio_max=0.693 return=-150.1 length=200 success_rate=0.00 collisions/ep=0.00 (n=8)
update=268 global_step=548864 SPS=449 w_ev=0.976 m_ev=0.281 m_v_bias=0.5 m_adv_std=11.3928 m_kl_max=0.0116 m_ratio_max=0.562 return=-157.8 length=200 success_rate=0.00 collisions/ep=0.12 (n=16)
update=269 global_step=550912 SPS=450 w_ev=0.989 m_ev=0.769 m_v_bias=-1.9 m_adv_std=8.1063 m_kl_max=0.0322 m_ratio_max=1.517 return=-155.3 length=200 success_rate=0.00 collisions/ep=0.12 (n=8)
update=270 global_step=552960 SPS=451 w_ev=0.986 m_ev=0.991 m_v_bias=-0.6 m_adv_std=1.1105 m_kl_max=0.0214 m_ratio_max=0.629 return=-146.7 length=200 success_rate=0.00 collisions/ep=0.00 (n=8)
Evaluation at update 270: return=-147.47, length=200.00, success_rate=0.00, collisions/ep=0.00
Solved-check at update 270: solved=False worst_gap=1168.70 at p_x0=2.00 p_y0=0.50 (consecutive=0)
update=271 global_step=555008 SPS=447 w_ev=0.988 m_ev=0.995 m_v_bias=-0.8 m_adv_std=0.8632 m_kl_max=0.0206 m_ratio_max=0.782 return=-151.6 length=200 success_rate=0.00 collisions/ep=0.00 (n=8)
update=272 global_step=557056 SPS=448 w_ev=0.990 m_ev=0.875 m_v_bias=0.8 m_adv_std=6.2544 m_kl_max=0.0248 m_ratio_max=0.856 return=-149.9 length=200 success_rate=0.00 collisions/ep=0.06 (n=16)
update=273 global_step=559104 SPS=449 w_ev=0.988 m_ev=0.991 m_v_bias=-0.8 m_adv_std=1.2117 m_kl_max=0.0091 m_ratio_max=0.800 return=-149.1 length=200 success_rate=0.00 collisions/ep=0.00 (n=8)
update=274 global_step=561152 SPS=450 w_ev=0.936 m_ev=0.169 m_v_bias=4.0 m_adv_std=23.8741 m_kl_max=0.0188 m_ratio_max=0.979 return=-146.0 length=200 success_rate=0.00 collisions/ep=0.00 (n=8)
update=275 global_step=563200 SPS=451 w_ev=0.987 m_ev=0.921 m_v_bias=-2.6 m_adv_std=3.5010 m_kl_max=0.0284 m_ratio_max=1.369 return=-161.1 length=200 success_rate=0.00 collisions/ep=0.25 (n=16)
Evaluation at update 275: return=-147.86, length=200.00, success_rate=0.00, collisions/ep=0.00
Solved-check at update 275: solved=False worst_gap=1169.06 at p_x0=2.00 p_y0=0.50 (consecutive=0)
update=276 global_step=565248 SPS=447 w_ev=0.988 m_ev=0.867 m_v_bias=-0.6 m_adv_std=5.6777 m_kl_max=0.0151 m_ratio_max=0.953 return=-149.8 length=200 success_rate=0.00 collisions/ep=0.00 (n=8)
update=277 global_step=567296 SPS=448 w_ev=0.986 m_ev=0.995 m_v_bias=-0.9 m_adv_std=0.8936 m_kl_max=0.0221 m_ratio_max=0.850 return=-154.7 length=200 success_rate=0.00 collisions/ep=0.12 (n=8)
update=278 global_step=569344 SPS=449 w_ev=0.982 m_ev=0.793 m_v_bias=1.1 m_adv_std=6.5667 m_kl_max=0.0159 m_ratio_max=0.616 return=-147.2 length=200 success_rate=0.00 collisions/ep=0.00 (n=8)
update=279 global_step=571392 SPS=450 w_ev=0.993 m_ev=0.995 m_v_bias=-0.4 m_adv_std=1.0575 m_kl_max=0.0103 m_ratio_max=0.511 return=-149.7 length=200 success_rate=0.00 collisions/ep=0.06 (n=16)
update=280 global_step=573440 SPS=451 w_ev=0.977 m_ev=0.538 m_v_bias=2.7 m_adv_std=10.1340 m_kl_max=0.0217 m_ratio_max=0.914 return=-156.6 length=200 success_rate=0.00 collisions/ep=0.12 (n=8)
Evaluation at update 280: return=-147.55, length=200.00, success_rate=0.00, collisions/ep=0.00
Solved-check at update 280: solved=False worst_gap=1167.28 at p_x0=2.00 p_y0=0.50 (consecutive=0)
update=281 global_step=575488 SPS=447 w_ev=0.985 m_ev=0.951 m_v_bias=-1.9 m_adv_std=2.7434 m_kl_max=0.0381 m_ratio_max=1.695 return=-161.5 length=200 success_rate=0.00 collisions/ep=0.25 (n=8)
update=282 global_step=577536 SPS=448 w_ev=0.984 m_ev=0.781 m_v_bias=0.5 m_adv_std=6.1084 m_kl_max=0.0211 m_ratio_max=0.633 return=-147.9 length=200 success_rate=0.00 collisions/ep=0.00 (n=8)
update=283 global_step=579584 SPS=449 w_ev=0.977 m_ev=0.581 m_v_bias=4.3 m_adv_std=14.1343 m_kl_max=0.0281 m_ratio_max=0.743 return=-165.2 length=200 success_rate=0.00 collisions/ep=0.31 (n=16)
update=284 global_step=581632 SPS=450 w_ev=0.970 m_ev=0.978 m_v_bias=-2.8 m_adv_std=1.8261 m_kl_max=0.0232 m_ratio_max=0.633 return=-148.8 length=200 success_rate=0.00 collisions/ep=0.00 (n=8)
update=285 global_step=583680 SPS=451 w_ev=0.986 m_ev=0.992 m_v_bias=-1.7 m_adv_std=1.1605 m_kl_max=0.0449 m_ratio_max=1.901 return=-150.5 length=200 success_rate=0.00 collisions/ep=0.00 (n=8)
Evaluation at update 285: return=-146.97, length=200.00, success_rate=0.00, collisions/ep=0.00
Solved-check at update 285: solved=False worst_gap=1168.15 at p_x0=2.00 p_y0=-0.50 (consecutive=0)
update=286 global_step=585728 SPS=447 w_ev=0.972 m_ev=0.541 m_v_bias=2.9 m_adv_std=13.4765 m_kl_max=0.0127 m_ratio_max=0.703 return=-155.2 length=200 success_rate=0.00 collisions/ep=0.19 (n=16)
update=287 global_step=587776 SPS=448 w_ev=0.967 m_ev=0.618 m_v_bias=2.1 m_adv_std=11.2970 m_kl_max=0.0118 m_ratio_max=0.557 return=-170.9 length=200 success_rate=0.00 collisions/ep=0.38 (n=8)
update=288 global_step=589824 SPS=449 w_ev=0.965 m_ev=0.487 m_v_bias=0.6 m_adv_std=13.1338 m_kl_max=0.0104 m_ratio_max=0.496 return=-164.0 length=200 success_rate=0.00 collisions/ep=0.25 (n=8)
update=289 global_step=591872 SPS=450 w_ev=0.974 m_ev=0.965 m_v_bias=-3.9 m_adv_std=2.4361 m_kl_max=0.0097 m_ratio_max=0.626 return=-159.4 length=200 success_rate=0.00 collisions/ep=0.25 (n=8)
update=290 global_step=593920 SPS=451 w_ev=0.985 m_ev=0.782 m_v_bias=0.9 m_adv_std=8.5967 m_kl_max=0.0304 m_ratio_max=0.853 return=-154.3 length=200 success_rate=0.00 collisions/ep=0.12 (n=16)
Evaluation at update 290: return=-147.27, length=200.00, success_rate=0.00, collisions/ep=0.00
Solved-check at update 290: solved=False worst_gap=1167.13 at p_x0=2.00 p_y0=-0.50 (consecutive=0)
update=291 global_step=595968 SPS=447 w_ev=0.979 m_ev=0.690 m_v_bias=0.3 m_adv_std=8.4746 m_kl_max=0.0400 m_ratio_max=1.165 return=-153.7 length=200 success_rate=0.00 collisions/ep=0.12 (n=8)
update=292 global_step=598016 SPS=448 w_ev=0.980 m_ev=0.818 m_v_bias=-1.2 m_adv_std=6.0814 m_kl_max=0.0190 m_ratio_max=0.642 return=-159.9 length=200 success_rate=0.00 collisions/ep=0.25 (n=8)
update=293 global_step=600064 SPS=449 w_ev=0.987 m_ev=0.994 m_v_bias=-1.4 m_adv_std=1.0579 m_kl_max=0.0218 m_ratio_max=1.279 return=-146.5 length=200 success_rate=0.00 collisions/ep=0.00 (n=16)
update=294 global_step=602112 SPS=450 w_ev=0.973 m_ev=0.576 m_v_bias=0.8 m_adv_std=11.3709 m_kl_max=0.0242 m_ratio_max=0.842 return=-144.9 length=200 success_rate=0.00 collisions/ep=0.00 (n=8)
update=295 global_step=604160 SPS=451 w_ev=0.973 m_ev=0.590 m_v_bias=3.4 m_adv_std=12.0007 m_kl_max=0.0150 m_ratio_max=0.570 return=-178.6 length=200 success_rate=0.00 collisions/ep=0.62 (n=8)
Evaluation at update 295: return=-147.15, length=200.00, success_rate=0.00, collisions/ep=0.00
Solved-check at update 295: solved=False worst_gap=1166.32 at p_x0=2.00 p_y0=0.50 (consecutive=0)
update=296 global_step=606208 SPS=447 w_ev=0.980 m_ev=0.843 m_v_bias=-1.1 m_adv_std=5.7229 m_kl_max=0.0135 m_ratio_max=0.647 return=-162.3 length=200 success_rate=0.00 collisions/ep=0.38 (n=8)
update=297 global_step=608256 SPS=448 w_ev=0.987 m_ev=0.869 m_v_bias=-0.1 m_adv_std=6.3025 m_kl_max=0.0136 m_ratio_max=0.714 return=-150.2 length=200 success_rate=0.00 collisions/ep=0.06 (n=16)
update=298 global_step=610304 SPS=449 w_ev=0.980 m_ev=0.928 m_v_bias=-1.2 m_adv_std=3.5920 m_kl_max=0.0166 m_ratio_max=1.153 return=-153.7 length=200 success_rate=0.00 collisions/ep=0.12 (n=8)
update=299 global_step=612352 SPS=450 w_ev=0.976 m_ev=0.718 m_v_bias=1.1 m_adv_std=8.1097 m_kl_max=0.0360 m_ratio_max=1.684 return=-151.6 length=200 success_rate=0.00 collisions/ep=0.12 (n=8)
update=300 global_step=614400 SPS=451 w_ev=0.975 m_ev=0.990 m_v_bias=-1.2 m_adv_std=1.2517 m_kl_max=0.0521 m_ratio_max=0.964 return=-152.4 length=200 success_rate=0.00 collisions/ep=0.06 (n=16)
Evaluation at update 300: return=-146.77, length=200.00, success_rate=0.00, collisions/ep=0.00
Solved-check at update 300: solved=False worst_gap=1166.00 at p_x0=2.00 p_y0=0.50 (consecutive=0)
update=301 global_step=616448 SPS=447 w_ev=0.878 m_ev=0.213 m_v_bias=12.7 m_adv_std=44.4276 m_kl_max=0.0149 m_ratio_max=0.843 return=-204.0 length=200 success_rate=0.00 collisions/ep=1.12 (n=8)
update=302 global_step=618496 SPS=448 w_ev=0.942 m_ev=0.476 m_v_bias=-1.3 m_adv_std=14.0811 m_kl_max=0.0075 m_ratio_max=0.430 return=-160.0 length=200 success_rate=0.00 collisions/ep=0.25 (n=8)
update=303 global_step=620544 SPS=449 w_ev=0.961 m_ev=0.471 m_v_bias=-1.5 m_adv_std=12.0452 m_kl_max=0.0398 m_ratio_max=1.720 return=-154.4 length=200 success_rate=0.00 collisions/ep=0.12 (n=8)
update=304 global_step=622592 SPS=450 w_ev=0.979 m_ev=0.769 m_v_bias=-2.8 m_adv_std=8.6291 m_kl_max=0.0302 m_ratio_max=1.736 return=-162.8 length=200 success_rate=0.00 collisions/ep=0.31 (n=16)
update=305 global_step=624640 SPS=451 w_ev=0.970 m_ev=0.967 m_v_bias=-3.1 m_adv_std=2.3874 m_kl_max=0.0177 m_ratio_max=0.837 return=-147.9 length=200 success_rate=0.00 collisions/ep=0.00 (n=8)
Evaluation at update 305: return=-148.63, length=200.00, success_rate=0.00, collisions/ep=0.00
Solved-check at update 305: solved=False worst_gap=1167.95 at p_x0=2.00 p_y0=0.50 (consecutive=0)
update=306 global_step=626688 SPS=447 w_ev=0.968 m_ev=0.981 m_v_bias=-1.8 m_adv_std=1.5902 m_kl_max=0.0661 m_ratio_max=2.422 return=-149.3 length=200 success_rate=0.00 collisions/ep=0.00 (n=8)
update=307 global_step=628736 SPS=448 w_ev=0.970 m_ev=0.785 m_v_bias=0.1 m_adv_std=6.5063 m_kl_max=0.0436 m_ratio_max=1.232 return=-154.0 length=200 success_rate=0.00 collisions/ep=0.00 (n=8)
update=308 global_step=630784 SPS=449 w_ev=0.985 m_ev=0.819 m_v_bias=1.7 m_adv_std=8.3673 m_kl_max=0.0325 m_ratio_max=1.097 return=-157.3 length=200 success_rate=0.00 collisions/ep=0.19 (n=16)
update=309 global_step=632832 SPS=450 w_ev=0.974 m_ev=0.777 m_v_bias=0.5 m_adv_std=8.0315 m_kl_max=0.0339 m_ratio_max=1.287 return=-157.8 length=200 success_rate=0.00 collisions/ep=0.25 (n=8)
update=310 global_step=634880 SPS=451 w_ev=0.975 m_ev=0.968 m_v_bias=-2.0 m_adv_std=2.2816 m_kl_max=0.0192 m_ratio_max=0.705 return=-142.3 length=200 success_rate=0.00 collisions/ep=0.00 (n=8)
Evaluation at update 310: return=-148.11, length=200.00, success_rate=0.00, collisions/ep=0.00
Solved-check at update 310: solved=False worst_gap=1167.55 at p_x0=2.00 p_y0=0.50 (consecutive=0)
update=311 global_step=636928 SPS=447 w_ev=0.986 m_ev=0.840 m_v_bias=0.3 m_adv_std=6.6344 m_kl_max=0.0110 m_ratio_max=0.676 return=-150.4 length=200 success_rate=0.00 collisions/ep=0.06 (n=16)
update=312 global_step=638976 SPS=448 w_ev=0.977 m_ev=0.840 m_v_bias=-0.4 m_adv_std=5.9998 m_kl_max=0.0283 m_ratio_max=1.113 return=-149.9 length=200 success_rate=0.00 collisions/ep=0.00 (n=8)
update=313 global_step=641024 SPS=449 w_ev=0.968 m_ev=0.707 m_v_bias=1.2 m_adv_std=8.5525 m_kl_max=0.0327 m_ratio_max=1.693 return=-163.2 length=200 success_rate=0.00 collisions/ep=0.38 (n=8)
update=314 global_step=643072 SPS=450 w_ev=0.391 m_ev=-0.061 m_v_bias=12.2 m_adv_std=79.4325 m_kl_max=0.0166 m_ratio_max=1.029 return=-151.0 length=200 success_rate=0.00 collisions/ep=0.00 (n=8)
update=315 global_step=645120 SPS=451 w_ev=0.947 m_ev=-1.013 m_v_bias=-15.3 m_adv_std=21.6302 m_kl_max=0.0124 m_ratio_max=0.758 return=-205.1 length=200 success_rate=0.00 collisions/ep=1.19 (n=16)
Evaluation at update 315: return=-147.96, length=200.00, success_rate=0.00, collisions/ep=0.00
Solved-check at update 315: solved=False worst_gap=1167.17 at p_x0=2.00 p_y0=0.50 (consecutive=0)
update=316 global_step=647168 SPS=447 w_ev=0.967 m_ev=0.861 m_v_bias=-4.0 m_adv_std=4.8782 m_kl_max=0.0276 m_ratio_max=0.725 return=-146.7 length=200 success_rate=0.00 collisions/ep=0.00 (n=8)
update=317 global_step=649216 SPS=448 w_ev=0.955 m_ev=0.707 m_v_bias=0.6 m_adv_std=8.3005 m_kl_max=0.0107 m_ratio_max=0.505 return=-153.9 length=200 success_rate=0.00 collisions/ep=0.12 (n=8)
update=318 global_step=651264 SPS=449 w_ev=0.978 m_ev=0.990 m_v_bias=-1.9 m_adv_std=1.2949 m_kl_max=0.0387 m_ratio_max=1.285 return=-152.8 length=200 success_rate=0.00 collisions/ep=0.06 (n=16)
update=319 global_step=653312 SPS=450 w_ev=0.983 m_ev=0.885 m_v_bias=0.1 m_adv_std=5.8652 m_kl_max=0.0198 m_ratio_max=0.722 return=-150.3 length=200 success_rate=0.00 collisions/ep=0.12 (n=8)
update=320 global_step=655360 SPS=451 w_ev=0.968 m_ev=0.705 m_v_bias=1.5 m_adv_std=8.5089 m_kl_max=0.0377 m_ratio_max=1.697 return=-164.8 length=200 success_rate=0.00 collisions/ep=0.38 (n=8)
Evaluation at update 320: return=-147.62, length=200.00, success_rate=0.00, collisions/ep=0.00
Solved-check at update 320: solved=False worst_gap=1166.78 at p_x0=2.00 p_y0=0.50 (consecutive=0)
update=321 global_step=657408 SPS=447 w_ev=0.944 m_ev=0.414 m_v_bias=-0.2 m_adv_std=10.8392 m_kl_max=0.0218 m_ratio_max=0.774 return=-151.6 length=200 success_rate=0.00 collisions/ep=0.00 (n=8)
update=322 global_step=659456 SPS=448 w_ev=0.978 m_ev=0.741 m_v_bias=-0.5 m_adv_std=8.9637 m_kl_max=0.0507 m_ratio_max=1.260 return=-162.9 length=200 success_rate=0.00 collisions/ep=0.25 (n=16)
update=323 global_step=661504 SPS=449 w_ev=0.963 m_ev=0.696 m_v_bias=0.3 m_adv_std=8.5866 m_kl_max=0.0318 m_ratio_max=0.625 return=-166.4 length=200 success_rate=0.00 collisions/ep=0.38 (n=8)
update=324 global_step=663552 SPS=450 w_ev=0.965 m_ev=0.789 m_v_bias=0.0 m_adv_std=6.3774 m_kl_max=0.0243 m_ratio_max=1.291 return=-157.7 length=200 success_rate=0.00 collisions/ep=0.12 (n=8)
update=325 global_step=665600 SPS=450 w_ev=0.964 m_ev=0.789 m_v_bias=0.0 m_adv_std=6.4206 m_kl_max=0.0259 m_ratio_max=0.818 return=-153.1 length=200 success_rate=0.00 collisions/ep=0.06 (n=16)
Evaluation at update 325: return=-148.10, length=200.00, success_rate=0.00, collisions/ep=0.00
Solved-check at update 325: solved=False worst_gap=1167.99 at p_x0=2.00 p_y0=-0.50 (consecutive=0)
update=326 global_step=667648 SPS=447 w_ev=0.975 m_ev=0.806 m_v_bias=1.5 m_adv_std=8.5483 m_kl_max=0.0422 m_ratio_max=2.076 return=-161.0 length=200 success_rate=0.00 collisions/ep=0.25 (n=8)
update=327 global_step=669696 SPS=448 w_ev=0.953 m_ev=0.978 m_v_bias=-2.2 m_adv_std=1.8055 m_kl_max=0.0157 m_ratio_max=0.588 return=-150.0 length=200 success_rate=0.00 collisions/ep=0.00 (n=8)
update=328 global_step=671744 SPS=449 w_ev=0.967 m_ev=0.912 m_v_bias=-1.2 m_adv_std=4.2345 m_kl_max=0.0107 m_ratio_max=0.574 return=-156.7 length=200 success_rate=0.00 collisions/ep=0.12 (n=8)
update=329 global_step=673792 SPS=450 w_ev=0.982 m_ev=0.996 m_v_bias=-1.0 m_adv_std=1.0201 m_kl_max=0.0135 m_ratio_max=0.623 return=-146.7 length=200 success_rate=0.00 collisions/ep=0.00 (n=16)
update=330 global_step=675840 SPS=450 w_ev=0.925 m_ev=0.171 m_v_bias=3.5 m_adv_std=18.8387 m_kl_max=0.0231 m_ratio_max=1.029 return=-159.7 length=200 success_rate=0.00 collisions/ep=0.25 (n=8)
Evaluation at update 330: return=-148.51, length=200.00, success_rate=0.00, collisions/ep=0.00
Solved-check at update 330: solved=False worst_gap=1167.64 at p_x0=2.00 p_y0=0.00 (consecutive=0)
update=331 global_step=677888 SPS=447 w_ev=0.952 m_ev=0.625 m_v_bias=-0.5 m_adv_std=8.4169 m_kl_max=0.0118 m_ratio_max=0.467 return=-170.3 length=200 success_rate=0.00 collisions/ep=0.50 (n=8)
update=332 global_step=679936 SPS=447 w_ev=0.946 m_ev=0.652 m_v_bias=1.6 m_adv_std=9.0197 m_kl_max=0.0114 m_ratio_max=0.590 return=-155.2 length=200 success_rate=0.00 collisions/ep=0.12 (n=8)
update=333 global_step=681984 SPS=448 w_ev=0.990 m_ev=0.880 m_v_bias=-0.4 m_adv_std=6.0301 m_kl_max=0.0174 m_ratio_max=0.758 return=-156.0 length=200 success_rate=0.00 collisions/ep=0.19 (n=16)
update=334 global_step=684032 SPS=449 w_ev=0.951 m_ev=0.717 m_v_bias=0.9 m_adv_std=8.6828 m_kl_max=0.0204 m_ratio_max=0.588 return=-156.9 length=200 success_rate=0.00 collisions/ep=0.25 (n=8)
update=335 global_step=686080 SPS=450 w_ev=0.964 m_ev=0.854 m_v_bias=-0.6 m_adv_std=5.3298 m_kl_max=0.0229 m_ratio_max=1.531 return=-152.7 length=200 success_rate=0.00 collisions/ep=0.12 (n=8)
Evaluation at update 335: return=-148.33, length=200.00, success_rate=0.00, collisions/ep=0.00
Solved-check at update 335: solved=False worst_gap=1167.35 at p_x0=2.00 p_y0=0.00 (consecutive=0)
update=336 global_step=688128 SPS=447 w_ev=0.955 m_ev=0.469 m_v_bias=1.1 m_adv_std=17.5295 m_kl_max=0.0208 m_ratio_max=0.602 return=-167.9 length=200 success_rate=0.00 collisions/ep=0.38 (n=16)
update=337 global_step=690176 SPS=447 w_ev=0.974 m_ev=0.821 m_v_bias=-0.5 m_adv_std=6.2570 m_kl_max=0.0303 m_ratio_max=1.298 return=-151.8 length=200 success_rate=0.00 collisions/ep=0.12 (n=8)
update=338 global_step=692224 SPS=448 w_ev=0.943 m_ev=0.445 m_v_bias=2.6 m_adv_std=14.0094 m_kl_max=0.0169 m_ratio_max=0.694 return=-155.0 length=200 success_rate=0.00 collisions/ep=0.12 (n=8)
update=339 global_step=694272 SPS=449 w_ev=0.968 m_ev=0.932 m_v_bias=-2.9 m_adv_std=3.0815 m_kl_max=0.0185 m_ratio_max=0.733 return=-162.6 length=200 success_rate=0.00 collisions/ep=0.38 (n=8)
update=340 global_step=696320 SPS=450 w_ev=0.980 m_ev=0.790 m_v_bias=1.6 m_adv_std=8.6687 m_kl_max=0.0352 m_ratio_max=0.959 return=-156.4 length=200 success_rate=0.00 collisions/ep=0.12 (n=16)
Evaluation at update 340: return=-147.95, length=200.00, success_rate=0.00, collisions/ep=0.00
Solved-check at update 340: solved=False worst_gap=1169.01 at p_x0=2.00 p_y0=0.00 (consecutive=0)
update=341 global_step=698368 SPS=447 w_ev=0.932 m_ev=0.225 m_v_bias=4.7 m_adv_std=19.9378 m_kl_max=0.0173 m_ratio_max=0.614 return=-157.6 length=200 success_rate=0.00 collisions/ep=0.25 (n=8)
update=342 global_step=700416 SPS=448 w_ev=0.950 m_ev=0.831 m_v_bias=-4.7 m_adv_std=5.0756 m_kl_max=0.0136 m_ratio_max=0.543 return=-172.1 length=200 success_rate=0.00 collisions/ep=0.50 (n=8)
update=343 global_step=702464 SPS=449 w_ev=0.940 m_ev=0.087 m_v_bias=0.9 m_adv_std=16.1386 m_kl_max=0.0095 m_ratio_max=0.539 return=-156.3 length=200 success_rate=0.00 collisions/ep=0.19 (n=16)
update=344 global_step=704512 SPS=450 w_ev=0.926 m_ev=0.339 m_v_bias=4.2 m_adv_std=24.0187 m_kl_max=0.0288 m_ratio_max=0.976 return=-179.7 length=200 success_rate=0.00 collisions/ep=0.75 (n=8)
update=345 global_step=706560 SPS=451 w_ev=0.891 m_ev=0.129 m_v_bias=-1.4 m_adv_std=15.7581 m_kl_max=0.0078 m_ratio_max=0.387 return=-153.3 length=200 success_rate=0.00 collisions/ep=0.12 (n=8)
Evaluation at update 345: return=-147.39, length=200.00, success_rate=0.00, collisions/ep=0.00
Solved-check at update 345: solved=False worst_gap=1169.11 at p_x0=2.00 p_y0=0.00 (consecutive=0)
update=346 global_step=708608 SPS=447 w_ev=0.577 m_ev=-0.060 m_v_bias=2.7 m_adv_std=45.3191 m_kl_max=0.0156 m_ratio_max=1.106 return=-175.0 length=200 success_rate=0.00 collisions/ep=0.50 (n=8)
update=347 global_step=710656 SPS=448 w_ev=0.930 m_ev=0.317 m_v_bias=-3.5 m_adv_std=16.9698 m_kl_max=0.0201 m_ratio_max=0.769 return=-188.5 length=200 success_rate=0.00 collisions/ep=0.81 (n=16)
update=348 global_step=712704 SPS=449 w_ev=0.847 m_ev=-0.039 m_v_bias=0.2 m_adv_std=24.2929 m_kl_max=0.0242 m_ratio_max=0.896 return=-161.4 length=200 success_rate=0.00 collisions/ep=0.25 (n=8)
update=349 global_step=714752 SPS=450 w_ev=0.945 m_ev=0.343 m_v_bias=-1.4 m_adv_std=13.4536 m_kl_max=0.0467 m_ratio_max=1.050 return=-193.0 length=200 success_rate=0.00 collisions/ep=0.88 (n=8)
update=350 global_step=716800 SPS=451 w_ev=0.929 m_ev=0.290 m_v_bias=1.2 m_adv_std=18.3785 m_kl_max=0.0126 m_ratio_max=0.604 return=-169.2 length=200 success_rate=0.00 collisions/ep=0.44 (n=16)
Evaluation at update 350: return=-147.94, length=200.00, success_rate=0.00, collisions/ep=0.00
Solved-check at update 350: solved=False worst_gap=1169.56 at p_x0=2.00 p_y0=0.00 (consecutive=0)
update=351 global_step=718848 SPS=448 w_ev=0.977 m_ev=0.764 m_v_bias=-1.5 m_adv_std=9.5570 m_kl_max=0.0251 m_ratio_max=1.061 return=-162.6 length=200 success_rate=0.00 collisions/ep=0.25 (n=8)
update=352 global_step=720896 SPS=448 w_ev=0.899 m_ev=0.097 m_v_bias=2.5 m_adv_std=18.8493 m_kl_max=0.0177 m_ratio_max=1.263 return=-159.6 length=200 success_rate=0.00 collisions/ep=0.25 (n=8)
update=353 global_step=722944 SPS=449 w_ev=0.938 m_ev=0.823 m_v_bias=-5.3 m_adv_std=5.2200 m_kl_max=0.0302 m_ratio_max=0.819 return=-172.4 length=200 success_rate=0.00 collisions/ep=0.50 (n=8)
update=354 global_step=724992 SPS=450 w_ev=0.965 m_ev=0.905 m_v_bias=-1.5 m_adv_std=5.3112 m_kl_max=0.0206 m_ratio_max=0.687 return=-151.9 length=200 success_rate=0.00 collisions/ep=0.06 (n=16)
update=355 global_step=727040 SPS=451 w_ev=0.956 m_ev=0.853 m_v_bias=-0.0 m_adv_std=5.7888 m_kl_max=0.0339 m_ratio_max=1.429 return=-152.8 length=200 success_rate=0.00 collisions/ep=0.12 (n=8)
Evaluation at update 355: return=-147.26, length=200.00, success_rate=0.00, collisions/ep=0.00
Solved-check at update 355: solved=False worst_gap=1168.99 at p_x0=2.00 p_y0=0.00 (consecutive=0)
update=356 global_step=729088 SPS=448 w_ev=0.950 m_ev=0.801 m_v_bias=0.0 m_adv_std=6.5865 m_kl_max=0.0314 m_ratio_max=1.904 return=-149.9 length=200 success_rate=0.00 collisions/ep=0.00 (n=8)
update=357 global_step=731136 SPS=449 w_ev=0.927 m_ev=0.425 m_v_bias=0.7 m_adv_std=14.1138 m_kl_max=0.0175 m_ratio_max=0.543 return=-180.3 length=200 success_rate=0.00 collisions/ep=0.62 (n=8)
update=358 global_step=733184 SPS=450 w_ev=0.974 m_ev=0.849 m_v_bias=-1.8 m_adv_std=5.9461 m_kl_max=0.0224 m_ratio_max=0.579 return=-154.2 length=200 success_rate=0.00 collisions/ep=0.12 (n=16)
update=359 global_step=735232 SPS=450 w_ev=0.953 m_ev=0.975 m_v_bias=-1.5 m_adv_std=1.8993 m_kl_max=0.0403 m_ratio_max=0.809 return=-145.9 length=200 success_rate=0.00 collisions/ep=0.00 (n=8)
update=360 global_step=737280 SPS=451 w_ev=0.956 m_ev=0.637 m_v_bias=3.1 m_adv_std=10.6953 m_kl_max=0.0163 m_ratio_max=0.664 return=-167.7 length=200 success_rate=0.00 collisions/ep=0.38 (n=8)
Evaluation at update 360: return=-147.54, length=200.00, success_rate=0.00, collisions/ep=0.00
Solved-check at update 360: solved=False worst_gap=1169.55 at p_x0=2.00 p_y0=0.50 (consecutive=0)
update=361 global_step=739328 SPS=448 w_ev=0.968 m_ev=0.718 m_v_bias=2.2 m_adv_std=9.9130 m_kl_max=0.0160 m_ratio_max=0.625 return=-158.6 length=200 success_rate=0.00 collisions/ep=0.25 (n=16)
update=362 global_step=741376 SPS=449 w_ev=0.977 m_ev=0.973 m_v_bias=-2.9 m_adv_std=2.4453 m_kl_max=0.0165 m_ratio_max=0.547 return=-143.5 length=200 success_rate=0.00 collisions/ep=0.00 (n=8)
update=363 global_step=743424 SPS=450 w_ev=0.961 m_ev=0.832 m_v_bias=-0.0 m_adv_std=6.4888 m_kl_max=0.0775 m_ratio_max=1.376 return=-152.6 length=200 success_rate=0.00 collisions/ep=0.12 (n=8)
update=364 global_step=745472 SPS=451 w_ev=0.904 m_ev=0.008 m_v_bias=3.6 m_adv_std=23.7917 m_kl_max=0.0162 m_ratio_max=0.820 return=-155.5 length=200 success_rate=0.00 collisions/ep=0.25 (n=8)
update=365 global_step=747520 SPS=451 w_ev=0.977 m_ev=0.874 m_v_bias=-5.8 m_adv_std=5.3814 m_kl_max=0.0223 m_ratio_max=0.650 return=-159.5 length=200 success_rate=0.00 collisions/ep=0.25 (n=16)
Evaluation at update 365: return=-146.72, length=200.00, success_rate=0.00, collisions/ep=0.00
Solved-check at update 365: solved=False worst_gap=1168.33 at p_x0=2.00 p_y0=0.00 (consecutive=0)
update=366 global_step=749568 SPS=448 w_ev=0.956 m_ev=0.735 m_v_bias=0.8 m_adv_std=8.5090 m_kl_max=0.0100 m_ratio_max=0.604 return=-157.0 length=200 success_rate=0.00 collisions/ep=0.25 (n=8)
update=367 global_step=751616 SPS=449 w_ev=0.938 m_ev=0.976 m_v_bias=-1.9 m_adv_std=1.8626 m_kl_max=0.0148 m_ratio_max=0.491 return=-144.9 length=200 success_rate=0.00 collisions/ep=0.00 (n=8)
update=368 global_step=753664 SPS=450 w_ev=0.942 m_ev=0.232 m_v_bias=3.8 m_adv_std=19.8577 m_kl_max=0.0148 m_ratio_max=0.734 return=-165.2 length=200 success_rate=0.00 collisions/ep=0.25 (n=16)
update=369 global_step=755712 SPS=450 w_ev=0.782 m_ev=-0.004 m_v_bias=4.3 m_adv_std=40.9226 m_kl_max=0.0103 m_ratio_max=0.463 return=-201.8 length=200 success_rate=0.00 collisions/ep=1.12 (n=8)
update=370 global_step=757760 SPS=451 w_ev=0.847 m_ev=0.089 m_v_bias=10.7 m_adv_std=36.5788 m_kl_max=0.0344 m_ratio_max=0.739 return=-226.3 length=200 success_rate=0.00 collisions/ep=1.62 (n=8)
Evaluation at update 370: return=-147.07, length=200.00, success_rate=0.00, collisions/ep=0.00
Solved-check at update 370: solved=False worst_gap=1167.20 at p_x0=2.00 p_y0=-0.50 (consecutive=0)
update=371 global_step=759808 SPS=448 w_ev=0.937 m_ev=0.512 m_v_bias=-2.0 m_adv_std=14.2528 m_kl_max=0.0267 m_ratio_max=0.992 return=-171.8 length=200 success_rate=0.00 collisions/ep=0.50 (n=8)
update=372 global_step=761856 SPS=449 w_ev=0.969 m_ev=0.946 m_v_bias=-5.6 m_adv_std=3.9192 m_kl_max=0.0089 m_ratio_max=0.642 return=-155.5 length=200 success_rate=0.00 collisions/ep=0.19 (n=16)
update=373 global_step=763904 SPS=450 w_ev=0.956 m_ev=0.963 m_v_bias=-4.0 m_adv_std=2.4963 m_kl_max=0.0307 m_ratio_max=1.299 return=-148.9 length=200 success_rate=0.00 collisions/ep=0.00 (n=8)
update=374 global_step=765952 SPS=450 w_ev=0.965 m_ev=0.988 m_v_bias=-2.2 m_adv_std=1.4705 m_kl_max=0.0329 m_ratio_max=0.605 return=-150.3 length=200 success_rate=0.00 collisions/ep=0.00 (n=8)
update=375 global_step=768000 SPS=451 w_ev=0.936 m_ev=0.461 m_v_bias=2.5 m_adv_std=16.3109 m_kl_max=0.0417 m_ratio_max=1.225 return=-157.0 length=200 success_rate=0.00 collisions/ep=0.25 (n=16)
Evaluation at update 375: return=-148.12, length=200.00, success_rate=0.00, collisions/ep=0.00
Solved-check at update 375: solved=False worst_gap=1166.74 at p_x0=2.00 p_y0=0.50 (consecutive=0)
update=376 global_step=770048 SPS=449 w_ev=0.966 m_ev=0.866 m_v_bias=0.2 m_adv_std=6.4148 m_kl_max=0.0119 m_ratio_max=0.751 return=-152.3 length=200 success_rate=0.00 collisions/ep=0.12 (n=8)
update=377 global_step=772096 SPS=449 w_ev=0.949 m_ev=0.596 m_v_bias=0.1 m_adv_std=9.5522 m_kl_max=0.0210 m_ratio_max=0.994 return=-151.5 length=200 success_rate=0.00 collisions/ep=0.00 (n=8)
update=378 global_step=774144 SPS=450 w_ev=0.953 m_ev=0.637 m_v_bias=-0.4 m_adv_std=8.5417 m_kl_max=0.0254 m_ratio_max=0.605 return=-155.5 length=200 success_rate=0.00 collisions/ep=0.25 (n=8)
update=379 global_step=776192 SPS=451 w_ev=0.878 m_ev=-0.003 m_v_bias=2.2 m_adv_std=32.7831 m_kl_max=0.0163 m_ratio_max=0.960 return=-177.3 length=200 success_rate=0.00 collisions/ep=0.50 (n=16)
update=380 global_step=778240 SPS=452 w_ev=0.925 m_ev=0.565 m_v_bias=-3.4 m_adv_std=9.5630 m_kl_max=0.0148 m_ratio_max=0.444 return=-155.0 length=200 success_rate=0.00 collisions/ep=0.12 (n=8)
Evaluation at update 380: return=-148.58, length=200.00, success_rate=0.00, collisions/ep=0.00
Solved-check at update 380: solved=False worst_gap=1167.39 at p_x0=2.00 p_y0=0.50 (consecutive=0)
update=381 global_step=780288 SPS=449 w_ev=0.953 m_ev=0.977 m_v_bias=-1.5 m_adv_std=1.9217 m_kl_max=0.0243 m_ratio_max=0.776 return=-150.2 length=200 success_rate=0.00 collisions/ep=0.00 (n=8)
update=382 global_step=782336 SPS=449 w_ev=0.959 m_ev=0.991 m_v_bias=-1.1 m_adv_std=1.1241 m_kl_max=0.0422 m_ratio_max=1.143 return=-149.3 length=200 success_rate=0.00 collisions/ep=0.00 (n=8)
update=383 global_step=784384 SPS=450 w_ev=0.978 m_ev=0.887 m_v_bias=0.7 m_adv_std=6.0433 m_kl_max=0.0126 m_ratio_max=1.175 return=-152.9 length=200 success_rate=0.00 collisions/ep=0.06 (n=16)
update=384 global_step=786432 SPS=451 w_ev=0.876 m_ev=0.135 m_v_bias=7.4 m_adv_std=32.0706 m_kl_max=0.0177 m_ratio_max=0.823 return=-157.5 length=200 success_rate=0.00 collisions/ep=0.25 (n=8)
update=385 global_step=788480 SPS=452 w_ev=0.955 m_ev=0.731 m_v_bias=-1.9 m_adv_std=8.7657 m_kl_max=0.0137 m_ratio_max=0.751 return=-198.9 length=200 success_rate=0.00 collisions/ep=1.00 (n=8)
Evaluation at update 385: return=-147.30, length=200.00, success_rate=0.00, collisions/ep=0.00
Solved-check at update 385: solved=False worst_gap=1167.37 at p_x0=2.00 p_y0=-0.50 (consecutive=0)
update=386 global_step=790528 SPS=449 w_ev=0.982 m_ev=0.977 m_v_bias=-2.8 m_adv_std=2.2849 m_kl_max=0.0228 m_ratio_max=0.892 return=-146.8 length=200 success_rate=0.00 collisions/ep=0.00 (n=16)
update=387 global_step=792576 SPS=450 w_ev=0.710 m_ev=-0.031 m_v_bias=10.4 m_adv_std=55.7831 m_kl_max=0.0249 m_ratio_max=0.723 return=-236.6 length=200 success_rate=0.00 collisions/ep=1.75 (n=8)
update=388 global_step=794624 SPS=451 w_ev=0.853 m_ev=0.083 m_v_bias=7.9 m_adv_std=39.5234 m_kl_max=0.0201 m_ratio_max=0.904 return=-194.2 length=200 success_rate=0.00 collisions/ep=1.00 (n=8)
update=389 global_step=796672 SPS=451 w_ev=0.953 m_ev=0.899 m_v_bias=-7.0 m_adv_std=4.4378 m_kl_max=0.0189 m_ratio_max=0.687 return=-182.2 length=200 success_rate=0.00 collisions/ep=0.75 (n=8)
update=390 global_step=798720 SPS=452 w_ev=0.917 m_ev=0.259 m_v_bias=6.5 m_adv_std=38.7468 m_kl_max=0.0215 m_ratio_max=1.045 return=-167.0 length=200 success_rate=0.00 collisions/ep=0.44 (n=16)
Evaluation at update 390: return=-148.23, length=200.00, success_rate=0.00, collisions/ep=0.00
Solved-check at update 390: solved=False worst_gap=1166.87 at p_x0=2.00 p_y0=0.00 (consecutive=0)
update=391 global_step=800768 SPS=449 w_ev=0.958 m_ev=0.701 m_v_bias=-0.3 m_adv_std=11.1006 m_kl_max=0.0303 m_ratio_max=1.542 return=-173.2 length=200 success_rate=0.00 collisions/ep=0.50 (n=8)
update=392 global_step=802816 SPS=450 w_ev=0.955 m_ev=0.719 m_v_bias=-4.2 m_adv_std=8.7474 m_kl_max=0.0126 m_ratio_max=0.467 return=-153.0 length=200 success_rate=0.00 collisions/ep=0.12 (n=8)
update=393 global_step=804864 SPS=451 w_ev=0.959 m_ev=0.501 m_v_bias=2.0 m_adv_std=15.8466 m_kl_max=0.0232 m_ratio_max=0.786 return=-176.6 length=200 success_rate=0.00 collisions/ep=0.56 (n=16)
update=394 global_step=806912 SPS=452 w_ev=0.978 m_ev=0.911 m_v_bias=-5.0 m_adv_std=4.8357 m_kl_max=0.0114 m_ratio_max=0.846 return=-149.1 length=200 success_rate=0.00 collisions/ep=0.00 (n=8)
update=395 global_step=808960 SPS=452 w_ev=0.938 m_ev=0.186 m_v_bias=-2.1 m_adv_std=16.5036 m_kl_max=0.0123 m_ratio_max=0.586 return=-149.1 length=200 success_rate=0.00 collisions/ep=0.00 (n=8)
Evaluation at update 395: return=-148.61, length=200.00, success_rate=0.00, collisions/ep=0.00
Solved-check at update 395: solved=False worst_gap=1167.29 at p_x0=2.00 p_y0=0.00 (consecutive=0)
update=396 global_step=811008 SPS=450 w_ev=0.959 m_ev=0.606 m_v_bias=-2.3 m_adv_std=9.1409 m_kl_max=0.0456 m_ratio_max=0.726 return=-163.1 length=200 success_rate=0.00 collisions/ep=0.38 (n=8)
update=397 global_step=813056 SPS=450 w_ev=0.954 m_ev=0.339 m_v_bias=5.3 m_adv_std=25.5009 m_kl_max=0.0190 m_ratio_max=0.943 return=-172.2 length=200 success_rate=0.00 collisions/ep=0.56 (n=16)
update=398 global_step=815104 SPS=451 w_ev=0.960 m_ev=0.811 m_v_bias=-2.9 m_adv_std=6.4682 m_kl_max=0.0260 m_ratio_max=0.952 return=-157.5 length=200 success_rate=0.00 collisions/ep=0.12 (n=8)
update=399 global_step=817152 SPS=452 w_ev=0.964 m_ev=0.747 m_v_bias=-1.1 m_adv_std=9.1240 m_kl_max=0.0100 m_ratio_max=0.578 return=-175.2 length=200 success_rate=0.00 collisions/ep=0.50 (n=8)
update=400 global_step=819200 SPS=453 w_ev=0.959 m_ev=0.961 m_v_bias=-3.2 m_adv_std=2.7133 m_kl_max=0.0104 m_ratio_max=0.594 return=-146.2 length=200 success_rate=0.00 collisions/ep=0.00 (n=16)
Evaluation at update 400: return=-148.46, length=200.00, success_rate=0.00, collisions/ep=0.00
Solved-check at update 400: solved=False worst_gap=1167.53 at p_x0=2.00 p_y0=0.50 (consecutive=0)
update=401 global_step=821248 SPS=450 w_ev=0.973 m_ev=0.985 m_v_bias=-1.8 m_adv_std=1.9868 m_kl_max=0.0143 m_ratio_max=0.890 return=-147.4 length=200 success_rate=0.00 collisions/ep=0.00 (n=8)
update=402 global_step=823296 SPS=451 w_ev=0.965 m_ev=0.746 m_v_bias=0.8 m_adv_std=8.2637 m_kl_max=0.0509 m_ratio_max=1.414 return=-158.1 length=200 success_rate=0.00 collisions/ep=0.25 (n=8)
update=403 global_step=825344 SPS=451 w_ev=0.962 m_ev=0.823 m_v_bias=0.5 m_adv_std=6.4812 m_kl_max=0.0187 m_ratio_max=0.502 return=-146.7 length=200 success_rate=0.00 collisions/ep=0.00 (n=8)
update=404 global_step=827392 SPS=452 w_ev=0.971 m_ev=0.663 m_v_bias=1.7 m_adv_std=12.7327 m_kl_max=0.0242 m_ratio_max=0.926 return=-157.6 length=200 success_rate=0.00 collisions/ep=0.25 (n=16)
update=405 global_step=829440 SPS=453 w_ev=0.965 m_ev=0.743 m_v_bias=0.9 m_adv_std=8.7756 m_kl_max=0.0163 m_ratio_max=0.725 return=-160.0 length=200 success_rate=0.00 collisions/ep=0.25 (n=8)
Evaluation at update 405: return=-149.00, length=200.00, success_rate=0.00, collisions/ep=0.00
Solved-check at update 405: solved=False worst_gap=1169.50 at p_x0=2.00 p_y0=0.00 (consecutive=0)
update=406 global_step=831488 SPS=450 w_ev=0.963 m_ev=0.656 m_v_bias=1.3 m_adv_std=10.2590 m_kl_max=0.0287 m_ratio_max=0.981 return=-151.8 length=200 success_rate=0.00 collisions/ep=0.12 (n=8)
update=407 global_step=833536 SPS=451 w_ev=0.957 m_ev=0.772 m_v_bias=-2.3 m_adv_std=6.7336 m_kl_max=0.0137 m_ratio_max=0.667 return=-173.3 length=200 success_rate=0.00 collisions/ep=0.50 (n=8)
update=408 global_step=835584 SPS=451 w_ev=0.981 m_ev=0.986 m_v_bias=-1.8 m_adv_std=1.9005 m_kl_max=0.0180 m_ratio_max=0.910 return=-150.1 length=200 success_rate=0.00 collisions/ep=0.00 (n=16)
update=409 global_step=837632 SPS=452 w_ev=0.974 m_ev=0.878 m_v_bias=-0.7 m_adv_std=4.7451 m_kl_max=0.0191 m_ratio_max=0.752 return=-153.1 length=200 success_rate=0.00 collisions/ep=0.12 (n=8)
update=410 global_step=839680 SPS=453 w_ev=0.971 m_ev=0.800 m_v_bias=0.4 m_adv_std=6.1853 m_kl_max=0.0158 m_ratio_max=1.097 return=-147.3 length=200 success_rate=0.00 collisions/ep=0.00 (n=8)
Evaluation at update 410: return=-149.52, length=200.00, success_rate=0.00, collisions/ep=0.00
Solved-check at update 410: solved=False worst_gap=1168.34 at p_x0=2.00 p_y0=0.50 (consecutive=0)
update=411 global_step=841728 SPS=450 w_ev=0.983 m_ev=0.990 m_v_bias=-1.4 m_adv_std=1.3705 m_kl_max=0.0246 m_ratio_max=0.691 return=-151.2 length=200 success_rate=0.00 collisions/ep=0.06 (n=16)
update=412 global_step=843776 SPS=451 w_ev=0.938 m_ev=0.355 m_v_bias=0.9 m_adv_std=15.3086 m_kl_max=0.0349 m_ratio_max=1.534 return=-167.3 length=200 success_rate=0.00 collisions/ep=0.38 (n=8)
update=413 global_step=845824 SPS=452 w_ev=0.930 m_ev=0.238 m_v_bias=6.0 m_adv_std=21.9901 m_kl_max=0.0384 m_ratio_max=2.369 return=-160.9 length=200 success_rate=0.00 collisions/ep=0.25 (n=8)
update=414 global_step=847872 SPS=452 w_ev=0.944 m_ev=0.485 m_v_bias=1.3 m_adv_std=13.3237 m_kl_max=0.0271 m_ratio_max=0.808 return=-170.7 length=200 success_rate=0.00 collisions/ep=0.50 (n=8)
update=415 global_step=849920 SPS=453 w_ev=0.984 m_ev=0.977 m_v_bias=-2.7 m_adv_std=2.5124 m_kl_max=0.0145 m_ratio_max=0.598 return=-156.7 length=200 success_rate=0.00 collisions/ep=0.19 (n=16)
Evaluation at update 415: return=-148.87, length=200.00, success_rate=0.00, collisions/ep=0.00
Solved-check at update 415: solved=False worst_gap=1167.53 at p_x0=2.00 p_y0=0.50 (consecutive=0)
update=416 global_step=851968 SPS=450 w_ev=0.951 m_ev=0.554 m_v_bias=0.7 m_adv_std=12.3943 m_kl_max=0.0208 m_ratio_max=1.128 return=-162.9 length=200 success_rate=0.00 collisions/ep=0.25 (n=8)
update=417 global_step=854016 SPS=451 w_ev=0.964 m_ev=0.968 m_v_bias=-1.7 m_adv_std=2.2077 m_kl_max=0.0145 m_ratio_max=0.645 return=-149.7 length=200 success_rate=0.00 collisions/ep=0.00 (n=8)
update=418 global_step=856064 SPS=452 w_ev=0.975 m_ev=0.736 m_v_bias=0.6 m_adv_std=8.3400 m_kl_max=0.0229 m_ratio_max=0.726 return=-154.1 length=200 success_rate=0.00 collisions/ep=0.12 (n=16)
update=419 global_step=858112 SPS=452 w_ev=0.980 m_ev=0.992 m_v_bias=-1.2 m_adv_std=1.4410 m_kl_max=0.0200 m_ratio_max=0.690 return=-149.1 length=200 success_rate=0.00 collisions/ep=0.00 (n=8)
update=420 global_step=860160 SPS=453 w_ev=0.974 m_ev=0.995 m_v_bias=-1.4 m_adv_std=0.8907 m_kl_max=0.0212 m_ratio_max=0.753 return=-143.8 length=200 success_rate=0.00 collisions/ep=0.00 (n=8)
Evaluation at update 420: return=-148.19, length=200.00, success_rate=0.00, collisions/ep=0.00
Solved-check at update 420: solved=False worst_gap=1169.28 at p_x0=2.00 p_y0=0.00 (consecutive=0)
update=421 global_step=862208 SPS=451 w_ev=0.925 m_ev=0.182 m_v_bias=4.7 m_adv_std=22.7129 m_kl_max=0.0150 m_ratio_max=0.797 return=-146.1 length=200 success_rate=0.00 collisions/ep=0.00 (n=8)
update=422 global_step=864256 SPS=451 w_ev=0.971 m_ev=0.530 m_v_bias=2.2 m_adv_std=14.7388 m_kl_max=0.0416 m_ratio_max=1.517 return=-178.4 length=200 success_rate=0.00 collisions/ep=0.62 (n=16)
update=423 global_step=866304 SPS=452 w_ev=0.966 m_ev=0.949 m_v_bias=-3.9 m_adv_std=2.7830 m_kl_max=0.0273 m_ratio_max=1.309 return=-147.8 length=200 success_rate=0.00 collisions/ep=0.00 (n=8)
update=424 global_step=868352 SPS=453 w_ev=0.959 m_ev=0.980 m_v_bias=-1.8 m_adv_std=1.8132 m_kl_max=0.0351 m_ratio_max=1.261 return=-152.8 length=200 success_rate=0.00 collisions/ep=0.00 (n=8)
update=425 global_step=870400 SPS=453 w_ev=0.957 m_ev=0.548 m_v_bias=2.0 m_adv_std=12.8196 m_kl_max=0.0261 m_ratio_max=0.682 return=-156.0 length=200 success_rate=0.00 collisions/ep=0.19 (n=16)
Evaluation at update 425: return=-147.70, length=200.00, success_rate=0.00, collisions/ep=0.00
Solved-check at update 425: solved=False worst_gap=1166.55 at p_x0=2.00 p_y0=0.00 (consecutive=0)
update=426 global_step=872448 SPS=451 w_ev=0.983 m_ev=0.879 m_v_bias=-0.5 m_adv_std=5.8035 m_kl_max=0.0120 m_ratio_max=0.708 return=-156.4 length=200 success_rate=0.00 collisions/ep=0.12 (n=8)
update=427 global_step=874496 SPS=451 w_ev=0.969 m_ev=0.749 m_v_bias=0.5 m_adv_std=8.0115 m_kl_max=0.0103 m_ratio_max=0.516 return=-158.4 length=200 success_rate=0.00 collisions/ep=0.25 (n=8)
update=428 global_step=876544 SPS=452 w_ev=0.974 m_ev=0.986 m_v_bias=-1.1 m_adv_std=1.5611 m_kl_max=0.0175 m_ratio_max=0.724 return=-145.5 length=200 success_rate=0.00 collisions/ep=0.00 (n=8)
update=429 global_step=878592 SPS=453 w_ev=0.979 m_ev=0.780 m_v_bias=2.0 m_adv_std=8.9332 m_kl_max=0.0130 m_ratio_max=0.616 return=-152.3 length=200 success_rate=0.00 collisions/ep=0.12 (n=16)
update=430 global_step=880640 SPS=454 w_ev=0.961 m_ev=0.629 m_v_bias=2.3 m_adv_std=10.3646 m_kl_max=0.0243 m_ratio_max=0.882 return=-153.9 length=200 success_rate=0.00 collisions/ep=0.12 (n=8)
Evaluation at update 430: return=-148.23, length=200.00, success_rate=0.00, collisions/ep=0.00
Solved-check at update 430: solved=False worst_gap=1168.34 at p_x0=2.00 p_y0=0.00 (consecutive=0)
update=431 global_step=882688 SPS=451 w_ev=0.971 m_ev=0.968 m_v_bias=-2.9 m_adv_std=2.3368 m_kl_max=0.0191 m_ratio_max=0.962 return=-158.2 length=200 success_rate=0.00 collisions/ep=0.25 (n=8)
update=432 global_step=884736 SPS=452 w_ev=0.974 m_ev=0.993 m_v_bias=-1.7 m_adv_std=1.0910 m_kl_max=0.0292 m_ratio_max=1.338 return=-147.3 length=200 success_rate=0.00 collisions/ep=0.00 (n=8)
update=433 global_step=886784 SPS=452 w_ev=0.964 m_ev=0.501 m_v_bias=5.3 m_adv_std=16.5715 m_kl_max=0.0349 m_ratio_max=0.800 return=-160.1 length=200 success_rate=0.00 collisions/ep=0.31 (n=16)
update=434 global_step=888832 SPS=453 w_ev=0.960 m_ev=0.736 m_v_bias=-1.5 m_adv_std=6.6836 m_kl_max=0.0238 m_ratio_max=0.656 return=-150.8 length=200 success_rate=0.00 collisions/ep=0.00 (n=8)
update=435 global_step=890880 SPS=454 w_ev=0.943 m_ev=0.344 m_v_bias=3.6 m_adv_std=19.2389 m_kl_max=0.0265 m_ratio_max=1.338 return=-166.3 length=200 success_rate=0.00 collisions/ep=0.25 (n=8)
Evaluation at update 435: return=-147.32, length=200.00, success_rate=0.00, collisions/ep=0.00
Solved-check at update 435: solved=False worst_gap=1168.55 at p_x0=2.00 p_y0=0.50 (consecutive=0)
update=436 global_step=892928 SPS=451 w_ev=0.974 m_ev=0.952 m_v_bias=-3.3 m_adv_std=3.2235 m_kl_max=0.0108 m_ratio_max=0.554 return=-160.9 length=200 success_rate=0.00 collisions/ep=0.25 (n=16)
update=437 global_step=894976 SPS=452 w_ev=0.964 m_ev=0.533 m_v_bias=0.7 m_adv_std=12.3125 m_kl_max=0.0272 m_ratio_max=1.439 return=-161.1 length=200 success_rate=0.00 collisions/ep=0.25 (n=8)
update=438 global_step=897024 SPS=453 w_ev=0.962 m_ev=0.622 m_v_bias=0.6 m_adv_std=9.7731 m_kl_max=0.0262 m_ratio_max=0.593 return=-158.3 length=200 success_rate=0.00 collisions/ep=0.25 (n=8)
update=439 global_step=899072 SPS=453 w_ev=0.963 m_ev=0.692 m_v_bias=-0.8 m_adv_std=9.1436 m_kl_max=0.0293 m_ratio_max=0.970 return=-161.5 length=200 success_rate=0.00 collisions/ep=0.38 (n=8)
update=440 global_step=901120 SPS=454 w_ev=0.981 m_ev=0.819 m_v_bias=1.3 m_adv_std=8.3743 m_kl_max=0.0134 m_ratio_max=0.517 return=-156.0 length=200 success_rate=0.00 collisions/ep=0.19 (n=16)
Evaluation at update 440: return=-147.33, length=200.00, success_rate=0.00, collisions/ep=0.00
Solved-check at update 440: solved=False worst_gap=1167.09 at p_x0=2.00 p_y0=0.50 (consecutive=0)
update=441 global_step=903168 SPS=451 w_ev=0.960 m_ev=0.810 m_v_bias=-0.4 m_adv_std=6.4942 m_kl_max=0.0127 m_ratio_max=0.622 return=-151.9 length=200 success_rate=0.00 collisions/ep=0.12 (n=8)
update=442 global_step=905216 SPS=452 w_ev=0.951 m_ev=0.754 m_v_bias=-1.1 m_adv_std=6.0584 m_kl_max=0.0164 m_ratio_max=0.767 return=-148.6 length=200 success_rate=0.00 collisions/ep=0.00 (n=8)
update=443 global_step=907264 SPS=453 w_ev=0.918 m_ev=0.155 m_v_bias=5.9 m_adv_std=31.3161 m_kl_max=0.0129 m_ratio_max=0.585 return=-172.0 length=200 success_rate=0.00 collisions/ep=0.44 (n=16)
update=444 global_step=909312 SPS=453 w_ev=0.971 m_ev=0.955 m_v_bias=-4.4 m_adv_std=3.1808 m_kl_max=0.0107 m_ratio_max=0.504 return=-149.5 length=200 success_rate=0.00 collisions/ep=0.00 (n=8)
update=445 global_step=911360 SPS=454 w_ev=0.965 m_ev=0.782 m_v_bias=-1.7 m_adv_std=6.6875 m_kl_max=0.0415 m_ratio_max=1.379 return=-145.9 length=200 success_rate=0.00 collisions/ep=0.00 (n=8)
Evaluation at update 445: return=-147.91, length=200.00, success_rate=0.00, collisions/ep=0.00
Solved-check at update 445: solved=False worst_gap=1167.04 at p_x0=2.00 p_y0=0.50 (consecutive=0)
update=446 global_step=913408 SPS=452 w_ev=0.965 m_ev=0.820 m_v_bias=-0.4 m_adv_std=6.3963 m_kl_max=0.0130 m_ratio_max=0.455 return=-157.3 length=200 success_rate=0.00 collisions/ep=0.25 (n=8)
update=447 global_step=915456 SPS=452 w_ev=0.989 m_ev=0.830 m_v_bias=1.3 m_adv_std=7.9851 m_kl_max=0.0088 m_ratio_max=0.552 return=-152.1 length=200 success_rate=0.00 collisions/ep=0.12 (n=16)
update=448 global_step=917504 SPS=453 w_ev=0.973 m_ev=0.976 m_v_bias=-1.4 m_adv_std=2.0016 m_kl_max=0.0188 m_ratio_max=0.704 return=-146.5 length=200 success_rate=0.00 collisions/ep=0.00 (n=8)
update=449 global_step=919552 SPS=454 w_ev=0.979 m_ev=0.993 m_v_bias=-1.5 m_adv_std=1.0435 m_kl_max=0.0134 m_ratio_max=0.435 return=-148.5 length=200 success_rate=0.00 collisions/ep=0.00 (n=8)
update=450 global_step=921600 SPS=454 w_ev=0.969 m_ev=0.671 m_v_bias=2.2 m_adv_std=8.8475 m_kl_max=0.0259 m_ratio_max=1.037 return=-152.9 length=200 success_rate=0.00 collisions/ep=0.12 (n=16)
Evaluation at update 450: return=-147.75, length=200.00, success_rate=0.00, collisions/ep=0.00
Solved-check at update 450: solved=False worst_gap=1166.83 at p_x0=2.00 p_y0=0.50 (consecutive=0)
update=451 global_step=923648 SPS=452 w_ev=0.962 m_ev=0.424 m_v_bias=-0.3 m_adv_std=15.3733 m_kl_max=0.0151 m_ratio_max=0.566 return=-165.4 length=200 success_rate=0.00 collisions/ep=0.38 (n=8)
update=452 global_step=925696 SPS=452 w_ev=0.983 m_ev=0.972 m_v_bias=-1.7 m_adv_std=2.2000 m_kl_max=0.0380 m_ratio_max=0.849 return=-146.1 length=200 success_rate=0.00 collisions/ep=0.00 (n=8)
update=453 global_step=927744 SPS=453 w_ev=0.973 m_ev=0.983 m_v_bias=-1.2 m_adv_std=1.7215 m_kl_max=0.0181 m_ratio_max=0.547 return=-144.2 length=200 success_rate=0.00 collisions/ep=0.00 (n=8)
update=454 global_step=929792 SPS=454 w_ev=0.977 m_ev=0.585 m_v_bias=3.3 m_adv_std=13.5065 m_kl_max=0.0214 m_ratio_max=0.977 return=-156.4 length=200 success_rate=0.00 collisions/ep=0.19 (n=16)
update=455 global_step=931840 SPS=454 w_ev=0.969 m_ev=0.840 m_v_bias=-0.4 m_adv_std=6.0497 m_kl_max=0.0150 m_ratio_max=0.848 return=-152.1 length=200 success_rate=0.00 collisions/ep=0.12 (n=8)
Evaluation at update 455: return=-147.17, length=200.00, success_rate=0.00, collisions/ep=0.00
Solved-check at update 455: solved=False worst_gap=1166.40 at p_x0=2.00 p_y0=0.00 (consecutive=0)
update=456 global_step=933888 SPS=452 w_ev=0.962 m_ev=0.732 m_v_bias=0.5 m_adv_std=8.7020 m_kl_max=0.0216 m_ratio_max=1.757 return=-165.7 length=200 success_rate=0.00 collisions/ep=0.38 (n=8)
update=457 global_step=935936 SPS=453 w_ev=0.953 m_ev=0.635 m_v_bias=0.0 m_adv_std=7.9955 m_kl_max=0.0120 m_ratio_max=0.421 return=-151.9 length=200 success_rate=0.00 collisions/ep=0.12 (n=8)
update=458 global_step=937984 SPS=453 w_ev=0.985 m_ev=0.879 m_v_bias=-1.5 m_adv_std=5.8624 m_kl_max=0.0078 m_ratio_max=0.457 return=-152.2 length=200 success_rate=0.00 collisions/ep=0.12 (n=16)
update=459 global_step=940032 SPS=454 w_ev=0.965 m_ev=0.989 m_v_bias=-1.1 m_adv_std=1.2847 m_kl_max=0.0134 m_ratio_max=0.608 return=-148.7 length=200 success_rate=0.00 collisions/ep=0.00 (n=8)
update=460 global_step=942080 SPS=454 w_ev=0.972 m_ev=0.994 m_v_bias=-0.5 m_adv_std=0.9827 m_kl_max=0.0235 m_ratio_max=1.348 return=-145.8 length=200 success_rate=0.00 collisions/ep=0.00 (n=8)
Evaluation at update 460: return=-146.57, length=200.00, success_rate=0.00, collisions/ep=0.00
Solved-check at update 460: solved=False worst_gap=1165.81 at p_x0=2.00 p_y0=0.00 (consecutive=0)
update=461 global_step=944128 SPS=452 w_ev=0.914 m_ev=0.245 m_v_bias=3.9 m_adv_std=27.7618 m_kl_max=0.0308 m_ratio_max=1.447 return=-169.0 length=200 success_rate=0.00 collisions/ep=0.44 (n=16)
update=462 global_step=946176 SPS=453 w_ev=0.959 m_ev=0.966 m_v_bias=-0.8 m_adv_std=2.5873 m_kl_max=0.0043 m_ratio_max=0.293 return=-146.5 length=200 success_rate=0.00 collisions/ep=0.00 (n=8)
update=463 global_step=948224 SPS=453 w_ev=0.973 m_ev=0.987 m_v_bias=-1.0 m_adv_std=1.5498 m_kl_max=0.0131 m_ratio_max=0.600 return=-152.0 length=200 success_rate=0.00 collisions/ep=0.00 (n=8)
update=464 global_step=950272 SPS=454 w_ev=0.979 m_ev=0.996 m_v_bias=-1.0 m_adv_std=0.8583 m_kl_max=0.0218 m_ratio_max=0.984 return=-144.0 length=200 success_rate=0.00 collisions/ep=0.00 (n=8)
update=465 global_step=952320 SPS=455 w_ev=0.981 m_ev=0.894 m_v_bias=0.6 m_adv_std=5.9525 m_kl_max=0.0161 m_ratio_max=0.874 return=-148.3 length=200 success_rate=0.00 collisions/ep=0.06 (n=16)
Evaluation at update 465: return=-145.40, length=200.00, success_rate=0.00, collisions/ep=0.00
Solved-check at update 465: solved=False worst_gap=1165.47 at p_x0=2.00 p_y0=0.50 (consecutive=0)
update=466 global_step=954368 SPS=452 w_ev=0.961 m_ev=0.795 m_v_bias=0.1 m_adv_std=5.6723 m_kl_max=0.0308 m_ratio_max=1.680 return=-141.2 length=200 success_rate=0.00 collisions/ep=0.00 (n=8)
update=467 global_step=956416 SPS=453 w_ev=0.968 m_ev=0.981 m_v_bias=-1.5 m_adv_std=1.8482 m_kl_max=0.0226 m_ratio_max=0.894 return=-151.5 length=200 success_rate=0.00 collisions/ep=0.12 (n=8)
update=468 global_step=958464 SPS=454 w_ev=0.971 m_ev=0.713 m_v_bias=2.4 m_adv_std=8.7309 m_kl_max=0.0226 m_ratio_max=1.280 return=-151.2 length=200 success_rate=0.00 collisions/ep=0.12 (n=16)
update=469 global_step=960512 SPS=454 w_ev=0.973 m_ev=0.873 m_v_bias=0.6 m_adv_std=6.2809 m_kl_max=0.0192 m_ratio_max=0.713 return=-158.6 length=200 success_rate=0.00 collisions/ep=0.12 (n=8)
update=470 global_step=962560 SPS=455 w_ev=0.943 m_ev=0.493 m_v_bias=3.0 m_adv_std=13.5694 m_kl_max=0.0216 m_ratio_max=0.607 return=-149.6 length=200 success_rate=0.00 collisions/ep=0.12 (n=8)
Evaluation at update 470: return=-146.05, length=200.00, success_rate=0.00, collisions/ep=0.00
Solved-check at update 470: solved=False worst_gap=1165.21 at p_x0=2.00 p_y0=0.00 (consecutive=0)
update=471 global_step=964608 SPS=452 w_ev=0.969 m_ev=0.977 m_v_bias=-2.5 m_adv_std=2.2011 m_kl_max=0.0222 m_ratio_max=0.662 return=-159.2 length=200 success_rate=0.00 collisions/ep=0.25 (n=8)
update=472 global_step=966656 SPS=453 w_ev=0.981 m_ev=0.995 m_v_bias=-1.9 m_adv_std=1.2209 m_kl_max=0.0086 m_ratio_max=0.478 return=-144.2 length=200 success_rate=0.00 collisions/ep=0.00 (n=16)
update=473 global_step=968704 SPS=454 w_ev=0.953 m_ev=0.748 m_v_bias=1.7 m_adv_std=8.1109 m_kl_max=0.0183 m_ratio_max=0.810 return=-159.6 length=200 success_rate=0.00 collisions/ep=0.25 (n=8)
update=474 global_step=970752 SPS=454 w_ev=0.960 m_ev=0.828 m_v_bias=-0.4 m_adv_std=5.9012 m_kl_max=0.0095 m_ratio_max=0.515 return=-155.8 length=200 success_rate=0.00 collisions/ep=0.12 (n=8)
update=475 global_step=972800 SPS=455 w_ev=0.975 m_ev=0.826 m_v_bias=-0.1 m_adv_std=6.2915 m_kl_max=0.0196 m_ratio_max=0.567 return=-150.2 length=200 success_rate=0.00 collisions/ep=0.06 (n=16)
Evaluation at update 475: return=-146.61, length=200.00, success_rate=0.00, collisions/ep=0.00
Solved-check at update 475: solved=False worst_gap=1165.40 at p_x0=2.00 p_y0=0.50 (consecutive=0)
update=476 global_step=974848 SPS=452 w_ev=0.965 m_ev=0.479 m_v_bias=2.8 m_adv_std=18.0993 m_kl_max=0.0354 m_ratio_max=1.382 return=-166.2 length=200 success_rate=0.00 collisions/ep=0.38 (n=8)
update=477 global_step=976896 SPS=453 w_ev=0.959 m_ev=0.976 m_v_bias=-2.3 m_adv_std=1.9579 m_kl_max=0.0177 m_ratio_max=0.661 return=-145.9 length=200 success_rate=0.00 collisions/ep=0.00 (n=8)
update=478 global_step=978944 SPS=454 w_ev=0.964 m_ev=0.994 m_v_bias=-1.5 m_adv_std=1.0194 m_kl_max=0.0107 m_ratio_max=0.408 return=-147.8 length=200 success_rate=0.00 collisions/ep=0.00 (n=8)
update=479 global_step=980992 SPS=454 w_ev=0.987 m_ev=0.998 m_v_bias=-1.0 m_adv_std=0.7517 m_kl_max=0.0467 m_ratio_max=1.314 return=-145.6 length=200 success_rate=0.00 collisions/ep=0.00 (n=16)
update=480 global_step=983040 SPS=455 w_ev=0.241 m_ev=-0.054 m_v_bias=20.4 m_adv_std=126.3579 m_kl_max=0.0289 m_ratio_max=1.063 return=-144.1 length=200 success_rate=0.00 collisions/ep=0.00 (n=8)
Evaluation at update 480: return=-144.84, length=200.00, success_rate=0.00, collisions/ep=0.00
Solved-check at update 480: solved=False worst_gap=1167.24 at p_x0=2.00 p_y0=0.50 (consecutive=0)
update=481 global_step=985088 SPS=452 w_ev=0.896 m_ev=-1.288 m_v_bias=2.2 m_adv_std=41.0405 m_kl_max=0.0246 m_ratio_max=0.697 return=-324.6 length=200 success_rate=0.00 collisions/ep=3.62 (n=8)
update=482 global_step=987136 SPS=453 w_ev=0.821 m_ev=0.033 m_v_bias=9.9 m_adv_std=44.9769 m_kl_max=0.0136 m_ratio_max=0.808 return=-159.5 length=200 success_rate=0.00 collisions/ep=0.25 (n=8)
update=483 global_step=989184 SPS=454 w_ev=0.968 m_ev=0.719 m_v_bias=-6.6 m_adv_std=8.8952 m_kl_max=0.0209 m_ratio_max=0.582 return=-180.9 length=200 success_rate=0.00 collisions/ep=0.69 (n=16)
update=484 global_step=991232 SPS=454 w_ev=0.967 m_ev=0.599 m_v_bias=-2.3 m_adv_std=10.7741 m_kl_max=0.0492 m_ratio_max=1.204 return=-156.0 length=200 success_rate=0.00 collisions/ep=0.25 (n=8)
update=485 global_step=993280 SPS=455 w_ev=0.976 m_ev=0.794 m_v_bias=0.1 m_adv_std=6.8199 m_kl_max=0.0113 m_ratio_max=0.662 return=-147.2 length=200 success_rate=0.00 collisions/ep=0.00 (n=8)
Evaluation at update 485: return=-145.47, length=200.00, success_rate=0.00, collisions/ep=0.00
Solved-check at update 485: solved=False worst_gap=1168.15 at p_x0=2.00 p_y0=0.50 (consecutive=0)
update=486 global_step=995328 SPS=452 w_ev=0.988 m_ev=0.979 m_v_bias=-2.2 m_adv_std=2.1255 m_kl_max=0.0188 m_ratio_max=0.804 return=-147.0 length=200 success_rate=0.00 collisions/ep=0.06 (n=16)
update=487 global_step=997376 SPS=453 w_ev=0.957 m_ev=0.471 m_v_bias=3.3 m_adv_std=18.4785 m_kl_max=0.0083 m_ratio_max=0.468 return=-163.1 length=200 success_rate=0.00 collisions/ep=0.38 (n=8)
update=488 global_step=999424 SPS=454 w_ev=0.978 m_ev=0.904 m_v_bias=-1.3 m_adv_std=4.6072 m_kl_max=0.0187 m_ratio_max=0.505 return=-152.7 length=200 success_rate=0.00 collisions/ep=0.12 (n=8)
update=489 global_step=1001472 SPS=454 w_ev=0.942 m_ev=0.418 m_v_bias=0.4 m_adv_std=17.1419 m_kl_max=0.0291 m_ratio_max=1.702 return=-161.8 length=200 success_rate=0.00 collisions/ep=0.38 (n=8)
update=490 global_step=1003520 SPS=455 w_ev=0.988 m_ev=0.985 m_v_bias=-1.9 m_adv_std=2.0965 m_kl_max=0.0156 m_ratio_max=0.541 return=-146.9 length=200 success_rate=0.00 collisions/ep=0.00 (n=16)
Evaluation at update 490: return=-146.99, length=200.00, success_rate=0.00, collisions/ep=0.00
Solved-check at update 490: solved=False worst_gap=1165.90 at p_x0=2.00 p_y0=0.50 (consecutive=0)
update=491 global_step=1005568 SPS=453 w_ev=0.979 m_ev=0.863 m_v_bias=-0.2 m_adv_std=5.4771 m_kl_max=0.0299 m_ratio_max=0.987 return=-152.6 length=200 success_rate=0.00 collisions/ep=0.12 (n=8)
update=492 global_step=1007616 SPS=453 w_ev=0.982 m_ev=0.993 m_v_bias=-1.0 m_adv_std=1.1220 m_kl_max=0.0246 m_ratio_max=0.742 return=-143.7 length=200 success_rate=0.00 collisions/ep=0.00 (n=8)
update=493 global_step=1009664 SPS=454 w_ev=0.975 m_ev=0.775 m_v_bias=0.5 m_adv_std=6.3203 m_kl_max=0.0210 m_ratio_max=0.948 return=-151.4 length=200 success_rate=0.00 collisions/ep=0.06 (n=16)
update=494 global_step=1011712 SPS=454 w_ev=0.952 m_ev=0.355 m_v_bias=2.6 m_adv_std=16.8059 m_kl_max=0.0168 m_ratio_max=0.922 return=-173.1 length=200 success_rate=0.00 collisions/ep=0.50 (n=8)
update=495 global_step=1013760 SPS=455 w_ev=0.969 m_ev=0.958 m_v_bias=-2.1 m_adv_std=2.5094 m_kl_max=0.0146 m_ratio_max=0.582 return=-148.4 length=200 success_rate=0.00 collisions/ep=0.00 (n=8)
Evaluation at update 495: return=-146.73, length=200.00, success_rate=0.00, collisions/ep=0.00
Solved-check at update 495: solved=False worst_gap=1166.89 at p_x0=2.00 p_y0=0.50 (consecutive=0)
update=496 global_step=1015808 SPS=453 w_ev=0.971 m_ev=0.990 m_v_bias=-0.9 m_adv_std=1.2747 m_kl_max=0.0233 m_ratio_max=0.856 return=-147.6 length=200 success_rate=0.00 collisions/ep=0.00 (n=8)
update=497 global_step=1017856 SPS=453 w_ev=0.981 m_ev=0.997 m_v_bias=-0.6 m_adv_std=0.9704 m_kl_max=0.0237 m_ratio_max=0.923 return=-144.6 length=200 success_rate=0.00 collisions/ep=0.00 (n=16)
update=498 global_step=1019904 SPS=454 w_ev=0.965 m_ev=0.996 m_v_bias=-0.5 m_adv_std=0.7469 m_kl_max=0.0257 m_ratio_max=0.762 return=-143.6 length=200 success_rate=0.00 collisions/ep=0.00 (n=8)
update=499 global_step=1021952 SPS=454 w_ev=0.970 m_ev=0.551 m_v_bias=4.5 m_adv_std=14.2875 m_kl_max=0.0314 m_ratio_max=1.646 return=-178.7 length=200 success_rate=0.00 collisions/ep=0.62 (n=8)
update=500 global_step=1024000 SPS=455 w_ev=0.970 m_ev=0.831 m_v_bias=-0.3 m_adv_std=6.2175 m_kl_max=0.0134 m_ratio_max=0.605 return=-145.5 length=200 success_rate=0.00 collisions/ep=0.06 (n=16)
Evaluation at update 500: return=-145.62, length=200.00, success_rate=0.00, collisions/ep=0.00
Solved-check at update 500: solved=False worst_gap=1166.77 at p_x0=2.00 p_y0=0.50 (consecutive=0)
Saved checkpoints to C:\Users\loren\Desktop\MASTER THESIS\5_CODE\scenarios\slalom\studies\hppo\runs\hppo_slalom_10_1791107819
