Using device: cpu
Solved-check: precomputed optimal returns for 25 fixed initial conditions (mean=1011.8, min=1007.0, max=1014.0); solved-tolerance=5.0
num_envs=8 num_steps_per_env=256 worker_batch_size=2048 worker_minibatch_size=256 num_updates=500 timesteps=1024000
update=1 global_step=2048 SPS=1158 w_ev=-0.002 m_ev=-0.000 m_v_bias=132.8 m_adv_std=105.2608 m_kl_max=0.0059 m_ratio_max=0.535 return=-599.1 length=200 success_rate=0.00 collisions/ep=8.00 (n=8)
update=2 global_step=4096 SPS=1235 w_ev=0.165 m_ev=-0.211 m_v_bias=36.7 m_adv_std=82.9572 m_kl_max=0.0009 m_ratio_max=0.217 return=-436.8 length=200 success_rate=0.00 collisions/ep=4.88 (n=8)
update=3 global_step=6144 SPS=1207 w_ev=0.001 m_ev=-0.139 m_v_bias=-32.8 m_adv_std=159.9426 m_kl_max=0.0004 m_ratio_max=0.116 w_ax@goal=+0.79 w_v@goal=-3.03 return=-273.0 length=195 success_rate=0.11 collisions/ep=4.00 (n=9)
update=4 global_step=8192 SPS=1158 w_ev=0.227 m_ev=-0.087 m_v_bias=25.6 m_adv_std=101.2497 m_kl_max=0.0016 m_ratio_max=0.255 w_ax@goal=-0.41 w_v@goal=-0.65 return=-335.9 length=200 success_rate=0.00 collisions/ep=3.00 (n=15)
update=5 global_step=10240 SPS=1163 w_ev=0.062 m_ev=-0.063 m_v_bias=-19.2 m_adv_std=182.1700 m_kl_max=0.0026 m_ratio_max=0.368 w_ax@goal=+0.10 w_v@goal=-2.20 return=-171.4 length=199 success_rate=0.12 collisions/ep=2.00 (n=8)
Evaluation at update 5: return=-5191.48, length=200.00, success_rate=0.00, collisions/ep=100.40
Solved-check at update 5: solved=False worst_gap=7986.96 at p_x0=2.00 p_y0=-1.00 (consecutive=0)
update=6 global_step=12288 SPS=469 w_ev=0.039 m_ev=-0.152 m_v_bias=21.9 m_adv_std=141.5687 m_kl_max=0.0020 m_ratio_max=0.201 w_ax@goal=+0.13 w_v@goal=-1.72 return=-367.5 length=193 success_rate=0.11 collisions/ep=6.11 (n=9)
update=7 global_step=14336 SPS=508 w_ev=0.083 m_ev=-0.023 m_v_bias=25.7 m_adv_std=96.2849 m_kl_max=0.0095 m_ratio_max=0.629 return=-407.0 length=200 success_rate=0.00 collisions/ep=4.22 (n=9)
update=8 global_step=16384 SPS=541 w_ev=0.423 m_ev=-0.005 m_v_bias=-16.2 m_adv_std=54.4121 m_kl_max=0.0182 m_ratio_max=0.897 return=-426.7 length=200 success_rate=0.00 collisions/ep=4.64 (n=14)
update=9 global_step=18432 SPS=573 w_ev=0.226 m_ev=-1.302 m_v_bias=-22.5 m_adv_std=21.7620 m_kl_max=0.0069 m_ratio_max=0.432 return=-234.4 length=200 success_rate=0.00 collisions/ep=0.33 (n=9)
update=10 global_step=20480 SPS=600 w_ev=0.013 m_ev=0.285 m_v_bias=-4.1 m_adv_std=26.8001 m_kl_max=0.0117 m_ratio_max=0.490 return=-249.7 length=200 success_rate=0.00 collisions/ep=0.75 (n=8)
Evaluation at update 10: return=-221.48, length=200.00, success_rate=0.00, collisions/ep=0.00
Solved-check at update 10: solved=False worst_gap=1240.96 at p_x0=2.00 p_y0=0.50 (consecutive=0)
update=11 global_step=22528 SPS=444 w_ev=0.300 m_ev=0.291 m_v_bias=-1.8 m_adv_std=36.4108 m_kl_max=0.0069 m_ratio_max=0.427 return=-252.2 length=200 success_rate=0.00 collisions/ep=0.73 (n=15)
update=12 global_step=24576 SPS=466 w_ev=0.687 m_ev=0.486 m_v_bias=2.0 m_adv_std=26.6520 m_kl_max=0.0175 m_ratio_max=0.549 return=-258.6 length=200 success_rate=0.00 collisions/ep=0.88 (n=8)
update=13 global_step=26624 SPS=489 w_ev=0.717 m_ev=0.740 m_v_bias=-7.4 m_adv_std=10.9031 m_kl_max=0.0203 m_ratio_max=1.193 return=-222.2 length=200 success_rate=0.00 collisions/ep=0.22 (n=9)
update=14 global_step=28672 SPS=511 w_ev=0.422 m_ev=0.248 m_v_bias=-7.6 m_adv_std=10.5216 m_kl_max=0.0050 m_ratio_max=0.425 return=-213.6 length=200 success_rate=0.00 collisions/ep=0.12 (n=8)
update=15 global_step=30720 SPS=530 w_ev=0.585 m_ev=0.549 m_v_bias=-3.8 m_adv_std=12.7271 m_kl_max=0.0011 m_ratio_max=0.188 return=-209.6 length=200 success_rate=0.00 collisions/ep=0.13 (n=15)
Evaluation at update 15: return=-221.48, length=200.00, success_rate=0.00, collisions/ep=0.00
Solved-check at update 15: solved=False worst_gap=1240.96 at p_x0=2.00 p_y0=0.50 (consecutive=0)
update=16 global_step=32768 SPS=439 w_ev=0.203 m_ev=0.649 m_v_bias=-2.1 m_adv_std=4.7595 m_kl_max=0.0043 m_ratio_max=0.283 return=-217.5 length=200 success_rate=0.00 collisions/ep=0.00 (n=8)
update=17 global_step=34816 SPS=455 w_ev=0.130 m_ev=0.042 m_v_bias=2.9 m_adv_std=18.7397 m_kl_max=0.0146 m_ratio_max=0.812 return=-219.5 length=200 success_rate=0.00 collisions/ep=0.00 (n=9)
update=18 global_step=36864 SPS=470 w_ev=0.197 m_ev=0.442 m_v_bias=-2.5 m_adv_std=8.3746 m_kl_max=0.0234 m_ratio_max=1.614 return=-226.9 length=200 success_rate=0.00 collisions/ep=0.27 (n=15)
update=19 global_step=38912 SPS=486 w_ev=0.363 m_ev=0.290 m_v_bias=-2.0 m_adv_std=16.1812 m_kl_max=0.0028 m_ratio_max=0.228 return=-205.9 length=200 success_rate=0.00 collisions/ep=0.25 (n=8)
update=20 global_step=40960 SPS=499 w_ev=0.294 m_ev=0.114 m_v_bias=18.6 m_adv_std=93.1277 m_kl_max=0.0036 m_ratio_max=0.414 return=-318.8 length=200 success_rate=0.00 collisions/ep=2.33 (n=9)
Evaluation at update 20: return=-195.07, length=200.00, success_rate=0.00, collisions/ep=0.00
Solved-check at update 20: solved=False worst_gap=1210.64 at p_x0=2.00 p_y0=-0.50 (consecutive=0)
update=21 global_step=43008 SPS=439 w_ev=0.556 m_ev=-0.070 m_v_bias=-6.9 m_adv_std=21.8400 m_kl_max=0.0181 m_ratio_max=0.478 return=-197.5 length=200 success_rate=0.00 collisions/ep=0.00 (n=8)
update=22 global_step=45056 SPS=452 w_ev=0.712 m_ev=0.397 m_v_bias=9.9 m_adv_std=47.6447 m_kl_max=0.0042 m_ratio_max=0.455 return=-262.3 length=200 success_rate=0.00 collisions/ep=1.40 (n=15)
update=23 global_step=47104 SPS=464 w_ev=0.274 m_ev=-0.616 m_v_bias=-4.7 m_adv_std=20.6902 m_kl_max=0.0028 m_ratio_max=0.239 return=-200.1 length=200 success_rate=0.00 collisions/ep=0.00 (n=8)
update=24 global_step=49152 SPS=474 w_ev=0.855 m_ev=0.803 m_v_bias=-3.0 m_adv_std=9.5064 m_kl_max=0.0035 m_ratio_max=0.315 return=-204.2 length=200 success_rate=0.00 collisions/ep=0.11 (n=9)
update=25 global_step=51200 SPS=486 w_ev=0.404 m_ev=0.729 m_v_bias=-1.4 m_adv_std=6.6801 m_kl_max=0.0022 m_ratio_max=0.214 return=-206.4 length=200 success_rate=0.00 collisions/ep=0.07 (n=15)
Evaluation at update 25: return=-200.47, length=200.00, success_rate=0.00, collisions/ep=0.00
Solved-check at update 25: solved=False worst_gap=1217.08 at p_x0=2.00 p_y0=-0.50 (consecutive=0)
update=26 global_step=53248 SPS=438 w_ev=0.611 m_ev=0.200 m_v_bias=15.1 m_adv_std=70.8889 m_kl_max=0.0191 m_ratio_max=0.631 return=-275.3 length=200 success_rate=0.00 collisions/ep=1.62 (n=8)
update=27 global_step=55296 SPS=447 w_ev=0.519 m_ev=0.214 m_v_bias=-10.9 m_adv_std=17.6651 m_kl_max=0.0181 m_ratio_max=0.599 return=-199.5 length=200 success_rate=0.00 collisions/ep=0.00 (n=9)
update=28 global_step=57344 SPS=457 w_ev=0.734 m_ev=0.284 m_v_bias=17.1 m_adv_std=76.6259 m_kl_max=0.0200 m_ratio_max=0.890 return=-206.0 length=200 success_rate=0.00 collisions/ep=0.00 (n=8)
update=29 global_step=59392 SPS=465 w_ev=0.806 m_ev=0.357 m_v_bias=-4.6 m_adv_std=38.5031 m_kl_max=0.0213 m_ratio_max=0.647 return=-274.7 length=200 success_rate=0.00 collisions/ep=1.33 (n=15)
update=30 global_step=61440 SPS=474 w_ev=0.493 m_ev=0.275 m_v_bias=-5.9 m_adv_std=16.7122 m_kl_max=0.0195 m_ratio_max=0.598 return=-217.2 length=200 success_rate=0.00 collisions/ep=0.25 (n=8)
Evaluation at update 30: return=-221.32, length=200.00, success_rate=0.00, collisions/ep=0.00
Solved-check at update 30: solved=False worst_gap=1239.96 at p_x0=2.00 p_y0=-0.50 (consecutive=0)
update=31 global_step=63488 SPS=433 w_ev=0.067 m_ev=0.289 m_v_bias=3.6 m_adv_std=6.3911 m_kl_max=0.0124 m_ratio_max=0.560 return=-218.6 length=200 success_rate=0.00 collisions/ep=0.00 (n=9)
update=32 global_step=65536 SPS=441 w_ev=0.234 m_ev=0.242 m_v_bias=-0.7 m_adv_std=6.7334 m_kl_max=0.0206 m_ratio_max=0.928 return=-209.0 length=200 success_rate=0.00 collisions/ep=0.00 (n=9)
update=33 global_step=67584 SPS=449 w_ev=0.297 m_ev=0.471 m_v_bias=-1.7 m_adv_std=5.1274 m_kl_max=0.0312 m_ratio_max=0.912 return=-204.3 length=200 success_rate=0.00 collisions/ep=0.00 (n=14)
update=34 global_step=69632 SPS=457 w_ev=0.437 m_ev=0.172 m_v_bias=13.8 m_adv_std=57.1725 m_kl_max=0.0092 m_ratio_max=0.490 return=-256.4 length=200 success_rate=0.00 collisions/ep=1.22 (n=9)
update=35 global_step=71680 SPS=466 w_ev=0.616 m_ev=0.284 m_v_bias=9.3 m_adv_std=45.7188 m_kl_max=0.0146 m_ratio_max=0.772 return=-216.6 length=200 success_rate=0.00 collisions/ep=0.50 (n=8)
Evaluation at update 35: return=-199.95, length=200.00, success_rate=0.00, collisions/ep=0.00
Solved-check at update 35: solved=False worst_gap=1216.21 at p_x0=2.00 p_y0=-0.50 (consecutive=0)
update=36 global_step=73728 SPS=433 w_ev=0.611 m_ev=0.519 m_v_bias=7.0 m_adv_std=38.4882 m_kl_max=0.0256 m_ratio_max=0.609 return=-267.7 length=200 success_rate=0.00 collisions/ep=1.33 (n=15)
update=37 global_step=75776 SPS=440 w_ev=0.439 m_ev=0.062 m_v_bias=3.0 m_adv_std=26.2582 m_kl_max=0.0105 m_ratio_max=0.690 return=-226.1 length=200 success_rate=0.00 collisions/ep=0.50 (n=8)
update=38 global_step=77824 SPS=448 w_ev=0.049 m_ev=-0.048 m_v_bias=0.9 m_adv_std=11.5423 m_kl_max=0.0209 m_ratio_max=0.647 return=-212.0 length=200 success_rate=0.00 collisions/ep=0.00 (n=9)
update=39 global_step=79872 SPS=454 w_ev=0.321 m_ev=0.425 m_v_bias=0.1 m_adv_std=6.0726 m_kl_max=0.0256 m_ratio_max=0.886 return=-215.7 length=200 success_rate=0.00 collisions/ep=0.00 (n=8)
update=40 global_step=81920 SPS=461 w_ev=0.320 m_ev=0.506 m_v_bias=-1.0 m_adv_std=5.7816 m_kl_max=0.0286 m_ratio_max=1.514 return=-212.6 length=200 success_rate=0.00 collisions/ep=0.00 (n=15)
Evaluation at update 40: return=-195.77, length=200.00, success_rate=0.00, collisions/ep=0.00
Solved-check at update 40: solved=False worst_gap=1213.11 at p_x0=2.00 p_y0=0.00 (consecutive=0)
update=41 global_step=83968 SPS=433 w_ev=0.341 m_ev=0.328 m_v_bias=4.8 m_adv_std=30.7296 m_kl_max=0.0067 m_ratio_max=0.427 return=-227.8 length=200 success_rate=0.00 collisions/ep=0.62 (n=8)
update=42 global_step=86016 SPS=439 w_ev=0.228 m_ev=0.178 m_v_bias=0.0 m_adv_std=35.5654 m_kl_max=0.0039 m_ratio_max=0.307 return=-263.6 length=200 success_rate=0.00 collisions/ep=1.33 (n=9)
update=43 global_step=88064 SPS=445 w_ev=0.236 m_ev=0.302 m_v_bias=-0.6 m_adv_std=6.7609 m_kl_max=0.0285 m_ratio_max=0.700 return=-208.1 length=200 success_rate=0.00 collisions/ep=0.00 (n=15)
update=44 global_step=90112 SPS=451 w_ev=0.519 m_ev=0.240 m_v_bias=0.5 m_adv_std=18.9020 m_kl_max=0.0127 m_ratio_max=0.521 return=-218.0 length=200 success_rate=0.00 collisions/ep=0.50 (n=8)
update=45 global_step=92160 SPS=458 w_ev=0.414 m_ev=0.602 m_v_bias=-2.8 m_adv_std=4.4336 m_kl_max=0.0266 m_ratio_max=0.887 return=-204.3 length=200 success_rate=0.00 collisions/ep=0.11 (n=9)
Evaluation at update 45: return=-189.94, length=200.00, success_rate=0.00, collisions/ep=0.00
Solved-check at update 45: solved=False worst_gap=1208.27 at p_x0=2.00 p_y0=0.00 (consecutive=0)
update=46 global_step=94208 SPS=432 w_ev=0.452 m_ev=0.567 m_v_bias=-3.1 m_adv_std=4.4677 m_kl_max=0.0499 m_ratio_max=1.878 return=-191.6 length=200 success_rate=0.00 collisions/ep=0.00 (n=8)
update=47 global_step=96256 SPS=439 w_ev=0.440 m_ev=0.097 m_v_bias=22.8 m_adv_std=75.5075 m_kl_max=0.0205 m_ratio_max=0.856 return=-245.0 length=200 success_rate=0.00 collisions/ep=1.20 (n=15)
update=48 global_step=98304 SPS=445 w_ev=0.544 m_ev=0.166 m_v_bias=17.1 m_adv_std=88.6091 m_kl_max=0.0231 m_ratio_max=0.897 return=-363.1 length=200 success_rate=0.00 collisions/ep=3.50 (n=8)
update=49 global_step=100352 SPS=450 w_ev=0.709 m_ev=0.233 m_v_bias=12.6 m_adv_std=121.6495 m_kl_max=0.0236 m_ratio_max=1.219 return=-349.9 length=200 success_rate=0.00 collisions/ep=3.22 (n=9)
update=50 global_step=102400 SPS=455 w_ev=0.208 m_ev=-0.048 m_v_bias=-4.1 m_adv_std=29.3174 m_kl_max=0.0309 m_ratio_max=0.791 return=-197.4 length=200 success_rate=0.00 collisions/ep=0.00 (n=15)
Evaluation at update 50: return=-201.66, length=200.00, success_rate=0.00, collisions/ep=0.00
Solved-check at update 50: solved=False worst_gap=1219.94 at p_x0=2.00 p_y0=0.00 (consecutive=0)
update=51 global_step=104448 SPS=433 w_ev=0.325 m_ev=-0.204 m_v_bias=-0.4 m_adv_std=7.4133 m_kl_max=0.0129 m_ratio_max=0.584 return=-202.8 length=200 success_rate=0.00 collisions/ep=0.00 (n=8)
update=52 global_step=106496 SPS=438 w_ev=0.408 m_ev=0.560 m_v_bias=0.4 m_adv_std=3.8265 m_kl_max=0.0200 m_ratio_max=0.961 return=-204.4 length=200 success_rate=0.00 collisions/ep=0.00 (n=9)
update=53 global_step=108544 SPS=443 w_ev=0.503 m_ev=-0.255 m_v_bias=-2.0 m_adv_std=10.1414 m_kl_max=0.0377 m_ratio_max=2.172 return=-197.8 length=200 success_rate=0.00 collisions/ep=0.00 (n=8)
update=54 global_step=110592 SPS=448 w_ev=0.484 m_ev=0.590 m_v_bias=-2.2 m_adv_std=3.8585 m_kl_max=0.0434 m_ratio_max=0.728 return=-198.5 length=200 success_rate=0.00 collisions/ep=0.00 (n=15)
update=55 global_step=112640 SPS=453 w_ev=0.429 m_ev=0.703 m_v_bias=-1.7 m_adv_std=2.7042 m_kl_max=0.0490 m_ratio_max=1.700 return=-193.0 length=200 success_rate=0.00 collisions/ep=0.00 (n=8)
Evaluation at update 55: return=-187.51, length=200.00, success_rate=0.00, collisions/ep=0.00
Solved-check at update 55: solved=False worst_gap=1206.94 at p_x0=2.00 p_y0=0.00 (consecutive=0)
update=56 global_step=114688 SPS=432 w_ev=0.452 m_ev=0.107 m_v_bias=9.2 m_adv_std=48.9606 m_kl_max=0.0178 m_ratio_max=0.783 return=-197.0 length=200 success_rate=0.00 collisions/ep=0.22 (n=9)
update=57 global_step=116736 SPS=436 w_ev=0.333 m_ev=0.160 m_v_bias=-4.9 m_adv_std=12.8068 m_kl_max=0.0318 m_ratio_max=2.151 return=-229.8 length=200 success_rate=0.00 collisions/ep=0.89 (n=9)
update=58 global_step=118784 SPS=441 w_ev=0.754 m_ev=0.753 m_v_bias=-2.9 m_adv_std=3.9860 m_kl_max=0.0117 m_ratio_max=0.575 return=-185.4 length=200 success_rate=0.00 collisions/ep=0.00 (n=14)
update=59 global_step=120832 SPS=444 w_ev=0.590 m_ev=0.141 m_v_bias=-3.4 m_adv_std=5.3707 m_kl_max=0.0286 m_ratio_max=1.028 return=-191.1 length=200 success_rate=0.00 collisions/ep=0.00 (n=9)
update=60 global_step=122880 SPS=449 w_ev=0.680 m_ev=0.470 m_v_bias=-1.2 m_adv_std=5.8305 m_kl_max=0.0286 m_ratio_max=1.539 return=-194.0 length=200 success_rate=0.00 collisions/ep=0.00 (n=8)
Evaluation at update 60: return=-185.54, length=200.00, success_rate=0.00, collisions/ep=0.00
Solved-check at update 60: solved=False worst_gap=1205.09 at p_x0=2.00 p_y0=0.00 (consecutive=0)
update=61 global_step=124928 SPS=430 w_ev=0.550 m_ev=0.098 m_v_bias=7.8 m_adv_std=30.9043 m_kl_max=0.0184 m_ratio_max=1.321 return=-218.2 length=200 success_rate=0.00 collisions/ep=0.60 (n=15)
update=62 global_step=126976 SPS=435 w_ev=0.635 m_ev=0.327 m_v_bias=-3.6 m_adv_std=7.5575 m_kl_max=0.0061 m_ratio_max=0.392 return=-191.1 length=200 success_rate=0.00 collisions/ep=0.12 (n=8)
update=63 global_step=129024 SPS=440 w_ev=0.438 m_ev=0.144 m_v_bias=6.7 m_adv_std=51.4362 m_kl_max=0.0251 m_ratio_max=0.635 return=-240.9 length=200 success_rate=0.00 collisions/ep=1.00 (n=9)
update=64 global_step=131072 SPS=444 w_ev=0.434 m_ev=-1.007 m_v_bias=-5.2 m_adv_std=13.5007 m_kl_max=0.0295 m_ratio_max=0.943 return=-189.2 length=200 success_rate=0.00 collisions/ep=0.00 (n=8)
update=65 global_step=133120 SPS=449 w_ev=0.601 m_ev=0.419 m_v_bias=-1.7 m_adv_std=4.0929 m_kl_max=0.0809 m_ratio_max=3.553 return=-194.1 length=200 success_rate=0.00 collisions/ep=0.00 (n=15)
Evaluation at update 65: return=-187.48, length=200.00, success_rate=0.00, collisions/ep=0.00
Solved-check at update 65: solved=False worst_gap=1207.51 at p_x0=2.00 p_y0=0.00 (consecutive=0)
update=66 global_step=135168 SPS=432 w_ev=0.663 m_ev=0.794 m_v_bias=-1.9 m_adv_std=2.8740 m_kl_max=0.0313 m_ratio_max=1.373 return=-184.6 length=200 success_rate=0.00 collisions/ep=0.00 (n=8)
update=67 global_step=137216 SPS=436 w_ev=0.438 m_ev=0.827 m_v_bias=-1.8 m_adv_std=2.2566 m_kl_max=0.0487 m_ratio_max=2.077 return=-186.2 length=200 success_rate=0.00 collisions/ep=0.00 (n=9)
update=68 global_step=139264 SPS=441 w_ev=0.363 m_ev=0.088 m_v_bias=7.3 m_adv_std=31.5337 m_kl_max=0.0169 m_ratio_max=0.645 return=-209.1 length=200 success_rate=0.00 collisions/ep=0.40 (n=15)
update=69 global_step=141312 SPS=445 w_ev=0.512 m_ev=0.077 m_v_bias=2.9 m_adv_std=28.6054 m_kl_max=0.0198 m_ratio_max=0.673 return=-218.5 length=200 success_rate=0.00 collisions/ep=0.62 (n=8)
update=70 global_step=143360 SPS=449 w_ev=0.673 m_ev=0.163 m_v_bias=4.0 m_adv_std=30.2534 m_kl_max=0.0319 m_ratio_max=0.990 return=-208.6 length=200 success_rate=0.00 collisions/ep=0.56 (n=9)
Evaluation at update 70: return=-190.10, length=200.00, success_rate=0.00, collisions/ep=0.00
Solved-check at update 70: solved=False worst_gap=1209.62 at p_x0=2.00 p_y0=0.50 (consecutive=0)
update=71 global_step=145408 SPS=431 w_ev=0.550 m_ev=0.011 m_v_bias=-4.9 m_adv_std=7.8638 m_kl_max=0.0229 m_ratio_max=1.220 return=-197.9 length=200 success_rate=0.00 collisions/ep=0.12 (n=8)
update=72 global_step=147456 SPS=434 w_ev=0.553 m_ev=0.394 m_v_bias=-3.9 m_adv_std=4.8365 m_kl_max=0.0192 m_ratio_max=0.671 return=-184.1 length=200 success_rate=0.00 collisions/ep=0.00 (n=15)
update=73 global_step=149504 SPS=438 w_ev=0.614 m_ev=0.826 m_v_bias=-2.3 m_adv_std=2.1719 m_kl_max=0.0300 m_ratio_max=1.308 return=-186.7 length=200 success_rate=0.00 collisions/ep=0.00 (n=8)
update=74 global_step=151552 SPS=442 w_ev=0.669 m_ev=0.206 m_v_bias=3.3 m_adv_std=18.1303 m_kl_max=0.0176 m_ratio_max=0.556 return=-190.0 length=200 success_rate=0.00 collisions/ep=0.11 (n=9)
update=75 global_step=153600 SPS=446 w_ev=0.781 m_ev=0.655 m_v_bias=-0.4 m_adv_std=6.6287 m_kl_max=0.0241 m_ratio_max=0.921 return=-197.7 length=200 success_rate=0.00 collisions/ep=0.27 (n=15)
Evaluation at update 75: return=-188.41, length=200.00, success_rate=0.00, collisions/ep=0.00
Solved-check at update 75: solved=False worst_gap=1208.24 at p_x0=2.00 p_y0=0.50 (consecutive=0)
update=76 global_step=155648 SPS=431 w_ev=0.680 m_ev=0.824 m_v_bias=-0.4 m_adv_std=2.3637 m_kl_max=0.0391 m_ratio_max=1.228 return=-187.6 length=200 success_rate=0.00 collisions/ep=0.00 (n=8)
update=77 global_step=157696 SPS=434 w_ev=0.695 m_ev=0.847 m_v_bias=-1.2 m_adv_std=1.8731 m_kl_max=0.0242 m_ratio_max=0.655 return=-186.1 length=200 success_rate=0.00 collisions/ep=0.00 (n=9)
update=78 global_step=159744 SPS=437 w_ev=0.702 m_ev=0.786 m_v_bias=-1.6 m_adv_std=2.5856 m_kl_max=0.0311 m_ratio_max=0.734 return=-189.5 length=200 success_rate=0.00 collisions/ep=0.00 (n=8)
update=79 global_step=161792 SPS=441 w_ev=0.634 m_ev=0.159 m_v_bias=6.2 m_adv_std=25.8114 m_kl_max=0.0146 m_ratio_max=0.589 return=-206.3 length=200 success_rate=0.00 collisions/ep=0.47 (n=15)
update=80 global_step=163840 SPS=444 w_ev=0.650 m_ev=0.513 m_v_bias=-2.0 m_adv_std=5.6352 m_kl_max=0.0149 m_ratio_max=0.497 return=-178.3 length=200 success_rate=0.00 collisions/ep=0.00 (n=8)
Evaluation at update 80: return=-184.76, length=200.00, success_rate=0.00, collisions/ep=0.00
Solved-check at update 80: solved=False worst_gap=1204.98 at p_x0=2.00 p_y0=0.50 (consecutive=0)
update=81 global_step=165888 SPS=431 w_ev=0.446 m_ev=0.062 m_v_bias=6.5 m_adv_std=59.0694 m_kl_max=0.0245 m_ratio_max=1.098 return=-254.8 length=200 success_rate=0.00 collisions/ep=1.33 (n=9)
update=82 global_step=167936 SPS=434 w_ev=0.598 m_ev=-0.836 m_v_bias=-3.8 m_adv_std=9.9483 m_kl_max=0.0099 m_ratio_max=0.621 return=-185.7 length=200 success_rate=0.00 collisions/ep=0.00 (n=9)
update=83 global_step=169984 SPS=437 w_ev=0.630 m_ev=0.700 m_v_bias=-2.4 m_adv_std=3.2988 m_kl_max=0.0504 m_ratio_max=3.498 return=-186.2 length=200 success_rate=0.00 collisions/ep=0.00 (n=14)
update=84 global_step=172032 SPS=440 w_ev=0.636 m_ev=0.782 m_v_bias=-1.6 m_adv_std=2.9756 m_kl_max=0.0577 m_ratio_max=1.782 return=-185.9 length=200 success_rate=0.00 collisions/ep=0.00 (n=9)
update=85 global_step=174080 SPS=443 w_ev=0.672 m_ev=0.442 m_v_bias=0.4 m_adv_std=7.9576 m_kl_max=0.0113 m_ratio_max=0.563 return=-197.7 length=200 success_rate=0.00 collisions/ep=0.25 (n=8)
Evaluation at update 85: return=-183.77, length=200.00, success_rate=0.00, collisions/ep=0.00
Solved-check at update 85: solved=False worst_gap=1204.26 at p_x0=2.00 p_y0=0.50 (consecutive=0)
update=86 global_step=176128 SPS=432 w_ev=0.679 m_ev=0.778 m_v_bias=-1.2 m_adv_std=2.6668 m_kl_max=0.0149 m_ratio_max=0.756 return=-184.7 length=200 success_rate=0.00 collisions/ep=0.00 (n=15)
update=87 global_step=178176 SPS=435 w_ev=0.631 m_ev=0.813 m_v_bias=-0.8 m_adv_std=2.2606 m_kl_max=0.0106 m_ratio_max=0.464 return=-184.8 length=200 success_rate=0.00 collisions/ep=0.00 (n=8)
update=88 global_step=180224 SPS=438 w_ev=0.744 m_ev=0.369 m_v_bias=0.1 m_adv_std=6.9617 m_kl_max=0.0397 m_ratio_max=0.919 return=-191.0 length=200 success_rate=0.00 collisions/ep=0.11 (n=9)
update=89 global_step=182272 SPS=441 w_ev=0.410 m_ev=0.019 m_v_bias=7.7 m_adv_std=47.5187 m_kl_max=0.0408 m_ratio_max=0.810 return=-194.1 length=200 success_rate=0.00 collisions/ep=0.25 (n=8)
update=90 global_step=184320 SPS=444 w_ev=0.739 m_ev=0.097 m_v_bias=0.8 m_adv_std=14.4429 m_kl_max=0.0209 m_ratio_max=0.819 return=-219.9 length=200 success_rate=0.00 collisions/ep=0.80 (n=15)
Evaluation at update 90: return=-184.08, length=200.00, success_rate=0.00, collisions/ep=0.00
Solved-check at update 90: solved=False worst_gap=1204.30 at p_x0=2.00 p_y0=0.50 (consecutive=0)
update=91 global_step=186368 SPS=433 w_ev=0.768 m_ev=0.267 m_v_bias=0.8 m_adv_std=19.0961 m_kl_max=0.0251 m_ratio_max=1.003 return=-207.4 length=200 success_rate=0.00 collisions/ep=0.50 (n=8)
update=92 global_step=188416 SPS=436 w_ev=0.510 m_ev=0.215 m_v_bias=-1.5 m_adv_std=5.7846 m_kl_max=0.0078 m_ratio_max=0.929 return=-183.6 length=200 success_rate=0.00 collisions/ep=0.00 (n=9)
update=93 global_step=190464 SPS=439 w_ev=0.703 m_ev=0.831 m_v_bias=-1.8 m_adv_std=2.4376 m_kl_max=0.0414 m_ratio_max=1.872 return=-182.2 length=200 success_rate=0.00 collisions/ep=0.00 (n=15)
update=94 global_step=192512 SPS=442 w_ev=0.631 m_ev=0.921 m_v_bias=-0.7 m_adv_std=1.5742 m_kl_max=0.0122 m_ratio_max=0.559 return=-182.2 length=200 success_rate=0.00 collisions/ep=0.00 (n=8)
update=95 global_step=194560 SPS=444 w_ev=0.667 m_ev=0.271 m_v_bias=1.6 m_adv_std=12.9637 m_kl_max=0.0186 m_ratio_max=0.723 return=-184.4 length=200 success_rate=0.00 collisions/ep=0.00 (n=9)
Evaluation at update 95: return=-185.57, length=200.00, success_rate=0.00, collisions/ep=0.00
Solved-check at update 95: solved=False worst_gap=1205.84 at p_x0=2.00 p_y0=0.50 (consecutive=0)
update=96 global_step=196608 SPS=433 w_ev=0.652 m_ev=0.679 m_v_bias=-1.3 m_adv_std=3.3599 m_kl_max=0.0137 m_ratio_max=0.927 return=-197.3 length=200 success_rate=0.00 collisions/ep=0.25 (n=8)
update=97 global_step=198656 SPS=436 w_ev=0.718 m_ev=0.934 m_v_bias=-0.7 m_adv_std=1.4377 m_kl_max=0.0339 m_ratio_max=0.957 return=-182.4 length=200 success_rate=0.00 collisions/ep=0.00 (n=15)
update=98 global_step=200704 SPS=438 w_ev=0.747 m_ev=0.892 m_v_bias=-1.0 m_adv_std=1.8660 m_kl_max=0.0389 m_ratio_max=1.539 return=-180.4 length=200 success_rate=0.00 collisions/ep=0.00 (n=8)
update=99 global_step=202752 SPS=441 w_ev=0.667 m_ev=0.956 m_v_bias=-1.1 m_adv_std=1.0956 m_kl_max=0.0356 m_ratio_max=1.446 return=-181.2 length=200 success_rate=0.00 collisions/ep=0.00 (n=9)
update=100 global_step=204800 SPS=444 w_ev=0.676 m_ev=0.450 m_v_bias=1.4 m_adv_std=8.0981 m_kl_max=0.0400 m_ratio_max=1.336 return=-188.4 length=200 success_rate=0.00 collisions/ep=0.13 (n=15)
Evaluation at update 100: return=-182.73, length=200.00, success_rate=0.00, collisions/ep=0.00
Solved-check at update 100: solved=False worst_gap=1203.07 at p_x0=2.00 p_y0=0.50 (consecutive=0)
update=101 global_step=206848 SPS=433 w_ev=0.735 m_ev=0.895 m_v_bias=-0.5 m_adv_std=1.8932 m_kl_max=0.0222 m_ratio_max=1.073 return=-182.8 length=200 success_rate=0.00 collisions/ep=0.00 (n=8)
update=102 global_step=208896 SPS=435 w_ev=0.664 m_ev=0.589 m_v_bias=0.4 m_adv_std=5.7202 m_kl_max=0.0242 m_ratio_max=0.626 return=-187.2 length=200 success_rate=0.00 collisions/ep=0.11 (n=9)
update=103 global_step=210944 SPS=438 w_ev=0.738 m_ev=0.936 m_v_bias=-0.6 m_adv_std=1.4347 m_kl_max=0.0083 m_ratio_max=0.504 return=-179.6 length=200 success_rate=0.00 collisions/ep=0.00 (n=8)
update=104 global_step=212992 SPS=440 w_ev=0.825 m_ev=0.509 m_v_bias=1.9 m_adv_std=8.1510 m_kl_max=0.0120 m_ratio_max=0.526 return=-187.1 length=200 success_rate=0.00 collisions/ep=0.13 (n=15)
update=105 global_step=215040 SPS=443 w_ev=0.704 m_ev=0.840 m_v_bias=-0.8 m_adv_std=2.3316 m_kl_max=0.0212 m_ratio_max=1.129 return=-181.3 length=200 success_rate=0.00 collisions/ep=0.00 (n=8)
Evaluation at update 105: return=-183.39, length=200.00, success_rate=0.00, collisions/ep=0.00
Solved-check at update 105: solved=False worst_gap=1203.21 at p_x0=2.00 p_y0=0.50 (consecutive=0)
update=106 global_step=217088 SPS=433 w_ev=0.487 m_ev=0.073 m_v_bias=9.6 m_adv_std=43.4993 m_kl_max=0.0194 m_ratio_max=0.638 return=-219.7 length=200 success_rate=0.00 collisions/ep=0.78 (n=9)
update=107 global_step=219136 SPS=435 w_ev=0.527 m_ev=-0.031 m_v_bias=0.9 m_adv_std=20.7766 m_kl_max=0.0225 m_ratio_max=0.868 return=-199.8 length=200 success_rate=0.00 collisions/ep=0.33 (n=9)
update=108 global_step=221184 SPS=438 w_ev=0.793 m_ev=0.335 m_v_bias=-2.2 m_adv_std=9.4342 m_kl_max=0.0076 m_ratio_max=0.345 return=-196.3 length=200 success_rate=0.00 collisions/ep=0.29 (n=14)
update=109 global_step=223232 SPS=440 w_ev=0.680 m_ev=0.676 m_v_bias=-3.3 m_adv_std=2.9878 m_kl_max=0.0197 m_ratio_max=1.028 return=-186.6 length=200 success_rate=0.00 collisions/ep=0.11 (n=9)
update=110 global_step=225280 SPS=443 w_ev=0.742 m_ev=0.913 m_v_bias=-2.0 m_adv_std=1.6197 m_kl_max=0.0169 m_ratio_max=0.945 return=-183.5 length=200 success_rate=0.00 collisions/ep=0.00 (n=8)
Evaluation at update 110: return=-181.92, length=200.00, success_rate=0.00, collisions/ep=0.00
Solved-check at update 110: solved=False worst_gap=1202.55 at p_x0=2.00 p_y0=0.50 (consecutive=0)
update=111 global_step=227328 SPS=432 w_ev=0.815 m_ev=0.962 m_v_bias=-1.8 m_adv_std=1.2109 m_kl_max=0.0250 m_ratio_max=0.962 return=-181.2 length=200 success_rate=0.00 collisions/ep=0.00 (n=15)
update=112 global_step=229376 SPS=435 w_ev=0.811 m_ev=0.482 m_v_bias=1.3 m_adv_std=8.3194 m_kl_max=0.0076 m_ratio_max=0.505 return=-192.3 length=200 success_rate=0.00 collisions/ep=0.25 (n=8)
update=113 global_step=231424 SPS=437 w_ev=0.677 m_ev=0.786 m_v_bias=-1.1 m_adv_std=2.3712 m_kl_max=0.0119 m_ratio_max=1.165 return=-178.3 length=200 success_rate=0.00 collisions/ep=0.00 (n=9)
update=114 global_step=233472 SPS=439 w_ev=0.732 m_ev=0.935 m_v_bias=-1.0 m_adv_std=1.4957 m_kl_max=0.0296 m_ratio_max=0.721 return=-184.5 length=200 success_rate=0.00 collisions/ep=0.00 (n=8)
update=115 global_step=235520 SPS=442 w_ev=0.601 m_ev=0.127 m_v_bias=8.9 m_adv_std=32.0717 m_kl_max=0.0339 m_ratio_max=1.515 return=-206.6 length=200 success_rate=0.00 collisions/ep=0.53 (n=15)
Evaluation at update 115: return=-179.04, length=200.00, success_rate=0.00, collisions/ep=0.00
Solved-check at update 115: solved=False worst_gap=1200.62 at p_x0=2.00 p_y0=0.50 (consecutive=0)
update=116 global_step=237568 SPS=433 w_ev=0.728 m_ev=0.210 m_v_bias=-2.9 m_adv_std=5.6747 m_kl_max=0.0164 m_ratio_max=0.698 return=-185.6 length=200 success_rate=0.00 collisions/ep=0.00 (n=8)
update=117 global_step=239616 SPS=435 w_ev=0.789 m_ev=0.521 m_v_bias=-2.1 m_adv_std=6.3149 m_kl_max=0.0162 m_ratio_max=0.646 return=-186.2 length=200 success_rate=0.00 collisions/ep=0.11 (n=9)
update=118 global_step=241664 SPS=437 w_ev=0.791 m_ev=0.796 m_v_bias=-2.2 m_adv_std=3.4194 m_kl_max=0.0502 m_ratio_max=2.477 return=-181.1 length=200 success_rate=0.00 collisions/ep=0.07 (n=15)
update=119 global_step=243712 SPS=439 w_ev=0.776 m_ev=0.354 m_v_bias=0.9 m_adv_std=11.0157 m_kl_max=0.0327 m_ratio_max=1.040 return=-191.7 length=200 success_rate=0.00 collisions/ep=0.25 (n=8)
update=120 global_step=245760 SPS=441 w_ev=0.785 m_ev=0.905 m_v_bias=-1.1 m_adv_std=1.8961 m_kl_max=0.0254 m_ratio_max=0.978 return=-183.2 length=200 success_rate=0.00 collisions/ep=0.00 (n=9)
Evaluation at update 120: return=-180.14, length=200.00, success_rate=0.00, collisions/ep=0.00
Solved-check at update 120: solved=False worst_gap=1201.45 at p_x0=2.00 p_y0=0.50 (consecutive=0)
update=121 global_step=247808 SPS=432 w_ev=0.694 m_ev=0.948 m_v_bias=-1.2 m_adv_std=1.2311 m_kl_max=0.0192 m_ratio_max=1.310 return=-177.0 length=200 success_rate=0.00 collisions/ep=0.00 (n=8)
update=122 global_step=249856 SPS=434 w_ev=0.863 m_ev=0.599 m_v_bias=0.5 m_adv_std=6.3866 m_kl_max=0.0140 m_ratio_max=0.830 return=-183.3 length=200 success_rate=0.00 collisions/ep=0.00 (n=15)
update=123 global_step=251904 SPS=437 w_ev=0.632 m_ev=0.041 m_v_bias=7.7 m_adv_std=31.7554 m_kl_max=0.0111 m_ratio_max=0.536 return=-187.9 length=200 success_rate=0.00 collisions/ep=0.25 (n=8)
update=124 global_step=253952 SPS=439 w_ev=0.506 m_ev=0.044 m_v_bias=2.7 m_adv_std=28.5902 m_kl_max=0.0249 m_ratio_max=0.681 return=-212.6 length=200 success_rate=0.00 collisions/ep=0.67 (n=9)
update=125 global_step=256000 SPS=441 w_ev=0.716 m_ev=0.447 m_v_bias=-4.1 m_adv_std=4.8514 m_kl_max=0.0157 m_ratio_max=0.848 return=-197.6 length=200 success_rate=0.00 collisions/ep=0.33 (n=15)
Evaluation at update 125: return=-180.60, length=200.00, success_rate=0.00, collisions/ep=0.00
Solved-check at update 125: solved=False worst_gap=1202.08 at p_x0=2.00 p_y0=0.50 (consecutive=0)
update=126 global_step=258048 SPS=432 w_ev=0.786 m_ev=0.896 m_v_bias=-2.8 m_adv_std=2.2794 m_kl_max=0.0252 m_ratio_max=1.207 return=-182.2 length=200 success_rate=0.00 collisions/ep=0.00 (n=8)
update=127 global_step=260096 SPS=434 w_ev=0.654 m_ev=0.942 m_v_bias=-1.6 m_adv_std=1.1918 m_kl_max=0.0271 m_ratio_max=0.690 return=-177.8 length=200 success_rate=0.00 collisions/ep=0.00 (n=9)
update=128 global_step=262144 SPS=436 w_ev=0.700 m_ev=0.962 m_v_bias=-1.4 m_adv_std=1.0543 m_kl_max=0.0490 m_ratio_max=0.947 return=-183.4 length=200 success_rate=0.00 collisions/ep=0.00 (n=8)
update=129 global_step=264192 SPS=438 w_ev=0.832 m_ev=0.594 m_v_bias=0.1 m_adv_std=5.8880 m_kl_max=0.0201 m_ratio_max=0.952 return=-182.1 length=200 success_rate=0.00 collisions/ep=0.07 (n=15)
update=130 global_step=266240 SPS=440 w_ev=0.734 m_ev=0.470 m_v_bias=0.6 m_adv_std=7.4939 m_kl_max=0.0223 m_ratio_max=1.449 return=-192.6 length=200 success_rate=0.00 collisions/ep=0.25 (n=8)
Evaluation at update 130: return=-179.70, length=200.00, success_rate=0.00, collisions/ep=0.00
Solved-check at update 130: solved=False worst_gap=1199.81 at p_x0=2.00 p_y0=1.00 (consecutive=0)
update=131 global_step=268288 SPS=431 w_ev=0.475 m_ev=0.061 m_v_bias=8.6 m_adv_std=43.1002 m_kl_max=0.0150 m_ratio_max=0.784 return=-220.5 length=200 success_rate=0.00 collisions/ep=0.78 (n=9)
update=132 global_step=270336 SPS=433 w_ev=0.728 m_ev=0.033 m_v_bias=-2.4 m_adv_std=7.8936 m_kl_max=0.0295 m_ratio_max=0.938 return=-181.3 length=200 success_rate=0.00 collisions/ep=0.00 (n=9)
update=133 global_step=272384 SPS=435 w_ev=0.719 m_ev=-0.008 m_v_bias=0.4 m_adv_std=15.7062 m_kl_max=0.0210 m_ratio_max=0.713 return=-196.1 length=200 success_rate=0.00 collisions/ep=0.36 (n=14)
update=134 global_step=274432 SPS=437 w_ev=0.707 m_ev=0.604 m_v_bias=-3.0 m_adv_std=3.0972 m_kl_max=0.0270 m_ratio_max=1.544 return=-183.6 length=200 success_rate=0.00 collisions/ep=0.00 (n=9)
update=135 global_step=276480 SPS=439 w_ev=0.749 m_ev=0.477 m_v_bias=-0.8 m_adv_std=6.6688 m_kl_max=0.0173 m_ratio_max=0.525 return=-188.2 length=200 success_rate=0.00 collisions/ep=0.12 (n=8)
Evaluation at update 135: return=-180.68, length=200.00, success_rate=0.00, collisions/ep=0.00
Solved-check at update 135: solved=False worst_gap=1200.90 at p_x0=2.00 p_y0=0.00 (consecutive=0)
update=136 global_step=278528 SPS=431 w_ev=0.779 m_ev=0.581 m_v_bias=-0.1 m_adv_std=6.0935 m_kl_max=0.0330 m_ratio_max=1.056 return=-183.5 length=200 success_rate=0.00 collisions/ep=0.07 (n=15)
update=137 global_step=280576 SPS=433 w_ev=0.706 m_ev=0.256 m_v_bias=1.5 m_adv_std=11.9094 m_kl_max=0.0170 m_ratio_max=0.759 return=-193.8 length=200 success_rate=0.00 collisions/ep=0.25 (n=8)
update=138 global_step=282624 SPS=435 w_ev=0.645 m_ev=0.165 m_v_bias=0.2 m_adv_std=19.8290 m_kl_max=0.0074 m_ratio_max=0.407 return=-207.3 length=200 success_rate=0.00 collisions/ep=0.56 (n=9)
update=139 global_step=284672 SPS=437 w_ev=0.666 m_ev=0.336 m_v_bias=1.7 m_adv_std=8.9538 m_kl_max=0.0263 m_ratio_max=1.239 return=-179.3 length=200 success_rate=0.00 collisions/ep=0.00 (n=8)
update=140 global_step=286720 SPS=439 w_ev=0.788 m_ev=0.646 m_v_bias=-0.4 m_adv_std=6.0617 m_kl_max=0.0361 m_ratio_max=2.176 return=-191.2 length=200 success_rate=0.00 collisions/ep=0.20 (n=15)
Evaluation at update 140: return=-181.76, length=200.00, success_rate=0.00, collisions/ep=0.00
Solved-check at update 140: solved=False worst_gap=1201.01 at p_x0=2.00 p_y0=0.50 (consecutive=0)
update=141 global_step=288768 SPS=431 w_ev=0.618 m_ev=0.789 m_v_bias=-1.3 m_adv_std=2.4269 m_kl_max=0.0135 m_ratio_max=0.606 return=-180.4 length=200 success_rate=0.00 collisions/ep=0.00 (n=8)
update=142 global_step=290816 SPS=433 w_ev=0.694 m_ev=0.918 m_v_bias=-1.5 m_adv_std=1.4886 m_kl_max=0.0232 m_ratio_max=0.644 return=-183.7 length=200 success_rate=0.00 collisions/ep=0.00 (n=9)
update=143 global_step=292864 SPS=435 w_ev=0.795 m_ev=0.964 m_v_bias=-1.3 m_adv_std=1.1422 m_kl_max=0.0111 m_ratio_max=0.474 return=-180.1 length=200 success_rate=0.00 collisions/ep=0.00 (n=15)
update=144 global_step=294912 SPS=437 w_ev=0.753 m_ev=0.970 m_v_bias=-0.6 m_adv_std=1.1175 m_kl_max=0.0220 m_ratio_max=1.132 return=-181.2 length=200 success_rate=0.00 collisions/ep=0.00 (n=8)
update=145 global_step=296960 SPS=439 w_ev=0.502 m_ev=0.092 m_v_bias=4.3 m_adv_std=29.6618 m_kl_max=0.0425 m_ratio_max=1.430 return=-214.7 length=200 success_rate=0.00 collisions/ep=0.67 (n=9)
Evaluation at update 145: return=-180.44, length=200.00, success_rate=0.00, collisions/ep=0.00
Solved-check at update 145: solved=False worst_gap=1200.09 at p_x0=2.00 p_y0=0.00 (consecutive=0)
update=146 global_step=299008 SPS=431 w_ev=0.557 m_ev=0.334 m_v_bias=1.4 m_adv_std=8.8436 m_kl_max=0.0207 m_ratio_max=1.460 return=-180.7 length=200 success_rate=0.00 collisions/ep=0.00 (n=8)
update=147 global_step=301056 SPS=433 w_ev=0.707 m_ev=0.582 m_v_bias=-0.4 m_adv_std=6.1768 m_kl_max=0.0159 m_ratio_max=0.749 return=-191.6 length=200 success_rate=0.00 collisions/ep=0.20 (n=15)
update=148 global_step=303104 SPS=435 w_ev=0.726 m_ev=0.895 m_v_bias=-2.0 m_adv_std=2.1572 m_kl_max=0.0158 m_ratio_max=0.520 return=-182.3 length=200 success_rate=0.00 collisions/ep=0.00 (n=8)
update=149 global_step=305152 SPS=437 w_ev=0.722 m_ev=0.954 m_v_bias=-1.3 m_adv_std=1.1648 m_kl_max=0.0169 m_ratio_max=0.634 return=-177.4 length=200 success_rate=0.00 collisions/ep=0.00 (n=9)
update=150 global_step=307200 SPS=439 w_ev=0.780 m_ev=0.958 m_v_bias=-1.0 m_adv_std=1.2063 m_kl_max=0.0382 m_ratio_max=1.149 return=-179.8 length=200 success_rate=0.00 collisions/ep=0.00 (n=15)
Evaluation at update 150: return=-180.25, length=200.00, success_rate=0.00, collisions/ep=0.00
Solved-check at update 150: solved=False worst_gap=1201.32 at p_x0=2.00 p_y0=0.50 (consecutive=0)
update=151 global_step=309248 SPS=431 w_ev=0.792 m_ev=0.179 m_v_bias=4.1 m_adv_std=19.1402 m_kl_max=0.0214 m_ratio_max=0.730 return=-199.2 length=200 success_rate=0.00 collisions/ep=0.38 (n=8)
update=152 global_step=311296 SPS=433 w_ev=0.659 m_ev=0.855 m_v_bias=-2.4 m_adv_std=2.2114 m_kl_max=0.0467 m_ratio_max=1.621 return=-185.0 length=200 success_rate=0.00 collisions/ep=0.11 (n=9)
update=153 global_step=313344 SPS=435 w_ev=0.806 m_ev=0.479 m_v_bias=0.8 m_adv_std=8.3552 m_kl_max=0.0360 m_ratio_max=2.232 return=-194.0 length=200 success_rate=0.00 collisions/ep=0.25 (n=8)
update=154 global_step=315392 SPS=436 w_ev=0.489 m_ev=0.029 m_v_bias=7.2 m_adv_std=31.1336 m_kl_max=0.0223 m_ratio_max=1.287 return=-193.8 length=200 success_rate=0.00 collisions/ep=0.33 (n=15)
update=155 global_step=317440 SPS=438 w_ev=0.756 m_ev=0.293 m_v_bias=-2.3 m_adv_std=9.3077 m_kl_max=0.0110 m_ratio_max=0.476 return=-198.6 length=200 success_rate=0.00 collisions/ep=0.38 (n=8)
Evaluation at update 155: return=-179.50, length=200.00, success_rate=0.00, collisions/ep=0.00
Solved-check at update 155: solved=False worst_gap=1200.01 at p_x0=2.00 p_y0=0.50 (consecutive=0)
update=156 global_step=319488 SPS=432 w_ev=0.712 m_ev=0.168 m_v_bias=-1.3 m_adv_std=16.5418 m_kl_max=0.0153 m_ratio_max=0.699 return=-196.1 length=200 success_rate=0.00 collisions/ep=0.33 (n=9)
update=157 global_step=321536 SPS=433 w_ev=0.758 m_ev=0.875 m_v_bias=-2.8 m_adv_std=2.1619 m_kl_max=0.0382 m_ratio_max=1.516 return=-179.3 length=200 success_rate=0.00 collisions/ep=0.00 (n=9)
update=158 global_step=323584 SPS=435 w_ev=0.616 m_ev=0.094 m_v_bias=10.0 m_adv_std=38.2880 m_kl_max=0.0305 m_ratio_max=0.729 return=-207.3 length=200 success_rate=0.00 collisions/ep=0.57 (n=14)
update=159 global_step=325632 SPS=437 w_ev=0.741 m_ev=0.294 m_v_bias=-2.8 m_adv_std=9.0657 m_kl_max=0.0352 m_ratio_max=1.661 return=-194.8 length=200 success_rate=0.00 collisions/ep=0.22 (n=9)
update=160 global_step=327680 SPS=438 w_ev=0.773 m_ev=0.800 m_v_bias=-4.1 m_adv_std=3.0655 m_kl_max=0.0054 m_ratio_max=0.335 return=-179.8 length=200 success_rate=0.00 collisions/ep=0.00 (n=8)
Evaluation at update 160: return=-182.19, length=200.00, success_rate=0.00, collisions/ep=0.00
Solved-check at update 160: solved=False worst_gap=1201.78 at p_x0=2.00 p_y0=0.00 (consecutive=0)
update=161 global_step=329728 SPS=432 w_ev=0.832 m_ev=0.924 m_v_bias=-2.9 m_adv_std=1.8591 m_kl_max=0.0393 m_ratio_max=1.025 return=-180.6 length=200 success_rate=0.00 collisions/ep=0.00 (n=15)
update=162 global_step=331776 SPS=434 w_ev=0.765 m_ev=0.402 m_v_bias=2.1 m_adv_std=9.6604 m_kl_max=0.0278 m_ratio_max=1.051 return=-183.6 length=200 success_rate=0.00 collisions/ep=0.12 (n=8)
update=163 global_step=333824 SPS=435 w_ev=0.765 m_ev=0.704 m_v_bias=-1.5 m_adv_std=4.2047 m_kl_max=0.0150 m_ratio_max=0.633 return=-195.8 length=200 success_rate=0.00 collisions/ep=0.33 (n=9)
update=164 global_step=335872 SPS=437 w_ev=0.725 m_ev=0.866 m_v_bias=-1.4 m_adv_std=2.0850 m_kl_max=0.0083 m_ratio_max=0.375 return=-177.8 length=200 success_rate=0.00 collisions/ep=0.00 (n=8)
update=165 global_step=337920 SPS=439 w_ev=0.796 m_ev=0.972 m_v_bias=-1.6 m_adv_std=1.2073 m_kl_max=0.0778 m_ratio_max=0.956 return=-178.7 length=200 success_rate=0.00 collisions/ep=0.00 (n=15)
Evaluation at update 165: return=-181.08, length=200.00, success_rate=0.00, collisions/ep=0.00
Solved-check at update 165: solved=False worst_gap=1201.21 at p_x0=2.00 p_y0=0.00 (consecutive=0)
update=166 global_step=339968 SPS=432 w_ev=0.649 m_ev=0.963 m_v_bias=-1.1 m_adv_std=1.0110 m_kl_max=0.0845 m_ratio_max=2.827 return=-178.7 length=200 success_rate=0.00 collisions/ep=0.00 (n=8)
update=167 global_step=342016 SPS=434 w_ev=0.732 m_ev=0.234 m_v_bias=2.6 m_adv_std=9.9233 m_kl_max=0.0109 m_ratio_max=0.475 return=-180.0 length=200 success_rate=0.00 collisions/ep=0.00 (n=9)
update=168 global_step=344064 SPS=435 w_ev=0.773 m_ev=0.137 m_v_bias=6.9 m_adv_std=20.2572 m_kl_max=0.0410 m_ratio_max=1.107 return=-215.8 length=200 success_rate=0.00 collisions/ep=0.73 (n=15)
update=169 global_step=346112 SPS=437 w_ev=0.543 m_ev=0.086 m_v_bias=5.5 m_adv_std=43.2940 m_kl_max=0.0340 m_ratio_max=1.656 return=-221.6 length=200 success_rate=0.00 collisions/ep=0.88 (n=8)
update=170 global_step=348160 SPS=439 w_ev=0.743 m_ev=0.297 m_v_bias=-2.2 m_adv_std=12.8488 m_kl_max=0.0239 m_ratio_max=0.487 return=-189.0 length=200 success_rate=0.00 collisions/ep=0.22 (n=9)
Evaluation at update 170: return=-179.90, length=200.00, success_rate=0.00, collisions/ep=0.00
Solved-check at update 170: solved=False worst_gap=1200.07 at p_x0=2.00 p_y0=0.50 (consecutive=0)
update=171 global_step=350208 SPS=432 w_ev=0.643 m_ev=0.514 m_v_bias=-3.7 m_adv_std=6.0206 m_kl_max=0.0218 m_ratio_max=0.732 return=-192.9 length=200 success_rate=0.00 collisions/ep=0.25 (n=8)
update=172 global_step=352256 SPS=434 w_ev=0.868 m_ev=0.905 m_v_bias=-2.7 m_adv_std=2.2565 m_kl_max=0.0090 m_ratio_max=0.616 return=-179.5 length=200 success_rate=0.00 collisions/ep=0.00 (n=15)
update=173 global_step=354304 SPS=435 w_ev=0.749 m_ev=0.903 m_v_bias=-2.1 m_adv_std=1.6515 m_kl_max=0.0396 m_ratio_max=1.491 return=-176.7 length=200 success_rate=0.00 collisions/ep=0.00 (n=8)
update=174 global_step=356352 SPS=437 w_ev=0.736 m_ev=0.288 m_v_bias=1.0 m_adv_std=8.4342 m_kl_max=0.0143 m_ratio_max=1.202 return=-182.5 length=200 success_rate=0.00 collisions/ep=0.00 (n=9)
update=175 global_step=358400 SPS=438 w_ev=0.819 m_ev=0.862 m_v_bias=-1.6 m_adv_std=2.2338 m_kl_max=0.0439 m_ratio_max=1.536 return=-185.8 length=200 success_rate=0.00 collisions/ep=0.13 (n=15)
Evaluation at update 175: return=-180.47, length=200.00, success_rate=0.00, collisions/ep=0.00
Solved-check at update 175: solved=False worst_gap=1202.03 at p_x0=2.00 p_y0=0.50 (consecutive=0)
update=176 global_step=360448 SPS=432 w_ev=0.815 m_ev=0.333 m_v_bias=3.3 m_adv_std=11.1944 m_kl_max=0.0140 m_ratio_max=0.944 return=-207.1 length=200 success_rate=0.00 collisions/ep=0.50 (n=8)
update=177 global_step=362496 SPS=434 w_ev=0.784 m_ev=0.433 m_v_bias=0.2 m_adv_std=8.3487 m_kl_max=0.0242 m_ratio_max=1.309 return=-189.3 length=200 success_rate=0.00 collisions/ep=0.11 (n=9)
update=178 global_step=364544 SPS=435 w_ev=0.722 m_ev=0.469 m_v_bias=-0.5 m_adv_std=7.3617 m_kl_max=0.0214 m_ratio_max=0.669 return=-191.8 length=200 success_rate=0.00 collisions/ep=0.25 (n=8)
update=179 global_step=366592 SPS=437 w_ev=0.800 m_ev=0.419 m_v_bias=0.4 m_adv_std=8.3270 m_kl_max=0.0083 m_ratio_max=0.414 return=-187.3 length=200 success_rate=0.00 collisions/ep=0.13 (n=15)
update=180 global_step=368640 SPS=438 w_ev=0.768 m_ev=0.442 m_v_bias=0.3 m_adv_std=8.3146 m_kl_max=0.0323 m_ratio_max=0.808 return=-201.7 length=200 success_rate=0.00 collisions/ep=0.38 (n=8)
Evaluation at update 180: return=-181.63, length=200.00, success_rate=0.00, collisions/ep=0.00
Solved-check at update 180: solved=False worst_gap=1200.72 at p_x0=2.00 p_y0=0.00 (consecutive=0)
update=181 global_step=370688 SPS=432 w_ev=0.768 m_ev=0.402 m_v_bias=0.2 m_adv_std=8.0881 m_kl_max=0.0108 m_ratio_max=0.491 return=-190.4 length=200 success_rate=0.00 collisions/ep=0.22 (n=9)
update=182 global_step=372736 SPS=434 w_ev=0.846 m_ev=0.773 m_v_bias=-1.7 m_adv_std=2.8351 m_kl_max=0.0280 m_ratio_max=0.806 return=-187.8 length=200 success_rate=0.00 collisions/ep=0.11 (n=9)
update=183 global_step=374784 SPS=435 w_ev=0.870 m_ev=0.946 m_v_bias=-1.1 m_adv_std=1.4876 m_kl_max=0.0298 m_ratio_max=0.917 return=-179.1 length=200 success_rate=0.00 collisions/ep=0.00 (n=14)
update=184 global_step=376832 SPS=437 w_ev=0.735 m_ev=0.968 m_v_bias=-0.5 m_adv_std=0.9013 m_kl_max=0.0289 m_ratio_max=0.658 return=-183.3 length=200 success_rate=0.00 collisions/ep=0.00 (n=9)
update=185 global_step=378880 SPS=438 w_ev=0.805 m_ev=0.542 m_v_bias=0.5 m_adv_std=6.0322 m_kl_max=0.0230 m_ratio_max=1.752 return=-188.5 length=200 success_rate=0.00 collisions/ep=0.12 (n=8)
Evaluation at update 185: return=-180.27, length=200.00, success_rate=0.00, collisions/ep=0.00
Solved-check at update 185: solved=False worst_gap=1200.74 at p_x0=2.00 p_y0=0.00 (consecutive=0)
update=186 global_step=380928 SPS=432 w_ev=0.931 m_ev=0.977 m_v_bias=-1.0 m_adv_std=1.0616 m_kl_max=0.0389 m_ratio_max=2.008 return=-178.6 length=200 success_rate=0.00 collisions/ep=0.00 (n=15)
update=187 global_step=382976 SPS=434 w_ev=0.827 m_ev=0.409 m_v_bias=2.0 m_adv_std=8.7552 m_kl_max=0.0180 m_ratio_max=0.876 return=-184.7 length=200 success_rate=0.00 collisions/ep=0.12 (n=8)
update=188 global_step=385024 SPS=435 w_ev=0.853 m_ev=0.584 m_v_bias=0.6 m_adv_std=6.0746 m_kl_max=0.0288 m_ratio_max=0.964 return=-192.4 length=200 success_rate=0.00 collisions/ep=0.22 (n=9)
update=189 global_step=387072 SPS=436 w_ev=0.853 m_ev=0.492 m_v_bias=0.9 m_adv_std=7.9910 m_kl_max=0.0146 m_ratio_max=0.843 return=-183.3 length=200 success_rate=0.00 collisions/ep=0.12 (n=8)
update=190 global_step=389120 SPS=438 w_ev=0.900 m_ev=0.792 m_v_bias=-0.9 m_adv_std=3.1005 m_kl_max=0.0225 m_ratio_max=1.703 return=-182.4 length=200 success_rate=0.00 collisions/ep=0.07 (n=15)
Evaluation at update 190: return=-181.93, length=200.00, success_rate=0.00, collisions/ep=0.00
Solved-check at update 190: solved=False worst_gap=1203.06 at p_x0=2.00 p_y0=0.00 (consecutive=0)
update=191 global_step=391168 SPS=431 w_ev=0.804 m_ev=0.915 m_v_bias=-1.0 m_adv_std=1.5445 m_kl_max=0.0339 m_ratio_max=1.806 return=-182.1 length=200 success_rate=0.00 collisions/ep=0.00 (n=8)
update=192 global_step=393216 SPS=432 w_ev=0.784 m_ev=0.548 m_v_bias=-0.1 m_adv_std=4.8534 m_kl_max=0.0161 m_ratio_max=0.689 return=-181.7 length=200 success_rate=0.00 collisions/ep=0.00 (n=9)
update=193 global_step=395264 SPS=434 w_ev=0.801 m_ev=0.234 m_v_bias=0.9 m_adv_std=11.3571 m_kl_max=0.0217 m_ratio_max=0.618 return=-187.5 length=200 success_rate=0.00 collisions/ep=0.20 (n=15)
update=194 global_step=397312 SPS=435 w_ev=0.844 m_ev=0.495 m_v_bias=1.1 m_adv_std=7.9332 m_kl_max=0.0123 m_ratio_max=0.666 return=-187.0 length=200 success_rate=0.00 collisions/ep=0.12 (n=8)
update=195 global_step=399360 SPS=436 w_ev=0.770 m_ev=0.440 m_v_bias=-0.4 m_adv_std=6.0107 m_kl_max=0.0136 m_ratio_max=0.602 return=-185.3 length=200 success_rate=0.00 collisions/ep=0.11 (n=9)
Evaluation at update 195: return=-180.89, length=200.00, success_rate=0.00, collisions/ep=0.00
Solved-check at update 195: solved=False worst_gap=1201.45 at p_x0=2.00 p_y0=0.50 (consecutive=0)
update=196 global_step=401408 SPS=431 w_ev=0.822 m_ev=0.492 m_v_bias=0.2 m_adv_std=6.0431 m_kl_max=0.0596 m_ratio_max=1.165 return=-188.4 length=200 success_rate=0.00 collisions/ep=0.12 (n=8)
update=197 global_step=403456 SPS=432 w_ev=0.895 m_ev=0.636 m_v_bias=0.0 m_adv_std=5.6233 m_kl_max=0.0344 m_ratio_max=0.968 return=-184.3 length=200 success_rate=0.00 collisions/ep=0.13 (n=15)
update=198 global_step=405504 SPS=433 w_ev=0.835 m_ev=0.864 m_v_bias=-1.3 m_adv_std=2.1069 m_kl_max=0.0216 m_ratio_max=0.897 return=-176.9 length=200 success_rate=0.00 collisions/ep=0.00 (n=8)
update=199 global_step=407552 SPS=435 w_ev=0.802 m_ev=0.534 m_v_bias=-0.0 m_adv_std=6.0569 m_kl_max=0.0193 m_ratio_max=0.877 return=-183.6 length=200 success_rate=0.00 collisions/ep=0.11 (n=9)
update=200 global_step=409600 SPS=436 w_ev=0.832 m_ev=0.382 m_v_bias=1.3 m_adv_std=7.7144 m_kl_max=0.0149 m_ratio_max=0.587 return=-186.6 length=200 success_rate=0.00 collisions/ep=0.13 (n=15)
Evaluation at update 200: return=-179.68, length=200.00, success_rate=0.00, collisions/ep=0.00
Solved-check at update 200: solved=False worst_gap=1201.05 at p_x0=2.00 p_y0=0.50 (consecutive=0)
update=201 global_step=411648 SPS=431 w_ev=0.853 m_ev=0.411 m_v_bias=2.2 m_adv_std=9.7466 m_kl_max=0.0281 m_ratio_max=0.736 return=-188.0 length=200 success_rate=0.00 collisions/ep=0.25 (n=8)
update=202 global_step=413696 SPS=432 w_ev=0.823 m_ev=0.221 m_v_bias=0.1 m_adv_std=11.9030 m_kl_max=0.0105 m_ratio_max=0.646 return=-196.6 length=200 success_rate=0.00 collisions/ep=0.33 (n=9)
update=203 global_step=415744 SPS=434 w_ev=0.833 m_ev=0.418 m_v_bias=-0.3 m_adv_std=8.2382 m_kl_max=0.0209 m_ratio_max=1.108 return=-184.2 length=200 success_rate=0.00 collisions/ep=0.12 (n=8)
update=204 global_step=417792 SPS=435 w_ev=0.912 m_ev=0.822 m_v_bias=-1.9 m_adv_std=3.4139 m_kl_max=0.0204 m_ratio_max=0.947 return=-186.0 length=200 success_rate=0.00 collisions/ep=0.13 (n=15)
update=205 global_step=419840 SPS=437 w_ev=0.733 m_ev=0.365 m_v_bias=2.9 m_adv_std=9.8695 m_kl_max=0.0248 m_ratio_max=1.068 return=-198.7 length=200 success_rate=0.00 collisions/ep=0.38 (n=8)
Evaluation at update 205: return=-181.68, length=200.00, success_rate=0.00, collisions/ep=0.00
Solved-check at update 205: solved=False worst_gap=1201.68 at p_x0=2.00 p_y0=0.50 (consecutive=0)
update=206 global_step=421888 SPS=431 w_ev=0.869 m_ev=0.744 m_v_bias=-2.4 m_adv_std=3.7423 m_kl_max=0.0166 m_ratio_max=0.494 return=-184.9 length=200 success_rate=0.00 collisions/ep=0.11 (n=9)
update=207 global_step=423936 SPS=433 w_ev=0.842 m_ev=0.515 m_v_bias=-0.0 m_adv_std=6.2822 m_kl_max=0.0498 m_ratio_max=1.393 return=-182.5 length=200 success_rate=0.00 collisions/ep=0.00 (n=9)
update=208 global_step=425984 SPS=434 w_ev=0.920 m_ev=0.929 m_v_bias=-0.7 m_adv_std=1.8951 m_kl_max=0.0171 m_ratio_max=0.566 return=-182.3 length=200 success_rate=0.00 collisions/ep=0.07 (n=14)
update=209 global_step=428032 SPS=435 w_ev=0.872 m_ev=0.978 m_v_bias=-0.9 m_adv_std=0.9119 m_kl_max=0.0406 m_ratio_max=1.536 return=-179.2 length=200 success_rate=0.00 collisions/ep=0.00 (n=9)
update=210 global_step=430080 SPS=437 w_ev=0.862 m_ev=0.533 m_v_bias=0.5 m_adv_std=5.9001 m_kl_max=0.0107 m_ratio_max=0.486 return=-176.6 length=200 success_rate=0.00 collisions/ep=0.00 (n=8)
Evaluation at update 210: return=-181.44, length=200.00, success_rate=0.00, collisions/ep=0.00
Solved-check at update 210: solved=False worst_gap=1201.84 at p_x0=2.00 p_y0=0.50 (consecutive=0)
update=211 global_step=432128 SPS=431 w_ev=0.911 m_ev=0.963 m_v_bias=-0.6 m_adv_std=1.1586 m_kl_max=0.0357 m_ratio_max=0.951 return=-181.3 length=200 success_rate=0.00 collisions/ep=0.07 (n=15)
update=212 global_step=434176 SPS=433 w_ev=0.839 m_ev=0.363 m_v_bias=1.8 m_adv_std=8.4641 m_kl_max=0.0168 m_ratio_max=0.830 return=-187.0 length=200 success_rate=0.00 collisions/ep=0.12 (n=8)
update=213 global_step=436224 SPS=434 w_ev=0.905 m_ev=0.957 m_v_bias=-0.8 m_adv_std=1.3536 m_kl_max=0.0205 m_ratio_max=1.228 return=-182.6 length=200 success_rate=0.00 collisions/ep=0.11 (n=9)
update=214 global_step=438272 SPS=435 w_ev=0.845 m_ev=0.504 m_v_bias=0.6 m_adv_std=6.2001 m_kl_max=0.0160 m_ratio_max=0.622 return=-175.9 length=200 success_rate=0.00 collisions/ep=0.00 (n=8)
update=215 global_step=440320 SPS=437 w_ev=0.900 m_ev=0.297 m_v_bias=2.6 m_adv_std=12.2403 m_kl_max=0.0207 m_ratio_max=1.165 return=-189.8 length=200 success_rate=0.00 collisions/ep=0.20 (n=15)
Evaluation at update 215: return=-179.78, length=200.00, success_rate=0.00, collisions/ep=0.00
Solved-check at update 215: solved=False worst_gap=1201.71 at p_x0=2.00 p_y0=0.00 (consecutive=0)
update=216 global_step=442368 SPS=431 w_ev=0.811 m_ev=0.265 m_v_bias=2.0 m_adv_std=13.2453 m_kl_max=0.0420 m_ratio_max=1.446 return=-195.0 length=200 success_rate=0.00 collisions/ep=0.38 (n=8)
update=217 global_step=444416 SPS=432 w_ev=0.866 m_ev=0.415 m_v_bias=0.1 m_adv_std=8.2655 m_kl_max=0.0252 m_ratio_max=1.347 return=-178.2 length=200 success_rate=0.00 collisions/ep=0.00 (n=9)
update=218 global_step=446464 SPS=434 w_ev=0.720 m_ev=0.097 m_v_bias=-0.7 m_adv_std=26.3571 m_kl_max=0.0083 m_ratio_max=0.458 return=-216.8 length=200 success_rate=0.00 collisions/ep=0.67 (n=15)
update=219 global_step=448512 SPS=435 w_ev=0.865 m_ev=0.943 m_v_bias=-1.5 m_adv_std=1.7865 m_kl_max=0.0975 m_ratio_max=2.834 return=-178.4 length=200 success_rate=0.00 collisions/ep=0.00 (n=8)
update=220 global_step=450560 SPS=436 w_ev=0.846 m_ev=0.952 m_v_bias=-1.4 m_adv_std=1.0745 m_kl_max=0.0295 m_ratio_max=0.736 return=-176.2 length=200 success_rate=0.00 collisions/ep=0.00 (n=9)
Evaluation at update 220: return=-178.58, length=200.00, success_rate=0.00, collisions/ep=0.00
Solved-check at update 220: solved=False worst_gap=1196.65 at p_x0=2.00 p_y0=0.50 (consecutive=0)
update=221 global_step=452608 SPS=432 w_ev=0.840 m_ev=0.195 m_v_bias=1.6 m_adv_std=11.9396 m_kl_max=0.0326 m_ratio_max=1.610 return=-183.0 length=200 success_rate=0.00 collisions/ep=0.00 (n=8)
update=222 global_step=454656 SPS=433 w_ev=0.670 m_ev=0.042 m_v_bias=12.0 m_adv_std=44.1001 m_kl_max=0.0455 m_ratio_max=0.882 return=-222.9 length=200 success_rate=0.00 collisions/ep=0.93 (n=15)
update=223 global_step=456704 SPS=434 w_ev=0.851 m_ev=0.523 m_v_bias=-4.8 m_adv_std=4.3924 m_kl_max=0.0223 m_ratio_max=1.102 return=-179.5 length=200 success_rate=0.00 collisions/ep=0.00 (n=8)
update=224 global_step=458752 SPS=435 w_ev=0.931 m_ev=0.717 m_v_bias=-3.0 m_adv_std=4.7697 m_kl_max=0.0073 m_ratio_max=0.355 return=-182.0 length=200 success_rate=0.00 collisions/ep=0.11 (n=9)
update=225 global_step=460800 SPS=436 w_ev=0.915 m_ev=0.494 m_v_bias=-0.7 m_adv_std=5.9513 m_kl_max=0.0343 m_ratio_max=1.090 return=-180.5 length=200 success_rate=0.00 collisions/ep=0.07 (n=15)
Evaluation at update 225: return=-179.77, length=200.00, success_rate=0.00, collisions/ep=0.00
Solved-check at update 225: solved=False worst_gap=1198.10 at p_x0=2.00 p_y0=0.50 (consecutive=0)
update=226 global_step=462848 SPS=432 w_ev=0.905 m_ev=0.962 m_v_bias=-1.4 m_adv_std=1.2358 m_kl_max=0.0059 m_ratio_max=0.393 return=-180.8 length=200 success_rate=0.00 collisions/ep=0.00 (n=8)
update=227 global_step=464896 SPS=433 w_ev=0.900 m_ev=0.520 m_v_bias=0.3 m_adv_std=5.8302 m_kl_max=0.0236 m_ratio_max=0.838 return=-185.9 length=200 success_rate=0.00 collisions/ep=0.11 (n=9)
update=228 global_step=466944 SPS=434 w_ev=0.861 m_ev=0.952 m_v_bias=-1.0 m_adv_std=1.1382 m_kl_max=0.0251 m_ratio_max=1.164 return=-180.1 length=200 success_rate=0.00 collisions/ep=0.00 (n=8)
update=229 global_step=468992 SPS=435 w_ev=0.927 m_ev=0.980 m_v_bias=-0.7 m_adv_std=0.9374 m_kl_max=0.0327 m_ratio_max=1.611 return=-179.6 length=200 success_rate=0.00 collisions/ep=0.00 (n=15)
update=230 global_step=471040 SPS=436 w_ev=0.895 m_ev=0.988 m_v_bias=-0.7 m_adv_std=0.5727 m_kl_max=0.0167 m_ratio_max=0.797 return=-177.9 length=200 success_rate=0.00 collisions/ep=0.00 (n=8)
Evaluation at update 230: return=-178.99, length=200.00, success_rate=0.00, collisions/ep=0.00
Solved-check at update 230: solved=False worst_gap=1197.65 at p_x0=2.00 p_y0=0.50 (consecutive=0)
update=231 global_step=473088 SPS=432 w_ev=0.878 m_ev=0.983 m_v_bias=-0.6 m_adv_std=0.6726 m_kl_max=0.0490 m_ratio_max=1.638 return=-179.8 length=200 success_rate=0.00 collisions/ep=0.00 (n=9)
update=232 global_step=475136 SPS=433 w_ev=0.842 m_ev=0.303 m_v_bias=1.4 m_adv_std=7.8355 m_kl_max=0.0435 m_ratio_max=1.821 return=-183.6 length=200 success_rate=0.00 collisions/ep=0.11 (n=9)
update=233 global_step=477184 SPS=434 w_ev=0.931 m_ev=0.589 m_v_bias=0.8 m_adv_std=6.6195 m_kl_max=0.0120 m_ratio_max=0.763 return=-186.3 length=200 success_rate=0.00 collisions/ep=0.14 (n=14)
update=234 global_step=479232 SPS=435 w_ev=0.924 m_ev=0.913 m_v_bias=-1.3 m_adv_std=1.7678 m_kl_max=0.0226 m_ratio_max=0.740 return=-179.4 length=200 success_rate=0.00 collisions/ep=0.00 (n=9)
update=235 global_step=481280 SPS=436 w_ev=0.935 m_ev=0.984 m_v_bias=-0.6 m_adv_std=0.8067 m_kl_max=0.0505 m_ratio_max=1.118 return=-176.7 length=200 success_rate=0.00 collisions/ep=0.00 (n=8)
Evaluation at update 235: return=-178.58, length=200.00, success_rate=0.00, collisions/ep=0.00
Solved-check at update 235: solved=False worst_gap=1197.45 at p_x0=2.00 p_y0=0.50 (consecutive=0)
update=236 global_step=483328 SPS=432 w_ev=0.961 m_ev=0.995 m_v_bias=-0.4 m_adv_std=0.4893 m_kl_max=0.0704 m_ratio_max=0.929 return=-173.9 length=200 success_rate=0.00 collisions/ep=0.00 (n=15)
update=237 global_step=485376 SPS=433 w_ev=0.887 m_ev=0.315 m_v_bias=3.1 m_adv_std=11.1586 m_kl_max=0.0161 m_ratio_max=0.513 return=-194.9 length=200 success_rate=0.00 collisions/ep=0.38 (n=8)
update=238 global_step=487424 SPS=434 w_ev=0.837 m_ev=0.206 m_v_bias=2.0 m_adv_std=17.0764 m_kl_max=0.0231 m_ratio_max=0.892 return=-199.3 length=200 success_rate=0.00 collisions/ep=0.44 (n=9)
update=239 global_step=489472 SPS=436 w_ev=0.897 m_ev=0.498 m_v_bias=-0.7 m_adv_std=6.4291 m_kl_max=0.0253 m_ratio_max=0.756 return=-177.1 length=200 success_rate=0.00 collisions/ep=0.00 (n=8)
update=240 global_step=491520 SPS=437 w_ev=0.945 m_ev=0.607 m_v_bias=-1.9 m_adv_std=6.4173 m_kl_max=0.0223 m_ratio_max=0.727 return=-186.4 length=200 success_rate=0.00 collisions/ep=0.20 (n=15)
Evaluation at update 240: return=-178.75, length=200.00, success_rate=0.00, collisions/ep=0.00
Solved-check at update 240: solved=False worst_gap=1196.87 at p_x0=2.00 p_y0=0.50 (consecutive=0)
update=241 global_step=493568 SPS=432 w_ev=0.927 m_ev=0.944 m_v_bias=-1.8 m_adv_std=1.2991 m_kl_max=0.0180 m_ratio_max=0.808 return=-178.3 length=200 success_rate=0.00 collisions/ep=0.00 (n=8)
update=242 global_step=495616 SPS=434 w_ev=0.926 m_ev=0.466 m_v_bias=0.2 m_adv_std=6.4205 m_kl_max=0.0123 m_ratio_max=0.600 return=-179.2 length=200 success_rate=0.00 collisions/ep=0.00 (n=9)
update=243 global_step=497664 SPS=435 w_ev=0.934 m_ev=0.331 m_v_bias=1.3 m_adv_std=10.4308 m_kl_max=0.0104 m_ratio_max=0.435 return=-189.0 length=200 success_rate=0.00 collisions/ep=0.20 (n=15)
update=244 global_step=499712 SPS=436 w_ev=0.903 m_ev=0.654 m_v_bias=0.4 m_adv_std=6.6111 m_kl_max=0.0188 m_ratio_max=0.820 return=-179.4 length=200 success_rate=0.00 collisions/ep=0.12 (n=8)
update=245 global_step=501760 SPS=437 w_ev=0.920 m_ev=0.452 m_v_bias=0.8 m_adv_std=8.3320 m_kl_max=0.0196 m_ratio_max=1.145 return=-181.8 length=200 success_rate=0.00 collisions/ep=0.11 (n=9)
Evaluation at update 245: return=-178.70, length=200.00, success_rate=0.00, collisions/ep=0.00
Solved-check at update 245: solved=False worst_gap=1197.29 at p_x0=2.00 p_y0=0.50 (consecutive=0)
update=246 global_step=503808 SPS=432 w_ev=0.926 m_ev=0.836 m_v_bias=-1.8 m_adv_std=2.3317 m_kl_max=0.0362 m_ratio_max=1.045 return=-183.3 length=200 success_rate=0.00 collisions/ep=0.12 (n=8)
update=247 global_step=505856 SPS=433 w_ev=0.838 m_ev=0.129 m_v_bias=2.2 m_adv_std=17.4685 m_kl_max=0.0170 m_ratio_max=0.880 return=-179.1 length=200 success_rate=0.00 collisions/ep=0.00 (n=15)
update=248 global_step=507904 SPS=435 w_ev=0.864 m_ev=0.849 m_v_bias=-2.3 m_adv_std=2.0045 m_kl_max=0.0146 m_ratio_max=0.697 return=-197.3 length=200 success_rate=0.00 collisions/ep=0.38 (n=8)
update=249 global_step=509952 SPS=436 w_ev=0.924 m_ev=0.175 m_v_bias=1.7 m_adv_std=11.6927 m_kl_max=0.0154 m_ratio_max=0.573 return=-180.6 length=200 success_rate=0.00 collisions/ep=0.00 (n=9)
update=250 global_step=512000 SPS=437 w_ev=0.935 m_ev=0.618 m_v_bias=-1.8 m_adv_std=3.3599 m_kl_max=0.0154 m_ratio_max=0.636 return=-186.5 length=200 success_rate=0.00 collisions/ep=0.20 (n=15)
Evaluation at update 250: return=-178.62, length=200.00, success_rate=0.00, collisions/ep=0.00
Solved-check at update 250: solved=False worst_gap=1197.24 at p_x0=2.00 p_y0=0.50 (consecutive=0)
update=251 global_step=514048 SPS=432 w_ev=0.952 m_ev=0.928 m_v_bias=-0.8 m_adv_std=1.8957 m_kl_max=0.0248 m_ratio_max=0.860 return=-176.5 length=200 success_rate=0.00 collisions/ep=0.00 (n=8)
update=252 global_step=516096 SPS=434 w_ev=0.941 m_ev=0.961 m_v_bias=-0.8 m_adv_std=1.0860 m_kl_max=0.0118 m_ratio_max=0.701 return=-175.4 length=200 success_rate=0.00 collisions/ep=0.00 (n=9)
update=253 global_step=518144 SPS=435 w_ev=0.937 m_ev=0.991 m_v_bias=-0.6 m_adv_std=0.5714 m_kl_max=0.0386 m_ratio_max=0.760 return=-178.2 length=200 success_rate=0.00 collisions/ep=0.00 (n=8)
update=254 global_step=520192 SPS=436 w_ev=0.935 m_ev=0.464 m_v_bias=4.4 m_adv_std=10.3968 m_kl_max=0.0151 m_ratio_max=0.646 return=-184.3 length=200 success_rate=0.00 collisions/ep=0.20 (n=15)
update=255 global_step=522240 SPS=437 w_ev=0.920 m_ev=0.362 m_v_bias=0.3 m_adv_std=8.6958 m_kl_max=0.0241 m_ratio_max=0.724 return=-178.6 length=200 success_rate=0.00 collisions/ep=0.00 (n=8)
Evaluation at update 255: return=-178.48, length=200.00, success_rate=0.00, collisions/ep=0.00
Solved-check at update 255: solved=False worst_gap=1197.20 at p_x0=2.00 p_y0=0.50 (consecutive=0)
update=256 global_step=524288 SPS=433 w_ev=0.969 m_ev=0.877 m_v_bias=-2.4 m_adv_std=2.6150 m_kl_max=0.0215 m_ratio_max=0.946 return=-186.2 length=200 success_rate=0.00 collisions/ep=0.22 (n=9)
update=257 global_step=526336 SPS=434 w_ev=0.927 m_ev=0.952 m_v_bias=-1.3 m_adv_std=1.1284 m_kl_max=0.0184 m_ratio_max=0.702 return=-170.7 length=200 success_rate=0.00 collisions/ep=0.00 (n=9)
update=258 global_step=528384 SPS=435 w_ev=0.962 m_ev=0.991 m_v_bias=-0.9 m_adv_std=0.6951 m_kl_max=0.0388 m_ratio_max=1.163 return=-178.8 length=200 success_rate=0.00 collisions/ep=0.00 (n=14)
update=259 global_step=530432 SPS=436 w_ev=0.946 m_ev=0.990 m_v_bias=-0.9 m_adv_std=0.6134 m_kl_max=0.0204 m_ratio_max=0.763 return=-178.0 length=200 success_rate=0.00 collisions/ep=0.00 (n=9)
update=260 global_step=532480 SPS=437 w_ev=0.935 m_ev=0.989 m_v_bias=-0.5 m_adv_std=0.6036 m_kl_max=0.0653 m_ratio_max=1.623 return=-175.0 length=200 success_rate=0.00 collisions/ep=0.00 (n=8)
Evaluation at update 260: return=-177.33, length=200.00, success_rate=0.00, collisions/ep=0.00
Solved-check at update 260: solved=False worst_gap=1195.79 at p_x0=2.00 p_y0=0.50 (consecutive=0)
update=261 global_step=534528 SPS=432 w_ev=0.930 m_ev=0.397 m_v_bias=2.3 m_adv_std=9.9263 m_kl_max=0.0558 m_ratio_max=1.708 return=-184.9 length=200 success_rate=0.00 collisions/ep=0.13 (n=15)
update=262 global_step=536576 SPS=433 w_ev=0.805 m_ev=0.167 m_v_bias=3.2 m_adv_std=18.0704 m_kl_max=0.0434 m_ratio_max=1.319 return=-203.5 length=200 success_rate=0.00 collisions/ep=0.50 (n=8)
update=263 global_step=538624 SPS=435 w_ev=0.899 m_ev=0.328 m_v_bias=0.9 m_adv_std=8.7730 m_kl_max=0.0139 m_ratio_max=0.550 return=-183.2 length=200 success_rate=0.00 collisions/ep=0.11 (n=9)
update=264 global_step=540672 SPS=436 w_ev=0.936 m_ev=0.932 m_v_bias=-2.5 m_adv_std=1.5812 m_kl_max=0.0138 m_ratio_max=0.628 return=-184.3 length=200 success_rate=0.00 collisions/ep=0.12 (n=8)
update=265 global_step=542720 SPS=437 w_ev=0.967 m_ev=0.643 m_v_bias=0.2 m_adv_std=5.7959 m_kl_max=0.0438 m_ratio_max=0.993 return=-179.5 length=200 success_rate=0.00 collisions/ep=0.07 (n=15)
Evaluation at update 265: return=-178.52, length=200.00, success_rate=0.00, collisions/ep=0.00
Solved-check at update 265: solved=False worst_gap=1196.97 at p_x0=2.00 p_y0=0.50 (consecutive=0)
update=266 global_step=544768 SPS=433 w_ev=0.952 m_ev=0.982 m_v_bias=-1.1 m_adv_std=0.8333 m_kl_max=0.0204 m_ratio_max=0.692 return=-178.8 length=200 success_rate=0.00 collisions/ep=0.00 (n=8)
update=267 global_step=546816 SPS=434 w_ev=0.945 m_ev=0.639 m_v_bias=-0.2 m_adv_std=5.0904 m_kl_max=0.0505 m_ratio_max=1.592 return=-182.9 length=200 success_rate=0.00 collisions/ep=0.11 (n=9)
update=268 global_step=548864 SPS=435 w_ev=0.959 m_ev=0.978 m_v_bias=-0.7 m_adv_std=0.9363 m_kl_max=0.0301 m_ratio_max=0.624 return=-174.2 length=200 success_rate=0.00 collisions/ep=0.00 (n=15)
update=269 global_step=550912 SPS=436 w_ev=0.930 m_ev=0.546 m_v_bias=0.3 m_adv_std=6.1486 m_kl_max=0.0201 m_ratio_max=0.801 return=-180.8 length=200 success_rate=0.00 collisions/ep=0.12 (n=8)
update=270 global_step=552960 SPS=437 w_ev=0.956 m_ev=0.970 m_v_bias=-0.9 m_adv_std=1.1380 m_kl_max=0.0774 m_ratio_max=3.339 return=-178.3 length=200 success_rate=0.00 collisions/ep=0.00 (n=9)
Evaluation at update 270: return=-176.17, length=200.00, success_rate=0.00, collisions/ep=0.00
Solved-check at update 270: solved=False worst_gap=1194.72 at p_x0=2.00 p_y0=0.50 (consecutive=0)
update=271 global_step=555008 SPS=433 w_ev=0.941 m_ev=0.421 m_v_bias=0.4 m_adv_std=6.1973 m_kl_max=0.0263 m_ratio_max=0.724 return=-174.1 length=200 success_rate=0.00 collisions/ep=0.00 (n=8)
update=272 global_step=557056 SPS=434 w_ev=0.872 m_ev=0.228 m_v_bias=4.5 m_adv_std=16.3290 m_kl_max=0.0443 m_ratio_max=1.166 return=-192.9 length=200 success_rate=0.00 collisions/ep=0.33 (n=15)
update=273 global_step=559104 SPS=435 w_ev=0.859 m_ev=0.317 m_v_bias=-1.9 m_adv_std=8.6818 m_kl_max=0.0169 m_ratio_max=0.983 return=-190.8 length=200 success_rate=0.00 collisions/ep=0.25 (n=8)
update=274 global_step=561152 SPS=436 w_ev=0.937 m_ev=0.504 m_v_bias=-1.0 m_adv_std=6.7391 m_kl_max=0.0362 m_ratio_max=1.411 return=-176.2 length=200 success_rate=0.00 collisions/ep=0.00 (n=9)
update=275 global_step=563200 SPS=437 w_ev=0.503 m_ev=0.013 m_v_bias=16.0 m_adv_std=51.4975 m_kl_max=0.0160 m_ratio_max=1.002 return=-216.4 length=200 success_rate=0.00 collisions/ep=0.87 (n=15)
Evaluation at update 275: return=-176.28, length=200.00, success_rate=0.00, collisions/ep=0.00
Solved-check at update 275: solved=False worst_gap=1194.79 at p_x0=2.00 p_y0=0.50 (consecutive=0)
update=276 global_step=565248 SPS=433 w_ev=0.945 m_ev=0.530 m_v_bias=-7.0 m_adv_std=6.4272 m_kl_max=0.0084 m_ratio_max=0.555 return=-174.6 length=200 success_rate=0.00 collisions/ep=0.00 (n=8)
update=277 global_step=567296 SPS=434 w_ev=0.944 m_ev=0.495 m_v_bias=-4.0 m_adv_std=6.6374 m_kl_max=0.0131 m_ratio_max=0.908 return=-182.3 length=200 success_rate=0.00 collisions/ep=0.11 (n=9)
update=278 global_step=569344 SPS=435 w_ev=0.562 m_ev=0.069 m_v_bias=1.2 m_adv_std=26.7127 m_kl_max=0.0195 m_ratio_max=0.873 return=-213.7 length=200 success_rate=0.00 collisions/ep=0.75 (n=8)
update=279 global_step=571392 SPS=436 w_ev=0.925 m_ev=0.576 m_v_bias=-2.6 m_adv_std=6.3605 m_kl_max=0.0185 m_ratio_max=0.661 return=-187.6 length=200 success_rate=0.00 collisions/ep=0.20 (n=15)
update=280 global_step=573440 SPS=437 w_ev=0.642 m_ev=0.048 m_v_bias=5.9 m_adv_std=33.5728 m_kl_max=0.0210 m_ratio_max=0.762 return=-195.4 length=200 success_rate=0.00 collisions/ep=0.38 (n=8)
Evaluation at update 280: return=-177.33, length=200.00, success_rate=0.00, collisions/ep=0.00
Solved-check at update 280: solved=False worst_gap=1195.66 at p_x0=2.00 p_y0=0.50 (consecutive=0)
update=281 global_step=575488 SPS=433 w_ev=0.939 m_ev=0.564 m_v_bias=-4.7 m_adv_std=4.1084 m_kl_max=0.0104 m_ratio_max=0.692 return=-210.9 length=200 success_rate=0.00 collisions/ep=0.67 (n=9)
update=282 global_step=577536 SPS=434 w_ev=0.940 m_ev=0.467 m_v_bias=-1.5 m_adv_std=6.2084 m_kl_max=0.0178 m_ratio_max=0.850 return=-181.2 length=200 success_rate=0.00 collisions/ep=0.11 (n=9)
update=283 global_step=579584 SPS=435 w_ev=0.972 m_ev=0.950 m_v_bias=-1.2 m_adv_std=1.6289 m_kl_max=0.0174 m_ratio_max=0.617 return=-175.8 length=200 success_rate=0.00 collisions/ep=0.00 (n=14)
update=284 global_step=581632 SPS=436 w_ev=0.932 m_ev=0.465 m_v_bias=1.2 m_adv_std=8.2928 m_kl_max=0.0360 m_ratio_max=1.507 return=-187.3 length=200 success_rate=0.00 collisions/ep=0.22 (n=9)
update=285 global_step=583680 SPS=436 w_ev=0.955 m_ev=0.486 m_v_bias=-0.5 m_adv_std=6.2202 m_kl_max=0.0291 m_ratio_max=1.355 return=-176.3 length=200 success_rate=0.00 collisions/ep=0.00 (n=8)
Evaluation at update 285: return=-177.60, length=200.00, success_rate=0.00, collisions/ep=0.00
Solved-check at update 285: solved=False worst_gap=1196.03 at p_x0=2.00 p_y0=0.50 (consecutive=0)
update=286 global_step=585728 SPS=433 w_ev=0.980 m_ev=0.962 m_v_bias=-1.3 m_adv_std=1.3484 m_kl_max=0.0223 m_ratio_max=0.859 return=-178.1 length=200 success_rate=0.00 collisions/ep=0.07 (n=15)
update=287 global_step=587776 SPS=434 w_ev=0.962 m_ev=0.981 m_v_bias=-0.9 m_adv_std=0.9280 m_kl_max=0.0196 m_ratio_max=0.696 return=-177.0 length=200 success_rate=0.00 collisions/ep=0.00 (n=8)
update=288 global_step=589824 SPS=435 w_ev=0.924 m_ev=0.295 m_v_bias=2.2 m_adv_std=8.9060 m_kl_max=0.0305 m_ratio_max=1.502 return=-180.9 length=200 success_rate=0.00 collisions/ep=0.11 (n=9)
update=289 global_step=591872 SPS=436 w_ev=0.907 m_ev=0.267 m_v_bias=0.6 m_adv_std=10.9002 m_kl_max=0.0260 m_ratio_max=0.981 return=-197.1 length=200 success_rate=0.00 collisions/ep=0.38 (n=8)
update=290 global_step=593920 SPS=437 w_ev=0.946 m_ev=0.382 m_v_bias=2.4 m_adv_std=10.1073 m_kl_max=0.0239 m_ratio_max=0.694 return=-179.4 length=200 success_rate=0.00 collisions/ep=0.07 (n=15)
Evaluation at update 290: return=-177.69, length=200.00, success_rate=0.00, collisions/ep=0.00
Solved-check at update 290: solved=False worst_gap=1196.06 at p_x0=2.00 p_y0=0.00 (consecutive=0)
update=291 global_step=595968 SPS=433 w_ev=0.793 m_ev=0.046 m_v_bias=2.7 m_adv_std=24.9704 m_kl_max=0.0303 m_ratio_max=1.905 return=-190.3 length=200 success_rate=0.00 collisions/ep=0.25 (n=8)
update=292 global_step=598016 SPS=434 w_ev=0.942 m_ev=0.811 m_v_bias=-2.8 m_adv_std=2.7132 m_kl_max=0.0317 m_ratio_max=0.817 return=-196.2 length=200 success_rate=0.00 collisions/ep=0.44 (n=9)
update=293 global_step=600064 SPS=435 w_ev=0.977 m_ev=0.970 m_v_bias=-1.4 m_adv_std=1.0795 m_kl_max=0.0310 m_ratio_max=0.738 return=-175.4 length=200 success_rate=0.00 collisions/ep=0.00 (n=15)
update=294 global_step=602112 SPS=436 w_ev=0.977 m_ev=0.992 m_v_bias=-0.9 m_adv_std=0.6745 m_kl_max=0.0173 m_ratio_max=0.766 return=-176.1 length=200 success_rate=0.00 collisions/ep=0.00 (n=8)
update=295 global_step=604160 SPS=437 w_ev=0.968 m_ev=0.992 m_v_bias=-0.6 m_adv_std=0.5647 m_kl_max=0.0333 m_ratio_max=0.980 return=-172.3 length=200 success_rate=0.00 collisions/ep=0.00 (n=9)
Evaluation at update 295: return=-176.50, length=200.00, success_rate=0.00, collisions/ep=0.00
Solved-check at update 295: solved=False worst_gap=1195.06 at p_x0=2.00 p_y0=0.50 (consecutive=0)
update=296 global_step=606208 SPS=433 w_ev=0.941 m_ev=0.990 m_v_bias=-0.6 m_adv_std=0.5821 m_kl_max=0.0365 m_ratio_max=0.906 return=-174.5 length=200 success_rate=0.00 collisions/ep=0.00 (n=8)
update=297 global_step=608256 SPS=434 w_ev=0.942 m_ev=0.479 m_v_bias=0.4 m_adv_std=8.6953 m_kl_max=0.0079 m_ratio_max=0.456 return=-183.8 length=200 success_rate=0.00 collisions/ep=0.13 (n=15)
update=298 global_step=610304 SPS=435 w_ev=0.955 m_ev=0.962 m_v_bias=-0.5 m_adv_std=1.0280 m_kl_max=0.0122 m_ratio_max=0.428 return=-175.2 length=200 success_rate=0.00 collisions/ep=0.00 (n=8)
update=299 global_step=612352 SPS=436 w_ev=0.940 m_ev=0.333 m_v_bias=1.6 m_adv_std=8.3965 m_kl_max=0.0304 m_ratio_max=1.172 return=-177.1 length=200 success_rate=0.00 collisions/ep=0.00 (n=9)
update=300 global_step=614400 SPS=437 w_ev=0.959 m_ev=0.873 m_v_bias=-1.0 m_adv_std=2.2327 m_kl_max=0.0076 m_ratio_max=0.422 return=-182.0 length=200 success_rate=0.00 collisions/ep=0.13 (n=15)
Evaluation at update 300: return=-175.94, length=200.00, success_rate=0.00, collisions/ep=0.00
Solved-check at update 300: solved=False worst_gap=1194.38 at p_x0=2.00 p_y0=0.50 (consecutive=0)
update=301 global_step=616448 SPS=434 w_ev=0.964 m_ev=0.633 m_v_bias=0.8 m_adv_std=6.5381 m_kl_max=0.0151 m_ratio_max=0.555 return=-179.5 length=200 success_rate=0.00 collisions/ep=0.12 (n=8)
update=302 global_step=618496 SPS=434 w_ev=0.969 m_ev=0.936 m_v_bias=-1.1 m_adv_std=1.5088 m_kl_max=0.0176 m_ratio_max=0.580 return=-174.2 length=200 success_rate=0.00 collisions/ep=0.00 (n=9)
update=303 global_step=620544 SPS=435 w_ev=0.899 m_ev=0.238 m_v_bias=1.5 m_adv_std=11.6901 m_kl_max=0.0293 m_ratio_max=0.664 return=-188.9 length=200 success_rate=0.00 collisions/ep=0.25 (n=8)
update=304 global_step=622592 SPS=436 w_ev=0.965 m_ev=0.622 m_v_bias=0.6 m_adv_std=6.3869 m_kl_max=0.0171 m_ratio_max=0.627 return=-178.8 length=200 success_rate=0.00 collisions/ep=0.07 (n=15)
update=305 global_step=624640 SPS=437 w_ev=0.962 m_ev=0.942 m_v_bias=-1.0 m_adv_std=1.5429 m_kl_max=0.0091 m_ratio_max=0.457 return=-177.8 length=200 success_rate=0.00 collisions/ep=0.00 (n=8)
Evaluation at update 305: return=-176.80, length=200.00, success_rate=0.00, collisions/ep=0.00
Solved-check at update 305: solved=False worst_gap=1195.23 at p_x0=2.00 p_y0=0.50 (consecutive=0)
update=306 global_step=626688 SPS=433 w_ev=0.966 m_ev=0.985 m_v_bias=-0.9 m_adv_std=0.7157 m_kl_max=0.0272 m_ratio_max=0.781 return=-173.9 length=200 success_rate=0.00 collisions/ep=0.00 (n=9)
update=307 global_step=628736 SPS=434 w_ev=0.961 m_ev=0.991 m_v_bias=-0.7 m_adv_std=0.5606 m_kl_max=0.0305 m_ratio_max=1.194 return=-177.7 length=200 success_rate=0.00 collisions/ep=0.00 (n=9)
update=308 global_step=630784 SPS=435 w_ev=0.844 m_ev=0.157 m_v_bias=9.9 m_adv_std=26.8834 m_kl_max=0.0234 m_ratio_max=1.076 return=-191.9 length=200 success_rate=0.00 collisions/ep=0.43 (n=14)
update=309 global_step=632832 SPS=436 w_ev=0.885 m_ev=0.498 m_v_bias=-3.2 m_adv_std=5.3505 m_kl_max=0.0177 m_ratio_max=0.746 return=-184.1 length=200 success_rate=0.00 collisions/ep=0.22 (n=9)
update=310 global_step=634880 SPS=437 w_ev=0.945 m_ev=0.873 m_v_bias=-3.5 m_adv_std=2.1646 m_kl_max=0.0386 m_ratio_max=1.194 return=-178.3 length=200 success_rate=0.00 collisions/ep=0.00 (n=8)
Evaluation at update 310: return=-176.36, length=200.00, success_rate=0.00, collisions/ep=0.00
Solved-check at update 310: solved=False worst_gap=1194.68 at p_x0=2.00 p_y0=0.50 (consecutive=0)
update=311 global_step=636928 SPS=433 w_ev=0.957 m_ev=0.487 m_v_bias=0.6 m_adv_std=8.6131 m_kl_max=0.0199 m_ratio_max=0.729 return=-182.5 length=200 success_rate=0.00 collisions/ep=0.13 (n=15)
update=312 global_step=638976 SPS=434 w_ev=0.960 m_ev=0.887 m_v_bias=-1.8 m_adv_std=2.1637 m_kl_max=0.0442 m_ratio_max=1.017 return=-177.2 length=200 success_rate=0.00 collisions/ep=0.00 (n=8)
update=313 global_step=641024 SPS=435 w_ev=0.837 m_ev=0.062 m_v_bias=2.4 m_adv_std=16.9885 m_kl_max=0.0161 m_ratio_max=0.918 return=-181.9 length=200 success_rate=0.00 collisions/ep=0.11 (n=9)
update=314 global_step=643072 SPS=436 w_ev=0.883 m_ev=0.206 m_v_bias=-0.5 m_adv_std=11.9164 m_kl_max=0.0167 m_ratio_max=0.665 return=-208.6 length=200 success_rate=0.00 collisions/ep=0.62 (n=8)
update=315 global_step=645120 SPS=437 w_ev=0.969 m_ev=0.537 m_v_bias=1.7 m_adv_std=8.2950 m_kl_max=0.0149 m_ratio_max=0.751 return=-182.2 length=200 success_rate=0.00 collisions/ep=0.13 (n=15)
Evaluation at update 315: return=-178.07, length=200.00, success_rate=0.00, collisions/ep=0.00
Solved-check at update 315: solved=False worst_gap=1197.01 at p_x0=2.00 p_y0=-0.50 (consecutive=0)
update=316 global_step=647168 SPS=433 w_ev=0.945 m_ev=0.552 m_v_bias=-1.1 m_adv_std=5.8123 m_kl_max=0.0170 m_ratio_max=0.567 return=-181.4 length=200 success_rate=0.00 collisions/ep=0.12 (n=8)
update=317 global_step=649216 SPS=434 w_ev=0.961 m_ev=0.981 m_v_bias=-1.6 m_adv_std=0.9037 m_kl_max=0.0182 m_ratio_max=1.010 return=-174.7 length=200 success_rate=0.00 collisions/ep=0.00 (n=9)
update=318 global_step=651264 SPS=435 w_ev=0.967 m_ev=0.982 m_v_bias=-1.0 m_adv_std=0.7377 m_kl_max=0.0249 m_ratio_max=0.723 return=-176.6 length=200 success_rate=0.00 collisions/ep=0.00 (n=15)
update=319 global_step=653312 SPS=436 w_ev=0.973 m_ev=0.994 m_v_bias=-0.9 m_adv_std=0.6375 m_kl_max=0.0267 m_ratio_max=1.344 return=-176.1 length=200 success_rate=0.00 collisions/ep=0.00 (n=8)
update=320 global_step=655360 SPS=437 w_ev=0.575 m_ev=0.037 m_v_bias=8.0 m_adv_std=36.5595 m_kl_max=0.0168 m_ratio_max=0.985 return=-211.3 length=200 success_rate=0.00 collisions/ep=0.78 (n=9)
Evaluation at update 320: return=-176.73, length=200.00, success_rate=0.00, collisions/ep=0.00
Solved-check at update 320: solved=False worst_gap=1194.96 at p_x0=2.00 p_y0=0.50 (consecutive=0)
update=321 global_step=657408 SPS=433 w_ev=0.834 m_ev=0.158 m_v_bias=0.6 m_adv_std=12.6121 m_kl_max=0.0213 m_ratio_max=1.183 return=-178.0 length=200 success_rate=0.00 collisions/ep=0.00 (n=8)
update=322 global_step=659456 SPS=434 w_ev=0.954 m_ev=0.770 m_v_bias=-3.6 m_adv_std=3.4198 m_kl_max=0.0084 m_ratio_max=0.509 return=-186.8 length=200 success_rate=0.00 collisions/ep=0.20 (n=15)
update=323 global_step=661504 SPS=435 w_ev=0.819 m_ev=0.138 m_v_bias=2.4 m_adv_std=19.8134 m_kl_max=0.0369 m_ratio_max=1.537 return=-207.8 length=200 success_rate=0.00 collisions/ep=0.62 (n=8)
update=324 global_step=663552 SPS=436 w_ev=0.312 m_ev=0.041 m_v_bias=20.2 m_adv_std=89.5207 m_kl_max=0.0285 m_ratio_max=0.846 return=-257.7 length=200 success_rate=0.00 collisions/ep=1.67 (n=9)
update=325 global_step=665600 SPS=437 w_ev=0.791 m_ev=-1.011 m_v_bias=-6.6 m_adv_std=15.7160 m_kl_max=0.0284 m_ratio_max=2.162 return=-180.7 length=200 success_rate=0.00 collisions/ep=0.13 (n=15)
Evaluation at update 325: return=-177.58, length=200.00, success_rate=0.00, collisions/ep=0.00
Solved-check at update 325: solved=False worst_gap=1195.78 at p_x0=2.00 p_y0=0.50 (consecutive=0)
update=326 global_step=667648 SPS=434 w_ev=0.959 m_ev=0.552 m_v_bias=-5.9 m_adv_std=6.0211 m_kl_max=0.0190 m_ratio_max=1.058 return=-172.8 length=200 success_rate=0.00 collisions/ep=0.00 (n=8)
update=327 global_step=669696 SPS=434 w_ev=0.945 m_ev=0.808 m_v_bias=-3.9 m_adv_std=2.7479 m_kl_max=0.0072 m_ratio_max=0.495 return=-176.9 length=200 success_rate=0.00 collisions/ep=0.00 (n=9)
update=328 global_step=671744 SPS=435 w_ev=0.944 m_ev=0.879 m_v_bias=-2.2 m_adv_std=2.0948 m_kl_max=0.0203 m_ratio_max=0.813 return=-176.3 length=200 success_rate=0.00 collisions/ep=0.00 (n=8)
update=329 global_step=673792 SPS=436 w_ev=0.967 m_ev=0.962 m_v_bias=-1.3 m_adv_std=1.3947 m_kl_max=0.0137 m_ratio_max=0.508 return=-177.5 length=200 success_rate=0.00 collisions/ep=0.00 (n=15)
update=330 global_step=675840 SPS=437 w_ev=0.963 m_ev=0.978 m_v_bias=-0.5 m_adv_std=0.9559 m_kl_max=0.0155 m_ratio_max=0.655 return=-176.6 length=200 success_rate=0.00 collisions/ep=0.00 (n=8)
Evaluation at update 330: return=-177.89, length=200.00, success_rate=0.00, collisions/ep=0.00
Solved-check at update 330: solved=False worst_gap=1196.55 at p_x0=2.00 p_y0=-0.50 (consecutive=0)
update=331 global_step=677888 SPS=434 w_ev=0.962 m_ev=0.972 m_v_bias=-0.6 m_adv_std=1.0676 m_kl_max=0.0203 m_ratio_max=0.820 return=-173.0 length=200 success_rate=0.00 collisions/ep=0.00 (n=9)
update=332 global_step=679936 SPS=435 w_ev=0.850 m_ev=0.153 m_v_bias=5.1 m_adv_std=15.8956 m_kl_max=0.0512 m_ratio_max=1.209 return=-186.1 length=200 success_rate=0.00 collisions/ep=0.22 (n=9)
update=333 global_step=681984 SPS=436 w_ev=0.976 m_ev=0.916 m_v_bias=-2.0 m_adv_std=2.2754 m_kl_max=0.0101 m_ratio_max=0.533 return=-187.1 length=200 success_rate=0.00 collisions/ep=0.21 (n=14)
update=334 global_step=684032 SPS=437 w_ev=0.946 m_ev=0.960 m_v_bias=-1.7 m_adv_std=1.0916 m_kl_max=0.0088 m_ratio_max=0.488 return=-173.8 length=200 success_rate=0.00 collisions/ep=0.00 (n=9)
update=335 global_step=686080 SPS=438 w_ev=0.959 m_ev=0.592 m_v_bias=0.5 m_adv_std=6.3700 m_kl_max=0.0064 m_ratio_max=0.397 return=-175.8 length=200 success_rate=0.00 collisions/ep=0.00 (n=8)
Evaluation at update 335: return=-177.61, length=200.00, success_rate=0.00, collisions/ep=0.00
Solved-check at update 335: solved=False worst_gap=1197.29 at p_x0=2.00 p_y0=0.00 (consecutive=0)
update=336 global_step=688128 SPS=435 w_ev=0.970 m_ev=0.570 m_v_bias=0.8 m_adv_std=6.1254 m_kl_max=0.0194 m_ratio_max=0.640 return=-181.3 length=200 success_rate=0.00 collisions/ep=0.13 (n=15)
update=337 global_step=690176 SPS=435 w_ev=0.955 m_ev=0.396 m_v_bias=-0.5 m_adv_std=6.5563 m_kl_max=0.0139 m_ratio_max=0.544 return=-173.6 length=200 success_rate=0.00 collisions/ep=0.00 (n=8)
update=338 global_step=692224 SPS=436 w_ev=0.968 m_ev=0.692 m_v_bias=-0.5 m_adv_std=4.6305 m_kl_max=0.0312 m_ratio_max=0.647 return=-185.0 length=200 success_rate=0.00 collisions/ep=0.22 (n=9)
update=339 global_step=694272 SPS=437 w_ev=0.956 m_ev=0.980 m_v_bias=-0.9 m_adv_std=0.7731 m_kl_max=0.0189 m_ratio_max=0.604 return=-173.3 length=200 success_rate=0.00 collisions/ep=0.00 (n=8)
update=340 global_step=696320 SPS=438 w_ev=0.978 m_ev=0.990 m_v_bias=-0.7 m_adv_std=0.7768 m_kl_max=0.0287 m_ratio_max=0.692 return=-175.7 length=200 success_rate=0.00 collisions/ep=0.00 (n=15)
Evaluation at update 340: return=-176.60, length=200.00, success_rate=0.00, collisions/ep=0.00
Solved-check at update 340: solved=False worst_gap=1196.32 at p_x0=2.00 p_y0=0.00 (consecutive=0)
update=341 global_step=698368 SPS=435 w_ev=0.963 m_ev=0.992 m_v_bias=-0.5 m_adv_std=0.5057 m_kl_max=0.0193 m_ratio_max=0.627 return=-171.4 length=200 success_rate=0.00 collisions/ep=0.00 (n=8)
update=342 global_step=700416 SPS=436 w_ev=0.635 m_ev=0.059 m_v_bias=11.7 m_adv_std=27.1046 m_kl_max=0.0218 m_ratio_max=0.620 return=-198.6 length=200 success_rate=0.00 collisions/ep=0.44 (n=9)
update=343 global_step=702464 SPS=437 w_ev=0.925 m_ev=0.234 m_v_bias=-1.2 m_adv_std=13.3737 m_kl_max=0.0288 m_ratio_max=1.017 return=-207.3 length=200 success_rate=0.00 collisions/ep=0.60 (n=15)
update=344 global_step=704512 SPS=437 w_ev=0.799 m_ev=0.154 m_v_bias=4.0 m_adv_std=24.5639 m_kl_max=0.0429 m_ratio_max=1.113 return=-202.8 length=200 success_rate=0.00 collisions/ep=0.62 (n=8)
update=345 global_step=706560 SPS=438 w_ev=0.890 m_ev=0.791 m_v_bias=-4.3 m_adv_std=3.2248 m_kl_max=0.0244 m_ratio_max=0.771 return=-179.9 length=200 success_rate=0.00 collisions/ep=0.00 (n=9)
Evaluation at update 345: return=-177.19, length=200.00, success_rate=0.00, collisions/ep=0.00
Solved-check at update 345: solved=False worst_gap=1196.84 at p_x0=2.00 p_y0=0.00 (consecutive=0)
update=346 global_step=708608 SPS=436 w_ev=0.956 m_ev=0.924 m_v_bias=-3.4 m_adv_std=1.9552 m_kl_max=0.0408 m_ratio_max=1.330 return=-176.4 length=200 success_rate=0.00 collisions/ep=0.00 (n=8)
update=347 global_step=710656 SPS=436 w_ev=0.928 m_ev=0.358 m_v_bias=0.7 m_adv_std=12.2072 m_kl_max=0.0229 m_ratio_max=0.860 return=-180.3 length=200 success_rate=0.00 collisions/ep=0.13 (n=15)
update=348 global_step=712704 SPS=437 w_ev=0.933 m_ev=0.882 m_v_bias=-2.0 m_adv_std=2.1613 m_kl_max=0.0166 m_ratio_max=0.561 return=-175.0 length=200 success_rate=0.00 collisions/ep=0.00 (n=8)
update=349 global_step=714752 SPS=438 w_ev=0.741 m_ev=0.101 m_v_bias=1.7 m_adv_std=21.9166 m_kl_max=0.0401 m_ratio_max=1.956 return=-197.2 length=200 success_rate=0.00 collisions/ep=0.44 (n=9)
update=350 global_step=716800 SPS=439 w_ev=0.937 m_ev=0.850 m_v_bias=-1.8 m_adv_std=2.2687 m_kl_max=0.0221 m_ratio_max=0.817 return=-176.1 length=200 success_rate=0.00 collisions/ep=0.00 (n=15)
Evaluation at update 350: return=-177.37, length=200.00, success_rate=0.00, collisions/ep=0.00
Solved-check at update 350: solved=False worst_gap=1196.98 at p_x0=2.00 p_y0=0.00 (consecutive=0)
update=351 global_step=718848 SPS=436 w_ev=0.980 m_ev=0.988 m_v_bias=-1.2 m_adv_std=0.9188 m_kl_max=0.0160 m_ratio_max=0.574 return=-172.7 length=200 success_rate=0.00 collisions/ep=0.00 (n=8)
update=352 global_step=720896 SPS=436 w_ev=0.967 m_ev=0.989 m_v_bias=-0.8 m_adv_std=0.6404 m_kl_max=0.0205 m_ratio_max=0.830 return=-171.3 length=200 success_rate=0.00 collisions/ep=0.00 (n=9)
update=353 global_step=722944 SPS=437 w_ev=0.972 m_ev=0.990 m_v_bias=-0.6 m_adv_std=0.6346 m_kl_max=0.0402 m_ratio_max=1.055 return=-175.7 length=200 success_rate=0.00 collisions/ep=0.00 (n=8)
update=354 global_step=724992 SPS=438 w_ev=0.819 m_ev=0.111 m_v_bias=6.8 m_adv_std=23.5936 m_kl_max=0.0264 m_ratio_max=0.637 return=-193.2 length=200 success_rate=0.00 collisions/ep=0.40 (n=15)
update=355 global_step=727040 SPS=439 w_ev=0.929 m_ev=0.839 m_v_bias=-2.5 m_adv_std=2.6584 m_kl_max=0.0151 m_ratio_max=0.740 return=-176.0 length=200 success_rate=0.00 collisions/ep=0.00 (n=8)
Evaluation at update 355: return=-176.44, length=200.00, success_rate=0.00, collisions/ep=0.00
Solved-check at update 355: solved=False worst_gap=1195.88 at p_x0=2.00 p_y0=0.00 (consecutive=0)
update=356 global_step=729088 SPS=436 w_ev=0.739 m_ev=0.056 m_v_bias=12.2 m_adv_std=34.4651 m_kl_max=0.0303 m_ratio_max=1.084 return=-180.3 length=200 success_rate=0.00 collisions/ep=0.11 (n=9)
update=357 global_step=731136 SPS=437 w_ev=0.906 m_ev=0.325 m_v_bias=-3.3 m_adv_std=8.5082 m_kl_max=0.0461 m_ratio_max=1.696 return=-221.3 length=200 success_rate=0.00 collisions/ep=1.00 (n=9)
update=358 global_step=733184 SPS=438 w_ev=0.973 m_ev=0.829 m_v_bias=-4.2 m_adv_std=3.5172 m_kl_max=0.0153 m_ratio_max=0.712 return=-180.7 length=200 success_rate=0.00 collisions/ep=0.14 (n=14)
update=359 global_step=735232 SPS=438 w_ev=0.940 m_ev=0.508 m_v_bias=-1.1 m_adv_std=6.3392 m_kl_max=0.0159 m_ratio_max=0.697 return=-177.9 length=200 success_rate=0.00 collisions/ep=0.11 (n=9)
update=360 global_step=737280 SPS=439 w_ev=0.827 m_ev=0.168 m_v_bias=1.5 m_adv_std=17.9209 m_kl_max=0.0249 m_ratio_max=0.835 return=-199.9 length=200 success_rate=0.00 collisions/ep=0.50 (n=8)
Evaluation at update 360: return=-177.39, length=200.00, success_rate=0.00, collisions/ep=0.00
Solved-check at update 360: solved=False worst_gap=1197.28 at p_x0=2.00 p_y0=0.00 (consecutive=0)
update=361 global_step=739328 SPS=436 w_ev=0.963 m_ev=0.760 m_v_bias=-2.0 m_adv_std=3.7643 m_kl_max=0.0128 m_ratio_max=0.667 return=-175.9 length=200 success_rate=0.00 collisions/ep=0.00 (n=15)
update=362 global_step=741376 SPS=437 w_ev=0.941 m_ev=0.969 m_v_bias=-1.2 m_adv_std=1.0457 m_kl_max=0.0172 m_ratio_max=0.732 return=-179.1 length=200 success_rate=0.00 collisions/ep=0.00 (n=8)
update=363 global_step=743424 SPS=438 w_ev=0.955 m_ev=0.981 m_v_bias=-0.9 m_adv_std=0.7956 m_kl_max=0.0259 m_ratio_max=0.870 return=-177.6 length=200 success_rate=0.00 collisions/ep=0.00 (n=9)
update=364 global_step=745472 SPS=438 w_ev=0.964 m_ev=0.985 m_v_bias=-0.6 m_adv_std=0.6602 m_kl_max=0.0224 m_ratio_max=0.783 return=-177.7 length=200 success_rate=0.00 collisions/ep=0.00 (n=8)
update=365 global_step=747520 SPS=439 w_ev=0.974 m_ev=0.994 m_v_bias=-0.3 m_adv_std=0.5701 m_kl_max=0.0328 m_ratio_max=0.644 return=-176.0 length=200 success_rate=0.00 collisions/ep=0.00 (n=15)
Evaluation at update 365: return=-176.99, length=200.00, success_rate=0.00, collisions/ep=0.00
Solved-check at update 365: solved=False worst_gap=1196.55 at p_x0=2.00 p_y0=0.50 (consecutive=0)
update=366 global_step=749568 SPS=436 w_ev=0.862 m_ev=0.106 m_v_bias=5.9 m_adv_std=17.4805 m_kl_max=0.0969 m_ratio_max=1.275 return=-193.4 length=200 success_rate=0.00 collisions/ep=0.38 (n=8)
update=367 global_step=751616 SPS=437 w_ev=0.955 m_ev=0.843 m_v_bias=-1.8 m_adv_std=2.5324 m_kl_max=0.0127 m_ratio_max=0.795 return=-189.7 length=200 success_rate=0.00 collisions/ep=0.33 (n=9)
update=368 global_step=753664 SPS=438 w_ev=0.980 m_ev=0.978 m_v_bias=-1.5 m_adv_std=1.0747 m_kl_max=0.0141 m_ratio_max=0.567 return=-172.6 length=200 success_rate=0.00 collisions/ep=0.00 (n=15)
update=369 global_step=755712 SPS=438 w_ev=0.963 m_ev=0.989 m_v_bias=-0.7 m_adv_std=0.7002 m_kl_max=0.0282 m_ratio_max=1.388 return=-174.0 length=200 success_rate=0.00 collisions/ep=0.00 (n=8)
update=370 global_step=757760 SPS=439 w_ev=0.974 m_ev=0.994 m_v_bias=-0.5 m_adv_std=0.4516 m_kl_max=0.0265 m_ratio_max=0.711 return=-181.5 length=200 success_rate=0.00 collisions/ep=0.00 (n=9)
Evaluation at update 370: return=-175.52, length=200.00, success_rate=0.00, collisions/ep=0.00
Solved-check at update 370: solved=False worst_gap=1196.19 at p_x0=2.00 p_y0=0.50 (consecutive=0)
update=371 global_step=759808 SPS=436 w_ev=0.945 m_ev=0.438 m_v_bias=1.2 m_adv_std=7.7106 m_kl_max=0.0327 m_ratio_max=0.766 return=-180.8 length=200 success_rate=0.00 collisions/ep=0.12 (n=8)
update=372 global_step=761856 SPS=437 w_ev=0.874 m_ev=0.158 m_v_bias=2.0 m_adv_std=17.5208 m_kl_max=0.0306 m_ratio_max=0.879 return=-188.8 length=200 success_rate=0.00 collisions/ep=0.27 (n=15)
update=373 global_step=763904 SPS=438 w_ev=0.897 m_ev=0.906 m_v_bias=-1.4 m_adv_std=1.7467 m_kl_max=0.0530 m_ratio_max=1.294 return=-175.5 length=200 success_rate=0.00 collisions/ep=0.00 (n=8)
update=374 global_step=765952 SPS=439 w_ev=0.962 m_ev=0.804 m_v_bias=-0.9 m_adv_std=3.2752 m_kl_max=0.0148 m_ratio_max=0.717 return=-181.9 length=200 success_rate=0.00 collisions/ep=0.11 (n=9)
update=375 global_step=768000 SPS=439 w_ev=0.900 m_ev=0.245 m_v_bias=2.0 m_adv_std=11.9370 m_kl_max=0.0198 m_ratio_max=0.686 return=-182.2 length=200 success_rate=0.00 collisions/ep=0.13 (n=15)
Evaluation at update 375: return=-176.10, length=200.00, success_rate=0.00, collisions/ep=0.00
Solved-check at update 375: solved=False worst_gap=1196.44 at p_x0=2.00 p_y0=0.50 (consecutive=0)
update=376 global_step=770048 SPS=436 w_ev=0.968 m_ev=0.958 m_v_bias=-0.9 m_adv_std=1.5672 m_kl_max=0.0443 m_ratio_max=1.294 return=-173.5 length=200 success_rate=0.00 collisions/ep=0.00 (n=8)
update=377 global_step=772096 SPS=437 w_ev=0.954 m_ev=0.510 m_v_bias=0.5 m_adv_std=6.5605 m_kl_max=0.0208 m_ratio_max=0.690 return=-176.4 length=200 success_rate=0.00 collisions/ep=0.00 (n=9)
update=378 global_step=774144 SPS=438 w_ev=0.964 m_ev=0.974 m_v_bias=-1.0 m_adv_std=1.0214 m_kl_max=0.0111 m_ratio_max=0.538 return=-178.4 length=200 success_rate=0.00 collisions/ep=0.12 (n=8)
update=379 global_step=776192 SPS=439 w_ev=0.976 m_ev=0.991 m_v_bias=-0.7 m_adv_std=0.6248 m_kl_max=0.0354 m_ratio_max=1.008 return=-176.1 length=200 success_rate=0.00 collisions/ep=0.00 (n=15)
update=380 global_step=778240 SPS=439 w_ev=0.702 m_ev=0.060 m_v_bias=9.8 m_adv_std=35.9005 m_kl_max=0.0363 m_ratio_max=0.837 return=-230.1 length=200 success_rate=0.00 collisions/ep=1.12 (n=8)
Evaluation at update 380: return=-175.47, length=200.00, success_rate=0.00, collisions/ep=0.00
Solved-check at update 380: solved=False worst_gap=1193.94 at p_x0=2.00 p_y0=0.50 (consecutive=0)
update=381 global_step=780288 SPS=437 w_ev=0.921 m_ev=0.233 m_v_bias=-3.0 m_adv_std=5.2605 m_kl_max=0.0191 m_ratio_max=0.618 return=-179.2 length=200 success_rate=0.00 collisions/ep=0.11 (n=9)
update=382 global_step=782336 SPS=437 w_ev=0.884 m_ev=0.168 m_v_bias=1.7 m_adv_std=13.6615 m_kl_max=0.0339 m_ratio_max=1.217 return=-185.7 length=200 success_rate=0.00 collisions/ep=0.22 (n=9)
update=383 global_step=784384 SPS=438 w_ev=0.979 m_ev=0.925 m_v_bias=-2.6 m_adv_std=2.0198 m_kl_max=0.0185 m_ratio_max=0.681 return=-186.7 length=200 success_rate=0.00 collisions/ep=0.21 (n=14)
update=384 global_step=786432 SPS=439 w_ev=0.861 m_ev=0.088 m_v_bias=1.8 m_adv_std=16.5696 m_kl_max=0.0108 m_ratio_max=0.483 return=-182.6 length=200 success_rate=0.00 collisions/ep=0.11 (n=9)
update=385 global_step=788480 SPS=439 w_ev=0.927 m_ev=0.780 m_v_bias=-2.3 m_adv_std=2.5845 m_kl_max=0.0192 m_ratio_max=0.613 return=-191.4 length=200 success_rate=0.00 collisions/ep=0.38 (n=8)
Evaluation at update 385: return=-175.89, length=200.00, success_rate=0.00, collisions/ep=0.00
Solved-check at update 385: solved=False worst_gap=1194.39 at p_x0=2.00 p_y0=0.50 (consecutive=0)
update=386 global_step=790528 SPS=437 w_ev=0.966 m_ev=0.542 m_v_bias=0.1 m_adv_std=6.7703 m_kl_max=0.0345 m_ratio_max=1.591 return=-179.3 length=200 success_rate=0.00 collisions/ep=0.07 (n=15)
update=387 global_step=792576 SPS=437 w_ev=0.384 m_ev=0.021 m_v_bias=11.0 m_adv_std=64.5392 m_kl_max=0.0229 m_ratio_max=0.606 return=-243.9 length=200 success_rate=0.00 collisions/ep=1.38 (n=8)
update=388 global_step=794624 SPS=438 w_ev=0.906 m_ev=0.138 m_v_bias=-1.9 m_adv_std=10.6493 m_kl_max=0.0211 m_ratio_max=0.733 return=-179.8 length=200 success_rate=0.00 collisions/ep=0.11 (n=9)
update=389 global_step=796672 SPS=439 w_ev=0.937 m_ev=0.578 m_v_bias=-4.0 m_adv_std=6.2071 m_kl_max=0.0333 m_ratio_max=1.005 return=-192.6 length=200 success_rate=0.00 collisions/ep=0.25 (n=8)
update=390 global_step=798720 SPS=440 w_ev=0.957 m_ev=0.427 m_v_bias=-0.0 m_adv_std=8.0731 m_kl_max=0.0220 m_ratio_max=1.100 return=-179.2 length=200 success_rate=0.00 collisions/ep=0.13 (n=15)
Evaluation at update 390: return=-176.21, length=200.00, success_rate=0.00, collisions/ep=0.00
Solved-check at update 390: solved=False worst_gap=1194.66 at p_x0=2.00 p_y0=0.50 (consecutive=0)
update=391 global_step=800768 SPS=437 w_ev=0.951 m_ev=0.910 m_v_bias=-2.4 m_adv_std=1.7615 m_kl_max=0.0355 m_ratio_max=1.091 return=-175.0 length=200 success_rate=0.00 collisions/ep=0.00 (n=8)
update=392 global_step=802816 SPS=438 w_ev=0.915 m_ev=0.966 m_v_bias=-1.5 m_adv_std=1.0377 m_kl_max=0.0296 m_ratio_max=1.317 return=-176.6 length=200 success_rate=0.00 collisions/ep=0.00 (n=9)
update=393 global_step=804864 SPS=438 w_ev=0.968 m_ev=0.987 m_v_bias=-0.7 m_adv_std=0.7215 m_kl_max=0.0179 m_ratio_max=0.497 return=-176.5 length=200 success_rate=0.00 collisions/ep=0.00 (n=15)
update=394 global_step=806912 SPS=439 w_ev=0.963 m_ev=0.995 m_v_bias=-0.5 m_adv_std=0.5166 m_kl_max=0.0554 m_ratio_max=1.663 return=-172.5 length=200 success_rate=0.00 collisions/ep=0.00 (n=8)
update=395 global_step=808960 SPS=440 w_ev=0.965 m_ev=0.995 m_v_bias=-0.3 m_adv_std=0.4311 m_kl_max=0.0181 m_ratio_max=0.597 return=-176.0 length=200 success_rate=0.00 collisions/ep=0.00 (n=9)
Evaluation at update 395: return=-175.47, length=200.00, success_rate=0.00, collisions/ep=0.00
Solved-check at update 395: solved=False worst_gap=1193.89 at p_x0=2.00 p_y0=0.50 (consecutive=0)
update=396 global_step=811008 SPS=437 w_ev=0.560 m_ev=0.016 m_v_bias=13.4 m_adv_std=37.8634 m_kl_max=0.0281 m_ratio_max=0.852 return=-211.6 length=200 success_rate=0.00 collisions/ep=0.75 (n=8)
update=397 global_step=813056 SPS=438 w_ev=0.860 m_ev=0.114 m_v_bias=5.7 m_adv_std=28.4485 m_kl_max=0.0260 m_ratio_max=0.806 return=-224.1 length=200 success_rate=0.00 collisions/ep=1.00 (n=15)
update=398 global_step=815104 SPS=439 w_ev=0.856 m_ev=0.299 m_v_bias=-2.6 m_adv_std=10.6106 m_kl_max=0.0164 m_ratio_max=0.879 return=-191.6 length=200 success_rate=0.00 collisions/ep=0.25 (n=8)
update=399 global_step=817152 SPS=439 w_ev=0.932 m_ev=0.848 m_v_bias=-5.8 m_adv_std=2.5674 m_kl_max=0.0149 m_ratio_max=0.701 return=-180.7 length=200 success_rate=0.00 collisions/ep=0.11 (n=9)
update=400 global_step=819200 SPS=440 w_ev=0.943 m_ev=0.475 m_v_bias=-2.3 m_adv_std=6.4605 m_kl_max=0.0260 m_ratio_max=0.688 return=-181.1 length=200 success_rate=0.00 collisions/ep=0.07 (n=15)
Evaluation at update 400: return=-176.39, length=200.00, success_rate=0.00, collisions/ep=0.00
Solved-check at update 400: solved=False worst_gap=1194.85 at p_x0=2.00 p_y0=0.50 (consecutive=0)
update=401 global_step=821248 SPS=438 w_ev=0.952 m_ev=0.947 m_v_bias=-2.4 m_adv_std=1.6164 m_kl_max=0.0128 m_ratio_max=0.527 return=-175.7 length=200 success_rate=0.00 collisions/ep=0.00 (n=8)
update=402 global_step=823296 SPS=438 w_ev=0.935 m_ev=0.354 m_v_bias=1.1 m_adv_std=8.7110 m_kl_max=0.0210 m_ratio_max=0.638 return=-183.5 length=200 success_rate=0.00 collisions/ep=0.11 (n=9)
update=403 global_step=825344 SPS=439 w_ev=0.939 m_ev=0.944 m_v_bias=-1.4 m_adv_std=1.5097 m_kl_max=0.0134 m_ratio_max=0.524 return=-182.1 length=200 success_rate=0.00 collisions/ep=0.12 (n=8)
update=404 global_step=827392 SPS=440 w_ev=0.961 m_ev=0.581 m_v_bias=0.2 m_adv_std=6.5178 m_kl_max=0.0222 m_ratio_max=0.639 return=-179.8 length=200 success_rate=0.00 collisions/ep=0.07 (n=15)
update=405 global_step=829440 SPS=440 w_ev=0.943 m_ev=0.966 m_v_bias=-1.5 m_adv_std=1.0613 m_kl_max=0.0261 m_ratio_max=1.602 return=-175.0 length=200 success_rate=0.00 collisions/ep=0.00 (n=8)
Evaluation at update 405: return=-176.16, length=200.00, success_rate=0.00, collisions/ep=0.00
Solved-check at update 405: solved=False worst_gap=1194.67 at p_x0=2.00 p_y0=0.50 (consecutive=0)
update=406 global_step=831488 SPS=438 w_ev=0.950 m_ev=0.574 m_v_bias=0.0 m_adv_std=5.8752 m_kl_max=0.0276 m_ratio_max=0.846 return=-182.2 length=200 success_rate=0.00 collisions/ep=0.11 (n=9)
update=407 global_step=833536 SPS=438 w_ev=0.946 m_ev=0.970 m_v_bias=-1.0 m_adv_std=0.9082 m_kl_max=0.0219 m_ratio_max=0.700 return=-174.7 length=200 success_rate=0.00 collisions/ep=0.00 (n=9)
update=408 global_step=835584 SPS=439 w_ev=0.979 m_ev=0.993 m_v_bias=-0.8 m_adv_std=0.6343 m_kl_max=0.0349 m_ratio_max=0.728 return=-176.9 length=200 success_rate=0.00 collisions/ep=0.00 (n=14)
update=409 global_step=837632 SPS=440 w_ev=0.884 m_ev=0.231 m_v_bias=2.5 m_adv_std=12.9535 m_kl_max=0.0235 m_ratio_max=0.971 return=-186.8 length=200 success_rate=0.00 collisions/ep=0.22 (n=9)
update=410 global_step=839680 SPS=441 w_ev=0.940 m_ev=0.925 m_v_bias=-1.0 m_adv_std=1.6923 m_kl_max=0.0389 m_ratio_max=2.217 return=-176.1 length=200 success_rate=0.00 collisions/ep=0.00 (n=8)
Evaluation at update 410: return=-176.48, length=200.00, success_rate=0.00, collisions/ep=0.00
Solved-check at update 410: solved=False worst_gap=1194.63 at p_x0=2.00 p_y0=0.50 (consecutive=0)
update=411 global_step=841728 SPS=438 w_ev=0.957 m_ev=0.987 m_v_bias=-1.0 m_adv_std=0.7382 m_kl_max=0.0168 m_ratio_max=0.755 return=-176.7 length=200 success_rate=0.00 collisions/ep=0.00 (n=15)
update=412 global_step=843776 SPS=438 w_ev=0.934 m_ev=0.990 m_v_bias=-0.7 m_adv_std=0.5543 m_kl_max=0.0165 m_ratio_max=0.736 return=-176.2 length=200 success_rate=0.00 collisions/ep=0.00 (n=8)
update=413 global_step=845824 SPS=439 w_ev=0.960 m_ev=0.993 m_v_bias=-0.5 m_adv_std=0.5958 m_kl_max=0.0431 m_ratio_max=1.199 return=-176.9 length=200 success_rate=0.00 collisions/ep=0.00 (n=9)
update=414 global_step=847872 SPS=440 w_ev=0.911 m_ev=0.345 m_v_bias=1.8 m_adv_std=8.4157 m_kl_max=0.0188 m_ratio_max=1.219 return=-178.8 length=200 success_rate=0.00 collisions/ep=0.12 (n=8)
update=415 global_step=849920 SPS=441 w_ev=0.967 m_ev=0.820 m_v_bias=-0.5 m_adv_std=3.3217 m_kl_max=0.0082 m_ratio_max=0.475 return=-183.9 length=200 success_rate=0.00 collisions/ep=0.13 (n=15)
Evaluation at update 415: return=-176.50, length=200.00, success_rate=0.00, collisions/ep=0.00
Solved-check at update 415: solved=False worst_gap=1194.43 at p_x0=2.00 p_y0=0.50 (consecutive=0)
update=416 global_step=851968 SPS=438 w_ev=0.945 m_ev=0.620 m_v_bias=-0.1 m_adv_std=5.2189 m_kl_max=0.0337 m_ratio_max=0.850 return=-183.4 length=200 success_rate=0.00 collisions/ep=0.12 (n=8)
update=417 global_step=854016 SPS=439 w_ev=0.909 m_ev=0.097 m_v_bias=1.1 m_adv_std=10.9030 m_kl_max=0.0205 m_ratio_max=1.096 return=-173.6 length=200 success_rate=0.00 collisions/ep=0.00 (n=9)
update=418 global_step=856064 SPS=440 w_ev=0.934 m_ev=0.303 m_v_bias=1.8 m_adv_std=9.0562 m_kl_max=0.0223 m_ratio_max=0.612 return=-188.1 length=200 success_rate=0.00 collisions/ep=0.27 (n=15)
update=419 global_step=858112 SPS=440 w_ev=0.951 m_ev=0.905 m_v_bias=-1.4 m_adv_std=1.9388 m_kl_max=0.0209 m_ratio_max=0.754 return=-180.9 length=200 success_rate=0.00 collisions/ep=0.00 (n=8)
update=420 global_step=860160 SPS=441 w_ev=0.891 m_ev=0.320 m_v_bias=2.0 m_adv_std=9.8608 m_kl_max=0.0281 m_ratio_max=1.268 return=-193.3 length=200 success_rate=0.00 collisions/ep=0.33 (n=9)
Evaluation at update 420: return=-176.68, length=200.00, success_rate=0.00, collisions/ep=0.00
Solved-check at update 420: solved=False worst_gap=1194.60 at p_x0=2.00 p_y0=0.50 (consecutive=0)
update=421 global_step=862208 SPS=438 w_ev=0.904 m_ev=0.236 m_v_bias=0.2 m_adv_std=11.7930 m_kl_max=0.0231 m_ratio_max=0.881 return=-191.7 length=200 success_rate=0.00 collisions/ep=0.25 (n=8)
update=422 global_step=864256 SPS=439 w_ev=0.942 m_ev=0.609 m_v_bias=-0.6 m_adv_std=6.1395 m_kl_max=0.0266 m_ratio_max=0.808 return=-179.5 length=200 success_rate=0.00 collisions/ep=0.07 (n=15)
update=423 global_step=866304 SPS=440 w_ev=0.959 m_ev=0.927 m_v_bias=-1.9 m_adv_std=1.6235 m_kl_max=0.0366 m_ratio_max=0.709 return=-177.7 length=200 success_rate=0.00 collisions/ep=0.00 (n=8)
update=424 global_step=868352 SPS=440 w_ev=0.947 m_ev=0.434 m_v_bias=1.2 m_adv_std=8.3889 m_kl_max=0.0248 m_ratio_max=1.045 return=-185.7 length=200 success_rate=0.00 collisions/ep=0.22 (n=9)
update=425 global_step=870400 SPS=441 w_ev=0.948 m_ev=0.841 m_v_bias=-1.2 m_adv_std=2.2185 m_kl_max=0.0168 m_ratio_max=0.936 return=-176.2 length=200 success_rate=0.00 collisions/ep=0.00 (n=15)
Evaluation at update 425: return=-176.86, length=200.00, success_rate=0.00, collisions/ep=0.00
Solved-check at update 425: solved=False worst_gap=1194.63 at p_x0=2.00 p_y0=0.50 (consecutive=0)
update=426 global_step=872448 SPS=439 w_ev=0.967 m_ev=0.984 m_v_bias=-1.0 m_adv_std=0.9124 m_kl_max=0.0229 m_ratio_max=1.164 return=-179.2 length=200 success_rate=0.00 collisions/ep=0.00 (n=8)
update=427 global_step=874496 SPS=439 w_ev=0.951 m_ev=0.987 m_v_bias=-0.6 m_adv_std=0.6451 m_kl_max=0.0203 m_ratio_max=0.903 return=-174.3 length=200 success_rate=0.00 collisions/ep=0.00 (n=9)
update=428 global_step=876544 SPS=440 w_ev=0.967 m_ev=0.993 m_v_bias=-0.5 m_adv_std=0.4890 m_kl_max=0.0497 m_ratio_max=2.089 return=-176.0 length=200 success_rate=0.00 collisions/ep=0.00 (n=8)
update=429 global_step=878592 SPS=441 w_ev=0.934 m_ev=0.299 m_v_bias=3.0 m_adv_std=12.9338 m_kl_max=0.0147 m_ratio_max=1.105 return=-186.4 length=200 success_rate=0.00 collisions/ep=0.20 (n=15)
update=430 global_step=880640 SPS=441 w_ev=0.897 m_ev=0.069 m_v_bias=3.7 m_adv_std=14.6885 m_kl_max=0.0184 m_ratio_max=0.623 return=-179.6 length=200 success_rate=0.00 collisions/ep=0.12 (n=8)
Evaluation at update 430: return=-176.46, length=200.00, success_rate=0.00, collisions/ep=0.00
Solved-check at update 430: solved=False worst_gap=1194.37 at p_x0=2.00 p_y0=0.50 (consecutive=0)
update=431 global_step=882688 SPS=439 w_ev=0.908 m_ev=0.420 m_v_bias=-2.2 m_adv_std=7.0884 m_kl_max=0.0159 m_ratio_max=0.634 return=-202.8 length=200 success_rate=0.00 collisions/ep=0.56 (n=9)
update=432 global_step=884736 SPS=439 w_ev=0.946 m_ev=0.555 m_v_bias=-1.1 m_adv_std=5.9108 m_kl_max=0.0192 m_ratio_max=0.843 return=-176.0 length=200 success_rate=0.00 collisions/ep=0.00 (n=9)
update=433 global_step=886784 SPS=440 w_ev=0.972 m_ev=0.968 m_v_bias=-1.9 m_adv_std=1.4582 m_kl_max=0.0129 m_ratio_max=0.539 return=-177.0 length=200 success_rate=0.00 collisions/ep=0.07 (n=14)
update=434 global_step=888832 SPS=441 w_ev=0.931 m_ev=0.625 m_v_bias=-0.3 m_adv_std=5.1447 m_kl_max=0.0518 m_ratio_max=2.106 return=-177.6 length=200 success_rate=0.00 collisions/ep=0.11 (n=9)
update=435 global_step=890880 SPS=441 w_ev=0.958 m_ev=0.980 m_v_bias=-0.5 m_adv_std=0.9383 m_kl_max=0.0189 m_ratio_max=0.578 return=-172.9 length=200 success_rate=0.00 collisions/ep=0.00 (n=8)
Evaluation at update 435: return=-176.89, length=200.00, success_rate=0.00, collisions/ep=0.00
Solved-check at update 435: solved=False worst_gap=1194.74 at p_x0=2.00 p_y0=0.50 (consecutive=0)
update=436 global_step=892928 SPS=439 w_ev=0.962 m_ev=0.991 m_v_bias=-0.4 m_adv_std=0.5947 m_kl_max=0.0331 m_ratio_max=1.441 return=-174.1 length=200 success_rate=0.00 collisions/ep=0.00 (n=15)
update=437 global_step=894976 SPS=440 w_ev=0.777 m_ev=0.084 m_v_bias=5.1 m_adv_std=20.5894 m_kl_max=0.0505 m_ratio_max=1.391 return=-199.6 length=200 success_rate=0.00 collisions/ep=0.38 (n=8)
update=438 global_step=897024 SPS=440 w_ev=0.921 m_ev=0.945 m_v_bias=-1.6 m_adv_std=1.3516 m_kl_max=0.0116 m_ratio_max=0.500 return=-188.4 length=200 success_rate=0.00 collisions/ep=0.22 (n=9)
update=439 global_step=899072 SPS=441 w_ev=0.937 m_ev=0.536 m_v_bias=-0.3 m_adv_std=5.9565 m_kl_max=0.0295 m_ratio_max=2.031 return=-182.0 length=200 success_rate=0.00 collisions/ep=0.12 (n=8)
update=440 global_step=901120 SPS=442 w_ev=0.959 m_ev=0.618 m_v_bias=0.6 m_adv_std=6.4994 m_kl_max=0.0256 m_ratio_max=0.997 return=-180.4 length=200 success_rate=0.00 collisions/ep=0.07 (n=15)
Evaluation at update 440: return=-176.96, length=200.00, success_rate=0.00, collisions/ep=0.00
Solved-check at update 440: solved=False worst_gap=1194.95 at p_x0=2.00 p_y0=0.50 (consecutive=0)
update=441 global_step=903168 SPS=439 w_ev=0.970 m_ev=0.980 m_v_bias=-1.3 m_adv_std=0.9523 m_kl_max=0.0219 m_ratio_max=0.555 return=-174.1 length=200 success_rate=0.00 collisions/ep=0.00 (n=8)
update=442 global_step=905216 SPS=440 w_ev=0.942 m_ev=0.985 m_v_bias=-0.9 m_adv_std=0.6807 m_kl_max=0.0289 m_ratio_max=0.855 return=-173.3 length=200 success_rate=0.00 collisions/ep=0.00 (n=9)
update=443 global_step=907264 SPS=441 w_ev=0.962 m_ev=0.991 m_v_bias=-0.7 m_adv_std=0.5325 m_kl_max=0.0438 m_ratio_max=1.116 return=-177.3 length=200 success_rate=0.00 collisions/ep=0.00 (n=15)
update=444 global_step=909312 SPS=441 w_ev=0.917 m_ev=0.292 m_v_bias=2.4 m_adv_std=13.0304 m_kl_max=0.0138 m_ratio_max=0.761 return=-191.6 length=200 success_rate=0.00 collisions/ep=0.38 (n=8)
update=445 global_step=911360 SPS=442 w_ev=0.945 m_ev=0.557 m_v_bias=-0.4 m_adv_std=5.6528 m_kl_max=0.0113 m_ratio_max=0.531 return=-180.9 length=200 success_rate=0.00 collisions/ep=0.11 (n=9)
Evaluation at update 445: return=-176.65, length=200.00, success_rate=0.00, collisions/ep=0.00
Solved-check at update 445: solved=False worst_gap=1195.67 at p_x0=2.00 p_y0=1.00 (consecutive=0)
update=446 global_step=913408 SPS=439 w_ev=0.937 m_ev=0.484 m_v_bias=-0.1 m_adv_std=5.7668 m_kl_max=0.0169 m_ratio_max=0.662 return=-174.4 length=200 success_rate=0.00 collisions/ep=0.00 (n=8)
update=447 global_step=915456 SPS=440 w_ev=0.977 m_ev=0.983 m_v_bias=-1.4 m_adv_std=0.9763 m_kl_max=0.0283 m_ratio_max=0.880 return=-177.8 length=200 success_rate=0.00 collisions/ep=0.07 (n=15)
update=448 global_step=917504 SPS=441 w_ev=0.892 m_ev=0.349 m_v_bias=2.2 m_adv_std=10.4666 m_kl_max=0.0262 m_ratio_max=0.868 return=-196.8 length=200 success_rate=0.00 collisions/ep=0.50 (n=8)
update=449 global_step=919552 SPS=441 w_ev=0.871 m_ev=0.208 m_v_bias=1.2 m_adv_std=14.1290 m_kl_max=0.0132 m_ratio_max=0.820 return=-195.0 length=200 success_rate=0.00 collisions/ep=0.44 (n=9)
update=450 global_step=921600 SPS=442 w_ev=0.805 m_ev=0.086 m_v_bias=2.7 m_adv_std=18.6772 m_kl_max=0.0149 m_ratio_max=1.061 return=-190.1 length=200 success_rate=0.00 collisions/ep=0.27 (n=15)
Evaluation at update 450: return=-177.00, length=200.00, success_rate=0.00, collisions/ep=0.00
Solved-check at update 450: solved=False worst_gap=1194.79 at p_x0=2.00 p_y0=0.50 (consecutive=0)
update=451 global_step=923648 SPS=440 w_ev=0.937 m_ev=0.932 m_v_bias=-2.9 m_adv_std=2.1330 m_kl_max=0.0180 m_ratio_max=0.739 return=-176.1 length=200 success_rate=0.00 collisions/ep=0.00 (n=8)
update=452 global_step=925696 SPS=440 w_ev=0.964 m_ev=0.947 m_v_bias=-1.9 m_adv_std=1.3411 m_kl_max=0.0342 m_ratio_max=1.394 return=-174.4 length=200 success_rate=0.00 collisions/ep=0.00 (n=9)
update=453 global_step=927744 SPS=441 w_ev=0.951 m_ev=0.458 m_v_bias=0.5 m_adv_std=7.0749 m_kl_max=0.0274 m_ratio_max=1.309 return=-183.2 length=200 success_rate=0.00 collisions/ep=0.12 (n=8)
update=454 global_step=929792 SPS=441 w_ev=0.970 m_ev=0.962 m_v_bias=-1.0 m_adv_std=1.4025 m_kl_max=0.0409 m_ratio_max=1.870 return=-175.8 length=200 success_rate=0.00 collisions/ep=0.07 (n=15)
update=455 global_step=931840 SPS=442 w_ev=0.956 m_ev=0.985 m_v_bias=-0.9 m_adv_std=0.7222 m_kl_max=0.0176 m_ratio_max=0.570 return=-180.3 length=200 success_rate=0.00 collisions/ep=0.00 (n=8)
Evaluation at update 455: return=-176.81, length=200.00, success_rate=0.00, collisions/ep=0.00
Solved-check at update 455: solved=False worst_gap=1194.65 at p_x0=2.00 p_y0=0.50 (consecutive=0)
update=456 global_step=933888 SPS=440 w_ev=0.930 m_ev=0.382 m_v_bias=1.2 m_adv_std=7.9403 m_kl_max=0.0395 m_ratio_max=0.663 return=-180.9 length=200 success_rate=0.00 collisions/ep=0.11 (n=9)
update=457 global_step=935936 SPS=440 w_ev=0.934 m_ev=0.966 m_v_bias=-1.1 m_adv_std=1.0069 m_kl_max=0.0237 m_ratio_max=0.728 return=-182.1 length=200 success_rate=0.00 collisions/ep=0.11 (n=9)
update=458 global_step=937984 SPS=441 w_ev=0.976 m_ev=0.989 m_v_bias=-0.8 m_adv_std=0.8368 m_kl_max=0.0182 m_ratio_max=0.653 return=-178.2 length=200 success_rate=0.00 collisions/ep=0.00 (n=14)
update=459 global_step=940032 SPS=441 w_ev=0.925 m_ev=0.409 m_v_bias=0.6 m_adv_std=6.3119 m_kl_max=0.0201 m_ratio_max=0.719 return=-172.2 length=200 success_rate=0.00 collisions/ep=0.00 (n=9)
update=460 global_step=942080 SPS=442 w_ev=0.953 m_ev=0.949 m_v_bias=-0.7 m_adv_std=1.2955 m_kl_max=0.0344 m_ratio_max=1.072 return=-181.8 length=200 success_rate=0.00 collisions/ep=0.12 (n=8)
Evaluation at update 460: return=-176.06, length=200.00, success_rate=0.00, collisions/ep=0.00
Solved-check at update 460: solved=False worst_gap=1194.49 at p_x0=2.00 p_y0=0.50 (consecutive=0)
update=461 global_step=944128 SPS=440 w_ev=0.924 m_ev=0.249 m_v_bias=1.5 m_adv_std=11.7123 m_kl_max=0.0178 m_ratio_max=0.520 return=-184.7 length=200 success_rate=0.00 collisions/ep=0.13 (n=15)
update=462 global_step=946176 SPS=440 w_ev=0.920 m_ev=0.356 m_v_bias=1.4 m_adv_std=8.4829 m_kl_max=0.0364 m_ratio_max=0.889 return=-180.0 length=200 success_rate=0.00 collisions/ep=0.12 (n=8)
update=463 global_step=948224 SPS=441 w_ev=0.814 m_ev=0.074 m_v_bias=3.5 m_adv_std=21.7349 m_kl_max=0.0568 m_ratio_max=1.914 return=-182.6 length=200 success_rate=0.00 collisions/ep=0.11 (n=9)
update=464 global_step=950272 SPS=442 w_ev=0.758 m_ev=0.118 m_v_bias=5.3 m_adv_std=29.9064 m_kl_max=0.0473 m_ratio_max=1.869 return=-237.4 length=200 success_rate=0.00 collisions/ep=1.25 (n=8)
update=465 global_step=952320 SPS=442 w_ev=0.863 m_ev=0.133 m_v_bias=1.4 m_adv_std=15.2289 m_kl_max=0.0419 m_ratio_max=3.397 return=-182.4 length=200 success_rate=0.00 collisions/ep=0.20 (n=15)
Evaluation at update 465: return=-176.38, length=200.00, success_rate=0.00, collisions/ep=0.00
Solved-check at update 465: solved=False worst_gap=1194.63 at p_x0=2.00 p_y0=0.50 (consecutive=0)
update=466 global_step=954368 SPS=440 w_ev=0.903 m_ev=0.349 m_v_bias=-1.4 m_adv_std=9.0011 m_kl_max=0.0178 m_ratio_max=0.793 return=-189.2 length=200 success_rate=0.00 collisions/ep=0.25 (n=8)
update=467 global_step=956416 SPS=440 w_ev=0.917 m_ev=0.936 m_v_bias=-3.5 m_adv_std=1.7789 m_kl_max=0.0425 m_ratio_max=1.090 return=-176.9 length=200 success_rate=0.00 collisions/ep=0.11 (n=9)
update=468 global_step=958464 SPS=441 w_ev=0.945 m_ev=0.507 m_v_bias=-1.5 m_adv_std=5.4593 m_kl_max=0.0321 m_ratio_max=1.088 return=-177.9 length=200 success_rate=0.00 collisions/ep=0.07 (n=15)
update=469 global_step=960512 SPS=442 w_ev=0.954 m_ev=0.597 m_v_bias=-0.2 m_adv_std=6.6641 m_kl_max=0.0120 m_ratio_max=0.486 return=-187.6 length=200 success_rate=0.00 collisions/ep=0.12 (n=8)
update=470 global_step=962560 SPS=442 w_ev=0.920 m_ev=0.421 m_v_bias=-0.3 m_adv_std=6.0815 m_kl_max=0.0392 m_ratio_max=0.708 return=-171.1 length=200 success_rate=0.00 collisions/ep=0.00 (n=9)
Evaluation at update 470: return=-176.53, length=200.00, success_rate=0.00, collisions/ep=0.00
Solved-check at update 470: solved=False worst_gap=1194.45 at p_x0=2.00 p_y0=0.50 (consecutive=0)
update=471 global_step=964608 SPS=440 w_ev=0.903 m_ev=0.304 m_v_bias=0.1 m_adv_std=10.6598 m_kl_max=0.0249 m_ratio_max=0.893 return=-197.0 length=200 success_rate=0.00 collisions/ep=0.38 (n=8)
update=472 global_step=966656 SPS=440 w_ev=0.956 m_ev=0.971 m_v_bias=-1.0 m_adv_std=1.2893 m_kl_max=0.0380 m_ratio_max=1.433 return=-174.2 length=200 success_rate=0.00 collisions/ep=0.00 (n=15)
update=473 global_step=968704 SPS=441 w_ev=0.869 m_ev=0.091 m_v_bias=2.5 m_adv_std=17.5560 m_kl_max=0.0284 m_ratio_max=0.890 return=-174.9 length=200 success_rate=0.00 collisions/ep=0.00 (n=8)
update=474 global_step=970752 SPS=441 w_ev=0.919 m_ev=0.280 m_v_bias=1.7 m_adv_std=11.0905 m_kl_max=0.0467 m_ratio_max=1.096 return=-206.2 length=200 success_rate=0.00 collisions/ep=0.67 (n=9)
update=475 global_step=972800 SPS=442 w_ev=0.945 m_ev=0.911 m_v_bias=-2.3 m_adv_std=1.9540 m_kl_max=0.0243 m_ratio_max=1.171 return=-179.3 length=200 success_rate=0.00 collisions/ep=0.07 (n=15)
Evaluation at update 475: return=-176.67, length=200.00, success_rate=0.00, collisions/ep=0.00
Solved-check at update 475: solved=False worst_gap=1194.53 at p_x0=2.00 p_y0=0.50 (consecutive=0)
update=476 global_step=974848 SPS=440 w_ev=0.786 m_ev=0.000 m_v_bias=3.8 m_adv_std=28.8263 m_kl_max=0.0230 m_ratio_max=1.225 return=-212.0 length=200 success_rate=0.00 collisions/ep=0.75 (n=8)
update=477 global_step=976896 SPS=440 w_ev=0.707 m_ev=0.221 m_v_bias=0.9 m_adv_std=10.0899 m_kl_max=0.0095 m_ratio_max=0.751 return=-193.3 length=200 success_rate=0.00 collisions/ep=0.33 (n=9)
update=478 global_step=978944 SPS=441 w_ev=0.834 m_ev=0.261 m_v_bias=1.0 m_adv_std=10.2357 m_kl_max=0.0369 m_ratio_max=1.430 return=-181.3 length=200 success_rate=0.00 collisions/ep=0.12 (n=8)
update=479 global_step=980992 SPS=442 w_ev=0.950 m_ev=0.533 m_v_bias=-1.5 m_adv_std=6.8655 m_kl_max=0.0298 m_ratio_max=0.652 return=-190.1 length=200 success_rate=0.00 collisions/ep=0.27 (n=15)
update=480 global_step=983040 SPS=442 w_ev=0.941 m_ev=0.631 m_v_bias=-1.5 m_adv_std=5.0839 m_kl_max=0.0296 m_ratio_max=0.837 return=-182.2 length=200 success_rate=0.00 collisions/ep=0.12 (n=8)
Evaluation at update 480: return=-176.71, length=200.00, success_rate=0.00, collisions/ep=0.00
Solved-check at update 480: solved=False worst_gap=1194.66 at p_x0=2.00 p_y0=0.50 (consecutive=0)
update=481 global_step=985088 SPS=440 w_ev=0.918 m_ev=0.245 m_v_bias=0.9 m_adv_std=11.7998 m_kl_max=0.0112 m_ratio_max=0.508 return=-172.1 length=200 success_rate=0.00 collisions/ep=0.00 (n=9)
update=482 global_step=987136 SPS=440 w_ev=0.900 m_ev=0.268 m_v_bias=-0.4 m_adv_std=11.4028 m_kl_max=0.0119 m_ratio_max=0.705 return=-199.8 length=200 success_rate=0.00 collisions/ep=0.44 (n=9)
update=483 global_step=989184 SPS=441 w_ev=0.959 m_ev=0.879 m_v_bias=-2.3 m_adv_std=2.4174 m_kl_max=0.0381 m_ratio_max=1.190 return=-174.5 length=200 success_rate=0.00 collisions/ep=0.00 (n=14)
update=484 global_step=991232 SPS=442 w_ev=0.943 m_ev=0.438 m_v_bias=-0.3 m_adv_std=5.8534 m_kl_max=0.0165 m_ratio_max=0.584 return=-172.6 length=200 success_rate=0.00 collisions/ep=0.00 (n=9)
update=485 global_step=993280 SPS=442 w_ev=0.927 m_ev=0.495 m_v_bias=-0.3 m_adv_std=6.0703 m_kl_max=0.0262 m_ratio_max=0.848 return=-181.4 length=200 success_rate=0.00 collisions/ep=0.12 (n=8)
Evaluation at update 485: return=-176.37, length=200.00, success_rate=0.00, collisions/ep=0.00
Solved-check at update 485: solved=False worst_gap=1194.46 at p_x0=2.00 p_y0=0.50 (consecutive=0)
update=486 global_step=995328 SPS=440 w_ev=0.944 m_ev=0.564 m_v_bias=0.5 m_adv_std=6.1797 m_kl_max=0.0373 m_ratio_max=2.018 return=-180.9 length=200 success_rate=0.00 collisions/ep=0.13 (n=15)
update=487 global_step=997376 SPS=441 w_ev=0.951 m_ev=0.936 m_v_bias=-0.8 m_adv_std=1.6001 m_kl_max=0.0227 m_ratio_max=0.739 return=-173.1 length=200 success_rate=0.00 collisions/ep=0.00 (n=8)
update=488 global_step=999424 SPS=441 w_ev=0.956 m_ev=0.982 m_v_bias=-0.3 m_adv_std=0.8354 m_kl_max=0.0263 m_ratio_max=1.236 return=-176.3 length=200 success_rate=0.00 collisions/ep=0.00 (n=9)
update=489 global_step=1001472 SPS=442 w_ev=0.422 m_ev=0.021 m_v_bias=20.3 m_adv_std=69.7029 m_kl_max=0.0117 m_ratio_max=0.462 return=-199.6 length=200 success_rate=0.00 collisions/ep=0.50 (n=8)
update=490 global_step=1003520 SPS=442 w_ev=0.788 m_ev=-0.113 m_v_bias=-3.3 m_adv_std=21.9942 m_kl_max=0.0336 m_ratio_max=0.815 return=-212.9 length=200 success_rate=0.00 collisions/ep=0.80 (n=15)
Evaluation at update 490: return=-176.65, length=200.00, success_rate=0.00, collisions/ep=0.00
Solved-check at update 490: solved=False worst_gap=1194.61 at p_x0=2.00 p_y0=0.50 (consecutive=0)
update=491 global_step=1005568 SPS=440 w_ev=0.863 m_ev=0.725 m_v_bias=-7.1 m_adv_std=3.5330 m_kl_max=0.0306 m_ratio_max=1.539 return=-192.5 length=200 success_rate=0.00 collisions/ep=0.38 (n=8)
update=492 global_step=1007616 SPS=441 w_ev=0.934 m_ev=0.876 m_v_bias=-4.1 m_adv_std=2.1666 m_kl_max=0.0195 m_ratio_max=0.948 return=-175.1 length=200 success_rate=0.00 collisions/ep=0.00 (n=9)
update=493 global_step=1009664 SPS=441 w_ev=0.719 m_ev=-0.011 m_v_bias=2.2 m_adv_std=23.6603 m_kl_max=0.0183 m_ratio_max=0.746 return=-198.8 length=200 success_rate=0.00 collisions/ep=0.40 (n=15)
update=494 global_step=1011712 SPS=442 w_ev=0.829 m_ev=0.569 m_v_bias=-4.6 m_adv_std=4.8140 m_kl_max=0.0239 m_ratio_max=1.082 return=-177.1 length=200 success_rate=0.00 collisions/ep=0.00 (n=8)
update=495 global_step=1013760 SPS=442 w_ev=0.700 m_ev=0.074 m_v_bias=6.3 m_adv_std=25.4171 m_kl_max=0.0373 m_ratio_max=0.893 return=-198.2 length=200 success_rate=0.00 collisions/ep=0.44 (n=9)
Evaluation at update 495: return=-176.69, length=200.00, success_rate=0.00, collisions/ep=0.00
Solved-check at update 495: solved=False worst_gap=1194.56 at p_x0=2.00 p_y0=0.50 (consecutive=0)
update=496 global_step=1015808 SPS=440 w_ev=0.919 m_ev=0.897 m_v_bias=-3.1 m_adv_std=2.0559 m_kl_max=0.0074 m_ratio_max=0.376 return=-186.9 length=200 success_rate=0.00 collisions/ep=0.25 (n=8)
update=497 global_step=1017856 SPS=441 w_ev=0.960 m_ev=0.952 m_v_bias=-2.0 m_adv_std=1.6343 m_kl_max=0.0164 m_ratio_max=0.686 return=-177.8 length=200 success_rate=0.00 collisions/ep=0.00 (n=15)
update=498 global_step=1019904 SPS=441 w_ev=0.952 m_ev=0.975 m_v_bias=-1.2 m_adv_std=0.9718 m_kl_max=0.0495 m_ratio_max=1.321 return=-172.5 length=200 success_rate=0.00 collisions/ep=0.00 (n=8)
update=499 global_step=1021952 SPS=442 w_ev=0.963 m_ev=0.991 m_v_bias=-0.7 m_adv_std=0.6004 m_kl_max=0.0352 m_ratio_max=1.050 return=-175.6 length=200 success_rate=0.00 collisions/ep=0.00 (n=9)
update=500 global_step=1024000 SPS=442 w_ev=0.922 m_ev=0.376 m_v_bias=2.1 m_adv_std=8.3780 m_kl_max=0.0125 m_ratio_max=0.464 return=-180.4 length=200 success_rate=0.00 collisions/ep=0.13 (n=15)
Evaluation at update 500: return=-176.14, length=200.00, success_rate=0.00, collisions/ep=0.00
Solved-check at update 500: solved=False worst_gap=1194.15 at p_x0=2.00 p_y0=0.50 (consecutive=0)
Saved checkpoints to C:\Users\loren\Desktop\MASTER THESIS\5_CODE\scenarios\slalom\studies\hppo\runs\hppo_slalom_9_1791107801
