Using device: cpu
Solved-check: precomputed optimal returns for 25 fixed initial conditions (mean=1011.8, min=1007.0, max=1014.0); solved-tolerance=5.0
num_envs=8 num_steps_per_env=256 worker_batch_size=2048 worker_minibatch_size=256 num_updates=500 timesteps=1024000
update=1 global_step=2048 SPS=1209 w_ev=-0.024 m_ev=0.000 m_v_bias=162.5 m_adv_std=161.9782 m_kl_max=0.0005 m_ratio_max=0.106 return=-818.1 length=200 success_rate=0.00 collisions/ep=12.12 (n=8)
update=2 global_step=4096 SPS=1188 w_ev=0.198 m_ev=-0.151 m_v_bias=40.0 m_adv_std=82.4064 m_kl_max=0.0025 m_ratio_max=0.233 return=-485.4 length=200 success_rate=0.00 collisions/ep=5.88 (n=8)
update=3 global_step=6144 SPS=1229 w_ev=0.568 m_ev=0.031 m_v_bias=-9.5 m_adv_std=50.4772 m_kl_max=0.0022 m_ratio_max=0.269 return=-372.1 length=200 success_rate=0.00 collisions/ep=3.38 (n=8)
update=4 global_step=8192 SPS=1208 w_ev=-0.294 m_ev=-0.272 m_v_bias=-61.1 m_adv_std=168.3156 m_kl_max=0.0053 m_ratio_max=0.313 w_ax@goal=-0.20 w_v@goal=-4.08 return=-197.3 length=197 success_rate=0.06 collisions/ep=1.06 (n=16)
update=5 global_step=10240 SPS=1185 w_ev=-0.020 m_ev=-0.432 m_v_bias=34.6 m_adv_std=135.8522 m_kl_max=0.0019 m_ratio_max=0.306 return=-384.4 length=200 success_rate=0.00 collisions/ep=3.25 (n=8)
Evaluation at update 5: return=-220.63, length=200.00, success_rate=0.00, collisions/ep=0.00
Solved-check at update 5: solved=False worst_gap=1240.96 at p_x0=2.00 p_y0=0.50 (consecutive=0)
update=6 global_step=12288 SPS=466 w_ev=0.528 m_ev=-2.365 m_v_bias=-9.6 m_adv_std=35.0811 m_kl_max=0.0034 m_ratio_max=0.349 return=-233.9 length=200 success_rate=0.00 collisions/ep=0.25 (n=8)
update=7 global_step=14336 SPS=507 w_ev=0.244 m_ev=-2.672 m_v_bias=-7.2 m_adv_std=10.7708 m_kl_max=0.0055 m_ratio_max=0.378 return=-238.9 length=200 success_rate=0.00 collisions/ep=0.33 (n=9)
update=8 global_step=16384 SPS=546 w_ev=0.412 m_ev=0.722 m_v_bias=-3.4 m_adv_std=3.7224 m_kl_max=0.0146 m_ratio_max=0.482 return=-218.9 length=200 success_rate=0.00 collisions/ep=0.00 (n=15)
update=9 global_step=18432 SPS=580 w_ev=0.297 m_ev=0.775 m_v_bias=-1.9 m_adv_std=2.7087 m_kl_max=0.0137 m_ratio_max=0.455 return=-222.4 length=200 success_rate=0.00 collisions/ep=0.00 (n=8)
update=10 global_step=20480 SPS=606 w_ev=0.470 m_ev=0.840 m_v_bias=-1.1 m_adv_std=2.0573 m_kl_max=0.0231 m_ratio_max=0.946 return=-219.5 length=200 success_rate=0.00 collisions/ep=0.00 (n=9)
Evaluation at update 10: return=-220.63, length=200.00, success_rate=0.00, collisions/ep=0.00
Solved-check at update 10: solved=False worst_gap=1240.97 at p_x0=2.00 p_y0=0.50 (consecutive=0)
update=11 global_step=22528 SPS=445 w_ev=0.433 m_ev=0.718 m_v_bias=-0.4 m_adv_std=2.5534 m_kl_max=0.0139 m_ratio_max=0.712 return=-220.6 length=200 success_rate=0.00 collisions/ep=0.00 (n=15)
update=12 global_step=24576 SPS=468 w_ev=0.509 m_ev=0.779 m_v_bias=-0.5 m_adv_std=3.4055 m_kl_max=0.0167 m_ratio_max=0.433 return=-219.9 length=200 success_rate=0.00 collisions/ep=0.00 (n=8)
update=13 global_step=26624 SPS=488 w_ev=0.589 m_ev=0.751 m_v_bias=-0.6 m_adv_std=3.6305 m_kl_max=0.0376 m_ratio_max=0.790 return=-220.2 length=200 success_rate=0.00 collisions/ep=0.00 (n=8)
update=14 global_step=28672 SPS=509 w_ev=0.659 m_ev=0.256 m_v_bias=10.3 m_adv_std=37.5755 m_kl_max=0.0078 m_ratio_max=0.771 return=-220.1 length=200 success_rate=0.00 collisions/ep=0.00 (n=9)
update=15 global_step=30720 SPS=530 w_ev=0.445 m_ev=0.191 m_v_bias=17.8 m_adv_std=68.3253 m_kl_max=0.0121 m_ratio_max=0.484 w_ax@goal=-1.69 w_v@goal=-3.37 return=-316.6 length=200 success_rate=0.00 collisions/ep=2.40 (n=15)
Evaluation at update 15: return=-1339.87, length=200.00, success_rate=0.00, collisions/ep=23.35
Solved-check at update 15: solved=False worst_gap=6239.97 at p_x0=2.00 p_y0=1.00 (consecutive=0)
update=16 global_step=32768 SPS=437 w_ev=0.551 m_ev=0.141 m_v_bias=1.7 m_adv_std=45.3941 m_kl_max=0.0219 m_ratio_max=0.958 return=-303.0 length=200 success_rate=0.00 collisions/ep=2.25 (n=8)
update=17 global_step=34816 SPS=454 w_ev=0.613 m_ev=0.335 m_v_bias=25.0 m_adv_std=73.4576 m_kl_max=0.0209 m_ratio_max=0.629 w_ax@goal=-1.08 w_v@goal=-3.56 return=-331.4 length=200 success_rate=0.00 collisions/ep=2.75 (n=8)
update=18 global_step=36864 SPS=471 w_ev=0.699 m_ev=0.492 m_v_bias=27.6 m_adv_std=84.9017 m_kl_max=0.0117 m_ratio_max=0.518 return=-389.2 length=200 success_rate=0.00 collisions/ep=3.75 (n=16)
update=19 global_step=38912 SPS=487 w_ev=0.745 m_ev=0.672 m_v_bias=-9.1 m_adv_std=65.3774 m_kl_max=0.0108 m_ratio_max=0.470 return=-311.1 length=200 success_rate=0.00 collisions/ep=2.12 (n=8)
update=20 global_step=40960 SPS=503 w_ev=0.649 m_ev=-0.907 m_v_bias=-20.9 m_adv_std=41.5809 m_kl_max=0.0145 m_ratio_max=0.672 return=-216.1 length=200 success_rate=0.00 collisions/ep=0.00 (n=8)
Evaluation at update 20: return=-220.63, length=200.00, success_rate=0.00, collisions/ep=0.00
Solved-check at update 20: solved=False worst_gap=1240.96 at p_x0=2.00 p_y0=0.50 (consecutive=0)
update=21 global_step=43008 SPS=439 w_ev=0.508 m_ev=-0.608 m_v_bias=-1.1 m_adv_std=18.5883 m_kl_max=0.0095 m_ratio_max=0.475 return=-216.8 length=200 success_rate=0.00 collisions/ep=0.00 (n=9)
update=22 global_step=45056 SPS=453 w_ev=0.434 m_ev=0.436 m_v_bias=0.0 m_adv_std=6.1450 m_kl_max=0.0040 m_ratio_max=0.270 return=-224.1 length=200 success_rate=0.00 collisions/ep=0.07 (n=15)
update=23 global_step=47104 SPS=466 w_ev=0.362 m_ev=0.032 m_v_bias=5.1 m_adv_std=29.8725 m_kl_max=0.0170 m_ratio_max=0.641 return=-268.9 length=200 success_rate=0.00 collisions/ep=1.00 (n=8)
update=24 global_step=49152 SPS=479 w_ev=0.436 m_ev=-0.069 m_v_bias=-0.4 m_adv_std=17.9691 m_kl_max=0.0119 m_ratio_max=0.621 return=-250.1 length=200 success_rate=0.00 collisions/ep=0.62 (n=8)
update=25 global_step=51200 SPS=491 w_ev=0.106 m_ev=0.143 m_v_bias=3.3 m_adv_std=8.3812 m_kl_max=0.0095 m_ratio_max=0.540 return=-223.1 length=200 success_rate=0.00 collisions/ep=0.06 (n=16)
Evaluation at update 25: return=-220.63, length=200.00, success_rate=0.00, collisions/ep=0.00
Solved-check at update 25: solved=False worst_gap=1240.96 at p_x0=2.00 p_y0=0.50 (consecutive=0)
update=26 global_step=53248 SPS=443 w_ev=0.517 m_ev=0.281 m_v_bias=1.9 m_adv_std=23.9869 m_kl_max=0.0164 m_ratio_max=1.097 return=-227.6 length=200 success_rate=0.00 collisions/ep=0.25 (n=8)
update=27 global_step=55296 SPS=452 w_ev=0.308 m_ev=0.509 m_v_bias=-2.9 m_adv_std=6.0477 m_kl_max=0.0336 m_ratio_max=0.821 return=-243.7 length=200 success_rate=0.00 collisions/ep=0.50 (n=8)
update=28 global_step=57344 SPS=462 w_ev=0.327 m_ev=0.370 m_v_bias=-2.7 m_adv_std=8.5424 m_kl_max=0.0058 m_ratio_max=0.372 return=-208.9 length=200 success_rate=0.00 collisions/ep=0.00 (n=9)
update=29 global_step=59392 SPS=471 w_ev=0.588 m_ev=0.218 m_v_bias=10.7 m_adv_std=56.0510 m_kl_max=0.0142 m_ratio_max=0.507 return=-254.4 length=200 success_rate=0.00 collisions/ep=0.93 (n=15)
update=30 global_step=61440 SPS=480 w_ev=0.212 m_ev=-0.653 m_v_bias=-3.7 m_adv_std=20.6054 m_kl_max=0.0347 m_ratio_max=0.666 return=-223.5 length=200 success_rate=0.00 collisions/ep=0.25 (n=8)
Evaluation at update 30: return=-215.29, length=200.00, success_rate=0.00, collisions/ep=0.00
Solved-check at update 30: solved=False worst_gap=1232.05 at p_x0=2.00 p_y0=-0.50 (consecutive=0)
update=31 global_step=63488 SPS=440 w_ev=0.204 m_ev=0.291 m_v_bias=-4.7 m_adv_std=7.8585 m_kl_max=0.0408 m_ratio_max=1.563 return=-208.0 length=200 success_rate=0.00 collisions/ep=0.00 (n=8)
update=32 global_step=65536 SPS=447 w_ev=0.463 m_ev=0.534 m_v_bias=-1.2 m_adv_std=14.7235 m_kl_max=0.0120 m_ratio_max=0.502 return=-213.4 length=200 success_rate=0.00 collisions/ep=0.11 (n=9)
update=33 global_step=67584 SPS=455 w_ev=0.497 m_ev=0.232 m_v_bias=-2.4 m_adv_std=10.3620 m_kl_max=0.0229 m_ratio_max=0.803 return=-212.6 length=200 success_rate=0.00 collisions/ep=0.33 (n=15)
update=34 global_step=69632 SPS=464 w_ev=0.299 m_ev=0.048 m_v_bias=24.1 m_adv_std=90.4792 m_kl_max=0.0230 m_ratio_max=0.981 return=-327.7 length=200 success_rate=0.00 collisions/ep=2.75 (n=8)
update=35 global_step=71680 SPS=470 w_ev=0.465 m_ev=0.075 m_v_bias=14.0 m_adv_std=99.3657 m_kl_max=0.0290 m_ratio_max=0.907 return=-287.9 length=200 success_rate=0.00 collisions/ep=1.89 (n=9)
Evaluation at update 35: return=-202.07, length=200.00, success_rate=0.00, collisions/ep=0.00
Solved-check at update 35: solved=False worst_gap=1219.25 at p_x0=2.00 p_y0=0.00 (consecutive=0)
update=36 global_step=73728 SPS=434 w_ev=0.604 m_ev=0.244 m_v_bias=-8.2 m_adv_std=27.8489 m_kl_max=0.0081 m_ratio_max=0.539 return=-233.0 length=200 success_rate=0.00 collisions/ep=0.80 (n=15)
update=37 global_step=75776 SPS=441 w_ev=0.404 m_ev=-0.095 m_v_bias=-7.1 m_adv_std=12.2971 m_kl_max=0.0155 m_ratio_max=0.504 return=-204.8 length=200 success_rate=0.00 collisions/ep=0.12 (n=8)
update=38 global_step=77824 SPS=448 w_ev=0.637 m_ev=0.656 m_v_bias=-1.6 m_adv_std=11.8708 m_kl_max=0.0127 m_ratio_max=0.432 return=-206.7 length=200 success_rate=0.00 collisions/ep=0.12 (n=8)
update=39 global_step=79872 SPS=455 w_ev=0.483 m_ev=0.602 m_v_bias=-3.1 m_adv_std=9.2333 m_kl_max=0.0097 m_ratio_max=0.460 return=-219.4 length=200 success_rate=0.00 collisions/ep=0.44 (n=9)
update=40 global_step=81920 SPS=462 w_ev=0.444 m_ev=0.669 m_v_bias=-1.6 m_adv_std=6.2503 m_kl_max=0.0199 m_ratio_max=0.931 return=-203.6 length=200 success_rate=0.00 collisions/ep=0.07 (n=15)
Evaluation at update 40: return=-194.10, length=200.00, success_rate=0.00, collisions/ep=0.00
Solved-check at update 40: solved=False worst_gap=1212.99 at p_x0=2.00 p_y0=0.00 (consecutive=0)
update=41 global_step=83968 SPS=433 w_ev=0.470 m_ev=0.509 m_v_bias=-2.2 m_adv_std=7.0878 m_kl_max=0.0186 m_ratio_max=1.240 return=-206.3 length=200 success_rate=0.00 collisions/ep=0.12 (n=8)
update=42 global_step=86016 SPS=440 w_ev=0.377 m_ev=0.090 m_v_bias=-0.1 m_adv_std=13.4641 m_kl_max=0.0241 m_ratio_max=0.733 return=-196.8 length=200 success_rate=0.00 collisions/ep=0.00 (n=8)
update=43 global_step=88064 SPS=447 w_ev=0.347 m_ev=0.056 m_v_bias=47.8 m_adv_std=163.8101 m_kl_max=0.0259 m_ratio_max=0.826 return=-318.7 length=200 success_rate=0.00 collisions/ep=2.62 (n=16)
update=44 global_step=90112 SPS=453 w_ev=0.639 m_ev=0.208 m_v_bias=11.2 m_adv_std=112.1172 m_kl_max=0.0203 m_ratio_max=0.751 return=-322.9 length=200 success_rate=0.00 collisions/ep=2.62 (n=8)
update=45 global_step=92160 SPS=459 w_ev=0.155 m_ev=0.381 m_v_bias=-4.9 m_adv_std=35.9164 m_kl_max=0.0183 m_ratio_max=1.056 return=-207.9 length=200 success_rate=0.00 collisions/ep=0.25 (n=8)
Evaluation at update 45: return=-208.66, length=200.00, success_rate=0.00, collisions/ep=0.00
Solved-check at update 45: solved=False worst_gap=1226.73 at p_x0=2.00 p_y0=0.00 (consecutive=0)
update=46 global_step=94208 SPS=434 w_ev=0.441 m_ev=0.137 m_v_bias=-3.5 m_adv_std=18.2427 m_kl_max=0.0165 m_ratio_max=0.636 return=-208.7 length=200 success_rate=0.00 collisions/ep=0.11 (n=9)
update=47 global_step=96256 SPS=440 w_ev=0.440 m_ev=0.106 m_v_bias=-2.0 m_adv_std=9.8928 m_kl_max=0.0154 m_ratio_max=0.575 return=-212.2 length=200 success_rate=0.00 collisions/ep=0.13 (n=15)
update=48 global_step=98304 SPS=445 w_ev=0.106 m_ev=0.167 m_v_bias=-1.7 m_adv_std=5.3667 m_kl_max=0.0361 m_ratio_max=0.858 return=-206.5 length=200 success_rate=0.00 collisions/ep=0.00 (n=8)
update=49 global_step=100352 SPS=451 w_ev=0.289 m_ev=0.548 m_v_bias=-2.0 m_adv_std=4.9652 m_kl_max=0.0422 m_ratio_max=1.395 return=-205.3 length=200 success_rate=0.00 collisions/ep=0.00 (n=8)
update=50 global_step=102400 SPS=456 w_ev=0.387 m_ev=0.716 m_v_bias=-2.2 m_adv_std=8.0519 m_kl_max=0.0460 m_ratio_max=0.643 return=-203.0 length=200 success_rate=0.00 collisions/ep=0.12 (n=16)
Evaluation at update 50: return=-185.87, length=200.00, success_rate=0.00, collisions/ep=0.00
Solved-check at update 50: solved=False worst_gap=1205.89 at p_x0=2.00 p_y0=0.50 (consecutive=0)
update=51 global_step=104448 SPS=434 w_ev=0.467 m_ev=0.777 m_v_bias=-2.0 m_adv_std=6.2512 m_kl_max=0.0208 m_ratio_max=0.602 return=-188.8 length=200 success_rate=0.00 collisions/ep=0.12 (n=8)
update=52 global_step=106496 SPS=438 w_ev=0.447 m_ev=0.719 m_v_bias=-3.6 m_adv_std=4.7262 m_kl_max=0.0054 m_ratio_max=0.407 return=-186.5 length=200 success_rate=0.00 collisions/ep=0.00 (n=8)
update=53 global_step=108544 SPS=443 w_ev=0.702 m_ev=0.608 m_v_bias=0.5 m_adv_std=12.0870 m_kl_max=0.0228 m_ratio_max=0.979 return=-190.2 length=200 success_rate=0.00 collisions/ep=0.11 (n=9)
update=54 global_step=110592 SPS=448 w_ev=0.444 m_ev=0.190 m_v_bias=9.0 m_adv_std=52.6768 m_kl_max=0.0075 m_ratio_max=0.466 return=-228.1 length=200 success_rate=0.00 collisions/ep=0.73 (n=15)
update=55 global_step=112640 SPS=453 w_ev=0.645 m_ev=0.133 m_v_bias=0.2 m_adv_std=19.8896 m_kl_max=0.0106 m_ratio_max=0.544 return=-204.8 length=200 success_rate=0.00 collisions/ep=0.25 (n=8)
Evaluation at update 55: return=-192.45, length=200.00, success_rate=0.00, collisions/ep=0.00
Solved-check at update 55: solved=False worst_gap=1213.76 at p_x0=2.00 p_y0=0.50 (consecutive=0)
update=56 global_step=114688 SPS=435 w_ev=0.413 m_ev=0.128 m_v_bias=0.9 m_adv_std=6.3405 m_kl_max=0.0293 m_ratio_max=0.867 return=-193.1 length=200 success_rate=0.00 collisions/ep=0.00 (n=8)
update=57 global_step=116736 SPS=440 w_ev=0.593 m_ev=0.741 m_v_bias=-0.9 m_adv_std=6.2593 m_kl_max=0.0279 m_ratio_max=0.684 return=-192.2 length=200 success_rate=0.00 collisions/ep=0.00 (n=9)
update=58 global_step=118784 SPS=445 w_ev=0.371 m_ev=0.069 m_v_bias=19.6 m_adv_std=75.0608 m_kl_max=0.0128 m_ratio_max=0.540 return=-249.2 length=200 success_rate=0.00 collisions/ep=1.20 (n=15)
update=59 global_step=120832 SPS=450 w_ev=0.475 m_ev=0.158 m_v_bias=-2.4 m_adv_std=10.9393 m_kl_max=0.0172 m_ratio_max=0.694 return=-186.9 length=200 success_rate=0.00 collisions/ep=0.00 (n=8)
update=60 global_step=122880 SPS=455 w_ev=0.457 m_ev=0.245 m_v_bias=-6.6 m_adv_std=6.7738 m_kl_max=0.0132 m_ratio_max=0.498 return=-189.8 length=200 success_rate=0.00 collisions/ep=0.00 (n=9)
Evaluation at update 60: return=-189.12, length=200.00, success_rate=0.00, collisions/ep=0.00
Solved-check at update 60: solved=False worst_gap=1209.39 at p_x0=2.00 p_y0=0.50 (consecutive=0)
update=61 global_step=124928 SPS=436 w_ev=0.560 m_ev=0.662 m_v_bias=-3.0 m_adv_std=3.5148 m_kl_max=0.0281 m_ratio_max=1.594 return=-189.7 length=200 success_rate=0.00 collisions/ep=0.00 (n=15)
update=62 global_step=126976 SPS=441 w_ev=0.558 m_ev=0.857 m_v_bias=-1.7 m_adv_std=2.7198 m_kl_max=0.0176 m_ratio_max=0.765 return=-185.3 length=200 success_rate=0.00 collisions/ep=0.00 (n=8)
update=63 global_step=129024 SPS=445 w_ev=0.465 m_ev=0.121 m_v_bias=14.7 m_adv_std=62.8013 m_kl_max=0.0356 m_ratio_max=0.881 return=-258.5 length=200 success_rate=0.00 collisions/ep=1.50 (n=8)
update=64 global_step=131072 SPS=449 w_ev=0.697 m_ev=-0.195 m_v_bias=-4.2 m_adv_std=11.8186 m_kl_max=0.0164 m_ratio_max=0.811 return=-229.2 length=200 success_rate=0.00 collisions/ep=0.89 (n=9)
update=65 global_step=133120 SPS=453 w_ev=0.695 m_ev=0.462 m_v_bias=-4.4 m_adv_std=5.5742 m_kl_max=0.0322 m_ratio_max=1.598 return=-184.3 length=200 success_rate=0.00 collisions/ep=0.00 (n=15)
Evaluation at update 65: return=-186.53, length=200.00, success_rate=0.00, collisions/ep=0.00
Solved-check at update 65: solved=False worst_gap=1206.76 at p_x0=2.00 p_y0=0.50 (consecutive=0)
update=66 global_step=135168 SPS=436 w_ev=0.440 m_ev=0.114 m_v_bias=18.8 m_adv_std=83.7891 m_kl_max=0.0158 m_ratio_max=0.590 return=-291.1 length=200 success_rate=0.00 collisions/ep=2.12 (n=8)
update=67 global_step=137216 SPS=440 w_ev=0.640 m_ev=0.271 m_v_bias=-1.3 m_adv_std=12.9584 m_kl_max=0.0149 m_ratio_max=0.589 return=-184.5 length=200 success_rate=0.00 collisions/ep=0.00 (n=8)
update=68 global_step=139264 SPS=444 w_ev=0.764 m_ev=0.308 m_v_bias=-3.5 m_adv_std=8.4490 m_kl_max=0.0114 m_ratio_max=0.509 return=-187.5 length=200 success_rate=0.00 collisions/ep=0.00 (n=16)
update=69 global_step=141312 SPS=448 w_ev=0.744 m_ev=0.697 m_v_bias=-2.3 m_adv_std=3.9288 m_kl_max=0.0362 m_ratio_max=1.019 return=-186.2 length=200 success_rate=0.00 collisions/ep=0.00 (n=8)
update=70 global_step=143360 SPS=452 w_ev=0.707 m_ev=0.215 m_v_bias=-2.1 m_adv_std=7.1728 m_kl_max=0.0484 m_ratio_max=1.475 return=-189.9 length=200 success_rate=0.00 collisions/ep=0.00 (n=8)
Evaluation at update 70: return=-184.15, length=200.00, success_rate=0.00, collisions/ep=0.00
Solved-check at update 70: solved=False worst_gap=1204.73 at p_x0=2.00 p_y0=0.50 (consecutive=0)
update=71 global_step=145408 SPS=437 w_ev=0.763 m_ev=0.489 m_v_bias=-1.0 m_adv_std=8.8095 m_kl_max=0.0197 m_ratio_max=0.613 return=-202.2 length=200 success_rate=0.00 collisions/ep=0.33 (n=9)
update=72 global_step=147456 SPS=441 w_ev=0.794 m_ev=0.741 m_v_bias=-1.6 m_adv_std=5.4167 m_kl_max=0.0138 m_ratio_max=0.628 return=-186.1 length=200 success_rate=0.00 collisions/ep=0.07 (n=15)
update=73 global_step=149504 SPS=445 w_ev=0.778 m_ev=0.751 m_v_bias=-1.8 m_adv_std=2.9147 m_kl_max=0.0392 m_ratio_max=0.800 return=-182.5 length=200 success_rate=0.00 collisions/ep=0.00 (n=8)
update=74 global_step=151552 SPS=449 w_ev=0.755 m_ev=0.875 m_v_bias=-1.7 m_adv_std=2.0321 m_kl_max=0.0131 m_ratio_max=0.707 return=-183.0 length=200 success_rate=0.00 collisions/ep=0.00 (n=8)
update=75 global_step=153600 SPS=453 w_ev=0.731 m_ev=0.777 m_v_bias=-2.8 m_adv_std=3.5561 m_kl_max=0.0169 m_ratio_max=0.669 return=-179.2 length=200 success_rate=0.00 collisions/ep=0.00 (n=16)
Evaluation at update 75: return=-181.49, length=200.00, success_rate=0.00, collisions/ep=0.00
Solved-check at update 75: solved=False worst_gap=1201.88 at p_x0=2.00 p_y0=0.50 (consecutive=0)
update=76 global_step=155648 SPS=438 w_ev=0.778 m_ev=0.221 m_v_bias=-0.3 m_adv_std=11.2762 m_kl_max=0.0191 m_ratio_max=0.865 return=-178.1 length=200 success_rate=0.00 collisions/ep=0.00 (n=8)
update=77 global_step=157696 SPS=442 w_ev=0.734 m_ev=0.316 m_v_bias=3.6 m_adv_std=12.4728 m_kl_max=0.0222 m_ratio_max=0.538 return=-203.6 length=200 success_rate=0.00 collisions/ep=0.50 (n=8)
update=78 global_step=159744 SPS=446 w_ev=0.767 m_ev=0.773 m_v_bias=-2.5 m_adv_std=3.2604 m_kl_max=0.0219 m_ratio_max=0.547 return=-189.2 length=200 success_rate=0.00 collisions/ep=0.22 (n=9)
update=79 global_step=161792 SPS=449 w_ev=0.763 m_ev=0.212 m_v_bias=2.6 m_adv_std=14.1017 m_kl_max=0.0111 m_ratio_max=0.563 return=-191.4 length=200 success_rate=0.00 collisions/ep=0.27 (n=15)
update=80 global_step=163840 SPS=452 w_ev=0.798 m_ev=0.851 m_v_bias=-1.8 m_adv_std=2.7602 m_kl_max=0.0332 m_ratio_max=0.982 return=-179.3 length=200 success_rate=0.00 collisions/ep=0.00 (n=8)
Evaluation at update 80: return=-183.45, length=200.00, success_rate=0.00, collisions/ep=0.00
Solved-check at update 80: solved=False worst_gap=1203.87 at p_x0=2.00 p_y0=0.50 (consecutive=0)
update=81 global_step=165888 SPS=438 w_ev=0.769 m_ev=0.906 m_v_bias=-1.8 m_adv_std=1.9449 m_kl_max=0.0482 m_ratio_max=1.258 return=-172.6 length=200 success_rate=0.00 collisions/ep=0.00 (n=8)
update=82 global_step=167936 SPS=441 w_ev=0.833 m_ev=0.544 m_v_bias=-0.2 m_adv_std=6.3854 m_kl_max=0.0108 m_ratio_max=0.517 return=-179.0 length=200 success_rate=0.00 collisions/ep=0.00 (n=9)
update=83 global_step=169984 SPS=445 w_ev=0.727 m_ev=0.194 m_v_bias=1.4 m_adv_std=21.5457 m_kl_max=0.0054 m_ratio_max=0.394 return=-208.8 length=200 success_rate=0.00 collisions/ep=0.60 (n=15)
update=84 global_step=172032 SPS=448 w_ev=0.562 m_ev=0.120 m_v_bias=6.8 m_adv_std=26.7958 m_kl_max=0.0064 m_ratio_max=0.339 return=-214.6 length=200 success_rate=0.00 collisions/ep=0.75 (n=8)
update=85 global_step=174080 SPS=451 w_ev=0.729 m_ev=0.629 m_v_bias=-3.7 m_adv_std=5.1072 m_kl_max=0.0165 m_ratio_max=0.801 return=-186.8 length=200 success_rate=0.00 collisions/ep=0.11 (n=9)
Evaluation at update 85: return=-182.68, length=200.00, success_rate=0.00, collisions/ep=0.00
Solved-check at update 85: solved=False worst_gap=1203.07 at p_x0=2.00 p_y0=0.50 (consecutive=0)
update=86 global_step=176128 SPS=438 w_ev=0.840 m_ev=0.888 m_v_bias=-2.4 m_adv_std=2.6962 m_kl_max=0.0384 m_ratio_max=1.010 return=-174.9 length=200 success_rate=0.00 collisions/ep=0.00 (n=15)
update=87 global_step=178176 SPS=441 w_ev=0.754 m_ev=0.194 m_v_bias=3.1 m_adv_std=14.1306 m_kl_max=0.0231 m_ratio_max=0.945 return=-192.3 length=200 success_rate=0.00 collisions/ep=0.25 (n=8)
update=88 global_step=180224 SPS=444 w_ev=0.522 m_ev=0.035 m_v_bias=5.4 m_adv_std=38.5437 m_kl_max=0.0120 m_ratio_max=0.647 return=-236.9 length=200 success_rate=0.00 collisions/ep=1.12 (n=8)
update=89 global_step=182272 SPS=448 w_ev=0.841 m_ev=0.361 m_v_bias=1.6 m_adv_std=11.1344 m_kl_max=0.0120 m_ratio_max=0.486 return=-181.5 length=200 success_rate=0.00 collisions/ep=0.11 (n=9)
update=90 global_step=184320 SPS=451 w_ev=0.539 m_ev=0.094 m_v_bias=12.3 m_adv_std=66.1190 m_kl_max=0.0368 m_ratio_max=0.757 return=-221.3 length=200 success_rate=0.00 collisions/ep=0.87 (n=15)
Evaluation at update 90: return=-183.63, length=200.00, success_rate=0.00, collisions/ep=0.00
Solved-check at update 90: solved=False worst_gap=1204.01 at p_x0=2.00 p_y0=0.50 (consecutive=0)
update=91 global_step=186368 SPS=438 w_ev=0.644 m_ev=-0.130 m_v_bias=-2.1 m_adv_std=13.3242 m_kl_max=0.0301 m_ratio_max=0.832 return=-185.6 length=200 success_rate=0.00 collisions/ep=0.12 (n=8)
update=92 global_step=188416 SPS=441 w_ev=0.787 m_ev=0.382 m_v_bias=-4.8 m_adv_std=7.7171 m_kl_max=0.0205 m_ratio_max=1.337 return=-189.1 length=200 success_rate=0.00 collisions/ep=0.12 (n=8)
update=93 global_step=190464 SPS=444 w_ev=0.555 m_ev=0.024 m_v_bias=4.1 m_adv_std=31.6002 m_kl_max=0.0196 m_ratio_max=0.667 return=-194.8 length=200 success_rate=0.00 collisions/ep=0.31 (n=16)
update=94 global_step=192512 SPS=447 w_ev=0.731 m_ev=0.759 m_v_bias=-4.9 m_adv_std=3.5258 m_kl_max=0.0102 m_ratio_max=0.470 return=-182.3 length=200 success_rate=0.00 collisions/ep=0.00 (n=8)
update=95 global_step=194560 SPS=450 w_ev=0.296 m_ev=0.051 m_v_bias=8.5 m_adv_std=55.0079 m_kl_max=0.0247 m_ratio_max=0.892 return=-236.7 length=200 success_rate=0.00 collisions/ep=1.12 (n=8)
Evaluation at update 95: return=-183.38, length=200.00, success_rate=0.00, collisions/ep=0.00
Solved-check at update 95: solved=False worst_gap=1203.78 at p_x0=2.00 p_y0=0.50 (consecutive=0)
update=96 global_step=196608 SPS=438 w_ev=0.585 m_ev=0.737 m_v_bias=-3.3 m_adv_std=4.5051 m_kl_max=0.0154 m_ratio_max=0.682 return=-183.3 length=200 success_rate=0.00 collisions/ep=0.00 (n=9)
update=97 global_step=198656 SPS=441 w_ev=0.807 m_ev=0.681 m_v_bias=-3.2 m_adv_std=5.6979 m_kl_max=0.0167 m_ratio_max=0.531 return=-182.6 length=200 success_rate=0.00 collisions/ep=0.07 (n=15)
update=98 global_step=200704 SPS=444 w_ev=0.697 m_ev=0.422 m_v_bias=0.1 m_adv_std=7.9675 m_kl_max=0.0170 m_ratio_max=0.585 return=-194.8 length=200 success_rate=0.00 collisions/ep=0.25 (n=8)
update=99 global_step=202752 SPS=446 w_ev=0.780 m_ev=0.241 m_v_bias=0.5 m_adv_std=12.1297 m_kl_max=0.0121 m_ratio_max=0.396 return=-199.7 length=200 success_rate=0.00 collisions/ep=0.25 (n=8)
update=100 global_step=204800 SPS=449 w_ev=0.633 m_ev=0.620 m_v_bias=-2.4 m_adv_std=3.5377 m_kl_max=0.0144 m_ratio_max=0.547 return=-181.4 length=200 success_rate=0.00 collisions/ep=0.00 (n=16)
Evaluation at update 100: return=-184.38, length=200.00, success_rate=0.00, collisions/ep=0.00
Solved-check at update 100: solved=False worst_gap=1204.77 at p_x0=2.00 p_y0=0.50 (consecutive=0)
update=101 global_step=206848 SPS=437 w_ev=0.783 m_ev=0.906 m_v_bias=-1.8 m_adv_std=1.8878 m_kl_max=0.0261 m_ratio_max=1.087 return=-183.7 length=200 success_rate=0.00 collisions/ep=0.00 (n=8)
update=102 global_step=208896 SPS=440 w_ev=0.756 m_ev=0.917 m_v_bias=-0.8 m_adv_std=1.4379 m_kl_max=0.0254 m_ratio_max=0.546 return=-178.5 length=200 success_rate=0.00 collisions/ep=0.00 (n=8)
update=103 global_step=210944 SPS=442 w_ev=0.816 m_ev=0.917 m_v_bias=-1.6 m_adv_std=1.8652 m_kl_max=0.0165 m_ratio_max=0.633 return=-178.5 length=200 success_rate=0.00 collisions/ep=0.00 (n=9)
update=104 global_step=212992 SPS=445 w_ev=0.646 m_ev=0.140 m_v_bias=5.2 m_adv_std=24.3825 m_kl_max=0.0205 m_ratio_max=0.988 return=-192.9 length=200 success_rate=0.00 collisions/ep=0.27 (n=15)
update=105 global_step=215040 SPS=447 w_ev=0.847 m_ev=0.189 m_v_bias=-1.2 m_adv_std=8.5347 m_kl_max=0.0245 m_ratio_max=0.780 return=-176.7 length=200 success_rate=0.00 collisions/ep=0.00 (n=8)
Evaluation at update 105: return=-180.09, length=200.00, success_rate=0.00, collisions/ep=0.00
Solved-check at update 105: solved=False worst_gap=1200.55 at p_x0=2.00 p_y0=0.50 (consecutive=0)
update=106 global_step=217088 SPS=437 w_ev=0.818 m_ev=0.857 m_v_bias=-2.3 m_adv_std=2.4603 m_kl_max=0.0164 m_ratio_max=0.609 return=-184.9 length=200 success_rate=0.00 collisions/ep=0.12 (n=8)
update=107 global_step=219136 SPS=440 w_ev=0.828 m_ev=0.943 m_v_bias=-1.4 m_adv_std=1.4943 m_kl_max=0.0292 m_ratio_max=0.692 return=-175.8 length=200 success_rate=0.00 collisions/ep=0.00 (n=9)
update=108 global_step=221184 SPS=443 w_ev=0.889 m_ev=0.961 m_v_bias=-1.6 m_adv_std=1.4496 m_kl_max=0.0216 m_ratio_max=0.586 return=-177.6 length=200 success_rate=0.00 collisions/ep=0.00 (n=15)
update=109 global_step=223232 SPS=445 w_ev=0.852 m_ev=0.512 m_v_bias=-0.0 m_adv_std=5.9284 m_kl_max=0.0162 m_ratio_max=0.604 return=-173.3 length=200 success_rate=0.00 collisions/ep=0.00 (n=8)
update=110 global_step=225280 SPS=448 w_ev=0.695 m_ev=0.226 m_v_bias=4.4 m_adv_std=15.7392 m_kl_max=0.0251 m_ratio_max=0.738 return=-192.1 length=200 success_rate=0.00 collisions/ep=0.33 (n=9)
Evaluation at update 110: return=-174.76, length=200.00, success_rate=0.00, collisions/ep=0.00
Solved-check at update 110: solved=False worst_gap=1196.52 at p_x0=2.00 p_y0=0.00 (consecutive=0)
update=111 global_step=227328 SPS=438 w_ev=0.894 m_ev=0.886 m_v_bias=-2.0 m_adv_std=2.3786 m_kl_max=0.0204 m_ratio_max=1.503 return=-186.5 length=200 success_rate=0.00 collisions/ep=0.13 (n=15)
update=112 global_step=229376 SPS=440 w_ev=0.863 m_ev=0.632 m_v_bias=0.9 m_adv_std=6.1775 m_kl_max=0.0142 m_ratio_max=0.560 return=-182.3 length=200 success_rate=0.00 collisions/ep=0.12 (n=8)
update=113 global_step=231424 SPS=442 w_ev=0.835 m_ev=0.891 m_v_bias=-0.7 m_adv_std=1.8222 m_kl_max=0.0234 m_ratio_max=0.595 return=-177.3 length=200 success_rate=0.00 collisions/ep=0.00 (n=8)
update=114 global_step=233472 SPS=444 w_ev=0.369 m_ev=0.038 m_v_bias=18.7 m_adv_std=79.5310 m_kl_max=0.0196 m_ratio_max=0.560 return=-177.8 length=200 success_rate=0.00 collisions/ep=0.00 (n=9)
update=115 global_step=235520 SPS=447 w_ev=0.890 m_ev=-0.288 m_v_bias=-1.2 m_adv_std=12.7914 m_kl_max=0.0223 m_ratio_max=0.780 return=-225.2 length=200 success_rate=0.00 collisions/ep=0.93 (n=15)
Evaluation at update 115: return=-175.31, length=200.00, success_rate=0.00, collisions/ep=0.00
Solved-check at update 115: solved=False worst_gap=1196.75 at p_x0=2.00 p_y0=0.50 (consecutive=0)
update=116 global_step=237568 SPS=437 w_ev=0.892 m_ev=0.719 m_v_bias=-3.2 m_adv_std=3.8859 m_kl_max=0.0108 m_ratio_max=0.563 return=-178.0 length=200 success_rate=0.00 collisions/ep=0.00 (n=8)
update=117 global_step=239616 SPS=440 w_ev=0.884 m_ev=0.473 m_v_bias=-1.0 m_adv_std=6.8746 m_kl_max=0.0096 m_ratio_max=0.443 return=-172.9 length=200 success_rate=0.00 collisions/ep=0.00 (n=8)
update=118 global_step=241664 SPS=442 w_ev=0.905 m_ev=0.884 m_v_bias=-2.1 m_adv_std=1.9799 m_kl_max=0.0405 m_ratio_max=0.829 return=-181.6 length=200 success_rate=0.00 collisions/ep=0.06 (n=16)
update=119 global_step=243712 SPS=445 w_ev=0.885 m_ev=0.636 m_v_bias=-0.1 m_adv_std=5.8670 m_kl_max=0.0224 m_ratio_max=0.724 return=-183.1 length=200 success_rate=0.00 collisions/ep=0.12 (n=8)
update=120 global_step=245760 SPS=447 w_ev=0.909 m_ev=0.933 m_v_bias=-1.7 m_adv_std=1.8853 m_kl_max=0.0231 m_ratio_max=1.685 return=-175.3 length=200 success_rate=0.00 collisions/ep=0.00 (n=8)
Evaluation at update 120: return=-172.79, length=200.00, success_rate=0.00, collisions/ep=0.00
Solved-check at update 120: solved=False worst_gap=1194.26 at p_x0=2.00 p_y0=0.00 (consecutive=0)
update=121 global_step=247808 SPS=438 w_ev=0.774 m_ev=0.235 m_v_bias=1.4 m_adv_std=12.1079 m_kl_max=0.0222 m_ratio_max=0.825 return=-173.4 length=200 success_rate=0.00 collisions/ep=0.00 (n=9)
update=122 global_step=249856 SPS=441 w_ev=0.908 m_ev=0.663 m_v_bias=-0.6 m_adv_std=6.4761 m_kl_max=0.0164 m_ratio_max=0.651 return=-185.2 length=200 success_rate=0.00 collisions/ep=0.20 (n=15)
update=123 global_step=251904 SPS=443 w_ev=0.178 m_ev=0.016 m_v_bias=32.8 m_adv_std=131.7026 m_kl_max=0.0122 m_ratio_max=0.854 return=-329.3 length=200 success_rate=0.00 collisions/ep=3.12 (n=8)
update=124 global_step=253952 SPS=445 w_ev=0.488 m_ev=0.046 m_v_bias=7.3 m_adv_std=60.4359 m_kl_max=0.0365 m_ratio_max=1.928 return=-239.3 length=200 success_rate=0.00 collisions/ep=1.25 (n=8)
update=125 global_step=256000 SPS=447 w_ev=0.863 m_ev=0.263 m_v_bias=-6.4 m_adv_std=17.2392 m_kl_max=0.0222 m_ratio_max=0.924 return=-192.2 length=200 success_rate=0.00 collisions/ep=0.31 (n=16)
Evaluation at update 125: return=-176.66, length=200.00, success_rate=0.00, collisions/ep=0.00
Solved-check at update 125: solved=False worst_gap=1197.55 at p_x0=2.00 p_y0=0.50 (consecutive=0)
update=126 global_step=258048 SPS=438 w_ev=0.914 m_ev=0.611 m_v_bias=-6.1 m_adv_std=8.1698 m_kl_max=0.0156 m_ratio_max=0.702 return=-180.9 length=200 success_rate=0.00 collisions/ep=0.12 (n=8)
update=127 global_step=260096 SPS=440 w_ev=0.831 m_ev=0.681 m_v_bias=-6.6 m_adv_std=4.1813 m_kl_max=0.0091 m_ratio_max=0.730 return=-175.4 length=200 success_rate=0.00 collisions/ep=0.00 (n=8)
update=128 global_step=262144 SPS=442 w_ev=0.874 m_ev=0.857 m_v_bias=-5.0 m_adv_std=2.6888 m_kl_max=0.0129 m_ratio_max=0.460 return=-176.5 length=200 success_rate=0.00 collisions/ep=0.00 (n=9)
update=129 global_step=264192 SPS=445 w_ev=0.935 m_ev=0.929 m_v_bias=-3.4 m_adv_std=2.2164 m_kl_max=0.0062 m_ratio_max=0.369 return=-174.9 length=200 success_rate=0.00 collisions/ep=0.00 (n=15)
update=130 global_step=266240 SPS=447 w_ev=0.836 m_ev=0.911 m_v_bias=-2.3 m_adv_std=1.8427 m_kl_max=0.0136 m_ratio_max=0.885 return=-173.2 length=200 success_rate=0.00 collisions/ep=0.00 (n=8)
Evaluation at update 130: return=-173.43, length=200.00, success_rate=0.00, collisions/ep=0.00
Solved-check at update 130: solved=False worst_gap=1194.07 at p_x0=2.00 p_y0=0.00 (consecutive=0)
update=131 global_step=268288 SPS=437 w_ev=0.860 m_ev=0.288 m_v_bias=1.0 m_adv_std=12.1790 m_kl_max=0.0169 m_ratio_max=0.663 return=-179.5 length=200 success_rate=0.00 collisions/ep=0.00 (n=8)
update=132 global_step=270336 SPS=440 w_ev=0.592 m_ev=0.104 m_v_bias=6.9 m_adv_std=37.0974 m_kl_max=0.0195 m_ratio_max=0.676 return=-182.8 length=200 success_rate=0.00 collisions/ep=0.22 (n=9)
update=133 global_step=272384 SPS=441 w_ev=0.884 m_ev=0.215 m_v_bias=-0.4 m_adv_std=8.0668 m_kl_max=0.0078 m_ratio_max=0.355 return=-197.7 length=200 success_rate=0.00 collisions/ep=0.40 (n=15)
update=134 global_step=274432 SPS=443 w_ev=0.915 m_ev=0.879 m_v_bias=-2.4 m_adv_std=2.4850 m_kl_max=0.0144 m_ratio_max=0.678 return=-176.5 length=200 success_rate=0.00 collisions/ep=0.00 (n=8)
update=135 global_step=276480 SPS=445 w_ev=0.853 m_ev=0.363 m_v_bias=-0.6 m_adv_std=9.7668 m_kl_max=0.0186 m_ratio_max=0.811 return=-185.9 length=200 success_rate=0.00 collisions/ep=0.22 (n=9)
Evaluation at update 135: return=-175.32, length=200.00, success_rate=0.00, collisions/ep=0.00
Solved-check at update 135: solved=False worst_gap=1197.01 at p_x0=2.00 p_y0=0.50 (consecutive=0)
update=136 global_step=278528 SPS=437 w_ev=0.882 m_ev=0.937 m_v_bias=-1.7 m_adv_std=1.7304 m_kl_max=0.0234 m_ratio_max=0.721 return=-178.6 length=200 success_rate=0.00 collisions/ep=0.00 (n=15)
update=137 global_step=280576 SPS=439 w_ev=0.863 m_ev=0.936 m_v_bias=-1.2 m_adv_std=1.5318 m_kl_max=0.0181 m_ratio_max=0.802 return=-177.3 length=200 success_rate=0.00 collisions/ep=0.00 (n=8)
update=138 global_step=282624 SPS=441 w_ev=0.924 m_ev=0.956 m_v_bias=-1.2 m_adv_std=1.3297 m_kl_max=0.0165 m_ratio_max=0.770 return=-178.0 length=200 success_rate=0.00 collisions/ep=0.00 (n=8)
update=139 global_step=284672 SPS=443 w_ev=0.465 m_ev=-0.009 m_v_bias=8.2 m_adv_std=41.9461 m_kl_max=0.0312 m_ratio_max=0.932 return=-180.1 length=200 success_rate=0.00 collisions/ep=0.11 (n=9)
update=140 global_step=286720 SPS=445 w_ev=0.918 m_ev=0.364 m_v_bias=-4.1 m_adv_std=8.9078 m_kl_max=0.0050 m_ratio_max=0.367 return=-199.1 length=200 success_rate=0.00 collisions/ep=0.53 (n=15)
Evaluation at update 140: return=-173.54, length=200.00, success_rate=0.00, collisions/ep=0.00
Solved-check at update 140: solved=False worst_gap=1195.36 at p_x0=2.00 p_y0=0.50 (consecutive=0)
update=141 global_step=288768 SPS=437 w_ev=0.578 m_ev=0.073 m_v_bias=7.4 m_adv_std=47.9050 m_kl_max=0.0370 m_ratio_max=1.066 return=-232.1 length=200 success_rate=0.00 collisions/ep=1.25 (n=8)
update=142 global_step=290816 SPS=439 w_ev=0.733 m_ev=0.288 m_v_bias=-5.5 m_adv_std=7.1477 m_kl_max=0.0215 m_ratio_max=0.743 return=-176.7 length=200 success_rate=0.00 collisions/ep=0.12 (n=8)
update=143 global_step=292864 SPS=441 w_ev=0.944 m_ev=0.911 m_v_bias=-3.5 m_adv_std=2.5429 m_kl_max=0.0318 m_ratio_max=1.586 return=-175.7 length=200 success_rate=0.00 collisions/ep=0.00 (n=16)
update=144 global_step=294912 SPS=443 w_ev=0.931 m_ev=0.949 m_v_bias=-1.9 m_adv_std=1.7555 m_kl_max=0.0053 m_ratio_max=0.318 return=-175.3 length=200 success_rate=0.00 collisions/ep=0.00 (n=8)
update=145 global_step=296960 SPS=444 w_ev=0.868 m_ev=0.937 m_v_bias=-1.5 m_adv_std=1.4889 m_kl_max=0.0203 m_ratio_max=0.668 return=-176.3 length=200 success_rate=0.00 collisions/ep=0.00 (n=8)
Evaluation at update 145: return=-175.02, length=200.00, success_rate=0.00, collisions/ep=0.00
Solved-check at update 145: solved=False worst_gap=1197.25 at p_x0=2.00 p_y0=0.50 (consecutive=0)
update=146 global_step=299008 SPS=437 w_ev=0.883 m_ev=0.966 m_v_bias=-0.9 m_adv_std=1.1524 m_kl_max=0.0140 m_ratio_max=0.435 return=-176.0 length=200 success_rate=0.00 collisions/ep=0.00 (n=9)
update=147 global_step=301056 SPS=438 w_ev=0.924 m_ev=0.968 m_v_bias=-1.1 m_adv_std=1.3518 m_kl_max=0.0178 m_ratio_max=0.638 return=-173.5 length=200 success_rate=0.00 collisions/ep=0.00 (n=15)
update=148 global_step=303104 SPS=440 w_ev=0.715 m_ev=0.162 m_v_bias=3.6 m_adv_std=19.1905 m_kl_max=0.0591 m_ratio_max=1.990 return=-198.0 length=200 success_rate=0.00 collisions/ep=0.38 (n=8)
update=149 global_step=305152 SPS=442 w_ev=0.873 m_ev=0.680 m_v_bias=-1.1 m_adv_std=3.6491 m_kl_max=0.0125 m_ratio_max=0.603 return=-176.4 length=200 success_rate=0.00 collisions/ep=0.00 (n=8)
update=150 global_step=307200 SPS=444 w_ev=0.905 m_ev=0.936 m_v_bias=-1.2 m_adv_std=1.6895 m_kl_max=0.0412 m_ratio_max=0.841 return=-174.2 length=200 success_rate=0.00 collisions/ep=0.00 (n=16)
Evaluation at update 150: return=-173.15, length=200.00, success_rate=0.00, collisions/ep=0.00
Solved-check at update 150: solved=False worst_gap=1194.79 at p_x0=2.00 p_y0=1.00 (consecutive=0)
update=151 global_step=309248 SPS=437 w_ev=0.922 m_ev=0.609 m_v_bias=0.2 m_adv_std=6.2102 m_kl_max=0.0270 m_ratio_max=0.612 return=-181.8 length=200 success_rate=0.00 collisions/ep=0.12 (n=8)
update=152 global_step=311296 SPS=439 w_ev=0.917 m_ev=0.955 m_v_bias=-0.9 m_adv_std=1.2868 m_kl_max=0.0332 m_ratio_max=0.789 return=-179.0 length=200 success_rate=0.00 collisions/ep=0.00 (n=8)
update=153 global_step=313344 SPS=441 w_ev=0.344 m_ev=0.028 m_v_bias=19.2 m_adv_std=68.3107 m_kl_max=0.0172 m_ratio_max=0.667 return=-266.8 length=200 success_rate=0.00 collisions/ep=1.89 (n=9)
update=154 global_step=315392 SPS=443 w_ev=0.827 m_ev=0.221 m_v_bias=2.5 m_adv_std=19.1350 m_kl_max=0.0183 m_ratio_max=0.865 return=-194.3 length=200 success_rate=0.00 collisions/ep=0.40 (n=15)
update=155 global_step=317440 SPS=445 w_ev=0.837 m_ev=0.332 m_v_bias=-1.3 m_adv_std=11.3977 m_kl_max=0.0290 m_ratio_max=1.064 return=-190.5 length=200 success_rate=0.00 collisions/ep=0.25 (n=8)
Evaluation at update 155: return=-173.18, length=200.00, success_rate=0.00, collisions/ep=0.00
Solved-check at update 155: solved=False worst_gap=1193.56 at p_x0=2.00 p_y0=0.00 (consecutive=0)
update=156 global_step=319488 SPS=438 w_ev=0.900 m_ev=0.586 m_v_bias=-1.6 m_adv_std=6.2959 m_kl_max=0.0142 m_ratio_max=0.486 return=-173.3 length=200 success_rate=0.00 collisions/ep=0.00 (n=8)
update=157 global_step=321536 SPS=440 w_ev=0.905 m_ev=0.940 m_v_bias=-2.7 m_adv_std=1.5322 m_kl_max=0.0242 m_ratio_max=0.997 return=-178.2 length=200 success_rate=0.00 collisions/ep=0.11 (n=9)
update=158 global_step=323584 SPS=441 w_ev=0.429 m_ev=0.042 m_v_bias=14.6 m_adv_std=73.9129 m_kl_max=0.0215 m_ratio_max=0.985 return=-215.7 length=200 success_rate=0.00 collisions/ep=0.80 (n=15)
update=159 global_step=325632 SPS=443 w_ev=0.506 m_ev=-0.214 m_v_bias=-3.7 m_adv_std=8.1178 m_kl_max=0.0420 m_ratio_max=1.622 return=-173.4 length=200 success_rate=0.00 collisions/ep=0.00 (n=8)
update=160 global_step=327680 SPS=445 w_ev=0.862 m_ev=0.582 m_v_bias=-2.3 m_adv_std=6.0741 m_kl_max=0.0568 m_ratio_max=1.679 return=-183.9 length=200 success_rate=0.00 collisions/ep=0.11 (n=9)
Evaluation at update 160: return=-175.89, length=200.00, success_rate=0.00, collisions/ep=0.00
Solved-check at update 160: solved=False worst_gap=1195.67 at p_x0=2.00 p_y0=0.50 (consecutive=0)
update=161 global_step=329728 SPS=438 w_ev=0.922 m_ev=0.928 m_v_bias=-2.0 m_adv_std=2.0043 m_kl_max=0.0218 m_ratio_max=0.543 return=-175.2 length=200 success_rate=0.00 collisions/ep=0.00 (n=15)
update=162 global_step=331776 SPS=440 w_ev=0.912 m_ev=0.961 m_v_bias=-1.9 m_adv_std=1.3977 m_kl_max=0.0174 m_ratio_max=0.688 return=-174.6 length=200 success_rate=0.00 collisions/ep=0.00 (n=8)
update=163 global_step=333824 SPS=441 w_ev=0.879 m_ev=0.946 m_v_bias=-0.9 m_adv_std=1.3510 m_kl_max=0.0340 m_ratio_max=1.307 return=-176.1 length=200 success_rate=0.00 collisions/ep=0.00 (n=8)
update=164 global_step=335872 SPS=443 w_ev=0.917 m_ev=0.966 m_v_bias=-1.3 m_adv_std=1.3133 m_kl_max=0.0462 m_ratio_max=1.470 return=-176.4 length=200 success_rate=0.00 collisions/ep=0.00 (n=9)
update=165 global_step=337920 SPS=445 w_ev=0.841 m_ev=0.231 m_v_bias=3.1 m_adv_std=16.3074 m_kl_max=0.0191 m_ratio_max=0.635 return=-183.6 length=200 success_rate=0.00 collisions/ep=0.20 (n=15)
Evaluation at update 165: return=-172.20, length=200.00, success_rate=0.00, collisions/ep=0.00
Solved-check at update 165: solved=False worst_gap=1192.61 at p_x0=2.00 p_y0=0.00 (consecutive=0)
update=166 global_step=339968 SPS=439 w_ev=0.879 m_ev=0.772 m_v_bias=-1.7 m_adv_std=2.6429 m_kl_max=0.0187 m_ratio_max=0.629 return=-177.9 length=200 success_rate=0.00 collisions/ep=0.00 (n=8)
update=167 global_step=342016 SPS=440 w_ev=0.906 m_ev=0.959 m_v_bias=-1.2 m_adv_std=1.3827 m_kl_max=0.0483 m_ratio_max=1.564 return=-178.2 length=200 success_rate=0.00 collisions/ep=0.00 (n=8)
update=168 global_step=344064 SPS=442 w_ev=0.884 m_ev=0.520 m_v_bias=0.4 m_adv_std=6.4640 m_kl_max=0.0238 m_ratio_max=0.717 return=-175.3 length=200 success_rate=0.00 collisions/ep=0.06 (n=16)
update=169 global_step=346112 SPS=443 w_ev=0.947 m_ev=0.974 m_v_bias=-1.1 m_adv_std=1.3037 m_kl_max=0.0233 m_ratio_max=0.784 return=-173.4 length=200 success_rate=0.00 collisions/ep=0.00 (n=8)
update=170 global_step=348160 SPS=445 w_ev=0.929 m_ev=0.600 m_v_bias=-0.1 m_adv_std=5.7677 m_kl_max=0.0377 m_ratio_max=0.951 return=-179.0 length=200 success_rate=0.00 collisions/ep=0.12 (n=8)
Evaluation at update 170: return=-169.89, length=200.00, success_rate=0.00, collisions/ep=0.00
Solved-check at update 170: solved=False worst_gap=1190.55 at p_x0=2.00 p_y0=0.00 (consecutive=0)
update=171 global_step=350208 SPS=439 w_ev=0.913 m_ev=0.968 m_v_bias=-1.4 m_adv_std=1.1904 m_kl_max=0.0268 m_ratio_max=0.747 return=-171.8 length=200 success_rate=0.00 collisions/ep=0.00 (n=9)
update=172 global_step=352256 SPS=441 w_ev=0.960 m_ev=0.987 m_v_bias=-1.0 m_adv_std=0.9964 m_kl_max=0.0347 m_ratio_max=1.080 return=-172.9 length=200 success_rate=0.00 collisions/ep=0.00 (n=15)
update=173 global_step=354304 SPS=442 w_ev=0.881 m_ev=0.288 m_v_bias=2.9 m_adv_std=13.2106 m_kl_max=0.0274 m_ratio_max=1.037 return=-190.6 length=200 success_rate=0.00 collisions/ep=0.38 (n=8)
update=174 global_step=356352 SPS=444 w_ev=0.438 m_ev=0.057 m_v_bias=10.7 m_adv_std=52.4394 m_kl_max=0.0265 m_ratio_max=0.971 return=-234.7 length=200 success_rate=0.00 collisions/ep=1.25 (n=8)
update=175 global_step=358400 SPS=446 w_ev=0.883 m_ev=0.356 m_v_bias=-4.3 m_adv_std=6.8963 m_kl_max=0.0276 m_ratio_max=0.820 return=-174.4 length=200 success_rate=0.00 collisions/ep=0.00 (n=16)
Evaluation at update 175: return=-170.28, length=200.00, success_rate=0.00, collisions/ep=0.00
Solved-check at update 175: solved=False worst_gap=1190.69 at p_x0=2.00 p_y0=0.00 (consecutive=0)
update=176 global_step=360448 SPS=439 w_ev=0.960 m_ev=0.824 m_v_bias=-2.5 m_adv_std=3.9292 m_kl_max=0.0279 m_ratio_max=0.640 return=-170.9 length=200 success_rate=0.00 collisions/ep=0.00 (n=8)
update=177 global_step=362496 SPS=441 w_ev=0.928 m_ev=0.945 m_v_bias=-2.3 m_adv_std=1.7032 m_kl_max=0.0087 m_ratio_max=0.389 return=-171.7 length=200 success_rate=0.00 collisions/ep=0.00 (n=8)
update=178 global_step=364544 SPS=443 w_ev=0.944 m_ev=0.979 m_v_bias=-1.6 m_adv_std=1.0870 m_kl_max=0.0201 m_ratio_max=0.997 return=-170.3 length=200 success_rate=0.00 collisions/ep=0.00 (n=9)
update=179 global_step=366592 SPS=444 w_ev=0.949 m_ev=0.751 m_v_bias=-0.1 m_adv_std=4.8001 m_kl_max=0.0143 m_ratio_max=0.605 return=-174.8 length=200 success_rate=0.00 collisions/ep=0.07 (n=15)
update=180 global_step=368640 SPS=446 w_ev=0.922 m_ev=0.978 m_v_bias=-0.5 m_adv_std=1.0294 m_kl_max=0.0203 m_ratio_max=0.600 return=-173.7 length=200 success_rate=0.00 collisions/ep=0.00 (n=8)
Evaluation at update 180: return=-169.51, length=200.00, success_rate=0.00, collisions/ep=0.00
Solved-check at update 180: solved=False worst_gap=1189.97 at p_x0=2.00 p_y0=0.50 (consecutive=0)
update=181 global_step=370688 SPS=439 w_ev=0.900 m_ev=0.163 m_v_bias=1.0 m_adv_std=11.6309 m_kl_max=0.0117 m_ratio_max=0.468 return=-171.0 length=200 success_rate=0.00 collisions/ep=0.00 (n=8)
update=182 global_step=372736 SPS=441 w_ev=0.949 m_ev=0.882 m_v_bias=-1.9 m_adv_std=2.5591 m_kl_max=0.0400 m_ratio_max=0.936 return=-179.9 length=200 success_rate=0.00 collisions/ep=0.22 (n=9)
update=183 global_step=374784 SPS=442 w_ev=0.970 m_ev=0.990 m_v_bias=-0.1 m_adv_std=0.9135 m_kl_max=0.0388 m_ratio_max=1.322 return=-170.8 length=200 success_rate=0.00 collisions/ep=0.00 (n=15)
update=184 global_step=376832 SPS=444 w_ev=0.857 m_ev=0.308 m_v_bias=2.1 m_adv_std=12.1161 m_kl_max=0.0266 m_ratio_max=0.920 return=-183.8 length=200 success_rate=0.00 collisions/ep=0.38 (n=8)
update=185 global_step=378880 SPS=445 w_ev=0.630 m_ev=-0.028 m_v_bias=8.5 m_adv_std=37.6890 m_kl_max=0.0187 m_ratio_max=0.639 return=-179.1 length=200 success_rate=0.00 collisions/ep=0.11 (n=9)
Evaluation at update 185: return=-170.58, length=200.00, success_rate=0.00, collisions/ep=0.00
Solved-check at update 185: solved=False worst_gap=1191.33 at p_x0=2.00 p_y0=0.50 (consecutive=0)
update=186 global_step=380928 SPS=437 w_ev=0.964 m_ev=0.592 m_v_bias=-5.0 m_adv_std=5.0932 m_kl_max=0.0161 m_ratio_max=0.611 return=-193.4 length=200 success_rate=0.00 collisions/ep=0.47 (n=15)
update=187 global_step=382976 SPS=438 w_ev=0.951 m_ev=0.584 m_v_bias=-2.2 m_adv_std=6.6414 m_kl_max=0.0137 m_ratio_max=0.520 return=-174.3 length=200 success_rate=0.00 collisions/ep=0.12 (n=8)
update=188 global_step=385024 SPS=439 w_ev=0.802 m_ev=0.960 m_v_bias=-1.7 m_adv_std=1.5283 m_kl_max=0.0224 m_ratio_max=1.414 return=-166.8 length=200 success_rate=0.00 collisions/ep=0.00 (n=8)
update=189 global_step=387072 SPS=441 w_ev=0.910 m_ev=0.298 m_v_bias=-0.3 m_adv_std=13.1773 m_kl_max=0.0063 m_ratio_max=0.335 return=-189.4 length=200 success_rate=0.00 collisions/ep=0.44 (n=9)
update=190 global_step=389120 SPS=442 w_ev=0.967 m_ev=0.670 m_v_bias=1.3 m_adv_std=6.5558 m_kl_max=0.0076 m_ratio_max=0.455 return=-172.6 length=200 success_rate=0.00 collisions/ep=0.07 (n=15)
Evaluation at update 190: return=-170.72, length=200.00, success_rate=0.00, collisions/ep=0.00
Solved-check at update 190: solved=False worst_gap=1191.30 at p_x0=2.00 p_y0=0.00 (consecutive=0)
update=191 global_step=391168 SPS=436 w_ev=0.925 m_ev=0.624 m_v_bias=0.5 m_adv_std=5.5796 m_kl_max=0.0410 m_ratio_max=1.296 return=-177.5 length=200 success_rate=0.00 collisions/ep=0.12 (n=8)
update=192 global_step=393216 SPS=438 w_ev=0.944 m_ev=0.969 m_v_bias=-0.9 m_adv_std=1.3239 m_kl_max=0.0628 m_ratio_max=0.977 return=-170.5 length=200 success_rate=0.00 collisions/ep=0.00 (n=8)
update=193 global_step=395264 SPS=439 w_ev=0.739 m_ev=-0.066 m_v_bias=6.3 m_adv_std=31.5897 m_kl_max=0.0318 m_ratio_max=1.166 return=-190.5 length=200 success_rate=0.00 collisions/ep=0.44 (n=16)
update=194 global_step=397312 SPS=440 w_ev=0.895 m_ev=0.277 m_v_bias=-3.6 m_adv_std=9.3788 m_kl_max=0.0092 m_ratio_max=0.479 return=-176.0 length=200 success_rate=0.00 collisions/ep=0.12 (n=8)
update=195 global_step=399360 SPS=442 w_ev=0.906 m_ev=0.418 m_v_bias=0.4 m_adv_std=9.7681 m_kl_max=0.0227 m_ratio_max=0.865 return=-182.1 length=200 success_rate=0.00 collisions/ep=0.25 (n=8)
Evaluation at update 195: return=-167.08, length=200.00, success_rate=0.00, collisions/ep=0.00
Solved-check at update 195: solved=False worst_gap=1187.63 at p_x0=2.00 p_y0=0.50 (consecutive=0)
update=196 global_step=401408 SPS=436 w_ev=0.963 m_ev=0.947 m_v_bias=-2.4 m_adv_std=2.1101 m_kl_max=0.0268 m_ratio_max=0.675 return=-172.6 length=200 success_rate=0.00 collisions/ep=0.11 (n=9)
update=197 global_step=403456 SPS=437 w_ev=0.971 m_ev=0.975 m_v_bias=-1.0 m_adv_std=1.4919 m_kl_max=0.0195 m_ratio_max=0.552 return=-165.0 length=200 success_rate=0.00 collisions/ep=0.00 (n=15)
update=198 global_step=405504 SPS=439 w_ev=0.957 m_ev=0.985 m_v_bias=-1.2 m_adv_std=1.0395 m_kl_max=0.0216 m_ratio_max=0.912 return=-169.1 length=200 success_rate=0.00 collisions/ep=0.00 (n=8)
update=199 global_step=407552 SPS=440 w_ev=0.957 m_ev=0.988 m_v_bias=-0.5 m_adv_std=0.8394 m_kl_max=0.0372 m_ratio_max=0.854 return=-163.3 length=200 success_rate=0.00 collisions/ep=0.00 (n=8)
update=200 global_step=409600 SPS=441 w_ev=0.961 m_ev=0.605 m_v_bias=0.6 m_adv_std=6.4090 m_kl_max=0.0141 m_ratio_max=0.551 return=-171.1 length=200 success_rate=0.00 collisions/ep=0.06 (n=16)
Evaluation at update 200: return=-166.27, length=200.00, success_rate=0.00, collisions/ep=0.00
Solved-check at update 200: solved=False worst_gap=1187.16 at p_x0=2.00 p_y0=0.50 (consecutive=0)
update=201 global_step=411648 SPS=436 w_ev=0.641 m_ev=0.048 m_v_bias=18.1 m_adv_std=53.1503 m_kl_max=0.0346 m_ratio_max=1.147 return=-263.0 length=200 success_rate=0.00 collisions/ep=1.88 (n=8)
update=202 global_step=413696 SPS=437 w_ev=0.863 m_ev=0.482 m_v_bias=-3.6 m_adv_std=9.6811 m_kl_max=0.0075 m_ratio_max=0.346 return=-180.1 length=200 success_rate=0.00 collisions/ep=0.25 (n=8)
update=203 global_step=415744 SPS=439 w_ev=0.943 m_ev=0.922 m_v_bias=-5.7 m_adv_std=2.6472 m_kl_max=0.0371 m_ratio_max=1.233 return=-167.3 length=200 success_rate=0.00 collisions/ep=0.00 (n=9)
update=204 global_step=417792 SPS=440 w_ev=0.977 m_ev=0.817 m_v_bias=-3.0 m_adv_std=5.2732 m_kl_max=0.0149 m_ratio_max=0.650 return=-169.9 length=200 success_rate=0.00 collisions/ep=0.07 (n=15)
update=205 global_step=419840 SPS=441 w_ev=0.942 m_ev=0.956 m_v_bias=-2.7 m_adv_std=1.6800 m_kl_max=0.0228 m_ratio_max=0.729 return=-165.4 length=200 success_rate=0.00 collisions/ep=0.00 (n=8)
Evaluation at update 205: return=-165.82, length=200.00, success_rate=0.00, collisions/ep=0.00
Solved-check at update 205: solved=False worst_gap=1185.49 at p_x0=2.00 p_y0=0.00 (consecutive=0)
update=206 global_step=421888 SPS=436 w_ev=0.961 m_ev=0.977 m_v_bias=-2.1 m_adv_std=1.2800 m_kl_max=0.0286 m_ratio_max=0.895 return=-170.5 length=200 success_rate=0.00 collisions/ep=0.00 (n=8)
update=207 global_step=423936 SPS=437 w_ev=0.947 m_ev=0.558 m_v_bias=-0.3 m_adv_std=6.4384 m_kl_max=0.0161 m_ratio_max=0.678 return=-165.2 length=200 success_rate=0.00 collisions/ep=0.00 (n=9)
update=208 global_step=425984 SPS=438 w_ev=0.981 m_ev=0.985 m_v_bias=-1.7 m_adv_std=1.2497 m_kl_max=0.0269 m_ratio_max=0.719 return=-171.0 length=200 success_rate=0.00 collisions/ep=0.07 (n=15)
update=209 global_step=428032 SPS=440 w_ev=0.961 m_ev=0.987 m_v_bias=-1.0 m_adv_std=0.9028 m_kl_max=0.0300 m_ratio_max=0.893 return=-162.5 length=200 success_rate=0.00 collisions/ep=0.00 (n=8)
update=210 global_step=430080 SPS=441 w_ev=0.968 m_ev=0.697 m_v_bias=0.4 m_adv_std=6.5299 m_kl_max=0.0074 m_ratio_max=0.414 return=-164.8 length=200 success_rate=0.00 collisions/ep=0.00 (n=9)
Evaluation at update 210: return=-164.35, length=200.00, success_rate=0.00, collisions/ep=0.00
Solved-check at update 210: solved=False worst_gap=1185.05 at p_x0=2.00 p_y0=0.00 (consecutive=0)
update=211 global_step=432128 SPS=436 w_ev=0.985 m_ev=0.988 m_v_bias=-1.1 m_adv_std=1.2216 m_kl_max=0.0197 m_ratio_max=0.803 return=-163.9 length=200 success_rate=0.00 collisions/ep=0.07 (n=15)
update=212 global_step=434176 SPS=437 w_ev=0.973 m_ev=0.990 m_v_bias=-0.7 m_adv_std=0.9656 m_kl_max=0.0207 m_ratio_max=0.651 return=-159.6 length=200 success_rate=0.00 collisions/ep=0.00 (n=8)
update=213 global_step=436224 SPS=439 w_ev=0.978 m_ev=0.993 m_v_bias=-0.6 m_adv_std=0.8282 m_kl_max=0.0778 m_ratio_max=2.882 return=-165.9 length=200 success_rate=0.00 collisions/ep=0.00 (n=8)
update=214 global_step=438272 SPS=440 w_ev=0.978 m_ev=0.696 m_v_bias=0.8 m_adv_std=6.4585 m_kl_max=0.0290 m_ratio_max=0.896 return=-159.4 length=200 success_rate=0.00 collisions/ep=0.00 (n=9)
update=215 global_step=440320 SPS=441 w_ev=0.989 m_ev=0.993 m_v_bias=-0.7 m_adv_std=1.0108 m_kl_max=0.0196 m_ratio_max=0.763 return=-165.6 length=200 success_rate=0.00 collisions/ep=0.07 (n=15)
Evaluation at update 215: return=-160.43, length=200.00, success_rate=0.00, collisions/ep=0.00
Solved-check at update 215: solved=False worst_gap=1180.99 at p_x0=2.00 p_y0=0.00 (consecutive=0)
update=216 global_step=442368 SPS=436 w_ev=0.925 m_ev=0.284 m_v_bias=0.2 m_adv_std=13.5754 m_kl_max=0.0287 m_ratio_max=1.438 return=-181.8 length=200 success_rate=0.00 collisions/ep=0.50 (n=8)
update=217 global_step=444416 SPS=438 w_ev=0.976 m_ev=0.984 m_v_bias=-0.5 m_adv_std=1.0896 m_kl_max=0.0306 m_ratio_max=0.715 return=-161.6 length=200 success_rate=0.00 collisions/ep=0.00 (n=8)
update=218 global_step=446464 SPS=439 w_ev=0.976 m_ev=0.994 m_v_bias=-0.5 m_adv_std=0.7350 m_kl_max=0.0529 m_ratio_max=1.892 return=-162.0 length=200 success_rate=0.00 collisions/ep=0.00 (n=16)
update=219 global_step=448512 SPS=440 w_ev=0.981 m_ev=0.996 m_v_bias=-0.5 m_adv_std=0.7582 m_kl_max=0.0336 m_ratio_max=1.194 return=-161.4 length=200 success_rate=0.00 collisions/ep=0.00 (n=8)
update=220 global_step=450560 SPS=441 w_ev=0.986 m_ev=0.996 m_v_bias=-0.7 m_adv_std=0.6128 m_kl_max=0.0407 m_ratio_max=1.242 return=-154.3 length=200 success_rate=0.00 collisions/ep=0.00 (n=8)
Evaluation at update 220: return=-157.28, length=200.00, success_rate=0.00, collisions/ep=0.00
Solved-check at update 220: solved=False worst_gap=1178.22 at p_x0=2.00 p_y0=0.00 (consecutive=0)
update=221 global_step=452608 SPS=437 w_ev=0.983 m_ev=0.994 m_v_bias=-0.4 m_adv_std=0.8152 m_kl_max=0.0468 m_ratio_max=0.830 return=-155.9 length=200 success_rate=0.00 collisions/ep=0.00 (n=9)
update=222 global_step=454656 SPS=438 w_ev=0.966 m_ev=0.455 m_v_bias=1.0 m_adv_std=10.4682 m_kl_max=0.0351 m_ratio_max=1.126 return=-157.3 length=200 success_rate=0.00 collisions/ep=0.00 (n=15)
update=223 global_step=456704 SPS=439 w_ev=0.980 m_ev=0.960 m_v_bias=-1.2 m_adv_std=1.8972 m_kl_max=0.0307 m_ratio_max=0.928 return=-169.5 length=200 success_rate=0.00 collisions/ep=0.25 (n=8)
update=224 global_step=458752 SPS=440 w_ev=0.958 m_ev=0.465 m_v_bias=1.9 m_adv_std=11.8420 m_kl_max=0.0311 m_ratio_max=0.810 return=-170.4 length=200 success_rate=0.00 collisions/ep=0.25 (n=8)
update=225 global_step=460800 SPS=442 w_ev=0.980 m_ev=0.960 m_v_bias=-0.6 m_adv_std=1.9227 m_kl_max=0.0552 m_ratio_max=0.935 return=-158.6 length=200 success_rate=0.00 collisions/ep=0.00 (n=16)
Evaluation at update 225: return=-154.40, length=200.00, success_rate=0.00, collisions/ep=0.00
Solved-check at update 225: solved=False worst_gap=1174.99 at p_x0=2.00 p_y0=0.00 (consecutive=0)
update=226 global_step=462848 SPS=437 w_ev=0.987 m_ev=0.987 m_v_bias=-0.8 m_adv_std=1.3947 m_kl_max=0.0414 m_ratio_max=1.144 return=-160.2 length=200 success_rate=0.00 collisions/ep=0.00 (n=8)
update=227 global_step=464896 SPS=438 w_ev=0.976 m_ev=0.993 m_v_bias=-0.9 m_adv_std=0.8879 m_kl_max=0.0518 m_ratio_max=1.468 return=-156.6 length=200 success_rate=0.00 collisions/ep=0.00 (n=8)
update=228 global_step=466944 SPS=439 w_ev=0.984 m_ev=0.995 m_v_bias=-0.7 m_adv_std=0.7345 m_kl_max=0.0513 m_ratio_max=1.821 return=-152.6 length=200 success_rate=0.00 collisions/ep=0.00 (n=9)
update=229 global_step=468992 SPS=441 w_ev=0.992 m_ev=0.997 m_v_bias=-0.6 m_adv_std=0.7450 m_kl_max=0.0517 m_ratio_max=1.447 return=-157.6 length=200 success_rate=0.00 collisions/ep=0.00 (n=15)
update=230 global_step=471040 SPS=442 w_ev=0.987 m_ev=0.994 m_v_bias=-0.8 m_adv_std=0.8090 m_kl_max=0.0640 m_ratio_max=1.746 return=-152.0 length=200 success_rate=0.00 collisions/ep=0.00 (n=8)
Evaluation at update 230: return=-151.01, length=200.00, success_rate=0.00, collisions/ep=0.00
Solved-check at update 230: solved=False worst_gap=1171.41 at p_x0=2.00 p_y0=0.00 (consecutive=0)
update=231 global_step=473088 SPS=437 w_ev=0.983 m_ev=0.996 m_v_bias=-0.8 m_adv_std=0.7330 m_kl_max=0.0612 m_ratio_max=1.338 return=-155.0 length=200 success_rate=0.00 collisions/ep=0.00 (n=8)
update=232 global_step=475136 SPS=438 w_ev=0.985 m_ev=0.996 m_v_bias=-0.8 m_adv_std=0.7582 m_kl_max=0.0496 m_ratio_max=1.842 return=-150.4 length=200 success_rate=0.00 collisions/ep=0.00 (n=9)
update=233 global_step=477184 SPS=440 w_ev=0.994 m_ev=0.997 m_v_bias=-0.6 m_adv_std=0.7559 m_kl_max=0.0533 m_ratio_max=1.038 return=-149.0 length=200 success_rate=0.00 collisions/ep=0.00 (n=15)
update=234 global_step=479232 SPS=441 w_ev=0.980 m_ev=0.995 m_v_bias=-1.1 m_adv_std=0.8283 m_kl_max=0.0381 m_ratio_max=0.803 return=-148.3 length=200 success_rate=0.00 collisions/ep=0.00 (n=8)
update=235 global_step=481280 SPS=442 w_ev=0.986 m_ev=0.995 m_v_bias=-1.0 m_adv_std=0.8230 m_kl_max=0.0440 m_ratio_max=1.922 return=-148.9 length=200 success_rate=0.00 collisions/ep=0.00 (n=9)
Evaluation at update 235: return=-146.17, length=200.00, success_rate=0.00, collisions/ep=0.00
Solved-check at update 235: solved=False worst_gap=1166.50 at p_x0=2.00 p_y0=0.00 (consecutive=0)
update=236 global_step=483328 SPS=437 w_ev=0.992 m_ev=0.996 m_v_bias=-0.6 m_adv_std=0.8872 m_kl_max=0.0499 m_ratio_max=1.153 return=-147.6 length=200 success_rate=0.00 collisions/ep=0.00 (n=15)
update=237 global_step=485376 SPS=438 w_ev=0.985 m_ev=0.849 m_v_bias=0.7 m_adv_std=6.0476 m_kl_max=0.0128 m_ratio_max=0.648 return=-155.2 length=200 success_rate=0.00 collisions/ep=0.12 (n=8)
update=238 global_step=487424 SPS=439 w_ev=0.787 m_ev=0.120 m_v_bias=16.0 m_adv_std=57.0052 m_kl_max=0.0245 m_ratio_max=0.696 return=-225.7 length=200 success_rate=0.00 collisions/ep=1.62 (n=8)
update=239 global_step=489472 SPS=440 w_ev=0.970 m_ev=0.761 m_v_bias=-2.5 m_adv_std=8.3138 m_kl_max=0.0195 m_ratio_max=0.921 return=-147.9 length=200 success_rate=0.00 collisions/ep=0.00 (n=9)
update=240 global_step=491520 SPS=442 w_ev=0.990 m_ev=0.745 m_v_bias=-0.5 m_adv_std=9.2942 m_kl_max=0.0328 m_ratio_max=0.919 return=-153.0 length=200 success_rate=0.00 collisions/ep=0.13 (n=15)
Evaluation at update 240: return=-146.23, length=200.00, success_rate=0.00, collisions/ep=0.00
Solved-check at update 240: solved=False worst_gap=1166.57 at p_x0=2.00 p_y0=0.00 (consecutive=0)
update=241 global_step=493568 SPS=437 w_ev=0.977 m_ev=0.569 m_v_bias=-0.5 m_adv_std=12.2214 m_kl_max=0.0284 m_ratio_max=1.222 return=-157.9 length=200 success_rate=0.00 collisions/ep=0.25 (n=8)
update=242 global_step=495616 SPS=438 w_ev=0.944 m_ev=0.409 m_v_bias=2.6 m_adv_std=19.4400 m_kl_max=0.0208 m_ratio_max=0.670 return=-172.8 length=200 success_rate=0.00 collisions/ep=0.50 (n=8)
update=243 global_step=497664 SPS=440 w_ev=0.986 m_ev=0.931 m_v_bias=-2.2 m_adv_std=3.5726 m_kl_max=0.0197 m_ratio_max=0.754 return=-154.5 length=200 success_rate=0.00 collisions/ep=0.06 (n=16)
update=244 global_step=499712 SPS=441 w_ev=0.991 m_ev=0.978 m_v_bias=-2.5 m_adv_std=2.2640 m_kl_max=0.0119 m_ratio_max=0.496 return=-149.2 length=200 success_rate=0.00 collisions/ep=0.00 (n=8)
update=245 global_step=501760 SPS=442 w_ev=0.988 m_ev=0.983 m_v_bias=-1.6 m_adv_std=1.5579 m_kl_max=0.0130 m_ratio_max=0.571 return=-149.3 length=200 success_rate=0.00 collisions/ep=0.00 (n=8)
Evaluation at update 245: return=-147.07, length=200.00, success_rate=0.00, collisions/ep=0.00
Solved-check at update 245: solved=False worst_gap=1167.29 at p_x0=2.00 p_y0=0.50 (consecutive=0)
update=246 global_step=503808 SPS=437 w_ev=0.990 m_ev=0.991 m_v_bias=-1.5 m_adv_std=1.2398 m_kl_max=0.0173 m_ratio_max=0.597 return=-148.2 length=200 success_rate=0.00 collisions/ep=0.00 (n=9)
update=247 global_step=505856 SPS=438 w_ev=0.992 m_ev=0.997 m_v_bias=-0.9 m_adv_std=0.8593 m_kl_max=0.0230 m_ratio_max=0.783 return=-148.3 length=200 success_rate=0.00 collisions/ep=0.00 (n=15)
update=248 global_step=507904 SPS=440 w_ev=0.980 m_ev=0.802 m_v_bias=0.9 m_adv_std=6.2384 m_kl_max=0.0248 m_ratio_max=0.712 return=-155.6 length=200 success_rate=0.00 collisions/ep=0.12 (n=8)
update=249 global_step=509952 SPS=441 w_ev=0.898 m_ev=0.223 m_v_bias=6.6 m_adv_std=30.0483 m_kl_max=0.0304 m_ratio_max=1.032 return=-178.7 length=200 success_rate=0.00 collisions/ep=0.62 (n=8)
update=250 global_step=512000 SPS=442 w_ev=0.978 m_ev=0.694 m_v_bias=-1.1 m_adv_std=7.6265 m_kl_max=0.0189 m_ratio_max=0.784 return=-154.3 length=200 success_rate=0.00 collisions/ep=0.12 (n=16)
Evaluation at update 250: return=-148.01, length=200.00, success_rate=0.00, collisions/ep=0.00
Solved-check at update 250: solved=False worst_gap=1169.42 at p_x0=2.00 p_y0=0.00 (consecutive=0)
update=251 global_step=514048 SPS=437 w_ev=0.989 m_ev=0.977 m_v_bias=-2.0 m_adv_std=2.2709 m_kl_max=0.0121 m_ratio_max=0.537 return=-148.0 length=200 success_rate=0.00 collisions/ep=0.00 (n=8)
update=252 global_step=516096 SPS=438 w_ev=0.988 m_ev=0.986 m_v_bias=-1.1 m_adv_std=1.4020 m_kl_max=0.0153 m_ratio_max=0.666 return=-150.2 length=200 success_rate=0.00 collisions/ep=0.00 (n=8)
update=253 global_step=518144 SPS=439 w_ev=0.987 m_ev=0.994 m_v_bias=-0.9 m_adv_std=1.0038 m_kl_max=0.0160 m_ratio_max=0.897 return=-149.2 length=200 success_rate=0.00 collisions/ep=0.00 (n=9)
update=254 global_step=520192 SPS=440 w_ev=0.940 m_ev=0.319 m_v_bias=3.1 m_adv_std=26.5195 m_kl_max=0.0215 m_ratio_max=0.920 return=-161.7 length=200 success_rate=0.00 collisions/ep=0.33 (n=15)
update=255 global_step=522240 SPS=441 w_ev=0.980 m_ev=0.938 m_v_bias=-1.4 m_adv_std=3.1626 m_kl_max=0.0058 m_ratio_max=0.500 return=-151.1 length=200 success_rate=0.00 collisions/ep=0.00 (n=8)
Evaluation at update 255: return=-148.05, length=200.00, success_rate=0.00, collisions/ep=0.00
Solved-check at update 255: solved=False worst_gap=1169.40 at p_x0=2.00 p_y0=0.50 (consecutive=0)
update=256 global_step=524288 SPS=437 w_ev=0.983 m_ev=0.989 m_v_bias=-1.3 m_adv_std=1.3459 m_kl_max=0.0051 m_ratio_max=0.353 return=-150.1 length=200 success_rate=0.00 collisions/ep=0.00 (n=8)
update=257 global_step=526336 SPS=438 w_ev=0.987 m_ev=0.994 m_v_bias=-0.8 m_adv_std=1.0001 m_kl_max=0.0149 m_ratio_max=0.690 return=-146.9 length=200 success_rate=0.00 collisions/ep=0.00 (n=9)
update=258 global_step=528384 SPS=439 w_ev=0.987 m_ev=0.861 m_v_bias=1.0 m_adv_std=6.0978 m_kl_max=0.0083 m_ratio_max=0.407 return=-154.9 length=200 success_rate=0.00 collisions/ep=0.07 (n=15)
update=259 global_step=530432 SPS=440 w_ev=0.987 m_ev=0.995 m_v_bias=-0.7 m_adv_std=0.8933 m_kl_max=0.0239 m_ratio_max=0.949 return=-151.0 length=200 success_rate=0.00 collisions/ep=0.00 (n=8)
update=260 global_step=532480 SPS=441 w_ev=0.987 m_ev=0.813 m_v_bias=0.6 m_adv_std=6.3347 m_kl_max=0.0179 m_ratio_max=0.694 return=-153.2 length=200 success_rate=0.00 collisions/ep=0.11 (n=9)
Evaluation at update 260: return=-148.20, length=200.00, success_rate=0.00, collisions/ep=0.00
Solved-check at update 260: solved=False worst_gap=1169.63 at p_x0=2.00 p_y0=0.00 (consecutive=0)
update=261 global_step=534528 SPS=437 w_ev=0.994 m_ev=0.994 m_v_bias=-1.1 m_adv_std=1.1327 m_kl_max=0.0226 m_ratio_max=0.717 return=-147.8 length=200 success_rate=0.00 collisions/ep=0.00 (n=15)
update=262 global_step=536576 SPS=438 w_ev=0.987 m_ev=0.996 m_v_bias=-0.7 m_adv_std=0.8338 m_kl_max=0.0519 m_ratio_max=1.169 return=-150.1 length=200 success_rate=0.00 collisions/ep=0.00 (n=8)
update=263 global_step=538624 SPS=439 w_ev=0.773 m_ev=0.023 m_v_bias=13.9 m_adv_std=41.8264 m_kl_max=0.0235 m_ratio_max=0.739 return=-195.7 length=200 success_rate=0.00 collisions/ep=1.00 (n=8)
update=264 global_step=540672 SPS=440 w_ev=0.916 m_ev=0.177 m_v_bias=3.0 m_adv_std=31.4662 m_kl_max=0.0394 m_ratio_max=0.873 return=-189.3 length=200 success_rate=0.00 collisions/ep=0.78 (n=9)
update=265 global_step=542720 SPS=441 w_ev=0.977 m_ev=0.921 m_v_bias=-3.9 m_adv_std=4.6478 m_kl_max=0.0174 m_ratio_max=0.707 return=-165.9 length=200 success_rate=0.00 collisions/ep=0.40 (n=15)
Evaluation at update 265: return=-148.07, length=200.00, success_rate=0.00, collisions/ep=0.00
Solved-check at update 265: solved=False worst_gap=1168.74 at p_x0=2.00 p_y0=0.00 (consecutive=0)
update=266 global_step=544768 SPS=437 w_ev=0.974 m_ev=0.974 m_v_bias=-3.3 m_adv_std=2.1604 m_kl_max=0.0159 m_ratio_max=0.589 return=-152.0 length=200 success_rate=0.00 collisions/ep=0.00 (n=8)
update=267 global_step=546816 SPS=439 w_ev=0.982 m_ev=0.987 m_v_bias=-2.1 m_adv_std=1.4436 m_kl_max=0.0355 m_ratio_max=0.747 return=-146.7 length=200 success_rate=0.00 collisions/ep=0.00 (n=8)
update=268 global_step=548864 SPS=440 w_ev=0.985 m_ev=0.813 m_v_bias=0.2 m_adv_std=6.1063 m_kl_max=0.0149 m_ratio_max=1.071 return=-151.6 length=200 success_rate=0.00 collisions/ep=0.06 (n=16)
update=269 global_step=550912 SPS=441 w_ev=0.987 m_ev=0.794 m_v_bias=0.7 m_adv_std=7.9906 m_kl_max=0.0201 m_ratio_max=0.914 return=-160.3 length=200 success_rate=0.00 collisions/ep=0.25 (n=8)
update=270 global_step=552960 SPS=441 w_ev=0.985 m_ev=0.985 m_v_bias=-0.9 m_adv_std=1.5827 m_kl_max=0.0148 m_ratio_max=0.516 return=-151.4 length=200 success_rate=0.00 collisions/ep=0.00 (n=8)
Evaluation at update 270: return=-148.04, length=200.00, success_rate=0.00, collisions/ep=0.00
Solved-check at update 270: solved=False worst_gap=1168.67 at p_x0=2.00 p_y0=0.50 (consecutive=0)
update=271 global_step=555008 SPS=437 w_ev=0.983 m_ev=0.793 m_v_bias=-0.2 m_adv_std=6.3028 m_kl_max=0.0130 m_ratio_max=0.638 return=-148.5 length=200 success_rate=0.00 collisions/ep=0.00 (n=9)
update=272 global_step=557056 SPS=438 w_ev=0.924 m_ev=0.160 m_v_bias=4.6 m_adv_std=25.7426 m_kl_max=0.0252 m_ratio_max=0.826 return=-157.6 length=200 success_rate=0.00 collisions/ep=0.20 (n=15)
update=273 global_step=559104 SPS=439 w_ev=0.308 m_ev=-0.031 m_v_bias=16.9 m_adv_std=117.0664 m_kl_max=0.0171 m_ratio_max=0.894 return=-182.1 length=200 success_rate=0.00 collisions/ep=0.62 (n=8)
update=274 global_step=561152 SPS=440 w_ev=0.904 m_ev=-4.216 m_v_bias=-12.1 m_adv_std=24.8526 m_kl_max=0.0193 m_ratio_max=0.565 return=-284.4 length=200 success_rate=0.00 collisions/ep=2.75 (n=8)
update=275 global_step=563200 SPS=441 w_ev=0.945 m_ev=0.576 m_v_bias=1.3 m_adv_std=8.7083 m_kl_max=0.0337 m_ratio_max=1.068 return=-155.6 length=200 success_rate=0.00 collisions/ep=0.06 (n=16)
Evaluation at update 275: return=-149.07, length=200.00, success_rate=0.00, collisions/ep=0.00
Solved-check at update 275: solved=False worst_gap=1168.93 at p_x0=2.00 p_y0=0.00 (consecutive=0)
update=276 global_step=565248 SPS=437 w_ev=0.965 m_ev=0.364 m_v_bias=4.0 m_adv_std=18.1720 m_kl_max=0.0325 m_ratio_max=0.876 return=-174.6 length=200 success_rate=0.00 collisions/ep=0.50 (n=8)
update=277 global_step=567296 SPS=438 w_ev=0.973 m_ev=0.883 m_v_bias=-1.7 m_adv_std=3.9023 m_kl_max=0.0172 m_ratio_max=0.528 return=-150.9 length=200 success_rate=0.00 collisions/ep=0.00 (n=8)
update=278 global_step=569344 SPS=439 w_ev=0.979 m_ev=0.978 m_v_bias=-0.7 m_adv_std=1.9848 m_kl_max=0.0244 m_ratio_max=1.078 return=-152.7 length=200 success_rate=0.00 collisions/ep=0.00 (n=9)
update=279 global_step=571392 SPS=440 w_ev=0.951 m_ev=0.356 m_v_bias=2.0 m_adv_std=15.6026 m_kl_max=0.0303 m_ratio_max=0.750 return=-163.1 length=200 success_rate=0.00 collisions/ep=0.27 (n=15)
update=280 global_step=573440 SPS=441 w_ev=0.981 m_ev=0.949 m_v_bias=-2.1 m_adv_std=2.9618 m_kl_max=0.0260 m_ratio_max=0.584 return=-151.1 length=200 success_rate=0.00 collisions/ep=0.00 (n=8)
Evaluation at update 280: return=-148.62, length=200.00, success_rate=0.00, collisions/ep=0.00
Solved-check at update 280: solved=False worst_gap=1168.64 at p_x0=2.00 p_y0=0.00 (consecutive=0)
update=281 global_step=575488 SPS=437 w_ev=0.981 m_ev=0.982 m_v_bias=-0.4 m_adv_std=1.6998 m_kl_max=0.0161 m_ratio_max=1.017 return=-149.1 length=200 success_rate=0.00 collisions/ep=0.00 (n=8)
update=282 global_step=577536 SPS=438 w_ev=0.984 m_ev=0.992 m_v_bias=-0.1 m_adv_std=1.2086 m_kl_max=0.0417 m_ratio_max=0.793 return=-149.4 length=200 success_rate=0.00 collisions/ep=0.00 (n=9)
update=283 global_step=579584 SPS=439 w_ev=0.984 m_ev=0.879 m_v_bias=0.4 m_adv_std=5.3396 m_kl_max=0.0421 m_ratio_max=1.127 return=-149.5 length=200 success_rate=0.00 collisions/ep=0.07 (n=15)
update=284 global_step=581632 SPS=440 w_ev=0.957 m_ev=0.405 m_v_bias=1.6 m_adv_std=14.5059 m_kl_max=0.0113 m_ratio_max=0.566 return=-169.0 length=200 success_rate=0.00 collisions/ep=0.38 (n=8)
update=285 global_step=583680 SPS=441 w_ev=0.969 m_ev=0.595 m_v_bias=1.8 m_adv_std=9.9113 m_kl_max=0.0150 m_ratio_max=0.658 return=-157.8 length=200 success_rate=0.00 collisions/ep=0.22 (n=9)
Evaluation at update 285: return=-148.69, length=200.00, success_rate=0.00, collisions/ep=0.00
Solved-check at update 285: solved=False worst_gap=1168.32 at p_x0=2.00 p_y0=0.50 (consecutive=0)
update=286 global_step=585728 SPS=437 w_ev=0.986 m_ev=0.827 m_v_bias=0.0 m_adv_std=6.5093 m_kl_max=0.0210 m_ratio_max=0.857 return=-155.6 length=200 success_rate=0.00 collisions/ep=0.13 (n=15)
update=287 global_step=587776 SPS=438 w_ev=0.983 m_ev=0.987 m_v_bias=-1.3 m_adv_std=1.6382 m_kl_max=0.0166 m_ratio_max=0.661 return=-148.0 length=200 success_rate=0.00 collisions/ep=0.00 (n=8)
update=288 global_step=589824 SPS=439 w_ev=0.985 m_ev=0.802 m_v_bias=0.5 m_adv_std=5.9931 m_kl_max=0.0276 m_ratio_max=0.619 return=-145.8 length=200 success_rate=0.00 collisions/ep=0.00 (n=8)
update=289 global_step=591872 SPS=440 w_ev=0.990 m_ev=0.991 m_v_bias=-0.9 m_adv_std=1.1979 m_kl_max=0.0394 m_ratio_max=0.975 return=-152.4 length=200 success_rate=0.00 collisions/ep=0.11 (n=9)
update=290 global_step=593920 SPS=441 w_ev=0.991 m_ev=0.994 m_v_bias=-0.5 m_adv_std=1.1875 m_kl_max=0.0320 m_ratio_max=0.928 return=-148.8 length=200 success_rate=0.00 collisions/ep=0.00 (n=15)
Evaluation at update 290: return=-148.16, length=200.00, success_rate=0.00, collisions/ep=0.00
Solved-check at update 290: solved=False worst_gap=1167.30 at p_x0=2.00 p_y0=0.50 (consecutive=0)
update=291 global_step=595968 SPS=437 w_ev=0.986 m_ev=0.994 m_v_bias=-0.8 m_adv_std=0.9436 m_kl_max=0.0539 m_ratio_max=0.736 return=-149.8 length=200 success_rate=0.00 collisions/ep=0.00 (n=8)
update=292 global_step=598016 SPS=438 w_ev=0.923 m_ev=0.219 m_v_bias=6.9 m_adv_std=30.6648 m_kl_max=0.0200 m_ratio_max=0.500 return=-186.3 length=200 success_rate=0.00 collisions/ep=0.75 (n=8)
update=293 global_step=600064 SPS=439 w_ev=0.965 m_ev=0.335 m_v_bias=0.6 m_adv_std=12.8705 m_kl_max=0.0135 m_ratio_max=0.518 return=-158.6 length=200 success_rate=0.00 collisions/ep=0.19 (n=16)
update=294 global_step=602112 SPS=440 w_ev=0.984 m_ev=0.937 m_v_bias=-2.7 m_adv_std=3.7749 m_kl_max=0.0373 m_ratio_max=0.969 return=-148.2 length=200 success_rate=0.00 collisions/ep=0.00 (n=8)
update=295 global_step=604160 SPS=441 w_ev=0.974 m_ev=0.536 m_v_bias=1.9 m_adv_std=13.0041 m_kl_max=0.0260 m_ratio_max=1.236 return=-167.8 length=200 success_rate=0.00 collisions/ep=0.38 (n=8)
Evaluation at update 295: return=-147.48, length=200.00, success_rate=0.00, collisions/ep=0.00
Solved-check at update 295: solved=False worst_gap=1167.08 at p_x0=2.00 p_y0=0.50 (consecutive=0)
update=296 global_step=606208 SPS=437 w_ev=0.972 m_ev=0.530 m_v_bias=2.2 m_adv_std=12.7073 m_kl_max=0.0139 m_ratio_max=0.562 return=-160.3 length=200 success_rate=0.00 collisions/ep=0.22 (n=9)
update=297 global_step=608256 SPS=438 w_ev=0.990 m_ev=0.964 m_v_bias=-2.3 m_adv_std=2.8188 m_kl_max=0.0188 m_ratio_max=0.737 return=-154.8 length=200 success_rate=0.00 collisions/ep=0.13 (n=15)
update=298 global_step=610304 SPS=438 w_ev=0.985 m_ev=0.985 m_v_bias=-1.4 m_adv_std=1.5535 m_kl_max=0.0329 m_ratio_max=0.586 return=-150.3 length=200 success_rate=0.00 collisions/ep=0.00 (n=8)
update=299 global_step=612352 SPS=439 w_ev=0.982 m_ev=0.769 m_v_bias=0.2 m_adv_std=6.1600 m_kl_max=0.0118 m_ratio_max=0.503 return=-149.3 length=200 success_rate=0.00 collisions/ep=0.00 (n=8)
update=300 global_step=614400 SPS=440 w_ev=0.990 m_ev=0.984 m_v_bias=-0.9 m_adv_std=1.7501 m_kl_max=0.0233 m_ratio_max=0.613 return=-150.0 length=200 success_rate=0.00 collisions/ep=0.06 (n=16)
Evaluation at update 300: return=-146.62, length=200.00, success_rate=0.00, collisions/ep=0.00
Solved-check at update 300: solved=False worst_gap=1166.35 at p_x0=2.00 p_y0=0.50 (consecutive=0)
update=301 global_step=616448 SPS=437 w_ev=0.985 m_ev=0.639 m_v_bias=3.3 m_adv_std=13.1731 m_kl_max=0.0400 m_ratio_max=0.844 return=-166.1 length=200 success_rate=0.00 collisions/ep=0.38 (n=8)
update=302 global_step=618496 SPS=438 w_ev=0.983 m_ev=0.829 m_v_bias=-0.1 m_adv_std=6.4111 m_kl_max=0.0275 m_ratio_max=0.978 return=-156.4 length=200 success_rate=0.00 collisions/ep=0.12 (n=8)
update=303 global_step=620544 SPS=439 w_ev=0.952 m_ev=0.250 m_v_bias=5.8 m_adv_std=25.3325 m_kl_max=0.0190 m_ratio_max=0.769 return=-156.7 length=200 success_rate=0.00 collisions/ep=0.22 (n=9)
update=304 global_step=622592 SPS=440 w_ev=0.989 m_ev=0.781 m_v_bias=-2.8 m_adv_std=8.1071 m_kl_max=0.0258 m_ratio_max=0.775 return=-169.5 length=200 success_rate=0.00 collisions/ep=0.40 (n=15)
update=305 global_step=624640 SPS=440 w_ev=0.987 m_ev=0.977 m_v_bias=-2.8 m_adv_std=2.1543 m_kl_max=0.0108 m_ratio_max=0.481 return=-148.2 length=200 success_rate=0.00 collisions/ep=0.00 (n=8)
Evaluation at update 305: return=-147.84, length=200.00, success_rate=0.00, collisions/ep=0.00
Solved-check at update 305: solved=False worst_gap=1167.50 at p_x0=2.00 p_y0=0.00 (consecutive=0)
update=306 global_step=626688 SPS=437 w_ev=0.990 m_ev=0.988 m_v_bias=-1.9 m_adv_std=1.4582 m_kl_max=0.0089 m_ratio_max=0.518 return=-145.3 length=200 success_rate=0.00 collisions/ep=0.00 (n=8)
update=307 global_step=628736 SPS=438 w_ev=0.991 m_ev=0.823 m_v_bias=0.1 m_adv_std=6.6878 m_kl_max=0.0588 m_ratio_max=3.684 return=-146.5 length=200 success_rate=0.00 collisions/ep=0.00 (n=9)
update=308 global_step=630784 SPS=439 w_ev=0.994 m_ev=0.988 m_v_bias=-1.5 m_adv_std=1.6876 m_kl_max=0.0137 m_ratio_max=0.642 return=-149.2 length=200 success_rate=0.00 collisions/ep=0.07 (n=15)
update=309 global_step=632832 SPS=440 w_ev=0.987 m_ev=0.994 m_v_bias=-0.9 m_adv_std=0.9928 m_kl_max=0.0259 m_ratio_max=0.557 return=-151.1 length=200 success_rate=0.00 collisions/ep=0.00 (n=8)
update=310 global_step=634880 SPS=440 w_ev=0.987 m_ev=0.819 m_v_bias=0.5 m_adv_std=6.1188 m_kl_max=0.0357 m_ratio_max=1.594 return=-150.3 length=200 success_rate=0.00 collisions/ep=0.11 (n=9)
Evaluation at update 310: return=-147.78, length=200.00, success_rate=0.00, collisions/ep=0.00
Solved-check at update 310: solved=False worst_gap=1167.46 at p_x0=2.00 p_y0=0.50 (consecutive=0)
update=311 global_step=636928 SPS=437 w_ev=0.975 m_ev=0.456 m_v_bias=3.9 m_adv_std=14.2638 m_kl_max=0.0359 m_ratio_max=1.106 return=-163.6 length=200 success_rate=0.00 collisions/ep=0.33 (n=15)
update=312 global_step=638976 SPS=438 w_ev=0.987 m_ev=0.822 m_v_bias=-3.0 m_adv_std=6.3351 m_kl_max=0.0134 m_ratio_max=0.573 return=-156.5 length=200 success_rate=0.00 collisions/ep=0.12 (n=8)
update=313 global_step=641024 SPS=439 w_ev=0.986 m_ev=0.823 m_v_bias=0.6 m_adv_std=6.3073 m_kl_max=0.0132 m_ratio_max=0.537 return=-156.4 length=200 success_rate=0.00 collisions/ep=0.12 (n=8)
update=314 global_step=643072 SPS=440 w_ev=0.983 m_ev=0.841 m_v_bias=-0.2 m_adv_std=5.7994 m_kl_max=0.0177 m_ratio_max=0.634 return=-148.5 length=200 success_rate=0.00 collisions/ep=0.00 (n=9)
update=315 global_step=645120 SPS=441 w_ev=0.939 m_ev=0.181 m_v_bias=1.9 m_adv_std=25.1848 m_kl_max=0.0229 m_ratio_max=1.170 return=-149.2 length=200 success_rate=0.00 collisions/ep=0.07 (n=15)
Evaluation at update 315: return=-148.01, length=200.00, success_rate=0.00, collisions/ep=0.00
Solved-check at update 315: solved=False worst_gap=1167.53 at p_x0=2.00 p_y0=0.00 (consecutive=0)
update=316 global_step=647168 SPS=437 w_ev=0.979 m_ev=0.740 m_v_bias=-2.4 m_adv_std=6.6343 m_kl_max=0.0161 m_ratio_max=0.745 return=-179.2 length=200 success_rate=0.00 collisions/ep=0.62 (n=8)
update=317 global_step=649216 SPS=438 w_ev=0.984 m_ev=0.862 m_v_bias=0.3 m_adv_std=5.0705 m_kl_max=0.0200 m_ratio_max=1.662 return=-151.9 length=200 success_rate=0.00 collisions/ep=0.12 (n=8)
update=318 global_step=651264 SPS=439 w_ev=0.988 m_ev=0.733 m_v_bias=3.1 m_adv_std=8.5647 m_kl_max=0.0129 m_ratio_max=0.617 return=-155.1 length=200 success_rate=0.00 collisions/ep=0.12 (n=16)
update=319 global_step=653312 SPS=440 w_ev=0.991 m_ev=0.990 m_v_bias=-0.9 m_adv_std=1.5843 m_kl_max=0.0208 m_ratio_max=0.819 return=-150.6 length=200 success_rate=0.00 collisions/ep=0.00 (n=8)
update=320 global_step=655360 SPS=440 w_ev=0.990 m_ev=0.993 m_v_bias=-1.0 m_adv_std=1.0922 m_kl_max=0.0268 m_ratio_max=0.576 return=-146.5 length=200 success_rate=0.00 collisions/ep=0.00 (n=8)
Evaluation at update 320: return=-147.33, length=200.00, success_rate=0.00, collisions/ep=0.00
Solved-check at update 320: solved=False worst_gap=1166.93 at p_x0=2.00 p_y0=0.00 (consecutive=0)
update=321 global_step=657408 SPS=437 w_ev=0.985 m_ev=0.692 m_v_bias=3.3 m_adv_std=10.0140 m_kl_max=0.0172 m_ratio_max=0.628 return=-158.1 length=200 success_rate=0.00 collisions/ep=0.22 (n=9)
update=322 global_step=659456 SPS=438 w_ev=0.993 m_ev=0.984 m_v_bias=-1.3 m_adv_std=1.9854 m_kl_max=0.0113 m_ratio_max=0.856 return=-150.5 length=200 success_rate=0.00 collisions/ep=0.07 (n=15)
update=323 global_step=661504 SPS=439 w_ev=0.988 m_ev=0.803 m_v_bias=0.2 m_adv_std=5.9509 m_kl_max=0.0203 m_ratio_max=0.855 return=-148.8 length=200 success_rate=0.00 collisions/ep=0.00 (n=8)
update=324 global_step=663552 SPS=440 w_ev=0.991 m_ev=0.992 m_v_bias=-1.1 m_adv_std=1.1288 m_kl_max=0.0217 m_ratio_max=0.667 return=-156.7 length=200 success_rate=0.00 collisions/ep=0.12 (n=8)
update=325 global_step=665600 SPS=441 w_ev=0.949 m_ev=0.270 m_v_bias=4.8 m_adv_std=24.3543 m_kl_max=0.0083 m_ratio_max=0.509 return=-161.0 length=200 success_rate=0.00 collisions/ep=0.25 (n=16)
Evaluation at update 325: return=-147.55, length=200.00, success_rate=0.00, collisions/ep=0.00
Solved-check at update 325: solved=False worst_gap=1167.01 at p_x0=2.00 p_y0=0.00 (consecutive=0)
update=326 global_step=667648 SPS=438 w_ev=0.989 m_ev=0.784 m_v_bias=-1.7 m_adv_std=7.5145 m_kl_max=0.0123 m_ratio_max=0.702 return=-155.4 length=200 success_rate=0.00 collisions/ep=0.12 (n=8)
update=327 global_step=669696 SPS=439 w_ev=0.991 m_ev=0.974 m_v_bias=-2.6 m_adv_std=2.1389 m_kl_max=0.0092 m_ratio_max=0.536 return=-147.3 length=200 success_rate=0.00 collisions/ep=0.00 (n=8)
update=328 global_step=671744 SPS=439 w_ev=0.992 m_ev=0.994 m_v_bias=-1.2 m_adv_std=1.1279 m_kl_max=0.0337 m_ratio_max=0.928 return=-145.3 length=200 success_rate=0.00 collisions/ep=0.00 (n=9)
update=329 global_step=673792 SPS=440 w_ev=0.978 m_ev=0.443 m_v_bias=3.3 m_adv_std=18.2671 m_kl_max=0.0726 m_ratio_max=2.420 return=-156.6 length=200 success_rate=0.00 collisions/ep=0.20 (n=15)
update=330 global_step=675840 SPS=441 w_ev=0.985 m_ev=0.690 m_v_bias=0.1 m_adv_std=8.6686 m_kl_max=0.0215 m_ratio_max=0.634 return=-153.0 length=200 success_rate=0.00 collisions/ep=0.12 (n=8)
Evaluation at update 330: return=-146.63, length=200.00, success_rate=0.00, collisions/ep=0.00
Solved-check at update 330: solved=False worst_gap=1166.13 at p_x0=2.00 p_y0=0.50 (consecutive=0)
update=331 global_step=677888 SPS=438 w_ev=0.984 m_ev=0.625 m_v_bias=1.0 m_adv_std=10.2889 m_kl_max=0.0258 m_ratio_max=0.761 return=-160.4 length=200 success_rate=0.00 collisions/ep=0.25 (n=8)
update=332 global_step=679936 SPS=439 w_ev=0.974 m_ev=0.622 m_v_bias=0.5 m_adv_std=11.9456 m_kl_max=0.0887 m_ratio_max=6.035 return=-172.7 length=200 success_rate=0.00 collisions/ep=0.56 (n=9)
update=333 global_step=681984 SPS=440 w_ev=0.934 m_ev=0.182 m_v_bias=6.1 m_adv_std=37.0602 m_kl_max=0.0218 m_ratio_max=0.965 return=-172.1 length=200 success_rate=0.00 collisions/ep=0.47 (n=15)
update=334 global_step=684032 SPS=440 w_ev=0.931 m_ev=0.232 m_v_bias=2.8 m_adv_std=29.9372 m_kl_max=0.0603 m_ratio_max=2.964 return=-183.9 length=200 success_rate=0.00 collisions/ep=0.75 (n=8)
update=335 global_step=686080 SPS=441 w_ev=0.980 m_ev=0.793 m_v_bias=-3.6 m_adv_std=7.0363 m_kl_max=0.0249 m_ratio_max=1.172 return=-147.1 length=200 success_rate=0.00 collisions/ep=0.00 (n=9)
Evaluation at update 335: return=-148.07, length=200.00, success_rate=0.00, collisions/ep=0.00
Solved-check at update 335: solved=False worst_gap=1167.46 at p_x0=2.00 p_y0=0.50 (consecutive=0)
update=336 global_step=688128 SPS=438 w_ev=0.988 m_ev=0.881 m_v_bias=-3.2 m_adv_std=5.4528 m_kl_max=0.0256 m_ratio_max=0.869 return=-154.1 length=200 success_rate=0.00 collisions/ep=0.13 (n=15)
update=337 global_step=690176 SPS=439 w_ev=0.988 m_ev=0.987 m_v_bias=-2.7 m_adv_std=1.7031 m_kl_max=0.0211 m_ratio_max=0.721 return=-144.9 length=200 success_rate=0.00 collisions/ep=0.00 (n=8)
update=338 global_step=692224 SPS=440 w_ev=0.971 m_ev=0.412 m_v_bias=1.7 m_adv_std=18.0597 m_kl_max=0.0095 m_ratio_max=0.381 return=-168.0 length=200 success_rate=0.00 collisions/ep=0.38 (n=8)
update=339 global_step=694272 SPS=441 w_ev=0.988 m_ev=0.972 m_v_bias=-1.9 m_adv_std=2.3138 m_kl_max=0.0151 m_ratio_max=0.668 return=-150.7 length=200 success_rate=0.00 collisions/ep=0.00 (n=9)
update=340 global_step=696320 SPS=442 w_ev=0.995 m_ev=0.991 m_v_bias=-1.1 m_adv_std=1.5432 m_kl_max=0.0403 m_ratio_max=1.123 return=-146.9 length=200 success_rate=0.00 collisions/ep=0.00 (n=15)
Evaluation at update 340: return=-146.81, length=200.00, success_rate=0.00, collisions/ep=0.00
Solved-check at update 340: solved=False worst_gap=1166.22 at p_x0=2.00 p_y0=0.00 (consecutive=0)
update=341 global_step=698368 SPS=439 w_ev=0.993 m_ev=0.993 m_v_bias=-0.7 m_adv_std=1.1298 m_kl_max=0.0227 m_ratio_max=0.640 return=-144.4 length=200 success_rate=0.00 collisions/ep=0.00 (n=8)
update=342 global_step=700416 SPS=439 w_ev=0.993 m_ev=0.995 m_v_bias=-0.6 m_adv_std=0.9727 m_kl_max=0.0502 m_ratio_max=0.893 return=-144.5 length=200 success_rate=0.00 collisions/ep=0.00 (n=8)
update=343 global_step=702464 SPS=440 w_ev=0.980 m_ev=0.427 m_v_bias=3.1 m_adv_std=13.6341 m_kl_max=0.0329 m_ratio_max=0.885 return=-159.2 length=200 success_rate=0.00 collisions/ep=0.25 (n=16)
update=344 global_step=704512 SPS=441 w_ev=0.992 m_ev=0.859 m_v_bias=-2.6 m_adv_std=6.0480 m_kl_max=0.0097 m_ratio_max=0.473 return=-153.5 length=200 success_rate=0.00 collisions/ep=0.12 (n=8)
update=345 global_step=706560 SPS=442 w_ev=0.905 m_ev=0.207 m_v_bias=5.3 m_adv_std=30.6564 m_kl_max=0.0167 m_ratio_max=0.484 return=-173.9 length=200 success_rate=0.00 collisions/ep=0.62 (n=8)
Evaluation at update 345: return=-147.01, length=200.00, success_rate=0.00, collisions/ep=0.00
Solved-check at update 345: solved=False worst_gap=1166.60 at p_x0=2.00 p_y0=0.00 (consecutive=0)
update=346 global_step=708608 SPS=439 w_ev=0.970 m_ev=0.440 m_v_bias=1.5 m_adv_std=17.3897 m_kl_max=0.0223 m_ratio_max=0.720 return=-164.2 length=200 success_rate=0.00 collisions/ep=0.33 (n=9)
update=347 global_step=710656 SPS=440 w_ev=0.990 m_ev=0.843 m_v_bias=-1.4 m_adv_std=7.3448 m_kl_max=0.0213 m_ratio_max=0.933 return=-152.7 length=200 success_rate=0.00 collisions/ep=0.13 (n=15)
update=348 global_step=712704 SPS=441 w_ev=0.991 m_ev=0.974 m_v_bias=-2.9 m_adv_std=2.1392 m_kl_max=0.0286 m_ratio_max=0.980 return=-147.9 length=200 success_rate=0.00 collisions/ep=0.00 (n=8)
update=349 global_step=714752 SPS=441 w_ev=0.978 m_ev=0.628 m_v_bias=-0.1 m_adv_std=11.4858 m_kl_max=0.0259 m_ratio_max=0.696 return=-159.3 length=200 success_rate=0.00 collisions/ep=0.25 (n=8)
update=350 global_step=716800 SPS=442 w_ev=0.983 m_ev=0.978 m_v_bias=-1.5 m_adv_std=2.0791 m_kl_max=0.0203 m_ratio_max=0.500 return=-146.3 length=200 success_rate=0.00 collisions/ep=0.00 (n=16)
Evaluation at update 350: return=-147.64, length=200.00, success_rate=0.00, collisions/ep=0.00
Solved-check at update 350: solved=False worst_gap=1167.94 at p_x0=2.00 p_y0=1.00 (consecutive=0)
update=351 global_step=718848 SPS=439 w_ev=0.994 m_ev=0.883 m_v_bias=0.5 m_adv_std=6.1445 m_kl_max=0.0141 m_ratio_max=0.802 return=-154.7 length=200 success_rate=0.00 collisions/ep=0.12 (n=8)
update=352 global_step=720896 SPS=440 w_ev=0.987 m_ev=0.989 m_v_bias=-1.2 m_adv_std=1.2282 m_kl_max=0.0171 m_ratio_max=0.761 return=-143.7 length=200 success_rate=0.00 collisions/ep=0.00 (n=8)
update=353 global_step=722944 SPS=441 w_ev=0.991 m_ev=0.995 m_v_bias=-1.0 m_adv_std=0.8739 m_kl_max=0.0205 m_ratio_max=0.606 return=-150.8 length=200 success_rate=0.00 collisions/ep=0.00 (n=9)
update=354 global_step=724992 SPS=442 w_ev=0.903 m_ev=0.229 m_v_bias=14.2 m_adv_std=38.1134 m_kl_max=0.0242 m_ratio_max=0.692 return=-183.6 length=200 success_rate=0.00 collisions/ep=0.67 (n=15)
update=355 global_step=727040 SPS=442 w_ev=0.968 m_ev=0.807 m_v_bias=-3.0 m_adv_std=5.9939 m_kl_max=0.0140 m_ratio_max=0.673 return=-148.0 length=200 success_rate=0.00 collisions/ep=0.00 (n=8)
Evaluation at update 355: return=-146.75, length=200.00, success_rate=0.00, collisions/ep=0.00
Solved-check at update 355: solved=False worst_gap=1167.96 at p_x0=2.00 p_y0=0.50 (consecutive=0)
update=356 global_step=729088 SPS=440 w_ev=0.988 m_ev=0.977 m_v_bias=-3.9 m_adv_std=2.1297 m_kl_max=0.0102 m_ratio_max=0.378 return=-152.0 length=200 success_rate=0.00 collisions/ep=0.00 (n=8)
update=357 global_step=731136 SPS=440 w_ev=0.989 m_ev=0.989 m_v_bias=-2.7 m_adv_std=1.3850 m_kl_max=0.0156 m_ratio_max=0.514 return=-147.6 length=200 success_rate=0.00 collisions/ep=0.00 (n=9)
update=358 global_step=733184 SPS=441 w_ev=0.994 m_ev=0.996 m_v_bias=-1.6 m_adv_std=1.0816 m_kl_max=0.0261 m_ratio_max=0.688 return=-147.7 length=200 success_rate=0.00 collisions/ep=0.00 (n=15)
update=359 global_step=735232 SPS=442 w_ev=0.992 m_ev=0.996 m_v_bias=-1.0 m_adv_std=0.7860 m_kl_max=0.0253 m_ratio_max=0.675 return=-145.2 length=200 success_rate=0.00 collisions/ep=0.00 (n=8)
update=360 global_step=737280 SPS=443 w_ev=0.961 m_ev=0.308 m_v_bias=2.7 m_adv_std=17.7362 m_kl_max=0.0249 m_ratio_max=0.803 return=-163.9 length=200 success_rate=0.00 collisions/ep=0.33 (n=9)
Evaluation at update 360: return=-145.42, length=200.00, success_rate=0.00, collisions/ep=0.00
Solved-check at update 360: solved=False worst_gap=1165.22 at p_x0=2.00 p_y0=0.00 (consecutive=0)
update=361 global_step=739328 SPS=440 w_ev=0.904 m_ev=0.113 m_v_bias=9.1 m_adv_std=44.0330 m_kl_max=0.0250 m_ratio_max=1.141 return=-180.1 length=200 success_rate=0.00 collisions/ep=0.67 (n=15)
update=362 global_step=741376 SPS=441 w_ev=0.972 m_ev=0.816 m_v_bias=-5.8 m_adv_std=7.5308 m_kl_max=0.0134 m_ratio_max=0.502 return=-152.0 length=200 success_rate=0.00 collisions/ep=0.12 (n=8)
update=363 global_step=743424 SPS=441 w_ev=0.990 m_ev=0.965 m_v_bias=-3.8 m_adv_std=2.5695 m_kl_max=0.0313 m_ratio_max=1.450 return=-146.4 length=200 success_rate=0.00 collisions/ep=0.00 (n=8)
update=364 global_step=745472 SPS=442 w_ev=0.946 m_ev=0.290 m_v_bias=4.2 m_adv_std=25.9041 m_kl_max=0.0232 m_ratio_max=0.702 return=-176.8 length=200 success_rate=0.00 collisions/ep=0.67 (n=9)
update=365 global_step=747520 SPS=443 w_ev=0.965 m_ev=0.611 m_v_bias=3.5 m_adv_std=16.8978 m_kl_max=0.0185 m_ratio_max=0.981 return=-163.5 length=200 success_rate=0.00 collisions/ep=0.40 (n=15)
Evaluation at update 365: return=-146.63, length=200.00, success_rate=0.00, collisions/ep=0.00
Solved-check at update 365: solved=False worst_gap=1166.22 at p_x0=2.00 p_y0=0.00 (consecutive=0)
update=366 global_step=749568 SPS=440 w_ev=0.977 m_ev=0.876 m_v_bias=-5.0 m_adv_std=5.0712 m_kl_max=0.0174 m_ratio_max=0.794 return=-145.3 length=200 success_rate=0.00 collisions/ep=0.00 (n=8)
update=367 global_step=751616 SPS=441 w_ev=0.989 m_ev=0.963 m_v_bias=-4.4 m_adv_std=2.5760 m_kl_max=0.0137 m_ratio_max=0.458 return=-145.4 length=200 success_rate=0.00 collisions/ep=0.00 (n=8)
update=368 global_step=753664 SPS=442 w_ev=0.995 m_ev=0.989 m_v_bias=-2.8 m_adv_std=1.5115 m_kl_max=0.0271 m_ratio_max=1.795 return=-145.5 length=200 success_rate=0.00 collisions/ep=0.00 (n=16)
update=369 global_step=755712 SPS=442 w_ev=0.988 m_ev=0.881 m_v_bias=-0.6 m_adv_std=5.8038 m_kl_max=0.0126 m_ratio_max=0.636 return=-151.5 length=200 success_rate=0.00 collisions/ep=0.12 (n=8)
update=370 global_step=757760 SPS=443 w_ev=0.979 m_ev=0.990 m_v_bias=-1.5 m_adv_std=1.2248 m_kl_max=0.0202 m_ratio_max=1.182 return=-150.3 length=200 success_rate=0.00 collisions/ep=0.00 (n=8)
Evaluation at update 370: return=-146.46, length=200.00, success_rate=0.00, collisions/ep=0.00
Solved-check at update 370: solved=False worst_gap=1165.81 at p_x0=2.00 p_y0=0.00 (consecutive=0)
update=371 global_step=759808 SPS=441 w_ev=0.984 m_ev=0.996 m_v_bias=-0.9 m_adv_std=0.8092 m_kl_max=0.0165 m_ratio_max=0.509 return=-149.3 length=200 success_rate=0.00 collisions/ep=0.00 (n=9)
update=372 global_step=761856 SPS=441 w_ev=0.990 m_ev=0.885 m_v_bias=0.3 m_adv_std=5.7757 m_kl_max=0.0201 m_ratio_max=0.861 return=-149.2 length=200 success_rate=0.00 collisions/ep=0.07 (n=15)
update=373 global_step=763904 SPS=442 w_ev=0.986 m_ev=0.841 m_v_bias=0.5 m_adv_std=6.1245 m_kl_max=0.0100 m_ratio_max=0.416 return=-152.3 length=200 success_rate=0.00 collisions/ep=0.12 (n=8)
update=374 global_step=765952 SPS=443 w_ev=0.946 m_ev=0.269 m_v_bias=8.2 m_adv_std=26.8212 m_kl_max=0.0236 m_ratio_max=0.753 return=-183.5 length=200 success_rate=0.00 collisions/ep=0.75 (n=8)
update=375 global_step=768000 SPS=444 w_ev=0.963 m_ev=0.259 m_v_bias=2.8 m_adv_std=19.7565 m_kl_max=0.0234 m_ratio_max=0.820 return=-168.0 length=200 success_rate=0.00 collisions/ep=0.44 (n=16)
Evaluation at update 375: return=-146.00, length=200.00, success_rate=0.00, collisions/ep=0.00
Solved-check at update 375: solved=False worst_gap=1165.42 at p_x0=2.00 p_y0=0.50 (consecutive=0)
update=376 global_step=770048 SPS=441 w_ev=0.941 m_ev=0.224 m_v_bias=1.2 m_adv_std=23.0039 m_kl_max=0.0399 m_ratio_max=1.012 return=-182.5 length=200 success_rate=0.00 collisions/ep=0.75 (n=8)
update=377 global_step=772096 SPS=442 w_ev=0.986 m_ev=0.927 m_v_bias=-4.8 m_adv_std=3.2905 m_kl_max=0.0160 m_ratio_max=0.675 return=-145.3 length=200 success_rate=0.00 collisions/ep=0.00 (n=8)
update=378 global_step=774144 SPS=443 w_ev=0.991 m_ev=0.851 m_v_bias=-1.4 m_adv_std=6.1931 m_kl_max=0.0147 m_ratio_max=0.527 return=-148.8 length=200 success_rate=0.00 collisions/ep=0.00 (n=9)
update=379 global_step=776192 SPS=443 w_ev=0.991 m_ev=0.994 m_v_bias=-2.1 m_adv_std=1.2333 m_kl_max=0.0160 m_ratio_max=0.475 return=-149.5 length=200 success_rate=0.00 collisions/ep=0.07 (n=15)
update=380 global_step=778240 SPS=444 w_ev=0.991 m_ev=0.994 m_v_bias=-1.3 m_adv_std=1.0690 m_kl_max=0.0140 m_ratio_max=0.488 return=-150.0 length=200 success_rate=0.00 collisions/ep=0.00 (n=8)
Evaluation at update 380: return=-145.70, length=200.00, success_rate=0.00, collisions/ep=0.00
Solved-check at update 380: solved=False worst_gap=1166.93 at p_x0=2.00 p_y0=0.50 (consecutive=0)
update=381 global_step=780288 SPS=441 w_ev=0.990 m_ev=0.996 m_v_bias=-0.9 m_adv_std=0.8774 m_kl_max=0.0341 m_ratio_max=0.669 return=-146.5 length=200 success_rate=0.00 collisions/ep=0.00 (n=8)
update=382 global_step=782336 SPS=442 w_ev=0.957 m_ev=0.194 m_v_bias=1.3 m_adv_std=15.6557 m_kl_max=0.0159 m_ratio_max=0.558 return=-145.1 length=200 success_rate=0.00 collisions/ep=0.00 (n=9)
update=383 global_step=784384 SPS=443 w_ev=0.988 m_ev=0.766 m_v_bias=-2.3 m_adv_std=8.0095 m_kl_max=0.0131 m_ratio_max=0.637 return=-158.6 length=200 success_rate=0.00 collisions/ep=0.27 (n=15)
update=384 global_step=786432 SPS=443 w_ev=0.980 m_ev=0.611 m_v_bias=0.4 m_adv_std=10.4948 m_kl_max=0.0242 m_ratio_max=1.078 return=-155.6 length=200 success_rate=0.00 collisions/ep=0.25 (n=8)
update=385 global_step=788480 SPS=444 w_ev=0.963 m_ev=0.288 m_v_bias=3.8 m_adv_std=20.5666 m_kl_max=0.0205 m_ratio_max=0.711 return=-163.6 length=200 success_rate=0.00 collisions/ep=0.33 (n=9)
Evaluation at update 385: return=-146.03, length=200.00, success_rate=0.00, collisions/ep=0.00
Solved-check at update 385: solved=False worst_gap=1165.49 at p_x0=2.00 p_y0=0.00 (consecutive=0)
update=386 global_step=790528 SPS=441 w_ev=0.972 m_ev=0.460 m_v_bias=-1.3 m_adv_std=17.1769 m_kl_max=0.0105 m_ratio_max=1.088 return=-174.8 length=200 success_rate=0.00 collisions/ep=0.60 (n=15)
update=387 global_step=792576 SPS=442 w_ev=0.985 m_ev=0.971 m_v_bias=-1.5 m_adv_std=2.6129 m_kl_max=0.0184 m_ratio_max=0.611 return=-144.4 length=200 success_rate=0.00 collisions/ep=0.00 (n=8)
update=388 global_step=794624 SPS=443 w_ev=0.983 m_ev=0.773 m_v_bias=1.0 m_adv_std=6.8701 m_kl_max=0.0140 m_ratio_max=1.091 return=-144.3 length=200 success_rate=0.00 collisions/ep=0.00 (n=8)
update=389 global_step=796672 SPS=444 w_ev=0.984 m_ev=0.588 m_v_bias=1.8 m_adv_std=11.8847 m_kl_max=0.0502 m_ratio_max=1.161 return=-153.6 length=200 success_rate=0.00 collisions/ep=0.11 (n=9)
update=390 global_step=798720 SPS=444 w_ev=0.994 m_ev=0.992 m_v_bias=-0.9 m_adv_std=1.4764 m_kl_max=0.0152 m_ratio_max=0.574 return=-151.9 length=200 success_rate=0.00 collisions/ep=0.13 (n=15)
Evaluation at update 390: return=-146.45, length=200.00, success_rate=0.00, collisions/ep=0.00
Solved-check at update 390: solved=False worst_gap=1166.07 at p_x0=2.00 p_y0=0.00 (consecutive=0)
update=391 global_step=800768 SPS=441 w_ev=0.983 m_ev=0.774 m_v_bias=0.1 m_adv_std=5.3151 m_kl_max=0.0127 m_ratio_max=0.468 return=-145.7 length=200 success_rate=0.00 collisions/ep=0.00 (n=8)
update=392 global_step=802816 SPS=442 w_ev=0.921 m_ev=0.206 m_v_bias=5.3 m_adv_std=30.2718 m_kl_max=0.0169 m_ratio_max=0.517 return=-188.2 length=200 success_rate=0.00 collisions/ep=0.75 (n=8)
update=393 global_step=804864 SPS=443 w_ev=0.986 m_ev=0.941 m_v_bias=-1.8 m_adv_std=3.5880 m_kl_max=0.0083 m_ratio_max=0.606 return=-145.9 length=200 success_rate=0.00 collisions/ep=0.00 (n=16)
update=394 global_step=806912 SPS=444 w_ev=0.991 m_ev=0.878 m_v_bias=-0.0 m_adv_std=6.0250 m_kl_max=0.0228 m_ratio_max=0.773 return=-153.8 length=200 success_rate=0.00 collisions/ep=0.12 (n=8)
update=395 global_step=808960 SPS=444 w_ev=0.990 m_ev=0.992 m_v_bias=-1.8 m_adv_std=1.1432 m_kl_max=0.0101 m_ratio_max=0.546 return=-147.2 length=200 success_rate=0.00 collisions/ep=0.00 (n=8)
Evaluation at update 395: return=-146.48, length=200.00, success_rate=0.00, collisions/ep=0.00
Solved-check at update 395: solved=False worst_gap=1166.24 at p_x0=2.00 p_y0=0.00 (consecutive=0)
update=396 global_step=811008 SPS=441 w_ev=0.982 m_ev=0.681 m_v_bias=0.1 m_adv_std=7.3118 m_kl_max=0.0304 m_ratio_max=1.305 return=-146.6 length=200 success_rate=0.00 collisions/ep=0.00 (n=9)
update=397 global_step=813056 SPS=442 w_ev=0.995 m_ev=0.964 m_v_bias=-2.5 m_adv_std=2.9572 m_kl_max=0.0073 m_ratio_max=0.406 return=-153.0 length=200 success_rate=0.00 collisions/ep=0.13 (n=15)
update=398 global_step=815104 SPS=443 w_ev=0.977 m_ev=0.477 m_v_bias=1.6 m_adv_std=12.5350 m_kl_max=0.0530 m_ratio_max=1.728 return=-151.3 length=200 success_rate=0.00 collisions/ep=0.12 (n=8)
update=399 global_step=817152 SPS=444 w_ev=0.990 m_ev=0.930 m_v_bias=-2.0 m_adv_std=3.5877 m_kl_max=0.0108 m_ratio_max=0.598 return=-158.1 length=200 success_rate=0.00 collisions/ep=0.25 (n=8)
update=400 global_step=819200 SPS=444 w_ev=0.988 m_ev=0.678 m_v_bias=1.6 m_adv_std=8.0031 m_kl_max=0.0163 m_ratio_max=0.661 return=-149.1 length=200 success_rate=0.00 collisions/ep=0.12 (n=16)
Evaluation at update 400: return=-146.17, length=200.00, success_rate=0.00, collisions/ep=0.00
Solved-check at update 400: solved=False worst_gap=1165.96 at p_x0=2.00 p_y0=0.00 (consecutive=0)
update=401 global_step=821248 SPS=442 w_ev=0.981 m_ev=0.585 m_v_bias=2.6 m_adv_std=13.9779 m_kl_max=0.0322 m_ratio_max=1.050 return=-168.7 length=200 success_rate=0.00 collisions/ep=0.38 (n=8)
update=402 global_step=823296 SPS=442 w_ev=0.987 m_ev=0.878 m_v_bias=-1.1 m_adv_std=4.9756 m_kl_max=0.0191 m_ratio_max=0.712 return=-154.5 length=200 success_rate=0.00 collisions/ep=0.12 (n=8)
update=403 global_step=825344 SPS=443 w_ev=0.987 m_ev=0.989 m_v_bias=-1.6 m_adv_std=1.3713 m_kl_max=0.0124 m_ratio_max=0.470 return=-147.6 length=200 success_rate=0.00 collisions/ep=0.00 (n=9)
update=404 global_step=827392 SPS=444 w_ev=0.994 m_ev=0.994 m_v_bias=-1.3 m_adv_std=1.1776 m_kl_max=0.0178 m_ratio_max=0.641 return=-148.4 length=200 success_rate=0.00 collisions/ep=0.00 (n=15)
update=405 global_step=829440 SPS=444 w_ev=0.988 m_ev=0.832 m_v_bias=0.6 m_adv_std=6.2919 m_kl_max=0.0261 m_ratio_max=1.108 return=-151.8 length=200 success_rate=0.00 collisions/ep=0.12 (n=8)
Evaluation at update 405: return=-145.60, length=200.00, success_rate=0.00, collisions/ep=0.00
Solved-check at update 405: solved=False worst_gap=1165.49 at p_x0=2.00 p_y0=0.00 (consecutive=0)
update=406 global_step=831488 SPS=442 w_ev=0.975 m_ev=0.540 m_v_bias=2.3 m_adv_std=13.3204 m_kl_max=0.0154 m_ratio_max=0.596 return=-169.0 length=200 success_rate=0.00 collisions/ep=0.38 (n=8)
update=407 global_step=833536 SPS=442 w_ev=0.953 m_ev=0.323 m_v_bias=3.5 m_adv_std=23.8977 m_kl_max=0.0332 m_ratio_max=0.953 return=-173.1 length=200 success_rate=0.00 collisions/ep=0.56 (n=9)
update=408 global_step=835584 SPS=443 w_ev=0.990 m_ev=0.966 m_v_bias=-2.4 m_adv_std=3.1222 m_kl_max=0.0129 m_ratio_max=0.440 return=-146.5 length=200 success_rate=0.00 collisions/ep=0.00 (n=15)
update=409 global_step=837632 SPS=444 w_ev=0.990 m_ev=0.986 m_v_bias=-1.8 m_adv_std=1.5331 m_kl_max=0.0146 m_ratio_max=0.474 return=-145.8 length=200 success_rate=0.00 collisions/ep=0.00 (n=8)
update=410 global_step=839680 SPS=445 w_ev=0.989 m_ev=0.993 m_v_bias=-1.6 m_adv_std=1.0340 m_kl_max=0.0144 m_ratio_max=0.660 return=-146.8 length=200 success_rate=0.00 collisions/ep=0.00 (n=9)
Evaluation at update 410: return=-145.38, length=200.00, success_rate=0.00, collisions/ep=0.00
Solved-check at update 410: solved=False worst_gap=1164.95 at p_x0=2.00 p_y0=0.00 (consecutive=0)
update=411 global_step=841728 SPS=442 w_ev=0.993 m_ev=0.997 m_v_bias=-1.1 m_adv_std=0.8822 m_kl_max=0.0223 m_ratio_max=0.810 return=-145.8 length=200 success_rate=0.00 collisions/ep=0.00 (n=15)
update=412 global_step=843776 SPS=443 w_ev=0.987 m_ev=0.799 m_v_bias=1.1 m_adv_std=7.4734 m_kl_max=0.0079 m_ratio_max=0.477 return=-151.4 length=200 success_rate=0.00 collisions/ep=0.12 (n=8)
update=413 global_step=845824 SPS=443 w_ev=0.816 m_ev=0.013 m_v_bias=5.9 m_adv_std=34.9113 m_kl_max=0.0291 m_ratio_max=0.927 return=-152.8 length=200 success_rate=0.00 collisions/ep=0.12 (n=8)
update=414 global_step=847872 SPS=444 w_ev=0.965 m_ev=0.346 m_v_bias=-3.7 m_adv_std=11.8292 m_kl_max=0.0181 m_ratio_max=0.841 return=-194.8 length=200 success_rate=0.00 collisions/ep=1.00 (n=9)
update=415 global_step=849920 SPS=445 w_ev=0.973 m_ev=0.353 m_v_bias=1.3 m_adv_std=15.4807 m_kl_max=0.0098 m_ratio_max=0.542 return=-160.0 length=200 success_rate=0.00 collisions/ep=0.27 (n=15)
Evaluation at update 415: return=-145.91, length=200.00, success_rate=0.00, collisions/ep=0.00
Solved-check at update 415: solved=False worst_gap=1165.30 at p_x0=2.00 p_y0=0.00 (consecutive=0)
update=416 global_step=851968 SPS=442 w_ev=0.977 m_ev=0.935 m_v_bias=-3.3 m_adv_std=3.2754 m_kl_max=0.0167 m_ratio_max=0.948 return=-153.3 length=200 success_rate=0.00 collisions/ep=0.25 (n=8)
update=417 global_step=854016 SPS=443 w_ev=0.989 m_ev=0.994 m_v_bias=-1.2 m_adv_std=1.0285 m_kl_max=0.0322 m_ratio_max=1.213 return=-144.5 length=200 success_rate=0.00 collisions/ep=0.00 (n=8)
update=418 global_step=856064 SPS=444 w_ev=0.989 m_ev=0.996 m_v_bias=-0.9 m_adv_std=0.8632 m_kl_max=0.0184 m_ratio_max=0.473 return=-146.5 length=200 success_rate=0.00 collisions/ep=0.00 (n=16)
update=419 global_step=858112 SPS=444 w_ev=0.906 m_ev=0.220 m_v_bias=13.4 m_adv_std=39.7197 m_kl_max=0.0261 m_ratio_max=1.289 return=-207.6 length=200 success_rate=0.00 collisions/ep=1.25 (n=8)
update=420 global_step=860160 SPS=445 w_ev=0.961 m_ev=0.545 m_v_bias=-0.2 m_adv_std=13.6035 m_kl_max=0.0167 m_ratio_max=0.506 return=-156.6 length=200 success_rate=0.00 collisions/ep=0.25 (n=8)
Evaluation at update 420: return=-144.97, length=200.00, success_rate=0.00, collisions/ep=0.00
Solved-check at update 420: solved=False worst_gap=1165.25 at p_x0=2.00 p_y0=0.00 (consecutive=0)
update=421 global_step=862208 SPS=443 w_ev=0.974 m_ev=0.593 m_v_bias=-4.8 m_adv_std=10.1148 m_kl_max=0.0218 m_ratio_max=0.832 return=-152.2 length=200 success_rate=0.00 collisions/ep=0.11 (n=9)
update=422 global_step=864256 SPS=443 w_ev=0.988 m_ev=0.778 m_v_bias=-1.2 m_adv_std=9.1095 m_kl_max=0.0144 m_ratio_max=0.539 return=-160.6 length=200 success_rate=0.00 collisions/ep=0.27 (n=15)
update=423 global_step=866304 SPS=444 w_ev=0.979 m_ev=0.747 m_v_bias=-1.2 m_adv_std=8.3906 m_kl_max=0.0231 m_ratio_max=0.729 return=-156.9 length=200 success_rate=0.00 collisions/ep=0.25 (n=8)
update=424 global_step=868352 SPS=444 w_ev=0.965 m_ev=0.425 m_v_bias=0.4 m_adv_std=18.0068 m_kl_max=0.0294 m_ratio_max=0.716 return=-165.4 length=200 success_rate=0.00 collisions/ep=0.38 (n=8)
update=425 global_step=870400 SPS=445 w_ev=0.988 m_ev=0.968 m_v_bias=-2.8 m_adv_std=2.5346 m_kl_max=0.0109 m_ratio_max=0.450 return=-145.6 length=200 success_rate=0.00 collisions/ep=0.00 (n=16)
Evaluation at update 425: return=-145.14, length=200.00, success_rate=0.00, collisions/ep=0.00
Solved-check at update 425: solved=False worst_gap=1165.36 at p_x0=2.00 p_y0=0.50 (consecutive=0)
update=426 global_step=872448 SPS=443 w_ev=0.994 m_ev=0.991 m_v_bias=-1.8 m_adv_std=1.6222 m_kl_max=0.0162 m_ratio_max=0.787 return=-143.3 length=200 success_rate=0.00 collisions/ep=0.00 (n=8)
update=427 global_step=874496 SPS=443 w_ev=0.991 m_ev=0.992 m_v_bias=-1.3 m_adv_std=1.0698 m_kl_max=0.0200 m_ratio_max=0.701 return=-144.1 length=200 success_rate=0.00 collisions/ep=0.00 (n=8)
update=428 global_step=876544 SPS=444 w_ev=0.993 m_ev=0.997 m_v_bias=-1.0 m_adv_std=0.8120 m_kl_max=0.0180 m_ratio_max=1.124 return=-149.7 length=200 success_rate=0.00 collisions/ep=0.00 (n=9)
update=429 global_step=878592 SPS=445 w_ev=0.956 m_ev=0.369 m_v_bias=6.9 m_adv_std=24.8979 m_kl_max=0.0215 m_ratio_max=0.770 return=-160.0 length=200 success_rate=0.00 collisions/ep=0.33 (n=15)
update=430 global_step=880640 SPS=445 w_ev=0.976 m_ev=0.614 m_v_bias=1.0 m_adv_std=12.3959 m_kl_max=0.0200 m_ratio_max=0.626 return=-157.2 length=200 success_rate=0.00 collisions/ep=0.25 (n=8)
Evaluation at update 430: return=-145.33, length=200.00, success_rate=0.00, collisions/ep=0.00
Solved-check at update 430: solved=False worst_gap=1165.14 at p_x0=2.00 p_y0=-0.50 (consecutive=0)
update=431 global_step=882688 SPS=443 w_ev=0.938 m_ev=0.268 m_v_bias=3.2 m_adv_std=24.9932 m_kl_max=0.0294 m_ratio_max=1.199 return=-152.1 length=200 success_rate=0.00 collisions/ep=0.12 (n=8)
update=432 global_step=884736 SPS=444 w_ev=0.983 m_ev=0.966 m_v_bias=-4.5 m_adv_std=2.5654 m_kl_max=0.0178 m_ratio_max=0.856 return=-166.8 length=200 success_rate=0.00 collisions/ep=0.44 (n=9)
update=433 global_step=886784 SPS=445 w_ev=0.986 m_ev=0.678 m_v_bias=-0.1 m_adv_std=12.3762 m_kl_max=0.0225 m_ratio_max=0.866 return=-151.3 length=200 success_rate=0.00 collisions/ep=0.13 (n=15)
update=434 global_step=888832 SPS=445 w_ev=0.987 m_ev=0.974 m_v_bias=-2.9 m_adv_std=2.2570 m_kl_max=0.0197 m_ratio_max=0.783 return=-147.3 length=200 success_rate=0.00 collisions/ep=0.00 (n=8)
update=435 global_step=890880 SPS=446 w_ev=0.981 m_ev=0.567 m_v_bias=0.5 m_adv_std=11.8926 m_kl_max=0.0319 m_ratio_max=0.668 return=-144.2 length=200 success_rate=0.00 collisions/ep=0.00 (n=9)
Evaluation at update 435: return=-145.46, length=200.00, success_rate=0.00, collisions/ep=0.00
Solved-check at update 435: solved=False worst_gap=1167.35 at p_x0=2.00 p_y0=0.00 (consecutive=0)
update=436 global_step=892928 SPS=443 w_ev=0.992 m_ev=0.859 m_v_bias=-1.0 m_adv_std=6.1521 m_kl_max=0.0074 m_ratio_max=0.577 return=-156.1 length=200 success_rate=0.00 collisions/ep=0.20 (n=15)
update=437 global_step=894976 SPS=444 w_ev=0.968 m_ev=0.484 m_v_bias=3.8 m_adv_std=15.9855 m_kl_max=0.0128 m_ratio_max=0.584 return=-167.7 length=200 success_rate=0.00 collisions/ep=0.38 (n=8)
update=438 global_step=897024 SPS=445 w_ev=0.990 m_ev=0.984 m_v_bias=-3.1 m_adv_std=1.7169 m_kl_max=0.0154 m_ratio_max=0.779 return=-157.3 length=200 success_rate=0.00 collisions/ep=0.25 (n=8)
update=439 global_step=899072 SPS=445 w_ev=0.991 m_ev=0.992 m_v_bias=-2.2 m_adv_std=1.3164 m_kl_max=0.0119 m_ratio_max=0.597 return=-144.3 length=200 success_rate=0.00 collisions/ep=0.00 (n=9)
update=440 global_step=901120 SPS=446 w_ev=0.994 m_ev=0.995 m_v_bias=-1.4 m_adv_std=1.1462 m_kl_max=0.0195 m_ratio_max=1.210 return=-148.0 length=200 success_rate=0.00 collisions/ep=0.00 (n=15)
Evaluation at update 440: return=-146.12, length=200.00, success_rate=0.00, collisions/ep=0.00
Solved-check at update 440: solved=False worst_gap=1167.87 at p_x0=2.00 p_y0=0.50 (consecutive=0)
update=441 global_step=903168 SPS=444 w_ev=0.989 m_ev=0.996 m_v_bias=-1.0 m_adv_std=0.8874 m_kl_max=0.0302 m_ratio_max=1.796 return=-144.1 length=200 success_rate=0.00 collisions/ep=0.00 (n=8)
update=442 global_step=905216 SPS=444 w_ev=0.983 m_ev=0.839 m_v_bias=0.7 m_adv_std=6.1634 m_kl_max=0.0157 m_ratio_max=0.541 return=-144.8 length=200 success_rate=0.00 collisions/ep=0.00 (n=8)
update=443 global_step=907264 SPS=445 w_ev=0.983 m_ev=0.604 m_v_bias=2.2 m_adv_std=9.6970 m_kl_max=0.0188 m_ratio_max=0.998 return=-155.0 length=200 success_rate=0.00 collisions/ep=0.25 (n=16)
update=444 global_step=909312 SPS=446 w_ev=0.987 m_ev=0.972 m_v_bias=-2.7 m_adv_std=2.5270 m_kl_max=0.0312 m_ratio_max=1.072 return=-149.2 length=200 success_rate=0.00 collisions/ep=0.00 (n=8)
update=445 global_step=911360 SPS=446 w_ev=0.989 m_ev=0.842 m_v_bias=0.2 m_adv_std=5.8568 m_kl_max=0.0286 m_ratio_max=1.498 return=-153.8 length=200 success_rate=0.00 collisions/ep=0.12 (n=8)
Evaluation at update 445: return=-145.88, length=200.00, success_rate=0.00, collisions/ep=0.00
Solved-check at update 445: solved=False worst_gap=1167.78 at p_x0=2.00 p_y0=0.00 (consecutive=0)
update=446 global_step=913408 SPS=444 w_ev=0.968 m_ev=0.425 m_v_bias=2.8 m_adv_std=13.3645 m_kl_max=0.0180 m_ratio_max=0.848 return=-145.6 length=200 success_rate=0.00 collisions/ep=0.00 (n=9)
update=447 global_step=915456 SPS=445 w_ev=0.995 m_ev=0.982 m_v_bias=-2.4 m_adv_std=2.0594 m_kl_max=0.0331 m_ratio_max=0.624 return=-155.5 length=200 success_rate=0.00 collisions/ep=0.20 (n=15)
update=448 global_step=917504 SPS=445 w_ev=0.988 m_ev=0.851 m_v_bias=-0.9 m_adv_std=5.7339 m_kl_max=0.0215 m_ratio_max=1.065 return=-155.5 length=200 success_rate=0.00 collisions/ep=0.12 (n=8)
update=449 global_step=919552 SPS=446 w_ev=0.911 m_ev=0.199 m_v_bias=5.9 m_adv_std=34.3059 m_kl_max=0.0576 m_ratio_max=3.623 return=-188.5 length=200 success_rate=0.00 collisions/ep=0.88 (n=8)
update=450 global_step=921600 SPS=446 w_ev=0.981 m_ev=0.902 m_v_bias=-1.6 m_adv_std=4.5734 m_kl_max=0.0164 m_ratio_max=0.954 return=-145.8 length=200 success_rate=0.00 collisions/ep=0.00 (n=16)
Evaluation at update 450: return=-146.13, length=200.00, success_rate=0.00, collisions/ep=0.00
Solved-check at update 450: solved=False worst_gap=1168.09 at p_x0=2.00 p_y0=0.00 (consecutive=0)
update=451 global_step=923648 SPS=444 w_ev=0.984 m_ev=0.670 m_v_bias=0.2 m_adv_std=10.7660 m_kl_max=0.0132 m_ratio_max=0.672 return=-145.6 length=200 success_rate=0.00 collisions/ep=0.00 (n=8)
update=452 global_step=925696 SPS=445 w_ev=0.991 m_ev=0.993 m_v_bias=-1.9 m_adv_std=1.1105 m_kl_max=0.0360 m_ratio_max=2.468 return=-155.3 length=200 success_rate=0.00 collisions/ep=0.25 (n=8)
update=453 global_step=927744 SPS=445 w_ev=0.977 m_ev=0.470 m_v_bias=2.3 m_adv_std=11.2490 m_kl_max=0.0273 m_ratio_max=1.017 return=-146.4 length=200 success_rate=0.00 collisions/ep=0.00 (n=9)
update=454 global_step=929792 SPS=446 w_ev=0.983 m_ev=0.552 m_v_bias=1.7 m_adv_std=13.8919 m_kl_max=0.0164 m_ratio_max=0.694 return=-167.1 length=200 success_rate=0.00 collisions/ep=0.40 (n=15)
update=455 global_step=931840 SPS=447 w_ev=0.986 m_ev=0.973 m_v_bias=-3.3 m_adv_std=2.1885 m_kl_max=0.0206 m_ratio_max=0.888 return=-149.0 length=200 success_rate=0.00 collisions/ep=0.00 (n=8)
Evaluation at update 455: return=-145.67, length=200.00, success_rate=0.00, collisions/ep=0.00
Solved-check at update 455: solved=False worst_gap=1167.66 at p_x0=2.00 p_y0=0.50 (consecutive=0)
update=456 global_step=933888 SPS=444 w_ev=0.990 m_ev=0.993 m_v_bias=-1.8 m_adv_std=1.1628 m_kl_max=0.0177 m_ratio_max=0.544 return=-148.7 length=200 success_rate=0.00 collisions/ep=0.00 (n=8)
update=457 global_step=935936 SPS=445 w_ev=0.990 m_ev=0.995 m_v_bias=-1.5 m_adv_std=0.9611 m_kl_max=0.0315 m_ratio_max=1.960 return=-141.9 length=200 success_rate=0.00 collisions/ep=0.00 (n=9)
update=458 global_step=937984 SPS=445 w_ev=0.996 m_ev=0.998 m_v_bias=-0.7 m_adv_std=0.8095 m_kl_max=0.0468 m_ratio_max=1.201 return=-146.2 length=200 success_rate=0.00 collisions/ep=0.00 (n=15)
update=459 global_step=940032 SPS=446 w_ev=0.993 m_ev=0.998 m_v_bias=-0.6 m_adv_std=0.6453 m_kl_max=0.0161 m_ratio_max=0.506 return=-144.3 length=200 success_rate=0.00 collisions/ep=0.00 (n=8)
update=460 global_step=942080 SPS=447 w_ev=0.918 m_ev=0.210 m_v_bias=5.1 m_adv_std=29.6771 m_kl_max=0.0222 m_ratio_max=0.629 return=-170.5 length=200 success_rate=0.00 collisions/ep=0.56 (n=9)
Evaluation at update 460: return=-145.09, length=200.00, success_rate=0.00, collisions/ep=0.00
Solved-check at update 460: solved=False worst_gap=1167.06 at p_x0=2.00 p_y0=0.00 (consecutive=0)
update=461 global_step=944128 SPS=444 w_ev=0.994 m_ev=0.968 m_v_bias=-1.6 m_adv_std=2.8987 m_kl_max=0.0129 m_ratio_max=0.488 return=-146.0 length=200 success_rate=0.00 collisions/ep=0.00 (n=15)
update=462 global_step=946176 SPS=445 w_ev=0.991 m_ev=0.990 m_v_bias=-1.1 m_adv_std=1.5541 m_kl_max=0.0107 m_ratio_max=0.554 return=-143.1 length=200 success_rate=0.00 collisions/ep=0.00 (n=8)
update=463 global_step=948224 SPS=445 w_ev=0.968 m_ev=0.354 m_v_bias=2.6 m_adv_std=18.3578 m_kl_max=0.0469 m_ratio_max=1.978 return=-144.7 length=200 success_rate=0.00 collisions/ep=0.00 (n=8)
update=464 global_step=950272 SPS=446 w_ev=0.985 m_ev=0.830 m_v_bias=-1.3 m_adv_std=5.9948 m_kl_max=0.0351 m_ratio_max=1.661 return=-167.7 length=200 success_rate=0.00 collisions/ep=0.44 (n=9)
update=465 global_step=952320 SPS=447 w_ev=0.995 m_ev=0.992 m_v_bias=-1.8 m_adv_std=1.4594 m_kl_max=0.0200 m_ratio_max=1.231 return=-145.6 length=200 success_rate=0.00 collisions/ep=0.00 (n=15)
Evaluation at update 465: return=-144.72, length=200.00, success_rate=0.00, collisions/ep=0.00
Solved-check at update 465: solved=False worst_gap=1166.60 at p_x0=2.00 p_y0=0.50 (consecutive=0)
update=466 global_step=954368 SPS=444 w_ev=0.993 m_ev=0.996 m_v_bias=-1.3 m_adv_std=0.8026 m_kl_max=0.0189 m_ratio_max=0.920 return=-146.7 length=200 success_rate=0.00 collisions/ep=0.00 (n=8)
update=467 global_step=956416 SPS=445 w_ev=0.922 m_ev=0.159 m_v_bias=10.6 m_adv_std=31.0590 m_kl_max=0.0161 m_ratio_max=0.753 return=-156.5 length=200 success_rate=0.00 collisions/ep=0.25 (n=8)
update=468 global_step=958464 SPS=446 w_ev=0.938 m_ev=0.231 m_v_bias=6.9 m_adv_std=27.9147 m_kl_max=0.0185 m_ratio_max=0.623 return=-193.0 length=200 success_rate=0.00 collisions/ep=0.94 (n=16)
update=469 global_step=960512 SPS=446 w_ev=0.966 m_ev=0.498 m_v_bias=1.2 m_adv_std=18.4379 m_kl_max=0.0310 m_ratio_max=0.906 return=-180.9 length=200 success_rate=0.00 collisions/ep=0.62 (n=8)
update=470 global_step=962560 SPS=447 w_ev=0.965 m_ev=0.414 m_v_bias=-5.2 m_adv_std=11.1119 m_kl_max=0.0258 m_ratio_max=1.276 return=-144.2 length=200 success_rate=0.00 collisions/ep=0.00 (n=8)
Evaluation at update 470: return=-145.98, length=200.00, success_rate=0.00, collisions/ep=0.00
Solved-check at update 470: solved=False worst_gap=1167.96 at p_x0=2.00 p_y0=0.00 (consecutive=0)
update=471 global_step=964608 SPS=445 w_ev=0.988 m_ev=0.924 m_v_bias=-5.5 m_adv_std=3.7570 m_kl_max=0.0168 m_ratio_max=0.538 return=-158.0 length=200 success_rate=0.00 collisions/ep=0.22 (n=9)
update=472 global_step=966656 SPS=445 w_ev=0.993 m_ev=0.989 m_v_bias=-2.8 m_adv_std=1.8254 m_kl_max=0.0076 m_ratio_max=0.395 return=-147.2 length=200 success_rate=0.00 collisions/ep=0.00 (n=15)
update=473 global_step=968704 SPS=446 w_ev=0.988 m_ev=0.843 m_v_bias=-0.2 m_adv_std=6.1693 m_kl_max=0.0151 m_ratio_max=0.589 return=-148.0 length=200 success_rate=0.00 collisions/ep=0.12 (n=8)
update=474 global_step=970752 SPS=447 w_ev=0.988 m_ev=0.989 m_v_bias=-1.4 m_adv_std=1.3523 m_kl_max=0.0220 m_ratio_max=0.759 return=-145.4 length=200 success_rate=0.00 collisions/ep=0.00 (n=8)
update=475 global_step=972800 SPS=447 w_ev=0.987 m_ev=0.712 m_v_bias=0.6 m_adv_std=9.4389 m_kl_max=0.0126 m_ratio_max=0.726 return=-152.0 length=200 success_rate=0.00 collisions/ep=0.12 (n=16)
Evaluation at update 475: return=-145.87, length=200.00, success_rate=0.00, collisions/ep=0.00
Solved-check at update 475: solved=False worst_gap=1167.94 at p_x0=2.00 p_y0=0.00 (consecutive=0)
update=476 global_step=974848 SPS=445 w_ev=0.995 m_ev=0.985 m_v_bias=-1.1 m_adv_std=2.0738 m_kl_max=0.0275 m_ratio_max=0.937 return=-146.5 length=200 success_rate=0.00 collisions/ep=0.00 (n=8)
update=477 global_step=976896 SPS=446 w_ev=0.985 m_ev=0.605 m_v_bias=2.0 m_adv_std=11.7998 m_kl_max=0.0249 m_ratio_max=0.944 return=-152.8 length=200 success_rate=0.00 collisions/ep=0.25 (n=8)
update=478 global_step=978944 SPS=446 w_ev=0.991 m_ev=0.987 m_v_bias=-0.8 m_adv_std=1.4933 m_kl_max=0.0142 m_ratio_max=0.761 return=-145.6 length=200 success_rate=0.00 collisions/ep=0.00 (n=9)
update=479 global_step=980992 SPS=447 w_ev=0.993 m_ev=0.997 m_v_bias=-0.5 m_adv_std=0.7950 m_kl_max=0.0130 m_ratio_max=0.513 return=-148.9 length=200 success_rate=0.00 collisions/ep=0.00 (n=15)
update=480 global_step=983040 SPS=447 w_ev=0.992 m_ev=0.998 m_v_bias=-0.5 m_adv_std=0.6310 m_kl_max=0.0206 m_ratio_max=0.592 return=-145.9 length=200 success_rate=0.00 collisions/ep=0.00 (n=8)
Evaluation at update 480: return=-146.57, length=200.00, success_rate=0.00, collisions/ep=0.00
Solved-check at update 480: solved=False worst_gap=1168.48 at p_x0=2.00 p_y0=0.00 (consecutive=0)
update=481 global_step=985088 SPS=445 w_ev=0.994 m_ev=0.998 m_v_bias=-0.4 m_adv_std=0.5872 m_kl_max=0.0287 m_ratio_max=0.914 return=-144.9 length=200 success_rate=0.00 collisions/ep=0.00 (n=8)
update=482 global_step=987136 SPS=446 w_ev=0.991 m_ev=0.998 m_v_bias=-0.0 m_adv_std=0.5393 m_kl_max=0.0449 m_ratio_max=0.838 return=-145.9 length=200 success_rate=0.00 collisions/ep=0.00 (n=9)
update=483 global_step=989184 SPS=446 w_ev=0.995 m_ev=0.999 m_v_bias=-0.5 m_adv_std=0.5716 m_kl_max=0.0278 m_ratio_max=1.663 return=-148.3 length=200 success_rate=0.00 collisions/ep=0.00 (n=15)
update=484 global_step=991232 SPS=447 w_ev=0.979 m_ev=0.659 m_v_bias=1.5 m_adv_std=7.9935 m_kl_max=0.0211 m_ratio_max=0.537 return=-149.4 length=200 success_rate=0.00 collisions/ep=0.12 (n=8)
update=485 global_step=993280 SPS=447 w_ev=0.989 m_ev=0.814 m_v_bias=-0.7 m_adv_std=6.5580 m_kl_max=0.0139 m_ratio_max=0.604 return=-166.0 length=200 success_rate=0.00 collisions/ep=0.33 (n=9)
Evaluation at update 485: return=-145.07, length=200.00, success_rate=0.00, collisions/ep=0.00
Solved-check at update 485: solved=False worst_gap=1166.78 at p_x0=2.00 p_y0=0.00 (consecutive=0)
update=486 global_step=995328 SPS=445 w_ev=0.993 m_ev=0.992 m_v_bias=-1.0 m_adv_std=1.4332 m_kl_max=0.0233 m_ratio_max=0.600 return=-142.7 length=200 success_rate=0.00 collisions/ep=0.00 (n=15)
update=487 global_step=997376 SPS=446 w_ev=0.991 m_ev=0.865 m_v_bias=0.8 m_adv_std=6.0652 m_kl_max=0.0350 m_ratio_max=0.806 return=-146.4 length=200 success_rate=0.00 collisions/ep=0.00 (n=8)
update=488 global_step=999424 SPS=446 w_ev=0.992 m_ev=0.994 m_v_bias=-0.9 m_adv_std=1.0330 m_kl_max=0.0260 m_ratio_max=1.163 return=-149.8 length=200 success_rate=0.00 collisions/ep=0.12 (n=8)
update=489 global_step=1001472 SPS=447 w_ev=0.968 m_ev=0.462 m_v_bias=1.5 m_adv_std=15.8866 m_kl_max=0.0302 m_ratio_max=0.809 return=-160.9 length=200 success_rate=0.00 collisions/ep=0.33 (n=9)
update=490 global_step=1003520 SPS=447 w_ev=0.990 m_ev=0.879 m_v_bias=1.3 m_adv_std=6.6027 m_kl_max=0.0136 m_ratio_max=0.486 return=-148.8 length=200 success_rate=0.00 collisions/ep=0.07 (n=15)
Evaluation at update 490: return=-144.84, length=200.00, success_rate=0.00, collisions/ep=0.00
Solved-check at update 490: solved=False worst_gap=1166.78 at p_x0=2.00 p_y0=0.00 (consecutive=0)
update=491 global_step=1005568 SPS=445 w_ev=0.990 m_ev=0.989 m_v_bias=-0.5 m_adv_std=1.2833 m_kl_max=0.0256 m_ratio_max=0.801 return=-143.3 length=200 success_rate=0.00 collisions/ep=0.00 (n=8)
update=492 global_step=1007616 SPS=446 w_ev=0.926 m_ev=0.001 m_v_bias=2.5 m_adv_std=21.9672 m_kl_max=0.0207 m_ratio_max=0.919 return=-149.2 length=200 success_rate=0.00 collisions/ep=0.00 (n=8)
update=493 global_step=1009664 SPS=446 w_ev=0.986 m_ev=0.720 m_v_bias=-4.2 m_adv_std=6.8993 m_kl_max=0.0300 m_ratio_max=1.046 return=-157.1 length=200 success_rate=0.00 collisions/ep=0.25 (n=16)
update=494 global_step=1011712 SPS=447 w_ev=0.993 m_ev=0.910 m_v_bias=-2.3 m_adv_std=4.7822 m_kl_max=0.0299 m_ratio_max=1.891 return=-142.1 length=200 success_rate=0.00 collisions/ep=0.00 (n=8)
update=495 global_step=1013760 SPS=447 w_ev=0.985 m_ev=0.770 m_v_bias=1.3 m_adv_std=7.1396 m_kl_max=0.0273 m_ratio_max=0.950 return=-152.0 length=200 success_rate=0.00 collisions/ep=0.12 (n=8)
Evaluation at update 495: return=-145.41, length=200.00, success_rate=0.00, collisions/ep=0.00
Solved-check at update 495: solved=False worst_gap=1167.28 at p_x0=2.00 p_y0=0.00 (consecutive=0)
update=496 global_step=1015808 SPS=445 w_ev=0.991 m_ev=0.993 m_v_bias=-0.6 m_adv_std=1.0710 m_kl_max=0.0205 m_ratio_max=0.796 return=-153.1 length=200 success_rate=0.00 collisions/ep=0.11 (n=9)
update=497 global_step=1017856 SPS=446 w_ev=0.996 m_ev=0.999 m_v_bias=-0.6 m_adv_std=0.5609 m_kl_max=0.0263 m_ratio_max=1.128 return=-144.9 length=200 success_rate=0.00 collisions/ep=0.00 (n=15)
update=498 global_step=1019904 SPS=446 w_ev=0.977 m_ev=0.998 m_v_bias=-0.3 m_adv_std=0.5979 m_kl_max=0.0269 m_ratio_max=1.103 return=-142.7 length=200 success_rate=0.00 collisions/ep=0.00 (n=8)
update=499 global_step=1021952 SPS=447 w_ev=0.988 m_ev=0.676 m_v_bias=1.5 m_adv_std=9.0904 m_kl_max=0.0366 m_ratio_max=1.231 return=-158.5 length=200 success_rate=0.00 collisions/ep=0.25 (n=8)
update=500 global_step=1024000 SPS=448 w_ev=0.980 m_ev=0.608 m_v_bias=1.1 m_adv_std=11.8198 m_kl_max=0.0309 m_ratio_max=0.782 return=-155.7 length=200 success_rate=0.00 collisions/ep=0.19 (n=16)
Evaluation at update 500: return=-144.79, length=200.00, success_rate=0.00, collisions/ep=0.00
Solved-check at update 500: solved=False worst_gap=1166.45 at p_x0=2.00 p_y0=0.50 (consecutive=0)
Saved checkpoints to C:\Users\loren\Desktop\MASTER THESIS\5_CODE\scenarios\slalom\studies\hppo\runs\hppo_slalom_13_1791107844
