Using device: cpu
Solved-check: precomputed optimal returns for 25 fixed initial conditions (mean=1011.8, min=1007.0, max=1014.0); solved-tolerance=5.0
num_envs=8 num_steps_per_env=256 worker_batch_size=2048 worker_minibatch_size=256 num_updates=500 timesteps=1024000
update=1 global_step=2048 SPS=1339 w_ev=0.062 m_ev=0.000 m_v_bias=144.1 m_adv_std=104.6834 m_kl_max=0.0015 m_ratio_max=0.190 return=-633.8 length=200 success_rate=0.00 collisions/ep=8.50 (n=8)
update=2 global_step=4096 SPS=1316 w_ev=0.271 m_ev=-0.012 m_v_bias=37.9 m_adv_std=73.9614 m_kl_max=0.0019 m_ratio_max=0.181 return=-504.0 length=200 success_rate=0.00 collisions/ep=5.88 (n=8)
update=3 global_step=6144 SPS=1336 w_ev=0.509 m_ev=0.392 m_v_bias=33.0 m_adv_std=79.1766 m_kl_max=0.0002 m_ratio_max=0.109 return=-425.6 length=200 success_rate=0.00 collisions/ep=4.50 (n=8)
update=4 global_step=8192 SPS=1279 w_ev=-0.301 m_ev=-0.390 m_v_bias=-38.7 m_adv_std=156.8638 m_kl_max=0.0009 m_ratio_max=0.179 w_ax@goal=-0.35 w_v@goal=-4.84 return=-263.3 length=200 success_rate=0.06 collisions/ep=2.44 (n=16)
update=5 global_step=10240 SPS=1263 w_ev=0.159 m_ev=-1.165 m_v_bias=-25.4 m_adv_std=18.3651 m_kl_max=0.0059 m_ratio_max=0.325 return=-216.5 length=200 success_rate=0.00 collisions/ep=0.00 (n=8)
Evaluation at update 5: return=-218.50, length=200.00, success_rate=0.00, collisions/ep=0.00
Solved-check at update 5: solved=False worst_gap=1240.97 at p_x0=2.00 p_y0=0.50 (consecutive=0)
update=6 global_step=12288 SPS=550 w_ev=0.286 m_ev=0.261 m_v_bias=-3.0 m_adv_std=41.6727 m_kl_max=0.0042 m_ratio_max=0.364 return=-227.2 length=200 success_rate=0.00 collisions/ep=0.12 (n=8)
update=7 global_step=14336 SPS=597 w_ev=0.212 m_ev=-2.686 m_v_bias=-12.5 m_adv_std=15.5806 m_kl_max=0.0177 m_ratio_max=0.652 return=-283.0 length=200 success_rate=0.00 collisions/ep=1.25 (n=8)
update=8 global_step=16384 SPS=635 w_ev=0.085 m_ev=0.222 m_v_bias=-5.6 m_adv_std=6.3736 m_kl_max=0.0040 m_ratio_max=0.287 return=-219.4 length=200 success_rate=0.00 collisions/ep=0.00 (n=16)
update=9 global_step=18432 SPS=677 w_ev=-0.325 m_ev=0.754 m_v_bias=-2.1 m_adv_std=3.4027 m_kl_max=0.0114 m_ratio_max=0.377 return=-222.9 length=200 success_rate=0.00 collisions/ep=0.00 (n=8)
update=10 global_step=20480 SPS=706 w_ev=0.135 m_ev=0.563 m_v_bias=-2.7 m_adv_std=5.4082 m_kl_max=0.0129 m_ratio_max=0.444 return=-220.5 length=200 success_rate=0.00 collisions/ep=0.00 (n=8)
Evaluation at update 10: return=-218.50, length=200.00, success_rate=0.00, collisions/ep=0.00
Solved-check at update 10: solved=False worst_gap=1240.97 at p_x0=2.00 p_y0=0.50 (consecutive=0)
update=11 global_step=22528 SPS=519 w_ev=0.277 m_ev=0.663 m_v_bias=1.7 m_adv_std=9.3382 m_kl_max=0.0028 m_ratio_max=0.369 return=-228.4 length=200 success_rate=0.00 collisions/ep=0.12 (n=16)
update=12 global_step=24576 SPS=547 w_ev=0.333 m_ev=0.688 m_v_bias=-3.2 m_adv_std=7.0002 m_kl_max=0.0094 m_ratio_max=0.361 return=-225.0 length=200 success_rate=0.00 collisions/ep=0.12 (n=8)
update=13 global_step=26624 SPS=572 w_ev=0.009 m_ev=-0.110 m_v_bias=-11.9 m_adv_std=154.6296 m_kl_max=0.0062 m_ratio_max=0.462 w_ax@goal=-0.06 w_v@goal=-1.70 return=-137.8 length=194 success_rate=0.12 collisions/ep=1.50 (n=8)
update=14 global_step=28672 SPS=600 w_ev=0.001 m_ev=-0.235 m_v_bias=-1.2 m_adv_std=43.5466 m_kl_max=0.0024 m_ratio_max=0.190 return=-288.5 length=200 success_rate=0.00 collisions/ep=1.78 (n=9)
update=15 global_step=30720 SPS=622 w_ev=0.130 m_ev=-0.000 m_v_bias=71.3 m_adv_std=160.9369 m_kl_max=0.0049 m_ratio_max=0.245 return=-402.9 length=200 success_rate=0.00 collisions/ep=4.00 (n=15)
Evaluation at update 15: return=-199.05, length=200.00, success_rate=0.00, collisions/ep=0.00
Solved-check at update 15: solved=False worst_gap=1215.30 at p_x0=2.00 p_y0=0.00 (consecutive=0)
update=16 global_step=32768 SPS=520 w_ev=0.550 m_ev=-0.445 m_v_bias=-13.1 m_adv_std=51.0433 m_kl_max=0.0100 m_ratio_max=0.492 return=-260.9 length=200 success_rate=0.00 collisions/ep=1.38 (n=8)
update=17 global_step=34816 SPS=538 w_ev=0.493 m_ev=0.332 m_v_bias=-10.8 m_adv_std=13.1675 m_kl_max=0.0112 m_ratio_max=0.542 return=-276.2 length=200 success_rate=0.00 collisions/ep=1.22 (n=9)
update=18 global_step=36864 SPS=556 w_ev=0.479 m_ev=-0.135 m_v_bias=-7.6 m_adv_std=9.9032 m_kl_max=0.0289 m_ratio_max=0.876 return=-226.5 length=200 success_rate=0.00 collisions/ep=0.13 (n=15)
update=19 global_step=38912 SPS=574 w_ev=0.142 m_ev=0.057 m_v_bias=-1.6 m_adv_std=29.2831 m_kl_max=0.0072 m_ratio_max=0.421 return=-216.3 length=200 success_rate=0.00 collisions/ep=0.00 (n=8)
update=20 global_step=40960 SPS=589 w_ev=0.625 m_ev=-0.452 m_v_bias=-7.6 m_adv_std=12.3790 m_kl_max=0.0148 m_ratio_max=0.466 return=-246.5 length=200 success_rate=0.00 collisions/ep=0.62 (n=8)
Evaluation at update 20: return=-218.50, length=200.00, success_rate=0.00, collisions/ep=0.00
Solved-check at update 20: solved=False worst_gap=1240.97 at p_x0=2.00 p_y0=0.50 (consecutive=0)
update=21 global_step=43008 SPS=519 w_ev=0.423 m_ev=0.288 m_v_bias=4.1 m_adv_std=32.8916 m_kl_max=0.0051 m_ratio_max=0.579 w_ax@goal=-0.79 w_v@goal=-0.14 return=-248.3 length=200 success_rate=0.00 collisions/ep=1.00 (n=9)
update=22 global_step=45056 SPS=535 w_ev=0.279 m_ev=0.210 m_v_bias=12.2 m_adv_std=56.3852 m_kl_max=0.0052 m_ratio_max=0.273 return=-260.6 length=200 success_rate=0.00 collisions/ep=1.00 (n=15)
update=23 global_step=47104 SPS=548 w_ev=0.600 m_ev=0.324 m_v_bias=8.4 m_adv_std=51.1685 m_kl_max=0.0255 m_ratio_max=0.762 return=-292.7 length=200 success_rate=0.00 collisions/ep=1.62 (n=8)
update=24 global_step=49152 SPS=561 w_ev=0.246 m_ev=-1.777 m_v_bias=-5.0 m_adv_std=17.9783 m_kl_max=0.0242 m_ratio_max=0.850 return=-252.1 length=200 success_rate=0.00 collisions/ep=0.75 (n=8)
update=25 global_step=51200 SPS=575 w_ev=0.119 m_ev=0.019 m_v_bias=-2.4 m_adv_std=8.1287 m_kl_max=0.0205 m_ratio_max=0.805 return=-219.1 length=200 success_rate=0.00 collisions/ep=0.00 (n=16)
Evaluation at update 25: return=-218.50, length=200.00, success_rate=0.00, collisions/ep=0.00
Solved-check at update 25: solved=False worst_gap=1240.96 at p_x0=2.00 p_y0=0.50 (consecutive=0)
update=26 global_step=53248 SPS=527 w_ev=0.367 m_ev=0.705 m_v_bias=0.3 m_adv_std=6.6583 m_kl_max=0.0223 m_ratio_max=0.641 return=-213.0 length=200 success_rate=0.00 collisions/ep=0.12 (n=8)
update=27 global_step=55296 SPS=538 w_ev=0.316 m_ev=0.001 m_v_bias=2.3 m_adv_std=12.9190 m_kl_max=0.0079 m_ratio_max=0.462 return=-230.7 length=200 success_rate=0.00 collisions/ep=0.25 (n=8)
update=28 global_step=57344 SPS=551 w_ev=0.297 m_ev=0.418 m_v_bias=-2.6 m_adv_std=5.3439 m_kl_max=0.0222 m_ratio_max=0.493 return=-217.7 length=200 success_rate=0.00 collisions/ep=0.00 (n=9)
update=29 global_step=59392 SPS=563 w_ev=0.698 m_ev=0.758 m_v_bias=-3.2 m_adv_std=6.4626 m_kl_max=0.0251 m_ratio_max=0.871 return=-211.1 length=200 success_rate=0.00 collisions/ep=0.07 (n=15)
update=30 global_step=61440 SPS=575 w_ev=0.501 m_ev=0.348 m_v_bias=2.7 m_adv_std=22.8855 m_kl_max=0.0034 m_ratio_max=0.330 return=-229.3 length=200 success_rate=0.00 collisions/ep=0.50 (n=8)
Evaluation at update 30: return=-195.15, length=200.00, success_rate=0.00, collisions/ep=0.00
Solved-check at update 30: solved=False worst_gap=1216.30 at p_x0=2.00 p_y0=0.50 (consecutive=0)
update=31 global_step=63488 SPS=527 w_ev=0.695 m_ev=0.329 m_v_bias=-3.4 m_adv_std=17.1651 m_kl_max=0.0098 m_ratio_max=0.381 return=-210.6 length=200 success_rate=0.00 collisions/ep=0.38 (n=8)
update=32 global_step=65536 SPS=538 w_ev=0.794 m_ev=0.465 m_v_bias=2.2 m_adv_std=23.6238 m_kl_max=0.0056 m_ratio_max=0.344 return=-232.8 length=200 success_rate=0.00 collisions/ep=0.67 (n=9)
update=33 global_step=67584 SPS=549 w_ev=0.534 m_ev=0.178 m_v_bias=25.9 m_adv_std=88.4114 m_kl_max=0.0244 m_ratio_max=1.011 return=-274.6 length=200 success_rate=0.00 collisions/ep=1.53 (n=15)
update=34 global_step=69632 SPS=559 w_ev=0.408 m_ev=-2.040 m_v_bias=-13.0 m_adv_std=30.9717 m_kl_max=0.0152 m_ratio_max=0.942 return=-237.4 length=200 success_rate=0.00 collisions/ep=0.62 (n=8)
update=35 global_step=71680 SPS=568 w_ev=0.473 m_ev=0.508 m_v_bias=-1.5 m_adv_std=9.4408 m_kl_max=0.0044 m_ratio_max=0.490 return=-211.8 length=200 success_rate=0.00 collisions/ep=0.00 (n=9)
Evaluation at update 35: return=-213.47, length=200.00, success_rate=0.00, collisions/ep=0.00
Solved-check at update 35: solved=False worst_gap=1234.17 at p_x0=2.00 p_y0=0.50 (consecutive=0)
update=36 global_step=73728 SPS=531 w_ev=0.085 m_ev=0.563 m_v_bias=-1.5 m_adv_std=5.2623 m_kl_max=0.0193 m_ratio_max=0.713 return=-209.7 length=200 success_rate=0.00 collisions/ep=0.07 (n=15)
update=37 global_step=75776 SPS=540 w_ev=0.225 m_ev=0.477 m_v_bias=-0.3 m_adv_std=5.2354 m_kl_max=0.0371 m_ratio_max=1.283 return=-206.0 length=200 success_rate=0.00 collisions/ep=0.00 (n=8)
update=38 global_step=77824 SPS=549 w_ev=0.311 m_ev=0.710 m_v_bias=-2.6 m_adv_std=4.3457 m_kl_max=0.0366 m_ratio_max=1.002 return=-197.1 length=200 success_rate=0.00 collisions/ep=0.00 (n=8)
update=39 global_step=79872 SPS=558 w_ev=0.645 m_ev=0.747 m_v_bias=-1.4 m_adv_std=6.8613 m_kl_max=0.0250 m_ratio_max=0.562 return=-195.2 length=200 success_rate=0.00 collisions/ep=0.00 (n=9)
update=40 global_step=81920 SPS=568 w_ev=0.520 m_ev=0.092 m_v_bias=49.2 m_adv_std=160.3196 m_kl_max=0.0283 m_ratio_max=1.142 return=-327.1 length=200 success_rate=0.00 collisions/ep=2.93 (n=15)
Evaluation at update 40: return=-184.46, length=200.00, success_rate=0.00, collisions/ep=0.00
Solved-check at update 40: solved=False worst_gap=1206.14 at p_x0=2.00 p_y0=0.50 (consecutive=0)
update=41 global_step=83968 SPS=534 w_ev=0.622 m_ev=-0.620 m_v_bias=-4.7 m_adv_std=36.1152 m_kl_max=0.0268 m_ratio_max=0.710 return=-188.3 length=200 success_rate=0.00 collisions/ep=0.00 (n=8)
update=42 global_step=86016 SPS=543 w_ev=0.463 m_ev=-0.182 m_v_bias=-8.8 m_adv_std=19.3485 m_kl_max=0.0136 m_ratio_max=0.464 return=-206.5 length=200 success_rate=0.00 collisions/ep=0.22 (n=9)
update=43 global_step=88064 SPS=550 w_ev=0.619 m_ev=0.618 m_v_bias=-4.0 m_adv_std=4.6876 m_kl_max=0.0349 m_ratio_max=0.671 return=-197.6 length=200 success_rate=0.00 collisions/ep=0.00 (n=15)
update=44 global_step=90112 SPS=559 w_ev=0.610 m_ev=0.749 m_v_bias=-4.6 m_adv_std=4.0519 m_kl_max=0.0219 m_ratio_max=0.852 return=-185.5 length=200 success_rate=0.00 collisions/ep=0.00 (n=8)
update=45 global_step=92160 SPS=567 w_ev=0.515 m_ev=0.699 m_v_bias=-4.3 m_adv_std=4.3289 m_kl_max=0.0116 m_ratio_max=0.720 return=-183.5 length=200 success_rate=0.00 collisions/ep=0.00 (n=8)
Evaluation at update 45: return=-181.65, length=200.00, success_rate=0.00, collisions/ep=0.00
Solved-check at update 45: solved=False worst_gap=1203.41 at p_x0=2.00 p_y0=0.50 (consecutive=0)
update=46 global_step=94208 SPS=539 w_ev=0.540 m_ev=0.320 m_v_bias=0.4 m_adv_std=20.3168 m_kl_max=0.0192 m_ratio_max=0.670 return=-207.2 length=200 success_rate=0.00 collisions/ep=0.44 (n=9)
update=47 global_step=96256 SPS=547 w_ev=0.497 m_ev=0.808 m_v_bias=-2.2 m_adv_std=5.4749 m_kl_max=0.0179 m_ratio_max=0.920 return=-191.5 length=200 success_rate=0.00 collisions/ep=0.07 (n=15)
update=48 global_step=98304 SPS=554 w_ev=0.528 m_ev=0.139 m_v_bias=0.3 m_adv_std=13.8088 m_kl_max=0.0136 m_ratio_max=0.571 return=-182.3 length=200 success_rate=0.00 collisions/ep=0.00 (n=8)
update=49 global_step=100352 SPS=561 w_ev=0.227 m_ev=0.035 m_v_bias=13.4 m_adv_std=86.2478 m_kl_max=0.0094 m_ratio_max=0.474 return=-202.4 length=200 success_rate=0.00 collisions/ep=0.38 (n=8)
update=50 global_step=102400 SPS=568 w_ev=0.529 m_ev=-1.638 m_v_bias=-5.1 m_adv_std=25.1856 m_kl_max=0.0190 m_ratio_max=0.662 return=-243.4 length=200 success_rate=0.00 collisions/ep=1.12 (n=16)
Evaluation at update 50: return=-180.59, length=200.00, success_rate=0.00, collisions/ep=0.00
Solved-check at update 50: solved=False worst_gap=1202.62 at p_x0=2.00 p_y0=0.50 (consecutive=0)
update=51 global_step=104448 SPS=539 w_ev=0.151 m_ev=-0.009 m_v_bias=18.8 m_adv_std=103.3003 m_kl_max=0.0258 m_ratio_max=0.697 return=-289.6 length=200 success_rate=0.00 collisions/ep=2.12 (n=8)
update=52 global_step=106496 SPS=545 w_ev=-0.063 m_ev=-1.338 m_v_bias=-9.2 m_adv_std=15.9346 m_kl_max=0.0178 m_ratio_max=0.555 return=-191.2 length=200 success_rate=0.00 collisions/ep=0.00 (n=8)
update=53 global_step=108544 SPS=551 w_ev=0.512 m_ev=0.527 m_v_bias=-5.6 m_adv_std=5.6130 m_kl_max=0.0254 m_ratio_max=0.656 return=-184.4 length=200 success_rate=0.00 collisions/ep=0.00 (n=9)
update=54 global_step=110592 SPS=557 w_ev=0.587 m_ev=0.824 m_v_bias=-4.8 m_adv_std=3.3994 m_kl_max=0.0214 m_ratio_max=0.659 return=-186.8 length=200 success_rate=0.00 collisions/ep=0.00 (n=15)
update=55 global_step=112640 SPS=563 w_ev=0.344 m_ev=0.051 m_v_bias=46.5 m_adv_std=165.5697 m_kl_max=0.0189 m_ratio_max=0.662 return=-444.4 length=200 success_rate=0.00 collisions/ep=5.25 (n=8)
Evaluation at update 55: return=-179.72, length=200.00, success_rate=0.00, collisions/ep=0.00
Solved-check at update 55: solved=False worst_gap=1201.91 at p_x0=2.00 p_y0=0.50 (consecutive=0)
update=56 global_step=114688 SPS=540 w_ev=0.418 m_ev=0.018 m_v_bias=-7.9 m_adv_std=32.9502 m_kl_max=0.0143 m_ratio_max=0.727 return=-217.1 length=200 success_rate=0.00 collisions/ep=0.75 (n=8)
update=57 global_step=116736 SPS=546 w_ev=0.583 m_ev=0.319 m_v_bias=-0.4 m_adv_std=35.7115 m_kl_max=0.0230 m_ratio_max=0.805 return=-214.9 length=200 success_rate=0.00 collisions/ep=0.56 (n=9)
update=58 global_step=118784 SPS=552 w_ev=0.661 m_ev=0.146 m_v_bias=-6.1 m_adv_std=12.1463 m_kl_max=0.0282 m_ratio_max=1.535 return=-202.4 length=200 success_rate=0.00 collisions/ep=0.27 (n=15)
update=59 global_step=120832 SPS=558 w_ev=0.475 m_ev=0.407 m_v_bias=-6.7 m_adv_std=8.2179 m_kl_max=0.0153 m_ratio_max=0.788 return=-202.8 length=200 success_rate=0.00 collisions/ep=0.38 (n=8)
update=60 global_step=122880 SPS=564 w_ev=0.687 m_ev=0.254 m_v_bias=-0.6 m_adv_std=14.6606 m_kl_max=0.0151 m_ratio_max=0.602 return=-190.6 length=200 success_rate=0.00 collisions/ep=0.00 (n=9)
Evaluation at update 60: return=-181.94, length=200.00, success_rate=0.00, collisions/ep=0.00
Solved-check at update 60: solved=False worst_gap=1204.19 at p_x0=2.00 p_y0=0.50 (consecutive=0)
update=61 global_step=124928 SPS=544 w_ev=0.625 m_ev=0.528 m_v_bias=-3.7 m_adv_std=7.1608 m_kl_max=0.0279 m_ratio_max=1.859 return=-195.7 length=200 success_rate=0.00 collisions/ep=0.13 (n=15)
update=62 global_step=126976 SPS=549 w_ev=0.349 m_ev=0.061 m_v_bias=7.5 m_adv_std=59.5549 m_kl_max=0.0264 m_ratio_max=0.784 return=-251.1 length=200 success_rate=0.00 collisions/ep=1.38 (n=8)
update=63 global_step=129024 SPS=555 w_ev=0.627 m_ev=-1.060 m_v_bias=-3.3 m_adv_std=18.3340 m_kl_max=0.0211 m_ratio_max=0.630 return=-193.4 length=200 success_rate=0.00 collisions/ep=0.12 (n=8)
update=64 global_step=131072 SPS=561 w_ev=0.317 m_ev=0.286 m_v_bias=-6.3 m_adv_std=7.4805 m_kl_max=0.0212 m_ratio_max=0.825 return=-189.2 length=200 success_rate=0.00 collisions/ep=0.00 (n=9)
update=65 global_step=133120 SPS=566 w_ev=0.245 m_ev=-0.030 m_v_bias=3.9 m_adv_std=36.8282 m_kl_max=0.0156 m_ratio_max=0.918 return=-190.4 length=200 success_rate=0.00 collisions/ep=0.00 (n=15)
Evaluation at update 65: return=-183.88, length=200.00, success_rate=0.00, collisions/ep=0.00
Solved-check at update 65: solved=False worst_gap=1206.09 at p_x0=2.00 p_y0=0.50 (consecutive=0)
update=66 global_step=135168 SPS=548 w_ev=0.572 m_ev=0.599 m_v_bias=-4.4 m_adv_std=4.3026 m_kl_max=0.0197 m_ratio_max=0.569 return=-230.8 length=200 success_rate=0.00 collisions/ep=0.88 (n=8)
update=67 global_step=137216 SPS=553 w_ev=0.584 m_ev=0.405 m_v_bias=-2.5 m_adv_std=5.7206 m_kl_max=0.0515 m_ratio_max=1.348 return=-184.7 length=200 success_rate=0.00 collisions/ep=0.00 (n=9)
update=68 global_step=139264 SPS=559 w_ev=0.627 m_ev=0.234 m_v_bias=4.9 m_adv_std=31.0659 m_kl_max=0.0160 m_ratio_max=0.527 return=-204.5 length=200 success_rate=0.00 collisions/ep=0.47 (n=15)
update=69 global_step=141312 SPS=564 w_ev=0.607 m_ev=0.092 m_v_bias=-1.8 m_adv_std=9.1752 m_kl_max=0.0050 m_ratio_max=0.307 return=-181.8 length=200 success_rate=0.00 collisions/ep=0.00 (n=8)
update=70 global_step=143360 SPS=568 w_ev=0.599 m_ev=0.722 m_v_bias=-0.9 m_adv_std=3.3093 m_kl_max=0.0155 m_ratio_max=0.598 return=-185.9 length=200 success_rate=0.00 collisions/ep=0.00 (n=8)
Evaluation at update 70: return=-178.66, length=200.00, success_rate=0.00, collisions/ep=0.00
Solved-check at update 70: solved=False worst_gap=1201.01 at p_x0=2.00 p_y0=0.50 (consecutive=0)
update=71 global_step=145408 SPS=548 w_ev=0.617 m_ev=0.364 m_v_bias=0.2 m_adv_std=12.1565 m_kl_max=0.0198 m_ratio_max=0.570 return=-181.0 length=200 success_rate=0.00 collisions/ep=0.00 (n=9)
update=72 global_step=147456 SPS=553 w_ev=0.684 m_ev=0.482 m_v_bias=-0.5 m_adv_std=10.9042 m_kl_max=0.0214 m_ratio_max=0.926 return=-193.6 length=200 success_rate=0.00 collisions/ep=0.33 (n=15)
update=73 global_step=149504 SPS=558 w_ev=0.351 m_ev=0.735 m_v_bias=0.5 m_adv_std=3.5771 m_kl_max=0.0436 m_ratio_max=0.998 return=-186.4 length=200 success_rate=0.00 collisions/ep=0.00 (n=8)
update=74 global_step=151552 SPS=563 w_ev=0.333 m_ev=0.045 m_v_bias=11.3 m_adv_std=54.7453 m_kl_max=0.0462 m_ratio_max=1.687 return=-237.2 length=200 success_rate=0.00 collisions/ep=1.12 (n=8)
update=75 global_step=153600 SPS=567 w_ev=0.583 m_ev=-0.751 m_v_bias=-6.1 m_adv_std=10.8597 m_kl_max=0.0108 m_ratio_max=0.761 return=-185.0 length=200 success_rate=0.00 collisions/ep=0.00 (n=16)
Evaluation at update 75: return=-181.02, length=200.00, success_rate=0.00, collisions/ep=0.00
Solved-check at update 75: solved=False worst_gap=1203.41 at p_x0=2.00 p_y0=0.50 (consecutive=0)
update=76 global_step=155648 SPS=550 w_ev=0.587 m_ev=0.699 m_v_bias=-1.9 m_adv_std=3.8567 m_kl_max=0.0598 m_ratio_max=1.538 return=-190.4 length=200 success_rate=0.00 collisions/ep=0.00 (n=8)
update=77 global_step=157696 SPS=554 w_ev=0.561 m_ev=0.817 m_v_bias=-3.0 m_adv_std=3.4318 m_kl_max=0.0189 m_ratio_max=0.556 return=-180.2 length=200 success_rate=0.00 collisions/ep=0.00 (n=8)
update=78 global_step=159744 SPS=559 w_ev=0.670 m_ev=0.522 m_v_bias=-2.2 m_adv_std=8.4135 m_kl_max=0.0183 m_ratio_max=0.701 return=-182.8 length=200 success_rate=0.00 collisions/ep=0.11 (n=9)
update=79 global_step=161792 SPS=563 w_ev=0.675 m_ev=0.282 m_v_bias=3.0 m_adv_std=19.9556 m_kl_max=0.0341 m_ratio_max=1.544 return=-198.2 length=200 success_rate=0.00 collisions/ep=0.40 (n=15)
update=80 global_step=163840 SPS=567 w_ev=0.391 m_ev=0.094 m_v_bias=17.3 m_adv_std=71.0836 m_kl_max=0.0334 m_ratio_max=1.040 return=-254.8 length=200 success_rate=0.00 collisions/ep=1.50 (n=8)
Evaluation at update 80: return=-181.47, length=200.00, success_rate=0.00, collisions/ep=0.00
Solved-check at update 80: solved=False worst_gap=1203.89 at p_x0=2.00 p_y0=0.50 (consecutive=0)
update=81 global_step=165888 SPS=552 w_ev=0.159 m_ev=-0.800 m_v_bias=-6.3 m_adv_std=16.2454 m_kl_max=0.0252 m_ratio_max=0.640 return=-185.0 length=200 success_rate=0.00 collisions/ep=0.00 (n=8)
update=82 global_step=167936 SPS=556 w_ev=0.591 m_ev=0.646 m_v_bias=-2.3 m_adv_std=7.3632 m_kl_max=0.0429 m_ratio_max=1.519 return=-198.4 length=200 success_rate=0.00 collisions/ep=0.22 (n=9)
update=83 global_step=169984 SPS=561 w_ev=0.620 m_ev=0.157 m_v_bias=-0.6 m_adv_std=12.9564 m_kl_max=0.0206 m_ratio_max=1.012 return=-195.8 length=200 success_rate=0.00 collisions/ep=0.20 (n=15)
update=84 global_step=172032 SPS=565 w_ev=0.597 m_ev=0.574 m_v_bias=-1.0 m_adv_std=6.0440 m_kl_max=0.0221 m_ratio_max=1.035 return=-191.2 length=200 success_rate=0.00 collisions/ep=0.25 (n=8)
update=85 global_step=174080 SPS=569 w_ev=0.376 m_ev=0.045 m_v_bias=9.5 m_adv_std=71.2979 m_kl_max=0.0162 m_ratio_max=0.562 return=-264.2 length=200 success_rate=0.00 collisions/ep=1.56 (n=9)
Evaluation at update 85: return=-182.19, length=200.00, success_rate=0.00, collisions/ep=0.00
Solved-check at update 85: solved=False worst_gap=1204.63 at p_x0=2.00 p_y0=0.00 (consecutive=0)
update=86 global_step=176128 SPS=552 w_ev=0.488 m_ev=0.158 m_v_bias=10.5 m_adv_std=60.9364 m_kl_max=0.0374 m_ratio_max=0.908 return=-222.7 length=200 success_rate=0.00 collisions/ep=0.73 (n=15)
update=87 global_step=178176 SPS=557 w_ev=0.319 m_ev=-0.190 m_v_bias=-3.6 m_adv_std=28.6424 m_kl_max=0.0124 m_ratio_max=0.671 return=-225.1 length=200 success_rate=0.00 collisions/ep=0.75 (n=8)
update=88 global_step=180224 SPS=561 w_ev=0.562 m_ev=0.352 m_v_bias=-6.9 m_adv_std=6.2770 m_kl_max=0.0122 m_ratio_max=0.616 return=-187.0 length=200 success_rate=0.00 collisions/ep=0.00 (n=8)
update=89 global_step=182272 SPS=565 w_ev=0.679 m_ev=0.541 m_v_bias=-3.1 m_adv_std=6.7194 m_kl_max=0.0266 m_ratio_max=0.643 return=-192.8 length=200 success_rate=0.00 collisions/ep=0.00 (n=9)
update=90 global_step=184320 SPS=569 w_ev=0.459 m_ev=0.465 m_v_bias=-1.6 m_adv_std=11.0473 m_kl_max=0.0225 m_ratio_max=1.191 return=-194.4 length=200 success_rate=0.00 collisions/ep=0.20 (n=15)
Evaluation at update 90: return=-182.06, length=200.00, success_rate=0.00, collisions/ep=0.00
Solved-check at update 90: solved=False worst_gap=1204.56 at p_x0=2.00 p_y0=0.00 (consecutive=0)
update=91 global_step=186368 SPS=557 w_ev=0.566 m_ev=0.508 m_v_bias=-2.3 m_adv_std=4.6856 m_kl_max=0.0242 m_ratio_max=0.829 return=-184.8 length=200 success_rate=0.00 collisions/ep=0.00 (n=8)
update=92 global_step=188416 SPS=561 w_ev=0.571 m_ev=0.776 m_v_bias=-2.1 m_adv_std=3.3134 m_kl_max=0.0427 m_ratio_max=1.002 return=-185.8 length=200 success_rate=0.00 collisions/ep=0.00 (n=9)
update=93 global_step=190464 SPS=565 w_ev=0.570 m_ev=0.341 m_v_bias=0.5 m_adv_std=13.9104 m_kl_max=0.0289 m_ratio_max=0.628 return=-187.4 length=200 success_rate=0.00 collisions/ep=0.13 (n=15)
update=94 global_step=192512 SPS=569 w_ev=0.598 m_ev=0.548 m_v_bias=-1.5 m_adv_std=6.8390 m_kl_max=0.0363 m_ratio_max=1.111 return=-189.9 length=200 success_rate=0.00 collisions/ep=0.12 (n=8)
update=95 global_step=194560 SPS=574 w_ev=0.490 m_ev=0.888 m_v_bias=-1.4 m_adv_std=2.3352 m_kl_max=0.0290 m_ratio_max=0.595 return=-181.0 length=200 success_rate=0.00 collisions/ep=0.00 (n=8)
Evaluation at update 95: return=-177.87, length=200.00, success_rate=0.00, collisions/ep=0.00
Solved-check at update 95: solved=False worst_gap=1200.41 at p_x0=2.00 p_y0=0.00 (consecutive=0)
update=96 global_step=196608 SPS=561 w_ev=0.541 m_ev=0.912 m_v_bias=-0.9 m_adv_std=2.2666 m_kl_max=0.0357 m_ratio_max=0.809 return=-178.1 length=200 success_rate=0.00 collisions/ep=0.00 (n=9)
update=97 global_step=198656 SPS=565 w_ev=0.639 m_ev=0.912 m_v_bias=-2.4 m_adv_std=2.5308 m_kl_max=0.0708 m_ratio_max=1.811 return=-182.0 length=200 success_rate=0.00 collisions/ep=0.00 (n=15)
update=98 global_step=200704 SPS=568 w_ev=0.718 m_ev=0.613 m_v_bias=-0.8 m_adv_std=6.7504 m_kl_max=0.0290 m_ratio_max=1.027 return=-178.2 length=200 success_rate=0.00 collisions/ep=0.00 (n=8)
update=99 global_step=202752 SPS=572 w_ev=0.576 m_ev=0.051 m_v_bias=5.3 m_adv_std=30.4388 m_kl_max=0.0301 m_ratio_max=0.716 return=-212.8 length=200 success_rate=0.00 collisions/ep=0.75 (n=8)
update=100 global_step=204800 SPS=575 w_ev=0.575 m_ev=0.138 m_v_bias=3.7 m_adv_std=27.8996 m_kl_max=0.0239 m_ratio_max=0.769 return=-214.0 length=200 success_rate=0.00 collisions/ep=0.81 (n=16)
Evaluation at update 100: return=-174.48, length=200.00, success_rate=0.00, collisions/ep=0.00
Solved-check at update 100: solved=False worst_gap=1198.42 at p_x0=2.00 p_y0=0.50 (consecutive=0)
update=101 global_step=206848 SPS=562 w_ev=0.688 m_ev=0.711 m_v_bias=-1.9 m_adv_std=7.2711 m_kl_max=0.0221 m_ratio_max=0.662 return=-193.5 length=200 success_rate=0.00 collisions/ep=0.25 (n=8)
update=102 global_step=208896 SPS=566 w_ev=0.712 m_ev=0.355 m_v_bias=1.5 m_adv_std=14.5895 m_kl_max=0.0241 m_ratio_max=0.675 return=-209.1 length=200 success_rate=0.00 collisions/ep=0.62 (n=8)
update=103 global_step=210944 SPS=570 w_ev=0.734 m_ev=0.669 m_v_bias=-1.9 m_adv_std=4.8213 m_kl_max=0.0185 m_ratio_max=0.877 return=-182.9 length=200 success_rate=0.00 collisions/ep=0.00 (n=9)
update=104 global_step=212992 SPS=574 w_ev=0.703 m_ev=0.707 m_v_bias=-0.4 m_adv_std=5.8514 m_kl_max=0.0109 m_ratio_max=0.735 return=-185.8 length=200 success_rate=0.00 collisions/ep=0.07 (n=15)
update=105 global_step=215040 SPS=578 w_ev=0.644 m_ev=0.245 m_v_bias=1.4 m_adv_std=12.2878 m_kl_max=0.0265 m_ratio_max=0.866 return=-190.2 length=200 success_rate=0.00 collisions/ep=0.25 (n=8)
Evaluation at update 105: return=-175.77, length=200.00, success_rate=0.00, collisions/ep=0.00
Solved-check at update 105: solved=False worst_gap=1199.71 at p_x0=2.00 p_y0=0.50 (consecutive=0)
update=106 global_step=217088 SPS=567 w_ev=0.558 m_ev=0.567 m_v_bias=-0.8 m_adv_std=6.0191 m_kl_max=0.0217 m_ratio_max=1.065 return=-182.6 length=200 success_rate=0.00 collisions/ep=0.12 (n=8)
update=107 global_step=219136 SPS=571 w_ev=0.290 m_ev=0.030 m_v_bias=16.4 m_adv_std=68.8233 m_kl_max=0.0209 m_ratio_max=0.564 return=-182.1 length=200 success_rate=0.00 collisions/ep=0.11 (n=9)
update=108 global_step=221184 SPS=575 w_ev=0.738 m_ev=0.326 m_v_bias=-6.2 m_adv_std=8.0897 m_kl_max=0.0163 m_ratio_max=1.254 return=-224.2 length=200 success_rate=0.00 collisions/ep=0.93 (n=15)
update=109 global_step=223232 SPS=578 w_ev=0.698 m_ev=0.312 m_v_bias=0.5 m_adv_std=10.4099 m_kl_max=0.0293 m_ratio_max=0.764 return=-183.6 length=200 success_rate=0.00 collisions/ep=0.12 (n=8)
update=110 global_step=225280 SPS=582 w_ev=0.725 m_ev=0.761 m_v_bias=-4.2 m_adv_std=3.5282 m_kl_max=0.0072 m_ratio_max=0.546 return=-183.8 length=200 success_rate=0.00 collisions/ep=0.11 (n=9)
Evaluation at update 110: return=-176.32, length=200.00, success_rate=0.00, collisions/ep=0.00
Solved-check at update 110: solved=False worst_gap=1200.51 at p_x0=2.00 p_y0=0.50 (consecutive=0)
update=111 global_step=227328 SPS=572 w_ev=0.738 m_ev=0.308 m_v_bias=-1.6 m_adv_std=9.5693 m_kl_max=0.0200 m_ratio_max=0.592 return=-186.0 length=200 success_rate=0.00 collisions/ep=0.13 (n=15)
update=112 global_step=229376 SPS=575 w_ev=0.717 m_ev=0.540 m_v_bias=-1.4 m_adv_std=6.0762 m_kl_max=0.0242 m_ratio_max=0.674 return=-178.9 length=200 success_rate=0.00 collisions/ep=0.12 (n=8)
update=113 global_step=231424 SPS=579 w_ev=0.676 m_ev=0.906 m_v_bias=-2.5 m_adv_std=2.0455 m_kl_max=0.0144 m_ratio_max=0.732 return=-175.2 length=200 success_rate=0.00 collisions/ep=0.00 (n=8)
update=114 global_step=233472 SPS=582 w_ev=0.688 m_ev=0.899 m_v_bias=-1.9 m_adv_std=2.2951 m_kl_max=0.0338 m_ratio_max=0.778 return=-181.0 length=200 success_rate=0.00 collisions/ep=0.00 (n=9)
update=115 global_step=235520 SPS=586 w_ev=0.695 m_ev=0.315 m_v_bias=2.1 m_adv_std=12.6217 m_kl_max=0.0152 m_ratio_max=0.636 return=-187.2 length=200 success_rate=0.00 collisions/ep=0.20 (n=15)
Evaluation at update 115: return=-173.23, length=200.00, success_rate=0.00, collisions/ep=0.00
Solved-check at update 115: solved=False worst_gap=1196.89 at p_x0=2.00 p_y0=0.50 (consecutive=0)
update=116 global_step=237568 SPS=577 w_ev=0.664 m_ev=0.799 m_v_bias=-1.9 m_adv_std=3.2405 m_kl_max=0.0113 m_ratio_max=0.920 return=-180.7 length=200 success_rate=0.00 collisions/ep=0.00 (n=8)
update=117 global_step=239616 SPS=580 w_ev=0.533 m_ev=0.101 m_v_bias=2.7 m_adv_std=25.4272 m_kl_max=0.0039 m_ratio_max=0.279 return=-209.3 length=200 success_rate=0.00 collisions/ep=0.67 (n=9)
update=118 global_step=241664 SPS=583 w_ev=0.783 m_ev=0.321 m_v_bias=2.2 m_adv_std=17.2579 m_kl_max=0.0288 m_ratio_max=1.041 return=-185.8 length=200 success_rate=0.00 collisions/ep=0.20 (n=15)
update=119 global_step=243712 SPS=586 w_ev=0.793 m_ev=0.841 m_v_bias=-1.5 m_adv_std=3.4431 m_kl_max=0.0165 m_ratio_max=0.524 return=-173.1 length=200 success_rate=0.00 collisions/ep=0.00 (n=8)
update=120 global_step=245760 SPS=590 w_ev=0.605 m_ev=0.095 m_v_bias=5.1 m_adv_std=23.0964 m_kl_max=0.0207 m_ratio_max=0.972 return=-207.3 length=200 success_rate=0.00 collisions/ep=0.62 (n=8)
Evaluation at update 120: return=-174.15, length=200.00, success_rate=0.00, collisions/ep=0.00
Solved-check at update 120: solved=False worst_gap=1197.35 at p_x0=2.00 p_y0=0.50 (consecutive=0)
update=121 global_step=247808 SPS=580 w_ev=0.402 m_ev=0.022 m_v_bias=9.7 m_adv_std=61.5718 m_kl_max=0.0353 m_ratio_max=1.081 return=-238.0 length=200 success_rate=0.00 collisions/ep=1.22 (n=9)
update=122 global_step=249856 SPS=583 w_ev=0.790 m_ev=0.503 m_v_bias=-6.5 m_adv_std=7.2884 m_kl_max=0.0222 m_ratio_max=1.267 return=-179.8 length=200 success_rate=0.00 collisions/ep=0.07 (n=15)
update=123 global_step=251904 SPS=586 w_ev=0.726 m_ev=0.809 m_v_bias=-5.5 m_adv_std=3.4752 m_kl_max=0.0390 m_ratio_max=1.739 return=-173.2 length=200 success_rate=0.00 collisions/ep=0.00 (n=8)
update=124 global_step=253952 SPS=590 w_ev=0.713 m_ev=0.545 m_v_bias=-1.5 m_adv_std=6.5251 m_kl_max=0.0277 m_ratio_max=0.675 return=-183.4 length=200 success_rate=0.00 collisions/ep=0.12 (n=8)
update=125 global_step=256000 SPS=593 w_ev=0.758 m_ev=0.542 m_v_bias=0.1 m_adv_std=9.0193 m_kl_max=0.0120 m_ratio_max=0.993 return=-178.6 length=200 success_rate=0.00 collisions/ep=0.12 (n=16)
Evaluation at update 125: return=-171.79, length=200.00, success_rate=0.00, collisions/ep=0.00
Solved-check at update 125: solved=False worst_gap=1194.51 at p_x0=2.00 p_y0=0.50 (consecutive=0)
update=126 global_step=258048 SPS=582 w_ev=0.813 m_ev=0.687 m_v_bias=-1.2 m_adv_std=6.8160 m_kl_max=0.0179 m_ratio_max=0.499 return=-180.7 length=200 success_rate=0.00 collisions/ep=0.12 (n=8)
update=127 global_step=260096 SPS=585 w_ev=0.685 m_ev=0.738 m_v_bias=-1.6 m_adv_std=4.8514 m_kl_max=0.0267 m_ratio_max=0.946 return=-178.6 length=200 success_rate=0.00 collisions/ep=0.12 (n=8)
update=128 global_step=262144 SPS=588 w_ev=0.809 m_ev=0.950 m_v_bias=-2.0 m_adv_std=2.0007 m_kl_max=0.0350 m_ratio_max=0.722 return=-167.8 length=200 success_rate=0.00 collisions/ep=0.00 (n=9)
update=129 global_step=264192 SPS=591 w_ev=0.715 m_ev=0.365 m_v_bias=3.2 m_adv_std=18.0957 m_kl_max=0.0155 m_ratio_max=0.500 return=-185.6 length=200 success_rate=0.00 collisions/ep=0.33 (n=15)
update=130 global_step=266240 SPS=594 w_ev=0.718 m_ev=0.344 m_v_bias=1.3 m_adv_std=14.8420 m_kl_max=0.0353 m_ratio_max=0.972 return=-187.3 length=200 success_rate=0.00 collisions/ep=0.38 (n=8)
Evaluation at update 130: return=-169.97, length=200.00, success_rate=0.00, collisions/ep=0.00
Solved-check at update 130: solved=False worst_gap=1192.48 at p_x0=2.00 p_y0=0.50 (consecutive=0)
update=131 global_step=268288 SPS=582 w_ev=0.800 m_ev=0.866 m_v_bias=-3.4 m_adv_std=3.3697 m_kl_max=0.0230 m_ratio_max=0.737 return=-179.0 length=200 success_rate=0.00 collisions/ep=0.12 (n=8)
update=132 global_step=270336 SPS=585 w_ev=0.819 m_ev=0.600 m_v_bias=-1.4 m_adv_std=6.7595 m_kl_max=0.0458 m_ratio_max=1.108 return=-178.8 length=200 success_rate=0.00 collisions/ep=0.11 (n=9)
update=133 global_step=272384 SPS=588 w_ev=0.896 m_ev=0.634 m_v_bias=0.0 m_adv_std=8.1272 m_kl_max=0.0246 m_ratio_max=1.306 return=-175.0 length=200 success_rate=0.00 collisions/ep=0.07 (n=15)
update=134 global_step=274432 SPS=591 w_ev=0.829 m_ev=0.919 m_v_bias=-2.7 m_adv_std=2.6036 m_kl_max=0.0279 m_ratio_max=0.966 return=-176.1 length=200 success_rate=0.00 collisions/ep=0.12 (n=8)
update=135 global_step=276480 SPS=594 w_ev=0.868 m_ev=0.961 m_v_bias=-2.1 m_adv_std=1.9535 m_kl_max=0.0638 m_ratio_max=1.240 return=-168.7 length=200 success_rate=0.00 collisions/ep=0.00 (n=9)
Evaluation at update 135: return=-165.42, length=200.00, success_rate=0.00, collisions/ep=0.00
Solved-check at update 135: solved=False worst_gap=1187.84 at p_x0=2.00 p_y0=0.50 (consecutive=0)
update=136 global_step=278528 SPS=585 w_ev=0.822 m_ev=0.960 m_v_bias=-2.2 m_adv_std=2.0553 m_kl_max=0.0393 m_ratio_max=1.173 return=-167.2 length=200 success_rate=0.00 collisions/ep=0.00 (n=15)
update=137 global_step=280576 SPS=588 w_ev=0.813 m_ev=0.345 m_v_bias=0.2 m_adv_std=10.1273 m_kl_max=0.0326 m_ratio_max=1.040 return=-177.9 length=200 success_rate=0.00 collisions/ep=0.25 (n=8)
update=138 global_step=282624 SPS=590 w_ev=0.807 m_ev=0.558 m_v_bias=-0.6 m_adv_std=7.1534 m_kl_max=0.0446 m_ratio_max=1.179 return=-173.1 length=200 success_rate=0.00 collisions/ep=0.12 (n=8)
update=139 global_step=284672 SPS=593 w_ev=0.850 m_ev=0.971 m_v_bias=-2.3 m_adv_std=1.7124 m_kl_max=0.0382 m_ratio_max=0.908 return=-167.8 length=200 success_rate=0.00 collisions/ep=0.00 (n=9)
update=140 global_step=286720 SPS=596 w_ev=0.870 m_ev=0.327 m_v_bias=3.5 m_adv_std=18.6286 m_kl_max=0.0402 m_ratio_max=0.908 return=-179.0 length=200 success_rate=0.00 collisions/ep=0.27 (n=15)
Evaluation at update 140: return=-160.01, length=200.00, success_rate=0.00, collisions/ep=0.00
Solved-check at update 140: solved=False worst_gap=1182.15 at p_x0=2.00 p_y0=0.50 (consecutive=0)
update=141 global_step=288768 SPS=587 w_ev=0.864 m_ev=0.930 m_v_bias=-2.3 m_adv_std=2.5476 m_kl_max=0.0145 m_ratio_max=1.271 return=-159.5 length=200 success_rate=0.00 collisions/ep=0.00 (n=8)
update=142 global_step=290816 SPS=590 w_ev=0.873 m_ev=0.658 m_v_bias=-0.8 m_adv_std=7.0159 m_kl_max=0.0217 m_ratio_max=0.611 return=-166.9 length=200 success_rate=0.00 collisions/ep=0.00 (n=9)
update=143 global_step=292864 SPS=593 w_ev=0.921 m_ev=0.968 m_v_bias=-2.7 m_adv_std=1.9435 m_kl_max=0.0390 m_ratio_max=0.709 return=-163.4 length=200 success_rate=0.00 collisions/ep=0.07 (n=15)
update=144 global_step=294912 SPS=596 w_ev=0.904 m_ev=0.523 m_v_bias=0.7 m_adv_std=11.8415 m_kl_max=0.0537 m_ratio_max=1.438 return=-176.6 length=200 success_rate=0.00 collisions/ep=0.25 (n=8)
update=145 global_step=296960 SPS=599 w_ev=0.765 m_ev=0.074 m_v_bias=4.3 m_adv_std=29.8110 m_kl_max=0.0169 m_ratio_max=0.934 return=-174.4 length=200 success_rate=0.00 collisions/ep=0.25 (n=8)
Evaluation at update 145: return=-157.47, length=200.00, success_rate=0.00, collisions/ep=0.00
Solved-check at update 145: solved=False worst_gap=1180.28 at p_x0=2.00 p_y0=0.00 (consecutive=0)
update=146 global_step=299008 SPS=591 w_ev=0.809 m_ev=0.383 m_v_bias=-3.0 m_adv_std=9.9259 m_kl_max=0.0424 m_ratio_max=0.922 return=-190.4 length=200 success_rate=0.00 collisions/ep=0.56 (n=9)
update=147 global_step=301056 SPS=593 w_ev=0.943 m_ev=0.859 m_v_bias=-4.0 m_adv_std=4.8537 m_kl_max=0.0416 m_ratio_max=0.798 return=-166.5 length=200 success_rate=0.00 collisions/ep=0.13 (n=15)
update=148 global_step=303104 SPS=595 w_ev=0.909 m_ev=0.784 m_v_bias=-0.3 m_adv_std=6.6718 m_kl_max=0.0158 m_ratio_max=0.584 return=-165.0 length=200 success_rate=0.00 collisions/ep=0.12 (n=8)
update=149 global_step=305152 SPS=597 w_ev=0.769 m_ev=0.005 m_v_bias=6.7 m_adv_std=30.9170 m_kl_max=0.0296 m_ratio_max=0.746 return=-182.1 length=200 success_rate=0.00 collisions/ep=0.50 (n=8)
update=150 global_step=307200 SPS=600 w_ev=0.726 m_ev=0.051 m_v_bias=7.9 m_adv_std=50.8290 m_kl_max=0.0310 m_ratio_max=1.058 return=-206.0 length=200 success_rate=0.00 collisions/ep=0.94 (n=16)
Evaluation at update 150: return=-154.56, length=200.00, success_rate=0.00, collisions/ep=0.00
Solved-check at update 150: solved=False worst_gap=1175.62 at p_x0=2.00 p_y0=0.50 (consecutive=0)
update=151 global_step=309248 SPS=591 w_ev=0.931 m_ev=0.352 m_v_bias=-1.3 m_adv_std=20.4336 m_kl_max=0.0094 m_ratio_max=0.858 return=-180.7 length=200 success_rate=0.00 collisions/ep=0.38 (n=8)
update=152 global_step=311296 SPS=593 w_ev=0.687 m_ev=-0.058 m_v_bias=-0.8 m_adv_std=26.9168 m_kl_max=0.0099 m_ratio_max=0.384 return=-169.5 length=200 success_rate=0.00 collisions/ep=0.25 (n=8)
update=153 global_step=313344 SPS=596 w_ev=0.882 m_ev=0.719 m_v_bias=-7.7 m_adv_std=5.8895 m_kl_max=0.0242 m_ratio_max=0.549 return=-189.7 length=200 success_rate=0.00 collisions/ep=0.67 (n=9)
update=154 global_step=315392 SPS=598 w_ev=0.933 m_ev=0.916 m_v_bias=-3.4 m_adv_std=3.7018 m_kl_max=0.0206 m_ratio_max=0.641 return=-159.2 length=200 success_rate=0.00 collisions/ep=0.00 (n=15)
update=155 global_step=317440 SPS=601 w_ev=0.696 m_ev=0.077 m_v_bias=2.3 m_adv_std=37.2954 m_kl_max=0.0449 m_ratio_max=1.148 return=-220.5 length=200 success_rate=0.00 collisions/ep=1.25 (n=8)
Evaluation at update 155: return=-152.37, length=200.00, success_rate=0.00, collisions/ep=0.00
Solved-check at update 155: solved=False worst_gap=1175.54 at p_x0=2.00 p_y0=1.00 (consecutive=0)
update=156 global_step=319488 SPS=593 w_ev=0.922 m_ev=0.852 m_v_bias=-1.8 m_adv_std=4.2923 m_kl_max=0.0227 m_ratio_max=0.932 return=-159.5 length=200 success_rate=0.00 collisions/ep=0.00 (n=8)
update=157 global_step=321536 SPS=596 w_ev=0.729 m_ev=0.049 m_v_bias=15.8 m_adv_std=54.1643 m_kl_max=0.0225 m_ratio_max=0.909 return=-156.6 length=200 success_rate=0.00 collisions/ep=0.00 (n=9)
update=158 global_step=323584 SPS=598 w_ev=0.957 m_ev=0.473 m_v_bias=-7.8 m_adv_std=9.8743 m_kl_max=0.0072 m_ratio_max=0.429 return=-199.6 length=200 success_rate=0.00 collisions/ep=0.93 (n=15)
update=159 global_step=325632 SPS=600 w_ev=0.750 m_ev=0.082 m_v_bias=7.7 m_adv_std=53.1983 m_kl_max=0.0189 m_ratio_max=0.749 return=-216.3 length=200 success_rate=0.00 collisions/ep=1.25 (n=8)
update=160 global_step=327680 SPS=603 w_ev=0.864 m_ev=0.090 m_v_bias=-3.3 m_adv_std=14.7124 m_kl_max=0.0309 m_ratio_max=0.897 return=-166.0 length=200 success_rate=0.00 collisions/ep=0.22 (n=9)
Evaluation at update 160: return=-153.06, length=200.00, success_rate=0.00, collisions/ep=0.00
Solved-check at update 160: solved=False worst_gap=1174.68 at p_x0=2.00 p_y0=0.00 (consecutive=0)
update=161 global_step=329728 SPS=596 w_ev=0.955 m_ev=0.874 m_v_bias=-5.9 m_adv_std=4.7223 m_kl_max=0.0269 m_ratio_max=1.154 return=-153.9 length=200 success_rate=0.00 collisions/ep=0.00 (n=15)
update=162 global_step=331776 SPS=599 w_ev=0.939 m_ev=0.572 m_v_bias=1.4 m_adv_std=12.9372 m_kl_max=0.0084 m_ratio_max=0.414 return=-174.2 length=200 success_rate=0.00 collisions/ep=0.38 (n=8)
update=163 global_step=333824 SPS=601 w_ev=0.932 m_ev=0.469 m_v_bias=-0.4 m_adv_std=12.3134 m_kl_max=0.0131 m_ratio_max=0.579 return=-153.0 length=200 success_rate=0.00 collisions/ep=0.00 (n=8)
update=164 global_step=335872 SPS=604 w_ev=0.932 m_ev=0.505 m_v_bias=1.9 m_adv_std=13.5005 m_kl_max=0.0155 m_ratio_max=0.620 return=-169.0 length=200 success_rate=0.00 collisions/ep=0.22 (n=9)
update=165 global_step=337920 SPS=606 w_ev=0.958 m_ev=0.945 m_v_bias=-2.6 m_adv_std=3.4161 m_kl_max=0.0127 m_ratio_max=0.505 return=-170.5 length=200 success_rate=0.00 collisions/ep=0.27 (n=15)
Evaluation at update 165: return=-152.97, length=200.00, success_rate=0.00, collisions/ep=0.00
Solved-check at update 165: solved=False worst_gap=1177.12 at p_x0=2.00 p_y0=0.50 (consecutive=0)
update=166 global_step=339968 SPS=599 w_ev=0.958 m_ev=0.968 m_v_bias=-2.4 m_adv_std=2.1639 m_kl_max=0.0184 m_ratio_max=0.611 return=-152.3 length=200 success_rate=0.00 collisions/ep=0.00 (n=8)
update=167 global_step=342016 SPS=601 w_ev=0.947 m_ev=0.984 m_v_bias=-1.6 m_adv_std=1.5185 m_kl_max=0.0377 m_ratio_max=0.792 return=-154.9 length=200 success_rate=0.00 collisions/ep=0.00 (n=9)
update=168 global_step=344064 SPS=603 w_ev=0.951 m_ev=0.610 m_v_bias=2.1 m_adv_std=9.7507 m_kl_max=0.0171 m_ratio_max=1.028 return=-162.4 length=200 success_rate=0.00 collisions/ep=0.20 (n=15)
update=169 global_step=346112 SPS=606 w_ev=0.967 m_ev=0.979 m_v_bias=-2.1 m_adv_std=1.9937 m_kl_max=0.0092 m_ratio_max=0.507 return=-155.4 length=200 success_rate=0.00 collisions/ep=0.00 (n=8)
update=170 global_step=348160 SPS=608 w_ev=0.941 m_ev=0.667 m_v_bias=1.4 m_adv_std=8.8222 m_kl_max=0.0044 m_ratio_max=0.367 return=-168.4 length=200 success_rate=0.00 collisions/ep=0.25 (n=8)
Evaluation at update 170: return=-151.83, length=200.00, success_rate=0.00, collisions/ep=0.00
Solved-check at update 170: solved=False worst_gap=1172.77 at p_x0=2.00 p_y0=0.50 (consecutive=0)
update=171 global_step=350208 SPS=601 w_ev=0.953 m_ev=0.972 m_v_bias=-1.9 m_adv_std=2.1035 m_kl_max=0.0340 m_ratio_max=0.702 return=-153.8 length=200 success_rate=0.00 collisions/ep=0.00 (n=9)
update=172 global_step=352256 SPS=603 w_ev=0.965 m_ev=0.750 m_v_bias=1.1 m_adv_std=8.6050 m_kl_max=0.0304 m_ratio_max=0.804 return=-155.8 length=200 success_rate=0.00 collisions/ep=0.07 (n=15)
update=173 global_step=354304 SPS=605 w_ev=0.882 m_ev=-0.013 m_v_bias=2.2 m_adv_std=18.2731 m_kl_max=0.0170 m_ratio_max=0.737 return=-163.1 length=200 success_rate=0.00 collisions/ep=0.25 (n=8)
update=174 global_step=356352 SPS=607 w_ev=0.828 m_ev=0.092 m_v_bias=0.3 m_adv_std=21.0481 m_kl_max=0.0096 m_ratio_max=0.537 return=-180.5 length=200 success_rate=0.00 collisions/ep=0.50 (n=8)
update=175 global_step=358400 SPS=609 w_ev=0.844 m_ev=0.111 m_v_bias=5.0 m_adv_std=29.3588 m_kl_max=0.0325 m_ratio_max=0.853 return=-200.7 length=200 success_rate=0.00 collisions/ep=0.94 (n=16)
Evaluation at update 175: return=-151.46, length=200.00, success_rate=0.00, collisions/ep=0.00
Solved-check at update 175: solved=False worst_gap=1172.24 at p_x0=2.00 p_y0=-0.50 (consecutive=0)
update=176 global_step=360448 SPS=601 w_ev=0.921 m_ev=0.403 m_v_bias=-3.8 m_adv_std=14.7585 m_kl_max=0.0224 m_ratio_max=0.878 return=-172.4 length=200 success_rate=0.00 collisions/ep=0.38 (n=8)
update=177 global_step=362496 SPS=604 w_ev=0.866 m_ev=0.276 m_v_bias=-2.0 m_adv_std=14.5944 m_kl_max=0.0304 m_ratio_max=0.751 return=-152.2 length=200 success_rate=0.00 collisions/ep=0.00 (n=8)
update=178 global_step=364544 SPS=606 w_ev=0.939 m_ev=0.323 m_v_bias=-1.1 m_adv_std=14.8052 m_kl_max=0.0276 m_ratio_max=0.763 return=-167.0 length=200 success_rate=0.00 collisions/ep=0.33 (n=9)
update=179 global_step=366592 SPS=608 w_ev=0.960 m_ev=0.736 m_v_bias=-1.3 m_adv_std=7.3749 m_kl_max=0.0427 m_ratio_max=1.329 return=-168.4 length=200 success_rate=0.00 collisions/ep=0.27 (n=15)
update=180 global_step=368640 SPS=610 w_ev=0.798 m_ev=0.107 m_v_bias=14.5 m_adv_std=45.9639 m_kl_max=0.0419 m_ratio_max=1.536 return=-194.3 length=200 success_rate=0.00 collisions/ep=0.88 (n=8)
Evaluation at update 180: return=-149.88, length=200.00, success_rate=0.00, collisions/ep=0.00
Solved-check at update 180: solved=False worst_gap=1174.64 at p_x0=2.00 p_y0=0.00 (consecutive=0)
update=181 global_step=370688 SPS=604 w_ev=0.950 m_ev=0.406 m_v_bias=-1.1 m_adv_std=14.5962 m_kl_max=0.0166 m_ratio_max=0.665 return=-208.5 length=200 success_rate=0.00 collisions/ep=1.12 (n=8)
update=182 global_step=372736 SPS=606 w_ev=0.972 m_ev=0.798 m_v_bias=-4.0 m_adv_std=7.0863 m_kl_max=0.0314 m_ratio_max=2.050 return=-158.0 length=200 success_rate=0.00 collisions/ep=0.11 (n=9)
update=183 global_step=374784 SPS=609 w_ev=0.977 m_ev=0.953 m_v_bias=-3.8 m_adv_std=3.2460 m_kl_max=0.0157 m_ratio_max=0.767 return=-153.8 length=200 success_rate=0.00 collisions/ep=0.07 (n=15)
update=184 global_step=376832 SPS=611 w_ev=0.965 m_ev=0.836 m_v_bias=-1.4 m_adv_std=5.6348 m_kl_max=0.0115 m_ratio_max=0.459 return=-163.4 length=200 success_rate=0.00 collisions/ep=0.12 (n=8)
update=185 global_step=378880 SPS=613 w_ev=0.944 m_ev=0.812 m_v_bias=-0.1 m_adv_std=6.0031 m_kl_max=0.0146 m_ratio_max=0.488 return=-158.5 length=200 success_rate=0.00 collisions/ep=0.11 (n=9)
Evaluation at update 185: return=-151.31, length=200.00, success_rate=0.00, collisions/ep=0.00
Solved-check at update 185: solved=False worst_gap=1174.60 at p_x0=2.00 p_y0=0.50 (consecutive=0)
update=186 global_step=380928 SPS=606 w_ev=0.966 m_ev=0.743 m_v_bias=1.0 m_adv_std=8.6212 m_kl_max=0.0096 m_ratio_max=0.600 return=-158.3 length=200 success_rate=0.00 collisions/ep=0.13 (n=15)
update=187 global_step=382976 SPS=608 w_ev=0.953 m_ev=0.968 m_v_bias=-1.7 m_adv_std=2.3247 m_kl_max=0.0113 m_ratio_max=0.652 return=-153.5 length=200 success_rate=0.00 collisions/ep=0.00 (n=8)
update=188 global_step=385024 SPS=610 w_ev=0.950 m_ev=0.984 m_v_bias=-0.8 m_adv_std=1.4733 m_kl_max=0.0332 m_ratio_max=1.212 return=-153.4 length=200 success_rate=0.00 collisions/ep=0.00 (n=8)
update=189 global_step=387072 SPS=613 w_ev=0.933 m_ev=0.765 m_v_bias=0.8 m_adv_std=6.2418 m_kl_max=0.0195 m_ratio_max=0.963 return=-154.8 length=200 success_rate=0.00 collisions/ep=0.00 (n=9)
update=190 global_step=389120 SPS=615 w_ev=0.970 m_ev=0.830 m_v_bias=0.8 m_adv_std=6.7266 m_kl_max=0.0189 m_ratio_max=0.813 return=-159.2 length=200 success_rate=0.00 collisions/ep=0.13 (n=15)
Evaluation at update 190: return=-150.91, length=200.00, success_rate=0.00, collisions/ep=0.00
Solved-check at update 190: solved=False worst_gap=1173.52 at p_x0=2.00 p_y0=0.50 (consecutive=0)
update=191 global_step=391168 SPS=608 w_ev=0.968 m_ev=0.826 m_v_bias=-0.3 m_adv_std=5.8383 m_kl_max=0.0249 m_ratio_max=1.087 return=-160.5 length=200 success_rate=0.00 collisions/ep=0.12 (n=8)
update=192 global_step=393216 SPS=610 w_ev=0.964 m_ev=0.786 m_v_bias=-0.1 m_adv_std=5.9359 m_kl_max=0.0256 m_ratio_max=1.175 return=-151.2 length=200 success_rate=0.00 collisions/ep=0.00 (n=9)
update=193 global_step=395264 SPS=613 w_ev=0.953 m_ev=0.521 m_v_bias=-0.6 m_adv_std=13.0051 m_kl_max=0.0099 m_ratio_max=0.440 return=-165.9 length=200 success_rate=0.00 collisions/ep=0.33 (n=15)
update=194 global_step=397312 SPS=615 w_ev=0.972 m_ev=0.981 m_v_bias=-0.4 m_adv_std=2.0229 m_kl_max=0.0185 m_ratio_max=0.916 return=-150.5 length=200 success_rate=0.00 collisions/ep=0.00 (n=8)
update=195 global_step=399360 SPS=617 w_ev=0.949 m_ev=0.987 m_v_bias=-0.8 m_adv_std=1.3838 m_kl_max=0.0365 m_ratio_max=1.208 return=-154.5 length=200 success_rate=0.00 collisions/ep=0.00 (n=8)
Evaluation at update 195: return=-150.63, length=200.00, success_rate=0.00, collisions/ep=0.00
Solved-check at update 195: solved=False worst_gap=1173.62 at p_x0=2.00 p_y0=0.50 (consecutive=0)
update=196 global_step=401408 SPS=610 w_ev=0.960 m_ev=0.812 m_v_bias=0.7 m_adv_std=6.4585 m_kl_max=0.0175 m_ratio_max=0.921 return=-151.4 length=200 success_rate=0.00 collisions/ep=0.00 (n=9)
update=197 global_step=403456 SPS=612 w_ev=0.971 m_ev=0.865 m_v_bias=0.7 m_adv_std=6.1346 m_kl_max=0.0188 m_ratio_max=1.029 return=-157.0 length=200 success_rate=0.00 collisions/ep=0.13 (n=15)
update=198 global_step=405504 SPS=614 w_ev=0.945 m_ev=0.812 m_v_bias=1.0 m_adv_std=6.4924 m_kl_max=0.0282 m_ratio_max=0.773 return=-158.0 length=200 success_rate=0.00 collisions/ep=0.12 (n=8)
update=199 global_step=407552 SPS=616 w_ev=0.966 m_ev=0.983 m_v_bias=-0.9 m_adv_std=1.6349 m_kl_max=0.0307 m_ratio_max=0.737 return=-151.3 length=200 success_rate=0.00 collisions/ep=0.00 (n=8)
update=200 global_step=409600 SPS=618 w_ev=0.962 m_ev=0.793 m_v_bias=0.1 m_adv_std=6.1217 m_kl_max=0.0227 m_ratio_max=0.759 return=-155.1 length=200 success_rate=0.00 collisions/ep=0.06 (n=16)
Evaluation at update 200: return=-151.02, length=200.00, success_rate=0.00, collisions/ep=0.00
Solved-check at update 200: solved=False worst_gap=1173.30 at p_x0=2.00 p_y0=0.00 (consecutive=0)
update=201 global_step=411648 SPS=611 w_ev=0.976 m_ev=0.988 m_v_bias=-1.2 m_adv_std=1.6204 m_kl_max=0.0297 m_ratio_max=0.587 return=-151.9 length=200 success_rate=0.00 collisions/ep=0.00 (n=8)
update=202 global_step=413696 SPS=613 w_ev=0.961 m_ev=0.604 m_v_bias=0.8 m_adv_std=10.7467 m_kl_max=0.0325 m_ratio_max=1.096 return=-170.8 length=200 success_rate=0.00 collisions/ep=0.38 (n=8)
update=203 global_step=415744 SPS=615 w_ev=0.960 m_ev=0.539 m_v_bias=2.4 m_adv_std=13.0656 m_kl_max=0.0335 m_ratio_max=0.777 return=-157.7 length=200 success_rate=0.00 collisions/ep=0.11 (n=9)
update=204 global_step=417792 SPS=617 w_ev=0.980 m_ev=0.805 m_v_bias=1.1 m_adv_std=8.1663 m_kl_max=0.0250 m_ratio_max=1.086 return=-163.0 length=200 success_rate=0.00 collisions/ep=0.27 (n=15)
update=205 global_step=419840 SPS=619 w_ev=0.965 m_ev=0.965 m_v_bias=-1.5 m_adv_std=2.3372 m_kl_max=0.0240 m_ratio_max=0.986 return=-153.4 length=200 success_rate=0.00 collisions/ep=0.00 (n=8)
Evaluation at update 205: return=-150.79, length=200.00, success_rate=0.00, collisions/ep=0.00
Solved-check at update 205: solved=False worst_gap=1173.25 at p_x0=2.00 p_y0=0.50 (consecutive=0)
update=206 global_step=421888 SPS=611 w_ev=0.958 m_ev=0.405 m_v_bias=2.0 m_adv_std=13.5775 m_kl_max=0.0204 m_ratio_max=0.766 return=-150.5 length=200 success_rate=0.00 collisions/ep=0.00 (n=8)
update=207 global_step=423936 SPS=613 w_ev=0.974 m_ev=0.960 m_v_bias=-2.4 m_adv_std=2.5162 m_kl_max=0.0303 m_ratio_max=0.626 return=-165.8 length=200 success_rate=0.00 collisions/ep=0.33 (n=9)
update=208 global_step=425984 SPS=615 w_ev=0.977 m_ev=0.991 m_v_bias=-1.3 m_adv_std=1.3796 m_kl_max=0.0324 m_ratio_max=1.719 return=-152.9 length=200 success_rate=0.00 collisions/ep=0.00 (n=15)
update=209 global_step=428032 SPS=617 w_ev=0.960 m_ev=0.725 m_v_bias=0.4 m_adv_std=6.4907 m_kl_max=0.0377 m_ratio_max=1.115 return=-151.6 length=200 success_rate=0.00 collisions/ep=0.00 (n=8)
update=210 global_step=430080 SPS=619 w_ev=0.974 m_ev=0.986 m_v_bias=-1.7 m_adv_std=1.4643 m_kl_max=0.0328 m_ratio_max=1.439 return=-157.2 length=200 success_rate=0.00 collisions/ep=0.11 (n=9)
Evaluation at update 210: return=-147.37, length=200.00, success_rate=0.00, collisions/ep=0.00
Solved-check at update 210: solved=False worst_gap=1171.28 at p_x0=2.00 p_y0=0.00 (consecutive=0)
update=211 global_step=432128 SPS=611 w_ev=0.834 m_ev=0.006 m_v_bias=9.0 m_adv_std=44.7594 m_kl_max=0.0299 m_ratio_max=0.904 return=-184.9 length=200 success_rate=0.00 collisions/ep=0.73 (n=15)
update=212 global_step=434176 SPS=613 w_ev=0.948 m_ev=0.367 m_v_bias=-5.6 m_adv_std=11.8772 m_kl_max=0.0147 m_ratio_max=0.970 return=-151.8 length=200 success_rate=0.00 collisions/ep=0.00 (n=8)
update=213 global_step=436224 SPS=615 w_ev=0.929 m_ev=0.122 m_v_bias=1.9 m_adv_std=23.7551 m_kl_max=0.0573 m_ratio_max=2.483 return=-163.6 length=200 success_rate=0.00 collisions/ep=0.25 (n=8)
update=214 global_step=438272 SPS=616 w_ev=0.976 m_ev=0.907 m_v_bias=-3.9 m_adv_std=3.7937 m_kl_max=0.0281 m_ratio_max=0.879 return=-172.8 length=200 success_rate=0.00 collisions/ep=0.44 (n=9)
update=215 global_step=440320 SPS=618 w_ev=0.980 m_ev=0.779 m_v_bias=0.7 m_adv_std=8.1219 m_kl_max=0.0383 m_ratio_max=1.728 return=-156.4 length=200 success_rate=0.00 collisions/ep=0.13 (n=15)
Evaluation at update 215: return=-147.87, length=200.00, success_rate=0.00, collisions/ep=0.00
Solved-check at update 215: solved=False worst_gap=1170.60 at p_x0=2.00 p_y0=0.50 (consecutive=0)
update=216 global_step=442368 SPS=612 w_ev=0.972 m_ev=0.821 m_v_bias=-0.6 m_adv_std=5.9506 m_kl_max=0.0145 m_ratio_max=0.791 return=-158.5 length=200 success_rate=0.00 collisions/ep=0.12 (n=8)
update=217 global_step=444416 SPS=614 w_ev=0.977 m_ev=0.677 m_v_bias=1.0 m_adv_std=8.8240 m_kl_max=0.0208 m_ratio_max=0.765 return=-154.6 length=200 success_rate=0.00 collisions/ep=0.11 (n=9)
update=218 global_step=446464 SPS=615 w_ev=0.988 m_ev=0.984 m_v_bias=-2.2 m_adv_std=1.6915 m_kl_max=0.0153 m_ratio_max=0.631 return=-152.9 length=200 success_rate=0.00 collisions/ep=0.07 (n=15)
update=219 global_step=448512 SPS=617 w_ev=0.917 m_ev=0.162 m_v_bias=5.9 m_adv_std=36.0050 m_kl_max=0.0196 m_ratio_max=0.588 return=-182.8 length=200 success_rate=0.00 collisions/ep=0.75 (n=8)
update=220 global_step=450560 SPS=619 w_ev=0.973 m_ev=0.810 m_v_bias=-1.6 m_adv_std=6.3924 m_kl_max=0.0131 m_ratio_max=0.803 return=-156.6 length=200 success_rate=0.00 collisions/ep=0.12 (n=8)
Evaluation at update 220: return=-146.40, length=200.00, success_rate=0.00, collisions/ep=0.00
Solved-check at update 220: solved=False worst_gap=1169.44 at p_x0=2.00 p_y0=-0.50 (consecutive=0)
update=221 global_step=452608 SPS=613 w_ev=0.978 m_ev=0.975 m_v_bias=-2.6 m_adv_std=2.0661 m_kl_max=0.0066 m_ratio_max=0.358 return=-151.3 length=200 success_rate=0.00 collisions/ep=0.00 (n=9)
update=222 global_step=454656 SPS=615 w_ev=0.989 m_ev=0.989 m_v_bias=-1.9 m_adv_std=1.6009 m_kl_max=0.0188 m_ratio_max=0.710 return=-148.8 length=200 success_rate=0.00 collisions/ep=0.00 (n=15)
update=223 global_step=456704 SPS=617 w_ev=0.974 m_ev=0.987 m_v_bias=-1.3 m_adv_std=1.4543 m_kl_max=0.0165 m_ratio_max=0.621 return=-150.5 length=200 success_rate=0.00 collisions/ep=0.00 (n=8)
update=224 global_step=458752 SPS=619 w_ev=0.976 m_ev=0.763 m_v_bias=0.7 m_adv_std=7.4159 m_kl_max=0.0203 m_ratio_max=0.669 return=-154.2 length=200 success_rate=0.00 collisions/ep=0.12 (n=8)
update=225 global_step=460800 SPS=620 w_ev=0.945 m_ev=0.346 m_v_bias=3.8 m_adv_std=20.2064 m_kl_max=0.0363 m_ratio_max=1.235 return=-168.7 length=200 success_rate=0.00 collisions/ep=0.38 (n=16)
Evaluation at update 225: return=-146.30, length=200.00, success_rate=0.00, collisions/ep=0.00
Solved-check at update 225: solved=False worst_gap=1169.63 at p_x0=2.00 p_y0=0.00 (consecutive=0)
update=226 global_step=462848 SPS=614 w_ev=0.990 m_ev=0.918 m_v_bias=-2.2 m_adv_std=4.2319 m_kl_max=0.0118 m_ratio_max=0.529 return=-150.1 length=200 success_rate=0.00 collisions/ep=0.00 (n=8)
update=227 global_step=464896 SPS=616 w_ev=0.986 m_ev=0.987 m_v_bias=-1.8 m_adv_std=1.4198 m_kl_max=0.0278 m_ratio_max=1.032 return=-152.4 length=200 success_rate=0.00 collisions/ep=0.00 (n=8)
update=228 global_step=466944 SPS=618 w_ev=0.988 m_ev=0.994 m_v_bias=-1.2 m_adv_std=1.0768 m_kl_max=0.0589 m_ratio_max=1.569 return=-147.9 length=200 success_rate=0.00 collisions/ep=0.00 (n=9)
update=229 global_step=468992 SPS=620 w_ev=0.969 m_ev=0.385 m_v_bias=7.5 m_adv_std=23.6719 m_kl_max=0.0333 m_ratio_max=1.119 return=-167.2 length=200 success_rate=0.00 collisions/ep=0.40 (n=15)
update=230 global_step=471040 SPS=622 w_ev=0.924 m_ev=0.211 m_v_bias=5.1 m_adv_std=31.1673 m_kl_max=0.0167 m_ratio_max=0.621 return=-195.9 length=200 success_rate=0.00 collisions/ep=1.00 (n=8)
Evaluation at update 230: return=-145.46, length=200.00, success_rate=0.00, collisions/ep=0.00
Solved-check at update 230: solved=False worst_gap=1169.43 at p_x0=2.00 p_y0=0.50 (consecutive=0)
update=231 global_step=473088 SPS=616 w_ev=0.985 m_ev=0.929 m_v_bias=-4.8 m_adv_std=4.0353 m_kl_max=0.0178 m_ratio_max=0.640 return=-150.2 length=200 success_rate=0.00 collisions/ep=0.00 (n=8)
update=232 global_step=475136 SPS=618 w_ev=0.968 m_ev=0.401 m_v_bias=-0.0 m_adv_std=18.9021 m_kl_max=0.0121 m_ratio_max=0.637 return=-144.9 length=200 success_rate=0.00 collisions/ep=0.00 (n=9)
update=233 global_step=477184 SPS=620 w_ev=0.985 m_ev=0.969 m_v_bias=-3.0 m_adv_std=2.8053 m_kl_max=0.0449 m_ratio_max=1.175 return=-158.6 length=200 success_rate=0.00 collisions/ep=0.20 (n=15)
update=234 global_step=479232 SPS=621 w_ev=0.983 m_ev=0.980 m_v_bias=-2.4 m_adv_std=1.7610 m_kl_max=0.0114 m_ratio_max=0.547 return=-152.2 length=200 success_rate=0.00 collisions/ep=0.00 (n=8)
update=235 global_step=481280 SPS=623 w_ev=0.985 m_ev=0.990 m_v_bias=-1.9 m_adv_std=1.3148 m_kl_max=0.0168 m_ratio_max=0.567 return=-147.2 length=200 success_rate=0.00 collisions/ep=0.00 (n=9)
Evaluation at update 235: return=-146.59, length=200.00, success_rate=0.00, collisions/ep=0.00
Solved-check at update 235: solved=False worst_gap=1168.41 at p_x0=2.00 p_y0=0.00 (consecutive=0)
update=236 global_step=483328 SPS=617 w_ev=0.983 m_ev=0.844 m_v_bias=-0.5 m_adv_std=5.1933 m_kl_max=0.0259 m_ratio_max=0.678 return=-154.6 length=200 success_rate=0.00 collisions/ep=0.07 (n=15)
update=237 global_step=485376 SPS=619 w_ev=0.982 m_ev=0.983 m_v_bias=-1.2 m_adv_std=1.7337 m_kl_max=0.0385 m_ratio_max=0.805 return=-148.2 length=200 success_rate=0.00 collisions/ep=0.00 (n=8)
update=238 global_step=487424 SPS=620 w_ev=0.974 m_ev=0.993 m_v_bias=-0.9 m_adv_std=0.9879 m_kl_max=0.0311 m_ratio_max=1.167 return=-151.8 length=200 success_rate=0.00 collisions/ep=0.00 (n=8)
update=239 global_step=489472 SPS=622 w_ev=0.900 m_ev=0.201 m_v_bias=10.1 m_adv_std=32.2955 m_kl_max=0.0177 m_ratio_max=0.824 return=-187.8 length=200 success_rate=0.00 collisions/ep=0.78 (n=9)
update=240 global_step=491520 SPS=623 w_ev=0.915 m_ev=0.281 m_v_bias=11.9 m_adv_std=39.0101 m_kl_max=0.0375 m_ratio_max=0.985 return=-197.2 length=200 success_rate=0.00 collisions/ep=1.00 (n=15)
Evaluation at update 240: return=-145.75, length=200.00, success_rate=0.00, collisions/ep=0.00
Solved-check at update 240: solved=False worst_gap=1166.83 at p_x0=2.00 p_y0=0.00 (consecutive=0)
update=241 global_step=493568 SPS=617 w_ev=0.969 m_ev=0.742 m_v_bias=-6.4 m_adv_std=7.2749 m_kl_max=0.0089 m_ratio_max=0.435 return=-143.8 length=200 success_rate=0.00 collisions/ep=0.00 (n=8)
update=242 global_step=495616 SPS=619 w_ev=0.968 m_ev=0.774 m_v_bias=-4.7 m_adv_std=7.2543 m_kl_max=0.0257 m_ratio_max=1.016 return=-148.4 length=200 success_rate=0.00 collisions/ep=0.00 (n=9)
update=243 global_step=497664 SPS=621 w_ev=0.965 m_ev=0.344 m_v_bias=2.8 m_adv_std=19.2107 m_kl_max=0.0354 m_ratio_max=1.052 return=-169.6 length=200 success_rate=0.00 collisions/ep=0.40 (n=15)
update=244 global_step=499712 SPS=623 w_ev=0.982 m_ev=0.852 m_v_bias=-4.1 m_adv_std=6.6855 m_kl_max=0.0131 m_ratio_max=0.494 return=-159.6 length=200 success_rate=0.00 collisions/ep=0.12 (n=8)
update=245 global_step=501760 SPS=624 w_ev=0.971 m_ev=0.972 m_v_bias=-4.0 m_adv_std=2.0964 m_kl_max=0.0179 m_ratio_max=0.753 return=-149.1 length=200 success_rate=0.00 collisions/ep=0.00 (n=8)
Evaluation at update 245: return=-145.45, length=200.00, success_rate=0.00, collisions/ep=0.00
Solved-check at update 245: solved=False worst_gap=1168.49 at p_x0=2.00 p_y0=-0.50 (consecutive=0)
update=246 global_step=503808 SPS=619 w_ev=0.978 m_ev=0.985 m_v_bias=-2.0 m_adv_std=1.5396 m_kl_max=0.0136 m_ratio_max=0.731 return=-150.1 length=200 success_rate=0.00 collisions/ep=0.00 (n=9)
update=247 global_step=505856 SPS=620 w_ev=0.869 m_ev=0.150 m_v_bias=10.8 m_adv_std=49.6706 m_kl_max=0.0091 m_ratio_max=0.482 return=-175.8 length=200 success_rate=0.00 collisions/ep=0.53 (n=15)
update=248 global_step=507904 SPS=622 w_ev=0.961 m_ev=0.829 m_v_bias=-4.3 m_adv_std=5.7925 m_kl_max=0.0088 m_ratio_max=0.384 return=-145.4 length=200 success_rate=0.00 collisions/ep=0.00 (n=8)
update=249 global_step=509952 SPS=624 w_ev=0.979 m_ev=0.817 m_v_bias=-3.6 m_adv_std=6.1077 m_kl_max=0.0210 m_ratio_max=0.785 return=-148.6 length=200 success_rate=0.00 collisions/ep=0.00 (n=8)
update=250 global_step=512000 SPS=626 w_ev=0.979 m_ev=0.856 m_v_bias=-3.0 m_adv_std=5.2970 m_kl_max=0.0130 m_ratio_max=0.547 return=-153.5 length=200 success_rate=0.00 collisions/ep=0.12 (n=16)
Evaluation at update 250: return=-146.37, length=200.00, success_rate=0.00, collisions/ep=0.00
Solved-check at update 250: solved=False worst_gap=1168.39 at p_x0=2.00 p_y0=0.50 (consecutive=0)
update=251 global_step=514048 SPS=620 w_ev=0.991 m_ev=0.976 m_v_bias=-1.9 m_adv_std=2.4172 m_kl_max=0.0157 m_ratio_max=0.495 return=-152.6 length=200 success_rate=0.00 collisions/ep=0.00 (n=8)
update=252 global_step=516096 SPS=622 w_ev=0.980 m_ev=0.822 m_v_bias=0.3 m_adv_std=6.3123 m_kl_max=0.0285 m_ratio_max=0.644 return=-153.3 length=200 success_rate=0.00 collisions/ep=0.12 (n=8)
update=253 global_step=518144 SPS=624 w_ev=0.984 m_ev=0.986 m_v_bias=-1.1 m_adv_std=1.4747 m_kl_max=0.0117 m_ratio_max=0.579 return=-147.1 length=200 success_rate=0.00 collisions/ep=0.00 (n=9)
update=254 global_step=520192 SPS=625 w_ev=0.991 m_ev=0.994 m_v_bias=-1.1 m_adv_std=1.1257 m_kl_max=0.0412 m_ratio_max=0.625 return=-151.3 length=200 success_rate=0.00 collisions/ep=0.00 (n=15)
update=255 global_step=522240 SPS=627 w_ev=0.977 m_ev=0.586 m_v_bias=1.7 m_adv_std=11.7983 m_kl_max=0.0226 m_ratio_max=0.639 return=-160.4 length=200 success_rate=0.00 collisions/ep=0.25 (n=8)
Evaluation at update 255: return=-144.87, length=200.00, success_rate=0.00, collisions/ep=0.00
Solved-check at update 255: solved=False worst_gap=1168.70 at p_x0=2.00 p_y0=0.00 (consecutive=0)
update=256 global_step=524288 SPS=622 w_ev=0.979 m_ev=0.990 m_v_bias=-0.9 m_adv_std=1.2622 m_kl_max=0.0201 m_ratio_max=0.731 return=-149.4 length=200 success_rate=0.00 collisions/ep=0.00 (n=8)
update=257 global_step=526336 SPS=624 w_ev=0.969 m_ev=0.423 m_v_bias=3.3 m_adv_std=13.8829 m_kl_max=0.0285 m_ratio_max=1.072 return=-155.7 length=200 success_rate=0.00 collisions/ep=0.11 (n=9)
update=258 global_step=528384 SPS=626 w_ev=0.983 m_ev=0.938 m_v_bias=-2.8 m_adv_std=3.6599 m_kl_max=0.0219 m_ratio_max=0.874 return=-157.8 length=200 success_rate=0.00 collisions/ep=0.20 (n=15)
update=259 global_step=530432 SPS=627 w_ev=0.970 m_ev=0.778 m_v_bias=-0.1 m_adv_std=6.9231 m_kl_max=0.0310 m_ratio_max=1.051 return=-158.7 length=200 success_rate=0.00 collisions/ep=0.12 (n=8)
update=260 global_step=532480 SPS=629 w_ev=0.977 m_ev=0.992 m_v_bias=-1.4 m_adv_std=1.2044 m_kl_max=0.0261 m_ratio_max=0.908 return=-148.2 length=200 success_rate=0.00 collisions/ep=0.00 (n=9)
Evaluation at update 260: return=-146.10, length=200.00, success_rate=0.00, collisions/ep=0.00
Solved-check at update 260: solved=False worst_gap=1167.29 at p_x0=2.00 p_y0=0.50 (consecutive=0)
update=261 global_step=534528 SPS=623 w_ev=0.979 m_ev=0.746 m_v_bias=2.3 m_adv_std=9.7356 m_kl_max=0.0277 m_ratio_max=0.799 return=-155.8 length=200 success_rate=0.00 collisions/ep=0.20 (n=15)
update=262 global_step=536576 SPS=625 w_ev=0.974 m_ev=0.965 m_v_bias=-1.3 m_adv_std=2.5713 m_kl_max=0.0104 m_ratio_max=0.616 return=-150.0 length=200 success_rate=0.00 collisions/ep=0.00 (n=8)
update=263 global_step=538624 SPS=626 w_ev=0.966 m_ev=0.651 m_v_bias=0.1 m_adv_std=10.3208 m_kl_max=0.0303 m_ratio_max=0.990 return=-164.1 length=200 success_rate=0.00 collisions/ep=0.25 (n=8)
update=264 global_step=540672 SPS=628 w_ev=0.968 m_ev=0.993 m_v_bias=-0.8 m_adv_std=1.0854 m_kl_max=0.0128 m_ratio_max=1.071 return=-150.2 length=200 success_rate=0.00 collisions/ep=0.00 (n=9)
update=265 global_step=542720 SPS=629 w_ev=0.974 m_ev=0.995 m_v_bias=-0.3 m_adv_std=0.9938 m_kl_max=0.0317 m_ratio_max=0.887 return=-150.6 length=200 success_rate=0.00 collisions/ep=0.00 (n=15)
Evaluation at update 265: return=-145.96, length=200.00, success_rate=0.00, collisions/ep=0.00
Solved-check at update 265: solved=False worst_gap=1170.40 at p_x0=2.00 p_y0=0.50 (consecutive=0)
update=266 global_step=544768 SPS=624 w_ev=0.956 m_ev=0.397 m_v_bias=4.5 m_adv_std=14.9573 m_kl_max=0.0176 m_ratio_max=0.678 return=-165.5 length=200 success_rate=0.00 collisions/ep=0.25 (n=8)
update=267 global_step=546816 SPS=626 w_ev=0.961 m_ev=0.694 m_v_bias=-1.5 m_adv_std=7.8196 m_kl_max=0.0186 m_ratio_max=0.995 return=-168.2 length=200 success_rate=0.00 collisions/ep=0.44 (n=9)
update=268 global_step=548864 SPS=627 w_ev=0.983 m_ev=0.831 m_v_bias=-1.3 m_adv_std=6.2549 m_kl_max=0.0127 m_ratio_max=0.499 return=-156.6 length=200 success_rate=0.00 collisions/ep=0.13 (n=15)
update=269 global_step=550912 SPS=629 w_ev=0.978 m_ev=0.992 m_v_bias=-1.3 m_adv_std=1.3143 m_kl_max=0.0316 m_ratio_max=0.763 return=-147.2 length=200 success_rate=0.00 collisions/ep=0.00 (n=8)
update=270 global_step=552960 SPS=630 w_ev=0.963 m_ev=0.849 m_v_bias=-0.3 m_adv_std=5.2684 m_kl_max=0.0228 m_ratio_max=0.536 return=-158.0 length=200 success_rate=0.00 collisions/ep=0.12 (n=8)
Evaluation at update 270: return=-146.37, length=200.00, success_rate=0.00, collisions/ep=0.00
Solved-check at update 270: solved=False worst_gap=1169.98 at p_x0=2.00 p_y0=0.00 (consecutive=0)
update=271 global_step=555008 SPS=625 w_ev=0.948 m_ev=0.391 m_v_bias=3.3 m_adv_std=18.4100 m_kl_max=0.0357 m_ratio_max=0.883 return=-151.4 length=200 success_rate=0.00 collisions/ep=0.00 (n=9)
update=272 global_step=557056 SPS=626 w_ev=0.947 m_ev=0.294 m_v_bias=5.6 m_adv_std=28.7726 m_kl_max=0.0190 m_ratio_max=1.331 return=-177.2 length=200 success_rate=0.00 collisions/ep=0.53 (n=15)
update=273 global_step=559104 SPS=628 w_ev=0.972 m_ev=0.940 m_v_bias=-3.0 m_adv_std=3.4729 m_kl_max=0.0104 m_ratio_max=0.510 return=-150.2 length=200 success_rate=0.00 collisions/ep=0.00 (n=8)
update=274 global_step=561152 SPS=629 w_ev=0.977 m_ev=0.984 m_v_bias=-2.3 m_adv_std=1.6121 m_kl_max=0.0353 m_ratio_max=1.124 return=-146.0 length=200 success_rate=0.00 collisions/ep=0.00 (n=8)
update=275 global_step=563200 SPS=631 w_ev=0.981 m_ev=0.991 m_v_bias=-1.7 m_adv_std=1.2622 m_kl_max=0.0372 m_ratio_max=0.919 return=-148.5 length=200 success_rate=0.00 collisions/ep=0.00 (n=16)
Evaluation at update 275: return=-146.68, length=200.00, success_rate=0.00, collisions/ep=0.00
Solved-check at update 275: solved=False worst_gap=1169.35 at p_x0=2.00 p_y0=0.50 (consecutive=0)
update=276 global_step=565248 SPS=626 w_ev=0.988 m_ev=0.995 m_v_bias=-1.1 m_adv_std=1.1076 m_kl_max=0.0147 m_ratio_max=0.810 return=-149.9 length=200 success_rate=0.00 collisions/ep=0.00 (n=8)
update=277 global_step=567296 SPS=627 w_ev=0.982 m_ev=0.994 m_v_bias=-0.9 m_adv_std=0.9791 m_kl_max=0.0197 m_ratio_max=0.538 return=-147.6 length=200 success_rate=0.00 collisions/ep=0.00 (n=8)
update=278 global_step=569344 SPS=629 w_ev=0.971 m_ev=0.996 m_v_bias=-0.6 m_adv_std=0.7851 m_kl_max=0.0232 m_ratio_max=1.032 return=-151.2 length=200 success_rate=0.00 collisions/ep=0.00 (n=9)
update=279 global_step=571392 SPS=630 w_ev=0.988 m_ev=0.951 m_v_bias=-0.4 m_adv_std=3.3862 m_kl_max=0.0545 m_ratio_max=1.394 return=-154.6 length=200 success_rate=0.00 collisions/ep=0.07 (n=15)
update=280 global_step=573440 SPS=631 w_ev=0.971 m_ev=0.636 m_v_bias=4.1 m_adv_std=11.1648 m_kl_max=0.0253 m_ratio_max=0.753 return=-165.9 length=200 success_rate=0.00 collisions/ep=0.38 (n=8)
Evaluation at update 280: return=-145.63, length=200.00, success_rate=0.00, collisions/ep=0.00
Solved-check at update 280: solved=False worst_gap=1168.64 at p_x0=2.00 p_y0=-0.50 (consecutive=0)
update=281 global_step=575488 SPS=626 w_ev=0.979 m_ev=0.631 m_v_bias=1.3 m_adv_std=11.4247 m_kl_max=0.0259 m_ratio_max=0.620 return=-170.4 length=200 success_rate=0.00 collisions/ep=0.50 (n=8)
update=282 global_step=577536 SPS=627 w_ev=0.989 m_ev=0.980 m_v_bias=-1.8 m_adv_std=2.0114 m_kl_max=0.0139 m_ratio_max=0.561 return=-147.6 length=200 success_rate=0.00 collisions/ep=0.00 (n=9)
update=283 global_step=579584 SPS=628 w_ev=0.991 m_ev=0.861 m_v_bias=-0.1 m_adv_std=6.5843 m_kl_max=0.0245 m_ratio_max=0.943 return=-151.6 length=200 success_rate=0.00 collisions/ep=0.07 (n=15)
update=284 global_step=581632 SPS=630 w_ev=0.986 m_ev=0.837 m_v_bias=0.0 m_adv_std=6.2459 m_kl_max=0.0235 m_ratio_max=0.933 return=-157.1 length=200 success_rate=0.00 collisions/ep=0.12 (n=8)
update=285 global_step=583680 SPS=631 w_ev=0.987 m_ev=0.993 m_v_bias=-1.5 m_adv_std=1.1284 m_kl_max=0.0059 m_ratio_max=0.559 return=-145.2 length=200 success_rate=0.00 collisions/ep=0.00 (n=9)
Evaluation at update 285: return=-147.01, length=200.00, success_rate=0.00, collisions/ep=0.00
Solved-check at update 285: solved=False worst_gap=1168.73 at p_x0=2.00 p_y0=0.50 (consecutive=0)
update=286 global_step=585728 SPS=625 w_ev=0.992 m_ev=0.995 m_v_bias=-0.9 m_adv_std=1.0470 m_kl_max=0.0203 m_ratio_max=0.748 return=-147.6 length=200 success_rate=0.00 collisions/ep=0.00 (n=15)
update=287 global_step=587776 SPS=627 w_ev=0.991 m_ev=0.997 m_v_bias=-0.7 m_adv_std=0.7977 m_kl_max=0.0422 m_ratio_max=1.043 return=-147.6 length=200 success_rate=0.00 collisions/ep=0.00 (n=8)
update=288 global_step=589824 SPS=628 w_ev=0.988 m_ev=0.996 m_v_bias=-0.8 m_adv_std=0.7281 m_kl_max=0.0556 m_ratio_max=1.664 return=-148.1 length=200 success_rate=0.00 collisions/ep=0.00 (n=8)
update=289 global_step=591872 SPS=629 w_ev=0.989 m_ev=0.880 m_v_bias=0.0 m_adv_std=5.5534 m_kl_max=0.0392 m_ratio_max=0.914 return=-155.0 length=200 success_rate=0.00 collisions/ep=0.11 (n=9)
update=290 global_step=593920 SPS=631 w_ev=0.973 m_ev=0.455 m_v_bias=6.1 m_adv_std=19.0225 m_kl_max=0.0360 m_ratio_max=1.423 return=-162.9 length=200 success_rate=0.00 collisions/ep=0.33 (n=15)
Evaluation at update 290: return=-145.29, length=200.00, success_rate=0.00, collisions/ep=0.00
Solved-check at update 290: solved=False worst_gap=1167.25 at p_x0=2.00 p_y0=-0.50 (consecutive=0)
update=291 global_step=595968 SPS=626 w_ev=0.984 m_ev=0.833 m_v_bias=-1.5 m_adv_std=6.5410 m_kl_max=0.0242 m_ratio_max=1.239 return=-154.6 length=200 success_rate=0.00 collisions/ep=0.12 (n=8)
update=292 global_step=598016 SPS=628 w_ev=0.990 m_ev=0.987 m_v_bias=-2.4 m_adv_std=1.5156 m_kl_max=0.0265 m_ratio_max=0.756 return=-143.3 length=200 success_rate=0.00 collisions/ep=0.00 (n=9)
update=293 global_step=600064 SPS=629 w_ev=0.987 m_ev=0.760 m_v_bias=-0.1 m_adv_std=8.1199 m_kl_max=0.0161 m_ratio_max=1.090 return=-155.2 length=200 success_rate=0.00 collisions/ep=0.13 (n=15)
update=294 global_step=602112 SPS=631 w_ev=0.991 m_ev=0.985 m_v_bias=-1.3 m_adv_std=1.9294 m_kl_max=0.0179 m_ratio_max=0.562 return=-147.4 length=200 success_rate=0.00 collisions/ep=0.00 (n=8)
update=295 global_step=604160 SPS=632 w_ev=0.863 m_ev=0.131 m_v_bias=9.9 m_adv_std=43.1165 m_kl_max=0.0269 m_ratio_max=1.196 return=-197.5 length=200 success_rate=0.00 collisions/ep=1.00 (n=8)
Evaluation at update 295: return=-145.13, length=200.00, success_rate=0.00, collisions/ep=0.00
Solved-check at update 295: solved=False worst_gap=1167.93 at p_x0=2.00 p_y0=0.00 (consecutive=0)
update=296 global_step=606208 SPS=626 w_ev=0.978 m_ev=0.921 m_v_bias=-3.1 m_adv_std=4.2871 m_kl_max=0.0284 m_ratio_max=1.218 return=-151.9 length=200 success_rate=0.00 collisions/ep=0.11 (n=9)
update=297 global_step=608256 SPS=627 w_ev=0.973 m_ev=0.475 m_v_bias=1.3 m_adv_std=17.9353 m_kl_max=0.0157 m_ratio_max=0.926 return=-158.5 length=200 success_rate=0.00 collisions/ep=0.20 (n=15)
update=298 global_step=610304 SPS=628 w_ev=0.984 m_ev=0.956 m_v_bias=-3.2 m_adv_std=2.7667 m_kl_max=0.0290 m_ratio_max=0.770 return=-150.9 length=200 success_rate=0.00 collisions/ep=0.00 (n=8)
update=299 global_step=612352 SPS=629 w_ev=0.985 m_ev=0.989 m_v_bias=-2.5 m_adv_std=1.3985 m_kl_max=0.0099 m_ratio_max=0.617 return=-148.9 length=200 success_rate=0.00 collisions/ep=0.00 (n=8)
update=300 global_step=614400 SPS=631 w_ev=0.987 m_ev=0.925 m_v_bias=-1.3 m_adv_std=4.0089 m_kl_max=0.0186 m_ratio_max=0.716 return=-149.6 length=200 success_rate=0.00 collisions/ep=0.06 (n=16)
Evaluation at update 300: return=-145.97, length=200.00, success_rate=0.00, collisions/ep=0.00
Solved-check at update 300: solved=False worst_gap=1168.02 at p_x0=2.00 p_y0=-0.50 (consecutive=0)
update=301 global_step=616448 SPS=626 w_ev=0.988 m_ev=0.768 m_v_bias=1.8 m_adv_std=8.6785 m_kl_max=0.0185 m_ratio_max=0.834 return=-159.7 length=200 success_rate=0.00 collisions/ep=0.25 (n=8)
update=302 global_step=618496 SPS=627 w_ev=0.982 m_ev=0.646 m_v_bias=0.2 m_adv_std=8.4123 m_kl_max=0.0115 m_ratio_max=0.566 return=-148.5 length=200 success_rate=0.00 collisions/ep=0.00 (n=8)
update=303 global_step=620544 SPS=628 w_ev=0.983 m_ev=0.975 m_v_bias=-2.2 m_adv_std=2.1817 m_kl_max=0.0171 m_ratio_max=0.735 return=-156.8 length=200 success_rate=0.00 collisions/ep=0.22 (n=9)
update=304 global_step=622592 SPS=630 w_ev=0.992 m_ev=0.996 m_v_bias=-1.3 m_adv_std=0.9127 m_kl_max=0.0116 m_ratio_max=0.502 return=-145.5 length=200 success_rate=0.00 collisions/ep=0.00 (n=15)
update=305 global_step=624640 SPS=631 w_ev=0.972 m_ev=0.549 m_v_bias=0.6 m_adv_std=10.0067 m_kl_max=0.0230 m_ratio_max=0.815 return=-148.9 length=200 success_rate=0.00 collisions/ep=0.00 (n=8)
Evaluation at update 305: return=-145.17, length=200.00, success_rate=0.00, collisions/ep=0.00
Solved-check at update 305: solved=False worst_gap=1167.25 at p_x0=2.00 p_y0=0.50 (consecutive=0)
update=306 global_step=626688 SPS=626 w_ev=0.981 m_ev=0.695 m_v_bias=1.1 m_adv_std=7.5914 m_kl_max=0.0300 m_ratio_max=1.065 return=-160.1 length=200 success_rate=0.00 collisions/ep=0.25 (n=8)
update=307 global_step=628736 SPS=628 w_ev=0.987 m_ev=0.975 m_v_bias=-1.1 m_adv_std=1.9864 m_kl_max=0.0418 m_ratio_max=1.207 return=-160.2 length=200 success_rate=0.00 collisions/ep=0.22 (n=9)
update=308 global_step=630784 SPS=629 w_ev=0.991 m_ev=0.865 m_v_bias=0.5 m_adv_std=6.6692 m_kl_max=0.0175 m_ratio_max=1.033 return=-150.4 length=200 success_rate=0.00 collisions/ep=0.07 (n=15)
update=309 global_step=632832 SPS=630 w_ev=0.989 m_ev=0.989 m_v_bias=-0.9 m_adv_std=1.3527 m_kl_max=0.0320 m_ratio_max=0.834 return=-146.6 length=200 success_rate=0.00 collisions/ep=0.00 (n=8)
update=310 global_step=634880 SPS=631 w_ev=0.986 m_ev=0.816 m_v_bias=0.6 m_adv_std=6.3726 m_kl_max=0.0145 m_ratio_max=0.549 return=-145.6 length=200 success_rate=0.00 collisions/ep=0.00 (n=9)
Evaluation at update 310: return=-144.43, length=200.00, success_rate=0.00, collisions/ep=0.00
Solved-check at update 310: solved=False worst_gap=1167.19 at p_x0=2.00 p_y0=0.50 (consecutive=0)
update=311 global_step=636928 SPS=627 w_ev=0.993 m_ev=0.853 m_v_bias=0.7 m_adv_std=6.5893 m_kl_max=0.0212 m_ratio_max=0.933 return=-153.0 length=200 success_rate=0.00 collisions/ep=0.13 (n=15)
update=312 global_step=638976 SPS=629 w_ev=0.975 m_ev=0.611 m_v_bias=0.1 m_adv_std=9.7376 m_kl_max=0.0246 m_ratio_max=0.902 return=-148.3 length=200 success_rate=0.00 collisions/ep=0.00 (n=8)
update=313 global_step=641024 SPS=630 w_ev=0.975 m_ev=0.567 m_v_bias=3.9 m_adv_std=12.5519 m_kl_max=0.0246 m_ratio_max=1.156 return=-181.6 length=200 success_rate=0.00 collisions/ep=0.75 (n=8)
update=314 global_step=643072 SPS=631 w_ev=0.977 m_ev=0.512 m_v_bias=1.7 m_adv_std=13.6961 m_kl_max=0.0148 m_ratio_max=0.497 return=-165.8 length=200 success_rate=0.00 collisions/ep=0.33 (n=9)
update=315 global_step=645120 SPS=633 w_ev=0.992 m_ev=0.864 m_v_bias=-1.8 m_adv_std=6.4401 m_kl_max=0.0163 m_ratio_max=0.559 return=-155.4 length=200 success_rate=0.00 collisions/ep=0.13 (n=15)
Evaluation at update 315: return=-145.05, length=200.00, success_rate=0.00, collisions/ep=0.00
Solved-check at update 315: solved=False worst_gap=1168.69 at p_x0=2.00 p_y0=0.50 (consecutive=0)
update=316 global_step=647168 SPS=628 w_ev=0.947 m_ev=0.265 m_v_bias=2.0 m_adv_std=24.0531 m_kl_max=0.0156 m_ratio_max=0.620 return=-170.0 length=200 success_rate=0.00 collisions/ep=0.50 (n=8)
update=317 global_step=649216 SPS=630 w_ev=0.977 m_ev=0.481 m_v_bias=-0.5 m_adv_std=11.8297 m_kl_max=0.0190 m_ratio_max=0.813 return=-161.8 length=200 success_rate=0.00 collisions/ep=0.22 (n=9)
update=318 global_step=651264 SPS=631 w_ev=0.992 m_ev=0.981 m_v_bias=-3.2 m_adv_std=1.9589 m_kl_max=0.0131 m_ratio_max=0.534 return=-146.7 length=200 success_rate=0.00 collisions/ep=0.00 (n=15)
update=319 global_step=653312 SPS=632 w_ev=0.993 m_ev=0.994 m_v_bias=-1.4 m_adv_std=1.1407 m_kl_max=0.0159 m_ratio_max=0.863 return=-148.9 length=200 success_rate=0.00 collisions/ep=0.00 (n=8)
update=320 global_step=655360 SPS=634 w_ev=0.986 m_ev=0.996 m_v_bias=-0.9 m_adv_std=0.7702 m_kl_max=0.0159 m_ratio_max=0.719 return=-150.7 length=200 success_rate=0.00 collisions/ep=0.00 (n=8)
Evaluation at update 320: return=-144.96, length=200.00, success_rate=0.00, collisions/ep=0.00
Solved-check at update 320: solved=False worst_gap=1168.10 at p_x0=2.00 p_y0=0.00 (consecutive=0)
update=321 global_step=657408 SPS=630 w_ev=0.989 m_ev=0.781 m_v_bias=0.4 m_adv_std=6.2340 m_kl_max=0.0239 m_ratio_max=1.130 return=-149.0 length=200 success_rate=0.00 collisions/ep=0.00 (n=9)
update=322 global_step=659456 SPS=631 w_ev=0.978 m_ev=0.434 m_v_bias=4.3 m_adv_std=18.8903 m_kl_max=0.0218 m_ratio_max=0.910 return=-166.4 length=200 success_rate=0.00 collisions/ep=0.33 (n=15)
update=323 global_step=661504 SPS=633 w_ev=0.988 m_ev=0.972 m_v_bias=-2.4 m_adv_std=2.1121 m_kl_max=0.0215 m_ratio_max=0.750 return=-146.5 length=200 success_rate=0.00 collisions/ep=0.00 (n=8)
update=324 global_step=663552 SPS=634 w_ev=0.992 m_ev=0.991 m_v_bias=-2.1 m_adv_std=1.2916 m_kl_max=0.0282 m_ratio_max=0.706 return=-150.0 length=200 success_rate=0.00 collisions/ep=0.00 (n=8)
update=325 global_step=665600 SPS=635 w_ev=0.991 m_ev=0.996 m_v_bias=-1.5 m_adv_std=0.8593 m_kl_max=0.0376 m_ratio_max=1.225 return=-146.7 length=200 success_rate=0.00 collisions/ep=0.00 (n=16)
Evaluation at update 325: return=-143.59, length=200.00, success_rate=0.00, collisions/ep=0.00
Solved-check at update 325: solved=False worst_gap=1167.18 at p_x0=2.00 p_y0=0.00 (consecutive=0)
update=326 global_step=667648 SPS=631 w_ev=0.992 m_ev=0.769 m_v_bias=1.7 m_adv_std=8.8187 m_kl_max=0.0128 m_ratio_max=0.754 return=-160.2 length=200 success_rate=0.00 collisions/ep=0.25 (n=8)
update=327 global_step=669696 SPS=632 w_ev=0.989 m_ev=0.986 m_v_bias=-1.3 m_adv_std=1.4562 m_kl_max=0.0195 m_ratio_max=0.825 return=-150.1 length=200 success_rate=0.00 collisions/ep=0.00 (n=8)
update=328 global_step=671744 SPS=634 w_ev=0.993 m_ev=0.996 m_v_bias=-1.2 m_adv_std=0.8762 m_kl_max=0.0134 m_ratio_max=0.823 return=-150.3 length=200 success_rate=0.00 collisions/ep=0.00 (n=9)
update=329 global_step=673792 SPS=635 w_ev=0.994 m_ev=0.998 m_v_bias=-0.7 m_adv_std=0.6656 m_kl_max=0.0180 m_ratio_max=0.606 return=-145.5 length=200 success_rate=0.00 collisions/ep=0.00 (n=15)
update=330 global_step=675840 SPS=636 w_ev=0.993 m_ev=0.998 m_v_bias=-0.6 m_adv_std=0.5392 m_kl_max=0.0202 m_ratio_max=0.976 return=-145.2 length=200 success_rate=0.00 collisions/ep=0.00 (n=8)
Evaluation at update 330: return=-143.13, length=200.00, success_rate=0.00, collisions/ep=0.00
Solved-check at update 330: solved=False worst_gap=1166.95 at p_x0=2.00 p_y0=0.00 (consecutive=0)
update=331 global_step=677888 SPS=633 w_ev=0.991 m_ev=0.998 m_v_bias=-0.4 m_adv_std=0.5094 m_kl_max=0.0286 m_ratio_max=0.864 return=-145.5 length=200 success_rate=0.00 collisions/ep=0.00 (n=8)
update=332 global_step=679936 SPS=634 w_ev=0.990 m_ev=0.745 m_v_bias=2.2 m_adv_std=8.6297 m_kl_max=0.0453 m_ratio_max=0.874 return=-153.6 length=200 success_rate=0.00 collisions/ep=0.11 (n=9)
update=333 global_step=681984 SPS=636 w_ev=0.974 m_ev=0.465 m_v_bias=8.8 m_adv_std=20.4027 m_kl_max=0.0296 m_ratio_max=1.242 return=-171.1 length=200 success_rate=0.00 collisions/ep=0.53 (n=15)
update=334 global_step=684032 SPS=637 w_ev=0.989 m_ev=0.933 m_v_bias=-3.5 m_adv_std=3.6908 m_kl_max=0.0119 m_ratio_max=0.501 return=-148.1 length=200 success_rate=0.00 collisions/ep=0.00 (n=8)
update=335 global_step=686080 SPS=638 w_ev=0.991 m_ev=0.825 m_v_bias=-2.2 m_adv_std=6.3772 m_kl_max=0.0201 m_ratio_max=0.665 return=-145.3 length=200 success_rate=0.00 collisions/ep=0.00 (n=9)
Evaluation at update 335: return=-144.60, length=200.00, success_rate=0.00, collisions/ep=0.00
Solved-check at update 335: solved=False worst_gap=1166.84 at p_x0=2.00 p_y0=-0.50 (consecutive=0)
update=336 global_step=688128 SPS=635 w_ev=0.995 m_ev=0.990 m_v_bias=-2.6 m_adv_std=1.5546 m_kl_max=0.0126 m_ratio_max=0.563 return=-148.6 length=200 success_rate=0.00 collisions/ep=0.07 (n=15)
update=337 global_step=690176 SPS=636 w_ev=0.991 m_ev=0.991 m_v_bias=-1.4 m_adv_std=1.4527 m_kl_max=0.0214 m_ratio_max=0.870 return=-143.3 length=200 success_rate=0.00 collisions/ep=0.00 (n=8)
update=338 global_step=692224 SPS=638 w_ev=0.947 m_ev=0.241 m_v_bias=3.0 m_adv_std=20.4928 m_kl_max=0.0172 m_ratio_max=0.686 return=-167.3 length=200 success_rate=0.00 collisions/ep=0.38 (n=8)
update=339 global_step=694272 SPS=639 w_ev=0.992 m_ev=0.944 m_v_bias=-2.4 m_adv_std=3.1984 m_kl_max=0.0114 m_ratio_max=0.586 return=-163.5 length=200 success_rate=0.00 collisions/ep=0.33 (n=9)
update=340 global_step=696320 SPS=640 w_ev=0.996 m_ev=0.993 m_v_bias=-1.5 m_adv_std=1.3510 m_kl_max=0.0156 m_ratio_max=0.716 return=-143.7 length=200 success_rate=0.00 collisions/ep=0.00 (n=15)
Evaluation at update 340: return=-143.73, length=200.00, success_rate=0.00, collisions/ep=0.00
Solved-check at update 340: solved=False worst_gap=1167.18 at p_x0=2.00 p_y0=0.00 (consecutive=0)
update=341 global_step=698368 SPS=636 w_ev=0.989 m_ev=0.997 m_v_bias=-0.7 m_adv_std=0.6490 m_kl_max=0.0209 m_ratio_max=0.933 return=-144.4 length=200 success_rate=0.00 collisions/ep=0.00 (n=8)
update=342 global_step=700416 SPS=637 w_ev=0.993 m_ev=0.997 m_v_bias=-0.8 m_adv_std=0.6801 m_kl_max=0.0172 m_ratio_max=0.831 return=-145.8 length=200 success_rate=0.00 collisions/ep=0.00 (n=9)
update=343 global_step=702464 SPS=638 w_ev=0.994 m_ev=0.998 m_v_bias=-0.5 m_adv_std=0.6054 m_kl_max=0.0284 m_ratio_max=0.724 return=-145.4 length=200 success_rate=0.00 collisions/ep=0.00 (n=15)
update=344 global_step=704512 SPS=639 w_ev=0.993 m_ev=0.866 m_v_bias=0.8 m_adv_std=6.2105 m_kl_max=0.0217 m_ratio_max=0.542 return=-156.4 length=200 success_rate=0.00 collisions/ep=0.12 (n=8)
update=345 global_step=706560 SPS=640 w_ev=0.993 m_ev=0.994 m_v_bias=-0.5 m_adv_std=0.8986 m_kl_max=0.0175 m_ratio_max=0.816 return=-144.0 length=200 success_rate=0.00 collisions/ep=0.00 (n=8)
Evaluation at update 345: return=-143.09, length=200.00, success_rate=0.00, collisions/ep=0.00
Solved-check at update 345: solved=False worst_gap=1166.66 at p_x0=2.00 p_y0=0.50 (consecutive=0)
update=346 global_step=708608 SPS=636 w_ev=0.869 m_ev=0.122 m_v_bias=12.1 m_adv_std=43.3393 m_kl_max=0.0322 m_ratio_max=0.688 return=-153.7 length=200 success_rate=0.00 collisions/ep=0.11 (n=9)
update=347 global_step=710656 SPS=637 w_ev=0.992 m_ev=0.916 m_v_bias=-3.2 m_adv_std=4.9811 m_kl_max=0.0135 m_ratio_max=0.566 return=-174.0 length=200 success_rate=0.00 collisions/ep=0.53 (n=15)
update=348 global_step=712704 SPS=639 w_ev=0.990 m_ev=0.978 m_v_bias=-2.8 m_adv_std=1.9619 m_kl_max=0.0238 m_ratio_max=0.942 return=-144.6 length=200 success_rate=0.00 collisions/ep=0.00 (n=8)
update=349 global_step=714752 SPS=640 w_ev=0.993 m_ev=0.992 m_v_bias=-1.8 m_adv_std=1.2259 m_kl_max=0.0392 m_ratio_max=0.874 return=-150.6 length=200 success_rate=0.00 collisions/ep=0.00 (n=8)
update=350 global_step=716800 SPS=641 w_ev=0.974 m_ev=0.352 m_v_bias=2.0 m_adv_std=17.2431 m_kl_max=0.0200 m_ratio_max=0.914 return=-153.2 length=200 success_rate=0.00 collisions/ep=0.19 (n=16)
Evaluation at update 350: return=-143.78, length=200.00, success_rate=0.00, collisions/ep=0.00
Solved-check at update 350: solved=False worst_gap=1167.88 at p_x0=2.00 p_y0=0.00 (consecutive=0)
update=351 global_step=718848 SPS=637 w_ev=0.994 m_ev=0.981 m_v_bias=-2.2 m_adv_std=2.0396 m_kl_max=0.0253 m_ratio_max=1.187 return=-147.6 length=200 success_rate=0.00 collisions/ep=0.00 (n=8)
update=352 global_step=720896 SPS=638 w_ev=0.991 m_ev=0.684 m_v_bias=0.7 m_adv_std=8.1674 m_kl_max=0.0450 m_ratio_max=1.060 return=-154.9 length=200 success_rate=0.00 collisions/ep=0.12 (n=8)
update=353 global_step=722944 SPS=639 w_ev=0.992 m_ev=0.984 m_v_bias=-1.4 m_adv_std=1.5504 m_kl_max=0.0259 m_ratio_max=1.224 return=-153.4 length=200 success_rate=0.00 collisions/ep=0.11 (n=9)
update=354 global_step=724992 SPS=641 w_ev=0.996 m_ev=0.997 m_v_bias=-1.0 m_adv_std=0.8354 m_kl_max=0.0121 m_ratio_max=0.561 return=-148.3 length=200 success_rate=0.00 collisions/ep=0.00 (n=15)
update=355 global_step=727040 SPS=642 w_ev=0.920 m_ev=0.080 m_v_bias=6.6 m_adv_std=35.5820 m_kl_max=0.0261 m_ratio_max=0.702 return=-159.6 length=200 success_rate=0.00 collisions/ep=0.25 (n=8)
Evaluation at update 355: return=-143.18, length=200.00, success_rate=0.00, collisions/ep=0.00
Solved-check at update 355: solved=False worst_gap=1167.21 at p_x0=2.00 p_y0=0.50 (consecutive=0)
update=356 global_step=729088 SPS=638 w_ev=0.963 m_ev=0.422 m_v_bias=-1.1 m_adv_std=16.7097 m_kl_max=0.0419 m_ratio_max=1.327 return=-200.3 length=200 success_rate=0.00 collisions/ep=1.12 (n=8)
update=357 global_step=731136 SPS=639 w_ev=0.955 m_ev=0.267 m_v_bias=3.5 m_adv_std=24.4187 m_kl_max=0.0148 m_ratio_max=0.736 return=-142.7 length=200 success_rate=0.00 collisions/ep=0.00 (n=9)
update=358 global_step=733184 SPS=641 w_ev=0.991 m_ev=0.873 m_v_bias=-1.3 m_adv_std=6.7194 m_kl_max=0.0166 m_ratio_max=0.520 return=-163.0 length=200 success_rate=0.00 collisions/ep=0.33 (n=15)
update=359 global_step=735232 SPS=642 w_ev=0.993 m_ev=0.975 m_v_bias=-2.7 m_adv_std=2.1712 m_kl_max=0.0163 m_ratio_max=0.775 return=-145.2 length=200 success_rate=0.00 collisions/ep=0.00 (n=8)
update=360 global_step=737280 SPS=643 w_ev=0.994 m_ev=0.992 m_v_bias=-1.6 m_adv_std=1.2640 m_kl_max=0.0340 m_ratio_max=1.828 return=-143.9 length=200 success_rate=0.00 collisions/ep=0.00 (n=9)
Evaluation at update 360: return=-142.64, length=200.00, success_rate=0.00, collisions/ep=0.00
Solved-check at update 360: solved=False worst_gap=1165.50 at p_x0=2.00 p_y0=0.00 (consecutive=0)
update=361 global_step=739328 SPS=639 w_ev=0.993 m_ev=0.759 m_v_bias=0.9 m_adv_std=8.0899 m_kl_max=0.0145 m_ratio_max=0.541 return=-151.7 length=200 success_rate=0.00 collisions/ep=0.13 (n=15)
update=362 global_step=741376 SPS=640 w_ev=0.993 m_ev=0.757 m_v_bias=0.2 m_adv_std=8.7325 m_kl_max=0.0195 m_ratio_max=0.649 return=-152.7 length=200 success_rate=0.00 collisions/ep=0.12 (n=8)
update=363 global_step=743424 SPS=641 w_ev=0.991 m_ev=0.987 m_v_bias=-2.3 m_adv_std=1.4430 m_kl_max=0.0110 m_ratio_max=0.439 return=-149.5 length=200 success_rate=0.00 collisions/ep=0.12 (n=8)
update=364 global_step=745472 SPS=643 w_ev=0.994 m_ev=0.995 m_v_bias=-1.2 m_adv_std=0.9787 m_kl_max=0.0186 m_ratio_max=0.798 return=-149.1 length=200 success_rate=0.00 collisions/ep=0.00 (n=9)
update=365 global_step=747520 SPS=644 w_ev=0.981 m_ev=0.417 m_v_bias=4.7 m_adv_std=19.7017 m_kl_max=0.0204 m_ratio_max=0.597 return=-157.4 length=200 success_rate=0.00 collisions/ep=0.27 (n=15)
Evaluation at update 365: return=-143.22, length=200.00, success_rate=0.00, collisions/ep=0.00
Solved-check at update 365: solved=False worst_gap=1167.21 at p_x0=2.00 p_y0=0.00 (consecutive=0)
update=366 global_step=749568 SPS=640 w_ev=0.972 m_ev=0.276 m_v_bias=1.2 m_adv_std=18.4637 m_kl_max=0.0313 m_ratio_max=1.023 return=-146.0 length=200 success_rate=0.00 collisions/ep=0.00 (n=8)
update=367 global_step=751616 SPS=642 w_ev=0.979 m_ev=0.510 m_v_bias=-2.5 m_adv_std=13.2093 m_kl_max=0.0187 m_ratio_max=0.548 return=-184.0 length=200 success_rate=0.00 collisions/ep=0.78 (n=9)
update=368 global_step=753664 SPS=643 w_ev=0.867 m_ev=0.038 m_v_bias=11.6 m_adv_std=54.7084 m_kl_max=0.0288 m_ratio_max=1.084 return=-182.3 length=200 success_rate=0.00 collisions/ep=0.73 (n=15)
update=369 global_step=755712 SPS=644 w_ev=0.972 m_ev=0.688 m_v_bias=-10.0 m_adv_std=8.2942 m_kl_max=0.0182 m_ratio_max=0.656 return=-148.4 length=200 success_rate=0.00 collisions/ep=0.00 (n=8)
update=370 global_step=757760 SPS=645 w_ev=0.989 m_ev=0.929 m_v_bias=-3.0 m_adv_std=3.4474 m_kl_max=0.0088 m_ratio_max=0.427 return=-146.3 length=200 success_rate=0.00 collisions/ep=0.00 (n=8)
Evaluation at update 370: return=-143.27, length=200.00, success_rate=0.00, collisions/ep=0.00
Solved-check at update 370: solved=False worst_gap=1167.23 at p_x0=2.00 p_y0=0.00 (consecutive=0)
update=371 global_step=759808 SPS=642 w_ev=0.994 m_ev=0.991 m_v_bias=-1.4 m_adv_std=1.3078 m_kl_max=0.0173 m_ratio_max=0.487 return=-146.5 length=200 success_rate=0.00 collisions/ep=0.00 (n=9)
update=372 global_step=761856 SPS=644 w_ev=0.965 m_ev=0.577 m_v_bias=1.0 m_adv_std=14.7000 m_kl_max=0.0219 m_ratio_max=1.544 return=-158.4 length=200 success_rate=0.00 collisions/ep=0.20 (n=15)
update=373 global_step=763904 SPS=645 w_ev=0.977 m_ev=0.988 m_v_bias=-0.4 m_adv_std=1.4677 m_kl_max=0.0109 m_ratio_max=0.664 return=-140.8 length=200 success_rate=0.00 collisions/ep=0.00 (n=8)
update=374 global_step=765952 SPS=646 w_ev=0.983 m_ev=0.542 m_v_bias=1.7 m_adv_std=11.7731 m_kl_max=0.0180 m_ratio_max=0.641 return=-147.4 length=200 success_rate=0.00 collisions/ep=0.00 (n=8)
update=375 global_step=768000 SPS=647 w_ev=0.991 m_ev=0.985 m_v_bias=-1.7 m_adv_std=1.5781 m_kl_max=0.0364 m_ratio_max=0.778 return=-154.1 length=200 success_rate=0.00 collisions/ep=0.12 (n=16)
Evaluation at update 375: return=-143.77, length=200.00, success_rate=0.00, collisions/ep=0.00
Solved-check at update 375: solved=False worst_gap=1167.47 at p_x0=2.00 p_y0=0.00 (consecutive=0)
update=376 global_step=770048 SPS=644 w_ev=0.991 m_ev=0.658 m_v_bias=1.5 m_adv_std=11.9437 m_kl_max=0.0131 m_ratio_max=0.514 return=-157.0 length=200 success_rate=0.00 collisions/ep=0.25 (n=8)
update=377 global_step=772096 SPS=645 w_ev=0.986 m_ev=0.983 m_v_bias=-1.6 m_adv_std=1.6101 m_kl_max=0.0229 m_ratio_max=0.530 return=-145.2 length=200 success_rate=0.00 collisions/ep=0.00 (n=8)
update=378 global_step=774144 SPS=646 w_ev=0.980 m_ev=0.696 m_v_bias=0.4 m_adv_std=9.5319 m_kl_max=0.0172 m_ratio_max=0.619 return=-158.7 length=200 success_rate=0.00 collisions/ep=0.22 (n=9)
update=379 global_step=776192 SPS=648 w_ev=0.990 m_ev=0.829 m_v_bias=0.7 m_adv_std=7.2597 m_kl_max=0.0071 m_ratio_max=0.372 return=-153.7 length=200 success_rate=0.00 collisions/ep=0.13 (n=15)
update=380 global_step=778240 SPS=649 w_ev=0.990 m_ev=0.866 m_v_bias=0.3 m_adv_std=5.8841 m_kl_max=0.0151 m_ratio_max=0.822 return=-150.6 length=200 success_rate=0.00 collisions/ep=0.12 (n=8)
Evaluation at update 380: return=-143.61, length=200.00, success_rate=0.00, collisions/ep=0.00
Solved-check at update 380: solved=False worst_gap=1167.31 at p_x0=2.00 p_y0=0.00 (consecutive=0)
update=381 global_step=780288 SPS=645 w_ev=0.924 m_ev=0.150 m_v_bias=7.5 m_adv_std=32.6331 m_kl_max=0.0252 m_ratio_max=0.751 return=-158.2 length=200 success_rate=0.00 collisions/ep=0.25 (n=8)
update=382 global_step=782336 SPS=647 w_ev=0.988 m_ev=0.967 m_v_bias=-3.8 m_adv_std=2.5114 m_kl_max=0.0186 m_ratio_max=0.595 return=-173.3 length=200 success_rate=0.00 collisions/ep=0.56 (n=9)
update=383 global_step=784384 SPS=648 w_ev=0.992 m_ev=0.858 m_v_bias=-0.4 m_adv_std=6.5650 m_kl_max=0.0121 m_ratio_max=0.619 return=-151.7 length=200 success_rate=0.00 collisions/ep=0.07 (n=15)
update=384 global_step=786432 SPS=649 w_ev=0.964 m_ev=0.354 m_v_bias=3.9 m_adv_std=18.8573 m_kl_max=0.0215 m_ratio_max=0.841 return=-164.0 length=200 success_rate=0.00 collisions/ep=0.38 (n=8)
update=385 global_step=788480 SPS=650 w_ev=0.927 m_ev=0.189 m_v_bias=3.6 m_adv_std=30.6591 m_kl_max=0.0247 m_ratio_max=0.614 return=-159.3 length=200 success_rate=0.00 collisions/ep=0.22 (n=9)
Evaluation at update 385: return=-143.96, length=200.00, success_rate=0.00, collisions/ep=0.00
Solved-check at update 385: solved=False worst_gap=1166.69 at p_x0=2.00 p_y0=-0.50 (consecutive=0)
update=386 global_step=790528 SPS=646 w_ev=0.988 m_ev=0.851 m_v_bias=-2.6 m_adv_std=6.6900 m_kl_max=0.0100 m_ratio_max=0.827 return=-166.7 length=200 success_rate=0.00 collisions/ep=0.40 (n=15)
update=387 global_step=792576 SPS=647 w_ev=0.969 m_ev=0.304 m_v_bias=1.2 m_adv_std=23.2497 m_kl_max=0.0150 m_ratio_max=0.561 return=-169.5 length=200 success_rate=0.00 collisions/ep=0.50 (n=8)
update=388 global_step=794624 SPS=648 w_ev=0.983 m_ev=0.548 m_v_bias=-0.4 m_adv_std=12.9371 m_kl_max=0.0219 m_ratio_max=0.722 return=-150.9 length=200 success_rate=0.00 collisions/ep=0.25 (n=8)
update=389 global_step=796672 SPS=650 w_ev=0.985 m_ev=0.969 m_v_bias=-2.9 m_adv_std=2.5638 m_kl_max=0.0190 m_ratio_max=0.630 return=-151.1 length=200 success_rate=0.00 collisions/ep=0.11 (n=9)
update=390 global_step=798720 SPS=651 w_ev=0.990 m_ev=0.870 m_v_bias=-0.2 m_adv_std=6.2947 m_kl_max=0.0171 m_ratio_max=0.658 return=-150.2 length=200 success_rate=0.00 collisions/ep=0.07 (n=15)
Evaluation at update 390: return=-145.03, length=200.00, success_rate=0.00, collisions/ep=0.00
Solved-check at update 390: solved=False worst_gap=1165.94 at p_x0=2.00 p_y0=0.50 (consecutive=0)
update=391 global_step=800768 SPS=647 w_ev=0.989 m_ev=0.989 m_v_bias=-1.6 m_adv_std=1.4417 m_kl_max=0.0222 m_ratio_max=0.824 return=-147.9 length=200 success_rate=0.00 collisions/ep=0.00 (n=8)
update=392 global_step=802816 SPS=649 w_ev=0.991 m_ev=0.994 m_v_bias=-1.0 m_adv_std=0.9623 m_kl_max=0.0114 m_ratio_max=0.494 return=-143.7 length=200 success_rate=0.00 collisions/ep=0.00 (n=9)
update=393 global_step=804864 SPS=650 w_ev=0.993 m_ev=0.997 m_v_bias=-0.5 m_adv_std=0.7780 m_kl_max=0.0263 m_ratio_max=0.671 return=-146.1 length=200 success_rate=0.00 collisions/ep=0.00 (n=15)
update=394 global_step=806912 SPS=651 w_ev=0.993 m_ev=0.997 m_v_bias=-0.5 m_adv_std=0.7979 m_kl_max=0.0207 m_ratio_max=0.540 return=-147.5 length=200 success_rate=0.00 collisions/ep=0.00 (n=8)
update=395 global_step=808960 SPS=652 w_ev=0.974 m_ev=0.626 m_v_bias=1.4 m_adv_std=11.2671 m_kl_max=0.0107 m_ratio_max=0.389 return=-159.9 length=200 success_rate=0.00 collisions/ep=0.25 (n=8)
Evaluation at update 395: return=-143.37, length=200.00, success_rate=0.00, collisions/ep=0.00
Solved-check at update 395: solved=False worst_gap=1166.95 at p_x0=2.00 p_y0=0.00 (consecutive=0)
update=396 global_step=811008 SPS=649 w_ev=0.990 m_ev=0.988 m_v_bias=-1.0 m_adv_std=1.5237 m_kl_max=0.0222 m_ratio_max=0.568 return=-143.8 length=200 success_rate=0.00 collisions/ep=0.00 (n=9)
update=397 global_step=813056 SPS=650 w_ev=0.989 m_ev=0.673 m_v_bias=1.7 m_adv_std=11.9625 m_kl_max=0.0135 m_ratio_max=0.540 return=-150.8 length=200 success_rate=0.00 collisions/ep=0.13 (n=15)
update=398 global_step=815104 SPS=651 w_ev=0.985 m_ev=0.764 m_v_bias=-0.2 m_adv_std=7.1279 m_kl_max=0.0177 m_ratio_max=0.750 return=-158.6 length=200 success_rate=0.00 collisions/ep=0.25 (n=8)
update=399 global_step=817152 SPS=652 w_ev=0.955 m_ev=0.317 m_v_bias=2.8 m_adv_std=23.1306 m_kl_max=0.0169 m_ratio_max=0.518 return=-172.9 length=200 success_rate=0.00 collisions/ep=0.50 (n=8)
update=400 global_step=819200 SPS=653 w_ev=0.976 m_ev=0.952 m_v_bias=-2.6 m_adv_std=3.1926 m_kl_max=0.0130 m_ratio_max=0.638 return=-144.3 length=200 success_rate=0.00 collisions/ep=0.00 (n=16)
Evaluation at update 400: return=-142.81, length=200.00, success_rate=0.00, collisions/ep=0.00
Solved-check at update 400: solved=False worst_gap=1166.92 at p_x0=2.00 p_y0=0.00 (consecutive=0)
update=401 global_step=821248 SPS=650 w_ev=0.994 m_ev=0.987 m_v_bias=-1.3 m_adv_std=1.7956 m_kl_max=0.0257 m_ratio_max=0.948 return=-143.8 length=200 success_rate=0.00 collisions/ep=0.00 (n=8)
update=402 global_step=823296 SPS=652 w_ev=0.964 m_ev=0.427 m_v_bias=1.3 m_adv_std=16.4358 m_kl_max=0.0214 m_ratio_max=1.059 return=-167.7 length=200 success_rate=0.00 collisions/ep=0.38 (n=8)
update=403 global_step=825344 SPS=653 w_ev=0.982 m_ev=0.987 m_v_bias=-1.4 m_adv_std=1.7462 m_kl_max=0.0231 m_ratio_max=0.850 return=-142.7 length=200 success_rate=0.00 collisions/ep=0.00 (n=9)
update=404 global_step=827392 SPS=654 w_ev=0.976 m_ev=0.435 m_v_bias=4.5 m_adv_std=19.3223 m_kl_max=0.0194 m_ratio_max=1.002 return=-156.3 length=200 success_rate=0.00 collisions/ep=0.27 (n=15)
update=405 global_step=829440 SPS=654 w_ev=0.960 m_ev=0.267 m_v_bias=1.0 m_adv_std=17.4012 m_kl_max=0.0336 m_ratio_max=1.348 return=-153.4 length=200 success_rate=0.00 collisions/ep=0.12 (n=8)
Evaluation at update 405: return=-143.22, length=200.00, success_rate=0.00, collisions/ep=0.00
Solved-check at update 405: solved=False worst_gap=1167.13 at p_x0=2.00 p_y0=0.50 (consecutive=0)
update=406 global_step=831488 SPS=651 w_ev=0.971 m_ev=0.500 m_v_bias=-1.6 m_adv_std=12.7358 m_kl_max=0.0134 m_ratio_max=0.641 return=-161.8 length=200 success_rate=0.00 collisions/ep=0.38 (n=8)
update=407 global_step=833536 SPS=652 w_ev=0.991 m_ev=0.970 m_v_bias=-2.7 m_adv_std=2.4032 m_kl_max=0.0249 m_ratio_max=0.522 return=-157.3 length=200 success_rate=0.00 collisions/ep=0.22 (n=9)
update=408 global_step=835584 SPS=653 w_ev=0.994 m_ev=0.993 m_v_bias=-1.6 m_adv_std=1.3366 m_kl_max=0.0174 m_ratio_max=0.597 return=-145.3 length=200 success_rate=0.00 collisions/ep=0.00 (n=15)
update=409 global_step=837632 SPS=654 w_ev=0.977 m_ev=0.552 m_v_bias=2.5 m_adv_std=12.8711 m_kl_max=0.0458 m_ratio_max=1.250 return=-167.2 length=200 success_rate=0.00 collisions/ep=0.38 (n=8)
update=410 global_step=839680 SPS=656 w_ev=0.968 m_ev=0.477 m_v_bias=5.7 m_adv_std=16.1451 m_kl_max=0.0308 m_ratio_max=1.131 return=-168.6 length=200 success_rate=0.00 collisions/ep=0.44 (n=9)
Evaluation at update 410: return=-143.72, length=200.00, success_rate=0.00, collisions/ep=0.00
Solved-check at update 410: solved=False worst_gap=1167.90 at p_x0=2.00 p_y0=0.00 (consecutive=0)
update=411 global_step=841728 SPS=653 w_ev=0.993 m_ev=0.966 m_v_bias=-3.0 m_adv_std=3.0971 m_kl_max=0.0115 m_ratio_max=0.541 return=-149.7 length=200 success_rate=0.00 collisions/ep=0.13 (n=15)
update=412 global_step=843776 SPS=654 w_ev=0.992 m_ev=0.988 m_v_bias=-1.8 m_adv_std=1.7745 m_kl_max=0.0108 m_ratio_max=0.383 return=-143.8 length=200 success_rate=0.00 collisions/ep=0.00 (n=8)
update=413 global_step=845824 SPS=655 w_ev=0.991 m_ev=0.994 m_v_bias=-1.4 m_adv_std=1.1140 m_kl_max=0.0114 m_ratio_max=0.521 return=-142.0 length=200 success_rate=0.00 collisions/ep=0.00 (n=8)
update=414 global_step=847872 SPS=656 w_ev=0.993 m_ev=0.996 m_v_bias=-1.2 m_adv_std=0.8628 m_kl_max=0.0391 m_ratio_max=1.511 return=-145.0 length=200 success_rate=0.00 collisions/ep=0.00 (n=9)
update=415 global_step=849920 SPS=657 w_ev=0.975 m_ev=0.512 m_v_bias=3.1 m_adv_std=17.2938 m_kl_max=0.0135 m_ratio_max=0.613 return=-158.3 length=200 success_rate=0.00 collisions/ep=0.27 (n=15)
Evaluation at update 415: return=-142.79, length=200.00, success_rate=0.00, collisions/ep=0.00
Solved-check at update 415: solved=False worst_gap=1166.76 at p_x0=2.00 p_y0=0.00 (consecutive=0)
update=416 global_step=851968 SPS=654 w_ev=0.987 m_ev=0.980 m_v_bias=-2.0 m_adv_std=1.9374 m_kl_max=0.0261 m_ratio_max=1.007 return=-147.1 length=200 success_rate=0.00 collisions/ep=0.00 (n=8)
update=417 global_step=854016 SPS=655 w_ev=0.931 m_ev=0.182 m_v_bias=5.7 m_adv_std=30.6769 m_kl_max=0.0219 m_ratio_max=0.624 return=-143.9 length=200 success_rate=0.00 collisions/ep=0.00 (n=9)
update=418 global_step=856064 SPS=656 w_ev=0.987 m_ev=0.958 m_v_bias=-2.1 m_adv_std=2.9218 m_kl_max=0.0107 m_ratio_max=0.470 return=-161.7 length=200 success_rate=0.00 collisions/ep=0.33 (n=15)
update=419 global_step=858112 SPS=657 w_ev=0.987 m_ev=0.993 m_v_bias=-1.4 m_adv_std=1.3762 m_kl_max=0.0278 m_ratio_max=0.974 return=-143.1 length=200 success_rate=0.00 collisions/ep=0.00 (n=8)
update=420 global_step=860160 SPS=658 w_ev=0.989 m_ev=0.993 m_v_bias=-0.7 m_adv_std=1.0345 m_kl_max=0.0172 m_ratio_max=0.584 return=-142.8 length=200 success_rate=0.00 collisions/ep=0.00 (n=8)
Evaluation at update 420: return=-143.14, length=200.00, success_rate=0.00, collisions/ep=0.00
Solved-check at update 420: solved=False worst_gap=1167.15 at p_x0=2.00 p_y0=0.00 (consecutive=0)
update=421 global_step=862208 SPS=655 w_ev=0.972 m_ev=0.584 m_v_bias=2.7 m_adv_std=13.2993 m_kl_max=0.0289 m_ratio_max=0.915 return=-162.4 length=200 success_rate=0.00 collisions/ep=0.33 (n=9)
update=422 global_step=864256 SPS=656 w_ev=0.992 m_ev=0.982 m_v_bias=-1.3 m_adv_std=2.2190 m_kl_max=0.0101 m_ratio_max=0.839 return=-146.3 length=200 success_rate=0.00 collisions/ep=0.00 (n=15)
update=423 global_step=866304 SPS=658 w_ev=0.987 m_ev=0.854 m_v_bias=-0.2 m_adv_std=5.6724 m_kl_max=0.0232 m_ratio_max=0.837 return=-155.3 length=200 success_rate=0.00 collisions/ep=0.12 (n=8)
update=424 global_step=868352 SPS=659 w_ev=0.990 m_ev=0.990 m_v_bias=-1.2 m_adv_std=1.3484 m_kl_max=0.0190 m_ratio_max=0.542 return=-145.5 length=200 success_rate=0.00 collisions/ep=0.00 (n=8)
update=425 global_step=870400 SPS=660 w_ev=0.990 m_ev=0.996 m_v_bias=-0.9 m_adv_std=0.8858 m_kl_max=0.0362 m_ratio_max=1.471 return=-144.9 length=200 success_rate=0.00 collisions/ep=0.00 (n=16)
Evaluation at update 425: return=-143.32, length=200.00, success_rate=0.00, collisions/ep=0.00
Solved-check at update 425: solved=False worst_gap=1167.58 at p_x0=2.00 p_y0=0.50 (consecutive=0)
update=426 global_step=872448 SPS=657 w_ev=0.988 m_ev=0.819 m_v_bias=2.5 m_adv_std=8.6190 m_kl_max=0.0106 m_ratio_max=0.571 return=-157.5 length=200 success_rate=0.00 collisions/ep=0.25 (n=8)
update=427 global_step=874496 SPS=657 w_ev=0.984 m_ev=0.980 m_v_bias=-1.3 m_adv_std=1.9131 m_kl_max=0.0145 m_ratio_max=0.576 return=-145.4 length=200 success_rate=0.00 collisions/ep=0.00 (n=8)
update=428 global_step=876544 SPS=658 w_ev=0.988 m_ev=0.994 m_v_bias=-1.1 m_adv_std=1.0260 m_kl_max=0.0477 m_ratio_max=1.718 return=-145.4 length=200 success_rate=0.00 collisions/ep=0.00 (n=9)
update=429 global_step=878592 SPS=659 w_ev=0.990 m_ev=0.873 m_v_bias=0.6 m_adv_std=6.4001 m_kl_max=0.0513 m_ratio_max=2.212 return=-149.7 length=200 success_rate=0.00 collisions/ep=0.07 (n=15)
update=430 global_step=880640 SPS=660 w_ev=0.986 m_ev=0.992 m_v_bias=-0.8 m_adv_std=1.2239 m_kl_max=0.0392 m_ratio_max=1.702 return=-144.6 length=200 success_rate=0.00 collisions/ep=0.00 (n=8)
Evaluation at update 430: return=-143.08, length=200.00, success_rate=0.00, collisions/ep=0.00
Solved-check at update 430: solved=False worst_gap=1167.46 at p_x0=2.00 p_y0=0.50 (consecutive=0)
update=431 global_step=882688 SPS=657 w_ev=0.974 m_ev=0.521 m_v_bias=2.8 m_adv_std=13.4566 m_kl_max=0.0448 m_ratio_max=1.398 return=-166.2 length=200 success_rate=0.00 collisions/ep=0.38 (n=8)
update=432 global_step=884736 SPS=658 w_ev=0.960 m_ev=0.403 m_v_bias=4.2 m_adv_std=19.1201 m_kl_max=0.0183 m_ratio_max=0.688 return=-148.2 length=200 success_rate=0.00 collisions/ep=0.00 (n=9)
update=433 global_step=886784 SPS=659 w_ev=0.991 m_ev=0.980 m_v_bias=-2.5 m_adv_std=2.4227 m_kl_max=0.0270 m_ratio_max=1.247 return=-157.5 length=200 success_rate=0.00 collisions/ep=0.27 (n=15)
update=434 global_step=888832 SPS=661 w_ev=0.794 m_ev=-0.241 m_v_bias=6.6 m_adv_std=38.3954 m_kl_max=0.0478 m_ratio_max=0.752 return=-146.2 length=200 success_rate=0.00 collisions/ep=0.00 (n=8)
update=435 global_step=890880 SPS=661 w_ev=0.971 m_ev=-0.785 m_v_bias=-7.4 m_adv_std=15.8420 m_kl_max=0.0136 m_ratio_max=0.535 return=-203.4 length=200 success_rate=0.00 collisions/ep=1.22 (n=9)
Evaluation at update 435: return=-143.64, length=200.00, success_rate=0.00, collisions/ep=0.00
Solved-check at update 435: solved=False worst_gap=1167.52 at p_x0=2.00 p_y0=0.00 (consecutive=0)
update=436 global_step=892928 SPS=658 w_ev=0.991 m_ev=0.849 m_v_bias=0.2 m_adv_std=5.8030 m_kl_max=0.0311 m_ratio_max=1.383 return=-150.3 length=200 success_rate=0.00 collisions/ep=0.07 (n=15)
update=437 global_step=894976 SPS=660 w_ev=0.966 m_ev=0.389 m_v_bias=3.0 m_adv_std=18.1162 m_kl_max=0.0082 m_ratio_max=0.394 return=-143.8 length=200 success_rate=0.00 collisions/ep=0.00 (n=8)
update=438 global_step=897024 SPS=661 w_ev=0.984 m_ev=0.976 m_v_bias=-1.3 m_adv_std=2.1647 m_kl_max=0.0183 m_ratio_max=0.779 return=-166.0 length=200 success_rate=0.00 collisions/ep=0.38 (n=8)
update=439 global_step=899072 SPS=662 w_ev=0.928 m_ev=0.198 m_v_bias=6.3 m_adv_std=30.6687 m_kl_max=0.0436 m_ratio_max=0.860 return=-145.4 length=200 success_rate=0.00 collisions/ep=0.00 (n=9)
update=440 global_step=901120 SPS=663 w_ev=0.991 m_ev=0.949 m_v_bias=-2.4 m_adv_std=3.6091 m_kl_max=0.0215 m_ratio_max=0.964 return=-163.9 length=200 success_rate=0.00 collisions/ep=0.33 (n=15)
Evaluation at update 440: return=-144.73, length=200.00, success_rate=0.00, collisions/ep=0.00
Solved-check at update 440: solved=False worst_gap=1166.60 at p_x0=2.00 p_y0=0.50 (consecutive=0)
update=441 global_step=903168 SPS=660 w_ev=0.985 m_ev=0.839 m_v_bias=-0.6 m_adv_std=6.0512 m_kl_max=0.0090 m_ratio_max=0.681 return=-152.4 length=200 success_rate=0.00 collisions/ep=0.12 (n=8)
update=442 global_step=905216 SPS=661 w_ev=0.985 m_ev=0.992 m_v_bias=-1.7 m_adv_std=1.1259 m_kl_max=0.0190 m_ratio_max=1.038 return=-147.4 length=200 success_rate=0.00 collisions/ep=0.00 (n=9)
update=443 global_step=907264 SPS=662 w_ev=0.982 m_ev=0.643 m_v_bias=3.0 m_adv_std=10.3235 m_kl_max=0.0328 m_ratio_max=1.467 return=-156.3 length=200 success_rate=0.00 collisions/ep=0.20 (n=15)
update=444 global_step=909312 SPS=663 w_ev=0.978 m_ev=0.746 m_v_bias=-1.0 m_adv_std=8.1365 m_kl_max=0.0333 m_ratio_max=0.778 return=-158.4 length=200 success_rate=0.00 collisions/ep=0.12 (n=8)
update=445 global_step=911360 SPS=664 w_ev=0.979 m_ev=0.812 m_v_bias=-1.3 m_adv_std=5.9021 m_kl_max=0.0216 m_ratio_max=0.818 return=-156.5 length=200 success_rate=0.00 collisions/ep=0.12 (n=8)
Evaluation at update 445: return=-144.75, length=200.00, success_rate=0.00, collisions/ep=0.00
Solved-check at update 445: solved=False worst_gap=1167.89 at p_x0=2.00 p_y0=-0.50 (consecutive=0)
update=446 global_step=913408 SPS=661 w_ev=0.984 m_ev=0.820 m_v_bias=-0.6 m_adv_std=6.6080 m_kl_max=0.0191 m_ratio_max=0.517 return=-158.7 length=200 success_rate=0.00 collisions/ep=0.22 (n=9)
update=447 global_step=915456 SPS=662 w_ev=0.991 m_ev=0.995 m_v_bias=-1.3 m_adv_std=1.1258 m_kl_max=0.0103 m_ratio_max=0.578 return=-145.9 length=200 success_rate=0.00 collisions/ep=0.00 (n=15)
update=448 global_step=917504 SPS=663 w_ev=0.977 m_ev=0.997 m_v_bias=-0.9 m_adv_std=0.7040 m_kl_max=0.0258 m_ratio_max=1.451 return=-145.2 length=200 success_rate=0.00 collisions/ep=0.00 (n=8)
update=449 global_step=919552 SPS=664 w_ev=0.981 m_ev=0.997 m_v_bias=-0.8 m_adv_std=0.6336 m_kl_max=0.0276 m_ratio_max=1.029 return=-147.4 length=200 success_rate=0.00 collisions/ep=0.00 (n=8)
update=450 global_step=921600 SPS=665 w_ev=0.982 m_ev=0.831 m_v_bias=1.0 m_adv_std=6.4493 m_kl_max=0.0328 m_ratio_max=1.432 return=-149.7 length=200 success_rate=0.00 collisions/ep=0.06 (n=16)
Evaluation at update 450: return=-144.47, length=200.00, success_rate=0.00, collisions/ep=0.00
Solved-check at update 450: solved=False worst_gap=1167.41 at p_x0=2.00 p_y0=-0.50 (consecutive=0)
update=451 global_step=923648 SPS=662 w_ev=0.984 m_ev=0.875 m_v_bias=0.3 m_adv_std=5.3967 m_kl_max=0.0305 m_ratio_max=0.985 return=-154.1 length=200 success_rate=0.00 collisions/ep=0.12 (n=8)
update=452 global_step=925696 SPS=663 w_ev=0.984 m_ev=0.996 m_v_bias=-0.9 m_adv_std=0.8498 m_kl_max=0.0305 m_ratio_max=1.223 return=-148.0 length=200 success_rate=0.00 collisions/ep=0.00 (n=8)
update=453 global_step=927744 SPS=664 w_ev=0.980 m_ev=0.741 m_v_bias=1.5 m_adv_std=7.9101 m_kl_max=0.0299 m_ratio_max=1.756 return=-150.8 length=200 success_rate=0.00 collisions/ep=0.11 (n=9)
update=454 global_step=929792 SPS=665 w_ev=0.986 m_ev=0.865 m_v_bias=0.4 m_adv_std=6.3485 m_kl_max=0.0292 m_ratio_max=1.448 return=-154.7 length=200 success_rate=0.00 collisions/ep=0.13 (n=15)
update=455 global_step=931840 SPS=666 w_ev=0.978 m_ev=0.860 m_v_bias=0.2 m_adv_std=6.1756 m_kl_max=0.0344 m_ratio_max=0.828 return=-150.3 length=200 success_rate=0.00 collisions/ep=0.12 (n=8)
Evaluation at update 455: return=-144.14, length=200.00, success_rate=0.00, collisions/ep=0.00
Solved-check at update 455: solved=False worst_gap=1165.51 at p_x0=2.00 p_y0=0.00 (consecutive=0)
update=456 global_step=933888 SPS=663 w_ev=0.979 m_ev=0.827 m_v_bias=-0.1 m_adv_std=6.5041 m_kl_max=0.0203 m_ratio_max=0.782 return=-151.8 length=200 success_rate=0.00 collisions/ep=0.12 (n=8)
update=457 global_step=935936 SPS=664 w_ev=0.960 m_ev=0.510 m_v_bias=2.0 m_adv_std=12.8524 m_kl_max=0.0195 m_ratio_max=0.891 return=-154.9 length=200 success_rate=0.00 collisions/ep=0.22 (n=9)
update=458 global_step=937984 SPS=665 w_ev=0.980 m_ev=0.983 m_v_bias=-2.1 m_adv_std=1.9711 m_kl_max=0.0106 m_ratio_max=0.479 return=-151.5 length=200 success_rate=0.00 collisions/ep=0.07 (n=15)
update=459 global_step=940032 SPS=666 w_ev=0.965 m_ev=0.708 m_v_bias=1.2 m_adv_std=8.4733 m_kl_max=0.0186 m_ratio_max=0.624 return=-159.6 length=200 success_rate=0.00 collisions/ep=0.25 (n=8)
update=460 global_step=942080 SPS=667 w_ev=0.972 m_ev=0.513 m_v_bias=3.6 m_adv_std=14.1664 m_kl_max=0.0230 m_ratio_max=1.121 return=-159.6 length=200 success_rate=0.00 collisions/ep=0.22 (n=9)
Evaluation at update 460: return=-143.82, length=200.00, success_rate=0.00, collisions/ep=0.00
Solved-check at update 460: solved=False worst_gap=1164.94 at p_x0=2.00 p_y0=0.50 (consecutive=0)
update=461 global_step=944128 SPS=664 w_ev=0.990 m_ev=0.982 m_v_bias=-3.1 m_adv_std=2.0577 m_kl_max=0.0108 m_ratio_max=0.461 return=-154.0 length=200 success_rate=0.00 collisions/ep=0.13 (n=15)
update=462 global_step=946176 SPS=665 w_ev=0.950 m_ev=0.372 m_v_bias=5.7 m_adv_std=21.6915 m_kl_max=0.0183 m_ratio_max=1.056 return=-183.1 length=200 success_rate=0.00 collisions/ep=0.75 (n=8)
update=463 global_step=948224 SPS=666 w_ev=0.978 m_ev=0.960 m_v_bias=-3.9 m_adv_std=2.8676 m_kl_max=0.0252 m_ratio_max=0.816 return=-147.2 length=200 success_rate=0.00 collisions/ep=0.00 (n=8)
update=464 global_step=950272 SPS=667 w_ev=0.987 m_ev=0.826 m_v_bias=-1.1 m_adv_std=6.8763 m_kl_max=0.0134 m_ratio_max=0.570 return=-143.7 length=200 success_rate=0.00 collisions/ep=0.00 (n=9)
update=465 global_step=952320 SPS=667 w_ev=0.892 m_ev=0.149 m_v_bias=16.5 m_adv_std=53.6786 m_kl_max=0.0490 m_ratio_max=2.320 return=-190.9 length=200 success_rate=0.00 collisions/ep=0.93 (n=15)
Evaluation at update 465: return=-143.78, length=200.00, success_rate=0.00, collisions/ep=0.00
Solved-check at update 465: solved=False worst_gap=1165.02 at p_x0=2.00 p_y0=0.50 (consecutive=0)
update=466 global_step=954368 SPS=664 w_ev=0.947 m_ev=0.351 m_v_bias=-6.5 m_adv_std=15.3180 m_kl_max=0.0090 m_ratio_max=0.595 return=-149.4 length=200 success_rate=0.00 collisions/ep=0.00 (n=8)
update=467 global_step=956416 SPS=666 w_ev=0.957 m_ev=0.416 m_v_bias=-2.5 m_adv_std=18.2293 m_kl_max=0.0138 m_ratio_max=0.672 return=-172.4 length=200 success_rate=0.00 collisions/ep=0.56 (n=9)
update=468 global_step=958464 SPS=666 w_ev=0.977 m_ev=0.838 m_v_bias=-4.5 m_adv_std=6.2973 m_kl_max=0.0347 m_ratio_max=1.646 return=-150.8 length=200 success_rate=0.00 collisions/ep=0.07 (n=15)
update=469 global_step=960512 SPS=667 w_ev=0.975 m_ev=0.567 m_v_bias=-0.7 m_adv_std=12.1435 m_kl_max=0.0333 m_ratio_max=1.167 return=-153.7 length=200 success_rate=0.00 collisions/ep=0.25 (n=8)
update=470 global_step=962560 SPS=668 w_ev=0.964 m_ev=0.440 m_v_bias=0.5 m_adv_std=17.7483 m_kl_max=0.0408 m_ratio_max=1.959 return=-165.6 length=200 success_rate=0.00 collisions/ep=0.38 (n=8)
Evaluation at update 470: return=-144.60, length=200.00, success_rate=0.00, collisions/ep=0.00
Solved-check at update 470: solved=False worst_gap=1165.16 at p_x0=2.00 p_y0=0.50 (consecutive=0)
update=471 global_step=964608 SPS=665 w_ev=0.982 m_ev=0.942 m_v_bias=-2.0 m_adv_std=3.7153 m_kl_max=0.0208 m_ratio_max=0.832 return=-143.1 length=200 success_rate=0.00 collisions/ep=0.00 (n=9)
update=472 global_step=966656 SPS=666 w_ev=0.902 m_ev=0.175 m_v_bias=9.9 m_adv_std=31.6906 m_kl_max=0.0245 m_ratio_max=0.941 return=-182.1 length=200 success_rate=0.00 collisions/ep=0.73 (n=15)
update=473 global_step=968704 SPS=667 w_ev=0.956 m_ev=0.901 m_v_bias=-5.1 m_adv_std=4.1130 m_kl_max=0.0340 m_ratio_max=1.822 return=-146.7 length=200 success_rate=0.00 collisions/ep=0.00 (n=8)
update=474 global_step=970752 SPS=668 w_ev=0.952 m_ev=0.973 m_v_bias=-2.9 m_adv_std=2.1653 m_kl_max=0.0299 m_ratio_max=0.931 return=-146.7 length=200 success_rate=0.00 collisions/ep=0.00 (n=8)
update=475 global_step=972800 SPS=669 w_ev=0.945 m_ev=0.401 m_v_bias=0.4 m_adv_std=11.2782 m_kl_max=0.0327 m_ratio_max=1.501 return=-156.5 length=200 success_rate=0.00 collisions/ep=0.19 (n=16)
Evaluation at update 475: return=-144.22, length=200.00, success_rate=0.00, collisions/ep=0.00
Solved-check at update 475: solved=False worst_gap=1166.93 at p_x0=2.00 p_y0=0.50 (consecutive=0)
update=476 global_step=974848 SPS=666 w_ev=0.979 m_ev=0.944 m_v_bias=-3.3 m_adv_std=3.6656 m_kl_max=0.0380 m_ratio_max=1.645 return=-144.4 length=200 success_rate=0.00 collisions/ep=0.00 (n=8)
update=477 global_step=976896 SPS=667 w_ev=0.858 m_ev=0.028 m_v_bias=1.9 m_adv_std=24.0018 m_kl_max=0.0346 m_ratio_max=2.093 return=-146.6 length=200 success_rate=0.00 collisions/ep=0.00 (n=8)
update=478 global_step=978944 SPS=668 w_ev=0.954 m_ev=0.813 m_v_bias=-2.8 m_adv_std=5.7761 m_kl_max=0.0093 m_ratio_max=0.417 return=-174.0 length=200 success_rate=0.00 collisions/ep=0.56 (n=9)
update=479 global_step=980992 SPS=669 w_ev=0.975 m_ev=0.992 m_v_bias=-0.1 m_adv_std=1.3344 m_kl_max=0.0174 m_ratio_max=0.539 return=-146.7 length=200 success_rate=0.00 collisions/ep=0.00 (n=15)
update=480 global_step=983040 SPS=670 w_ev=0.970 m_ev=0.859 m_v_bias=1.0 m_adv_std=5.7398 m_kl_max=0.0141 m_ratio_max=0.707 return=-151.7 length=200 success_rate=0.00 collisions/ep=0.12 (n=8)
Evaluation at update 480: return=-144.23, length=200.00, success_rate=0.00, collisions/ep=0.00
Solved-check at update 480: solved=False worst_gap=1166.21 at p_x0=2.00 p_y0=0.50 (consecutive=0)
update=481 global_step=985088 SPS=667 w_ev=0.968 m_ev=0.845 m_v_bias=0.7 m_adv_std=6.0301 m_kl_max=0.0198 m_ratio_max=1.208 return=-143.0 length=200 success_rate=0.00 collisions/ep=0.00 (n=8)
update=482 global_step=987136 SPS=667 w_ev=0.965 m_ev=0.983 m_v_bias=-1.1 m_adv_std=1.7464 m_kl_max=0.0716 m_ratio_max=0.930 return=-148.3 length=200 success_rate=0.00 collisions/ep=0.11 (n=9)
update=483 global_step=989184 SPS=668 w_ev=0.966 m_ev=0.706 m_v_bias=3.2 m_adv_std=10.3179 m_kl_max=0.0334 m_ratio_max=0.891 return=-154.4 length=200 success_rate=0.00 collisions/ep=0.13 (n=15)
update=484 global_step=991232 SPS=669 w_ev=0.950 m_ev=0.954 m_v_bias=-2.4 m_adv_std=2.8297 m_kl_max=0.0279 m_ratio_max=0.674 return=-155.4 length=200 success_rate=0.00 collisions/ep=0.12 (n=8)
update=485 global_step=993280 SPS=670 w_ev=0.916 m_ev=0.356 m_v_bias=2.2 m_adv_std=21.6870 m_kl_max=0.0200 m_ratio_max=0.597 return=-172.2 length=200 success_rate=0.00 collisions/ep=0.56 (n=9)
Evaluation at update 485: return=-143.62, length=200.00, success_rate=0.00, collisions/ep=0.00
Solved-check at update 485: solved=False worst_gap=1164.99 at p_x0=2.00 p_y0=0.50 (consecutive=0)
update=486 global_step=995328 SPS=668 w_ev=0.936 m_ev=0.451 m_v_bias=4.0 m_adv_std=19.1054 m_kl_max=0.0633 m_ratio_max=1.149 return=-164.4 length=200 success_rate=0.00 collisions/ep=0.40 (n=15)
update=487 global_step=997376 SPS=669 w_ev=0.934 m_ev=0.879 m_v_bias=-0.7 m_adv_std=5.8219 m_kl_max=0.0304 m_ratio_max=0.873 return=-145.3 length=200 success_rate=0.00 collisions/ep=0.00 (n=8)
update=488 global_step=999424 SPS=670 w_ev=0.881 m_ev=0.965 m_v_bias=-3.1 m_adv_std=2.5191 m_kl_max=0.0193 m_ratio_max=0.826 return=-143.2 length=200 success_rate=0.00 collisions/ep=0.00 (n=8)
update=489 global_step=1001472 SPS=671 w_ev=0.954 m_ev=0.808 m_v_bias=-0.1 m_adv_std=6.6699 m_kl_max=0.0238 m_ratio_max=0.871 return=-148.1 length=200 success_rate=0.00 collisions/ep=0.00 (n=9)
update=490 global_step=1003520 SPS=672 w_ev=0.983 m_ev=0.995 m_v_bias=-1.4 m_adv_std=1.2231 m_kl_max=0.0059 m_ratio_max=0.452 return=-148.0 length=200 success_rate=0.00 collisions/ep=0.07 (n=15)
Evaluation at update 490: return=-143.67, length=200.00, success_rate=0.00, collisions/ep=0.00
Solved-check at update 490: solved=False worst_gap=1166.57 at p_x0=2.00 p_y0=-0.50 (consecutive=0)
update=491 global_step=1005568 SPS=670 w_ev=0.947 m_ev=0.716 m_v_bias=1.7 m_adv_std=8.5221 m_kl_max=0.0176 m_ratio_max=0.724 return=-152.9 length=200 success_rate=0.00 collisions/ep=0.12 (n=8)
update=492 global_step=1007616 SPS=671 w_ev=0.955 m_ev=0.989 m_v_bias=-1.7 m_adv_std=1.3530 m_kl_max=0.0163 m_ratio_max=1.231 return=-151.3 length=200 success_rate=0.00 collisions/ep=0.11 (n=9)
update=493 global_step=1009664 SPS=672 w_ev=0.969 m_ev=0.996 m_v_bias=-1.1 m_adv_std=1.0062 m_kl_max=0.0292 m_ratio_max=0.646 return=-143.8 length=200 success_rate=0.00 collisions/ep=0.00 (n=15)
update=494 global_step=1011712 SPS=673 w_ev=0.967 m_ev=0.998 m_v_bias=-0.6 m_adv_std=0.8051 m_kl_max=0.0288 m_ratio_max=1.372 return=-140.6 length=200 success_rate=0.00 collisions/ep=0.00 (n=8)
update=495 global_step=1013760 SPS=674 w_ev=0.948 m_ev=0.816 m_v_bias=1.0 m_adv_std=6.4994 m_kl_max=0.0314 m_ratio_max=0.909 return=-146.4 length=200 success_rate=0.00 collisions/ep=0.00 (n=8)
Evaluation at update 495: return=-142.36, length=200.00, success_rate=0.00, collisions/ep=0.00
Solved-check at update 495: solved=False worst_gap=1167.03 at p_x0=2.00 p_y0=0.00 (consecutive=0)
update=496 global_step=1015808 SPS=673 w_ev=0.929 m_ev=0.467 m_v_bias=3.6 m_adv_std=16.5348 m_kl_max=0.0305 m_ratio_max=1.588 return=-173.5 length=200 success_rate=0.00 collisions/ep=0.56 (n=9)
update=497 global_step=1017856 SPS=674 w_ev=0.975 m_ev=0.980 m_v_bias=-1.2 m_adv_std=2.5151 m_kl_max=0.0248 m_ratio_max=1.876 return=-144.3 length=200 success_rate=0.00 collisions/ep=0.00 (n=15)
update=498 global_step=1019904 SPS=675 w_ev=0.953 m_ev=0.987 m_v_bias=-0.9 m_adv_std=1.5731 m_kl_max=0.0199 m_ratio_max=0.784 return=-147.1 length=200 success_rate=0.00 collisions/ep=0.00 (n=8)
update=499 global_step=1021952 SPS=676 w_ev=0.896 m_ev=0.267 m_v_bias=6.9 m_adv_std=25.0151 m_kl_max=0.0130 m_ratio_max=0.447 return=-164.5 length=200 success_rate=0.00 collisions/ep=0.38 (n=8)
update=500 global_step=1024000 SPS=677 w_ev=0.955 m_ev=0.966 m_v_bias=-3.1 m_adv_std=2.7432 m_kl_max=0.0172 m_ratio_max=0.547 return=-153.8 length=200 success_rate=0.00 collisions/ep=0.19 (n=16)
Evaluation at update 500: return=-142.72, length=200.00, success_rate=0.00, collisions/ep=0.00
Solved-check at update 500: solved=False worst_gap=1168.07 at p_x0=2.00 p_y0=0.50 (consecutive=0)
Saved checkpoints to C:\Users\loren\Desktop\MASTER THESIS\5_CODE\scenarios\slalom\studies\hppo\runs\hppo_slalom_18_1791110142
