Using device: cpu
Solved-check: precomputed optimal returns for 25 fixed initial conditions (mean=1011.8, min=1007.0, max=1014.0); solved-tolerance=5.0
num_envs=8 num_steps_per_env=256 worker_batch_size=2048 worker_minibatch_size=256 num_updates=500 timesteps=1024000
update=1 global_step=2048 SPS=1787 w_ev=-0.023 m_ev=-0.001 m_v_bias=145.2 m_adv_std=124.4942 m_kl_max=0.0037 m_ratio_max=0.283 return=-621.2 length=200 success_rate=0.00 collisions/ep=8.25 (n=8)
update=2 global_step=4096 SPS=1768 w_ev=0.264 m_ev=0.200 m_v_bias=72.3 m_adv_std=117.9124 m_kl_max=0.0014 m_ratio_max=0.191 return=-597.4 length=200 success_rate=0.00 collisions/ep=8.12 (n=8)
update=3 global_step=6144 SPS=1867 w_ev=0.384 m_ev=0.057 m_v_bias=24.9 m_adv_std=98.1733 m_kl_max=0.0022 m_ratio_max=0.236 w_ax@goal=+0.37 w_v@goal=-4.17 return=-420.3 length=200 success_rate=0.00 collisions/ep=4.75 (n=8)
update=4 global_step=8192 SPS=1548 w_ev=0.522 m_ev=0.372 m_v_bias=-10.9 m_adv_std=63.4892 m_kl_max=0.0043 m_ratio_max=0.285 return=-437.6 length=200 success_rate=0.00 collisions/ep=4.62 (n=16)
update=5 global_step=10240 SPS=1628 w_ev=0.644 m_ev=0.565 m_v_bias=-19.0 m_adv_std=43.6994 m_kl_max=0.0013 m_ratio_max=0.158 return=-264.7 length=200 success_rate=0.00 collisions/ep=1.12 (n=8)
Evaluation at update 5: return=-221.21, length=200.00, success_rate=0.00, collisions/ep=0.00
Solved-check at update 5: solved=False worst_gap=1240.96 at p_x0=2.00 p_y0=0.50 (consecutive=0)
update=6 global_step=12288 SPS=602 w_ev=0.636 m_ev=0.569 m_v_bias=-11.9 m_adv_std=43.9509 m_kl_max=0.0009 m_ratio_max=0.145 return=-302.0 length=200 success_rate=0.00 collisions/ep=2.00 (n=8)
update=7 global_step=14336 SPS=642 w_ev=0.757 m_ev=0.444 m_v_bias=-13.7 m_adv_std=32.1181 m_kl_max=0.0027 m_ratio_max=0.304 return=-219.3 length=200 success_rate=0.00 collisions/ep=0.25 (n=8)
update=8 global_step=16384 SPS=679 w_ev=0.853 m_ev=0.699 m_v_bias=0.8 m_adv_std=24.1608 m_kl_max=0.0158 m_ratio_max=0.678 return=-252.6 length=200 success_rate=0.00 collisions/ep=1.00 (n=16)
update=9 global_step=18432 SPS=706 w_ev=0.697 m_ev=0.439 m_v_bias=0.0 m_adv_std=57.2317 m_kl_max=0.0075 m_ratio_max=0.468 return=-312.6 length=200 success_rate=0.00 collisions/ep=2.25 (n=8)
update=10 global_step=20480 SPS=731 w_ev=0.449 m_ev=-2.116 m_v_bias=-5.1 m_adv_std=22.1957 m_kl_max=0.0139 m_ratio_max=0.587 return=-229.9 length=200 success_rate=0.00 collisions/ep=0.25 (n=8)
Evaluation at update 10: return=-221.21, length=200.00, success_rate=0.00, collisions/ep=0.00
Solved-check at update 10: solved=False worst_gap=1240.96 at p_x0=2.00 p_y0=0.50 (consecutive=0)
update=11 global_step=22528 SPS=487 w_ev=0.297 m_ev=0.196 m_v_bias=-2.9 m_adv_std=6.6103 m_kl_max=0.0099 m_ratio_max=0.562 return=-218.1 length=200 success_rate=0.00 collisions/ep=0.00 (n=16)
update=12 global_step=24576 SPS=514 w_ev=0.493 m_ev=0.783 m_v_bias=-1.6 m_adv_std=5.3896 m_kl_max=0.0134 m_ratio_max=0.679 return=-211.4 length=200 success_rate=0.00 collisions/ep=0.00 (n=8)
update=13 global_step=26624 SPS=538 w_ev=0.594 m_ev=0.539 m_v_bias=6.6 m_adv_std=44.0722 m_kl_max=0.0123 m_ratio_max=0.590 return=-271.8 length=200 success_rate=0.00 collisions/ep=1.38 (n=8)
update=14 global_step=28672 SPS=551 w_ev=0.470 m_ev=0.428 m_v_bias=6.8 m_adv_std=42.6246 m_kl_max=0.0093 m_ratio_max=0.374 return=-218.7 length=200 success_rate=0.00 collisions/ep=0.50 (n=8)
update=15 global_step=30720 SPS=559 w_ev=0.713 m_ev=0.517 m_v_bias=1.2 m_adv_std=59.8428 m_kl_max=0.0087 m_ratio_max=0.358 return=-259.6 length=200 success_rate=0.00 collisions/ep=1.12 (n=16)
Evaluation at update 15: return=-221.21, length=200.00, success_rate=0.00, collisions/ep=0.00
Solved-check at update 15: solved=False worst_gap=1240.96 at p_x0=2.00 p_y0=0.50 (consecutive=0)
update=16 global_step=32768 SPS=428 w_ev=0.264 m_ev=-0.020 m_v_bias=-6.0 m_adv_std=29.4866 m_kl_max=0.0223 m_ratio_max=1.011 return=-223.8 length=200 success_rate=0.00 collisions/ep=0.12 (n=8)
update=17 global_step=34816 SPS=448 w_ev=0.431 m_ev=-0.382 m_v_bias=2.7 m_adv_std=17.0424 m_kl_max=0.0081 m_ratio_max=0.369 return=-211.7 length=200 success_rate=0.00 collisions/ep=0.00 (n=8)
update=18 global_step=36864 SPS=468 w_ev=0.319 m_ev=0.270 m_v_bias=0.2 m_adv_std=11.5996 m_kl_max=0.0114 m_ratio_max=0.457 return=-210.1 length=200 success_rate=0.00 collisions/ep=0.06 (n=16)
update=19 global_step=38912 SPS=487 w_ev=0.335 m_ev=-0.043 m_v_bias=3.6 m_adv_std=19.1899 m_kl_max=0.0237 m_ratio_max=0.618 return=-234.7 length=200 success_rate=0.00 collisions/ep=0.38 (n=8)
update=20 global_step=40960 SPS=506 w_ev=0.473 m_ev=0.322 m_v_bias=-3.6 m_adv_std=8.4964 m_kl_max=0.0309 m_ratio_max=0.740 return=-216.2 length=200 success_rate=0.00 collisions/ep=0.12 (n=8)
Evaluation at update 20: return=-208.08, length=200.00, success_rate=0.00, collisions/ep=0.00
Solved-check at update 20: solved=False worst_gap=1226.92 at p_x0=2.00 p_y0=0.00 (consecutive=0)
update=21 global_step=43008 SPS=424 w_ev=0.307 m_ev=0.213 m_v_bias=-0.2 m_adv_std=14.5258 m_kl_max=0.0190 m_ratio_max=0.471 return=-214.1 length=200 success_rate=0.00 collisions/ep=0.25 (n=8)
update=22 global_step=45056 SPS=439 w_ev=0.505 m_ev=0.157 m_v_bias=19.5 m_adv_std=68.3242 m_kl_max=0.0129 m_ratio_max=0.677 return=-257.1 length=200 success_rate=0.00 collisions/ep=1.19 (n=16)
update=23 global_step=47104 SPS=455 w_ev=0.637 m_ev=0.396 m_v_bias=8.9 m_adv_std=56.0076 m_kl_max=0.0125 m_ratio_max=0.475 return=-222.7 length=200 success_rate=0.00 collisions/ep=0.62 (n=8)
update=24 global_step=49152 SPS=467 w_ev=0.653 m_ev=0.280 m_v_bias=26.9 m_adv_std=160.3438 m_kl_max=0.0124 m_ratio_max=0.459 return=-482.1 length=200 success_rate=0.00 collisions/ep=5.62 (n=8)
update=25 global_step=51200 SPS=480 w_ev=0.349 m_ev=-0.444 m_v_bias=-11.9 m_adv_std=42.5558 m_kl_max=0.0138 m_ratio_max=0.479 return=-236.0 length=200 success_rate=0.00 collisions/ep=0.62 (n=16)
Evaluation at update 25: return=-208.07, length=200.00, success_rate=0.00, collisions/ep=0.00
Solved-check at update 25: solved=False worst_gap=1226.76 at p_x0=2.00 p_y0=0.00 (consecutive=0)
update=26 global_step=53248 SPS=415 w_ev=0.390 m_ev=0.066 m_v_bias=-3.9 m_adv_std=19.2197 m_kl_max=0.0089 m_ratio_max=0.456 return=-221.5 length=200 success_rate=0.00 collisions/ep=0.38 (n=8)
update=27 global_step=55296 SPS=421 w_ev=0.262 m_ev=0.441 m_v_bias=-1.2 m_adv_std=5.7490 m_kl_max=0.0132 m_ratio_max=0.580 return=-209.7 length=200 success_rate=0.00 collisions/ep=0.00 (n=8)
update=28 global_step=57344 SPS=427 w_ev=0.366 m_ev=0.240 m_v_bias=12.5 m_adv_std=46.4666 m_kl_max=0.0223 m_ratio_max=0.724 return=-211.1 length=200 success_rate=0.00 collisions/ep=0.25 (n=8)
update=29 global_step=59392 SPS=432 w_ev=-0.060 m_ev=-0.109 m_v_bias=-9.2 m_adv_std=19.9026 m_kl_max=0.0400 m_ratio_max=0.840 return=-223.1 length=200 success_rate=0.00 collisions/ep=0.44 (n=16)
update=30 global_step=61440 SPS=438 w_ev=-0.043 m_ev=-0.236 m_v_bias=-4.9 m_adv_std=9.6229 m_kl_max=0.0095 m_ratio_max=0.501 return=-207.9 length=200 success_rate=0.00 collisions/ep=0.00 (n=8)
Evaluation at update 30: return=-216.22, length=200.00, success_rate=0.00, collisions/ep=0.00
Solved-check at update 30: solved=False worst_gap=1233.44 at p_x0=2.00 p_y0=0.00 (consecutive=0)
update=31 global_step=63488 SPS=405 w_ev=0.087 m_ev=0.661 m_v_bias=-1.5 m_adv_std=5.1668 m_kl_max=0.0241 m_ratio_max=0.995 return=-203.6 length=200 success_rate=0.00 collisions/ep=0.00 (n=8)
update=32 global_step=65536 SPS=413 w_ev=0.192 m_ev=0.543 m_v_bias=-2.4 m_adv_std=9.2616 m_kl_max=0.0106 m_ratio_max=0.621 return=-198.6 length=200 success_rate=0.00 collisions/ep=0.00 (n=8)
update=33 global_step=67584 SPS=422 w_ev=0.234 m_ev=0.213 m_v_bias=-1.5 m_adv_std=6.0964 m_kl_max=0.0354 m_ratio_max=0.809 return=-217.5 length=200 success_rate=0.00 collisions/ep=0.12 (n=16)
update=34 global_step=69632 SPS=430 w_ev=0.222 m_ev=0.554 m_v_bias=-2.9 m_adv_std=4.8950 m_kl_max=0.0290 m_ratio_max=0.833 return=-200.1 length=200 success_rate=0.00 collisions/ep=0.00 (n=8)
update=35 global_step=71680 SPS=437 w_ev=0.118 m_ev=0.069 m_v_bias=41.4 m_adv_std=129.9910 m_kl_max=0.0222 m_ratio_max=0.897 return=-225.5 length=200 success_rate=0.00 collisions/ep=0.75 (n=8)
Evaluation at update 35: return=-185.34, length=200.00, success_rate=0.00, collisions/ep=0.00
Solved-check at update 35: solved=False worst_gap=1204.22 at p_x0=2.00 p_y0=0.00 (consecutive=0)
update=36 global_step=73728 SPS=398 w_ev=0.542 m_ev=0.218 m_v_bias=27.4 m_adv_std=118.2395 m_kl_max=0.0146 m_ratio_max=0.569 return=-401.7 length=200 success_rate=0.00 collisions/ep=4.38 (n=16)
update=37 global_step=75776 SPS=405 w_ev=0.232 m_ev=-0.361 m_v_bias=-10.0 m_adv_std=48.6987 m_kl_max=0.0179 m_ratio_max=0.713 return=-221.4 length=200 success_rate=0.00 collisions/ep=0.62 (n=8)
update=38 global_step=77824 SPS=412 w_ev=0.681 m_ev=-0.093 m_v_bias=-6.8 m_adv_std=11.5402 m_kl_max=0.0105 m_ratio_max=0.483 return=-207.8 length=200 success_rate=0.00 collisions/ep=0.00 (n=8)
update=39 global_step=79872 SPS=419 w_ev=0.366 m_ev=0.366 m_v_bias=-7.5 m_adv_std=8.2018 m_kl_max=0.0092 m_ratio_max=0.408 return=-211.6 length=200 success_rate=0.00 collisions/ep=0.12 (n=8)
update=40 global_step=81920 SPS=427 w_ev=0.420 m_ev=0.397 m_v_bias=-3.8 m_adv_std=9.3142 m_kl_max=0.0153 m_ratio_max=0.510 return=-199.2 length=200 success_rate=0.00 collisions/ep=0.00 (n=16)
Evaluation at update 40: return=-196.88, length=200.00, success_rate=0.00, collisions/ep=0.00
Solved-check at update 40: solved=False worst_gap=1215.34 at p_x0=2.00 p_y0=0.00 (consecutive=0)
update=41 global_step=83968 SPS=405 w_ev=0.452 m_ev=0.621 m_v_bias=-2.0 m_adv_std=7.0389 m_kl_max=0.0084 m_ratio_max=0.496 return=-201.0 length=200 success_rate=0.00 collisions/ep=0.12 (n=8)
update=42 global_step=86016 SPS=411 w_ev=0.470 m_ev=0.280 m_v_bias=1.6 m_adv_std=29.1045 m_kl_max=0.0097 m_ratio_max=0.385 return=-222.3 length=200 success_rate=0.00 collisions/ep=0.62 (n=8)
update=43 global_step=88064 SPS=417 w_ev=0.482 m_ev=0.446 m_v_bias=-1.0 m_adv_std=6.1965 m_kl_max=0.0163 m_ratio_max=0.645 return=-200.2 length=200 success_rate=0.00 collisions/ep=0.00 (n=16)
update=44 global_step=90112 SPS=423 w_ev=0.463 m_ev=0.576 m_v_bias=-1.7 m_adv_std=7.2751 m_kl_max=0.0164 m_ratio_max=0.936 return=-197.0 length=200 success_rate=0.00 collisions/ep=0.00 (n=8)
update=45 global_step=92160 SPS=429 w_ev=0.476 m_ev=0.107 m_v_bias=0.8 m_adv_std=17.2676 m_kl_max=0.0083 m_ratio_max=0.532 return=-211.8 length=200 success_rate=0.00 collisions/ep=0.50 (n=8)
Evaluation at update 45: return=-192.94, length=200.00, success_rate=0.00, collisions/ep=0.00
Solved-check at update 45: solved=False worst_gap=1212.05 at p_x0=2.00 p_y0=0.00 (consecutive=0)
update=46 global_step=94208 SPS=408 w_ev=0.230 m_ev=-0.025 m_v_bias=-3.8 m_adv_std=6.3003 m_kl_max=0.0554 m_ratio_max=2.073 return=-190.9 length=200 success_rate=0.00 collisions/ep=0.00 (n=8)
update=47 global_step=96256 SPS=414 w_ev=0.709 m_ev=0.343 m_v_bias=-0.7 m_adv_std=13.2581 m_kl_max=0.0133 m_ratio_max=0.638 return=-203.0 length=200 success_rate=0.00 collisions/ep=0.12 (n=16)
update=48 global_step=98304 SPS=420 w_ev=0.546 m_ev=0.113 m_v_bias=3.1 m_adv_std=33.8401 m_kl_max=0.0105 m_ratio_max=0.413 return=-207.1 length=200 success_rate=0.00 collisions/ep=0.38 (n=8)
update=49 global_step=100352 SPS=426 w_ev=0.611 m_ev=0.426 m_v_bias=-1.2 m_adv_std=25.5686 m_kl_max=0.0136 m_ratio_max=0.493 return=-252.4 length=200 success_rate=0.00 collisions/ep=1.38 (n=8)
update=50 global_step=102400 SPS=431 w_ev=0.474 m_ev=-0.491 m_v_bias=-1.2 m_adv_std=9.0311 m_kl_max=0.0203 m_ratio_max=1.000 return=-197.0 length=200 success_rate=0.00 collisions/ep=0.00 (n=16)
Evaluation at update 50: return=-193.98, length=200.00, success_rate=0.00, collisions/ep=0.00
Solved-check at update 50: solved=False worst_gap=1213.40 at p_x0=2.00 p_y0=0.50 (consecutive=0)
update=51 global_step=104448 SPS=411 w_ev=0.590 m_ev=0.837 m_v_bias=-1.2 m_adv_std=2.7176 m_kl_max=0.0230 m_ratio_max=1.286 return=-189.5 length=200 success_rate=0.00 collisions/ep=0.00 (n=8)
update=52 global_step=106496 SPS=416 w_ev=0.520 m_ev=0.555 m_v_bias=-2.1 m_adv_std=3.5789 m_kl_max=0.0589 m_ratio_max=3.982 return=-192.4 length=200 success_rate=0.00 collisions/ep=0.00 (n=8)
update=53 global_step=108544 SPS=422 w_ev=0.600 m_ev=0.778 m_v_bias=-2.4 m_adv_std=3.0136 m_kl_max=0.0331 m_ratio_max=1.174 return=-192.2 length=200 success_rate=0.00 collisions/ep=0.00 (n=8)
update=54 global_step=110592 SPS=427 w_ev=0.514 m_ev=0.134 m_v_bias=20.5 m_adv_std=53.8201 m_kl_max=0.0211 m_ratio_max=0.617 return=-228.5 length=200 success_rate=0.00 collisions/ep=0.94 (n=16)
update=55 global_step=112640 SPS=432 w_ev=0.519 m_ev=0.199 m_v_bias=-0.2 m_adv_std=43.1537 m_kl_max=0.0169 m_ratio_max=0.662 return=-239.7 length=200 success_rate=0.00 collisions/ep=1.00 (n=8)
Evaluation at update 55: return=-191.48, length=200.00, success_rate=0.00, collisions/ep=0.00
Solved-check at update 55: solved=False worst_gap=1210.95 at p_x0=2.00 p_y0=0.50 (consecutive=0)
update=56 global_step=114688 SPS=414 w_ev=0.550 m_ev=0.230 m_v_bias=0.7 m_adv_std=31.7689 m_kl_max=0.0361 m_ratio_max=2.548 return=-228.4 length=200 success_rate=0.00 collisions/ep=0.88 (n=8)
update=57 global_step=116736 SPS=419 w_ev=0.672 m_ev=0.306 m_v_bias=-2.1 m_adv_std=18.6176 m_kl_max=0.0064 m_ratio_max=0.445 return=-196.2 length=200 success_rate=0.00 collisions/ep=0.12 (n=8)
update=58 global_step=118784 SPS=424 w_ev=0.527 m_ev=0.235 m_v_bias=-3.5 m_adv_std=5.2720 m_kl_max=0.0177 m_ratio_max=0.595 return=-203.7 length=200 success_rate=0.00 collisions/ep=0.19 (n=16)
update=59 global_step=120832 SPS=429 w_ev=0.174 m_ev=0.016 m_v_bias=-2.2 m_adv_std=15.2095 m_kl_max=0.0281 m_ratio_max=0.737 return=-192.8 length=200 success_rate=0.00 collisions/ep=0.00 (n=8)
update=60 global_step=122880 SPS=434 w_ev=0.424 m_ev=0.032 m_v_bias=-0.3 m_adv_std=13.0129 m_kl_max=0.0072 m_ratio_max=0.442 return=-205.8 length=200 success_rate=0.00 collisions/ep=0.38 (n=8)
Evaluation at update 60: return=-194.15, length=200.00, success_rate=0.00, collisions/ep=0.00
Solved-check at update 60: solved=False worst_gap=1213.78 at p_x0=2.00 p_y0=0.50 (consecutive=0)
update=61 global_step=124928 SPS=417 w_ev=0.461 m_ev=0.192 m_v_bias=-2.2 m_adv_std=6.6987 m_kl_max=0.0099 m_ratio_max=0.416 return=-198.3 length=200 success_rate=0.00 collisions/ep=0.19 (n=16)
update=62 global_step=126976 SPS=422 w_ev=0.516 m_ev=0.702 m_v_bias=-3.1 m_adv_std=3.4643 m_kl_max=0.0580 m_ratio_max=3.085 return=-192.1 length=200 success_rate=0.00 collisions/ep=0.00 (n=8)
update=63 global_step=129024 SPS=427 w_ev=0.596 m_ev=0.593 m_v_bias=-1.2 m_adv_std=9.0413 m_kl_max=0.0214 m_ratio_max=0.860 return=-196.3 length=200 success_rate=0.00 collisions/ep=0.25 (n=8)
update=64 global_step=131072 SPS=431 w_ev=0.348 m_ev=0.050 m_v_bias=17.8 m_adv_std=82.3197 m_kl_max=0.0186 m_ratio_max=0.638 return=-186.7 length=200 success_rate=0.00 collisions/ep=0.12 (n=8)
update=65 global_step=133120 SPS=435 w_ev=0.566 m_ev=-0.710 m_v_bias=-3.5 m_adv_std=10.8751 m_kl_max=0.0089 m_ratio_max=0.412 return=-232.0 length=200 success_rate=0.00 collisions/ep=0.88 (n=16)
Evaluation at update 65: return=-191.81, length=200.00, success_rate=0.00, collisions/ep=0.00
Solved-check at update 65: solved=False worst_gap=1211.56 at p_x0=2.00 p_y0=0.50 (consecutive=0)
update=66 global_step=135168 SPS=419 w_ev=0.464 m_ev=0.291 m_v_bias=-0.8 m_adv_std=6.7788 m_kl_max=0.0230 m_ratio_max=0.644 return=-184.2 length=200 success_rate=0.00 collisions/ep=0.00 (n=8)
update=67 global_step=137216 SPS=423 w_ev=0.477 m_ev=0.841 m_v_bias=-2.1 m_adv_std=2.2276 m_kl_max=0.0451 m_ratio_max=1.930 return=-187.7 length=200 success_rate=0.00 collisions/ep=0.12 (n=8)
update=68 global_step=139264 SPS=428 w_ev=0.679 m_ev=0.646 m_v_bias=-0.9 m_adv_std=5.9756 m_kl_max=0.0206 m_ratio_max=0.888 return=-185.9 length=200 success_rate=0.00 collisions/ep=0.06 (n=16)
update=69 global_step=141312 SPS=433 w_ev=0.483 m_ev=0.085 m_v_bias=21.6 m_adv_std=83.8893 m_kl_max=0.0270 m_ratio_max=0.780 return=-291.5 length=200 success_rate=0.00 collisions/ep=2.25 (n=8)
update=70 global_step=143360 SPS=438 w_ev=0.679 m_ev=0.472 m_v_bias=-1.1 m_adv_std=22.8720 m_kl_max=0.0171 m_ratio_max=0.617 return=-213.2 length=200 success_rate=0.00 collisions/ep=0.50 (n=8)
Evaluation at update 70: return=-191.23, length=200.00, success_rate=0.00, collisions/ep=0.00
Solved-check at update 70: solved=False worst_gap=1210.99 at p_x0=2.00 p_y0=0.50 (consecutive=0)
update=71 global_step=145408 SPS=424 w_ev=0.593 m_ev=-0.256 m_v_bias=-4.9 m_adv_std=12.0666 m_kl_max=0.0100 m_ratio_max=0.455 return=-185.6 length=200 success_rate=0.00 collisions/ep=0.00 (n=8)
update=72 global_step=147456 SPS=428 w_ev=0.535 m_ev=0.367 m_v_bias=-1.6 m_adv_std=7.7935 m_kl_max=0.0236 m_ratio_max=0.855 return=-192.5 length=200 success_rate=0.00 collisions/ep=0.12 (n=16)
update=73 global_step=149504 SPS=431 w_ev=0.362 m_ev=0.038 m_v_bias=0.1 m_adv_std=21.1152 m_kl_max=0.0079 m_ratio_max=0.417 return=-220.7 length=200 success_rate=0.00 collisions/ep=0.62 (n=8)
update=74 global_step=151552 SPS=435 w_ev=0.540 m_ev=0.394 m_v_bias=-2.3 m_adv_std=5.3618 m_kl_max=0.0137 m_ratio_max=0.615 return=-188.9 length=200 success_rate=0.00 collisions/ep=0.00 (n=8)
update=75 global_step=153600 SPS=439 w_ev=0.530 m_ev=0.733 m_v_bias=-2.0 m_adv_std=2.9324 m_kl_max=0.0170 m_ratio_max=1.142 return=-183.4 length=200 success_rate=0.00 collisions/ep=0.00 (n=16)
Evaluation at update 75: return=-186.63, length=200.00, success_rate=0.00, collisions/ep=0.00
Solved-check at update 75: solved=False worst_gap=1206.83 at p_x0=2.00 p_y0=0.50 (consecutive=0)
update=76 global_step=155648 SPS=424 w_ev=0.637 m_ev=0.897 m_v_bias=-1.9 m_adv_std=1.9733 m_kl_max=0.0199 m_ratio_max=1.056 return=-184.2 length=200 success_rate=0.00 collisions/ep=0.00 (n=8)
update=77 global_step=157696 SPS=428 w_ev=0.669 m_ev=0.501 m_v_bias=2.2 m_adv_std=11.1177 m_kl_max=0.0261 m_ratio_max=1.570 return=-200.3 length=200 success_rate=0.00 collisions/ep=0.38 (n=8)
update=78 global_step=159744 SPS=431 w_ev=0.622 m_ev=0.702 m_v_bias=0.3 m_adv_std=3.5482 m_kl_max=0.0203 m_ratio_max=0.534 return=-182.7 length=200 success_rate=0.00 collisions/ep=0.00 (n=8)
update=79 global_step=161792 SPS=435 w_ev=0.658 m_ev=0.861 m_v_bias=-1.1 m_adv_std=2.5659 m_kl_max=0.0218 m_ratio_max=0.996 return=-187.4 length=200 success_rate=0.00 collisions/ep=0.00 (n=16)
update=80 global_step=163840 SPS=438 w_ev=0.433 m_ev=0.863 m_v_bias=-0.8 m_adv_std=1.9076 m_kl_max=0.0298 m_ratio_max=0.804 return=-180.2 length=200 success_rate=0.00 collisions/ep=0.00 (n=8)
Evaluation at update 80: return=-186.18, length=200.00, success_rate=0.00, collisions/ep=0.00
Solved-check at update 80: solved=False worst_gap=1206.06 at p_x0=2.00 p_y0=0.50 (consecutive=0)
update=81 global_step=165888 SPS=425 w_ev=0.516 m_ev=0.367 m_v_bias=1.6 m_adv_std=12.0934 m_kl_max=0.0179 m_ratio_max=0.771 return=-193.8 length=200 success_rate=0.00 collisions/ep=0.25 (n=8)
update=82 global_step=167936 SPS=428 w_ev=0.538 m_ev=0.222 m_v_bias=0.9 m_adv_std=9.1146 m_kl_max=0.0105 m_ratio_max=0.544 return=-182.4 length=200 success_rate=0.00 collisions/ep=0.00 (n=8)
update=83 global_step=169984 SPS=431 w_ev=0.639 m_ev=0.806 m_v_bias=-2.2 m_adv_std=2.7032 m_kl_max=0.0224 m_ratio_max=0.544 return=-189.2 length=200 success_rate=0.00 collisions/ep=0.12 (n=16)
update=84 global_step=172032 SPS=434 w_ev=0.557 m_ev=0.910 m_v_bias=-1.2 m_adv_std=1.4881 m_kl_max=0.0438 m_ratio_max=0.859 return=-182.2 length=200 success_rate=0.00 collisions/ep=0.00 (n=8)
update=85 global_step=174080 SPS=437 w_ev=0.575 m_ev=0.927 m_v_bias=-1.3 m_adv_std=1.3901 m_kl_max=0.0549 m_ratio_max=1.666 return=-177.2 length=200 success_rate=0.00 collisions/ep=0.00 (n=8)
Evaluation at update 85: return=-180.21, length=200.00, success_rate=0.00, collisions/ep=0.00
Solved-check at update 85: solved=False worst_gap=1200.97 at p_x0=2.00 p_y0=0.50 (consecutive=0)
update=86 global_step=176128 SPS=425 w_ev=0.644 m_ev=0.190 m_v_bias=9.1 m_adv_std=28.1988 m_kl_max=0.0148 m_ratio_max=0.435 return=-201.5 length=200 success_rate=0.00 collisions/ep=0.44 (n=16)
update=87 global_step=178176 SPS=428 w_ev=0.720 m_ev=-0.425 m_v_bias=-2.9 m_adv_std=9.4227 m_kl_max=0.0188 m_ratio_max=0.566 return=-181.7 length=200 success_rate=0.00 collisions/ep=0.00 (n=8)
update=88 global_step=180224 SPS=432 w_ev=0.734 m_ev=0.774 m_v_bias=-2.8 m_adv_std=2.7947 m_kl_max=0.0102 m_ratio_max=0.578 return=-180.7 length=200 success_rate=0.00 collisions/ep=0.00 (n=8)
update=89 global_step=182272 SPS=435 w_ev=0.718 m_ev=0.516 m_v_bias=-1.4 m_adv_std=6.4703 m_kl_max=0.0266 m_ratio_max=0.973 return=-187.1 length=200 success_rate=0.00 collisions/ep=0.12 (n=8)
update=90 global_step=184320 SPS=438 w_ev=0.789 m_ev=0.599 m_v_bias=-0.2 m_adv_std=6.5426 m_kl_max=0.0168 m_ratio_max=0.590 return=-182.9 length=200 success_rate=0.00 collisions/ep=0.06 (n=16)
Evaluation at update 90: return=-179.94, length=200.00, success_rate=0.00, collisions/ep=0.00
Solved-check at update 90: solved=False worst_gap=1200.77 at p_x0=2.00 p_y0=0.50 (consecutive=0)
update=91 global_step=186368 SPS=426 w_ev=0.524 m_ev=0.091 m_v_bias=7.7 m_adv_std=31.4059 m_kl_max=0.0110 m_ratio_max=0.476 return=-222.9 length=200 success_rate=0.00 collisions/ep=0.88 (n=8)
update=92 global_step=188416 SPS=429 w_ev=0.646 m_ev=0.414 m_v_bias=-3.0 m_adv_std=5.7681 m_kl_max=0.0226 m_ratio_max=1.059 return=-182.1 length=200 success_rate=0.00 collisions/ep=0.00 (n=8)
update=93 global_step=190464 SPS=432 w_ev=0.645 m_ev=0.189 m_v_bias=3.8 m_adv_std=20.3982 m_kl_max=0.0198 m_ratio_max=0.855 return=-191.6 length=200 success_rate=0.00 collisions/ep=0.25 (n=16)
update=94 global_step=192512 SPS=435 w_ev=0.634 m_ev=0.349 m_v_bias=0.5 m_adv_std=7.9741 m_kl_max=0.0179 m_ratio_max=0.657 return=-191.7 length=200 success_rate=0.00 collisions/ep=0.12 (n=8)
update=95 global_step=194560 SPS=438 w_ev=0.580 m_ev=0.704 m_v_bias=-1.6 m_adv_std=3.0507 m_kl_max=0.0257 m_ratio_max=0.719 return=-180.0 length=200 success_rate=0.00 collisions/ep=0.00 (n=8)
Evaluation at update 95: return=-179.96, length=200.00, success_rate=0.00, collisions/ep=0.00
Solved-check at update 95: solved=False worst_gap=1199.76 at p_x0=2.00 p_y0=0.50 (consecutive=0)
update=96 global_step=196608 SPS=427 w_ev=0.690 m_ev=0.903 m_v_bias=-1.8 m_adv_std=1.9411 m_kl_max=0.0152 m_ratio_max=0.518 return=-181.6 length=200 success_rate=0.00 collisions/ep=0.00 (n=8)
update=97 global_step=198656 SPS=430 w_ev=0.666 m_ev=0.218 m_v_bias=2.8 m_adv_std=17.7198 m_kl_max=0.0129 m_ratio_max=0.654 return=-189.7 length=200 success_rate=0.00 collisions/ep=0.19 (n=16)
update=98 global_step=200704 SPS=433 w_ev=0.672 m_ev=0.835 m_v_bias=-1.5 m_adv_std=2.5524 m_kl_max=0.0035 m_ratio_max=0.331 return=-183.3 length=200 success_rate=0.00 collisions/ep=0.00 (n=8)
update=99 global_step=202752 SPS=436 w_ev=0.679 m_ev=0.344 m_v_bias=0.2 m_adv_std=6.4083 m_kl_max=0.0204 m_ratio_max=0.616 return=-177.3 length=200 success_rate=0.00 collisions/ep=0.00 (n=8)
update=100 global_step=204800 SPS=439 w_ev=0.546 m_ev=0.875 m_v_bias=-2.2 m_adv_std=1.9903 m_kl_max=0.0183 m_ratio_max=0.648 return=-184.5 length=200 success_rate=0.00 collisions/ep=0.06 (n=16)
Evaluation at update 100: return=-178.65, length=200.00, success_rate=0.00, collisions/ep=0.00
Solved-check at update 100: solved=False worst_gap=1198.43 at p_x0=2.00 p_y0=0.50 (consecutive=0)
update=101 global_step=206848 SPS=429 w_ev=0.474 m_ev=0.006 m_v_bias=1.7 m_adv_std=24.8229 m_kl_max=0.0199 m_ratio_max=0.679 return=-208.4 length=200 success_rate=0.00 collisions/ep=0.62 (n=8)
update=102 global_step=208896 SPS=432 w_ev=0.572 m_ev=0.096 m_v_bias=7.5 m_adv_std=28.9260 m_kl_max=0.0263 m_ratio_max=0.788 return=-221.5 length=200 success_rate=0.00 collisions/ep=0.88 (n=8)
update=103 global_step=210944 SPS=435 w_ev=0.738 m_ev=0.601 m_v_bias=-1.8 m_adv_std=6.5121 m_kl_max=0.0158 m_ratio_max=0.950 return=-185.0 length=200 success_rate=0.00 collisions/ep=0.12 (n=8)
update=104 global_step=212992 SPS=438 w_ev=0.802 m_ev=0.902 m_v_bias=-2.8 m_adv_std=2.3563 m_kl_max=0.0207 m_ratio_max=1.035 return=-176.2 length=200 success_rate=0.00 collisions/ep=0.00 (n=16)
update=105 global_step=215040 SPS=440 w_ev=0.708 m_ev=0.184 m_v_bias=2.5 m_adv_std=17.8667 m_kl_max=0.0198 m_ratio_max=0.730 return=-198.5 length=200 success_rate=0.00 collisions/ep=0.38 (n=8)
Evaluation at update 105: return=-180.45, length=200.00, success_rate=0.00, collisions/ep=0.00
Solved-check at update 105: solved=False worst_gap=1200.63 at p_x0=2.00 p_y0=0.50 (consecutive=0)
update=106 global_step=217088 SPS=431 w_ev=0.581 m_ev=0.255 m_v_bias=1.6 m_adv_std=13.6874 m_kl_max=0.0136 m_ratio_max=0.493 return=-193.7 length=200 success_rate=0.00 collisions/ep=0.38 (n=8)
update=107 global_step=219136 SPS=433 w_ev=0.599 m_ev=0.667 m_v_bias=-2.3 m_adv_std=3.4070 m_kl_max=0.0116 m_ratio_max=0.459 return=-177.3 length=200 success_rate=0.00 collisions/ep=0.00 (n=8)
update=108 global_step=221184 SPS=436 w_ev=0.709 m_ev=0.483 m_v_bias=-1.1 m_adv_std=4.7130 m_kl_max=0.0169 m_ratio_max=0.458 return=-185.6 length=200 success_rate=0.00 collisions/ep=0.00 (n=16)
update=109 global_step=223232 SPS=439 w_ev=0.645 m_ev=0.234 m_v_bias=3.5 m_adv_std=18.2308 m_kl_max=0.0296 m_ratio_max=1.038 return=-211.5 length=200 success_rate=0.00 collisions/ep=0.62 (n=8)
update=110 global_step=225280 SPS=441 w_ev=0.669 m_ev=0.204 m_v_bias=2.6 m_adv_std=18.1059 m_kl_max=0.0264 m_ratio_max=0.752 return=-177.6 length=200 success_rate=0.00 collisions/ep=0.00 (n=8)
Evaluation at update 110: return=-181.75, length=200.00, success_rate=0.00, collisions/ep=0.00
Solved-check at update 110: solved=False worst_gap=1201.56 at p_x0=2.00 p_y0=0.50 (consecutive=0)
update=111 global_step=227328 SPS=431 w_ev=0.687 m_ev=0.526 m_v_bias=-2.5 m_adv_std=4.9896 m_kl_max=0.0185 m_ratio_max=0.721 return=-191.9 length=200 success_rate=0.00 collisions/ep=0.19 (n=16)
update=112 global_step=229376 SPS=434 w_ev=0.693 m_ev=0.921 m_v_bias=-1.1 m_adv_std=1.5819 m_kl_max=0.0531 m_ratio_max=1.116 return=-183.2 length=200 success_rate=0.00 collisions/ep=0.00 (n=8)
update=113 global_step=231424 SPS=436 w_ev=0.595 m_ev=0.576 m_v_bias=0.0 m_adv_std=5.3948 m_kl_max=0.0163 m_ratio_max=0.841 return=-189.9 length=200 success_rate=0.00 collisions/ep=0.12 (n=8)
update=114 global_step=233472 SPS=438 w_ev=0.377 m_ev=0.047 m_v_bias=13.5 m_adv_std=55.2221 m_kl_max=0.0167 m_ratio_max=0.916 return=-179.8 length=200 success_rate=0.00 collisions/ep=0.00 (n=8)
update=115 global_step=235520 SPS=441 w_ev=0.773 m_ev=0.509 m_v_bias=-3.4 m_adv_std=5.8591 m_kl_max=0.0105 m_ratio_max=0.498 return=-213.4 length=200 success_rate=0.00 collisions/ep=0.62 (n=16)
Evaluation at update 115: return=-180.71, length=200.00, success_rate=0.00, collisions/ep=0.00
Solved-check at update 115: solved=False worst_gap=1200.55 at p_x0=2.00 p_y0=0.50 (consecutive=0)
update=116 global_step=237568 SPS=431 w_ev=0.671 m_ev=0.859 m_v_bias=-3.4 m_adv_std=2.3789 m_kl_max=0.0183 m_ratio_max=0.558 return=-180.3 length=200 success_rate=0.00 collisions/ep=0.00 (n=8)
update=117 global_step=239616 SPS=434 w_ev=0.455 m_ev=0.044 m_v_bias=6.1 m_adv_std=37.1179 m_kl_max=0.0454 m_ratio_max=1.730 return=-216.2 length=200 success_rate=0.00 collisions/ep=0.75 (n=8)
update=118 global_step=241664 SPS=436 w_ev=0.753 m_ev=0.461 m_v_bias=-3.3 m_adv_std=4.7511 m_kl_max=0.0114 m_ratio_max=0.755 return=-183.4 length=200 success_rate=0.00 collisions/ep=0.06 (n=16)
update=119 global_step=243712 SPS=439 w_ev=0.695 m_ev=0.917 m_v_bias=-2.2 m_adv_std=1.8075 m_kl_max=0.0268 m_ratio_max=0.817 return=-183.4 length=200 success_rate=0.00 collisions/ep=0.00 (n=8)
update=120 global_step=245760 SPS=441 w_ev=0.568 m_ev=0.115 m_v_bias=4.8 m_adv_std=24.6007 m_kl_max=0.0209 m_ratio_max=0.606 return=-212.3 length=200 success_rate=0.00 collisions/ep=0.62 (n=8)
Evaluation at update 120: return=-180.01, length=200.00, success_rate=0.00, collisions/ep=0.00
Solved-check at update 120: solved=False worst_gap=1200.05 at p_x0=2.00 p_y0=0.50 (consecutive=0)
update=121 global_step=247808 SPS=433 w_ev=0.408 m_ev=0.370 m_v_bias=-2.9 m_adv_std=5.1439 m_kl_max=0.0204 m_ratio_max=0.643 return=-182.8 length=200 success_rate=0.00 collisions/ep=0.00 (n=8)
update=122 global_step=249856 SPS=435 w_ev=0.777 m_ev=0.908 m_v_bias=-2.7 m_adv_std=2.1625 m_kl_max=0.0245 m_ratio_max=0.772 return=-178.6 length=200 success_rate=0.00 collisions/ep=0.00 (n=16)
update=123 global_step=251904 SPS=437 w_ev=0.754 m_ev=0.941 m_v_bias=-2.2 m_adv_std=1.4424 m_kl_max=0.0149 m_ratio_max=0.619 return=-177.9 length=200 success_rate=0.00 collisions/ep=0.00 (n=8)
update=124 global_step=253952 SPS=440 w_ev=0.714 m_ev=0.344 m_v_bias=1.1 m_adv_std=10.5261 m_kl_max=0.0124 m_ratio_max=0.512 return=-188.6 length=200 success_rate=0.00 collisions/ep=0.25 (n=8)
update=125 global_step=256000 SPS=442 w_ev=0.728 m_ev=0.517 m_v_bias=-0.2 m_adv_std=6.0385 m_kl_max=0.0126 m_ratio_max=0.882 return=-183.4 length=200 success_rate=0.00 collisions/ep=0.06 (n=16)
Evaluation at update 125: return=-179.16, length=200.00, success_rate=0.00, collisions/ep=0.00
Solved-check at update 125: solved=False worst_gap=1199.70 at p_x0=2.00 p_y0=0.50 (consecutive=0)
update=126 global_step=258048 SPS=433 w_ev=0.741 m_ev=0.564 m_v_bias=0.8 m_adv_std=6.4819 m_kl_max=0.0107 m_ratio_max=0.420 return=-184.3 length=200 success_rate=0.00 collisions/ep=0.12 (n=8)
update=127 global_step=260096 SPS=436 w_ev=0.721 m_ev=0.578 m_v_bias=-0.4 m_adv_std=5.3181 m_kl_max=0.0132 m_ratio_max=0.720 return=-190.3 length=200 success_rate=0.00 collisions/ep=0.12 (n=8)
update=128 global_step=262144 SPS=438 w_ev=0.652 m_ev=0.920 m_v_bias=-1.0 m_adv_std=1.4393 m_kl_max=0.0329 m_ratio_max=0.598 return=-180.2 length=200 success_rate=0.00 collisions/ep=0.00 (n=8)
update=129 global_step=264192 SPS=440 w_ev=0.845 m_ev=0.981 m_v_bias=-0.9 m_adv_std=1.0155 m_kl_max=0.0309 m_ratio_max=0.723 return=-179.5 length=200 success_rate=0.00 collisions/ep=0.00 (n=16)
update=130 global_step=266240 SPS=443 w_ev=0.670 m_ev=0.358 m_v_bias=1.9 m_adv_std=8.7812 m_kl_max=0.0120 m_ratio_max=0.414 return=-186.5 length=200 success_rate=0.00 collisions/ep=0.25 (n=8)
Evaluation at update 130: return=-177.88, length=200.00, success_rate=0.00, collisions/ep=0.00
Solved-check at update 130: solved=False worst_gap=1198.62 at p_x0=2.00 p_y0=0.00 (consecutive=0)
update=131 global_step=268288 SPS=436 w_ev=0.674 m_ev=0.798 m_v_bias=-1.0 m_adv_std=2.4141 m_kl_max=0.0153 m_ratio_max=0.700 return=-180.2 length=200 success_rate=0.00 collisions/ep=0.00 (n=8)
update=132 global_step=270336 SPS=437 w_ev=0.678 m_ev=0.351 m_v_bias=2.0 m_adv_std=10.6845 m_kl_max=0.0118 m_ratio_max=0.444 return=-201.7 length=200 success_rate=0.00 collisions/ep=0.38 (n=8)
update=133 global_step=272384 SPS=439 w_ev=0.769 m_ev=0.351 m_v_bias=1.7 m_adv_std=12.1837 m_kl_max=0.0160 m_ratio_max=0.543 return=-188.5 length=200 success_rate=0.00 collisions/ep=0.19 (n=16)
update=134 global_step=274432 SPS=442 w_ev=0.706 m_ev=0.626 m_v_bias=-1.5 m_adv_std=3.9240 m_kl_max=0.0132 m_ratio_max=0.678 return=-179.4 length=200 success_rate=0.00 collisions/ep=0.00 (n=8)
update=135 global_step=276480 SPS=444 w_ev=0.678 m_ev=0.940 m_v_bias=-1.3 m_adv_std=1.3861 m_kl_max=0.0235 m_ratio_max=0.853 return=-177.5 length=200 success_rate=0.00 collisions/ep=0.00 (n=8)
Evaluation at update 135: return=-177.92, length=200.00, success_rate=0.00, collisions/ep=0.00
Solved-check at update 135: solved=False worst_gap=1197.57 at p_x0=2.00 p_y0=-0.50 (consecutive=0)
update=136 global_step=278528 SPS=435 w_ev=0.668 m_ev=0.112 m_v_bias=11.5 m_adv_std=27.3761 m_kl_max=0.0179 m_ratio_max=0.989 return=-204.3 length=200 success_rate=0.00 collisions/ep=0.56 (n=16)
update=137 global_step=280576 SPS=437 w_ev=0.784 m_ev=0.412 m_v_bias=-2.0 m_adv_std=8.2176 m_kl_max=0.0118 m_ratio_max=0.468 return=-181.7 length=200 success_rate=0.00 collisions/ep=0.12 (n=8)
update=138 global_step=282624 SPS=439 w_ev=0.808 m_ev=0.844 m_v_bias=-3.7 m_adv_std=2.5693 m_kl_max=0.0253 m_ratio_max=0.903 return=-178.8 length=200 success_rate=0.00 collisions/ep=0.00 (n=8)
update=139 global_step=284672 SPS=441 w_ev=0.777 m_ev=0.912 m_v_bias=-3.6 m_adv_std=1.9932 m_kl_max=0.0242 m_ratio_max=0.920 return=-178.0 length=200 success_rate=0.00 collisions/ep=0.00 (n=8)
update=140 global_step=286720 SPS=443 w_ev=0.814 m_ev=0.627 m_v_bias=-0.4 m_adv_std=6.2682 m_kl_max=0.0170 m_ratio_max=0.522 return=-181.3 length=200 success_rate=0.00 collisions/ep=0.06 (n=16)
Evaluation at update 140: return=-178.42, length=200.00, success_rate=0.00, collisions/ep=0.00
Solved-check at update 140: solved=False worst_gap=1198.07 at p_x0=2.00 p_y0=-0.50 (consecutive=0)
update=141 global_step=288768 SPS=435 w_ev=0.654 m_ev=0.632 m_v_bias=-1.9 m_adv_std=4.0777 m_kl_max=0.0160 m_ratio_max=0.567 return=-183.6 length=200 success_rate=0.00 collisions/ep=0.12 (n=8)
update=142 global_step=290816 SPS=437 w_ev=0.310 m_ev=0.052 m_v_bias=6.7 m_adv_std=41.7432 m_kl_max=0.0233 m_ratio_max=1.087 return=-237.7 length=200 success_rate=0.00 collisions/ep=1.12 (n=8)
update=143 global_step=292864 SPS=439 w_ev=0.802 m_ev=0.209 m_v_bias=-1.7 m_adv_std=6.1832 m_kl_max=0.0055 m_ratio_max=0.464 return=-183.4 length=200 success_rate=0.00 collisions/ep=0.06 (n=16)
update=144 global_step=294912 SPS=441 w_ev=0.725 m_ev=0.919 m_v_bias=-0.5 m_adv_std=1.8397 m_kl_max=0.0145 m_ratio_max=0.526 return=-178.7 length=200 success_rate=0.00 collisions/ep=0.00 (n=8)
update=145 global_step=296960 SPS=443 w_ev=0.710 m_ev=0.949 m_v_bias=-0.3 m_adv_std=1.2523 m_kl_max=0.0503 m_ratio_max=1.677 return=-183.7 length=200 success_rate=0.00 collisions/ep=0.00 (n=8)
Evaluation at update 145: return=-179.39, length=200.00, success_rate=0.00, collisions/ep=0.00
Solved-check at update 145: solved=False worst_gap=1199.77 at p_x0=2.00 p_y0=0.00 (consecutive=0)
update=146 global_step=299008 SPS=436 w_ev=0.710 m_ev=0.252 m_v_bias=1.3 m_adv_std=12.2623 m_kl_max=0.0190 m_ratio_max=0.763 return=-190.0 length=200 success_rate=0.00 collisions/ep=0.25 (n=8)
update=147 global_step=301056 SPS=438 w_ev=0.817 m_ev=0.361 m_v_bias=1.8 m_adv_std=10.6954 m_kl_max=0.0078 m_ratio_max=0.438 return=-185.8 length=200 success_rate=0.00 collisions/ep=0.12 (n=16)
update=148 global_step=303104 SPS=440 w_ev=0.746 m_ev=0.815 m_v_bias=-1.0 m_adv_std=2.3510 m_kl_max=0.0321 m_ratio_max=1.104 return=-182.6 length=200 success_rate=0.00 collisions/ep=0.00 (n=8)
update=149 global_step=305152 SPS=442 w_ev=0.697 m_ev=0.953 m_v_bias=-0.9 m_adv_std=1.0624 m_kl_max=0.0552 m_ratio_max=1.488 return=-178.2 length=200 success_rate=0.00 collisions/ep=0.00 (n=8)
update=150 global_step=307200 SPS=444 w_ev=0.628 m_ev=0.146 m_v_bias=4.0 m_adv_std=22.7063 m_kl_max=0.0268 m_ratio_max=1.114 return=-196.0 length=200 success_rate=0.00 collisions/ep=0.38 (n=16)
Evaluation at update 150: return=-179.71, length=200.00, success_rate=0.00, collisions/ep=0.00
Solved-check at update 150: solved=False worst_gap=1200.05 at p_x0=2.00 p_y0=0.00 (consecutive=0)
update=151 global_step=309248 SPS=437 w_ev=0.837 m_ev=0.676 m_v_bias=-0.4 m_adv_std=4.1205 m_kl_max=0.0138 m_ratio_max=0.714 return=-180.9 length=200 success_rate=0.00 collisions/ep=0.00 (n=8)
update=152 global_step=311296 SPS=439 w_ev=0.804 m_ev=0.936 m_v_bias=-1.6 m_adv_std=1.5071 m_kl_max=0.0260 m_ratio_max=1.152 return=-178.2 length=200 success_rate=0.00 collisions/ep=0.00 (n=8)
update=153 global_step=313344 SPS=440 w_ev=0.755 m_ev=0.972 m_v_bias=-1.0 m_adv_std=0.9669 m_kl_max=0.0069 m_ratio_max=0.428 return=-176.3 length=200 success_rate=0.00 collisions/ep=0.00 (n=8)
update=154 global_step=315392 SPS=442 w_ev=0.885 m_ev=0.638 m_v_bias=0.2 m_adv_std=5.8144 m_kl_max=0.0070 m_ratio_max=0.598 return=-181.2 length=200 success_rate=0.00 collisions/ep=0.06 (n=16)
update=155 global_step=317440 SPS=444 w_ev=0.728 m_ev=0.269 m_v_bias=1.3 m_adv_std=11.2941 m_kl_max=0.0181 m_ratio_max=0.512 return=-186.5 length=200 success_rate=0.00 collisions/ep=0.25 (n=8)
Evaluation at update 155: return=-178.95, length=200.00, success_rate=0.00, collisions/ep=0.00
Solved-check at update 155: solved=False worst_gap=1198.76 at p_x0=2.00 p_y0=-0.50 (consecutive=0)
update=156 global_step=319488 SPS=437 w_ev=0.700 m_ev=0.470 m_v_bias=0.3 m_adv_std=6.3869 m_kl_max=0.0373 m_ratio_max=1.204 return=-184.6 length=200 success_rate=0.00 collisions/ep=0.12 (n=8)
update=157 global_step=321536 SPS=439 w_ev=0.801 m_ev=0.959 m_v_bias=-1.0 m_adv_std=1.2213 m_kl_max=0.0127 m_ratio_max=0.632 return=-188.6 length=200 success_rate=0.00 collisions/ep=0.12 (n=8)
update=158 global_step=323584 SPS=440 w_ev=0.862 m_ev=0.658 m_v_bias=0.9 m_adv_std=5.9663 m_kl_max=0.0089 m_ratio_max=0.433 return=-180.4 length=200 success_rate=0.00 collisions/ep=0.06 (n=16)
update=159 global_step=325632 SPS=442 w_ev=0.774 m_ev=0.964 m_v_bias=-0.6 m_adv_std=1.1321 m_kl_max=0.0211 m_ratio_max=0.920 return=-177.2 length=200 success_rate=0.00 collisions/ep=0.00 (n=8)
update=160 global_step=327680 SPS=444 w_ev=0.864 m_ev=0.982 m_v_bias=-0.7 m_adv_std=0.7544 m_kl_max=0.0309 m_ratio_max=0.974 return=-175.1 length=200 success_rate=0.00 collisions/ep=0.00 (n=8)
Evaluation at update 160: return=-178.54, length=200.00, success_rate=0.00, collisions/ep=0.00
Solved-check at update 160: solved=False worst_gap=1199.21 at p_x0=2.00 p_y0=0.00 (consecutive=0)
update=161 global_step=329728 SPS=437 w_ev=0.850 m_ev=0.986 m_v_bias=-0.8 m_adv_std=0.6996 m_kl_max=0.0346 m_ratio_max=0.774 return=-180.1 length=200 success_rate=0.00 collisions/ep=0.00 (n=16)
update=162 global_step=331776 SPS=439 w_ev=0.844 m_ev=0.544 m_v_bias=1.2 m_adv_std=6.2637 m_kl_max=0.0453 m_ratio_max=2.313 return=-186.3 length=200 success_rate=0.00 collisions/ep=0.12 (n=8)
update=163 global_step=333824 SPS=440 w_ev=0.432 m_ev=0.062 m_v_bias=7.0 m_adv_std=34.4934 m_kl_max=0.0186 m_ratio_max=0.665 return=-240.7 length=200 success_rate=0.00 collisions/ep=1.25 (n=8)
update=164 global_step=335872 SPS=442 w_ev=0.724 m_ev=0.633 m_v_bias=-2.7 m_adv_std=3.8077 m_kl_max=0.0102 m_ratio_max=0.516 return=-182.2 length=200 success_rate=0.00 collisions/ep=0.00 (n=8)
update=165 global_step=337920 SPS=444 w_ev=0.852 m_ev=0.946 m_v_bias=-2.3 m_adv_std=1.5199 m_kl_max=0.0125 m_ratio_max=0.809 return=-178.1 length=200 success_rate=0.00 collisions/ep=0.00 (n=16)
Evaluation at update 165: return=-178.19, length=200.00, success_rate=0.00, collisions/ep=0.00
Solved-check at update 165: solved=False worst_gap=1196.90 at p_x0=2.00 p_y0=0.00 (consecutive=0)
update=166 global_step=339968 SPS=437 w_ev=0.248 m_ev=0.039 m_v_bias=6.6 m_adv_std=55.3002 m_kl_max=0.0269 m_ratio_max=0.852 return=-256.2 length=200 success_rate=0.00 collisions/ep=1.50 (n=8)
update=167 global_step=342016 SPS=439 w_ev=0.689 m_ev=0.276 m_v_bias=-3.1 m_adv_std=5.7197 m_kl_max=0.0242 m_ratio_max=1.642 return=-181.5 length=200 success_rate=0.00 collisions/ep=0.00 (n=8)
update=168 global_step=344064 SPS=440 w_ev=0.868 m_ev=0.935 m_v_bias=-2.6 m_adv_std=1.6635 m_kl_max=0.0169 m_ratio_max=0.891 return=-177.1 length=200 success_rate=0.00 collisions/ep=0.00 (n=16)
update=169 global_step=346112 SPS=442 w_ev=0.835 m_ev=0.468 m_v_bias=-0.5 m_adv_std=6.3747 m_kl_max=0.0067 m_ratio_max=0.442 return=-179.7 length=200 success_rate=0.00 collisions/ep=0.00 (n=8)
update=170 global_step=348160 SPS=443 w_ev=0.746 m_ev=0.925 m_v_bias=-1.7 m_adv_std=1.3060 m_kl_max=0.0211 m_ratio_max=0.726 return=-187.3 length=200 success_rate=0.00 collisions/ep=0.12 (n=8)
Evaluation at update 170: return=-178.56, length=200.00, success_rate=0.00, collisions/ep=0.00
Solved-check at update 170: solved=False worst_gap=1197.33 at p_x0=2.00 p_y0=0.00 (consecutive=0)
update=171 global_step=350208 SPS=437 w_ev=0.701 m_ev=0.979 m_v_bias=-0.9 m_adv_std=0.6925 m_kl_max=0.0716 m_ratio_max=3.256 return=-179.9 length=200 success_rate=0.00 collisions/ep=0.00 (n=8)
update=172 global_step=352256 SPS=439 w_ev=0.794 m_ev=0.707 m_v_bias=-0.5 m_adv_std=4.3857 m_kl_max=0.0285 m_ratio_max=0.913 return=-184.8 length=200 success_rate=0.00 collisions/ep=0.06 (n=16)
update=173 global_step=354304 SPS=440 w_ev=0.822 m_ev=0.945 m_v_bias=-0.6 m_adv_std=1.4077 m_kl_max=0.0246 m_ratio_max=0.804 return=-178.5 length=200 success_rate=0.00 collisions/ep=0.00 (n=8)
update=174 global_step=356352 SPS=442 w_ev=0.679 m_ev=0.085 m_v_bias=4.5 m_adv_std=22.8875 m_kl_max=0.0152 m_ratio_max=0.569 return=-182.1 length=200 success_rate=0.00 collisions/ep=0.12 (n=8)
update=175 global_step=358400 SPS=444 w_ev=0.688 m_ev=0.124 m_v_bias=1.9 m_adv_std=15.3344 m_kl_max=0.0216 m_ratio_max=0.848 return=-202.9 length=200 success_rate=0.00 collisions/ep=0.50 (n=16)
Evaluation at update 175: return=-178.44, length=200.00, success_rate=0.00, collisions/ep=0.00
Solved-check at update 175: solved=False worst_gap=1197.05 at p_x0=2.00 p_y0=0.00 (consecutive=0)
update=176 global_step=360448 SPS=438 w_ev=0.807 m_ev=0.493 m_v_bias=-0.0 m_adv_std=8.4507 m_kl_max=0.0466 m_ratio_max=2.390 return=-193.2 length=200 success_rate=0.00 collisions/ep=0.25 (n=8)
update=177 global_step=362496 SPS=439 w_ev=0.837 m_ev=0.894 m_v_bias=-1.8 m_adv_std=2.0385 m_kl_max=0.0126 m_ratio_max=0.548 return=-179.1 length=200 success_rate=0.00 collisions/ep=0.00 (n=8)
update=178 global_step=364544 SPS=441 w_ev=0.795 m_ev=0.958 m_v_bias=-1.7 m_adv_std=1.1335 m_kl_max=0.0176 m_ratio_max=0.735 return=-178.7 length=200 success_rate=0.00 collisions/ep=0.00 (n=8)
update=179 global_step=366592 SPS=442 w_ev=0.822 m_ev=0.240 m_v_bias=4.4 m_adv_std=19.5055 m_kl_max=0.0211 m_ratio_max=1.603 return=-193.7 length=200 success_rate=0.00 collisions/ep=0.31 (n=16)
update=180 global_step=368640 SPS=444 w_ev=0.807 m_ev=0.530 m_v_bias=-2.2 m_adv_std=3.8694 m_kl_max=0.0165 m_ratio_max=0.477 return=-179.0 length=200 success_rate=0.00 collisions/ep=0.00 (n=8)
Evaluation at update 180: return=-178.61, length=200.00, success_rate=0.00, collisions/ep=0.00
Solved-check at update 180: solved=False worst_gap=1197.01 at p_x0=2.00 p_y0=0.00 (consecutive=0)
update=181 global_step=370688 SPS=438 w_ev=0.850 m_ev=0.512 m_v_bias=-1.0 m_adv_std=6.6549 m_kl_max=0.0131 m_ratio_max=0.512 return=-181.3 length=200 success_rate=0.00 collisions/ep=0.00 (n=8)
update=182 global_step=372736 SPS=440 w_ev=0.695 m_ev=0.908 m_v_bias=-2.3 m_adv_std=1.6795 m_kl_max=0.0477 m_ratio_max=1.946 return=-180.1 length=200 success_rate=0.00 collisions/ep=0.12 (n=8)
update=183 global_step=374784 SPS=441 w_ev=0.879 m_ev=0.592 m_v_bias=-0.6 m_adv_std=6.0751 m_kl_max=0.0121 m_ratio_max=0.799 return=-181.2 length=200 success_rate=0.00 collisions/ep=0.06 (n=16)
update=184 global_step=376832 SPS=443 w_ev=0.814 m_ev=0.931 m_v_bias=-1.4 m_adv_std=1.5541 m_kl_max=0.0145 m_ratio_max=0.740 return=-179.9 length=200 success_rate=0.00 collisions/ep=0.00 (n=8)
update=185 global_step=378880 SPS=444 w_ev=0.805 m_ev=0.985 m_v_bias=-0.5 m_adv_std=0.6838 m_kl_max=0.0591 m_ratio_max=0.862 return=-176.2 length=200 success_rate=0.00 collisions/ep=0.00 (n=8)
Evaluation at update 185: return=-177.19, length=200.00, success_rate=0.00, collisions/ep=0.00
Solved-check at update 185: solved=False worst_gap=1195.75 at p_x0=2.00 p_y0=0.50 (consecutive=0)
update=186 global_step=380928 SPS=438 w_ev=0.903 m_ev=0.988 m_v_bias=-0.5 m_adv_std=0.8161 m_kl_max=0.0502 m_ratio_max=1.700 return=-175.9 length=200 success_rate=0.00 collisions/ep=0.00 (n=16)
update=187 global_step=382976 SPS=440 w_ev=0.494 m_ev=0.031 m_v_bias=13.1 m_adv_std=37.4031 m_kl_max=0.0119 m_ratio_max=1.018 return=-220.0 length=200 success_rate=0.00 collisions/ep=0.88 (n=8)
update=188 global_step=385024 SPS=441 w_ev=0.616 m_ev=0.034 m_v_bias=1.9 m_adv_std=31.8749 m_kl_max=0.0325 m_ratio_max=1.383 return=-264.7 length=200 success_rate=0.00 collisions/ep=1.75 (n=8)
update=189 global_step=387072 SPS=443 w_ev=0.701 m_ev=0.024 m_v_bias=-0.5 m_adv_std=11.6883 m_kl_max=0.0487 m_ratio_max=1.159 return=-180.6 length=200 success_rate=0.00 collisions/ep=0.12 (n=8)
update=190 global_step=389120 SPS=444 w_ev=0.551 m_ev=0.038 m_v_bias=6.3 m_adv_std=50.0212 m_kl_max=0.0110 m_ratio_max=0.662 return=-216.5 length=200 success_rate=0.00 collisions/ep=0.75 (n=16)
Evaluation at update 190: return=-178.01, length=200.00, success_rate=0.00, collisions/ep=0.00
Solved-check at update 190: solved=False worst_gap=1196.27 at p_x0=2.00 p_y0=0.50 (consecutive=0)
update=191 global_step=391168 SPS=438 w_ev=0.692 m_ev=0.222 m_v_bias=-1.6 m_adv_std=13.9748 m_kl_max=0.0128 m_ratio_max=0.706 return=-197.5 length=200 success_rate=0.00 collisions/ep=0.38 (n=8)
update=192 global_step=393216 SPS=440 w_ev=0.824 m_ev=0.428 m_v_bias=-2.9 m_adv_std=8.7702 m_kl_max=0.0072 m_ratio_max=0.422 return=-186.7 length=200 success_rate=0.00 collisions/ep=0.12 (n=8)
update=193 global_step=395264 SPS=441 w_ev=0.878 m_ev=0.687 m_v_bias=-4.2 m_adv_std=5.6310 m_kl_max=0.0076 m_ratio_max=0.451 return=-183.9 length=200 success_rate=0.00 collisions/ep=0.12 (n=16)
update=194 global_step=397312 SPS=443 w_ev=0.595 m_ev=0.136 m_v_bias=8.4 m_adv_std=31.5986 m_kl_max=0.0507 m_ratio_max=2.223 return=-207.3 length=200 success_rate=0.00 collisions/ep=0.62 (n=8)
update=195 global_step=399360 SPS=444 w_ev=0.772 m_ev=0.284 m_v_bias=-2.0 m_adv_std=9.1330 m_kl_max=0.0335 m_ratio_max=1.383 return=-191.8 length=200 success_rate=0.00 collisions/ep=0.38 (n=8)
Evaluation at update 195: return=-178.94, length=200.00, success_rate=0.00, collisions/ep=0.00
Solved-check at update 195: solved=False worst_gap=1197.23 at p_x0=2.00 p_y0=0.00 (consecutive=0)
update=196 global_step=401408 SPS=439 w_ev=0.814 m_ev=0.790 m_v_bias=-4.4 m_adv_std=2.8584 m_kl_max=0.0112 m_ratio_max=0.700 return=-185.0 length=200 success_rate=0.00 collisions/ep=0.12 (n=8)
update=197 global_step=403456 SPS=441 w_ev=0.881 m_ev=0.936 m_v_bias=-2.7 m_adv_std=1.8326 m_kl_max=0.0138 m_ratio_max=0.640 return=-178.9 length=200 success_rate=0.00 collisions/ep=0.00 (n=16)
update=198 global_step=405504 SPS=442 w_ev=0.849 m_ev=0.944 m_v_bias=-1.8 m_adv_std=1.3516 m_kl_max=0.0314 m_ratio_max=0.900 return=-178.0 length=200 success_rate=0.00 collisions/ep=0.00 (n=8)
update=199 global_step=407552 SPS=443 w_ev=0.734 m_ev=0.963 m_v_bias=-1.2 m_adv_std=1.0189 m_kl_max=0.0368 m_ratio_max=1.380 return=-178.0 length=200 success_rate=0.00 collisions/ep=0.00 (n=8)
update=200 global_step=409600 SPS=445 w_ev=0.790 m_ev=0.385 m_v_bias=1.4 m_adv_std=8.3392 m_kl_max=0.0181 m_ratio_max=1.077 return=-185.7 length=200 success_rate=0.00 collisions/ep=0.12 (n=16)
Evaluation at update 200: return=-177.90, length=200.00, success_rate=0.00, collisions/ep=0.00
Solved-check at update 200: solved=False worst_gap=1196.60 at p_x0=2.00 p_y0=0.00 (consecutive=0)
update=201 global_step=411648 SPS=439 w_ev=0.865 m_ev=0.485 m_v_bias=-0.1 m_adv_std=6.0868 m_kl_max=0.0116 m_ratio_max=0.622 return=-178.9 length=200 success_rate=0.00 collisions/ep=0.00 (n=8)
update=202 global_step=413696 SPS=441 w_ev=0.785 m_ev=0.868 m_v_bias=-1.6 m_adv_std=1.9311 m_kl_max=0.0145 m_ratio_max=0.693 return=-182.3 length=200 success_rate=0.00 collisions/ep=0.12 (n=8)
update=203 global_step=415744 SPS=442 w_ev=0.782 m_ev=0.959 m_v_bias=-0.8 m_adv_std=1.0548 m_kl_max=0.0399 m_ratio_max=0.781 return=-180.7 length=200 success_rate=0.00 collisions/ep=0.00 (n=8)
update=204 global_step=417792 SPS=443 w_ev=0.889 m_ev=0.627 m_v_bias=0.7 m_adv_std=6.2964 m_kl_max=0.0146 m_ratio_max=0.909 return=-180.1 length=200 success_rate=0.00 collisions/ep=0.06 (n=16)
update=205 global_step=419840 SPS=444 w_ev=0.702 m_ev=0.136 m_v_bias=5.7 m_adv_std=20.1750 m_kl_max=0.0286 m_ratio_max=1.136 return=-216.1 length=200 success_rate=0.00 collisions/ep=0.75 (n=8)
Evaluation at update 205: return=-178.93, length=200.00, success_rate=0.00, collisions/ep=0.00
Solved-check at update 205: solved=False worst_gap=1199.41 at p_x0=2.00 p_y0=0.50 (consecutive=0)
update=206 global_step=421888 SPS=439 w_ev=0.786 m_ev=0.849 m_v_bias=-1.7 m_adv_std=2.3043 m_kl_max=0.0108 m_ratio_max=0.591 return=-178.2 length=200 success_rate=0.00 collisions/ep=0.00 (n=8)
update=207 global_step=423936 SPS=440 w_ev=0.814 m_ev=0.543 m_v_bias=-0.9 m_adv_std=5.9422 m_kl_max=0.0123 m_ratio_max=0.564 return=-178.3 length=200 success_rate=0.00 collisions/ep=0.00 (n=8)
update=208 global_step=425984 SPS=442 w_ev=0.881 m_ev=0.574 m_v_bias=1.5 m_adv_std=8.6995 m_kl_max=0.0148 m_ratio_max=0.940 return=-185.5 length=200 success_rate=0.00 collisions/ep=0.19 (n=16)
update=209 global_step=428032 SPS=443 w_ev=0.782 m_ev=0.808 m_v_bias=-2.4 m_adv_std=2.7349 m_kl_max=0.0145 m_ratio_max=0.725 return=-177.9 length=200 success_rate=0.00 collisions/ep=0.00 (n=8)
update=210 global_step=430080 SPS=444 w_ev=0.776 m_ev=0.351 m_v_bias=0.7 m_adv_std=8.0167 m_kl_max=0.0280 m_ratio_max=0.818 return=-183.0 length=200 success_rate=0.00 collisions/ep=0.12 (n=8)
Evaluation at update 210: return=-179.39, length=200.00, success_rate=0.00, collisions/ep=0.00
Solved-check at update 210: solved=False worst_gap=1198.17 at p_x0=2.00 p_y0=0.50 (consecutive=0)
update=211 global_step=432128 SPS=439 w_ev=0.890 m_ev=0.966 m_v_bias=-1.4 m_adv_std=1.3037 m_kl_max=0.0100 m_ratio_max=0.578 return=-181.7 length=200 success_rate=0.00 collisions/ep=0.06 (n=16)
update=212 global_step=434176 SPS=440 w_ev=0.818 m_ev=0.978 m_v_bias=-0.9 m_adv_std=0.9308 m_kl_max=0.0179 m_ratio_max=0.875 return=-177.5 length=200 success_rate=0.00 collisions/ep=0.00 (n=8)
update=213 global_step=436224 SPS=441 w_ev=0.832 m_ev=0.982 m_v_bias=-0.6 m_adv_std=0.8046 m_kl_max=0.0504 m_ratio_max=1.613 return=-175.9 length=200 success_rate=0.00 collisions/ep=0.00 (n=8)
update=214 global_step=438272 SPS=442 w_ev=0.776 m_ev=0.988 m_v_bias=-0.6 m_adv_std=0.6030 m_kl_max=0.0538 m_ratio_max=0.854 return=-177.5 length=200 success_rate=0.00 collisions/ep=0.00 (n=8)
update=215 global_step=440320 SPS=444 w_ev=0.902 m_ev=0.437 m_v_bias=4.7 m_adv_std=11.4105 m_kl_max=0.0139 m_ratio_max=0.580 return=-187.9 length=200 success_rate=0.00 collisions/ep=0.25 (n=16)
Evaluation at update 215: return=-178.23, length=200.00, success_rate=0.00, collisions/ep=0.00
Solved-check at update 215: solved=False worst_gap=1196.88 at p_x0=2.00 p_y0=0.50 (consecutive=0)
update=216 global_step=442368 SPS=439 w_ev=0.691 m_ev=0.413 m_v_bias=-1.5 m_adv_std=6.3775 m_kl_max=0.0092 m_ratio_max=0.547 return=-180.6 length=200 success_rate=0.00 collisions/ep=0.12 (n=8)
update=217 global_step=444416 SPS=440 w_ev=0.782 m_ev=0.451 m_v_bias=-0.8 m_adv_std=6.2021 m_kl_max=0.0034 m_ratio_max=0.373 return=-181.2 length=200 success_rate=0.00 collisions/ep=0.00 (n=8)
update=218 global_step=446464 SPS=441 w_ev=0.896 m_ev=0.567 m_v_bias=-0.3 m_adv_std=6.6723 m_kl_max=0.0776 m_ratio_max=3.412 return=-183.6 length=200 success_rate=0.00 collisions/ep=0.12 (n=16)
update=219 global_step=448512 SPS=442 w_ev=0.848 m_ev=0.600 m_v_bias=0.4 m_adv_std=6.6699 m_kl_max=0.0235 m_ratio_max=0.778 return=-180.1 length=200 success_rate=0.00 collisions/ep=0.12 (n=8)
update=220 global_step=450560 SPS=444 w_ev=0.765 m_ev=0.891 m_v_bias=-1.9 m_adv_std=1.7976 m_kl_max=0.0541 m_ratio_max=2.397 return=-182.0 length=200 success_rate=0.00 collisions/ep=0.00 (n=8)
Evaluation at update 220: return=-178.13, length=200.00, success_rate=0.00, collisions/ep=0.00
Solved-check at update 220: solved=False worst_gap=1196.98 at p_x0=2.00 p_y0=0.50 (consecutive=0)
update=221 global_step=452608 SPS=438 w_ev=0.799 m_ev=0.964 m_v_bias=-1.5 m_adv_std=1.0750 m_kl_max=0.0182 m_ratio_max=0.580 return=-178.6 length=200 success_rate=0.00 collisions/ep=0.00 (n=8)
update=222 global_step=454656 SPS=440 w_ev=0.826 m_ev=0.371 m_v_bias=1.4 m_adv_std=8.1325 m_kl_max=0.0158 m_ratio_max=0.891 return=-184.8 length=200 success_rate=0.00 collisions/ep=0.12 (n=16)
update=223 global_step=456704 SPS=441 w_ev=0.782 m_ev=0.193 m_v_bias=1.6 m_adv_std=13.2165 m_kl_max=0.0075 m_ratio_max=0.456 return=-188.5 length=200 success_rate=0.00 collisions/ep=0.25 (n=8)
update=224 global_step=458752 SPS=443 w_ev=0.836 m_ev=0.286 m_v_bias=0.8 m_adv_std=8.5025 m_kl_max=0.0252 m_ratio_max=1.852 return=-182.4 length=200 success_rate=0.00 collisions/ep=0.12 (n=8)
update=225 global_step=460800 SPS=444 w_ev=0.788 m_ev=0.209 m_v_bias=4.1 m_adv_std=13.2550 m_kl_max=0.0164 m_ratio_max=1.085 return=-194.7 length=200 success_rate=0.00 collisions/ep=0.38 (n=16)
Evaluation at update 225: return=-177.34, length=200.00, success_rate=0.00, collisions/ep=0.00
Solved-check at update 225: solved=False worst_gap=1196.56 at p_x0=2.00 p_y0=0.50 (consecutive=0)
update=226 global_step=462848 SPS=440 w_ev=0.882 m_ev=0.510 m_v_bias=-1.4 m_adv_std=7.0099 m_kl_max=0.0103 m_ratio_max=0.496 return=-182.4 length=200 success_rate=0.00 collisions/ep=0.12 (n=8)
update=227 global_step=464896 SPS=441 w_ev=0.788 m_ev=0.272 m_v_bias=0.5 m_adv_std=9.0904 m_kl_max=0.0143 m_ratio_max=0.492 return=-183.6 length=200 success_rate=0.00 collisions/ep=0.12 (n=8)
update=228 global_step=466944 SPS=443 w_ev=0.854 m_ev=0.740 m_v_bias=-3.2 m_adv_std=3.2573 m_kl_max=0.0364 m_ratio_max=1.343 return=-191.4 length=200 success_rate=0.00 collisions/ep=0.25 (n=8)
update=229 global_step=468992 SPS=444 w_ev=0.782 m_ev=0.959 m_v_bias=-1.0 m_adv_std=1.2127 m_kl_max=0.0672 m_ratio_max=2.741 return=-178.7 length=200 success_rate=0.00 collisions/ep=0.00 (n=16)
update=230 global_step=471040 SPS=446 w_ev=0.811 m_ev=0.497 m_v_bias=0.4 m_adv_std=6.5575 m_kl_max=0.0253 m_ratio_max=1.158 return=-187.3 length=200 success_rate=0.00 collisions/ep=0.12 (n=8)
Evaluation at update 230: return=-176.35, length=200.00, success_rate=0.00, collisions/ep=0.00
Solved-check at update 230: solved=False worst_gap=1197.68 at p_x0=2.00 p_y0=0.50 (consecutive=0)
update=231 global_step=473088 SPS=441 w_ev=0.726 m_ev=0.237 m_v_bias=3.0 m_adv_std=12.8518 m_kl_max=0.0355 m_ratio_max=1.381 return=-194.1 length=200 success_rate=0.00 collisions/ep=0.38 (n=8)
update=232 global_step=475136 SPS=442 w_ev=0.849 m_ev=0.872 m_v_bias=-2.1 m_adv_std=2.2188 m_kl_max=0.0254 m_ratio_max=0.716 return=-186.7 length=200 success_rate=0.00 collisions/ep=0.12 (n=8)
update=233 global_step=477184 SPS=443 w_ev=0.917 m_ev=0.497 m_v_bias=0.9 m_adv_std=8.9854 m_kl_max=0.0327 m_ratio_max=0.573 return=-182.9 length=200 success_rate=0.00 collisions/ep=0.12 (n=16)
update=234 global_step=479232 SPS=444 w_ev=0.809 m_ev=0.877 m_v_bias=-1.7 m_adv_std=1.9694 m_kl_max=0.0143 m_ratio_max=0.440 return=-173.7 length=200 success_rate=0.00 collisions/ep=0.00 (n=8)
update=235 global_step=481280 SPS=446 w_ev=0.715 m_ev=0.085 m_v_bias=3.1 m_adv_std=23.6150 m_kl_max=0.0372 m_ratio_max=1.977 return=-202.9 length=200 success_rate=0.00 collisions/ep=0.50 (n=8)
Evaluation at update 235: return=-176.95, length=200.00, success_rate=0.00, collisions/ep=0.00
Solved-check at update 235: solved=False worst_gap=1196.33 at p_x0=2.00 p_y0=0.50 (consecutive=0)
update=236 global_step=483328 SPS=441 w_ev=0.862 m_ev=0.808 m_v_bias=-2.2 m_adv_std=3.5577 m_kl_max=0.0341 m_ratio_max=1.953 return=-180.7 length=200 success_rate=0.00 collisions/ep=0.06 (n=16)
update=237 global_step=485376 SPS=442 w_ev=0.845 m_ev=0.536 m_v_bias=0.1 m_adv_std=5.9929 m_kl_max=0.0222 m_ratio_max=0.924 return=-179.4 length=200 success_rate=0.00 collisions/ep=0.12 (n=8)
update=238 global_step=487424 SPS=443 w_ev=0.819 m_ev=0.469 m_v_bias=0.6 m_adv_std=6.4107 m_kl_max=0.0269 m_ratio_max=1.120 return=-177.1 length=200 success_rate=0.00 collisions/ep=0.00 (n=8)
update=239 global_step=489472 SPS=444 w_ev=0.863 m_ev=0.783 m_v_bias=-1.3 m_adv_std=3.4128 m_kl_max=0.0625 m_ratio_max=2.507 return=-189.9 length=200 success_rate=0.00 collisions/ep=0.25 (n=8)
update=240 global_step=491520 SPS=445 w_ev=0.891 m_ev=0.591 m_v_bias=0.3 m_adv_std=6.3052 m_kl_max=0.0139 m_ratio_max=0.521 return=-179.5 length=200 success_rate=0.00 collisions/ep=0.06 (n=16)
Evaluation at update 240: return=-176.74, length=200.00, success_rate=0.00, collisions/ep=0.00
Solved-check at update 240: solved=False worst_gap=1197.34 at p_x0=2.00 p_y0=0.50 (consecutive=0)
update=241 global_step=493568 SPS=441 w_ev=0.786 m_ev=0.484 m_v_bias=-0.2 m_adv_std=5.9466 m_kl_max=0.0164 m_ratio_max=0.591 return=-184.4 length=200 success_rate=0.00 collisions/ep=0.12 (n=8)
update=242 global_step=495616 SPS=442 w_ev=0.722 m_ev=0.102 m_v_bias=2.0 m_adv_std=17.4352 m_kl_max=0.0319 m_ratio_max=0.981 return=-178.9 length=200 success_rate=0.00 collisions/ep=0.00 (n=8)
update=243 global_step=497664 SPS=443 w_ev=0.875 m_ev=0.533 m_v_bias=-0.8 m_adv_std=6.1295 m_kl_max=0.0196 m_ratio_max=0.642 return=-194.2 length=200 success_rate=0.00 collisions/ep=0.31 (n=16)
update=244 global_step=499712 SPS=444 w_ev=0.893 m_ev=0.564 m_v_bias=1.7 m_adv_std=8.2875 m_kl_max=0.0152 m_ratio_max=0.545 return=-184.9 length=200 success_rate=0.00 collisions/ep=0.25 (n=8)
update=245 global_step=501760 SPS=445 w_ev=0.826 m_ev=0.944 m_v_bias=-1.4 m_adv_std=1.3859 m_kl_max=0.0165 m_ratio_max=0.936 return=-174.8 length=200 success_rate=0.00 collisions/ep=0.00 (n=8)
Evaluation at update 245: return=-177.07, length=200.00, success_rate=0.00, collisions/ep=0.00
Solved-check at update 245: solved=False worst_gap=1197.56 at p_x0=2.00 p_y0=0.50 (consecutive=0)
update=246 global_step=503808 SPS=441 w_ev=0.870 m_ev=0.978 m_v_bias=-1.3 m_adv_std=0.9725 m_kl_max=0.0159 m_ratio_max=0.598 return=-175.6 length=200 success_rate=0.00 collisions/ep=0.00 (n=8)
update=247 global_step=505856 SPS=442 w_ev=0.918 m_ev=0.990 m_v_bias=-0.7 m_adv_std=0.7138 m_kl_max=0.0246 m_ratio_max=0.757 return=-174.9 length=200 success_rate=0.00 collisions/ep=0.00 (n=16)
update=248 global_step=507904 SPS=443 w_ev=0.856 m_ev=0.983 m_v_bias=-0.7 m_adv_std=0.6358 m_kl_max=0.0626 m_ratio_max=1.193 return=-174.9 length=200 success_rate=0.00 collisions/ep=0.00 (n=8)
update=249 global_step=509952 SPS=444 w_ev=0.902 m_ev=0.992 m_v_bias=-0.5 m_adv_std=0.5548 m_kl_max=0.0524 m_ratio_max=0.925 return=-179.3 length=200 success_rate=0.00 collisions/ep=0.00 (n=8)
update=250 global_step=512000 SPS=445 w_ev=0.604 m_ev=0.001 m_v_bias=6.7 m_adv_std=29.6168 m_kl_max=0.0334 m_ratio_max=1.008 return=-204.8 length=200 success_rate=0.00 collisions/ep=0.56 (n=16)
Evaluation at update 250: return=-175.80, length=200.00, success_rate=0.00, collisions/ep=0.00
Solved-check at update 250: solved=False worst_gap=1196.58 at p_x0=2.00 p_y0=0.50 (consecutive=0)
update=251 global_step=514048 SPS=441 w_ev=0.830 m_ev=0.436 m_v_bias=-0.7 m_adv_std=9.4361 m_kl_max=0.0229 m_ratio_max=1.142 return=-191.6 length=200 success_rate=0.00 collisions/ep=0.25 (n=8)
update=252 global_step=516096 SPS=442 w_ev=0.884 m_ev=0.498 m_v_bias=0.5 m_adv_std=8.5057 m_kl_max=0.0218 m_ratio_max=0.931 return=-187.4 length=200 success_rate=0.00 collisions/ep=0.25 (n=8)
update=253 global_step=518144 SPS=443 w_ev=0.832 m_ev=0.402 m_v_bias=0.1 m_adv_std=8.7594 m_kl_max=0.0193 m_ratio_max=1.133 return=-177.8 length=200 success_rate=0.00 collisions/ep=0.12 (n=8)
update=254 global_step=520192 SPS=444 w_ev=0.916 m_ev=0.395 m_v_bias=1.7 m_adv_std=10.6510 m_kl_max=0.0350 m_ratio_max=1.345 return=-188.8 length=200 success_rate=0.00 collisions/ep=0.25 (n=16)
update=255 global_step=522240 SPS=445 w_ev=0.883 m_ev=0.868 m_v_bias=-3.3 m_adv_std=2.4285 m_kl_max=0.0132 m_ratio_max=0.575 return=-174.7 length=200 success_rate=0.00 collisions/ep=0.00 (n=8)
Evaluation at update 255: return=-175.75, length=200.00, success_rate=0.00, collisions/ep=0.00
Solved-check at update 255: solved=False worst_gap=1196.42 at p_x0=2.00 p_y0=0.50 (consecutive=0)
update=256 global_step=524288 SPS=441 w_ev=0.849 m_ev=0.941 m_v_bias=-1.7 m_adv_std=1.3478 m_kl_max=0.0266 m_ratio_max=0.836 return=-174.5 length=200 success_rate=0.00 collisions/ep=0.00 (n=8)
update=257 global_step=526336 SPS=442 w_ev=0.748 m_ev=0.160 m_v_bias=4.7 m_adv_std=19.3337 m_kl_max=0.0315 m_ratio_max=1.705 return=-184.0 length=200 success_rate=0.00 collisions/ep=0.12 (n=8)
update=258 global_step=528384 SPS=443 w_ev=0.907 m_ev=0.514 m_v_bias=-0.5 m_adv_std=6.3122 m_kl_max=0.0392 m_ratio_max=1.509 return=-191.0 length=200 success_rate=0.00 collisions/ep=0.31 (n=16)
update=259 global_step=530432 SPS=444 w_ev=0.746 m_ev=0.054 m_v_bias=1.3 m_adv_std=17.4871 m_kl_max=0.0170 m_ratio_max=0.755 return=-176.0 length=200 success_rate=0.00 collisions/ep=0.00 (n=8)
update=260 global_step=532480 SPS=445 w_ev=0.752 m_ev=0.711 m_v_bias=-3.0 m_adv_std=2.8910 m_kl_max=0.0160 m_ratio_max=0.517 return=-200.8 length=200 success_rate=0.00 collisions/ep=0.50 (n=8)
Evaluation at update 260: return=-176.04, length=200.00, success_rate=0.00, collisions/ep=0.00
Solved-check at update 260: solved=False worst_gap=1196.60 at p_x0=2.00 p_y0=0.50 (consecutive=0)
update=261 global_step=534528 SPS=441 w_ev=0.913 m_ev=0.567 m_v_bias=0.0 m_adv_std=6.1917 m_kl_max=0.0194 m_ratio_max=0.616 return=-179.7 length=200 success_rate=0.00 collisions/ep=0.06 (n=16)
update=262 global_step=536576 SPS=442 w_ev=0.819 m_ev=0.193 m_v_bias=2.8 m_adv_std=13.8225 m_kl_max=0.0147 m_ratio_max=0.779 return=-192.3 length=200 success_rate=0.00 collisions/ep=0.38 (n=8)
update=263 global_step=538624 SPS=443 w_ev=0.849 m_ev=0.435 m_v_bias=-2.7 m_adv_std=6.2285 m_kl_max=0.0106 m_ratio_max=0.606 return=-188.6 length=200 success_rate=0.00 collisions/ep=0.25 (n=8)
update=264 global_step=540672 SPS=444 w_ev=0.510 m_ev=0.018 m_v_bias=8.6 m_adv_std=45.6811 m_kl_max=0.0227 m_ratio_max=1.083 return=-179.2 length=200 success_rate=0.00 collisions/ep=0.12 (n=8)
update=265 global_step=542720 SPS=445 w_ev=0.917 m_ev=0.628 m_v_bias=-1.4 m_adv_std=6.8568 m_kl_max=0.0219 m_ratio_max=0.932 return=-202.4 length=200 success_rate=0.00 collisions/ep=0.56 (n=16)
Evaluation at update 265: return=-175.51, length=200.00, success_rate=0.00, collisions/ep=0.00
Solved-check at update 265: solved=False worst_gap=1195.57 at p_x0=2.00 p_y0=0.50 (consecutive=0)
update=266 global_step=544768 SPS=441 w_ev=0.809 m_ev=0.408 m_v_bias=-1.2 m_adv_std=9.1112 m_kl_max=0.0275 m_ratio_max=0.684 return=-191.7 length=200 success_rate=0.00 collisions/ep=0.38 (n=8)
update=267 global_step=546816 SPS=442 w_ev=0.815 m_ev=0.468 m_v_bias=-1.3 m_adv_std=6.5980 m_kl_max=0.0284 m_ratio_max=0.893 return=-175.3 length=200 success_rate=0.00 collisions/ep=0.00 (n=8)
update=268 global_step=548864 SPS=443 w_ev=0.651 m_ev=0.039 m_v_bias=8.7 m_adv_std=37.4559 m_kl_max=0.0448 m_ratio_max=2.014 return=-206.3 length=200 success_rate=0.00 collisions/ep=0.62 (n=16)
update=269 global_step=550912 SPS=444 w_ev=0.829 m_ev=0.324 m_v_bias=-0.7 m_adv_std=13.6494 m_kl_max=0.0165 m_ratio_max=0.733 return=-201.7 length=200 success_rate=0.00 collisions/ep=0.50 (n=8)
update=270 global_step=552960 SPS=445 w_ev=0.795 m_ev=0.402 m_v_bias=-3.0 m_adv_std=8.2078 m_kl_max=0.0136 m_ratio_max=0.798 return=-186.7 length=200 success_rate=0.00 collisions/ep=0.25 (n=8)
Evaluation at update 270: return=-176.37, length=200.00, success_rate=0.00, collisions/ep=0.00
Solved-check at update 270: solved=False worst_gap=1195.98 at p_x0=2.00 p_y0=1.00 (consecutive=0)
update=271 global_step=555008 SPS=441 w_ev=0.817 m_ev=0.448 m_v_bias=-2.3 m_adv_std=5.8255 m_kl_max=0.0191 m_ratio_max=0.815 return=-176.4 length=200 success_rate=0.00 collisions/ep=0.00 (n=8)
update=272 global_step=557056 SPS=442 w_ev=0.887 m_ev=0.231 m_v_bias=0.4 m_adv_std=14.0441 m_kl_max=0.0206 m_ratio_max=0.868 return=-187.6 length=200 success_rate=0.00 collisions/ep=0.25 (n=16)
update=273 global_step=559104 SPS=443 w_ev=0.831 m_ev=0.357 m_v_bias=0.4 m_adv_std=10.2381 m_kl_max=0.0254 m_ratio_max=1.081 return=-196.6 length=200 success_rate=0.00 collisions/ep=0.38 (n=8)
update=274 global_step=561152 SPS=445 w_ev=0.850 m_ev=0.246 m_v_bias=-1.6 m_adv_std=10.2895 m_kl_max=0.0411 m_ratio_max=1.193 return=-187.5 length=200 success_rate=0.00 collisions/ep=0.25 (n=8)
update=275 global_step=563200 SPS=446 w_ev=0.802 m_ev=0.262 m_v_bias=-1.2 m_adv_std=6.2898 m_kl_max=0.0194 m_ratio_max=1.061 return=-180.0 length=200 success_rate=0.00 collisions/ep=0.06 (n=16)
Evaluation at update 275: return=-176.57, length=200.00, success_rate=0.00, collisions/ep=0.00
Solved-check at update 275: solved=False worst_gap=1197.17 at p_x0=2.00 p_y0=0.50 (consecutive=0)
update=276 global_step=565248 SPS=442 w_ev=0.922 m_ev=0.962 m_v_bias=-2.0 m_adv_std=1.4201 m_kl_max=0.0380 m_ratio_max=1.142 return=-177.0 length=200 success_rate=0.00 collisions/ep=0.00 (n=8)
update=277 global_step=567296 SPS=443 w_ev=0.861 m_ev=0.451 m_v_bias=0.7 m_adv_std=7.3674 m_kl_max=0.0233 m_ratio_max=0.852 return=-190.3 length=200 success_rate=0.00 collisions/ep=0.25 (n=8)
update=278 global_step=569344 SPS=444 w_ev=0.879 m_ev=0.546 m_v_bias=0.6 m_adv_std=5.9391 m_kl_max=0.0183 m_ratio_max=1.066 return=-184.7 length=200 success_rate=0.00 collisions/ep=0.12 (n=8)
update=279 global_step=571392 SPS=445 w_ev=0.916 m_ev=0.579 m_v_bias=0.9 m_adv_std=7.7705 m_kl_max=0.0232 m_ratio_max=1.233 return=-184.2 length=200 success_rate=0.00 collisions/ep=0.12 (n=16)
update=280 global_step=573440 SPS=446 w_ev=0.825 m_ev=0.869 m_v_bias=-1.0 m_adv_std=2.0912 m_kl_max=0.0065 m_ratio_max=0.474 return=-176.5 length=200 success_rate=0.00 collisions/ep=0.00 (n=8)
Evaluation at update 280: return=-176.87, length=200.00, success_rate=0.00, collisions/ep=0.00
Solved-check at update 280: solved=False worst_gap=1196.46 at p_x0=2.00 p_y0=1.00 (consecutive=0)
update=281 global_step=575488 SPS=442 w_ev=0.839 m_ev=0.958 m_v_bias=-1.0 m_adv_std=1.1613 m_kl_max=0.0188 m_ratio_max=0.693 return=-178.1 length=200 success_rate=0.00 collisions/ep=0.00 (n=8)
update=282 global_step=577536 SPS=443 w_ev=0.904 m_ev=0.989 m_v_bias=-0.8 m_adv_std=0.6509 m_kl_max=0.0351 m_ratio_max=1.040 return=-176.4 length=200 success_rate=0.00 collisions/ep=0.00 (n=8)
update=283 global_step=579584 SPS=444 w_ev=0.889 m_ev=0.616 m_v_bias=0.4 m_adv_std=5.8723 m_kl_max=0.0116 m_ratio_max=0.562 return=-178.9 length=200 success_rate=0.00 collisions/ep=0.06 (n=16)
update=284 global_step=581632 SPS=445 w_ev=0.822 m_ev=0.925 m_v_bias=-0.5 m_adv_std=1.6731 m_kl_max=0.0143 m_ratio_max=0.551 return=-176.1 length=200 success_rate=0.00 collisions/ep=0.00 (n=8)
update=285 global_step=583680 SPS=446 w_ev=0.786 m_ev=0.423 m_v_bias=0.5 m_adv_std=6.1851 m_kl_max=0.0091 m_ratio_max=0.547 return=-174.2 length=200 success_rate=0.00 collisions/ep=0.00 (n=8)
Evaluation at update 285: return=-175.72, length=200.00, success_rate=0.00, collisions/ep=0.00
Solved-check at update 285: solved=False worst_gap=1196.13 at p_x0=2.00 p_y0=0.50 (consecutive=0)
update=286 global_step=585728 SPS=442 w_ev=0.795 m_ev=0.123 m_v_bias=4.9 m_adv_std=19.0344 m_kl_max=0.0267 m_ratio_max=0.675 return=-204.0 length=200 success_rate=0.00 collisions/ep=0.50 (n=16)
update=287 global_step=587776 SPS=443 w_ev=0.778 m_ev=0.456 m_v_bias=-2.8 m_adv_std=5.0660 m_kl_max=0.0146 m_ratio_max=0.695 return=-172.7 length=200 success_rate=0.00 collisions/ep=0.00 (n=8)
update=288 global_step=589824 SPS=444 w_ev=0.686 m_ev=0.122 m_v_bias=1.3 m_adv_std=17.3771 m_kl_max=0.0171 m_ratio_max=1.015 return=-198.6 length=200 success_rate=0.00 collisions/ep=0.38 (n=8)
update=289 global_step=591872 SPS=445 w_ev=0.720 m_ev=0.174 m_v_bias=-0.4 m_adv_std=13.4624 m_kl_max=0.0179 m_ratio_max=0.945 return=-199.8 length=200 success_rate=0.00 collisions/ep=0.38 (n=8)
update=290 global_step=593920 SPS=446 w_ev=0.923 m_ev=0.877 m_v_bias=-0.2 m_adv_std=2.7373 m_kl_max=0.0616 m_ratio_max=1.316 return=-179.5 length=200 success_rate=0.00 collisions/ep=0.00 (n=16)
Evaluation at update 290: return=-176.72, length=200.00, success_rate=0.00, collisions/ep=0.00
Solved-check at update 290: solved=False worst_gap=1195.52 at p_x0=2.00 p_y0=0.00 (consecutive=0)
update=291 global_step=595968 SPS=442 w_ev=0.856 m_ev=0.949 m_v_bias=-0.9 m_adv_std=1.2395 m_kl_max=0.0335 m_ratio_max=0.946 return=-174.1 length=200 success_rate=0.00 collisions/ep=0.00 (n=8)
update=292 global_step=598016 SPS=443 w_ev=0.803 m_ev=0.317 m_v_bias=1.9 m_adv_std=8.5664 m_kl_max=0.0143 m_ratio_max=0.552 return=-184.9 length=200 success_rate=0.00 collisions/ep=0.12 (n=8)
update=293 global_step=600064 SPS=444 w_ev=0.918 m_ev=0.978 m_v_bias=-1.4 m_adv_std=0.9658 m_kl_max=0.0245 m_ratio_max=0.562 return=-180.2 length=200 success_rate=0.00 collisions/ep=0.06 (n=16)
update=294 global_step=602112 SPS=445 w_ev=0.849 m_ev=0.247 m_v_bias=0.8 m_adv_std=12.0429 m_kl_max=0.0082 m_ratio_max=0.378 return=-175.3 length=200 success_rate=0.00 collisions/ep=0.00 (n=8)
update=295 global_step=604160 SPS=446 w_ev=0.877 m_ev=0.875 m_v_bias=-1.6 m_adv_std=2.2143 m_kl_max=0.0172 m_ratio_max=0.675 return=-186.6 length=200 success_rate=0.00 collisions/ep=0.25 (n=8)
Evaluation at update 295: return=-176.09, length=200.00, success_rate=0.00, collisions/ep=0.00
Solved-check at update 295: solved=False worst_gap=1194.59 at p_x0=2.00 p_y0=0.00 (consecutive=0)
update=296 global_step=606208 SPS=442 w_ev=0.841 m_ev=0.619 m_v_bias=-0.0 m_adv_std=4.7258 m_kl_max=0.0288 m_ratio_max=1.246 return=-182.6 length=200 success_rate=0.00 collisions/ep=0.12 (n=8)
update=297 global_step=608256 SPS=443 w_ev=0.920 m_ev=0.695 m_v_bias=0.1 m_adv_std=5.5130 m_kl_max=0.0472 m_ratio_max=1.730 return=-177.8 length=200 success_rate=0.00 collisions/ep=0.06 (n=16)
update=298 global_step=610304 SPS=444 w_ev=0.888 m_ev=0.497 m_v_bias=0.7 m_adv_std=6.2751 m_kl_max=0.0141 m_ratio_max=0.557 return=-175.9 length=200 success_rate=0.00 collisions/ep=0.00 (n=8)
update=299 global_step=612352 SPS=445 w_ev=0.881 m_ev=0.674 m_v_bias=-0.7 m_adv_std=4.6364 m_kl_max=0.0371 m_ratio_max=0.844 return=-191.2 length=200 success_rate=0.00 collisions/ep=0.38 (n=8)
update=300 global_step=614400 SPS=446 w_ev=0.757 m_ev=0.091 m_v_bias=4.8 m_adv_std=19.4364 m_kl_max=0.0167 m_ratio_max=0.738 return=-186.9 length=200 success_rate=0.00 collisions/ep=0.25 (n=16)
Evaluation at update 300: return=-174.86, length=200.00, success_rate=0.00, collisions/ep=0.00
Solved-check at update 300: solved=False worst_gap=1194.62 at p_x0=2.00 p_y0=0.50 (consecutive=0)
update=301 global_step=616448 SPS=442 w_ev=0.886 m_ev=0.211 m_v_bias=-0.1 m_adv_std=11.1415 m_kl_max=0.0277 m_ratio_max=0.906 return=-189.4 length=200 success_rate=0.00 collisions/ep=0.25 (n=8)
update=302 global_step=618496 SPS=443 w_ev=0.900 m_ev=0.912 m_v_bias=-1.9 m_adv_std=1.8854 m_kl_max=0.0541 m_ratio_max=1.121 return=-171.7 length=200 success_rate=0.00 collisions/ep=0.00 (n=8)
update=303 global_step=620544 SPS=444 w_ev=0.837 m_ev=0.451 m_v_bias=-0.5 m_adv_std=6.5265 m_kl_max=0.0292 m_ratio_max=1.690 return=-185.0 length=200 success_rate=0.00 collisions/ep=0.25 (n=8)
update=304 global_step=622592 SPS=445 w_ev=0.634 m_ev=0.049 m_v_bias=8.5 m_adv_std=43.0690 m_kl_max=0.0322 m_ratio_max=1.230 return=-198.6 length=200 success_rate=0.00 collisions/ep=0.44 (n=16)
update=305 global_step=624640 SPS=445 w_ev=0.787 m_ev=0.127 m_v_bias=5.9 m_adv_std=17.4348 m_kl_max=0.0207 m_ratio_max=0.654 return=-220.7 length=200 success_rate=0.00 collisions/ep=0.88 (n=8)
Evaluation at update 305: return=-174.49, length=200.00, success_rate=0.00, collisions/ep=0.00
Solved-check at update 305: solved=False worst_gap=1194.24 at p_x0=2.00 p_y0=0.50 (consecutive=0)
update=306 global_step=626688 SPS=442 w_ev=0.851 m_ev=0.467 m_v_bias=-4.2 m_adv_std=7.9613 m_kl_max=0.0247 m_ratio_max=0.875 return=-198.2 length=200 success_rate=0.00 collisions/ep=0.50 (n=8)
update=307 global_step=628736 SPS=443 w_ev=0.788 m_ev=0.138 m_v_bias=-0.3 m_adv_std=17.7574 m_kl_max=0.0281 m_ratio_max=1.710 return=-173.0 length=200 success_rate=0.00 collisions/ep=0.00 (n=8)
update=308 global_step=630784 SPS=444 w_ev=0.926 m_ev=0.592 m_v_bias=-1.5 m_adv_std=7.4604 m_kl_max=0.0518 m_ratio_max=1.423 return=-188.6 length=200 success_rate=0.00 collisions/ep=0.31 (n=16)
update=309 global_step=632832 SPS=445 w_ev=0.884 m_ev=0.418 m_v_bias=-1.1 m_adv_std=9.9068 m_kl_max=0.0303 m_ratio_max=1.188 return=-196.4 length=200 success_rate=0.00 collisions/ep=0.38 (n=8)
update=310 global_step=634880 SPS=446 w_ev=0.781 m_ev=0.922 m_v_bias=-2.4 m_adv_std=1.6928 m_kl_max=0.0229 m_ratio_max=0.741 return=-168.9 length=200 success_rate=0.00 collisions/ep=0.00 (n=8)
Evaluation at update 310: return=-175.18, length=200.00, success_rate=0.00, collisions/ep=0.00
Solved-check at update 310: solved=False worst_gap=1193.94 at p_x0=2.00 p_y0=0.50 (consecutive=0)
update=311 global_step=636928 SPS=442 w_ev=0.942 m_ev=0.977 m_v_bias=-2.0 m_adv_std=1.1646 m_kl_max=0.0336 m_ratio_max=1.469 return=-177.2 length=200 success_rate=0.00 collisions/ep=0.00 (n=16)
update=312 global_step=638976 SPS=443 w_ev=0.570 m_ev=0.014 m_v_bias=4.9 m_adv_std=32.4184 m_kl_max=0.0275 m_ratio_max=1.349 return=-182.4 length=200 success_rate=0.00 collisions/ep=0.25 (n=8)
update=313 global_step=641024 SPS=444 w_ev=0.804 m_ev=0.413 m_v_bias=0.6 m_adv_std=8.7075 m_kl_max=0.0317 m_ratio_max=0.674 return=-225.9 length=200 success_rate=0.00 collisions/ep=1.00 (n=8)
update=314 global_step=643072 SPS=445 w_ev=0.831 m_ev=0.216 m_v_bias=0.7 m_adv_std=12.7277 m_kl_max=0.0313 m_ratio_max=0.871 return=-198.1 length=200 success_rate=0.00 collisions/ep=0.50 (n=8)
update=315 global_step=645120 SPS=446 w_ev=0.929 m_ev=0.782 m_v_bias=-1.4 m_adv_std=4.1975 m_kl_max=0.0337 m_ratio_max=1.089 return=-180.0 length=200 success_rate=0.00 collisions/ep=0.06 (n=16)
Evaluation at update 315: return=-174.68, length=200.00, success_rate=0.00, collisions/ep=0.00
Solved-check at update 315: solved=False worst_gap=1194.42 at p_x0=2.00 p_y0=0.50 (consecutive=0)
update=316 global_step=647168 SPS=442 w_ev=0.735 m_ev=0.168 m_v_bias=2.3 m_adv_std=14.0564 m_kl_max=0.0108 m_ratio_max=0.746 return=-192.2 length=200 success_rate=0.00 collisions/ep=0.38 (n=8)
update=317 global_step=649216 SPS=443 w_ev=0.758 m_ev=0.145 m_v_bias=2.5 m_adv_std=18.1307 m_kl_max=0.0338 m_ratio_max=1.681 return=-210.2 length=200 success_rate=0.00 collisions/ep=0.62 (n=8)
update=318 global_step=651264 SPS=444 w_ev=0.888 m_ev=0.861 m_v_bias=-4.1 m_adv_std=2.3377 m_kl_max=0.0175 m_ratio_max=0.641 return=-181.3 length=200 success_rate=0.00 collisions/ep=0.12 (n=16)
update=319 global_step=653312 SPS=445 w_ev=0.870 m_ev=0.369 m_v_bias=1.8 m_adv_std=11.3750 m_kl_max=0.0376 m_ratio_max=0.887 return=-194.2 length=200 success_rate=0.00 collisions/ep=0.38 (n=8)
update=320 global_step=655360 SPS=446 w_ev=0.619 m_ev=0.082 m_v_bias=2.8 m_adv_std=32.1421 m_kl_max=0.0194 m_ratio_max=0.839 return=-217.3 length=200 success_rate=0.00 collisions/ep=0.88 (n=8)
Evaluation at update 320: return=-174.63, length=200.00, success_rate=0.00, collisions/ep=0.00
Solved-check at update 320: solved=False worst_gap=1194.38 at p_x0=2.00 p_y0=0.50 (consecutive=0)
update=321 global_step=657408 SPS=442 w_ev=0.772 m_ev=0.055 m_v_bias=3.3 m_adv_std=13.5677 m_kl_max=0.0192 m_ratio_max=0.764 return=-177.6 length=200 success_rate=0.00 collisions/ep=0.12 (n=8)
update=322 global_step=659456 SPS=443 w_ev=0.842 m_ev=0.138 m_v_bias=-0.7 m_adv_std=18.0038 m_kl_max=0.0273 m_ratio_max=1.119 return=-196.1 length=200 success_rate=0.00 collisions/ep=0.38 (n=16)
update=323 global_step=661504 SPS=444 w_ev=0.648 m_ev=0.059 m_v_bias=5.1 m_adv_std=27.8450 m_kl_max=0.0059 m_ratio_max=0.393 return=-207.4 length=200 success_rate=0.00 collisions/ep=0.62 (n=8)
update=324 global_step=663552 SPS=445 w_ev=0.752 m_ev=0.095 m_v_bias=-0.1 m_adv_std=19.0864 m_kl_max=0.0122 m_ratio_max=0.612 return=-201.8 length=200 success_rate=0.00 collisions/ep=0.50 (n=8)
update=325 global_step=665600 SPS=445 w_ev=0.713 m_ev=0.210 m_v_bias=-4.2 m_adv_std=12.8151 m_kl_max=0.0167 m_ratio_max=0.862 return=-198.4 length=200 success_rate=0.00 collisions/ep=0.44 (n=16)
Evaluation at update 325: return=-174.87, length=200.00, success_rate=0.00, collisions/ep=0.00
Solved-check at update 325: solved=False worst_gap=1194.62 at p_x0=2.00 p_y0=0.50 (consecutive=0)
update=326 global_step=667648 SPS=441 w_ev=0.891 m_ev=0.515 m_v_bias=-0.8 m_adv_std=8.5459 m_kl_max=0.0408 m_ratio_max=1.656 return=-188.3 length=200 success_rate=0.00 collisions/ep=0.25 (n=8)
update=327 global_step=669696 SPS=442 w_ev=0.785 m_ev=0.881 m_v_bias=-3.0 m_adv_std=1.9155 m_kl_max=0.0214 m_ratio_max=1.115 return=-175.6 length=200 success_rate=0.00 collisions/ep=0.00 (n=8)
update=328 global_step=671744 SPS=443 w_ev=0.875 m_ev=0.555 m_v_bias=-0.8 m_adv_std=5.8666 m_kl_max=0.0163 m_ratio_max=0.993 return=-178.8 length=200 success_rate=0.00 collisions/ep=0.00 (n=8)
update=329 global_step=673792 SPS=444 w_ev=0.908 m_ev=0.977 m_v_bias=-1.2 m_adv_std=1.1349 m_kl_max=0.0283 m_ratio_max=1.271 return=-181.0 length=200 success_rate=0.00 collisions/ep=0.06 (n=16)
update=330 global_step=675840 SPS=445 w_ev=0.923 m_ev=0.987 m_v_bias=-0.9 m_adv_std=0.8332 m_kl_max=0.0236 m_ratio_max=0.625 return=-177.6 length=200 success_rate=0.00 collisions/ep=0.00 (n=8)
Evaluation at update 330: return=-174.01, length=200.00, success_rate=0.00, collisions/ep=0.00
Solved-check at update 330: solved=False worst_gap=1193.74 at p_x0=2.00 p_y0=0.50 (consecutive=0)
update=331 global_step=677888 SPS=442 w_ev=0.857 m_ev=0.555 m_v_bias=0.7 m_adv_std=6.1465 m_kl_max=0.0096 m_ratio_max=0.497 return=-175.6 length=200 success_rate=0.00 collisions/ep=0.12 (n=8)
update=332 global_step=679936 SPS=442 w_ev=0.725 m_ev=0.056 m_v_bias=3.3 m_adv_std=18.8182 m_kl_max=0.0210 m_ratio_max=0.619 return=-180.3 length=200 success_rate=0.00 collisions/ep=0.12 (n=8)
update=333 global_step=681984 SPS=443 w_ev=0.928 m_ev=0.932 m_v_bias=-2.4 m_adv_std=2.0460 m_kl_max=0.0171 m_ratio_max=0.657 return=-184.0 length=200 success_rate=0.00 collisions/ep=0.19 (n=16)
update=334 global_step=684032 SPS=444 w_ev=0.880 m_ev=0.459 m_v_bias=0.1 m_adv_std=7.6049 m_kl_max=0.0143 m_ratio_max=0.648 return=-188.1 length=200 success_rate=0.00 collisions/ep=0.25 (n=8)
update=335 global_step=686080 SPS=445 w_ev=0.667 m_ev=0.113 m_v_bias=7.8 m_adv_std=25.7305 m_kl_max=0.0164 m_ratio_max=0.770 return=-216.4 length=200 success_rate=0.00 collisions/ep=0.88 (n=8)
Evaluation at update 335: return=-174.33, length=200.00, success_rate=0.00, collisions/ep=0.00
Solved-check at update 335: solved=False worst_gap=1193.43 at p_x0=2.00 p_y0=0.00 (consecutive=0)
update=336 global_step=688128 SPS=443 w_ev=0.923 m_ev=0.704 m_v_bias=-3.3 m_adv_std=4.9729 m_kl_max=0.0186 m_ratio_max=1.207 return=-180.0 length=200 success_rate=0.00 collisions/ep=0.12 (n=16)
update=337 global_step=690176 SPS=443 w_ev=0.843 m_ev=0.430 m_v_bias=0.4 m_adv_std=8.4790 m_kl_max=0.0128 m_ratio_max=0.623 return=-181.6 length=200 success_rate=0.00 collisions/ep=0.12 (n=8)
update=338 global_step=692224 SPS=444 w_ev=0.787 m_ev=0.948 m_v_bias=-2.3 m_adv_std=1.4420 m_kl_max=0.0226 m_ratio_max=0.857 return=-180.9 length=200 success_rate=0.00 collisions/ep=0.12 (n=8)
update=339 global_step=694272 SPS=445 w_ev=0.907 m_ev=0.547 m_v_bias=-0.1 m_adv_std=6.3960 m_kl_max=0.0105 m_ratio_max=0.528 return=-174.9 length=200 success_rate=0.00 collisions/ep=0.00 (n=8)
update=340 global_step=696320 SPS=445 w_ev=0.949 m_ev=0.950 m_v_bias=-0.8 m_adv_std=1.8296 m_kl_max=0.0157 m_ratio_max=0.638 return=-177.5 length=200 success_rate=0.00 collisions/ep=0.06 (n=16)
Evaluation at update 340: return=-174.46, length=200.00, success_rate=0.00, collisions/ep=0.00
Solved-check at update 340: solved=False worst_gap=1192.99 at p_x0=2.00 p_y0=0.50 (consecutive=0)
update=341 global_step=698368 SPS=441 w_ev=0.827 m_ev=0.247 m_v_bias=2.3 m_adv_std=12.8812 m_kl_max=0.0082 m_ratio_max=0.529 return=-185.9 length=200 success_rate=0.00 collisions/ep=0.25 (n=8)
update=342 global_step=700416 SPS=442 w_ev=0.683 m_ev=0.055 m_v_bias=5.1 m_adv_std=28.3203 m_kl_max=0.0193 m_ratio_max=0.722 return=-176.9 length=200 success_rate=0.00 collisions/ep=0.00 (n=8)
update=343 global_step=702464 SPS=443 w_ev=0.941 m_ev=0.938 m_v_bias=-3.2 m_adv_std=1.8420 m_kl_max=0.0154 m_ratio_max=0.998 return=-188.8 length=200 success_rate=0.00 collisions/ep=0.31 (n=16)
update=344 global_step=704512 SPS=443 w_ev=0.716 m_ev=0.075 m_v_bias=5.0 m_adv_std=30.3710 m_kl_max=0.0159 m_ratio_max=0.675 return=-201.3 length=200 success_rate=0.00 collisions/ep=0.62 (n=8)
update=345 global_step=706560 SPS=444 w_ev=0.643 m_ev=0.117 m_v_bias=-1.1 m_adv_std=16.6789 m_kl_max=0.0437 m_ratio_max=1.766 return=-207.3 length=200 success_rate=0.00 collisions/ep=0.62 (n=8)
Evaluation at update 345: return=-175.05, length=200.00, success_rate=0.00, collisions/ep=0.00
Solved-check at update 345: solved=False worst_gap=1193.61 at p_x0=2.00 p_y0=0.50 (consecutive=0)
update=346 global_step=708608 SPS=441 w_ev=0.841 m_ev=0.385 m_v_bias=1.3 m_adv_std=10.4274 m_kl_max=0.0140 m_ratio_max=0.624 return=-183.7 length=200 success_rate=0.00 collisions/ep=0.12 (n=8)
update=347 global_step=710656 SPS=442 w_ev=0.927 m_ev=0.627 m_v_bias=-1.1 m_adv_std=6.6581 m_kl_max=0.0284 m_ratio_max=1.022 return=-184.3 length=200 success_rate=0.00 collisions/ep=0.19 (n=16)
update=348 global_step=712704 SPS=442 w_ev=0.425 m_ev=0.052 m_v_bias=8.0 m_adv_std=42.9202 m_kl_max=0.0467 m_ratio_max=1.645 return=-214.8 length=200 success_rate=0.00 collisions/ep=0.88 (n=8)
update=349 global_step=714752 SPS=443 w_ev=0.834 m_ev=0.317 m_v_bias=-0.3 m_adv_std=10.1861 m_kl_max=0.0322 m_ratio_max=1.486 return=-197.8 length=200 success_rate=0.00 collisions/ep=0.38 (n=8)
update=350 global_step=716800 SPS=444 w_ev=0.862 m_ev=0.432 m_v_bias=-3.3 m_adv_std=8.9709 m_kl_max=0.0186 m_ratio_max=0.780 return=-184.9 length=200 success_rate=0.00 collisions/ep=0.19 (n=16)
Evaluation at update 350: return=-176.12, length=200.00, success_rate=0.00, collisions/ep=0.00
Solved-check at update 350: solved=False worst_gap=1194.71 at p_x0=2.00 p_y0=0.50 (consecutive=0)
update=351 global_step=718848 SPS=441 w_ev=0.929 m_ev=0.900 m_v_bias=-2.1 m_adv_std=2.6344 m_kl_max=0.0155 m_ratio_max=0.705 return=-174.9 length=200 success_rate=0.00 collisions/ep=0.00 (n=8)
update=352 global_step=720896 SPS=441 w_ev=0.849 m_ev=0.929 m_v_bias=-1.8 m_adv_std=1.5248 m_kl_max=0.0233 m_ratio_max=0.624 return=-175.8 length=200 success_rate=0.00 collisions/ep=0.00 (n=8)
update=353 global_step=722944 SPS=442 w_ev=0.853 m_ev=0.176 m_v_bias=1.7 m_adv_std=12.0067 m_kl_max=0.0175 m_ratio_max=0.470 return=-176.3 length=200 success_rate=0.00 collisions/ep=0.00 (n=8)
update=354 global_step=724992 SPS=443 w_ev=0.923 m_ev=0.593 m_v_bias=0.0 m_adv_std=6.4739 m_kl_max=0.0316 m_ratio_max=0.890 return=-185.9 length=200 success_rate=0.00 collisions/ep=0.19 (n=16)
update=355 global_step=727040 SPS=444 w_ev=0.912 m_ev=0.971 m_v_bias=-1.4 m_adv_std=1.0983 m_kl_max=0.0253 m_ratio_max=0.608 return=-179.5 length=200 success_rate=0.00 collisions/ep=0.00 (n=8)
Evaluation at update 355: return=-175.96, length=200.00, success_rate=0.00, collisions/ep=0.00
Solved-check at update 355: solved=False worst_gap=1194.52 at p_x0=2.00 p_y0=0.00 (consecutive=0)
update=356 global_step=729088 SPS=440 w_ev=0.880 m_ev=0.492 m_v_bias=0.2 m_adv_std=6.6012 m_kl_max=0.0289 m_ratio_max=0.915 return=-178.9 length=200 success_rate=0.00 collisions/ep=0.12 (n=8)
update=357 global_step=731136 SPS=441 w_ev=0.903 m_ev=0.524 m_v_bias=-0.1 m_adv_std=6.1057 m_kl_max=0.0257 m_ratio_max=0.819 return=-176.2 length=200 success_rate=0.00 collisions/ep=0.00 (n=8)
update=358 global_step=733184 SPS=442 w_ev=0.949 m_ev=0.590 m_v_bias=0.2 m_adv_std=6.8446 m_kl_max=0.0209 m_ratio_max=0.685 return=-180.3 length=200 success_rate=0.00 collisions/ep=0.12 (n=16)
update=359 global_step=735232 SPS=443 w_ev=0.885 m_ev=0.875 m_v_bias=-1.5 m_adv_std=1.9536 m_kl_max=0.0223 m_ratio_max=0.699 return=-172.7 length=200 success_rate=0.00 collisions/ep=0.00 (n=8)
update=360 global_step=737280 SPS=443 w_ev=0.908 m_ev=0.977 m_v_bias=-1.2 m_adv_std=0.9964 m_kl_max=0.0330 m_ratio_max=1.089 return=-178.4 length=200 success_rate=0.00 collisions/ep=0.00 (n=8)
Evaluation at update 360: return=-174.95, length=200.00, success_rate=0.00, collisions/ep=0.00
Solved-check at update 360: solved=False worst_gap=1193.60 at p_x0=2.00 p_y0=0.50 (consecutive=0)
update=361 global_step=739328 SPS=440 w_ev=0.956 m_ev=0.593 m_v_bias=0.9 m_adv_std=6.6018 m_kl_max=0.0113 m_ratio_max=0.483 return=-177.4 length=200 success_rate=0.00 collisions/ep=0.06 (n=16)
update=362 global_step=741376 SPS=441 w_ev=0.913 m_ev=0.643 m_v_bias=0.4 m_adv_std=5.8437 m_kl_max=0.0236 m_ratio_max=0.905 return=-177.3 length=200 success_rate=0.00 collisions/ep=0.12 (n=8)
update=363 global_step=743424 SPS=442 w_ev=0.881 m_ev=0.968 m_v_bias=-0.8 m_adv_std=1.0612 m_kl_max=0.0226 m_ratio_max=0.696 return=-174.0 length=200 success_rate=0.00 collisions/ep=0.00 (n=8)
update=364 global_step=745472 SPS=442 w_ev=0.883 m_ev=0.414 m_v_bias=1.6 m_adv_std=8.5652 m_kl_max=0.0141 m_ratio_max=0.575 return=-189.2 length=200 success_rate=0.00 collisions/ep=0.25 (n=8)
update=365 global_step=747520 SPS=443 w_ev=0.921 m_ev=0.882 m_v_bias=-0.6 m_adv_std=2.6105 m_kl_max=0.0077 m_ratio_max=0.586 return=-176.4 length=200 success_rate=0.00 collisions/ep=0.06 (n=16)
Evaluation at update 365: return=-174.74, length=200.00, success_rate=0.00, collisions/ep=0.00
Solved-check at update 365: solved=False worst_gap=1193.30 at p_x0=2.00 p_y0=0.00 (consecutive=0)
update=366 global_step=749568 SPS=440 w_ev=0.897 m_ev=0.968 m_v_bias=-0.8 m_adv_std=1.0694 m_kl_max=0.0206 m_ratio_max=0.788 return=-175.6 length=200 success_rate=0.00 collisions/ep=0.00 (n=8)
update=367 global_step=751616 SPS=441 w_ev=0.858 m_ev=0.984 m_v_bias=-0.6 m_adv_std=0.6756 m_kl_max=0.0319 m_ratio_max=1.196 return=-177.2 length=200 success_rate=0.00 collisions/ep=0.00 (n=8)
update=368 global_step=753664 SPS=442 w_ev=0.940 m_ev=0.989 m_v_bias=-0.6 m_adv_std=0.7092 m_kl_max=0.0431 m_ratio_max=1.659 return=-175.8 length=200 success_rate=0.00 collisions/ep=0.00 (n=16)
update=369 global_step=755712 SPS=443 w_ev=0.863 m_ev=0.343 m_v_bias=3.8 m_adv_std=13.5490 m_kl_max=0.0243 m_ratio_max=1.181 return=-190.9 length=200 success_rate=0.00 collisions/ep=0.38 (n=8)
update=370 global_step=757760 SPS=444 w_ev=0.760 m_ev=0.026 m_v_bias=4.3 m_adv_std=24.4594 m_kl_max=0.0366 m_ratio_max=1.998 return=-186.0 length=200 success_rate=0.00 collisions/ep=0.25 (n=8)
Evaluation at update 370: return=-174.46, length=200.00, success_rate=0.00, collisions/ep=0.00
Solved-check at update 370: solved=False worst_gap=1192.97 at p_x0=2.00 p_y0=0.00 (consecutive=0)
update=371 global_step=759808 SPS=441 w_ev=0.847 m_ev=0.435 m_v_bias=-4.7 m_adv_std=4.8223 m_kl_max=0.0147 m_ratio_max=0.446 return=-206.7 length=200 success_rate=0.00 collisions/ep=0.62 (n=8)
update=372 global_step=761856 SPS=442 w_ev=0.938 m_ev=0.489 m_v_bias=0.5 m_adv_std=8.9537 m_kl_max=0.0129 m_ratio_max=0.661 return=-179.7 length=200 success_rate=0.00 collisions/ep=0.12 (n=16)
update=373 global_step=763904 SPS=442 w_ev=0.322 m_ev=-0.008 m_v_bias=11.7 m_adv_std=69.0885 m_kl_max=0.0142 m_ratio_max=0.772 return=-194.9 length=200 success_rate=0.00 collisions/ep=0.38 (n=8)
update=374 global_step=765952 SPS=443 w_ev=0.776 m_ev=0.186 m_v_bias=-5.5 m_adv_std=8.0659 m_kl_max=0.0254 m_ratio_max=0.980 return=-259.3 length=200 success_rate=0.00 collisions/ep=1.75 (n=8)
update=375 global_step=768000 SPS=444 w_ev=0.901 m_ev=0.513 m_v_bias=-2.5 m_adv_std=6.9804 m_kl_max=0.0191 m_ratio_max=0.800 return=-179.7 length=200 success_rate=0.00 collisions/ep=0.12 (n=16)
Evaluation at update 375: return=-174.75, length=200.00, success_rate=0.00, collisions/ep=0.00
Solved-check at update 375: solved=False worst_gap=1193.34 at p_x0=2.00 p_y0=0.00 (consecutive=0)
update=376 global_step=770048 SPS=441 w_ev=0.879 m_ev=0.239 m_v_bias=3.4 m_adv_std=18.7832 m_kl_max=0.0136 m_ratio_max=0.555 return=-200.0 length=200 success_rate=0.00 collisions/ep=0.50 (n=8)
update=377 global_step=772096 SPS=441 w_ev=0.908 m_ev=0.651 m_v_bias=-2.4 m_adv_std=4.3112 m_kl_max=0.0127 m_ratio_max=0.843 return=-174.0 length=200 success_rate=0.00 collisions/ep=0.00 (n=8)
update=378 global_step=774144 SPS=442 w_ev=0.711 m_ev=0.090 m_v_bias=4.0 m_adv_std=24.7116 m_kl_max=0.0427 m_ratio_max=0.653 return=-185.1 length=200 success_rate=0.00 collisions/ep=0.25 (n=8)
update=379 global_step=776192 SPS=443 w_ev=0.884 m_ev=0.463 m_v_bias=-2.1 m_adv_std=7.3089 m_kl_max=0.0213 m_ratio_max=0.715 return=-187.8 length=200 success_rate=0.00 collisions/ep=0.31 (n=16)
update=380 global_step=778240 SPS=444 w_ev=0.917 m_ev=0.965 m_v_bias=-1.8 m_adv_std=1.1956 m_kl_max=0.0134 m_ratio_max=0.567 return=-176.3 length=200 success_rate=0.00 collisions/ep=0.00 (n=8)
Evaluation at update 380: return=-174.21, length=200.00, success_rate=0.00, collisions/ep=0.00
Solved-check at update 380: solved=False worst_gap=1192.88 at p_x0=2.00 p_y0=0.00 (consecutive=0)
update=381 global_step=780288 SPS=440 w_ev=0.948 m_ev=0.978 m_v_bias=-1.3 m_adv_std=1.0147 m_kl_max=0.0373 m_ratio_max=1.505 return=-173.2 length=200 success_rate=0.00 collisions/ep=0.00 (n=8)
update=382 global_step=782336 SPS=441 w_ev=0.892 m_ev=0.498 m_v_bias=0.5 m_adv_std=6.3560 m_kl_max=0.0214 m_ratio_max=0.709 return=-170.8 length=200 success_rate=0.00 collisions/ep=0.00 (n=8)
update=383 global_step=784384 SPS=442 w_ev=0.898 m_ev=0.314 m_v_bias=2.1 m_adv_std=13.1377 m_kl_max=0.0270 m_ratio_max=1.203 return=-183.7 length=200 success_rate=0.00 collisions/ep=0.19 (n=16)
update=384 global_step=786432 SPS=443 w_ev=0.930 m_ev=0.846 m_v_bias=-1.5 m_adv_std=2.5956 m_kl_max=0.0241 m_ratio_max=0.642 return=-177.2 length=200 success_rate=0.00 collisions/ep=0.00 (n=8)
update=385 global_step=788480 SPS=444 w_ev=0.918 m_ev=0.444 m_v_bias=1.8 m_adv_std=9.2818 m_kl_max=0.0461 m_ratio_max=1.245 return=-184.7 length=200 success_rate=0.00 collisions/ep=0.25 (n=8)
Evaluation at update 385: return=-173.70, length=200.00, success_rate=0.00, collisions/ep=0.00
Solved-check at update 385: solved=False worst_gap=1192.74 at p_x0=2.00 p_y0=0.50 (consecutive=0)
update=386 global_step=790528 SPS=441 w_ev=0.866 m_ev=0.030 m_v_bias=1.4 m_adv_std=20.3913 m_kl_max=0.0226 m_ratio_max=0.656 return=-190.3 length=200 success_rate=0.00 collisions/ep=0.31 (n=16)
update=387 global_step=792576 SPS=442 w_ev=0.915 m_ev=0.847 m_v_bias=-2.7 m_adv_std=2.8754 m_kl_max=0.0162 m_ratio_max=0.799 return=-170.7 length=200 success_rate=0.00 collisions/ep=0.00 (n=8)
update=388 global_step=794624 SPS=443 w_ev=0.923 m_ev=0.439 m_v_bias=0.2 m_adv_std=6.2809 m_kl_max=0.0199 m_ratio_max=0.898 return=-174.6 length=200 success_rate=0.00 collisions/ep=0.00 (n=8)
update=389 global_step=796672 SPS=444 w_ev=0.917 m_ev=0.164 m_v_bias=2.8 m_adv_std=13.5993 m_kl_max=0.0327 m_ratio_max=1.090 return=-187.2 length=200 success_rate=0.00 collisions/ep=0.25 (n=8)
update=390 global_step=798720 SPS=445 w_ev=0.958 m_ev=0.945 m_v_bias=-2.2 m_adv_std=1.7152 m_kl_max=0.0128 m_ratio_max=0.449 return=-181.9 length=200 success_rate=0.00 collisions/ep=0.19 (n=16)
Evaluation at update 390: return=-173.80, length=200.00, success_rate=0.00, collisions/ep=0.00
Solved-check at update 390: solved=False worst_gap=1192.92 at p_x0=2.00 p_y0=0.00 (consecutive=0)
update=391 global_step=800768 SPS=443 w_ev=0.457 m_ev=0.037 m_v_bias=12.3 m_adv_std=55.6028 m_kl_max=0.0222 m_ratio_max=0.749 return=-238.4 length=200 success_rate=0.00 collisions/ep=1.25 (n=8)
update=392 global_step=802816 SPS=443 w_ev=0.891 m_ev=-0.221 m_v_bias=-4.0 m_adv_std=12.8700 m_kl_max=0.0090 m_ratio_max=0.464 return=-181.3 length=200 success_rate=0.00 collisions/ep=0.12 (n=8)
update=393 global_step=804864 SPS=444 w_ev=0.956 m_ev=0.746 m_v_bias=-5.4 m_adv_std=3.7961 m_kl_max=0.0046 m_ratio_max=0.326 return=-170.8 length=200 success_rate=0.00 collisions/ep=0.00 (n=16)
update=394 global_step=806912 SPS=445 w_ev=0.947 m_ev=0.557 m_v_bias=-0.1 m_adv_std=7.9107 m_kl_max=0.0178 m_ratio_max=0.786 return=-188.6 length=200 success_rate=0.00 collisions/ep=0.25 (n=8)
update=395 global_step=808960 SPS=446 w_ev=0.888 m_ev=0.556 m_v_bias=-1.2 m_adv_std=5.9264 m_kl_max=0.0351 m_ratio_max=1.940 return=-177.0 length=200 success_rate=0.00 collisions/ep=0.12 (n=8)
Evaluation at update 395: return=-174.10, length=200.00, success_rate=0.00, collisions/ep=0.00
Solved-check at update 395: solved=False worst_gap=1193.26 at p_x0=2.00 p_y0=0.00 (consecutive=0)
update=396 global_step=811008 SPS=443 w_ev=0.918 m_ev=0.487 m_v_bias=-0.0 m_adv_std=6.9050 m_kl_max=0.0516 m_ratio_max=2.412 return=-177.0 length=200 success_rate=0.00 collisions/ep=0.00 (n=8)
update=397 global_step=813056 SPS=444 w_ev=0.815 m_ev=0.175 m_v_bias=5.5 m_adv_std=25.4531 m_kl_max=0.0240 m_ratio_max=0.604 return=-187.4 length=200 success_rate=0.00 collisions/ep=0.31 (n=16)
update=398 global_step=815104 SPS=445 w_ev=0.704 m_ev=-0.023 m_v_bias=-2.2 m_adv_std=11.9329 m_kl_max=0.0235 m_ratio_max=0.853 return=-172.8 length=200 success_rate=0.00 collisions/ep=0.00 (n=8)
update=399 global_step=817152 SPS=445 w_ev=0.894 m_ev=0.388 m_v_bias=-3.8 m_adv_std=5.1849 m_kl_max=0.0156 m_ratio_max=0.529 return=-187.6 length=200 success_rate=0.00 collisions/ep=0.25 (n=8)
update=400 global_step=819200 SPS=446 w_ev=0.904 m_ev=0.431 m_v_bias=-0.2 m_adv_std=6.1541 m_kl_max=0.0141 m_ratio_max=0.545 return=-179.2 length=200 success_rate=0.00 collisions/ep=0.06 (n=16)
Evaluation at update 400: return=-173.81, length=200.00, success_rate=0.00, collisions/ep=0.00
Solved-check at update 400: solved=False worst_gap=1193.31 at p_x0=2.00 p_y0=0.50 (consecutive=0)
update=401 global_step=821248 SPS=442 w_ev=0.922 m_ev=0.191 m_v_bias=0.6 m_adv_std=11.5440 m_kl_max=0.0110 m_ratio_max=0.568 return=-174.7 length=200 success_rate=0.00 collisions/ep=0.00 (n=8)
update=402 global_step=823296 SPS=443 w_ev=0.690 m_ev=0.032 m_v_bias=5.8 m_adv_std=30.8474 m_kl_max=0.0355 m_ratio_max=0.941 return=-201.5 length=200 success_rate=0.00 collisions/ep=0.50 (n=8)
update=403 global_step=825344 SPS=443 w_ev=0.871 m_ev=0.714 m_v_bias=-4.0 m_adv_std=3.3310 m_kl_max=0.0320 m_ratio_max=1.537 return=-206.4 length=200 success_rate=0.00 collisions/ep=0.62 (n=8)
update=404 global_step=827392 SPS=444 w_ev=0.962 m_ev=0.511 m_v_bias=-0.2 m_adv_std=7.6118 m_kl_max=0.0175 m_ratio_max=0.580 return=-180.3 length=200 success_rate=0.00 collisions/ep=0.12 (n=16)
update=405 global_step=829440 SPS=445 w_ev=0.941 m_ev=0.960 m_v_bias=-1.5 m_adv_std=1.3892 m_kl_max=0.0228 m_ratio_max=0.981 return=-173.8 length=200 success_rate=0.00 collisions/ep=0.00 (n=8)
Evaluation at update 405: return=-173.89, length=200.00, success_rate=0.00, collisions/ep=0.00
Solved-check at update 405: solved=False worst_gap=1193.45 at p_x0=2.00 p_y0=0.00 (consecutive=0)
update=406 global_step=831488 SPS=442 w_ev=0.916 m_ev=0.978 m_v_bias=-0.6 m_adv_std=0.9042 m_kl_max=0.0269 m_ratio_max=0.972 return=-172.0 length=200 success_rate=0.00 collisions/ep=0.00 (n=8)
update=407 global_step=833536 SPS=443 w_ev=0.949 m_ev=0.811 m_v_bias=-0.2 m_adv_std=3.3703 m_kl_max=0.0364 m_ratio_max=1.104 return=-181.0 length=200 success_rate=0.00 collisions/ep=0.12 (n=8)
update=408 global_step=835584 SPS=443 w_ev=0.916 m_ev=0.224 m_v_bias=4.2 m_adv_std=18.6168 m_kl_max=0.0145 m_ratio_max=0.890 return=-181.7 length=200 success_rate=0.00 collisions/ep=0.19 (n=16)
update=409 global_step=837632 SPS=444 w_ev=0.873 m_ev=0.391 m_v_bias=0.4 m_adv_std=8.9489 m_kl_max=0.0292 m_ratio_max=0.813 return=-189.8 length=200 success_rate=0.00 collisions/ep=0.38 (n=8)
update=410 global_step=839680 SPS=445 w_ev=0.912 m_ev=0.896 m_v_bias=-2.3 m_adv_std=2.2082 m_kl_max=0.0238 m_ratio_max=0.727 return=-175.6 length=200 success_rate=0.00 collisions/ep=0.00 (n=8)
Evaluation at update 410: return=-173.32, length=200.00, success_rate=0.00, collisions/ep=0.00
Solved-check at update 410: solved=False worst_gap=1191.62 at p_x0=2.00 p_y0=0.00 (consecutive=0)
update=411 global_step=841728 SPS=442 w_ev=0.961 m_ev=0.983 m_v_bias=-1.8 m_adv_std=1.0579 m_kl_max=0.0255 m_ratio_max=0.767 return=-172.4 length=200 success_rate=0.00 collisions/ep=0.00 (n=16)
update=412 global_step=843776 SPS=443 w_ev=0.931 m_ev=0.981 m_v_bias=-1.1 m_adv_std=0.9409 m_kl_max=0.0455 m_ratio_max=1.043 return=-173.7 length=200 success_rate=0.00 collisions/ep=0.00 (n=8)
update=413 global_step=845824 SPS=443 w_ev=0.684 m_ev=0.068 m_v_bias=5.3 m_adv_std=30.5437 m_kl_max=0.0268 m_ratio_max=0.975 return=-206.3 length=200 success_rate=0.00 collisions/ep=0.62 (n=8)
update=414 global_step=847872 SPS=444 w_ev=0.926 m_ev=0.485 m_v_bias=-0.9 m_adv_std=6.5517 m_kl_max=0.0243 m_ratio_max=0.832 return=-175.6 length=200 success_rate=0.00 collisions/ep=0.00 (n=8)
update=415 global_step=849920 SPS=445 w_ev=0.962 m_ev=0.679 m_v_bias=-0.9 m_adv_std=6.3450 m_kl_max=0.0412 m_ratio_max=1.068 return=-179.2 length=200 success_rate=0.00 collisions/ep=0.12 (n=16)
Evaluation at update 415: return=-171.97, length=200.00, success_rate=0.00, collisions/ep=0.00
Solved-check at update 415: solved=False worst_gap=1191.51 at p_x0=2.00 p_y0=0.00 (consecutive=0)
update=416 global_step=851968 SPS=442 w_ev=0.215 m_ev=-0.027 m_v_bias=39.5 m_adv_std=104.6099 m_kl_max=0.0228 m_ratio_max=0.981 return=-256.5 length=200 success_rate=0.00 collisions/ep=1.75 (n=8)
update=417 global_step=854016 SPS=443 w_ev=0.420 m_ev=-0.067 m_v_bias=-14.3 m_adv_std=23.6481 m_kl_max=0.0312 m_ratio_max=1.002 return=-333.2 length=200 success_rate=0.00 collisions/ep=3.25 (n=8)
update=418 global_step=856064 SPS=443 w_ev=0.868 m_ev=0.253 m_v_bias=-15.8 m_adv_std=9.3221 m_kl_max=0.0244 m_ratio_max=0.767 return=-187.9 length=200 success_rate=0.00 collisions/ep=0.25 (n=16)
update=419 global_step=858112 SPS=444 w_ev=0.688 m_ev=0.090 m_v_bias=3.9 m_adv_std=37.9670 m_kl_max=0.0268 m_ratio_max=0.783 return=-231.1 length=200 success_rate=0.00 collisions/ep=1.12 (n=8)
update=420 global_step=860160 SPS=445 w_ev=0.708 m_ev=0.120 m_v_bias=0.7 m_adv_std=33.3649 m_kl_max=0.0409 m_ratio_max=0.780 return=-224.5 length=200 success_rate=0.00 collisions/ep=1.00 (n=8)
Evaluation at update 420: return=-172.52, length=200.00, success_rate=0.00, collisions/ep=0.00
Solved-check at update 420: solved=False worst_gap=1192.41 at p_x0=2.00 p_y0=0.50 (consecutive=0)
update=421 global_step=862208 SPS=442 w_ev=0.859 m_ev=0.367 m_v_bias=-8.0 m_adv_std=7.9065 m_kl_max=0.0259 m_ratio_max=1.068 return=-173.6 length=200 success_rate=0.00 collisions/ep=0.00 (n=8)
update=422 global_step=864256 SPS=443 w_ev=0.938 m_ev=0.585 m_v_bias=-4.7 m_adv_std=6.7763 m_kl_max=0.0093 m_ratio_max=0.488 return=-181.2 length=200 success_rate=0.00 collisions/ep=0.12 (n=16)
update=423 global_step=866304 SPS=443 w_ev=0.390 m_ev=-0.027 m_v_bias=5.5 m_adv_std=58.4914 m_kl_max=0.0391 m_ratio_max=1.601 return=-173.5 length=200 success_rate=0.00 collisions/ep=0.00 (n=8)
update=424 global_step=868352 SPS=444 w_ev=0.896 m_ev=0.493 m_v_bias=-7.8 m_adv_std=5.8909 m_kl_max=0.0178 m_ratio_max=0.554 return=-236.4 length=200 success_rate=0.00 collisions/ep=1.25 (n=8)
update=425 global_step=870400 SPS=444 w_ev=0.885 m_ev=0.696 m_v_bias=-3.7 m_adv_std=3.7917 m_kl_max=0.0234 m_ratio_max=0.728 return=-170.3 length=200 success_rate=0.00 collisions/ep=0.00 (n=16)
Evaluation at update 425: return=-172.78, length=200.00, success_rate=0.00, collisions/ep=0.00
Solved-check at update 425: solved=False worst_gap=1193.15 at p_x0=2.00 p_y0=0.50 (consecutive=0)
update=426 global_step=872448 SPS=442 w_ev=0.955 m_ev=0.911 m_v_bias=-1.7 m_adv_std=2.6740 m_kl_max=0.0269 m_ratio_max=0.623 return=-170.2 length=200 success_rate=0.00 collisions/ep=0.00 (n=8)
update=427 global_step=874496 SPS=442 w_ev=0.950 m_ev=0.971 m_v_bias=-1.0 m_adv_std=1.3827 m_kl_max=0.0149 m_ratio_max=0.735 return=-173.4 length=200 success_rate=0.00 collisions/ep=0.00 (n=8)
update=428 global_step=876544 SPS=443 w_ev=0.868 m_ev=0.345 m_v_bias=2.6 m_adv_std=10.1726 m_kl_max=0.0250 m_ratio_max=0.669 return=-178.8 length=200 success_rate=0.00 collisions/ep=0.25 (n=8)
update=429 global_step=878592 SPS=444 w_ev=0.968 m_ev=0.920 m_v_bias=-1.7 m_adv_std=2.4137 m_kl_max=0.0176 m_ratio_max=0.832 return=-176.3 length=200 success_rate=0.00 collisions/ep=0.06 (n=16)
update=430 global_step=880640 SPS=444 w_ev=0.954 m_ev=0.984 m_v_bias=-0.9 m_adv_std=0.9371 m_kl_max=0.0177 m_ratio_max=0.643 return=-172.8 length=200 success_rate=0.00 collisions/ep=0.00 (n=8)
Evaluation at update 430: return=-171.40, length=200.00, success_rate=0.00, collisions/ep=0.00
Solved-check at update 430: solved=False worst_gap=1191.20 at p_x0=2.00 p_y0=0.00 (consecutive=0)
update=431 global_step=882688 SPS=442 w_ev=0.942 m_ev=0.983 m_v_bias=-0.8 m_adv_std=0.9301 m_kl_max=0.0206 m_ratio_max=0.677 return=-169.8 length=200 success_rate=0.00 collisions/ep=0.00 (n=8)
update=432 global_step=884736 SPS=442 w_ev=0.850 m_ev=0.193 m_v_bias=4.5 m_adv_std=14.5454 m_kl_max=0.0139 m_ratio_max=0.661 return=-170.8 length=200 success_rate=0.00 collisions/ep=0.00 (n=8)
update=433 global_step=886784 SPS=443 w_ev=0.971 m_ev=0.544 m_v_bias=0.2 m_adv_std=8.9231 m_kl_max=0.0375 m_ratio_max=0.819 return=-190.7 length=200 success_rate=0.00 collisions/ep=0.38 (n=16)
update=434 global_step=888832 SPS=444 w_ev=0.919 m_ev=0.906 m_v_bias=-2.8 m_adv_std=2.0802 m_kl_max=0.0309 m_ratio_max=1.178 return=-169.2 length=200 success_rate=0.00 collisions/ep=0.00 (n=8)
update=435 global_step=890880 SPS=444 w_ev=0.933 m_ev=0.739 m_v_bias=-1.7 m_adv_std=4.9121 m_kl_max=0.0180 m_ratio_max=0.610 return=-179.0 length=200 success_rate=0.00 collisions/ep=0.12 (n=8)
Evaluation at update 435: return=-170.65, length=200.00, success_rate=0.00, collisions/ep=0.00
Solved-check at update 435: solved=False worst_gap=1190.60 at p_x0=2.00 p_y0=0.50 (consecutive=0)
update=436 global_step=892928 SPS=442 w_ev=0.962 m_ev=0.656 m_v_bias=-0.1 m_adv_std=6.5185 m_kl_max=0.0185 m_ratio_max=0.946 return=-174.8 length=200 success_rate=0.00 collisions/ep=0.06 (n=16)
update=437 global_step=894976 SPS=442 w_ev=0.560 m_ev=0.028 m_v_bias=7.7 m_adv_std=36.1431 m_kl_max=0.0143 m_ratio_max=0.495 return=-190.5 length=200 success_rate=0.00 collisions/ep=0.38 (n=8)
update=438 global_step=897024 SPS=443 w_ev=0.872 m_ev=0.527 m_v_bias=-2.5 m_adv_std=6.2111 m_kl_max=0.0121 m_ratio_max=0.478 return=-218.4 length=200 success_rate=0.00 collisions/ep=0.88 (n=8)
update=439 global_step=899072 SPS=444 w_ev=0.917 m_ev=0.730 m_v_bias=-3.1 m_adv_std=3.8353 m_kl_max=0.0296 m_ratio_max=0.834 return=-175.4 length=200 success_rate=0.00 collisions/ep=0.00 (n=8)
update=440 global_step=901120 SPS=444 w_ev=0.957 m_ev=0.645 m_v_bias=-0.6 m_adv_std=6.6721 m_kl_max=0.0462 m_ratio_max=1.886 return=-174.6 length=200 success_rate=0.00 collisions/ep=0.06 (n=16)
Evaluation at update 440: return=-170.92, length=200.00, success_rate=0.00, collisions/ep=0.00
Solved-check at update 440: solved=False worst_gap=1191.22 at p_x0=2.00 p_y0=0.00 (consecutive=0)
update=441 global_step=903168 SPS=442 w_ev=0.950 m_ev=0.965 m_v_bias=-1.7 m_adv_std=1.3184 m_kl_max=0.0197 m_ratio_max=0.674 return=-170.4 length=200 success_rate=0.00 collisions/ep=0.00 (n=8)
update=442 global_step=905216 SPS=443 w_ev=0.957 m_ev=0.986 m_v_bias=-1.2 m_adv_std=0.8866 m_kl_max=0.0412 m_ratio_max=1.102 return=-172.2 length=200 success_rate=0.00 collisions/ep=0.00 (n=8)
update=443 global_step=907264 SPS=443 w_ev=0.972 m_ev=0.988 m_v_bias=-0.8 m_adv_std=0.8357 m_kl_max=0.0414 m_ratio_max=1.068 return=-168.5 length=200 success_rate=0.00 collisions/ep=0.00 (n=16)
update=444 global_step=909312 SPS=444 w_ev=0.959 m_ev=0.991 m_v_bias=-0.7 m_adv_std=0.9312 m_kl_max=0.0365 m_ratio_max=0.819 return=-166.9 length=200 success_rate=0.00 collisions/ep=0.00 (n=8)
update=445 global_step=911360 SPS=444 w_ev=0.970 m_ev=0.993 m_v_bias=-0.6 m_adv_std=0.6943 m_kl_max=0.0452 m_ratio_max=1.816 return=-167.3 length=200 success_rate=0.00 collisions/ep=0.00 (n=8)
Evaluation at update 445: return=-168.83, length=200.00, success_rate=0.00, collisions/ep=0.00
Solved-check at update 445: solved=False worst_gap=1188.87 at p_x0=2.00 p_y0=0.00 (consecutive=0)
update=446 global_step=913408 SPS=442 w_ev=0.966 m_ev=0.993 m_v_bias=-0.6 m_adv_std=0.6059 m_kl_max=0.0381 m_ratio_max=0.945 return=-163.9 length=200 success_rate=0.00 collisions/ep=0.00 (n=8)
update=447 global_step=915456 SPS=442 w_ev=0.980 m_ev=0.995 m_v_bias=-0.4 m_adv_std=0.7651 m_kl_max=0.0150 m_ratio_max=0.522 return=-168.1 length=200 success_rate=0.00 collisions/ep=0.00 (n=16)
update=448 global_step=917504 SPS=443 w_ev=0.962 m_ev=0.642 m_v_bias=0.4 m_adv_std=5.5381 m_kl_max=0.0841 m_ratio_max=3.470 return=-169.1 length=200 success_rate=0.00 collisions/ep=0.12 (n=8)
update=449 global_step=919552 SPS=444 w_ev=0.799 m_ev=0.096 m_v_bias=9.2 m_adv_std=27.1841 m_kl_max=0.0213 m_ratio_max=0.742 return=-204.0 length=200 success_rate=0.00 collisions/ep=0.75 (n=8)
update=450 global_step=921600 SPS=444 w_ev=0.935 m_ev=0.314 m_v_bias=-0.7 m_adv_std=12.4841 m_kl_max=0.0237 m_ratio_max=0.993 return=-181.2 length=200 success_rate=0.00 collisions/ep=0.25 (n=16)
Evaluation at update 450: return=-167.27, length=200.00, success_rate=0.00, collisions/ep=0.00
Solved-check at update 450: solved=False worst_gap=1187.09 at p_x0=2.00 p_y0=0.50 (consecutive=0)
update=451 global_step=923648 SPS=442 w_ev=0.903 m_ev=0.161 m_v_bias=2.9 m_adv_std=23.9395 m_kl_max=0.0418 m_ratio_max=1.292 return=-198.0 length=200 success_rate=0.00 collisions/ep=0.62 (n=8)
update=452 global_step=925696 SPS=442 w_ev=0.849 m_ev=0.170 m_v_bias=2.3 m_adv_std=19.2870 m_kl_max=0.0180 m_ratio_max=0.592 return=-177.4 length=200 success_rate=0.00 collisions/ep=0.25 (n=8)
update=453 global_step=927744 SPS=443 w_ev=0.945 m_ev=0.826 m_v_bias=-4.8 m_adv_std=3.7321 m_kl_max=0.0094 m_ratio_max=0.598 return=-189.8 length=200 success_rate=0.00 collisions/ep=0.38 (n=8)
update=454 global_step=929792 SPS=444 w_ev=0.969 m_ev=0.692 m_v_bias=-1.8 m_adv_std=7.0409 m_kl_max=0.0163 m_ratio_max=0.688 return=-174.2 length=200 success_rate=0.00 collisions/ep=0.12 (n=16)
update=455 global_step=931840 SPS=444 w_ev=0.921 m_ev=0.256 m_v_bias=0.9 m_adv_std=13.0121 m_kl_max=0.0159 m_ratio_max=0.475 return=-186.3 length=200 success_rate=0.00 collisions/ep=0.38 (n=8)
Evaluation at update 455: return=-168.39, length=200.00, success_rate=0.00, collisions/ep=0.00
Solved-check at update 455: solved=False worst_gap=1188.84 at p_x0=2.00 p_y0=0.00 (consecutive=0)
update=456 global_step=933888 SPS=442 w_ev=0.959 m_ev=0.968 m_v_bias=-2.4 m_adv_std=1.5822 m_kl_max=0.0494 m_ratio_max=1.268 return=-170.6 length=200 success_rate=0.00 collisions/ep=0.00 (n=8)
update=457 global_step=935936 SPS=443 w_ev=0.962 m_ev=0.981 m_v_bias=-1.8 m_adv_std=1.0814 m_kl_max=0.0319 m_ratio_max=0.736 return=-164.5 length=200 success_rate=0.00 collisions/ep=0.00 (n=8)
update=458 global_step=937984 SPS=443 w_ev=0.912 m_ev=0.173 m_v_bias=4.2 m_adv_std=24.3063 m_kl_max=0.0331 m_ratio_max=0.885 return=-180.7 length=200 success_rate=0.00 collisions/ep=0.25 (n=16)
update=459 global_step=940032 SPS=444 w_ev=0.963 m_ev=0.681 m_v_bias=-1.2 m_adv_std=6.5270 m_kl_max=0.0176 m_ratio_max=0.646 return=-170.7 length=200 success_rate=0.00 collisions/ep=0.12 (n=8)
update=460 global_step=942080 SPS=444 w_ev=0.951 m_ev=0.936 m_v_bias=-2.2 m_adv_std=1.9470 m_kl_max=0.0112 m_ratio_max=0.439 return=-162.8 length=200 success_rate=0.00 collisions/ep=0.00 (n=8)
Evaluation at update 460: return=-166.84, length=200.00, success_rate=0.00, collisions/ep=0.00
Solved-check at update 460: solved=False worst_gap=1187.42 at p_x0=2.00 p_y0=0.00 (consecutive=0)
update=461 global_step=944128 SPS=442 w_ev=0.981 m_ev=0.839 m_v_bias=-0.8 m_adv_std=4.4994 m_kl_max=0.0222 m_ratio_max=0.596 return=-171.4 length=200 success_rate=0.00 collisions/ep=0.06 (n=16)
update=462 global_step=946176 SPS=443 w_ev=0.971 m_ev=0.981 m_v_bias=-1.2 m_adv_std=1.2503 m_kl_max=0.0241 m_ratio_max=0.710 return=-167.8 length=200 success_rate=0.00 collisions/ep=0.00 (n=8)
update=463 global_step=948224 SPS=443 w_ev=0.704 m_ev=0.081 m_v_bias=8.0 m_adv_std=37.2865 m_kl_max=0.0277 m_ratio_max=0.873 return=-208.7 length=200 success_rate=0.00 collisions/ep=0.88 (n=8)
update=464 global_step=950272 SPS=444 w_ev=0.506 m_ev=0.046 m_v_bias=14.1 m_adv_std=67.3561 m_kl_max=0.0172 m_ratio_max=0.624 return=-169.6 length=200 success_rate=0.00 collisions/ep=0.00 (n=8)
update=465 global_step=952320 SPS=444 w_ev=0.897 m_ev=0.559 m_v_bias=-4.2 m_adv_std=9.4338 m_kl_max=0.0301 m_ratio_max=0.914 return=-206.3 length=200 success_rate=0.00 collisions/ep=0.75 (n=16)
Evaluation at update 465: return=-165.96, length=200.00, success_rate=0.00, collisions/ep=0.00
Solved-check at update 465: solved=False worst_gap=1186.12 at p_x0=2.00 p_y0=0.00 (consecutive=0)
update=466 global_step=954368 SPS=442 w_ev=0.963 m_ev=0.867 m_v_bias=-4.7 m_adv_std=3.2927 m_kl_max=0.0175 m_ratio_max=0.434 return=-162.1 length=200 success_rate=0.00 collisions/ep=0.00 (n=8)
update=467 global_step=956416 SPS=442 w_ev=0.959 m_ev=0.926 m_v_bias=-3.3 m_adv_std=2.1582 m_kl_max=0.0312 m_ratio_max=0.916 return=-164.7 length=200 success_rate=0.00 collisions/ep=0.00 (n=8)
update=468 global_step=958464 SPS=443 w_ev=0.981 m_ev=0.942 m_v_bias=-2.0 m_adv_std=2.1569 m_kl_max=0.0223 m_ratio_max=0.848 return=-166.1 length=200 success_rate=0.00 collisions/ep=0.00 (n=16)
update=469 global_step=960512 SPS=444 w_ev=0.978 m_ev=0.990 m_v_bias=-1.0 m_adv_std=1.1101 m_kl_max=0.0231 m_ratio_max=0.774 return=-163.1 length=200 success_rate=0.00 collisions/ep=0.00 (n=8)
update=470 global_step=962560 SPS=444 w_ev=0.966 m_ev=0.986 m_v_bias=-0.9 m_adv_std=1.0072 m_kl_max=0.0475 m_ratio_max=0.954 return=-165.3 length=200 success_rate=0.00 collisions/ep=0.00 (n=8)
Evaluation at update 470: return=-164.32, length=200.00, success_rate=0.00, collisions/ep=0.00
Solved-check at update 470: solved=False worst_gap=1184.18 at p_x0=2.00 p_y0=0.50 (consecutive=0)
update=471 global_step=964608 SPS=442 w_ev=0.956 m_ev=0.984 m_v_bias=-0.7 m_adv_std=0.9655 m_kl_max=0.0244 m_ratio_max=0.604 return=-162.9 length=200 success_rate=0.00 collisions/ep=0.00 (n=8)
update=472 global_step=966656 SPS=443 w_ev=0.985 m_ev=0.993 m_v_bias=-0.7 m_adv_std=0.9274 m_kl_max=0.0590 m_ratio_max=2.359 return=-167.2 length=200 success_rate=0.00 collisions/ep=0.00 (n=16)
update=473 global_step=968704 SPS=443 w_ev=0.970 m_ev=0.991 m_v_bias=-0.7 m_adv_std=0.8529 m_kl_max=0.0947 m_ratio_max=3.273 return=-163.2 length=200 success_rate=0.00 collisions/ep=0.00 (n=8)
update=474 global_step=970752 SPS=444 w_ev=0.974 m_ev=0.992 m_v_bias=-0.5 m_adv_std=0.8321 m_kl_max=0.0440 m_ratio_max=0.941 return=-162.5 length=200 success_rate=0.00 collisions/ep=0.00 (n=8)
update=475 global_step=972800 SPS=444 w_ev=0.969 m_ev=0.993 m_v_bias=-0.5 m_adv_std=0.7160 m_kl_max=0.0408 m_ratio_max=1.135 return=-163.5 length=200 success_rate=0.00 collisions/ep=0.00 (n=16)
Evaluation at update 475: return=-161.14, length=200.00, success_rate=0.00, collisions/ep=0.00
Solved-check at update 475: solved=False worst_gap=1180.89 at p_x0=2.00 p_y0=0.00 (consecutive=0)
update=476 global_step=974848 SPS=442 w_ev=0.954 m_ev=0.779 m_v_bias=1.0 m_adv_std=6.6940 m_kl_max=0.0073 m_ratio_max=0.295 return=-166.5 length=200 success_rate=0.00 collisions/ep=0.12 (n=8)
update=477 global_step=976896 SPS=442 w_ev=0.933 m_ev=0.175 m_v_bias=0.3 m_adv_std=19.6017 m_kl_max=0.0069 m_ratio_max=0.517 return=-199.8 length=200 success_rate=0.00 collisions/ep=0.75 (n=8)
update=478 global_step=978944 SPS=443 w_ev=0.966 m_ev=0.978 m_v_bias=-1.1 m_adv_std=1.2426 m_kl_max=0.0236 m_ratio_max=0.613 return=-163.8 length=200 success_rate=0.00 collisions/ep=0.00 (n=8)
update=479 global_step=980992 SPS=444 w_ev=0.988 m_ev=0.995 m_v_bias=-0.8 m_adv_std=0.7893 m_kl_max=0.0470 m_ratio_max=1.218 return=-163.7 length=200 success_rate=0.00 collisions/ep=0.00 (n=16)
update=480 global_step=983040 SPS=444 w_ev=0.956 m_ev=0.433 m_v_bias=1.7 m_adv_std=12.0763 m_kl_max=0.0208 m_ratio_max=0.805 return=-174.4 length=200 success_rate=0.00 collisions/ep=0.25 (n=8)
Evaluation at update 480: return=-159.15, length=200.00, success_rate=0.00, collisions/ep=0.00
Solved-check at update 480: solved=False worst_gap=1178.90 at p_x0=2.00 p_y0=0.50 (consecutive=0)
update=481 global_step=985088 SPS=442 w_ev=0.981 m_ev=0.985 m_v_bias=-1.0 m_adv_std=1.2662 m_kl_max=0.0268 m_ratio_max=0.815 return=-160.3 length=200 success_rate=0.00 collisions/ep=0.00 (n=8)
update=482 global_step=987136 SPS=442 w_ev=0.972 m_ev=0.990 m_v_bias=-1.1 m_adv_std=0.9869 m_kl_max=0.0322 m_ratio_max=0.777 return=-156.9 length=200 success_rate=0.00 collisions/ep=0.00 (n=8)
update=483 global_step=989184 SPS=443 w_ev=0.983 m_ev=0.837 m_v_bias=-0.3 m_adv_std=5.3733 m_kl_max=0.0120 m_ratio_max=0.596 return=-158.3 length=200 success_rate=0.00 collisions/ep=0.00 (n=16)
update=484 global_step=991232 SPS=443 w_ev=0.983 m_ev=0.973 m_v_bias=-0.8 m_adv_std=1.6583 m_kl_max=0.0294 m_ratio_max=0.596 return=-163.7 length=200 success_rate=0.00 collisions/ep=0.12 (n=8)
update=485 global_step=993280 SPS=444 w_ev=0.982 m_ev=0.993 m_v_bias=-0.4 m_adv_std=0.8699 m_kl_max=0.0398 m_ratio_max=0.728 return=-155.8 length=200 success_rate=0.00 collisions/ep=0.00 (n=8)
Evaluation at update 485: return=-156.09, length=200.00, success_rate=0.00, collisions/ep=0.00
Solved-check at update 485: solved=False worst_gap=1175.85 at p_x0=2.00 p_y0=0.50 (consecutive=0)
update=486 global_step=995328 SPS=442 w_ev=0.984 m_ev=0.769 m_v_bias=0.2 m_adv_std=6.0125 m_kl_max=0.0181 m_ratio_max=0.675 return=-157.2 length=200 success_rate=0.00 collisions/ep=0.06 (n=16)
update=487 global_step=997376 SPS=442 w_ev=0.919 m_ev=0.062 m_v_bias=2.6 m_adv_std=22.7717 m_kl_max=0.0143 m_ratio_max=0.538 return=-179.1 length=200 success_rate=0.00 collisions/ep=0.50 (n=8)
update=488 global_step=999424 SPS=443 w_ev=0.852 m_ev=0.019 m_v_bias=3.8 m_adv_std=28.0821 m_kl_max=0.0289 m_ratio_max=0.628 return=-165.2 length=200 success_rate=0.00 collisions/ep=0.25 (n=8)
update=489 global_step=1001472 SPS=443 w_ev=0.975 m_ev=-0.067 m_v_bias=-4.8 m_adv_std=10.6501 m_kl_max=0.0186 m_ratio_max=0.983 return=-200.5 length=200 success_rate=0.00 collisions/ep=0.88 (n=8)
update=490 global_step=1003520 SPS=444 w_ev=0.981 m_ev=0.848 m_v_bias=-0.6 m_adv_std=5.3645 m_kl_max=0.0363 m_ratio_max=1.104 return=-156.5 length=200 success_rate=0.00 collisions/ep=0.06 (n=16)
Evaluation at update 490: return=-154.51, length=200.00, success_rate=0.00, collisions/ep=0.00
Solved-check at update 490: solved=False worst_gap=1174.27 at p_x0=2.00 p_y0=0.50 (consecutive=0)
update=491 global_step=1005568 SPS=441 w_ev=0.962 m_ev=0.227 m_v_bias=1.7 m_adv_std=16.3067 m_kl_max=0.0169 m_ratio_max=0.809 return=-157.1 length=200 success_rate=0.00 collisions/ep=0.00 (n=8)
update=492 global_step=1007616 SPS=442 w_ev=0.761 m_ev=-0.038 m_v_bias=1.5 m_adv_std=34.0458 m_kl_max=0.0213 m_ratio_max=0.739 return=-166.9 length=200 success_rate=0.00 collisions/ep=0.25 (n=8)
update=493 global_step=1009664 SPS=442 w_ev=0.925 m_ev=0.094 m_v_bias=-0.0 m_adv_std=24.0477 m_kl_max=0.0306 m_ratio_max=0.873 return=-191.6 length=200 success_rate=0.00 collisions/ep=0.69 (n=16)
update=494 global_step=1011712 SPS=443 w_ev=0.978 m_ev=0.885 m_v_bias=-4.5 m_adv_std=4.1459 m_kl_max=0.0219 m_ratio_max=0.672 return=-159.0 length=200 success_rate=0.00 collisions/ep=0.00 (n=8)
update=495 global_step=1013760 SPS=444 w_ev=0.982 m_ev=0.965 m_v_bias=-0.9 m_adv_std=1.8874 m_kl_max=0.0209 m_ratio_max=0.607 return=-155.6 length=200 success_rate=0.00 collisions/ep=0.00 (n=8)
Evaluation at update 495: return=-154.56, length=200.00, success_rate=0.00, collisions/ep=0.00
Solved-check at update 495: solved=False worst_gap=1174.32 at p_x0=2.00 p_y0=0.50 (consecutive=0)
update=496 global_step=1015808 SPS=442 w_ev=0.984 m_ev=0.982 m_v_bias=-0.7 m_adv_std=1.3839 m_kl_max=0.0264 m_ratio_max=0.887 return=-153.6 length=200 success_rate=0.00 collisions/ep=0.00 (n=8)
update=497 global_step=1017856 SPS=442 w_ev=0.989 m_ev=0.991 m_v_bias=-0.6 m_adv_std=1.3503 m_kl_max=0.0494 m_ratio_max=0.847 return=-152.5 length=200 success_rate=0.00 collisions/ep=0.00 (n=16)
update=498 global_step=1019904 SPS=443 w_ev=0.976 m_ev=0.981 m_v_bias=-0.4 m_adv_std=1.3923 m_kl_max=0.0315 m_ratio_max=1.561 return=-152.6 length=200 success_rate=0.00 collisions/ep=0.00 (n=8)
update=499 global_step=1021952 SPS=443 w_ev=0.984 m_ev=0.992 m_v_bias=-0.5 m_adv_std=0.9865 m_kl_max=0.0495 m_ratio_max=1.331 return=-157.3 length=200 success_rate=0.00 collisions/ep=0.00 (n=8)
update=500 global_step=1024000 SPS=444 w_ev=0.983 m_ev=0.983 m_v_bias=-0.9 m_adv_std=1.5894 m_kl_max=0.0312 m_ratio_max=0.742 return=-151.1 length=200 success_rate=0.00 collisions/ep=0.00 (n=16)
Evaluation at update 500: return=-150.53, length=200.00, success_rate=0.00, collisions/ep=0.00
Solved-check at update 500: solved=False worst_gap=1170.28 at p_x0=2.00 p_y0=0.50 (consecutive=0)
Saved checkpoints to C:\Users\loren\Desktop\MASTER THESIS\5_CODE\scenarios\slalom\studies\hppo\runs\hppo_slalom_1_1791105461
