Using device: cpu
Solved-check: precomputed optimal returns for 25 fixed initial conditions (mean=1011.8, min=1007.0, max=1014.0); solved-tolerance=5.0
num_envs=8 num_steps_per_env=256 worker_batch_size=2048 worker_minibatch_size=256 num_updates=500 timesteps=1024000
update=1 global_step=2048 SPS=1115 w_ev=0.003 m_ev=0.001 m_v_bias=170.4 m_adv_std=132.5451 m_kl_max=0.0015 m_ratio_max=0.219 return=-708.2 length=200 success_rate=0.00 collisions/ep=10.38 (n=8)
update=2 global_step=4096 SPS=1190 w_ev=0.220 m_ev=-0.209 m_v_bias=47.9 m_adv_std=97.7072 m_kl_max=0.0005 m_ratio_max=0.111 return=-537.1 length=200 success_rate=0.00 collisions/ep=6.50 (n=8)
update=3 global_step=6144 SPS=1215 w_ev=0.457 m_ev=0.143 m_v_bias=-32.5 m_adv_std=43.3945 m_kl_max=0.0003 m_ratio_max=0.082 return=-457.9 length=200 success_rate=0.00 collisions/ep=5.00 (n=8)
update=4 global_step=8192 SPS=1156 w_ev=0.691 m_ev=0.517 m_v_bias=-3.3 m_adv_std=49.1669 m_kl_max=0.0013 m_ratio_max=0.244 return=-290.9 length=200 success_rate=0.00 collisions/ep=2.00 (n=16)
update=5 global_step=10240 SPS=1159 w_ev=-0.145 m_ev=-0.380 m_v_bias=-44.1 m_adv_std=181.9611 m_kl_max=0.0011 m_ratio_max=0.218 w_ax@goal=+0.09 w_v@goal=-5.61 return=-192.8 length=192 success_rate=0.12 collisions/ep=2.62 (n=8)
Evaluation at update 5: return=-220.72, length=200.00, success_rate=0.00, collisions/ep=0.00
Solved-check at update 5: solved=False worst_gap=1240.96 at p_x0=2.00 p_y0=0.50 (consecutive=0)
update=6 global_step=12288 SPS=486 w_ev=-0.399 m_ev=-0.284 m_v_bias=-7.3 m_adv_std=51.3718 m_kl_max=0.0056 m_ratio_max=0.339 return=-265.3 length=200 success_rate=0.00 collisions/ep=1.11 (n=9)
update=7 global_step=14336 SPS=530 w_ev=0.074 m_ev=0.252 m_v_bias=13.7 m_adv_std=67.6241 m_kl_max=0.0020 m_ratio_max=0.227 w_ax@goal=-0.41 w_v@goal=-2.67 return=-305.3 length=200 success_rate=0.00 collisions/ep=2.75 (n=8)
update=8 global_step=16384 SPS=567 w_ev=0.119 m_ev=0.121 m_v_bias=20.8 m_adv_std=133.1833 m_kl_max=0.0042 m_ratio_max=0.397 w_ax@goal=+0.09 w_v@goal=-2.57 return=-320.3 length=200 success_rate=0.07 collisions/ep=4.00 (n=15)
update=9 global_step=18432 SPS=603 w_ev=0.401 m_ev=0.452 m_v_bias=7.7 m_adv_std=71.9601 m_kl_max=0.0104 m_ratio_max=0.465 w_ax@goal=-0.36 w_v@goal=-3.03 return=-386.9 length=200 success_rate=0.00 collisions/ep=4.12 (n=8)
update=10 global_step=20480 SPS=637 w_ev=0.462 m_ev=0.432 m_v_bias=14.1 m_adv_std=100.6732 m_kl_max=0.0077 m_ratio_max=0.352 w_ax@goal=+1.33 w_v@goal=-3.09 return=-422.2 length=200 success_rate=0.00 collisions/ep=5.00 (n=9)
Evaluation at update 10: return=-215.14, length=200.00, success_rate=0.00, collisions/ep=0.00
Solved-check at update 10: solved=False worst_gap=1237.11 at p_x0=2.00 p_y0=0.00 (consecutive=0)
update=11 global_step=22528 SPS=470 w_ev=0.587 m_ev=0.508 m_v_bias=-6.5 m_adv_std=60.4344 m_kl_max=0.0213 m_ratio_max=0.921 return=-315.3 length=200 success_rate=0.00 collisions/ep=2.13 (n=15)
update=12 global_step=24576 SPS=495 w_ev=0.520 m_ev=-0.248 m_v_bias=-8.4 m_adv_std=35.4956 m_kl_max=0.0086 m_ratio_max=0.414 return=-258.2 length=200 success_rate=0.00 collisions/ep=0.75 (n=8)
update=13 global_step=26624 SPS=519 w_ev=0.373 m_ev=0.393 m_v_bias=-3.4 m_adv_std=26.2483 m_kl_max=0.0203 m_ratio_max=0.620 return=-217.5 length=200 success_rate=0.00 collisions/ep=0.00 (n=8)
update=14 global_step=28672 SPS=538 w_ev=0.118 m_ev=-0.224 m_v_bias=0.5 m_adv_std=12.2748 m_kl_max=0.0187 m_ratio_max=0.796 return=-243.8 length=200 success_rate=0.00 collisions/ep=0.44 (n=9)
update=15 global_step=30720 SPS=556 w_ev=0.078 m_ev=0.031 m_v_bias=2.7 m_adv_std=9.5737 m_kl_max=0.0126 m_ratio_max=0.454 return=-226.0 length=200 success_rate=0.00 collisions/ep=0.13 (n=15)
Evaluation at update 15: return=-220.72, length=200.00, success_rate=0.00, collisions/ep=0.00
Solved-check at update 15: solved=False worst_gap=1240.96 at p_x0=2.00 p_y0=0.50 (consecutive=0)
update=16 global_step=32768 SPS=458 w_ev=0.221 m_ev=-1.077 m_v_bias=0.2 m_adv_std=10.0194 m_kl_max=0.0247 m_ratio_max=0.649 return=-216.1 length=200 success_rate=0.00 collisions/ep=0.00 (n=8)
update=17 global_step=34816 SPS=474 w_ev=0.208 m_ev=0.183 m_v_bias=6.8 m_adv_std=24.5108 m_kl_max=0.0269 m_ratio_max=0.867 return=-222.0 length=200 success_rate=0.00 collisions/ep=0.11 (n=9)
update=18 global_step=36864 SPS=490 w_ev=0.116 m_ev=-0.200 m_v_bias=-5.0 m_adv_std=9.0050 m_kl_max=0.0121 m_ratio_max=0.499 return=-236.5 length=200 success_rate=0.00 collisions/ep=0.40 (n=15)
update=19 global_step=38912 SPS=505 w_ev=0.245 m_ev=0.357 m_v_bias=-4.1 m_adv_std=7.7826 m_kl_max=0.0189 m_ratio_max=0.825 return=-210.4 length=200 success_rate=0.00 collisions/ep=0.00 (n=8)
update=20 global_step=40960 SPS=520 w_ev=0.287 m_ev=0.700 m_v_bias=-3.7 m_adv_std=4.6101 m_kl_max=0.0230 m_ratio_max=1.007 return=-211.2 length=200 success_rate=0.00 collisions/ep=0.12 (n=8)
Evaluation at update 20: return=-205.86, length=200.00, success_rate=0.00, collisions/ep=0.00
Solved-check at update 20: solved=False worst_gap=1224.81 at p_x0=2.00 p_y0=0.00 (consecutive=0)
update=21 global_step=43008 SPS=451 w_ev=0.283 m_ev=0.745 m_v_bias=-3.9 m_adv_std=4.5755 m_kl_max=0.0137 m_ratio_max=0.508 return=-197.6 length=200 success_rate=0.00 collisions/ep=0.00 (n=9)
update=22 global_step=45056 SPS=464 w_ev=0.433 m_ev=0.419 m_v_bias=3.9 m_adv_std=22.1086 m_kl_max=0.0063 m_ratio_max=0.462 return=-226.5 length=200 success_rate=0.00 collisions/ep=0.47 (n=15)
update=23 global_step=47104 SPS=477 w_ev=0.578 m_ev=0.302 m_v_bias=11.0 m_adv_std=43.1196 m_kl_max=0.0135 m_ratio_max=0.446 return=-236.3 length=200 success_rate=0.00 collisions/ep=0.88 (n=8)
update=24 global_step=49152 SPS=488 w_ev=0.560 m_ev=0.294 m_v_bias=8.4 m_adv_std=46.2316 m_kl_max=0.0112 m_ratio_max=0.595 return=-314.5 length=200 success_rate=0.00 collisions/ep=2.11 (n=9)
update=25 global_step=51200 SPS=499 w_ev=0.590 m_ev=0.471 m_v_bias=1.9 m_adv_std=25.2589 m_kl_max=0.0225 m_ratio_max=0.768 return=-254.9 length=200 success_rate=0.00 collisions/ep=0.93 (n=15)
Evaluation at update 25: return=-220.73, length=200.00, success_rate=0.00, collisions/ep=0.00
Solved-check at update 25: solved=False worst_gap=1240.97 at p_x0=2.00 p_y0=0.50 (consecutive=0)
update=26 global_step=53248 SPS=450 w_ev=-0.080 m_ev=-0.198 m_v_bias=-5.9 m_adv_std=12.6259 m_kl_max=0.0260 m_ratio_max=0.914 return=-217.9 length=200 success_rate=0.00 collisions/ep=0.00 (n=8)
update=27 global_step=55296 SPS=460 w_ev=0.045 m_ev=0.228 m_v_bias=-4.0 m_adv_std=8.6178 m_kl_max=0.0130 m_ratio_max=0.451 return=-211.8 length=200 success_rate=0.00 collisions/ep=0.00 (n=8)
update=28 global_step=57344 SPS=470 w_ev=0.232 m_ev=0.677 m_v_bias=-2.6 m_adv_std=5.2701 m_kl_max=0.0395 m_ratio_max=1.404 return=-212.9 length=200 success_rate=0.00 collisions/ep=0.00 (n=9)
update=29 global_step=59392 SPS=480 w_ev=0.197 m_ev=0.447 m_v_bias=-1.5 m_adv_std=7.6386 m_kl_max=0.0180 m_ratio_max=0.888 return=-201.4 length=200 success_rate=0.00 collisions/ep=0.07 (n=15)
update=30 global_step=61440 SPS=490 w_ev=0.244 m_ev=0.515 m_v_bias=-0.5 m_adv_std=10.8450 m_kl_max=0.0159 m_ratio_max=0.558 return=-204.4 length=200 success_rate=0.00 collisions/ep=0.38 (n=8)
Evaluation at update 30: return=-188.67, length=200.00, success_rate=0.00, collisions/ep=0.00
Solved-check at update 30: solved=False worst_gap=1208.25 at p_x0=2.00 p_y0=0.00 (consecutive=0)
update=31 global_step=63488 SPS=446 w_ev=0.357 m_ev=0.136 m_v_bias=12.1 m_adv_std=51.8560 m_kl_max=0.0095 m_ratio_max=0.472 return=-236.9 length=200 success_rate=0.00 collisions/ep=0.89 (n=9)
update=32 global_step=65536 SPS=455 w_ev=0.331 m_ev=-0.385 m_v_bias=-8.9 m_adv_std=11.6832 m_kl_max=0.0101 m_ratio_max=0.521 return=-217.6 length=200 success_rate=0.00 collisions/ep=0.50 (n=8)
update=33 global_step=67584 SPS=463 w_ev=0.408 m_ev=0.337 m_v_bias=-1.3 m_adv_std=19.1402 m_kl_max=0.0044 m_ratio_max=0.379 return=-208.4 length=200 success_rate=0.00 collisions/ep=0.27 (n=15)
update=34 global_step=69632 SPS=472 w_ev=0.187 m_ev=0.559 m_v_bias=-2.5 m_adv_std=5.5023 m_kl_max=0.0181 m_ratio_max=0.616 return=-205.9 length=200 success_rate=0.00 collisions/ep=0.00 (n=8)
update=35 global_step=71680 SPS=480 w_ev=0.345 m_ev=0.726 m_v_bias=-1.5 m_adv_std=5.1390 m_kl_max=0.0315 m_ratio_max=0.810 return=-198.0 length=200 success_rate=0.00 collisions/ep=0.00 (n=9)
Evaluation at update 35: return=-187.40, length=200.00, success_rate=0.00, collisions/ep=0.00
Solved-check at update 35: solved=False worst_gap=1207.24 at p_x0=2.00 p_y0=0.00 (consecutive=0)
update=36 global_step=73728 SPS=445 w_ev=0.498 m_ev=0.569 m_v_bias=-0.6 m_adv_std=6.5297 m_kl_max=0.0197 m_ratio_max=1.010 return=-200.7 length=200 success_rate=0.00 collisions/ep=0.13 (n=15)
update=37 global_step=75776 SPS=453 w_ev=0.503 m_ev=0.207 m_v_bias=2.8 m_adv_std=31.5924 m_kl_max=0.0069 m_ratio_max=0.704 return=-222.1 length=200 success_rate=0.00 collisions/ep=0.75 (n=8)
update=38 global_step=77824 SPS=460 w_ev=0.591 m_ev=0.469 m_v_bias=-1.3 m_adv_std=10.6549 m_kl_max=0.0109 m_ratio_max=0.608 return=-198.6 length=200 success_rate=0.00 collisions/ep=0.25 (n=8)
update=39 global_step=79872 SPS=468 w_ev=0.514 m_ev=0.141 m_v_bias=21.9 m_adv_std=70.4149 m_kl_max=0.0159 m_ratio_max=0.600 return=-204.3 length=200 success_rate=0.00 collisions/ep=0.22 (n=9)
update=40 global_step=81920 SPS=475 w_ev=0.704 m_ev=0.230 m_v_bias=-6.7 m_adv_std=18.4456 m_kl_max=0.0087 m_ratio_max=0.492 return=-255.8 length=200 success_rate=0.00 collisions/ep=1.33 (n=15)
Evaluation at update 40: return=-192.27, length=200.00, success_rate=0.00, collisions/ep=0.00
Solved-check at update 40: solved=False worst_gap=1212.00 at p_x0=2.00 p_y0=0.50 (consecutive=0)
update=41 global_step=83968 SPS=445 w_ev=0.329 m_ev=0.606 m_v_bias=-4.2 m_adv_std=7.2820 m_kl_max=0.0052 m_ratio_max=0.306 return=-211.1 length=200 success_rate=0.00 collisions/ep=0.12 (n=8)
update=42 global_step=86016 SPS=452 w_ev=0.250 m_ev=0.699 m_v_bias=-2.1 m_adv_std=4.4984 m_kl_max=0.0288 m_ratio_max=0.785 return=-188.5 length=200 success_rate=0.00 collisions/ep=0.00 (n=9)
update=43 global_step=88064 SPS=459 w_ev=0.452 m_ev=0.223 m_v_bias=15.1 m_adv_std=36.7746 m_kl_max=0.0086 m_ratio_max=0.493 return=-239.4 length=200 success_rate=0.00 collisions/ep=0.93 (n=15)
update=44 global_step=90112 SPS=466 w_ev=0.430 m_ev=0.044 m_v_bias=6.5 m_adv_std=29.6464 m_kl_max=0.0206 m_ratio_max=0.614 return=-221.9 length=200 success_rate=0.00 collisions/ep=0.62 (n=8)
update=45 global_step=92160 SPS=472 w_ev=0.531 m_ev=0.213 m_v_bias=4.9 m_adv_std=38.9103 m_kl_max=0.0110 m_ratio_max=0.536 return=-253.3 length=200 success_rate=0.00 collisions/ep=1.25 (n=8)
Evaluation at update 45: return=-193.03, length=200.00, success_rate=0.00, collisions/ep=0.00
Solved-check at update 45: solved=False worst_gap=1213.13 at p_x0=2.00 p_y0=0.50 (consecutive=0)
update=46 global_step=94208 SPS=443 w_ev=0.295 m_ev=0.401 m_v_bias=-8.4 m_adv_std=12.3199 m_kl_max=0.0141 m_ratio_max=0.536 return=-205.7 length=200 success_rate=0.00 collisions/ep=0.22 (n=9)
update=47 global_step=96256 SPS=449 w_ev=0.349 m_ev=0.708 m_v_bias=-5.4 m_adv_std=4.5986 m_kl_max=0.0171 m_ratio_max=0.568 return=-199.8 length=200 success_rate=0.00 collisions/ep=0.07 (n=15)
update=48 global_step=98304 SPS=455 w_ev=0.437 m_ev=0.234 m_v_bias=8.1 m_adv_std=41.1072 m_kl_max=0.0089 m_ratio_max=0.348 return=-195.9 length=200 success_rate=0.00 collisions/ep=0.00 (n=8)
update=49 global_step=100352 SPS=461 w_ev=0.340 m_ev=0.118 m_v_bias=-2.8 m_adv_std=8.9654 m_kl_max=0.0122 m_ratio_max=0.379 return=-252.3 length=200 success_rate=0.00 collisions/ep=1.00 (n=9)
update=50 global_step=102400 SPS=467 w_ev=0.316 m_ev=0.273 m_v_bias=-1.8 m_adv_std=5.6659 m_kl_max=0.0156 m_ratio_max=0.909 return=-201.5 length=200 success_rate=0.00 collisions/ep=0.00 (n=15)
Evaluation at update 50: return=-197.79, length=200.00, success_rate=0.00, collisions/ep=0.00
Solved-check at update 50: solved=False worst_gap=1217.99 at p_x0=2.00 p_y0=0.00 (consecutive=0)
update=51 global_step=104448 SPS=444 w_ev=0.285 m_ev=0.531 m_v_bias=1.1 m_adv_std=6.6493 m_kl_max=0.0274 m_ratio_max=0.644 return=-206.7 length=200 success_rate=0.00 collisions/ep=0.12 (n=8)
update=52 global_step=106496 SPS=449 w_ev=0.318 m_ev=0.747 m_v_bias=-2.2 m_adv_std=3.0002 m_kl_max=0.0561 m_ratio_max=0.985 return=-193.6 length=200 success_rate=0.00 collisions/ep=0.00 (n=8)
update=53 global_step=108544 SPS=455 w_ev=0.529 m_ev=0.769 m_v_bias=-3.0 m_adv_std=3.8856 m_kl_max=0.0264 m_ratio_max=1.326 return=-189.0 length=200 success_rate=0.00 collisions/ep=0.00 (n=9)
update=54 global_step=110592 SPS=460 w_ev=0.415 m_ev=0.658 m_v_bias=-3.9 m_adv_std=5.2966 m_kl_max=0.0142 m_ratio_max=0.581 return=-189.6 length=200 success_rate=0.00 collisions/ep=0.07 (n=15)
update=55 global_step=112640 SPS=466 w_ev=0.563 m_ev=0.523 m_v_bias=-1.3 m_adv_std=6.5722 m_kl_max=0.0166 m_ratio_max=1.169 return=-191.2 length=200 success_rate=0.00 collisions/ep=0.12 (n=8)
Evaluation at update 55: return=-183.49, length=200.00, success_rate=0.00, collisions/ep=0.00
Solved-check at update 55: solved=False worst_gap=1203.84 at p_x0=2.00 p_y0=0.50 (consecutive=0)
update=56 global_step=114688 SPS=445 w_ev=0.557 m_ev=0.533 m_v_bias=-1.0 m_adv_std=6.2764 m_kl_max=0.0103 m_ratio_max=1.107 return=-192.1 length=200 success_rate=0.00 collisions/ep=0.11 (n=9)
update=57 global_step=116736 SPS=450 w_ev=0.437 m_ev=0.122 m_v_bias=13.5 m_adv_std=43.7120 m_kl_max=0.0183 m_ratio_max=0.630 return=-183.1 length=200 success_rate=0.00 collisions/ep=0.00 (n=8)
update=58 global_step=118784 SPS=454 w_ev=0.437 m_ev=0.042 m_v_bias=-0.9 m_adv_std=9.3061 m_kl_max=0.0211 m_ratio_max=0.632 return=-223.2 length=200 success_rate=0.00 collisions/ep=0.73 (n=15)
update=59 global_step=120832 SPS=459 w_ev=0.514 m_ev=0.530 m_v_bias=-3.4 m_adv_std=3.4733 m_kl_max=0.0260 m_ratio_max=0.808 return=-191.3 length=200 success_rate=0.00 collisions/ep=0.00 (n=8)
update=60 global_step=122880 SPS=464 w_ev=0.452 m_ev=0.743 m_v_bias=-2.6 m_adv_std=2.6657 m_kl_max=0.0291 m_ratio_max=0.828 return=-188.1 length=200 success_rate=0.00 collisions/ep=0.00 (n=9)
Evaluation at update 60: return=-186.52, length=200.00, success_rate=0.00, collisions/ep=0.00
Solved-check at update 60: solved=False worst_gap=1206.73 at p_x0=2.00 p_y0=0.50 (consecutive=0)
update=61 global_step=124928 SPS=445 w_ev=0.528 m_ev=0.844 m_v_bias=-2.6 m_adv_std=2.0799 m_kl_max=0.0312 m_ratio_max=1.070 return=-186.1 length=200 success_rate=0.00 collisions/ep=0.00 (n=15)
update=62 global_step=126976 SPS=449 w_ev=0.534 m_ev=0.398 m_v_bias=1.0 m_adv_std=8.7997 m_kl_max=0.0142 m_ratio_max=0.536 return=-196.3 length=200 success_rate=0.00 collisions/ep=0.25 (n=8)
update=63 global_step=129024 SPS=454 w_ev=0.623 m_ev=0.510 m_v_bias=1.7 m_adv_std=14.2437 m_kl_max=0.0118 m_ratio_max=0.621 return=-205.4 length=200 success_rate=0.00 collisions/ep=0.50 (n=8)
update=64 global_step=131072 SPS=458 w_ev=0.301 m_ev=0.024 m_v_bias=10.4 m_adv_std=44.7614 m_kl_max=0.0167 m_ratio_max=0.616 return=-182.7 length=200 success_rate=0.00 collisions/ep=0.00 (n=9)
update=65 global_step=133120 SPS=463 w_ev=0.607 m_ev=0.274 m_v_bias=-4.2 m_adv_std=11.1344 m_kl_max=0.0167 m_ratio_max=1.002 return=-223.3 length=200 success_rate=0.00 collisions/ep=0.80 (n=15)
Evaluation at update 65: return=-184.44, length=200.00, success_rate=0.00, collisions/ep=0.00
Solved-check at update 65: solved=False worst_gap=1204.78 at p_x0=2.00 p_y0=0.50 (consecutive=0)
update=66 global_step=135168 SPS=446 w_ev=0.445 m_ev=0.138 m_v_bias=12.5 m_adv_std=55.5109 m_kl_max=0.0375 m_ratio_max=0.839 return=-257.8 length=200 success_rate=0.00 collisions/ep=1.50 (n=8)
update=67 global_step=137216 SPS=450 w_ev=0.222 m_ev=-0.476 m_v_bias=-6.2 m_adv_std=13.6223 m_kl_max=0.0089 m_ratio_max=0.602 return=-186.7 length=200 success_rate=0.00 collisions/ep=0.00 (n=9)
update=68 global_step=139264 SPS=454 w_ev=0.506 m_ev=0.421 m_v_bias=-4.1 m_adv_std=4.8039 m_kl_max=0.0102 m_ratio_max=0.709 return=-189.2 length=200 success_rate=0.00 collisions/ep=0.00 (n=15)
update=69 global_step=141312 SPS=458 w_ev=0.392 m_ev=0.748 m_v_bias=-2.0 m_adv_std=2.3438 m_kl_max=0.0297 m_ratio_max=0.772 return=-191.9 length=200 success_rate=0.00 collisions/ep=0.00 (n=8)
update=70 global_step=143360 SPS=462 w_ev=0.471 m_ev=0.840 m_v_bias=-1.3 m_adv_std=2.0187 m_kl_max=0.0373 m_ratio_max=1.030 return=-188.3 length=200 success_rate=0.00 collisions/ep=0.00 (n=8)
Evaluation at update 70: return=-183.82, length=200.00, success_rate=0.00, collisions/ep=0.00
Solved-check at update 70: solved=False worst_gap=1204.25 at p_x0=2.00 p_y0=0.50 (consecutive=0)
update=71 global_step=145408 SPS=444 w_ev=0.499 m_ev=0.385 m_v_bias=0.1 m_adv_std=11.7181 m_kl_max=0.0151 m_ratio_max=0.424 return=-194.3 length=200 success_rate=0.00 collisions/ep=0.22 (n=9)
update=72 global_step=147456 SPS=447 w_ev=0.519 m_ev=0.755 m_v_bias=-0.5 m_adv_std=3.8618 m_kl_max=0.0088 m_ratio_max=0.533 return=-184.0 length=200 success_rate=0.00 collisions/ep=0.00 (n=15)
update=73 global_step=149504 SPS=452 w_ev=0.366 m_ev=0.862 m_v_bias=-1.5 m_adv_std=2.1639 m_kl_max=0.0322 m_ratio_max=1.255 return=-181.1 length=200 success_rate=0.00 collisions/ep=0.00 (n=8)
update=74 global_step=151552 SPS=455 w_ev=0.050 m_ev=-0.028 m_v_bias=10.9 m_adv_std=63.6021 m_kl_max=0.0119 m_ratio_max=0.502 return=-180.7 length=200 success_rate=0.00 collisions/ep=0.00 (n=9)
update=75 global_step=153600 SPS=459 w_ev=0.334 m_ev=0.061 m_v_bias=-3.6 m_adv_std=24.3751 m_kl_max=0.0043 m_ratio_max=0.361 return=-254.5 length=200 success_rate=0.00 collisions/ep=1.40 (n=15)
Evaluation at update 75: return=-184.00, length=200.00, success_rate=0.00, collisions/ep=0.00
Solved-check at update 75: solved=False worst_gap=1204.46 at p_x0=2.00 p_y0=0.50 (consecutive=0)
update=76 global_step=155648 SPS=443 w_ev=0.442 m_ev=0.631 m_v_bias=-4.0 m_adv_std=3.6338 m_kl_max=0.0099 m_ratio_max=0.810 return=-188.4 length=200 success_rate=0.00 collisions/ep=0.00 (n=8)
update=77 global_step=157696 SPS=447 w_ev=0.538 m_ev=0.753 m_v_bias=-2.5 m_adv_std=2.5814 m_kl_max=0.0283 m_ratio_max=0.983 return=-185.1 length=200 success_rate=0.00 collisions/ep=0.00 (n=8)
update=78 global_step=159744 SPS=450 w_ev=0.534 m_ev=0.774 m_v_bias=-1.8 m_adv_std=2.3854 m_kl_max=0.0296 m_ratio_max=0.851 return=-181.6 length=200 success_rate=0.00 collisions/ep=0.00 (n=9)
update=79 global_step=161792 SPS=454 w_ev=0.677 m_ev=0.541 m_v_bias=-1.0 m_adv_std=6.6534 m_kl_max=0.0114 m_ratio_max=0.602 return=-183.5 length=200 success_rate=0.00 collisions/ep=0.07 (n=15)
update=80 global_step=163840 SPS=458 w_ev=0.686 m_ev=0.835 m_v_bias=-1.2 m_adv_std=2.7161 m_kl_max=0.0076 m_ratio_max=0.509 return=-175.9 length=200 success_rate=0.00 collisions/ep=0.00 (n=8)
Evaluation at update 80: return=-180.28, length=200.00, success_rate=0.00, collisions/ep=0.00
Solved-check at update 80: solved=False worst_gap=1200.70 at p_x0=2.00 p_y0=0.50 (consecutive=0)
update=81 global_step=165888 SPS=443 w_ev=0.502 m_ev=0.496 m_v_bias=1.2 m_adv_std=6.7553 m_kl_max=0.0110 m_ratio_max=0.519 return=-184.4 length=200 success_rate=0.00 collisions/ep=0.11 (n=9)
update=82 global_step=167936 SPS=446 w_ev=0.722 m_ev=0.812 m_v_bias=-1.6 m_adv_std=2.8160 m_kl_max=0.0283 m_ratio_max=0.828 return=-180.5 length=200 success_rate=0.00 collisions/ep=0.00 (n=8)
update=83 global_step=169984 SPS=449 w_ev=0.760 m_ev=0.913 m_v_bias=-0.2 m_adv_std=1.6677 m_kl_max=0.0525 m_ratio_max=1.296 return=-180.6 length=200 success_rate=0.00 collisions/ep=0.00 (n=15)
update=84 global_step=172032 SPS=452 w_ev=0.753 m_ev=0.904 m_v_bias=-0.7 m_adv_std=1.8111 m_kl_max=0.0249 m_ratio_max=0.743 return=-181.1 length=200 success_rate=0.00 collisions/ep=0.00 (n=8)
update=85 global_step=174080 SPS=456 w_ev=0.731 m_ev=0.602 m_v_bias=0.3 m_adv_std=5.0746 m_kl_max=0.0208 m_ratio_max=0.670 return=-188.3 length=200 success_rate=0.00 collisions/ep=0.11 (n=9)
Evaluation at update 85: return=-178.41, length=200.00, success_rate=0.00, collisions/ep=0.00
Solved-check at update 85: solved=False worst_gap=1199.15 at p_x0=2.00 p_y0=0.50 (consecutive=0)
update=86 global_step=176128 SPS=443 w_ev=0.754 m_ev=0.255 m_v_bias=0.8 m_adv_std=6.6769 m_kl_max=0.0372 m_ratio_max=1.341 return=-186.2 length=200 success_rate=0.00 collisions/ep=0.07 (n=15)
update=87 global_step=178176 SPS=446 w_ev=0.805 m_ev=0.578 m_v_bias=-0.8 m_adv_std=6.4406 m_kl_max=0.0214 m_ratio_max=1.064 return=-183.4 length=200 success_rate=0.00 collisions/ep=0.12 (n=8)
update=88 global_step=180224 SPS=449 w_ev=0.631 m_ev=0.201 m_v_bias=5.1 m_adv_std=20.4678 m_kl_max=0.0298 m_ratio_max=0.525 return=-197.0 length=200 success_rate=0.00 collisions/ep=0.50 (n=8)
update=89 global_step=182272 SPS=453 w_ev=0.749 m_ev=0.433 m_v_bias=-1.1 m_adv_std=5.3311 m_kl_max=0.0265 m_ratio_max=0.854 return=-188.2 length=200 success_rate=0.00 collisions/ep=0.11 (n=9)
update=90 global_step=184320 SPS=456 w_ev=0.677 m_ev=0.878 m_v_bias=-0.9 m_adv_std=2.0037 m_kl_max=0.0516 m_ratio_max=2.270 return=-179.8 length=200 success_rate=0.00 collisions/ep=0.00 (n=15)
Evaluation at update 90: return=-180.74, length=200.00, success_rate=0.00, collisions/ep=0.00
Solved-check at update 90: solved=False worst_gap=1201.79 at p_x0=2.00 p_y0=0.50 (consecutive=0)
update=91 global_step=186368 SPS=443 w_ev=0.683 m_ev=0.905 m_v_bias=-0.8 m_adv_std=1.5857 m_kl_max=0.0261 m_ratio_max=0.917 return=-180.5 length=200 success_rate=0.00 collisions/ep=0.00 (n=8)
update=92 global_step=188416 SPS=446 w_ev=0.790 m_ev=0.946 m_v_bias=-1.1 m_adv_std=1.4158 m_kl_max=0.0282 m_ratio_max=0.831 return=-179.0 length=200 success_rate=0.00 collisions/ep=0.00 (n=9)
update=93 global_step=190464 SPS=449 w_ev=0.655 m_ev=0.131 m_v_bias=8.1 m_adv_std=27.4735 m_kl_max=0.0261 m_ratio_max=0.902 return=-201.2 length=200 success_rate=0.00 collisions/ep=0.47 (n=15)
update=94 global_step=192512 SPS=452 w_ev=0.749 m_ev=0.484 m_v_bias=-1.6 m_adv_std=6.6090 m_kl_max=0.0143 m_ratio_max=0.777 return=-177.6 length=200 success_rate=0.00 collisions/ep=0.00 (n=8)
update=95 global_step=194560 SPS=455 w_ev=0.690 m_ev=0.206 m_v_bias=5.1 m_adv_std=25.2373 m_kl_max=0.0233 m_ratio_max=0.833 return=-214.5 length=200 success_rate=0.00 collisions/ep=0.75 (n=8)
Evaluation at update 95: return=-181.27, length=200.00, success_rate=0.00, collisions/ep=0.00
Solved-check at update 95: solved=False worst_gap=1202.50 at p_x0=2.00 p_y0=0.00 (consecutive=0)
update=96 global_step=196608 SPS=443 w_ev=0.745 m_ev=0.475 m_v_bias=-1.0 m_adv_std=5.8470 m_kl_max=0.0118 m_ratio_max=0.514 return=-176.0 length=200 success_rate=0.00 collisions/ep=0.00 (n=9)
update=97 global_step=198656 SPS=447 w_ev=0.753 m_ev=0.388 m_v_bias=-1.0 m_adv_std=6.4986 m_kl_max=0.0130 m_ratio_max=0.681 return=-182.0 length=200 success_rate=0.00 collisions/ep=0.07 (n=15)
update=98 global_step=200704 SPS=450 w_ev=0.735 m_ev=0.919 m_v_bias=-2.2 m_adv_std=1.6098 m_kl_max=0.0279 m_ratio_max=1.107 return=-180.6 length=200 success_rate=0.00 collisions/ep=0.00 (n=8)
update=99 global_step=202752 SPS=452 w_ev=0.726 m_ev=0.633 m_v_bias=-0.5 m_adv_std=5.0011 m_kl_max=0.0271 m_ratio_max=0.748 return=-183.4 length=200 success_rate=0.00 collisions/ep=0.11 (n=9)
update=100 global_step=204800 SPS=455 w_ev=0.725 m_ev=0.917 m_v_bias=-1.1 m_adv_std=1.6600 m_kl_max=0.0200 m_ratio_max=0.690 return=-180.0 length=200 success_rate=0.00 collisions/ep=0.00 (n=15)
Evaluation at update 100: return=-177.64, length=200.00, success_rate=0.00, collisions/ep=0.00
Solved-check at update 100: solved=False worst_gap=1198.31 at p_x0=2.00 p_y0=-0.50 (consecutive=0)
update=101 global_step=206848 SPS=444 w_ev=0.546 m_ev=0.134 m_v_bias=9.5 m_adv_std=42.5813 m_kl_max=0.0385 m_ratio_max=0.923 return=-216.9 length=200 success_rate=0.00 collisions/ep=0.88 (n=8)
update=102 global_step=208896 SPS=447 w_ev=0.605 m_ev=0.111 m_v_bias=-1.4 m_adv_std=12.8654 m_kl_max=0.0457 m_ratio_max=0.792 return=-190.0 length=200 success_rate=0.00 collisions/ep=0.25 (n=8)
update=103 global_step=210944 SPS=449 w_ev=0.787 m_ev=0.587 m_v_bias=-1.5 m_adv_std=6.7689 m_kl_max=0.0286 m_ratio_max=0.941 return=-177.5 length=200 success_rate=0.00 collisions/ep=0.00 (n=9)
update=104 global_step=212992 SPS=452 w_ev=0.769 m_ev=0.919 m_v_bias=-1.8 m_adv_std=1.8803 m_kl_max=0.0251 m_ratio_max=0.923 return=-180.9 length=200 success_rate=0.00 collisions/ep=0.07 (n=15)
update=105 global_step=215040 SPS=455 w_ev=0.753 m_ev=0.435 m_v_bias=-0.8 m_adv_std=5.4102 m_kl_max=0.0282 m_ratio_max=0.928 return=-188.4 length=200 success_rate=0.00 collisions/ep=0.12 (n=8)
Evaluation at update 105: return=-179.44, length=200.00, success_rate=0.00, collisions/ep=0.00
Solved-check at update 105: solved=False worst_gap=1200.61 at p_x0=2.00 p_y0=0.00 (consecutive=0)
update=106 global_step=217088 SPS=444 w_ev=0.643 m_ev=0.914 m_v_bias=-1.5 m_adv_std=1.6096 m_kl_max=0.0369 m_ratio_max=1.268 return=-180.1 length=200 success_rate=0.00 collisions/ep=0.00 (n=9)
update=107 global_step=219136 SPS=447 w_ev=0.435 m_ev=0.066 m_v_bias=11.3 m_adv_std=50.7029 m_kl_max=0.0437 m_ratio_max=1.462 return=-235.1 length=200 success_rate=0.00 collisions/ep=1.12 (n=8)
update=108 global_step=221184 SPS=449 w_ev=0.701 m_ev=0.145 m_v_bias=4.1 m_adv_std=17.8802 m_kl_max=0.0144 m_ratio_max=0.626 return=-187.7 length=200 success_rate=0.00 collisions/ep=0.20 (n=15)
update=109 global_step=223232 SPS=451 w_ev=0.719 m_ev=0.141 m_v_bias=-1.5 m_adv_std=13.3555 m_kl_max=0.0255 m_ratio_max=1.246 return=-178.1 length=200 success_rate=0.00 collisions/ep=0.00 (n=8)
update=110 global_step=225280 SPS=454 w_ev=0.788 m_ev=0.479 m_v_bias=-4.3 m_adv_std=6.9971 m_kl_max=0.0454 m_ratio_max=0.957 return=-194.1 length=200 success_rate=0.00 collisions/ep=0.33 (n=9)
Evaluation at update 110: return=-176.84, length=200.00, success_rate=0.00, collisions/ep=0.00
Solved-check at update 110: solved=False worst_gap=1197.54 at p_x0=2.00 p_y0=0.50 (consecutive=0)
update=111 global_step=227328 SPS=444 w_ev=0.811 m_ev=0.831 m_v_bias=-4.1 m_adv_std=2.7578 m_kl_max=0.0164 m_ratio_max=1.088 return=-180.2 length=200 success_rate=0.00 collisions/ep=0.00 (n=15)
update=112 global_step=229376 SPS=446 w_ev=0.775 m_ev=0.925 m_v_bias=-2.1 m_adv_std=1.6844 m_kl_max=0.0375 m_ratio_max=1.236 return=-181.2 length=200 success_rate=0.00 collisions/ep=0.00 (n=8)
update=113 global_step=231424 SPS=449 w_ev=0.770 m_ev=0.226 m_v_bias=4.3 m_adv_std=18.9485 m_kl_max=0.0326 m_ratio_max=0.745 return=-204.9 length=200 success_rate=0.00 collisions/ep=0.50 (n=8)
update=114 global_step=233472 SPS=451 w_ev=0.521 m_ev=0.083 m_v_bias=9.3 m_adv_std=50.0710 m_kl_max=0.0362 m_ratio_max=1.591 return=-252.8 length=200 success_rate=0.00 collisions/ep=1.56 (n=9)
update=115 global_step=235520 SPS=454 w_ev=0.760 m_ev=0.208 m_v_bias=-0.7 m_adv_std=11.7977 m_kl_max=0.0253 m_ratio_max=0.888 return=-184.8 length=200 success_rate=0.00 collisions/ep=0.13 (n=15)
Evaluation at update 115: return=-181.63, length=200.00, success_rate=0.00, collisions/ep=0.00
Solved-check at update 115: solved=False worst_gap=1202.15 at p_x0=2.00 p_y0=0.00 (consecutive=0)
update=116 global_step=237568 SPS=444 w_ev=0.629 m_ev=0.614 m_v_bias=-2.8 m_adv_std=4.0682 m_kl_max=0.0144 m_ratio_max=0.464 return=-181.5 length=200 success_rate=0.00 collisions/ep=0.00 (n=8)
update=117 global_step=239616 SPS=446 w_ev=0.770 m_ev=0.613 m_v_bias=-1.6 m_adv_std=5.3289 m_kl_max=0.0301 m_ratio_max=0.958 return=-183.9 length=200 success_rate=0.00 collisions/ep=0.11 (n=9)
update=118 global_step=241664 SPS=448 w_ev=0.711 m_ev=0.870 m_v_bias=-1.5 m_adv_std=2.2332 m_kl_max=0.0211 m_ratio_max=0.603 return=-179.8 length=200 success_rate=0.00 collisions/ep=0.00 (n=15)
update=119 global_step=243712 SPS=451 w_ev=0.693 m_ev=0.971 m_v_bias=-0.9 m_adv_std=1.0635 m_kl_max=0.0181 m_ratio_max=0.640 return=-180.1 length=200 success_rate=0.00 collisions/ep=0.00 (n=8)
update=120 global_step=245760 SPS=453 w_ev=0.788 m_ev=0.962 m_v_bias=-0.7 m_adv_std=1.1284 m_kl_max=0.0184 m_ratio_max=0.906 return=-177.7 length=200 success_rate=0.00 collisions/ep=0.00 (n=8)
Evaluation at update 120: return=-180.97, length=200.00, success_rate=0.00, collisions/ep=0.00
Solved-check at update 120: solved=False worst_gap=1201.22 at p_x0=2.00 p_y0=0.50 (consecutive=0)
update=121 global_step=247808 SPS=444 w_ev=0.616 m_ev=0.121 m_v_bias=4.9 m_adv_std=24.5004 m_kl_max=0.0327 m_ratio_max=1.532 return=-178.5 length=200 success_rate=0.00 collisions/ep=0.00 (n=9)
update=122 global_step=249856 SPS=446 w_ev=0.737 m_ev=0.747 m_v_bias=-2.7 m_adv_std=3.5237 m_kl_max=0.0127 m_ratio_max=0.539 return=-191.3 length=200 success_rate=0.00 collisions/ep=0.27 (n=15)
update=123 global_step=251904 SPS=448 w_ev=0.686 m_ev=0.398 m_v_bias=-0.1 m_adv_std=6.8578 m_kl_max=0.0301 m_ratio_max=1.404 return=-186.9 length=200 success_rate=0.00 collisions/ep=0.12 (n=8)
update=124 global_step=253952 SPS=450 w_ev=0.646 m_ev=0.286 m_v_bias=0.7 m_adv_std=8.7633 m_kl_max=0.0215 m_ratio_max=0.723 return=-178.7 length=200 success_rate=0.00 collisions/ep=0.00 (n=9)
update=125 global_step=256000 SPS=452 w_ev=0.665 m_ev=0.886 m_v_bias=-2.6 m_adv_std=1.9965 m_kl_max=0.0198 m_ratio_max=0.758 return=-188.9 length=200 success_rate=0.00 collisions/ep=0.13 (n=15)
Evaluation at update 125: return=-180.37, length=200.00, success_rate=0.00, collisions/ep=0.00
Solved-check at update 125: solved=False worst_gap=1200.78 at p_x0=2.00 p_y0=0.50 (consecutive=0)
update=126 global_step=258048 SPS=444 w_ev=0.765 m_ev=0.604 m_v_bias=0.5 m_adv_std=6.1263 m_kl_max=0.0158 m_ratio_max=0.503 return=-187.7 length=200 success_rate=0.00 collisions/ep=0.12 (n=8)
update=127 global_step=260096 SPS=446 w_ev=0.696 m_ev=0.825 m_v_bias=-1.2 m_adv_std=2.4159 m_kl_max=0.0122 m_ratio_max=0.439 return=-178.1 length=200 success_rate=0.00 collisions/ep=0.00 (n=8)
update=128 global_step=262144 SPS=448 w_ev=0.754 m_ev=0.806 m_v_bias=-1.4 m_adv_std=3.2665 m_kl_max=0.0182 m_ratio_max=1.014 return=-183.2 length=200 success_rate=0.00 collisions/ep=0.11 (n=9)
update=129 global_step=264192 SPS=451 w_ev=0.797 m_ev=0.970 m_v_bias=-0.8 m_adv_std=1.2219 m_kl_max=0.0249 m_ratio_max=1.049 return=-179.1 length=200 success_rate=0.00 collisions/ep=0.00 (n=15)
update=130 global_step=266240 SPS=453 w_ev=0.732 m_ev=0.515 m_v_bias=0.8 m_adv_std=6.1825 m_kl_max=0.0161 m_ratio_max=0.604 return=-182.4 length=200 success_rate=0.00 collisions/ep=0.12 (n=8)
Evaluation at update 130: return=-179.59, length=200.00, success_rate=0.00, collisions/ep=0.00
Solved-check at update 130: solved=False worst_gap=1200.36 at p_x0=2.00 p_y0=0.50 (consecutive=0)
update=131 global_step=268288 SPS=444 w_ev=0.752 m_ev=0.919 m_v_bias=-1.3 m_adv_std=1.6297 m_kl_max=0.0148 m_ratio_max=0.609 return=-178.4 length=200 success_rate=0.00 collisions/ep=0.00 (n=9)
update=132 global_step=270336 SPS=446 w_ev=0.677 m_ev=0.974 m_v_bias=-0.8 m_adv_std=0.9681 m_kl_max=0.0339 m_ratio_max=0.648 return=-180.9 length=200 success_rate=0.00 collisions/ep=0.00 (n=8)
update=133 global_step=272384 SPS=448 w_ev=0.773 m_ev=0.980 m_v_bias=-0.8 m_adv_std=0.8893 m_kl_max=0.0449 m_ratio_max=1.302 return=-178.3 length=200 success_rate=0.00 collisions/ep=0.00 (n=15)
update=134 global_step=274432 SPS=450 w_ev=0.726 m_ev=0.477 m_v_bias=0.9 m_adv_std=6.6543 m_kl_max=0.0529 m_ratio_max=2.724 return=-184.8 length=200 success_rate=0.00 collisions/ep=0.12 (n=8)
update=135 global_step=276480 SPS=452 w_ev=0.802 m_ev=0.965 m_v_bias=0.0 m_adv_std=1.2067 m_kl_max=0.0327 m_ratio_max=2.094 return=-177.8 length=200 success_rate=0.00 collisions/ep=0.00 (n=9)
Evaluation at update 135: return=-179.54, length=200.00, success_rate=0.00, collisions/ep=0.00
Solved-check at update 135: solved=False worst_gap=1200.09 at p_x0=2.00 p_y0=0.50 (consecutive=0)
update=136 global_step=278528 SPS=445 w_ev=0.874 m_ev=0.983 m_v_bias=-0.4 m_adv_std=0.8528 m_kl_max=0.0412 m_ratio_max=0.924 return=-177.4 length=200 success_rate=0.00 collisions/ep=0.00 (n=15)
update=137 global_step=280576 SPS=447 w_ev=0.816 m_ev=0.987 m_v_bias=-0.6 m_adv_std=0.7414 m_kl_max=0.0509 m_ratio_max=1.043 return=-179.2 length=200 success_rate=0.00 collisions/ep=0.00 (n=8)
update=138 global_step=282624 SPS=449 w_ev=0.804 m_ev=0.298 m_v_bias=3.6 m_adv_std=10.5503 m_kl_max=0.0225 m_ratio_max=0.683 return=-187.7 length=200 success_rate=0.00 collisions/ep=0.25 (n=8)
update=139 global_step=284672 SPS=451 w_ev=0.741 m_ev=0.487 m_v_bias=-0.7 m_adv_std=6.3595 m_kl_max=0.0140 m_ratio_max=0.744 return=-179.4 length=200 success_rate=0.00 collisions/ep=0.11 (n=9)
update=140 global_step=286720 SPS=453 w_ev=0.837 m_ev=0.975 m_v_bias=-1.6 m_adv_std=1.0841 m_kl_max=0.0388 m_ratio_max=1.129 return=-181.6 length=200 success_rate=0.00 collisions/ep=0.07 (n=15)
Evaluation at update 140: return=-177.38, length=200.00, success_rate=0.00, collisions/ep=0.00
Solved-check at update 140: solved=False worst_gap=1198.35 at p_x0=2.00 p_y0=0.50 (consecutive=0)
update=141 global_step=288768 SPS=445 w_ev=0.820 m_ev=0.986 m_v_bias=-1.0 m_adv_std=0.7578 m_kl_max=0.0481 m_ratio_max=1.726 return=-180.8 length=200 success_rate=0.00 collisions/ep=0.00 (n=8)
update=142 global_step=290816 SPS=447 w_ev=0.770 m_ev=0.428 m_v_bias=0.9 m_adv_std=6.3942 m_kl_max=0.0276 m_ratio_max=1.130 return=-174.7 length=200 success_rate=0.00 collisions/ep=0.00 (n=9)
update=143 global_step=292864 SPS=449 w_ev=0.871 m_ev=0.417 m_v_bias=1.2 m_adv_std=9.2475 m_kl_max=0.0096 m_ratio_max=0.541 return=-191.8 length=200 success_rate=0.00 collisions/ep=0.27 (n=15)
update=144 global_step=294912 SPS=450 w_ev=0.854 m_ev=0.924 m_v_bias=-0.3 m_adv_std=2.0874 m_kl_max=0.0079 m_ratio_max=0.393 return=-177.0 length=200 success_rate=0.00 collisions/ep=0.00 (n=8)
update=145 global_step=296960 SPS=452 w_ev=0.782 m_ev=0.485 m_v_bias=0.4 m_adv_std=6.3452 m_kl_max=0.0277 m_ratio_max=1.047 return=-184.4 length=200 success_rate=0.00 collisions/ep=0.12 (n=8)
Evaluation at update 145: return=-177.62, length=200.00, success_rate=0.00, collisions/ep=0.00
Solved-check at update 145: solved=False worst_gap=1198.25 at p_x0=2.00 p_y0=0.50 (consecutive=0)
update=146 global_step=299008 SPS=444 w_ev=0.820 m_ev=0.554 m_v_bias=0.7 m_adv_std=6.5354 m_kl_max=0.0155 m_ratio_max=0.724 return=-178.1 length=200 success_rate=0.00 collisions/ep=0.00 (n=9)
update=147 global_step=301056 SPS=446 w_ev=0.848 m_ev=0.960 m_v_bias=-1.1 m_adv_std=1.6152 m_kl_max=0.0193 m_ratio_max=0.537 return=-177.4 length=200 success_rate=0.00 collisions/ep=0.07 (n=15)
update=148 global_step=303104 SPS=448 w_ev=0.654 m_ev=0.080 m_v_bias=6.8 m_adv_std=22.3596 m_kl_max=0.0181 m_ratio_max=0.576 return=-207.2 length=200 success_rate=0.00 collisions/ep=0.62 (n=8)
update=149 global_step=305152 SPS=450 w_ev=0.584 m_ev=0.051 m_v_bias=4.0 m_adv_std=27.0730 m_kl_max=0.0343 m_ratio_max=1.607 return=-192.3 length=200 success_rate=0.00 collisions/ep=0.22 (n=9)
update=150 global_step=307200 SPS=452 w_ev=0.759 m_ev=0.489 m_v_bias=-3.0 m_adv_std=6.3137 m_kl_max=0.0098 m_ratio_max=0.707 return=-201.6 length=200 success_rate=0.00 collisions/ep=0.47 (n=15)
Evaluation at update 150: return=-176.56, length=200.00, success_rate=0.00, collisions/ep=0.00
Solved-check at update 150: solved=False worst_gap=1197.76 at p_x0=2.00 p_y0=0.50 (consecutive=0)
update=151 global_step=309248 SPS=445 w_ev=0.845 m_ev=0.939 m_v_bias=-3.1 m_adv_std=1.6602 m_kl_max=0.0225 m_ratio_max=0.603 return=-179.9 length=200 success_rate=0.00 collisions/ep=0.00 (n=8)
update=152 global_step=311296 SPS=447 w_ev=0.720 m_ev=0.955 m_v_bias=-2.4 m_adv_std=1.2977 m_kl_max=0.0331 m_ratio_max=1.399 return=-177.4 length=200 success_rate=0.00 collisions/ep=0.00 (n=8)
update=153 global_step=313344 SPS=448 w_ev=0.852 m_ev=0.982 m_v_bias=-1.1 m_adv_std=0.9298 m_kl_max=0.0970 m_ratio_max=2.215 return=-177.4 length=200 success_rate=0.00 collisions/ep=0.00 (n=9)
update=154 global_step=315392 SPS=450 w_ev=0.847 m_ev=0.267 m_v_bias=1.8 m_adv_std=11.5775 m_kl_max=0.0173 m_ratio_max=0.698 return=-184.1 length=200 success_rate=0.00 collisions/ep=0.20 (n=15)
update=155 global_step=317440 SPS=452 w_ev=0.791 m_ev=0.253 m_v_bias=1.1 m_adv_std=12.2356 m_kl_max=0.0304 m_ratio_max=1.705 return=-185.8 length=200 success_rate=0.00 collisions/ep=0.25 (n=8)
Evaluation at update 155: return=-175.63, length=200.00, success_rate=0.00, collisions/ep=0.00
Solved-check at update 155: solved=False worst_gap=1197.13 at p_x0=2.00 p_y0=0.00 (consecutive=0)
update=156 global_step=319488 SPS=445 w_ev=0.778 m_ev=0.148 m_v_bias=1.1 m_adv_std=12.8739 m_kl_max=0.0147 m_ratio_max=0.963 return=-174.6 length=200 success_rate=0.00 collisions/ep=0.00 (n=9)
update=157 global_step=321536 SPS=447 w_ev=0.756 m_ev=0.368 m_v_bias=-0.6 m_adv_std=9.1000 m_kl_max=0.0100 m_ratio_max=0.553 return=-207.0 length=200 success_rate=0.00 collisions/ep=0.62 (n=8)
update=158 global_step=323584 SPS=449 w_ev=0.906 m_ev=0.354 m_v_bias=0.7 m_adv_std=11.8375 m_kl_max=0.0179 m_ratio_max=0.911 return=-185.4 length=200 success_rate=0.00 collisions/ep=0.20 (n=15)
update=159 global_step=325632 SPS=451 w_ev=0.751 m_ev=0.103 m_v_bias=3.7 m_adv_std=18.4268 m_kl_max=0.0229 m_ratio_max=0.649 return=-191.8 length=200 success_rate=0.00 collisions/ep=0.38 (n=8)
update=160 global_step=327680 SPS=452 w_ev=0.730 m_ev=0.123 m_v_bias=1.5 m_adv_std=25.4186 m_kl_max=0.0116 m_ratio_max=0.638 return=-216.4 length=200 success_rate=0.00 collisions/ep=0.78 (n=9)
Evaluation at update 160: return=-176.05, length=200.00, success_rate=0.00, collisions/ep=0.00
Solved-check at update 160: solved=False worst_gap=1198.12 at p_x0=2.00 p_y0=0.00 (consecutive=0)
update=161 global_step=329728 SPS=445 w_ev=0.851 m_ev=0.535 m_v_bias=-3.0 m_adv_std=5.7498 m_kl_max=0.0161 m_ratio_max=0.638 return=-178.1 length=200 success_rate=0.00 collisions/ep=0.07 (n=15)
update=162 global_step=331776 SPS=447 w_ev=0.777 m_ev=0.518 m_v_bias=-1.9 m_adv_std=5.7491 m_kl_max=0.0057 m_ratio_max=0.364 return=-184.1 length=200 success_rate=0.00 collisions/ep=0.12 (n=8)
update=163 global_step=333824 SPS=448 w_ev=0.572 m_ev=0.117 m_v_bias=0.0 m_adv_std=21.3451 m_kl_max=0.0061 m_ratio_max=0.416 return=-211.1 length=200 success_rate=0.00 collisions/ep=0.62 (n=8)
update=164 global_step=335872 SPS=450 w_ev=0.743 m_ev=0.121 m_v_bias=4.8 m_adv_std=24.1577 m_kl_max=0.0264 m_ratio_max=0.941 return=-175.5 length=200 success_rate=0.00 collisions/ep=0.00 (n=9)
update=165 global_step=337920 SPS=452 w_ev=0.865 m_ev=0.556 m_v_bias=-0.7 m_adv_std=6.5869 m_kl_max=0.0091 m_ratio_max=0.640 return=-196.7 length=200 success_rate=0.00 collisions/ep=0.40 (n=15)
Evaluation at update 165: return=-176.37, length=200.00, success_rate=0.00, collisions/ep=0.00
Solved-check at update 165: solved=False worst_gap=1196.30 at p_x0=2.00 p_y0=0.50 (consecutive=0)
update=166 global_step=339968 SPS=445 w_ev=0.846 m_ev=0.926 m_v_bias=-2.6 m_adv_std=1.7510 m_kl_max=0.0127 m_ratio_max=0.467 return=-175.6 length=200 success_rate=0.00 collisions/ep=0.00 (n=8)
update=167 global_step=342016 SPS=446 w_ev=0.758 m_ev=0.945 m_v_bias=-1.7 m_adv_std=1.4014 m_kl_max=0.0239 m_ratio_max=0.670 return=-173.5 length=200 success_rate=0.00 collisions/ep=0.00 (n=9)
update=168 global_step=344064 SPS=448 w_ev=0.877 m_ev=0.635 m_v_bias=-0.4 m_adv_std=5.5715 m_kl_max=0.0089 m_ratio_max=0.517 return=-179.4 length=200 success_rate=0.00 collisions/ep=0.07 (n=15)
update=169 global_step=346112 SPS=450 w_ev=0.475 m_ev=0.020 m_v_bias=6.9 m_adv_std=41.3324 m_kl_max=0.0427 m_ratio_max=2.044 return=-219.3 length=200 success_rate=0.00 collisions/ep=0.88 (n=8)
update=170 global_step=348160 SPS=452 w_ev=0.719 m_ev=0.304 m_v_bias=-1.7 m_adv_std=7.4470 m_kl_max=0.0171 m_ratio_max=0.810 return=-181.4 length=200 success_rate=0.00 collisions/ep=0.12 (n=8)
Evaluation at update 170: return=-176.76, length=200.00, success_rate=0.00, collisions/ep=0.00
Solved-check at update 170: solved=False worst_gap=1196.57 at p_x0=2.00 p_y0=0.50 (consecutive=0)
update=171 global_step=350208 SPS=444 w_ev=0.770 m_ev=0.874 m_v_bias=-3.0 m_adv_std=2.1908 m_kl_max=0.0150 m_ratio_max=0.651 return=-178.0 length=200 success_rate=0.00 collisions/ep=0.00 (n=9)
update=172 global_step=352256 SPS=446 w_ev=0.874 m_ev=0.962 m_v_bias=-1.7 m_adv_std=1.4392 m_kl_max=0.0305 m_ratio_max=0.966 return=-177.0 length=200 success_rate=0.00 collisions/ep=0.00 (n=15)
update=173 global_step=354304 SPS=447 w_ev=0.803 m_ev=0.557 m_v_bias=0.3 m_adv_std=5.9007 m_kl_max=0.0090 m_ratio_max=0.776 return=-183.6 length=200 success_rate=0.00 collisions/ep=0.12 (n=8)
update=174 global_step=356352 SPS=449 w_ev=0.876 m_ev=0.480 m_v_bias=-0.2 m_adv_std=6.2522 m_kl_max=0.0081 m_ratio_max=0.437 return=-175.2 length=200 success_rate=0.00 collisions/ep=0.00 (n=9)
update=175 global_step=358400 SPS=450 w_ev=0.858 m_ev=0.574 m_v_bias=-0.4 m_adv_std=5.9532 m_kl_max=0.0069 m_ratio_max=0.459 return=-183.6 length=200 success_rate=0.00 collisions/ep=0.13 (n=15)
Evaluation at update 175: return=-176.26, length=200.00, success_rate=0.00, collisions/ep=0.00
Solved-check at update 175: solved=False worst_gap=1195.51 at p_x0=2.00 p_y0=0.50 (consecutive=0)
update=176 global_step=360448 SPS=445 w_ev=0.891 m_ev=0.481 m_v_bias=2.5 m_adv_std=10.4191 m_kl_max=0.0136 m_ratio_max=0.496 return=-188.1 length=200 success_rate=0.00 collisions/ep=0.25 (n=8)
update=177 global_step=362496 SPS=446 w_ev=0.830 m_ev=0.608 m_v_bias=-1.1 m_adv_std=5.3893 m_kl_max=0.0121 m_ratio_max=0.491 return=-176.0 length=200 success_rate=0.00 collisions/ep=0.12 (n=8)
update=178 global_step=364544 SPS=448 w_ev=0.732 m_ev=0.056 m_v_bias=1.6 m_adv_std=17.3521 m_kl_max=0.0145 m_ratio_max=0.677 return=-174.5 length=200 success_rate=0.00 collisions/ep=0.00 (n=9)
update=179 global_step=366592 SPS=450 w_ev=0.909 m_ev=0.849 m_v_bias=-1.7 m_adv_std=2.7317 m_kl_max=0.0374 m_ratio_max=1.142 return=-185.1 length=200 success_rate=0.00 collisions/ep=0.20 (n=15)
update=180 global_step=368640 SPS=451 w_ev=0.604 m_ev=0.061 m_v_bias=8.2 m_adv_std=37.6442 m_kl_max=0.0329 m_ratio_max=1.093 return=-219.0 length=200 success_rate=0.00 collisions/ep=0.88 (n=8)
Evaluation at update 180: return=-175.76, length=200.00, success_rate=0.00, collisions/ep=0.00
Solved-check at update 180: solved=False worst_gap=1197.32 at p_x0=2.00 p_y0=0.50 (consecutive=0)
update=181 global_step=370688 SPS=445 w_ev=0.626 m_ev=0.178 m_v_bias=-1.4 m_adv_std=5.1733 m_kl_max=0.0217 m_ratio_max=0.827 return=-174.8 length=200 success_rate=0.00 collisions/ep=0.00 (n=9)
update=182 global_step=372736 SPS=446 w_ev=0.661 m_ev=0.361 m_v_bias=-0.1 m_adv_std=6.6158 m_kl_max=0.0165 m_ratio_max=0.858 return=-182.6 length=200 success_rate=0.00 collisions/ep=0.00 (n=8)
update=183 global_step=374784 SPS=448 w_ev=0.776 m_ev=0.956 m_v_bias=-1.5 m_adv_std=1.4062 m_kl_max=0.0377 m_ratio_max=2.021 return=-182.1 length=200 success_rate=0.00 collisions/ep=0.07 (n=15)
update=184 global_step=376832 SPS=449 w_ev=0.655 m_ev=0.290 m_v_bias=1.9 m_adv_std=8.6080 m_kl_max=0.0141 m_ratio_max=1.028 return=-184.3 length=200 success_rate=0.00 collisions/ep=0.12 (n=8)
update=185 global_step=378880 SPS=451 w_ev=0.779 m_ev=0.561 m_v_bias=-0.7 m_adv_std=5.8117 m_kl_max=0.0170 m_ratio_max=0.649 return=-187.9 length=200 success_rate=0.00 collisions/ep=0.11 (n=9)
Evaluation at update 185: return=-176.24, length=200.00, success_rate=0.00, collisions/ep=0.00
Solved-check at update 185: solved=False worst_gap=1196.68 at p_x0=2.00 p_y0=0.00 (consecutive=0)
update=186 global_step=380928 SPS=445 w_ev=0.840 m_ev=0.970 m_v_bias=-1.0 m_adv_std=1.2180 m_kl_max=0.0301 m_ratio_max=1.293 return=-182.0 length=200 success_rate=0.00 collisions/ep=0.07 (n=15)
update=187 global_step=382976 SPS=446 w_ev=0.725 m_ev=0.402 m_v_bias=-0.2 m_adv_std=5.1883 m_kl_max=0.0329 m_ratio_max=1.347 return=-179.5 length=200 success_rate=0.00 collisions/ep=0.00 (n=8)
update=188 global_step=385024 SPS=448 w_ev=0.767 m_ev=0.456 m_v_bias=0.2 m_adv_std=6.8945 m_kl_max=0.0111 m_ratio_max=0.644 return=-192.6 length=200 success_rate=0.00 collisions/ep=0.25 (n=8)
update=189 global_step=387072 SPS=449 w_ev=0.783 m_ev=0.263 m_v_bias=0.9 m_adv_std=13.8071 m_kl_max=0.0331 m_ratio_max=0.867 return=-200.7 length=200 success_rate=0.00 collisions/ep=0.44 (n=9)
update=190 global_step=389120 SPS=450 w_ev=0.877 m_ev=0.277 m_v_bias=2.9 m_adv_std=13.1296 m_kl_max=0.0233 m_ratio_max=0.991 return=-179.0 length=200 success_rate=0.00 collisions/ep=0.13 (n=15)
Evaluation at update 190: return=-176.71, length=200.00, success_rate=0.00, collisions/ep=0.00
Solved-check at update 190: solved=False worst_gap=1196.89 at p_x0=2.00 p_y0=0.50 (consecutive=0)
update=191 global_step=391168 SPS=442 w_ev=0.685 m_ev=0.511 m_v_bias=-1.0 m_adv_std=6.3523 m_kl_max=0.0240 m_ratio_max=0.697 return=-190.5 length=200 success_rate=0.00 collisions/ep=0.25 (n=8)
update=192 global_step=393216 SPS=443 w_ev=0.816 m_ev=0.969 m_v_bias=-1.6 m_adv_std=1.1966 m_kl_max=0.0159 m_ratio_max=0.724 return=-175.4 length=200 success_rate=0.00 collisions/ep=0.00 (n=9)
update=193 global_step=395264 SPS=445 w_ev=0.763 m_ev=0.402 m_v_bias=1.8 m_adv_std=8.7887 m_kl_max=0.0091 m_ratio_max=0.711 return=-183.0 length=200 success_rate=0.00 collisions/ep=0.13 (n=15)
update=194 global_step=397312 SPS=446 w_ev=0.742 m_ev=0.177 m_v_bias=1.1 m_adv_std=13.0714 m_kl_max=0.0239 m_ratio_max=0.700 return=-190.0 length=200 success_rate=0.00 collisions/ep=0.12 (n=8)
update=195 global_step=399360 SPS=448 w_ev=0.436 m_ev=0.033 m_v_bias=5.4 m_adv_std=36.3926 m_kl_max=0.0299 m_ratio_max=0.848 return=-229.0 length=200 success_rate=0.00 collisions/ep=1.00 (n=8)
Evaluation at update 195: return=-176.32, length=200.00, success_rate=0.00, collisions/ep=0.00
Solved-check at update 195: solved=False worst_gap=1197.09 at p_x0=2.00 p_y0=0.50 (consecutive=0)
update=196 global_step=401408 SPS=441 w_ev=0.743 m_ev=0.613 m_v_bias=-3.1 m_adv_std=4.3656 m_kl_max=0.0159 m_ratio_max=0.608 return=-179.2 length=200 success_rate=0.00 collisions/ep=0.00 (n=9)
update=197 global_step=403456 SPS=443 w_ev=0.883 m_ev=0.440 m_v_bias=-0.1 m_adv_std=8.7300 m_kl_max=0.0220 m_ratio_max=1.157 return=-182.9 length=200 success_rate=0.00 collisions/ep=0.13 (n=15)
update=198 global_step=405504 SPS=444 w_ev=0.746 m_ev=0.322 m_v_bias=-0.9 m_adv_std=9.8509 m_kl_max=0.0139 m_ratio_max=0.742 return=-190.2 length=200 success_rate=0.00 collisions/ep=0.25 (n=8)
update=199 global_step=407552 SPS=445 w_ev=0.687 m_ev=0.822 m_v_bias=-2.4 m_adv_std=2.4451 m_kl_max=0.0136 m_ratio_max=0.546 return=-177.1 length=200 success_rate=0.00 collisions/ep=0.00 (n=9)
update=200 global_step=409600 SPS=447 w_ev=0.794 m_ev=0.972 m_v_bias=-1.5 m_adv_std=1.1199 m_kl_max=0.0216 m_ratio_max=1.177 return=-177.7 length=200 success_rate=0.00 collisions/ep=0.00 (n=15)
Evaluation at update 200: return=-175.48, length=200.00, success_rate=0.00, collisions/ep=0.00
Solved-check at update 200: solved=False worst_gap=1195.94 at p_x0=2.00 p_y0=0.00 (consecutive=0)
update=201 global_step=411648 SPS=441 w_ev=0.866 m_ev=0.668 m_v_bias=0.7 m_adv_std=6.3493 m_kl_max=0.0251 m_ratio_max=0.622 return=-177.2 length=200 success_rate=0.00 collisions/ep=0.12 (n=8)
update=202 global_step=413696 SPS=443 w_ev=0.786 m_ev=0.931 m_v_bias=-0.7 m_adv_std=1.5896 m_kl_max=0.0281 m_ratio_max=0.898 return=-176.7 length=200 success_rate=0.00 collisions/ep=0.00 (n=8)
update=203 global_step=415744 SPS=444 w_ev=0.812 m_ev=0.241 m_v_bias=1.2 m_adv_std=7.9989 m_kl_max=0.0198 m_ratio_max=1.036 return=-179.6 length=200 success_rate=0.00 collisions/ep=0.00 (n=9)
update=204 global_step=417792 SPS=445 w_ev=0.896 m_ev=0.905 m_v_bias=-1.6 m_adv_std=2.1992 m_kl_max=0.0407 m_ratio_max=0.851 return=-182.6 length=200 success_rate=0.00 collisions/ep=0.13 (n=15)
update=205 global_step=419840 SPS=447 w_ev=0.433 m_ev=0.038 m_v_bias=5.3 m_adv_std=35.0883 m_kl_max=0.0203 m_ratio_max=0.883 return=-211.7 length=200 success_rate=0.00 collisions/ep=0.75 (n=8)
Evaluation at update 205: return=-175.45, length=200.00, success_rate=0.00, collisions/ep=0.00
Solved-check at update 205: solved=False worst_gap=1195.48 at p_x0=2.00 p_y0=0.50 (consecutive=0)
update=206 global_step=421888 SPS=442 w_ev=0.631 m_ev=0.493 m_v_bias=0.3 m_adv_std=6.6296 m_kl_max=0.0071 m_ratio_max=0.354 return=-184.5 length=200 success_rate=0.00 collisions/ep=0.11 (n=9)
update=207 global_step=423936 SPS=443 w_ev=0.713 m_ev=0.037 m_v_bias=3.4 m_adv_std=25.1629 m_kl_max=0.0139 m_ratio_max=0.576 return=-183.3 length=200 success_rate=0.00 collisions/ep=0.12 (n=8)
update=208 global_step=425984 SPS=444 w_ev=0.786 m_ev=0.821 m_v_bias=-4.0 m_adv_std=2.8478 m_kl_max=0.0156 m_ratio_max=1.164 return=-194.1 length=200 success_rate=0.00 collisions/ep=0.27 (n=15)
update=209 global_step=428032 SPS=445 w_ev=0.680 m_ev=0.109 m_v_bias=6.3 m_adv_std=26.9402 m_kl_max=0.0208 m_ratio_max=0.707 return=-221.1 length=200 success_rate=0.00 collisions/ep=0.88 (n=8)
update=210 global_step=430080 SPS=447 w_ev=0.760 m_ev=0.557 m_v_bias=-3.1 m_adv_std=5.4280 m_kl_max=0.0290 m_ratio_max=1.333 return=-177.2 length=200 success_rate=0.00 collisions/ep=0.00 (n=9)
Evaluation at update 210: return=-175.65, length=200.00, success_rate=0.00, collisions/ep=0.00
Solved-check at update 210: solved=False worst_gap=1195.42 at p_x0=2.00 p_y0=0.00 (consecutive=0)
update=211 global_step=432128 SPS=441 w_ev=0.888 m_ev=0.669 m_v_bias=-1.5 m_adv_std=6.3632 m_kl_max=0.0263 m_ratio_max=1.324 return=-174.7 length=200 success_rate=0.00 collisions/ep=0.07 (n=15)
update=212 global_step=434176 SPS=443 w_ev=0.784 m_ev=0.585 m_v_bias=-1.0 m_adv_std=6.0650 m_kl_max=0.0310 m_ratio_max=1.506 return=-178.7 length=200 success_rate=0.00 collisions/ep=0.12 (n=8)
update=213 global_step=436224 SPS=444 w_ev=0.458 m_ev=0.047 m_v_bias=16.0 m_adv_std=58.1487 m_kl_max=0.0187 m_ratio_max=0.965 return=-285.2 length=200 success_rate=0.00 collisions/ep=2.12 (n=8)
update=214 global_step=438272 SPS=445 w_ev=0.707 m_ev=0.185 m_v_bias=-6.2 m_adv_std=7.8578 m_kl_max=0.0149 m_ratio_max=0.642 return=-184.1 length=200 success_rate=0.00 collisions/ep=0.11 (n=9)
update=215 global_step=440320 SPS=446 w_ev=0.851 m_ev=0.331 m_v_bias=-0.8 m_adv_std=13.1867 m_kl_max=0.0169 m_ratio_max=0.716 return=-185.8 length=200 success_rate=0.00 collisions/ep=0.20 (n=15)
Evaluation at update 215: return=-177.10, length=200.00, success_rate=0.00, collisions/ep=0.00
Solved-check at update 215: solved=False worst_gap=1197.65 at p_x0=2.00 p_y0=0.50 (consecutive=0)
update=216 global_step=442368 SPS=441 w_ev=0.799 m_ev=0.549 m_v_bias=-3.6 m_adv_std=6.7498 m_kl_max=0.0158 m_ratio_max=0.565 return=-181.7 length=200 success_rate=0.00 collisions/ep=0.12 (n=8)
update=217 global_step=444416 SPS=442 w_ev=0.826 m_ev=0.727 m_v_bias=-3.1 m_adv_std=4.3001 m_kl_max=0.0192 m_ratio_max=0.765 return=-182.7 length=200 success_rate=0.00 collisions/ep=0.11 (n=9)
update=218 global_step=446464 SPS=444 w_ev=0.759 m_ev=0.135 m_v_bias=5.3 m_adv_std=24.6796 m_kl_max=0.0107 m_ratio_max=0.586 return=-189.1 length=200 success_rate=0.00 collisions/ep=0.33 (n=15)
update=219 global_step=448512 SPS=445 w_ev=0.800 m_ev=-0.006 m_v_bias=4.1 m_adv_std=20.0202 m_kl_max=0.0198 m_ratio_max=0.750 return=-194.5 length=200 success_rate=0.00 collisions/ep=0.38 (n=8)
update=220 global_step=450560 SPS=446 w_ev=0.686 m_ev=0.265 m_v_bias=-3.0 m_adv_std=10.6328 m_kl_max=0.0179 m_ratio_max=0.558 return=-218.6 length=200 success_rate=0.00 collisions/ep=0.88 (n=8)
Evaluation at update 220: return=-175.07, length=200.00, success_rate=0.00, collisions/ep=0.00
Solved-check at update 220: solved=False worst_gap=1196.67 at p_x0=2.00 p_y0=0.00 (consecutive=0)
update=221 global_step=452608 SPS=441 w_ev=0.843 m_ev=0.372 m_v_bias=-1.0 m_adv_std=8.7725 m_kl_max=0.0107 m_ratio_max=0.788 return=-183.7 length=200 success_rate=0.00 collisions/ep=0.11 (n=9)
update=222 global_step=454656 SPS=442 w_ev=0.838 m_ev=0.080 m_v_bias=0.1 m_adv_std=17.3569 m_kl_max=0.0219 m_ratio_max=1.121 return=-195.6 length=200 success_rate=0.00 collisions/ep=0.40 (n=15)
update=223 global_step=456704 SPS=444 w_ev=0.770 m_ev=0.136 m_v_bias=-0.3 m_adv_std=15.7385 m_kl_max=0.0267 m_ratio_max=0.814 return=-192.3 length=200 success_rate=0.00 collisions/ep=0.38 (n=8)
update=224 global_step=458752 SPS=445 w_ev=0.773 m_ev=0.198 m_v_bias=-0.3 m_adv_std=9.0688 m_kl_max=0.0164 m_ratio_max=0.703 return=-182.1 length=200 success_rate=0.00 collisions/ep=0.11 (n=9)
update=225 global_step=460800 SPS=446 w_ev=0.723 m_ev=0.052 m_v_bias=7.7 m_adv_std=28.2578 m_kl_max=0.0295 m_ratio_max=0.617 return=-210.4 length=200 success_rate=0.00 collisions/ep=0.67 (n=15)
Evaluation at update 225: return=-175.12, length=200.00, success_rate=0.00, collisions/ep=0.00
Solved-check at update 225: solved=False worst_gap=1196.66 at p_x0=2.00 p_y0=0.00 (consecutive=0)
update=226 global_step=462848 SPS=442 w_ev=0.709 m_ev=0.171 m_v_bias=4.3 m_adv_std=21.6914 m_kl_max=0.0153 m_ratio_max=0.549 return=-202.8 length=200 success_rate=0.00 collisions/ep=0.50 (n=8)
update=227 global_step=464896 SPS=443 w_ev=0.652 m_ev=0.153 m_v_bias=-4.8 m_adv_std=19.3367 m_kl_max=0.0051 m_ratio_max=0.558 return=-233.9 length=200 success_rate=0.00 collisions/ep=1.12 (n=8)
update=228 global_step=466944 SPS=444 w_ev=0.769 m_ev=0.445 m_v_bias=-3.4 m_adv_std=6.6173 m_kl_max=0.0149 m_ratio_max=0.879 return=-176.7 length=200 success_rate=0.00 collisions/ep=0.00 (n=9)
update=229 global_step=468992 SPS=445 w_ev=0.850 m_ev=0.470 m_v_bias=0.7 m_adv_std=10.3250 m_kl_max=0.0180 m_ratio_max=0.628 return=-190.7 length=200 success_rate=0.00 collisions/ep=0.27 (n=15)
update=230 global_step=471040 SPS=446 w_ev=0.772 m_ev=0.265 m_v_bias=0.1 m_adv_std=12.8846 m_kl_max=0.0264 m_ratio_max=0.721 return=-190.7 length=200 success_rate=0.00 collisions/ep=0.38 (n=8)
Evaluation at update 230: return=-176.97, length=200.00, success_rate=0.00, collisions/ep=0.00
Solved-check at update 230: solved=False worst_gap=1196.80 at p_x0=2.00 p_y0=1.00 (consecutive=0)
update=231 global_step=473088 SPS=442 w_ev=0.792 m_ev=0.890 m_v_bias=-3.6 m_adv_std=2.5536 m_kl_max=0.0177 m_ratio_max=1.050 return=-177.4 length=200 success_rate=0.00 collisions/ep=0.00 (n=9)
update=232 global_step=475136 SPS=443 w_ev=0.679 m_ev=0.945 m_v_bias=-1.9 m_adv_std=1.5032 m_kl_max=0.0999 m_ratio_max=2.713 return=-172.7 length=200 success_rate=0.00 collisions/ep=0.00 (n=8)
update=233 global_step=477184 SPS=444 w_ev=0.892 m_ev=0.665 m_v_bias=0.1 m_adv_std=6.3582 m_kl_max=0.0188 m_ratio_max=0.697 return=-177.9 length=200 success_rate=0.00 collisions/ep=0.00 (n=15)
update=234 global_step=479232 SPS=445 w_ev=0.793 m_ev=0.514 m_v_bias=-0.5 m_adv_std=5.8554 m_kl_max=0.0147 m_ratio_max=0.670 return=-179.2 length=200 success_rate=0.00 collisions/ep=0.12 (n=8)
update=235 global_step=481280 SPS=447 w_ev=0.724 m_ev=0.200 m_v_bias=2.6 m_adv_std=18.5214 m_kl_max=0.0227 m_ratio_max=1.509 return=-200.1 length=200 success_rate=0.00 collisions/ep=0.56 (n=9)
Evaluation at update 235: return=-175.21, length=200.00, success_rate=0.00, collisions/ep=0.00
Solved-check at update 235: solved=False worst_gap=1196.00 at p_x0=2.00 p_y0=1.00 (consecutive=0)
update=236 global_step=483328 SPS=442 w_ev=0.821 m_ev=0.953 m_v_bias=-1.7 m_adv_std=1.7636 m_kl_max=0.0302 m_ratio_max=0.690 return=-174.4 length=200 success_rate=0.00 collisions/ep=0.00 (n=15)
update=237 global_step=485376 SPS=443 w_ev=0.482 m_ev=0.069 m_v_bias=15.2 m_adv_std=48.5944 m_kl_max=0.0215 m_ratio_max=0.945 return=-243.0 length=200 success_rate=0.00 collisions/ep=1.38 (n=8)
update=238 global_step=487424 SPS=444 w_ev=0.738 m_ev=0.147 m_v_bias=-3.1 m_adv_std=11.5657 m_kl_max=0.0121 m_ratio_max=0.608 return=-181.6 length=200 success_rate=0.00 collisions/ep=0.12 (n=8)
update=239 global_step=489472 SPS=445 w_ev=0.821 m_ev=0.857 m_v_bias=-5.5 m_adv_std=3.0793 m_kl_max=0.0086 m_ratio_max=0.380 return=-181.5 length=200 success_rate=0.00 collisions/ep=0.11 (n=9)
update=240 global_step=491520 SPS=447 w_ev=0.838 m_ev=0.693 m_v_bias=-2.0 m_adv_std=6.2222 m_kl_max=0.0143 m_ratio_max=0.566 return=-177.8 length=200 success_rate=0.00 collisions/ep=0.07 (n=15)
Evaluation at update 240: return=-174.72, length=200.00, success_rate=0.00, collisions/ep=0.00
Solved-check at update 240: solved=False worst_gap=1196.12 at p_x0=2.00 p_y0=0.00 (consecutive=0)
update=241 global_step=493568 SPS=442 w_ev=0.441 m_ev=0.067 m_v_bias=3.1 m_adv_std=39.5646 m_kl_max=0.0345 m_ratio_max=0.973 return=-238.6 length=200 success_rate=0.00 collisions/ep=1.25 (n=8)
update=242 global_step=495616 SPS=443 w_ev=0.635 m_ev=0.026 m_v_bias=2.0 m_adv_std=28.6934 m_kl_max=0.0357 m_ratio_max=1.834 return=-176.7 length=200 success_rate=0.00 collisions/ep=0.00 (n=9)
update=243 global_step=497664 SPS=444 w_ev=0.676 m_ev=-0.051 m_v_bias=0.6 m_adv_std=25.3999 m_kl_max=0.0208 m_ratio_max=0.626 return=-215.0 length=200 success_rate=0.00 collisions/ep=0.80 (n=15)
update=244 global_step=499712 SPS=445 w_ev=0.771 m_ev=0.322 m_v_bias=-6.3 m_adv_std=7.0786 m_kl_max=0.0103 m_ratio_max=0.667 return=-178.8 length=200 success_rate=0.00 collisions/ep=0.00 (n=8)
update=245 global_step=501760 SPS=446 w_ev=0.683 m_ev=0.117 m_v_bias=6.4 m_adv_std=25.9207 m_kl_max=0.0226 m_ratio_max=0.844 return=-196.9 length=200 success_rate=0.00 collisions/ep=0.50 (n=8)
Evaluation at update 245: return=-175.71, length=200.00, success_rate=0.00, collisions/ep=0.00
Solved-check at update 245: solved=False worst_gap=1196.00 at p_x0=2.00 p_y0=0.00 (consecutive=0)
update=246 global_step=503808 SPS=442 w_ev=0.744 m_ev=0.352 m_v_bias=-3.0 m_adv_std=7.4879 m_kl_max=0.0136 m_ratio_max=0.492 return=-201.3 length=200 success_rate=0.00 collisions/ep=0.56 (n=9)
update=247 global_step=505856 SPS=442 w_ev=0.793 m_ev=0.901 m_v_bias=-2.9 m_adv_std=2.5403 m_kl_max=0.0261 m_ratio_max=0.964 return=-181.1 length=200 success_rate=0.00 collisions/ep=0.07 (n=15)
update=248 global_step=507904 SPS=443 w_ev=0.745 m_ev=0.525 m_v_bias=0.8 m_adv_std=8.6582 m_kl_max=0.0190 m_ratio_max=0.774 return=-191.8 length=200 success_rate=0.00 collisions/ep=0.25 (n=8)
update=249 global_step=509952 SPS=445 w_ev=0.678 m_ev=0.547 m_v_bias=-0.8 m_adv_std=6.4416 m_kl_max=0.0200 m_ratio_max=0.908 return=-188.4 length=200 success_rate=0.00 collisions/ep=0.22 (n=9)
update=250 global_step=512000 SPS=446 w_ev=0.764 m_ev=0.950 m_v_bias=-1.7 m_adv_std=1.8214 m_kl_max=0.0359 m_ratio_max=0.792 return=-173.7 length=200 success_rate=0.00 collisions/ep=0.00 (n=15)
Evaluation at update 250: return=-174.32, length=200.00, success_rate=0.00, collisions/ep=0.00
Solved-check at update 250: solved=False worst_gap=1194.87 at p_x0=2.00 p_y0=0.00 (consecutive=0)
update=251 global_step=514048 SPS=441 w_ev=0.795 m_ev=0.528 m_v_bias=1.4 m_adv_std=9.1258 m_kl_max=0.0378 m_ratio_max=2.694 return=-190.0 length=200 success_rate=0.00 collisions/ep=0.25 (n=8)
update=252 global_step=516096 SPS=442 w_ev=0.806 m_ev=0.640 m_v_bias=-0.7 m_adv_std=6.2878 m_kl_max=0.0418 m_ratio_max=1.818 return=-181.0 length=200 success_rate=0.00 collisions/ep=0.12 (n=8)
update=253 global_step=518144 SPS=443 w_ev=0.484 m_ev=0.079 m_v_bias=12.2 m_adv_std=38.7295 m_kl_max=0.0133 m_ratio_max=0.747 return=-215.9 length=200 success_rate=0.00 collisions/ep=0.89 (n=9)
update=254 global_step=520192 SPS=444 w_ev=0.772 m_ev=0.121 m_v_bias=-0.3 m_adv_std=20.7614 m_kl_max=0.0142 m_ratio_max=0.668 return=-212.7 length=200 success_rate=0.00 collisions/ep=0.73 (n=15)
update=255 global_step=522240 SPS=445 w_ev=0.788 m_ev=0.797 m_v_bias=-6.7 m_adv_std=3.8742 m_kl_max=0.0228 m_ratio_max=1.047 return=-175.2 length=200 success_rate=0.00 collisions/ep=0.00 (n=8)
Evaluation at update 255: return=-172.36, length=200.00, success_rate=0.00, collisions/ep=0.00
Solved-check at update 255: solved=False worst_gap=1192.47 at p_x0=2.00 p_y0=1.00 (consecutive=0)
update=256 global_step=524288 SPS=440 w_ev=0.614 m_ev=0.106 m_v_bias=8.5 m_adv_std=34.7204 m_kl_max=0.0124 m_ratio_max=0.470 return=-217.4 length=200 success_rate=0.00 collisions/ep=0.89 (n=9)
update=257 global_step=526336 SPS=441 w_ev=0.762 m_ev=0.260 m_v_bias=-0.3 m_adv_std=18.5513 m_kl_max=0.0165 m_ratio_max=1.252 return=-179.0 length=200 success_rate=0.00 collisions/ep=0.12 (n=8)
update=258 global_step=528384 SPS=443 w_ev=0.889 m_ev=0.429 m_v_bias=-2.0 m_adv_std=12.7258 m_kl_max=0.0137 m_ratio_max=0.964 return=-198.6 length=200 success_rate=0.00 collisions/ep=0.53 (n=15)
update=259 global_step=530432 SPS=444 w_ev=0.796 m_ev=0.535 m_v_bias=-3.9 m_adv_std=8.4889 m_kl_max=0.0191 m_ratio_max=0.667 return=-173.0 length=200 success_rate=0.00 collisions/ep=0.12 (n=8)
update=260 global_step=532480 SPS=445 w_ev=0.808 m_ev=0.429 m_v_bias=-1.3 m_adv_std=10.9789 m_kl_max=0.0082 m_ratio_max=0.967 return=-192.0 length=200 success_rate=0.00 collisions/ep=0.44 (n=9)
Evaluation at update 260: return=-172.79, length=200.00, success_rate=0.00, collisions/ep=0.00
Solved-check at update 260: solved=False worst_gap=1194.07 at p_x0=2.00 p_y0=0.50 (consecutive=0)
update=261 global_step=534528 SPS=440 w_ev=0.841 m_ev=0.920 m_v_bias=-3.5 m_adv_std=2.8603 m_kl_max=0.0183 m_ratio_max=0.534 return=-175.0 length=200 success_rate=0.00 collisions/ep=0.00 (n=15)
update=262 global_step=536576 SPS=441 w_ev=0.725 m_ev=0.320 m_v_bias=1.5 m_adv_std=18.4799 m_kl_max=0.0543 m_ratio_max=2.290 return=-199.2 length=200 success_rate=0.00 collisions/ep=0.50 (n=8)
update=263 global_step=538624 SPS=442 w_ev=0.768 m_ev=0.486 m_v_bias=-1.3 m_adv_std=7.7300 m_kl_max=0.0058 m_ratio_max=0.620 return=-172.9 length=200 success_rate=0.00 collisions/ep=0.00 (n=8)
update=264 global_step=540672 SPS=443 w_ev=0.820 m_ev=0.715 m_v_bias=-1.3 m_adv_std=5.7419 m_kl_max=0.0049 m_ratio_max=0.384 return=-178.1 length=200 success_rate=0.00 collisions/ep=0.11 (n=9)
update=265 global_step=542720 SPS=444 w_ev=0.850 m_ev=0.683 m_v_bias=-0.3 m_adv_std=6.7068 m_kl_max=0.0563 m_ratio_max=1.347 return=-175.9 length=200 success_rate=0.00 collisions/ep=0.13 (n=15)
Evaluation at update 265: return=-171.94, length=200.00, success_rate=0.00, collisions/ep=0.00
Solved-check at update 265: solved=False worst_gap=1192.59 at p_x0=2.00 p_y0=1.00 (consecutive=0)
update=266 global_step=544768 SPS=440 w_ev=0.782 m_ev=0.535 m_v_bias=-0.6 m_adv_std=6.8442 m_kl_max=0.0311 m_ratio_max=1.358 return=-180.6 length=200 success_rate=0.00 collisions/ep=0.12 (n=8)
update=267 global_step=546816 SPS=441 w_ev=0.756 m_ev=0.510 m_v_bias=0.4 m_adv_std=8.1522 m_kl_max=0.0157 m_ratio_max=0.699 return=-178.6 length=200 success_rate=0.00 collisions/ep=0.11 (n=9)
update=268 global_step=548864 SPS=442 w_ev=0.794 m_ev=0.429 m_v_bias=-0.1 m_adv_std=12.0059 m_kl_max=0.0179 m_ratio_max=0.712 return=-185.8 length=200 success_rate=0.00 collisions/ep=0.27 (n=15)
update=269 global_step=550912 SPS=443 w_ev=0.801 m_ev=0.591 m_v_bias=-0.1 m_adv_std=8.4469 m_kl_max=0.0260 m_ratio_max=0.730 return=-176.1 length=200 success_rate=0.00 collisions/ep=0.12 (n=8)
update=270 global_step=552960 SPS=444 w_ev=0.785 m_ev=0.568 m_v_bias=0.2 m_adv_std=8.9169 m_kl_max=0.0166 m_ratio_max=0.693 return=-188.1 length=200 success_rate=0.00 collisions/ep=0.38 (n=8)
Evaluation at update 270: return=-170.01, length=200.00, success_rate=0.00, collisions/ep=0.00
Solved-check at update 270: solved=False worst_gap=1190.97 at p_x0=2.00 p_y0=0.50 (consecutive=0)
update=271 global_step=555008 SPS=440 w_ev=0.811 m_ev=0.701 m_v_bias=-0.9 m_adv_std=6.3532 m_kl_max=0.0118 m_ratio_max=0.381 return=-171.6 length=200 success_rate=0.00 collisions/ep=0.11 (n=9)
update=272 global_step=557056 SPS=441 w_ev=0.895 m_ev=0.975 m_v_bias=-1.6 m_adv_std=1.6880 m_kl_max=0.0225 m_ratio_max=0.902 return=-170.0 length=200 success_rate=0.00 collisions/ep=0.07 (n=15)
update=273 global_step=559104 SPS=442 w_ev=0.753 m_ev=0.956 m_v_bias=-2.0 m_adv_std=2.0117 m_kl_max=0.0423 m_ratio_max=1.108 return=-169.0 length=200 success_rate=0.00 collisions/ep=0.00 (n=8)
update=274 global_step=561152 SPS=443 w_ev=0.778 m_ev=0.969 m_v_bias=-0.8 m_adv_std=1.8145 m_kl_max=0.0547 m_ratio_max=1.061 return=-169.4 length=200 success_rate=0.00 collisions/ep=0.00 (n=9)
update=275 global_step=563200 SPS=444 w_ev=0.818 m_ev=0.979 m_v_bias=-1.1 m_adv_std=1.5603 m_kl_max=0.0438 m_ratio_max=0.868 return=-161.5 length=200 success_rate=0.00 collisions/ep=0.00 (n=15)
Evaluation at update 275: return=-164.37, length=200.00, success_rate=0.00, collisions/ep=0.00
Solved-check at update 275: solved=False worst_gap=1185.23 at p_x0=2.00 p_y0=0.50 (consecutive=0)
update=276 global_step=565248 SPS=440 w_ev=0.568 m_ev=0.059 m_v_bias=10.7 m_adv_std=48.7524 m_kl_max=0.0236 m_ratio_max=0.813 return=-229.3 length=200 success_rate=0.00 collisions/ep=1.25 (n=8)
update=277 global_step=567296 SPS=441 w_ev=0.825 m_ev=0.504 m_v_bias=-5.6 m_adv_std=7.4975 m_kl_max=0.0141 m_ratio_max=0.511 return=-168.4 length=200 success_rate=0.00 collisions/ep=0.00 (n=8)
update=278 global_step=569344 SPS=441 w_ev=0.828 m_ev=0.702 m_v_bias=-1.8 m_adv_std=7.0861 m_kl_max=0.0527 m_ratio_max=0.986 return=-166.9 length=200 success_rate=0.00 collisions/ep=0.00 (n=9)
update=279 global_step=571392 SPS=442 w_ev=0.817 m_ev=0.807 m_v_bias=-0.6 m_adv_std=6.5002 m_kl_max=0.0213 m_ratio_max=0.998 return=-169.0 length=200 success_rate=0.00 collisions/ep=0.13 (n=15)
update=280 global_step=573440 SPS=443 w_ev=0.793 m_ev=0.974 m_v_bias=-2.7 m_adv_std=1.9778 m_kl_max=0.0194 m_ratio_max=1.074 return=-156.6 length=200 success_rate=0.00 collisions/ep=0.00 (n=8)
Evaluation at update 280: return=-162.23, length=200.00, success_rate=0.00, collisions/ep=0.00
Solved-check at update 280: solved=False worst_gap=1183.07 at p_x0=2.00 p_y0=0.00 (consecutive=0)
update=281 global_step=575488 SPS=439 w_ev=0.800 m_ev=0.599 m_v_bias=2.1 m_adv_std=10.5264 m_kl_max=0.0206 m_ratio_max=0.676 return=-176.2 length=200 success_rate=0.00 collisions/ep=0.33 (n=9)
update=282 global_step=577536 SPS=440 w_ev=0.577 m_ev=0.117 m_v_bias=10.9 m_adv_std=37.9807 m_kl_max=0.0218 m_ratio_max=0.746 return=-212.3 length=200 success_rate=0.00 collisions/ep=1.00 (n=8)
update=283 global_step=579584 SPS=441 w_ev=0.831 m_ev=0.822 m_v_bias=-6.2 m_adv_std=5.9841 m_kl_max=0.0150 m_ratio_max=0.690 return=-172.4 length=200 success_rate=0.00 collisions/ep=0.13 (n=15)
update=284 global_step=581632 SPS=442 w_ev=0.830 m_ev=0.917 m_v_bias=-4.5 m_adv_std=3.3003 m_kl_max=0.0286 m_ratio_max=0.829 return=-163.3 length=200 success_rate=0.00 collisions/ep=0.00 (n=8)
update=285 global_step=583680 SPS=443 w_ev=0.731 m_ev=0.181 m_v_bias=7.8 m_adv_std=32.3475 m_kl_max=0.0282 m_ratio_max=1.220 return=-189.7 length=200 success_rate=0.00 collisions/ep=0.67 (n=9)
Evaluation at update 285: return=-160.70, length=200.00, success_rate=0.00, collisions/ep=0.00
Solved-check at update 285: solved=False worst_gap=1181.65 at p_x0=2.00 p_y0=0.50 (consecutive=0)
update=286 global_step=585728 SPS=439 w_ev=0.867 m_ev=0.709 m_v_bias=-5.5 m_adv_std=7.4225 m_kl_max=0.0182 m_ratio_max=0.719 return=-179.6 length=200 success_rate=0.00 collisions/ep=0.33 (n=15)
update=287 global_step=587776 SPS=440 w_ev=0.877 m_ev=0.964 m_v_bias=-3.2 m_adv_std=2.4276 m_kl_max=0.0410 m_ratio_max=1.227 return=-160.6 length=200 success_rate=0.00 collisions/ep=0.00 (n=8)
update=288 global_step=589824 SPS=441 w_ev=0.716 m_ev=0.059 m_v_bias=7.6 m_adv_std=42.1403 m_kl_max=0.0138 m_ratio_max=0.682 return=-172.7 length=200 success_rate=0.00 collisions/ep=0.38 (n=8)
update=289 global_step=591872 SPS=442 w_ev=0.631 m_ev=0.079 m_v_bias=11.3 m_adv_std=56.0468 m_kl_max=0.0358 m_ratio_max=1.393 return=-251.8 length=200 success_rate=0.00 collisions/ep=1.78 (n=9)
update=290 global_step=593920 SPS=443 w_ev=0.880 m_ev=0.710 m_v_bias=-7.0 m_adv_std=8.6386 m_kl_max=0.0137 m_ratio_max=0.542 return=-173.1 length=200 success_rate=0.00 collisions/ep=0.27 (n=15)
Evaluation at update 290: return=-160.28, length=200.00, success_rate=0.00, collisions/ep=0.00
Solved-check at update 290: solved=False worst_gap=1179.57 at p_x0=2.00 p_y0=0.00 (consecutive=0)
update=291 global_step=595968 SPS=439 w_ev=0.577 m_ev=0.088 m_v_bias=5.4 m_adv_std=49.8857 m_kl_max=0.0227 m_ratio_max=1.179 return=-211.2 length=200 success_rate=0.00 collisions/ep=1.00 (n=8)
update=292 global_step=598016 SPS=440 w_ev=0.804 m_ev=0.592 m_v_bias=-4.9 m_adv_std=9.4221 m_kl_max=0.0333 m_ratio_max=1.754 return=-164.8 length=200 success_rate=0.00 collisions/ep=0.00 (n=9)
update=293 global_step=600064 SPS=441 w_ev=0.865 m_ev=0.932 m_v_bias=-5.6 m_adv_std=3.2063 m_kl_max=0.0354 m_ratio_max=1.064 return=-168.6 length=200 success_rate=0.00 collisions/ep=0.13 (n=15)
update=294 global_step=602112 SPS=442 w_ev=0.813 m_ev=0.722 m_v_bias=-0.7 m_adv_std=8.8117 m_kl_max=0.0136 m_ratio_max=0.599 return=-172.0 length=200 success_rate=0.00 collisions/ep=0.25 (n=8)
update=295 global_step=604160 SPS=443 w_ev=0.843 m_ev=0.308 m_v_bias=-0.3 m_adv_std=17.0050 m_kl_max=0.0264 m_ratio_max=0.595 return=-162.7 length=200 success_rate=0.00 collisions/ep=0.00 (n=8)
Evaluation at update 295: return=-159.83, length=200.00, success_rate=0.00, collisions/ep=0.00
Solved-check at update 295: solved=False worst_gap=1179.43 at p_x0=2.00 p_y0=0.50 (consecutive=0)
update=296 global_step=606208 SPS=439 w_ev=0.876 m_ev=0.221 m_v_bias=2.5 m_adv_std=24.7744 m_kl_max=0.0267 m_ratio_max=1.240 return=-190.4 length=200 success_rate=0.00 collisions/ep=0.78 (n=9)
update=297 global_step=608256 SPS=440 w_ev=0.882 m_ev=0.947 m_v_bias=-3.5 m_adv_std=3.0859 m_kl_max=0.0217 m_ratio_max=1.172 return=-155.5 length=200 success_rate=0.00 collisions/ep=0.00 (n=15)
update=298 global_step=610304 SPS=441 w_ev=0.843 m_ev=0.533 m_v_bias=0.0 m_adv_std=12.4846 m_kl_max=0.0102 m_ratio_max=0.454 return=-184.4 length=200 success_rate=0.00 collisions/ep=0.50 (n=8)
update=299 global_step=612352 SPS=442 w_ev=0.879 m_ev=0.928 m_v_bias=-2.1 m_adv_std=3.1260 m_kl_max=0.0173 m_ratio_max=0.558 return=-157.2 length=200 success_rate=0.00 collisions/ep=0.00 (n=9)
update=300 global_step=614400 SPS=443 w_ev=0.881 m_ev=0.523 m_v_bias=1.0 m_adv_std=11.8263 m_kl_max=0.0085 m_ratio_max=0.342 return=-162.9 length=200 success_rate=0.00 collisions/ep=0.13 (n=15)
Evaluation at update 300: return=-159.30, length=200.00, success_rate=0.00, collisions/ep=0.00
Solved-check at update 300: solved=False worst_gap=1179.53 at p_x0=2.00 p_y0=0.50 (consecutive=0)
update=301 global_step=616448 SPS=439 w_ev=0.908 m_ev=0.711 m_v_bias=0.5 m_adv_std=8.5778 m_kl_max=0.0202 m_ratio_max=0.582 return=-164.8 length=200 success_rate=0.00 collisions/ep=0.12 (n=8)
update=302 global_step=618496 SPS=440 w_ev=0.893 m_ev=0.799 m_v_bias=-1.0 m_adv_std=6.2414 m_kl_max=0.0238 m_ratio_max=0.593 return=-169.0 length=200 success_rate=0.00 collisions/ep=0.12 (n=8)
update=303 global_step=620544 SPS=441 w_ev=0.794 m_ev=0.234 m_v_bias=1.6 m_adv_std=16.8939 m_kl_max=0.0105 m_ratio_max=0.514 return=-183.7 length=200 success_rate=0.00 collisions/ep=0.44 (n=9)
update=304 global_step=622592 SPS=442 w_ev=0.874 m_ev=0.190 m_v_bias=3.3 m_adv_std=25.6509 m_kl_max=0.0248 m_ratio_max=1.107 return=-184.0 length=200 success_rate=0.00 collisions/ep=0.47 (n=15)
update=305 global_step=624640 SPS=443 w_ev=0.890 m_ev=0.422 m_v_bias=-0.2 m_adv_std=13.8765 m_kl_max=0.0339 m_ratio_max=0.732 return=-173.8 length=200 success_rate=0.00 collisions/ep=0.25 (n=8)
Evaluation at update 305: return=-157.67, length=200.00, success_rate=0.00, collisions/ep=0.00
Solved-check at update 305: solved=False worst_gap=1179.52 at p_x0=2.00 p_y0=0.50 (consecutive=0)
update=306 global_step=626688 SPS=439 w_ev=0.859 m_ev=0.769 m_v_bias=-3.4 m_adv_std=6.7253 m_kl_max=0.0113 m_ratio_max=0.944 return=-176.4 length=200 success_rate=0.00 collisions/ep=0.33 (n=9)
update=307 global_step=628736 SPS=440 w_ev=0.887 m_ev=0.458 m_v_bias=1.1 m_adv_std=13.6432 m_kl_max=0.0118 m_ratio_max=0.396 return=-166.1 length=200 success_rate=0.00 collisions/ep=0.12 (n=8)
update=308 global_step=630784 SPS=441 w_ev=0.927 m_ev=0.959 m_v_bias=-3.2 m_adv_std=2.7561 m_kl_max=0.0236 m_ratio_max=0.918 return=-164.4 length=200 success_rate=0.00 collisions/ep=0.13 (n=15)
update=309 global_step=632832 SPS=442 w_ev=0.899 m_ev=0.645 m_v_bias=0.1 m_adv_std=8.7723 m_kl_max=0.0240 m_ratio_max=0.638 return=-160.1 length=200 success_rate=0.00 collisions/ep=0.12 (n=8)
update=310 global_step=634880 SPS=443 w_ev=0.884 m_ev=0.724 m_v_bias=0.2 m_adv_std=8.3558 m_kl_max=0.0123 m_ratio_max=0.446 return=-175.1 length=200 success_rate=0.00 collisions/ep=0.33 (n=9)
Evaluation at update 310: return=-157.48, length=200.00, success_rate=0.00, collisions/ep=0.00
Solved-check at update 310: solved=False worst_gap=1176.81 at p_x0=2.00 p_y0=0.00 (consecutive=0)
update=311 global_step=636928 SPS=439 w_ev=0.958 m_ev=0.973 m_v_bias=-1.5 m_adv_std=2.3033 m_kl_max=0.0438 m_ratio_max=2.039 return=-156.1 length=200 success_rate=0.00 collisions/ep=0.00 (n=15)
update=312 global_step=638976 SPS=440 w_ev=0.929 m_ev=0.985 m_v_bias=-1.4 m_adv_std=1.6908 m_kl_max=0.0121 m_ratio_max=0.532 return=-149.7 length=200 success_rate=0.00 collisions/ep=0.00 (n=8)
update=313 global_step=641024 SPS=441 w_ev=0.914 m_ev=0.713 m_v_bias=0.4 m_adv_std=7.6895 m_kl_max=0.0196 m_ratio_max=0.560 return=-157.9 length=200 success_rate=0.00 collisions/ep=0.12 (n=8)
update=314 global_step=643072 SPS=442 w_ev=0.904 m_ev=0.818 m_v_bias=-0.4 m_adv_std=6.1385 m_kl_max=0.0117 m_ratio_max=0.638 return=-169.7 length=200 success_rate=0.00 collisions/ep=0.22 (n=9)
update=315 global_step=645120 SPS=443 w_ev=0.590 m_ev=-0.022 m_v_bias=17.3 m_adv_std=75.9800 m_kl_max=0.0215 m_ratio_max=0.599 return=-215.0 length=200 success_rate=0.00 collisions/ep=1.27 (n=15)
Evaluation at update 315: return=-156.57, length=200.00, success_rate=0.00, collisions/ep=0.00
Solved-check at update 315: solved=False worst_gap=1176.17 at p_x0=2.00 p_y0=0.00 (consecutive=0)
update=316 global_step=647168 SPS=439 w_ev=0.870 m_ev=-0.172 m_v_bias=-7.3 m_adv_std=15.5813 m_kl_max=0.0155 m_ratio_max=0.589 return=-163.5 length=200 success_rate=0.00 collisions/ep=0.12 (n=8)
update=317 global_step=649216 SPS=440 w_ev=0.921 m_ev=0.816 m_v_bias=-2.9 m_adv_std=6.1732 m_kl_max=0.0041 m_ratio_max=0.303 return=-156.9 length=200 success_rate=0.00 collisions/ep=0.11 (n=9)
update=318 global_step=651264 SPS=441 w_ev=0.951 m_ev=0.816 m_v_bias=-0.3 m_adv_std=6.5025 m_kl_max=0.0217 m_ratio_max=0.881 return=-156.8 length=200 success_rate=0.00 collisions/ep=0.07 (n=15)
update=319 global_step=653312 SPS=441 w_ev=0.954 m_ev=0.701 m_v_bias=2.3 m_adv_std=10.6327 m_kl_max=0.0271 m_ratio_max=0.663 return=-174.3 length=200 success_rate=0.00 collisions/ep=0.38 (n=8)
update=320 global_step=655360 SPS=442 w_ev=0.938 m_ev=0.916 m_v_bias=-2.8 m_adv_std=3.5674 m_kl_max=0.0203 m_ratio_max=0.634 return=-156.9 length=200 success_rate=0.00 collisions/ep=0.00 (n=8)
Evaluation at update 320: return=-156.01, length=200.00, success_rate=0.00, collisions/ep=0.00
Solved-check at update 320: solved=False worst_gap=1175.33 at p_x0=2.00 p_y0=0.50 (consecutive=0)
update=321 global_step=657408 SPS=439 w_ev=0.928 m_ev=0.958 m_v_bias=-1.6 m_adv_std=2.2452 m_kl_max=0.0329 m_ratio_max=0.929 return=-155.2 length=200 success_rate=0.00 collisions/ep=0.00 (n=9)
update=322 global_step=659456 SPS=440 w_ev=0.966 m_ev=0.584 m_v_bias=1.5 m_adv_std=12.4607 m_kl_max=0.0169 m_ratio_max=1.039 return=-166.5 length=200 success_rate=0.00 collisions/ep=0.20 (n=15)
update=323 global_step=661504 SPS=441 w_ev=0.909 m_ev=0.310 m_v_bias=1.8 m_adv_std=17.8181 m_kl_max=0.0141 m_ratio_max=0.716 return=-157.4 length=200 success_rate=0.00 collisions/ep=0.12 (n=8)
update=324 global_step=663552 SPS=442 w_ev=0.949 m_ev=0.765 m_v_bias=-1.0 m_adv_std=6.3006 m_kl_max=0.0194 m_ratio_max=0.577 return=-171.2 length=200 success_rate=0.00 collisions/ep=0.33 (n=9)
update=325 global_step=665600 SPS=442 w_ev=0.952 m_ev=0.971 m_v_bias=-2.2 m_adv_std=2.1081 m_kl_max=0.0193 m_ratio_max=0.493 return=-157.5 length=200 success_rate=0.00 collisions/ep=0.07 (n=15)
Evaluation at update 325: return=-155.29, length=200.00, success_rate=0.00, collisions/ep=0.00
Solved-check at update 325: solved=False worst_gap=1176.30 at p_x0=2.00 p_y0=0.50 (consecutive=0)
update=326 global_step=667648 SPS=439 w_ev=0.966 m_ev=0.985 m_v_bias=-2.0 m_adv_std=1.7259 m_kl_max=0.0261 m_ratio_max=1.101 return=-156.5 length=200 success_rate=0.00 collisions/ep=0.00 (n=8)
update=327 global_step=669696 SPS=440 w_ev=0.913 m_ev=0.375 m_v_bias=8.7 m_adv_std=20.6623 m_kl_max=0.0111 m_ratio_max=0.544 return=-193.2 length=200 success_rate=0.00 collisions/ep=0.88 (n=8)
update=328 global_step=671744 SPS=441 w_ev=0.957 m_ev=0.757 m_v_bias=-1.9 m_adv_std=8.0789 m_kl_max=0.0221 m_ratio_max=0.618 return=-161.9 length=200 success_rate=0.00 collisions/ep=0.22 (n=9)
update=329 global_step=673792 SPS=442 w_ev=0.932 m_ev=0.341 m_v_bias=2.0 m_adv_std=25.1974 m_kl_max=0.0205 m_ratio_max=0.676 return=-178.1 length=200 success_rate=0.00 collisions/ep=0.53 (n=15)
update=330 global_step=675840 SPS=442 w_ev=0.946 m_ev=0.781 m_v_bias=-1.7 m_adv_std=7.0018 m_kl_max=0.0221 m_ratio_max=0.876 return=-162.4 length=200 success_rate=0.00 collisions/ep=0.12 (n=8)
Evaluation at update 330: return=-155.96, length=200.00, success_rate=0.00, collisions/ep=0.00
Solved-check at update 330: solved=False worst_gap=1177.26 at p_x0=2.00 p_y0=0.50 (consecutive=0)
update=331 global_step=677888 SPS=439 w_ev=0.958 m_ev=0.733 m_v_bias=-1.1 m_adv_std=7.1342 m_kl_max=0.0251 m_ratio_max=0.752 return=-162.8 length=200 success_rate=0.00 collisions/ep=0.11 (n=9)
update=332 global_step=679936 SPS=440 w_ev=0.957 m_ev=0.689 m_v_bias=-0.4 m_adv_std=8.5281 m_kl_max=0.0223 m_ratio_max=0.968 return=-152.4 length=200 success_rate=0.00 collisions/ep=0.00 (n=8)
update=333 global_step=681984 SPS=441 w_ev=0.968 m_ev=0.840 m_v_bias=-1.4 m_adv_std=6.6099 m_kl_max=0.0172 m_ratio_max=0.629 return=-165.0 length=200 success_rate=0.00 collisions/ep=0.20 (n=15)
update=334 global_step=684032 SPS=442 w_ev=0.949 m_ev=0.982 m_v_bias=-1.5 m_adv_std=1.4713 m_kl_max=0.0175 m_ratio_max=1.042 return=-153.3 length=200 success_rate=0.00 collisions/ep=0.00 (n=8)
update=335 global_step=686080 SPS=443 w_ev=0.959 m_ev=0.826 m_v_bias=0.2 m_adv_std=6.3576 m_kl_max=0.0242 m_ratio_max=0.741 return=-157.9 length=200 success_rate=0.00 collisions/ep=0.00 (n=9)
Evaluation at update 335: return=-156.01, length=200.00, success_rate=0.00, collisions/ep=0.00
Solved-check at update 335: solved=False worst_gap=1177.14 at p_x0=2.00 p_y0=0.50 (consecutive=0)
update=336 global_step=688128 SPS=440 w_ev=0.965 m_ev=0.813 m_v_bias=-0.0 m_adv_std=6.2845 m_kl_max=0.0235 m_ratio_max=0.638 return=-156.2 length=200 success_rate=0.00 collisions/ep=0.07 (n=15)
update=337 global_step=690176 SPS=441 w_ev=0.883 m_ev=0.195 m_v_bias=4.9 m_adv_std=29.1541 m_kl_max=0.0209 m_ratio_max=0.829 return=-190.2 length=200 success_rate=0.00 collisions/ep=0.75 (n=8)
update=338 global_step=692224 SPS=441 w_ev=0.956 m_ev=0.748 m_v_bias=-0.8 m_adv_std=7.0069 m_kl_max=0.0279 m_ratio_max=0.628 return=-161.2 length=200 success_rate=0.00 collisions/ep=0.12 (n=8)
update=339 global_step=694272 SPS=442 w_ev=0.946 m_ev=0.483 m_v_bias=0.5 m_adv_std=12.3498 m_kl_max=0.0149 m_ratio_max=0.596 return=-162.2 length=200 success_rate=0.00 collisions/ep=0.22 (n=9)
update=340 global_step=696320 SPS=443 w_ev=0.979 m_ev=0.953 m_v_bias=-1.9 m_adv_std=2.9289 m_kl_max=0.0160 m_ratio_max=0.715 return=-163.4 length=200 success_rate=0.00 collisions/ep=0.13 (n=15)
Evaluation at update 340: return=-155.36, length=200.00, success_rate=0.00, collisions/ep=0.00
Solved-check at update 340: solved=False worst_gap=1176.36 at p_x0=2.00 p_y0=0.50 (consecutive=0)
update=341 global_step=698368 SPS=440 w_ev=0.953 m_ev=0.978 m_v_bias=-1.6 m_adv_std=1.6407 m_kl_max=0.0209 m_ratio_max=0.672 return=-156.2 length=200 success_rate=0.00 collisions/ep=0.00 (n=8)
update=342 global_step=700416 SPS=441 w_ev=0.946 m_ev=0.983 m_v_bias=-0.8 m_adv_std=1.5235 m_kl_max=0.0178 m_ratio_max=0.665 return=-156.0 length=200 success_rate=0.00 collisions/ep=0.00 (n=9)
update=343 global_step=702464 SPS=442 w_ev=0.941 m_ev=0.337 m_v_bias=5.0 m_adv_std=15.8485 m_kl_max=0.0169 m_ratio_max=0.610 return=-170.5 length=200 success_rate=0.00 collisions/ep=0.33 (n=15)
update=344 global_step=704512 SPS=443 w_ev=0.958 m_ev=0.935 m_v_bias=-3.3 m_adv_std=3.4647 m_kl_max=0.0203 m_ratio_max=0.753 return=-154.8 length=200 success_rate=0.00 collisions/ep=0.00 (n=8)
update=345 global_step=706560 SPS=444 w_ev=0.942 m_ev=0.573 m_v_bias=1.6 m_adv_std=12.1761 m_kl_max=0.0267 m_ratio_max=0.843 return=-172.4 length=200 success_rate=0.00 collisions/ep=0.38 (n=8)
Evaluation at update 345: return=-153.93, length=200.00, success_rate=0.00, collisions/ep=0.00
Solved-check at update 345: solved=False worst_gap=1173.63 at p_x0=2.00 p_y0=0.50 (consecutive=0)
update=346 global_step=708608 SPS=440 w_ev=0.946 m_ev=0.900 m_v_bias=-0.9 m_adv_std=4.4002 m_kl_max=0.0225 m_ratio_max=0.665 return=-159.6 length=200 success_rate=0.00 collisions/ep=0.11 (n=9)
update=347 global_step=710656 SPS=441 w_ev=0.972 m_ev=0.861 m_v_bias=0.3 m_adv_std=6.1792 m_kl_max=0.0387 m_ratio_max=1.977 return=-154.6 length=200 success_rate=0.00 collisions/ep=0.07 (n=15)
update=348 global_step=712704 SPS=442 w_ev=0.951 m_ev=0.551 m_v_bias=0.8 m_adv_std=11.2114 m_kl_max=0.0218 m_ratio_max=0.822 return=-166.2 length=200 success_rate=0.00 collisions/ep=0.25 (n=8)
update=349 global_step=714752 SPS=443 w_ev=0.958 m_ev=0.791 m_v_bias=0.0 m_adv_std=6.3106 m_kl_max=0.0154 m_ratio_max=1.203 return=-158.9 length=200 success_rate=0.00 collisions/ep=0.11 (n=9)
update=350 global_step=716800 SPS=444 w_ev=0.959 m_ev=0.982 m_v_bias=-1.5 m_adv_std=1.6035 m_kl_max=0.0320 m_ratio_max=0.729 return=-155.0 length=200 success_rate=0.00 collisions/ep=0.00 (n=15)
Evaluation at update 350: return=-154.05, length=200.00, success_rate=0.00, collisions/ep=0.00
Solved-check at update 350: solved=False worst_gap=1175.25 at p_x0=2.00 p_y0=0.00 (consecutive=0)
update=351 global_step=718848 SPS=441 w_ev=0.968 m_ev=0.991 m_v_bias=-1.0 m_adv_std=1.3406 m_kl_max=0.0201 m_ratio_max=0.885 return=-154.8 length=200 success_rate=0.00 collisions/ep=0.00 (n=8)
update=352 global_step=720896 SPS=441 w_ev=0.954 m_ev=0.786 m_v_bias=0.5 m_adv_std=6.3292 m_kl_max=0.0168 m_ratio_max=0.678 return=-155.6 length=200 success_rate=0.00 collisions/ep=0.00 (n=8)
update=353 global_step=722944 SPS=442 w_ev=0.962 m_ev=0.787 m_v_bias=-0.0 m_adv_std=6.3243 m_kl_max=0.0191 m_ratio_max=0.488 return=-155.7 length=200 success_rate=0.00 collisions/ep=0.11 (n=9)
update=354 global_step=724992 SPS=443 w_ev=0.967 m_ev=0.529 m_v_bias=3.0 m_adv_std=14.2720 m_kl_max=0.0115 m_ratio_max=0.595 return=-168.8 length=200 success_rate=0.00 collisions/ep=0.33 (n=15)
update=355 global_step=727040 SPS=444 w_ev=0.973 m_ev=0.972 m_v_bias=-2.5 m_adv_std=2.1778 m_kl_max=0.0122 m_ratio_max=0.588 return=-152.1 length=200 success_rate=0.00 collisions/ep=0.00 (n=8)
Evaluation at update 355: return=-152.37, length=200.00, success_rate=0.00, collisions/ep=0.00
Solved-check at update 355: solved=False worst_gap=1171.68 at p_x0=2.00 p_y0=0.00 (consecutive=0)
update=356 global_step=729088 SPS=441 w_ev=0.972 m_ev=0.667 m_v_bias=3.0 m_adv_std=10.2646 m_kl_max=0.0236 m_ratio_max=0.658 return=-168.6 length=200 success_rate=0.00 collisions/ep=0.33 (n=9)
update=357 global_step=731136 SPS=442 w_ev=0.964 m_ev=0.923 m_v_bias=-1.8 m_adv_std=3.4493 m_kl_max=0.0246 m_ratio_max=0.834 return=-150.8 length=200 success_rate=0.00 collisions/ep=0.00 (n=8)
update=358 global_step=733184 SPS=442 w_ev=0.971 m_ev=0.590 m_v_bias=5.4 m_adv_std=17.1940 m_kl_max=0.0186 m_ratio_max=1.007 return=-166.7 length=200 success_rate=0.00 collisions/ep=0.33 (n=15)
update=359 global_step=735232 SPS=443 w_ev=0.970 m_ev=0.917 m_v_bias=-3.2 m_adv_std=3.8274 m_kl_max=0.0219 m_ratio_max=1.074 return=-148.8 length=200 success_rate=0.00 collisions/ep=0.00 (n=8)
update=360 global_step=737280 SPS=444 w_ev=0.978 m_ev=0.977 m_v_bias=-2.8 m_adv_std=1.8902 m_kl_max=0.0136 m_ratio_max=0.524 return=-149.4 length=200 success_rate=0.00 collisions/ep=0.00 (n=9)
Evaluation at update 360: return=-151.64, length=200.00, success_rate=0.00, collisions/ep=0.00
Solved-check at update 360: solved=False worst_gap=1170.71 at p_x0=2.00 p_y0=0.00 (consecutive=0)
update=361 global_step=739328 SPS=441 w_ev=0.987 m_ev=0.992 m_v_bias=-1.9 m_adv_std=1.2576 m_kl_max=0.0320 m_ratio_max=0.779 return=-149.0 length=200 success_rate=0.00 collisions/ep=0.00 (n=15)
update=362 global_step=741376 SPS=442 w_ev=0.977 m_ev=0.837 m_v_bias=0.3 m_adv_std=6.0891 m_kl_max=0.0131 m_ratio_max=0.758 return=-158.8 length=200 success_rate=0.00 collisions/ep=0.12 (n=8)
update=363 global_step=743424 SPS=443 w_ev=0.978 m_ev=0.986 m_v_bias=-1.3 m_adv_std=1.5907 m_kl_max=0.0247 m_ratio_max=0.922 return=-152.9 length=200 success_rate=0.00 collisions/ep=0.00 (n=8)
update=364 global_step=745472 SPS=444 w_ev=0.965 m_ev=0.683 m_v_bias=1.5 m_adv_std=9.1094 m_kl_max=0.0171 m_ratio_max=0.837 return=-153.4 length=200 success_rate=0.00 collisions/ep=0.22 (n=9)
update=365 global_step=747520 SPS=444 w_ev=0.983 m_ev=0.759 m_v_bias=1.7 m_adv_std=8.2799 m_kl_max=0.0251 m_ratio_max=0.931 return=-158.4 length=200 success_rate=0.00 collisions/ep=0.13 (n=15)
Evaluation at update 365: return=-149.79, length=200.00, success_rate=0.00, collisions/ep=0.00
Solved-check at update 365: solved=False worst_gap=1170.63 at p_x0=2.00 p_y0=0.00 (consecutive=0)
update=366 global_step=749568 SPS=441 w_ev=0.969 m_ev=0.983 m_v_bias=-1.4 m_adv_std=1.5180 m_kl_max=0.0083 m_ratio_max=0.388 return=-156.5 length=200 success_rate=0.00 collisions/ep=0.12 (n=8)
update=367 global_step=751616 SPS=442 w_ev=0.979 m_ev=0.990 m_v_bias=-0.7 m_adv_std=1.1523 m_kl_max=0.0407 m_ratio_max=0.917 return=-153.7 length=200 success_rate=0.00 collisions/ep=0.00 (n=9)
update=368 global_step=753664 SPS=443 w_ev=0.975 m_ev=0.753 m_v_bias=0.9 m_adv_std=7.6205 m_kl_max=0.0224 m_ratio_max=0.739 return=-159.5 length=200 success_rate=0.00 collisions/ep=0.13 (n=15)
update=369 global_step=755712 SPS=444 w_ev=0.981 m_ev=0.990 m_v_bias=-0.5 m_adv_std=1.4183 m_kl_max=0.0308 m_ratio_max=0.921 return=-153.1 length=200 success_rate=0.00 collisions/ep=0.00 (n=8)
update=370 global_step=757760 SPS=444 w_ev=0.927 m_ev=0.252 m_v_bias=4.1 m_adv_std=27.8731 m_kl_max=0.0255 m_ratio_max=0.767 return=-200.8 length=200 success_rate=0.00 collisions/ep=1.00 (n=8)
Evaluation at update 370: return=-151.13, length=200.00, success_rate=0.00, collisions/ep=0.00
Solved-check at update 370: solved=False worst_gap=1170.31 at p_x0=2.00 p_y0=0.00 (consecutive=0)
update=371 global_step=759808 SPS=442 w_ev=0.981 m_ev=0.785 m_v_bias=-2.1 m_adv_std=6.2860 m_kl_max=0.0148 m_ratio_max=0.798 return=-151.0 length=200 success_rate=0.00 collisions/ep=0.00 (n=9)
update=372 global_step=761856 SPS=442 w_ev=0.989 m_ev=0.988 m_v_bias=-0.9 m_adv_std=1.7108 m_kl_max=0.0274 m_ratio_max=0.972 return=-148.6 length=200 success_rate=0.00 collisions/ep=0.00 (n=15)
update=373 global_step=763904 SPS=443 w_ev=0.920 m_ev=-0.009 m_v_bias=3.8 m_adv_std=21.8081 m_kl_max=0.0262 m_ratio_max=0.639 return=-150.7 length=200 success_rate=0.00 collisions/ep=0.00 (n=8)
update=374 global_step=765952 SPS=444 w_ev=0.976 m_ev=0.696 m_v_bias=-3.3 m_adv_std=6.6717 m_kl_max=0.0317 m_ratio_max=1.364 return=-174.5 length=200 success_rate=0.00 collisions/ep=0.56 (n=9)
update=375 global_step=768000 SPS=445 w_ev=0.974 m_ev=0.966 m_v_bias=-1.0 m_adv_std=2.2321 m_kl_max=0.0225 m_ratio_max=0.783 return=-148.2 length=200 success_rate=0.00 collisions/ep=0.00 (n=15)
Evaluation at update 375: return=-148.79, length=200.00, success_rate=0.00, collisions/ep=0.00
Solved-check at update 375: solved=False worst_gap=1169.51 at p_x0=2.00 p_y0=0.50 (consecutive=0)
update=376 global_step=770048 SPS=442 w_ev=0.990 m_ev=0.991 m_v_bias=-0.5 m_adv_std=1.4126 m_kl_max=0.0394 m_ratio_max=1.569 return=-150.2 length=200 success_rate=0.00 collisions/ep=0.00 (n=8)
update=377 global_step=772096 SPS=443 w_ev=0.983 m_ev=0.667 m_v_bias=3.2 m_adv_std=9.8540 m_kl_max=0.0136 m_ratio_max=0.627 return=-161.4 length=200 success_rate=0.00 collisions/ep=0.25 (n=8)
update=378 global_step=774144 SPS=443 w_ev=0.978 m_ev=0.488 m_v_bias=1.8 m_adv_std=13.2180 m_kl_max=0.0235 m_ratio_max=0.699 return=-148.9 length=200 success_rate=0.00 collisions/ep=0.11 (n=9)
update=379 global_step=776192 SPS=444 w_ev=0.984 m_ev=0.960 m_v_bias=-3.0 m_adv_std=2.7400 m_kl_max=0.0385 m_ratio_max=1.766 return=-159.0 length=200 success_rate=0.00 collisions/ep=0.20 (n=15)
update=380 global_step=778240 SPS=445 w_ev=0.971 m_ev=0.536 m_v_bias=3.6 m_adv_std=15.1368 m_kl_max=0.0230 m_ratio_max=0.910 return=-175.2 length=200 success_rate=0.00 collisions/ep=0.50 (n=8)
Evaluation at update 380: return=-147.74, length=200.00, success_rate=0.00, collisions/ep=0.00
Solved-check at update 380: solved=False worst_gap=1167.21 at p_x0=2.00 p_y0=0.50 (consecutive=0)
update=381 global_step=780288 SPS=442 w_ev=0.936 m_ev=0.238 m_v_bias=3.9 m_adv_std=25.0156 m_kl_max=0.0278 m_ratio_max=1.458 return=-152.6 length=200 success_rate=0.00 collisions/ep=0.11 (n=9)
update=382 global_step=782336 SPS=443 w_ev=0.979 m_ev=0.832 m_v_bias=-2.9 m_adv_std=6.0804 m_kl_max=0.0299 m_ratio_max=0.773 return=-174.2 length=200 success_rate=0.00 collisions/ep=0.50 (n=8)
update=383 global_step=784384 SPS=444 w_ev=0.986 m_ev=0.868 m_v_bias=-1.1 m_adv_std=6.1040 m_kl_max=0.0129 m_ratio_max=0.874 return=-158.2 length=200 success_rate=0.00 collisions/ep=0.13 (n=15)
update=384 global_step=786432 SPS=444 w_ev=0.978 m_ev=0.694 m_v_bias=-0.4 m_adv_std=7.7814 m_kl_max=0.0134 m_ratio_max=0.656 return=-157.4 length=200 success_rate=0.00 collisions/ep=0.12 (n=8)
update=385 global_step=788480 SPS=445 w_ev=0.984 m_ev=0.975 m_v_bias=-2.5 m_adv_std=2.0372 m_kl_max=0.0171 m_ratio_max=0.683 return=-152.1 length=200 success_rate=0.00 collisions/ep=0.11 (n=9)
Evaluation at update 385: return=-149.63, length=200.00, success_rate=0.00, collisions/ep=0.00
Solved-check at update 385: solved=False worst_gap=1168.42 at p_x0=2.00 p_y0=0.50 (consecutive=0)
update=386 global_step=790528 SPS=442 w_ev=0.989 m_ev=0.993 m_v_bias=-1.1 m_adv_std=1.1591 m_kl_max=0.0186 m_ratio_max=0.567 return=-150.9 length=200 success_rate=0.00 collisions/ep=0.00 (n=15)
update=387 global_step=792576 SPS=443 w_ev=0.968 m_ev=0.449 m_v_bias=10.4 m_adv_std=20.2498 m_kl_max=0.0400 m_ratio_max=1.335 return=-200.2 length=200 success_rate=0.00 collisions/ep=1.00 (n=8)
update=388 global_step=794624 SPS=444 w_ev=0.969 m_ev=0.402 m_v_bias=0.3 m_adv_std=19.4765 m_kl_max=0.0343 m_ratio_max=0.939 return=-191.5 length=200 success_rate=0.00 collisions/ep=0.88 (n=8)
update=389 global_step=796672 SPS=445 w_ev=0.977 m_ev=0.955 m_v_bias=-3.7 m_adv_std=2.9588 m_kl_max=0.0069 m_ratio_max=0.329 return=-144.0 length=200 success_rate=0.00 collisions/ep=0.00 (n=9)
update=390 global_step=798720 SPS=445 w_ev=0.989 m_ev=0.986 m_v_bias=-2.0 m_adv_std=1.7507 m_kl_max=0.0107 m_ratio_max=0.431 return=-150.9 length=200 success_rate=0.00 collisions/ep=0.00 (n=15)
Evaluation at update 390: return=-149.35, length=200.00, success_rate=0.00, collisions/ep=0.00
Solved-check at update 390: solved=False worst_gap=1168.46 at p_x0=2.00 p_y0=0.50 (consecutive=0)
update=391 global_step=800768 SPS=443 w_ev=0.987 m_ev=0.788 m_v_bias=-0.6 m_adv_std=6.4681 m_kl_max=0.0170 m_ratio_max=1.435 return=-151.2 length=200 success_rate=0.00 collisions/ep=0.00 (n=8)
update=392 global_step=802816 SPS=443 w_ev=0.980 m_ev=0.584 m_v_bias=0.8 m_adv_std=11.6486 m_kl_max=0.0251 m_ratio_max=0.645 return=-168.9 length=200 success_rate=0.00 collisions/ep=0.44 (n=9)
update=393 global_step=804864 SPS=444 w_ev=0.987 m_ev=0.989 m_v_bias=-1.1 m_adv_std=1.3774 m_kl_max=0.0128 m_ratio_max=0.458 return=-149.3 length=200 success_rate=0.00 collisions/ep=0.00 (n=15)
update=394 global_step=806912 SPS=445 w_ev=0.988 m_ev=0.993 m_v_bias=-0.9 m_adv_std=1.1977 m_kl_max=0.0131 m_ratio_max=0.632 return=-149.9 length=200 success_rate=0.00 collisions/ep=0.00 (n=8)
update=395 global_step=808960 SPS=446 w_ev=0.937 m_ev=0.221 m_v_bias=5.3 m_adv_std=23.8474 m_kl_max=0.0205 m_ratio_max=0.737 return=-155.6 length=200 success_rate=0.00 collisions/ep=0.12 (n=8)
Evaluation at update 395: return=-149.65, length=200.00, success_rate=0.00, collisions/ep=0.00
Solved-check at update 395: solved=False worst_gap=1168.47 at p_x0=2.00 p_y0=0.50 (consecutive=0)
update=396 global_step=811008 SPS=443 w_ev=0.986 m_ev=0.951 m_v_bias=-2.6 m_adv_std=2.9035 m_kl_max=0.0208 m_ratio_max=0.658 return=-172.3 length=200 success_rate=0.00 collisions/ep=0.44 (n=9)
update=397 global_step=813056 SPS=444 w_ev=0.989 m_ev=0.875 m_v_bias=0.0 m_adv_std=5.9200 m_kl_max=0.0242 m_ratio_max=0.784 return=-153.7 length=200 success_rate=0.00 collisions/ep=0.07 (n=15)
update=398 global_step=815104 SPS=444 w_ev=0.986 m_ev=0.992 m_v_bias=-1.5 m_adv_std=1.1255 m_kl_max=0.0179 m_ratio_max=0.792 return=-147.9 length=200 success_rate=0.00 collisions/ep=0.00 (n=8)
update=399 global_step=817152 SPS=445 w_ev=0.986 m_ev=0.798 m_v_bias=0.1 m_adv_std=6.0234 m_kl_max=0.0150 m_ratio_max=0.961 return=-153.7 length=200 success_rate=0.00 collisions/ep=0.11 (n=9)
update=400 global_step=819200 SPS=446 w_ev=0.979 m_ev=0.814 m_v_bias=-0.1 m_adv_std=6.2433 m_kl_max=0.0150 m_ratio_max=0.496 return=-152.9 length=200 success_rate=0.00 collisions/ep=0.07 (n=15)
Evaluation at update 400: return=-147.45, length=200.00, success_rate=0.00, collisions/ep=0.00
Solved-check at update 400: solved=False worst_gap=1168.69 at p_x0=2.00 p_y0=0.00 (consecutive=0)
update=401 global_step=821248 SPS=443 w_ev=0.989 m_ev=0.779 m_v_bias=0.9 m_adv_std=7.9910 m_kl_max=0.0189 m_ratio_max=0.743 return=-164.3 length=200 success_rate=0.00 collisions/ep=0.25 (n=8)
update=402 global_step=823296 SPS=444 w_ev=0.877 m_ev=0.024 m_v_bias=2.7 m_adv_std=29.3189 m_kl_max=0.0155 m_ratio_max=0.536 return=-151.5 length=200 success_rate=0.00 collisions/ep=0.12 (n=8)
update=403 global_step=825344 SPS=444 w_ev=0.944 m_ev=0.199 m_v_bias=1.6 m_adv_std=26.0179 m_kl_max=0.0264 m_ratio_max=0.812 return=-233.0 length=200 success_rate=0.00 collisions/ep=1.78 (n=9)
update=404 global_step=827392 SPS=445 w_ev=0.983 m_ev=0.900 m_v_bias=-2.5 m_adv_std=4.7467 m_kl_max=0.0130 m_ratio_max=0.457 return=-146.4 length=200 success_rate=0.00 collisions/ep=0.00 (n=15)
update=405 global_step=829440 SPS=446 w_ev=0.947 m_ev=0.319 m_v_bias=5.0 m_adv_std=24.4623 m_kl_max=0.0320 m_ratio_max=0.684 return=-179.5 length=200 success_rate=0.00 collisions/ep=0.62 (n=8)
Evaluation at update 405: return=-148.17, length=200.00, success_rate=0.00, collisions/ep=0.00
Solved-check at update 405: solved=False worst_gap=1167.95 at p_x0=2.00 p_y0=0.50 (consecutive=0)
update=406 global_step=831488 SPS=443 w_ev=0.963 m_ev=0.324 m_v_bias=-0.9 m_adv_std=11.8388 m_kl_max=0.0135 m_ratio_max=0.570 return=-147.6 length=200 success_rate=0.00 collisions/ep=0.00 (n=9)
update=407 global_step=833536 SPS=444 w_ev=0.986 m_ev=0.929 m_v_bias=-3.8 m_adv_std=3.6059 m_kl_max=0.0241 m_ratio_max=0.897 return=-162.5 length=200 success_rate=0.00 collisions/ep=0.25 (n=8)
update=408 global_step=835584 SPS=445 w_ev=0.988 m_ev=0.854 m_v_bias=-1.0 m_adv_std=5.9763 m_kl_max=0.0123 m_ratio_max=0.468 return=-147.5 length=200 success_rate=0.00 collisions/ep=0.07 (n=15)
update=409 global_step=837632 SPS=445 w_ev=0.984 m_ev=0.981 m_v_bias=-1.4 m_adv_std=1.7235 m_kl_max=0.0469 m_ratio_max=1.135 return=-150.4 length=200 success_rate=0.00 collisions/ep=0.00 (n=8)
update=410 global_step=839680 SPS=446 w_ev=0.959 m_ev=0.320 m_v_bias=6.4 m_adv_std=19.8727 m_kl_max=0.0300 m_ratio_max=1.228 return=-156.3 length=200 success_rate=0.00 collisions/ep=0.22 (n=9)
Evaluation at update 410: return=-147.10, length=200.00, success_rate=0.00, collisions/ep=0.00
Solved-check at update 410: solved=False worst_gap=1167.09 at p_x0=2.00 p_y0=-0.50 (consecutive=0)
update=411 global_step=841728 SPS=443 w_ev=0.959 m_ev=0.216 m_v_bias=6.2 m_adv_std=30.8691 m_kl_max=0.0182 m_ratio_max=0.575 return=-183.0 length=200 success_rate=0.00 collisions/ep=0.73 (n=15)
update=412 global_step=843776 SPS=444 w_ev=0.974 m_ev=0.796 m_v_bias=-1.9 m_adv_std=8.5428 m_kl_max=0.0232 m_ratio_max=0.668 return=-161.1 length=200 success_rate=0.00 collisions/ep=0.25 (n=8)
update=413 global_step=845824 SPS=445 w_ev=0.985 m_ev=0.958 m_v_bias=-3.6 m_adv_std=2.6432 m_kl_max=0.0200 m_ratio_max=0.504 return=-146.9 length=200 success_rate=0.00 collisions/ep=0.00 (n=8)
update=414 global_step=847872 SPS=445 w_ev=0.990 m_ev=0.988 m_v_bias=-2.7 m_adv_std=1.5691 m_kl_max=0.0199 m_ratio_max=0.544 return=-147.1 length=200 success_rate=0.00 collisions/ep=0.00 (n=9)
update=415 global_step=849920 SPS=446 w_ev=0.991 m_ev=0.994 m_v_bias=-1.4 m_adv_std=1.1979 m_kl_max=0.0331 m_ratio_max=0.796 return=-149.5 length=200 success_rate=0.00 collisions/ep=0.00 (n=15)
Evaluation at update 415: return=-147.26, length=200.00, success_rate=0.00, collisions/ep=0.00
Solved-check at update 415: solved=False worst_gap=1167.31 at p_x0=2.00 p_y0=1.00 (consecutive=0)
update=416 global_step=851968 SPS=443 w_ev=0.972 m_ev=0.429 m_v_bias=5.1 m_adv_std=16.4796 m_kl_max=0.0177 m_ratio_max=0.595 return=-168.4 length=200 success_rate=0.00 collisions/ep=0.38 (n=8)
update=417 global_step=854016 SPS=444 w_ev=0.988 m_ev=0.835 m_v_bias=-1.1 m_adv_std=6.3249 m_kl_max=0.0255 m_ratio_max=0.822 return=-165.8 length=200 success_rate=0.00 collisions/ep=0.33 (n=9)
update=418 global_step=856064 SPS=445 w_ev=0.985 m_ev=0.712 m_v_bias=-0.5 m_adv_std=9.0451 m_kl_max=0.0139 m_ratio_max=0.520 return=-158.8 length=200 success_rate=0.00 collisions/ep=0.20 (n=15)
update=419 global_step=858112 SPS=446 w_ev=0.989 m_ev=0.986 m_v_bias=-1.7 m_adv_std=1.7924 m_kl_max=0.0171 m_ratio_max=0.866 return=-147.8 length=200 success_rate=0.00 collisions/ep=0.00 (n=8)
update=420 global_step=860160 SPS=446 w_ev=0.989 m_ev=0.995 m_v_bias=-1.2 m_adv_std=0.9040 m_kl_max=0.0221 m_ratio_max=1.096 return=-147.2 length=200 success_rate=0.00 collisions/ep=0.00 (n=8)
Evaluation at update 420: return=-146.77, length=200.00, success_rate=0.00, collisions/ep=0.00
Solved-check at update 420: solved=False worst_gap=1166.47 at p_x0=2.00 p_y0=0.00 (consecutive=0)
update=421 global_step=862208 SPS=444 w_ev=0.932 m_ev=0.195 m_v_bias=9.9 m_adv_std=34.8476 m_kl_max=0.0265 m_ratio_max=0.875 return=-152.0 length=200 success_rate=0.00 collisions/ep=0.11 (n=9)
update=422 global_step=864256 SPS=444 w_ev=0.989 m_ev=0.858 m_v_bias=-1.5 m_adv_std=6.4411 m_kl_max=0.0211 m_ratio_max=0.784 return=-174.8 length=200 success_rate=0.00 collisions/ep=0.53 (n=15)
update=423 global_step=866304 SPS=445 w_ev=0.984 m_ev=0.981 m_v_bias=-2.3 m_adv_std=1.8285 m_kl_max=0.0149 m_ratio_max=1.030 return=-149.3 length=200 success_rate=0.00 collisions/ep=0.00 (n=8)
update=424 global_step=868352 SPS=446 w_ev=0.982 m_ev=0.726 m_v_bias=0.3 m_adv_std=8.1252 m_kl_max=0.0150 m_ratio_max=0.558 return=-156.9 length=200 success_rate=0.00 collisions/ep=0.22 (n=9)
update=425 global_step=870400 SPS=446 w_ev=0.985 m_ev=0.971 m_v_bias=-1.4 m_adv_std=2.2316 m_kl_max=0.0144 m_ratio_max=0.893 return=-150.6 length=200 success_rate=0.00 collisions/ep=0.00 (n=15)
Evaluation at update 425: return=-147.21, length=200.00, success_rate=0.00, collisions/ep=0.00
Solved-check at update 425: solved=False worst_gap=1169.43 at p_x0=2.00 p_y0=0.00 (consecutive=0)
update=426 global_step=872448 SPS=444 w_ev=0.993 m_ev=0.995 m_v_bias=-0.9 m_adv_std=1.0368 m_kl_max=0.0135 m_ratio_max=0.706 return=-148.0 length=200 success_rate=0.00 collisions/ep=0.00 (n=8)
update=427 global_step=874496 SPS=445 w_ev=0.987 m_ev=0.997 m_v_bias=-0.6 m_adv_std=0.7038 m_kl_max=0.0366 m_ratio_max=1.318 return=-150.3 length=200 success_rate=0.00 collisions/ep=0.00 (n=8)
update=428 global_step=876544 SPS=445 w_ev=0.967 m_ev=0.245 m_v_bias=2.7 m_adv_std=17.7427 m_kl_max=0.0173 m_ratio_max=0.787 return=-147.3 length=200 success_rate=0.00 collisions/ep=0.00 (n=9)
update=429 global_step=878592 SPS=446 w_ev=0.987 m_ev=0.813 m_v_bias=-0.7 m_adv_std=7.0475 m_kl_max=0.0207 m_ratio_max=0.602 return=-162.7 length=200 success_rate=0.00 collisions/ep=0.27 (n=15)
update=430 global_step=880640 SPS=446 w_ev=0.987 m_ev=0.975 m_v_bias=-1.8 m_adv_std=2.1239 m_kl_max=0.0247 m_ratio_max=0.683 return=-146.5 length=200 success_rate=0.00 collisions/ep=0.00 (n=8)
Evaluation at update 430: return=-147.24, length=200.00, success_rate=0.00, collisions/ep=0.00
Solved-check at update 430: solved=False worst_gap=1167.95 at p_x0=2.00 p_y0=0.50 (consecutive=0)
update=431 global_step=882688 SPS=444 w_ev=0.991 m_ev=0.995 m_v_bias=-0.7 m_adv_std=0.9035 m_kl_max=0.0188 m_ratio_max=0.837 return=-148.7 length=200 success_rate=0.00 collisions/ep=0.00 (n=9)
update=432 global_step=884736 SPS=445 w_ev=0.992 m_ev=0.996 m_v_bias=-0.5 m_adv_std=0.7854 m_kl_max=0.0433 m_ratio_max=0.957 return=-146.4 length=200 success_rate=0.00 collisions/ep=0.00 (n=8)
update=433 global_step=886784 SPS=445 w_ev=0.993 m_ev=0.854 m_v_bias=0.9 m_adv_std=6.4231 m_kl_max=0.0348 m_ratio_max=0.967 return=-152.8 length=200 success_rate=0.00 collisions/ep=0.07 (n=15)
update=434 global_step=888832 SPS=446 w_ev=0.981 m_ev=0.589 m_v_bias=1.5 m_adv_std=11.9073 m_kl_max=0.0102 m_ratio_max=0.635 return=-158.9 length=200 success_rate=0.00 collisions/ep=0.25 (n=8)
update=435 global_step=890880 SPS=447 w_ev=0.985 m_ev=0.840 m_v_bias=0.4 m_adv_std=6.0092 m_kl_max=0.0307 m_ratio_max=1.026 return=-150.5 length=200 success_rate=0.00 collisions/ep=0.11 (n=9)
Evaluation at update 435: return=-147.26, length=200.00, success_rate=0.00, collisions/ep=0.00
Solved-check at update 435: solved=False worst_gap=1167.45 at p_x0=2.00 p_y0=0.50 (consecutive=0)
update=436 global_step=892928 SPS=444 w_ev=0.993 m_ev=0.842 m_v_bias=0.5 m_adv_std=6.3398 m_kl_max=0.0161 m_ratio_max=0.674 return=-153.1 length=200 success_rate=0.00 collisions/ep=0.07 (n=15)
update=437 global_step=894976 SPS=445 w_ev=0.988 m_ev=0.787 m_v_bias=1.3 m_adv_std=7.9675 m_kl_max=0.0384 m_ratio_max=0.778 return=-161.7 length=200 success_rate=0.00 collisions/ep=0.25 (n=8)
update=438 global_step=897024 SPS=446 w_ev=0.980 m_ev=0.816 m_v_bias=0.1 m_adv_std=6.2111 m_kl_max=0.0357 m_ratio_max=1.585 return=-146.5 length=200 success_rate=0.00 collisions/ep=0.00 (n=8)
update=439 global_step=899072 SPS=446 w_ev=0.988 m_ev=0.974 m_v_bias=-1.4 m_adv_std=1.9546 m_kl_max=0.0221 m_ratio_max=0.930 return=-158.5 length=200 success_rate=0.00 collisions/ep=0.11 (n=9)
update=440 global_step=901120 SPS=447 w_ev=0.994 m_ev=0.996 m_v_bias=-0.9 m_adv_std=1.0160 m_kl_max=0.0371 m_ratio_max=1.692 return=-149.9 length=200 success_rate=0.00 collisions/ep=0.00 (n=15)
Evaluation at update 440: return=-147.75, length=200.00, success_rate=0.00, collisions/ep=0.00
Solved-check at update 440: solved=False worst_gap=1167.96 at p_x0=2.00 p_y0=0.50 (consecutive=0)
update=441 global_step=903168 SPS=445 w_ev=0.930 m_ev=0.061 m_v_bias=1.6 m_adv_std=16.9457 m_kl_max=0.0399 m_ratio_max=0.930 return=-147.5 length=200 success_rate=0.00 collisions/ep=0.00 (n=8)
update=442 global_step=905216 SPS=445 w_ev=0.900 m_ev=0.140 m_v_bias=2.1 m_adv_std=28.2509 m_kl_max=0.0777 m_ratio_max=3.259 return=-195.2 length=200 success_rate=0.00 collisions/ep=0.89 (n=9)
update=443 global_step=907264 SPS=446 w_ev=0.990 m_ev=0.927 m_v_bias=-1.9 m_adv_std=3.4551 m_kl_max=0.0243 m_ratio_max=0.716 return=-157.3 length=200 success_rate=0.00 collisions/ep=0.13 (n=15)
update=444 global_step=909312 SPS=446 w_ev=0.989 m_ev=0.976 m_v_bias=-1.0 m_adv_std=2.4363 m_kl_max=0.0442 m_ratio_max=2.321 return=-144.2 length=200 success_rate=0.00 collisions/ep=0.00 (n=8)
update=445 global_step=911360 SPS=447 w_ev=0.989 m_ev=0.992 m_v_bias=-0.9 m_adv_std=1.1430 m_kl_max=0.0235 m_ratio_max=1.203 return=-146.1 length=200 success_rate=0.00 collisions/ep=0.00 (n=8)
Evaluation at update 445: return=-147.35, length=200.00, success_rate=0.00, collisions/ep=0.00
Solved-check at update 445: solved=False worst_gap=1167.75 at p_x0=2.00 p_y0=0.00 (consecutive=0)
update=446 global_step=913408 SPS=445 w_ev=0.990 m_ev=0.995 m_v_bias=-0.5 m_adv_std=0.8791 m_kl_max=0.0344 m_ratio_max=0.885 return=-146.1 length=200 success_rate=0.00 collisions/ep=0.00 (n=9)
update=447 global_step=915456 SPS=445 w_ev=0.993 m_ev=0.997 m_v_bias=-0.4 m_adv_std=0.8162 m_kl_max=0.0358 m_ratio_max=1.068 return=-149.3 length=200 success_rate=0.00 collisions/ep=0.00 (n=15)
update=448 global_step=917504 SPS=446 w_ev=0.990 m_ev=0.996 m_v_bias=-0.5 m_adv_std=0.8082 m_kl_max=0.0281 m_ratio_max=0.716 return=-147.5 length=200 success_rate=0.00 collisions/ep=0.00 (n=8)
update=449 global_step=919552 SPS=447 w_ev=0.916 m_ev=0.079 m_v_bias=6.9 m_adv_std=29.5276 m_kl_max=0.0240 m_ratio_max=0.668 return=-149.5 length=200 success_rate=0.00 collisions/ep=0.11 (n=9)
update=450 global_step=921600 SPS=447 w_ev=0.977 m_ev=0.829 m_v_bias=-3.7 m_adv_std=5.2691 m_kl_max=0.0268 m_ratio_max=0.561 return=-167.8 length=200 success_rate=0.00 collisions/ep=0.40 (n=15)
Evaluation at update 450: return=-146.58, length=200.00, success_rate=0.00, collisions/ep=0.00
Solved-check at update 450: solved=False worst_gap=1166.99 at p_x0=2.00 p_y0=0.00 (consecutive=0)
update=451 global_step=923648 SPS=445 w_ev=0.992 m_ev=0.967 m_v_bias=-2.0 m_adv_std=2.7859 m_kl_max=0.0188 m_ratio_max=0.863 return=-146.8 length=200 success_rate=0.00 collisions/ep=0.00 (n=8)
update=452 global_step=925696 SPS=446 w_ev=0.975 m_ev=0.496 m_v_bias=3.3 m_adv_std=13.6054 m_kl_max=0.0358 m_ratio_max=1.592 return=-159.5 length=200 success_rate=0.00 collisions/ep=0.25 (n=8)
update=453 global_step=927744 SPS=446 w_ev=0.989 m_ev=0.972 m_v_bias=-1.8 m_adv_std=2.2411 m_kl_max=0.0264 m_ratio_max=0.798 return=-158.3 length=200 success_rate=0.00 collisions/ep=0.22 (n=9)
update=454 global_step=929792 SPS=447 w_ev=0.961 m_ev=0.318 m_v_bias=8.6 m_adv_std=27.7745 m_kl_max=0.0090 m_ratio_max=0.382 return=-169.7 length=200 success_rate=0.00 collisions/ep=0.47 (n=15)
update=455 global_step=931840 SPS=447 w_ev=0.965 m_ev=0.412 m_v_bias=-1.1 m_adv_std=15.7519 m_kl_max=0.0131 m_ratio_max=0.534 return=-167.4 length=200 success_rate=0.00 collisions/ep=0.38 (n=8)
Evaluation at update 455: return=-146.19, length=200.00, success_rate=0.00, collisions/ep=0.00
Solved-check at update 455: solved=False worst_gap=1165.65 at p_x0=2.00 p_y0=0.00 (consecutive=0)
update=456 global_step=933888 SPS=445 w_ev=0.981 m_ev=0.758 m_v_bias=-1.9 m_adv_std=7.2828 m_kl_max=0.0167 m_ratio_max=0.800 return=-152.4 length=200 success_rate=0.00 collisions/ep=0.11 (n=9)
update=457 global_step=935936 SPS=446 w_ev=0.988 m_ev=0.817 m_v_bias=-1.0 m_adv_std=6.4284 m_kl_max=0.0203 m_ratio_max=0.924 return=-154.0 length=200 success_rate=0.00 collisions/ep=0.12 (n=8)
update=458 global_step=937984 SPS=446 w_ev=0.994 m_ev=0.991 m_v_bias=-1.8 m_adv_std=1.5274 m_kl_max=0.0169 m_ratio_max=0.603 return=-148.7 length=200 success_rate=0.00 collisions/ep=0.07 (n=15)
update=459 global_step=940032 SPS=447 w_ev=0.981 m_ev=0.505 m_v_bias=1.6 m_adv_std=14.3663 m_kl_max=0.0121 m_ratio_max=0.614 return=-165.1 length=200 success_rate=0.00 collisions/ep=0.38 (n=8)
update=460 global_step=942080 SPS=448 w_ev=0.993 m_ev=0.985 m_v_bias=-1.4 m_adv_std=1.7118 m_kl_max=0.0226 m_ratio_max=0.831 return=-146.7 length=200 success_rate=0.00 collisions/ep=0.00 (n=9)
Evaluation at update 460: return=-146.48, length=200.00, success_rate=0.00, collisions/ep=0.00
Solved-check at update 460: solved=False worst_gap=1165.88 at p_x0=2.00 p_y0=0.50 (consecutive=0)
update=461 global_step=944128 SPS=445 w_ev=0.992 m_ev=0.876 m_v_bias=0.4 m_adv_std=5.8154 m_kl_max=0.0282 m_ratio_max=1.023 return=-150.1 length=200 success_rate=0.00 collisions/ep=0.07 (n=15)
update=462 global_step=946176 SPS=446 w_ev=0.989 m_ev=0.869 m_v_bias=0.7 m_adv_std=6.1060 m_kl_max=0.0188 m_ratio_max=0.907 return=-156.0 length=200 success_rate=0.00 collisions/ep=0.12 (n=8)
update=463 global_step=948224 SPS=447 w_ev=0.971 m_ev=0.289 m_v_bias=1.9 m_adv_std=17.1727 m_kl_max=0.0278 m_ratio_max=0.778 return=-144.9 length=200 success_rate=0.00 collisions/ep=0.00 (n=8)
update=464 global_step=950272 SPS=447 w_ev=0.986 m_ev=0.940 m_v_bias=-3.2 m_adv_std=3.1043 m_kl_max=0.0448 m_ratio_max=1.169 return=-163.4 length=200 success_rate=0.00 collisions/ep=0.33 (n=9)
update=465 global_step=952320 SPS=448 w_ev=0.992 m_ev=0.990 m_v_bias=-1.3 m_adv_std=1.5115 m_kl_max=0.0311 m_ratio_max=1.046 return=-147.9 length=200 success_rate=0.00 collisions/ep=0.00 (n=15)
Evaluation at update 465: return=-146.08, length=200.00, success_rate=0.00, collisions/ep=0.00
Solved-check at update 465: solved=False worst_gap=1166.88 at p_x0=2.00 p_y0=0.00 (consecutive=0)
update=466 global_step=954368 SPS=446 w_ev=0.964 m_ev=0.363 m_v_bias=3.7 m_adv_std=19.8972 m_kl_max=0.0147 m_ratio_max=0.489 return=-171.7 length=200 success_rate=0.00 collisions/ep=0.50 (n=8)
update=467 global_step=956416 SPS=446 w_ev=0.989 m_ev=0.826 m_v_bias=-0.1 m_adv_std=6.6287 m_kl_max=0.0255 m_ratio_max=0.965 return=-145.5 length=200 success_rate=0.00 collisions/ep=0.00 (n=9)
update=468 global_step=958464 SPS=447 w_ev=0.993 m_ev=0.984 m_v_bias=-2.2 m_adv_std=1.7131 m_kl_max=0.0182 m_ratio_max=0.910 return=-149.5 length=200 success_rate=0.00 collisions/ep=0.07 (n=15)
update=469 global_step=960512 SPS=448 w_ev=0.994 m_ev=0.995 m_v_bias=-1.1 m_adv_std=1.1140 m_kl_max=0.0170 m_ratio_max=0.568 return=-146.3 length=200 success_rate=0.00 collisions/ep=0.00 (n=8)
update=470 global_step=962560 SPS=448 w_ev=0.985 m_ev=0.741 m_v_bias=-0.3 m_adv_std=8.4355 m_kl_max=0.0094 m_ratio_max=0.472 return=-158.8 length=200 success_rate=0.00 collisions/ep=0.25 (n=8)
Evaluation at update 470: return=-146.73, length=200.00, success_rate=0.00, collisions/ep=0.00
Solved-check at update 470: solved=False worst_gap=1167.04 at p_x0=2.00 p_y0=-0.50 (consecutive=0)
update=471 global_step=964608 SPS=446 w_ev=0.988 m_ev=0.738 m_v_bias=2.1 m_adv_std=8.6648 m_kl_max=0.0180 m_ratio_max=0.600 return=-148.8 length=200 success_rate=0.00 collisions/ep=0.11 (n=9)
update=472 global_step=966656 SPS=446 w_ev=0.995 m_ev=0.986 m_v_bias=-0.8 m_adv_std=1.9604 m_kl_max=0.0145 m_ratio_max=0.688 return=-150.5 length=200 success_rate=0.00 collisions/ep=0.07 (n=15)
update=473 global_step=968704 SPS=447 w_ev=0.990 m_ev=0.830 m_v_bias=0.8 m_adv_std=5.9040 m_kl_max=0.0327 m_ratio_max=0.868 return=-151.0 length=200 success_rate=0.00 collisions/ep=0.12 (n=8)
update=474 global_step=970752 SPS=448 w_ev=0.991 m_ev=0.994 m_v_bias=-0.7 m_adv_std=1.0082 m_kl_max=0.0191 m_ratio_max=0.804 return=-150.1 length=200 success_rate=0.00 collisions/ep=0.00 (n=9)
update=475 global_step=972800 SPS=448 w_ev=0.990 m_ev=0.996 m_v_bias=-0.9 m_adv_std=0.8851 m_kl_max=0.0264 m_ratio_max=0.906 return=-149.6 length=200 success_rate=0.00 collisions/ep=0.00 (n=15)
Evaluation at update 475: return=-146.28, length=200.00, success_rate=0.00, collisions/ep=0.00
Solved-check at update 475: solved=False worst_gap=1166.87 at p_x0=2.00 p_y0=0.00 (consecutive=0)
update=476 global_step=974848 SPS=446 w_ev=0.993 m_ev=0.998 m_v_bias=-0.5 m_adv_std=0.6846 m_kl_max=0.0218 m_ratio_max=1.023 return=-149.5 length=200 success_rate=0.00 collisions/ep=0.00 (n=8)
update=477 global_step=976896 SPS=447 w_ev=0.944 m_ev=0.265 m_v_bias=4.5 m_adv_std=24.2464 m_kl_max=0.0335 m_ratio_max=0.961 return=-169.1 length=200 success_rate=0.00 collisions/ep=0.50 (n=8)
update=478 global_step=978944 SPS=447 w_ev=0.984 m_ev=0.628 m_v_bias=0.9 m_adv_std=11.7987 m_kl_max=0.0112 m_ratio_max=0.703 return=-158.4 length=200 success_rate=0.00 collisions/ep=0.22 (n=9)
update=479 global_step=980992 SPS=448 w_ev=0.958 m_ev=0.243 m_v_bias=6.4 m_adv_std=26.3588 m_kl_max=0.0312 m_ratio_max=1.790 return=-167.5 length=200 success_rate=0.00 collisions/ep=0.47 (n=15)
update=480 global_step=983040 SPS=448 w_ev=0.983 m_ev=0.941 m_v_bias=-5.0 m_adv_std=3.5122 m_kl_max=0.0268 m_ratio_max=1.052 return=-149.1 length=200 success_rate=0.00 collisions/ep=0.00 (n=8)
Evaluation at update 480: return=-145.76, length=200.00, success_rate=0.00, collisions/ep=0.00
Solved-check at update 480: solved=False worst_gap=1164.92 at p_x0=2.00 p_y0=0.50 (consecutive=0)
update=481 global_step=985088 SPS=446 w_ev=0.829 m_ev=0.126 m_v_bias=14.7 m_adv_std=43.1812 m_kl_max=0.0308 m_ratio_max=0.782 return=-204.3 length=200 success_rate=0.00 collisions/ep=1.22 (n=9)
update=482 global_step=987136 SPS=447 w_ev=0.961 m_ev=0.485 m_v_bias=-0.1 m_adv_std=19.0314 m_kl_max=0.0255 m_ratio_max=1.114 return=-200.4 length=200 success_rate=0.00 collisions/ep=1.00 (n=8)
update=483 global_step=989184 SPS=447 w_ev=0.984 m_ev=0.841 m_v_bias=-4.4 m_adv_std=7.2579 m_kl_max=0.0279 m_ratio_max=1.775 return=-158.6 length=200 success_rate=0.00 collisions/ep=0.27 (n=15)
update=484 global_step=991232 SPS=448 w_ev=0.992 m_ev=0.965 m_v_bias=-4.3 m_adv_std=2.5804 m_kl_max=0.0154 m_ratio_max=0.837 return=-148.8 length=200 success_rate=0.00 collisions/ep=0.00 (n=8)
update=485 global_step=993280 SPS=449 w_ev=0.992 m_ev=0.985 m_v_bias=-3.0 m_adv_std=1.7540 m_kl_max=0.0281 m_ratio_max=0.851 return=-145.0 length=200 success_rate=0.00 collisions/ep=0.00 (n=9)
Evaluation at update 485: return=-145.80, length=200.00, success_rate=0.00, collisions/ep=0.00
Solved-check at update 485: solved=False worst_gap=1165.58 at p_x0=2.00 p_y0=0.50 (consecutive=0)
update=486 global_step=995328 SPS=446 w_ev=0.981 m_ev=0.541 m_v_bias=1.0 m_adv_std=12.1428 m_kl_max=0.0198 m_ratio_max=0.531 return=-148.5 length=200 success_rate=0.00 collisions/ep=0.07 (n=15)
update=487 global_step=997376 SPS=447 w_ev=0.986 m_ev=0.665 m_v_bias=0.9 m_adv_std=10.3888 m_kl_max=0.0069 m_ratio_max=0.596 return=-170.0 length=200 success_rate=0.00 collisions/ep=0.50 (n=8)
update=488 global_step=999424 SPS=447 w_ev=0.962 m_ev=0.394 m_v_bias=1.1 m_adv_std=18.0760 m_kl_max=0.0313 m_ratio_max=1.214 return=-171.5 length=200 success_rate=0.00 collisions/ep=0.50 (n=8)
update=489 global_step=1001472 SPS=448 w_ev=0.988 m_ev=0.824 m_v_bias=-0.7 m_adv_std=6.5231 m_kl_max=0.0244 m_ratio_max=0.776 return=-148.0 length=200 success_rate=0.00 collisions/ep=0.00 (n=9)
update=490 global_step=1003520 SPS=449 w_ev=0.993 m_ev=0.819 m_v_bias=1.0 m_adv_std=8.0584 m_kl_max=0.0240 m_ratio_max=0.707 return=-157.4 length=200 success_rate=0.00 collisions/ep=0.20 (n=15)
Evaluation at update 490: return=-146.33, length=200.00, success_rate=0.00, collisions/ep=0.00
Solved-check at update 490: solved=False worst_gap=1165.71 at p_x0=2.00 p_y0=0.00 (consecutive=0)
update=491 global_step=1005568 SPS=446 w_ev=0.989 m_ev=0.977 m_v_bias=-2.5 m_adv_std=1.9568 m_kl_max=0.0155 m_ratio_max=0.573 return=-149.8 length=200 success_rate=0.00 collisions/ep=0.00 (n=8)
update=492 global_step=1007616 SPS=447 w_ev=0.992 m_ev=0.993 m_v_bias=-1.5 m_adv_std=1.1102 m_kl_max=0.0161 m_ratio_max=0.580 return=-149.2 length=200 success_rate=0.00 collisions/ep=0.00 (n=9)
update=493 global_step=1009664 SPS=448 w_ev=0.991 m_ev=0.996 m_v_bias=-1.1 m_adv_std=0.7741 m_kl_max=0.0195 m_ratio_max=0.585 return=-147.7 length=200 success_rate=0.00 collisions/ep=0.00 (n=15)
update=494 global_step=1011712 SPS=448 w_ev=0.992 m_ev=0.853 m_v_bias=1.1 m_adv_std=6.6086 m_kl_max=0.0225 m_ratio_max=0.951 return=-152.9 length=200 success_rate=0.00 collisions/ep=0.12 (n=8)
update=495 global_step=1013760 SPS=449 w_ev=0.966 m_ev=0.248 m_v_bias=3.6 m_adv_std=18.9719 m_kl_max=0.0202 m_ratio_max=0.628 return=-149.4 length=200 success_rate=0.00 collisions/ep=0.00 (n=8)
Evaluation at update 495: return=-145.65, length=200.00, success_rate=0.00, collisions/ep=0.00
Solved-check at update 495: solved=False worst_gap=1165.12 at p_x0=2.00 p_y0=0.50 (consecutive=0)
update=496 global_step=1015808 SPS=446 w_ev=0.979 m_ev=0.689 m_v_bias=-2.1 m_adv_std=8.1529 m_kl_max=0.0057 m_ratio_max=0.338 return=-171.9 length=200 success_rate=0.00 collisions/ep=0.56 (n=9)
update=497 global_step=1017856 SPS=447 w_ev=0.942 m_ev=0.228 m_v_bias=6.9 m_adv_std=30.7669 m_kl_max=0.0331 m_ratio_max=1.027 return=-173.2 length=200 success_rate=0.00 collisions/ep=0.53 (n=15)
update=498 global_step=1019904 SPS=448 w_ev=0.975 m_ev=0.628 m_v_bias=-3.9 m_adv_std=9.9776 m_kl_max=0.0107 m_ratio_max=0.495 return=-158.6 length=200 success_rate=0.00 collisions/ep=0.25 (n=8)
update=499 global_step=1021952 SPS=448 w_ev=0.986 m_ev=0.963 m_v_bias=-3.7 m_adv_std=2.4578 m_kl_max=0.0080 m_ratio_max=0.448 return=-148.0 length=200 success_rate=0.00 collisions/ep=0.00 (n=9)
update=500 global_step=1024000 SPS=449 w_ev=0.987 m_ev=0.987 m_v_bias=-1.8 m_adv_std=1.5033 m_kl_max=0.0706 m_ratio_max=2.943 return=-149.6 length=200 success_rate=0.00 collisions/ep=0.00 (n=15)
Evaluation at update 500: return=-145.84, length=200.00, success_rate=0.00, collisions/ep=0.00
Solved-check at update 500: solved=False worst_gap=1165.17 at p_x0=2.00 p_y0=0.50 (consecutive=0)
Saved checkpoints to C:\Users\loren\Desktop\MASTER THESIS\5_CODE\scenarios\slalom\studies\hppo\runs\hppo_slalom_12_1791107833
