Using device: cpu
Solved-check: precomputed optimal returns for 25 fixed initial conditions (mean=1011.8, min=1007.0, max=1014.0); solved-tolerance=5.0
num_envs=8 num_steps_per_env=256 worker_batch_size=2048 worker_minibatch_size=256 num_updates=500 timesteps=1024000
update=1 global_step=2048 SPS=1375 w_ev=0.000 m_ev=0.000 m_v_bias=186.5 m_adv_std=153.5608 m_kl_max=0.0003 m_ratio_max=0.068 return=-873.9 length=200 success_rate=0.00 collisions/ep=13.62 (n=8)
update=2 global_step=4096 SPS=1331 w_ev=0.292 m_ev=-0.448 m_v_bias=56.4 m_adv_std=125.8831 m_kl_max=0.0005 m_ratio_max=0.115 return=-574.8 length=200 success_rate=0.00 collisions/ep=7.50 (n=8)
update=3 global_step=6144 SPS=1340 w_ev=0.427 m_ev=-0.255 m_v_bias=-5.2 m_adv_std=64.9922 m_kl_max=0.0005 m_ratio_max=0.141 return=-534.4 length=200 success_rate=0.00 collisions/ep=6.62 (n=8)
update=4 global_step=8192 SPS=1318 w_ev=0.512 m_ev=0.015 m_v_bias=-17.1 m_adv_std=11.2874 m_kl_max=0.0002 m_ratio_max=0.077 return=-243.7 length=200 success_rate=0.00 collisions/ep=0.50 (n=16)
update=5 global_step=10240 SPS=1335 w_ev=0.537 m_ev=0.228 m_v_bias=3.0 m_adv_std=36.3229 m_kl_max=0.0004 m_ratio_max=0.090 return=-273.0 length=200 success_rate=0.00 collisions/ep=1.12 (n=8)
Evaluation at update 5: return=-218.64, length=200.00, success_rate=0.00, collisions/ep=0.00
Solved-check at update 5: solved=False worst_gap=1240.97 at p_x0=2.00 p_y0=0.50 (consecutive=0)
update=6 global_step=12288 SPS=541 w_ev=0.811 m_ev=0.556 m_v_bias=2.8 m_adv_std=34.7211 m_kl_max=0.0026 m_ratio_max=0.238 return=-290.6 length=200 success_rate=0.00 collisions/ep=1.50 (n=8)
update=7 global_step=14336 SPS=590 w_ev=0.834 m_ev=0.498 m_v_bias=-10.2 m_adv_std=15.8027 m_kl_max=0.0080 m_ratio_max=0.460 return=-219.1 length=200 success_rate=0.00 collisions/ep=0.00 (n=8)
update=8 global_step=16384 SPS=639 w_ev=0.380 m_ev=0.449 m_v_bias=-4.4 m_adv_std=7.6878 m_kl_max=0.0049 m_ratio_max=0.324 return=-226.2 length=200 success_rate=0.00 collisions/ep=0.12 (n=16)
update=9 global_step=18432 SPS=676 w_ev=0.021 m_ev=0.422 m_v_bias=-1.9 m_adv_std=4.7111 m_kl_max=0.0082 m_ratio_max=0.408 return=-220.8 length=200 success_rate=0.00 collisions/ep=0.00 (n=8)
update=10 global_step=20480 SPS=701 w_ev=0.139 m_ev=0.313 m_v_bias=0.6 m_adv_std=6.7802 m_kl_max=0.0226 m_ratio_max=0.519 return=-225.5 length=200 success_rate=0.00 collisions/ep=0.12 (n=8)
Evaluation at update 10: return=-218.64, length=200.00, success_rate=0.00, collisions/ep=0.00
Solved-check at update 10: solved=False worst_gap=1240.97 at p_x0=2.00 p_y0=0.50 (consecutive=0)
update=11 global_step=22528 SPS=509 w_ev=0.104 m_ev=0.309 m_v_bias=1.1 m_adv_std=6.9450 m_kl_max=0.0037 m_ratio_max=0.262 return=-224.1 length=200 success_rate=0.00 collisions/ep=0.06 (n=16)
update=12 global_step=24576 SPS=537 w_ev=0.098 m_ev=0.727 m_v_bias=-1.0 m_adv_std=4.4401 m_kl_max=0.0029 m_ratio_max=0.356 return=-223.7 length=200 success_rate=0.00 collisions/ep=0.12 (n=8)
update=13 global_step=26624 SPS=561 w_ev=0.203 m_ev=0.472 m_v_bias=0.6 m_adv_std=6.1827 m_kl_max=0.0395 m_ratio_max=0.820 return=-219.4 length=200 success_rate=0.00 collisions/ep=0.00 (n=8)
update=14 global_step=28672 SPS=585 w_ev=0.190 m_ev=0.304 m_v_bias=0.5 m_adv_std=6.3298 m_kl_max=0.0220 m_ratio_max=0.727 return=-233.6 length=200 success_rate=0.00 collisions/ep=0.25 (n=8)
update=15 global_step=30720 SPS=609 w_ev=0.259 m_ev=0.913 m_v_bias=-0.9 m_adv_std=2.1026 m_kl_max=0.0244 m_ratio_max=0.708 return=-220.1 length=200 success_rate=0.00 collisions/ep=0.00 (n=16)
Evaluation at update 15: return=-218.65, length=200.00, success_rate=0.00, collisions/ep=0.00
Solved-check at update 15: solved=False worst_gap=1240.97 at p_x0=2.00 p_y0=0.50 (consecutive=0)
update=16 global_step=32768 SPS=500 w_ev=0.102 m_ev=0.291 m_v_bias=1.8 m_adv_std=12.5106 m_kl_max=0.0206 m_ratio_max=0.749 return=-222.7 length=200 success_rate=0.00 collisions/ep=0.00 (n=8)
update=17 global_step=34816 SPS=519 w_ev=0.319 m_ev=0.306 m_v_bias=6.4 m_adv_std=36.8075 m_kl_max=0.0076 m_ratio_max=0.465 return=-232.2 length=200 success_rate=0.00 collisions/ep=0.25 (n=8)
update=18 global_step=36864 SPS=538 w_ev=0.100 m_ev=-1.112 m_v_bias=-6.9 m_adv_std=14.2228 m_kl_max=0.0107 m_ratio_max=0.462 return=-242.1 length=200 success_rate=0.00 collisions/ep=0.50 (n=16)
update=19 global_step=38912 SPS=558 w_ev=0.170 m_ev=0.601 m_v_bias=-3.2 m_adv_std=5.1469 m_kl_max=0.0029 m_ratio_max=0.322 return=-217.1 length=200 success_rate=0.00 collisions/ep=0.00 (n=8)
update=20 global_step=40960 SPS=575 w_ev=0.073 m_ev=0.907 m_v_bias=-0.8 m_adv_std=2.1050 m_kl_max=0.0262 m_ratio_max=0.984 return=-220.2 length=200 success_rate=0.00 collisions/ep=0.00 (n=8)
Evaluation at update 20: return=-218.64, length=200.00, success_rate=0.00, collisions/ep=0.00
Solved-check at update 20: solved=False worst_gap=1240.97 at p_x0=2.00 p_y0=0.50 (consecutive=0)
update=21 global_step=43008 SPS=507 w_ev=0.251 m_ev=0.157 m_v_bias=52.4 m_adv_std=140.5728 m_kl_max=0.0073 m_ratio_max=0.602 return=-219.4 length=200 success_rate=0.00 collisions/ep=0.00 (n=8)
update=22 global_step=45056 SPS=522 w_ev=0.434 m_ev=0.504 m_v_bias=-12.0 m_adv_std=45.9372 m_kl_max=0.0044 m_ratio_max=0.343 return=-368.1 length=200 success_rate=0.00 collisions/ep=3.25 (n=16)
update=23 global_step=47104 SPS=536 w_ev=0.588 m_ev=0.638 m_v_bias=-4.5 m_adv_std=54.1461 m_kl_max=0.0091 m_ratio_max=0.391 return=-338.5 length=200 success_rate=0.00 collisions/ep=2.88 (n=8)
update=24 global_step=49152 SPS=548 w_ev=0.348 m_ev=0.293 m_v_bias=-3.8 m_adv_std=49.7989 m_kl_max=0.0141 m_ratio_max=0.666 return=-214.9 length=200 success_rate=0.00 collisions/ep=0.12 (n=8)
update=25 global_step=51200 SPS=562 w_ev=0.027 m_ev=-0.062 m_v_bias=-1.6 m_adv_std=16.0727 m_kl_max=0.0310 m_ratio_max=0.642 return=-253.8 length=200 success_rate=0.00 collisions/ep=0.75 (n=16)
Evaluation at update 25: return=-218.65, length=200.00, success_rate=0.00, collisions/ep=0.00
Solved-check at update 25: solved=False worst_gap=1240.97 at p_x0=2.00 p_y0=0.50 (consecutive=0)
update=26 global_step=53248 SPS=507 w_ev=0.099 m_ev=0.061 m_v_bias=-2.0 m_adv_std=9.4215 m_kl_max=0.0060 m_ratio_max=0.371 return=-223.6 length=200 success_rate=0.00 collisions/ep=0.00 (n=8)
update=27 global_step=55296 SPS=520 w_ev=0.177 m_ev=0.363 m_v_bias=3.0 m_adv_std=11.6014 m_kl_max=0.0062 m_ratio_max=0.304 return=-227.6 length=200 success_rate=0.00 collisions/ep=0.25 (n=8)
update=28 global_step=57344 SPS=532 w_ev=0.301 m_ev=0.631 m_v_bias=-0.0 m_adv_std=10.7648 m_kl_max=0.0096 m_ratio_max=0.462 return=-246.4 length=200 success_rate=0.00 collisions/ep=0.50 (n=8)
update=29 global_step=59392 SPS=545 w_ev=0.204 m_ev=0.452 m_v_bias=-0.8 m_adv_std=5.2780 m_kl_max=0.0279 m_ratio_max=0.833 return=-216.2 length=200 success_rate=0.00 collisions/ep=0.00 (n=16)
update=30 global_step=61440 SPS=556 w_ev=0.262 m_ev=0.794 m_v_bias=-0.7 m_adv_std=2.8958 m_kl_max=0.0129 m_ratio_max=0.636 return=-214.8 length=200 success_rate=0.00 collisions/ep=0.00 (n=8)
Evaluation at update 30: return=-218.64, length=200.00, success_rate=0.00, collisions/ep=0.00
Solved-check at update 30: solved=False worst_gap=1240.97 at p_x0=2.00 p_y0=0.50 (consecutive=0)
update=31 global_step=63488 SPS=517 w_ev=0.265 m_ev=0.546 m_v_bias=-2.6 m_adv_std=7.3692 m_kl_max=0.0121 m_ratio_max=0.412 return=-216.7 length=200 success_rate=0.00 collisions/ep=0.00 (n=8)
update=32 global_step=65536 SPS=528 w_ev=0.154 m_ev=0.685 m_v_bias=-5.1 m_adv_std=6.4722 m_kl_max=0.0143 m_ratio_max=0.580 return=-199.2 length=200 success_rate=0.00 collisions/ep=0.00 (n=8)
update=33 global_step=67584 SPS=538 w_ev=0.624 m_ev=0.290 m_v_bias=31.3 m_adv_std=106.6360 m_kl_max=0.0169 m_ratio_max=0.988 return=-266.6 length=200 success_rate=0.00 collisions/ep=1.50 (n=16)
update=34 global_step=69632 SPS=549 w_ev=0.589 m_ev=0.515 m_v_bias=12.0 m_adv_std=78.6693 m_kl_max=0.0119 m_ratio_max=0.527 return=-408.5 length=200 success_rate=0.00 collisions/ep=4.25 (n=8)
update=35 global_step=71680 SPS=559 w_ev=0.606 m_ev=0.455 m_v_bias=24.1 m_adv_std=96.5918 m_kl_max=0.0099 m_ratio_max=0.554 return=-235.7 length=200 success_rate=0.00 collisions/ep=1.00 (n=8)
Evaluation at update 35: return=-218.65, length=200.00, success_rate=0.00, collisions/ep=0.00
Solved-check at update 35: solved=False worst_gap=1240.96 at p_x0=2.00 p_y0=0.50 (consecutive=0)
update=36 global_step=73728 SPS=522 w_ev=0.662 m_ev=0.719 m_v_bias=-7.7 m_adv_std=27.5594 m_kl_max=0.0209 m_ratio_max=0.479 return=-272.7 length=200 success_rate=0.00 collisions/ep=1.44 (n=16)
update=37 global_step=75776 SPS=532 w_ev=0.333 m_ev=0.101 m_v_bias=-3.6 m_adv_std=16.6203 m_kl_max=0.0195 m_ratio_max=0.916 return=-208.2 length=200 success_rate=0.00 collisions/ep=0.00 (n=8)
update=38 global_step=77824 SPS=540 w_ev=0.631 m_ev=0.393 m_v_bias=28.8 m_adv_std=101.9750 m_kl_max=0.0105 m_ratio_max=0.459 return=-263.3 length=200 success_rate=0.00 collisions/ep=1.12 (n=8)
update=39 global_step=79872 SPS=548 w_ev=0.659 m_ev=0.555 m_v_bias=-6.2 m_adv_std=25.0698 m_kl_max=0.0238 m_ratio_max=0.537 return=-328.9 length=200 success_rate=0.00 collisions/ep=2.25 (n=8)
update=40 global_step=81920 SPS=556 w_ev=0.249 m_ev=0.601 m_v_bias=-1.3 m_adv_std=11.6924 m_kl_max=0.0124 m_ratio_max=0.572 return=-220.2 length=200 success_rate=0.00 collisions/ep=0.06 (n=16)
Evaluation at update 40: return=-218.66, length=200.00, success_rate=0.00, collisions/ep=0.00
Solved-check at update 40: solved=False worst_gap=1240.99 at p_x0=2.00 p_y0=0.50 (consecutive=0)
update=41 global_step=83968 SPS=527 w_ev=0.279 m_ev=-0.616 m_v_bias=-1.2 m_adv_std=8.7502 m_kl_max=0.0021 m_ratio_max=0.206 return=-224.2 length=200 success_rate=0.00 collisions/ep=0.00 (n=8)
update=42 global_step=86016 SPS=535 w_ev=0.315 m_ev=0.603 m_v_bias=-0.2 m_adv_std=4.0501 m_kl_max=0.0297 m_ratio_max=1.313 return=-217.6 length=200 success_rate=0.00 collisions/ep=0.00 (n=8)
update=43 global_step=88064 SPS=543 w_ev=0.457 m_ev=0.717 m_v_bias=-0.4 m_adv_std=3.3795 m_kl_max=0.0258 m_ratio_max=1.037 return=-215.1 length=200 success_rate=0.00 collisions/ep=0.00 (n=16)
update=44 global_step=90112 SPS=551 w_ev=0.271 m_ev=0.619 m_v_bias=0.8 m_adv_std=8.1834 m_kl_max=0.0132 m_ratio_max=0.548 return=-223.6 length=200 success_rate=0.00 collisions/ep=0.12 (n=8)
update=45 global_step=92160 SPS=559 w_ev=0.197 m_ev=-0.112 m_v_bias=-2.7 m_adv_std=9.6698 m_kl_max=0.0259 m_ratio_max=1.008 return=-219.8 length=200 success_rate=0.00 collisions/ep=0.00 (n=8)
Evaluation at update 45: return=-218.67, length=200.00, success_rate=0.00, collisions/ep=0.00
Solved-check at update 45: solved=False worst_gap=1241.02 at p_x0=2.00 p_y0=0.50 (consecutive=0)
update=46 global_step=94208 SPS=529 w_ev=0.275 m_ev=0.604 m_v_bias=-1.4 m_adv_std=4.9947 m_kl_max=0.0512 m_ratio_max=1.234 return=-214.0 length=200 success_rate=0.00 collisions/ep=0.00 (n=8)
update=47 global_step=96256 SPS=537 w_ev=0.334 m_ev=0.185 m_v_bias=1.6 m_adv_std=12.3331 m_kl_max=0.0188 m_ratio_max=0.849 return=-216.6 length=200 success_rate=0.00 collisions/ep=0.19 (n=16)
update=48 global_step=98304 SPS=544 w_ev=0.261 m_ev=0.146 m_v_bias=47.8 m_adv_std=159.8373 m_kl_max=0.0057 m_ratio_max=0.441 return=-406.1 length=200 success_rate=0.00 collisions/ep=4.12 (n=8)
update=49 global_step=100352 SPS=551 w_ev=0.630 m_ev=0.494 m_v_bias=2.9 m_adv_std=68.2359 m_kl_max=0.0374 m_ratio_max=1.255 return=-229.2 length=200 success_rate=0.00 collisions/ep=0.38 (n=8)
update=50 global_step=102400 SPS=558 w_ev=-0.177 m_ev=-5.087 m_v_bias=-8.6 m_adv_std=27.5013 m_kl_max=0.0264 m_ratio_max=0.901 return=-256.3 length=200 success_rate=0.00 collisions/ep=0.94 (n=16)
Evaluation at update 50: return=-218.70, length=200.00, success_rate=0.00, collisions/ep=0.00
Solved-check at update 50: solved=False worst_gap=1241.05 at p_x0=2.00 p_y0=0.50 (consecutive=0)
update=51 global_step=104448 SPS=531 w_ev=0.329 m_ev=0.304 m_v_bias=-1.4 m_adv_std=12.6683 m_kl_max=0.0106 m_ratio_max=0.672 return=-223.5 length=200 success_rate=0.00 collisions/ep=0.12 (n=8)
update=52 global_step=106496 SPS=538 w_ev=0.360 m_ev=0.530 m_v_bias=0.3 m_adv_std=13.0382 m_kl_max=0.0090 m_ratio_max=0.677 return=-249.0 length=200 success_rate=0.00 collisions/ep=0.62 (n=8)
update=53 global_step=108544 SPS=544 w_ev=0.181 m_ev=0.047 m_v_bias=0.8 m_adv_std=13.1844 m_kl_max=0.0241 m_ratio_max=0.911 return=-229.2 length=200 success_rate=0.00 collisions/ep=0.38 (n=8)
update=54 global_step=110592 SPS=551 w_ev=0.271 m_ev=0.319 m_v_bias=-0.6 m_adv_std=9.1295 m_kl_max=0.0182 m_ratio_max=0.538 return=-219.4 length=200 success_rate=0.00 collisions/ep=0.06 (n=16)
update=55 global_step=112640 SPS=557 w_ev=0.300 m_ev=0.245 m_v_bias=15.0 m_adv_std=77.6113 m_kl_max=0.0064 m_ratio_max=0.457 return=-297.0 length=200 success_rate=0.00 collisions/ep=1.88 (n=8)
Evaluation at update 55: return=-214.24, length=200.00, success_rate=0.00, collisions/ep=0.00
Solved-check at update 55: solved=False worst_gap=1236.32 at p_x0=2.00 p_y0=0.50 (consecutive=0)
update=56 global_step=114688 SPS=533 w_ev=0.509 m_ev=0.157 m_v_bias=26.9 m_adv_std=173.0669 m_kl_max=0.0240 m_ratio_max=0.603 return=-380.3 length=200 success_rate=0.00 collisions/ep=3.50 (n=8)
update=57 global_step=116736 SPS=540 w_ev=0.175 m_ev=-0.529 m_v_bias=-1.9 m_adv_std=22.9377 m_kl_max=0.0264 m_ratio_max=0.955 return=-216.6 length=200 success_rate=0.00 collisions/ep=0.00 (n=8)
update=58 global_step=118784 SPS=546 w_ev=0.125 m_ev=0.003 m_v_bias=-7.2 m_adv_std=16.5904 m_kl_max=0.0044 m_ratio_max=0.317 return=-212.3 length=200 success_rate=0.00 collisions/ep=0.00 (n=16)
update=59 global_step=120832 SPS=552 w_ev=-0.532 m_ev=-0.024 m_v_bias=-0.2 m_adv_std=34.8462 m_kl_max=0.0129 m_ratio_max=0.531 return=-245.2 length=200 success_rate=0.00 collisions/ep=0.62 (n=8)
update=60 global_step=122880 SPS=558 w_ev=0.209 m_ev=-0.280 m_v_bias=-5.6 m_adv_std=11.6979 m_kl_max=0.0281 m_ratio_max=1.016 return=-213.0 length=200 success_rate=0.00 collisions/ep=0.00 (n=8)
Evaluation at update 60: return=-217.90, length=200.00, success_rate=0.00, collisions/ep=0.00
Solved-check at update 60: solved=False worst_gap=1239.61 at p_x0=2.00 p_y0=0.50 (consecutive=0)
update=61 global_step=124928 SPS=536 w_ev=0.225 m_ev=0.726 m_v_bias=-5.0 m_adv_std=4.8399 m_kl_max=0.0447 m_ratio_max=1.213 return=-205.2 length=200 success_rate=0.00 collisions/ep=0.00 (n=16)
update=62 global_step=126976 SPS=542 w_ev=0.242 m_ev=0.305 m_v_bias=0.5 m_adv_std=9.7524 m_kl_max=0.0159 m_ratio_max=0.523 return=-220.9 length=200 success_rate=0.00 collisions/ep=0.25 (n=8)
update=63 global_step=129024 SPS=548 w_ev=0.414 m_ev=0.286 m_v_bias=4.4 m_adv_std=38.8191 m_kl_max=0.0180 m_ratio_max=1.067 return=-241.6 length=200 success_rate=0.00 collisions/ep=1.12 (n=8)
update=64 global_step=131072 SPS=553 w_ev=0.551 m_ev=0.427 m_v_bias=5.4 m_adv_std=36.1937 m_kl_max=0.0148 m_ratio_max=0.459 return=-254.1 length=200 success_rate=0.00 collisions/ep=1.25 (n=8)
update=65 global_step=133120 SPS=558 w_ev=0.625 m_ev=0.387 m_v_bias=3.6 m_adv_std=45.9443 m_kl_max=0.0215 m_ratio_max=0.550 return=-229.8 length=200 success_rate=0.00 collisions/ep=0.75 (n=16)
Evaluation at update 65: return=-209.72, length=200.00, success_rate=0.00, collisions/ep=0.00
Solved-check at update 65: solved=False worst_gap=1231.06 at p_x0=2.00 p_y0=0.50 (consecutive=0)
update=66 global_step=135168 SPS=539 w_ev=0.479 m_ev=0.063 m_v_bias=-4.6 m_adv_std=19.9867 m_kl_max=0.0126 m_ratio_max=0.969 return=-206.3 length=200 success_rate=0.00 collisions/ep=0.00 (n=8)
update=67 global_step=137216 SPS=545 w_ev=0.198 m_ev=-0.755 m_v_bias=-6.9 m_adv_std=13.6280 m_kl_max=0.0255 m_ratio_max=0.681 return=-209.7 length=200 success_rate=0.00 collisions/ep=0.12 (n=8)
update=68 global_step=139264 SPS=550 w_ev=0.123 m_ev=0.336 m_v_bias=0.4 m_adv_std=8.1657 m_kl_max=0.0437 m_ratio_max=0.945 return=-214.5 length=200 success_rate=0.00 collisions/ep=0.12 (n=16)
update=69 global_step=141312 SPS=556 w_ev=0.617 m_ev=0.444 m_v_bias=5.6 m_adv_std=43.4556 m_kl_max=0.0182 m_ratio_max=0.529 return=-246.0 length=200 success_rate=0.00 collisions/ep=1.12 (n=8)
update=70 global_step=143360 SPS=561 w_ev=0.526 m_ev=0.360 m_v_bias=17.6 m_adv_std=61.6402 m_kl_max=0.0298 m_ratio_max=0.853 return=-233.9 length=200 success_rate=0.00 collisions/ep=0.62 (n=8)
Evaluation at update 70: return=-211.14, length=200.00, success_rate=0.00, collisions/ep=0.00
Solved-check at update 70: solved=False worst_gap=1232.63 at p_x0=2.00 p_y0=0.50 (consecutive=0)
update=71 global_step=145408 SPS=543 w_ev=0.683 m_ev=0.586 m_v_bias=-0.2 m_adv_std=51.8843 m_kl_max=0.0179 m_ratio_max=0.608 return=-340.7 length=200 success_rate=0.00 collisions/ep=2.88 (n=8)
update=72 global_step=147456 SPS=548 w_ev=0.133 m_ev=0.111 m_v_bias=1.1 m_adv_std=12.5096 m_kl_max=0.0147 m_ratio_max=0.465 return=-212.5 length=200 success_rate=0.00 collisions/ep=0.00 (n=16)
update=73 global_step=149504 SPS=552 w_ev=0.254 m_ev=-0.449 m_v_bias=-0.3 m_adv_std=9.5337 m_kl_max=0.0206 m_ratio_max=0.785 return=-208.7 length=200 success_rate=0.00 collisions/ep=0.00 (n=8)
update=74 global_step=151552 SPS=557 w_ev=0.176 m_ev=0.507 m_v_bias=0.1 m_adv_std=5.5501 m_kl_max=0.0547 m_ratio_max=1.058 return=-209.7 length=200 success_rate=0.00 collisions/ep=0.00 (n=8)
update=75 global_step=153600 SPS=562 w_ev=0.191 m_ev=0.467 m_v_bias=-0.8 m_adv_std=5.2636 m_kl_max=0.0539 m_ratio_max=2.068 return=-212.4 length=200 success_rate=0.00 collisions/ep=0.00 (n=16)
Evaluation at update 75: return=-192.21, length=200.00, success_rate=0.00, collisions/ep=0.00
Solved-check at update 75: solved=False worst_gap=1214.34 at p_x0=2.00 p_y0=0.00 (consecutive=0)
update=76 global_step=155648 SPS=544 w_ev=0.439 m_ev=0.366 m_v_bias=1.3 m_adv_std=24.8676 m_kl_max=0.0069 m_ratio_max=0.536 return=-215.5 length=200 success_rate=0.00 collisions/ep=0.50 (n=8)
update=77 global_step=157696 SPS=549 w_ev=0.234 m_ev=-0.049 m_v_bias=-3.0 m_adv_std=9.0821 m_kl_max=0.0078 m_ratio_max=0.441 return=-196.8 length=200 success_rate=0.00 collisions/ep=0.00 (n=8)
update=78 global_step=159744 SPS=554 w_ev=0.491 m_ev=0.225 m_v_bias=2.3 m_adv_std=32.8169 m_kl_max=0.0097 m_ratio_max=0.431 return=-226.7 length=200 success_rate=0.00 collisions/ep=0.75 (n=8)
update=79 global_step=161792 SPS=558 w_ev=-0.013 m_ev=0.267 m_v_bias=0.3 m_adv_std=6.5801 m_kl_max=0.0230 m_ratio_max=0.821 return=-197.7 length=200 success_rate=0.00 collisions/ep=0.00 (n=16)
update=80 global_step=163840 SPS=562 w_ev=-0.035 m_ev=-0.385 m_v_bias=-3.4 m_adv_std=9.0921 m_kl_max=0.0130 m_ratio_max=0.718 return=-193.4 length=200 success_rate=0.00 collisions/ep=0.00 (n=8)
Evaluation at update 80: return=-188.21, length=200.00, success_rate=0.00, collisions/ep=0.00
Solved-check at update 80: solved=False worst_gap=1210.22 at p_x0=2.00 p_y0=0.50 (consecutive=0)
update=81 global_step=165888 SPS=547 w_ev=0.391 m_ev=0.326 m_v_bias=-0.2 m_adv_std=8.1223 m_kl_max=0.0485 m_ratio_max=1.268 return=-194.8 length=200 success_rate=0.00 collisions/ep=0.12 (n=8)
update=82 global_step=167936 SPS=552 w_ev=0.216 m_ev=0.111 m_v_bias=25.0 m_adv_std=82.2617 m_kl_max=0.0152 m_ratio_max=0.629 return=-200.1 length=200 success_rate=0.00 collisions/ep=0.25 (n=8)
update=83 global_step=169984 SPS=556 w_ev=0.729 m_ev=0.574 m_v_bias=8.7 m_adv_std=47.1261 m_kl_max=0.0198 m_ratio_max=0.504 return=-275.2 length=200 success_rate=0.00 collisions/ep=1.81 (n=16)
update=84 global_step=172032 SPS=561 w_ev=0.432 m_ev=-0.811 m_v_bias=-7.4 m_adv_std=18.1199 m_kl_max=0.0070 m_ratio_max=0.534 return=-191.0 length=200 success_rate=0.00 collisions/ep=0.00 (n=8)
update=85 global_step=174080 SPS=565 w_ev=0.497 m_ev=-0.196 m_v_bias=-5.0 m_adv_std=15.0088 m_kl_max=0.0200 m_ratio_max=0.635 return=-189.5 length=200 success_rate=0.00 collisions/ep=0.00 (n=8)
Evaluation at update 85: return=-195.76, length=200.00, success_rate=0.00, collisions/ep=0.00
Solved-check at update 85: solved=False worst_gap=1217.77 at p_x0=2.00 p_y0=0.00 (consecutive=0)
update=86 global_step=176128 SPS=549 w_ev=-0.001 m_ev=-0.010 m_v_bias=1.6 m_adv_std=17.2566 m_kl_max=0.0372 m_ratio_max=0.778 return=-212.5 length=200 success_rate=0.00 collisions/ep=0.25 (n=16)
update=87 global_step=178176 SPS=554 w_ev=0.221 m_ev=0.293 m_v_bias=-3.5 m_adv_std=5.3819 m_kl_max=0.0858 m_ratio_max=3.169 return=-194.2 length=200 success_rate=0.00 collisions/ep=0.00 (n=8)
update=88 global_step=180224 SPS=558 w_ev=0.345 m_ev=0.432 m_v_bias=-1.2 m_adv_std=6.6287 m_kl_max=0.0176 m_ratio_max=0.855 return=-184.8 length=200 success_rate=0.00 collisions/ep=0.00 (n=8)
update=89 global_step=182272 SPS=561 w_ev=0.395 m_ev=0.069 m_v_bias=3.3 m_adv_std=27.8485 m_kl_max=0.0121 m_ratio_max=0.529 return=-216.9 length=200 success_rate=0.00 collisions/ep=0.62 (n=8)
update=90 global_step=184320 SPS=565 w_ev=0.203 m_ev=0.064 m_v_bias=9.7 m_adv_std=50.1004 m_kl_max=0.0288 m_ratio_max=0.974 return=-210.4 length=200 success_rate=0.00 collisions/ep=0.50 (n=16)
Evaluation at update 90: return=-187.64, length=200.00, success_rate=0.00, collisions/ep=0.00
Solved-check at update 90: solved=False worst_gap=1209.82 at p_x0=2.00 p_y0=0.00 (consecutive=0)
update=91 global_step=186368 SPS=552 w_ev=0.193 m_ev=-0.225 m_v_bias=-5.8 m_adv_std=9.8801 m_kl_max=0.0192 m_ratio_max=0.779 return=-229.1 length=200 success_rate=0.00 collisions/ep=0.75 (n=8)
update=92 global_step=188416 SPS=556 w_ev=0.305 m_ev=0.264 m_v_bias=-0.6 m_adv_std=14.8231 m_kl_max=0.0186 m_ratio_max=0.574 return=-210.2 length=200 success_rate=0.00 collisions/ep=0.38 (n=8)
update=93 global_step=190464 SPS=560 w_ev=0.336 m_ev=0.091 m_v_bias=17.3 m_adv_std=62.9613 m_kl_max=0.0283 m_ratio_max=1.215 return=-228.4 length=200 success_rate=0.00 collisions/ep=0.81 (n=16)
update=94 global_step=192512 SPS=564 w_ev=0.250 m_ev=0.179 m_v_bias=0.6 m_adv_std=24.4979 m_kl_max=0.0197 m_ratio_max=0.540 return=-227.4 length=200 success_rate=0.00 collisions/ep=0.62 (n=8)
update=95 global_step=194560 SPS=568 w_ev=0.409 m_ev=0.476 m_v_bias=-4.3 m_adv_std=9.2913 m_kl_max=0.0216 m_ratio_max=0.611 return=-197.8 length=200 success_rate=0.00 collisions/ep=0.12 (n=8)
Evaluation at update 95: return=-196.87, length=200.00, success_rate=0.00, collisions/ep=0.00
Solved-check at update 95: solved=False worst_gap=1218.62 at p_x0=2.00 p_y0=0.00 (consecutive=0)
update=96 global_step=196608 SPS=554 w_ev=0.371 m_ev=0.546 m_v_bias=-2.2 m_adv_std=3.4361 m_kl_max=0.0229 m_ratio_max=0.954 return=-199.1 length=200 success_rate=0.00 collisions/ep=0.00 (n=8)
update=97 global_step=198656 SPS=558 w_ev=0.299 m_ev=0.632 m_v_bias=-1.4 m_adv_std=4.2399 m_kl_max=0.0513 m_ratio_max=1.338 return=-198.0 length=200 success_rate=0.00 collisions/ep=0.00 (n=16)
update=98 global_step=200704 SPS=562 w_ev=0.329 m_ev=0.804 m_v_bias=-2.5 m_adv_std=2.8938 m_kl_max=0.0900 m_ratio_max=4.418 return=-196.6 length=200 success_rate=0.00 collisions/ep=0.00 (n=8)
update=99 global_step=202752 SPS=566 w_ev=0.448 m_ev=0.830 m_v_bias=-1.3 m_adv_std=4.2901 m_kl_max=0.0150 m_ratio_max=0.591 return=-191.5 length=200 success_rate=0.00 collisions/ep=0.00 (n=8)
update=100 global_step=204800 SPS=570 w_ev=0.379 m_ev=0.686 m_v_bias=-2.6 m_adv_std=5.0240 m_kl_max=0.0110 m_ratio_max=0.471 return=-194.1 length=200 success_rate=0.00 collisions/ep=0.12 (n=16)
Evaluation at update 100: return=-187.45, length=200.00, success_rate=0.00, collisions/ep=0.00
Solved-check at update 100: solved=False worst_gap=1210.14 at p_x0=2.00 p_y0=0.00 (consecutive=0)
update=101 global_step=206848 SPS=557 w_ev=0.444 m_ev=0.709 m_v_bias=-1.8 m_adv_std=3.4825 m_kl_max=0.0527 m_ratio_max=2.226 return=-190.2 length=200 success_rate=0.00 collisions/ep=0.00 (n=8)
update=102 global_step=208896 SPS=561 w_ev=0.494 m_ev=0.482 m_v_bias=-0.8 m_adv_std=6.6372 m_kl_max=0.0085 m_ratio_max=0.660 return=-191.1 length=200 success_rate=0.00 collisions/ep=0.12 (n=8)
update=103 global_step=210944 SPS=565 w_ev=0.315 m_ev=0.828 m_v_bias=-1.8 m_adv_std=2.4545 m_kl_max=0.0605 m_ratio_max=1.634 return=-185.9 length=200 success_rate=0.00 collisions/ep=0.00 (n=8)
update=104 global_step=212992 SPS=569 w_ev=0.361 m_ev=0.166 m_v_bias=19.7 m_adv_std=51.0584 m_kl_max=0.0363 m_ratio_max=0.816 return=-226.4 length=200 success_rate=0.00 collisions/ep=0.94 (n=16)
update=105 global_step=215040 SPS=572 w_ev=0.384 m_ev=0.280 m_v_bias=1.3 m_adv_std=34.2536 m_kl_max=0.0439 m_ratio_max=1.907 return=-222.6 length=200 success_rate=0.00 collisions/ep=0.75 (n=8)
Evaluation at update 105: return=-185.86, length=200.00, success_rate=0.00, collisions/ep=0.00
Solved-check at update 105: solved=False worst_gap=1208.21 at p_x0=2.00 p_y0=0.00 (consecutive=0)
update=106 global_step=217088 SPS=562 w_ev=0.488 m_ev=0.240 m_v_bias=-2.9 m_adv_std=7.2544 m_kl_max=0.0476 m_ratio_max=1.681 return=-184.1 length=200 success_rate=0.00 collisions/ep=0.00 (n=8)
update=107 global_step=219136 SPS=565 w_ev=0.454 m_ev=0.622 m_v_bias=-3.3 m_adv_std=3.7395 m_kl_max=0.0263 m_ratio_max=0.708 return=-189.9 length=200 success_rate=0.00 collisions/ep=0.00 (n=8)
update=108 global_step=221184 SPS=569 w_ev=0.531 m_ev=0.237 m_v_bias=-1.8 m_adv_std=6.8237 m_kl_max=0.0207 m_ratio_max=0.867 return=-193.2 length=200 success_rate=0.00 collisions/ep=0.06 (n=16)
update=109 global_step=223232 SPS=572 w_ev=0.362 m_ev=0.101 m_v_bias=13.6 m_adv_std=70.4276 m_kl_max=0.0136 m_ratio_max=0.595 return=-259.3 length=200 success_rate=0.00 collisions/ep=1.50 (n=8)
update=110 global_step=225280 SPS=576 w_ev=0.408 m_ev=-0.391 m_v_bias=-3.0 m_adv_std=16.4794 m_kl_max=0.0223 m_ratio_max=0.674 return=-183.9 length=200 success_rate=0.00 collisions/ep=0.00 (n=8)
Evaluation at update 110: return=-188.35, length=200.00, success_rate=0.00, collisions/ep=0.00
Solved-check at update 110: solved=False worst_gap=1210.80 at p_x0=2.00 p_y0=0.00 (consecutive=0)
update=111 global_step=227328 SPS=567 w_ev=0.501 m_ev=0.634 m_v_bias=-4.2 m_adv_std=4.9546 m_kl_max=0.0576 m_ratio_max=1.316 return=-192.9 length=200 success_rate=0.00 collisions/ep=0.06 (n=16)
update=112 global_step=229376 SPS=570 w_ev=0.570 m_ev=0.557 m_v_bias=-1.8 m_adv_std=7.2038 m_kl_max=0.0178 m_ratio_max=0.964 return=-189.3 length=200 success_rate=0.00 collisions/ep=0.12 (n=8)
update=113 global_step=231424 SPS=573 w_ev=0.583 m_ev=0.499 m_v_bias=-2.0 m_adv_std=6.6127 m_kl_max=0.0068 m_ratio_max=0.635 return=-196.7 length=200 success_rate=0.00 collisions/ep=0.25 (n=8)
update=114 global_step=233472 SPS=577 w_ev=0.415 m_ev=0.144 m_v_bias=17.4 m_adv_std=62.4253 m_kl_max=0.0281 m_ratio_max=1.703 return=-222.1 length=200 success_rate=0.00 collisions/ep=0.88 (n=8)
update=115 global_step=235520 SPS=580 w_ev=0.486 m_ev=-0.156 m_v_bias=3.3 m_adv_std=20.6041 m_kl_max=0.0216 m_ratio_max=0.854 return=-220.8 length=200 success_rate=0.00 collisions/ep=0.75 (n=16)
Evaluation at update 115: return=-186.68, length=200.00, success_rate=0.00, collisions/ep=0.00
Solved-check at update 115: solved=False worst_gap=1208.97 at p_x0=2.00 p_y0=0.00 (consecutive=0)
update=116 global_step=237568 SPS=570 w_ev=0.637 m_ev=0.515 m_v_bias=0.1 m_adv_std=15.5174 m_kl_max=0.0316 m_ratio_max=0.784 return=-197.7 length=200 success_rate=0.00 collisions/ep=0.25 (n=8)
update=117 global_step=239616 SPS=573 w_ev=0.628 m_ev=0.349 m_v_bias=-2.3 m_adv_std=12.7767 m_kl_max=0.0137 m_ratio_max=0.544 return=-208.6 length=200 success_rate=0.00 collisions/ep=0.50 (n=8)
update=118 global_step=241664 SPS=577 w_ev=0.325 m_ev=0.178 m_v_bias=-0.2 m_adv_std=7.1798 m_kl_max=0.0249 m_ratio_max=0.789 return=-190.4 length=200 success_rate=0.00 collisions/ep=0.06 (n=16)
update=119 global_step=243712 SPS=580 w_ev=0.424 m_ev=0.783 m_v_bias=-2.9 m_adv_std=2.6191 m_kl_max=0.0599 m_ratio_max=1.546 return=-186.8 length=200 success_rate=0.00 collisions/ep=0.00 (n=8)
update=120 global_step=245760 SPS=584 w_ev=0.581 m_ev=0.117 m_v_bias=18.1 m_adv_std=85.5986 m_kl_max=0.0213 m_ratio_max=0.828 return=-270.7 length=200 success_rate=0.00 collisions/ep=1.75 (n=8)
Evaluation at update 120: return=-185.41, length=200.00, success_rate=0.00, collisions/ep=0.00
Solved-check at update 120: solved=False worst_gap=1207.79 at p_x0=2.00 p_y0=0.00 (consecutive=0)
update=121 global_step=247808 SPS=574 w_ev=0.498 m_ev=-0.255 m_v_bias=-4.5 m_adv_std=17.6340 m_kl_max=0.0275 m_ratio_max=0.975 return=-180.9 length=200 success_rate=0.00 collisions/ep=0.00 (n=8)
update=122 global_step=249856 SPS=578 w_ev=0.627 m_ev=0.149 m_v_bias=-5.2 m_adv_std=6.6186 m_kl_max=0.0254 m_ratio_max=0.759 return=-187.5 length=200 success_rate=0.00 collisions/ep=0.00 (n=16)
update=123 global_step=251904 SPS=581 w_ev=0.581 m_ev=0.804 m_v_bias=-3.3 m_adv_std=2.5477 m_kl_max=0.0282 m_ratio_max=0.738 return=-186.5 length=200 success_rate=0.00 collisions/ep=0.00 (n=8)
update=124 global_step=253952 SPS=584 w_ev=0.593 m_ev=0.743 m_v_bias=-2.4 m_adv_std=2.8850 m_kl_max=0.0303 m_ratio_max=0.903 return=-182.9 length=200 success_rate=0.00 collisions/ep=0.00 (n=8)
update=125 global_step=256000 SPS=587 w_ev=0.541 m_ev=0.152 m_v_bias=5.7 m_adv_std=55.5927 m_kl_max=0.0121 m_ratio_max=0.468 return=-217.1 length=200 success_rate=0.00 collisions/ep=0.69 (n=16)
Evaluation at update 125: return=-185.19, length=200.00, success_rate=0.00, collisions/ep=0.00
Solved-check at update 125: solved=False worst_gap=1207.61 at p_x0=2.00 p_y0=0.00 (consecutive=0)
update=126 global_step=258048 SPS=578 w_ev=0.050 m_ev=-0.727 m_v_bias=-5.1 m_adv_std=12.3959 m_kl_max=0.0202 m_ratio_max=0.786 return=-182.7 length=200 success_rate=0.00 collisions/ep=0.00 (n=8)
update=127 global_step=260096 SPS=581 w_ev=0.437 m_ev=0.759 m_v_bias=-2.3 m_adv_std=3.1778 m_kl_max=0.0216 m_ratio_max=0.862 return=-188.7 length=200 success_rate=0.00 collisions/ep=0.00 (n=8)
update=128 global_step=262144 SPS=584 w_ev=0.582 m_ev=0.448 m_v_bias=-0.9 m_adv_std=6.5453 m_kl_max=0.0274 m_ratio_max=1.231 return=-191.3 length=200 success_rate=0.00 collisions/ep=0.12 (n=8)
update=129 global_step=264192 SPS=587 w_ev=0.618 m_ev=0.682 m_v_bias=0.2 m_adv_std=5.6177 m_kl_max=0.0280 m_ratio_max=0.694 return=-182.9 length=200 success_rate=0.00 collisions/ep=0.06 (n=16)
update=130 global_step=266240 SPS=590 w_ev=0.627 m_ev=0.225 m_v_bias=10.3 m_adv_std=37.4467 m_kl_max=0.0218 m_ratio_max=0.884 return=-227.8 length=200 success_rate=0.00 collisions/ep=1.00 (n=8)
Evaluation at update 130: return=-179.12, length=200.00, success_rate=0.00, collisions/ep=0.00
Solved-check at update 130: solved=False worst_gap=1202.45 at p_x0=2.00 p_y0=0.50 (consecutive=0)
update=131 global_step=268288 SPS=580 w_ev=0.392 m_ev=-0.216 m_v_bias=0.6 m_adv_std=20.2666 m_kl_max=0.0278 m_ratio_max=1.078 return=-182.3 length=200 success_rate=0.00 collisions/ep=0.00 (n=8)
update=132 global_step=270336 SPS=583 w_ev=0.444 m_ev=0.492 m_v_bias=-4.8 m_adv_std=4.0823 m_kl_max=0.0363 m_ratio_max=1.562 return=-202.9 length=200 success_rate=0.00 collisions/ep=0.38 (n=8)
update=133 global_step=272384 SPS=586 w_ev=0.600 m_ev=0.116 m_v_bias=11.6 m_adv_std=49.4884 m_kl_max=0.0116 m_ratio_max=0.418 return=-218.6 length=200 success_rate=0.00 collisions/ep=0.69 (n=16)
update=134 global_step=274432 SPS=589 w_ev=0.549 m_ev=0.154 m_v_bias=-6.7 m_adv_std=8.1994 m_kl_max=0.0087 m_ratio_max=0.350 return=-179.5 length=200 success_rate=0.00 collisions/ep=0.00 (n=8)
update=135 global_step=276480 SPS=592 w_ev=0.455 m_ev=0.071 m_v_bias=13.5 m_adv_std=82.5973 m_kl_max=0.0149 m_ratio_max=0.679 return=-185.8 length=200 success_rate=0.00 collisions/ep=0.00 (n=8)
Evaluation at update 135: return=-182.95, length=200.00, success_rate=0.00, collisions/ep=0.00
Solved-check at update 135: solved=False worst_gap=1207.02 at p_x0=2.00 p_y0=0.50 (consecutive=0)
update=136 global_step=278528 SPS=584 w_ev=0.438 m_ev=-1.845 m_v_bias=-7.5 m_adv_std=15.2462 m_kl_max=0.0148 m_ratio_max=0.616 return=-228.6 length=200 success_rate=0.00 collisions/ep=0.88 (n=16)
update=137 global_step=280576 SPS=587 w_ev=0.551 m_ev=0.408 m_v_bias=-6.3 m_adv_std=4.9753 m_kl_max=0.0122 m_ratio_max=0.424 return=-184.9 length=200 success_rate=0.00 collisions/ep=0.00 (n=8)
update=138 global_step=282624 SPS=590 w_ev=0.489 m_ev=0.548 m_v_bias=-3.6 m_adv_std=3.6955 m_kl_max=0.0399 m_ratio_max=1.524 return=-183.5 length=200 success_rate=0.00 collisions/ep=0.00 (n=8)
update=139 global_step=284672 SPS=592 w_ev=0.511 m_ev=0.862 m_v_bias=-3.6 m_adv_std=2.3085 m_kl_max=0.0450 m_ratio_max=1.892 return=-185.0 length=200 success_rate=0.00 collisions/ep=0.00 (n=8)
update=140 global_step=286720 SPS=595 w_ev=0.655 m_ev=0.376 m_v_bias=0.2 m_adv_std=8.6363 m_kl_max=0.0236 m_ratio_max=1.033 return=-187.9 length=200 success_rate=0.00 collisions/ep=0.12 (n=16)
Evaluation at update 140: return=-179.87, length=200.00, success_rate=0.00, collisions/ep=0.00
Solved-check at update 140: solved=False worst_gap=1202.90 at p_x0=2.00 p_y0=1.00 (consecutive=0)
update=141 global_step=288768 SPS=584 w_ev=0.386 m_ev=0.036 m_v_bias=10.0 m_adv_std=60.0161 m_kl_max=0.0289 m_ratio_max=0.805 return=-183.7 length=200 success_rate=0.00 collisions/ep=0.00 (n=8)
update=142 global_step=290816 SPS=586 w_ev=0.576 m_ev=0.214 m_v_bias=-3.9 m_adv_std=8.2971 m_kl_max=0.0157 m_ratio_max=0.617 return=-248.7 length=200 success_rate=0.00 collisions/ep=1.38 (n=8)
update=143 global_step=292864 SPS=589 w_ev=0.649 m_ev=0.662 m_v_bias=-3.7 m_adv_std=4.4321 m_kl_max=0.0167 m_ratio_max=0.925 return=-181.3 length=200 success_rate=0.00 collisions/ep=0.00 (n=16)
update=144 global_step=294912 SPS=592 w_ev=0.690 m_ev=0.907 m_v_bias=-2.6 m_adv_std=2.2429 m_kl_max=0.0212 m_ratio_max=0.779 return=-177.6 length=200 success_rate=0.00 collisions/ep=0.00 (n=8)
update=145 global_step=296960 SPS=594 w_ev=0.624 m_ev=0.896 m_v_bias=-1.3 m_adv_std=1.6918 m_kl_max=0.0302 m_ratio_max=1.355 return=-181.4 length=200 success_rate=0.00 collisions/ep=0.00 (n=8)
Evaluation at update 145: return=-177.76, length=200.00, success_rate=0.00, collisions/ep=0.00
Solved-check at update 145: solved=False worst_gap=1201.23 at p_x0=2.00 p_y0=1.00 (consecutive=0)
update=146 global_step=299008 SPS=586 w_ev=0.599 m_ev=0.939 m_v_bias=-1.0 m_adv_std=1.3077 m_kl_max=0.0345 m_ratio_max=1.179 return=-182.3 length=200 success_rate=0.00 collisions/ep=0.00 (n=8)
update=147 global_step=301056 SPS=588 w_ev=0.684 m_ev=0.858 m_v_bias=-1.7 m_adv_std=2.6418 m_kl_max=0.0439 m_ratio_max=0.956 return=-181.8 length=200 success_rate=0.00 collisions/ep=0.00 (n=16)
update=148 global_step=303104 SPS=591 w_ev=0.681 m_ev=0.521 m_v_bias=2.5 m_adv_std=9.1793 m_kl_max=0.0250 m_ratio_max=0.713 return=-199.1 length=200 success_rate=0.00 collisions/ep=0.38 (n=8)
update=149 global_step=305152 SPS=594 w_ev=0.647 m_ev=0.437 m_v_bias=0.3 m_adv_std=8.9194 m_kl_max=0.0264 m_ratio_max=1.384 return=-191.8 length=200 success_rate=0.00 collisions/ep=0.25 (n=8)
update=150 global_step=307200 SPS=596 w_ev=0.584 m_ev=0.266 m_v_bias=2.3 m_adv_std=22.0293 m_kl_max=0.0255 m_ratio_max=1.291 return=-191.4 length=200 success_rate=0.00 collisions/ep=0.25 (n=16)
Evaluation at update 150: return=-178.09, length=200.00, success_rate=0.00, collisions/ep=0.00
Solved-check at update 150: solved=False worst_gap=1200.92 at p_x0=2.00 p_y0=1.00 (consecutive=0)
update=151 global_step=309248 SPS=588 w_ev=0.677 m_ev=0.439 m_v_bias=-0.3 m_adv_std=6.1647 m_kl_max=0.0200 m_ratio_max=0.879 return=-184.1 length=200 success_rate=0.00 collisions/ep=0.00 (n=8)
update=152 global_step=311296 SPS=590 w_ev=0.690 m_ev=0.605 m_v_bias=0.0 m_adv_std=6.0609 m_kl_max=0.0180 m_ratio_max=0.613 return=-189.5 length=200 success_rate=0.00 collisions/ep=0.12 (n=8)
update=153 global_step=313344 SPS=593 w_ev=0.601 m_ev=0.747 m_v_bias=-0.3 m_adv_std=2.9204 m_kl_max=0.0166 m_ratio_max=0.647 return=-178.7 length=200 success_rate=0.00 collisions/ep=0.00 (n=8)
update=154 global_step=315392 SPS=595 w_ev=0.604 m_ev=0.878 m_v_bias=-1.2 m_adv_std=2.1216 m_kl_max=0.0542 m_ratio_max=1.088 return=-183.5 length=200 success_rate=0.00 collisions/ep=0.00 (n=16)
update=155 global_step=317440 SPS=598 w_ev=0.597 m_ev=0.920 m_v_bias=-1.1 m_adv_std=1.7145 m_kl_max=0.0203 m_ratio_max=0.586 return=-180.9 length=200 success_rate=0.00 collisions/ep=0.00 (n=8)
Evaluation at update 155: return=-177.20, length=200.00, success_rate=0.00, collisions/ep=0.00
Solved-check at update 155: solved=False worst_gap=1200.58 at p_x0=2.00 p_y0=1.00 (consecutive=0)
update=156 global_step=319488 SPS=590 w_ev=0.515 m_ev=0.912 m_v_bias=-0.5 m_adv_std=1.5264 m_kl_max=0.0176 m_ratio_max=0.557 return=-179.9 length=200 success_rate=0.00 collisions/ep=0.00 (n=8)
update=157 global_step=321536 SPS=592 w_ev=0.598 m_ev=0.935 m_v_bias=-0.4 m_adv_std=1.2541 m_kl_max=0.0931 m_ratio_max=2.194 return=-182.7 length=200 success_rate=0.00 collisions/ep=0.00 (n=8)
update=158 global_step=323584 SPS=595 w_ev=0.801 m_ev=0.548 m_v_bias=1.3 m_adv_std=8.6387 m_kl_max=0.0169 m_ratio_max=0.551 return=-184.1 length=200 success_rate=0.00 collisions/ep=0.12 (n=16)
update=159 global_step=325632 SPS=597 w_ev=0.704 m_ev=0.379 m_v_bias=-1.1 m_adv_std=5.6005 m_kl_max=0.0123 m_ratio_max=0.508 return=-180.9 length=200 success_rate=0.00 collisions/ep=0.00 (n=8)
update=160 global_step=327680 SPS=600 w_ev=0.580 m_ev=0.817 m_v_bias=-1.7 m_adv_std=2.5355 m_kl_max=0.0546 m_ratio_max=1.280 return=-178.9 length=200 success_rate=0.00 collisions/ep=0.00 (n=8)
Evaluation at update 160: return=-174.22, length=200.00, success_rate=0.00, collisions/ep=0.00
Solved-check at update 160: solved=False worst_gap=1197.32 at p_x0=2.00 p_y0=1.00 (consecutive=0)
update=161 global_step=329728 SPS=592 w_ev=0.803 m_ev=0.983 m_v_bias=-1.4 m_adv_std=0.9809 m_kl_max=0.0120 m_ratio_max=0.432 return=-176.3 length=200 success_rate=0.00 collisions/ep=0.00 (n=16)
update=162 global_step=331776 SPS=595 w_ev=0.513 m_ev=0.106 m_v_bias=20.3 m_adv_std=46.4916 m_kl_max=0.0176 m_ratio_max=0.583 return=-266.7 length=200 success_rate=0.00 collisions/ep=1.88 (n=8)
update=163 global_step=333824 SPS=597 w_ev=0.556 m_ev=-0.068 m_v_bias=-5.4 m_adv_std=15.5519 m_kl_max=0.0288 m_ratio_max=0.614 return=-177.2 length=200 success_rate=0.00 collisions/ep=0.00 (n=8)
update=164 global_step=335872 SPS=599 w_ev=0.652 m_ev=0.700 m_v_bias=-7.6 m_adv_std=6.8987 m_kl_max=0.0257 m_ratio_max=1.083 return=-188.3 length=200 success_rate=0.00 collisions/ep=0.25 (n=8)
update=165 global_step=337920 SPS=601 w_ev=0.674 m_ev=0.352 m_v_bias=-0.4 m_adv_std=15.0646 m_kl_max=0.0136 m_ratio_max=0.560 return=-194.5 length=200 success_rate=0.00 collisions/ep=0.31 (n=16)
Evaluation at update 165: return=-175.71, length=200.00, success_rate=0.00, collisions/ep=0.00
Solved-check at update 165: solved=False worst_gap=1198.96 at p_x0=2.00 p_y0=1.00 (consecutive=0)
update=166 global_step=339968 SPS=594 w_ev=0.671 m_ev=0.392 m_v_bias=-3.6 m_adv_std=7.0857 m_kl_max=0.0191 m_ratio_max=0.808 return=-188.1 length=200 success_rate=0.00 collisions/ep=0.12 (n=8)
update=167 global_step=342016 SPS=596 w_ev=0.596 m_ev=0.210 m_v_bias=-1.3 m_adv_std=16.7241 m_kl_max=0.0084 m_ratio_max=0.400 return=-209.4 length=200 success_rate=0.00 collisions/ep=0.62 (n=8)
update=168 global_step=344064 SPS=598 w_ev=0.708 m_ev=0.241 m_v_bias=0.1 m_adv_std=16.0494 m_kl_max=0.0244 m_ratio_max=0.547 return=-187.9 length=200 success_rate=0.00 collisions/ep=0.19 (n=16)
update=169 global_step=346112 SPS=600 w_ev=0.675 m_ev=0.610 m_v_bias=-1.3 m_adv_std=4.5503 m_kl_max=0.0118 m_ratio_max=0.626 return=-179.1 length=200 success_rate=0.00 collisions/ep=0.00 (n=8)
update=170 global_step=348160 SPS=603 w_ev=0.686 m_ev=0.526 m_v_bias=-0.9 m_adv_std=5.0390 m_kl_max=0.0185 m_ratio_max=0.700 return=-188.1 length=200 success_rate=0.00 collisions/ep=0.12 (n=8)
Evaluation at update 170: return=-177.76, length=200.00, success_rate=0.00, collisions/ep=0.00
Solved-check at update 170: solved=False worst_gap=1200.39 at p_x0=2.00 p_y0=0.00 (consecutive=0)
update=171 global_step=350208 SPS=595 w_ev=0.785 m_ev=0.535 m_v_bias=0.4 m_adv_std=6.2171 m_kl_max=0.0223 m_ratio_max=0.920 return=-179.6 length=200 success_rate=0.00 collisions/ep=0.00 (n=8)
update=172 global_step=352256 SPS=598 w_ev=0.816 m_ev=0.927 m_v_bias=-1.4 m_adv_std=1.8051 m_kl_max=0.0343 m_ratio_max=0.905 return=-180.1 length=200 success_rate=0.00 collisions/ep=0.06 (n=16)
update=173 global_step=354304 SPS=600 w_ev=0.713 m_ev=0.970 m_v_bias=-0.7 m_adv_std=0.9592 m_kl_max=0.0308 m_ratio_max=0.863 return=-181.1 length=200 success_rate=0.00 collisions/ep=0.00 (n=8)
update=174 global_step=356352 SPS=602 w_ev=0.744 m_ev=0.972 m_v_bias=-0.8 m_adv_std=1.0246 m_kl_max=0.0258 m_ratio_max=1.419 return=-177.5 length=200 success_rate=0.00 collisions/ep=0.00 (n=8)
update=175 global_step=358400 SPS=605 w_ev=0.502 m_ev=0.066 m_v_bias=5.3 m_adv_std=25.4331 m_kl_max=0.0198 m_ratio_max=0.655 return=-194.9 length=200 success_rate=0.00 collisions/ep=0.38 (n=16)
Evaluation at update 175: return=-176.71, length=200.00, success_rate=0.00, collisions/ep=0.00
Solved-check at update 175: solved=False worst_gap=1199.25 at p_x0=2.00 p_y0=0.00 (consecutive=0)
update=176 global_step=360448 SPS=598 w_ev=0.762 m_ev=0.313 m_v_bias=-0.3 m_adv_std=12.7257 m_kl_max=0.0199 m_ratio_max=0.541 return=-189.6 length=200 success_rate=0.00 collisions/ep=0.25 (n=8)
update=177 global_step=362496 SPS=600 w_ev=0.737 m_ev=0.246 m_v_bias=2.4 m_adv_std=18.2923 m_kl_max=0.0259 m_ratio_max=1.028 return=-184.5 length=200 success_rate=0.00 collisions/ep=0.12 (n=8)
update=178 global_step=364544 SPS=602 w_ev=0.459 m_ev=0.645 m_v_bias=-3.2 m_adv_std=3.5610 m_kl_max=0.0236 m_ratio_max=0.857 return=-199.2 length=200 success_rate=0.00 collisions/ep=0.38 (n=8)
update=179 global_step=366592 SPS=604 w_ev=0.846 m_ev=0.923 m_v_bias=-2.8 m_adv_std=2.1247 m_kl_max=0.0136 m_ratio_max=0.539 return=-179.2 length=200 success_rate=0.00 collisions/ep=0.00 (n=16)
update=180 global_step=368640 SPS=606 w_ev=0.697 m_ev=0.918 m_v_bias=-1.4 m_adv_std=1.5998 m_kl_max=0.0186 m_ratio_max=0.706 return=-175.5 length=200 success_rate=0.00 collisions/ep=0.00 (n=8)
Evaluation at update 180: return=-177.13, length=200.00, success_rate=0.00, collisions/ep=0.00
Solved-check at update 180: solved=False worst_gap=1199.91 at p_x0=2.00 p_y0=0.00 (consecutive=0)
update=181 global_step=370688 SPS=600 w_ev=0.594 m_ev=0.378 m_v_bias=0.5 m_adv_std=6.8771 m_kl_max=0.0283 m_ratio_max=0.845 return=-179.2 length=200 success_rate=0.00 collisions/ep=0.00 (n=8)
update=182 global_step=372736 SPS=603 w_ev=0.722 m_ev=0.566 m_v_bias=0.1 m_adv_std=5.4231 m_kl_max=0.0247 m_ratio_max=0.919 return=-195.5 length=200 success_rate=0.00 collisions/ep=0.25 (n=8)
update=183 global_step=374784 SPS=605 w_ev=0.856 m_ev=0.939 m_v_bias=-0.7 m_adv_std=1.8986 m_kl_max=0.0367 m_ratio_max=1.172 return=-179.1 length=200 success_rate=0.00 collisions/ep=0.00 (n=16)
update=184 global_step=376832 SPS=607 w_ev=0.664 m_ev=0.976 m_v_bias=-0.6 m_adv_std=0.8652 m_kl_max=0.0497 m_ratio_max=0.987 return=-178.1 length=200 success_rate=0.00 collisions/ep=0.00 (n=8)
update=185 global_step=378880 SPS=609 w_ev=0.684 m_ev=0.978 m_v_bias=-0.5 m_adv_std=0.8440 m_kl_max=0.0382 m_ratio_max=0.996 return=-179.5 length=200 success_rate=0.00 collisions/ep=0.00 (n=8)
Evaluation at update 185: return=-175.97, length=200.00, success_rate=0.00, collisions/ep=0.00
Solved-check at update 185: solved=False worst_gap=1198.74 at p_x0=2.00 p_y0=0.00 (consecutive=0)
update=186 global_step=380928 SPS=602 w_ev=0.799 m_ev=0.984 m_v_bias=-0.5 m_adv_std=0.8066 m_kl_max=0.0236 m_ratio_max=0.797 return=-178.9 length=200 success_rate=0.00 collisions/ep=0.00 (n=16)
update=187 global_step=382976 SPS=604 w_ev=0.703 m_ev=0.582 m_v_bias=1.0 m_adv_std=5.9657 m_kl_max=0.0316 m_ratio_max=1.163 return=-181.2 length=200 success_rate=0.00 collisions/ep=0.12 (n=8)
update=188 global_step=385024 SPS=607 w_ev=0.521 m_ev=0.065 m_v_bias=4.8 m_adv_std=38.7456 m_kl_max=0.0262 m_ratio_max=0.990 return=-248.4 length=200 success_rate=0.00 collisions/ep=1.38 (n=8)
update=189 global_step=387072 SPS=609 w_ev=0.668 m_ev=0.288 m_v_bias=-2.2 m_adv_std=5.6738 m_kl_max=0.0203 m_ratio_max=0.778 return=-191.2 length=200 success_rate=0.00 collisions/ep=0.25 (n=8)
update=190 global_step=389120 SPS=611 w_ev=0.458 m_ev=0.051 m_v_bias=8.8 m_adv_std=47.0390 m_kl_max=0.0388 m_ratio_max=1.585 return=-235.9 length=200 success_rate=0.00 collisions/ep=1.19 (n=16)
Evaluation at update 190: return=-175.68, length=200.00, success_rate=0.00, collisions/ep=0.00
Solved-check at update 190: solved=False worst_gap=1198.73 at p_x0=2.00 p_y0=0.00 (consecutive=0)
update=191 global_step=391168 SPS=605 w_ev=0.639 m_ev=0.090 m_v_bias=3.3 m_adv_std=29.3503 m_kl_max=0.0251 m_ratio_max=1.532 return=-183.4 length=200 success_rate=0.00 collisions/ep=0.12 (n=8)
update=192 global_step=393216 SPS=607 w_ev=0.725 m_ev=0.238 m_v_bias=-6.0 m_adv_std=5.6363 m_kl_max=0.0233 m_ratio_max=0.699 return=-205.7 length=200 success_rate=0.00 collisions/ep=0.62 (n=8)
update=193 global_step=395264 SPS=609 w_ev=0.606 m_ev=0.078 m_v_bias=1.8 m_adv_std=29.5973 m_kl_max=0.0180 m_ratio_max=0.590 return=-195.0 length=200 success_rate=0.00 collisions/ep=0.38 (n=16)
update=194 global_step=397312 SPS=611 w_ev=0.605 m_ev=0.364 m_v_bias=-1.0 m_adv_std=8.6051 m_kl_max=0.0171 m_ratio_max=0.643 return=-195.1 length=200 success_rate=0.00 collisions/ep=0.25 (n=8)
update=195 global_step=399360 SPS=613 w_ev=0.781 m_ev=0.842 m_v_bias=-2.3 m_adv_std=2.5290 m_kl_max=0.0176 m_ratio_max=0.827 return=-180.3 length=200 success_rate=0.00 collisions/ep=0.00 (n=8)
Evaluation at update 195: return=-175.90, length=200.00, success_rate=0.00, collisions/ep=0.00
Solved-check at update 195: solved=False worst_gap=1198.80 at p_x0=2.00 p_y0=0.00 (consecutive=0)
update=196 global_step=401408 SPS=607 w_ev=0.778 m_ev=0.947 m_v_bias=-2.0 m_adv_std=1.4211 m_kl_max=0.0277 m_ratio_max=0.901 return=-176.4 length=200 success_rate=0.00 collisions/ep=0.00 (n=8)
update=197 global_step=403456 SPS=609 w_ev=0.854 m_ev=0.293 m_v_bias=2.8 m_adv_std=13.0123 m_kl_max=0.0265 m_ratio_max=1.256 return=-186.9 length=200 success_rate=0.00 collisions/ep=0.19 (n=16)
update=198 global_step=405504 SPS=611 w_ev=0.842 m_ev=0.900 m_v_bias=-1.5 m_adv_std=2.0493 m_kl_max=0.0114 m_ratio_max=0.754 return=-179.1 length=200 success_rate=0.00 collisions/ep=0.00 (n=8)
update=199 global_step=407552 SPS=613 w_ev=0.805 m_ev=0.591 m_v_bias=-0.4 m_adv_std=5.9946 m_kl_max=0.0219 m_ratio_max=0.716 return=-180.9 length=200 success_rate=0.00 collisions/ep=0.12 (n=8)
update=200 global_step=409600 SPS=615 w_ev=0.619 m_ev=0.099 m_v_bias=4.9 m_adv_std=25.6385 m_kl_max=0.0219 m_ratio_max=1.107 return=-190.8 length=200 success_rate=0.00 collisions/ep=0.25 (n=16)
Evaluation at update 200: return=-176.98, length=200.00, success_rate=0.00, collisions/ep=0.00
Solved-check at update 200: solved=False worst_gap=1200.16 at p_x0=2.00 p_y0=0.00 (consecutive=0)
update=201 global_step=411648 SPS=609 w_ev=0.833 m_ev=0.789 m_v_bias=-1.1 m_adv_std=3.5218 m_kl_max=0.0127 m_ratio_max=0.982 return=-176.2 length=200 success_rate=0.00 collisions/ep=0.00 (n=8)
update=202 global_step=413696 SPS=611 w_ev=0.673 m_ev=0.938 m_v_bias=-1.2 m_adv_std=1.3717 m_kl_max=0.0239 m_ratio_max=0.850 return=-175.4 length=200 success_rate=0.00 collisions/ep=0.00 (n=8)
update=203 global_step=415744 SPS=613 w_ev=0.784 m_ev=0.955 m_v_bias=-1.2 m_adv_std=1.3311 m_kl_max=0.1046 m_ratio_max=5.022 return=-179.0 length=200 success_rate=0.00 collisions/ep=0.00 (n=8)
update=204 global_step=417792 SPS=615 w_ev=0.833 m_ev=0.526 m_v_bias=0.4 m_adv_std=7.2284 m_kl_max=0.0210 m_ratio_max=0.931 return=-183.2 length=200 success_rate=0.00 collisions/ep=0.12 (n=16)
update=205 global_step=419840 SPS=617 w_ev=0.762 m_ev=0.566 m_v_bias=-0.3 m_adv_std=5.8180 m_kl_max=0.0104 m_ratio_max=0.375 return=-183.8 length=200 success_rate=0.00 collisions/ep=0.12 (n=8)
Evaluation at update 205: return=-175.44, length=200.00, success_rate=0.00, collisions/ep=0.00
Solved-check at update 205: solved=False worst_gap=1198.16 at p_x0=2.00 p_y0=0.00 (consecutive=0)
update=206 global_step=421888 SPS=611 w_ev=0.812 m_ev=0.670 m_v_bias=0.1 m_adv_std=5.1896 m_kl_max=0.0262 m_ratio_max=0.691 return=-182.0 length=200 success_rate=0.00 collisions/ep=0.12 (n=8)
update=207 global_step=423936 SPS=613 w_ev=0.803 m_ev=0.482 m_v_bias=0.2 m_adv_std=6.5880 m_kl_max=0.0170 m_ratio_max=0.903 return=-174.5 length=200 success_rate=0.00 collisions/ep=0.00 (n=8)
update=208 global_step=425984 SPS=615 w_ev=0.832 m_ev=0.557 m_v_bias=-0.1 m_adv_std=5.6696 m_kl_max=0.0180 m_ratio_max=0.599 return=-181.6 length=200 success_rate=0.00 collisions/ep=0.12 (n=16)
update=209 global_step=428032 SPS=617 w_ev=0.787 m_ev=0.966 m_v_bias=-1.2 m_adv_std=1.1558 m_kl_max=0.0410 m_ratio_max=0.905 return=-179.6 length=200 success_rate=0.00 collisions/ep=0.00 (n=8)
update=210 global_step=430080 SPS=619 w_ev=0.663 m_ev=0.048 m_v_bias=12.0 m_adv_std=47.0290 m_kl_max=0.0182 m_ratio_max=0.717 return=-192.7 length=200 success_rate=0.00 collisions/ep=0.38 (n=8)
Evaluation at update 210: return=-173.00, length=200.00, success_rate=0.00, collisions/ep=0.00
Solved-check at update 210: solved=False worst_gap=1195.41 at p_x0=2.00 p_y0=0.00 (consecutive=0)
update=211 global_step=432128 SPS=613 w_ev=0.751 m_ev=0.094 m_v_bias=2.8 m_adv_std=25.2590 m_kl_max=0.0280 m_ratio_max=0.656 return=-219.8 length=200 success_rate=0.00 collisions/ep=0.94 (n=16)
update=212 global_step=434176 SPS=616 w_ev=0.775 m_ev=0.269 m_v_bias=-4.4 m_adv_std=8.3557 m_kl_max=0.0123 m_ratio_max=0.431 return=-182.8 length=200 success_rate=0.00 collisions/ep=0.12 (n=8)
update=213 global_step=436224 SPS=618 w_ev=0.819 m_ev=0.481 m_v_bias=-1.7 m_adv_std=6.7514 m_kl_max=0.0238 m_ratio_max=1.107 return=-177.4 length=200 success_rate=0.00 collisions/ep=0.00 (n=8)
update=214 global_step=438272 SPS=619 w_ev=0.670 m_ev=0.493 m_v_bias=-0.9 m_adv_std=6.2737 m_kl_max=0.0179 m_ratio_max=0.719 return=-182.4 length=200 success_rate=0.00 collisions/ep=0.12 (n=8)
update=215 global_step=440320 SPS=621 w_ev=0.843 m_ev=0.963 m_v_bias=-1.7 m_adv_std=1.4771 m_kl_max=0.0189 m_ratio_max=0.563 return=-181.0 length=200 success_rate=0.00 collisions/ep=0.06 (n=16)
Evaluation at update 215: return=-174.31, length=200.00, success_rate=0.00, collisions/ep=0.00
Solved-check at update 215: solved=False worst_gap=1197.37 at p_x0=2.00 p_y0=0.00 (consecutive=0)
update=216 global_step=442368 SPS=614 w_ev=0.741 m_ev=0.973 m_v_bias=-1.3 m_adv_std=0.9196 m_kl_max=0.0165 m_ratio_max=0.812 return=-176.9 length=200 success_rate=0.00 collisions/ep=0.00 (n=8)
update=217 global_step=444416 SPS=616 w_ev=0.765 m_ev=0.482 m_v_bias=0.2 m_adv_std=6.1008 m_kl_max=0.0264 m_ratio_max=1.055 return=-184.5 length=200 success_rate=0.00 collisions/ep=0.12 (n=8)
update=218 global_step=446464 SPS=618 w_ev=0.810 m_ev=0.225 m_v_bias=-0.1 m_adv_std=8.6603 m_kl_max=0.0187 m_ratio_max=0.487 return=-181.8 length=200 success_rate=0.00 collisions/ep=0.12 (n=16)
update=219 global_step=448512 SPS=620 w_ev=0.840 m_ev=0.585 m_v_bias=-0.1 m_adv_std=6.2351 m_kl_max=0.0191 m_ratio_max=0.925 return=-184.9 length=200 success_rate=0.00 collisions/ep=0.12 (n=8)
update=220 global_step=450560 SPS=621 w_ev=0.465 m_ev=0.026 m_v_bias=7.0 m_adv_std=41.9199 m_kl_max=0.0182 m_ratio_max=1.167 return=-220.0 length=200 success_rate=0.00 collisions/ep=0.88 (n=8)
Evaluation at update 220: return=-172.58, length=200.00, success_rate=0.00, collisions/ep=0.00
Solved-check at update 220: solved=False worst_gap=1194.95 at p_x0=2.00 p_y0=0.50 (consecutive=0)
update=221 global_step=452608 SPS=615 w_ev=0.857 m_ev=0.542 m_v_bias=-1.2 m_adv_std=6.2642 m_kl_max=0.0314 m_ratio_max=0.965 return=-187.2 length=200 success_rate=0.00 collisions/ep=0.12 (n=8)
update=222 global_step=454656 SPS=617 w_ev=0.889 m_ev=0.614 m_v_bias=-1.0 m_adv_std=5.8917 m_kl_max=0.0162 m_ratio_max=0.839 return=-175.6 length=200 success_rate=0.00 collisions/ep=0.06 (n=16)
update=223 global_step=456704 SPS=619 w_ev=0.799 m_ev=0.228 m_v_bias=6.0 m_adv_std=17.1475 m_kl_max=0.0182 m_ratio_max=0.586 return=-207.9 length=200 success_rate=0.00 collisions/ep=0.62 (n=8)
update=224 global_step=458752 SPS=621 w_ev=0.803 m_ev=0.357 m_v_bias=-2.1 m_adv_std=6.7410 m_kl_max=0.0208 m_ratio_max=1.115 return=-183.2 length=200 success_rate=0.00 collisions/ep=0.12 (n=8)
update=225 global_step=460800 SPS=622 w_ev=0.831 m_ev=0.497 m_v_bias=-0.3 m_adv_std=7.8173 m_kl_max=0.0193 m_ratio_max=0.701 return=-186.8 length=200 success_rate=0.00 collisions/ep=0.19 (n=16)
Evaluation at update 225: return=-174.79, length=200.00, success_rate=0.00, collisions/ep=0.00
Solved-check at update 225: solved=False worst_gap=1197.70 at p_x0=2.00 p_y0=0.00 (consecutive=0)
update=226 global_step=462848 SPS=615 w_ev=0.895 m_ev=0.838 m_v_bias=-2.8 m_adv_std=3.2984 m_kl_max=0.0422 m_ratio_max=2.715 return=-175.0 length=200 success_rate=0.00 collisions/ep=0.00 (n=8)
update=227 global_step=464896 SPS=617 w_ev=0.780 m_ev=0.281 m_v_bias=2.1 m_adv_std=10.3417 m_kl_max=0.0138 m_ratio_max=0.508 return=-185.6 length=200 success_rate=0.00 collisions/ep=0.25 (n=8)
update=228 global_step=466944 SPS=619 w_ev=0.750 m_ev=0.200 m_v_bias=7.9 m_adv_std=19.9254 m_kl_max=0.0352 m_ratio_max=1.096 return=-195.8 length=200 success_rate=0.00 collisions/ep=0.38 (n=8)
update=229 global_step=468992 SPS=620 w_ev=0.880 m_ev=0.318 m_v_bias=-4.1 m_adv_std=8.8461 m_kl_max=0.0133 m_ratio_max=0.536 return=-198.7 length=200 success_rate=0.00 collisions/ep=0.44 (n=16)
update=230 global_step=471040 SPS=622 w_ev=0.653 m_ev=0.112 m_v_bias=3.9 m_adv_std=24.7925 m_kl_max=0.0263 m_ratio_max=1.286 return=-209.4 length=200 success_rate=0.00 collisions/ep=0.62 (n=8)
Evaluation at update 230: return=-176.50, length=200.00, success_rate=0.00, collisions/ep=0.00
Solved-check at update 230: solved=False worst_gap=1199.36 at p_x0=2.00 p_y0=0.00 (consecutive=0)
update=231 global_step=473088 SPS=616 w_ev=0.812 m_ev=0.772 m_v_bias=-4.0 m_adv_std=3.3472 m_kl_max=0.0077 m_ratio_max=0.549 return=-178.1 length=200 success_rate=0.00 collisions/ep=0.00 (n=8)
update=232 global_step=475136 SPS=618 w_ev=0.783 m_ev=0.919 m_v_bias=-3.7 m_adv_std=1.7535 m_kl_max=0.0214 m_ratio_max=0.771 return=-176.9 length=200 success_rate=0.00 collisions/ep=0.00 (n=8)
update=233 global_step=477184 SPS=620 w_ev=0.510 m_ev=0.024 m_v_bias=10.3 m_adv_std=59.8619 m_kl_max=0.0138 m_ratio_max=0.548 return=-207.1 length=200 success_rate=0.00 collisions/ep=0.62 (n=16)
update=234 global_step=479232 SPS=621 w_ev=0.474 m_ev=0.007 m_v_bias=0.7 m_adv_std=34.4871 m_kl_max=0.0123 m_ratio_max=0.948 return=-182.7 length=200 success_rate=0.00 collisions/ep=0.12 (n=8)
update=235 global_step=481280 SPS=623 w_ev=0.795 m_ev=0.607 m_v_bias=-6.9 m_adv_std=4.5181 m_kl_max=0.0227 m_ratio_max=0.764 return=-218.1 length=200 success_rate=0.00 collisions/ep=0.75 (n=8)
Evaluation at update 235: return=-174.72, length=200.00, success_rate=0.00, collisions/ep=0.00
Solved-check at update 235: solved=False worst_gap=1197.46 at p_x0=2.00 p_y0=0.00 (consecutive=0)
update=236 global_step=483328 SPS=617 w_ev=0.864 m_ev=0.862 m_v_bias=-3.8 m_adv_std=2.5167 m_kl_max=0.0148 m_ratio_max=0.688 return=-177.1 length=200 success_rate=0.00 collisions/ep=0.00 (n=16)
update=237 global_step=485376 SPS=619 w_ev=0.828 m_ev=0.485 m_v_bias=1.3 m_adv_std=9.4046 m_kl_max=0.0489 m_ratio_max=1.732 return=-187.5 length=200 success_rate=0.00 collisions/ep=0.25 (n=8)
update=238 global_step=487424 SPS=621 w_ev=0.852 m_ev=0.784 m_v_bias=-2.9 m_adv_std=3.0003 m_kl_max=0.0293 m_ratio_max=0.994 return=-177.0 length=200 success_rate=0.00 collisions/ep=0.00 (n=8)
update=239 global_step=489472 SPS=622 w_ev=0.826 m_ev=0.439 m_v_bias=-0.6 m_adv_std=6.3293 m_kl_max=0.0329 m_ratio_max=1.409 return=-176.0 length=200 success_rate=0.00 collisions/ep=0.00 (n=8)
update=240 global_step=491520 SPS=624 w_ev=0.923 m_ev=0.611 m_v_bias=-0.6 m_adv_std=6.5559 m_kl_max=0.0212 m_ratio_max=0.787 return=-188.5 length=200 success_rate=0.00 collisions/ep=0.19 (n=16)
Evaluation at update 240: return=-175.98, length=200.00, success_rate=0.00, collisions/ep=0.00
Solved-check at update 240: solved=False worst_gap=1198.89 at p_x0=2.00 p_y0=0.00 (consecutive=0)
update=241 global_step=493568 SPS=619 w_ev=0.840 m_ev=0.400 m_v_bias=-0.4 m_adv_std=6.7171 m_kl_max=0.0150 m_ratio_max=0.606 return=-171.6 length=200 success_rate=0.00 collisions/ep=0.00 (n=8)
update=242 global_step=495616 SPS=620 w_ev=0.424 m_ev=0.057 m_v_bias=10.9 m_adv_std=54.9239 m_kl_max=0.0291 m_ratio_max=1.150 return=-251.2 length=200 success_rate=0.00 collisions/ep=1.50 (n=8)
update=243 global_step=497664 SPS=622 w_ev=0.470 m_ev=-0.776 m_v_bias=-4.4 m_adv_std=11.5368 m_kl_max=0.0057 m_ratio_max=0.355 return=-174.7 length=200 success_rate=0.00 collisions/ep=0.00 (n=16)
update=244 global_step=499712 SPS=624 w_ev=0.872 m_ev=0.537 m_v_bias=-0.8 m_adv_std=6.8853 m_kl_max=0.0198 m_ratio_max=0.605 return=-184.9 length=200 success_rate=0.00 collisions/ep=0.12 (n=8)
update=245 global_step=501760 SPS=626 w_ev=0.800 m_ev=0.276 m_v_bias=-0.7 m_adv_std=12.6937 m_kl_max=0.0255 m_ratio_max=1.191 return=-203.1 length=200 success_rate=0.00 collisions/ep=0.50 (n=8)
Evaluation at update 245: return=-174.80, length=200.00, success_rate=0.00, collisions/ep=0.00
Solved-check at update 245: solved=False worst_gap=1198.64 at p_x0=2.00 p_y0=0.00 (consecutive=0)
update=246 global_step=503808 SPS=620 w_ev=0.845 m_ev=0.948 m_v_bias=-2.0 m_adv_std=1.4705 m_kl_max=0.0290 m_ratio_max=1.103 return=-174.7 length=200 success_rate=0.00 collisions/ep=0.00 (n=8)
update=247 global_step=505856 SPS=622 w_ev=0.912 m_ev=0.979 m_v_bias=-1.6 m_adv_std=1.1253 m_kl_max=0.0627 m_ratio_max=3.609 return=-175.6 length=200 success_rate=0.00 collisions/ep=0.00 (n=16)
update=248 global_step=507904 SPS=624 w_ev=0.781 m_ev=0.244 m_v_bias=2.0 m_adv_std=13.0006 m_kl_max=0.0197 m_ratio_max=0.540 return=-188.5 length=200 success_rate=0.00 collisions/ep=0.25 (n=8)
update=249 global_step=509952 SPS=625 w_ev=0.819 m_ev=0.282 m_v_bias=0.9 m_adv_std=8.6917 m_kl_max=0.0097 m_ratio_max=0.327 return=-175.5 length=200 success_rate=0.00 collisions/ep=0.00 (n=8)
update=250 global_step=512000 SPS=627 w_ev=0.847 m_ev=0.487 m_v_bias=-1.0 m_adv_std=6.3128 m_kl_max=0.0157 m_ratio_max=0.640 return=-185.6 length=200 success_rate=0.00 collisions/ep=0.19 (n=16)
Evaluation at update 250: return=-173.23, length=200.00, success_rate=0.00, collisions/ep=0.00
Solved-check at update 250: solved=False worst_gap=1197.19 at p_x0=2.00 p_y0=0.50 (consecutive=0)
update=251 global_step=514048 SPS=620 w_ev=0.905 m_ev=0.977 m_v_bias=-1.8 m_adv_std=1.0906 m_kl_max=0.0355 m_ratio_max=0.699 return=-176.7 length=200 success_rate=0.00 collisions/ep=0.00 (n=8)
update=252 global_step=516096 SPS=622 w_ev=0.892 m_ev=0.973 m_v_bias=-1.5 m_adv_std=0.9035 m_kl_max=0.0253 m_ratio_max=0.735 return=-177.1 length=200 success_rate=0.00 collisions/ep=0.00 (n=8)
update=253 global_step=518144 SPS=624 w_ev=0.533 m_ev=0.107 m_v_bias=4.8 m_adv_std=24.9189 m_kl_max=0.0259 m_ratio_max=0.705 return=-178.3 length=200 success_rate=0.00 collisions/ep=0.00 (n=8)
update=254 global_step=520192 SPS=625 w_ev=0.903 m_ev=0.190 m_v_bias=-1.2 m_adv_std=14.5243 m_kl_max=0.0120 m_ratio_max=0.431 return=-199.3 length=200 success_rate=0.00 collisions/ep=0.50 (n=16)
update=255 global_step=522240 SPS=627 w_ev=0.878 m_ev=0.873 m_v_bias=-2.4 m_adv_std=2.1428 m_kl_max=0.0130 m_ratio_max=0.545 return=-178.2 length=200 success_rate=0.00 collisions/ep=0.00 (n=8)
Evaluation at update 255: return=-171.94, length=200.00, success_rate=0.00, collisions/ep=0.00
Solved-check at update 255: solved=False worst_gap=1194.67 at p_x0=2.00 p_y0=0.50 (consecutive=0)
update=256 global_step=524288 SPS=622 w_ev=0.628 m_ev=0.064 m_v_bias=5.0 m_adv_std=30.9506 m_kl_max=0.0046 m_ratio_max=0.253 return=-207.9 length=200 success_rate=0.00 collisions/ep=0.62 (n=8)
update=257 global_step=526336 SPS=623 w_ev=0.861 m_ev=0.745 m_v_bias=-0.7 m_adv_std=3.6786 m_kl_max=0.0214 m_ratio_max=0.714 return=-177.1 length=200 success_rate=0.00 collisions/ep=0.00 (n=8)
update=258 global_step=528384 SPS=625 w_ev=0.931 m_ev=0.407 m_v_bias=0.0 m_adv_std=8.5056 m_kl_max=0.0245 m_ratio_max=1.322 return=-179.1 length=200 success_rate=0.00 collisions/ep=0.06 (n=16)
update=259 global_step=530432 SPS=626 w_ev=0.917 m_ev=0.400 m_v_bias=-1.1 m_adv_std=5.6028 m_kl_max=0.0158 m_ratio_max=0.617 return=-181.4 length=200 success_rate=0.00 collisions/ep=0.12 (n=8)
update=260 global_step=532480 SPS=628 w_ev=0.866 m_ev=0.502 m_v_bias=-0.1 m_adv_std=6.4812 m_kl_max=0.0143 m_ratio_max=0.729 return=-187.9 length=200 success_rate=0.00 collisions/ep=0.25 (n=8)
Evaluation at update 260: return=-172.86, length=200.00, success_rate=0.00, collisions/ep=0.00
Solved-check at update 260: solved=False worst_gap=1196.98 at p_x0=2.00 p_y0=0.50 (consecutive=0)
update=261 global_step=534528 SPS=622 w_ev=0.930 m_ev=0.624 m_v_bias=0.5 m_adv_std=6.0095 m_kl_max=0.0309 m_ratio_max=1.204 return=-179.1 length=200 success_rate=0.00 collisions/ep=0.06 (n=16)
update=262 global_step=536576 SPS=624 w_ev=0.875 m_ev=0.548 m_v_bias=0.6 m_adv_std=6.2100 m_kl_max=0.0254 m_ratio_max=0.671 return=-184.9 length=200 success_rate=0.00 collisions/ep=0.12 (n=8)
update=263 global_step=538624 SPS=626 w_ev=0.844 m_ev=0.959 m_v_bias=-0.6 m_adv_std=1.1786 m_kl_max=0.0306 m_ratio_max=1.154 return=-176.6 length=200 success_rate=0.00 collisions/ep=0.00 (n=8)
update=264 global_step=540672 SPS=628 w_ev=0.894 m_ev=0.983 m_v_bias=-0.5 m_adv_std=0.8242 m_kl_max=0.0435 m_ratio_max=1.077 return=-176.0 length=200 success_rate=0.00 collisions/ep=0.00 (n=8)
update=265 global_step=542720 SPS=629 w_ev=0.913 m_ev=0.991 m_v_bias=-0.7 m_adv_std=0.7103 m_kl_max=0.0484 m_ratio_max=1.639 return=-175.1 length=200 success_rate=0.00 collisions/ep=0.00 (n=16)
Evaluation at update 265: return=-171.98, length=200.00, success_rate=0.00, collisions/ep=0.00
Solved-check at update 265: solved=False worst_gap=1195.86 at p_x0=2.00 p_y0=0.00 (consecutive=0)
update=266 global_step=544768 SPS=624 w_ev=0.784 m_ev=0.160 m_v_bias=4.0 m_adv_std=18.4495 m_kl_max=0.0305 m_ratio_max=1.130 return=-194.0 length=200 success_rate=0.00 collisions/ep=0.38 (n=8)
update=267 global_step=546816 SPS=626 w_ev=0.581 m_ev=0.081 m_v_bias=6.4 m_adv_std=37.0270 m_kl_max=0.0307 m_ratio_max=0.607 return=-242.7 length=200 success_rate=0.00 collisions/ep=1.38 (n=8)
update=268 global_step=548864 SPS=628 w_ev=0.651 m_ev=0.016 m_v_bias=3.6 m_adv_std=41.4985 m_kl_max=0.0329 m_ratio_max=0.783 return=-202.9 length=200 success_rate=0.00 collisions/ep=0.56 (n=16)
update=269 global_step=550912 SPS=629 w_ev=0.892 m_ev=0.774 m_v_bias=-5.7 m_adv_std=3.9281 m_kl_max=0.0100 m_ratio_max=0.505 return=-176.7 length=200 success_rate=0.00 collisions/ep=0.00 (n=8)
update=270 global_step=552960 SPS=631 w_ev=0.895 m_ev=0.812 m_v_bias=-3.6 m_adv_std=2.7304 m_kl_max=0.0187 m_ratio_max=0.772 return=-175.0 length=200 success_rate=0.00 collisions/ep=0.00 (n=8)
Evaluation at update 270: return=-173.21, length=200.00, success_rate=0.00, collisions/ep=0.00
Solved-check at update 270: solved=False worst_gap=1196.97 at p_x0=2.00 p_y0=0.00 (consecutive=0)
update=271 global_step=555008 SPS=626 w_ev=0.898 m_ev=0.945 m_v_bias=-2.2 m_adv_std=1.5233 m_kl_max=0.0196 m_ratio_max=0.570 return=-177.6 length=200 success_rate=0.00 collisions/ep=0.00 (n=8)
update=272 global_step=557056 SPS=627 w_ev=0.904 m_ev=0.286 m_v_bias=2.7 m_adv_std=13.3446 m_kl_max=0.0177 m_ratio_max=0.643 return=-186.0 length=200 success_rate=0.00 collisions/ep=0.19 (n=16)
update=273 global_step=559104 SPS=629 w_ev=0.867 m_ev=0.954 m_v_bias=-1.9 m_adv_std=1.2336 m_kl_max=0.0172 m_ratio_max=0.760 return=-174.2 length=200 success_rate=0.00 collisions/ep=0.00 (n=8)
update=274 global_step=561152 SPS=630 w_ev=0.903 m_ev=0.980 m_v_bias=-1.5 m_adv_std=0.9000 m_kl_max=0.0185 m_ratio_max=0.597 return=-176.2 length=200 success_rate=0.00 collisions/ep=0.00 (n=8)
update=275 global_step=563200 SPS=632 w_ev=0.906 m_ev=0.511 m_v_bias=0.4 m_adv_std=6.4532 m_kl_max=0.0189 m_ratio_max=0.828 return=-177.2 length=200 success_rate=0.00 collisions/ep=0.06 (n=16)
Evaluation at update 275: return=-173.31, length=200.00, success_rate=0.00, collisions/ep=0.00
Solved-check at update 275: solved=False worst_gap=1194.30 at p_x0=2.00 p_y0=0.50 (consecutive=0)
update=276 global_step=565248 SPS=626 w_ev=0.778 m_ev=0.068 m_v_bias=5.2 m_adv_std=25.9643 m_kl_max=0.0205 m_ratio_max=0.668 return=-204.0 length=200 success_rate=0.00 collisions/ep=0.50 (n=8)
update=277 global_step=567296 SPS=628 w_ev=0.792 m_ev=0.086 m_v_bias=-0.4 m_adv_std=12.0820 m_kl_max=0.0341 m_ratio_max=1.211 return=-188.5 length=200 success_rate=0.00 collisions/ep=0.25 (n=8)
update=278 global_step=569344 SPS=629 w_ev=0.856 m_ev=0.957 m_v_bias=-2.3 m_adv_std=1.2166 m_kl_max=0.0331 m_ratio_max=0.691 return=-192.5 length=200 success_rate=0.00 collisions/ep=0.25 (n=8)
update=279 global_step=571392 SPS=631 w_ev=0.929 m_ev=0.987 m_v_bias=-1.6 m_adv_std=0.9626 m_kl_max=0.0268 m_ratio_max=1.687 return=-175.5 length=200 success_rate=0.00 collisions/ep=0.00 (n=16)
update=280 global_step=573440 SPS=632 w_ev=0.859 m_ev=0.386 m_v_bias=1.5 m_adv_std=8.3766 m_kl_max=0.0165 m_ratio_max=0.705 return=-186.1 length=200 success_rate=0.00 collisions/ep=0.25 (n=8)
Evaluation at update 280: return=-172.99, length=200.00, success_rate=0.00, collisions/ep=0.00
Solved-check at update 280: solved=False worst_gap=1196.21 at p_x0=2.00 p_y0=0.00 (consecutive=0)
update=281 global_step=575488 SPS=627 w_ev=0.849 m_ev=0.415 m_v_bias=-0.9 m_adv_std=5.5034 m_kl_max=0.0521 m_ratio_max=2.098 return=-176.3 length=200 success_rate=0.00 collisions/ep=0.00 (n=8)
update=282 global_step=577536 SPS=629 w_ev=0.900 m_ev=0.932 m_v_bias=-1.5 m_adv_std=1.4275 m_kl_max=0.0279 m_ratio_max=1.032 return=-184.9 length=200 success_rate=0.00 collisions/ep=0.12 (n=8)
update=283 global_step=579584 SPS=630 w_ev=0.951 m_ev=0.993 m_v_bias=-0.7 m_adv_std=0.6742 m_kl_max=0.0180 m_ratio_max=0.654 return=-176.4 length=200 success_rate=0.00 collisions/ep=0.00 (n=16)
update=284 global_step=581632 SPS=632 w_ev=0.904 m_ev=0.984 m_v_bias=-0.7 m_adv_std=0.7475 m_kl_max=0.0402 m_ratio_max=0.935 return=-173.3 length=200 success_rate=0.00 collisions/ep=0.00 (n=8)
update=285 global_step=583680 SPS=633 w_ev=0.937 m_ev=0.989 m_v_bias=-0.6 m_adv_std=0.6945 m_kl_max=0.0980 m_ratio_max=4.816 return=-172.9 length=200 success_rate=0.00 collisions/ep=0.00 (n=8)
Evaluation at update 285: return=-170.74, length=200.00, success_rate=0.00, collisions/ep=0.00
Solved-check at update 285: solved=False worst_gap=1192.80 at p_x0=2.00 p_y0=0.00 (consecutive=0)
update=286 global_step=585728 SPS=628 w_ev=0.811 m_ev=0.132 m_v_bias=6.0 m_adv_std=24.5600 m_kl_max=0.0281 m_ratio_max=1.304 return=-186.5 length=200 success_rate=0.00 collisions/ep=0.25 (n=16)
update=287 global_step=587776 SPS=629 w_ev=0.930 m_ev=0.803 m_v_bias=-1.3 m_adv_std=3.6060 m_kl_max=0.0182 m_ratio_max=0.828 return=-173.9 length=200 success_rate=0.00 collisions/ep=0.00 (n=8)
update=288 global_step=589824 SPS=631 w_ev=0.512 m_ev=0.057 m_v_bias=7.8 m_adv_std=47.1649 m_kl_max=0.0179 m_ratio_max=0.837 return=-219.9 length=200 success_rate=0.00 collisions/ep=1.00 (n=8)
update=289 global_step=591872 SPS=632 w_ev=0.763 m_ev=0.032 m_v_bias=-1.9 m_adv_std=10.5933 m_kl_max=0.0199 m_ratio_max=0.864 return=-180.9 length=200 success_rate=0.00 collisions/ep=0.12 (n=8)
update=290 global_step=593920 SPS=634 w_ev=0.881 m_ev=0.151 m_v_bias=1.3 m_adv_std=19.8292 m_kl_max=0.0316 m_ratio_max=2.287 return=-186.6 length=200 success_rate=0.00 collisions/ep=0.25 (n=16)
Evaluation at update 290: return=-171.98, length=200.00, success_rate=0.00, collisions/ep=0.00
Solved-check at update 290: solved=False worst_gap=1193.88 at p_x0=2.00 p_y0=0.00 (consecutive=0)
update=291 global_step=595968 SPS=629 w_ev=0.664 m_ev=-0.012 m_v_bias=2.1 m_adv_std=24.2173 m_kl_max=0.0498 m_ratio_max=1.634 return=-181.6 length=200 success_rate=0.00 collisions/ep=0.12 (n=8)
update=292 global_step=598016 SPS=630 w_ev=0.868 m_ev=0.208 m_v_bias=-3.4 m_adv_std=12.0272 m_kl_max=0.0267 m_ratio_max=0.952 return=-204.4 length=200 success_rate=0.00 collisions/ep=0.50 (n=8)
update=293 global_step=600064 SPS=632 w_ev=0.947 m_ev=0.897 m_v_bias=-3.7 m_adv_std=2.1898 m_kl_max=0.0216 m_ratio_max=0.929 return=-182.3 length=200 success_rate=0.00 collisions/ep=0.12 (n=16)
update=294 global_step=602112 SPS=633 w_ev=0.929 m_ev=0.946 m_v_bias=-1.8 m_adv_std=1.8330 m_kl_max=0.0228 m_ratio_max=0.737 return=-172.8 length=200 success_rate=0.00 collisions/ep=0.00 (n=8)
update=295 global_step=604160 SPS=634 w_ev=0.917 m_ev=0.978 m_v_bias=-1.3 m_adv_std=0.8928 m_kl_max=0.0631 m_ratio_max=1.111 return=-177.3 length=200 success_rate=0.00 collisions/ep=0.00 (n=8)
Evaluation at update 295: return=-172.31, length=200.00, success_rate=0.00, collisions/ep=0.00
Solved-check at update 295: solved=False worst_gap=1194.50 at p_x0=2.00 p_y0=0.50 (consecutive=0)
update=296 global_step=606208 SPS=629 w_ev=0.943 m_ev=0.981 m_v_bias=-0.8 m_adv_std=0.9668 m_kl_max=0.0545 m_ratio_max=2.277 return=-174.8 length=200 success_rate=0.00 collisions/ep=0.00 (n=8)
update=297 global_step=608256 SPS=630 w_ev=0.945 m_ev=0.636 m_v_bias=1.1 m_adv_std=6.5645 m_kl_max=0.0366 m_ratio_max=1.196 return=-177.2 length=200 success_rate=0.00 collisions/ep=0.06 (n=16)
update=298 global_step=610304 SPS=632 w_ev=0.918 m_ev=0.930 m_v_bias=-0.6 m_adv_std=1.4400 m_kl_max=0.0378 m_ratio_max=0.917 return=-169.8 length=200 success_rate=0.00 collisions/ep=0.00 (n=8)
update=299 global_step=612352 SPS=633 w_ev=0.933 m_ev=0.980 m_v_bias=-0.9 m_adv_std=0.8682 m_kl_max=0.0366 m_ratio_max=1.047 return=-177.2 length=200 success_rate=0.00 collisions/ep=0.00 (n=8)
update=300 global_step=614400 SPS=634 w_ev=0.893 m_ev=0.420 m_v_bias=2.4 m_adv_std=8.8535 m_kl_max=0.0166 m_ratio_max=0.753 return=-179.6 length=200 success_rate=0.00 collisions/ep=0.12 (n=16)
Evaluation at update 300: return=-172.00, length=200.00, success_rate=0.00, collisions/ep=0.00
Solved-check at update 300: solved=False worst_gap=1193.03 at p_x0=2.00 p_y0=0.00 (consecutive=0)
update=301 global_step=616448 SPS=629 w_ev=0.939 m_ev=0.905 m_v_bias=-0.7 m_adv_std=2.2191 m_kl_max=0.0283 m_ratio_max=0.920 return=-177.9 length=200 success_rate=0.00 collisions/ep=0.00 (n=8)
update=302 global_step=618496 SPS=630 w_ev=0.930 m_ev=0.576 m_v_bias=0.6 m_adv_std=6.1023 m_kl_max=0.0360 m_ratio_max=1.810 return=-184.6 length=200 success_rate=0.00 collisions/ep=0.12 (n=8)
update=303 global_step=620544 SPS=631 w_ev=0.926 m_ev=0.663 m_v_bias=-1.2 m_adv_std=3.5965 m_kl_max=0.0297 m_ratio_max=0.919 return=-174.2 length=200 success_rate=0.00 collisions/ep=0.00 (n=8)
update=304 global_step=622592 SPS=633 w_ev=0.970 m_ev=0.989 m_v_bias=-0.4 m_adv_std=0.8728 m_kl_max=0.0211 m_ratio_max=0.548 return=-175.1 length=200 success_rate=0.00 collisions/ep=0.00 (n=16)
update=305 global_step=624640 SPS=634 w_ev=0.940 m_ev=0.995 m_v_bias=-0.2 m_adv_std=0.4747 m_kl_max=0.1029 m_ratio_max=3.198 return=-170.8 length=200 success_rate=0.00 collisions/ep=0.00 (n=8)
Evaluation at update 305: return=-171.05, length=200.00, success_rate=0.00, collisions/ep=0.00
Solved-check at update 305: solved=False worst_gap=1193.20 at p_x0=2.00 p_y0=0.50 (consecutive=0)
update=306 global_step=626688 SPS=630 w_ev=0.946 m_ev=0.990 m_v_bias=-0.4 m_adv_std=0.5951 m_kl_max=0.0510 m_ratio_max=1.316 return=-170.9 length=200 success_rate=0.00 collisions/ep=0.00 (n=8)
update=307 global_step=628736 SPS=632 w_ev=0.606 m_ev=-0.033 m_v_bias=3.1 m_adv_std=26.3083 m_kl_max=0.0225 m_ratio_max=0.686 return=-174.2 length=200 success_rate=0.00 collisions/ep=0.00 (n=8)
update=308 global_step=630784 SPS=633 w_ev=0.938 m_ev=0.355 m_v_bias=-4.7 m_adv_std=6.5029 m_kl_max=0.0284 m_ratio_max=0.631 return=-192.4 length=200 success_rate=0.00 collisions/ep=0.31 (n=16)
update=309 global_step=632832 SPS=634 w_ev=0.470 m_ev=0.038 m_v_bias=10.0 m_adv_std=47.6606 m_kl_max=0.0185 m_ratio_max=0.514 return=-230.9 length=200 success_rate=0.00 collisions/ep=1.25 (n=8)
update=310 global_step=634880 SPS=636 w_ev=0.907 m_ev=0.455 m_v_bias=-3.4 m_adv_std=7.0904 m_kl_max=0.0120 m_ratio_max=0.548 return=-180.2 length=200 success_rate=0.00 collisions/ep=0.12 (n=8)
Evaluation at update 310: return=-170.36, length=200.00, success_rate=0.00, collisions/ep=0.00
Solved-check at update 310: solved=False worst_gap=1193.22 at p_x0=2.00 p_y0=0.00 (consecutive=0)
update=311 global_step=636928 SPS=629 w_ev=0.975 m_ev=0.928 m_v_bias=-4.1 m_adv_std=2.3855 m_kl_max=0.0102 m_ratio_max=0.541 return=-172.0 length=200 success_rate=0.00 collisions/ep=0.00 (n=16)
update=312 global_step=638976 SPS=631 w_ev=0.950 m_ev=0.959 m_v_bias=-2.4 m_adv_std=1.4669 m_kl_max=0.0151 m_ratio_max=0.523 return=-173.2 length=200 success_rate=0.00 collisions/ep=0.00 (n=8)
update=313 global_step=641024 SPS=632 w_ev=0.833 m_ev=0.101 m_v_bias=2.6 m_adv_std=19.2295 m_kl_max=0.0259 m_ratio_max=0.938 return=-174.3 length=200 success_rate=0.00 collisions/ep=0.00 (n=8)
update=314 global_step=643072 SPS=633 w_ev=0.954 m_ev=0.688 m_v_bias=-2.2 m_adv_std=5.2993 m_kl_max=0.0178 m_ratio_max=0.763 return=-198.5 length=200 success_rate=0.00 collisions/ep=0.50 (n=8)
update=315 global_step=645120 SPS=634 w_ev=0.966 m_ev=0.961 m_v_bias=-1.5 m_adv_std=1.6021 m_kl_max=0.0144 m_ratio_max=0.723 return=-172.3 length=200 success_rate=0.00 collisions/ep=0.00 (n=16)
Evaluation at update 315: return=-170.28, length=200.00, success_rate=0.00, collisions/ep=0.00
Solved-check at update 315: solved=False worst_gap=1192.20 at p_x0=2.00 p_y0=0.00 (consecutive=0)
update=316 global_step=647168 SPS=629 w_ev=0.952 m_ev=0.490 m_v_bias=-0.5 m_adv_std=5.9269 m_kl_max=0.0156 m_ratio_max=0.568 return=-171.1 length=200 success_rate=0.00 collisions/ep=0.00 (n=8)
update=317 global_step=649216 SPS=631 w_ev=0.955 m_ev=0.702 m_v_bias=-0.7 m_adv_std=4.6097 m_kl_max=0.0383 m_ratio_max=1.000 return=-184.0 length=200 success_rate=0.00 collisions/ep=0.25 (n=8)
update=318 global_step=651264 SPS=632 w_ev=0.971 m_ev=0.951 m_v_bias=-1.1 m_adv_std=1.3768 m_kl_max=0.0229 m_ratio_max=0.626 return=-174.7 length=200 success_rate=0.00 collisions/ep=0.00 (n=16)
update=319 global_step=653312 SPS=633 w_ev=0.926 m_ev=0.323 m_v_bias=1.5 m_adv_std=11.7089 m_kl_max=0.0166 m_ratio_max=0.874 return=-183.8 length=200 success_rate=0.00 collisions/ep=0.25 (n=8)
update=320 global_step=655360 SPS=635 w_ev=0.960 m_ev=0.980 m_v_bias=-1.6 m_adv_std=0.9989 m_kl_max=0.0225 m_ratio_max=0.529 return=-173.2 length=200 success_rate=0.00 collisions/ep=0.00 (n=8)
Evaluation at update 320: return=-168.99, length=200.00, success_rate=0.00, collisions/ep=0.00
Solved-check at update 320: solved=False worst_gap=1191.38 at p_x0=2.00 p_y0=0.00 (consecutive=0)
update=321 global_step=657408 SPS=630 w_ev=0.962 m_ev=0.982 m_v_bias=-1.0 m_adv_std=0.9455 m_kl_max=0.0364 m_ratio_max=0.709 return=-170.5 length=200 success_rate=0.00 collisions/ep=0.00 (n=8)
update=322 global_step=659456 SPS=631 w_ev=0.972 m_ev=0.695 m_v_bias=0.8 m_adv_std=6.2078 m_kl_max=0.0229 m_ratio_max=0.703 return=-174.9 length=200 success_rate=0.00 collisions/ep=0.06 (n=16)
update=323 global_step=661504 SPS=632 w_ev=0.960 m_ev=0.958 m_v_bias=-0.7 m_adv_std=1.3661 m_kl_max=0.0089 m_ratio_max=0.709 return=-170.5 length=200 success_rate=0.00 collisions/ep=0.00 (n=8)
update=324 global_step=663552 SPS=634 w_ev=0.968 m_ev=0.987 m_v_bias=-0.7 m_adv_std=0.8422 m_kl_max=0.0584 m_ratio_max=1.046 return=-173.9 length=200 success_rate=0.00 collisions/ep=0.00 (n=8)
update=325 global_step=665600 SPS=635 w_ev=0.947 m_ev=0.987 m_v_bias=-0.5 m_adv_std=0.6587 m_kl_max=0.0235 m_ratio_max=1.174 return=-171.4 length=200 success_rate=0.00 collisions/ep=0.00 (n=16)
Evaluation at update 325: return=-167.97, length=200.00, success_rate=0.00, collisions/ep=0.00
Solved-check at update 325: solved=False worst_gap=1190.28 at p_x0=2.00 p_y0=0.00 (consecutive=0)
update=326 global_step=667648 SPS=631 w_ev=0.987 m_ev=0.995 m_v_bias=-0.5 m_adv_std=0.6216 m_kl_max=0.0291 m_ratio_max=0.779 return=-169.4 length=200 success_rate=0.00 collisions/ep=0.00 (n=8)
update=327 global_step=669696 SPS=633 w_ev=0.919 m_ev=0.297 m_v_bias=1.4 m_adv_std=8.3114 m_kl_max=0.1116 m_ratio_max=2.944 return=-184.5 length=200 success_rate=0.00 collisions/ep=0.25 (n=8)
update=328 global_step=671744 SPS=634 w_ev=0.954 m_ev=0.930 m_v_bias=-0.9 m_adv_std=1.8349 m_kl_max=0.0191 m_ratio_max=0.505 return=-178.9 length=200 success_rate=0.00 collisions/ep=0.12 (n=8)
update=329 global_step=673792 SPS=635 w_ev=0.980 m_ev=0.990 m_v_bias=-0.2 m_adv_std=0.8411 m_kl_max=0.0461 m_ratio_max=1.338 return=-170.5 length=200 success_rate=0.00 collisions/ep=0.00 (n=16)
update=330 global_step=675840 SPS=637 w_ev=0.452 m_ev=0.023 m_v_bias=16.0 m_adv_std=58.4154 m_kl_max=0.0202 m_ratio_max=0.645 return=-229.6 length=200 success_rate=0.00 collisions/ep=1.12 (n=8)
Evaluation at update 330: return=-167.09, length=200.00, success_rate=0.00, collisions/ep=0.00
Solved-check at update 330: solved=False worst_gap=1189.40 at p_x0=2.00 p_y0=0.50 (consecutive=0)
update=331 global_step=677888 SPS=633 w_ev=0.377 m_ev=0.030 m_v_bias=11.3 m_adv_std=80.9750 m_kl_max=0.0308 m_ratio_max=0.865 return=-283.6 length=200 success_rate=0.00 collisions/ep=2.25 (n=8)
update=332 global_step=679936 SPS=634 w_ev=0.812 m_ev=0.092 m_v_bias=-8.4 m_adv_std=12.0887 m_kl_max=0.0363 m_ratio_max=1.050 return=-173.0 length=200 success_rate=0.00 collisions/ep=0.00 (n=8)
update=333 global_step=681984 SPS=635 w_ev=0.961 m_ev=0.685 m_v_bias=-8.4 m_adv_std=5.8372 m_kl_max=0.0271 m_ratio_max=0.610 return=-174.2 length=200 success_rate=0.00 collisions/ep=0.06 (n=16)
update=334 global_step=684032 SPS=637 w_ev=0.956 m_ev=0.856 m_v_bias=-4.9 m_adv_std=3.1402 m_kl_max=0.0107 m_ratio_max=0.609 return=-171.3 length=200 success_rate=0.00 collisions/ep=0.00 (n=8)
update=335 global_step=686080 SPS=638 w_ev=0.949 m_ev=0.928 m_v_bias=-3.5 m_adv_std=2.0181 m_kl_max=0.0162 m_ratio_max=1.062 return=-167.6 length=200 success_rate=0.00 collisions/ep=0.00 (n=8)
Evaluation at update 335: return=-167.77, length=200.00, success_rate=0.00, collisions/ep=0.00
Solved-check at update 335: solved=False worst_gap=1190.09 at p_x0=2.00 p_y0=0.00 (consecutive=0)
update=336 global_step=688128 SPS=633 w_ev=0.965 m_ev=0.692 m_v_bias=-0.4 m_adv_std=6.3142 m_kl_max=0.0154 m_ratio_max=0.587 return=-171.6 length=200 success_rate=0.00 collisions/ep=0.06 (n=16)
update=337 global_step=690176 SPS=635 w_ev=0.952 m_ev=0.982 m_v_bias=-1.9 m_adv_std=1.1131 m_kl_max=0.0093 m_ratio_max=0.497 return=-169.2 length=200 success_rate=0.00 collisions/ep=0.00 (n=8)
update=338 global_step=692224 SPS=636 w_ev=0.928 m_ev=0.653 m_v_bias=-0.5 m_adv_std=4.6446 m_kl_max=0.0162 m_ratio_max=0.709 return=-177.0 length=200 success_rate=0.00 collisions/ep=0.12 (n=8)
update=339 global_step=694272 SPS=637 w_ev=0.961 m_ev=0.590 m_v_bias=0.2 m_adv_std=6.4786 m_kl_max=0.0186 m_ratio_max=0.721 return=-174.1 length=200 success_rate=0.00 collisions/ep=0.00 (n=8)
update=340 global_step=696320 SPS=639 w_ev=0.922 m_ev=0.246 m_v_bias=1.8 m_adv_std=20.3170 m_kl_max=0.0188 m_ratio_max=0.618 return=-190.6 length=200 success_rate=0.00 collisions/ep=0.50 (n=16)
Evaluation at update 340: return=-167.29, length=200.00, success_rate=0.00, collisions/ep=0.00
Solved-check at update 340: solved=False worst_gap=1189.61 at p_x0=2.00 p_y0=0.00 (consecutive=0)
update=341 global_step=698368 SPS=635 w_ev=0.860 m_ev=0.249 m_v_bias=1.1 m_adv_std=16.5731 m_kl_max=0.0198 m_ratio_max=0.719 return=-211.9 length=200 success_rate=0.00 collisions/ep=0.88 (n=8)
update=342 global_step=700416 SPS=636 w_ev=0.921 m_ev=0.563 m_v_bias=-0.2 m_adv_std=6.2895 m_kl_max=0.0256 m_ratio_max=0.876 return=-173.4 length=200 success_rate=0.00 collisions/ep=0.12 (n=8)
update=343 global_step=702464 SPS=638 w_ev=0.904 m_ev=0.117 m_v_bias=4.3 m_adv_std=21.6078 m_kl_max=0.0667 m_ratio_max=3.214 return=-184.1 length=200 success_rate=0.00 collisions/ep=0.25 (n=16)
update=344 global_step=704512 SPS=639 w_ev=0.957 m_ev=0.905 m_v_bias=-2.6 m_adv_std=2.8813 m_kl_max=0.0160 m_ratio_max=0.569 return=-170.5 length=200 success_rate=0.00 collisions/ep=0.00 (n=8)
update=345 global_step=706560 SPS=640 w_ev=0.949 m_ev=0.930 m_v_bias=-1.8 m_adv_std=1.9240 m_kl_max=0.0182 m_ratio_max=0.550 return=-174.1 length=200 success_rate=0.00 collisions/ep=0.00 (n=8)
Evaluation at update 345: return=-167.39, length=200.00, success_rate=0.00, collisions/ep=0.00
Solved-check at update 345: solved=False worst_gap=1189.67 at p_x0=2.00 p_y0=0.50 (consecutive=0)
update=346 global_step=708608 SPS=637 w_ev=0.713 m_ev=0.054 m_v_bias=11.6 m_adv_std=33.5606 m_kl_max=0.0191 m_ratio_max=0.806 return=-194.7 length=200 success_rate=0.00 collisions/ep=0.50 (n=8)
update=347 global_step=710656 SPS=638 w_ev=0.961 m_ev=0.642 m_v_bias=-3.3 m_adv_std=7.1399 m_kl_max=0.0126 m_ratio_max=0.672 return=-196.0 length=200 success_rate=0.00 collisions/ep=0.50 (n=16)
update=348 global_step=712704 SPS=639 w_ev=0.948 m_ev=0.928 m_v_bias=-4.1 m_adv_std=2.0648 m_kl_max=0.0140 m_ratio_max=0.512 return=-171.2 length=200 success_rate=0.00 collisions/ep=0.00 (n=8)
update=349 global_step=714752 SPS=641 w_ev=0.913 m_ev=0.556 m_v_bias=-1.3 m_adv_std=6.4700 m_kl_max=0.0310 m_ratio_max=1.194 return=-169.6 length=200 success_rate=0.00 collisions/ep=0.00 (n=8)
update=350 global_step=716800 SPS=642 w_ev=0.936 m_ev=0.537 m_v_bias=0.1 m_adv_std=8.3400 m_kl_max=0.0295 m_ratio_max=1.488 return=-178.9 length=200 success_rate=0.00 collisions/ep=0.19 (n=16)
Evaluation at update 350: return=-167.16, length=200.00, success_rate=0.00, collisions/ep=0.00
Solved-check at update 350: solved=False worst_gap=1189.20 at p_x0=2.00 p_y0=0.50 (consecutive=0)
update=351 global_step=718848 SPS=638 w_ev=0.965 m_ev=0.684 m_v_bias=-1.1 m_adv_std=6.2143 m_kl_max=0.0188 m_ratio_max=0.728 return=-175.0 length=200 success_rate=0.00 collisions/ep=0.12 (n=8)
update=352 global_step=720896 SPS=640 w_ev=0.717 m_ev=0.073 m_v_bias=6.8 m_adv_std=31.8512 m_kl_max=0.0289 m_ratio_max=1.203 return=-221.9 length=200 success_rate=0.00 collisions/ep=1.00 (n=8)
update=353 global_step=722944 SPS=641 w_ev=0.875 m_ev=0.216 m_v_bias=-1.2 m_adv_std=17.0663 m_kl_max=0.0245 m_ratio_max=0.887 return=-188.7 length=200 success_rate=0.00 collisions/ep=0.38 (n=8)
update=354 global_step=724992 SPS=642 w_ev=0.949 m_ev=0.715 m_v_bias=-1.9 m_adv_std=6.5566 m_kl_max=0.0181 m_ratio_max=1.242 return=-171.0 length=200 success_rate=0.00 collisions/ep=0.06 (n=16)
update=355 global_step=727040 SPS=643 w_ev=0.875 m_ev=0.197 m_v_bias=2.1 m_adv_std=18.9061 m_kl_max=0.0150 m_ratio_max=0.547 return=-195.2 length=200 success_rate=0.00 collisions/ep=0.50 (n=8)
Evaluation at update 355: return=-166.69, length=200.00, success_rate=0.00, collisions/ep=0.00
Solved-check at update 355: solved=False worst_gap=1190.27 at p_x0=2.00 p_y0=0.00 (consecutive=0)
update=356 global_step=729088 SPS=639 w_ev=0.932 m_ev=0.673 m_v_bias=-2.8 m_adv_std=5.9567 m_kl_max=0.0222 m_ratio_max=0.954 return=-174.3 length=200 success_rate=0.00 collisions/ep=0.12 (n=8)
update=357 global_step=731136 SPS=640 w_ev=0.928 m_ev=0.955 m_v_bias=-3.4 m_adv_std=1.7661 m_kl_max=0.0217 m_ratio_max=0.775 return=-169.1 length=200 success_rate=0.00 collisions/ep=0.00 (n=8)
update=358 global_step=733184 SPS=641 w_ev=0.886 m_ev=0.212 m_v_bias=3.8 m_adv_std=24.8601 m_kl_max=0.0217 m_ratio_max=0.575 return=-180.3 length=200 success_rate=0.00 collisions/ep=0.25 (n=16)
update=359 global_step=735232 SPS=643 w_ev=0.889 m_ev=0.588 m_v_bias=-3.1 m_adv_std=6.7288 m_kl_max=0.0207 m_ratio_max=0.890 return=-177.7 length=200 success_rate=0.00 collisions/ep=0.12 (n=8)
update=360 global_step=737280 SPS=644 w_ev=0.910 m_ev=0.943 m_v_bias=-3.6 m_adv_std=2.1277 m_kl_max=0.0280 m_ratio_max=1.027 return=-168.6 length=200 success_rate=0.00 collisions/ep=0.00 (n=8)
Evaluation at update 360: return=-167.04, length=200.00, success_rate=0.00, collisions/ep=0.00
Solved-check at update 360: solved=False worst_gap=1190.79 at p_x0=2.00 p_y0=0.50 (consecutive=0)
update=361 global_step=739328 SPS=639 w_ev=0.935 m_ev=0.499 m_v_bias=1.9 m_adv_std=10.4691 m_kl_max=0.0278 m_ratio_max=1.171 return=-178.4 length=200 success_rate=0.00 collisions/ep=0.19 (n=16)
update=362 global_step=741376 SPS=641 w_ev=0.925 m_ev=0.943 m_v_bias=-2.4 m_adv_std=2.0856 m_kl_max=0.0330 m_ratio_max=1.336 return=-168.5 length=200 success_rate=0.00 collisions/ep=0.00 (n=8)
update=363 global_step=743424 SPS=642 w_ev=0.915 m_ev=0.523 m_v_bias=-0.9 m_adv_std=6.3657 m_kl_max=0.0092 m_ratio_max=0.414 return=-170.2 length=200 success_rate=0.00 collisions/ep=0.00 (n=8)
update=364 global_step=745472 SPS=643 w_ev=0.936 m_ev=0.964 m_v_bias=-2.0 m_adv_std=1.6299 m_kl_max=0.0280 m_ratio_max=0.826 return=-177.8 length=200 success_rate=0.00 collisions/ep=0.12 (n=8)
update=365 global_step=747520 SPS=644 w_ev=0.937 m_ev=0.393 m_v_bias=0.6 m_adv_std=10.4166 m_kl_max=0.0137 m_ratio_max=0.660 return=-174.3 length=200 success_rate=0.00 collisions/ep=0.12 (n=16)
Evaluation at update 365: return=-166.39, length=200.00, success_rate=0.00, collisions/ep=0.00
Solved-check at update 365: solved=False worst_gap=1189.23 at p_x0=2.00 p_y0=-0.50 (consecutive=0)
update=366 global_step=749568 SPS=640 w_ev=0.854 m_ev=0.029 m_v_bias=1.8 m_adv_std=18.6467 m_kl_max=0.0201 m_ratio_max=0.648 return=-182.1 length=200 success_rate=0.00 collisions/ep=0.25 (n=8)
update=367 global_step=751616 SPS=641 w_ev=0.894 m_ev=0.718 m_v_bias=-2.4 m_adv_std=4.3370 m_kl_max=0.0188 m_ratio_max=0.703 return=-187.3 length=200 success_rate=0.00 collisions/ep=0.38 (n=8)
update=368 global_step=753664 SPS=642 w_ev=0.937 m_ev=0.931 m_v_bias=-1.0 m_adv_std=1.9970 m_kl_max=0.0492 m_ratio_max=1.231 return=-171.0 length=200 success_rate=0.00 collisions/ep=0.00 (n=16)
update=369 global_step=755712 SPS=643 w_ev=0.921 m_ev=0.440 m_v_bias=0.5 m_adv_std=9.4709 m_kl_max=0.0507 m_ratio_max=1.676 return=-166.1 length=200 success_rate=0.00 collisions/ep=0.00 (n=8)
update=370 global_step=757760 SPS=644 w_ev=0.841 m_ev=0.357 m_v_bias=2.7 m_adv_std=10.6324 m_kl_max=0.0305 m_ratio_max=1.043 return=-199.7 length=200 success_rate=0.00 collisions/ep=0.62 (n=8)
Evaluation at update 370: return=-165.17, length=200.00, success_rate=0.00, collisions/ep=0.00
Solved-check at update 370: solved=False worst_gap=1188.47 at p_x0=2.00 p_y0=0.50 (consecutive=0)
update=371 global_step=759808 SPS=641 w_ev=0.922 m_ev=0.677 m_v_bias=-0.1 m_adv_std=6.6805 m_kl_max=0.0111 m_ratio_max=0.652 return=-169.5 length=200 success_rate=0.00 collisions/ep=0.00 (n=8)
update=372 global_step=761856 SPS=642 w_ev=0.959 m_ev=0.746 m_v_bias=-0.5 m_adv_std=6.8403 m_kl_max=0.0476 m_ratio_max=2.232 return=-168.7 length=200 success_rate=0.00 collisions/ep=0.12 (n=16)
update=373 global_step=763904 SPS=643 w_ev=0.813 m_ev=0.142 m_v_bias=7.3 m_adv_std=21.9861 m_kl_max=0.0139 m_ratio_max=0.570 return=-197.1 length=200 success_rate=0.00 collisions/ep=0.62 (n=8)
update=374 global_step=765952 SPS=644 w_ev=0.894 m_ev=0.693 m_v_bias=-3.2 m_adv_std=5.5481 m_kl_max=0.0188 m_ratio_max=0.560 return=-178.5 length=200 success_rate=0.00 collisions/ep=0.25 (n=8)
update=375 global_step=768000 SPS=646 w_ev=0.877 m_ev=0.950 m_v_bias=-3.0 m_adv_std=1.8477 m_kl_max=0.0222 m_ratio_max=0.891 return=-172.2 length=200 success_rate=0.00 collisions/ep=0.06 (n=16)
Evaluation at update 375: return=-163.23, length=200.00, success_rate=0.00, collisions/ep=0.00
Solved-check at update 375: solved=False worst_gap=1185.67 at p_x0=2.00 p_y0=0.50 (consecutive=0)
update=376 global_step=770048 SPS=642 w_ev=0.938 m_ev=0.953 m_v_bias=-2.0 m_adv_std=2.3858 m_kl_max=0.0345 m_ratio_max=0.880 return=-165.6 length=200 success_rate=0.00 collisions/ep=0.00 (n=8)
update=377 global_step=772096 SPS=644 w_ev=0.910 m_ev=0.987 m_v_bias=-1.1 m_adv_std=1.0444 m_kl_max=0.0420 m_ratio_max=1.942 return=-169.1 length=200 success_rate=0.00 collisions/ep=0.00 (n=8)
update=378 global_step=774144 SPS=645 w_ev=0.919 m_ev=0.991 m_v_bias=-0.9 m_adv_std=0.8288 m_kl_max=0.0819 m_ratio_max=3.484 return=-165.2 length=200 success_rate=0.00 collisions/ep=0.00 (n=8)
update=379 global_step=776192 SPS=646 w_ev=0.962 m_ev=0.993 m_v_bias=-0.8 m_adv_std=0.9419 m_kl_max=0.0362 m_ratio_max=1.133 return=-165.0 length=200 success_rate=0.00 collisions/ep=0.00 (n=16)
update=380 global_step=778240 SPS=647 w_ev=0.924 m_ev=0.719 m_v_bias=0.4 m_adv_std=6.2400 m_kl_max=0.0196 m_ratio_max=0.710 return=-164.2 length=200 success_rate=0.00 collisions/ep=0.12 (n=8)
Evaluation at update 380: return=-161.88, length=200.00, success_rate=0.00, collisions/ep=0.00
Solved-check at update 380: solved=False worst_gap=1184.20 at p_x0=2.00 p_y0=-0.50 (consecutive=0)
update=381 global_step=780288 SPS=644 w_ev=0.940 m_ev=0.985 m_v_bias=-1.1 m_adv_std=1.1404 m_kl_max=0.0195 m_ratio_max=0.621 return=-166.2 length=200 success_rate=0.00 collisions/ep=0.00 (n=8)
update=382 global_step=782336 SPS=645 w_ev=0.801 m_ev=-0.085 m_v_bias=3.5 m_adv_std=28.8174 m_kl_max=0.0138 m_ratio_max=0.632 return=-163.4 length=200 success_rate=0.00 collisions/ep=0.00 (n=8)
update=383 global_step=784384 SPS=647 w_ev=0.955 m_ev=0.471 m_v_bias=-5.9 m_adv_std=8.3528 m_kl_max=0.0112 m_ratio_max=0.411 return=-178.7 length=200 success_rate=0.00 collisions/ep=0.31 (n=16)
update=384 global_step=786432 SPS=648 w_ev=0.942 m_ev=0.759 m_v_bias=-0.0 m_adv_std=5.6802 m_kl_max=0.0279 m_ratio_max=1.537 return=-171.3 length=200 success_rate=0.00 collisions/ep=0.12 (n=8)
update=385 global_step=788480 SPS=649 w_ev=0.949 m_ev=0.985 m_v_bias=-1.4 m_adv_std=1.2645 m_kl_max=0.0445 m_ratio_max=1.277 return=-161.6 length=200 success_rate=0.00 collisions/ep=0.00 (n=8)
Evaluation at update 385: return=-160.59, length=200.00, success_rate=0.00, collisions/ep=0.00
Solved-check at update 385: solved=False worst_gap=1183.52 at p_x0=2.00 p_y0=-0.50 (consecutive=0)
update=386 global_step=790528 SPS=645 w_ev=0.963 m_ev=0.994 m_v_bias=-0.6 m_adv_std=0.8641 m_kl_max=0.0752 m_ratio_max=3.267 return=-162.5 length=200 success_rate=0.00 collisions/ep=0.00 (n=16)
update=387 global_step=792576 SPS=646 w_ev=0.917 m_ev=0.630 m_v_bias=1.6 m_adv_std=8.1560 m_kl_max=0.0113 m_ratio_max=0.489 return=-173.7 length=200 success_rate=0.00 collisions/ep=0.25 (n=8)
update=388 global_step=794624 SPS=647 w_ev=0.925 m_ev=0.743 m_v_bias=-0.3 m_adv_std=5.4804 m_kl_max=0.0310 m_ratio_max=1.561 return=-162.7 length=200 success_rate=0.00 collisions/ep=0.00 (n=8)
update=389 global_step=796672 SPS=649 w_ev=0.917 m_ev=0.970 m_v_bias=-1.2 m_adv_std=1.6292 m_kl_max=0.0323 m_ratio_max=0.931 return=-165.2 length=200 success_rate=0.00 collisions/ep=0.12 (n=8)
update=390 global_step=798720 SPS=650 w_ev=0.967 m_ev=0.992 m_v_bias=-0.8 m_adv_std=1.2125 m_kl_max=0.0287 m_ratio_max=1.291 return=-160.3 length=200 success_rate=0.00 collisions/ep=0.00 (n=16)
Evaluation at update 390: return=-158.10, length=200.00, success_rate=0.00, collisions/ep=0.00
Solved-check at update 390: solved=False worst_gap=1181.56 at p_x0=2.00 p_y0=0.50 (consecutive=0)
update=391 global_step=800768 SPS=646 w_ev=0.929 m_ev=0.738 m_v_bias=0.8 m_adv_std=6.5575 m_kl_max=0.0093 m_ratio_max=0.763 return=-167.2 length=200 success_rate=0.00 collisions/ep=0.12 (n=8)
update=392 global_step=802816 SPS=647 w_ev=0.930 m_ev=0.984 m_v_bias=-0.8 m_adv_std=1.3091 m_kl_max=0.0266 m_ratio_max=0.840 return=-159.4 length=200 success_rate=0.00 collisions/ep=0.00 (n=8)
update=393 global_step=804864 SPS=648 w_ev=0.950 m_ev=0.994 m_v_bias=-0.9 m_adv_std=0.7768 m_kl_max=0.0184 m_ratio_max=0.641 return=-159.3 length=200 success_rate=0.00 collisions/ep=0.00 (n=16)
update=394 global_step=806912 SPS=650 w_ev=0.954 m_ev=0.997 m_v_bias=-0.5 m_adv_std=0.6577 m_kl_max=0.0217 m_ratio_max=0.656 return=-157.9 length=200 success_rate=0.00 collisions/ep=0.00 (n=8)
update=395 global_step=808960 SPS=651 w_ev=0.904 m_ev=0.995 m_v_bias=-0.6 m_adv_std=0.7313 m_kl_max=0.0638 m_ratio_max=2.616 return=-159.7 length=200 success_rate=0.00 collisions/ep=0.00 (n=8)
Evaluation at update 395: return=-155.59, length=200.00, success_rate=0.00, collisions/ep=0.00
Solved-check at update 395: solved=False worst_gap=1180.66 at p_x0=2.00 p_y0=0.00 (consecutive=0)
update=396 global_step=811008 SPS=648 w_ev=0.952 m_ev=0.996 m_v_bias=-0.6 m_adv_std=0.7040 m_kl_max=0.0446 m_ratio_max=0.847 return=-157.5 length=200 success_rate=0.00 collisions/ep=0.00 (n=8)
update=397 global_step=813056 SPS=649 w_ev=0.969 m_ev=0.996 m_v_bias=-0.4 m_adv_std=0.8310 m_kl_max=0.0399 m_ratio_max=1.943 return=-156.8 length=200 success_rate=0.00 collisions/ep=0.00 (n=16)
update=398 global_step=815104 SPS=650 w_ev=0.931 m_ev=0.607 m_v_bias=1.7 m_adv_std=8.6600 m_kl_max=0.0282 m_ratio_max=1.151 return=-164.2 length=200 success_rate=0.00 collisions/ep=0.12 (n=8)
update=399 global_step=817152 SPS=651 w_ev=0.939 m_ev=0.445 m_v_bias=3.1 m_adv_std=13.2444 m_kl_max=0.0171 m_ratio_max=0.734 return=-184.8 length=200 success_rate=0.00 collisions/ep=0.50 (n=8)
update=400 global_step=819200 SPS=652 w_ev=0.924 m_ev=0.444 m_v_bias=0.4 m_adv_std=11.8313 m_kl_max=0.0286 m_ratio_max=0.965 return=-163.8 length=200 success_rate=0.00 collisions/ep=0.12 (n=16)
Evaluation at update 400: return=-154.65, length=200.00, success_rate=0.00, collisions/ep=0.00
Solved-check at update 400: solved=False worst_gap=1180.36 at p_x0=2.00 p_y0=0.00 (consecutive=0)
update=401 global_step=821248 SPS=649 w_ev=0.947 m_ev=0.388 m_v_bias=-0.7 m_adv_std=14.6401 m_kl_max=0.0416 m_ratio_max=1.420 return=-174.1 length=200 success_rate=0.00 collisions/ep=0.38 (n=8)
update=402 global_step=823296 SPS=650 w_ev=0.940 m_ev=0.753 m_v_bias=-1.4 m_adv_std=4.9915 m_kl_max=0.0467 m_ratio_max=0.833 return=-157.4 length=200 success_rate=0.00 collisions/ep=0.00 (n=8)
update=403 global_step=825344 SPS=651 w_ev=0.942 m_ev=0.951 m_v_bias=-2.2 m_adv_std=2.5044 m_kl_max=0.0380 m_ratio_max=0.918 return=-164.5 length=200 success_rate=0.00 collisions/ep=0.12 (n=8)
update=404 global_step=827392 SPS=652 w_ev=0.943 m_ev=0.869 m_v_bias=-0.1 m_adv_std=5.3251 m_kl_max=0.0190 m_ratio_max=0.871 return=-158.8 length=200 success_rate=0.00 collisions/ep=0.06 (n=16)
update=405 global_step=829440 SPS=653 w_ev=0.956 m_ev=0.979 m_v_bias=-0.9 m_adv_std=1.7160 m_kl_max=0.0145 m_ratio_max=0.811 return=-155.4 length=200 success_rate=0.00 collisions/ep=0.00 (n=8)
Evaluation at update 405: return=-154.55, length=200.00, success_rate=0.00, collisions/ep=0.00
Solved-check at update 405: solved=False worst_gap=1179.12 at p_x0=2.00 p_y0=0.00 (consecutive=0)
update=406 global_step=831488 SPS=650 w_ev=0.959 m_ev=0.985 m_v_bias=-0.4 m_adv_std=1.3960 m_kl_max=0.0483 m_ratio_max=3.175 return=-154.8 length=200 success_rate=0.00 collisions/ep=0.00 (n=8)
update=407 global_step=833536 SPS=651 w_ev=0.948 m_ev=0.992 m_v_bias=-0.5 m_adv_std=0.9592 m_kl_max=0.0761 m_ratio_max=1.815 return=-155.6 length=200 success_rate=0.00 collisions/ep=0.00 (n=8)
update=408 global_step=835584 SPS=653 w_ev=0.975 m_ev=0.997 m_v_bias=-0.5 m_adv_std=0.8099 m_kl_max=0.0365 m_ratio_max=0.987 return=-154.2 length=200 success_rate=0.00 collisions/ep=0.00 (n=16)
update=409 global_step=837632 SPS=654 w_ev=0.960 m_ev=0.993 m_v_bias=-0.9 m_adv_std=0.9874 m_kl_max=0.0478 m_ratio_max=1.907 return=-151.7 length=200 success_rate=0.00 collisions/ep=0.00 (n=8)
update=410 global_step=839680 SPS=655 w_ev=0.955 m_ev=0.885 m_v_bias=-0.1 m_adv_std=4.4238 m_kl_max=0.0262 m_ratio_max=0.924 return=-161.7 length=200 success_rate=0.00 collisions/ep=0.12 (n=8)
Evaluation at update 410: return=-150.72, length=200.00, success_rate=0.00, collisions/ep=0.00
Solved-check at update 410: solved=False worst_gap=1177.38 at p_x0=2.00 p_y0=0.00 (consecutive=0)
update=411 global_step=841728 SPS=651 w_ev=0.956 m_ev=0.338 m_v_bias=4.4 m_adv_std=19.0559 m_kl_max=0.0194 m_ratio_max=0.711 return=-163.8 length=200 success_rate=0.00 collisions/ep=0.25 (n=16)
update=412 global_step=843776 SPS=652 w_ev=0.967 m_ev=0.806 m_v_bias=-1.9 m_adv_std=6.0613 m_kl_max=0.0161 m_ratio_max=0.802 return=-155.2 length=200 success_rate=0.00 collisions/ep=0.00 (n=8)
update=413 global_step=845824 SPS=653 w_ev=0.954 m_ev=0.520 m_v_bias=0.7 m_adv_std=12.1104 m_kl_max=0.0426 m_ratio_max=0.924 return=-169.8 length=200 success_rate=0.00 collisions/ep=0.38 (n=8)
update=414 global_step=847872 SPS=654 w_ev=0.971 m_ev=0.980 m_v_bias=-1.4 m_adv_std=1.6182 m_kl_max=0.0324 m_ratio_max=0.669 return=-154.9 length=200 success_rate=0.00 collisions/ep=0.00 (n=8)
update=415 global_step=849920 SPS=655 w_ev=0.989 m_ev=0.993 m_v_bias=-0.7 m_adv_std=1.2576 m_kl_max=0.0329 m_ratio_max=1.216 return=-154.8 length=200 success_rate=0.00 collisions/ep=0.00 (n=16)
Evaluation at update 415: return=-151.10, length=200.00, success_rate=0.00, collisions/ep=0.00
Solved-check at update 415: solved=False worst_gap=1175.31 at p_x0=2.00 p_y0=0.00 (consecutive=0)
update=416 global_step=851968 SPS=652 w_ev=0.964 m_ev=0.995 m_v_bias=-0.8 m_adv_std=0.8466 m_kl_max=0.0680 m_ratio_max=1.383 return=-152.1 length=200 success_rate=0.00 collisions/ep=0.00 (n=8)
update=417 global_step=854016 SPS=653 w_ev=0.970 m_ev=0.794 m_v_bias=0.5 m_adv_std=5.8042 m_kl_max=0.0122 m_ratio_max=0.802 return=-153.8 length=200 success_rate=0.00 collisions/ep=0.00 (n=8)
update=418 global_step=856064 SPS=654 w_ev=0.971 m_ev=0.486 m_v_bias=1.5 m_adv_std=11.7092 m_kl_max=0.0239 m_ratio_max=0.885 return=-159.0 length=200 success_rate=0.00 collisions/ep=0.19 (n=16)
update=419 global_step=858112 SPS=655 w_ev=0.967 m_ev=0.598 m_v_bias=-0.7 m_adv_std=10.3866 m_kl_max=0.0135 m_ratio_max=0.564 return=-157.4 length=200 success_rate=0.00 collisions/ep=0.00 (n=8)
update=420 global_step=860160 SPS=656 w_ev=0.958 m_ev=0.980 m_v_bias=-0.9 m_adv_std=1.6068 m_kl_max=0.0340 m_ratio_max=0.812 return=-163.1 length=200 success_rate=0.00 collisions/ep=0.25 (n=8)
Evaluation at update 420: return=-150.89, length=200.00, success_rate=0.00, collisions/ep=0.00
Solved-check at update 420: solved=False worst_gap=1175.10 at p_x0=2.00 p_y0=0.00 (consecutive=0)
update=421 global_step=862208 SPS=653 w_ev=0.964 m_ev=0.995 m_v_bias=-0.5 m_adv_std=0.8257 m_kl_max=0.0292 m_ratio_max=1.005 return=-154.5 length=200 success_rate=0.00 collisions/ep=0.00 (n=8)
update=422 global_step=864256 SPS=654 w_ev=0.973 m_ev=0.752 m_v_bias=2.7 m_adv_std=8.8753 m_kl_max=0.0247 m_ratio_max=0.910 return=-159.0 length=200 success_rate=0.00 collisions/ep=0.12 (n=16)
update=423 global_step=866304 SPS=655 w_ev=0.967 m_ev=0.797 m_v_bias=-0.2 m_adv_std=6.3941 m_kl_max=0.0341 m_ratio_max=0.866 return=-159.6 length=200 success_rate=0.00 collisions/ep=0.12 (n=8)
update=424 global_step=868352 SPS=656 w_ev=0.969 m_ev=0.772 m_v_bias=-0.3 m_adv_std=6.4262 m_kl_max=0.0153 m_ratio_max=0.482 return=-152.7 length=200 success_rate=0.00 collisions/ep=0.00 (n=8)
update=425 global_step=870400 SPS=657 w_ev=0.980 m_ev=0.984 m_v_bias=-1.7 m_adv_std=1.5360 m_kl_max=0.0090 m_ratio_max=0.427 return=-155.3 length=200 success_rate=0.00 collisions/ep=0.06 (n=16)
Evaluation at update 425: return=-148.53, length=200.00, success_rate=0.00, collisions/ep=0.00
Solved-check at update 425: solved=False worst_gap=1172.91 at p_x0=2.00 p_y0=0.50 (consecutive=0)
update=426 global_step=872448 SPS=654 w_ev=0.981 m_ev=0.651 m_v_bias=1.9 m_adv_std=12.0475 m_kl_max=0.0362 m_ratio_max=0.945 return=-164.0 length=200 success_rate=0.00 collisions/ep=0.25 (n=8)
update=427 global_step=874496 SPS=655 w_ev=0.975 m_ev=0.719 m_v_bias=1.3 m_adv_std=8.5366 m_kl_max=0.0273 m_ratio_max=1.012 return=-166.2 length=200 success_rate=0.00 collisions/ep=0.25 (n=8)
update=428 global_step=876544 SPS=656 w_ev=0.976 m_ev=0.941 m_v_bias=-1.7 m_adv_std=2.9736 m_kl_max=0.0182 m_ratio_max=0.509 return=-153.0 length=200 success_rate=0.00 collisions/ep=0.00 (n=8)
update=429 global_step=878592 SPS=657 w_ev=0.990 m_ev=0.991 m_v_bias=-1.4 m_adv_std=1.4531 m_kl_max=0.0327 m_ratio_max=0.827 return=-151.7 length=200 success_rate=0.00 collisions/ep=0.00 (n=16)
update=430 global_step=880640 SPS=658 w_ev=0.980 m_ev=0.841 m_v_bias=0.2 m_adv_std=5.9604 m_kl_max=0.0090 m_ratio_max=0.361 return=-155.2 length=200 success_rate=0.00 collisions/ep=0.12 (n=8)
Evaluation at update 430: return=-148.54, length=200.00, success_rate=0.00, collisions/ep=0.00
Solved-check at update 430: solved=False worst_gap=1172.55 at p_x0=2.00 p_y0=0.50 (consecutive=0)
update=431 global_step=882688 SPS=655 w_ev=0.926 m_ev=0.216 m_v_bias=4.5 m_adv_std=24.8319 m_kl_max=0.0249 m_ratio_max=1.953 return=-146.7 length=200 success_rate=0.00 collisions/ep=0.00 (n=8)
update=432 global_step=884736 SPS=656 w_ev=0.886 m_ev=0.440 m_v_bias=0.2 m_adv_std=15.2744 m_kl_max=0.0221 m_ratio_max=0.904 return=-195.7 length=200 success_rate=0.00 collisions/ep=0.88 (n=8)
update=433 global_step=886784 SPS=657 w_ev=0.985 m_ev=0.970 m_v_bias=-1.0 m_adv_std=2.4923 m_kl_max=0.0099 m_ratio_max=0.439 return=-156.4 length=200 success_rate=0.00 collisions/ep=0.06 (n=16)
update=434 global_step=888832 SPS=658 w_ev=0.972 m_ev=0.987 m_v_bias=-1.1 m_adv_std=1.3036 m_kl_max=0.0265 m_ratio_max=0.848 return=-153.9 length=200 success_rate=0.00 collisions/ep=0.00 (n=8)
update=435 global_step=890880 SPS=659 w_ev=0.923 m_ev=0.826 m_v_bias=-0.4 m_adv_std=4.8326 m_kl_max=0.0347 m_ratio_max=1.613 return=-155.2 length=200 success_rate=0.00 collisions/ep=0.00 (n=8)
Evaluation at update 435: return=-148.68, length=200.00, success_rate=0.00, collisions/ep=0.00
Solved-check at update 435: solved=False worst_gap=1173.27 at p_x0=2.00 p_y0=0.50 (consecutive=0)
update=436 global_step=892928 SPS=657 w_ev=0.991 m_ev=0.988 m_v_bias=-1.0 m_adv_std=1.4630 m_kl_max=0.0305 m_ratio_max=0.663 return=-155.1 length=200 success_rate=0.00 collisions/ep=0.06 (n=16)
update=437 global_step=894976 SPS=658 w_ev=0.977 m_ev=0.848 m_v_bias=-0.0 m_adv_std=6.0457 m_kl_max=0.0122 m_ratio_max=0.458 return=-155.6 length=200 success_rate=0.00 collisions/ep=0.12 (n=8)
update=438 global_step=897024 SPS=659 w_ev=0.979 m_ev=0.771 m_v_bias=0.6 m_adv_std=6.2837 m_kl_max=0.0333 m_ratio_max=1.146 return=-153.4 length=200 success_rate=0.00 collisions/ep=0.00 (n=8)
update=439 global_step=899072 SPS=660 w_ev=0.985 m_ev=0.968 m_v_bias=-1.1 m_adv_std=2.1933 m_kl_max=0.0163 m_ratio_max=0.759 return=-158.2 length=200 success_rate=0.00 collisions/ep=0.12 (n=8)
update=440 global_step=901120 SPS=661 w_ev=0.991 m_ev=0.994 m_v_bias=-1.1 m_adv_std=1.2160 m_kl_max=0.0553 m_ratio_max=1.048 return=-150.7 length=200 success_rate=0.00 collisions/ep=0.00 (n=16)
Evaluation at update 440: return=-146.88, length=200.00, success_rate=0.00, collisions/ep=0.00
Solved-check at update 440: solved=False worst_gap=1170.49 at p_x0=2.00 p_y0=0.50 (consecutive=0)
update=441 global_step=903168 SPS=658 w_ev=0.987 m_ev=0.784 m_v_bias=0.7 m_adv_std=6.3549 m_kl_max=0.0467 m_ratio_max=1.184 return=-150.6 length=200 success_rate=0.00 collisions/ep=0.00 (n=8)
update=442 global_step=905216 SPS=659 w_ev=0.896 m_ev=0.006 m_v_bias=3.5 m_adv_std=22.9607 m_kl_max=0.0239 m_ratio_max=1.438 return=-162.2 length=200 success_rate=0.00 collisions/ep=0.25 (n=8)
update=443 global_step=907264 SPS=660 w_ev=0.980 m_ev=0.705 m_v_bias=-3.1 m_adv_std=6.7341 m_kl_max=0.0250 m_ratio_max=0.751 return=-165.4 length=200 success_rate=0.00 collisions/ep=0.31 (n=16)
update=444 global_step=909312 SPS=661 w_ev=0.985 m_ev=0.920 m_v_bias=-1.4 m_adv_std=4.3653 m_kl_max=0.0146 m_ratio_max=0.632 return=-149.7 length=200 success_rate=0.00 collisions/ep=0.00 (n=8)
update=445 global_step=911360 SPS=662 w_ev=0.967 m_ev=0.557 m_v_bias=0.4 m_adv_std=12.2371 m_kl_max=0.0141 m_ratio_max=0.628 return=-168.1 length=200 success_rate=0.00 collisions/ep=0.38 (n=8)
Evaluation at update 445: return=-147.53, length=200.00, success_rate=0.00, collisions/ep=0.00
Solved-check at update 445: solved=False worst_gap=1172.01 at p_x0=2.00 p_y0=0.50 (consecutive=0)
update=446 global_step=913408 SPS=659 w_ev=0.977 m_ev=0.593 m_v_bias=2.5 m_adv_std=11.7075 m_kl_max=0.0420 m_ratio_max=1.244 return=-148.3 length=200 success_rate=0.00 collisions/ep=0.00 (n=8)
update=447 global_step=915456 SPS=660 w_ev=0.988 m_ev=0.918 m_v_bias=-0.7 m_adv_std=4.9293 m_kl_max=0.0165 m_ratio_max=0.689 return=-158.5 length=200 success_rate=0.00 collisions/ep=0.19 (n=16)
update=448 global_step=917504 SPS=661 w_ev=0.977 m_ev=0.981 m_v_bias=-0.6 m_adv_std=1.6741 m_kl_max=0.0253 m_ratio_max=0.734 return=-149.0 length=200 success_rate=0.00 collisions/ep=0.00 (n=8)
update=449 global_step=919552 SPS=662 w_ev=0.979 m_ev=0.994 m_v_bias=-0.3 m_adv_std=0.8689 m_kl_max=0.0305 m_ratio_max=1.041 return=-155.3 length=200 success_rate=0.00 collisions/ep=0.00 (n=8)
update=450 global_step=921600 SPS=663 w_ev=0.977 m_ev=0.995 m_v_bias=-0.1 m_adv_std=0.8259 m_kl_max=0.0564 m_ratio_max=1.206 return=-152.7 length=200 success_rate=0.00 collisions/ep=0.00 (n=16)
Evaluation at update 450: return=-147.21, length=200.00, success_rate=0.00, collisions/ep=0.00
Solved-check at update 450: solved=False worst_gap=1171.68 at p_x0=2.00 p_y0=0.50 (consecutive=0)
update=451 global_step=923648 SPS=660 w_ev=0.990 m_ev=0.998 m_v_bias=-0.6 m_adv_std=0.6188 m_kl_max=0.0272 m_ratio_max=0.729 return=-151.0 length=200 success_rate=0.00 collisions/ep=0.00 (n=8)
update=452 global_step=925696 SPS=661 w_ev=0.888 m_ev=0.156 m_v_bias=7.1 m_adv_std=33.9556 m_kl_max=0.0253 m_ratio_max=0.892 return=-192.1 length=200 success_rate=0.00 collisions/ep=0.88 (n=8)
update=453 global_step=927744 SPS=662 w_ev=0.973 m_ev=0.729 m_v_bias=0.3 m_adv_std=8.5627 m_kl_max=0.0107 m_ratio_max=0.423 return=-162.9 length=200 success_rate=0.00 collisions/ep=0.25 (n=8)
update=454 global_step=929792 SPS=664 w_ev=0.984 m_ev=0.598 m_v_bias=-0.3 m_adv_std=11.1197 m_kl_max=0.0148 m_ratio_max=0.749 return=-161.2 length=200 success_rate=0.00 collisions/ep=0.19 (n=16)
update=455 global_step=931840 SPS=665 w_ev=0.981 m_ev=0.829 m_v_bias=-1.4 m_adv_std=6.4534 m_kl_max=0.0130 m_ratio_max=0.496 return=-156.3 length=200 success_rate=0.00 collisions/ep=0.12 (n=8)
Evaluation at update 455: return=-147.15, length=200.00, success_rate=0.00, collisions/ep=0.00
Solved-check at update 455: solved=False worst_gap=1171.54 at p_x0=2.00 p_y0=1.00 (consecutive=0)
update=456 global_step=933888 SPS=662 w_ev=0.981 m_ev=0.788 m_v_bias=-0.5 m_adv_std=5.8373 m_kl_max=0.0369 m_ratio_max=2.390 return=-147.0 length=200 success_rate=0.00 collisions/ep=0.00 (n=8)
update=457 global_step=935936 SPS=663 w_ev=0.984 m_ev=0.805 m_v_bias=-0.6 m_adv_std=6.1471 m_kl_max=0.0205 m_ratio_max=0.713 return=-156.0 length=200 success_rate=0.00 collisions/ep=0.12 (n=8)
update=458 global_step=937984 SPS=664 w_ev=0.994 m_ev=0.993 m_v_bias=-1.2 m_adv_std=1.3933 m_kl_max=0.0184 m_ratio_max=0.884 return=-149.5 length=200 success_rate=0.00 collisions/ep=0.06 (n=16)
update=459 global_step=940032 SPS=665 w_ev=0.983 m_ev=0.993 m_v_bias=-0.9 m_adv_std=1.0175 m_kl_max=0.0555 m_ratio_max=1.844 return=-147.0 length=200 success_rate=0.00 collisions/ep=0.00 (n=8)
update=460 global_step=942080 SPS=666 w_ev=0.976 m_ev=0.697 m_v_bias=1.9 m_adv_std=8.3131 m_kl_max=0.0156 m_ratio_max=1.113 return=-157.5 length=200 success_rate=0.00 collisions/ep=0.12 (n=8)
Evaluation at update 460: return=-145.80, length=200.00, success_rate=0.00, collisions/ep=0.00
Solved-check at update 460: solved=False worst_gap=1169.72 at p_x0=2.00 p_y0=0.00 (consecutive=0)
update=461 global_step=944128 SPS=663 w_ev=0.981 m_ev=0.817 m_v_bias=0.3 m_adv_std=6.1767 m_kl_max=0.0098 m_ratio_max=0.671 return=-159.5 length=200 success_rate=0.00 collisions/ep=0.12 (n=16)
update=462 global_step=946176 SPS=664 w_ev=0.951 m_ev=0.336 m_v_bias=7.6 m_adv_std=23.5806 m_kl_max=0.0217 m_ratio_max=0.795 return=-192.5 length=200 success_rate=0.00 collisions/ep=0.88 (n=8)
update=463 global_step=948224 SPS=665 w_ev=0.970 m_ev=0.451 m_v_bias=-0.6 m_adv_std=12.5809 m_kl_max=0.0157 m_ratio_max=0.626 return=-149.5 length=200 success_rate=0.00 collisions/ep=0.00 (n=8)
update=464 global_step=950272 SPS=666 w_ev=0.978 m_ev=0.968 m_v_bias=-3.9 m_adv_std=2.1960 m_kl_max=0.0095 m_ratio_max=0.571 return=-165.6 length=200 success_rate=0.00 collisions/ep=0.25 (n=8)
update=465 global_step=952320 SPS=667 w_ev=0.992 m_ev=0.989 m_v_bias=-2.4 m_adv_std=1.7390 m_kl_max=0.0254 m_ratio_max=0.761 return=-149.1 length=200 success_rate=0.00 collisions/ep=0.00 (n=16)
Evaluation at update 465: return=-145.99, length=200.00, success_rate=0.00, collisions/ep=0.00
Solved-check at update 465: solved=False worst_gap=1169.41 at p_x0=2.00 p_y0=0.00 (consecutive=0)
update=466 global_step=954368 SPS=663 w_ev=0.922 m_ev=0.187 m_v_bias=1.9 m_adv_std=16.9575 m_kl_max=0.0205 m_ratio_max=0.817 return=-152.3 length=200 success_rate=0.00 collisions/ep=0.12 (n=8)
update=467 global_step=956416 SPS=664 w_ev=0.877 m_ev=0.040 m_v_bias=0.9 m_adv_std=29.3598 m_kl_max=0.0147 m_ratio_max=0.654 return=-171.5 length=200 success_rate=0.00 collisions/ep=0.38 (n=8)
update=468 global_step=958464 SPS=665 w_ev=0.969 m_ev=0.363 m_v_bias=-0.7 m_adv_std=12.2572 m_kl_max=0.0358 m_ratio_max=0.831 return=-171.0 length=200 success_rate=0.00 collisions/ep=0.50 (n=16)
update=469 global_step=960512 SPS=666 w_ev=0.970 m_ev=0.590 m_v_bias=1.5 m_adv_std=12.8638 m_kl_max=0.0350 m_ratio_max=1.446 return=-168.3 length=200 success_rate=0.00 collisions/ep=0.38 (n=8)
update=470 global_step=962560 SPS=667 w_ev=0.984 m_ev=0.953 m_v_bias=-2.6 m_adv_std=2.8975 m_kl_max=0.0135 m_ratio_max=0.605 return=-156.0 length=200 success_rate=0.00 collisions/ep=0.12 (n=8)
Evaluation at update 470: return=-145.95, length=200.00, success_rate=0.00, collisions/ep=0.00
Solved-check at update 470: solved=False worst_gap=1169.52 at p_x0=2.00 p_y0=0.50 (consecutive=0)
update=471 global_step=964608 SPS=664 w_ev=0.979 m_ev=0.964 m_v_bias=-2.2 m_adv_std=2.3554 m_kl_max=0.0338 m_ratio_max=1.049 return=-146.4 length=200 success_rate=0.00 collisions/ep=0.00 (n=8)
update=472 global_step=966656 SPS=665 w_ev=0.992 m_ev=0.869 m_v_bias=0.7 m_adv_std=6.9132 m_kl_max=0.0207 m_ratio_max=0.961 return=-154.8 length=200 success_rate=0.00 collisions/ep=0.12 (n=16)
update=473 global_step=968704 SPS=666 w_ev=0.977 m_ev=0.625 m_v_bias=-0.1 m_adv_std=9.8875 m_kl_max=0.0164 m_ratio_max=1.047 return=-158.6 length=200 success_rate=0.00 collisions/ep=0.25 (n=8)
update=474 global_step=970752 SPS=667 w_ev=0.988 m_ev=0.983 m_v_bias=-1.4 m_adv_std=1.7493 m_kl_max=0.0130 m_ratio_max=0.652 return=-149.5 length=200 success_rate=0.00 collisions/ep=0.00 (n=8)
update=475 global_step=972800 SPS=668 w_ev=0.991 m_ev=0.943 m_v_bias=-0.9 m_adv_std=3.2971 m_kl_max=0.0394 m_ratio_max=0.965 return=-148.0 length=200 success_rate=0.00 collisions/ep=0.06 (n=16)
Evaluation at update 475: return=-146.39, length=200.00, success_rate=0.00, collisions/ep=0.00
Solved-check at update 475: solved=False worst_gap=1168.97 at p_x0=2.00 p_y0=-0.50 (consecutive=0)
update=476 global_step=974848 SPS=664 w_ev=0.989 m_ev=0.767 m_v_bias=4.1 m_adv_std=10.1818 m_kl_max=0.0261 m_ratio_max=0.825 return=-169.7 length=200 success_rate=0.00 collisions/ep=0.38 (n=8)
update=477 global_step=976896 SPS=665 w_ev=0.985 m_ev=0.714 m_v_bias=-1.1 m_adv_std=7.8451 m_kl_max=0.0185 m_ratio_max=1.060 return=-155.6 length=200 success_rate=0.00 collisions/ep=0.12 (n=8)
update=478 global_step=978944 SPS=666 w_ev=0.984 m_ev=0.956 m_v_bias=-2.0 m_adv_std=2.6570 m_kl_max=0.0196 m_ratio_max=0.781 return=-154.9 length=200 success_rate=0.00 collisions/ep=0.12 (n=8)
update=479 global_step=980992 SPS=667 w_ev=0.991 m_ev=0.994 m_v_bias=-1.6 m_adv_std=1.1843 m_kl_max=0.0557 m_ratio_max=1.723 return=-150.3 length=200 success_rate=0.00 collisions/ep=0.00 (n=16)
update=480 global_step=983040 SPS=668 w_ev=0.986 m_ev=0.995 m_v_bias=-0.7 m_adv_std=0.9568 m_kl_max=0.0263 m_ratio_max=1.029 return=-150.3 length=200 success_rate=0.00 collisions/ep=0.00 (n=8)
Evaluation at update 480: return=-145.39, length=200.00, success_rate=0.00, collisions/ep=0.00
Solved-check at update 480: solved=False worst_gap=1168.00 at p_x0=2.00 p_y0=0.00 (consecutive=0)
update=481 global_step=985088 SPS=665 w_ev=0.990 m_ev=0.995 m_v_bias=-0.5 m_adv_std=0.9151 m_kl_max=0.0389 m_ratio_max=1.303 return=-147.8 length=200 success_rate=0.00 collisions/ep=0.00 (n=8)
update=482 global_step=987136 SPS=666 w_ev=0.989 m_ev=0.997 m_v_bias=-0.5 m_adv_std=0.7440 m_kl_max=0.0394 m_ratio_max=1.306 return=-146.9 length=200 success_rate=0.00 collisions/ep=0.00 (n=8)
update=483 global_step=989184 SPS=667 w_ev=0.995 m_ev=0.997 m_v_bias=-0.6 m_adv_std=0.8395 m_kl_max=0.0209 m_ratio_max=1.199 return=-148.0 length=200 success_rate=0.00 collisions/ep=0.00 (n=16)
update=484 global_step=991232 SPS=668 w_ev=0.989 m_ev=0.996 m_v_bias=-0.3 m_adv_std=0.8070 m_kl_max=0.0545 m_ratio_max=1.045 return=-143.7 length=200 success_rate=0.00 collisions/ep=0.00 (n=8)
update=485 global_step=993280 SPS=669 w_ev=0.980 m_ev=0.526 m_v_bias=4.3 m_adv_std=11.2079 m_kl_max=0.0260 m_ratio_max=0.821 return=-150.7 length=200 success_rate=0.00 collisions/ep=0.12 (n=8)
Evaluation at update 485: return=-143.99, length=200.00, success_rate=0.00, collisions/ep=0.00
Solved-check at update 485: solved=False worst_gap=1167.26 at p_x0=2.00 p_y0=0.50 (consecutive=0)
update=486 global_step=995328 SPS=666 w_ev=0.984 m_ev=0.579 m_v_bias=1.8 m_adv_std=12.8379 m_kl_max=0.0203 m_ratio_max=0.647 return=-169.1 length=200 success_rate=0.00 collisions/ep=0.44 (n=16)
update=487 global_step=997376 SPS=667 w_ev=0.986 m_ev=0.697 m_v_bias=1.6 m_adv_std=10.6114 m_kl_max=0.0257 m_ratio_max=0.875 return=-173.2 length=200 success_rate=0.00 collisions/ep=0.50 (n=8)
update=488 global_step=999424 SPS=668 w_ev=0.985 m_ev=0.804 m_v_bias=-1.2 m_adv_std=6.7572 m_kl_max=0.0257 m_ratio_max=1.630 return=-149.5 length=200 success_rate=0.00 collisions/ep=0.12 (n=8)
update=489 global_step=1001472 SPS=669 w_ev=0.986 m_ev=0.976 m_v_bias=-2.8 m_adv_std=2.0072 m_kl_max=0.0183 m_ratio_max=0.546 return=-149.5 length=200 success_rate=0.00 collisions/ep=0.00 (n=8)
update=490 global_step=1003520 SPS=670 w_ev=0.987 m_ev=0.678 m_v_bias=2.5 m_adv_std=11.8101 m_kl_max=0.0281 m_ratio_max=0.978 return=-158.9 length=200 success_rate=0.00 collisions/ep=0.19 (n=16)
Evaluation at update 490: return=-144.78, length=200.00, success_rate=0.00, collisions/ep=0.00
Solved-check at update 490: solved=False worst_gap=1168.99 at p_x0=2.00 p_y0=0.00 (consecutive=0)
update=491 global_step=1005568 SPS=667 w_ev=0.986 m_ev=0.908 m_v_bias=-2.4 m_adv_std=4.0715 m_kl_max=0.0252 m_ratio_max=0.912 return=-152.8 length=200 success_rate=0.00 collisions/ep=0.00 (n=8)
update=492 global_step=1007616 SPS=667 w_ev=0.984 m_ev=0.708 m_v_bias=-0.1 m_adv_std=8.8693 m_kl_max=0.0473 m_ratio_max=1.162 return=-147.5 length=200 success_rate=0.00 collisions/ep=0.00 (n=8)
update=493 global_step=1009664 SPS=668 w_ev=0.985 m_ev=0.751 m_v_bias=-0.5 m_adv_std=7.7317 m_kl_max=0.0302 m_ratio_max=0.743 return=-161.7 length=200 success_rate=0.00 collisions/ep=0.25 (n=16)
update=494 global_step=1011712 SPS=669 w_ev=0.991 m_ev=0.985 m_v_bias=-1.4 m_adv_std=1.9024 m_kl_max=0.0130 m_ratio_max=0.790 return=-149.7 length=200 success_rate=0.00 collisions/ep=0.00 (n=8)
update=495 global_step=1013760 SPS=670 w_ev=0.987 m_ev=0.987 m_v_bias=-1.2 m_adv_std=1.3693 m_kl_max=0.0178 m_ratio_max=0.642 return=-151.2 length=200 success_rate=0.00 collisions/ep=0.00 (n=8)
Evaluation at update 495: return=-145.89, length=200.00, success_rate=0.00, collisions/ep=0.00
Solved-check at update 495: solved=False worst_gap=1169.23 at p_x0=2.00 p_y0=0.00 (consecutive=0)
update=496 global_step=1015808 SPS=667 w_ev=0.982 m_ev=0.615 m_v_bias=0.6 m_adv_std=11.0586 m_kl_max=0.0107 m_ratio_max=0.405 return=-161.9 length=200 success_rate=0.00 collisions/ep=0.25 (n=8)
update=497 global_step=1017856 SPS=668 w_ev=0.991 m_ev=0.993 m_v_bias=-0.7 m_adv_std=1.2910 m_kl_max=0.0242 m_ratio_max=0.892 return=-147.9 length=200 success_rate=0.00 collisions/ep=0.00 (n=16)
update=498 global_step=1019904 SPS=669 w_ev=0.986 m_ev=0.777 m_v_bias=0.4 m_adv_std=6.4225 m_kl_max=0.0176 m_ratio_max=1.039 return=-147.5 length=200 success_rate=0.00 collisions/ep=0.00 (n=8)
update=499 global_step=1021952 SPS=670 w_ev=0.984 m_ev=0.821 m_v_bias=0.4 m_adv_std=6.3730 m_kl_max=0.0095 m_ratio_max=0.424 return=-160.4 length=200 success_rate=0.00 collisions/ep=0.25 (n=8)
update=500 global_step=1024000 SPS=671 w_ev=0.987 m_ev=0.992 m_v_bias=-0.7 m_adv_std=1.1306 m_kl_max=0.0264 m_ratio_max=0.776 return=-148.4 length=200 success_rate=0.00 collisions/ep=0.00 (n=16)
Evaluation at update 500: return=-145.28, length=200.00, success_rate=0.00, collisions/ep=0.00
Solved-check at update 500: solved=False worst_gap=1167.30 at p_x0=2.00 p_y0=0.00 (consecutive=0)
Saved checkpoints to C:\Users\loren\Desktop\MASTER THESIS\5_CODE\scenarios\slalom\studies\hppo\runs\hppo_slalom_17_1791110102
