Using device: cpu
Solved-check: precomputed optimal returns for 25 fixed initial conditions (mean=1013.0, min=1011.0, max=1015.0); solved-tolerance=5.0
num_envs=8 num_steps_per_env=256 worker_batch_size=2048 worker_minibatch_size=256 num_updates=488 timesteps=999424 (requested 1000000; 576 dropped by integer division)
update=1 global_step=2048 SPS=1149 w_ev=-0.092 m_ev=-0.000 m_v_bias=100.9 m_adv_std=187.8396 m_kl_max=0.0009 m_ratio_max=0.140 w_ax@goal=-0.29 w_v@goal=0.03 return=-465.9 length=198 success_rate=0.12 collisions/ep=8.50 (n=8)
update=2 global_step=4096 SPS=925 w_ev=-0.015 m_ev=0.154 m_v_bias=-11.5 m_adv_std=235.0309 m_kl_max=0.0018 m_ratio_max=0.207 w_ax@goal=+0.04 w_v@goal=-0.11 return=-234.4 length=182 success_rate=0.33 collisions/ep=8.44 (n=9)
update=3 global_step=6144 SPS=883 w_ev=-0.036 m_ev=0.513 m_v_bias=45.8 m_adv_std=215.2049 m_kl_max=0.0026 m_ratio_max=0.236 w_ax@goal=+0.13 w_v@goal=0.10 return=-369.2 length=189 success_rate=0.27 collisions/ep=9.55 (n=11)
update=4 global_step=8192 SPS=841 w_ev=0.086 m_ev=0.592 m_v_bias=-10.9 m_adv_std=214.9649 m_kl_max=0.0017 m_ratio_max=0.172 w_ax@goal=+0.19 w_v@goal=0.00 return=-335.9 length=181 success_rate=0.42 collisions/ep=12.42 (n=12)
update=5 global_step=10240 SPS=816 w_ev=0.097 m_ev=0.643 m_v_bias=6.5 m_adv_std=200.3665 m_kl_max=0.0024 m_ratio_max=0.263 w_ax@goal=-0.22 w_v@goal=0.04 return=-250.4 length=182 success_rate=0.36 collisions/ep=9.55 (n=11)
Evaluation at update 5: return=-220.51, length=200.00, success_rate=0.00, collisions/ep=0.00
Solved-check at update 5: solved=False worst_gap=1238.93 at p_x0=2.00 p_y0=1.00 (consecutive=0)
update=6 global_step=12288 SPS=388 w_ev=0.072 m_ev=0.382 m_v_bias=75.5 m_adv_std=166.7801 m_kl_max=0.0054 m_ratio_max=0.319 return=-722.4 length=200 success_rate=0.00 collisions/ep=10.78 (n=9)
update=7 global_step=14336 SPS=415 w_ev=0.176 m_ev=0.433 m_v_bias=21.1 m_adv_std=207.4555 m_kl_max=0.0282 m_ratio_max=0.852 w_ax@goal=-0.21 w_v@goal=0.41 return=-664.5 length=193 success_rate=0.15 collisions/ep=13.00 (n=13)
update=8 global_step=16384 SPS=438 w_ev=0.067 m_ev=-0.880 m_v_bias=-3.8 m_adv_std=189.2502 m_kl_max=0.0127 m_ratio_max=0.437 w_ax@goal=-1.15 w_v@goal=0.87 return=-575.3 length=200 success_rate=0.00 collisions/ep=8.00 (n=9)
update=9 global_step=18432 SPS=458 w_ev=0.159 m_ev=-0.393 m_v_bias=52.8 m_adv_std=172.2478 m_kl_max=0.0392 m_ratio_max=0.928 return=-637.5 length=200 success_rate=0.00 collisions/ep=8.90 (n=10)
update=10 global_step=20480 SPS=475 w_ev=0.281 m_ev=-0.019 m_v_bias=-62.3 m_adv_std=187.6403 m_kl_max=0.0113 m_ratio_max=0.486 w_ax@goal=-0.56 w_v@goal=1.10 return=-397.5 length=197 success_rate=0.08 collisions/ep=6.08 (n=12)
Evaluation at update 10: return=-3688.83, length=200.00, success_rate=0.00, collisions/ep=70.45
Solved-check at update 10: solved=False worst_gap=6135.26 at p_x0=2.00 p_y0=-0.50 (consecutive=0)
update=11 global_step=22528 SPS=334 w_ev=0.268 m_ev=0.242 m_v_bias=-44.9 m_adv_std=204.2961 m_kl_max=0.0256 m_ratio_max=1.578 w_ax@goal=+0.33 w_v@goal=1.64 return=-275.1 length=186 success_rate=0.20 collisions/ep=6.30 (n=10)
update=12 global_step=24576 SPS=350 w_ev=0.316 m_ev=0.224 m_v_bias=-43.2 m_adv_std=175.9651 m_kl_max=0.0268 m_ratio_max=0.648 w_ax@goal=-0.52 w_v@goal=1.91 return=-538.7 length=190 success_rate=0.10 collisions/ep=9.90 (n=10)
update=13 global_step=26624 SPS=365 w_ev=0.102 m_ev=0.437 m_v_bias=-161.3 m_adv_std=249.3274 m_kl_max=0.0117 m_ratio_max=0.582 w_ax@goal=+0.12 w_v@goal=2.29 return=187.6 length=178 success_rate=0.54 collisions/ep=4.77 (n=13)
update=14 global_step=28672 SPS=378 w_ev=0.098 m_ev=0.461 m_v_bias=-56.2 m_adv_std=252.4211 m_kl_max=0.0363 m_ratio_max=0.778 w_ax@goal=-0.08 w_v@goal=2.41 return=247.2 length=149 success_rate=0.69 collisions/ep=7.54 (n=13)
update=15 global_step=30720 SPS=390 w_ev=0.016 m_ev=0.743 m_v_bias=-125.4 m_adv_std=166.8296 m_kl_max=0.0372 m_ratio_max=1.115 w_ax@goal=+0.41 w_v@goal=2.85 return=455.9 length=145 success_rate=0.87 collisions/ep=7.00 (n=15)
Evaluation at update 15: return=539.59, length=82.85, success_rate=1.00, collisions/ep=9.35
Solved-check at update 15: solved=False worst_gap=507.98 at p_x0=0.50 p_y0=1.00 (consecutive=0)
update=16 global_step=32768 SPS=367 w_ev=0.106 m_ev=0.714 m_v_bias=-7.5 m_adv_std=171.1245 m_kl_max=0.0316 m_ratio_max=0.759 w_ax@goal=+0.33 w_v@goal=3.02 return=655.0 length=120 success_rate=1.00 collisions/ep=6.33 (n=18)
update=17 global_step=34816 SPS=381 w_ev=0.064 m_ev=0.849 m_v_bias=-79.7 m_adv_std=116.4373 m_kl_max=0.0215 m_ratio_max=0.578 w_ax@goal=+0.33 w_v@goal=3.13 return=742.8 length=101 success_rate=1.00 collisions/ep=5.00 (n=21)
update=18 global_step=36864 SPS=396 w_ev=-0.002 m_ev=0.832 m_v_bias=-16.2 m_adv_std=111.8411 m_kl_max=0.0148 m_ratio_max=0.571 w_ax@goal=+0.54 w_v@goal=3.44 return=676.0 length=103 success_rate=1.00 collisions/ep=6.25 (n=20)
update=19 global_step=38912 SPS=410 w_ev=0.060 m_ev=0.794 m_v_bias=44.9 m_adv_std=138.2858 m_kl_max=0.0137 m_ratio_max=0.531 w_ax@goal=+0.59 w_v@goal=3.53 return=642.7 length=97 success_rate=1.00 collisions/ep=7.05 (n=22)
update=20 global_step=40960 SPS=423 w_ev=0.054 m_ev=0.813 m_v_bias=-66.6 m_adv_std=118.3515 m_kl_max=0.0104 m_ratio_max=0.475 w_ax@goal=+0.40 w_v@goal=3.69 return=768.5 length=101 success_rate=1.00 collisions/ep=4.45 (n=20)
Evaluation at update 20: return=847.87, length=79.60, success_rate=1.00, collisions/ep=3.25
Solved-check at update 20: solved=False worst_gap=452.41 at p_x0=1.50 p_y0=1.00 (consecutive=0)
update=21 global_step=43008 SPS=413 w_ev=-0.003 m_ev=0.846 m_v_bias=-29.0 m_adv_std=99.3892 m_kl_max=0.0192 m_ratio_max=0.765 w_ax@goal=+0.51 w_v@goal=3.92 return=815.9 length=92 success_rate=1.00 collisions/ep=3.68 (n=22)
update=22 global_step=45056 SPS=425 w_ev=0.053 m_ev=0.865 m_v_bias=-21.5 m_adv_std=94.2258 m_kl_max=0.0115 m_ratio_max=0.550 w_ax@goal=+0.56 w_v@goal=3.99 return=785.9 length=90 success_rate=1.00 collisions/ep=4.35 (n=23)
update=23 global_step=47104 SPS=436 w_ev=0.041 m_ev=0.870 m_v_bias=-5.3 m_adv_std=82.9302 m_kl_max=0.0127 m_ratio_max=0.585 w_ax@goal=+0.52 w_v@goal=4.20 return=819.9 length=89 success_rate=1.00 collisions/ep=3.70 (n=23)
update=24 global_step=49152 SPS=448 w_ev=0.086 m_ev=0.895 m_v_bias=-18.7 m_adv_std=70.2343 m_kl_max=0.0077 m_ratio_max=0.446 w_ax@goal=+0.90 w_v@goal=4.31 return=887.4 length=86 success_rate=1.00 collisions/ep=2.40 (n=25)
update=25 global_step=51200 SPS=459 w_ev=0.114 m_ev=0.870 m_v_bias=17.1 m_adv_std=82.1435 m_kl_max=0.0136 m_ratio_max=0.588 w_ax@goal=+0.80 w_v@goal=4.20 return=823.1 length=86 success_rate=1.00 collisions/ep=3.65 (n=23)
Evaluation at update 25: return=960.87, length=79.15, success_rate=1.00, collisions/ep=1.00
Solved-check at update 25: solved=False worst_gap=52.95 at p_x0=0.00 p_y0=-1.00 (consecutive=0)
update=26 global_step=53248 SPS=449 w_ev=0.014 m_ev=0.880 m_v_bias=6.7 m_adv_std=75.8194 m_kl_max=0.0226 m_ratio_max=1.048 w_ax@goal=+0.84 w_v@goal=4.32 return=857.3 length=85 success_rate=1.00 collisions/ep=2.96 (n=24)
update=27 global_step=55296 SPS=459 w_ev=0.092 m_ev=0.924 m_v_bias=-14.6 m_adv_std=58.3741 m_kl_max=0.0124 m_ratio_max=0.552 w_ax@goal=+0.85 w_v@goal=4.19 return=898.6 length=90 success_rate=1.00 collisions/ep=2.13 (n=23)
update=28 global_step=57344 SPS=469 w_ev=0.072 m_ev=0.847 m_v_bias=2.3 m_adv_std=82.0841 m_kl_max=0.0066 m_ratio_max=0.507 w_ax@goal=+0.74 w_v@goal=4.21 return=863.8 length=82 success_rate=1.00 collisions/ep=2.92 (n=24)
update=29 global_step=59392 SPS=478 w_ev=0.102 m_ev=0.872 m_v_bias=4.8 m_adv_std=81.0683 m_kl_max=0.0093 m_ratio_max=0.626 w_ax@goal=+0.94 w_v@goal=4.30 return=850.0 length=83 success_rate=1.00 collisions/ep=3.15 (n=26)
update=30 global_step=61440 SPS=487 w_ev=0.095 m_ev=0.883 m_v_bias=-0.1 m_adv_std=70.3740 m_kl_max=0.0085 m_ratio_max=0.822 w_ax@goal=+0.87 w_v@goal=4.29 return=894.0 length=85 success_rate=1.00 collisions/ep=2.25 (n=24)
Evaluation at update 30: return=1003.51, length=79.15, success_rate=1.00, collisions/ep=0.15
Solved-check at update 30: solved=False worst_gap=52.52 at p_x0=0.00 p_y0=0.00 (consecutive=0)
update=31 global_step=63488 SPS=477 w_ev=0.112 m_ev=0.938 m_v_bias=-17.1 m_adv_std=48.8970 m_kl_max=0.0194 m_ratio_max=0.853 w_ax@goal=+0.81 w_v@goal=4.26 return=924.7 length=84 success_rate=1.00 collisions/ep=1.62 (n=24)
update=32 global_step=65536 SPS=488 w_ev=0.114 m_ev=0.891 m_v_bias=9.7 m_adv_std=65.6595 m_kl_max=0.0076 m_ratio_max=0.426 w_ax@goal=+1.03 w_v@goal=4.25 return=908.0 length=85 success_rate=1.00 collisions/ep=2.08 (n=25)
update=33 global_step=67584 SPS=499 w_ev=0.115 m_ev=0.891 m_v_bias=18.5 m_adv_std=66.8913 m_kl_max=0.0052 m_ratio_max=0.361 w_ax@goal=+0.87 w_v@goal=4.19 return=857.7 length=84 success_rate=1.00 collisions/ep=3.00 (n=23)
update=34 global_step=69632 SPS=510 w_ev=0.149 m_ev=0.930 m_v_bias=-16.9 m_adv_std=52.4669 m_kl_max=0.0208 m_ratio_max=0.621 w_ax@goal=+1.07 w_v@goal=4.13 return=937.5 length=83 success_rate=1.00 collisions/ep=1.41 (n=27)
update=35 global_step=71680 SPS=521 w_ev=0.114 m_ev=0.923 m_v_bias=0.7 m_adv_std=52.2768 m_kl_max=0.0213 m_ratio_max=0.662 w_ax@goal=+1.05 w_v@goal=4.09 return=933.5 length=85 success_rate=1.00 collisions/ep=1.48 (n=23)
Evaluation at update 35: return=1011.07, length=79.15, success_rate=1.00, collisions/ep=0.00
Solved-check at update 35: solved=False worst_gap=52.31 at p_x0=1.00 p_y0=-1.00 (consecutive=0)
update=36 global_step=73728 SPS=517 w_ev=0.131 m_ev=0.896 m_v_bias=6.4 m_adv_std=65.7151 m_kl_max=0.0309 m_ratio_max=0.749 w_ax@goal=+0.96 w_v@goal=4.06 return=901.2 length=82 success_rate=1.00 collisions/ep=2.25 (n=24)
update=37 global_step=75776 SPS=524 w_ev=0.192 m_ev=0.854 m_v_bias=19.2 m_adv_std=83.4699 m_kl_max=0.0156 m_ratio_max=0.547 w_ax@goal=+0.76 w_v@goal=4.07 return=880.6 length=85 success_rate=1.00 collisions/ep=2.54 (n=24)
update=38 global_step=77824 SPS=530 w_ev=0.128 m_ev=0.906 m_v_bias=-23.9 m_adv_std=59.5067 m_kl_max=0.0171 m_ratio_max=0.695 w_ax@goal=+0.92 w_v@goal=4.22 return=920.4 length=85 success_rate=1.00 collisions/ep=1.72 (n=25)
update=39 global_step=79872 SPS=538 w_ev=0.135 m_ev=0.877 m_v_bias=12.0 m_adv_std=73.7952 m_kl_max=0.0158 m_ratio_max=0.590 w_ax@goal=+1.10 w_v@goal=4.11 return=894.5 length=81 success_rate=1.00 collisions/ep=2.36 (n=25)
update=40 global_step=81920 SPS=545 w_ev=0.209 m_ev=0.913 m_v_bias=-18.0 m_adv_std=56.8541 m_kl_max=0.0261 m_ratio_max=1.142 w_ax@goal=+0.99 w_v@goal=3.94 return=938.9 length=81 success_rate=1.00 collisions/ep=1.48 (n=25)
Evaluation at update 40: return=1011.10, length=78.95, success_rate=1.00, collisions/ep=0.00
Solved-check at update 40: solved=False worst_gap=51.78 at p_x0=0.00 p_y0=1.00 (consecutive=0)
update=41 global_step=83968 SPS=531 w_ev=0.148 m_ev=0.872 m_v_bias=17.6 m_adv_std=77.5945 m_kl_max=0.0095 m_ratio_max=0.484 w_ax@goal=+1.02 w_v@goal=3.99 return=873.7 length=84 success_rate=1.00 collisions/ep=2.75 (n=24)
update=42 global_step=86016 SPS=538 w_ev=0.148 m_ev=0.941 m_v_bias=-26.0 m_adv_std=47.2657 m_kl_max=0.0226 m_ratio_max=0.544 w_ax@goal=+1.25 w_v@goal=4.05 return=948.1 length=83 success_rate=1.00 collisions/ep=1.32 (n=25)
update=43 global_step=88064 SPS=545 w_ev=0.165 m_ev=0.926 m_v_bias=-0.6 m_adv_std=51.4852 m_kl_max=0.0038 m_ratio_max=0.370 w_ax@goal=+1.06 w_v@goal=4.01 return=955.0 length=83 success_rate=1.00 collisions/ep=1.21 (n=24)
update=44 global_step=90112 SPS=551 w_ev=0.191 m_ev=0.959 m_v_bias=3.4 m_adv_std=36.9609 m_kl_max=0.0149 m_ratio_max=0.981 w_ax@goal=+1.18 w_v@goal=4.08 return=926.9 length=83 success_rate=1.00 collisions/ep=1.76 (n=25)
update=45 global_step=92160 SPS=558 w_ev=0.096 m_ev=0.946 m_v_bias=4.4 m_adv_std=44.0803 m_kl_max=0.0115 m_ratio_max=0.385 w_ax@goal=+0.99 w_v@goal=4.26 return=937.0 length=84 success_rate=1.00 collisions/ep=1.48 (n=25)
Evaluation at update 45: return=1011.04, length=79.00, success_rate=1.00, collisions/ep=0.00
Solved-check at update 45: solved=False worst_gap=51.83 at p_x0=0.00 p_y0=1.00 (consecutive=0)
update=46 global_step=94208 SPS=538 w_ev=0.163 m_ev=0.954 m_v_bias=1.8 m_adv_std=40.5047 m_kl_max=0.0128 m_ratio_max=0.814 w_ax@goal=+1.04 w_v@goal=4.06 return=932.9 length=83 success_rate=1.00 collisions/ep=1.67 (n=24)
update=47 global_step=96256 SPS=544 w_ev=0.102 m_ev=0.929 m_v_bias=-5.5 m_adv_std=50.6203 m_kl_max=0.0252 m_ratio_max=0.680 w_ax@goal=+1.18 w_v@goal=4.20 return=947.1 length=82 success_rate=1.00 collisions/ep=1.33 (n=24)
update=48 global_step=98304 SPS=550 w_ev=0.178 m_ev=0.982 m_v_bias=-17.5 m_adv_std=24.5509 m_kl_max=0.0229 m_ratio_max=0.572 w_ax@goal=+1.28 w_v@goal=4.24 return=949.3 length=82 success_rate=1.00 collisions/ep=1.20 (n=25)
update=49 global_step=100352 SPS=556 w_ev=0.128 m_ev=0.942 m_v_bias=12.5 m_adv_std=46.5718 m_kl_max=0.0339 m_ratio_max=1.373 w_ax@goal=+1.32 w_v@goal=4.26 return=933.4 length=81 success_rate=1.00 collisions/ep=1.56 (n=27)
update=50 global_step=102400 SPS=559 w_ev=0.225 m_ev=0.963 m_v_bias=-3.1 m_adv_std=35.6956 m_kl_max=0.0070 m_ratio_max=0.395 w_ax@goal=+1.00 w_v@goal=4.10 return=949.7 length=83 success_rate=1.00 collisions/ep=1.24 (n=25)
Evaluation at update 50: return=1010.61, length=79.30, success_rate=1.00, collisions/ep=0.00
Solved-check at update 50: solved=False worst_gap=52.96 at p_x0=0.00 p_y0=0.00 (consecutive=0)
update=51 global_step=104448 SPS=538 w_ev=0.209 m_ev=0.984 m_v_bias=-0.6 m_adv_std=23.0139 m_kl_max=0.0076 m_ratio_max=0.596 w_ax@goal=+1.12 w_v@goal=4.13 return=942.0 length=84 success_rate=1.00 collisions/ep=1.44 (n=25)
update=52 global_step=106496 SPS=542 w_ev=0.199 m_ev=0.934 m_v_bias=6.7 m_adv_std=48.4695 m_kl_max=0.0208 m_ratio_max=0.969 w_ax@goal=+1.30 w_v@goal=4.08 return=923.7 length=81 success_rate=1.00 collisions/ep=1.71 (n=24)
update=53 global_step=108544 SPS=546 w_ev=0.185 m_ev=0.955 m_v_bias=-1.5 m_adv_std=39.2025 m_kl_max=0.0196 m_ratio_max=1.212 w_ax@goal=+0.93 w_v@goal=3.91 return=933.9 length=83 success_rate=1.00 collisions/ep=1.50 (n=24)
update=54 global_step=110592 SPS=550 w_ev=0.226 m_ev=0.965 m_v_bias=-3.2 m_adv_std=35.1689 m_kl_max=0.0246 m_ratio_max=1.579 w_ax@goal=+1.30 w_v@goal=4.05 return=947.1 length=82 success_rate=1.00 collisions/ep=1.23 (n=26)
update=55 global_step=112640 SPS=554 w_ev=0.169 m_ev=0.933 m_v_bias=17.2 m_adv_std=49.3700 m_kl_max=0.0366 m_ratio_max=1.452 w_ax@goal=+0.95 w_v@goal=4.11 return=907.0 length=84 success_rate=1.00 collisions/ep=2.21 (n=24)
Evaluation at update 55: return=1006.10, length=78.95, success_rate=1.00, collisions/ep=0.10
Solved-check at update 55: solved=False worst_gap=51.73 at p_x0=0.00 p_y0=1.00 (consecutive=0)
update=56 global_step=114688 SPS=544 w_ev=0.106 m_ev=0.888 m_v_bias=-8.2 m_adv_std=65.8561 m_kl_max=0.0304 m_ratio_max=1.357 w_ax@goal=+1.08 w_v@goal=4.20 return=918.1 length=81 success_rate=1.00 collisions/ep=1.96 (n=26)
update=57 global_step=116736 SPS=547 w_ev=0.187 m_ev=0.943 m_v_bias=-0.9 m_adv_std=46.6083 m_kl_max=0.0172 m_ratio_max=0.638 w_ax@goal=+1.24 w_v@goal=4.17 return=932.4 length=83 success_rate=1.00 collisions/ep=1.60 (n=25)
update=58 global_step=118784 SPS=552 w_ev=0.211 m_ev=0.961 m_v_bias=-6.2 m_adv_std=37.0886 m_kl_max=0.0140 m_ratio_max=0.618 w_ax@goal=+1.22 w_v@goal=4.05 return=922.4 length=80 success_rate=1.00 collisions/ep=1.81 (n=26)
update=59 global_step=120832 SPS=556 w_ev=0.184 m_ev=0.957 m_v_bias=2.1 m_adv_std=39.2792 m_kl_max=0.0051 m_ratio_max=0.576 w_ax@goal=+1.33 w_v@goal=4.02 return=924.5 length=82 success_rate=1.00 collisions/ep=1.76 (n=25)
update=60 global_step=122880 SPS=561 w_ev=0.135 m_ev=0.948 m_v_bias=-0.1 m_adv_std=44.8794 m_kl_max=0.0155 m_ratio_max=0.503 w_ax@goal=+1.29 w_v@goal=4.16 return=934.6 length=84 success_rate=1.00 collisions/ep=1.54 (n=24)
Evaluation at update 60: return=1003.66, length=78.70, success_rate=1.00, collisions/ep=0.15
Solved-check at update 60: solved=False worst_gap=52.29 at p_x0=0.00 p_y0=0.00 (consecutive=0)
update=61 global_step=124928 SPS=549 w_ev=0.175 m_ev=0.963 m_v_bias=-3.5 m_adv_std=36.1955 m_kl_max=0.0240 m_ratio_max=0.672 w_ax@goal=+1.21 w_v@goal=4.08 return=936.3 length=83 success_rate=1.00 collisions/ep=1.50 (n=24)
update=62 global_step=126976 SPS=554 w_ev=0.158 m_ev=0.938 m_v_bias=4.9 m_adv_std=46.7332 m_kl_max=0.0075 m_ratio_max=0.452 w_ax@goal=+1.12 w_v@goal=4.08 return=938.5 length=84 success_rate=1.00 collisions/ep=1.40 (n=25)
update=63 global_step=129024 SPS=558 w_ev=0.148 m_ev=0.931 m_v_bias=-2.0 m_adv_std=49.7296 m_kl_max=0.0094 m_ratio_max=0.923 w_ax@goal=+1.17 w_v@goal=3.95 return=943.5 length=82 success_rate=1.00 collisions/ep=1.40 (n=25)
update=64 global_step=131072 SPS=562 w_ev=0.135 m_ev=0.971 m_v_bias=-10.3 m_adv_std=30.6032 m_kl_max=0.0151 m_ratio_max=0.463 w_ax@goal=+1.20 w_v@goal=3.96 return=951.5 length=80 success_rate=1.00 collisions/ep=1.17 (n=24)
update=65 global_step=133120 SPS=566 w_ev=0.122 m_ev=0.889 m_v_bias=11.6 m_adv_std=62.9463 m_kl_max=0.0082 m_ratio_max=0.449 w_ax@goal=+1.24 w_v@goal=4.07 return=916.6 length=81 success_rate=1.00 collisions/ep=1.96 (n=26)
Evaluation at update 65: return=993.88, length=78.65, success_rate=1.00, collisions/ep=0.35
Solved-check at update 65: solved=False worst_gap=151.94 at p_x0=0.00 p_y0=0.00 (consecutive=0)
update=66 global_step=135168 SPS=556 w_ev=0.130 m_ev=0.957 m_v_bias=3.9 m_adv_std=38.3984 m_kl_max=0.0216 m_ratio_max=0.639 w_ax@goal=+1.26 w_v@goal=4.04 return=933.3 length=80 success_rate=1.00 collisions/ep=1.58 (n=26)
update=67 global_step=137216 SPS=560 w_ev=0.098 m_ev=0.936 m_v_bias=1.0 m_adv_std=47.7350 m_kl_max=0.0169 m_ratio_max=0.673 w_ax@goal=+1.29 w_v@goal=4.16 return=930.4 length=81 success_rate=1.00 collisions/ep=1.72 (n=25)
update=68 global_step=139264 SPS=563 w_ev=0.176 m_ev=0.895 m_v_bias=10.9 m_adv_std=64.0849 m_kl_max=0.0171 m_ratio_max=1.016 w_ax@goal=+1.26 w_v@goal=4.09 return=927.8 length=81 success_rate=1.00 collisions/ep=1.67 (n=27)
update=69 global_step=141312 SPS=567 w_ev=0.167 m_ev=0.930 m_v_bias=-4.1 m_adv_std=49.9575 m_kl_max=0.0088 m_ratio_max=0.401 w_ax@goal=+1.06 w_v@goal=3.87 return=923.1 length=83 success_rate=1.00 collisions/ep=1.72 (n=25)
update=70 global_step=143360 SPS=571 w_ev=0.159 m_ev=0.961 m_v_bias=-12.5 m_adv_std=35.2352 m_kl_max=0.0237 m_ratio_max=0.685 w_ax@goal=+1.27 w_v@goal=4.01 return=963.0 length=81 success_rate=1.00 collisions/ep=0.96 (n=24)
Evaluation at update 70: return=988.37, length=79.20, success_rate=1.00, collisions/ep=0.45
Solved-check at update 70: solved=True worst_gap=3.15 at p_x0=0.00 p_y0=-1.00 (consecutive=0)
update=71 global_step=145408 SPS=562 w_ev=0.163 m_ev=0.946 m_v_bias=12.9 m_adv_std=43.5069 m_kl_max=0.0060 m_ratio_max=0.506 w_ax@goal=+1.02 w_v@goal=3.97 return=923.6 length=84 success_rate=1.00 collisions/ep=1.71 (n=24)
update=72 global_step=147456 SPS=566 w_ev=0.158 m_ev=0.979 m_v_bias=-15.5 m_adv_std=26.3854 m_kl_max=0.0012 m_ratio_max=0.172 w_ax@goal=+0.92 w_v@goal=3.94 return=960.9 length=82 success_rate=1.00 collisions/ep=1.00 (n=25)
update=73 global_step=149504 SPS=569 w_ev=0.175 m_ev=0.946 m_v_bias=8.0 m_adv_std=42.9421 m_kl_max=0.0180 m_ratio_max=0.850 w_ax@goal=+1.16 w_v@goal=4.00 return=946.8 length=84 success_rate=1.00 collisions/ep=1.25 (n=24)
update=74 global_step=151552 SPS=572 w_ev=0.210 m_ev=0.968 m_v_bias=-5.4 m_adv_std=33.6192 m_kl_max=0.0063 m_ratio_max=0.427 w_ax@goal=+1.34 w_v@goal=3.92 return=938.6 length=83 success_rate=1.00 collisions/ep=1.44 (n=25)
update=75 global_step=153600 SPS=576 w_ev=0.160 m_ev=0.932 m_v_bias=7.0 m_adv_std=49.2804 m_kl_max=0.0037 m_ratio_max=0.376 w_ax@goal=+1.30 w_v@goal=3.86 return=936.8 length=81 success_rate=1.00 collisions/ep=1.48 (n=25)
Evaluation at update 75: return=1011.73, length=78.25, success_rate=1.00, collisions/ep=0.00
Solved-check at update 75: solved=False worst_gap=50.76 at p_x0=1.00 p_y0=1.00 (consecutive=1)
update=76 global_step=155648 SPS=567 w_ev=0.151 m_ev=0.901 m_v_bias=16.7 m_adv_std=62.5507 m_kl_max=0.0068 m_ratio_max=0.477 w_ax@goal=+1.25 w_v@goal=4.02 return=893.9 length=82 success_rate=1.00 collisions/ep=2.35 (n=26)
update=77 global_step=157696 SPS=571 w_ev=0.144 m_ev=0.960 m_v_bias=-28.5 m_adv_std=37.7705 m_kl_max=0.0080 m_ratio_max=0.674 w_ax@goal=+1.24 w_v@goal=4.11 return=955.7 length=80 success_rate=1.00 collisions/ep=1.15 (n=26)
update=78 global_step=159744 SPS=574 w_ev=0.197 m_ev=0.933 m_v_bias=5.2 m_adv_std=49.5083 m_kl_max=0.0276 m_ratio_max=1.073 w_ax@goal=+1.27 w_v@goal=4.04 return=941.0 length=79 success_rate=1.00 collisions/ep=1.44 (n=25)
update=79 global_step=161792 SPS=578 w_ev=0.148 m_ev=0.946 m_v_bias=7.8 m_adv_std=42.7840 m_kl_max=0.0190 m_ratio_max=0.579 w_ax@goal=+1.27 w_v@goal=3.86 return=925.4 length=80 success_rate=1.00 collisions/ep=1.79 (n=24)
update=80 global_step=163840 SPS=581 w_ev=0.175 m_ev=0.931 m_v_bias=-6.0 m_adv_std=49.1502 m_kl_max=0.0188 m_ratio_max=0.669 w_ax@goal=+1.30 w_v@goal=4.03 return=936.4 length=80 success_rate=1.00 collisions/ep=1.62 (n=26)
Evaluation at update 80: return=1009.32, length=78.10, success_rate=1.00, collisions/ep=0.05
Solved-check at update 80: solved=False worst_gap=51.22 at p_x0=0.00 p_y0=0.50 (consecutive=0)
update=81 global_step=165888 SPS=574 w_ev=0.227 m_ev=0.980 m_v_bias=-8.6 m_adv_std=26.2155 m_kl_max=0.0152 m_ratio_max=0.823 w_ax@goal=+1.33 w_v@goal=3.92 return=948.9 length=81 success_rate=1.00 collisions/ep=1.33 (n=27)
update=82 global_step=167936 SPS=577 w_ev=0.278 m_ev=0.936 m_v_bias=6.8 m_adv_std=47.7226 m_kl_max=0.0109 m_ratio_max=0.708 w_ax@goal=+1.04 w_v@goal=3.73 return=933.5 length=81 success_rate=1.00 collisions/ep=1.54 (n=26)
update=83 global_step=169984 SPS=580 w_ev=0.045 m_ev=0.935 m_v_bias=-1.8 m_adv_std=48.4803 m_kl_max=0.0195 m_ratio_max=1.126 w_ax@goal=+1.27 w_v@goal=4.00 return=937.1 length=81 success_rate=1.00 collisions/ep=1.48 (n=25)
update=84 global_step=172032 SPS=584 w_ev=0.131 m_ev=0.964 m_v_bias=-6.8 m_adv_std=34.8045 m_kl_max=0.0085 m_ratio_max=0.382 w_ax@goal=+1.25 w_v@goal=3.86 return=946.0 length=80 success_rate=1.00 collisions/ep=1.33 (n=24)
update=85 global_step=174080 SPS=587 w_ev=0.149 m_ev=0.916 m_v_bias=4.3 m_adv_std=55.3263 m_kl_max=0.0402 m_ratio_max=1.225 w_ax@goal=+1.08 w_v@goal=3.77 return=928.8 length=82 success_rate=1.00 collisions/ep=1.64 (n=25)
Evaluation at update 85: return=1004.39, length=78.05, success_rate=1.00, collisions/ep=0.15
Solved-check at update 85: solved=False worst_gap=100.74 at p_x0=1.00 p_y0=1.00 (consecutive=0)
update=86 global_step=176128 SPS=580 w_ev=0.147 m_ev=0.901 m_v_bias=6.9 m_adv_std=60.7995 m_kl_max=0.0080 m_ratio_max=0.646 w_ax@goal=+1.34 w_v@goal=3.90 return=931.4 length=81 success_rate=1.00 collisions/ep=1.62 (n=24)
update=87 global_step=178176 SPS=583 w_ev=0.159 m_ev=0.922 m_v_bias=-7.3 m_adv_std=55.3539 m_kl_max=0.0131 m_ratio_max=0.628 w_ax@goal=+1.19 w_v@goal=3.70 return=933.6 length=81 success_rate=1.00 collisions/ep=1.58 (n=26)
update=88 global_step=180224 SPS=585 w_ev=0.189 m_ev=0.968 m_v_bias=-11.3 m_adv_std=33.8499 m_kl_max=0.0363 m_ratio_max=0.882 w_ax@goal=+1.23 w_v@goal=3.83 return=935.0 length=80 success_rate=1.00 collisions/ep=1.50 (n=28)
update=89 global_step=182272 SPS=588 w_ev=0.192 m_ev=0.906 m_v_bias=6.7 m_adv_std=56.5864 m_kl_max=0.0134 m_ratio_max=0.631 w_ax@goal=+1.16 w_v@goal=3.74 return=933.4 length=81 success_rate=1.00 collisions/ep=1.60 (n=25)
update=90 global_step=184320 SPS=591 w_ev=0.223 m_ev=0.956 m_v_bias=0.1 m_adv_std=41.4326 m_kl_max=0.0125 m_ratio_max=0.779 w_ax@goal=+1.19 w_v@goal=3.87 return=950.2 length=82 success_rate=1.00 collisions/ep=1.36 (n=25)
Evaluation at update 90: return=991.61, length=78.25, success_rate=1.00, collisions/ep=0.40
Solved-check at update 90: solved=False worst_gap=101.73 at p_x0=0.00 p_y0=-1.00 (consecutive=0)
update=91 global_step=186368 SPS=584 w_ev=0.204 m_ev=0.966 m_v_bias=-2.2 m_adv_std=32.7590 m_kl_max=0.0104 m_ratio_max=0.476 w_ax@goal=+0.97 w_v@goal=3.92 return=939.2 length=82 success_rate=1.00 collisions/ep=1.54 (n=24)
update=92 global_step=188416 SPS=586 w_ev=0.163 m_ev=0.972 m_v_bias=-4.9 m_adv_std=29.6639 m_kl_max=0.0163 m_ratio_max=0.524 w_ax@goal=+1.11 w_v@goal=3.93 return=950.2 length=80 success_rate=1.00 collisions/ep=1.19 (n=26)
update=93 global_step=190464 SPS=589 w_ev=0.232 m_ev=0.943 m_v_bias=11.5 m_adv_std=46.5254 m_kl_max=0.0181 m_ratio_max=0.815 w_ax@goal=+1.24 w_v@goal=3.72 return=925.4 length=82 success_rate=1.00 collisions/ep=1.75 (n=24)
update=94 global_step=192512 SPS=591 w_ev=0.232 m_ev=0.934 m_v_bias=-4.0 m_adv_std=49.4005 m_kl_max=0.0236 m_ratio_max=0.788 w_ax@goal=+1.03 w_v@goal=3.68 return=922.5 length=82 success_rate=1.00 collisions/ep=1.80 (n=25)
update=95 global_step=194560 SPS=594 w_ev=0.196 m_ev=0.952 m_v_bias=2.6 m_adv_std=40.9042 m_kl_max=0.0076 m_ratio_max=0.411 w_ax@goal=+1.04 w_v@goal=3.83 return=948.1 length=83 success_rate=1.00 collisions/ep=1.24 (n=25)
Evaluation at update 95: return=981.52, length=78.65, success_rate=1.00, collisions/ep=0.60
Solved-check at update 95: solved=False worst_gap=101.91 at p_x0=0.00 p_y0=-1.00 (consecutive=0)
update=96 global_step=196608 SPS=587 w_ev=0.234 m_ev=0.976 m_v_bias=-10.3 m_adv_std=27.5195 m_kl_max=0.0095 m_ratio_max=0.385 w_ax@goal=+0.97 w_v@goal=3.87 return=948.1 length=80 success_rate=1.00 collisions/ep=1.27 (n=26)
update=97 global_step=198656 SPS=590 w_ev=0.198 m_ev=0.975 m_v_bias=2.0 m_adv_std=28.4791 m_kl_max=0.0086 m_ratio_max=0.350 w_ax@goal=+0.87 w_v@goal=3.83 return=952.6 length=84 success_rate=1.00 collisions/ep=1.12 (n=24)
update=98 global_step=200704 SPS=593 w_ev=0.111 m_ev=0.913 m_v_bias=10.1 m_adv_std=56.5841 m_kl_max=0.0129 m_ratio_max=0.666 w_ax@goal=+1.03 w_v@goal=4.03 return=943.0 length=82 success_rate=1.00 collisions/ep=1.33 (n=24)
update=99 global_step=202752 SPS=596 w_ev=0.110 m_ev=0.941 m_v_bias=2.0 m_adv_std=46.4606 m_kl_max=0.0074 m_ratio_max=0.441 w_ax@goal=+0.89 w_v@goal=4.14 return=933.4 length=85 success_rate=1.00 collisions/ep=1.56 (n=25)
update=100 global_step=204800 SPS=598 w_ev=0.180 m_ev=0.939 m_v_bias=0.2 m_adv_std=46.0171 m_kl_max=0.0193 m_ratio_max=0.755 w_ax@goal=+0.73 w_v@goal=4.03 return=925.7 length=85 success_rate=1.00 collisions/ep=1.67 (n=24)
Evaluation at update 100: return=976.72, length=78.15, success_rate=1.00, collisions/ep=0.70
Solved-check at update 100: solved=False worst_gap=151.36 at p_x0=0.00 p_y0=0.00 (consecutive=0)
update=101 global_step=206848 SPS=591 w_ev=0.177 m_ev=0.943 m_v_bias=4.2 m_adv_std=44.7524 m_kl_max=0.0171 m_ratio_max=0.716 w_ax@goal=+0.99 w_v@goal=3.98 return=937.3 length=82 success_rate=1.00 collisions/ep=1.48 (n=25)
update=102 global_step=208896 SPS=594 w_ev=0.143 m_ev=0.945 m_v_bias=-4.8 m_adv_std=41.8172 m_kl_max=0.0075 m_ratio_max=0.409 w_ax@goal=+0.82 w_v@goal=4.01 return=950.5 length=81 success_rate=1.00 collisions/ep=1.29 (n=24)
update=103 global_step=210944 SPS=597 w_ev=0.147 m_ev=0.981 m_v_bias=-5.4 m_adv_std=24.8376 m_kl_max=0.0084 m_ratio_max=0.490 w_ax@goal=+0.87 w_v@goal=4.00 return=954.9 length=84 success_rate=1.00 collisions/ep=1.08 (n=25)
update=104 global_step=212992 SPS=599 w_ev=0.135 m_ev=0.970 m_v_bias=-2.1 m_adv_std=33.3034 m_kl_max=0.0054 m_ratio_max=0.444 w_ax@goal=+0.94 w_v@goal=4.06 return=956.3 length=82 success_rate=1.00 collisions/ep=1.08 (n=26)
update=105 global_step=215040 SPS=601 w_ev=0.199 m_ev=0.941 m_v_bias=14.4 m_adv_std=46.2954 m_kl_max=0.0134 m_ratio_max=0.763 w_ax@goal=+0.74 w_v@goal=3.93 return=936.4 length=83 success_rate=1.00 collisions/ep=1.48 (n=25)
Evaluation at update 105: return=1004.04, length=78.55, success_rate=1.00, collisions/ep=0.15
Solved-check at update 105: solved=False worst_gap=101.60 at p_x0=0.00 p_y0=0.00 (consecutive=0)
update=106 global_step=217088 SPS=594 w_ev=0.122 m_ev=0.940 m_v_bias=-4.3 m_adv_std=48.5272 m_kl_max=0.0363 m_ratio_max=1.517 w_ax@goal=+0.78 w_v@goal=4.10 return=933.6 length=84 success_rate=1.00 collisions/ep=1.54 (n=24)
update=107 global_step=219136 SPS=596 w_ev=0.159 m_ev=0.942 m_v_bias=1.6 m_adv_std=47.3010 m_kl_max=0.0273 m_ratio_max=2.223 w_ax@goal=+0.82 w_v@goal=4.16 return=925.4 length=83 success_rate=1.00 collisions/ep=1.74 (n=27)
update=108 global_step=221184 SPS=598 w_ev=0.204 m_ev=0.919 m_v_bias=9.7 m_adv_std=55.2930 m_kl_max=0.0164 m_ratio_max=0.532 w_ax@goal=+0.67 w_v@goal=3.85 return=912.1 length=84 success_rate=1.00 collisions/ep=1.96 (n=23)
update=109 global_step=223232 SPS=600 w_ev=0.212 m_ev=0.929 m_v_bias=-7.3 m_adv_std=51.5485 m_kl_max=0.0083 m_ratio_max=0.626 w_ax@goal=+0.83 w_v@goal=4.00 return=943.9 length=82 success_rate=1.00 collisions/ep=1.33 (n=24)
update=110 global_step=225280 SPS=603 w_ev=0.179 m_ev=0.969 m_v_bias=-12.4 m_adv_std=31.5199 m_kl_max=0.0032 m_ratio_max=0.391 w_ax@goal=+0.64 w_v@goal=4.11 return=952.7 length=81 success_rate=1.00 collisions/ep=1.19 (n=26)
Evaluation at update 110: return=996.52, length=78.60, success_rate=1.00, collisions/ep=0.30
Solved-check at update 110: solved=False worst_gap=101.62 at p_x0=0.50 p_y0=-1.00 (consecutive=0)
update=111 global_step=227328 SPS=596 w_ev=0.212 m_ev=0.964 m_v_bias=5.1 m_adv_std=34.1618 m_kl_max=0.0083 m_ratio_max=0.425 w_ax@goal=+0.72 w_v@goal=3.91 return=952.9 length=82 success_rate=1.00 collisions/ep=1.20 (n=25)
update=112 global_step=229376 SPS=598 w_ev=0.122 m_ev=0.959 m_v_bias=11.8 m_adv_std=37.0471 m_kl_max=0.0218 m_ratio_max=0.861 w_ax@goal=+0.83 w_v@goal=4.06 return=935.1 length=84 success_rate=1.00 collisions/ep=1.54 (n=24)
update=113 global_step=231424 SPS=600 w_ev=0.132 m_ev=0.857 m_v_bias=25.7 m_adv_std=76.6757 m_kl_max=0.0222 m_ratio_max=0.647 w_ax@goal=+0.50 w_v@goal=4.04 return=885.0 length=86 success_rate=1.00 collisions/ep=2.52 (n=23)
update=114 global_step=233472 SPS=603 w_ev=0.150 m_ev=0.922 m_v_bias=-21.1 m_adv_std=53.3031 m_kl_max=0.0126 m_ratio_max=0.638 w_ax@goal=+0.75 w_v@goal=4.11 return=953.9 length=83 success_rate=1.00 collisions/ep=1.21 (n=24)
update=115 global_step=235520 SPS=605 w_ev=0.159 m_ev=0.939 m_v_bias=4.8 m_adv_std=48.7169 m_kl_max=0.0236 m_ratio_max=0.703 w_ax@goal=+0.82 w_v@goal=4.18 return=925.0 length=83 success_rate=1.00 collisions/ep=1.71 (n=24)
Evaluation at update 115: return=966.36, length=78.75, success_rate=1.00, collisions/ep=0.95
Solved-check at update 115: solved=False worst_gap=151.67 at p_x0=0.00 p_y0=1.00 (consecutive=0)
update=116 global_step=237568 SPS=599 w_ev=0.207 m_ev=0.952 m_v_bias=-10.6 m_adv_std=42.1733 m_kl_max=0.0235 m_ratio_max=0.618 w_ax@goal=+0.88 w_v@goal=3.96 return=941.4 length=83 success_rate=1.00 collisions/ep=1.40 (n=25)
update=117 global_step=239616 SPS=601 w_ev=0.227 m_ev=0.944 m_v_bias=5.6 m_adv_std=44.9052 m_kl_max=0.0272 m_ratio_max=0.648 w_ax@goal=+0.79 w_v@goal=3.85 return=903.3 length=83 success_rate=1.00 collisions/ep=2.20 (n=25)
update=118 global_step=241664 SPS=603 w_ev=0.232 m_ev=0.956 m_v_bias=-7.8 m_adv_std=39.4245 m_kl_max=0.0214 m_ratio_max=1.183 w_ax@goal=+0.85 w_v@goal=4.06 return=945.3 length=84 success_rate=1.00 collisions/ep=1.31 (n=26)
update=119 global_step=243712 SPS=605 w_ev=0.168 m_ev=0.958 m_v_bias=-4.5 m_adv_std=37.7722 m_kl_max=0.0181 m_ratio_max=0.634 w_ax@goal=+0.90 w_v@goal=4.14 return=954.8 length=83 success_rate=1.00 collisions/ep=1.17 (n=24)
update=120 global_step=245760 SPS=607 w_ev=0.181 m_ev=0.893 m_v_bias=4.5 m_adv_std=63.3902 m_kl_max=0.0116 m_ratio_max=0.500 w_ax@goal=+0.86 w_v@goal=4.14 return=956.4 length=82 success_rate=1.00 collisions/ep=1.08 (n=25)
Evaluation at update 120: return=996.63, length=78.45, success_rate=1.00, collisions/ep=0.30
Solved-check at update 120: solved=False worst_gap=100.99 at p_x0=1.50 p_y0=0.50 (consecutive=0)
update=121 global_step=247808 SPS=601 w_ev=0.098 m_ev=0.975 m_v_bias=-10.5 m_adv_std=29.3004 m_kl_max=0.0166 m_ratio_max=0.514 w_ax@goal=+0.71 w_v@goal=4.16 return=939.7 length=85 success_rate=1.00 collisions/ep=1.42 (n=24)
update=122 global_step=249856 SPS=603 w_ev=0.200 m_ev=0.913 m_v_bias=10.6 m_adv_std=56.7689 m_kl_max=0.0076 m_ratio_max=0.536 w_ax@goal=+0.64 w_v@goal=4.09 return=931.7 length=85 success_rate=1.00 collisions/ep=1.58 (n=24)
update=123 global_step=251904 SPS=606 w_ev=0.177 m_ev=0.932 m_v_bias=-1.1 m_adv_std=49.9746 m_kl_max=0.0141 m_ratio_max=0.876 w_ax@goal=+0.51 w_v@goal=3.99 return=922.1 length=81 success_rate=1.00 collisions/ep=1.72 (n=25)
update=124 global_step=253952 SPS=608 w_ev=0.220 m_ev=0.961 m_v_bias=-8.5 m_adv_std=37.2280 m_kl_max=0.0261 m_ratio_max=0.927 w_ax@goal=+0.88 w_v@goal=3.76 return=944.8 length=84 success_rate=1.00 collisions/ep=1.35 (n=26)
update=125 global_step=256000 SPS=610 w_ev=0.200 m_ev=0.978 m_v_bias=-8.0 m_adv_std=26.3592 m_kl_max=0.0236 m_ratio_max=0.925 w_ax@goal=+0.51 w_v@goal=3.94 return=958.1 length=83 success_rate=1.00 collisions/ep=1.05 (n=22)
Evaluation at update 125: return=998.73, length=78.90, success_rate=1.00, collisions/ep=0.25
Solved-check at update 125: solved=False worst_gap=51.85 at p_x0=0.00 p_y0=1.00 (consecutive=0)
update=126 global_step=258048 SPS=604 w_ev=0.118 m_ev=0.974 m_v_bias=1.1 m_adv_std=29.7104 m_kl_max=0.0114 m_ratio_max=0.588 w_ax@goal=+0.80 w_v@goal=4.27 return=955.8 length=83 success_rate=1.00 collisions/ep=1.08 (n=26)
update=127 global_step=260096 SPS=606 w_ev=0.229 m_ev=0.963 m_v_bias=4.4 m_adv_std=35.5203 m_kl_max=0.0057 m_ratio_max=0.363 w_ax@goal=+0.66 w_v@goal=3.99 return=944.0 length=83 success_rate=1.00 collisions/ep=1.32 (n=25)
update=128 global_step=262144 SPS=608 w_ev=0.237 m_ev=0.953 m_v_bias=1.8 m_adv_std=40.5314 m_kl_max=0.0155 m_ratio_max=0.982 w_ax@goal=+0.61 w_v@goal=3.96 return=940.5 length=84 success_rate=1.00 collisions/ep=1.33 (n=24)
update=129 global_step=264192 SPS=610 w_ev=0.168 m_ev=0.924 m_v_bias=7.7 m_adv_std=52.1785 m_kl_max=0.0076 m_ratio_max=0.560 w_ax@goal=+0.68 w_v@goal=4.17 return=925.7 length=84 success_rate=1.00 collisions/ep=1.62 (n=24)
update=130 global_step=266240 SPS=612 w_ev=0.189 m_ev=0.971 m_v_bias=-3.1 m_adv_std=32.6648 m_kl_max=0.0266 m_ratio_max=1.322 w_ax@goal=+0.60 w_v@goal=4.21 return=941.4 length=85 success_rate=1.00 collisions/ep=1.36 (n=25)
Evaluation at update 130: return=1006.08, length=79.00, success_rate=1.00, collisions/ep=0.10
Solved-check at update 130: solved=False worst_gap=52.07 at p_x0=0.00 p_y0=0.00 (consecutive=0)
update=131 global_step=268288 SPS=606 w_ev=0.155 m_ev=0.972 m_v_bias=-16.7 m_adv_std=31.2492 m_kl_max=0.0235 m_ratio_max=0.648 w_ax@goal=+0.75 w_v@goal=4.00 return=970.0 length=85 success_rate=1.00 collisions/ep=0.78 (n=23)
update=132 global_step=270336 SPS=608 w_ev=0.114 m_ev=0.964 m_v_bias=2.9 m_adv_std=34.9272 m_kl_max=0.0126 m_ratio_max=0.641 w_ax@goal=+0.61 w_v@goal=4.07 return=945.2 length=84 success_rate=1.00 collisions/ep=1.25 (n=24)
update=133 global_step=272384 SPS=610 w_ev=0.143 m_ev=0.970 m_v_bias=3.9 m_adv_std=32.6512 m_kl_max=0.0065 m_ratio_max=0.444 w_ax@goal=+0.82 w_v@goal=4.10 return=942.4 length=85 success_rate=1.00 collisions/ep=1.31 (n=26)
update=134 global_step=274432 SPS=612 w_ev=0.170 m_ev=0.970 m_v_bias=-5.0 m_adv_std=32.3938 m_kl_max=0.0088 m_ratio_max=0.601 w_ax@goal=+0.71 w_v@goal=4.06 return=958.1 length=85 success_rate=1.00 collisions/ep=1.00 (n=23)
update=135 global_step=276480 SPS=614 w_ev=0.222 m_ev=0.924 m_v_bias=8.2 m_adv_std=52.6499 m_kl_max=0.0168 m_ratio_max=0.670 w_ax@goal=+0.71 w_v@goal=3.93 return=941.2 length=81 success_rate=1.00 collisions/ep=1.37 (n=27)
Evaluation at update 135: return=1011.38, length=78.70, success_rate=1.00, collisions/ep=0.00
Solved-check at update 135: solved=False worst_gap=51.67 at p_x0=0.00 p_y0=1.00 (consecutive=0)
update=136 global_step=278528 SPS=608 w_ev=0.191 m_ev=0.967 m_v_bias=-3.3 m_adv_std=33.2699 m_kl_max=0.0124 m_ratio_max=0.496 w_ax@goal=+0.57 w_v@goal=3.99 return=962.2 length=82 success_rate=1.00 collisions/ep=0.92 (n=25)
update=137 global_step=280576 SPS=610 w_ev=0.155 m_ev=0.944 m_v_bias=-2.6 m_adv_std=43.2354 m_kl_max=0.0124 m_ratio_max=1.308 w_ax@goal=+0.71 w_v@goal=4.04 return=960.2 length=82 success_rate=1.00 collisions/ep=0.96 (n=24)
update=138 global_step=282624 SPS=612 w_ev=0.137 m_ev=0.958 m_v_bias=-5.8 m_adv_std=36.2234 m_kl_max=0.0104 m_ratio_max=1.028 w_ax@goal=+0.60 w_v@goal=4.02 return=978.7 length=82 success_rate=1.00 collisions/ep=0.62 (n=24)
update=139 global_step=284672 SPS=614 w_ev=0.194 m_ev=0.965 m_v_bias=10.7 m_adv_std=35.7237 m_kl_max=0.0084 m_ratio_max=0.431 w_ax@goal=+0.61 w_v@goal=3.92 return=943.7 length=82 success_rate=1.00 collisions/ep=1.29 (n=24)
update=140 global_step=286720 SPS=616 w_ev=0.120 m_ev=0.971 m_v_bias=-5.0 m_adv_std=30.3709 m_kl_max=0.0253 m_ratio_max=0.905 w_ax@goal=+0.60 w_v@goal=4.11 return=939.8 length=83 success_rate=1.00 collisions/ep=1.42 (n=24)
Evaluation at update 140: return=1011.39, length=78.80, success_rate=1.00, collisions/ep=0.00
Solved-check at update 140: solved=True worst_gap=2.18 at p_x0=0.00 p_y0=-1.00 (consecutive=0)
update=141 global_step=288768 SPS=610 w_ev=0.151 m_ev=0.919 m_v_bias=11.9 m_adv_std=57.4804 m_kl_max=0.0154 m_ratio_max=0.750 w_ax@goal=+0.76 w_v@goal=4.11 return=921.4 length=83 success_rate=1.00 collisions/ep=1.75 (n=24)
update=142 global_step=290816 SPS=612 w_ev=0.168 m_ev=0.951 m_v_bias=-16.1 m_adv_std=39.8636 m_kl_max=0.0063 m_ratio_max=0.460 w_ax@goal=+0.62 w_v@goal=4.14 return=946.4 length=81 success_rate=1.00 collisions/ep=1.28 (n=29)
update=143 global_step=292864 SPS=614 w_ev=0.200 m_ev=0.975 m_v_bias=-2.8 m_adv_std=28.9878 m_kl_max=0.0099 m_ratio_max=0.390 w_ax@goal=+0.63 w_v@goal=3.82 return=962.1 length=82 success_rate=1.00 collisions/ep=0.92 (n=25)
update=144 global_step=294912 SPS=616 w_ev=0.210 m_ev=0.945 m_v_bias=6.0 m_adv_std=44.7112 m_kl_max=0.0064 m_ratio_max=0.356 w_ax@goal=+0.55 w_v@goal=3.96 return=938.1 length=82 success_rate=1.00 collisions/ep=1.40 (n=25)
update=145 global_step=296960 SPS=618 w_ev=0.138 m_ev=0.975 m_v_bias=-9.9 m_adv_std=28.4341 m_kl_max=0.0186 m_ratio_max=1.159 w_ax@goal=+0.64 w_v@goal=4.07 return=968.4 length=82 success_rate=1.00 collisions/ep=0.79 (n=24)
Evaluation at update 145: return=1011.23, length=78.90, success_rate=1.00, collisions/ep=0.00
Solved-check at update 145: solved=True worst_gap=2.20 at p_x0=0.00 p_y0=-1.00 (consecutive=1)
Solved criterion held for 2 consecutive evals (tolerance=5.0) at global_step=296960.
update=146 global_step=299008 SPS=613 w_ev=0.128 m_ev=0.941 m_v_bias=3.7 m_adv_std=43.9114 m_kl_max=0.0237 m_ratio_max=0.908 w_ax@goal=+0.72 w_v@goal=4.18 return=958.5 length=84 success_rate=1.00 collisions/ep=1.04 (n=24)
update=147 global_step=301056 SPS=614 w_ev=0.154 m_ev=0.938 m_v_bias=9.5 m_adv_std=45.6456 m_kl_max=0.0173 m_ratio_max=0.702 w_ax@goal=+0.60 w_v@goal=4.04 return=928.5 length=82 success_rate=1.00 collisions/ep=1.68 (n=25)
update=148 global_step=303104 SPS=616 w_ev=0.147 m_ev=0.965 m_v_bias=-7.2 m_adv_std=34.3879 m_kl_max=0.0056 m_ratio_max=0.479 w_ax@goal=+0.60 w_v@goal=4.14 return=962.9 length=84 success_rate=1.00 collisions/ep=0.96 (n=24)
update=149 global_step=305152 SPS=618 w_ev=0.238 m_ev=0.964 m_v_bias=-1.5 m_adv_std=34.9715 m_kl_max=0.0057 m_ratio_max=0.484 w_ax@goal=+0.57 w_v@goal=4.01 return=957.3 length=84 success_rate=1.00 collisions/ep=1.00 (n=26)
update=150 global_step=307200 SPS=620 w_ev=0.197 m_ev=0.941 m_v_bias=-0.0 m_adv_std=46.7606 m_kl_max=0.0088 m_ratio_max=0.487 w_ax@goal=+0.52 w_v@goal=3.95 return=957.7 length=84 success_rate=1.00 collisions/ep=1.00 (n=24)
Evaluation at update 150: return=1011.23, length=78.85, success_rate=1.00, collisions/ep=0.00
Solved-check at update 150: solved=True worst_gap=2.00 at p_x0=0.00 p_y0=-1.00 (consecutive=2)
update=151 global_step=309248 SPS=615 w_ev=0.167 m_ev=0.978 m_v_bias=-1.9 m_adv_std=26.6240 m_kl_max=0.0098 m_ratio_max=0.428 w_ax@goal=+0.57 w_v@goal=3.97 return=965.8 length=85 success_rate=1.00 collisions/ep=0.83 (n=23)
update=152 global_step=311296 SPS=617 w_ev=0.149 m_ev=0.981 m_v_bias=-0.7 m_adv_std=23.9909 m_kl_max=0.0131 m_ratio_max=0.409 w_ax@goal=+0.77 w_v@goal=4.11 return=976.6 length=86 success_rate=1.00 collisions/ep=0.62 (n=24)
update=153 global_step=313344 SPS=619 w_ev=0.122 m_ev=0.975 m_v_bias=1.6 m_adv_std=28.5752 m_kl_max=0.0036 m_ratio_max=0.382 w_ax@goal=+0.82 w_v@goal=4.18 return=966.0 length=84 success_rate=1.00 collisions/ep=0.88 (n=24)
update=154 global_step=315392 SPS=620 w_ev=0.133 m_ev=0.984 m_v_bias=-8.2 m_adv_std=21.6461 m_kl_max=0.0097 m_ratio_max=0.409 w_ax@goal=+0.67 w_v@goal=4.15 return=984.1 length=82 success_rate=1.00 collisions/ep=0.48 (n=25)
update=155 global_step=317440 SPS=622 w_ev=0.073 m_ev=0.976 m_v_bias=6.0 m_adv_std=28.1728 m_kl_max=0.0089 m_ratio_max=0.374 w_ax@goal=+0.70 w_v@goal=4.26 return=974.5 length=84 success_rate=1.00 collisions/ep=0.67 (n=24)
Evaluation at update 155: return=1011.47, length=78.65, success_rate=1.00, collisions/ep=0.00
Solved-check at update 155: solved=True worst_gap=1.77 at p_x0=0.00 p_y0=-1.00 (consecutive=3)
update=156 global_step=319488 SPS=617 w_ev=0.137 m_ev=0.947 m_v_bias=4.7 m_adv_std=43.4126 m_kl_max=0.0132 m_ratio_max=0.702 w_ax@goal=+0.62 w_v@goal=4.23 return=956.0 length=83 success_rate=1.00 collisions/ep=1.04 (n=26)
update=157 global_step=321536 SPS=619 w_ev=0.114 m_ev=0.983 m_v_bias=-8.9 m_adv_std=23.6866 m_kl_max=0.0092 m_ratio_max=0.544 w_ax@goal=+0.73 w_v@goal=4.16 return=970.5 length=85 success_rate=1.00 collisions/ep=0.76 (n=25)
update=158 global_step=323584 SPS=621 w_ev=0.220 m_ev=0.974 m_v_bias=5.4 m_adv_std=29.3147 m_kl_max=0.0069 m_ratio_max=0.503 w_ax@goal=+0.64 w_v@goal=4.01 return=962.5 length=84 success_rate=1.00 collisions/ep=0.92 (n=24)
update=159 global_step=325632 SPS=622 w_ev=0.124 m_ev=0.976 m_v_bias=4.9 m_adv_std=27.3180 m_kl_max=0.0118 m_ratio_max=0.613 w_ax@goal=+0.67 w_v@goal=4.28 return=959.7 length=85 success_rate=1.00 collisions/ep=0.96 (n=24)
update=160 global_step=327680 SPS=624 w_ev=0.198 m_ev=0.950 m_v_bias=3.1 m_adv_std=42.3281 m_kl_max=0.0108 m_ratio_max=0.486 w_ax@goal=+0.54 w_v@goal=4.01 return=961.3 length=83 success_rate=1.00 collisions/ep=0.96 (n=24)
Evaluation at update 160: return=1011.70, length=78.10, success_rate=1.00, collisions/ep=0.00
Solved-check at update 160: solved=False worst_gap=51.34 at p_x0=0.00 p_y0=0.00 (consecutive=4)
update=161 global_step=329728 SPS=619 w_ev=0.125 m_ev=0.962 m_v_bias=1.0 m_adv_std=37.0414 m_kl_max=0.0076 m_ratio_max=0.425 w_ax@goal=+0.60 w_v@goal=4.07 return=928.3 length=84 success_rate=1.00 collisions/ep=1.62 (n=24)
update=162 global_step=331776 SPS=621 w_ev=0.115 m_ev=0.964 m_v_bias=-5.0 m_adv_std=33.1965 m_kl_max=0.0128 m_ratio_max=0.537 w_ax@goal=+0.90 w_v@goal=4.09 return=970.6 length=85 success_rate=1.00 collisions/ep=0.75 (n=24)
update=163 global_step=333824 SPS=622 w_ev=0.159 m_ev=0.949 m_v_bias=-1.8 m_adv_std=41.3252 m_kl_max=0.0091 m_ratio_max=0.384 w_ax@goal=+0.76 w_v@goal=4.15 return=973.3 length=83 success_rate=1.00 collisions/ep=0.71 (n=24)
update=164 global_step=335872 SPS=624 w_ev=0.066 m_ev=0.985 m_v_bias=-2.1 m_adv_std=21.8786 m_kl_max=0.0065 m_ratio_max=0.382 w_ax@goal=+0.74 w_v@goal=4.42 return=964.8 length=83 success_rate=1.00 collisions/ep=0.88 (n=25)
update=165 global_step=337920 SPS=626 w_ev=0.173 m_ev=0.949 m_v_bias=8.1 m_adv_std=42.0700 m_kl_max=0.0147 m_ratio_max=0.640 w_ax@goal=+0.64 w_v@goal=4.18 return=968.0 length=82 success_rate=1.00 collisions/ep=0.81 (n=26)
Evaluation at update 165: return=1011.85, length=78.10, success_rate=1.00, collisions/ep=0.00
Solved-check at update 165: solved=True worst_gap=1.24 at p_x0=0.00 p_y0=-1.00 (consecutive=0)
update=166 global_step=339968 SPS=621 w_ev=0.138 m_ev=0.967 m_v_bias=-0.8 m_adv_std=33.2324 m_kl_max=0.0081 m_ratio_max=0.581 w_ax@goal=+0.77 w_v@goal=4.26 return=940.4 length=84 success_rate=1.00 collisions/ep=1.40 (n=25)
update=167 global_step=342016 SPS=623 w_ev=0.139 m_ev=0.960 m_v_bias=-1.6 m_adv_std=36.4884 m_kl_max=0.0069 m_ratio_max=0.341 w_ax@goal=+0.62 w_v@goal=4.11 return=960.5 length=81 success_rate=1.00 collisions/ep=1.00 (n=26)
update=168 global_step=344064 SPS=624 w_ev=0.158 m_ev=0.979 m_v_bias=-4.5 m_adv_std=25.8047 m_kl_max=0.0132 m_ratio_max=0.515 w_ax@goal=+0.67 w_v@goal=4.13 return=974.7 length=81 success_rate=1.00 collisions/ep=0.68 (n=25)
update=169 global_step=346112 SPS=626 w_ev=0.149 m_ev=0.976 m_v_bias=1.0 m_adv_std=26.5780 m_kl_max=0.0116 m_ratio_max=0.667 w_ax@goal=+0.80 w_v@goal=4.05 return=972.1 length=82 success_rate=1.00 collisions/ep=0.74 (n=23)
update=170 global_step=348160 SPS=628 w_ev=0.143 m_ev=0.961 m_v_bias=5.5 m_adv_std=36.3092 m_kl_max=0.0028 m_ratio_max=0.279 w_ax@goal=+0.68 w_v@goal=4.09 return=962.8 length=82 success_rate=1.00 collisions/ep=0.92 (n=24)
Evaluation at update 170: return=1011.81, length=78.10, success_rate=1.00, collisions/ep=0.00
Solved-check at update 170: solved=True worst_gap=1.34 at p_x0=0.00 p_y0=-1.00 (consecutive=1)
update=171 global_step=350208 SPS=623 w_ev=0.068 m_ev=0.965 m_v_bias=5.9 m_adv_std=34.5584 m_kl_max=0.0104 m_ratio_max=0.516 w_ax@goal=+0.81 w_v@goal=4.40 return=943.7 length=84 success_rate=1.00 collisions/ep=1.31 (n=26)
update=172 global_step=352256 SPS=625 w_ev=0.111 m_ev=0.978 m_v_bias=-2.0 m_adv_std=27.2816 m_kl_max=0.0154 m_ratio_max=1.058 w_ax@goal=+0.88 w_v@goal=4.38 return=955.0 length=81 success_rate=1.00 collisions/ep=1.08 (n=25)
update=173 global_step=354304 SPS=626 w_ev=0.128 m_ev=0.967 m_v_bias=-2.6 m_adv_std=33.8395 m_kl_max=0.0192 m_ratio_max=0.798 w_ax@goal=+0.72 w_v@goal=4.24 return=965.0 length=83 success_rate=1.00 collisions/ep=0.88 (n=25)
update=174 global_step=356352 SPS=628 w_ev=0.153 m_ev=0.982 m_v_bias=-2.4 m_adv_std=24.0338 m_kl_max=0.0076 m_ratio_max=0.435 w_ax@goal=+0.62 w_v@goal=4.01 return=969.1 length=83 success_rate=1.00 collisions/ep=0.79 (n=24)
update=175 global_step=358400 SPS=629 w_ev=0.146 m_ev=0.952 m_v_bias=4.1 m_adv_std=40.5883 m_kl_max=0.0030 m_ratio_max=0.232 w_ax@goal=+0.82 w_v@goal=4.29 return=957.2 length=84 success_rate=1.00 collisions/ep=1.08 (n=24)
Evaluation at update 175: return=1011.72, length=78.10, success_rate=1.00, collisions/ep=0.00
Solved-check at update 175: solved=False worst_gap=51.35 at p_x0=0.00 p_y0=0.00 (consecutive=2)
update=176 global_step=360448 SPS=625 w_ev=0.145 m_ev=0.984 m_v_bias=-5.8 m_adv_std=22.4005 m_kl_max=0.0099 m_ratio_max=0.519 w_ax@goal=+0.79 w_v@goal=4.21 return=981.6 length=83 success_rate=1.00 collisions/ep=0.54 (n=24)
update=177 global_step=362496 SPS=626 w_ev=0.135 m_ev=0.966 m_v_bias=5.3 m_adv_std=33.1213 m_kl_max=0.0040 m_ratio_max=0.382 w_ax@goal=+0.80 w_v@goal=4.28 return=957.9 length=82 success_rate=1.00 collisions/ep=1.12 (n=26)
update=178 global_step=364544 SPS=628 w_ev=0.162 m_ev=0.973 m_v_bias=-1.9 m_adv_std=29.4077 m_kl_max=0.0135 m_ratio_max=1.083 w_ax@goal=+0.65 w_v@goal=4.14 return=975.0 length=83 success_rate=1.00 collisions/ep=0.67 (n=24)
update=179 global_step=366592 SPS=629 w_ev=0.155 m_ev=0.970 m_v_bias=0.4 m_adv_std=31.5421 m_kl_max=0.0090 m_ratio_max=0.435 w_ax@goal=+0.68 w_v@goal=4.15 return=959.2 length=83 success_rate=1.00 collisions/ep=1.00 (n=25)
update=180 global_step=368640 SPS=631 w_ev=0.125 m_ev=0.944 m_v_bias=9.1 m_adv_std=44.6680 m_kl_max=0.0048 m_ratio_max=0.285 w_ax@goal=+0.86 w_v@goal=4.29 return=929.2 length=83 success_rate=1.00 collisions/ep=1.60 (n=25)
Evaluation at update 180: return=1011.80, length=78.10, success_rate=1.00, collisions/ep=0.00
Solved-check at update 180: solved=False worst_gap=51.30 at p_x0=0.00 p_y0=0.00 (consecutive=0)
update=181 global_step=370688 SPS=627 w_ev=0.108 m_ev=0.927 m_v_bias=1.2 m_adv_std=51.6191 m_kl_max=0.0162 m_ratio_max=0.873 w_ax@goal=+0.81 w_v@goal=4.36 return=954.4 length=82 success_rate=1.00 collisions/ep=1.08 (n=26)
update=182 global_step=372736 SPS=628 w_ev=0.135 m_ev=0.964 m_v_bias=-8.6 m_adv_std=35.7983 m_kl_max=0.0154 m_ratio_max=0.585 w_ax@goal=+0.80 w_v@goal=4.22 return=946.9 length=84 success_rate=1.00 collisions/ep=1.25 (n=24)
update=183 global_step=374784 SPS=630 w_ev=0.113 m_ev=0.963 m_v_bias=-2.9 m_adv_std=34.1586 m_kl_max=0.0064 m_ratio_max=0.468 w_ax@goal=+0.81 w_v@goal=4.33 return=968.7 length=83 success_rate=1.00 collisions/ep=0.92 (n=25)
update=184 global_step=376832 SPS=631 w_ev=0.131 m_ev=0.938 m_v_bias=10.7 m_adv_std=46.6798 m_kl_max=0.0099 m_ratio_max=0.418 w_ax@goal=+0.59 w_v@goal=4.22 return=946.3 length=83 success_rate=1.00 collisions/ep=1.24 (n=25)
update=185 global_step=378880 SPS=632 w_ev=0.080 m_ev=0.958 m_v_bias=-12.0 m_adv_std=38.4540 m_kl_max=0.0073 m_ratio_max=0.470 w_ax@goal=+0.79 w_v@goal=4.35 return=952.5 length=84 success_rate=1.00 collisions/ep=1.12 (n=24)
Evaluation at update 185: return=1011.85, length=78.10, success_rate=1.00, collisions/ep=0.00
Solved-check at update 185: solved=False worst_gap=51.24 at p_x0=0.00 p_y0=0.00 (consecutive=0)
update=186 global_step=380928 SPS=628 w_ev=0.097 m_ev=0.969 m_v_bias=-6.2 m_adv_std=32.4877 m_kl_max=0.0073 m_ratio_max=0.385 w_ax@goal=+0.97 w_v@goal=4.38 return=957.3 length=84 success_rate=1.00 collisions/ep=1.04 (n=24)
update=187 global_step=382976 SPS=629 w_ev=0.125 m_ev=0.976 m_v_bias=-4.7 m_adv_std=27.0673 m_kl_max=0.0070 m_ratio_max=0.553 w_ax@goal=+0.79 w_v@goal=4.40 return=975.4 length=82 success_rate=1.00 collisions/ep=0.67 (n=24)
update=188 global_step=385024 SPS=631 w_ev=0.116 m_ev=0.978 m_v_bias=4.9 m_adv_std=26.3276 m_kl_max=0.0068 m_ratio_max=0.388 w_ax@goal=+0.74 w_v@goal=4.34 return=967.0 length=83 success_rate=1.00 collisions/ep=0.84 (n=25)
update=189 global_step=387072 SPS=632 w_ev=0.130 m_ev=0.940 m_v_bias=1.7 m_adv_std=45.2807 m_kl_max=0.0198 m_ratio_max=0.657 w_ax@goal=+0.63 w_v@goal=4.26 return=962.4 length=83 success_rate=1.00 collisions/ep=0.92 (n=25)
update=190 global_step=389120 SPS=633 w_ev=0.100 m_ev=0.980 m_v_bias=-8.8 m_adv_std=25.2303 m_kl_max=0.0088 m_ratio_max=0.400 w_ax@goal=+0.82 w_v@goal=4.45 return=974.5 length=81 success_rate=1.00 collisions/ep=0.70 (n=27)
Evaluation at update 190: return=1011.88, length=78.10, success_rate=1.00, collisions/ep=0.00
Solved-check at update 190: solved=True worst_gap=1.24 at p_x0=0.00 p_y0=-1.00 (consecutive=0)
update=191 global_step=391168 SPS=629 w_ev=0.132 m_ev=0.963 m_v_bias=9.3 m_adv_std=34.6733 m_kl_max=0.0134 m_ratio_max=0.592 w_ax@goal=+0.77 w_v@goal=4.27 return=962.6 length=83 success_rate=1.00 collisions/ep=0.92 (n=24)
update=192 global_step=393216 SPS=631 w_ev=0.223 m_ev=0.986 m_v_bias=-7.6 m_adv_std=20.6538 m_kl_max=0.0154 m_ratio_max=0.470 w_ax@goal=+0.67 w_v@goal=4.01 return=981.4 length=84 success_rate=1.00 collisions/ep=0.58 (n=24)
update=193 global_step=395264 SPS=632 w_ev=0.131 m_ev=0.956 m_v_bias=11.5 m_adv_std=37.2468 m_kl_max=0.0066 m_ratio_max=0.555 w_ax@goal=+0.66 w_v@goal=4.11 return=949.1 length=84 success_rate=1.00 collisions/ep=1.21 (n=24)
update=194 global_step=397312 SPS=633 w_ev=0.105 m_ev=0.958 m_v_bias=-12.4 m_adv_std=36.5377 m_kl_max=0.0030 m_ratio_max=0.293 w_ax@goal=+1.01 w_v@goal=4.23 return=965.2 length=82 success_rate=1.00 collisions/ep=0.88 (n=25)
update=195 global_step=399360 SPS=635 w_ev=0.080 m_ev=0.969 m_v_bias=1.6 m_adv_std=31.5330 m_kl_max=0.0206 m_ratio_max=0.803 w_ax@goal=+0.81 w_v@goal=4.33 return=970.3 length=81 success_rate=1.00 collisions/ep=0.76 (n=25)
Evaluation at update 195: return=1011.95, length=78.05, success_rate=1.00, collisions/ep=0.00
Solved-check at update 195: solved=True worst_gap=1.18 at p_x0=0.00 p_y0=-1.00 (consecutive=1)
update=196 global_step=401408 SPS=631 w_ev=0.105 m_ev=0.958 m_v_bias=13.0 m_adv_std=36.9168 m_kl_max=0.0123 m_ratio_max=0.584 w_ax@goal=+0.73 w_v@goal=4.12 return=941.0 length=81 success_rate=1.00 collisions/ep=1.35 (n=26)
update=197 global_step=403456 SPS=632 w_ev=0.106 m_ev=0.913 m_v_bias=-0.9 m_adv_std=51.9503 m_kl_max=0.0102 m_ratio_max=0.587 w_ax@goal=+0.79 w_v@goal=4.19 return=964.6 length=83 success_rate=1.00 collisions/ep=0.96 (n=25)
update=198 global_step=405504 SPS=633 w_ev=0.118 m_ev=0.976 m_v_bias=-3.8 m_adv_std=26.9879 m_kl_max=0.0113 m_ratio_max=0.617 w_ax@goal=+0.64 w_v@goal=4.27 return=959.9 length=84 success_rate=1.00 collisions/ep=1.00 (n=23)
update=199 global_step=407552 SPS=634 w_ev=0.139 m_ev=0.972 m_v_bias=-6.0 m_adv_std=31.5612 m_kl_max=0.0149 m_ratio_max=0.678 w_ax@goal=+0.57 w_v@goal=4.34 return=970.0 length=83 success_rate=1.00 collisions/ep=0.81 (n=26)
update=200 global_step=409600 SPS=636 w_ev=0.093 m_ev=0.924 m_v_bias=13.3 m_adv_std=54.1233 m_kl_max=0.0072 m_ratio_max=0.468 w_ax@goal=+0.75 w_v@goal=4.34 return=945.5 length=83 success_rate=1.00 collisions/ep=1.25 (n=24)
Evaluation at update 200: return=1011.68, length=78.25, success_rate=1.00, collisions/ep=0.00
Solved-check at update 200: solved=True worst_gap=1.49 at p_x0=0.00 p_y0=-1.00 (consecutive=2)
update=201 global_step=411648 SPS=632 w_ev=0.098 m_ev=0.979 m_v_bias=-16.9 m_adv_std=25.4017 m_kl_max=0.0225 m_ratio_max=0.956 w_ax@goal=+0.64 w_v@goal=4.32 return=969.0 length=83 success_rate=1.00 collisions/ep=0.77 (n=26)
update=202 global_step=413696 SPS=633 w_ev=0.153 m_ev=0.971 m_v_bias=6.1 m_adv_std=31.4904 m_kl_max=0.0135 m_ratio_max=0.645 w_ax@goal=+0.57 w_v@goal=4.08 return=968.9 length=84 success_rate=1.00 collisions/ep=0.79 (n=24)
update=203 global_step=415744 SPS=634 w_ev=0.034 m_ev=0.971 m_v_bias=-5.9 m_adv_std=30.4549 m_kl_max=0.0172 m_ratio_max=1.051 w_ax@goal=+0.80 w_v@goal=4.44 return=971.7 length=82 success_rate=1.00 collisions/ep=0.79 (n=24)
update=204 global_step=417792 SPS=636 w_ev=0.127 m_ev=0.984 m_v_bias=-3.0 m_adv_std=23.7729 m_kl_max=0.0123 m_ratio_max=0.468 w_ax@goal=+0.49 w_v@goal=4.24 return=964.7 length=84 success_rate=1.00 collisions/ep=0.88 (n=25)
update=205 global_step=419840 SPS=637 w_ev=0.054 m_ev=0.984 m_v_bias=-6.0 m_adv_std=21.8549 m_kl_max=0.0026 m_ratio_max=0.273 w_ax@goal=+0.92 w_v@goal=4.40 return=993.2 length=83 success_rate=1.00 collisions/ep=0.32 (n=25)
Evaluation at update 205: return=1012.06, length=78.05, success_rate=1.00, collisions/ep=0.00
Solved-check at update 205: solved=True worst_gap=1.04 at p_x0=0.00 p_y0=-1.00 (consecutive=3)
update=206 global_step=421888 SPS=633 w_ev=0.088 m_ev=0.962 m_v_bias=2.9 m_adv_std=34.6397 m_kl_max=0.0139 m_ratio_max=0.530 w_ax@goal=+0.67 w_v@goal=4.25 return=965.8 length=83 success_rate=1.00 collisions/ep=0.88 (n=25)
update=207 global_step=423936 SPS=634 w_ev=0.070 m_ev=0.986 m_v_bias=-6.0 m_adv_std=20.7283 m_kl_max=0.0023 m_ratio_max=0.310 w_ax@goal=+0.80 w_v@goal=4.38 return=988.5 length=83 success_rate=1.00 collisions/ep=0.42 (n=24)
update=208 global_step=425984 SPS=635 w_ev=0.101 m_ev=0.968 m_v_bias=2.9 m_adv_std=32.0578 m_kl_max=0.0133 m_ratio_max=0.582 w_ax@goal=+1.03 w_v@goal=4.45 return=972.7 length=83 success_rate=1.00 collisions/ep=0.73 (n=26)
update=209 global_step=428032 SPS=636 w_ev=0.093 m_ev=0.977 m_v_bias=1.3 m_adv_std=27.0247 m_kl_max=0.0070 m_ratio_max=0.562 w_ax@goal=+0.79 w_v@goal=4.30 return=970.4 length=84 success_rate=1.00 collisions/ep=0.87 (n=23)
update=210 global_step=430080 SPS=638 w_ev=0.145 m_ev=0.973 m_v_bias=5.3 m_adv_std=29.7930 m_kl_max=0.0139 m_ratio_max=0.633 w_ax@goal=+0.64 w_v@goal=4.30 return=976.6 length=83 success_rate=1.00 collisions/ep=0.64 (n=25)
Evaluation at update 210: return=1012.03, length=78.05, success_rate=1.00, collisions/ep=0.00
Solved-check at update 210: solved=True worst_gap=1.09 at p_x0=0.00 p_y0=-1.00 (consecutive=4)
update=211 global_step=432128 SPS=634 w_ev=0.098 m_ev=0.953 m_v_bias=2.3 m_adv_std=39.4960 m_kl_max=0.0226 m_ratio_max=1.391 w_ax@goal=+0.91 w_v@goal=4.34 return=965.1 length=81 success_rate=1.00 collisions/ep=0.88 (n=25)
update=212 global_step=434176 SPS=635 w_ev=0.142 m_ev=0.967 m_v_bias=0.6 m_adv_std=31.6307 m_kl_max=0.0096 m_ratio_max=0.872 w_ax@goal=+0.62 w_v@goal=4.30 return=966.1 length=82 success_rate=1.00 collisions/ep=0.92 (n=24)
update=213 global_step=436224 SPS=637 w_ev=0.124 m_ev=0.972 m_v_bias=-0.8 m_adv_std=29.2322 m_kl_max=0.0210 m_ratio_max=0.753 w_ax@goal=+0.95 w_v@goal=4.31 return=964.3 length=83 success_rate=1.00 collisions/ep=0.92 (n=25)
update=214 global_step=438272 SPS=638 w_ev=0.144 m_ev=0.897 m_v_bias=7.4 m_adv_std=61.9545 m_kl_max=0.0145 m_ratio_max=0.766 w_ax@goal=+0.91 w_v@goal=4.33 return=958.3 length=82 success_rate=1.00 collisions/ep=1.04 (n=25)
update=215 global_step=440320 SPS=639 w_ev=0.121 m_ev=0.977 m_v_bias=-6.9 m_adv_std=26.9924 m_kl_max=0.0159 m_ratio_max=0.935 w_ax@goal=+0.87 w_v@goal=4.35 return=959.7 length=82 success_rate=1.00 collisions/ep=1.00 (n=26)
Evaluation at update 215: return=1011.95, length=78.05, success_rate=1.00, collisions/ep=0.00
Solved-check at update 215: solved=True worst_gap=1.18 at p_x0=0.00 p_y0=-1.00 (consecutive=5)
update=216 global_step=442368 SPS=635 w_ev=0.106 m_ev=0.980 m_v_bias=-0.3 m_adv_std=25.5626 m_kl_max=0.0154 m_ratio_max=1.321 w_ax@goal=+0.84 w_v@goal=4.34 return=974.8 length=83 success_rate=1.00 collisions/ep=0.68 (n=25)
update=217 global_step=444416 SPS=636 w_ev=0.145 m_ev=0.949 m_v_bias=4.2 m_adv_std=40.3177 m_kl_max=0.0028 m_ratio_max=0.296 w_ax@goal=+0.73 w_v@goal=4.31 return=969.4 length=83 success_rate=1.00 collisions/ep=0.83 (n=24)
update=218 global_step=446464 SPS=638 w_ev=0.094 m_ev=0.944 m_v_bias=3.0 m_adv_std=44.9923 m_kl_max=0.0132 m_ratio_max=0.475 w_ax@goal=+0.96 w_v@goal=4.39 return=954.4 length=82 success_rate=1.00 collisions/ep=1.08 (n=25)
update=219 global_step=448512 SPS=639 w_ev=0.121 m_ev=0.980 m_v_bias=-10.2 m_adv_std=24.6222 m_kl_max=0.0201 m_ratio_max=0.778 w_ax@goal=+0.80 w_v@goal=4.37 return=983.5 length=83 success_rate=1.00 collisions/ep=0.52 (n=25)
update=220 global_step=450560 SPS=640 w_ev=0.117 m_ev=0.980 m_v_bias=-0.7 m_adv_std=24.5006 m_kl_max=0.0224 m_ratio_max=1.077 w_ax@goal=+0.95 w_v@goal=4.26 return=986.4 length=84 success_rate=1.00 collisions/ep=0.46 (n=24)
Evaluation at update 220: return=1011.76, length=78.15, success_rate=1.00, collisions/ep=0.00
Solved-check at update 220: solved=True worst_gap=1.45 at p_x0=0.00 p_y0=-1.00 (consecutive=6)
update=221 global_step=452608 SPS=637 w_ev=0.075 m_ev=0.991 m_v_bias=-2.9 m_adv_std=16.9164 m_kl_max=0.0044 m_ratio_max=0.373 w_ax@goal=+0.89 w_v@goal=4.48 return=990.4 length=83 success_rate=1.00 collisions/ep=0.36 (n=25)
update=222 global_step=454656 SPS=638 w_ev=0.073 m_ev=0.983 m_v_bias=2.6 m_adv_std=22.0990 m_kl_max=0.0118 m_ratio_max=0.514 w_ax@goal=+0.96 w_v@goal=4.44 return=989.8 length=86 success_rate=1.00 collisions/ep=0.38 (n=24)
update=223 global_step=456704 SPS=639 w_ev=0.090 m_ev=0.966 m_v_bias=7.5 m_adv_std=33.4302 m_kl_max=0.0099 m_ratio_max=0.584 w_ax@goal=+0.79 w_v@goal=4.40 return=972.9 length=83 success_rate=1.00 collisions/ep=0.71 (n=24)
update=224 global_step=458752 SPS=640 w_ev=0.122 m_ev=0.972 m_v_bias=-5.1 m_adv_std=30.0255 m_kl_max=0.0060 m_ratio_max=0.355 w_ax@goal=+0.80 w_v@goal=4.29 return=969.2 length=81 success_rate=1.00 collisions/ep=0.80 (n=25)
update=225 global_step=460800 SPS=641 w_ev=0.146 m_ev=0.955 m_v_bias=9.0 m_adv_std=39.7976 m_kl_max=0.0128 m_ratio_max=0.953 w_ax@goal=+0.79 w_v@goal=4.33 return=964.8 length=82 success_rate=1.00 collisions/ep=0.88 (n=26)
Evaluation at update 225: return=1011.73, length=78.25, success_rate=1.00, collisions/ep=0.00
Solved-check at update 225: solved=True worst_gap=1.63 at p_x0=0.00 p_y0=-1.00 (consecutive=7)
update=226 global_step=462848 SPS=638 w_ev=0.157 m_ev=0.938 m_v_bias=-1.8 m_adv_std=45.2656 m_kl_max=0.0057 m_ratio_max=0.393 w_ax@goal=+0.77 w_v@goal=4.18 return=940.0 length=83 success_rate=1.00 collisions/ep=1.38 (n=24)
update=227 global_step=464896 SPS=639 w_ev=0.145 m_ev=0.968 m_v_bias=7.8 m_adv_std=31.9410 m_kl_max=0.0187 m_ratio_max=0.713 w_ax@goal=+0.72 w_v@goal=4.23 return=955.0 length=83 success_rate=1.00 collisions/ep=1.08 (n=25)
update=228 global_step=466944 SPS=640 w_ev=0.081 m_ev=0.966 m_v_bias=6.5 m_adv_std=35.3607 m_kl_max=0.0039 m_ratio_max=0.354 w_ax@goal=+0.80 w_v@goal=4.35 return=938.8 length=84 success_rate=1.00 collisions/ep=1.40 (n=25)
update=229 global_step=468992 SPS=641 w_ev=0.176 m_ev=0.979 m_v_bias=-13.9 m_adv_std=25.3517 m_kl_max=0.0093 m_ratio_max=0.655 w_ax@goal=+0.69 w_v@goal=4.34 return=975.8 length=81 success_rate=1.00 collisions/ep=0.64 (n=25)
update=230 global_step=471040 SPS=642 w_ev=0.227 m_ev=0.975 m_v_bias=-1.7 m_adv_std=28.2292 m_kl_max=0.0163 m_ratio_max=0.582 w_ax@goal=+0.96 w_v@goal=4.12 return=967.1 length=82 success_rate=1.00 collisions/ep=0.88 (n=25)
Evaluation at update 230: return=988.66, length=78.95, success_rate=1.00, collisions/ep=0.45
Solved-check at update 230: solved=False worst_gap=101.76 at p_x0=0.00 p_y0=0.50 (consecutive=8)
update=231 global_step=473088 SPS=638 w_ev=0.080 m_ev=0.969 m_v_bias=2.8 m_adv_std=31.7454 m_kl_max=0.0241 m_ratio_max=1.016 w_ax@goal=+0.73 w_v@goal=4.44 return=962.9 length=82 success_rate=1.00 collisions/ep=0.92 (n=24)
update=232 global_step=475136 SPS=639 w_ev=0.120 m_ev=0.968 m_v_bias=-2.1 m_adv_std=32.8704 m_kl_max=0.0258 m_ratio_max=0.863 w_ax@goal=+0.73 w_v@goal=4.28 return=958.7 length=84 success_rate=1.00 collisions/ep=1.00 (n=24)
update=233 global_step=477184 SPS=641 w_ev=0.112 m_ev=0.980 m_v_bias=-4.6 m_adv_std=25.0815 m_kl_max=0.0097 m_ratio_max=0.549 w_ax@goal=+0.89 w_v@goal=4.45 return=980.1 length=81 success_rate=1.00 collisions/ep=0.58 (n=26)
update=234 global_step=479232 SPS=642 w_ev=0.145 m_ev=0.977 m_v_bias=7.0 m_adv_std=27.0541 m_kl_max=0.0174 m_ratio_max=0.984 w_ax@goal=+0.79 w_v@goal=4.27 return=958.5 length=82 success_rate=1.00 collisions/ep=1.00 (n=25)
update=235 global_step=481280 SPS=643 w_ev=0.106 m_ev=0.979 m_v_bias=-1.6 m_adv_std=25.9058 m_kl_max=0.0152 m_ratio_max=0.813 w_ax@goal=+0.88 w_v@goal=4.34 return=968.7 length=82 success_rate=1.00 collisions/ep=0.80 (n=25)
Evaluation at update 235: return=998.27, length=79.20, success_rate=1.00, collisions/ep=0.25
Solved-check at update 235: solved=False worst_gap=52.41 at p_x0=0.50 p_y0=0.00 (consecutive=0)
update=236 global_step=483328 SPS=639 w_ev=0.109 m_ev=0.949 m_v_bias=10.7 m_adv_std=42.9153 m_kl_max=0.0187 m_ratio_max=1.051 w_ax@goal=+0.67 w_v@goal=4.17 return=961.2 length=84 success_rate=1.00 collisions/ep=0.92 (n=25)
update=237 global_step=485376 SPS=641 w_ev=0.156 m_ev=0.966 m_v_bias=-7.9 m_adv_std=33.3314 m_kl_max=0.0164 m_ratio_max=0.679 w_ax@goal=+0.80 w_v@goal=4.22 return=970.6 length=83 success_rate=1.00 collisions/ep=0.79 (n=24)
update=238 global_step=487424 SPS=642 w_ev=0.232 m_ev=0.976 m_v_bias=4.0 m_adv_std=27.8801 m_kl_max=0.0231 m_ratio_max=1.389 w_ax@goal=+0.80 w_v@goal=3.96 return=959.2 length=84 success_rate=1.00 collisions/ep=0.96 (n=24)
update=239 global_step=489472 SPS=643 w_ev=0.160 m_ev=0.981 m_v_bias=-0.0 m_adv_std=24.7822 m_kl_max=0.0236 m_ratio_max=1.609 w_ax@goal=+0.67 w_v@goal=4.10 return=971.3 length=85 success_rate=1.00 collisions/ep=0.71 (n=24)
update=240 global_step=491520 SPS=644 w_ev=0.162 m_ev=0.955 m_v_bias=4.3 m_adv_std=39.8360 m_kl_max=0.0060 m_ratio_max=0.378 w_ax@goal=+0.77 w_v@goal=4.17 return=947.1 length=82 success_rate=1.00 collisions/ep=1.24 (n=25)
Evaluation at update 240: return=991.70, length=78.30, success_rate=1.00, collisions/ep=0.40
Solved-check at update 240: solved=False worst_gap=51.61 at p_x0=1.50 p_y0=-0.50 (consecutive=0)
update=241 global_step=493568 SPS=640 w_ev=0.163 m_ev=0.971 m_v_bias=-5.2 m_adv_std=30.6831 m_kl_max=0.0196 m_ratio_max=0.886 w_ax@goal=+0.82 w_v@goal=4.16 return=972.4 length=82 success_rate=1.00 collisions/ep=0.77 (n=26)
update=242 global_step=495616 SPS=641 w_ev=0.248 m_ev=0.969 m_v_bias=-3.3 m_adv_std=32.8387 m_kl_max=0.0155 m_ratio_max=1.279 w_ax@goal=+0.74 w_v@goal=3.92 return=963.0 length=80 success_rate=1.00 collisions/ep=0.92 (n=25)
update=243 global_step=497664 SPS=642 w_ev=0.104 m_ev=0.953 m_v_bias=3.1 m_adv_std=39.4714 m_kl_max=0.0043 m_ratio_max=0.353 w_ax@goal=+0.82 w_v@goal=4.08 return=933.2 length=85 success_rate=1.00 collisions/ep=1.52 (n=23)
update=244 global_step=499712 SPS=644 w_ev=0.057 m_ev=0.968 m_v_bias=0.4 m_adv_std=33.0402 m_kl_max=0.0073 m_ratio_max=0.405 w_ax@goal=+0.84 w_v@goal=4.33 return=950.5 length=84 success_rate=1.00 collisions/ep=1.23 (n=26)
update=245 global_step=501760 SPS=645 w_ev=0.137 m_ev=0.964 m_v_bias=-4.6 m_adv_std=35.9448 m_kl_max=0.0139 m_ratio_max=0.632 w_ax@goal=+0.80 w_v@goal=4.08 return=954.7 length=84 success_rate=1.00 collisions/ep=1.12 (n=25)
Evaluation at update 245: return=1000.44, length=79.60, success_rate=1.00, collisions/ep=0.20
Solved-check at update 245: solved=False worst_gap=52.95 at p_x0=0.50 p_y0=0.00 (consecutive=0)
update=246 global_step=503808 SPS=641 w_ev=0.111 m_ev=0.929 m_v_bias=6.0 m_adv_std=49.2834 m_kl_max=0.0077 m_ratio_max=0.777 w_ax@goal=+0.70 w_v@goal=4.08 return=943.6 length=82 success_rate=1.00 collisions/ep=1.33 (n=24)
update=247 global_step=505856 SPS=642 w_ev=0.070 m_ev=0.983 m_v_bias=-6.6 m_adv_std=23.6467 m_kl_max=0.0091 m_ratio_max=0.456 w_ax@goal=+0.83 w_v@goal=4.32 return=977.2 length=86 success_rate=1.00 collisions/ep=0.58 (n=24)
update=248 global_step=507904 SPS=643 w_ev=0.029 m_ev=0.938 m_v_bias=9.7 m_adv_std=46.0100 m_kl_max=0.0070 m_ratio_max=0.619 w_ax@goal=+0.61 w_v@goal=4.17 return=933.8 length=84 success_rate=1.00 collisions/ep=1.52 (n=23)
update=249 global_step=509952 SPS=644 w_ev=0.036 m_ev=0.974 m_v_bias=-11.9 m_adv_std=29.4914 m_kl_max=0.0118 m_ratio_max=0.782 w_ax@goal=+0.77 w_v@goal=4.41 return=971.5 length=84 success_rate=1.00 collisions/ep=0.72 (n=25)
update=250 global_step=512000 SPS=645 w_ev=0.091 m_ev=0.977 m_v_bias=1.2 m_adv_std=26.7742 m_kl_max=0.0045 m_ratio_max=0.323 w_ax@goal=+0.58 w_v@goal=4.37 return=961.3 length=83 success_rate=1.00 collisions/ep=0.93 (n=27)
Evaluation at update 250: return=1011.19, length=78.80, success_rate=1.00, collisions/ep=0.00
Solved-check at update 250: solved=True worst_gap=3.31 at p_x0=2.00 p_y0=-1.00 (consecutive=0)
update=251 global_step=514048 SPS=642 w_ev=0.062 m_ev=0.970 m_v_bias=-3.9 m_adv_std=30.1301 m_kl_max=0.0061 m_ratio_max=0.331 w_ax@goal=+0.83 w_v@goal=4.20 return=968.6 length=82 success_rate=1.00 collisions/ep=0.77 (n=22)
update=252 global_step=516096 SPS=643 w_ev=0.065 m_ev=0.948 m_v_bias=8.0 m_adv_std=43.8535 m_kl_max=0.0297 m_ratio_max=0.849 w_ax@goal=+0.73 w_v@goal=4.19 return=959.0 length=85 success_rate=1.00 collisions/ep=0.96 (n=25)
update=253 global_step=518144 SPS=644 w_ev=0.169 m_ev=0.974 m_v_bias=-3.0 m_adv_std=29.2246 m_kl_max=0.0157 m_ratio_max=0.708 w_ax@goal=+0.66 w_v@goal=4.04 return=955.8 length=85 success_rate=1.00 collisions/ep=1.08 (n=24)
update=254 global_step=520192 SPS=645 w_ev=0.201 m_ev=0.969 m_v_bias=-4.1 m_adv_std=32.3019 m_kl_max=0.0188 m_ratio_max=0.855 w_ax@goal=+0.88 w_v@goal=4.00 return=965.9 length=85 success_rate=1.00 collisions/ep=0.84 (n=25)
update=255 global_step=522240 SPS=646 w_ev=0.131 m_ev=0.957 m_v_bias=9.2 m_adv_std=38.4069 m_kl_max=0.0170 m_ratio_max=0.856 w_ax@goal=+0.63 w_v@goal=3.96 return=945.0 length=85 success_rate=1.00 collisions/ep=1.30 (n=23)
Evaluation at update 255: return=1008.54, length=79.20, success_rate=1.00, collisions/ep=0.05
Solved-check at update 255: solved=False worst_gap=52.03 at p_x0=0.00 p_y0=0.00 (consecutive=1)
update=256 global_step=524288 SPS=642 w_ev=0.124 m_ev=0.947 m_v_bias=-7.7 m_adv_std=43.7437 m_kl_max=0.0175 m_ratio_max=0.842 w_ax@goal=+0.71 w_v@goal=4.33 return=961.3 length=86 success_rate=1.00 collisions/ep=0.92 (n=25)
update=257 global_step=526336 SPS=643 w_ev=0.071 m_ev=0.945 m_v_bias=3.8 m_adv_std=43.7396 m_kl_max=0.0216 m_ratio_max=0.699 w_ax@goal=+0.63 w_v@goal=4.31 return=951.2 length=84 success_rate=1.00 collisions/ep=1.17 (n=24)
update=258 global_step=528384 SPS=644 w_ev=0.132 m_ev=0.978 m_v_bias=-6.8 m_adv_std=27.1190 m_kl_max=0.0105 m_ratio_max=0.607 w_ax@goal=+0.76 w_v@goal=4.22 return=964.6 length=84 success_rate=1.00 collisions/ep=0.92 (n=24)
update=259 global_step=530432 SPS=645 w_ev=0.029 m_ev=0.927 m_v_bias=5.2 m_adv_std=50.2780 m_kl_max=0.0049 m_ratio_max=0.331 w_ax@goal=+0.69 w_v@goal=4.26 return=962.8 length=84 success_rate=1.00 collisions/ep=0.92 (n=25)
update=260 global_step=532480 SPS=646 w_ev=0.097 m_ev=0.956 m_v_bias=6.1 m_adv_std=38.7373 m_kl_max=0.0087 m_ratio_max=0.590 w_ax@goal=+0.64 w_v@goal=4.15 return=923.2 length=82 success_rate=1.00 collisions/ep=1.75 (n=24)
Evaluation at update 260: return=1011.75, length=78.20, success_rate=1.00, collisions/ep=0.00
Solved-check at update 260: solved=True worst_gap=1.74 at p_x0=0.00 p_y0=-1.00 (consecutive=0)
update=261 global_step=534528 SPS=643 w_ev=0.187 m_ev=0.978 m_v_bias=-13.5 m_adv_std=26.8880 m_kl_max=0.0253 m_ratio_max=1.286 w_ax@goal=+0.91 w_v@goal=4.24 return=973.2 length=81 success_rate=1.00 collisions/ep=0.73 (n=26)
update=262 global_step=536576 SPS=644 w_ev=0.103 m_ev=0.974 m_v_bias=-4.3 m_adv_std=28.2691 m_kl_max=0.0126 m_ratio_max=0.531 w_ax@goal=+0.78 w_v@goal=4.12 return=969.4 length=82 success_rate=1.00 collisions/ep=0.84 (n=25)
update=263 global_step=538624 SPS=645 w_ev=0.088 m_ev=0.967 m_v_bias=2.7 m_adv_std=33.1511 m_kl_max=0.0329 m_ratio_max=1.440 w_ax@goal=+0.92 w_v@goal=4.21 return=978.7 length=82 success_rate=1.00 collisions/ep=0.60 (n=25)
update=264 global_step=540672 SPS=646 w_ev=0.119 m_ev=0.934 m_v_bias=10.2 m_adv_std=46.2523 m_kl_max=0.0228 m_ratio_max=0.602 w_ax@goal=+0.60 w_v@goal=4.07 return=945.0 length=81 success_rate=1.00 collisions/ep=1.29 (n=24)
update=265 global_step=542720 SPS=647 w_ev=0.110 m_ev=0.980 m_v_bias=-3.4 m_adv_std=25.5766 m_kl_max=0.0089 m_ratio_max=0.591 w_ax@goal=+0.85 w_v@goal=4.16 return=983.1 length=84 success_rate=1.00 collisions/ep=0.52 (n=25)
Evaluation at update 265: return=1011.65, length=78.25, success_rate=1.00, collisions/ep=0.00
Solved-check at update 265: solved=True worst_gap=1.99 at p_x0=0.00 p_y0=-1.00 (consecutive=1)
update=266 global_step=544768 SPS=644 w_ev=0.121 m_ev=0.966 m_v_bias=-1.5 m_adv_std=33.8710 m_kl_max=0.0172 m_ratio_max=0.668 w_ax@goal=+0.89 w_v@goal=4.23 return=961.2 length=83 success_rate=1.00 collisions/ep=0.96 (n=25)
update=267 global_step=546816 SPS=645 w_ev=0.116 m_ev=0.952 m_v_bias=9.1 m_adv_std=40.3063 m_kl_max=0.0111 m_ratio_max=0.669 w_ax@goal=+0.67 w_v@goal=4.19 return=958.6 length=81 success_rate=1.00 collisions/ep=1.08 (n=25)
update=268 global_step=548864 SPS=645 w_ev=0.084 m_ev=0.963 m_v_bias=1.3 m_adv_std=35.0178 m_kl_max=0.0161 m_ratio_max=0.569 w_ax@goal=+0.63 w_v@goal=4.16 return=949.7 length=84 success_rate=1.00 collisions/ep=1.25 (n=24)
update=269 global_step=550912 SPS=646 w_ev=0.105 m_ev=0.949 m_v_bias=2.0 m_adv_std=41.0475 m_kl_max=0.0208 m_ratio_max=0.777 w_ax@goal=+0.50 w_v@goal=4.11 return=969.5 length=86 success_rate=1.00 collisions/ep=0.79 (n=24)
update=270 global_step=552960 SPS=647 w_ev=0.132 m_ev=0.974 m_v_bias=-0.5 m_adv_std=29.5108 m_kl_max=0.0214 m_ratio_max=0.826 w_ax@goal=+0.56 w_v@goal=4.12 return=976.8 length=86 success_rate=1.00 collisions/ep=0.62 (n=24)
Evaluation at update 270: return=1010.81, length=79.15, success_rate=1.00, collisions/ep=0.00
Solved-check at update 270: solved=True worst_gap=3.01 at p_x0=0.50 p_y0=-1.00 (consecutive=2)
update=271 global_step=555008 SPS=644 w_ev=0.078 m_ev=0.950 m_v_bias=8.4 m_adv_std=42.7529 m_kl_max=0.0240 m_ratio_max=1.947 w_ax@goal=+0.73 w_v@goal=4.29 return=936.9 length=85 success_rate=1.00 collisions/ep=1.44 (n=25)
update=272 global_step=557056 SPS=645 w_ev=0.105 m_ev=0.961 m_v_bias=5.7 m_adv_std=37.3778 m_kl_max=0.0099 m_ratio_max=0.620 w_ax@goal=+0.64 w_v@goal=4.15 return=947.9 length=85 success_rate=1.00 collisions/ep=1.33 (n=24)
update=273 global_step=559104 SPS=646 w_ev=0.051 m_ev=0.955 m_v_bias=-9.7 m_adv_std=40.0104 m_kl_max=0.0246 m_ratio_max=0.718 w_ax@goal=+0.73 w_v@goal=4.32 return=948.3 length=84 success_rate=1.00 collisions/ep=1.21 (n=24)
update=274 global_step=561152 SPS=647 w_ev=-0.025 m_ev=0.977 m_v_bias=-0.2 m_adv_std=27.2434 m_kl_max=0.0061 m_ratio_max=0.383 w_ax@goal=+0.73 w_v@goal=4.39 return=983.8 length=85 success_rate=1.00 collisions/ep=0.50 (n=22)
update=275 global_step=563200 SPS=648 w_ev=0.113 m_ev=0.954 m_v_bias=2.1 m_adv_std=39.1790 m_kl_max=0.0114 m_ratio_max=0.618 w_ax@goal=+0.65 w_v@goal=4.23 return=965.0 length=84 success_rate=1.00 collisions/ep=0.84 (n=25)
Evaluation at update 275: return=1011.14, length=78.80, success_rate=1.00, collisions/ep=0.00
Solved-check at update 275: solved=True worst_gap=2.96 at p_x0=2.00 p_y0=-1.00 (consecutive=3)
update=276 global_step=565248 SPS=645 w_ev=0.122 m_ev=0.974 m_v_bias=-2.9 m_adv_std=29.5279 m_kl_max=0.0097 m_ratio_max=0.559 w_ax@goal=+0.55 w_v@goal=4.17 return=967.7 length=85 success_rate=1.00 collisions/ep=0.79 (n=24)
update=277 global_step=567296 SPS=646 w_ev=0.064 m_ev=0.901 m_v_bias=23.0 m_adv_std=62.4656 m_kl_max=0.0109 m_ratio_max=0.749 w_ax@goal=+0.47 w_v@goal=4.35 return=941.3 length=85 success_rate=1.00 collisions/ep=1.29 (n=24)
update=278 global_step=569344 SPS=647 w_ev=0.099 m_ev=0.945 m_v_bias=-4.2 m_adv_std=45.0917 m_kl_max=0.0070 m_ratio_max=0.371 w_ax@goal=+0.60 w_v@goal=4.37 return=931.1 length=86 success_rate=1.00 collisions/ep=1.50 (n=24)
update=279 global_step=571392 SPS=647 w_ev=0.061 m_ev=0.986 m_v_bias=-12.7 m_adv_std=21.9243 m_kl_max=0.0083 m_ratio_max=0.365 w_ax@goal=+0.63 w_v@goal=4.41 return=963.9 length=85 success_rate=1.00 collisions/ep=0.84 (n=25)
update=280 global_step=573440 SPS=647 w_ev=0.111 m_ev=0.944 m_v_bias=10.9 m_adv_std=45.7427 m_kl_max=0.0335 m_ratio_max=1.619 w_ax@goal=+0.36 w_v@goal=4.17 return=945.8 length=85 success_rate=1.00 collisions/ep=1.24 (n=25)
Evaluation at update 280: return=1010.37, length=79.60, success_rate=1.00, collisions/ep=0.00
Solved-check at update 280: solved=True worst_gap=3.28 at p_x0=0.50 p_y0=-1.00 (consecutive=4)
update=281 global_step=575488 SPS=644 w_ev=0.067 m_ev=0.958 m_v_bias=-8.5 m_adv_std=38.0610 m_kl_max=0.0157 m_ratio_max=0.965 w_ax@goal=+0.77 w_v@goal=4.26 return=934.2 length=81 success_rate=1.00 collisions/ep=1.46 (n=24)
update=282 global_step=577536 SPS=645 w_ev=0.073 m_ev=0.973 m_v_bias=-3.4 m_adv_std=29.4086 m_kl_max=0.0124 m_ratio_max=0.588 w_ax@goal=+0.62 w_v@goal=4.23 return=971.4 length=86 success_rate=1.00 collisions/ep=0.71 (n=24)
update=283 global_step=579584 SPS=646 w_ev=0.069 m_ev=0.972 m_v_bias=10.7 m_adv_std=31.7297 m_kl_max=0.0173 m_ratio_max=0.564 w_ax@goal=+0.77 w_v@goal=4.32 return=954.8 length=85 success_rate=1.00 collisions/ep=1.04 (n=24)
update=284 global_step=581632 SPS=647 w_ev=0.091 m_ev=0.943 m_v_bias=0.3 m_adv_std=44.2421 m_kl_max=0.0133 m_ratio_max=1.318 w_ax@goal=+0.83 w_v@goal=4.31 return=926.4 length=86 success_rate=1.00 collisions/ep=1.62 (n=24)
update=285 global_step=583680 SPS=648 w_ev=0.084 m_ev=0.956 m_v_bias=-4.8 m_adv_std=38.4685 m_kl_max=0.0144 m_ratio_max=0.713 w_ax@goal=+0.99 w_v@goal=4.30 return=954.2 length=85 success_rate=1.00 collisions/ep=1.08 (n=24)
Evaluation at update 285: return=1007.47, length=80.10, success_rate=1.00, collisions/ep=0.05
Solved-check at update 285: solved=False worst_gap=53.66 at p_x0=1.00 p_y0=0.00 (consecutive=5)
update=286 global_step=585728 SPS=644 w_ev=0.100 m_ev=0.964 m_v_bias=2.5 m_adv_std=36.2468 m_kl_max=0.0060 m_ratio_max=0.416 w_ax@goal=+0.71 w_v@goal=4.01 return=953.7 length=84 success_rate=1.00 collisions/ep=1.08 (n=25)
update=287 global_step=587776 SPS=645 w_ev=0.132 m_ev=0.955 m_v_bias=-1.3 m_adv_std=39.0586 m_kl_max=0.0113 m_ratio_max=0.496 w_ax@goal=+1.03 w_v@goal=4.15 return=936.9 length=84 success_rate=1.00 collisions/ep=1.39 (n=23)
update=288 global_step=589824 SPS=646 w_ev=0.087 m_ev=0.966 m_v_bias=4.8 m_adv_std=34.1904 m_kl_max=0.0040 m_ratio_max=0.328 w_ax@goal=+0.88 w_v@goal=4.34 return=951.6 length=85 success_rate=1.00 collisions/ep=1.12 (n=25)
update=289 global_step=591872 SPS=647 w_ev=0.122 m_ev=0.963 m_v_bias=2.4 m_adv_std=36.4780 m_kl_max=0.0093 m_ratio_max=0.621 w_ax@goal=+0.82 w_v@goal=4.28 return=937.3 length=87 success_rate=1.00 collisions/ep=1.38 (n=24)
update=290 global_step=593920 SPS=648 w_ev=0.058 m_ev=0.981 m_v_bias=-7.4 m_adv_std=24.5412 m_kl_max=0.0136 m_ratio_max=0.815 w_ax@goal=+0.77 w_v@goal=4.52 return=953.8 length=87 success_rate=1.00 collisions/ep=1.04 (n=23)
Evaluation at update 290: return=1009.51, length=80.35, success_rate=1.00, collisions/ep=0.00
Solved-check at update 290: solved=False worst_gap=52.91 at p_x0=0.00 p_y0=1.00 (consecutive=0)
update=291 global_step=595968 SPS=645 w_ev=0.120 m_ev=0.948 m_v_bias=9.3 m_adv_std=43.7562 m_kl_max=0.0063 m_ratio_max=0.366 w_ax@goal=+0.40 w_v@goal=4.27 return=943.9 length=87 success_rate=1.00 collisions/ep=1.25 (n=24)
update=292 global_step=598016 SPS=646 w_ev=0.038 m_ev=0.937 m_v_bias=-2.9 m_adv_std=48.3557 m_kl_max=0.0119 m_ratio_max=0.526 w_ax@goal=+0.83 w_v@goal=4.60 return=944.0 length=85 success_rate=1.00 collisions/ep=1.25 (n=24)
update=293 global_step=600064 SPS=647 w_ev=0.098 m_ev=0.982 m_v_bias=-9.9 m_adv_std=24.3312 m_kl_max=0.0146 m_ratio_max=0.641 w_ax@goal=+0.95 w_v@goal=4.44 return=979.2 length=86 success_rate=1.00 collisions/ep=0.54 (n=24)
update=294 global_step=602112 SPS=648 w_ev=0.135 m_ev=0.964 m_v_bias=7.3 m_adv_std=35.2159 m_kl_max=0.0097 m_ratio_max=0.846 w_ax@goal=+0.65 w_v@goal=4.12 return=946.1 length=84 success_rate=1.00 collisions/ep=1.21 (n=24)
update=295 global_step=604160 SPS=649 w_ev=0.158 m_ev=0.917 m_v_bias=2.4 m_adv_std=54.9077 m_kl_max=0.0096 m_ratio_max=0.576 w_ax@goal=+0.80 w_v@goal=4.14 return=939.1 length=82 success_rate=1.00 collisions/ep=1.46 (n=26)
Evaluation at update 295: return=1000.66, length=79.35, success_rate=1.00, collisions/ep=0.20
Solved-check at update 295: solved=False worst_gap=53.00 at p_x0=0.00 p_y0=0.50 (consecutive=0)
update=296 global_step=606208 SPS=646 w_ev=0.173 m_ev=0.973 m_v_bias=-6.7 m_adv_std=31.2396 m_kl_max=0.0193 m_ratio_max=1.127 w_ax@goal=+0.84 w_v@goal=4.05 return=968.3 length=84 success_rate=1.00 collisions/ep=0.83 (n=24)
update=297 global_step=608256 SPS=647 w_ev=0.107 m_ev=0.980 m_v_bias=-7.7 m_adv_std=25.3141 m_kl_max=0.0090 m_ratio_max=0.523 w_ax@goal=+0.64 w_v@goal=4.13 return=970.1 length=82 success_rate=1.00 collisions/ep=0.76 (n=25)
update=298 global_step=610304 SPS=648 w_ev=0.156 m_ev=0.948 m_v_bias=8.8 m_adv_std=42.0731 m_kl_max=0.0191 m_ratio_max=0.969 w_ax@goal=+0.65 w_v@goal=4.03 return=946.0 length=81 success_rate=1.00 collisions/ep=1.24 (n=25)
update=299 global_step=612352 SPS=648 w_ev=0.113 m_ev=0.911 m_v_bias=8.7 m_adv_std=57.2256 m_kl_max=0.0140 m_ratio_max=1.380 w_ax@goal=+0.82 w_v@goal=4.12 return=930.2 length=83 success_rate=1.00 collisions/ep=1.60 (n=25)
update=300 global_step=614400 SPS=649 w_ev=-0.035 m_ev=0.977 m_v_bias=-5.8 m_adv_std=27.7008 m_kl_max=0.0090 m_ratio_max=0.547 w_ax@goal=+0.71 w_v@goal=4.31 return=954.6 length=84 success_rate=1.00 collisions/ep=1.12 (n=24)
Evaluation at update 300: return=1011.60, length=78.40, success_rate=1.00, collisions/ep=0.00
Solved-check at update 300: solved=False worst_gap=51.70 at p_x0=0.00 p_y0=0.50 (consecutive=0)
update=301 global_step=616448 SPS=646 w_ev=0.055 m_ev=0.945 m_v_bias=-6.2 m_adv_std=42.9391 m_kl_max=0.0187 m_ratio_max=0.569 w_ax@goal=+0.79 w_v@goal=4.25 return=964.9 length=82 success_rate=1.00 collisions/ep=0.88 (n=24)
update=302 global_step=618496 SPS=647 w_ev=0.094 m_ev=0.978 m_v_bias=-2.6 m_adv_std=26.2291 m_kl_max=0.0074 m_ratio_max=0.906 w_ax@goal=+0.79 w_v@goal=4.27 return=970.8 length=83 success_rate=1.00 collisions/ep=0.75 (n=24)
update=303 global_step=620544 SPS=648 w_ev=0.057 m_ev=0.881 m_v_bias=17.0 m_adv_std=69.2004 m_kl_max=0.0167 m_ratio_max=1.319 w_ax@goal=+0.57 w_v@goal=4.27 return=939.6 length=85 success_rate=1.00 collisions/ep=1.35 (n=26)
update=304 global_step=622592 SPS=649 w_ev=-0.028 m_ev=0.976 m_v_bias=-7.6 m_adv_std=29.0100 m_kl_max=0.0124 m_ratio_max=0.517 w_ax@goal=+0.59 w_v@goal=4.48 return=970.3 length=85 success_rate=1.00 collisions/ep=0.74 (n=23)
update=305 global_step=624640 SPS=650 w_ev=0.051 m_ev=0.985 m_v_bias=-12.5 m_adv_std=21.2713 m_kl_max=0.0095 m_ratio_max=0.646 w_ax@goal=+0.58 w_v@goal=4.34 return=978.3 length=84 success_rate=1.00 collisions/ep=0.58 (n=24)
Evaluation at update 305: return=1005.65, length=79.45, success_rate=1.00, collisions/ep=0.10
Solved-check at update 305: solved=False worst_gap=52.98 at p_x0=0.00 p_y0=1.00 (consecutive=0)
update=306 global_step=626688 SPS=647 w_ev=0.101 m_ev=0.890 m_v_bias=12.3 m_adv_std=62.7937 m_kl_max=0.0036 m_ratio_max=0.383 w_ax@goal=+0.61 w_v@goal=4.39 return=980.7 length=85 success_rate=1.00 collisions/ep=0.54 (n=26)
update=307 global_step=628736 SPS=648 w_ev=0.096 m_ev=0.945 m_v_bias=-4.7 m_adv_std=43.1120 m_kl_max=0.0123 m_ratio_max=0.592 w_ax@goal=+0.64 w_v@goal=4.16 return=949.8 length=83 success_rate=1.00 collisions/ep=1.16 (n=25)
update=308 global_step=630784 SPS=649 w_ev=0.082 m_ev=0.985 m_v_bias=-3.1 m_adv_std=21.1679 m_kl_max=0.0139 m_ratio_max=0.741 w_ax@goal=+0.69 w_v@goal=4.27 return=979.2 length=84 success_rate=1.00 collisions/ep=0.56 (n=25)
update=309 global_step=632832 SPS=650 w_ev=0.115 m_ev=0.974 m_v_bias=0.2 m_adv_std=28.8742 m_kl_max=0.0062 m_ratio_max=0.595 w_ax@goal=+0.60 w_v@goal=4.00 return=971.0 length=82 success_rate=1.00 collisions/ep=0.79 (n=24)
update=310 global_step=634880 SPS=651 w_ev=0.101 m_ev=0.968 m_v_bias=2.0 m_adv_std=31.7339 m_kl_max=0.0390 m_ratio_max=2.690 w_ax@goal=+0.67 w_v@goal=4.29 return=966.8 length=83 success_rate=1.00 collisions/ep=0.83 (n=24)
Evaluation at update 310: return=1008.86, length=78.70, success_rate=1.00, collisions/ep=0.05
Solved-check at update 310: solved=False worst_gap=52.26 at p_x0=0.00 p_y0=1.00 (consecutive=0)
update=311 global_step=636928 SPS=648 w_ev=0.039 m_ev=0.988 m_v_bias=-8.5 m_adv_std=19.6338 m_kl_max=0.0106 m_ratio_max=0.756 w_ax@goal=+0.77 w_v@goal=4.29 return=984.9 length=84 success_rate=1.00 collisions/ep=0.48 (n=25)
update=312 global_step=638976 SPS=649 w_ev=0.161 m_ev=0.957 m_v_bias=8.9 m_adv_std=37.0387 m_kl_max=0.0264 m_ratio_max=1.840 w_ax@goal=+0.62 w_v@goal=4.08 return=968.9 length=83 success_rate=1.00 collisions/ep=0.79 (n=24)
update=313 global_step=641024 SPS=650 w_ev=0.154 m_ev=0.939 m_v_bias=-1.9 m_adv_std=44.2957 m_kl_max=0.0194 m_ratio_max=0.557 w_ax@goal=+0.65 w_v@goal=4.15 return=954.1 length=82 success_rate=1.00 collisions/ep=1.08 (n=24)
update=314 global_step=643072 SPS=651 w_ev=0.089 m_ev=0.986 m_v_bias=-3.3 m_adv_std=20.7702 m_kl_max=0.0158 m_ratio_max=0.625 w_ax@goal=+0.64 w_v@goal=4.36 return=983.6 length=84 success_rate=1.00 collisions/ep=0.50 (n=24)
update=315 global_step=645120 SPS=651 w_ev=0.125 m_ev=0.969 m_v_bias=7.6 m_adv_std=32.6107 m_kl_max=0.0063 m_ratio_max=0.411 w_ax@goal=+0.60 w_v@goal=4.21 return=962.4 length=86 success_rate=1.00 collisions/ep=0.96 (n=24)
Evaluation at update 315: return=1010.81, length=79.15, success_rate=1.00, collisions/ep=0.00
Solved-check at update 315: solved=False worst_gap=52.19 at p_x0=0.00 p_y0=1.00 (consecutive=0)
update=316 global_step=647168 SPS=649 w_ev=0.096 m_ev=0.970 m_v_bias=-2.2 m_adv_std=30.8882 m_kl_max=0.0135 m_ratio_max=0.727 w_ax@goal=+0.49 w_v@goal=4.24 return=967.1 length=86 success_rate=1.00 collisions/ep=0.83 (n=24)
update=317 global_step=649216 SPS=649 w_ev=0.113 m_ev=0.974 m_v_bias=1.7 m_adv_std=29.1576 m_kl_max=0.0103 m_ratio_max=0.733 w_ax@goal=+0.66 w_v@goal=4.34 return=971.1 length=84 success_rate=1.00 collisions/ep=0.73 (n=26)
update=318 global_step=651264 SPS=650 w_ev=0.016 m_ev=0.977 m_v_bias=-0.1 m_adv_std=28.1202 m_kl_max=0.0096 m_ratio_max=0.565 w_ax@goal=+0.54 w_v@goal=4.34 return=966.7 length=84 success_rate=1.00 collisions/ep=0.83 (n=24)
update=319 global_step=653312 SPS=651 w_ev=0.099 m_ev=0.945 m_v_bias=10.6 m_adv_std=45.1322 m_kl_max=0.0101 m_ratio_max=0.689 w_ax@goal=+0.43 w_v@goal=4.29 return=964.5 length=84 success_rate=1.00 collisions/ep=0.84 (n=25)
update=320 global_step=655360 SPS=652 w_ev=0.085 m_ev=0.956 m_v_bias=-5.5 m_adv_std=38.0831 m_kl_max=0.0134 m_ratio_max=0.526 w_ax@goal=+0.48 w_v@goal=4.22 return=957.1 length=84 success_rate=1.00 collisions/ep=1.00 (n=23)
Evaluation at update 320: return=1009.62, length=80.40, success_rate=1.00, collisions/ep=0.00
Solved-check at update 320: solved=True worst_gap=3.64 at p_x0=2.00 p_y0=-0.50 (consecutive=0)
update=321 global_step=657408 SPS=649 w_ev=0.081 m_ev=0.989 m_v_bias=-7.1 m_adv_std=18.8504 m_kl_max=0.0052 m_ratio_max=0.378 w_ax@goal=+0.60 w_v@goal=4.19 return=982.9 length=84 success_rate=1.00 collisions/ep=0.46 (n=26)
update=322 global_step=659456 SPS=650 w_ev=0.118 m_ev=0.978 m_v_bias=-1.2 m_adv_std=25.9139 m_kl_max=0.0194 m_ratio_max=1.102 w_ax@goal=+0.52 w_v@goal=4.03 return=989.6 length=84 success_rate=1.00 collisions/ep=0.35 (n=23)
update=323 global_step=661504 SPS=651 w_ev=0.089 m_ev=0.981 m_v_bias=1.7 m_adv_std=24.7365 m_kl_max=0.0254 m_ratio_max=1.245 w_ax@goal=+0.50 w_v@goal=4.13 return=980.7 length=86 success_rate=1.00 collisions/ep=0.50 (n=24)
update=324 global_step=663552 SPS=651 w_ev=0.150 m_ev=0.979 m_v_bias=-1.6 m_adv_std=26.0658 m_kl_max=0.0184 m_ratio_max=0.737 w_ax@goal=+0.55 w_v@goal=4.05 return=987.2 length=85 success_rate=1.00 collisions/ep=0.40 (n=25)
update=325 global_step=665600 SPS=652 w_ev=0.086 m_ev=0.977 m_v_bias=5.5 m_adv_std=26.6709 m_kl_max=0.0151 m_ratio_max=0.635 w_ax@goal=+0.51 w_v@goal=4.17 return=971.1 length=85 success_rate=1.00 collisions/ep=0.70 (n=23)
Evaluation at update 325: return=1010.26, length=79.70, success_rate=1.00, collisions/ep=0.00
Solved-check at update 325: solved=True worst_gap=3.00 at p_x0=2.00 p_y0=-0.50 (consecutive=1)
update=326 global_step=667648 SPS=650 w_ev=0.088 m_ev=0.982 m_v_bias=2.4 m_adv_std=24.4714 m_kl_max=0.0119 m_ratio_max=0.593 w_ax@goal=+0.45 w_v@goal=4.38 return=980.8 length=85 success_rate=1.00 collisions/ep=0.50 (n=24)
update=327 global_step=669696 SPS=651 w_ev=0.085 m_ev=0.970 m_v_bias=-1.1 m_adv_std=32.1187 m_kl_max=0.0043 m_ratio_max=0.445 w_ax@goal=+0.56 w_v@goal=4.23 return=973.6 length=86 success_rate=1.00 collisions/ep=0.67 (n=24)
update=328 global_step=671744 SPS=651 w_ev=0.079 m_ev=0.969 m_v_bias=-2.1 m_adv_std=31.8618 m_kl_max=0.0080 m_ratio_max=0.711 w_ax@goal=+0.64 w_v@goal=4.27 return=976.9 length=87 success_rate=1.00 collisions/ep=0.58 (n=24)
update=329 global_step=673792 SPS=652 w_ev=0.117 m_ev=0.987 m_v_bias=-2.0 m_adv_std=20.3426 m_kl_max=0.0106 m_ratio_max=0.631 w_ax@goal=+0.49 w_v@goal=4.21 return=990.2 length=86 success_rate=1.00 collisions/ep=0.29 (n=24)
update=330 global_step=675840 SPS=653 w_ev=0.121 m_ev=0.981 m_v_bias=2.6 m_adv_std=23.6902 m_kl_max=0.0135 m_ratio_max=0.670 w_ax@goal=+0.42 w_v@goal=4.10 return=985.5 length=86 success_rate=1.00 collisions/ep=0.39 (n=23)
Evaluation at update 330: return=1008.80, length=81.25, success_rate=1.00, collisions/ep=0.00
Solved-check at update 330: solved=True worst_gap=4.56 at p_x0=0.50 p_y0=1.00 (consecutive=2)
update=331 global_step=677888 SPS=650 w_ev=0.084 m_ev=0.977 m_v_bias=10.4 m_adv_std=27.6034 m_kl_max=0.0152 m_ratio_max=0.855 w_ax@goal=+0.36 w_v@goal=4.22 return=972.7 length=89 success_rate=1.00 collisions/ep=0.61 (n=23)
update=332 global_step=679936 SPS=651 w_ev=0.065 m_ev=0.937 m_v_bias=1.4 m_adv_std=47.8947 m_kl_max=0.0422 m_ratio_max=0.872 w_ax@goal=+0.38 w_v@goal=4.36 return=958.3 length=87 success_rate=1.00 collisions/ep=0.91 (n=23)
update=333 global_step=681984 SPS=652 w_ev=0.089 m_ev=0.978 m_v_bias=-8.2 m_adv_std=27.7667 m_kl_max=0.0086 m_ratio_max=0.393 w_ax@goal=+0.44 w_v@goal=4.38 return=985.0 length=87 success_rate=1.00 collisions/ep=0.42 (n=24)
update=334 global_step=684032 SPS=653 w_ev=0.085 m_ev=0.951 m_v_bias=7.2 m_adv_std=42.7629 m_kl_max=0.0222 m_ratio_max=0.825 w_ax@goal=+0.35 w_v@goal=4.30 return=953.3 length=90 success_rate=1.00 collisions/ep=1.04 (n=23)
update=335 global_step=686080 SPS=653 w_ev=0.108 m_ev=0.983 m_v_bias=-10.9 m_adv_std=24.0767 m_kl_max=0.0070 m_ratio_max=0.417 w_ax@goal=+0.48 w_v@goal=4.34 return=984.9 length=88 success_rate=1.00 collisions/ep=0.39 (n=23)
Evaluation at update 335: return=1008.12, length=81.90, success_rate=1.00, collisions/ep=0.00
Solved-check at update 335: solved=False worst_gap=5.52 at p_x0=0.50 p_y0=1.00 (consecutive=3)
update=336 global_step=688128 SPS=651 w_ev=0.128 m_ev=0.978 m_v_bias=3.7 m_adv_std=27.6914 m_kl_max=0.0157 m_ratio_max=0.722 w_ax@goal=+0.63 w_v@goal=4.16 return=971.9 length=87 success_rate=1.00 collisions/ep=0.62 (n=24)
update=337 global_step=690176 SPS=651 w_ev=0.107 m_ev=0.979 m_v_bias=12.3 m_adv_std=27.7945 m_kl_max=0.0043 m_ratio_max=0.399 w_ax@goal=+0.37 w_v@goal=4.13 return=967.2 length=88 success_rate=1.00 collisions/ep=0.68 (n=25)
update=338 global_step=692224 SPS=652 w_ev=0.122 m_ev=0.985 m_v_bias=-9.0 m_adv_std=22.5032 m_kl_max=0.0099 m_ratio_max=0.538 w_ax@goal=+0.35 w_v@goal=4.08 return=979.1 length=90 success_rate=1.00 collisions/ep=0.45 (n=22)
update=339 global_step=694272 SPS=653 w_ev=0.132 m_ev=0.937 m_v_bias=2.8 m_adv_std=47.5740 m_kl_max=0.0136 m_ratio_max=1.203 w_ax@goal=+0.27 w_v@goal=3.95 return=968.7 length=89 success_rate=1.00 collisions/ep=0.67 (n=21)
update=340 global_step=696320 SPS=654 w_ev=0.055 m_ev=0.975 m_v_bias=1.0 m_adv_std=29.3398 m_kl_max=0.0091 m_ratio_max=0.527 w_ax@goal=+0.25 w_v@goal=4.28 return=964.6 length=90 success_rate=1.00 collisions/ep=0.75 (n=24)
Evaluation at update 340: return=1008.30, length=81.70, success_rate=1.00, collisions/ep=0.00
Solved-check at update 340: solved=False worst_gap=5.61 at p_x0=0.00 p_y0=1.00 (consecutive=0)
update=341 global_step=698368 SPS=651 w_ev=0.088 m_ev=0.988 m_v_bias=-2.6 m_adv_std=20.0642 m_kl_max=0.0134 m_ratio_max=0.747 w_ax@goal=+0.36 w_v@goal=4.22 return=986.9 length=89 success_rate=1.00 collisions/ep=0.30 (n=23)
update=342 global_step=700416 SPS=652 w_ev=0.126 m_ev=0.968 m_v_bias=-0.1 m_adv_std=33.0314 m_kl_max=0.0111 m_ratio_max=0.697 w_ax@goal=+0.31 w_v@goal=4.16 return=981.5 length=89 success_rate=1.00 collisions/ep=0.48 (n=23)
update=343 global_step=702464 SPS=652 w_ev=0.138 m_ev=0.986 m_v_bias=-5.6 m_adv_std=22.1228 m_kl_max=0.0193 m_ratio_max=1.190 w_ax@goal=+0.45 w_v@goal=4.16 return=974.5 length=89 success_rate=1.00 collisions/ep=0.58 (n=24)
update=344 global_step=704512 SPS=653 w_ev=0.092 m_ev=0.979 m_v_bias=0.3 m_adv_std=28.0574 m_kl_max=0.0130 m_ratio_max=0.826 w_ax@goal=+0.35 w_v@goal=4.08 return=970.6 length=89 success_rate=1.00 collisions/ep=0.67 (n=24)
update=345 global_step=706560 SPS=654 w_ev=0.158 m_ev=0.964 m_v_bias=6.7 m_adv_std=34.3621 m_kl_max=0.0774 m_ratio_max=5.648 w_ax@goal=+0.43 w_v@goal=4.02 return=972.5 length=89 success_rate=1.00 collisions/ep=0.61 (n=23)
Evaluation at update 345: return=1006.51, length=83.50, success_rate=1.00, collisions/ep=0.00
Solved-check at update 345: solved=False worst_gap=7.74 at p_x0=0.00 p_y0=1.00 (consecutive=0)
update=346 global_step=708608 SPS=651 w_ev=0.114 m_ev=0.968 m_v_bias=2.2 m_adv_std=32.9900 m_kl_max=0.0542 m_ratio_max=0.781 w_ax@goal=+0.51 w_v@goal=4.11 return=948.6 length=87 success_rate=1.00 collisions/ep=1.09 (n=23)
update=347 global_step=710656 SPS=652 w_ev=0.168 m_ev=0.964 m_v_bias=1.6 m_adv_std=35.7040 m_kl_max=0.0189 m_ratio_max=0.643 w_ax@goal=+0.27 w_v@goal=3.93 return=956.8 length=90 success_rate=1.00 collisions/ep=0.91 (n=22)
update=348 global_step=712704 SPS=653 w_ev=0.040 m_ev=0.950 m_v_bias=-2.5 m_adv_std=42.7900 m_kl_max=0.0135 m_ratio_max=0.900 w_ax@goal=+0.29 w_v@goal=4.09 return=973.9 length=91 success_rate=1.00 collisions/ep=0.57 (n=21)
update=349 global_step=714752 SPS=654 w_ev=0.076 m_ev=0.985 m_v_bias=-2.8 m_adv_std=22.3556 m_kl_max=0.0027 m_ratio_max=0.295 w_ax@goal=+0.27 w_v@goal=4.23 return=974.1 length=91 success_rate=1.00 collisions/ep=0.52 (n=23)
update=350 global_step=716800 SPS=654 w_ev=0.067 m_ev=0.971 m_v_bias=7.9 m_adv_std=32.9815 m_kl_max=0.0073 m_ratio_max=0.445 w_ax@goal=+0.37 w_v@goal=4.18 return=941.6 length=89 success_rate=1.00 collisions/ep=1.21 (n=24)
Evaluation at update 350: return=1002.54, length=87.35, success_rate=1.00, collisions/ep=0.00
Solved-check at update 350: solved=False worst_gap=11.61 at p_x0=0.00 p_y0=1.00 (consecutive=0)
update=351 global_step=718848 SPS=651 w_ev=0.050 m_ev=0.975 m_v_bias=4.0 m_adv_std=30.3760 m_kl_max=0.0145 m_ratio_max=0.542 w_ax@goal=+0.22 w_v@goal=4.20 return=971.9 length=93 success_rate=1.00 collisions/ep=0.55 (n=22)
update=352 global_step=720896 SPS=652 w_ev=0.019 m_ev=0.984 m_v_bias=-1.4 m_adv_std=23.7353 m_kl_max=0.0050 m_ratio_max=0.346 w_ax@goal=+0.21 w_v@goal=4.25 return=965.3 length=92 success_rate=1.00 collisions/ep=0.65 (n=23)
update=353 global_step=722944 SPS=653 w_ev=0.102 m_ev=0.973 m_v_bias=-1.9 m_adv_std=30.7903 m_kl_max=0.0149 m_ratio_max=0.588 w_ax@goal=+0.36 w_v@goal=4.18 return=963.6 length=90 success_rate=1.00 collisions/ep=0.75 (n=20)
update=354 global_step=724992 SPS=654 w_ev=0.095 m_ev=0.989 m_v_bias=-11.0 m_adv_std=19.3805 m_kl_max=0.0173 m_ratio_max=0.660 w_ax@goal=+0.28 w_v@goal=4.22 return=976.3 length=90 success_rate=1.00 collisions/ep=0.50 (n=24)
update=355 global_step=727040 SPS=654 w_ev=0.080 m_ev=0.976 m_v_bias=2.3 m_adv_std=29.4932 m_kl_max=0.0103 m_ratio_max=0.392 w_ax@goal=+0.29 w_v@goal=4.17 return=960.1 length=89 success_rate=1.00 collisions/ep=0.83 (n=24)
Evaluation at update 355: return=1004.56, length=85.40, success_rate=1.00, collisions/ep=0.00
Solved-check at update 355: solved=False worst_gap=9.31 at p_x0=0.00 p_y0=1.00 (consecutive=0)
update=356 global_step=729088 SPS=652 w_ev=0.098 m_ev=0.987 m_v_bias=-0.9 m_adv_std=21.3104 m_kl_max=0.0197 m_ratio_max=0.969 w_ax@goal=+0.43 w_v@goal=4.10 return=983.1 length=92 success_rate=1.00 collisions/ep=0.36 (n=22)
update=357 global_step=731136 SPS=652 w_ev=0.051 m_ev=0.940 m_v_bias=15.7 m_adv_std=48.2020 m_kl_max=0.0517 m_ratio_max=1.626 w_ax@goal=+0.31 w_v@goal=4.13 return=936.4 length=91 success_rate=1.00 collisions/ep=1.26 (n=23)
update=358 global_step=733184 SPS=653 w_ev=0.074 m_ev=0.963 m_v_bias=-2.1 m_adv_std=36.9092 m_kl_max=0.0215 m_ratio_max=0.788 w_ax@goal=+0.37 w_v@goal=4.17 return=976.6 length=92 success_rate=1.00 collisions/ep=0.45 (n=20)
update=359 global_step=735232 SPS=654 w_ev=0.056 m_ev=0.970 m_v_bias=3.6 m_adv_std=32.5601 m_kl_max=0.0106 m_ratio_max=0.881 w_ax@goal=+0.48 w_v@goal=4.22 return=948.9 length=92 success_rate=1.00 collisions/ep=1.00 (n=23)
update=360 global_step=737280 SPS=654 w_ev=0.072 m_ev=0.959 m_v_bias=-4.9 m_adv_std=38.5618 m_kl_max=0.0121 m_ratio_max=0.724 w_ax@goal=+0.38 w_v@goal=4.23 return=956.7 length=90 success_rate=1.00 collisions/ep=0.87 (n=23)
Evaluation at update 360: return=1002.13, length=87.95, success_rate=1.00, collisions/ep=0.00
Solved-check at update 360: solved=False worst_gap=12.17 at p_x0=2.00 p_y0=1.00 (consecutive=0)
update=361 global_step=739328 SPS=651 w_ev=0.037 m_ev=0.973 m_v_bias=0.1 m_adv_std=32.5201 m_kl_max=0.0292 m_ratio_max=1.674 w_ax@goal=+0.35 w_v@goal=4.33 return=966.4 length=95 success_rate=1.00 collisions/ep=0.64 (n=22)
update=362 global_step=741376 SPS=652 w_ev=0.053 m_ev=0.977 m_v_bias=8.0 m_adv_std=29.5328 m_kl_max=0.0086 m_ratio_max=0.492 w_ax@goal=+0.51 w_v@goal=4.19 return=950.0 length=96 success_rate=1.00 collisions/ep=0.95 (n=22)
update=363 global_step=743424 SPS=653 w_ev=0.119 m_ev=0.953 m_v_bias=3.4 m_adv_std=43.7328 m_kl_max=0.0130 m_ratio_max=0.512 w_ax@goal=+0.48 w_v@goal=4.03 return=946.3 length=92 success_rate=1.00 collisions/ep=1.05 (n=22)
update=364 global_step=745472 SPS=654 w_ev=0.108 m_ev=0.969 m_v_bias=-3.5 m_adv_std=34.7921 m_kl_max=0.0045 m_ratio_max=0.434 w_ax@goal=+0.68 w_v@goal=3.98 return=954.4 length=96 success_rate=1.00 collisions/ep=0.86 (n=21)
update=365 global_step=747520 SPS=654 w_ev=0.141 m_ev=0.983 m_v_bias=2.4 m_adv_std=25.9696 m_kl_max=0.0076 m_ratio_max=0.347 w_ax@goal=+0.41 w_v@goal=4.00 return=950.4 length=95 success_rate=1.00 collisions/ep=0.91 (n=22)
Evaluation at update 365: return=999.48, length=90.60, success_rate=1.00, collisions/ep=0.00
Solved-check at update 365: solved=False worst_gap=15.31 at p_x0=0.50 p_y0=1.00 (consecutive=0)
update=366 global_step=749568 SPS=652 w_ev=-0.047 m_ev=0.965 m_v_bias=2.0 m_adv_std=38.9286 m_kl_max=0.0213 m_ratio_max=1.295 w_ax@goal=+0.45 w_v@goal=4.22 return=952.2 length=98 success_rate=1.00 collisions/ep=0.86 (n=22)
update=367 global_step=751616 SPS=652 w_ev=0.067 m_ev=0.974 m_v_bias=-0.9 m_adv_std=30.2428 m_kl_max=0.0126 m_ratio_max=0.441 w_ax@goal=+0.64 w_v@goal=4.08 return=948.8 length=96 success_rate=1.00 collisions/ep=0.95 (n=19)
update=368 global_step=753664 SPS=653 w_ev=0.053 m_ev=0.955 m_v_bias=14.0 m_adv_std=43.4970 m_kl_max=0.0276 m_ratio_max=1.537 w_ax@goal=+0.42 w_v@goal=4.09 return=936.1 length=100 success_rate=1.00 collisions/ep=1.14 (n=21)
update=369 global_step=755712 SPS=654 w_ev=0.065 m_ev=0.916 m_v_bias=11.0 m_adv_std=63.0659 m_kl_max=0.0399 m_ratio_max=1.128 w_ax@goal=+0.44 w_v@goal=4.19 return=909.9 length=97 success_rate=1.00 collisions/ep=1.68 (n=22)
update=370 global_step=757760 SPS=655 w_ev=0.031 m_ev=0.927 m_v_bias=-4.3 m_adv_std=55.2982 m_kl_max=0.0238 m_ratio_max=1.251 w_ax@goal=+0.60 w_v@goal=4.12 return=902.4 length=95 success_rate=1.00 collisions/ep=1.84 (n=19)
Evaluation at update 370: return=995.92, length=91.65, success_rate=1.00, collisions/ep=0.05
Solved-check at update 370: solved=False worst_gap=63.61 at p_x0=2.00 p_y0=0.50 (consecutive=0)
update=371 global_step=759808 SPS=652 w_ev=0.049 m_ev=0.965 m_v_bias=-13.7 m_adv_std=39.2603 m_kl_max=0.0178 m_ratio_max=0.841 w_ax@goal=+0.74 w_v@goal=4.20 return=949.7 length=96 success_rate=1.00 collisions/ep=0.92 (n=24)
update=372 global_step=761856 SPS=652 w_ev=0.057 m_ev=0.954 m_v_bias=1.6 m_adv_std=41.9209 m_kl_max=0.0097 m_ratio_max=0.750 w_ax@goal=+0.42 w_v@goal=4.15 return=942.0 length=93 success_rate=1.00 collisions/ep=1.13 (n=23)
update=373 global_step=763904 SPS=653 w_ev=-0.019 m_ev=0.967 m_v_bias=3.5 m_adv_std=33.9601 m_kl_max=0.0136 m_ratio_max=0.594 w_ax@goal=+0.16 w_v@goal=4.12 return=953.6 length=98 success_rate=1.00 collisions/ep=0.78 (n=18)
update=374 global_step=765952 SPS=654 w_ev=0.013 m_ev=0.981 m_v_bias=-10.0 m_adv_std=28.3531 m_kl_max=0.0140 m_ratio_max=0.689 w_ax@goal=+0.31 w_v@goal=4.24 return=956.6 length=99 success_rate=1.00 collisions/ep=0.78 (n=23)
update=375 global_step=768000 SPS=654 w_ev=0.038 m_ev=0.882 m_v_bias=28.1 m_adv_std=70.5305 m_kl_max=0.0043 m_ratio_max=0.300 w_ax@goal=+0.39 w_v@goal=4.15 return=925.2 length=99 success_rate=1.00 collisions/ep=1.39 (n=18)
Evaluation at update 375: return=997.90, length=92.10, success_rate=1.00, collisions/ep=0.00
Solved-check at update 375: solved=False worst_gap=16.02 at p_x0=0.00 p_y0=1.00 (consecutive=0)
update=376 global_step=770048 SPS=652 w_ev=0.068 m_ev=0.948 m_v_bias=-13.7 m_adv_std=47.5881 m_kl_max=0.0165 m_ratio_max=0.592 w_ax@goal=+0.49 w_v@goal=4.19 return=912.3 length=97 success_rate=1.00 collisions/ep=1.65 (n=23)
update=377 global_step=772096 SPS=652 w_ev=0.069 m_ev=0.981 m_v_bias=-17.6 m_adv_std=27.4699 m_kl_max=0.0076 m_ratio_max=0.405 w_ax@goal=+0.45 w_v@goal=4.16 return=969.6 length=97 success_rate=1.00 collisions/ep=0.52 (n=21)
update=378 global_step=774144 SPS=653 w_ev=0.078 m_ev=0.973 m_v_bias=-2.8 m_adv_std=30.9511 m_kl_max=0.0342 m_ratio_max=1.103 w_ax@goal=+0.23 w_v@goal=4.10 return=965.8 length=93 success_rate=1.00 collisions/ep=0.58 (n=24)
update=379 global_step=776192 SPS=654 w_ev=0.035 m_ev=0.911 m_v_bias=9.1 m_adv_std=58.0745 m_kl_max=0.0359 m_ratio_max=1.258 w_ax@goal=+0.40 w_v@goal=4.03 return=933.2 length=94 success_rate=1.00 collisions/ep=1.28 (n=18)
update=380 global_step=778240 SPS=654 w_ev=0.096 m_ev=0.979 m_v_bias=-0.9 m_adv_std=29.1693 m_kl_max=0.0119 m_ratio_max=0.499 w_ax@goal=+0.36 w_v@goal=4.21 return=959.9 length=97 success_rate=1.00 collisions/ep=0.70 (n=23)
Evaluation at update 380: return=998.50, length=91.40, success_rate=1.00, collisions/ep=0.00
Solved-check at update 380: solved=False worst_gap=15.92 at p_x0=0.00 p_y0=1.00 (consecutive=0)
update=381 global_step=780288 SPS=652 w_ev=0.083 m_ev=0.984 m_v_bias=-3.8 m_adv_std=25.6384 m_kl_max=0.0120 m_ratio_max=0.472 w_ax@goal=+0.20 w_v@goal=4.15 return=960.6 length=96 success_rate=1.00 collisions/ep=0.70 (n=23)
update=382 global_step=782336 SPS=652 w_ev=0.077 m_ev=0.973 m_v_bias=2.8 m_adv_std=32.1958 m_kl_max=0.0086 m_ratio_max=0.756 w_ax@goal=+0.46 w_v@goal=4.00 return=938.3 length=99 success_rate=1.00 collisions/ep=1.11 (n=18)
update=383 global_step=784384 SPS=653 w_ev=0.048 m_ev=0.959 m_v_bias=9.4 m_adv_std=41.8031 m_kl_max=0.0196 m_ratio_max=0.896 w_ax@goal=+0.26 w_v@goal=4.17 return=939.4 length=99 success_rate=1.00 collisions/ep=1.09 (n=23)
update=384 global_step=786432 SPS=654 w_ev=0.106 m_ev=0.948 m_v_bias=0.0 m_adv_std=46.2379 m_kl_max=0.0063 m_ratio_max=0.375 w_ax@goal=+0.25 w_v@goal=4.02 return=966.9 length=100 success_rate=1.00 collisions/ep=0.53 (n=19)
update=385 global_step=788480 SPS=654 w_ev=0.159 m_ev=0.969 m_v_bias=-5.8 m_adv_std=35.8072 m_kl_max=0.0146 m_ratio_max=0.540 w_ax@goal=+0.38 w_v@goal=3.96 return=918.4 length=96 success_rate=1.00 collisions/ep=1.52 (n=21)
Evaluation at update 385: return=995.98, length=93.85, success_rate=1.00, collisions/ep=0.00
Solved-check at update 385: solved=False worst_gap=18.48 at p_x0=0.00 p_y0=1.00 (consecutive=0)
update=386 global_step=790528 SPS=652 w_ev=0.113 m_ev=0.964 m_v_bias=7.1 m_adv_std=38.6529 m_kl_max=0.0256 m_ratio_max=0.760 w_ax@goal=+0.31 w_v@goal=4.07 return=935.7 length=99 success_rate=1.00 collisions/ep=1.14 (n=22)
update=387 global_step=792576 SPS=652 w_ev=0.046 m_ev=0.961 m_v_bias=-0.6 m_adv_std=39.0855 m_kl_max=0.0082 m_ratio_max=0.447 w_ax@goal=+0.47 w_v@goal=3.84 return=940.5 length=100 success_rate=1.00 collisions/ep=1.06 (n=18)
update=388 global_step=794624 SPS=653 w_ev=0.079 m_ev=0.958 m_v_bias=16.4 m_adv_std=45.9839 m_kl_max=0.0051 m_ratio_max=0.557 w_ax@goal=+0.29 w_v@goal=4.11 return=907.5 length=100 success_rate=1.00 collisions/ep=1.65 (n=23)
update=389 global_step=796672 SPS=654 w_ev=0.091 m_ev=0.966 m_v_bias=-10.7 m_adv_std=36.0783 m_kl_max=0.0170 m_ratio_max=0.724 w_ax@goal=+0.22 w_v@goal=4.06 return=941.0 length=100 success_rate=1.00 collisions/ep=0.94 (n=18)
update=390 global_step=798720 SPS=654 w_ev=0.077 m_ev=0.926 m_v_bias=-1.4 m_adv_std=57.0986 m_kl_max=0.0126 m_ratio_max=0.779 w_ax@goal=+0.33 w_v@goal=4.10 return=929.4 length=102 success_rate=1.00 collisions/ep=1.23 (n=22)
Evaluation at update 390: return=998.80, length=91.20, success_rate=1.00, collisions/ep=0.00
Solved-check at update 390: solved=False worst_gap=15.45 at p_x0=0.00 p_y0=1.00 (consecutive=0)
update=391 global_step=800768 SPS=652 w_ev=0.134 m_ev=0.964 m_v_bias=-7.0 m_adv_std=37.8415 m_kl_max=0.0128 m_ratio_max=0.480 w_ax@goal=+0.29 w_v@goal=3.98 return=958.6 length=99 success_rate=1.00 collisions/ep=0.67 (n=21)
update=392 global_step=802816 SPS=652 w_ev=0.104 m_ev=0.984 m_v_bias=-18.4 m_adv_std=24.8451 m_kl_max=0.0158 m_ratio_max=0.563 w_ax@goal=+0.20 w_v@goal=4.00 return=968.5 length=95 success_rate=1.00 collisions/ep=0.55 (n=20)
update=393 global_step=804864 SPS=653 w_ev=0.143 m_ev=0.972 m_v_bias=3.8 m_adv_std=33.2756 m_kl_max=0.0098 m_ratio_max=0.549 w_ax@goal=+0.32 w_v@goal=4.15 return=951.1 length=94 success_rate=1.00 collisions/ep=0.92 (n=24)
update=394 global_step=806912 SPS=654 w_ev=0.127 m_ev=0.968 m_v_bias=-6.8 m_adv_std=35.0319 m_kl_max=0.0082 m_ratio_max=0.564 w_ax@goal=+0.40 w_v@goal=4.05 return=961.9 length=92 success_rate=1.00 collisions/ep=0.71 (n=21)
update=395 global_step=808960 SPS=654 w_ev=0.063 m_ev=0.979 m_v_bias=2.0 m_adv_std=28.3622 m_kl_max=0.0207 m_ratio_max=1.314 w_ax@goal=+0.27 w_v@goal=4.20 return=953.6 length=96 success_rate=1.00 collisions/ep=0.90 (n=21)
Evaluation at update 395: return=999.73, length=90.25, success_rate=1.00, collisions/ep=0.00
Solved-check at update 395: solved=False worst_gap=14.42 at p_x0=0.00 p_y0=1.00 (consecutive=0)
update=396 global_step=811008 SPS=652 w_ev=0.156 m_ev=0.943 m_v_bias=5.8 m_adv_std=47.0939 m_kl_max=0.0080 m_ratio_max=0.550 w_ax@goal=+0.25 w_v@goal=4.02 return=942.2 length=95 success_rate=1.00 collisions/ep=1.09 (n=22)
update=397 global_step=813056 SPS=652 w_ev=0.058 m_ev=0.980 m_v_bias=-4.6 m_adv_std=28.0929 m_kl_max=0.0043 m_ratio_max=0.358 w_ax@goal=+0.33 w_v@goal=4.22 return=944.7 length=95 success_rate=1.00 collisions/ep=1.05 (n=21)
update=398 global_step=815104 SPS=653 w_ev=0.184 m_ev=0.979 m_v_bias=-10.0 m_adv_std=28.0662 m_kl_max=0.0090 m_ratio_max=0.625 w_ax@goal=+0.32 w_v@goal=4.24 return=953.3 length=92 success_rate=1.00 collisions/ep=0.96 (n=23)
update=399 global_step=817152 SPS=654 w_ev=0.081 m_ev=0.957 m_v_bias=22.3 m_adv_std=41.0554 m_kl_max=0.0162 m_ratio_max=0.584 w_ax@goal=+0.16 w_v@goal=4.05 return=932.2 length=99 success_rate=1.00 collisions/ep=1.33 (n=21)
update=400 global_step=819200 SPS=654 w_ev=0.100 m_ev=0.955 m_v_bias=1.0 m_adv_std=41.6395 m_kl_max=0.0116 m_ratio_max=1.109 w_ax@goal=+0.32 w_v@goal=4.38 return=922.3 length=95 success_rate=1.00 collisions/ep=1.47 (n=19)
Evaluation at update 400: return=1000.01, length=89.90, success_rate=1.00, collisions/ep=0.00
Solved-check at update 400: solved=False worst_gap=56.60 at p_x0=2.00 p_y0=-1.00 (consecutive=0)
update=401 global_step=821248 SPS=652 w_ev=0.108 m_ev=0.946 m_v_bias=-1.6 m_adv_std=49.0804 m_kl_max=0.0158 m_ratio_max=0.733 w_ax@goal=+0.40 w_v@goal=4.36 return=929.5 length=95 success_rate=1.00 collisions/ep=1.38 (n=24)
update=402 global_step=823296 SPS=652 w_ev=0.119 m_ev=0.972 m_v_bias=-3.1 m_adv_std=33.7492 m_kl_max=0.0082 m_ratio_max=0.423 w_ax@goal=+0.19 w_v@goal=4.11 return=950.2 length=96 success_rate=1.00 collisions/ep=0.91 (n=22)
update=403 global_step=825344 SPS=653 w_ev=0.223 m_ev=0.972 m_v_bias=-6.2 m_adv_std=30.8114 m_kl_max=0.0128 m_ratio_max=0.718 w_ax@goal=+0.32 w_v@goal=3.90 return=968.4 length=98 success_rate=1.00 collisions/ep=0.53 (n=19)
update=404 global_step=827392 SPS=654 w_ev=0.119 m_ev=0.975 m_v_bias=6.2 m_adv_std=31.5252 m_kl_max=0.0075 m_ratio_max=0.464 w_ax@goal=+0.19 w_v@goal=4.16 return=944.8 length=97 success_rate=1.00 collisions/ep=1.00 (n=22)
update=405 global_step=829440 SPS=654 w_ev=0.131 m_ev=0.922 m_v_bias=16.7 m_adv_std=58.7739 m_kl_max=0.0137 m_ratio_max=1.139 w_ax@goal=+0.28 w_v@goal=4.14 return=912.3 length=95 success_rate=1.00 collisions/ep=1.64 (n=22)
Evaluation at update 405: return=1000.92, length=89.15, success_rate=1.00, collisions/ep=0.00
Solved-check at update 405: solved=False worst_gap=55.60 at p_x0=2.00 p_y0=-1.00 (consecutive=0)
update=406 global_step=831488 SPS=652 w_ev=0.141 m_ev=0.965 m_v_bias=-21.0 m_adv_std=35.3373 m_kl_max=0.0065 m_ratio_max=0.544 w_ax@goal=+0.14 w_v@goal=4.20 return=948.4 length=94 success_rate=1.00 collisions/ep=0.95 (n=20)
update=407 global_step=833536 SPS=652 w_ev=0.130 m_ev=0.978 m_v_bias=-15.2 m_adv_std=28.4736 m_kl_max=0.0171 m_ratio_max=0.748 w_ax@goal=+0.34 w_v@goal=4.23 return=965.6 length=93 success_rate=1.00 collisions/ep=0.67 (n=24)
update=408 global_step=835584 SPS=653 w_ev=0.192 m_ev=0.973 m_v_bias=-1.2 m_adv_std=30.8742 m_kl_max=0.0102 m_ratio_max=0.580 w_ax@goal=+0.36 w_v@goal=4.15 return=959.6 length=91 success_rate=1.00 collisions/ep=0.81 (n=21)
update=409 global_step=837632 SPS=654 w_ev=0.148 m_ev=0.869 m_v_bias=27.6 m_adv_std=72.7640 m_kl_max=0.0082 m_ratio_max=0.529 w_ax@goal=+0.22 w_v@goal=4.04 return=914.4 length=94 success_rate=1.00 collisions/ep=1.68 (n=22)
update=410 global_step=839680 SPS=654 w_ev=0.132 m_ev=0.954 m_v_bias=-16.1 m_adv_std=43.8617 m_kl_max=0.0120 m_ratio_max=0.605 w_ax@goal=+0.35 w_v@goal=4.28 return=939.2 length=91 success_rate=1.00 collisions/ep=1.21 (n=24)
Evaluation at update 410: return=1004.85, length=85.15, success_rate=1.00, collisions/ep=0.00
Solved-check at update 410: solved=False worst_gap=58.30 at p_x0=0.50 p_y0=-1.00 (consecutive=0)
update=411 global_step=841728 SPS=652 w_ev=0.134 m_ev=0.969 m_v_bias=-5.8 m_adv_std=33.3128 m_kl_max=0.0093 m_ratio_max=0.386 w_ax@goal=+0.32 w_v@goal=4.10 return=952.6 length=92 success_rate=1.00 collisions/ep=0.95 (n=22)
update=412 global_step=843776 SPS=652 w_ev=0.128 m_ev=0.965 m_v_bias=-8.5 m_adv_std=35.6183 m_kl_max=0.0221 m_ratio_max=1.160 w_ax@goal=+0.27 w_v@goal=4.30 return=960.7 length=89 success_rate=1.00 collisions/ep=0.82 (n=22)
update=413 global_step=845824 SPS=653 w_ev=0.157 m_ev=0.967 m_v_bias=-2.4 m_adv_std=35.2803 m_kl_max=0.0197 m_ratio_max=1.143 w_ax@goal=+0.22 w_v@goal=4.26 return=963.3 length=91 success_rate=1.00 collisions/ep=0.79 (n=24)
update=414 global_step=847872 SPS=654 w_ev=0.262 m_ev=0.976 m_v_bias=-8.9 m_adv_std=28.0874 m_kl_max=0.0547 m_ratio_max=2.872 w_ax@goal=+0.47 w_v@goal=4.06 return=960.0 length=88 success_rate=1.00 collisions/ep=0.92 (n=24)
update=415 global_step=849920 SPS=654 w_ev=0.231 m_ev=0.982 m_v_bias=-6.3 m_adv_std=23.9648 m_kl_max=0.0131 m_ratio_max=0.706 w_ax@goal=+0.39 w_v@goal=3.92 return=979.6 length=87 success_rate=1.00 collisions/ep=0.48 (n=23)
Evaluation at update 415: return=1008.92, length=81.05, success_rate=1.00, collisions/ep=0.00
Solved-check at update 415: solved=True worst_gap=4.48 at p_x0=0.00 p_y0=1.00 (consecutive=0)
update=416 global_step=851968 SPS=652 w_ev=0.183 m_ev=0.977 m_v_bias=1.6 m_adv_std=28.3127 m_kl_max=0.0086 m_ratio_max=0.432 w_ax@goal=+0.34 w_v@goal=3.68 return=971.5 length=88 success_rate=1.00 collisions/ep=0.65 (n=23)
update=417 global_step=854016 SPS=653 w_ev=0.207 m_ev=0.988 m_v_bias=-2.0 m_adv_std=19.1899 m_kl_max=0.0198 m_ratio_max=1.432 w_ax@goal=+0.31 w_v@goal=3.97 return=986.7 length=88 success_rate=1.00 collisions/ep=0.36 (n=22)
update=418 global_step=856064 SPS=654 w_ev=0.076 m_ev=0.977 m_v_bias=4.6 m_adv_std=27.5917 m_kl_max=0.0093 m_ratio_max=0.457 w_ax@goal=+0.33 w_v@goal=4.20 return=975.4 length=87 success_rate=1.00 collisions/ep=0.58 (n=24)
update=419 global_step=858112 SPS=654 w_ev=0.163 m_ev=0.983 m_v_bias=-2.4 m_adv_std=23.3766 m_kl_max=0.0115 m_ratio_max=0.514 w_ax@goal=+0.39 w_v@goal=4.19 return=983.1 length=87 success_rate=1.00 collisions/ep=0.42 (n=24)
update=420 global_step=860160 SPS=655 w_ev=0.068 m_ev=0.991 m_v_bias=-1.7 m_adv_std=17.2681 m_kl_max=0.0133 m_ratio_max=0.593 w_ax@goal=+0.39 w_v@goal=4.22 return=983.0 length=86 success_rate=1.00 collisions/ep=0.42 (n=24)
Evaluation at update 420: return=1008.85, length=81.10, success_rate=1.00, collisions/ep=0.00
Solved-check at update 420: solved=True worst_gap=4.87 at p_x0=0.00 p_y0=1.00 (consecutive=1)
update=421 global_step=862208 SPS=653 w_ev=0.079 m_ev=0.954 m_v_bias=13.6 m_adv_std=39.3219 m_kl_max=0.0092 m_ratio_max=0.492 w_ax@goal=+0.22 w_v@goal=4.31 return=955.7 length=89 success_rate=1.00 collisions/ep=0.95 (n=22)
update=422 global_step=864256 SPS=653 w_ev=0.112 m_ev=0.977 m_v_bias=-13.4 m_adv_std=27.3975 m_kl_max=0.0079 m_ratio_max=0.604 w_ax@goal=+0.49 w_v@goal=4.36 return=986.7 length=85 success_rate=1.00 collisions/ep=0.38 (n=26)
update=423 global_step=866304 SPS=654 w_ev=0.109 m_ev=0.981 m_v_bias=6.9 m_adv_std=25.3182 m_kl_max=0.0167 m_ratio_max=0.787 w_ax@goal=+0.33 w_v@goal=4.18 return=965.9 length=88 success_rate=1.00 collisions/ep=0.77 (n=22)
update=424 global_step=868352 SPS=654 w_ev=0.038 m_ev=0.985 m_v_bias=-1.2 m_adv_std=22.1289 m_kl_max=0.0162 m_ratio_max=1.803 w_ax@goal=+0.39 w_v@goal=4.35 return=976.2 length=87 success_rate=1.00 collisions/ep=0.61 (n=23)
update=425 global_step=870400 SPS=655 w_ev=0.171 m_ev=0.980 m_v_bias=-0.5 m_adv_std=25.2840 m_kl_max=0.0150 m_ratio_max=0.538 w_ax@goal=+0.34 w_v@goal=4.19 return=965.3 length=86 success_rate=1.00 collisions/ep=0.83 (n=24)
Evaluation at update 425: return=1009.02, length=81.05, success_rate=1.00, collisions/ep=0.00
Solved-check at update 425: solved=True worst_gap=4.78 at p_x0=0.00 p_y0=1.00 (consecutive=2)
update=426 global_step=872448 SPS=653 w_ev=0.173 m_ev=0.988 m_v_bias=-0.8 m_adv_std=19.3718 m_kl_max=0.0080 m_ratio_max=0.360 w_ax@goal=+0.38 w_v@goal=4.12 return=978.7 length=88 success_rate=1.00 collisions/ep=0.57 (n=23)
update=427 global_step=874496 SPS=653 w_ev=0.241 m_ev=0.970 m_v_bias=6.2 m_adv_std=32.3732 m_kl_max=0.0119 m_ratio_max=0.809 w_ax@goal=+0.31 w_v@goal=4.07 return=960.5 length=86 success_rate=1.00 collisions/ep=0.87 (n=23)
update=428 global_step=876544 SPS=654 w_ev=0.129 m_ev=0.981 m_v_bias=-6.6 m_adv_std=25.4425 m_kl_max=0.0051 m_ratio_max=0.379 w_ax@goal=+0.54 w_v@goal=4.12 return=980.3 length=87 success_rate=1.00 collisions/ep=0.46 (n=24)
update=429 global_step=878592 SPS=655 w_ev=0.179 m_ev=0.979 m_v_bias=2.1 m_adv_std=26.5634 m_kl_max=0.0114 m_ratio_max=0.603 w_ax@goal=+0.47 w_v@goal=3.99 return=976.0 length=89 success_rate=1.00 collisions/ep=0.57 (n=23)
update=430 global_step=880640 SPS=655 w_ev=0.130 m_ev=0.892 m_v_bias=11.2 m_adv_std=66.9256 m_kl_max=0.0070 m_ratio_max=0.416 w_ax@goal=+0.53 w_v@goal=4.13 return=930.1 length=87 success_rate=1.00 collisions/ep=1.50 (n=24)
Evaluation at update 430: return=1006.85, length=83.00, success_rate=1.00, collisions/ep=0.00
Solved-check at update 430: solved=False worst_gap=6.93 at p_x0=0.00 p_y0=-1.00 (consecutive=3)
update=431 global_step=882688 SPS=653 w_ev=0.133 m_ev=0.971 m_v_bias=-6.3 m_adv_std=31.7228 m_kl_max=0.0277 m_ratio_max=1.095 w_ax@goal=+0.38 w_v@goal=4.27 return=971.3 length=90 success_rate=1.00 collisions/ep=0.67 (n=24)
update=432 global_step=884736 SPS=654 w_ev=0.239 m_ev=0.984 m_v_bias=-4.6 m_adv_std=23.7769 m_kl_max=0.0098 m_ratio_max=0.555 w_ax@goal=+0.51 w_v@goal=3.92 return=970.4 length=88 success_rate=1.00 collisions/ep=0.65 (n=23)
update=433 global_step=886784 SPS=654 w_ev=0.167 m_ev=0.976 m_v_bias=3.4 m_adv_std=28.6297 m_kl_max=0.0090 m_ratio_max=0.565 w_ax@goal=+0.33 w_v@goal=3.88 return=958.5 length=89 success_rate=1.00 collisions/ep=0.88 (n=24)
update=434 global_step=888832 SPS=655 w_ev=0.169 m_ev=0.989 m_v_bias=-7.5 m_adv_std=19.1422 m_kl_max=0.0095 m_ratio_max=0.806 w_ax@goal=+0.36 w_v@goal=3.99 return=986.2 length=91 success_rate=1.00 collisions/ep=0.32 (n=22)
update=435 global_step=890880 SPS=656 w_ev=0.182 m_ev=0.967 m_v_bias=13.0 m_adv_std=34.1585 m_kl_max=0.0252 m_ratio_max=1.132 w_ax@goal=+0.39 w_v@goal=4.03 return=941.9 length=87 success_rate=1.00 collisions/ep=1.27 (n=22)
Evaluation at update 435: return=973.52, length=84.00, success_rate=1.00, collisions/ep=0.65
Solved-check at update 435: solved=False worst_gap=57.52 at p_x0=0.00 p_y0=-1.00 (consecutive=0)
update=436 global_step=892928 SPS=653 w_ev=0.114 m_ev=0.928 m_v_bias=20.7 m_adv_std=54.0492 m_kl_max=0.0119 m_ratio_max=1.026 w_ax@goal=+0.35 w_v@goal=4.10 return=910.8 length=89 success_rate=1.00 collisions/ep=1.83 (n=24)
update=437 global_step=894976 SPS=654 w_ev=0.037 m_ev=0.974 m_v_bias=-18.9 m_adv_std=31.8643 m_kl_max=0.0107 m_ratio_max=0.540 w_ax@goal=+0.56 w_v@goal=4.37 return=943.9 length=89 success_rate=1.00 collisions/ep=1.17 (n=23)
update=438 global_step=897024 SPS=655 w_ev=0.134 m_ev=0.963 m_v_bias=8.4 m_adv_std=38.2139 m_kl_max=0.0093 m_ratio_max=0.474 w_ax@goal=+0.37 w_v@goal=3.91 return=923.1 length=90 success_rate=1.00 collisions/ep=1.62 (n=24)
update=439 global_step=899072 SPS=655 w_ev=0.189 m_ev=0.969 m_v_bias=-13.5 m_adv_std=33.6505 m_kl_max=0.0204 m_ratio_max=0.709 w_ax@goal=+0.47 w_v@goal=3.75 return=944.6 length=86 success_rate=1.00 collisions/ep=1.17 (n=23)
update=440 global_step=901120 SPS=656 w_ev=0.160 m_ev=0.933 m_v_bias=16.1 m_adv_std=53.4423 m_kl_max=0.0172 m_ratio_max=0.887 w_ax@goal=+0.40 w_v@goal=3.76 return=931.5 length=90 success_rate=1.00 collisions/ep=1.41 (n=22)
Evaluation at update 440: return=954.49, length=85.60, success_rate=1.00, collisions/ep=1.00
Solved-check at update 440: solved=False worst_gap=110.23 at p_x0=2.00 p_y0=1.00 (consecutive=0)
update=441 global_step=903168 SPS=653 w_ev=0.144 m_ev=0.951 m_v_bias=9.6 m_adv_std=42.9279 m_kl_max=0.0118 m_ratio_max=0.495 w_ax@goal=+0.27 w_v@goal=3.96 return=871.2 length=94 success_rate=1.00 collisions/ep=2.57 (n=21)
update=442 global_step=905216 SPS=654 w_ev=0.020 m_ev=0.960 m_v_bias=-10.2 m_adv_std=41.0259 m_kl_max=0.0071 m_ratio_max=0.372 w_ax@goal=+0.50 w_v@goal=4.46 return=933.2 length=90 success_rate=1.00 collisions/ep=1.39 (n=23)
update=443 global_step=907264 SPS=654 w_ev=0.121 m_ev=0.955 m_v_bias=-8.7 m_adv_std=42.4741 m_kl_max=0.0132 m_ratio_max=0.676 w_ax@goal=+0.35 w_v@goal=4.11 return=945.1 length=90 success_rate=1.00 collisions/ep=1.12 (n=24)
update=444 global_step=909312 SPS=655 w_ev=0.131 m_ev=0.949 m_v_bias=5.9 m_adv_std=44.8081 m_kl_max=0.0085 m_ratio_max=0.773 w_ax@goal=+0.31 w_v@goal=4.07 return=920.3 length=88 success_rate=1.00 collisions/ep=1.68 (n=22)
update=445 global_step=911360 SPS=655 w_ev=0.118 m_ev=0.950 m_v_bias=11.5 m_adv_std=47.2650 m_kl_max=0.0166 m_ratio_max=0.729 w_ax@goal=+0.35 w_v@goal=4.17 return=928.6 length=94 success_rate=1.00 collisions/ep=1.39 (n=23)
Evaluation at update 445: return=952.41, length=87.70, success_rate=1.00, collisions/ep=1.00
Solved-check at update 445: solved=False worst_gap=62.82 at p_x0=0.00 p_y0=1.00 (consecutive=0)
update=446 global_step=913408 SPS=653 w_ev=0.046 m_ev=0.948 m_v_bias=-0.1 m_adv_std=47.1883 m_kl_max=0.0083 m_ratio_max=0.921 w_ax@goal=+0.20 w_v@goal=3.98 return=918.1 length=94 success_rate=1.00 collisions/ep=1.59 (n=22)
update=447 global_step=915456 SPS=653 w_ev=0.135 m_ev=0.973 m_v_bias=-8.5 m_adv_std=33.8584 m_kl_max=0.0192 m_ratio_max=0.897 w_ax@goal=+0.35 w_v@goal=4.04 return=928.0 length=96 success_rate=1.00 collisions/ep=1.40 (n=20)
update=448 global_step=917504 SPS=654 w_ev=0.089 m_ev=0.920 m_v_bias=17.4 m_adv_std=60.9089 m_kl_max=0.0154 m_ratio_max=0.689 w_ax@goal=+0.35 w_v@goal=4.08 return=899.9 length=92 success_rate=1.00 collisions/ep=1.96 (n=23)
update=449 global_step=919552 SPS=654 w_ev=0.047 m_ev=0.966 m_v_bias=-16.1 m_adv_std=35.8906 m_kl_max=0.0145 m_ratio_max=0.750 w_ax@goal=+0.43 w_v@goal=4.03 return=944.6 length=93 success_rate=1.00 collisions/ep=1.09 (n=22)
update=450 global_step=921600 SPS=655 w_ev=0.117 m_ev=0.975 m_v_bias=-2.4 m_adv_std=32.3529 m_kl_max=0.0101 m_ratio_max=0.537 w_ax@goal=+0.21 w_v@goal=3.73 return=946.7 length=95 success_rate=1.00 collisions/ep=1.00 (n=21)
Evaluation at update 450: return=952.29, length=87.70, success_rate=1.00, collisions/ep=1.00
Solved-check at update 450: solved=False worst_gap=110.05 at p_x0=0.00 p_y0=-1.00 (consecutive=0)
update=451 global_step=923648 SPS=653 w_ev=0.106 m_ev=0.955 m_v_bias=8.3 m_adv_std=42.9030 m_kl_max=0.0149 m_ratio_max=0.460 w_ax@goal=+0.30 w_v@goal=3.97 return=913.4 length=96 success_rate=1.00 collisions/ep=1.70 (n=23)
update=452 global_step=925696 SPS=653 w_ev=0.138 m_ev=0.964 m_v_bias=-8.7 m_adv_std=37.4201 m_kl_max=0.0161 m_ratio_max=0.765 w_ax@goal=+0.35 w_v@goal=3.94 return=953.5 length=91 success_rate=1.00 collisions/ep=0.90 (n=21)
update=453 global_step=927744 SPS=654 w_ev=0.168 m_ev=0.973 m_v_bias=-11.0 m_adv_std=30.7882 m_kl_max=0.0084 m_ratio_max=0.524 w_ax@goal=+0.29 w_v@goal=3.87 return=950.5 length=93 success_rate=1.00 collisions/ep=1.00 (n=21)
update=454 global_step=929792 SPS=655 w_ev=-0.020 m_ev=0.975 m_v_bias=5.0 m_adv_std=30.2400 m_kl_max=0.0037 m_ratio_max=0.383 w_ax@goal=+0.31 w_v@goal=4.16 return=947.5 length=92 success_rate=1.00 collisions/ep=1.09 (n=23)
update=455 global_step=931840 SPS=655 w_ev=0.084 m_ev=0.980 m_v_bias=-6.8 m_adv_std=26.9709 m_kl_max=0.0064 m_ratio_max=0.425 w_ax@goal=+0.26 w_v@goal=4.18 return=960.4 length=90 success_rate=1.00 collisions/ep=0.83 (n=24)
Evaluation at update 455: return=965.31, length=84.70, success_rate=1.00, collisions/ep=0.80
Solved-check at update 455: solved=False worst_gap=58.52 at p_x0=2.00 p_y0=1.00 (consecutive=0)
update=456 global_step=933888 SPS=653 w_ev=0.091 m_ev=0.976 m_v_bias=-3.8 m_adv_std=29.0819 m_kl_max=0.0074 m_ratio_max=0.641 w_ax@goal=+0.40 w_v@goal=4.02 return=952.1 length=90 success_rate=1.00 collisions/ep=1.04 (n=23)
update=457 global_step=935936 SPS=654 w_ev=0.095 m_ev=0.979 m_v_bias=-2.0 m_adv_std=27.3174 m_kl_max=0.0102 m_ratio_max=0.898 w_ax@goal=+0.37 w_v@goal=4.07 return=954.2 length=90 success_rate=1.00 collisions/ep=0.96 (n=24)
update=458 global_step=937984 SPS=654 w_ev=0.102 m_ev=0.981 m_v_bias=2.0 m_adv_std=26.8337 m_kl_max=0.0062 m_ratio_max=0.348 w_ax@goal=+0.35 w_v@goal=3.96 return=962.9 length=92 success_rate=1.00 collisions/ep=0.81 (n=21)
update=459 global_step=940032 SPS=655 w_ev=0.128 m_ev=0.981 m_v_bias=-3.1 m_adv_std=24.7348 m_kl_max=0.0178 m_ratio_max=0.799 w_ax@goal=+0.35 w_v@goal=3.96 return=963.6 length=90 success_rate=1.00 collisions/ep=0.74 (n=23)
update=460 global_step=942080 SPS=655 w_ev=0.114 m_ev=0.930 m_v_bias=12.5 m_adv_std=53.6079 m_kl_max=0.0120 m_ratio_max=0.516 w_ax@goal=+0.55 w_v@goal=4.01 return=925.1 length=91 success_rate=1.00 collisions/ep=1.52 (n=23)
Evaluation at update 460: return=969.18, length=85.75, success_rate=1.00, collisions/ep=0.70
Solved-check at update 460: solved=False worst_gap=59.41 at p_x0=0.00 p_y0=1.00 (consecutive=0)
update=461 global_step=944128 SPS=653 w_ev=0.150 m_ev=0.964 m_v_bias=-7.6 m_adv_std=34.6935 m_kl_max=0.0127 m_ratio_max=0.574 w_ax@goal=+0.62 w_v@goal=4.04 return=944.2 length=89 success_rate=1.00 collisions/ep=1.16 (n=19)
update=462 global_step=946176 SPS=654 w_ev=0.134 m_ev=0.965 m_v_bias=-0.1 m_adv_std=37.3544 m_kl_max=0.0089 m_ratio_max=0.430 w_ax@goal=+0.57 w_v@goal=3.95 return=951.0 length=91 success_rate=1.00 collisions/ep=1.00 (n=24)
update=463 global_step=948224 SPS=654 w_ev=0.083 m_ev=0.975 m_v_bias=-6.3 m_adv_std=30.4211 m_kl_max=0.0121 m_ratio_max=0.602 w_ax@goal=+0.56 w_v@goal=4.13 return=962.7 length=92 success_rate=1.00 collisions/ep=0.78 (n=23)
update=464 global_step=950272 SPS=655 w_ev=0.151 m_ev=0.967 m_v_bias=-0.9 m_adv_std=33.5562 m_kl_max=0.0106 m_ratio_max=0.805 w_ax@goal=+0.50 w_v@goal=4.08 return=959.6 length=88 success_rate=1.00 collisions/ep=0.91 (n=23)
update=465 global_step=952320 SPS=655 w_ev=0.117 m_ev=0.985 m_v_bias=-4.5 m_adv_std=22.7050 m_kl_max=0.0063 m_ratio_max=0.407 w_ax@goal=+0.41 w_v@goal=4.07 return=970.1 length=86 success_rate=1.00 collisions/ep=0.67 (n=24)
Evaluation at update 465: return=1007.88, length=82.10, success_rate=1.00, collisions/ep=0.00
Solved-check at update 465: solved=False worst_gap=5.24 at p_x0=1.00 p_y0=-1.00 (consecutive=0)
update=466 global_step=954368 SPS=653 w_ev=0.126 m_ev=0.972 m_v_bias=-2.0 m_adv_std=31.0131 m_kl_max=0.0083 m_ratio_max=0.837 w_ax@goal=+0.73 w_v@goal=4.05 return=956.3 length=85 success_rate=1.00 collisions/ep=0.96 (n=24)
update=467 global_step=956416 SPS=654 w_ev=0.072 m_ev=0.950 m_v_bias=11.2 m_adv_std=43.5169 m_kl_max=0.0249 m_ratio_max=1.021 w_ax@goal=+0.37 w_v@goal=4.08 return=942.2 length=88 success_rate=1.00 collisions/ep=1.24 (n=25)
update=468 global_step=958464 SPS=654 w_ev=0.106 m_ev=0.979 m_v_bias=-6.2 m_adv_std=27.6167 m_kl_max=0.0043 m_ratio_max=0.389 w_ax@goal=+0.35 w_v@goal=4.01 return=959.7 length=87 success_rate=1.00 collisions/ep=0.87 (n=23)
update=469 global_step=960512 SPS=655 w_ev=0.075 m_ev=0.982 m_v_bias=3.4 m_adv_std=24.5484 m_kl_max=0.0132 m_ratio_max=0.595 w_ax@goal=+0.41 w_v@goal=4.09 return=960.7 length=92 success_rate=1.00 collisions/ep=0.81 (n=21)
update=470 global_step=962560 SPS=656 w_ev=0.098 m_ev=0.965 m_v_bias=5.3 m_adv_std=36.8254 m_kl_max=0.0150 m_ratio_max=0.648 w_ax@goal=+0.37 w_v@goal=4.15 return=951.2 length=88 success_rate=1.00 collisions/ep=1.04 (n=24)
Evaluation at update 470: return=1006.82, length=83.15, success_rate=1.00, collisions/ep=0.00
Solved-check at update 470: solved=False worst_gap=6.69 at p_x0=0.00 p_y0=1.00 (consecutive=0)
update=471 global_step=964608 SPS=654 w_ev=0.074 m_ev=0.979 m_v_bias=-2.6 m_adv_std=27.5484 m_kl_max=0.0107 m_ratio_max=0.894 w_ax@goal=+0.30 w_v@goal=4.06 return=960.4 length=90 success_rate=1.00 collisions/ep=0.83 (n=23)
update=472 global_step=966656 SPS=654 w_ev=0.088 m_ev=0.974 m_v_bias=3.3 m_adv_std=29.9322 m_kl_max=0.0058 m_ratio_max=0.479 w_ax@goal=+0.33 w_v@goal=4.09 return=954.6 length=89 success_rate=1.00 collisions/ep=0.96 (n=23)
update=473 global_step=968704 SPS=655 w_ev=0.131 m_ev=0.984 m_v_bias=-20.9 m_adv_std=23.1336 m_kl_max=0.0084 m_ratio_max=0.879 w_ax@goal=+0.54 w_v@goal=3.90 return=987.3 length=87 success_rate=1.00 collisions/ep=0.35 (n=23)
update=474 global_step=970752 SPS=655 w_ev=0.100 m_ev=0.954 m_v_bias=8.1 m_adv_std=40.6947 m_kl_max=0.0136 m_ratio_max=0.681 w_ax@goal=+0.37 w_v@goal=4.03 return=953.9 length=87 success_rate=1.00 collisions/ep=1.04 (n=24)
update=475 global_step=972800 SPS=656 w_ev=0.111 m_ev=0.958 m_v_bias=4.8 m_adv_std=38.8524 m_kl_max=0.0136 m_ratio_max=0.602 w_ax@goal=+0.40 w_v@goal=4.12 return=934.7 length=87 success_rate=1.00 collisions/ep=1.43 (n=23)
Evaluation at update 475: return=1009.33, length=80.60, success_rate=1.00, collisions/ep=0.00
Solved-check at update 475: solved=True worst_gap=3.88 at p_x0=0.00 p_y0=-0.50 (consecutive=0)
update=476 global_step=974848 SPS=654 w_ev=0.053 m_ev=0.978 m_v_bias=2.4 m_adv_std=27.6304 m_kl_max=0.0166 m_ratio_max=0.593 w_ax@goal=+0.47 w_v@goal=4.28 return=951.8 length=87 success_rate=1.00 collisions/ep=1.05 (n=22)
update=477 global_step=976896 SPS=655 w_ev=0.069 m_ev=0.962 m_v_bias=3.0 m_adv_std=37.9621 m_kl_max=0.0069 m_ratio_max=0.436 w_ax@goal=+0.35 w_v@goal=4.46 return=962.1 length=90 success_rate=1.00 collisions/ep=0.79 (n=24)
update=478 global_step=978944 SPS=655 w_ev=0.065 m_ev=0.980 m_v_bias=-1.8 m_adv_std=27.3622 m_kl_max=0.0144 m_ratio_max=0.536 w_ax@goal=+0.27 w_v@goal=4.11 return=948.6 length=90 success_rate=1.00 collisions/ep=1.04 (n=23)
update=479 global_step=980992 SPS=656 w_ev=0.086 m_ev=0.977 m_v_bias=1.9 m_adv_std=28.7340 m_kl_max=0.0131 m_ratio_max=0.489 w_ax@goal=+0.47 w_v@goal=4.20 return=963.5 length=92 success_rate=1.00 collisions/ep=0.74 (n=23)
update=480 global_step=983040 SPS=656 w_ev=0.132 m_ev=0.970 m_v_bias=3.7 m_adv_std=33.9564 m_kl_max=0.0121 m_ratio_max=0.896 w_ax@goal=+0.47 w_v@goal=3.93 return=931.1 length=91 success_rate=1.00 collisions/ep=1.41 (n=22)
Evaluation at update 480: return=1007.79, length=82.25, success_rate=1.00, collisions/ep=0.00
Solved-check at update 480: solved=False worst_gap=5.40 at p_x0=1.50 p_y0=0.00 (consecutive=1)
update=481 global_step=985088 SPS=654 w_ev=0.060 m_ev=0.923 m_v_bias=7.7 m_adv_std=54.1803 m_kl_max=0.0033 m_ratio_max=0.396 w_ax@goal=+0.40 w_v@goal=4.18 return=916.7 length=90 success_rate=1.00 collisions/ep=1.68 (n=22)
update=482 global_step=987136 SPS=655 w_ev=0.128 m_ev=0.944 m_v_bias=-3.7 m_adv_std=48.0403 m_kl_max=0.0062 m_ratio_max=0.526 w_ax@goal=+0.36 w_v@goal=4.16 return=944.5 length=91 success_rate=1.00 collisions/ep=1.12 (n=24)
update=483 global_step=989184 SPS=655 w_ev=0.066 m_ev=0.963 m_v_bias=1.0 m_adv_std=37.9931 m_kl_max=0.0189 m_ratio_max=0.889 w_ax@goal=+0.14 w_v@goal=4.11 return=931.4 length=91 success_rate=1.00 collisions/ep=1.43 (n=21)
update=484 global_step=991232 SPS=656 w_ev=0.098 m_ev=0.968 m_v_bias=-9.1 m_adv_std=34.5251 m_kl_max=0.0047 m_ratio_max=0.507 w_ax@goal=+0.42 w_v@goal=4.30 return=969.2 length=89 success_rate=1.00 collisions/ep=0.70 (n=23)
update=485 global_step=993280 SPS=656 w_ev=0.097 m_ev=0.962 m_v_bias=1.5 m_adv_std=37.3515 m_kl_max=0.0071 m_ratio_max=0.403 w_ax@goal=+0.31 w_v@goal=4.17 return=945.8 length=91 success_rate=1.00 collisions/ep=1.17 (n=24)
Evaluation at update 485: return=1009.49, length=80.65, success_rate=1.00, collisions/ep=0.00
Solved-check at update 485: solved=True worst_gap=3.60 at p_x0=2.00 p_y0=-0.50 (consecutive=0)
update=486 global_step=995328 SPS=654 w_ev=0.041 m_ev=0.970 m_v_bias=0.1 m_adv_std=33.2202 m_kl_max=0.0056 m_ratio_max=0.400 w_ax@goal=+0.27 w_v@goal=4.27 return=932.8 length=89 success_rate=1.00 collisions/ep=1.42 (n=24)
update=487 global_step=997376 SPS=655 w_ev=0.066 m_ev=0.934 m_v_bias=-1.5 m_adv_std=50.5974 m_kl_max=0.0079 m_ratio_max=0.540 w_ax@goal=+0.30 w_v@goal=4.13 return=932.8 length=87 success_rate=1.00 collisions/ep=1.50 (n=24)
update=488 global_step=999424 SPS=656 w_ev=0.078 m_ev=0.954 m_v_bias=-3.3 m_adv_std=41.7463 m_kl_max=0.0098 m_ratio_max=0.822 w_ax@goal=+0.29 w_v@goal=4.13 return=944.1 length=86 success_rate=1.00 collisions/ep=1.18 (n=22)
Saved checkpoints to C:\Users\loren\Desktop\MASTER THESIS\5_CODE\scenarios\slalom\scripts\scenarios/slalom/studies/blind_worker\coef_0\runs\hppo_slalom_5_1790410866
