Using device: cpu
Solved-check: precomputed optimal returns for 25 fixed initial conditions (mean=1013.0, min=1011.0, max=1015.0); solved-tolerance=5.0
num_envs=8 num_steps_per_env=256 worker_batch_size=2048 worker_minibatch_size=256 num_updates=488 timesteps=999424 (requested 1000000; 576 dropped by integer division)
update=1 global_step=2048 SPS=1378 w_ev=-0.050 m_ev=-0.000 m_v_bias=75.5 m_adv_std=229.0779 m_kl_max=0.0007 m_ratio_max=0.154 w_ax@goal=-0.09 w_v@goal=-0.11 return=-363.3 length=190 success_rate=0.25 collisions/ep=9.12 (n=8)
update=2 global_step=4096 SPS=1327 w_ev=0.003 m_ev=0.373 m_v_bias=17.0 m_adv_std=241.9955 m_kl_max=0.0018 m_ratio_max=0.278 w_ax@goal=-0.10 w_v@goal=0.12 return=-237.4 length=186 success_rate=0.38 collisions/ep=9.00 (n=8)
update=3 global_step=6144 SPS=1260 w_ev=0.053 m_ev=0.506 m_v_bias=10.5 m_adv_std=254.9576 m_kl_max=0.0017 m_ratio_max=0.200 w_ax@goal=-0.12 w_v@goal=0.06 return=-311.3 length=177 success_rate=0.33 collisions/ep=10.13 (n=15)
update=4 global_step=8192 SPS=1250 w_ev=0.057 m_ev=0.577 m_v_bias=33.3 m_adv_std=204.9121 m_kl_max=0.0014 m_ratio_max=0.180 w_ax@goal=-0.04 w_v@goal=0.08 return=-350.2 length=178 success_rate=0.30 collisions/ep=10.20 (n=10)
update=5 global_step=10240 SPS=1308 w_ev=0.122 m_ev=0.519 m_v_bias=37.4 m_adv_std=230.6803 m_kl_max=0.0021 m_ratio_max=0.210 w_ax@goal=+0.16 w_v@goal=0.16 return=-479.3 length=185 success_rate=0.30 collisions/ep=12.30 (n=10)
Evaluation at update 5: return=-4190.64, length=200.00, success_rate=0.00, collisions/ep=80.80
Solved-check at update 5: solved=False worst_gap=6512.56 at p_x0=0.00 p_y0=-1.00 (consecutive=0)
update=6 global_step=12288 SPS=660 w_ev=0.205 m_ev=0.685 m_v_bias=-65.1 m_adv_std=220.2383 m_kl_max=0.0022 m_ratio_max=0.293 w_ax@goal=-0.13 w_v@goal=0.27 return=-160.0 length=176 success_rate=0.46 collisions/ep=10.00 (n=13)
update=7 global_step=14336 SPS=729 w_ev=0.168 m_ev=0.413 m_v_bias=44.1 m_adv_std=289.7973 m_kl_max=0.0092 m_ratio_max=0.406 w_ax@goal=+0.17 w_v@goal=0.36 return=-634.5 length=178 success_rate=0.30 collisions/ep=16.00 (n=10)
update=8 global_step=16384 SPS=782 w_ev=0.154 m_ev=0.273 m_v_bias=44.5 m_adv_std=255.2424 m_kl_max=0.0279 m_ratio_max=1.833 w_ax@goal=+0.50 w_v@goal=0.85 return=-532.1 length=195 success_rate=0.17 collisions/ep=10.58 (n=12)
update=9 global_step=18432 SPS=832 w_ev=0.161 m_ev=0.621 m_v_bias=-83.5 m_adv_std=191.1983 m_kl_max=0.0195 m_ratio_max=0.571 w_ax@goal=+0.08 w_v@goal=0.91 return=-113.4 length=168 success_rate=0.38 collisions/ep=7.62 (n=13)
update=10 global_step=20480 SPS=873 w_ev=0.199 m_ev=0.560 m_v_bias=-22.0 m_adv_std=213.3503 m_kl_max=0.0211 m_ratio_max=0.815 w_ax@goal=+0.24 w_v@goal=1.38 return=-30.6 length=174 success_rate=0.55 collisions/ep=9.55 (n=11)
Evaluation at update 10: return=504.35, length=90.85, success_rate=1.00, collisions/ep=9.90
Solved-check at update 10: solved=False worst_gap=565.20 at p_x0=2.00 p_y0=0.50 (consecutive=0)
update=11 global_step=22528 SPS=797 w_ev=0.149 m_ev=0.762 m_v_bias=-114.0 m_adv_std=164.0228 m_kl_max=0.0243 m_ratio_max=0.651 w_ax@goal=+0.14 w_v@goal=1.61 return=294.6 length=143 success_rate=0.80 collisions/ep=8.87 (n=15)
update=12 global_step=24576 SPS=837 w_ev=0.141 m_ev=0.613 m_v_bias=-30.4 m_adv_std=223.3343 m_kl_max=0.0411 m_ratio_max=0.853 w_ax@goal=+0.04 w_v@goal=1.93 return=480.8 length=126 success_rate=1.00 collisions/ep=9.69 (n=16)
update=13 global_step=26624 SPS=873 w_ev=0.116 m_ev=0.834 m_v_bias=-86.9 m_adv_std=127.9941 m_kl_max=0.0283 m_ratio_max=0.651 w_ax@goal=+0.38 w_v@goal=2.16 return=653.5 length=125 success_rate=1.00 collisions/ep=6.24 (n=17)
update=14 global_step=28672 SPS=910 w_ev=0.046 m_ev=0.852 m_v_bias=-4.4 m_adv_std=120.0016 m_kl_max=0.0247 m_ratio_max=0.594 w_ax@goal=+0.34 w_v@goal=2.47 return=577.8 length=117 success_rate=0.94 collisions/ep=6.83 (n=18)
update=15 global_step=30720 SPS=942 w_ev=0.063 m_ev=0.478 m_v_bias=-25.5 m_adv_std=235.1336 m_kl_max=0.0216 m_ratio_max=0.767 w_ax@goal=+0.44 w_v@goal=2.81 return=687.6 length=115 success_rate=1.00 collisions/ep=5.79 (n=19)
Evaluation at update 15: return=601.55, length=81.15, success_rate=1.00, collisions/ep=8.15
Solved-check at update 15: solved=False worst_gap=503.63 at p_x0=2.00 p_y0=-1.00 (consecutive=0)
update=16 global_step=32768 SPS=887 w_ev=0.052 m_ev=0.761 m_v_bias=-15.2 m_adv_std=132.3642 m_kl_max=0.0183 m_ratio_max=0.633 w_ax@goal=+0.51 w_v@goal=3.08 return=691.1 length=97 success_rate=1.00 collisions/ep=6.10 (n=21)
update=17 global_step=34816 SPS=911 w_ev=0.067 m_ev=0.793 m_v_bias=-16.1 m_adv_std=122.0994 m_kl_max=0.0164 m_ratio_max=0.619 w_ax@goal=+0.52 w_v@goal=3.26 return=777.3 length=93 success_rate=1.00 collisions/ep=4.43 (n=21)
update=18 global_step=36864 SPS=934 w_ev=0.002 m_ev=0.858 m_v_bias=-12.3 m_adv_std=94.9382 m_kl_max=0.0138 m_ratio_max=0.523 w_ax@goal=+0.28 w_v@goal=3.45 return=733.7 length=98 success_rate=1.00 collisions/ep=5.20 (n=20)
update=19 global_step=38912 SPS=960 w_ev=0.041 m_ev=0.833 m_v_bias=14.1 m_adv_std=108.0994 m_kl_max=0.0146 m_ratio_max=0.493 w_ax@goal=+0.56 w_v@goal=3.79 return=713.4 length=95 success_rate=1.00 collisions/ep=5.71 (n=24)
update=20 global_step=40960 SPS=985 w_ev=0.002 m_ev=0.804 m_v_bias=-14.2 m_adv_std=111.5777 m_kl_max=0.0122 m_ratio_max=0.563 w_ax@goal=+0.76 w_v@goal=3.92 return=766.9 length=88 success_rate=1.00 collisions/ep=4.70 (n=23)
Evaluation at update 20: return=755.29, length=79.80, success_rate=1.00, collisions/ep=5.10
Solved-check at update 20: solved=False worst_gap=452.94 at p_x0=0.00 p_y0=-0.50 (consecutive=0)
update=21 global_step=43008 SPS=929 w_ev=0.042 m_ev=0.837 m_v_bias=-12.3 m_adv_std=101.6398 m_kl_max=0.0085 m_ratio_max=0.399 w_ax@goal=+0.50 w_v@goal=3.87 return=830.6 length=89 success_rate=1.00 collisions/ep=3.48 (n=23)
update=22 global_step=45056 SPS=949 w_ev=0.042 m_ev=0.892 m_v_bias=-21.1 m_adv_std=79.3496 m_kl_max=0.0157 m_ratio_max=0.457 w_ax@goal=+0.70 w_v@goal=4.11 return=820.2 length=92 success_rate=1.00 collisions/ep=3.61 (n=23)
update=23 global_step=47104 SPS=965 w_ev=0.074 m_ev=0.838 m_v_bias=12.4 m_adv_std=98.5288 m_kl_max=0.0214 m_ratio_max=0.641 w_ax@goal=+0.64 w_v@goal=4.07 return=817.4 length=88 success_rate=1.00 collisions/ep=3.71 (n=24)
update=24 global_step=49152 SPS=984 w_ev=0.048 m_ev=0.886 m_v_bias=-20.0 m_adv_std=75.9771 m_kl_max=0.0163 m_ratio_max=0.710 w_ax@goal=+0.58 w_v@goal=3.99 return=840.6 length=87 success_rate=1.00 collisions/ep=3.26 (n=23)
update=25 global_step=51200 SPS=1002 w_ev=0.095 m_ev=0.912 m_v_bias=-2.6 m_adv_std=68.4631 m_kl_max=0.0174 m_ratio_max=0.540 w_ax@goal=+0.54 w_v@goal=4.01 return=851.6 length=90 success_rate=1.00 collisions/ep=3.05 (n=22)
Evaluation at update 25: return=950.39, length=79.75, success_rate=1.00, collisions/ep=1.20
Solved-check at update 25: solved=False worst_gap=302.32 at p_x0=0.50 p_y0=0.50 (consecutive=0)
update=26 global_step=53248 SPS=960 w_ev=0.046 m_ev=0.905 m_v_bias=-14.6 m_adv_std=65.8565 m_kl_max=0.0113 m_ratio_max=0.597 w_ax@goal=+0.75 w_v@goal=4.19 return=898.8 length=88 success_rate=1.00 collisions/ep=2.08 (n=24)
update=27 global_step=55296 SPS=978 w_ev=0.035 m_ev=0.887 m_v_bias=8.4 m_adv_std=73.8111 m_kl_max=0.0057 m_ratio_max=0.332 w_ax@goal=+0.61 w_v@goal=4.13 return=859.0 length=90 success_rate=1.00 collisions/ep=2.87 (n=23)
update=28 global_step=57344 SPS=996 w_ev=0.049 m_ev=0.907 m_v_bias=-4.9 m_adv_std=65.6247 m_kl_max=0.0158 m_ratio_max=0.602 w_ax@goal=+0.59 w_v@goal=4.10 return=883.4 length=88 success_rate=1.00 collisions/ep=2.39 (n=23)
update=29 global_step=59392 SPS=1010 w_ev=0.076 m_ev=0.872 m_v_bias=6.7 m_adv_std=80.1163 m_kl_max=0.0143 m_ratio_max=0.752 w_ax@goal=+0.43 w_v@goal=4.16 return=880.3 length=86 success_rate=1.00 collisions/ep=2.50 (n=24)
update=30 global_step=61440 SPS=1028 w_ev=0.135 m_ev=0.917 m_v_bias=-0.2 m_adv_std=61.8673 m_kl_max=0.0167 m_ratio_max=0.724 w_ax@goal=+0.55 w_v@goal=3.93 return=865.4 length=89 success_rate=1.00 collisions/ep=2.75 (n=24)
Evaluation at update 30: return=927.90, length=79.80, success_rate=1.00, collisions/ep=1.65
Solved-check at update 30: solved=False worst_gap=402.73 at p_x0=0.00 p_y0=0.50 (consecutive=0)
update=31 global_step=63488 SPS=995 w_ev=0.109 m_ev=0.931 m_v_bias=-21.1 m_adv_std=52.5266 m_kl_max=0.0107 m_ratio_max=0.654 w_ax@goal=+0.72 w_v@goal=4.06 return=919.7 length=85 success_rate=1.00 collisions/ep=1.74 (n=23)
update=32 global_step=65536 SPS=1010 w_ev=0.038 m_ev=0.897 m_v_bias=16.8 m_adv_std=71.3632 m_kl_max=0.0137 m_ratio_max=0.544 w_ax@goal=+0.50 w_v@goal=4.28 return=852.0 length=86 success_rate=1.00 collisions/ep=3.08 (n=24)
update=33 global_step=67584 SPS=1028 w_ev=0.095 m_ev=0.956 m_v_bias=-10.7 m_adv_std=43.9546 m_kl_max=0.0136 m_ratio_max=0.844 w_ax@goal=+0.59 w_v@goal=4.13 return=888.8 length=86 success_rate=1.00 collisions/ep=2.35 (n=23)
update=34 global_step=69632 SPS=1045 w_ev=0.165 m_ev=0.926 m_v_bias=3.6 m_adv_std=58.3975 m_kl_max=0.0237 m_ratio_max=0.671 w_ax@goal=+0.57 w_v@goal=4.17 return=881.1 length=88 success_rate=1.00 collisions/ep=2.50 (n=24)
update=35 global_step=71680 SPS=1061 w_ev=0.141 m_ev=0.925 m_v_bias=-3.1 m_adv_std=56.3660 m_kl_max=0.0063 m_ratio_max=0.330 w_ax@goal=+0.81 w_v@goal=4.18 return=891.5 length=85 success_rate=1.00 collisions/ep=2.33 (n=24)
Evaluation at update 35: return=975.71, length=79.35, success_rate=1.00, collisions/ep=0.70
Solved-check at update 35: solved=False worst_gap=251.83 at p_x0=0.50 p_y0=1.00 (consecutive=0)
update=36 global_step=73728 SPS=1034 w_ev=0.204 m_ev=0.949 m_v_bias=3.2 m_adv_std=47.7390 m_kl_max=0.0288 m_ratio_max=0.835 w_ax@goal=+0.59 w_v@goal=4.11 return=896.9 length=88 success_rate=1.00 collisions/ep=2.17 (n=24)
update=37 global_step=75776 SPS=1047 w_ev=0.192 m_ev=0.907 m_v_bias=5.8 m_adv_std=64.0440 m_kl_max=0.0071 m_ratio_max=0.484 w_ax@goal=+0.52 w_v@goal=4.07 return=899.2 length=87 success_rate=1.00 collisions/ep=2.09 (n=23)
update=38 global_step=77824 SPS=1060 w_ev=0.129 m_ev=0.941 m_v_bias=-21.8 m_adv_std=48.8620 m_kl_max=0.0136 m_ratio_max=0.935 w_ax@goal=+0.49 w_v@goal=4.14 return=913.8 length=88 success_rate=1.00 collisions/ep=1.83 (n=24)
update=39 global_step=79872 SPS=1072 w_ev=0.074 m_ev=0.898 m_v_bias=14.9 m_adv_std=68.7729 m_kl_max=0.0111 m_ratio_max=0.486 w_ax@goal=+0.63 w_v@goal=4.12 return=882.8 length=84 success_rate=1.00 collisions/ep=2.46 (n=24)
update=40 global_step=81920 SPS=1085 w_ev=0.089 m_ev=0.837 m_v_bias=11.5 m_adv_std=91.0222 m_kl_max=0.0146 m_ratio_max=0.478 w_ax@goal=+0.64 w_v@goal=3.87 return=849.8 length=88 success_rate=1.00 collisions/ep=3.09 (n=23)
Evaluation at update 40: return=952.50, length=80.10, success_rate=1.00, collisions/ep=1.15
Solved-check at update 40: solved=False worst_gap=402.97 at p_x0=0.00 p_y0=0.50 (consecutive=0)
update=41 global_step=83968 SPS=1057 w_ev=0.085 m_ev=0.894 m_v_bias=-6.3 m_adv_std=71.4024 m_kl_max=0.0102 m_ratio_max=0.624 w_ax@goal=+0.50 w_v@goal=4.16 return=890.3 length=87 success_rate=1.00 collisions/ep=2.35 (n=23)
update=42 global_step=86016 SPS=1070 w_ev=0.110 m_ev=0.924 m_v_bias=-5.2 m_adv_std=57.6146 m_kl_max=0.0107 m_ratio_max=0.569 w_ax@goal=+0.55 w_v@goal=4.24 return=880.0 length=85 success_rate=1.00 collisions/ep=2.50 (n=24)
update=43 global_step=88064 SPS=1079 w_ev=0.111 m_ev=0.932 m_v_bias=2.9 m_adv_std=55.5098 m_kl_max=0.0149 m_ratio_max=1.169 w_ax@goal=+0.39 w_v@goal=4.29 return=902.6 length=89 success_rate=1.00 collisions/ep=2.00 (n=23)
update=44 global_step=90112 SPS=1091 w_ev=0.130 m_ev=0.917 m_v_bias=1.6 m_adv_std=63.1665 m_kl_max=0.0121 m_ratio_max=0.637 w_ax@goal=+0.54 w_v@goal=4.14 return=873.8 length=86 success_rate=1.00 collisions/ep=2.64 (n=22)
update=45 global_step=92160 SPS=1103 w_ev=0.119 m_ev=0.968 m_v_bias=-20.8 m_adv_std=36.5661 m_kl_max=0.0163 m_ratio_max=0.703 w_ax@goal=+0.53 w_v@goal=4.30 return=925.1 length=88 success_rate=1.00 collisions/ep=1.60 (n=25)
Evaluation at update 45: return=950.46, length=79.70, success_rate=1.00, collisions/ep=1.20
Solved-check at update 45: solved=False worst_gap=202.41 at p_x0=0.50 p_y0=0.50 (consecutive=0)
update=46 global_step=94208 SPS=1077 w_ev=0.180 m_ev=0.902 m_v_bias=11.8 m_adv_std=65.5496 m_kl_max=0.0041 m_ratio_max=0.394 w_ax@goal=+0.49 w_v@goal=4.23 return=901.0 length=86 success_rate=1.00 collisions/ep=2.09 (n=22)
update=47 global_step=96256 SPS=1089 w_ev=0.153 m_ev=0.935 m_v_bias=-10.8 m_adv_std=50.4396 m_kl_max=0.0222 m_ratio_max=1.499 w_ax@goal=+0.71 w_v@goal=4.22 return=905.5 length=86 success_rate=1.00 collisions/ep=2.00 (n=25)
update=48 global_step=98304 SPS=1101 w_ev=0.172 m_ev=0.926 m_v_bias=1.2 m_adv_std=55.9953 m_kl_max=0.0159 m_ratio_max=0.578 w_ax@goal=+0.73 w_v@goal=4.26 return=890.0 length=87 success_rate=1.00 collisions/ep=2.39 (n=23)
update=49 global_step=100352 SPS=1110 w_ev=0.153 m_ev=0.934 m_v_bias=-3.3 m_adv_std=52.0363 m_kl_max=0.0040 m_ratio_max=0.473 w_ax@goal=+0.56 w_v@goal=4.43 return=926.4 length=86 success_rate=1.00 collisions/ep=1.62 (n=24)
update=50 global_step=102400 SPS=1120 w_ev=0.106 m_ev=0.897 m_v_bias=18.4 m_adv_std=67.3726 m_kl_max=0.0143 m_ratio_max=0.605 w_ax@goal=+0.69 w_v@goal=4.26 return=900.0 length=85 success_rate=1.00 collisions/ep=2.13 (n=23)
Evaluation at update 50: return=975.61, length=79.45, success_rate=1.00, collisions/ep=0.70
Solved-check at update 50: solved=False worst_gap=152.55 at p_x0=0.00 p_y0=0.00 (consecutive=0)
update=51 global_step=104448 SPS=1097 w_ev=0.135 m_ev=0.976 m_v_bias=-19.2 m_adv_std=31.1857 m_kl_max=0.0089 m_ratio_max=0.427 w_ax@goal=+0.48 w_v@goal=4.35 return=919.2 length=83 success_rate=1.00 collisions/ep=1.77 (n=26)
update=52 global_step=106496 SPS=1107 w_ev=0.153 m_ev=0.933 m_v_bias=10.6 m_adv_std=55.6593 m_kl_max=0.0145 m_ratio_max=0.681 w_ax@goal=+0.75 w_v@goal=4.23 return=900.9 length=88 success_rate=1.00 collisions/ep=2.08 (n=25)
update=53 global_step=108544 SPS=1118 w_ev=0.179 m_ev=0.939 m_v_bias=-1.1 m_adv_std=49.4325 m_kl_max=0.0193 m_ratio_max=0.749 w_ax@goal=+0.47 w_v@goal=4.10 return=929.8 length=87 success_rate=1.00 collisions/ep=1.48 (n=23)
update=54 global_step=110592 SPS=1128 w_ev=0.198 m_ev=0.924 m_v_bias=2.9 m_adv_std=58.2381 m_kl_max=0.0141 m_ratio_max=0.630 w_ax@goal=+0.52 w_v@goal=4.04 return=900.3 length=86 success_rate=1.00 collisions/ep=2.17 (n=24)
update=55 global_step=112640 SPS=1138 w_ev=0.056 m_ev=0.943 m_v_bias=-0.1 m_adv_std=49.4345 m_kl_max=0.0201 m_ratio_max=0.718 w_ax@goal=+0.49 w_v@goal=4.14 return=908.7 length=87 success_rate=1.00 collisions/ep=1.90 (n=21)
Evaluation at update 55: return=956.62, length=81.00, success_rate=1.00, collisions/ep=1.05
Solved-check at update 55: solved=False worst_gap=153.81 at p_x0=0.50 p_y0=0.50 (consecutive=0)
update=56 global_step=114688 SPS=1114 w_ev=0.147 m_ev=0.925 m_v_bias=15.5 m_adv_std=60.8899 m_kl_max=0.0225 m_ratio_max=0.940 w_ax@goal=+0.54 w_v@goal=4.21 return=859.2 length=89 success_rate=1.00 collisions/ep=2.96 (n=23)
update=57 global_step=116736 SPS=1122 w_ev=0.113 m_ev=0.938 m_v_bias=-33.6 m_adv_std=49.5134 m_kl_max=0.0080 m_ratio_max=0.593 w_ax@goal=+0.57 w_v@goal=4.35 return=913.5 length=85 success_rate=1.00 collisions/ep=1.83 (n=23)
update=58 global_step=118784 SPS=1129 w_ev=0.129 m_ev=0.871 m_v_bias=11.1 m_adv_std=81.3865 m_kl_max=0.0060 m_ratio_max=0.317 w_ax@goal=+0.54 w_v@goal=4.45 return=900.5 length=85 success_rate=1.00 collisions/ep=2.08 (n=26)
update=59 global_step=120832 SPS=1138 w_ev=0.153 m_ev=0.924 m_v_bias=-6.1 m_adv_std=58.0492 m_kl_max=0.0091 m_ratio_max=0.499 w_ax@goal=+0.76 w_v@goal=4.38 return=920.5 length=86 success_rate=1.00 collisions/ep=1.71 (n=24)
update=60 global_step=122880 SPS=1146 w_ev=0.145 m_ev=0.897 m_v_bias=9.8 m_adv_std=69.8756 m_kl_max=0.0090 m_ratio_max=0.477 w_ax@goal=+0.55 w_v@goal=4.39 return=862.7 length=88 success_rate=1.00 collisions/ep=2.83 (n=23)
Evaluation at update 60: return=1001.16, length=81.55, success_rate=1.00, collisions/ep=0.15
Solved-check at update 60: solved=False worst_gap=54.53 at p_x0=0.00 p_y0=0.50 (consecutive=0)
update=61 global_step=124928 SPS=1122 w_ev=0.140 m_ev=0.948 m_v_bias=-13.1 m_adv_std=45.8071 m_kl_max=0.0175 m_ratio_max=1.188 w_ax@goal=+0.37 w_v@goal=4.33 return=952.5 length=92 success_rate=1.00 collisions/ep=1.00 (n=22)
update=62 global_step=126976 SPS=1130 w_ev=0.165 m_ev=0.945 m_v_bias=-0.6 m_adv_std=47.3036 m_kl_max=0.0183 m_ratio_max=0.843 w_ax@goal=+0.41 w_v@goal=4.22 return=930.7 length=92 success_rate=1.00 collisions/ep=1.48 (n=23)
update=63 global_step=129024 SPS=1139 w_ev=0.170 m_ev=0.910 m_v_bias=17.2 m_adv_std=63.5575 m_kl_max=0.0162 m_ratio_max=0.770 w_ax@goal=+0.51 w_v@goal=4.32 return=862.5 length=85 success_rate=1.00 collisions/ep=2.84 (n=25)
update=64 global_step=131072 SPS=1145 w_ev=0.146 m_ev=0.953 m_v_bias=-9.0 m_adv_std=44.4769 m_kl_max=0.0058 m_ratio_max=0.376 w_ax@goal=+0.56 w_v@goal=4.23 return=914.9 length=86 success_rate=1.00 collisions/ep=1.78 (n=23)
update=65 global_step=133120 SPS=1152 w_ev=0.138 m_ev=0.955 m_v_bias=-6.4 m_adv_std=42.4912 m_kl_max=0.0166 m_ratio_max=0.619 w_ax@goal=+0.48 w_v@goal=4.30 return=941.2 length=87 success_rate=1.00 collisions/ep=1.35 (n=23)
Evaluation at update 65: return=992.26, length=80.30, success_rate=1.00, collisions/ep=0.35
Solved-check at update 65: solved=False worst_gap=53.12 at p_x0=0.00 p_y0=1.00 (consecutive=0)
update=66 global_step=135168 SPS=1129 w_ev=0.097 m_ev=0.921 m_v_bias=15.0 m_adv_std=57.8565 m_kl_max=0.0117 m_ratio_max=0.527 w_ax@goal=+0.50 w_v@goal=4.30 return=904.9 length=89 success_rate=1.00 collisions/ep=1.96 (n=24)
update=67 global_step=137216 SPS=1137 w_ev=0.130 m_ev=0.952 m_v_bias=-18.6 m_adv_std=41.8988 m_kl_max=0.0150 m_ratio_max=0.740 w_ax@goal=+0.52 w_v@goal=4.11 return=929.0 length=88 success_rate=1.00 collisions/ep=1.48 (n=21)
update=68 global_step=139264 SPS=1146 w_ev=0.115 m_ev=0.918 m_v_bias=11.4 m_adv_std=59.5078 m_kl_max=0.0133 m_ratio_max=0.496 w_ax@goal=+0.48 w_v@goal=4.38 return=922.9 length=89 success_rate=1.00 collisions/ep=1.58 (n=24)
update=69 global_step=141312 SPS=1152 w_ev=0.122 m_ev=0.973 m_v_bias=-10.4 m_adv_std=30.9149 m_kl_max=0.0043 m_ratio_max=0.403 w_ax@goal=+0.32 w_v@goal=4.20 return=957.6 length=89 success_rate=1.00 collisions/ep=0.91 (n=23)
update=70 global_step=143360 SPS=1159 w_ev=0.171 m_ev=0.954 m_v_bias=-5.7 m_adv_std=41.4601 m_kl_max=0.0087 m_ratio_max=0.815 w_ax@goal=+0.54 w_v@goal=4.14 return=956.3 length=87 success_rate=1.00 collisions/ep=1.00 (n=24)
Evaluation at update 70: return=1002.12, length=80.50, success_rate=1.00, collisions/ep=0.15
Solved-check at update 70: solved=False worst_gap=53.52 at p_x0=0.00 p_y0=0.50 (consecutive=0)
update=71 global_step=145408 SPS=1133 w_ev=0.127 m_ev=0.932 m_v_bias=11.7 m_adv_std=53.3685 m_kl_max=0.0220 m_ratio_max=1.090 w_ax@goal=+0.60 w_v@goal=4.10 return=908.3 length=87 success_rate=1.00 collisions/ep=1.92 (n=24)
update=72 global_step=147456 SPS=1139 w_ev=0.141 m_ev=0.965 m_v_bias=-12.9 m_adv_std=37.4446 m_kl_max=0.0268 m_ratio_max=0.836 w_ax@goal=+0.59 w_v@goal=3.99 return=945.3 length=88 success_rate=1.00 collisions/ep=1.25 (n=24)
update=73 global_step=149504 SPS=1145 w_ev=0.152 m_ev=0.942 m_v_bias=10.0 m_adv_std=48.6294 m_kl_max=0.0099 m_ratio_max=0.476 w_ax@goal=+0.65 w_v@goal=3.93 return=899.2 length=86 success_rate=1.00 collisions/ep=2.18 (n=22)
update=74 global_step=151552 SPS=1152 w_ev=0.158 m_ev=0.977 m_v_bias=-10.7 m_adv_std=29.0065 m_kl_max=0.0320 m_ratio_max=0.960 w_ax@goal=+0.56 w_v@goal=4.12 return=959.6 length=87 success_rate=1.00 collisions/ep=0.92 (n=24)
update=75 global_step=153600 SPS=1156 w_ev=0.132 m_ev=0.969 m_v_bias=3.1 m_adv_std=34.5694 m_kl_max=0.0198 m_ratio_max=0.798 w_ax@goal=+0.47 w_v@goal=4.05 return=941.4 length=87 success_rate=1.00 collisions/ep=1.25 (n=24)
Evaluation at update 75: return=1009.76, length=80.35, success_rate=1.00, collisions/ep=0.00
Solved-check at update 75: solved=False worst_gap=52.88 at p_x0=0.00 p_y0=1.00 (consecutive=0)
update=76 global_step=155648 SPS=1138 w_ev=0.197 m_ev=0.938 m_v_bias=6.6 m_adv_std=48.6279 m_kl_max=0.0292 m_ratio_max=0.771 w_ax@goal=+0.53 w_v@goal=3.92 return=944.1 length=87 success_rate=1.00 collisions/ep=1.21 (n=24)
update=77 global_step=157696 SPS=1143 w_ev=0.181 m_ev=0.950 m_v_bias=-1.0 m_adv_std=42.5114 m_kl_max=0.0137 m_ratio_max=1.062 w_ax@goal=+0.43 w_v@goal=3.91 return=917.8 length=86 success_rate=1.00 collisions/ep=1.75 (n=24)
update=78 global_step=159744 SPS=1151 w_ev=0.141 m_ev=0.967 m_v_bias=-1.2 m_adv_std=33.7808 m_kl_max=0.0044 m_ratio_max=0.291 w_ax@goal=+0.53 w_v@goal=4.08 return=953.0 length=84 success_rate=1.00 collisions/ep=1.17 (n=24)
update=79 global_step=161792 SPS=1157 w_ev=0.170 m_ev=0.902 m_v_bias=19.4 m_adv_std=65.2364 m_kl_max=0.0322 m_ratio_max=1.247 w_ax@goal=+0.48 w_v@goal=3.95 return=910.2 length=88 success_rate=1.00 collisions/ep=1.92 (n=24)
update=80 global_step=163840 SPS=1163 w_ev=0.148 m_ev=0.919 m_v_bias=-4.4 m_adv_std=56.8093 m_kl_max=0.0266 m_ratio_max=0.833 w_ax@goal=+0.43 w_v@goal=3.91 return=905.0 length=86 success_rate=1.00 collisions/ep=2.00 (n=24)
Evaluation at update 80: return=1007.44, length=80.25, success_rate=1.00, collisions/ep=0.05
Solved-check at update 80: solved=False worst_gap=53.06 at p_x0=0.00 p_y0=0.50 (consecutive=0)
update=81 global_step=165888 SPS=1147 w_ev=0.150 m_ev=0.938 m_v_bias=-6.7 m_adv_std=48.0108 m_kl_max=0.0168 m_ratio_max=0.568 w_ax@goal=+0.49 w_v@goal=3.99 return=915.7 length=87 success_rate=1.00 collisions/ep=1.79 (n=24)
update=82 global_step=167936 SPS=1153 w_ev=0.139 m_ev=0.952 m_v_bias=-10.3 m_adv_std=41.5502 m_kl_max=0.0066 m_ratio_max=0.427 w_ax@goal=+0.74 w_v@goal=3.93 return=948.2 length=84 success_rate=1.00 collisions/ep=1.17 (n=24)
update=83 global_step=169984 SPS=1160 w_ev=0.143 m_ev=0.951 m_v_bias=2.5 m_adv_std=42.4731 m_kl_max=0.0160 m_ratio_max=0.550 w_ax@goal=+0.58 w_v@goal=3.97 return=944.0 length=84 success_rate=1.00 collisions/ep=1.29 (n=24)
update=84 global_step=172032 SPS=1165 w_ev=0.165 m_ev=0.969 m_v_bias=-0.1 m_adv_std=32.0556 m_kl_max=0.0143 m_ratio_max=0.566 w_ax@goal=+0.61 w_v@goal=3.87 return=958.0 length=85 success_rate=1.00 collisions/ep=0.96 (n=23)
update=85 global_step=174080 SPS=1171 w_ev=0.217 m_ev=0.902 m_v_bias=14.3 m_adv_std=62.8564 m_kl_max=0.0280 m_ratio_max=1.242 w_ax@goal=+0.64 w_v@goal=3.79 return=902.4 length=86 success_rate=1.00 collisions/ep=2.08 (n=25)
Evaluation at update 85: return=1010.62, length=79.50, success_rate=1.00, collisions/ep=0.00
Solved-check at update 85: solved=False worst_gap=52.08 at p_x0=0.00 p_y0=1.00 (consecutive=0)
update=86 global_step=176128 SPS=1154 w_ev=0.164 m_ev=0.924 m_v_bias=6.3 m_adv_std=56.7880 m_kl_max=0.0152 m_ratio_max=0.482 w_ax@goal=+0.54 w_v@goal=3.90 return=904.0 length=85 success_rate=1.00 collisions/ep=2.04 (n=23)
update=87 global_step=178176 SPS=1160 w_ev=0.167 m_ev=0.944 m_v_bias=2.9 m_adv_std=47.7341 m_kl_max=0.0173 m_ratio_max=0.543 w_ax@goal=+0.53 w_v@goal=3.99 return=902.3 length=86 success_rate=1.00 collisions/ep=2.08 (n=24)
update=88 global_step=180224 SPS=1165 w_ev=0.137 m_ev=0.914 m_v_bias=-17.7 m_adv_std=56.7104 m_kl_max=0.0133 m_ratio_max=0.639 w_ax@goal=+0.60 w_v@goal=4.11 return=933.4 length=85 success_rate=1.00 collisions/ep=1.50 (n=22)
update=89 global_step=182272 SPS=1171 w_ev=0.174 m_ev=0.935 m_v_bias=-2.3 m_adv_std=49.2673 m_kl_max=0.0088 m_ratio_max=0.563 w_ax@goal=+0.57 w_v@goal=4.18 return=946.0 length=86 success_rate=1.00 collisions/ep=1.24 (n=25)
update=90 global_step=184320 SPS=1176 w_ev=0.118 m_ev=0.947 m_v_bias=-3.1 m_adv_std=43.4313 m_kl_max=0.0248 m_ratio_max=1.182 w_ax@goal=+0.58 w_v@goal=4.20 return=947.1 length=85 success_rate=1.00 collisions/ep=1.25 (n=24)
Evaluation at update 90: return=1010.57, length=79.50, success_rate=1.00, collisions/ep=0.00
Solved-check at update 90: solved=True worst_gap=2.88 at p_x0=0.00 p_y0=-0.50 (consecutive=0)
update=91 global_step=186368 SPS=1161 w_ev=0.166 m_ev=0.976 m_v_bias=-9.8 m_adv_std=28.6403 m_kl_max=0.0115 m_ratio_max=0.827 w_ax@goal=+0.72 w_v@goal=4.22 return=963.6 length=82 success_rate=1.00 collisions/ep=0.88 (n=25)
update=92 global_step=188416 SPS=1166 w_ev=0.198 m_ev=0.980 m_v_bias=-0.6 m_adv_std=25.9670 m_kl_max=0.0107 m_ratio_max=0.740 w_ax@goal=+0.80 w_v@goal=4.09 return=964.8 length=83 success_rate=1.00 collisions/ep=0.86 (n=28)
update=93 global_step=190464 SPS=1170 w_ev=0.189 m_ev=0.974 m_v_bias=5.6 m_adv_std=29.3110 m_kl_max=0.0074 m_ratio_max=0.567 w_ax@goal=+0.53 w_v@goal=3.88 return=958.2 length=86 success_rate=1.00 collisions/ep=1.10 (n=21)
update=94 global_step=192512 SPS=1177 w_ev=0.209 m_ev=0.967 m_v_bias=8.7 m_adv_std=33.6260 m_kl_max=0.0138 m_ratio_max=0.604 w_ax@goal=+0.57 w_v@goal=3.98 return=937.4 length=84 success_rate=1.00 collisions/ep=1.48 (n=25)
update=95 global_step=194560 SPS=1182 w_ev=0.185 m_ev=0.967 m_v_bias=-4.3 m_adv_std=34.6150 m_kl_max=0.0110 m_ratio_max=0.563 w_ax@goal=+0.56 w_v@goal=4.12 return=947.7 length=86 success_rate=1.00 collisions/ep=1.20 (n=25)
Evaluation at update 95: return=1010.95, length=79.15, success_rate=1.00, collisions/ep=0.00
Solved-check at update 95: solved=True worst_gap=2.34 at p_x0=0.00 p_y0=-1.00 (consecutive=1)
Solved criterion held for 2 consecutive evals (tolerance=5.0) at global_step=194560.
update=96 global_step=196608 SPS=1167 w_ev=0.195 m_ev=0.954 m_v_bias=-9.1 m_adv_std=39.7252 m_kl_max=0.0236 m_ratio_max=0.700 w_ax@goal=+0.73 w_v@goal=4.12 return=958.7 length=82 success_rate=1.00 collisions/ep=1.00 (n=24)
update=97 global_step=198656 SPS=1172 w_ev=0.189 m_ev=0.971 m_v_bias=2.4 m_adv_std=30.4659 m_kl_max=0.0154 m_ratio_max=1.131 w_ax@goal=+0.83 w_v@goal=4.19 return=966.6 length=83 success_rate=1.00 collisions/ep=0.87 (n=23)
update=98 global_step=200704 SPS=1177 w_ev=0.174 m_ev=0.943 m_v_bias=2.1 m_adv_std=45.1871 m_kl_max=0.0129 m_ratio_max=0.846 w_ax@goal=+0.89 w_v@goal=4.18 return=946.1 length=84 success_rate=1.00 collisions/ep=1.29 (n=24)
update=99 global_step=202752 SPS=1183 w_ev=0.202 m_ev=0.975 m_v_bias=0.5 m_adv_std=28.5209 m_kl_max=0.0349 m_ratio_max=1.236 w_ax@goal=+0.65 w_v@goal=4.27 return=960.7 length=84 success_rate=1.00 collisions/ep=0.96 (n=24)
update=100 global_step=204800 SPS=1187 w_ev=0.173 m_ev=0.962 m_v_bias=-6.3 m_adv_std=34.8959 m_kl_max=0.0190 m_ratio_max=0.828 w_ax@goal=+0.81 w_v@goal=4.23 return=960.9 length=82 success_rate=1.00 collisions/ep=0.96 (n=25)
Evaluation at update 100: return=1010.86, length=79.15, success_rate=1.00, collisions/ep=0.00
Solved-check at update 100: solved=True worst_gap=2.39 at p_x0=0.00 p_y0=-1.00 (consecutive=2)
update=101 global_step=206848 SPS=1173 w_ev=0.145 m_ev=0.964 m_v_bias=-0.7 m_adv_std=34.0535 m_kl_max=0.0113 m_ratio_max=0.797 w_ax@goal=+0.60 w_v@goal=4.28 return=968.4 length=85 success_rate=1.00 collisions/ep=0.81 (n=26)
update=102 global_step=208896 SPS=1178 w_ev=0.183 m_ev=0.956 m_v_bias=3.1 m_adv_std=39.0664 m_kl_max=0.0072 m_ratio_max=0.530 w_ax@goal=+0.69 w_v@goal=4.21 return=964.7 length=84 success_rate=1.00 collisions/ep=0.88 (n=26)
update=103 global_step=210944 SPS=1183 w_ev=0.187 m_ev=0.958 m_v_bias=0.7 m_adv_std=35.6943 m_kl_max=0.0116 m_ratio_max=0.639 w_ax@goal=+0.71 w_v@goal=4.08 return=961.8 length=83 success_rate=1.00 collisions/ep=1.00 (n=24)
update=104 global_step=212992 SPS=1187 w_ev=0.231 m_ev=0.950 m_v_bias=1.2 m_adv_std=40.6361 m_kl_max=0.0105 m_ratio_max=0.576 w_ax@goal=+0.97 w_v@goal=4.05 return=970.0 length=82 success_rate=1.00 collisions/ep=0.79 (n=24)
update=105 global_step=215040 SPS=1192 w_ev=0.214 m_ev=0.968 m_v_bias=-4.5 m_adv_std=31.4938 m_kl_max=0.0231 m_ratio_max=0.946 w_ax@goal=+0.82 w_v@goal=3.96 return=962.9 length=81 success_rate=1.00 collisions/ep=1.00 (n=24)
Evaluation at update 105: return=1011.15, length=78.95, success_rate=1.00, collisions/ep=0.00
Solved-check at update 105: solved=True worst_gap=2.01 at p_x0=0.00 p_y0=-1.00 (consecutive=3)
update=106 global_step=217088 SPS=1178 w_ev=0.171 m_ev=0.967 m_v_bias=2.6 m_adv_std=32.1910 m_kl_max=0.0167 m_ratio_max=0.558 w_ax@goal=+0.88 w_v@goal=4.14 return=951.3 length=82 success_rate=1.00 collisions/ep=1.19 (n=26)
update=107 global_step=219136 SPS=1183 w_ev=0.160 m_ev=0.939 m_v_bias=6.2 m_adv_std=45.1185 m_kl_max=0.0321 m_ratio_max=0.887 w_ax@goal=+0.63 w_v@goal=4.07 return=954.6 length=80 success_rate=1.00 collisions/ep=1.08 (n=26)
update=108 global_step=221184 SPS=1187 w_ev=0.250 m_ev=0.961 m_v_bias=-5.2 m_adv_std=35.3357 m_kl_max=0.0230 m_ratio_max=0.896 w_ax@goal=+0.59 w_v@goal=3.94 return=963.2 length=82 success_rate=1.00 collisions/ep=0.96 (n=25)
update=109 global_step=223232 SPS=1192 w_ev=0.269 m_ev=0.966 m_v_bias=-2.4 m_adv_std=33.5732 m_kl_max=0.0144 m_ratio_max=0.614 w_ax@goal=+0.83 w_v@goal=3.91 return=963.9 length=82 success_rate=1.00 collisions/ep=0.96 (n=26)
update=110 global_step=225280 SPS=1195 w_ev=0.287 m_ev=0.982 m_v_bias=-1.9 m_adv_std=23.4785 m_kl_max=0.0174 m_ratio_max=0.463 w_ax@goal=+0.94 w_v@goal=3.81 return=976.7 length=80 success_rate=1.00 collisions/ep=0.67 (n=24)
Evaluation at update 110: return=1011.31, length=78.85, success_rate=1.00, collisions/ep=0.00
Solved-check at update 110: solved=True worst_gap=2.00 at p_x0=0.00 p_y0=-0.50 (consecutive=4)
update=111 global_step=227328 SPS=1183 w_ev=0.248 m_ev=0.962 m_v_bias=4.2 m_adv_std=33.1543 m_kl_max=0.0121 m_ratio_max=0.703 w_ax@goal=+0.86 w_v@goal=3.85 return=964.1 length=81 success_rate=1.00 collisions/ep=0.92 (n=24)
update=112 global_step=229376 SPS=1187 w_ev=0.178 m_ev=0.960 m_v_bias=-1.0 m_adv_std=35.6018 m_kl_max=0.0134 m_ratio_max=0.907 w_ax@goal=+1.01 w_v@goal=4.01 return=966.4 length=81 success_rate=1.00 collisions/ep=0.88 (n=25)
update=113 global_step=231424 SPS=1191 w_ev=0.215 m_ev=0.981 m_v_bias=0.3 m_adv_std=25.1433 m_kl_max=0.0175 m_ratio_max=0.975 w_ax@goal=+1.04 w_v@goal=4.13 return=971.0 length=81 success_rate=1.00 collisions/ep=0.79 (n=28)
update=114 global_step=233472 SPS=1195 w_ev=0.213 m_ev=0.974 m_v_bias=-1.3 m_adv_std=28.0305 m_kl_max=0.0086 m_ratio_max=0.524 w_ax@goal=+1.00 w_v@goal=4.01 return=973.4 length=81 success_rate=1.00 collisions/ep=0.79 (n=24)
update=115 global_step=235520 SPS=1200 w_ev=0.213 m_ev=0.957 m_v_bias=9.7 m_adv_std=38.8511 m_kl_max=0.0142 m_ratio_max=0.486 w_ax@goal=+1.12 w_v@goal=4.09 return=945.6 length=81 success_rate=1.00 collisions/ep=1.33 (n=27)
Evaluation at update 115: return=1011.39, length=78.85, success_rate=1.00, collisions/ep=0.00
Solved-check at update 115: solved=True worst_gap=1.91 at p_x0=0.50 p_y0=-1.00 (consecutive=5)
update=116 global_step=237568 SPS=1185 w_ev=0.233 m_ev=0.984 m_v_bias=-6.9 m_adv_std=22.5553 m_kl_max=0.0049 m_ratio_max=0.281 w_ax@goal=+0.96 w_v@goal=3.83 return=974.5 length=82 success_rate=1.00 collisions/ep=0.71 (n=24)
update=117 global_step=239616 SPS=1190 w_ev=0.249 m_ev=0.971 m_v_bias=3.3 m_adv_std=31.1319 m_kl_max=0.0133 m_ratio_max=0.497 w_ax@goal=+1.11 w_v@goal=3.89 return=957.6 length=83 success_rate=1.00 collisions/ep=1.08 (n=24)
update=118 global_step=241664 SPS=1193 w_ev=0.227 m_ev=0.946 m_v_bias=5.0 m_adv_std=42.4178 m_kl_max=0.0033 m_ratio_max=0.336 w_ax@goal=+1.09 w_v@goal=3.93 return=951.1 length=81 success_rate=1.00 collisions/ep=1.21 (n=24)
update=119 global_step=243712 SPS=1197 w_ev=0.247 m_ev=0.984 m_v_bias=-8.2 m_adv_std=22.8661 m_kl_max=0.0077 m_ratio_max=0.431 w_ax@goal=+1.02 w_v@goal=3.84 return=965.5 length=83 success_rate=1.00 collisions/ep=0.92 (n=26)
update=120 global_step=245760 SPS=1201 w_ev=0.190 m_ev=0.897 m_v_bias=9.0 m_adv_std=58.4396 m_kl_max=0.0083 m_ratio_max=0.416 w_ax@goal=+0.84 w_v@goal=3.98 return=954.0 length=82 success_rate=1.00 collisions/ep=1.16 (n=25)
Evaluation at update 120: return=1011.27, length=78.95, success_rate=1.00, collisions/ep=0.00
Solved-check at update 120: solved=True worst_gap=2.06 at p_x0=0.00 p_y0=-1.00 (consecutive=6)
update=121 global_step=247808 SPS=1189 w_ev=0.205 m_ev=0.973 m_v_bias=-3.0 m_adv_std=29.7461 m_kl_max=0.0127 m_ratio_max=0.483 w_ax@goal=+1.06 w_v@goal=3.97 return=963.7 length=83 success_rate=1.00 collisions/ep=0.92 (n=25)
update=122 global_step=249856 SPS=1192 w_ev=0.162 m_ev=0.953 m_v_bias=-4.4 m_adv_std=39.6406 m_kl_max=0.0281 m_ratio_max=1.552 w_ax@goal=+1.23 w_v@goal=4.16 return=964.2 length=82 success_rate=1.00 collisions/ep=0.92 (n=26)
update=123 global_step=251904 SPS=1196 w_ev=0.222 m_ev=0.917 m_v_bias=13.1 m_adv_std=53.1533 m_kl_max=0.0359 m_ratio_max=2.132 w_ax@goal=+1.25 w_v@goal=3.98 return=944.4 length=79 success_rate=1.00 collisions/ep=1.52 (n=25)
update=124 global_step=253952 SPS=1200 w_ev=0.178 m_ev=0.978 m_v_bias=-8.9 m_adv_std=25.4820 m_kl_max=0.0080 m_ratio_max=0.644 w_ax@goal=+1.32 w_v@goal=4.00 return=962.7 length=80 success_rate=1.00 collisions/ep=1.08 (n=24)
update=125 global_step=256000 SPS=1204 w_ev=0.164 m_ev=0.966 m_v_bias=0.8 m_adv_std=33.3915 m_kl_max=0.0136 m_ratio_max=0.837 w_ax@goal=+1.06 w_v@goal=4.04 return=966.2 length=83 success_rate=1.00 collisions/ep=0.88 (n=26)
Evaluation at update 125: return=1006.28, length=78.85, success_rate=1.00, collisions/ep=0.10
Solved-check at update 125: solved=False worst_gap=101.86 at p_x0=0.00 p_y0=0.50 (consecutive=7)
update=126 global_step=258048 SPS=1193 w_ev=0.191 m_ev=0.938 m_v_bias=8.6 m_adv_std=46.5668 m_kl_max=0.0106 m_ratio_max=0.815 w_ax@goal=+1.05 w_v@goal=4.22 return=948.9 length=81 success_rate=1.00 collisions/ep=1.23 (n=26)
update=127 global_step=260096 SPS=1196 w_ev=0.220 m_ev=0.958 m_v_bias=-1.8 m_adv_std=37.4121 m_kl_max=0.0133 m_ratio_max=0.487 w_ax@goal=+0.96 w_v@goal=4.09 return=961.7 length=80 success_rate=1.00 collisions/ep=0.96 (n=24)
update=128 global_step=262144 SPS=1199 w_ev=0.240 m_ev=0.970 m_v_bias=-2.6 m_adv_std=31.4853 m_kl_max=0.0243 m_ratio_max=1.366 w_ax@goal=+1.05 w_v@goal=3.99 return=965.7 length=83 success_rate=1.00 collisions/ep=0.96 (n=25)
update=129 global_step=264192 SPS=1203 w_ev=0.235 m_ev=0.949 m_v_bias=10.0 m_adv_std=43.5559 m_kl_max=0.0200 m_ratio_max=0.689 w_ax@goal=+0.89 w_v@goal=4.02 return=935.8 length=83 success_rate=1.00 collisions/ep=1.56 (n=27)
update=130 global_step=266240 SPS=1206 w_ev=0.236 m_ev=0.965 m_v_bias=-4.6 m_adv_std=34.0114 m_kl_max=0.0127 m_ratio_max=0.909 w_ax@goal=+0.89 w_v@goal=3.95 return=952.6 length=82 success_rate=1.00 collisions/ep=1.12 (n=24)
Evaluation at update 130: return=996.29, length=78.85, success_rate=1.00, collisions/ep=0.30
Solved-check at update 130: solved=False worst_gap=51.94 at p_x0=0.00 p_y0=0.00 (consecutive=0)
update=131 global_step=268288 SPS=1195 w_ev=0.152 m_ev=0.967 m_v_bias=-1.7 m_adv_std=33.0105 m_kl_max=0.0244 m_ratio_max=0.792 w_ax@goal=+1.05 w_v@goal=3.98 return=955.2 length=83 success_rate=1.00 collisions/ep=1.17 (n=23)
update=132 global_step=270336 SPS=1199 w_ev=0.258 m_ev=0.988 m_v_bias=-7.3 m_adv_std=19.8986 m_kl_max=0.0149 m_ratio_max=0.457 w_ax@goal=+0.88 w_v@goal=3.94 return=963.5 length=83 success_rate=1.00 collisions/ep=0.96 (n=26)
update=133 global_step=272384 SPS=1202 w_ev=0.239 m_ev=0.971 m_v_bias=9.9 m_adv_std=31.8076 m_kl_max=0.0141 m_ratio_max=0.578 w_ax@goal=+0.92 w_v@goal=3.92 return=947.4 length=83 success_rate=1.00 collisions/ep=1.25 (n=24)
update=134 global_step=274432 SPS=1206 w_ev=0.132 m_ev=0.962 m_v_bias=2.6 m_adv_std=36.2493 m_kl_max=0.0078 m_ratio_max=0.440 w_ax@goal=+0.85 w_v@goal=4.08 return=955.8 length=82 success_rate=1.00 collisions/ep=1.08 (n=26)
update=135 global_step=276480 SPS=1209 w_ev=0.165 m_ev=0.960 m_v_bias=-3.4 m_adv_std=35.8272 m_kl_max=0.0029 m_ratio_max=0.326 w_ax@goal=+0.97 w_v@goal=4.03 return=951.5 length=81 success_rate=1.00 collisions/ep=1.16 (n=25)
Evaluation at update 135: return=1003.94, length=78.75, success_rate=1.00, collisions/ep=0.15
Solved-check at update 135: solved=False worst_gap=101.69 at p_x0=0.00 p_y0=0.50 (consecutive=0)
update=136 global_step=278528 SPS=1198 w_ev=0.172 m_ev=0.914 m_v_bias=6.7 m_adv_std=57.0806 m_kl_max=0.0238 m_ratio_max=0.705 w_ax@goal=+0.93 w_v@goal=4.04 return=957.9 length=83 success_rate=1.00 collisions/ep=1.08 (n=25)
update=137 global_step=280576 SPS=1201 w_ev=0.181 m_ev=0.973 m_v_bias=-5.5 m_adv_std=30.4711 m_kl_max=0.0158 m_ratio_max=0.526 w_ax@goal=+0.90 w_v@goal=4.09 return=944.2 length=81 success_rate=1.00 collisions/ep=1.32 (n=25)
update=138 global_step=282624 SPS=1205 w_ev=0.182 m_ev=0.937 m_v_bias=6.5 m_adv_std=47.9638 m_kl_max=0.0175 m_ratio_max=1.045 w_ax@goal=+0.92 w_v@goal=4.00 return=940.7 length=82 success_rate=1.00 collisions/ep=1.50 (n=26)
update=139 global_step=284672 SPS=1208 w_ev=0.196 m_ev=0.965 m_v_bias=-9.0 m_adv_std=33.1348 m_kl_max=0.0080 m_ratio_max=0.328 w_ax@goal=+0.92 w_v@goal=3.96 return=972.6 length=82 success_rate=1.00 collisions/ep=0.75 (n=24)
update=140 global_step=286720 SPS=1211 w_ev=0.146 m_ev=0.980 m_v_bias=-2.8 m_adv_std=24.8483 m_kl_max=0.0094 m_ratio_max=0.594 w_ax@goal=+0.86 w_v@goal=4.06 return=967.7 length=84 success_rate=1.00 collisions/ep=0.83 (n=24)
Evaluation at update 140: return=1011.23, length=78.95, success_rate=1.00, collisions/ep=0.00
Solved-check at update 140: solved=True worst_gap=2.08 at p_x0=0.00 p_y0=-1.00 (consecutive=0)
update=141 global_step=288768 SPS=1199 w_ev=0.273 m_ev=0.956 m_v_bias=4.7 m_adv_std=37.4086 m_kl_max=0.0031 m_ratio_max=0.330 w_ax@goal=+0.85 w_v@goal=3.81 return=959.8 length=81 success_rate=1.00 collisions/ep=1.00 (n=25)
update=142 global_step=290816 SPS=1201 w_ev=0.292 m_ev=0.957 m_v_bias=2.7 m_adv_std=37.8575 m_kl_max=0.0174 m_ratio_max=0.685 w_ax@goal=+0.77 w_v@goal=3.75 return=966.7 length=84 success_rate=1.00 collisions/ep=0.84 (n=25)
update=143 global_step=292864 SPS=1204 w_ev=0.227 m_ev=0.961 m_v_bias=4.0 m_adv_std=35.2426 m_kl_max=0.0226 m_ratio_max=0.718 w_ax@goal=+0.90 w_v@goal=3.88 return=963.4 length=82 success_rate=1.00 collisions/ep=0.92 (n=25)
update=144 global_step=294912 SPS=1207 w_ev=0.203 m_ev=0.957 m_v_bias=6.2 m_adv_std=38.7220 m_kl_max=0.0229 m_ratio_max=0.682 w_ax@goal=+0.82 w_v@goal=3.80 return=947.9 length=81 success_rate=1.00 collisions/ep=1.28 (n=25)
update=145 global_step=296960 SPS=1211 w_ev=0.135 m_ev=0.953 m_v_bias=-9.1 m_adv_std=40.1137 m_kl_max=0.0294 m_ratio_max=1.009 w_ax@goal=+0.96 w_v@goal=3.94 return=955.0 length=82 success_rate=1.00 collisions/ep=1.15 (n=26)
Evaluation at update 145: return=996.62, length=78.50, success_rate=1.00, collisions/ep=0.30
Solved-check at update 145: solved=False worst_gap=101.44 at p_x0=0.00 p_y0=0.50 (consecutive=1)
update=146 global_step=299008 SPS=1201 w_ev=0.189 m_ev=0.967 m_v_bias=2.3 m_adv_std=33.1641 m_kl_max=0.0082 m_ratio_max=0.492 w_ax@goal=+1.07 w_v@goal=3.88 return=956.2 length=82 success_rate=1.00 collisions/ep=1.12 (n=24)
update=147 global_step=301056 SPS=1205 w_ev=0.125 m_ev=0.963 m_v_bias=1.3 m_adv_std=35.7112 m_kl_max=0.0133 m_ratio_max=0.646 w_ax@goal=+0.80 w_v@goal=4.06 return=967.1 length=83 success_rate=1.00 collisions/ep=0.84 (n=25)
update=148 global_step=303104 SPS=1208 w_ev=0.125 m_ev=0.959 m_v_bias=4.4 m_adv_std=37.2378 m_kl_max=0.0073 m_ratio_max=0.330 w_ax@goal=+0.88 w_v@goal=4.04 return=944.3 length=81 success_rate=1.00 collisions/ep=1.42 (n=26)
update=149 global_step=305152 SPS=1211 w_ev=0.193 m_ev=0.971 m_v_bias=-4.5 m_adv_std=31.0035 m_kl_max=0.0157 m_ratio_max=1.100 w_ax@goal=+0.90 w_v@goal=3.89 return=958.2 length=81 success_rate=1.00 collisions/ep=1.04 (n=25)
update=150 global_step=307200 SPS=1215 w_ev=0.187 m_ev=0.935 m_v_bias=13.6 m_adv_std=48.9797 m_kl_max=0.0070 m_ratio_max=0.380 w_ax@goal=+0.85 w_v@goal=3.79 return=923.4 length=84 success_rate=1.00 collisions/ep=1.75 (n=24)
Evaluation at update 150: return=1006.51, length=78.65, success_rate=1.00, collisions/ep=0.10
Solved-check at update 150: solved=False worst_gap=51.81 at p_x0=0.00 p_y0=-0.50 (consecutive=0)
update=151 global_step=309248 SPS=1205 w_ev=0.120 m_ev=0.947 m_v_bias=-8.0 m_adv_std=42.8584 m_kl_max=0.0290 m_ratio_max=1.056 w_ax@goal=+0.74 w_v@goal=3.96 return=945.5 length=83 success_rate=1.00 collisions/ep=1.32 (n=25)
update=152 global_step=311296 SPS=1207 w_ev=0.197 m_ev=0.959 m_v_bias=2.0 m_adv_std=36.8674 m_kl_max=0.0461 m_ratio_max=1.064 w_ax@goal=+0.74 w_v@goal=3.92 return=960.0 length=82 success_rate=1.00 collisions/ep=1.04 (n=25)
update=153 global_step=313344 SPS=1210 w_ev=0.217 m_ev=0.947 m_v_bias=-5.6 m_adv_std=40.8550 m_kl_max=0.0227 m_ratio_max=0.656 w_ax@goal=+0.78 w_v@goal=3.75 return=945.7 length=81 success_rate=1.00 collisions/ep=1.32 (n=25)
update=154 global_step=315392 SPS=1213 w_ev=0.113 m_ev=0.941 m_v_bias=1.8 m_adv_std=44.8119 m_kl_max=0.0162 m_ratio_max=1.271 w_ax@goal=+0.84 w_v@goal=4.01 return=987.4 length=82 success_rate=1.00 collisions/ep=0.42 (n=26)
update=155 global_step=317440 SPS=1216 w_ev=0.121 m_ev=0.966 m_v_bias=-2.9 m_adv_std=33.3941 m_kl_max=0.0530 m_ratio_max=1.043 w_ax@goal=+0.74 w_v@goal=3.92 return=945.3 length=84 success_rate=1.00 collisions/ep=1.26 (n=23)
Evaluation at update 155: return=1011.66, length=78.40, success_rate=1.00, collisions/ep=0.00
Solved-check at update 155: solved=True worst_gap=1.60 at p_x0=0.00 p_y0=-1.00 (consecutive=0)
update=156 global_step=319488 SPS=1206 w_ev=0.168 m_ev=0.962 m_v_bias=8.6 m_adv_std=35.7407 m_kl_max=0.0315 m_ratio_max=0.789 w_ax@goal=+0.75 w_v@goal=4.01 return=945.8 length=83 success_rate=1.00 collisions/ep=1.42 (n=24)
update=157 global_step=321536 SPS=1209 w_ev=0.234 m_ev=0.967 m_v_bias=-2.8 m_adv_std=33.6015 m_kl_max=0.0057 m_ratio_max=0.443 w_ax@goal=+0.75 w_v@goal=4.01 return=965.3 length=82 success_rate=1.00 collisions/ep=0.89 (n=27)
update=158 global_step=323584 SPS=1211 w_ev=0.216 m_ev=0.966 m_v_bias=0.3 m_adv_std=33.3881 m_kl_max=0.0099 m_ratio_max=0.434 w_ax@goal=+0.67 w_v@goal=3.94 return=969.0 length=84 success_rate=1.00 collisions/ep=0.84 (n=25)
update=159 global_step=325632 SPS=1214 w_ev=0.229 m_ev=0.985 m_v_bias=-7.6 m_adv_std=21.2491 m_kl_max=0.0037 m_ratio_max=0.310 w_ax@goal=+0.83 w_v@goal=3.96 return=991.0 length=84 success_rate=1.00 collisions/ep=0.42 (n=24)
update=160 global_step=327680 SPS=1217 w_ev=0.184 m_ev=0.989 m_v_bias=0.9 m_adv_std=17.5762 m_kl_max=0.0064 m_ratio_max=0.436 w_ax@goal=+0.87 w_v@goal=4.08 return=984.5 length=80 success_rate=1.00 collisions/ep=0.50 (n=24)
Evaluation at update 160: return=1011.71, length=78.30, success_rate=1.00, collisions/ep=0.00
Solved-check at update 160: solved=True worst_gap=1.45 at p_x0=0.00 p_y0=-1.00 (consecutive=1)
update=161 global_step=329728 SPS=1207 w_ev=0.207 m_ev=0.986 m_v_bias=6.3 m_adv_std=20.7703 m_kl_max=0.0103 m_ratio_max=0.515 w_ax@goal=+0.64 w_v@goal=3.88 return=985.2 length=83 success_rate=1.00 collisions/ep=0.48 (n=25)
update=162 global_step=331776 SPS=1210 w_ev=0.233 m_ev=0.975 m_v_bias=6.1 m_adv_std=28.2183 m_kl_max=0.0179 m_ratio_max=0.699 w_ax@goal=+0.71 w_v@goal=3.90 return=961.9 length=81 success_rate=1.00 collisions/ep=1.04 (n=25)
update=163 global_step=333824 SPS=1213 w_ev=0.224 m_ev=0.947 m_v_bias=11.9 m_adv_std=41.9205 m_kl_max=0.0193 m_ratio_max=0.755 w_ax@goal=+0.78 w_v@goal=3.95 return=940.1 length=81 success_rate=1.00 collisions/ep=1.44 (n=25)
update=164 global_step=335872 SPS=1216 w_ev=0.153 m_ev=0.960 m_v_bias=-8.8 m_adv_std=37.7016 m_kl_max=0.0092 m_ratio_max=0.694 w_ax@goal=+0.65 w_v@goal=4.00 return=965.7 length=82 success_rate=1.00 collisions/ep=0.92 (n=26)
update=165 global_step=337920 SPS=1219 w_ev=0.203 m_ev=0.982 m_v_bias=-3.0 m_adv_std=23.7879 m_kl_max=0.0154 m_ratio_max=0.578 w_ax@goal=+0.76 w_v@goal=3.94 return=956.7 length=83 success_rate=1.00 collisions/ep=1.04 (n=24)
Evaluation at update 165: return=1011.74, length=78.30, success_rate=1.00, collisions/ep=0.00
Solved-check at update 165: solved=False worst_gap=50.73 at p_x0=2.00 p_y0=-1.00 (consecutive=2)
update=166 global_step=339968 SPS=1210 w_ev=0.259 m_ev=0.971 m_v_bias=10.1 m_adv_std=31.2046 m_kl_max=0.0284 m_ratio_max=0.803 w_ax@goal=+0.59 w_v@goal=3.87 return=954.9 length=84 success_rate=1.00 collisions/ep=1.08 (n=24)
update=167 global_step=342016 SPS=1212 w_ev=0.260 m_ev=0.981 m_v_bias=-9.8 m_adv_std=25.3238 m_kl_max=0.0261 m_ratio_max=0.801 w_ax@goal=+0.74 w_v@goal=3.79 return=960.0 length=83 success_rate=1.00 collisions/ep=1.00 (n=24)
update=168 global_step=344064 SPS=1215 w_ev=0.230 m_ev=0.971 m_v_bias=-0.6 m_adv_std=29.6970 m_kl_max=0.0166 m_ratio_max=0.770 w_ax@goal=+0.71 w_v@goal=4.01 return=974.6 length=81 success_rate=1.00 collisions/ep=0.76 (n=25)
update=169 global_step=346112 SPS=1218 w_ev=0.143 m_ev=0.971 m_v_bias=2.1 m_adv_std=30.8655 m_kl_max=0.0099 m_ratio_max=0.556 w_ax@goal=+0.70 w_v@goal=4.15 return=971.0 length=83 success_rate=1.00 collisions/ep=0.76 (n=25)
update=170 global_step=348160 SPS=1221 w_ev=0.235 m_ev=0.988 m_v_bias=-5.3 m_adv_std=19.0529 m_kl_max=0.0129 m_ratio_max=0.526 w_ax@goal=+0.55 w_v@goal=3.92 return=977.1 length=83 success_rate=1.00 collisions/ep=0.62 (n=24)
Evaluation at update 170: return=1011.50, length=78.75, success_rate=1.00, collisions/ep=0.00
Solved-check at update 170: solved=True worst_gap=1.69 at p_x0=0.00 p_y0=-1.00 (consecutive=0)
update=171 global_step=350208 SPS=1211 w_ev=0.218 m_ev=0.949 m_v_bias=11.1 m_adv_std=41.4212 m_kl_max=0.0190 m_ratio_max=0.788 w_ax@goal=+0.62 w_v@goal=3.87 return=952.5 length=83 success_rate=1.00 collisions/ep=1.12 (n=26)
update=172 global_step=352256 SPS=1214 w_ev=0.228 m_ev=0.978 m_v_bias=-4.0 m_adv_std=27.3298 m_kl_max=0.0088 m_ratio_max=0.419 w_ax@goal=+0.72 w_v@goal=3.87 return=956.2 length=82 success_rate=1.00 collisions/ep=1.04 (n=24)
update=173 global_step=354304 SPS=1216 w_ev=0.242 m_ev=0.931 m_v_bias=8.4 m_adv_std=49.7200 m_kl_max=0.0101 m_ratio_max=0.538 w_ax@goal=+0.61 w_v@goal=3.96 return=954.6 length=83 success_rate=1.00 collisions/ep=1.08 (n=26)
update=174 global_step=356352 SPS=1219 w_ev=0.178 m_ev=0.978 m_v_bias=-1.8 m_adv_std=26.8636 m_kl_max=0.0290 m_ratio_max=0.752 w_ax@goal=+0.51 w_v@goal=3.96 return=951.6 length=84 success_rate=1.00 collisions/ep=1.12 (n=24)
update=175 global_step=358400 SPS=1222 w_ev=0.181 m_ev=0.982 m_v_bias=6.6 m_adv_std=24.4033 m_kl_max=0.0057 m_ratio_max=0.511 w_ax@goal=+0.39 w_v@goal=4.04 return=952.1 length=87 success_rate=1.00 collisions/ep=1.08 (n=24)
Evaluation at update 175: return=1011.35, length=78.75, success_rate=1.00, collisions/ep=0.00
Solved-check at update 175: solved=True worst_gap=1.88 at p_x0=0.00 p_y0=-1.00 (consecutive=1)
update=176 global_step=360448 SPS=1212 w_ev=0.204 m_ev=0.981 m_v_bias=-1.8 m_adv_std=25.4280 m_kl_max=0.0166 m_ratio_max=1.073 w_ax@goal=+0.53 w_v@goal=3.94 return=967.3 length=84 success_rate=1.00 collisions/ep=0.79 (n=24)
update=177 global_step=362496 SPS=1216 w_ev=0.214 m_ev=0.972 m_v_bias=-4.0 m_adv_std=30.3270 m_kl_max=0.0089 m_ratio_max=0.504 w_ax@goal=+0.48 w_v@goal=3.91 return=961.0 length=84 success_rate=1.00 collisions/ep=0.92 (n=25)
update=178 global_step=364544 SPS=1218 w_ev=0.244 m_ev=0.973 m_v_bias=-1.8 m_adv_std=29.6425 m_kl_max=0.0153 m_ratio_max=0.868 w_ax@goal=+0.38 w_v@goal=3.82 return=973.3 length=84 success_rate=1.00 collisions/ep=0.67 (n=24)
update=179 global_step=366592 SPS=1221 w_ev=0.193 m_ev=0.973 m_v_bias=0.9 m_adv_std=30.3570 m_kl_max=0.0086 m_ratio_max=0.564 w_ax@goal=+0.51 w_v@goal=3.91 return=948.6 length=84 success_rate=1.00 collisions/ep=1.17 (n=24)
update=180 global_step=368640 SPS=1224 w_ev=0.200 m_ev=0.975 m_v_bias=-3.7 m_adv_std=27.8874 m_kl_max=0.0227 m_ratio_max=0.695 w_ax@goal=+0.56 w_v@goal=3.84 return=965.9 length=85 success_rate=1.00 collisions/ep=0.83 (n=24)
Evaluation at update 180: return=1008.87, length=78.75, success_rate=1.00, collisions/ep=0.05
Solved-check at update 180: solved=False worst_gap=51.23 at p_x0=1.50 p_y0=-1.00 (consecutive=2)
update=181 global_step=370688 SPS=1215 w_ev=0.205 m_ev=0.950 m_v_bias=8.2 m_adv_std=42.4997 m_kl_max=0.0315 m_ratio_max=1.943 w_ax@goal=+0.59 w_v@goal=3.81 return=944.3 length=84 success_rate=1.00 collisions/ep=1.29 (n=24)
update=182 global_step=372736 SPS=1218 w_ev=0.222 m_ev=0.956 m_v_bias=-0.4 m_adv_std=38.3628 m_kl_max=0.0300 m_ratio_max=1.661 w_ax@goal=+0.46 w_v@goal=3.92 return=971.1 length=85 success_rate=1.00 collisions/ep=0.76 (n=25)
update=183 global_step=374784 SPS=1221 w_ev=0.170 m_ev=0.978 m_v_bias=-6.6 m_adv_std=26.5659 m_kl_max=0.0111 m_ratio_max=0.742 w_ax@goal=+0.52 w_v@goal=3.75 return=973.3 length=82 success_rate=1.00 collisions/ep=0.72 (n=25)
update=184 global_step=376832 SPS=1224 w_ev=0.206 m_ev=0.989 m_v_bias=-8.8 m_adv_std=17.8473 m_kl_max=0.0207 m_ratio_max=0.709 w_ax@goal=+0.60 w_v@goal=3.87 return=986.2 length=82 success_rate=1.00 collisions/ep=0.44 (n=25)
update=185 global_step=378880 SPS=1226 w_ev=0.198 m_ev=0.969 m_v_bias=11.2 m_adv_std=31.1766 m_kl_max=0.0082 m_ratio_max=0.638 w_ax@goal=+0.48 w_v@goal=3.91 return=971.7 length=82 success_rate=1.00 collisions/ep=0.79 (n=24)
Evaluation at update 185: return=1011.50, length=78.65, success_rate=1.00, collisions/ep=0.00
Solved-check at update 185: solved=False worst_gap=51.00 at p_x0=2.00 p_y0=-1.00 (consecutive=0)
update=186 global_step=380928 SPS=1217 w_ev=0.194 m_ev=0.975 m_v_bias=-1.0 m_adv_std=28.5648 m_kl_max=0.0176 m_ratio_max=1.027 w_ax@goal=+0.58 w_v@goal=3.90 return=968.2 length=83 success_rate=1.00 collisions/ep=0.80 (n=25)
update=187 global_step=382976 SPS=1219 w_ev=0.226 m_ev=0.972 m_v_bias=-2.5 m_adv_std=30.6457 m_kl_max=0.0043 m_ratio_max=0.431 w_ax@goal=+0.59 w_v@goal=3.89 return=961.6 length=83 success_rate=1.00 collisions/ep=1.00 (n=26)
update=188 global_step=385024 SPS=1222 w_ev=0.221 m_ev=0.984 m_v_bias=-3.5 m_adv_std=22.2933 m_kl_max=0.0153 m_ratio_max=0.983 w_ax@goal=+0.65 w_v@goal=3.94 return=970.0 length=82 success_rate=1.00 collisions/ep=0.76 (n=25)
update=189 global_step=387072 SPS=1224 w_ev=0.217 m_ev=0.949 m_v_bias=18.7 m_adv_std=41.2142 m_kl_max=0.0113 m_ratio_max=0.495 w_ax@goal=+0.35 w_v@goal=3.78 return=944.4 length=84 success_rate=1.00 collisions/ep=1.25 (n=24)
update=190 global_step=389120 SPS=1226 w_ev=0.184 m_ev=0.969 m_v_bias=-11.4 m_adv_std=31.5672 m_kl_max=0.0068 m_ratio_max=0.395 w_ax@goal=+0.49 w_v@goal=3.88 return=968.5 length=85 success_rate=1.00 collisions/ep=0.79 (n=24)
Evaluation at update 190: return=996.62, length=78.50, success_rate=1.00, collisions/ep=0.30
Solved-check at update 190: solved=False worst_gap=51.08 at p_x0=1.00 p_y0=-1.00 (consecutive=0)
update=191 global_step=391168 SPS=1218 w_ev=0.217 m_ev=0.965 m_v_bias=-5.2 m_adv_std=33.9970 m_kl_max=0.0128 m_ratio_max=0.463 w_ax@goal=+0.52 w_v@goal=4.00 return=971.8 length=83 success_rate=1.00 collisions/ep=0.72 (n=25)
update=192 global_step=393216 SPS=1220 w_ev=0.121 m_ev=0.969 m_v_bias=3.0 m_adv_std=31.2756 m_kl_max=0.0216 m_ratio_max=1.113 w_ax@goal=+0.56 w_v@goal=3.93 return=964.3 length=81 success_rate=1.00 collisions/ep=0.88 (n=25)
update=193 global_step=395264 SPS=1223 w_ev=0.238 m_ev=0.985 m_v_bias=-6.5 m_adv_std=21.7930 m_kl_max=0.0118 m_ratio_max=0.884 w_ax@goal=+0.63 w_v@goal=3.69 return=976.2 length=83 success_rate=1.00 collisions/ep=0.67 (n=24)
update=194 global_step=397312 SPS=1225 w_ev=0.165 m_ev=0.973 m_v_bias=4.0 m_adv_std=29.9264 m_kl_max=0.0104 m_ratio_max=0.487 w_ax@goal=+0.64 w_v@goal=3.98 return=958.7 length=83 success_rate=1.00 collisions/ep=1.00 (n=25)
update=195 global_step=399360 SPS=1228 w_ev=0.213 m_ev=0.975 m_v_bias=2.2 m_adv_std=27.5455 m_kl_max=0.0176 m_ratio_max=0.682 w_ax@goal=+0.59 w_v@goal=3.71 return=960.7 length=81 success_rate=1.00 collisions/ep=1.00 (n=24)
Evaluation at update 195: return=1004.35, length=78.30, success_rate=1.00, collisions/ep=0.15
Solved-check at update 195: solved=False worst_gap=50.91 at p_x0=1.00 p_y0=-1.00 (consecutive=0)
update=196 global_step=401408 SPS=1219 w_ev=0.235 m_ev=0.987 m_v_bias=-8.7 m_adv_std=20.7191 m_kl_max=0.0061 m_ratio_max=0.699 w_ax@goal=+0.53 w_v@goal=3.89 return=981.0 length=85 success_rate=1.00 collisions/ep=0.60 (n=25)
update=197 global_step=403456 SPS=1222 w_ev=0.184 m_ev=0.980 m_v_bias=0.1 m_adv_std=24.3165 m_kl_max=0.0052 m_ratio_max=0.343 w_ax@goal=+0.66 w_v@goal=3.86 return=971.4 length=82 success_rate=1.00 collisions/ep=0.80 (n=25)
update=198 global_step=405504 SPS=1225 w_ev=0.171 m_ev=0.986 m_v_bias=-3.7 m_adv_std=20.9135 m_kl_max=0.0123 m_ratio_max=0.663 w_ax@goal=+0.75 w_v@goal=3.83 return=988.5 length=82 success_rate=1.00 collisions/ep=0.42 (n=24)
update=199 global_step=407552 SPS=1227 w_ev=0.198 m_ev=0.969 m_v_bias=3.9 m_adv_std=30.8146 m_kl_max=0.0079 m_ratio_max=0.463 w_ax@goal=+0.65 w_v@goal=3.95 return=970.7 length=81 success_rate=1.00 collisions/ep=0.77 (n=26)
update=200 global_step=409600 SPS=1229 w_ev=0.166 m_ev=0.948 m_v_bias=18.3 m_adv_std=43.8160 m_kl_max=0.0135 m_ratio_max=0.604 w_ax@goal=+0.69 w_v@goal=3.78 return=950.0 length=83 success_rate=1.00 collisions/ep=1.16 (n=25)
Evaluation at update 200: return=1009.29, length=78.30, success_rate=1.00, collisions/ep=0.05
Solved-check at update 200: solved=False worst_gap=50.77 at p_x0=1.50 p_y0=-1.00 (consecutive=0)
update=201 global_step=411648 SPS=1222 w_ev=0.154 m_ev=0.986 m_v_bias=-19.0 m_adv_std=20.4292 m_kl_max=0.0132 m_ratio_max=0.968 w_ax@goal=+0.61 w_v@goal=3.85 return=988.4 length=83 success_rate=1.00 collisions/ep=0.40 (n=25)
update=202 global_step=413696 SPS=1224 w_ev=0.188 m_ev=0.967 m_v_bias=5.3 m_adv_std=32.6594 m_kl_max=0.0093 m_ratio_max=0.752 w_ax@goal=+0.74 w_v@goal=3.72 return=968.9 length=85 success_rate=1.00 collisions/ep=0.83 (n=24)
update=203 global_step=415744 SPS=1226 w_ev=0.184 m_ev=0.977 m_v_bias=4.0 m_adv_std=27.6280 m_kl_max=0.0146 m_ratio_max=0.867 w_ax@goal=+0.49 w_v@goal=3.81 return=972.4 length=85 success_rate=1.00 collisions/ep=0.71 (n=24)
update=204 global_step=417792 SPS=1228 w_ev=0.247 m_ev=0.971 m_v_bias=2.6 m_adv_std=30.9695 m_kl_max=0.0054 m_ratio_max=0.508 w_ax@goal=+0.60 w_v@goal=3.69 return=969.0 length=84 success_rate=1.00 collisions/ep=0.79 (n=24)
update=205 global_step=419840 SPS=1230 w_ev=0.201 m_ev=0.983 m_v_bias=1.9 m_adv_std=23.9049 m_kl_max=0.0175 m_ratio_max=0.708 w_ax@goal=+0.55 w_v@goal=3.76 return=950.5 length=84 success_rate=1.00 collisions/ep=1.17 (n=24)
Evaluation at update 205: return=1011.77, length=78.30, success_rate=1.00, collisions/ep=0.00
Solved-check at update 205: solved=False worst_gap=50.61 at p_x0=2.00 p_y0=-1.00 (consecutive=0)
update=206 global_step=421888 SPS=1221 w_ev=0.195 m_ev=0.990 m_v_bias=-14.3 m_adv_std=17.5375 m_kl_max=0.0073 m_ratio_max=0.453 w_ax@goal=+0.54 w_v@goal=3.85 return=991.6 length=85 success_rate=1.00 collisions/ep=0.33 (n=24)
update=207 global_step=423936 SPS=1224 w_ev=0.180 m_ev=0.955 m_v_bias=9.1 m_adv_std=39.1383 m_kl_max=0.0182 m_ratio_max=0.640 w_ax@goal=+0.63 w_v@goal=3.82 return=971.9 length=84 success_rate=1.00 collisions/ep=0.73 (n=26)
update=208 global_step=425984 SPS=1226 w_ev=0.275 m_ev=0.980 m_v_bias=0.3 m_adv_std=25.1328 m_kl_max=0.0110 m_ratio_max=0.511 w_ax@goal=+0.49 w_v@goal=3.56 return=970.5 length=84 success_rate=1.00 collisions/ep=0.74 (n=23)
update=209 global_step=428032 SPS=1229 w_ev=0.226 m_ev=0.990 m_v_bias=-7.4 m_adv_std=17.2185 m_kl_max=0.0288 m_ratio_max=1.137 w_ax@goal=+0.35 w_v@goal=3.75 return=992.6 length=83 success_rate=1.00 collisions/ep=0.28 (n=25)
update=210 global_step=430080 SPS=1231 w_ev=0.191 m_ev=0.989 m_v_bias=4.6 m_adv_std=17.9574 m_kl_max=0.0082 m_ratio_max=0.510 w_ax@goal=+0.39 w_v@goal=3.79 return=986.4 length=85 success_rate=1.00 collisions/ep=0.44 (n=25)
Evaluation at update 210: return=1011.78, length=78.30, success_rate=1.00, collisions/ep=0.00
Solved-check at update 210: solved=False worst_gap=50.60 at p_x0=2.00 p_y0=-1.00 (consecutive=0)
update=211 global_step=432128 SPS=1222 w_ev=0.218 m_ev=0.978 m_v_bias=2.0 m_adv_std=25.7420 m_kl_max=0.0184 m_ratio_max=0.837 w_ax@goal=+0.56 w_v@goal=3.76 return=989.1 length=85 success_rate=1.00 collisions/ep=0.35 (n=23)
update=212 global_step=434176 SPS=1224 w_ev=0.160 m_ev=0.970 m_v_bias=-0.3 m_adv_std=31.3801 m_kl_max=0.0147 m_ratio_max=0.985 w_ax@goal=+0.58 w_v@goal=4.02 return=965.9 length=84 success_rate=1.00 collisions/ep=0.84 (n=25)
update=213 global_step=436224 SPS=1226 w_ev=0.229 m_ev=0.970 m_v_bias=2.2 m_adv_std=30.6118 m_kl_max=0.0101 m_ratio_max=0.606 w_ax@goal=+0.44 w_v@goal=3.84 return=979.2 length=84 success_rate=1.00 collisions/ep=0.60 (n=25)
update=214 global_step=438272 SPS=1228 w_ev=0.269 m_ev=0.977 m_v_bias=-4.9 m_adv_std=26.7374 m_kl_max=0.0162 m_ratio_max=0.876 w_ax@goal=+0.60 w_v@goal=3.60 return=977.3 length=84 success_rate=1.00 collisions/ep=0.62 (n=24)
update=215 global_step=440320 SPS=1230 w_ev=0.229 m_ev=0.984 m_v_bias=-0.0 m_adv_std=21.6685 m_kl_max=0.0050 m_ratio_max=0.429 w_ax@goal=+0.53 w_v@goal=3.74 return=979.5 length=83 success_rate=1.00 collisions/ep=0.54 (n=24)
Evaluation at update 215: return=1004.19, length=78.30, success_rate=1.00, collisions/ep=0.15
Solved-check at update 215: solved=False worst_gap=50.95 at p_x0=1.50 p_y0=-1.00 (consecutive=0)
update=216 global_step=442368 SPS=1223 w_ev=0.279 m_ev=0.986 m_v_bias=2.2 m_adv_std=20.8442 m_kl_max=0.0077 m_ratio_max=0.610 w_ax@goal=+0.48 w_v@goal=3.66 return=989.1 length=83 success_rate=1.00 collisions/ep=0.36 (n=25)
update=217 global_step=444416 SPS=1224 w_ev=0.263 m_ev=0.987 m_v_bias=0.6 m_adv_std=20.3460 m_kl_max=0.0100 m_ratio_max=0.411 w_ax@goal=+0.50 w_v@goal=3.74 return=972.0 length=84 success_rate=1.00 collisions/ep=0.72 (n=25)
update=218 global_step=446464 SPS=1227 w_ev=0.255 m_ev=0.976 m_v_bias=5.6 m_adv_std=27.0297 m_kl_max=0.0216 m_ratio_max=0.905 w_ax@goal=+0.44 w_v@goal=3.66 return=976.9 length=87 success_rate=1.00 collisions/ep=0.57 (n=23)
update=219 global_step=448512 SPS=1229 w_ev=0.221 m_ev=0.958 m_v_bias=6.7 m_adv_std=38.4747 m_kl_max=0.0136 m_ratio_max=0.837 w_ax@goal=+0.32 w_v@goal=3.83 return=981.4 length=86 success_rate=1.00 collisions/ep=0.50 (n=24)
update=220 global_step=450560 SPS=1231 w_ev=0.262 m_ev=0.982 m_v_bias=-8.5 m_adv_std=24.1148 m_kl_max=0.0098 m_ratio_max=0.589 w_ax@goal=+0.58 w_v@goal=3.71 return=957.2 length=85 success_rate=1.00 collisions/ep=1.00 (n=24)
Evaluation at update 220: return=1011.84, length=78.30, success_rate=1.00, collisions/ep=0.00
Solved-check at update 220: solved=False worst_gap=50.80 at p_x0=1.50 p_y0=-1.00 (consecutive=0)
update=221 global_step=452608 SPS=1223 w_ev=0.303 m_ev=0.957 m_v_bias=5.2 m_adv_std=39.1157 m_kl_max=0.0273 m_ratio_max=0.745 w_ax@goal=+0.45 w_v@goal=3.54 return=961.3 length=84 success_rate=1.00 collisions/ep=0.92 (n=25)
update=222 global_step=454656 SPS=1225 w_ev=0.316 m_ev=0.970 m_v_bias=-4.8 m_adv_std=31.7848 m_kl_max=0.0316 m_ratio_max=1.466 w_ax@goal=+0.47 w_v@goal=3.56 return=979.1 length=85 success_rate=1.00 collisions/ep=0.57 (n=23)
update=223 global_step=456704 SPS=1227 w_ev=0.299 m_ev=0.992 m_v_bias=-1.4 m_adv_std=16.6057 m_kl_max=0.0210 m_ratio_max=1.645 w_ax@goal=+0.31 w_v@goal=3.66 return=981.7 length=86 success_rate=1.00 collisions/ep=0.52 (n=25)
update=224 global_step=458752 SPS=1228 w_ev=0.286 m_ev=0.979 m_v_bias=1.9 m_adv_std=25.7222 m_kl_max=0.0466 m_ratio_max=2.062 w_ax@goal=+0.47 w_v@goal=3.66 return=973.7 length=86 success_rate=1.00 collisions/ep=0.67 (n=24)
update=225 global_step=460800 SPS=1230 w_ev=0.183 m_ev=0.983 m_v_bias=3.8 m_adv_std=22.9356 m_kl_max=0.0043 m_ratio_max=0.275 w_ax@goal=+0.56 w_v@goal=3.63 return=961.1 length=83 success_rate=1.00 collisions/ep=0.96 (n=24)
Evaluation at update 225: return=999.34, length=78.25, success_rate=1.00, collisions/ep=0.25
Solved-check at update 225: solved=False worst_gap=51.08 at p_x0=0.50 p_y0=-1.00 (consecutive=0)
update=226 global_step=462848 SPS=1222 w_ev=0.231 m_ev=0.979 m_v_bias=-5.7 m_adv_std=25.7933 m_kl_max=0.0071 m_ratio_max=0.520 w_ax@goal=+0.60 w_v@goal=3.69 return=975.4 length=84 success_rate=1.00 collisions/ep=0.67 (n=24)
update=227 global_step=464896 SPS=1224 w_ev=0.157 m_ev=0.991 m_v_bias=-5.8 m_adv_std=16.8658 m_kl_max=0.0087 m_ratio_max=0.536 w_ax@goal=+0.60 w_v@goal=3.88 return=991.8 length=83 success_rate=1.00 collisions/ep=0.33 (n=24)
update=228 global_step=466944 SPS=1226 w_ev=0.210 m_ev=0.987 m_v_bias=2.2 m_adv_std=19.9474 m_kl_max=0.0189 m_ratio_max=1.094 w_ax@goal=+0.60 w_v@goal=3.76 return=990.0 length=84 success_rate=1.00 collisions/ep=0.38 (n=24)
update=229 global_step=468992 SPS=1228 w_ev=0.179 m_ev=0.965 m_v_bias=11.5 m_adv_std=33.3891 m_kl_max=0.0204 m_ratio_max=0.691 w_ax@goal=+0.45 w_v@goal=3.83 return=973.4 length=85 success_rate=1.00 collisions/ep=0.67 (n=27)
update=230 global_step=471040 SPS=1230 w_ev=0.213 m_ev=0.986 m_v_bias=-3.8 m_adv_std=21.6916 m_kl_max=0.0426 m_ratio_max=0.826 w_ax@goal=+0.54 w_v@goal=3.73 return=988.3 length=85 success_rate=1.00 collisions/ep=0.38 (n=24)
Evaluation at update 230: return=1011.79, length=78.30, success_rate=1.00, collisions/ep=0.00
Solved-check at update 230: solved=True worst_gap=1.30 at p_x0=0.00 p_y0=1.00 (consecutive=0)
update=231 global_step=473088 SPS=1223 w_ev=0.239 m_ev=0.985 m_v_bias=1.5 m_adv_std=21.8030 m_kl_max=0.0092 m_ratio_max=0.495 w_ax@goal=+0.51 w_v@goal=3.60 return=981.3 length=83 success_rate=1.00 collisions/ep=0.52 (n=25)
update=232 global_step=475136 SPS=1225 w_ev=0.184 m_ev=0.960 m_v_bias=7.0 m_adv_std=36.7897 m_kl_max=0.0195 m_ratio_max=0.535 w_ax@goal=+0.54 w_v@goal=3.68 return=963.0 length=86 success_rate=1.00 collisions/ep=0.88 (n=24)
update=233 global_step=477184 SPS=1226 w_ev=0.245 m_ev=0.976 m_v_bias=-5.8 m_adv_std=28.0561 m_kl_max=0.0312 m_ratio_max=0.739 w_ax@goal=+0.47 w_v@goal=3.76 return=980.0 length=84 success_rate=1.00 collisions/ep=0.54 (n=24)
update=234 global_step=479232 SPS=1228 w_ev=0.239 m_ev=0.968 m_v_bias=2.1 m_adv_std=32.3063 m_kl_max=0.0101 m_ratio_max=0.528 w_ax@goal=+0.31 w_v@goal=3.57 return=973.2 length=86 success_rate=1.00 collisions/ep=0.67 (n=24)
update=235 global_step=481280 SPS=1230 w_ev=0.276 m_ev=0.992 m_v_bias=-11.7 m_adv_std=15.5481 m_kl_max=0.0102 m_ratio_max=0.761 w_ax@goal=+0.69 w_v@goal=3.64 return=994.7 length=83 success_rate=1.00 collisions/ep=0.26 (n=23)
Evaluation at update 235: return=1011.91, length=78.25, success_rate=1.00, collisions/ep=0.00
Solved-check at update 235: solved=False worst_gap=50.70 at p_x0=2.00 p_y0=-1.00 (consecutive=1)
update=236 global_step=483328 SPS=1223 w_ev=0.249 m_ev=0.976 m_v_bias=9.8 m_adv_std=28.7346 m_kl_max=0.0119 m_ratio_max=0.477 w_ax@goal=+0.50 w_v@goal=3.58 return=978.0 length=85 success_rate=1.00 collisions/ep=0.60 (n=25)
update=237 global_step=485376 SPS=1225 w_ev=0.203 m_ev=0.949 m_v_bias=2.3 m_adv_std=41.4715 m_kl_max=0.0236 m_ratio_max=1.156 w_ax@goal=+0.33 w_v@goal=3.74 return=965.2 length=84 success_rate=1.00 collisions/ep=0.83 (n=24)
update=238 global_step=487424 SPS=1227 w_ev=0.260 m_ev=0.975 m_v_bias=3.9 m_adv_std=29.2649 m_kl_max=0.0170 m_ratio_max=0.580 w_ax@goal=+0.35 w_v@goal=3.74 return=965.1 length=86 success_rate=1.00 collisions/ep=0.84 (n=25)
update=239 global_step=489472 SPS=1230 w_ev=0.255 m_ev=0.988 m_v_bias=-11.4 m_adv_std=19.2239 m_kl_max=0.0152 m_ratio_max=0.621 w_ax@goal=+0.64 w_v@goal=3.69 return=1000.0 length=84 success_rate=1.00 collisions/ep=0.14 (n=22)
update=240 global_step=491520 SPS=1232 w_ev=0.233 m_ev=0.977 m_v_bias=5.4 m_adv_std=27.4855 m_kl_max=0.0100 m_ratio_max=0.513 w_ax@goal=+0.41 w_v@goal=3.71 return=977.9 length=85 success_rate=1.00 collisions/ep=0.58 (n=24)
Evaluation at update 240: return=1012.01, length=78.20, success_rate=1.00, collisions/ep=0.00
Solved-check at update 240: solved=True worst_gap=1.15 at p_x0=0.00 p_y0=-1.00 (consecutive=0)
update=241 global_step=493568 SPS=1224 w_ev=0.209 m_ev=0.990 m_v_bias=-4.5 m_adv_std=17.5781 m_kl_max=0.0115 m_ratio_max=0.601 w_ax@goal=+0.35 w_v@goal=3.73 return=989.9 length=86 success_rate=1.00 collisions/ep=0.33 (n=24)
update=242 global_step=495616 SPS=1226 w_ev=0.233 m_ev=0.985 m_v_bias=1.4 m_adv_std=21.3999 m_kl_max=0.0213 m_ratio_max=1.187 w_ax@goal=+0.36 w_v@goal=3.66 return=980.3 length=84 success_rate=1.00 collisions/ep=0.54 (n=24)
update=243 global_step=497664 SPS=1228 w_ev=0.242 m_ev=0.963 m_v_bias=0.7 m_adv_std=34.3284 m_kl_max=0.0134 m_ratio_max=0.682 w_ax@goal=+0.51 w_v@goal=3.78 return=975.9 length=83 success_rate=1.00 collisions/ep=0.64 (n=25)
update=244 global_step=499712 SPS=1230 w_ev=0.319 m_ev=0.991 m_v_bias=-10.8 m_adv_std=15.8876 m_kl_max=0.0135 m_ratio_max=0.717 w_ax@goal=+0.70 w_v@goal=3.64 return=995.5 length=84 success_rate=1.00 collisions/ep=0.28 (n=25)
update=245 global_step=501760 SPS=1232 w_ev=0.296 m_ev=0.987 m_v_bias=7.1 m_adv_std=19.9072 m_kl_max=0.0160 m_ratio_max=0.593 w_ax@goal=+0.56 w_v@goal=3.61 return=985.3 length=84 success_rate=1.00 collisions/ep=0.46 (n=24)
Evaluation at update 245: return=1011.93, length=78.25, success_rate=1.00, collisions/ep=0.00
Solved-check at update 245: solved=True worst_gap=1.23 at p_x0=0.00 p_y0=-1.00 (consecutive=1)
update=246 global_step=503808 SPS=1225 w_ev=0.236 m_ev=0.988 m_v_bias=-2.3 m_adv_std=19.1048 m_kl_max=0.0078 m_ratio_max=0.565 w_ax@goal=+0.67 w_v@goal=3.91 return=982.5 length=81 success_rate=1.00 collisions/ep=0.54 (n=26)
update=247 global_step=505856 SPS=1227 w_ev=0.265 m_ev=0.989 m_v_bias=-5.6 m_adv_std=17.7377 m_kl_max=0.0369 m_ratio_max=0.636 w_ax@goal=+0.70 w_v@goal=3.64 return=1000.7 length=82 success_rate=1.00 collisions/ep=0.16 (n=25)
update=248 global_step=507904 SPS=1228 w_ev=0.286 m_ev=0.986 m_v_bias=2.7 m_adv_std=20.4696 m_kl_max=0.0214 m_ratio_max=1.488 w_ax@goal=+0.74 w_v@goal=3.70 return=996.1 length=82 success_rate=1.00 collisions/ep=0.26 (n=23)
update=249 global_step=509952 SPS=1230 w_ev=0.298 m_ev=0.986 m_v_bias=-1.2 m_adv_std=20.3876 m_kl_max=0.0052 m_ratio_max=0.488 w_ax@goal=+0.59 w_v@goal=3.71 return=985.4 length=84 success_rate=1.00 collisions/ep=0.50 (n=24)
update=250 global_step=512000 SPS=1232 w_ev=0.295 m_ev=0.987 m_v_bias=4.0 m_adv_std=19.7760 m_kl_max=0.0154 m_ratio_max=0.887 w_ax@goal=+0.87 w_v@goal=3.79 return=984.0 length=82 success_rate=1.00 collisions/ep=0.52 (n=27)
Evaluation at update 250: return=1012.03, length=78.20, success_rate=1.00, collisions/ep=0.00
Solved-check at update 250: solved=True worst_gap=1.06 at p_x0=0.00 p_y0=-1.00 (consecutive=2)
update=251 global_step=514048 SPS=1225 w_ev=0.320 m_ev=0.971 m_v_bias=1.9 m_adv_std=31.2166 m_kl_max=0.0051 m_ratio_max=0.459 w_ax@goal=+0.71 w_v@goal=3.74 return=981.1 length=81 success_rate=1.00 collisions/ep=0.58 (n=26)
update=252 global_step=516096 SPS=1227 w_ev=0.194 m_ev=0.993 m_v_bias=-11.5 m_adv_std=13.8049 m_kl_max=0.0185 m_ratio_max=0.681 w_ax@goal=+0.95 w_v@goal=3.68 return=990.1 length=81 success_rate=1.00 collisions/ep=0.40 (n=25)
update=253 global_step=518144 SPS=1229 w_ev=0.227 m_ev=0.991 m_v_bias=1.0 m_adv_std=16.5512 m_kl_max=0.0194 m_ratio_max=0.960 w_ax@goal=+0.74 w_v@goal=3.70 return=999.4 length=82 success_rate=1.00 collisions/ep=0.20 (n=25)
update=254 global_step=520192 SPS=1230 w_ev=0.238 m_ev=0.967 m_v_bias=12.3 m_adv_std=31.8623 m_kl_max=0.0268 m_ratio_max=0.737 w_ax@goal=+0.71 w_v@goal=3.71 return=969.4 length=81 success_rate=1.00 collisions/ep=0.80 (n=25)
update=255 global_step=522240 SPS=1232 w_ev=0.269 m_ev=0.977 m_v_bias=-1.2 m_adv_std=27.2076 m_kl_max=0.0043 m_ratio_max=0.435 w_ax@goal=+0.76 w_v@goal=3.74 return=979.7 length=83 success_rate=1.00 collisions/ep=0.60 (n=25)
Evaluation at update 255: return=1012.00, length=78.25, success_rate=1.00, collisions/ep=0.00
Solved-check at update 255: solved=False worst_gap=50.55 at p_x0=2.00 p_y0=-1.00 (consecutive=3)
update=256 global_step=524288 SPS=1226 w_ev=0.268 m_ev=0.976 m_v_bias=-2.7 m_adv_std=26.2090 m_kl_max=0.0123 m_ratio_max=0.985 w_ax@goal=+0.71 w_v@goal=3.62 return=986.5 length=85 success_rate=1.00 collisions/ep=0.46 (n=24)
update=257 global_step=526336 SPS=1228 w_ev=0.272 m_ev=0.984 m_v_bias=-1.4 m_adv_std=22.2869 m_kl_max=0.0156 m_ratio_max=1.400 w_ax@goal=+0.80 w_v@goal=3.72 return=986.4 length=82 success_rate=1.00 collisions/ep=0.46 (n=24)
update=258 global_step=528384 SPS=1230 w_ev=0.301 m_ev=0.968 m_v_bias=2.3 m_adv_std=32.5111 m_kl_max=0.0245 m_ratio_max=0.619 w_ax@goal=+0.73 w_v@goal=3.70 return=977.7 length=81 success_rate=1.00 collisions/ep=0.62 (n=24)
update=259 global_step=530432 SPS=1232 w_ev=0.245 m_ev=0.980 m_v_bias=0.2 m_adv_std=25.0419 m_kl_max=0.0468 m_ratio_max=1.400 w_ax@goal=+0.63 w_v@goal=3.63 return=981.9 length=82 success_rate=1.00 collisions/ep=0.54 (n=26)
update=260 global_step=532480 SPS=1234 w_ev=0.159 m_ev=0.984 m_v_bias=-4.5 m_adv_std=22.3043 m_kl_max=0.0187 m_ratio_max=1.087 w_ax@goal=+0.60 w_v@goal=3.75 return=984.5 length=83 success_rate=1.00 collisions/ep=0.48 (n=23)
Evaluation at update 260: return=1011.81, length=78.30, success_rate=1.00, collisions/ep=0.00
Solved-check at update 260: solved=False worst_gap=50.74 at p_x0=2.00 p_y0=-1.00 (consecutive=0)
update=261 global_step=534528 SPS=1229 w_ev=0.232 m_ev=0.981 m_v_bias=2.0 m_adv_std=24.4853 m_kl_max=0.0049 m_ratio_max=0.338 w_ax@goal=+0.92 w_v@goal=3.83 return=976.9 length=83 success_rate=1.00 collisions/ep=0.64 (n=25)
update=262 global_step=536576 SPS=1231 w_ev=0.171 m_ev=0.934 m_v_bias=0.0 m_adv_std=46.9209 m_kl_max=0.0118 m_ratio_max=0.723 w_ax@goal=+0.71 w_v@goal=3.86 return=969.2 length=83 success_rate=1.00 collisions/ep=0.80 (n=25)
update=263 global_step=538624 SPS=1233 w_ev=0.206 m_ev=0.973 m_v_bias=-2.4 m_adv_std=29.0461 m_kl_max=0.0177 m_ratio_max=0.631 w_ax@goal=+0.62 w_v@goal=4.06 return=998.2 length=83 success_rate=1.00 collisions/ep=0.19 (n=27)
update=264 global_step=540672 SPS=1235 w_ev=0.237 m_ev=0.983 m_v_bias=5.6 m_adv_std=22.5206 m_kl_max=0.0097 m_ratio_max=0.447 w_ax@goal=+0.54 w_v@goal=3.91 return=970.3 length=83 success_rate=1.00 collisions/ep=0.74 (n=23)
update=265 global_step=542720 SPS=1237 w_ev=0.288 m_ev=0.989 m_v_bias=-3.8 m_adv_std=18.5921 m_kl_max=0.0295 m_ratio_max=0.958 w_ax@goal=+0.50 w_v@goal=3.85 return=983.0 length=84 success_rate=1.00 collisions/ep=0.52 (n=25)
Evaluation at update 265: return=1006.69, length=78.30, success_rate=1.00, collisions/ep=0.10
Solved-check at update 265: solved=False worst_gap=50.99 at p_x0=1.50 p_y0=-1.00 (consecutive=0)
update=266 global_step=544768 SPS=1231 w_ev=0.287 m_ev=0.972 m_v_bias=3.7 m_adv_std=28.8576 m_kl_max=0.0206 m_ratio_max=0.807 w_ax@goal=+0.63 w_v@goal=3.70 return=982.9 length=82 success_rate=1.00 collisions/ep=0.52 (n=25)
update=267 global_step=546816 SPS=1233 w_ev=0.312 m_ev=0.992 m_v_bias=-4.6 m_adv_std=16.2182 m_kl_max=0.0198 m_ratio_max=0.763 w_ax@goal=+0.53 w_v@goal=3.61 return=991.3 length=83 success_rate=1.00 collisions/ep=0.33 (n=24)
update=268 global_step=548864 SPS=1234 w_ev=0.333 m_ev=0.990 m_v_bias=-3.7 m_adv_std=17.6052 m_kl_max=0.0116 m_ratio_max=0.518 w_ax@goal=+0.52 w_v@goal=3.65 return=983.9 length=84 success_rate=1.00 collisions/ep=0.50 (n=26)
update=269 global_step=550912 SPS=1236 w_ev=0.333 m_ev=0.973 m_v_bias=3.0 m_adv_std=28.3545 m_kl_max=0.0217 m_ratio_max=0.631 w_ax@goal=+0.73 w_v@goal=3.46 return=977.0 length=82 success_rate=1.00 collisions/ep=0.64 (n=25)
update=270 global_step=552960 SPS=1238 w_ev=0.304 m_ev=0.989 m_v_bias=-5.4 m_adv_std=17.6872 m_kl_max=0.0274 m_ratio_max=1.738 w_ax@goal=+0.66 w_v@goal=3.63 return=988.1 length=81 success_rate=1.00 collisions/ep=0.42 (n=24)
Evaluation at update 270: return=1011.90, length=78.30, success_rate=1.00, collisions/ep=0.00
Solved-check at update 270: solved=False worst_gap=50.52 at p_x0=2.00 p_y0=-1.00 (consecutive=0)
update=271 global_step=555008 SPS=1232 w_ev=0.187 m_ev=0.965 m_v_bias=13.8 m_adv_std=34.3814 m_kl_max=0.0076 m_ratio_max=0.711 w_ax@goal=+0.62 w_v@goal=3.55 return=965.0 length=85 success_rate=1.00 collisions/ep=0.88 (n=24)
update=272 global_step=557056 SPS=1234 w_ev=0.280 m_ev=0.990 m_v_bias=-12.5 m_adv_std=17.4811 m_kl_max=0.0084 m_ratio_max=0.629 w_ax@goal=+0.74 w_v@goal=3.59 return=984.0 length=84 success_rate=1.00 collisions/ep=0.50 (n=24)
update=273 global_step=559104 SPS=1236 w_ev=0.271 m_ev=0.983 m_v_bias=0.3 m_adv_std=23.4223 m_kl_max=0.0120 m_ratio_max=0.752 w_ax@goal=+0.67 w_v@goal=3.71 return=977.6 length=82 success_rate=1.00 collisions/ep=0.63 (n=27)
update=274 global_step=561152 SPS=1238 w_ev=0.279 m_ev=0.989 m_v_bias=-6.0 m_adv_std=18.3343 m_kl_max=0.0089 m_ratio_max=0.453 w_ax@goal=+0.76 w_v@goal=3.56 return=990.1 length=83 success_rate=1.00 collisions/ep=0.38 (n=24)
update=275 global_step=563200 SPS=1240 w_ev=0.262 m_ev=0.992 m_v_bias=-1.7 m_adv_std=15.5918 m_kl_max=0.0270 m_ratio_max=1.985 w_ax@goal=+0.66 w_v@goal=3.65 return=980.6 length=82 success_rate=1.00 collisions/ep=0.56 (n=25)
Evaluation at update 275: return=1004.09, length=78.55, success_rate=1.00, collisions/ep=0.15
Solved-check at update 275: solved=False worst_gap=51.18 at p_x0=1.00 p_y0=-1.00 (consecutive=0)
update=276 global_step=565248 SPS=1233 w_ev=0.295 m_ev=0.986 m_v_bias=9.0 m_adv_std=20.8811 m_kl_max=0.0094 m_ratio_max=0.477 w_ax@goal=+0.47 w_v@goal=3.41 return=972.0 length=85 success_rate=1.00 collisions/ep=0.71 (n=24)
update=277 global_step=567296 SPS=1235 w_ev=0.273 m_ev=0.992 m_v_bias=-9.0 m_adv_std=15.9701 m_kl_max=0.0108 m_ratio_max=0.584 w_ax@goal=+0.37 w_v@goal=3.50 return=992.4 length=85 success_rate=1.00 collisions/ep=0.32 (n=25)
update=278 global_step=569344 SPS=1237 w_ev=0.212 m_ev=0.985 m_v_bias=2.0 m_adv_std=20.7142 m_kl_max=0.0062 m_ratio_max=0.829 w_ax@goal=+0.68 w_v@goal=3.54 return=974.2 length=82 success_rate=1.00 collisions/ep=0.70 (n=23)
update=279 global_step=571392 SPS=1239 w_ev=0.247 m_ev=0.982 m_v_bias=-1.1 m_adv_std=23.8337 m_kl_max=0.0087 m_ratio_max=0.492 w_ax@goal=+0.65 w_v@goal=3.71 return=981.2 length=81 success_rate=1.00 collisions/ep=0.56 (n=27)
update=280 global_step=573440 SPS=1241 w_ev=0.250 m_ev=0.978 m_v_bias=2.0 m_adv_std=25.6825 m_kl_max=0.0174 m_ratio_max=0.782 w_ax@goal=+0.62 w_v@goal=3.52 return=986.3 length=83 success_rate=1.00 collisions/ep=0.43 (n=23)
Evaluation at update 280: return=1011.51, length=78.70, success_rate=1.00, collisions/ep=0.00
Solved-check at update 280: solved=False worst_gap=50.94 at p_x0=2.00 p_y0=-1.00 (consecutive=0)
update=281 global_step=575488 SPS=1236 w_ev=0.219 m_ev=0.967 m_v_bias=4.8 m_adv_std=33.2590 m_kl_max=0.0116 m_ratio_max=0.495 w_ax@goal=+0.52 w_v@goal=3.57 return=963.8 length=85 success_rate=1.00 collisions/ep=0.88 (n=24)
update=282 global_step=577536 SPS=1237 w_ev=0.102 m_ev=0.981 m_v_bias=0.2 m_adv_std=24.8526 m_kl_max=0.0246 m_ratio_max=0.951 w_ax@goal=+0.72 w_v@goal=3.76 return=978.7 length=84 success_rate=1.00 collisions/ep=0.58 (n=24)
update=283 global_step=579584 SPS=1239 w_ev=0.170 m_ev=0.987 m_v_bias=2.3 m_adv_std=21.0660 m_kl_max=0.0109 m_ratio_max=0.621 w_ax@goal=+0.30 w_v@goal=3.75 return=980.8 length=88 success_rate=1.00 collisions/ep=0.50 (n=24)
update=284 global_step=581632 SPS=1241 w_ev=0.144 m_ev=0.985 m_v_bias=-3.1 m_adv_std=22.6145 m_kl_max=0.0112 m_ratio_max=0.865 w_ax@goal=+0.38 w_v@goal=3.88 return=981.6 length=85 success_rate=1.00 collisions/ep=0.50 (n=24)
update=285 global_step=583680 SPS=1243 w_ev=0.119 m_ev=0.962 m_v_bias=1.3 m_adv_std=35.5330 m_kl_max=0.0272 m_ratio_max=0.518 w_ax@goal=+0.46 w_v@goal=3.82 return=971.7 length=85 success_rate=1.00 collisions/ep=0.72 (n=25)
Evaluation at update 285: return=1011.50, length=78.70, success_rate=1.00, collisions/ep=0.00
Solved-check at update 285: solved=False worst_gap=50.98 at p_x0=2.00 p_y0=-1.00 (consecutive=0)
update=286 global_step=585728 SPS=1236 w_ev=0.144 m_ev=0.861 m_v_bias=17.7 m_adv_std=75.4523 m_kl_max=0.0151 m_ratio_max=0.815 w_ax@goal=+0.29 w_v@goal=3.80 return=941.9 length=84 success_rate=1.00 collisions/ep=1.28 (n=25)
update=287 global_step=587776 SPS=1238 w_ev=0.143 m_ev=0.975 m_v_bias=-13.1 m_adv_std=28.4225 m_kl_max=0.0178 m_ratio_max=0.787 w_ax@goal=+0.42 w_v@goal=3.87 return=984.0 length=86 success_rate=1.00 collisions/ep=0.46 (n=24)
update=288 global_step=589824 SPS=1239 w_ev=0.199 m_ev=0.985 m_v_bias=-4.6 m_adv_std=21.9338 m_kl_max=0.0232 m_ratio_max=0.875 w_ax@goal=+0.53 w_v@goal=3.86 return=985.3 length=86 success_rate=1.00 collisions/ep=0.43 (n=23)
update=289 global_step=591872 SPS=1241 w_ev=0.258 m_ev=0.977 m_v_bias=2.9 m_adv_std=27.3461 m_kl_max=0.0091 m_ratio_max=0.479 w_ax@goal=+0.37 w_v@goal=3.77 return=973.7 length=85 success_rate=1.00 collisions/ep=0.67 (n=24)
update=290 global_step=593920 SPS=1243 w_ev=0.255 m_ev=0.970 m_v_bias=3.7 m_adv_std=32.0981 m_kl_max=0.0088 m_ratio_max=0.585 w_ax@goal=+0.48 w_v@goal=3.74 return=967.0 length=83 success_rate=1.00 collisions/ep=0.80 (n=25)
Evaluation at update 290: return=1006.58, length=78.55, success_rate=1.00, collisions/ep=0.10
Solved-check at update 290: solved=False worst_gap=50.98 at p_x0=2.00 p_y0=-1.00 (consecutive=0)
update=291 global_step=595968 SPS=1236 w_ev=0.221 m_ev=0.987 m_v_bias=-5.5 m_adv_std=20.5506 m_kl_max=0.0131 m_ratio_max=0.532 w_ax@goal=+0.41 w_v@goal=3.73 return=982.2 length=86 success_rate=1.00 collisions/ep=0.50 (n=24)
update=292 global_step=598016 SPS=1238 w_ev=0.217 m_ev=0.984 m_v_bias=0.2 m_adv_std=22.6760 m_kl_max=0.0153 m_ratio_max=0.799 w_ax@goal=+0.42 w_v@goal=3.70 return=979.7 length=85 success_rate=1.00 collisions/ep=0.54 (n=24)
update=293 global_step=600064 SPS=1239 w_ev=0.130 m_ev=0.966 m_v_bias=11.8 m_adv_std=33.0465 m_kl_max=0.0131 m_ratio_max=0.773 w_ax@goal=+0.45 w_v@goal=3.95 return=969.5 length=85 success_rate=1.00 collisions/ep=0.76 (n=25)
update=294 global_step=602112 SPS=1241 w_ev=0.218 m_ev=0.944 m_v_bias=7.5 m_adv_std=44.3158 m_kl_max=0.0169 m_ratio_max=0.593 w_ax@goal=+0.33 w_v@goal=3.73 return=957.7 length=84 success_rate=1.00 collisions/ep=0.96 (n=24)
update=295 global_step=604160 SPS=1242 w_ev=0.222 m_ev=0.987 m_v_bias=-16.6 m_adv_std=19.4443 m_kl_max=0.0192 m_ratio_max=0.647 w_ax@goal=+0.40 w_v@goal=3.65 return=992.6 length=84 success_rate=1.00 collisions/ep=0.38 (n=24)
Evaluation at update 295: return=1006.43, length=78.75, success_rate=1.00, collisions/ep=0.10
Solved-check at update 295: solved=False worst_gap=51.28 at p_x0=1.50 p_y0=-1.00 (consecutive=0)
update=296 global_step=606208 SPS=1236 w_ev=0.203 m_ev=0.956 m_v_bias=9.6 m_adv_std=38.1083 m_kl_max=0.0100 m_ratio_max=0.774 w_ax@goal=+0.48 w_v@goal=3.77 return=968.5 length=85 success_rate=1.00 collisions/ep=0.75 (n=24)
update=297 global_step=608256 SPS=1238 w_ev=0.123 m_ev=0.984 m_v_bias=-4.5 m_adv_std=22.6877 m_kl_max=0.0155 m_ratio_max=0.838 w_ax@goal=+0.40 w_v@goal=3.86 return=981.3 length=86 success_rate=1.00 collisions/ep=0.48 (n=23)
update=298 global_step=610304 SPS=1240 w_ev=0.098 m_ev=0.979 m_v_bias=1.3 m_adv_std=26.1288 m_kl_max=0.0115 m_ratio_max=0.448 w_ax@goal=+0.44 w_v@goal=3.99 return=980.7 length=86 success_rate=1.00 collisions/ep=0.52 (n=23)
update=299 global_step=612352 SPS=1241 w_ev=0.059 m_ev=0.987 m_v_bias=-0.1 m_adv_std=20.2484 m_kl_max=0.0118 m_ratio_max=0.452 w_ax@goal=+0.37 w_v@goal=4.08 return=987.7 length=87 success_rate=1.00 collisions/ep=0.33 (n=24)
update=300 global_step=614400 SPS=1243 w_ev=0.163 m_ev=0.976 m_v_bias=5.8 m_adv_std=28.5619 m_kl_max=0.0154 m_ratio_max=0.844 w_ax@goal=+0.27 w_v@goal=3.87 return=983.6 length=87 success_rate=1.00 collisions/ep=0.42 (n=24)
Evaluation at update 300: return=1005.51, length=79.65, success_rate=1.00, collisions/ep=0.10
Solved-check at update 300: solved=False worst_gap=51.98 at p_x0=2.00 p_y0=-1.00 (consecutive=0)
update=301 global_step=616448 SPS=1237 w_ev=0.247 m_ev=0.962 m_v_bias=7.1 m_adv_std=36.0148 m_kl_max=0.0169 m_ratio_max=0.461 w_ax@goal=+0.31 w_v@goal=3.55 return=962.9 length=89 success_rate=1.00 collisions/ep=0.87 (n=23)
update=302 global_step=618496 SPS=1238 w_ev=0.156 m_ev=0.969 m_v_bias=-2.5 m_adv_std=33.0730 m_kl_max=0.0127 m_ratio_max=0.735 w_ax@goal=+0.45 w_v@goal=4.03 return=975.3 length=86 success_rate=1.00 collisions/ep=0.58 (n=24)
update=303 global_step=620544 SPS=1240 w_ev=0.201 m_ev=0.963 m_v_bias=-0.6 m_adv_std=33.5827 m_kl_max=0.0396 m_ratio_max=0.962 w_ax@goal=+0.28 w_v@goal=3.92 return=964.9 length=88 success_rate=1.00 collisions/ep=0.79 (n=24)
update=304 global_step=622592 SPS=1241 w_ev=0.066 m_ev=0.980 m_v_bias=-0.5 m_adv_std=25.6004 m_kl_max=0.0104 m_ratio_max=0.461 w_ax@goal=+0.49 w_v@goal=3.89 return=978.3 length=86 success_rate=1.00 collisions/ep=0.52 (n=23)
update=305 global_step=624640 SPS=1243 w_ev=0.072 m_ev=0.978 m_v_bias=-2.2 m_adv_std=26.5684 m_kl_max=0.0120 m_ratio_max=0.749 w_ax@goal=+0.46 w_v@goal=3.96 return=980.2 length=88 success_rate=1.00 collisions/ep=0.50 (n=24)
Evaluation at update 305: return=1011.13, length=79.00, success_rate=1.00, collisions/ep=0.00
Solved-check at update 305: solved=True worst_gap=2.11 at p_x0=0.00 p_y0=1.00 (consecutive=0)
update=306 global_step=626688 SPS=1237 w_ev=0.115 m_ev=0.987 m_v_bias=-5.5 m_adv_std=20.2694 m_kl_max=0.0075 m_ratio_max=0.431 w_ax@goal=+0.42 w_v@goal=4.04 return=992.2 length=88 success_rate=1.00 collisions/ep=0.25 (n=24)
update=307 global_step=628736 SPS=1239 w_ev=0.139 m_ev=0.983 m_v_bias=-1.7 m_adv_std=22.6305 m_kl_max=0.0196 m_ratio_max=0.684 w_ax@goal=+0.43 w_v@goal=3.90 return=988.8 length=86 success_rate=1.00 collisions/ep=0.39 (n=23)
update=308 global_step=630784 SPS=1241 w_ev=0.060 m_ev=0.962 m_v_bias=2.8 m_adv_std=34.7640 m_kl_max=0.0093 m_ratio_max=0.678 w_ax@goal=+0.60 w_v@goal=4.09 return=979.5 length=86 success_rate=1.00 collisions/ep=0.52 (n=23)
update=309 global_step=632832 SPS=1242 w_ev=0.101 m_ev=0.984 m_v_bias=0.2 m_adv_std=22.3740 m_kl_max=0.0055 m_ratio_max=0.420 w_ax@goal=+0.38 w_v@goal=3.96 return=986.7 length=86 success_rate=1.00 collisions/ep=0.35 (n=23)
update=310 global_step=634880 SPS=1244 w_ev=0.123 m_ev=0.966 m_v_bias=-0.5 m_adv_std=33.0144 m_kl_max=0.0074 m_ratio_max=0.361 w_ax@goal=+0.39 w_v@goal=4.11 return=971.3 length=86 success_rate=1.00 collisions/ep=0.68 (n=25)
Evaluation at update 310: return=1009.59, length=80.55, success_rate=1.00, collisions/ep=0.00
Solved-check at update 310: solved=False worst_gap=52.14 at p_x0=2.00 p_y0=-1.00 (consecutive=1)
update=311 global_step=636928 SPS=1238 w_ev=0.134 m_ev=0.989 m_v_bias=0.7 m_adv_std=19.0292 m_kl_max=0.0240 m_ratio_max=0.743 w_ax@goal=+0.54 w_v@goal=3.98 return=998.1 length=87 success_rate=1.00 collisions/ep=0.12 (n=24)
update=312 global_step=638976 SPS=1240 w_ev=0.079 m_ev=0.964 m_v_bias=14.9 m_adv_std=34.1022 m_kl_max=0.0180 m_ratio_max=0.650 w_ax@goal=+0.30 w_v@goal=4.03 return=975.3 length=91 success_rate=1.00 collisions/ep=0.59 (n=22)
update=313 global_step=641024 SPS=1242 w_ev=0.096 m_ev=0.975 m_v_bias=0.3 m_adv_std=28.9919 m_kl_max=0.0120 m_ratio_max=0.449 w_ax@goal=+0.30 w_v@goal=4.08 return=978.7 length=86 success_rate=1.00 collisions/ep=0.48 (n=23)
update=314 global_step=643072 SPS=1243 w_ev=0.129 m_ev=0.983 m_v_bias=-9.0 m_adv_std=24.1349 m_kl_max=0.0082 m_ratio_max=0.438 w_ax@goal=+0.58 w_v@goal=4.00 return=974.9 length=89 success_rate=1.00 collisions/ep=0.58 (n=24)
update=315 global_step=645120 SPS=1245 w_ev=0.209 m_ev=0.917 m_v_bias=24.6 m_adv_std=56.8425 m_kl_max=0.0132 m_ratio_max=0.584 w_ax@goal=+0.26 w_v@goal=3.77 return=935.1 length=87 success_rate=1.00 collisions/ep=1.33 (n=24)
Evaluation at update 315: return=996.15, length=81.55, success_rate=1.00, collisions/ep=0.25
Solved-check at update 315: solved=False worst_gap=52.77 at p_x0=1.50 p_y0=-0.50 (consecutive=0)
update=316 global_step=647168 SPS=1239 w_ev=0.187 m_ev=0.980 m_v_bias=-17.0 m_adv_std=26.0173 m_kl_max=0.0077 m_ratio_max=0.648 w_ax@goal=+0.49 w_v@goal=3.81 return=983.7 length=87 success_rate=1.00 collisions/ep=0.39 (n=23)
update=317 global_step=649216 SPS=1240 w_ev=0.234 m_ev=0.983 m_v_bias=1.6 m_adv_std=23.6703 m_kl_max=0.0146 m_ratio_max=0.507 w_ax@goal=+0.34 w_v@goal=3.64 return=974.4 length=89 success_rate=1.00 collisions/ep=0.57 (n=23)
update=318 global_step=651264 SPS=1241 w_ev=0.163 m_ev=0.981 m_v_bias=-3.6 m_adv_std=26.3986 m_kl_max=0.0212 m_ratio_max=0.875 w_ax@goal=+0.50 w_v@goal=3.95 return=968.4 length=87 success_rate=1.00 collisions/ep=0.71 (n=24)
update=319 global_step=653312 SPS=1242 w_ev=0.120 m_ev=0.984 m_v_bias=-5.3 m_adv_std=23.2930 m_kl_max=0.0079 m_ratio_max=0.449 w_ax@goal=+0.54 w_v@goal=3.77 return=964.0 length=87 success_rate=1.00 collisions/ep=0.83 (n=23)
update=320 global_step=655360 SPS=1244 w_ev=0.187 m_ev=0.988 m_v_bias=-3.1 m_adv_std=20.1077 m_kl_max=0.0104 m_ratio_max=0.643 w_ax@goal=+0.50 w_v@goal=3.92 return=966.1 length=86 success_rate=1.00 collisions/ep=0.79 (n=24)
Evaluation at update 320: return=973.75, length=78.85, success_rate=1.00, collisions/ep=0.75
Solved-check at update 320: solved=False worst_gap=51.93 at p_x0=0.50 p_y0=-1.00 (consecutive=0)
update=321 global_step=657408 SPS=1239 w_ev=0.262 m_ev=0.919 m_v_bias=4.6 m_adv_std=52.4156 m_kl_max=0.0101 m_ratio_max=0.509 w_ax@goal=+0.55 w_v@goal=3.79 return=959.9 length=85 success_rate=1.00 collisions/ep=0.92 (n=24)
update=322 global_step=659456 SPS=1240 w_ev=0.235 m_ev=0.978 m_v_bias=-2.6 m_adv_std=27.7871 m_kl_max=0.0235 m_ratio_max=1.004 w_ax@goal=+0.55 w_v@goal=3.62 return=961.2 length=86 success_rate=1.00 collisions/ep=0.91 (n=23)
update=323 global_step=661504 SPS=1242 w_ev=0.238 m_ev=0.948 m_v_bias=9.4 m_adv_std=42.4759 m_kl_max=0.0090 m_ratio_max=0.734 w_ax@goal=+0.45 w_v@goal=3.68 return=969.4 length=85 success_rate=1.00 collisions/ep=0.71 (n=24)
update=324 global_step=663552 SPS=1243 w_ev=0.130 m_ev=0.987 m_v_bias=-6.9 m_adv_std=20.3089 m_kl_max=0.0135 m_ratio_max=0.707 w_ax@goal=+0.53 w_v@goal=3.82 return=971.3 length=86 success_rate=1.00 collisions/ep=0.67 (n=24)
update=325 global_step=665600 SPS=1244 w_ev=0.194 m_ev=0.977 m_v_bias=3.5 m_adv_std=28.1675 m_kl_max=0.0159 m_ratio_max=0.784 w_ax@goal=+0.50 w_v@goal=3.74 return=963.6 length=88 success_rate=1.00 collisions/ep=0.83 (n=23)
Evaluation at update 325: return=1004.69, length=80.30, success_rate=1.00, collisions/ep=0.10
Solved-check at update 325: solved=False worst_gap=51.95 at p_x0=2.00 p_y0=-1.00 (consecutive=0)
update=326 global_step=667648 SPS=1239 w_ev=0.196 m_ev=0.954 m_v_bias=9.8 m_adv_std=41.7482 m_kl_max=0.0041 m_ratio_max=0.399 w_ax@goal=+0.34 w_v@goal=3.76 return=954.3 length=89 success_rate=1.00 collisions/ep=0.96 (n=24)
update=327 global_step=669696 SPS=1240 w_ev=0.180 m_ev=0.961 m_v_bias=8.0 m_adv_std=38.4119 m_kl_max=0.0071 m_ratio_max=0.479 w_ax@goal=+0.52 w_v@goal=3.68 return=967.3 length=89 success_rate=1.00 collisions/ep=0.73 (n=22)
update=328 global_step=671744 SPS=1242 w_ev=0.131 m_ev=0.923 m_v_bias=-7.3 m_adv_std=54.1785 m_kl_max=0.0082 m_ratio_max=0.402 w_ax@goal=+0.49 w_v@goal=3.81 return=942.1 length=87 success_rate=1.00 collisions/ep=1.25 (n=24)
update=329 global_step=673792 SPS=1243 w_ev=0.068 m_ev=0.961 m_v_bias=4.1 m_adv_std=39.7076 m_kl_max=0.0166 m_ratio_max=1.568 w_ax@goal=+0.59 w_v@goal=3.98 return=961.0 length=87 success_rate=1.00 collisions/ep=0.87 (n=23)
update=330 global_step=675840 SPS=1244 w_ev=0.158 m_ev=0.965 m_v_bias=-1.0 m_adv_std=36.0706 m_kl_max=0.0084 m_ratio_max=0.516 w_ax@goal=+0.64 w_v@goal=3.85 return=931.2 length=88 success_rate=1.00 collisions/ep=1.46 (n=24)
Evaluation at update 330: return=994.09, length=86.05, success_rate=1.00, collisions/ep=0.20
Solved-check at update 330: solved=False worst_gap=58.93 at p_x0=1.00 p_y0=0.00 (consecutive=0)
update=331 global_step=677888 SPS=1239 w_ev=0.032 m_ev=0.947 m_v_bias=10.2 m_adv_std=44.7556 m_kl_max=0.0238 m_ratio_max=0.836 w_ax@goal=+0.81 w_v@goal=4.15 return=945.8 length=91 success_rate=1.00 collisions/ep=1.09 (n=22)
update=332 global_step=679936 SPS=1240 w_ev=0.179 m_ev=0.947 m_v_bias=8.9 m_adv_std=46.2676 m_kl_max=0.0214 m_ratio_max=0.587 w_ax@goal=+0.80 w_v@goal=3.84 return=926.8 length=90 success_rate=1.00 collisions/ep=1.46 (n=24)
update=333 global_step=681984 SPS=1242 w_ev=0.204 m_ev=0.956 m_v_bias=12.8 m_adv_std=41.4994 m_kl_max=0.0175 m_ratio_max=0.767 w_ax@goal=+0.60 w_v@goal=3.72 return=932.1 length=91 success_rate=1.00 collisions/ep=1.30 (n=23)
update=334 global_step=684032 SPS=1243 w_ev=0.117 m_ev=0.956 m_v_bias=-7.0 m_adv_std=40.4310 m_kl_max=0.0071 m_ratio_max=0.428 w_ax@goal=+0.46 w_v@goal=3.70 return=905.9 length=95 success_rate=1.00 collisions/ep=1.83 (n=18)
update=335 global_step=686080 SPS=1244 w_ev=0.117 m_ev=0.977 m_v_bias=-18.9 m_adv_std=29.8589 m_kl_max=0.0064 m_ratio_max=0.547 w_ax@goal=+0.63 w_v@goal=3.96 return=971.7 length=91 success_rate=1.00 collisions/ep=0.57 (n=23)
Evaluation at update 335: return=999.12, length=86.00, success_rate=1.00, collisions/ep=0.10
Solved-check at update 335: solved=False worst_gap=58.02 at p_x0=2.00 p_y0=1.00 (consecutive=0)
update=336 global_step=688128 SPS=1239 w_ev=0.138 m_ev=0.972 m_v_bias=1.4 m_adv_std=33.9941 m_kl_max=0.0165 m_ratio_max=0.949 w_ax@goal=+0.54 w_v@goal=4.09 return=948.5 length=92 success_rate=1.00 collisions/ep=1.04 (n=24)
update=337 global_step=690176 SPS=1240 w_ev=0.175 m_ev=0.947 m_v_bias=4.6 m_adv_std=47.8899 m_kl_max=0.0094 m_ratio_max=0.673 w_ax@goal=+0.40 w_v@goal=3.83 return=943.8 length=95 success_rate=1.00 collisions/ep=1.09 (n=22)
update=338 global_step=692224 SPS=1241 w_ev=0.125 m_ev=0.964 m_v_bias=-1.1 m_adv_std=36.9588 m_kl_max=0.0095 m_ratio_max=0.388 w_ax@goal=+0.46 w_v@goal=3.91 return=944.4 length=95 success_rate=1.00 collisions/ep=1.05 (n=21)
update=339 global_step=694272 SPS=1241 w_ev=0.141 m_ev=0.879 m_v_bias=33.0 m_adv_std=72.4049 m_kl_max=0.0162 m_ratio_max=0.724 w_ax@goal=+0.43 w_v@goal=3.96 return=878.8 length=92 success_rate=1.00 collisions/ep=2.43 (n=21)
update=340 global_step=696320 SPS=1242 w_ev=0.166 m_ev=0.909 m_v_bias=-1.8 m_adv_std=66.4632 m_kl_max=0.0215 m_ratio_max=0.751 w_ax@goal=+0.39 w_v@goal=4.08 return=884.4 length=94 success_rate=1.00 collisions/ep=2.26 (n=23)
Evaluation at update 340: return=1000.49, length=87.10, success_rate=1.00, collisions/ep=0.05
Solved-check at update 340: solved=False worst_gap=58.86 at p_x0=2.00 p_y0=1.00 (consecutive=0)
update=341 global_step=698368 SPS=1237 w_ev=0.121 m_ev=0.958 m_v_bias=-3.7 m_adv_std=44.3075 m_kl_max=0.0180 m_ratio_max=0.953 w_ax@goal=+0.34 w_v@goal=4.03 return=926.4 length=93 success_rate=1.00 collisions/ep=1.43 (n=23)
update=342 global_step=700416 SPS=1239 w_ev=0.171 m_ev=0.957 m_v_bias=-9.7 m_adv_std=42.0893 m_kl_max=0.0115 m_ratio_max=0.492 w_ax@goal=+0.26 w_v@goal=3.87 return=921.1 length=94 success_rate=1.00 collisions/ep=1.50 (n=22)
update=343 global_step=702464 SPS=1240 w_ev=0.175 m_ev=0.923 m_v_bias=-2.9 m_adv_std=55.6773 m_kl_max=0.0178 m_ratio_max=0.915 w_ax@goal=+0.26 w_v@goal=3.80 return=932.5 length=91 success_rate=1.00 collisions/ep=1.32 (n=22)
update=344 global_step=704512 SPS=1242 w_ev=0.149 m_ev=0.917 m_v_bias=28.3 m_adv_std=60.0173 m_kl_max=0.0185 m_ratio_max=1.359 w_ax@goal=+0.45 w_v@goal=3.96 return=908.6 length=99 success_rate=1.00 collisions/ep=1.74 (n=19)
update=345 global_step=706560 SPS=1243 w_ev=0.161 m_ev=0.968 m_v_bias=1.4 m_adv_std=38.8572 m_kl_max=0.0099 m_ratio_max=0.737 w_ax@goal=+0.14 w_v@goal=3.93 return=900.3 length=99 success_rate=1.00 collisions/ep=1.83 (n=23)
Evaluation at update 345: return=975.34, length=89.85, success_rate=1.00, collisions/ep=0.50
Solved-check at update 345: solved=False worst_gap=265.78 at p_x0=2.00 p_y0=1.00 (consecutive=0)
update=346 global_step=708608 SPS=1237 w_ev=0.189 m_ev=0.955 m_v_bias=-11.1 m_adv_std=42.4084 m_kl_max=0.0255 m_ratio_max=1.043 w_ax@goal=+0.25 w_v@goal=3.82 return=941.0 length=96 success_rate=1.00 collisions/ep=1.05 (n=19)
update=347 global_step=710656 SPS=1239 w_ev=0.041 m_ev=0.947 m_v_bias=13.6 m_adv_std=49.0221 m_kl_max=0.0291 m_ratio_max=0.998 w_ax@goal=+0.33 w_v@goal=3.99 return=892.1 length=99 success_rate=1.00 collisions/ep=2.00 (n=21)
update=348 global_step=712704 SPS=1240 w_ev=0.084 m_ev=0.928 m_v_bias=2.2 m_adv_std=58.2824 m_kl_max=0.0173 m_ratio_max=0.645 w_ax@goal=+0.44 w_v@goal=4.00 return=888.0 length=102 success_rate=1.00 collisions/ep=2.05 (n=20)
update=349 global_step=714752 SPS=1242 w_ev=0.132 m_ev=0.944 m_v_bias=-0.1 m_adv_std=50.6459 m_kl_max=0.0067 m_ratio_max=0.387 w_ax@goal=+0.21 w_v@goal=3.79 return=892.2 length=94 success_rate=1.00 collisions/ep=2.05 (n=21)
update=350 global_step=716800 SPS=1243 w_ev=-0.047 m_ev=0.948 m_v_bias=-21.4 m_adv_std=47.7073 m_kl_max=0.0114 m_ratio_max=0.764 w_ax@goal=+0.30 w_v@goal=4.29 return=939.3 length=95 success_rate=1.00 collisions/ep=1.12 (n=24)
Evaluation at update 350: return=989.46, length=88.15, success_rate=1.00, collisions/ep=0.25
Solved-check at update 350: solved=False worst_gap=61.90 at p_x0=0.00 p_y0=-1.00 (consecutive=0)
update=351 global_step=718848 SPS=1238 w_ev=0.103 m_ev=0.971 m_v_bias=-9.3 m_adv_std=33.2095 m_kl_max=0.0082 m_ratio_max=0.470 w_ax@goal=+0.41 w_v@goal=3.87 return=939.3 length=96 success_rate=1.00 collisions/ep=1.14 (n=22)
update=352 global_step=720896 SPS=1239 w_ev=0.118 m_ev=0.951 m_v_bias=16.1 m_adv_std=46.8366 m_kl_max=0.0214 m_ratio_max=0.854 w_ax@goal=+0.35 w_v@goal=3.68 return=923.7 length=99 success_rate=1.00 collisions/ep=1.39 (n=18)
update=353 global_step=722944 SPS=1240 w_ev=0.025 m_ev=0.940 m_v_bias=1.9 m_adv_std=54.3702 m_kl_max=0.0197 m_ratio_max=0.999 w_ax@goal=+0.29 w_v@goal=4.10 return=905.3 length=98 success_rate=1.00 collisions/ep=1.78 (n=23)
update=354 global_step=724992 SPS=1242 w_ev=0.039 m_ev=0.937 m_v_bias=-1.1 m_adv_std=50.5524 m_kl_max=0.0055 m_ratio_max=0.511 w_ax@goal=+0.08 w_v@goal=3.89 return=882.0 length=100 success_rate=1.00 collisions/ep=2.21 (n=19)
update=355 global_step=727040 SPS=1243 w_ev=0.037 m_ev=0.936 m_v_bias=11.4 m_adv_std=53.6825 m_kl_max=0.0156 m_ratio_max=0.640 w_ax@goal=+0.18 w_v@goal=3.88 return=908.2 length=100 success_rate=1.00 collisions/ep=1.73 (n=22)
Evaluation at update 355: return=995.62, length=89.40, success_rate=1.00, collisions/ep=0.10
Solved-check at update 355: solved=False worst_gap=113.49 at p_x0=0.00 p_y0=1.00 (consecutive=0)
update=356 global_step=729088 SPS=1238 w_ev=-0.009 m_ev=0.922 m_v_bias=-3.7 m_adv_std=61.8019 m_kl_max=0.0166 m_ratio_max=0.535 w_ax@goal=+0.04 w_v@goal=3.88 return=916.8 length=96 success_rate=1.00 collisions/ep=1.63 (n=19)
update=357 global_step=731136 SPS=1240 w_ev=0.024 m_ev=0.900 m_v_bias=-2.5 m_adv_std=71.5011 m_kl_max=0.0360 m_ratio_max=1.773 w_ax@goal=+0.18 w_v@goal=3.99 return=908.9 length=97 success_rate=1.00 collisions/ep=1.76 (n=21)
update=358 global_step=733184 SPS=1241 w_ev=0.040 m_ev=0.950 m_v_bias=-11.9 m_adv_std=45.6909 m_kl_max=0.0084 m_ratio_max=0.438 w_ax@goal=+0.17 w_v@goal=3.97 return=928.4 length=97 success_rate=1.00 collisions/ep=1.36 (n=22)
update=359 global_step=735232 SPS=1242 w_ev=0.091 m_ev=0.935 m_v_bias=4.3 m_adv_std=56.7586 m_kl_max=0.0117 m_ratio_max=0.467 w_ax@goal=+0.25 w_v@goal=3.98 return=899.4 length=96 success_rate=1.00 collisions/ep=2.00 (n=23)
update=360 global_step=737280 SPS=1244 w_ev=0.000 m_ev=0.959 m_v_bias=-3.2 m_adv_std=41.9514 m_kl_max=0.0082 m_ratio_max=0.507 w_ax@goal=+0.27 w_v@goal=4.16 return=936.4 length=96 success_rate=1.00 collisions/ep=1.25 (n=20)
Evaluation at update 360: return=1003.11, length=87.15, success_rate=1.00, collisions/ep=0.00
Solved-check at update 360: solved=False worst_gap=61.28 at p_x0=2.00 p_y0=1.00 (consecutive=0)
update=361 global_step=739328 SPS=1238 w_ev=0.050 m_ev=0.937 m_v_bias=4.8 m_adv_std=54.5593 m_kl_max=0.0231 m_ratio_max=0.807 w_ax@goal=+0.19 w_v@goal=4.07 return=910.8 length=96 success_rate=1.00 collisions/ep=1.71 (n=21)
update=362 global_step=741376 SPS=1239 w_ev=0.065 m_ev=0.939 m_v_bias=-10.8 m_adv_std=51.7947 m_kl_max=0.0256 m_ratio_max=0.845 w_ax@goal=+0.32 w_v@goal=4.08 return=912.9 length=94 success_rate=1.00 collisions/ep=1.75 (n=24)
update=363 global_step=743424 SPS=1241 w_ev=0.059 m_ev=0.966 m_v_bias=-11.6 m_adv_std=35.8385 m_kl_max=0.0242 m_ratio_max=0.818 w_ax@goal=+0.41 w_v@goal=4.06 return=957.3 length=92 success_rate=1.00 collisions/ep=0.85 (n=20)
update=364 global_step=745472 SPS=1242 w_ev=0.065 m_ev=0.949 m_v_bias=15.0 m_adv_std=46.0082 m_kl_max=0.0130 m_ratio_max=0.567 w_ax@goal=+0.29 w_v@goal=4.10 return=925.7 length=95 success_rate=1.00 collisions/ep=1.48 (n=23)
update=365 global_step=747520 SPS=1243 w_ev=0.015 m_ev=0.935 m_v_bias=3.7 m_adv_std=54.3037 m_kl_max=0.0065 m_ratio_max=0.494 w_ax@goal=+0.16 w_v@goal=3.92 return=917.4 length=97 success_rate=1.00 collisions/ep=1.55 (n=20)
Evaluation at update 365: return=1001.16, length=88.75, success_rate=1.00, collisions/ep=0.00
Solved-check at update 365: solved=False worst_gap=114.15 at p_x0=2.00 p_y0=1.00 (consecutive=0)
update=366 global_step=749568 SPS=1238 w_ev=0.003 m_ev=0.938 m_v_bias=8.7 m_adv_std=55.7325 m_kl_max=0.0112 m_ratio_max=0.571 w_ax@goal=+0.25 w_v@goal=4.03 return=871.3 length=97 success_rate=1.00 collisions/ep=2.45 (n=22)
update=367 global_step=751616 SPS=1239 w_ev=0.027 m_ev=0.941 m_v_bias=0.4 m_adv_std=53.3297 m_kl_max=0.0239 m_ratio_max=0.753 w_ax@goal=+0.18 w_v@goal=4.03 return=915.9 length=99 success_rate=1.00 collisions/ep=1.52 (n=21)
update=368 global_step=753664 SPS=1241 w_ev=0.046 m_ev=0.940 m_v_bias=3.1 m_adv_std=51.5881 m_kl_max=0.0226 m_ratio_max=1.047 w_ax@goal=+0.08 w_v@goal=3.94 return=956.6 length=105 success_rate=1.00 collisions/ep=0.61 (n=18)
update=369 global_step=755712 SPS=1242 w_ev=0.014 m_ev=0.961 m_v_bias=-10.6 m_adv_std=42.8457 m_kl_max=0.0121 m_ratio_max=0.708 w_ax@goal=+0.06 w_v@goal=4.06 return=914.5 length=103 success_rate=1.00 collisions/ep=1.55 (n=22)
update=370 global_step=757760 SPS=1243 w_ev=0.013 m_ev=0.921 m_v_bias=21.0 m_adv_std=61.1422 m_kl_max=0.0177 m_ratio_max=0.930 w_ax@goal=+0.06 w_v@goal=3.87 return=902.9 length=105 success_rate=1.00 collisions/ep=1.67 (n=18)
Evaluation at update 370: return=993.37, length=96.55, success_rate=1.00, collisions/ep=0.00
Solved-check at update 370: solved=False worst_gap=123.33 at p_x0=2.00 p_y0=0.50 (consecutive=0)
update=371 global_step=759808 SPS=1238 w_ev=0.054 m_ev=0.876 m_v_bias=14.6 m_adv_std=86.1734 m_kl_max=0.0330 m_ratio_max=0.760 w_ax@goal=+0.11 w_v@goal=3.97 return=854.8 length=107 success_rate=1.00 collisions/ep=2.60 (n=20)
update=372 global_step=761856 SPS=1239 w_ev=0.002 m_ev=0.888 m_v_bias=17.9 m_adv_std=80.3858 m_kl_max=0.0265 m_ratio_max=0.600 w_ax@goal=+0.06 w_v@goal=3.89 return=863.8 length=107 success_rate=1.00 collisions/ep=2.50 (n=18)
update=373 global_step=763904 SPS=1241 w_ev=-0.048 m_ev=0.901 m_v_bias=-13.2 m_adv_std=75.5268 m_kl_max=0.0102 m_ratio_max=0.562 w_ax@goal=+0.05 w_v@goal=4.06 return=856.9 length=110 success_rate=1.00 collisions/ep=2.50 (n=18)
update=374 global_step=765952 SPS=1242 w_ev=0.004 m_ev=0.853 m_v_bias=20.5 m_adv_std=102.7656 m_kl_max=0.0304 m_ratio_max=0.771 w_ax@goal=+0.04 w_v@goal=4.08 return=815.3 length=111 success_rate=1.00 collisions/ep=3.30 (n=20)
update=375 global_step=768000 SPS=1243 w_ev=0.017 m_ev=0.905 m_v_bias=-30.1 m_adv_std=72.7474 m_kl_max=0.0104 m_ratio_max=0.584 w_ax@goal=-0.01 w_v@goal=3.99 return=908.3 length=107 success_rate=1.00 collisions/ep=1.53 (n=19)
Evaluation at update 375: return=993.33, length=96.70, success_rate=1.00, collisions/ep=0.00
Solved-check at update 375: solved=False worst_gap=26.69 at p_x0=0.00 p_y0=1.00 (consecutive=0)
update=376 global_step=770048 SPS=1238 w_ev=-0.020 m_ev=0.926 m_v_bias=-17.2 m_adv_std=58.5505 m_kl_max=0.0261 m_ratio_max=0.671 w_ax@goal=+0.01 w_v@goal=4.10 return=926.2 length=102 success_rate=1.00 collisions/ep=1.30 (n=20)
update=377 global_step=772096 SPS=1239 w_ev=0.047 m_ev=0.947 m_v_bias=-2.5 m_adv_std=49.9645 m_kl_max=0.0068 m_ratio_max=0.502 w_ax@goal=+0.10 w_v@goal=3.99 return=922.8 length=104 success_rate=1.00 collisions/ep=1.37 (n=19)
update=378 global_step=774144 SPS=1241 w_ev=0.007 m_ev=0.948 m_v_bias=-6.2 m_adv_std=49.2047 m_kl_max=0.0204 m_ratio_max=1.114 w_ax@goal=+0.01 w_v@goal=4.21 return=903.8 length=99 success_rate=1.00 collisions/ep=1.75 (n=20)
update=379 global_step=776192 SPS=1242 w_ev=0.012 m_ev=0.941 m_v_bias=-9.8 m_adv_std=49.0076 m_kl_max=0.0098 m_ratio_max=0.597 w_ax@goal=+0.04 w_v@goal=4.17 return=927.4 length=104 success_rate=1.00 collisions/ep=1.30 (n=20)
update=380 global_step=778240 SPS=1243 w_ev=0.038 m_ev=0.970 m_v_bias=-14.2 m_adv_std=34.7155 m_kl_max=0.0281 m_ratio_max=1.432 w_ax@goal=+0.20 w_v@goal=4.29 return=960.9 length=96 success_rate=1.00 collisions/ep=0.68 (n=22)
Evaluation at update 380: return=1001.95, length=88.15, success_rate=1.00, collisions/ep=0.00
Solved-check at update 380: solved=False worst_gap=14.25 at p_x0=0.00 p_y0=1.00 (consecutive=0)
update=381 global_step=780288 SPS=1239 w_ev=0.082 m_ev=0.909 m_v_bias=22.6 m_adv_std=66.7142 m_kl_max=0.0150 m_ratio_max=0.961 w_ax@goal=+0.10 w_v@goal=4.02 return=889.7 length=98 success_rate=1.00 collisions/ep=2.10 (n=20)
update=382 global_step=782336 SPS=1240 w_ev=0.065 m_ev=0.959 m_v_bias=-23.0 m_adv_std=42.3225 m_kl_max=0.0398 m_ratio_max=1.348 w_ax@goal=+0.28 w_v@goal=4.14 return=936.8 length=94 success_rate=1.00 collisions/ep=1.23 (n=22)
update=383 global_step=784384 SPS=1240 w_ev=0.069 m_ev=0.927 m_v_bias=9.1 m_adv_std=56.0483 m_kl_max=0.0164 m_ratio_max=0.831 w_ax@goal=+0.06 w_v@goal=4.21 return=930.0 length=97 success_rate=1.00 collisions/ep=1.29 (n=21)
update=384 global_step=786432 SPS=1242 w_ev=0.084 m_ev=0.960 m_v_bias=-10.7 m_adv_std=38.6694 m_kl_max=0.0174 m_ratio_max=0.689 w_ax@goal=+0.31 w_v@goal=4.01 return=942.1 length=92 success_rate=1.00 collisions/ep=1.10 (n=21)
update=385 global_step=788480 SPS=1243 w_ev=0.107 m_ev=0.882 m_v_bias=12.6 m_adv_std=78.9366 m_kl_max=0.0164 m_ratio_max=0.700 w_ax@goal=+0.25 w_v@goal=4.16 return=919.7 length=98 success_rate=1.00 collisions/ep=1.50 (n=24)
Evaluation at update 385: return=999.80, length=90.15, success_rate=1.00, collisions/ep=0.00
Solved-check at update 385: solved=False worst_gap=17.04 at p_x0=0.00 p_y0=1.00 (consecutive=0)
update=386 global_step=790528 SPS=1238 w_ev=0.038 m_ev=0.961 m_v_bias=0.4 m_adv_std=40.8302 m_kl_max=0.0062 m_ratio_max=0.633 w_ax@goal=+0.08 w_v@goal=4.15 return=932.0 length=98 success_rate=1.00 collisions/ep=1.25 (n=20)
update=387 global_step=792576 SPS=1239 w_ev=0.136 m_ev=0.963 m_v_bias=-7.9 m_adv_std=38.1771 m_kl_max=0.0075 m_ratio_max=0.393 w_ax@goal=+0.19 w_v@goal=4.05 return=959.6 length=97 success_rate=1.00 collisions/ep=0.70 (n=20)
update=388 global_step=794624 SPS=1240 w_ev=0.080 m_ev=0.905 m_v_bias=8.5 m_adv_std=66.3729 m_kl_max=0.0415 m_ratio_max=0.858 w_ax@goal=+0.21 w_v@goal=4.15 return=919.1 length=100 success_rate=1.00 collisions/ep=1.48 (n=21)
update=389 global_step=796672 SPS=1241 w_ev=0.025 m_ev=0.949 m_v_bias=1.3 m_adv_std=47.0092 m_kl_max=0.0157 m_ratio_max=0.737 w_ax@goal=+0.08 w_v@goal=4.16 return=944.7 length=96 success_rate=1.00 collisions/ep=0.95 (n=22)
update=390 global_step=798720 SPS=1242 w_ev=0.033 m_ev=0.973 m_v_bias=-4.9 m_adv_std=32.5659 m_kl_max=0.0152 m_ratio_max=0.655 w_ax@goal=+0.08 w_v@goal=4.13 return=945.7 length=98 success_rate=1.00 collisions/ep=0.95 (n=20)
Evaluation at update 390: return=997.06, length=92.80, success_rate=1.00, collisions/ep=0.00
Solved-check at update 390: solved=False worst_gap=67.82 at p_x0=0.00 p_y0=1.00 (consecutive=0)
update=391 global_step=800768 SPS=1237 w_ev=0.017 m_ev=0.954 m_v_bias=4.5 m_adv_std=45.5247 m_kl_max=0.0178 m_ratio_max=0.539 w_ax@goal=-0.02 w_v@goal=4.19 return=923.3 length=100 success_rate=1.00 collisions/ep=1.43 (n=21)
update=392 global_step=802816 SPS=1238 w_ev=0.084 m_ev=0.957 m_v_bias=-6.0 m_adv_std=40.9610 m_kl_max=0.0154 m_ratio_max=0.567 w_ax@goal=+0.05 w_v@goal=4.09 return=949.6 length=97 success_rate=1.00 collisions/ep=0.86 (n=21)
update=393 global_step=804864 SPS=1240 w_ev=0.122 m_ev=0.964 m_v_bias=1.4 m_adv_std=38.8898 m_kl_max=0.0162 m_ratio_max=1.086 w_ax@goal=+0.15 w_v@goal=4.05 return=952.2 length=99 success_rate=1.00 collisions/ep=0.82 (n=22)
update=394 global_step=806912 SPS=1241 w_ev=0.138 m_ev=0.966 m_v_bias=-10.7 m_adv_std=36.0833 m_kl_max=0.0081 m_ratio_max=0.574 w_ax@goal=+0.10 w_v@goal=3.83 return=950.4 length=93 success_rate=1.00 collisions/ep=0.90 (n=21)
update=395 global_step=808960 SPS=1242 w_ev=0.101 m_ev=0.955 m_v_bias=0.2 m_adv_std=41.7761 m_kl_max=0.0144 m_ratio_max=0.768 w_ax@goal=+0.31 w_v@goal=4.03 return=958.2 length=95 success_rate=1.00 collisions/ep=0.76 (n=21)
Evaluation at update 395: return=1001.08, length=88.85, success_rate=1.00, collisions/ep=0.00
Solved-check at update 395: solved=False worst_gap=14.68 at p_x0=0.00 p_y0=1.00 (consecutive=0)
update=396 global_step=811008 SPS=1236 w_ev=0.168 m_ev=0.972 m_v_bias=-2.8 m_adv_std=31.7650 m_kl_max=0.0079 m_ratio_max=0.485 w_ax@goal=+0.10 w_v@goal=4.03 return=959.6 length=91 success_rate=1.00 collisions/ep=0.76 (n=21)
update=397 global_step=813056 SPS=1238 w_ev=0.085 m_ev=0.951 m_v_bias=8.4 m_adv_std=47.4810 m_kl_max=0.0136 m_ratio_max=0.561 w_ax@goal=+0.05 w_v@goal=4.26 return=935.5 length=95 success_rate=1.00 collisions/ep=1.25 (n=24)
update=398 global_step=815104 SPS=1239 w_ev=0.075 m_ev=0.962 m_v_bias=-5.8 m_adv_std=39.0258 m_kl_max=0.0179 m_ratio_max=1.154 w_ax@goal=+0.12 w_v@goal=4.09 return=955.2 length=93 success_rate=1.00 collisions/ep=0.86 (n=22)
update=399 global_step=817152 SPS=1240 w_ev=0.121 m_ev=0.984 m_v_bias=-13.2 m_adv_std=24.5455 m_kl_max=0.0093 m_ratio_max=0.458 w_ax@goal=+0.24 w_v@goal=4.19 return=968.1 length=91 success_rate=1.00 collisions/ep=0.62 (n=21)
update=400 global_step=819200 SPS=1242 w_ev=0.166 m_ev=0.928 m_v_bias=3.3 m_adv_std=54.3941 m_kl_max=0.0130 m_ratio_max=0.584 w_ax@goal=+0.26 w_v@goal=4.20 return=961.6 length=90 success_rate=1.00 collisions/ep=0.79 (n=24)
Evaluation at update 400: return=1006.63, length=83.50, success_rate=1.00, collisions/ep=0.00
Solved-check at update 400: solved=False worst_gap=7.75 at p_x0=0.00 p_y0=1.00 (consecutive=0)
update=401 global_step=821248 SPS=1236 w_ev=0.078 m_ev=0.982 m_v_bias=-8.1 m_adv_std=25.6541 m_kl_max=0.0160 m_ratio_max=0.798 w_ax@goal=+0.34 w_v@goal=4.36 return=956.3 length=91 success_rate=1.00 collisions/ep=0.90 (n=21)
update=402 global_step=823296 SPS=1238 w_ev=0.078 m_ev=0.966 m_v_bias=6.0 m_adv_std=36.1357 m_kl_max=0.0291 m_ratio_max=1.149 w_ax@goal=+0.20 w_v@goal=4.29 return=967.1 length=92 success_rate=1.00 collisions/ep=0.67 (n=24)
update=403 global_step=825344 SPS=1239 w_ev=0.121 m_ev=0.978 m_v_bias=4.4 m_adv_std=27.8653 m_kl_max=0.0320 m_ratio_max=2.063 w_ax@goal=+0.16 w_v@goal=4.06 return=962.1 length=92 success_rate=1.00 collisions/ep=0.81 (n=21)
update=404 global_step=827392 SPS=1240 w_ev=0.108 m_ev=0.971 m_v_bias=2.7 m_adv_std=31.9282 m_kl_max=0.0110 m_ratio_max=0.482 w_ax@goal=+0.18 w_v@goal=4.27 return=957.4 length=92 success_rate=1.00 collisions/ep=0.82 (n=22)
update=405 global_step=829440 SPS=1241 w_ev=0.099 m_ev=0.990 m_v_bias=-15.2 m_adv_std=17.9657 m_kl_max=0.0127 m_ratio_max=0.582 w_ax@goal=+0.17 w_v@goal=4.26 return=987.2 length=90 success_rate=1.00 collisions/ep=0.24 (n=21)
Evaluation at update 405: return=1002.22, length=87.85, success_rate=1.00, collisions/ep=0.00
Solved-check at update 405: solved=False worst_gap=13.11 at p_x0=0.00 p_y0=1.00 (consecutive=0)
update=406 global_step=831488 SPS=1236 w_ev=0.117 m_ev=0.964 m_v_bias=18.5 m_adv_std=35.9282 m_kl_max=0.0288 m_ratio_max=0.724 w_ax@goal=+0.13 w_v@goal=4.28 return=974.7 length=94 success_rate=1.00 collisions/ep=0.46 (n=24)
update=407 global_step=833536 SPS=1237 w_ev=0.119 m_ev=0.974 m_v_bias=-7.4 m_adv_std=30.2029 m_kl_max=0.0190 m_ratio_max=0.870 w_ax@goal=+0.28 w_v@goal=4.04 return=965.8 length=91 success_rate=1.00 collisions/ep=0.68 (n=22)
update=408 global_step=835584 SPS=1238 w_ev=0.087 m_ev=0.983 m_v_bias=-0.9 m_adv_std=24.4403 m_kl_max=0.0214 m_ratio_max=1.203 w_ax@goal=+0.30 w_v@goal=4.22 return=977.9 length=92 success_rate=1.00 collisions/ep=0.42 (n=24)
update=409 global_step=837632 SPS=1240 w_ev=0.071 m_ev=0.982 m_v_bias=-10.6 m_adv_std=24.8922 m_kl_max=0.0199 m_ratio_max=1.972 w_ax@goal=+0.34 w_v@goal=4.13 return=961.5 length=91 success_rate=1.00 collisions/ep=0.80 (n=20)
update=410 global_step=839680 SPS=1241 w_ev=0.076 m_ev=0.989 m_v_bias=2.8 m_adv_std=20.2971 m_kl_max=0.0079 m_ratio_max=0.541 w_ax@goal=+0.23 w_v@goal=4.40 return=978.0 length=92 success_rate=1.00 collisions/ep=0.43 (n=23)
Evaluation at update 410: return=1005.02, length=84.95, success_rate=1.00, collisions/ep=0.00
Solved-check at update 410: solved=False worst_gap=9.82 at p_x0=0.00 p_y0=1.00 (consecutive=0)
update=411 global_step=841728 SPS=1236 w_ev=0.076 m_ev=0.983 m_v_bias=1.2 m_adv_std=24.0749 m_kl_max=0.0104 m_ratio_max=0.585 w_ax@goal=+0.32 w_v@goal=4.41 return=973.0 length=93 success_rate=1.00 collisions/ep=0.54 (n=24)
update=412 global_step=843776 SPS=1238 w_ev=0.032 m_ev=0.936 m_v_bias=14.8 m_adv_std=49.0094 m_kl_max=0.0328 m_ratio_max=1.528 w_ax@goal=+0.38 w_v@goal=4.24 return=951.7 length=92 success_rate=1.00 collisions/ep=0.95 (n=21)
update=413 global_step=845824 SPS=1239 w_ev=0.065 m_ev=0.957 m_v_bias=-1.6 m_adv_std=40.0424 m_kl_max=0.0098 m_ratio_max=0.640 w_ax@goal=+0.26 w_v@goal=4.23 return=951.4 length=93 success_rate=1.00 collisions/ep=0.95 (n=21)
update=414 global_step=847872 SPS=1240 w_ev=0.136 m_ev=0.944 m_v_bias=6.5 m_adv_std=48.5176 m_kl_max=0.0263 m_ratio_max=0.603 w_ax@goal=+0.04 w_v@goal=4.15 return=940.5 length=94 success_rate=1.00 collisions/ep=1.14 (n=22)
update=415 global_step=849920 SPS=1241 w_ev=0.046 m_ev=0.957 m_v_bias=3.9 m_adv_std=39.7075 m_kl_max=0.0116 m_ratio_max=0.711 w_ax@goal=+0.21 w_v@goal=4.32 return=954.9 length=95 success_rate=1.00 collisions/ep=0.86 (n=21)
Evaluation at update 415: return=1000.42, length=89.65, success_rate=1.00, collisions/ep=0.00
Solved-check at update 415: solved=False worst_gap=15.45 at p_x0=0.00 p_y0=1.00 (consecutive=0)
update=416 global_step=851968 SPS=1236 w_ev=0.060 m_ev=0.980 m_v_bias=-6.2 m_adv_std=27.3696 m_kl_max=0.0196 m_ratio_max=1.321 w_ax@goal=+0.19 w_v@goal=4.29 return=966.9 length=95 success_rate=1.00 collisions/ep=0.59 (n=22)
update=417 global_step=854016 SPS=1237 w_ev=0.123 m_ev=0.978 m_v_bias=-2.6 m_adv_std=27.9672 m_kl_max=0.0090 m_ratio_max=0.503 w_ax@goal=+0.24 w_v@goal=4.15 return=965.4 length=95 success_rate=1.00 collisions/ep=0.68 (n=22)
update=418 global_step=856064 SPS=1238 w_ev=0.091 m_ev=0.984 m_v_bias=-1.6 m_adv_std=23.5959 m_kl_max=0.0055 m_ratio_max=0.371 w_ax@goal=+0.34 w_v@goal=4.16 return=978.9 length=92 success_rate=1.00 collisions/ep=0.36 (n=22)
update=419 global_step=858112 SPS=1240 w_ev=0.060 m_ev=0.980 m_v_bias=0.6 m_adv_std=27.7198 m_kl_max=0.0098 m_ratio_max=0.871 w_ax@goal=+0.36 w_v@goal=4.27 return=969.3 length=93 success_rate=1.00 collisions/ep=0.61 (n=23)
update=420 global_step=860160 SPS=1240 w_ev=0.085 m_ev=0.979 m_v_bias=-0.6 m_adv_std=27.9013 m_kl_max=0.0261 m_ratio_max=1.220 w_ax@goal=+0.12 w_v@goal=4.28 return=963.7 length=94 success_rate=1.00 collisions/ep=0.70 (n=23)
Evaluation at update 420: return=1004.38, length=85.70, success_rate=1.00, collisions/ep=0.00
Solved-check at update 420: solved=False worst_gap=10.46 at p_x0=0.00 p_y0=1.00 (consecutive=0)
update=421 global_step=862208 SPS=1236 w_ev=0.098 m_ev=0.976 m_v_bias=-6.0 m_adv_std=28.7675 m_kl_max=0.0099 m_ratio_max=1.079 w_ax@goal=+0.20 w_v@goal=4.10 return=960.2 length=93 success_rate=1.00 collisions/ep=0.80 (n=20)
update=422 global_step=864256 SPS=1237 w_ev=0.119 m_ev=0.987 m_v_bias=-4.4 m_adv_std=21.0714 m_kl_max=0.0106 m_ratio_max=0.650 w_ax@goal=+0.27 w_v@goal=4.14 return=994.0 length=93 success_rate=1.00 collisions/ep=0.10 (n=21)
update=423 global_step=866304 SPS=1239 w_ev=0.092 m_ev=0.971 m_v_bias=6.1 m_adv_std=32.8622 m_kl_max=0.0129 m_ratio_max=0.585 w_ax@goal=+0.30 w_v@goal=4.19 return=959.1 length=93 success_rate=1.00 collisions/ep=0.79 (n=24)
update=424 global_step=868352 SPS=1240 w_ev=0.074 m_ev=0.981 m_v_bias=-4.1 m_adv_std=25.8142 m_kl_max=0.0129 m_ratio_max=0.614 w_ax@goal=+0.15 w_v@goal=4.22 return=981.7 length=93 success_rate=1.00 collisions/ep=0.33 (n=21)
update=425 global_step=870400 SPS=1241 w_ev=0.109 m_ev=0.989 m_v_bias=3.6 m_adv_std=19.1555 m_kl_max=0.0171 m_ratio_max=1.074 w_ax@goal=+0.25 w_v@goal=4.06 return=984.1 length=94 success_rate=1.00 collisions/ep=0.26 (n=23)
Evaluation at update 425: return=1000.88, length=89.00, success_rate=1.00, collisions/ep=0.00
Solved-check at update 425: solved=False worst_gap=14.59 at p_x0=0.00 p_y0=1.00 (consecutive=0)
update=426 global_step=872448 SPS=1236 w_ev=0.065 m_ev=0.958 m_v_bias=14.6 m_adv_std=41.1575 m_kl_max=0.0296 m_ratio_max=1.077 w_ax@goal=+0.23 w_v@goal=4.08 return=962.7 length=96 success_rate=1.00 collisions/ep=0.67 (n=21)
update=427 global_step=874496 SPS=1237 w_ev=0.085 m_ev=0.979 m_v_bias=0.4 m_adv_std=28.0315 m_kl_max=0.0116 m_ratio_max=0.574 w_ax@goal=+0.30 w_v@goal=4.13 return=955.0 length=98 success_rate=1.00 collisions/ep=0.80 (n=20)
update=428 global_step=876544 SPS=1239 w_ev=0.118 m_ev=0.979 m_v_bias=0.8 m_adv_std=28.9195 m_kl_max=0.0189 m_ratio_max=0.668 w_ax@goal=+0.30 w_v@goal=3.97 return=972.0 length=97 success_rate=1.00 collisions/ep=0.45 (n=22)
update=429 global_step=878592 SPS=1240 w_ev=-0.025 m_ev=0.958 m_v_bias=-2.0 m_adv_std=41.4206 m_kl_max=0.0088 m_ratio_max=0.462 w_ax@goal=+0.19 w_v@goal=3.98 return=953.4 length=96 success_rate=1.00 collisions/ep=0.85 (n=20)
update=430 global_step=880640 SPS=1241 w_ev=0.037 m_ev=0.980 m_v_bias=-2.9 m_adv_std=26.1862 m_kl_max=0.0257 m_ratio_max=2.107 w_ax@goal=+0.10 w_v@goal=4.23 return=983.6 length=98 success_rate=1.00 collisions/ep=0.23 (n=22)
Evaluation at update 430: return=1002.76, length=87.25, success_rate=1.00, collisions/ep=0.00
Solved-check at update 430: solved=False worst_gap=12.64 at p_x0=0.00 p_y0=1.00 (consecutive=0)
update=431 global_step=882688 SPS=1237 w_ev=0.017 m_ev=0.982 m_v_bias=-4.5 m_adv_std=25.0836 m_kl_max=0.0160 m_ratio_max=0.925 w_ax@goal=+0.19 w_v@goal=4.34 return=983.7 length=93 success_rate=1.00 collisions/ep=0.24 (n=21)
update=432 global_step=884736 SPS=1238 w_ev=0.045 m_ev=0.977 m_v_bias=0.6 m_adv_std=30.3251 m_kl_max=0.0164 m_ratio_max=0.664 w_ax@goal=+0.24 w_v@goal=4.21 return=963.3 length=94 success_rate=1.00 collisions/ep=0.70 (n=23)
update=433 global_step=886784 SPS=1239 w_ev=0.064 m_ev=0.964 m_v_bias=0.4 m_adv_std=36.5736 m_kl_max=0.0125 m_ratio_max=0.517 w_ax@goal=+0.22 w_v@goal=4.13 return=960.5 length=93 success_rate=1.00 collisions/ep=0.76 (n=21)
update=434 global_step=888832 SPS=1240 w_ev=0.073 m_ev=0.973 m_v_bias=1.4 m_adv_std=31.1682 m_kl_max=0.0266 m_ratio_max=0.956 w_ax@goal=+0.43 w_v@goal=4.24 return=974.3 length=94 success_rate=1.00 collisions/ep=0.48 (n=23)
update=435 global_step=890880 SPS=1241 w_ev=0.061 m_ev=0.986 m_v_bias=-3.5 m_adv_std=21.9218 m_kl_max=0.0097 m_ratio_max=0.751 w_ax@goal=+0.22 w_v@goal=4.32 return=979.3 length=93 success_rate=1.00 collisions/ep=0.38 (n=21)
Evaluation at update 435: return=1004.96, length=85.15, success_rate=1.00, collisions/ep=0.00
Solved-check at update 435: solved=False worst_gap=8.99 at p_x0=0.00 p_y0=1.00 (consecutive=0)
update=436 global_step=892928 SPS=1236 w_ev=0.001 m_ev=0.976 m_v_bias=1.6 m_adv_std=28.6064 m_kl_max=0.0139 m_ratio_max=0.858 w_ax@goal=+0.40 w_v@goal=4.50 return=982.7 length=93 success_rate=1.00 collisions/ep=0.30 (n=23)
update=437 global_step=894976 SPS=1238 w_ev=0.039 m_ev=0.975 m_v_bias=10.3 m_adv_std=30.4435 m_kl_max=0.0237 m_ratio_max=1.610 w_ax@goal=+0.19 w_v@goal=4.35 return=962.0 length=96 success_rate=1.00 collisions/ep=0.67 (n=21)
update=438 global_step=897024 SPS=1239 w_ev=0.074 m_ev=0.969 m_v_bias=-11.4 m_adv_std=33.8998 m_kl_max=0.0248 m_ratio_max=2.129 w_ax@goal=+0.33 w_v@goal=4.43 return=982.1 length=93 success_rate=1.00 collisions/ep=0.35 (n=23)
update=439 global_step=899072 SPS=1240 w_ev=0.127 m_ev=0.967 m_v_bias=-2.1 m_adv_std=33.7015 m_kl_max=0.0259 m_ratio_max=1.371 w_ax@goal=+0.33 w_v@goal=4.22 return=975.3 length=91 success_rate=1.00 collisions/ep=0.48 (n=21)
update=440 global_step=901120 SPS=1241 w_ev=0.122 m_ev=0.955 m_v_bias=3.4 m_adv_std=39.2083 m_kl_max=0.0085 m_ratio_max=0.583 w_ax@goal=+0.20 w_v@goal=4.12 return=970.7 length=95 success_rate=1.00 collisions/ep=0.55 (n=20)
Evaluation at update 440: return=1006.05, length=84.15, success_rate=1.00, collisions/ep=0.00
Solved-check at update 440: solved=False worst_gap=7.43 at p_x0=0.00 p_y0=-1.00 (consecutive=0)
update=441 global_step=903168 SPS=1237 w_ev=0.101 m_ev=0.981 m_v_bias=-6.3 m_adv_std=25.3181 m_kl_max=0.0180 m_ratio_max=0.951 w_ax@goal=+0.38 w_v@goal=4.45 return=971.0 length=92 success_rate=1.00 collisions/ep=0.58 (n=24)
update=442 global_step=905216 SPS=1238 w_ev=0.097 m_ev=0.990 m_v_bias=-8.2 m_adv_std=18.1987 m_kl_max=0.0037 m_ratio_max=0.344 w_ax@goal=+0.24 w_v@goal=4.46 return=988.1 length=89 success_rate=1.00 collisions/ep=0.29 (n=24)
update=443 global_step=907264 SPS=1239 w_ev=0.111 m_ev=0.982 m_v_bias=-0.1 m_adv_std=24.4883 m_kl_max=0.0118 m_ratio_max=0.519 w_ax@goal=+0.33 w_v@goal=4.45 return=977.9 length=90 success_rate=1.00 collisions/ep=0.48 (n=23)
update=444 global_step=909312 SPS=1240 w_ev=0.059 m_ev=0.980 m_v_bias=4.7 m_adv_std=27.0958 m_kl_max=0.0164 m_ratio_max=0.860 w_ax@goal=+0.35 w_v@goal=4.43 return=977.6 length=90 success_rate=1.00 collisions/ep=0.48 (n=21)
update=445 global_step=911360 SPS=1241 w_ev=0.105 m_ev=0.964 m_v_bias=8.0 m_adv_std=35.2714 m_kl_max=0.0085 m_ratio_max=0.374 w_ax@goal=+0.27 w_v@goal=4.41 return=965.0 length=92 success_rate=1.00 collisions/ep=0.71 (n=24)
Evaluation at update 445: return=1004.62, length=85.45, success_rate=1.00, collisions/ep=0.00
Solved-check at update 445: solved=False worst_gap=9.21 at p_x0=0.00 p_y0=1.00 (consecutive=0)
update=446 global_step=913408 SPS=1237 w_ev=0.072 m_ev=0.981 m_v_bias=-1.2 m_adv_std=26.0847 m_kl_max=0.0148 m_ratio_max=0.634 w_ax@goal=+0.34 w_v@goal=4.36 return=975.6 length=92 success_rate=1.00 collisions/ep=0.50 (n=22)
update=447 global_step=915456 SPS=1238 w_ev=0.129 m_ev=0.981 m_v_bias=3.2 m_adv_std=25.6404 m_kl_max=0.0057 m_ratio_max=0.526 w_ax@goal=+0.29 w_v@goal=4.29 return=977.7 length=96 success_rate=1.00 collisions/ep=0.40 (n=20)
update=448 global_step=917504 SPS=1239 w_ev=0.082 m_ev=0.987 m_v_bias=-0.2 m_adv_std=22.4227 m_kl_max=0.0055 m_ratio_max=0.543 w_ax@goal=+0.35 w_v@goal=4.45 return=979.8 length=95 success_rate=1.00 collisions/ep=0.35 (n=23)
update=449 global_step=919552 SPS=1240 w_ev=0.006 m_ev=0.945 m_v_bias=17.2 m_adv_std=45.9542 m_kl_max=0.0126 m_ratio_max=0.580 w_ax@goal=+0.32 w_v@goal=4.33 return=933.5 length=97 success_rate=1.00 collisions/ep=1.24 (n=21)
update=450 global_step=921600 SPS=1241 w_ev=0.059 m_ev=0.922 m_v_bias=21.6 m_adv_std=58.4426 m_kl_max=0.0173 m_ratio_max=1.120 w_ax@goal=+0.29 w_v@goal=4.39 return=919.8 length=96 success_rate=1.00 collisions/ep=1.53 (n=19)
Evaluation at update 450: return=1001.13, length=88.80, success_rate=1.00, collisions/ep=0.00
Solved-check at update 450: solved=False worst_gap=13.79 at p_x0=0.00 p_y0=1.00 (consecutive=0)
update=451 global_step=923648 SPS=1237 w_ev=0.051 m_ev=0.971 m_v_bias=-5.5 m_adv_std=35.0688 m_kl_max=0.0124 m_ratio_max=0.621 w_ax@goal=+0.21 w_v@goal=4.47 return=928.0 length=97 success_rate=1.00 collisions/ep=1.36 (n=22)
update=452 global_step=925696 SPS=1238 w_ev=0.087 m_ev=0.970 m_v_bias=-0.2 m_adv_std=33.8669 m_kl_max=0.0046 m_ratio_max=0.424 w_ax@goal=+0.14 w_v@goal=4.30 return=946.6 length=97 success_rate=1.00 collisions/ep=1.00 (n=21)
update=453 global_step=927744 SPS=1239 w_ev=0.049 m_ev=0.971 m_v_bias=-8.4 m_adv_std=33.6746 m_kl_max=0.0043 m_ratio_max=0.484 w_ax@goal=+0.17 w_v@goal=4.36 return=935.8 length=94 success_rate=1.00 collisions/ep=1.23 (n=22)
update=454 global_step=929792 SPS=1240 w_ev=0.027 m_ev=0.964 m_v_bias=-5.5 m_adv_std=38.1558 m_kl_max=0.0126 m_ratio_max=0.646 w_ax@goal=+0.35 w_v@goal=4.54 return=951.2 length=93 success_rate=1.00 collisions/ep=0.91 (n=23)
update=455 global_step=931840 SPS=1240 w_ev=0.096 m_ev=0.936 m_v_bias=3.2 m_adv_std=52.5188 m_kl_max=0.0575 m_ratio_max=1.281 w_ax@goal=+0.49 w_v@goal=4.36 return=944.0 length=93 success_rate=1.00 collisions/ep=1.13 (n=23)
Evaluation at update 455: return=1000.93, length=89.15, success_rate=1.00, collisions/ep=0.00
Solved-check at update 455: solved=False worst_gap=14.36 at p_x0=0.00 p_y0=1.00 (consecutive=0)
update=456 global_step=933888 SPS=1236 w_ev=0.050 m_ev=0.936 m_v_bias=10.1 m_adv_std=49.3469 m_kl_max=0.0332 m_ratio_max=0.802 w_ax@goal=+0.22 w_v@goal=4.31 return=933.7 length=97 success_rate=1.00 collisions/ep=1.22 (n=18)
update=457 global_step=935936 SPS=1237 w_ev=0.101 m_ev=0.961 m_v_bias=-8.3 m_adv_std=39.8923 m_kl_max=0.0092 m_ratio_max=0.501 w_ax@goal=+0.44 w_v@goal=4.44 return=953.2 length=96 success_rate=1.00 collisions/ep=0.83 (n=24)
update=458 global_step=937984 SPS=1238 w_ev=0.050 m_ev=0.956 m_v_bias=15.2 m_adv_std=43.5492 m_kl_max=0.0148 m_ratio_max=0.604 w_ax@goal=+0.43 w_v@goal=4.14 return=928.4 length=97 success_rate=1.00 collisions/ep=1.30 (n=20)
update=459 global_step=940032 SPS=1239 w_ev=0.078 m_ev=0.967 m_v_bias=2.9 m_adv_std=38.0292 m_kl_max=0.0141 m_ratio_max=1.309 w_ax@goal=+0.28 w_v@goal=4.31 return=924.6 length=100 success_rate=1.00 collisions/ep=1.43 (n=21)
update=460 global_step=942080 SPS=1240 w_ev=0.091 m_ev=0.972 m_v_bias=-13.7 m_adv_std=33.4464 m_kl_max=0.0090 m_ratio_max=0.640 w_ax@goal=+0.35 w_v@goal=4.18 return=953.8 length=97 success_rate=1.00 collisions/ep=0.86 (n=21)
Evaluation at update 460: return=995.37, length=89.65, success_rate=1.00, collisions/ep=0.10
Solved-check at update 460: solved=False worst_gap=113.15 at p_x0=0.00 p_y0=1.00 (consecutive=0)
update=461 global_step=944128 SPS=1236 w_ev=0.086 m_ev=0.977 m_v_bias=-9.4 m_adv_std=29.0848 m_kl_max=0.0235 m_ratio_max=0.859 w_ax@goal=+0.24 w_v@goal=4.10 return=963.5 length=95 success_rate=1.00 collisions/ep=0.67 (n=21)
update=462 global_step=946176 SPS=1237 w_ev=0.115 m_ev=0.973 m_v_bias=-6.6 m_adv_std=33.4007 m_kl_max=0.0032 m_ratio_max=0.314 w_ax@goal=+0.28 w_v@goal=4.21 return=935.7 length=93 success_rate=1.00 collisions/ep=1.27 (n=22)
update=463 global_step=948224 SPS=1238 w_ev=0.045 m_ev=0.934 m_v_bias=4.7 m_adv_std=49.6735 m_kl_max=0.0189 m_ratio_max=0.655 w_ax@goal=+0.39 w_v@goal=4.24 return=962.7 length=92 success_rate=1.00 collisions/ep=0.75 (n=24)
update=464 global_step=950272 SPS=1239 w_ev=0.096 m_ev=0.961 m_v_bias=-5.2 m_adv_std=38.8183 m_kl_max=0.0166 m_ratio_max=0.620 w_ax@goal=+0.40 w_v@goal=4.18 return=965.3 length=89 success_rate=1.00 collisions/ep=0.71 (n=24)
update=465 global_step=952320 SPS=1240 w_ev=0.086 m_ev=0.949 m_v_bias=-5.8 m_adv_std=43.9136 m_kl_max=0.0184 m_ratio_max=0.826 w_ax@goal=+0.45 w_v@goal=4.05 return=969.0 length=90 success_rate=1.00 collisions/ep=0.64 (n=22)
Evaluation at update 465: return=1004.05, length=85.90, success_rate=1.00, collisions/ep=0.00
Solved-check at update 465: solved=False worst_gap=10.55 at p_x0=0.00 p_y0=-1.00 (consecutive=0)
update=466 global_step=954368 SPS=1236 w_ev=0.078 m_ev=0.985 m_v_bias=-2.5 m_adv_std=22.4314 m_kl_max=0.0169 m_ratio_max=0.700 w_ax@goal=+0.40 w_v@goal=4.23 return=971.0 length=92 success_rate=1.00 collisions/ep=0.58 (n=19)
update=467 global_step=956416 SPS=1237 w_ev=0.123 m_ev=0.961 m_v_bias=4.0 m_adv_std=39.4280 m_kl_max=0.0129 m_ratio_max=0.484 w_ax@goal=+0.40 w_v@goal=4.03 return=960.4 length=94 success_rate=1.00 collisions/ep=0.78 (n=23)
update=468 global_step=958464 SPS=1238 w_ev=0.016 m_ev=0.980 m_v_bias=-10.8 m_adv_std=27.1690 m_kl_max=0.0109 m_ratio_max=0.655 w_ax@goal=+0.62 w_v@goal=4.42 return=964.3 length=91 success_rate=1.00 collisions/ep=0.83 (n=24)
update=469 global_step=960512 SPS=1240 w_ev=0.036 m_ev=0.973 m_v_bias=1.9 m_adv_std=31.3667 m_kl_max=0.0168 m_ratio_max=1.311 w_ax@goal=+0.44 w_v@goal=4.36 return=959.1 length=89 success_rate=1.00 collisions/ep=0.87 (n=23)
update=470 global_step=962560 SPS=1241 w_ev=0.110 m_ev=0.981 m_v_bias=-10.2 m_adv_std=25.6865 m_kl_max=0.0043 m_ratio_max=0.409 w_ax@goal=+0.63 w_v@goal=4.27 return=971.1 length=86 success_rate=1.00 collisions/ep=0.65 (n=23)
Evaluation at update 470: return=1008.01, length=82.00, success_rate=1.00, collisions/ep=0.00
Solved-check at update 470: solved=False worst_gap=5.41 at p_x0=1.00 p_y0=-1.00 (consecutive=0)
update=471 global_step=964608 SPS=1237 w_ev=0.059 m_ev=0.989 m_v_bias=-2.7 m_adv_std=19.5198 m_kl_max=0.0197 m_ratio_max=1.351 w_ax@goal=+0.48 w_v@goal=4.34 return=981.1 length=87 success_rate=1.00 collisions/ep=0.46 (n=24)
update=472 global_step=966656 SPS=1238 w_ev=0.099 m_ev=0.969 m_v_bias=0.9 m_adv_std=32.7958 m_kl_max=0.0133 m_ratio_max=0.479 w_ax@goal=+0.73 w_v@goal=4.24 return=978.4 length=90 success_rate=1.00 collisions/ep=0.52 (n=23)
update=473 global_step=968704 SPS=1239 w_ev=0.065 m_ev=0.986 m_v_bias=0.0 m_adv_std=21.5813 m_kl_max=0.0115 m_ratio_max=0.528 w_ax@goal=+0.44 w_v@goal=4.30 return=968.8 length=90 success_rate=1.00 collisions/ep=0.68 (n=22)
update=474 global_step=970752 SPS=1240 w_ev=0.083 m_ev=0.979 m_v_bias=3.4 m_adv_std=26.3983 m_kl_max=0.0066 m_ratio_max=0.793 w_ax@goal=+0.41 w_v@goal=4.36 return=974.5 length=90 success_rate=1.00 collisions/ep=0.57 (n=23)
update=475 global_step=972800 SPS=1241 w_ev=0.126 m_ev=0.953 m_v_bias=7.6 m_adv_std=42.0858 m_kl_max=0.0088 m_ratio_max=0.494 w_ax@goal=+0.72 w_v@goal=4.12 return=964.3 length=89 success_rate=1.00 collisions/ep=0.77 (n=22)
Evaluation at update 475: return=1006.92, length=83.25, success_rate=1.00, collisions/ep=0.00
Solved-check at update 475: solved=False worst_gap=7.21 at p_x0=0.00 p_y0=-1.00 (consecutive=0)
update=476 global_step=974848 SPS=1238 w_ev=0.094 m_ev=0.976 m_v_bias=2.1 m_adv_std=28.2215 m_kl_max=0.0287 m_ratio_max=0.881 w_ax@goal=+0.23 w_v@goal=4.11 return=959.2 length=88 success_rate=1.00 collisions/ep=0.92 (n=24)
update=477 global_step=976896 SPS=1240 w_ev=0.026 m_ev=0.947 m_v_bias=-3.4 m_adv_std=44.1276 m_kl_max=0.0162 m_ratio_max=0.826 w_ax@goal=+0.37 w_v@goal=4.42 return=972.1 length=86 success_rate=1.00 collisions/ep=0.62 (n=24)
update=478 global_step=978944 SPS=1241 w_ev=0.047 m_ev=0.981 m_v_bias=-8.7 m_adv_std=24.7690 m_kl_max=0.0167 m_ratio_max=1.325 w_ax@goal=+0.45 w_v@goal=4.47 return=967.1 length=86 success_rate=1.00 collisions/ep=0.75 (n=24)
update=479 global_step=980992 SPS=1243 w_ev=0.084 m_ev=0.970 m_v_bias=1.9 m_adv_std=30.8078 m_kl_max=0.0085 m_ratio_max=0.447 w_ax@goal=+0.67 w_v@goal=4.34 return=972.5 length=86 success_rate=1.00 collisions/ep=0.71 (n=24)
update=480 global_step=983040 SPS=1244 w_ev=0.109 m_ev=0.942 m_v_bias=-0.3 m_adv_std=45.8370 m_kl_max=0.0203 m_ratio_max=0.634 w_ax@goal=+0.53 w_v@goal=4.30 return=962.1 length=84 success_rate=1.00 collisions/ep=0.88 (n=25)
Evaluation at update 480: return=1009.06, length=81.15, success_rate=1.00, collisions/ep=0.00
Solved-check at update 480: solved=True worst_gap=4.86 at p_x0=1.00 p_y0=-1.00 (consecutive=0)
update=481 global_step=985088 SPS=1242 w_ev=0.093 m_ev=0.973 m_v_bias=-2.6 m_adv_std=29.7727 m_kl_max=0.0145 m_ratio_max=0.515 w_ax@goal=+0.36 w_v@goal=4.17 return=966.4 length=85 success_rate=1.00 collisions/ep=0.79 (n=24)
update=482 global_step=987136 SPS=1244 w_ev=0.108 m_ev=0.989 m_v_bias=-8.1 m_adv_std=18.0002 m_kl_max=0.0063 m_ratio_max=0.400 w_ax@goal=+0.74 w_v@goal=4.30 return=995.8 length=83 success_rate=1.00 collisions/ep=0.22 (n=23)
update=483 global_step=989184 SPS=1245 w_ev=0.015 m_ev=0.977 m_v_bias=4.2 m_adv_std=27.4169 m_kl_max=0.0154 m_ratio_max=0.619 w_ax@goal=+0.83 w_v@goal=4.51 return=973.7 length=86 success_rate=1.00 collisions/ep=0.67 (n=24)
update=484 global_step=991232 SPS=1246 w_ev=0.095 m_ev=0.978 m_v_bias=-2.6 m_adv_std=27.0372 m_kl_max=0.0147 m_ratio_max=0.693 w_ax@goal=+0.77 w_v@goal=4.30 return=991.6 length=85 success_rate=1.00 collisions/ep=0.29 (n=24)
update=485 global_step=993280 SPS=1248 w_ev=0.094 m_ev=0.974 m_v_bias=3.6 m_adv_std=29.5747 m_kl_max=0.0118 m_ratio_max=0.802 w_ax@goal=+0.57 w_v@goal=4.27 return=966.0 length=86 success_rate=1.00 collisions/ep=0.80 (n=25)
Evaluation at update 485: return=1009.30, length=80.90, success_rate=1.00, collisions/ep=0.00
Solved-check at update 485: solved=True worst_gap=4.48 at p_x0=1.00 p_y0=-1.00 (consecutive=1)
update=486 global_step=995328 SPS=1246 w_ev=0.061 m_ev=0.952 m_v_bias=5.3 m_adv_std=40.0853 m_kl_max=0.0135 m_ratio_max=0.550 w_ax@goal=+0.73 w_v@goal=4.39 return=963.5 length=85 success_rate=1.00 collisions/ep=0.88 (n=24)
update=487 global_step=997376 SPS=1247 w_ev=0.128 m_ev=0.970 m_v_bias=6.5 m_adv_std=33.1529 m_kl_max=0.0221 m_ratio_max=1.428 w_ax@goal=+0.51 w_v@goal=4.22 return=963.6 length=87 success_rate=1.00 collisions/ep=0.83 (n=24)
update=488 global_step=999424 SPS=1249 w_ev=0.092 m_ev=0.970 m_v_bias=-2.6 m_adv_std=31.5317 m_kl_max=0.0202 m_ratio_max=1.206 w_ax@goal=+0.72 w_v@goal=4.22 return=955.6 length=86 success_rate=1.00 collisions/ep=1.00 (n=24)
Saved checkpoints to C:\Users\loren\Desktop\MASTER THESIS\5_CODE\scenarios\slalom\scripts\scenarios/slalom/studies/blind_worker\coef_0\runs\hppo_slalom_9_1790412384
