Using device: cpu
Solved-check: precomputed optimal returns for 25 fixed initial conditions (mean=1013.0, min=1011.0, max=1015.0); solved-tolerance=5.0
num_envs=8 num_steps_per_env=256 worker_batch_size=2048 worker_minibatch_size=256 num_updates=488 timesteps=999424 (requested 1000000; 576 dropped by integer division)
update=1 global_step=2048 SPS=1164 w_ev=0.060 m_ev=-0.001 m_v_bias=149.2 m_adv_std=99.9304 m_kl_max=0.0017 m_ratio_max=0.219 return=-598.6 length=200 success_rate=0.00 collisions/ep=8.00 (n=8)
update=2 global_step=4096 SPS=1074 w_ev=-0.039 m_ev=-0.070 m_v_bias=46.9 m_adv_std=247.4944 m_kl_max=0.0022 m_ratio_max=0.214 w_ax@goal=-0.10 w_v@goal=0.01 return=-336.4 length=180 success_rate=0.20 collisions/ep=7.80 (n=10)
update=3 global_step=6144 SPS=982 w_ev=0.004 m_ev=0.262 m_v_bias=22.4 m_adv_std=170.7341 m_kl_max=0.0025 m_ratio_max=0.301 w_ax@goal=-0.07 w_v@goal=-0.05 return=-617.8 length=195 success_rate=0.11 collisions/ep=11.11 (n=9)
update=4 global_step=8192 SPS=1033 w_ev=0.035 m_ev=-0.065 m_v_bias=62.5 m_adv_std=131.4885 m_kl_max=0.0070 m_ratio_max=0.465 w_ax@goal=-0.45 w_v@goal=-0.20 return=-578.5 length=200 success_rate=0.00 collisions/ep=8.08 (n=13)
update=5 global_step=10240 SPS=1051 w_ev=-0.027 m_ev=0.172 m_v_bias=19.4 m_adv_std=288.2298 m_kl_max=0.0071 m_ratio_max=0.439 w_ax@goal=+0.08 w_v@goal=-0.08 return=-611.2 length=190 success_rate=0.22 collisions/ep=13.33 (n=9)
Evaluation at update 5: return=-438.70, length=200.00, success_rate=0.00, collisions/ep=4.35
Solved-check at update 5: solved=False worst_gap=2275.01 at p_x0=0.00 p_y0=-1.00 (consecutive=0)
update=6 global_step=12288 SPS=481 w_ev=0.092 m_ev=0.275 m_v_bias=-2.3 m_adv_std=251.8704 m_kl_max=0.0132 m_ratio_max=0.443 w_ax@goal=-0.17 w_v@goal=0.14 return=-595.8 length=182 success_rate=0.20 collisions/ep=12.60 (n=10)
update=7 global_step=14336 SPS=520 w_ev=0.107 m_ev=-0.132 m_v_bias=4.4 m_adv_std=143.1397 m_kl_max=0.0140 m_ratio_max=0.545 return=-707.7 length=200 success_rate=0.00 collisions/ep=10.18 (n=11)
update=8 global_step=16384 SPS=541 w_ev=0.201 m_ev=0.115 m_v_bias=-21.9 m_adv_std=130.2440 m_kl_max=0.0140 m_ratio_max=0.821 return=-493.1 length=200 success_rate=0.00 collisions/ep=5.83 (n=12)
update=9 global_step=18432 SPS=560 w_ev=0.169 m_ev=-0.403 m_v_bias=-23.7 m_adv_std=91.1963 m_kl_max=0.0097 m_ratio_max=0.473 return=-463.3 length=200 success_rate=0.00 collisions/ep=5.50 (n=8)
update=10 global_step=20480 SPS=576 w_ev=0.201 m_ev=0.135 m_v_bias=-60.5 m_adv_std=179.2647 m_kl_max=0.0166 m_ratio_max=0.705 w_ax@goal=-0.15 w_v@goal=1.01 return=-311.3 length=199 success_rate=0.10 collisions/ep=4.50 (n=10)
Evaluation at update 10: return=-206.71, length=200.00, success_rate=0.00, collisions/ep=0.00
Solved-check at update 10: solved=False worst_gap=1226.97 at p_x0=0.50 p_y0=-1.00 (consecutive=0)
update=11 global_step=22528 SPS=376 w_ev=0.046 m_ev=0.309 m_v_bias=-111.5 m_adv_std=218.5800 m_kl_max=0.0140 m_ratio_max=0.576 w_ax@goal=+0.21 w_v@goal=1.56 return=-168.2 length=198 success_rate=0.23 collisions/ep=4.46 (n=13)
update=12 global_step=24576 SPS=392 w_ev=0.192 m_ev=-0.723 m_v_bias=-26.1 m_adv_std=106.7013 m_kl_max=0.0092 m_ratio_max=0.499 return=-322.6 length=200 success_rate=0.00 collisions/ep=2.89 (n=9)
update=13 global_step=26624 SPS=406 w_ev=0.137 m_ev=0.022 m_v_bias=20.9 m_adv_std=189.1054 m_kl_max=0.0071 m_ratio_max=0.427 w_ax@goal=+0.25 w_v@goal=1.65 return=-332.3 length=199 success_rate=0.11 collisions/ep=5.67 (n=9)
update=14 global_step=28672 SPS=420 w_ev=0.150 m_ev=-0.239 m_v_bias=91.5 m_adv_std=165.9402 m_kl_max=0.0144 m_ratio_max=0.529 w_ax@goal=-1.15 w_v@goal=1.89 return=-544.6 length=200 success_rate=0.00 collisions/ep=7.36 (n=11)
update=15 global_step=30720 SPS=432 w_ev=0.238 m_ev=-0.194 m_v_bias=2.2 m_adv_std=90.3578 m_kl_max=0.0106 m_ratio_max=0.391 return=-408.4 length=200 success_rate=0.00 collisions/ep=4.42 (n=12)
Evaluation at update 15: return=-168.82, length=200.00, success_rate=0.00, collisions/ep=0.00
Solved-check at update 15: solved=False worst_gap=1184.92 at p_x0=0.00 p_y0=-1.00 (consecutive=0)
update=16 global_step=32768 SPS=344 w_ev=0.174 m_ev=-0.144 m_v_bias=-73.4 m_adv_std=295.1360 m_kl_max=0.0079 m_ratio_max=0.399 w_ax@goal=-0.14 w_v@goal=2.52 return=-170.1 length=192 success_rate=0.38 collisions/ep=8.12 (n=8)
update=17 global_step=34816 SPS=355 w_ev=0.280 m_ev=-0.211 m_v_bias=8.8 m_adv_std=210.3926 m_kl_max=0.0124 m_ratio_max=0.519 w_ax@goal=-0.46 w_v@goal=2.65 return=-292.2 length=196 success_rate=0.08 collisions/ep=4.17 (n=12)
update=18 global_step=36864 SPS=366 w_ev=0.029 m_ev=-0.066 m_v_bias=52.3 m_adv_std=119.2824 m_kl_max=0.0136 m_ratio_max=0.444 return=-545.1 length=200 success_rate=0.00 collisions/ep=7.45 (n=11)
update=19 global_step=38912 SPS=375 w_ev=0.071 m_ev=0.042 m_v_bias=-57.2 m_adv_std=221.9281 m_kl_max=0.0076 m_ratio_max=0.496 w_ax@goal=-0.02 w_v@goal=3.28 return=-132.4 length=189 success_rate=0.20 collisions/ep=3.60 (n=10)
update=20 global_step=40960 SPS=385 w_ev=0.040 m_ev=0.359 m_v_bias=-113.3 m_adv_std=249.8843 m_kl_max=0.0073 m_ratio_max=0.370 w_ax@goal=+0.33 w_v@goal=3.50 return=117.9 length=186 success_rate=0.67 collisions/ep=8.67 (n=9)
Evaluation at update 20: return=-399.52, length=199.20, success_rate=0.20, collisions/ep=9.40
Solved-check at update 20: solved=False worst_gap=1942.83 at p_x0=1.00 p_y0=-1.00 (consecutive=0)
update=21 global_step=43008 SPS=355 w_ev=0.101 m_ev=0.473 m_v_bias=-35.4 m_adv_std=206.2696 m_kl_max=0.0158 m_ratio_max=0.765 w_ax@goal=-0.20 w_v@goal=3.47 return=-49.1 length=185 success_rate=0.38 collisions/ep=6.15 (n=13)
update=22 global_step=45056 SPS=366 w_ev=0.088 m_ev=0.615 m_v_bias=-56.4 m_adv_std=190.0199 m_kl_max=0.0300 m_ratio_max=0.684 w_ax@goal=-0.03 w_v@goal=3.50 return=68.2 length=181 success_rate=0.50 collisions/ep=6.33 (n=12)
update=23 global_step=47104 SPS=377 w_ev=0.078 m_ev=0.484 m_v_bias=-36.1 m_adv_std=243.8698 m_kl_max=0.0287 m_ratio_max=0.996 w_ax@goal=+0.06 w_v@goal=3.77 return=22.8 length=168 success_rate=0.64 collisions/ep=10.55 (n=11)
update=24 global_step=49152 SPS=388 w_ev=0.042 m_ev=0.730 m_v_bias=-111.3 m_adv_std=161.7695 m_kl_max=0.0339 m_ratio_max=1.336 w_ax@goal=+0.11 w_v@goal=4.05 return=361.8 length=150 success_rate=0.71 collisions/ep=5.79 (n=14)
update=25 global_step=51200 SPS=399 w_ev=0.050 m_ev=0.790 m_v_bias=-19.1 m_adv_std=134.7623 m_kl_max=0.0284 m_ratio_max=0.989 w_ax@goal=+0.60 w_v@goal=4.20 return=438.6 length=137 success_rate=0.81 collisions/ep=6.44 (n=16)
Evaluation at update 25: return=589.52, length=80.80, success_rate=1.00, collisions/ep=8.40
Solved-check at update 25: solved=False worst_gap=454.63 at p_x0=0.00 p_y0=-0.50 (consecutive=0)
update=26 global_step=53248 SPS=390 w_ev=-0.003 m_ev=0.820 m_v_bias=-80.1 m_adv_std=128.9653 m_kl_max=0.0208 m_ratio_max=0.579 w_ax@goal=+0.33 w_v@goal=4.30 return=718.5 length=107 success_rate=1.00 collisions/ep=5.33 (n=21)
update=27 global_step=55296 SPS=394 w_ev=0.026 m_ev=0.815 m_v_bias=-39.7 m_adv_std=119.1790 m_kl_max=0.0166 m_ratio_max=0.727 w_ax@goal=+0.66 w_v@goal=4.16 return=677.3 length=104 success_rate=0.95 collisions/ep=5.05 (n=19)
update=28 global_step=57344 SPS=401 w_ev=0.052 m_ev=0.797 m_v_bias=-22.9 m_adv_std=113.6264 m_kl_max=0.0191 m_ratio_max=0.591 w_ax@goal=+0.60 w_v@goal=4.09 return=775.9 length=100 success_rate=1.00 collisions/ep=4.33 (n=21)
update=29 global_step=59392 SPS=410 w_ev=0.045 m_ev=0.856 m_v_bias=-27.7 m_adv_std=94.5277 m_kl_max=0.0175 m_ratio_max=0.470 w_ax@goal=+1.01 w_v@goal=4.22 return=771.5 length=89 success_rate=1.00 collisions/ep=4.62 (n=24)
update=30 global_step=61440 SPS=419 w_ev=0.016 m_ev=0.853 m_v_bias=-14.0 m_adv_std=93.0531 m_kl_max=0.0157 m_ratio_max=0.682 w_ax@goal=+0.70 w_v@goal=4.30 return=797.4 length=91 success_rate=1.00 collisions/ep=4.05 (n=22)
Evaluation at update 30: return=816.19, length=79.35, success_rate=1.00, collisions/ep=3.90
Solved-check at update 30: solved=False worst_gap=402.59 at p_x0=0.50 p_y0=-1.00 (consecutive=0)
update=31 global_step=63488 SPS=411 w_ev=0.045 m_ev=0.717 m_v_bias=42.6 m_adv_std=148.5012 m_kl_max=0.0132 m_ratio_max=0.741 w_ax@goal=+0.77 w_v@goal=4.31 return=778.6 length=90 success_rate=1.00 collisions/ep=4.45 (n=22)
update=32 global_step=65536 SPS=420 w_ev=0.042 m_ev=0.806 m_v_bias=-19.1 m_adv_std=116.6725 m_kl_max=0.0097 m_ratio_max=0.392 w_ax@goal=+0.91 w_v@goal=4.31 return=760.4 length=85 success_rate=1.00 collisions/ep=4.92 (n=24)
update=33 global_step=67584 SPS=428 w_ev=0.005 m_ev=0.827 m_v_bias=-12.8 m_adv_std=101.3168 m_kl_max=0.0228 m_ratio_max=0.564 w_ax@goal=+0.47 w_v@goal=4.41 return=790.6 length=93 success_rate=1.00 collisions/ep=4.17 (n=24)
update=34 global_step=69632 SPS=436 w_ev=0.035 m_ev=0.862 m_v_bias=-21.7 m_adv_std=85.5342 m_kl_max=0.0173 m_ratio_max=0.591 w_ax@goal=+0.66 w_v@goal=4.20 return=840.0 length=85 success_rate=1.00 collisions/ep=3.33 (n=24)
update=35 global_step=71680 SPS=441 w_ev=0.064 m_ev=0.900 m_v_bias=-40.7 m_adv_std=66.7406 m_kl_max=0.0195 m_ratio_max=0.600 w_ax@goal=+0.88 w_v@goal=4.27 return=914.9 length=86 success_rate=1.00 collisions/ep=1.83 (n=24)
Evaluation at update 35: return=961.85, length=78.45, success_rate=1.00, collisions/ep=1.00
Solved-check at update 35: solved=False worst_gap=51.75 at p_x0=0.00 p_y0=-1.00 (consecutive=0)
update=36 global_step=73728 SPS=424 w_ev=0.073 m_ev=0.923 m_v_bias=7.1 m_adv_std=58.0599 m_kl_max=0.0141 m_ratio_max=0.452 w_ax@goal=+0.96 w_v@goal=4.21 return=894.9 length=85 success_rate=1.00 collisions/ep=2.22 (n=23)
update=37 global_step=75776 SPS=429 w_ev=0.093 m_ev=0.859 m_v_bias=-4.2 m_adv_std=79.3745 m_kl_max=0.0225 m_ratio_max=0.658 w_ax@goal=+0.85 w_v@goal=4.24 return=889.4 length=82 success_rate=1.00 collisions/ep=2.36 (n=25)
update=38 global_step=77824 SPS=433 w_ev=0.116 m_ev=0.768 m_v_bias=29.7 m_adv_std=112.9834 m_kl_max=0.0177 m_ratio_max=0.659 w_ax@goal=+1.06 w_v@goal=4.22 return=787.9 length=83 success_rate=1.00 collisions/ep=4.52 (n=25)
update=39 global_step=79872 SPS=438 w_ev=0.091 m_ev=0.888 m_v_bias=-15.6 m_adv_std=71.6671 m_kl_max=0.0046 m_ratio_max=0.316 w_ax@goal=+0.91 w_v@goal=4.31 return=874.5 length=83 success_rate=1.00 collisions/ep=2.71 (n=24)
update=40 global_step=81920 SPS=443 w_ev=0.085 m_ev=0.803 m_v_bias=17.9 m_adv_std=101.8234 m_kl_max=0.0305 m_ratio_max=0.838 w_ax@goal=+1.07 w_v@goal=4.29 return=818.3 length=85 success_rate=1.00 collisions/ep=3.87 (n=23)
Evaluation at update 40: return=1011.99, length=78.30, success_rate=1.00, collisions/ep=0.00
Solved-check at update 40: solved=True worst_gap=1.38 at p_x0=0.00 p_y0=-1.00 (consecutive=0)
update=41 global_step=83968 SPS=431 w_ev=0.121 m_ev=0.874 m_v_bias=-22.8 m_adv_std=78.0595 m_kl_max=0.0072 m_ratio_max=0.411 w_ax@goal=+1.01 w_v@goal=4.34 return=903.3 length=82 success_rate=1.00 collisions/ep=2.12 (n=26)
update=42 global_step=86016 SPS=436 w_ev=0.153 m_ev=0.927 m_v_bias=-18.3 m_adv_std=54.7534 m_kl_max=0.0072 m_ratio_max=0.451 w_ax@goal=+0.90 w_v@goal=4.34 return=889.2 length=81 success_rate=1.00 collisions/ep=2.41 (n=27)
update=43 global_step=88064 SPS=442 w_ev=0.222 m_ev=0.914 m_v_bias=4.4 m_adv_std=60.3867 m_kl_max=0.0086 m_ratio_max=0.567 w_ax@goal=+0.84 w_v@goal=4.29 return=883.0 length=83 success_rate=1.00 collisions/ep=2.52 (n=25)
update=44 global_step=90112 SPS=447 w_ev=0.142 m_ev=0.919 m_v_bias=4.9 m_adv_std=57.3489 m_kl_max=0.0038 m_ratio_max=0.267 w_ax@goal=+1.03 w_v@goal=4.10 return=898.9 length=84 success_rate=1.00 collisions/ep=2.27 (n=22)
update=45 global_step=92160 SPS=453 w_ev=0.153 m_ev=0.952 m_v_bias=-8.3 m_adv_std=43.8974 m_kl_max=0.0068 m_ratio_max=0.560 w_ax@goal=+1.09 w_v@goal=4.29 return=906.6 length=84 success_rate=1.00 collisions/ep=2.16 (n=25)
Evaluation at update 45: return=1011.84, length=78.50, success_rate=1.00, collisions/ep=0.00
Solved-check at update 45: solved=True worst_gap=1.63 at p_x0=0.00 p_y0=-1.00 (consecutive=1)
Solved criterion held for 2 consecutive evals (tolerance=5.0) at global_step=92160.
update=46 global_step=94208 SPS=447 w_ev=0.143 m_ev=0.957 m_v_bias=-5.8 m_adv_std=39.8641 m_kl_max=0.0074 m_ratio_max=0.448 w_ax@goal=+0.81 w_v@goal=4.33 return=938.8 length=84 success_rate=1.00 collisions/ep=1.48 (n=25)
update=47 global_step=96256 SPS=453 w_ev=0.163 m_ev=0.969 m_v_bias=-1.6 m_adv_std=34.6720 m_kl_max=0.0093 m_ratio_max=0.478 w_ax@goal=+0.97 w_v@goal=4.37 return=938.3 length=85 success_rate=1.00 collisions/ep=1.44 (n=25)
update=48 global_step=98304 SPS=457 w_ev=0.208 m_ev=0.893 m_v_bias=16.5 m_adv_std=67.5448 m_kl_max=0.0097 m_ratio_max=0.476 w_ax@goal=+1.11 w_v@goal=4.20 return=872.3 length=83 success_rate=1.00 collisions/ep=2.79 (n=24)
update=49 global_step=100352 SPS=462 w_ev=0.176 m_ev=0.936 m_v_bias=-5.0 m_adv_std=50.3557 m_kl_max=0.0085 m_ratio_max=0.466 w_ax@goal=+1.09 w_v@goal=4.16 return=919.7 length=82 success_rate=1.00 collisions/ep=1.88 (n=25)
update=50 global_step=102400 SPS=467 w_ev=0.246 m_ev=0.889 m_v_bias=3.1 m_adv_std=66.9851 m_kl_max=0.0143 m_ratio_max=0.932 w_ax@goal=+1.12 w_v@goal=4.11 return=902.3 length=84 success_rate=1.00 collisions/ep=2.12 (n=24)
Evaluation at update 50: return=997.05, length=78.30, success_rate=1.00, collisions/ep=0.30
Solved-check at update 50: solved=False worst_gap=101.08 at p_x0=0.00 p_y0=0.00 (consecutive=2)
update=51 global_step=104448 SPS=461 w_ev=0.239 m_ev=0.962 m_v_bias=-2.9 m_adv_std=38.6638 m_kl_max=0.0310 m_ratio_max=1.122 w_ax@goal=+1.03 w_v@goal=4.08 return=909.8 length=82 success_rate=1.00 collisions/ep=2.04 (n=25)
update=52 global_step=106496 SPS=467 w_ev=0.254 m_ev=0.948 m_v_bias=-7.1 m_adv_std=44.1471 m_kl_max=0.0166 m_ratio_max=0.610 w_ax@goal=+1.16 w_v@goal=3.93 return=930.9 length=81 success_rate=1.00 collisions/ep=1.56 (n=25)
update=53 global_step=108544 SPS=471 w_ev=0.093 m_ev=0.853 m_v_bias=23.7 m_adv_std=77.6409 m_kl_max=0.0123 m_ratio_max=0.453 w_ax@goal=+1.01 w_v@goal=4.07 return=889.7 length=85 success_rate=1.00 collisions/ep=2.55 (n=22)
update=54 global_step=110592 SPS=476 w_ev=0.160 m_ev=0.911 m_v_bias=-1.4 m_adv_std=60.9560 m_kl_max=0.0225 m_ratio_max=0.905 w_ax@goal=+1.09 w_v@goal=4.17 return=906.9 length=82 success_rate=1.00 collisions/ep=2.11 (n=27)
update=55 global_step=112640 SPS=480 w_ev=0.203 m_ev=0.940 m_v_bias=-12.2 m_adv_std=45.5617 m_kl_max=0.0336 m_ratio_max=0.753 w_ax@goal=+1.09 w_v@goal=4.10 return=917.0 length=82 success_rate=1.00 collisions/ep=1.92 (n=25)
Evaluation at update 55: return=996.58, length=78.85, success_rate=1.00, collisions/ep=0.30
Solved-check at update 55: solved=False worst_gap=101.64 at p_x0=0.00 p_y0=-1.00 (consecutive=0)
update=56 global_step=114688 SPS=472 w_ev=0.245 m_ev=0.952 m_v_bias=-0.8 m_adv_std=43.0583 m_kl_max=0.0149 m_ratio_max=0.667 w_ax@goal=+1.01 w_v@goal=4.00 return=907.7 length=83 success_rate=1.00 collisions/ep=2.04 (n=24)
update=57 global_step=116736 SPS=476 w_ev=0.221 m_ev=0.806 m_v_bias=26.3 m_adv_std=98.3899 m_kl_max=0.0092 m_ratio_max=0.472 w_ax@goal=+0.94 w_v@goal=4.10 return=860.0 length=84 success_rate=1.00 collisions/ep=2.96 (n=25)
update=58 global_step=118784 SPS=480 w_ev=0.247 m_ev=0.938 m_v_bias=-21.6 m_adv_std=49.7264 m_kl_max=0.0083 m_ratio_max=0.637 w_ax@goal=+1.07 w_v@goal=3.95 return=925.2 length=83 success_rate=1.00 collisions/ep=1.72 (n=25)
update=59 global_step=120832 SPS=485 w_ev=0.275 m_ev=0.954 m_v_bias=-8.1 m_adv_std=43.0833 m_kl_max=0.0091 m_ratio_max=0.434 w_ax@goal=+0.90 w_v@goal=3.82 return=915.3 length=84 success_rate=1.00 collisions/ep=2.00 (n=24)
update=60 global_step=122880 SPS=489 w_ev=0.242 m_ev=0.937 m_v_bias=-2.7 m_adv_std=48.3915 m_kl_max=0.0171 m_ratio_max=1.512 w_ax@goal=+0.97 w_v@goal=3.89 return=911.5 length=82 success_rate=1.00 collisions/ep=2.00 (n=25)
Evaluation at update 60: return=986.97, length=78.40, success_rate=1.00, collisions/ep=0.50
Solved-check at update 60: solved=False worst_gap=101.08 at p_x0=0.00 p_y0=-1.00 (consecutive=0)
update=61 global_step=124928 SPS=482 w_ev=0.183 m_ev=0.943 m_v_bias=-10.1 m_adv_std=44.0343 m_kl_max=0.0069 m_ratio_max=0.501 w_ax@goal=+1.09 w_v@goal=3.81 return=940.9 length=83 success_rate=1.00 collisions/ep=1.38 (n=24)
update=62 global_step=126976 SPS=486 w_ev=0.226 m_ev=0.900 m_v_bias=19.2 m_adv_std=60.9971 m_kl_max=0.0142 m_ratio_max=0.541 w_ax@goal=+1.00 w_v@goal=3.95 return=895.1 length=83 success_rate=1.00 collisions/ep=2.35 (n=26)
update=63 global_step=129024 SPS=490 w_ev=0.272 m_ev=0.971 m_v_bias=-13.6 m_adv_std=31.2758 m_kl_max=0.0192 m_ratio_max=1.290 w_ax@goal=+0.87 w_v@goal=3.84 return=963.9 length=82 success_rate=1.00 collisions/ep=0.88 (n=25)
update=64 global_step=131072 SPS=494 w_ev=0.241 m_ev=0.936 m_v_bias=1.3 m_adv_std=47.9909 m_kl_max=0.0170 m_ratio_max=0.602 w_ax@goal=+1.02 w_v@goal=3.83 return=934.3 length=82 success_rate=1.00 collisions/ep=1.54 (n=24)
update=65 global_step=133120 SPS=498 w_ev=0.280 m_ev=0.909 m_v_bias=17.0 m_adv_std=62.6810 m_kl_max=0.0155 m_ratio_max=0.828 w_ax@goal=+0.92 w_v@goal=3.80 return=872.8 length=82 success_rate=1.00 collisions/ep=2.76 (n=25)
Evaluation at update 65: return=969.08, length=78.85, success_rate=1.00, collisions/ep=0.85
Solved-check at update 65: solved=False worst_gap=401.13 at p_x0=1.50 p_y0=0.50 (consecutive=0)
update=66 global_step=135168 SPS=492 w_ev=0.213 m_ev=0.915 m_v_bias=-11.4 m_adv_std=60.1302 m_kl_max=0.0233 m_ratio_max=0.697 w_ax@goal=+0.95 w_v@goal=3.76 return=899.8 length=84 success_rate=1.00 collisions/ep=2.21 (n=24)
update=67 global_step=137216 SPS=493 w_ev=0.247 m_ev=0.919 m_v_bias=-4.2 m_adv_std=57.0759 m_kl_max=0.0110 m_ratio_max=0.493 w_ax@goal=+0.94 w_v@goal=3.80 return=937.0 length=83 success_rate=1.00 collisions/ep=1.42 (n=26)
update=68 global_step=139264 SPS=495 w_ev=0.225 m_ev=0.937 m_v_bias=-8.6 m_adv_std=49.6684 m_kl_max=0.0382 m_ratio_max=2.155 w_ax@goal=+0.93 w_v@goal=3.76 return=936.9 length=83 success_rate=1.00 collisions/ep=1.46 (n=24)
update=69 global_step=141312 SPS=499 w_ev=0.234 m_ev=0.958 m_v_bias=-1.2 m_adv_std=38.3401 m_kl_max=0.0218 m_ratio_max=0.688 w_ax@goal=+1.05 w_v@goal=3.74 return=928.8 length=85 success_rate=1.00 collisions/ep=1.71 (n=24)
update=70 global_step=143360 SPS=502 w_ev=0.233 m_ev=0.945 m_v_bias=8.4 m_adv_std=46.6781 m_kl_max=0.0077 m_ratio_max=0.565 w_ax@goal=+1.06 w_v@goal=3.76 return=902.7 length=84 success_rate=1.00 collisions/ep=2.12 (n=24)
Evaluation at update 70: return=951.07, length=79.40, success_rate=1.00, collisions/ep=1.20
Solved-check at update 70: solved=False worst_gap=451.51 at p_x0=1.50 p_y0=1.00 (consecutive=0)
update=71 global_step=145408 SPS=494 w_ev=0.210 m_ev=0.970 m_v_bias=-8.4 m_adv_std=32.8587 m_kl_max=0.0111 m_ratio_max=0.528 w_ax@goal=+0.85 w_v@goal=3.98 return=943.0 length=85 success_rate=1.00 collisions/ep=1.32 (n=25)
update=72 global_step=147456 SPS=498 w_ev=0.187 m_ev=0.928 m_v_bias=8.9 m_adv_std=53.1515 m_kl_max=0.0060 m_ratio_max=0.346 w_ax@goal=+0.93 w_v@goal=3.99 return=912.2 length=85 success_rate=1.00 collisions/ep=1.96 (n=23)
update=73 global_step=149504 SPS=502 w_ev=0.219 m_ev=0.956 m_v_bias=-5.1 m_adv_std=41.1886 m_kl_max=0.0340 m_ratio_max=1.203 w_ax@goal=+0.84 w_v@goal=4.01 return=932.4 length=87 success_rate=1.00 collisions/ep=1.48 (n=23)
update=74 global_step=151552 SPS=505 w_ev=0.176 m_ev=0.956 m_v_bias=8.5 m_adv_std=40.5727 m_kl_max=0.0074 m_ratio_max=0.516 w_ax@goal=+0.77 w_v@goal=4.06 return=927.7 length=87 success_rate=1.00 collisions/ep=1.58 (n=24)
update=75 global_step=153600 SPS=509 w_ev=0.180 m_ev=0.978 m_v_bias=-11.6 m_adv_std=27.7724 m_kl_max=0.0108 m_ratio_max=0.490 w_ax@goal=+1.00 w_v@goal=4.09 return=937.1 length=84 success_rate=1.00 collisions/ep=1.44 (n=25)
Evaluation at update 75: return=981.73, length=78.70, success_rate=1.00, collisions/ep=0.60
Solved-check at update 75: solved=False worst_gap=101.48 at p_x0=0.00 p_y0=-1.00 (consecutive=0)
update=76 global_step=155648 SPS=502 w_ev=0.217 m_ev=0.922 m_v_bias=7.3 m_adv_std=53.9328 m_kl_max=0.0178 m_ratio_max=1.204 w_ax@goal=+0.87 w_v@goal=4.06 return=945.3 length=84 success_rate=1.00 collisions/ep=1.30 (n=23)
update=77 global_step=157696 SPS=505 w_ev=0.213 m_ev=0.978 m_v_bias=-7.9 m_adv_std=26.9711 m_kl_max=0.0169 m_ratio_max=0.845 w_ax@goal=+0.91 w_v@goal=4.10 return=930.5 length=83 success_rate=1.00 collisions/ep=1.58 (n=26)
update=78 global_step=159744 SPS=508 w_ev=0.183 m_ev=0.950 m_v_bias=13.0 m_adv_std=44.1187 m_kl_max=0.0077 m_ratio_max=0.592 w_ax@goal=+0.87 w_v@goal=3.91 return=911.6 length=83 success_rate=1.00 collisions/ep=1.96 (n=25)
update=79 global_step=161792 SPS=511 w_ev=0.210 m_ev=0.971 m_v_bias=-17.8 m_adv_std=32.4088 m_kl_max=0.0135 m_ratio_max=0.698 w_ax@goal=+1.01 w_v@goal=4.15 return=945.5 length=82 success_rate=1.00 collisions/ep=1.35 (n=26)
update=80 global_step=163840 SPS=514 w_ev=0.229 m_ev=0.980 m_v_bias=-2.1 m_adv_std=26.1779 m_kl_max=0.0262 m_ratio_max=1.290 w_ax@goal=+0.95 w_v@goal=3.89 return=949.9 length=83 success_rate=1.00 collisions/ep=1.35 (n=23)
Evaluation at update 80: return=974.20, length=78.65, success_rate=1.00, collisions/ep=0.80
Solved-check at update 80: solved=False worst_gap=101.37 at p_x0=0.00 p_y0=1.00 (consecutive=0)
update=81 global_step=165888 SPS=508 w_ev=0.234 m_ev=0.969 m_v_bias=0.7 m_adv_std=32.0200 m_kl_max=0.0412 m_ratio_max=2.369 w_ax@goal=+0.81 w_v@goal=4.03 return=939.0 length=84 success_rate=1.00 collisions/ep=1.52 (n=25)
update=82 global_step=167936 SPS=511 w_ev=0.189 m_ev=0.952 m_v_bias=-0.2 m_adv_std=40.8339 m_kl_max=0.0080 m_ratio_max=1.009 w_ax@goal=+0.82 w_v@goal=4.06 return=939.7 length=84 success_rate=1.00 collisions/ep=1.42 (n=24)
update=83 global_step=169984 SPS=514 w_ev=0.238 m_ev=0.964 m_v_bias=0.5 m_adv_std=35.9306 m_kl_max=0.0073 m_ratio_max=0.486 w_ax@goal=+1.00 w_v@goal=3.85 return=935.9 length=82 success_rate=1.00 collisions/ep=1.46 (n=26)
update=84 global_step=172032 SPS=517 w_ev=0.280 m_ev=0.953 m_v_bias=-3.3 m_adv_std=41.7216 m_kl_max=0.0163 m_ratio_max=0.826 w_ax@goal=+1.02 w_v@goal=3.78 return=928.6 length=81 success_rate=1.00 collisions/ep=1.60 (n=25)
update=85 global_step=174080 SPS=520 w_ev=0.190 m_ev=0.931 m_v_bias=5.2 m_adv_std=51.0787 m_kl_max=0.0057 m_ratio_max=0.546 w_ax@goal=+0.96 w_v@goal=3.78 return=921.4 length=83 success_rate=1.00 collisions/ep=1.79 (n=24)
Evaluation at update 85: return=983.55, length=79.30, success_rate=1.00, collisions/ep=0.65
Solved-check at update 85: solved=False worst_gap=151.92 at p_x0=0.50 p_y0=1.00 (consecutive=0)
update=86 global_step=176128 SPS=514 w_ev=0.200 m_ev=0.961 m_v_bias=-3.5 m_adv_std=36.9450 m_kl_max=0.0093 m_ratio_max=0.473 w_ax@goal=+0.97 w_v@goal=3.90 return=946.9 length=82 success_rate=1.00 collisions/ep=1.24 (n=25)
update=87 global_step=178176 SPS=518 w_ev=0.220 m_ev=0.902 m_v_bias=-0.5 m_adv_std=59.3472 m_kl_max=0.0243 m_ratio_max=0.924 w_ax@goal=+0.88 w_v@goal=3.94 return=924.8 length=83 success_rate=1.00 collisions/ep=1.79 (n=24)
update=88 global_step=180224 SPS=521 w_ev=0.227 m_ev=0.919 m_v_bias=1.7 m_adv_std=53.3850 m_kl_max=0.0316 m_ratio_max=0.804 w_ax@goal=+0.80 w_v@goal=3.83 return=932.0 length=83 success_rate=1.00 collisions/ep=1.50 (n=24)
update=89 global_step=182272 SPS=524 w_ev=0.214 m_ev=0.963 m_v_bias=-3.6 m_adv_std=37.6660 m_kl_max=0.0038 m_ratio_max=0.323 w_ax@goal=+0.68 w_v@goal=3.94 return=934.2 length=84 success_rate=1.00 collisions/ep=1.54 (n=26)
update=90 global_step=184320 SPS=527 w_ev=0.245 m_ev=0.970 m_v_bias=-8.5 m_adv_std=33.0553 m_kl_max=0.0200 m_ratio_max=0.732 w_ax@goal=+0.75 w_v@goal=3.84 return=938.2 length=83 success_rate=1.00 collisions/ep=1.39 (n=23)
Evaluation at update 90: return=996.53, length=79.00, success_rate=1.00, collisions/ep=0.30
Solved-check at update 90: solved=False worst_gap=101.17 at p_x0=1.50 p_y0=0.00 (consecutive=0)
update=91 global_step=186368 SPS=521 w_ev=0.180 m_ev=0.958 m_v_bias=2.5 m_adv_std=39.3844 m_kl_max=0.0188 m_ratio_max=0.557 w_ax@goal=+0.63 w_v@goal=3.83 return=940.9 length=84 success_rate=1.00 collisions/ep=1.33 (n=24)
update=92 global_step=188416 SPS=524 w_ev=0.209 m_ev=0.958 m_v_bias=2.6 m_adv_std=38.6277 m_kl_max=0.0063 m_ratio_max=0.425 w_ax@goal=+0.73 w_v@goal=4.05 return=941.6 length=84 success_rate=1.00 collisions/ep=1.40 (n=25)
update=93 global_step=190464 SPS=527 w_ev=0.214 m_ev=0.968 m_v_bias=-0.3 m_adv_std=33.5598 m_kl_max=0.0098 m_ratio_max=0.469 w_ax@goal=+0.75 w_v@goal=4.00 return=941.0 length=83 success_rate=1.00 collisions/ep=1.35 (n=26)
update=94 global_step=192512 SPS=530 w_ev=0.229 m_ev=0.961 m_v_bias=0.5 m_adv_std=36.5554 m_kl_max=0.0141 m_ratio_max=0.539 w_ax@goal=+0.71 w_v@goal=4.03 return=937.2 length=83 success_rate=1.00 collisions/ep=1.46 (n=24)
update=95 global_step=194560 SPS=533 w_ev=0.182 m_ev=0.968 m_v_bias=5.6 m_adv_std=34.3813 m_kl_max=0.0146 m_ratio_max=1.144 w_ax@goal=+0.57 w_v@goal=4.01 return=935.1 length=84 success_rate=1.00 collisions/ep=1.44 (n=25)
Evaluation at update 95: return=984.02, length=79.05, success_rate=1.00, collisions/ep=0.55
Solved-check at update 95: solved=False worst_gap=101.67 at p_x0=0.50 p_y0=-1.00 (consecutive=0)
update=96 global_step=196608 SPS=527 w_ev=0.176 m_ev=0.957 m_v_bias=-3.7 m_adv_std=40.6662 m_kl_max=0.0027 m_ratio_max=0.217 w_ax@goal=+0.79 w_v@goal=4.06 return=936.2 length=84 success_rate=1.00 collisions/ep=1.43 (n=23)
update=97 global_step=198656 SPS=529 w_ev=0.208 m_ev=0.964 m_v_bias=8.0 m_adv_std=37.6970 m_kl_max=0.0111 m_ratio_max=0.689 w_ax@goal=+0.67 w_v@goal=3.97 return=912.0 length=84 success_rate=1.00 collisions/ep=2.04 (n=26)
update=98 global_step=200704 SPS=532 w_ev=0.171 m_ev=0.951 m_v_bias=-9.7 m_adv_std=40.3693 m_kl_max=0.0348 m_ratio_max=1.222 w_ax@goal=+0.76 w_v@goal=3.94 return=961.6 length=82 success_rate=1.00 collisions/ep=0.96 (n=23)
update=99 global_step=202752 SPS=534 w_ev=0.170 m_ev=0.933 m_v_bias=10.5 m_adv_std=51.4763 m_kl_max=0.0252 m_ratio_max=0.847 w_ax@goal=+0.67 w_v@goal=4.13 return=917.6 length=84 success_rate=1.00 collisions/ep=1.84 (n=25)
update=100 global_step=204800 SPS=537 w_ev=0.243 m_ev=0.952 m_v_bias=5.2 m_adv_std=43.2435 m_kl_max=0.0498 m_ratio_max=0.783 w_ax@goal=+0.72 w_v@goal=4.00 return=919.1 length=84 success_rate=1.00 collisions/ep=1.80 (n=25)
Evaluation at update 100: return=1005.78, length=79.60, success_rate=1.00, collisions/ep=0.10
Solved-check at update 100: solved=False worst_gap=52.16 at p_x0=0.00 p_y0=1.00 (consecutive=0)
update=101 global_step=206848 SPS=531 w_ev=0.196 m_ev=0.892 m_v_bias=7.8 m_adv_std=64.2223 m_kl_max=0.0353 m_ratio_max=1.865 w_ax@goal=+0.52 w_v@goal=4.08 return=916.3 length=87 success_rate=1.00 collisions/ep=1.87 (n=23)
update=102 global_step=208896 SPS=534 w_ev=0.222 m_ev=0.920 m_v_bias=-4.2 m_adv_std=55.0265 m_kl_max=0.0152 m_ratio_max=0.614 w_ax@goal=+0.55 w_v@goal=4.05 return=919.1 length=84 success_rate=1.00 collisions/ep=1.81 (n=26)
update=103 global_step=210944 SPS=536 w_ev=0.236 m_ev=0.964 m_v_bias=-13.0 m_adv_std=34.4729 m_kl_max=0.0120 m_ratio_max=1.163 w_ax@goal=+0.44 w_v@goal=4.12 return=965.8 length=85 success_rate=1.00 collisions/ep=0.91 (n=22)
update=104 global_step=212992 SPS=538 w_ev=0.214 m_ev=0.950 m_v_bias=-5.3 m_adv_std=41.3875 m_kl_max=0.0058 m_ratio_max=0.373 w_ax@goal=+0.53 w_v@goal=4.09 return=948.3 length=84 success_rate=1.00 collisions/ep=1.29 (n=24)
update=105 global_step=215040 SPS=541 w_ev=0.219 m_ev=0.972 m_v_bias=1.7 m_adv_std=31.1517 m_kl_max=0.0044 m_ratio_max=0.340 w_ax@goal=+0.73 w_v@goal=4.17 return=952.4 length=86 success_rate=1.00 collisions/ep=1.12 (n=24)
Evaluation at update 105: return=1001.05, length=79.10, success_rate=1.00, collisions/ep=0.20
Solved-check at update 105: solved=False worst_gap=101.92 at p_x0=0.00 p_y0=0.00 (consecutive=0)
update=106 global_step=217088 SPS=535 w_ev=0.268 m_ev=0.956 m_v_bias=13.3 m_adv_std=39.0099 m_kl_max=0.0082 m_ratio_max=0.421 w_ax@goal=+0.53 w_v@goal=3.99 return=932.5 length=83 success_rate=1.00 collisions/ep=1.60 (n=25)
update=107 global_step=219136 SPS=538 w_ev=0.206 m_ev=0.969 m_v_bias=-7.6 m_adv_std=32.4605 m_kl_max=0.0106 m_ratio_max=0.535 w_ax@goal=+0.53 w_v@goal=3.97 return=940.9 length=85 success_rate=1.00 collisions/ep=1.43 (n=23)
update=108 global_step=221184 SPS=540 w_ev=0.240 m_ev=0.939 m_v_bias=0.9 m_adv_std=49.9435 m_kl_max=0.0103 m_ratio_max=0.745 w_ax@goal=+0.74 w_v@goal=4.04 return=923.0 length=85 success_rate=1.00 collisions/ep=1.68 (n=25)
update=109 global_step=223232 SPS=542 w_ev=0.174 m_ev=0.967 m_v_bias=-4.8 m_adv_std=34.1401 m_kl_max=0.0143 m_ratio_max=0.607 w_ax@goal=+0.87 w_v@goal=4.31 return=935.6 length=86 success_rate=1.00 collisions/ep=1.46 (n=24)
update=110 global_step=225280 SPS=545 w_ev=0.198 m_ev=0.923 m_v_bias=10.2 m_adv_std=54.1709 m_kl_max=0.0226 m_ratio_max=0.683 w_ax@goal=+0.47 w_v@goal=4.25 return=915.1 length=87 success_rate=1.00 collisions/ep=1.78 (n=23)
Evaluation at update 110: return=1005.61, length=79.95, success_rate=1.00, collisions/ep=0.10
Solved-check at update 110: solved=False worst_gap=52.56 at p_x0=0.00 p_y0=0.00 (consecutive=0)
update=111 global_step=227328 SPS=539 w_ev=0.229 m_ev=0.943 m_v_bias=-2.7 m_adv_std=46.8926 m_kl_max=0.0068 m_ratio_max=0.768 w_ax@goal=+0.71 w_v@goal=4.19 return=932.7 length=84 success_rate=1.00 collisions/ep=1.56 (n=25)
update=112 global_step=229376 SPS=541 w_ev=0.274 m_ev=0.979 m_v_bias=-12.3 m_adv_std=27.5386 m_kl_max=0.0051 m_ratio_max=0.583 w_ax@goal=+0.55 w_v@goal=4.09 return=961.6 length=84 success_rate=1.00 collisions/ep=0.92 (n=24)
update=113 global_step=231424 SPS=544 w_ev=0.145 m_ev=0.966 m_v_bias=-2.7 m_adv_std=34.9798 m_kl_max=0.0111 m_ratio_max=0.486 w_ax@goal=+0.73 w_v@goal=4.24 return=949.1 length=87 success_rate=1.00 collisions/ep=1.20 (n=25)
update=114 global_step=233472 SPS=546 w_ev=0.315 m_ev=0.948 m_v_bias=9.7 m_adv_std=41.3114 m_kl_max=0.0101 m_ratio_max=0.562 w_ax@goal=+0.74 w_v@goal=3.86 return=933.8 length=85 success_rate=1.00 collisions/ep=1.50 (n=24)
update=115 global_step=235520 SPS=548 w_ev=0.258 m_ev=0.967 m_v_bias=-3.0 m_adv_std=33.1544 m_kl_max=0.0116 m_ratio_max=0.650 w_ax@goal=+0.68 w_v@goal=3.86 return=957.1 length=87 success_rate=1.00 collisions/ep=1.00 (n=25)
Evaluation at update 115: return=1005.43, length=80.00, success_rate=1.00, collisions/ep=0.10
Solved-check at update 115: solved=False worst_gap=52.63 at p_x0=0.50 p_y0=1.00 (consecutive=0)
update=116 global_step=237568 SPS=543 w_ev=0.245 m_ev=0.961 m_v_bias=-0.4 m_adv_std=38.8321 m_kl_max=0.0153 m_ratio_max=0.629 w_ax@goal=+0.61 w_v@goal=3.91 return=936.2 length=85 success_rate=1.00 collisions/ep=1.39 (n=23)
update=117 global_step=239616 SPS=545 w_ev=0.256 m_ev=0.951 m_v_bias=-0.9 m_adv_std=42.2123 m_kl_max=0.0104 m_ratio_max=0.436 w_ax@goal=+0.73 w_v@goal=3.97 return=953.0 length=88 success_rate=1.00 collisions/ep=1.04 (n=24)
update=118 global_step=241664 SPS=547 w_ev=0.234 m_ev=0.984 m_v_bias=-9.1 m_adv_std=22.7818 m_kl_max=0.0163 m_ratio_max=0.830 w_ax@goal=+0.68 w_v@goal=3.88 return=961.8 length=86 success_rate=1.00 collisions/ep=0.91 (n=23)
update=119 global_step=243712 SPS=550 w_ev=0.220 m_ev=0.933 m_v_bias=11.0 m_adv_std=50.2611 m_kl_max=0.0147 m_ratio_max=0.678 w_ax@goal=+0.44 w_v@goal=3.96 return=929.5 length=87 success_rate=1.00 collisions/ep=1.48 (n=23)
update=120 global_step=245760 SPS=552 w_ev=0.272 m_ev=0.971 m_v_bias=-6.9 m_adv_std=32.2606 m_kl_max=0.0137 m_ratio_max=0.540 w_ax@goal=+0.44 w_v@goal=3.78 return=952.2 length=85 success_rate=1.00 collisions/ep=1.08 (n=25)
Evaluation at update 120: return=1009.16, length=81.20, success_rate=1.00, collisions/ep=0.00
Solved-check at update 120: solved=False worst_gap=53.54 at p_x0=0.00 p_y0=1.00 (consecutive=0)
update=121 global_step=247808 SPS=547 w_ev=0.178 m_ev=0.964 m_v_bias=-1.9 m_adv_std=35.4510 m_kl_max=0.0129 m_ratio_max=0.982 w_ax@goal=+0.55 w_v@goal=4.12 return=962.9 length=89 success_rate=1.00 collisions/ep=0.90 (n=21)
update=122 global_step=249856 SPS=549 w_ev=0.211 m_ev=0.960 m_v_bias=-1.6 m_adv_std=38.7966 m_kl_max=0.0062 m_ratio_max=0.505 w_ax@goal=+0.54 w_v@goal=4.17 return=960.3 length=90 success_rate=1.00 collisions/ep=0.91 (n=22)
update=123 global_step=251904 SPS=552 w_ev=0.171 m_ev=0.970 m_v_bias=4.9 m_adv_std=33.7548 m_kl_max=0.0186 m_ratio_max=0.937 w_ax@goal=+0.61 w_v@goal=4.30 return=960.9 length=88 success_rate=1.00 collisions/ep=0.88 (n=24)
update=124 global_step=253952 SPS=554 w_ev=0.176 m_ev=0.974 m_v_bias=4.5 m_adv_std=29.8442 m_kl_max=0.0129 m_ratio_max=0.582 w_ax@goal=+0.32 w_v@goal=4.27 return=956.8 length=88 success_rate=1.00 collisions/ep=0.96 (n=24)
update=125 global_step=256000 SPS=556 w_ev=0.164 m_ev=0.987 m_v_bias=-9.7 m_adv_std=20.6818 m_kl_max=0.0169 m_ratio_max=0.622 w_ax@goal=+0.40 w_v@goal=4.26 return=973.2 length=89 success_rate=1.00 collisions/ep=0.62 (n=24)
Evaluation at update 125: return=1009.48, length=81.00, success_rate=1.00, collisions/ep=0.00
Solved-check at update 125: solved=False worst_gap=5.40 at p_x0=1.00 p_y0=-1.00 (consecutive=0)
update=126 global_step=258048 SPS=551 w_ev=0.205 m_ev=0.986 m_v_bias=-0.4 m_adv_std=21.4656 m_kl_max=0.0227 m_ratio_max=0.697 w_ax@goal=+0.33 w_v@goal=4.15 return=978.3 length=88 success_rate=1.00 collisions/ep=0.55 (n=22)
update=127 global_step=260096 SPS=553 w_ev=0.205 m_ev=0.971 m_v_bias=12.2 m_adv_std=32.8675 m_kl_max=0.0103 m_ratio_max=0.697 w_ax@goal=+0.57 w_v@goal=4.19 return=945.8 length=89 success_rate=1.00 collisions/ep=1.17 (n=24)
update=128 global_step=262144 SPS=555 w_ev=0.224 m_ev=0.986 m_v_bias=-2.9 m_adv_std=21.2206 m_kl_max=0.0106 m_ratio_max=0.758 w_ax@goal=+0.37 w_v@goal=4.02 return=971.7 length=89 success_rate=1.00 collisions/ep=0.64 (n=22)
update=129 global_step=264192 SPS=557 w_ev=0.188 m_ev=0.954 m_v_bias=8.8 m_adv_std=42.0971 m_kl_max=0.0195 m_ratio_max=1.123 w_ax@goal=+0.48 w_v@goal=4.23 return=951.3 length=89 success_rate=1.00 collisions/ep=1.04 (n=23)
update=130 global_step=266240 SPS=559 w_ev=0.138 m_ev=0.955 m_v_bias=-4.5 m_adv_std=41.1469 m_kl_max=0.0332 m_ratio_max=0.899 w_ax@goal=+0.42 w_v@goal=4.25 return=942.5 length=90 success_rate=1.00 collisions/ep=1.22 (n=23)
Evaluation at update 130: return=1009.63, length=80.70, success_rate=1.00, collisions/ep=0.00
Solved-check at update 130: solved=True worst_gap=4.44 at p_x0=0.00 p_y0=-0.50 (consecutive=0)
update=131 global_step=268288 SPS=555 w_ev=0.135 m_ev=0.975 m_v_bias=-2.2 m_adv_std=29.0355 m_kl_max=0.0154 m_ratio_max=0.519 w_ax@goal=+0.31 w_v@goal=4.23 return=969.9 length=88 success_rate=1.00 collisions/ep=0.68 (n=22)
update=132 global_step=270336 SPS=557 w_ev=0.204 m_ev=0.974 m_v_bias=-8.4 m_adv_std=28.8157 m_kl_max=0.0125 m_ratio_max=0.542 w_ax@goal=+0.44 w_v@goal=4.23 return=974.8 length=87 success_rate=1.00 collisions/ep=0.62 (n=24)
update=133 global_step=272384 SPS=559 w_ev=0.203 m_ev=0.978 m_v_bias=-4.6 m_adv_std=27.0047 m_kl_max=0.0082 m_ratio_max=0.905 w_ax@goal=+0.46 w_v@goal=4.15 return=975.0 length=85 success_rate=1.00 collisions/ep=0.74 (n=23)
update=134 global_step=274432 SPS=561 w_ev=0.197 m_ev=0.979 m_v_bias=4.5 m_adv_std=26.4831 m_kl_max=0.0049 m_ratio_max=0.614 w_ax@goal=+0.48 w_v@goal=4.05 return=981.9 length=89 success_rate=1.00 collisions/ep=0.46 (n=24)
update=135 global_step=276480 SPS=562 w_ev=0.265 m_ev=0.922 m_v_bias=10.0 m_adv_std=53.7423 m_kl_max=0.0155 m_ratio_max=0.513 w_ax@goal=+0.35 w_v@goal=3.89 return=941.2 length=88 success_rate=1.00 collisions/ep=1.25 (n=24)
Evaluation at update 135: return=1011.14, length=79.20, success_rate=1.00, collisions/ep=0.00
Solved-check at update 135: solved=True worst_gap=2.21 at p_x0=0.00 p_y0=-0.50 (consecutive=1)
update=136 global_step=278528 SPS=558 w_ev=0.170 m_ev=0.981 m_v_bias=-4.8 m_adv_std=25.0010 m_kl_max=0.0118 m_ratio_max=0.451 w_ax@goal=+0.45 w_v@goal=4.00 return=970.3 length=85 success_rate=1.00 collisions/ep=0.71 (n=24)
update=137 global_step=280576 SPS=560 w_ev=0.238 m_ev=0.989 m_v_bias=-7.2 m_adv_std=18.6595 m_kl_max=0.0189 m_ratio_max=0.566 w_ax@goal=+0.58 w_v@goal=4.09 return=974.4 length=83 success_rate=1.00 collisions/ep=0.67 (n=24)
update=138 global_step=282624 SPS=562 w_ev=0.204 m_ev=0.987 m_v_bias=-2.1 m_adv_std=20.9396 m_kl_max=0.0157 m_ratio_max=0.825 w_ax@goal=+0.50 w_v@goal=4.09 return=975.5 length=87 success_rate=1.00 collisions/ep=0.62 (n=24)
update=139 global_step=284672 SPS=564 w_ev=0.189 m_ev=0.962 m_v_bias=10.0 m_adv_std=36.0563 m_kl_max=0.0129 m_ratio_max=0.715 w_ax@goal=+0.56 w_v@goal=4.12 return=972.6 length=86 success_rate=1.00 collisions/ep=0.67 (n=24)
update=140 global_step=286720 SPS=566 w_ev=0.299 m_ev=0.984 m_v_bias=0.2 m_adv_std=23.1958 m_kl_max=0.0038 m_ratio_max=0.392 w_ax@goal=+0.43 w_v@goal=3.84 return=970.4 length=86 success_rate=1.00 collisions/ep=0.67 (n=24)
Evaluation at update 140: return=1010.70, length=79.65, success_rate=1.00, collisions/ep=0.00
Solved-check at update 140: solved=True worst_gap=2.64 at p_x0=0.00 p_y0=-0.50 (consecutive=2)
update=141 global_step=288768 SPS=562 w_ev=0.247 m_ev=0.955 m_v_bias=11.0 m_adv_std=39.9747 m_kl_max=0.0150 m_ratio_max=0.504 w_ax@goal=+0.27 w_v@goal=3.97 return=954.3 length=87 success_rate=1.00 collisions/ep=1.00 (n=25)
update=142 global_step=290816 SPS=564 w_ev=0.222 m_ev=0.979 m_v_bias=-3.6 m_adv_std=26.4304 m_kl_max=0.0183 m_ratio_max=0.608 w_ax@goal=+0.28 w_v@goal=4.07 return=967.7 length=85 success_rate=1.00 collisions/ep=0.75 (n=24)
update=143 global_step=292864 SPS=566 w_ev=0.193 m_ev=0.985 m_v_bias=-7.3 m_adv_std=22.2443 m_kl_max=0.0174 m_ratio_max=0.996 w_ax@goal=+0.48 w_v@goal=3.83 return=964.0 length=84 success_rate=1.00 collisions/ep=0.83 (n=24)
update=144 global_step=294912 SPS=567 w_ev=0.293 m_ev=0.983 m_v_bias=-4.4 m_adv_std=23.3331 m_kl_max=0.0241 m_ratio_max=1.209 w_ax@goal=+0.42 w_v@goal=3.70 return=982.7 length=86 success_rate=1.00 collisions/ep=0.46 (n=24)
update=145 global_step=296960 SPS=570 w_ev=0.250 m_ev=0.983 m_v_bias=-0.8 m_adv_std=24.0637 m_kl_max=0.0062 m_ratio_max=0.361 w_ax@goal=+0.43 w_v@goal=3.89 return=978.7 length=85 success_rate=1.00 collisions/ep=0.56 (n=25)
Evaluation at update 145: return=1011.75, length=78.75, success_rate=1.00, collisions/ep=0.00
Solved-check at update 145: solved=True worst_gap=1.70 at p_x0=0.00 p_y0=-1.00 (consecutive=3)
update=146 global_step=299008 SPS=565 w_ev=0.279 m_ev=0.944 m_v_bias=7.8 m_adv_std=44.6402 m_kl_max=0.0146 m_ratio_max=0.552 w_ax@goal=+0.34 w_v@goal=3.57 return=948.1 length=86 success_rate=1.00 collisions/ep=1.17 (n=24)
update=147 global_step=301056 SPS=567 w_ev=0.209 m_ev=0.975 m_v_bias=-5.0 m_adv_std=28.9623 m_kl_max=0.0166 m_ratio_max=0.963 w_ax@goal=+0.57 w_v@goal=3.82 return=963.3 length=85 success_rate=1.00 collisions/ep=0.92 (n=24)
update=148 global_step=303104 SPS=569 w_ev=0.212 m_ev=0.974 m_v_bias=2.0 m_adv_std=28.9649 m_kl_max=0.0078 m_ratio_max=0.413 w_ax@goal=+0.40 w_v@goal=3.80 return=972.6 length=85 success_rate=1.00 collisions/ep=0.71 (n=24)
update=149 global_step=305152 SPS=571 w_ev=0.161 m_ev=0.953 m_v_bias=4.0 m_adv_std=39.4864 m_kl_max=0.0080 m_ratio_max=0.476 w_ax@goal=+0.42 w_v@goal=4.05 return=974.5 length=83 success_rate=1.00 collisions/ep=0.62 (n=24)
update=150 global_step=307200 SPS=573 w_ev=0.236 m_ev=0.966 m_v_bias=2.0 m_adv_std=33.6070 m_kl_max=0.0081 m_ratio_max=0.554 w_ax@goal=+0.46 w_v@goal=3.81 return=955.0 length=85 success_rate=1.00 collisions/ep=1.00 (n=24)
Evaluation at update 150: return=1011.62, length=79.00, success_rate=1.00, collisions/ep=0.00
Solved-check at update 150: solved=True worst_gap=1.96 at p_x0=0.50 p_y0=-1.00 (consecutive=4)
update=151 global_step=309248 SPS=569 w_ev=0.239 m_ev=0.984 m_v_bias=-1.5 m_adv_std=22.4524 m_kl_max=0.0159 m_ratio_max=0.697 w_ax@goal=+0.25 w_v@goal=3.78 return=978.2 length=85 success_rate=1.00 collisions/ep=0.62 (n=24)
update=152 global_step=311296 SPS=571 w_ev=0.200 m_ev=0.993 m_v_bias=-7.4 m_adv_std=14.3427 m_kl_max=0.0295 m_ratio_max=0.941 w_ax@goal=+0.46 w_v@goal=3.98 return=998.2 length=85 success_rate=1.00 collisions/ep=0.21 (n=24)
update=153 global_step=313344 SPS=572 w_ev=0.203 m_ev=0.993 m_v_bias=-6.0 m_adv_std=14.3270 m_kl_max=0.0118 m_ratio_max=0.569 w_ax@goal=+0.31 w_v@goal=4.08 return=995.1 length=82 success_rate=1.00 collisions/ep=0.29 (n=24)
update=154 global_step=315392 SPS=574 w_ev=0.292 m_ev=0.990 m_v_bias=-2.3 m_adv_std=17.1000 m_kl_max=0.0221 m_ratio_max=1.396 w_ax@goal=+0.60 w_v@goal=3.83 return=998.3 length=84 success_rate=1.00 collisions/ep=0.21 (n=24)
update=155 global_step=317440 SPS=575 w_ev=0.278 m_ev=0.970 m_v_bias=12.2 m_adv_std=29.8990 m_kl_max=0.0076 m_ratio_max=0.566 w_ax@goal=+0.53 w_v@goal=3.67 return=972.3 length=84 success_rate=1.00 collisions/ep=0.72 (n=25)
Evaluation at update 155: return=1011.97, length=78.35, success_rate=1.00, collisions/ep=0.00
Solved-check at update 155: solved=True worst_gap=1.15 at p_x0=0.00 p_y0=-1.00 (consecutive=5)
update=156 global_step=319488 SPS=571 w_ev=0.306 m_ev=0.959 m_v_bias=9.2 m_adv_std=37.3252 m_kl_max=0.0169 m_ratio_max=0.660 w_ax@goal=+0.51 w_v@goal=3.55 return=955.5 length=88 success_rate=1.00 collisions/ep=1.04 (n=23)
update=157 global_step=321536 SPS=573 w_ev=0.226 m_ev=0.962 m_v_bias=-4.6 m_adv_std=35.1474 m_kl_max=0.0110 m_ratio_max=0.549 w_ax@goal=+0.68 w_v@goal=3.87 return=973.1 length=84 success_rate=1.00 collisions/ep=0.71 (n=24)
update=158 global_step=323584 SPS=575 w_ev=0.243 m_ev=0.970 m_v_bias=-3.5 m_adv_std=31.4105 m_kl_max=0.0279 m_ratio_max=0.690 w_ax@goal=+0.58 w_v@goal=4.16 return=988.6 length=84 success_rate=1.00 collisions/ep=0.44 (n=25)
update=159 global_step=325632 SPS=577 w_ev=0.252 m_ev=0.990 m_v_bias=-3.9 m_adv_std=17.3980 m_kl_max=0.0242 m_ratio_max=1.573 w_ax@goal=+0.43 w_v@goal=4.05 return=983.1 length=85 success_rate=1.00 collisions/ep=0.48 (n=25)
update=160 global_step=327680 SPS=578 w_ev=0.262 m_ev=0.978 m_v_bias=-1.5 m_adv_std=26.5564 m_kl_max=0.0137 m_ratio_max=0.851 w_ax@goal=+0.67 w_v@goal=3.95 return=989.5 length=87 success_rate=1.00 collisions/ep=0.36 (n=22)
Evaluation at update 160: return=1011.82, length=78.65, success_rate=1.00, collisions/ep=0.00
Solved-check at update 160: solved=False worst_gap=51.28 at p_x0=0.00 p_y0=1.00 (consecutive=6)
update=161 global_step=329728 SPS=575 w_ev=0.345 m_ev=0.982 m_v_bias=-0.9 m_adv_std=22.9692 m_kl_max=0.0213 m_ratio_max=1.290 w_ax@goal=+0.71 w_v@goal=3.78 return=985.1 length=85 success_rate=1.00 collisions/ep=0.44 (n=25)
update=162 global_step=331776 SPS=577 w_ev=0.244 m_ev=0.975 m_v_bias=2.8 m_adv_std=27.9346 m_kl_max=0.0135 m_ratio_max=0.592 w_ax@goal=+0.70 w_v@goal=3.86 return=979.4 length=87 success_rate=1.00 collisions/ep=0.61 (n=23)
update=163 global_step=333824 SPS=578 w_ev=0.260 m_ev=0.990 m_v_bias=-4.8 m_adv_std=17.5143 m_kl_max=0.0271 m_ratio_max=0.770 w_ax@goal=+0.85 w_v@goal=3.88 return=980.4 length=84 success_rate=1.00 collisions/ep=0.54 (n=24)
update=164 global_step=335872 SPS=580 w_ev=0.291 m_ev=0.986 m_v_bias=1.1 m_adv_std=20.9543 m_kl_max=0.0149 m_ratio_max=0.596 w_ax@goal=+0.73 w_v@goal=3.75 return=987.2 length=83 success_rate=1.00 collisions/ep=0.48 (n=25)
update=165 global_step=337920 SPS=582 w_ev=0.322 m_ev=0.970 m_v_bias=4.5 m_adv_std=30.7389 m_kl_max=0.0323 m_ratio_max=1.039 w_ax@goal=+0.54 w_v@goal=3.63 return=994.0 length=87 success_rate=1.00 collisions/ep=0.28 (n=25)
Evaluation at update 165: return=1011.20, length=79.15, success_rate=1.00, collisions/ep=0.00
Solved-check at update 165: solved=True worst_gap=2.69 at p_x0=0.00 p_y0=-1.00 (consecutive=0)
update=166 global_step=339968 SPS=578 w_ev=0.343 m_ev=0.980 m_v_bias=5.6 m_adv_std=25.4634 m_kl_max=0.0186 m_ratio_max=0.686 w_ax@goal=+0.64 w_v@goal=3.52 return=985.1 length=86 success_rate=1.00 collisions/ep=0.42 (n=24)
update=167 global_step=342016 SPS=579 w_ev=0.322 m_ev=0.957 m_v_bias=2.0 m_adv_std=36.6377 m_kl_max=0.0369 m_ratio_max=0.782 w_ax@goal=+0.55 w_v@goal=3.48 return=971.5 length=82 success_rate=1.00 collisions/ep=0.71 (n=24)
update=168 global_step=344064 SPS=581 w_ev=0.253 m_ev=0.956 m_v_bias=2.4 m_adv_std=38.3711 m_kl_max=0.0137 m_ratio_max=0.792 w_ax@goal=+0.62 w_v@goal=3.85 return=991.4 length=84 success_rate=1.00 collisions/ep=0.30 (n=23)
update=169 global_step=346112 SPS=582 w_ev=0.287 m_ev=0.986 m_v_bias=1.0 m_adv_std=21.6464 m_kl_max=0.0112 m_ratio_max=0.755 w_ax@goal=+0.53 w_v@goal=3.80 return=971.4 length=85 success_rate=1.00 collisions/ep=0.72 (n=25)
update=170 global_step=348160 SPS=584 w_ev=0.368 m_ev=0.982 m_v_bias=-1.5 m_adv_std=24.1277 m_kl_max=0.0185 m_ratio_max=0.997 w_ax@goal=+0.64 w_v@goal=3.56 return=977.1 length=82 success_rate=1.00 collisions/ep=0.60 (n=25)
Evaluation at update 170: return=1011.13, length=79.15, success_rate=1.00, collisions/ep=0.00
Solved-check at update 170: solved=False worst_gap=51.86 at p_x0=0.00 p_y0=1.00 (consecutive=1)
update=171 global_step=350208 SPS=580 w_ev=0.325 m_ev=0.964 m_v_bias=6.3 m_adv_std=34.7440 m_kl_max=0.0121 m_ratio_max=0.429 w_ax@goal=+0.61 w_v@goal=3.73 return=967.4 length=86 success_rate=1.00 collisions/ep=0.80 (n=25)
update=172 global_step=352256 SPS=582 w_ev=0.324 m_ev=0.971 m_v_bias=-5.4 m_adv_std=29.7409 m_kl_max=0.0122 m_ratio_max=0.589 w_ax@goal=+0.63 w_v@goal=3.51 return=967.2 length=84 success_rate=1.00 collisions/ep=0.88 (n=24)
update=173 global_step=354304 SPS=583 w_ev=0.210 m_ev=0.975 m_v_bias=-1.6 m_adv_std=28.7585 m_kl_max=0.0185 m_ratio_max=0.975 w_ax@goal=+0.79 w_v@goal=3.88 return=981.5 length=84 success_rate=1.00 collisions/ep=0.52 (n=23)
update=174 global_step=356352 SPS=585 w_ev=0.225 m_ev=0.976 m_v_bias=1.2 m_adv_std=27.1806 m_kl_max=0.0130 m_ratio_max=0.482 w_ax@goal=+0.70 w_v@goal=3.98 return=973.2 length=83 success_rate=1.00 collisions/ep=0.68 (n=25)
update=175 global_step=358400 SPS=587 w_ev=0.226 m_ev=0.980 m_v_bias=-6.3 m_adv_std=23.9052 m_kl_max=0.0194 m_ratio_max=0.860 w_ax@goal=+0.75 w_v@goal=4.06 return=994.0 length=83 success_rate=1.00 collisions/ep=0.33 (n=24)
Evaluation at update 175: return=1011.65, length=78.80, success_rate=1.00, collisions/ep=0.00
Solved-check at update 175: solved=True worst_gap=2.13 at p_x0=0.00 p_y0=-1.00 (consecutive=0)
update=176 global_step=360448 SPS=583 w_ev=0.300 m_ev=0.981 m_v_bias=4.6 m_adv_std=24.7645 m_kl_max=0.0160 m_ratio_max=0.660 w_ax@goal=+0.81 w_v@goal=3.60 return=973.3 length=83 success_rate=1.00 collisions/ep=0.70 (n=27)
update=177 global_step=362496 SPS=584 w_ev=0.210 m_ev=0.944 m_v_bias=-1.7 m_adv_std=43.5867 m_kl_max=0.0084 m_ratio_max=0.447 w_ax@goal=+0.70 w_v@goal=4.02 return=974.4 length=84 success_rate=1.00 collisions/ep=0.67 (n=24)
update=178 global_step=364544 SPS=586 w_ev=0.238 m_ev=0.968 m_v_bias=-2.2 m_adv_std=31.0390 m_kl_max=0.0188 m_ratio_max=0.717 w_ax@goal=+0.66 w_v@goal=4.06 return=985.7 length=85 success_rate=1.00 collisions/ep=0.48 (n=25)
update=179 global_step=366592 SPS=587 w_ev=0.275 m_ev=0.987 m_v_bias=-6.4 m_adv_std=20.0064 m_kl_max=0.0182 m_ratio_max=0.607 w_ax@goal=+0.84 w_v@goal=3.94 return=993.8 length=85 success_rate=1.00 collisions/ep=0.27 (n=22)
update=180 global_step=368640 SPS=589 w_ev=0.286 m_ev=0.986 m_v_bias=-0.6 m_adv_std=20.2065 m_kl_max=0.0134 m_ratio_max=0.557 w_ax@goal=+0.62 w_v@goal=4.02 return=985.9 length=83 success_rate=1.00 collisions/ep=0.48 (n=25)
Evaluation at update 180: return=1011.45, length=79.05, success_rate=1.00, collisions/ep=0.00
Solved-check at update 180: solved=False worst_gap=51.53 at p_x0=0.00 p_y0=1.00 (consecutive=1)
update=181 global_step=370688 SPS=585 w_ev=0.213 m_ev=0.955 m_v_bias=2.0 m_adv_std=38.1121 m_kl_max=0.0202 m_ratio_max=0.860 w_ax@goal=+0.58 w_v@goal=4.19 return=991.6 length=84 success_rate=1.00 collisions/ep=0.30 (n=23)
update=182 global_step=372736 SPS=586 w_ev=0.252 m_ev=0.968 m_v_bias=0.6 m_adv_std=33.1505 m_kl_max=0.0213 m_ratio_max=0.641 w_ax@goal=+0.45 w_v@goal=4.17 return=954.8 length=86 success_rate=1.00 collisions/ep=1.08 (n=24)
update=183 global_step=374784 SPS=588 w_ev=0.187 m_ev=0.978 m_v_bias=-2.3 m_adv_std=26.2601 m_kl_max=0.0193 m_ratio_max=0.960 w_ax@goal=+0.37 w_v@goal=4.42 return=985.3 length=86 success_rate=1.00 collisions/ep=0.44 (n=25)
update=184 global_step=376832 SPS=589 w_ev=0.262 m_ev=0.965 m_v_bias=2.9 m_adv_std=33.7090 m_kl_max=0.0184 m_ratio_max=0.692 w_ax@goal=+0.61 w_v@goal=4.00 return=964.1 length=83 success_rate=1.00 collisions/ep=0.88 (n=24)
update=185 global_step=378880 SPS=591 w_ev=0.264 m_ev=0.975 m_v_bias=-2.9 m_adv_std=28.4569 m_kl_max=0.0120 m_ratio_max=0.536 w_ax@goal=+0.48 w_v@goal=4.29 return=969.8 length=81 success_rate=1.00 collisions/ep=0.77 (n=26)
Evaluation at update 185: return=1011.77, length=78.45, success_rate=1.00, collisions/ep=0.00
Solved-check at update 185: solved=True worst_gap=1.49 at p_x0=0.00 p_y0=-1.00 (consecutive=0)
update=186 global_step=380928 SPS=587 w_ev=0.278 m_ev=0.974 m_v_bias=4.0 m_adv_std=28.7492 m_kl_max=0.0250 m_ratio_max=0.774 w_ax@goal=+0.70 w_v@goal=3.97 return=960.3 length=84 success_rate=1.00 collisions/ep=1.00 (n=23)
update=187 global_step=382976 SPS=589 w_ev=0.304 m_ev=0.978 m_v_bias=-11.1 m_adv_std=26.9181 m_kl_max=0.0107 m_ratio_max=0.455 w_ax@goal=+0.45 w_v@goal=3.98 return=982.0 length=83 success_rate=1.00 collisions/ep=0.52 (n=27)
update=188 global_step=385024 SPS=590 w_ev=0.251 m_ev=0.985 m_v_bias=0.2 m_adv_std=21.9382 m_kl_max=0.0257 m_ratio_max=1.471 w_ax@goal=+0.58 w_v@goal=3.88 return=971.4 length=84 success_rate=1.00 collisions/ep=0.75 (n=24)
update=189 global_step=387072 SPS=592 w_ev=0.210 m_ev=0.981 m_v_bias=-0.9 m_adv_std=24.8080 m_kl_max=0.0101 m_ratio_max=0.744 w_ax@goal=+0.57 w_v@goal=4.12 return=977.9 length=82 success_rate=1.00 collisions/ep=0.62 (n=24)
update=190 global_step=389120 SPS=593 w_ev=0.338 m_ev=0.981 m_v_bias=0.5 m_adv_std=24.3438 m_kl_max=0.0240 m_ratio_max=0.616 w_ax@goal=+0.78 w_v@goal=3.58 return=978.0 length=84 success_rate=1.00 collisions/ep=0.64 (n=25)
Evaluation at update 190: return=1012.13, length=78.25, success_rate=1.00, collisions/ep=0.00
Solved-check at update 190: solved=True worst_gap=0.98 at p_x0=0.50 p_y0=1.00 (consecutive=1)
update=191 global_step=391168 SPS=590 w_ev=0.354 m_ev=0.987 m_v_bias=-0.1 m_adv_std=19.7773 m_kl_max=0.0121 m_ratio_max=0.743 w_ax@goal=+0.67 w_v@goal=3.61 return=984.4 length=82 success_rate=1.00 collisions/ep=0.50 (n=24)
update=192 global_step=393216 SPS=591 w_ev=0.251 m_ev=0.987 m_v_bias=-5.0 m_adv_std=19.1094 m_kl_max=0.0238 m_ratio_max=0.707 w_ax@goal=+0.72 w_v@goal=3.99 return=989.8 length=81 success_rate=1.00 collisions/ep=0.40 (n=25)
update=193 global_step=395264 SPS=593 w_ev=0.292 m_ev=0.975 m_v_bias=7.3 m_adv_std=27.5150 m_kl_max=0.0046 m_ratio_max=0.322 w_ax@goal=+0.87 w_v@goal=3.85 return=986.8 length=83 success_rate=1.00 collisions/ep=0.46 (n=24)
update=194 global_step=397312 SPS=594 w_ev=0.269 m_ev=0.992 m_v_bias=-2.4 m_adv_std=15.4149 m_kl_max=0.0149 m_ratio_max=0.587 w_ax@goal=+0.42 w_v@goal=3.94 return=999.1 length=84 success_rate=1.00 collisions/ep=0.20 (n=25)
update=195 global_step=399360 SPS=595 w_ev=0.233 m_ev=0.992 m_v_bias=0.7 m_adv_std=14.9893 m_kl_max=0.0401 m_ratio_max=1.815 w_ax@goal=+0.54 w_v@goal=4.06 return=996.8 length=84 success_rate=1.00 collisions/ep=0.24 (n=25)
Evaluation at update 195: return=1011.96, length=78.35, success_rate=1.00, collisions/ep=0.00
Solved-check at update 195: solved=True worst_gap=1.22 at p_x0=0.00 p_y0=-1.00 (consecutive=2)
update=196 global_step=401408 SPS=592 w_ev=0.315 m_ev=0.993 m_v_bias=-3.7 m_adv_std=14.4500 m_kl_max=0.0134 m_ratio_max=0.742 w_ax@goal=+0.74 w_v@goal=3.64 return=1001.0 length=82 success_rate=1.00 collisions/ep=0.15 (n=26)
update=197 global_step=403456 SPS=593 w_ev=0.334 m_ev=0.987 m_v_bias=7.0 m_adv_std=19.6259 m_kl_max=0.0140 m_ratio_max=0.768 w_ax@goal=+0.57 w_v@goal=3.83 return=989.7 length=82 success_rate=1.00 collisions/ep=0.38 (n=24)
update=198 global_step=405504 SPS=595 w_ev=0.286 m_ev=0.989 m_v_bias=-3.1 m_adv_std=18.0066 m_kl_max=0.0053 m_ratio_max=0.335 w_ax@goal=+0.60 w_v@goal=3.62 return=990.9 length=82 success_rate=1.00 collisions/ep=0.36 (n=25)
update=199 global_step=407552 SPS=596 w_ev=0.246 m_ev=0.981 m_v_bias=2.8 m_adv_std=24.0047 m_kl_max=0.0104 m_ratio_max=0.447 w_ax@goal=+0.73 w_v@goal=3.84 return=990.4 length=84 success_rate=1.00 collisions/ep=0.38 (n=24)
update=200 global_step=409600 SPS=597 w_ev=0.235 m_ev=0.985 m_v_bias=-1.3 m_adv_std=21.6065 m_kl_max=0.0131 m_ratio_max=0.721 w_ax@goal=+0.65 w_v@goal=3.90 return=995.0 length=82 success_rate=1.00 collisions/ep=0.27 (n=26)
Evaluation at update 200: return=1012.13, length=78.20, success_rate=1.00, collisions/ep=0.00
Solved-check at update 200: solved=True worst_gap=1.01 at p_x0=0.00 p_y0=-0.50 (consecutive=3)
update=201 global_step=411648 SPS=594 w_ev=0.230 m_ev=0.994 m_v_bias=-1.9 m_adv_std=13.0492 m_kl_max=0.0154 m_ratio_max=0.668 w_ax@goal=+0.55 w_v@goal=3.97 return=999.7 length=83 success_rate=1.00 collisions/ep=0.16 (n=25)
update=202 global_step=413696 SPS=595 w_ev=0.288 m_ev=0.990 m_v_bias=6.0 m_adv_std=17.1439 m_kl_max=0.0051 m_ratio_max=0.392 w_ax@goal=+0.45 w_v@goal=3.55 return=985.2 length=86 success_rate=1.00 collisions/ep=0.48 (n=23)
update=203 global_step=415744 SPS=597 w_ev=0.253 m_ev=0.991 m_v_bias=-0.9 m_adv_std=16.7564 m_kl_max=0.0078 m_ratio_max=0.385 w_ax@goal=+0.82 w_v@goal=3.78 return=988.6 length=83 success_rate=1.00 collisions/ep=0.40 (n=25)
update=204 global_step=417792 SPS=598 w_ev=0.246 m_ev=0.991 m_v_bias=-0.1 m_adv_std=16.5821 m_kl_max=0.0060 m_ratio_max=0.390 w_ax@goal=+0.43 w_v@goal=3.89 return=998.0 length=84 success_rate=1.00 collisions/ep=0.20 (n=25)
update=205 global_step=419840 SPS=599 w_ev=0.267 m_ev=0.983 m_v_bias=2.5 m_adv_std=22.2588 m_kl_max=0.0074 m_ratio_max=0.380 w_ax@goal=+0.52 w_v@goal=3.70 return=989.2 length=84 success_rate=1.00 collisions/ep=0.38 (n=24)
Evaluation at update 205: return=1011.66, length=78.60, success_rate=1.00, collisions/ep=0.00
Solved-check at update 205: solved=True worst_gap=1.83 at p_x0=0.00 p_y0=-1.00 (consecutive=4)
update=206 global_step=421888 SPS=596 w_ev=0.239 m_ev=0.983 m_v_bias=-2.9 m_adv_std=22.7370 m_kl_max=0.0248 m_ratio_max=0.958 w_ax@goal=+0.62 w_v@goal=3.75 return=992.8 length=83 success_rate=1.00 collisions/ep=0.29 (n=24)
update=207 global_step=423936 SPS=597 w_ev=0.195 m_ev=0.990 m_v_bias=0.8 m_adv_std=17.7499 m_kl_max=0.0166 m_ratio_max=0.542 w_ax@goal=+0.40 w_v@goal=3.76 return=996.0 length=87 success_rate=1.00 collisions/ep=0.20 (n=25)
update=208 global_step=425984 SPS=599 w_ev=0.288 m_ev=0.990 m_v_bias=5.1 m_adv_std=17.8660 m_kl_max=0.0098 m_ratio_max=0.630 w_ax@goal=+0.40 w_v@goal=3.65 return=991.6 length=85 success_rate=1.00 collisions/ep=0.29 (n=24)
update=209 global_step=428032 SPS=600 w_ev=0.260 m_ev=0.993 m_v_bias=1.3 m_adv_std=14.3434 m_kl_max=0.0204 m_ratio_max=0.971 w_ax@goal=+0.37 w_v@goal=3.76 return=993.0 length=87 success_rate=1.00 collisions/ep=0.25 (n=24)
update=210 global_step=430080 SPS=601 w_ev=0.226 m_ev=0.970 m_v_bias=2.8 m_adv_std=31.8543 m_kl_max=0.0168 m_ratio_max=1.439 w_ax@goal=+0.42 w_v@goal=3.76 return=979.0 length=85 success_rate=1.00 collisions/ep=0.54 (n=24)
Evaluation at update 210: return=1010.26, length=80.15, success_rate=1.00, collisions/ep=0.00
Solved-check at update 210: solved=True worst_gap=3.83 at p_x0=0.00 p_y0=-1.00 (consecutive=5)
update=211 global_step=432128 SPS=598 w_ev=0.204 m_ev=0.976 m_v_bias=1.7 m_adv_std=27.5781 m_kl_max=0.0119 m_ratio_max=0.651 w_ax@goal=+0.44 w_v@goal=3.87 return=986.2 length=86 success_rate=1.00 collisions/ep=0.39 (n=23)
update=212 global_step=434176 SPS=599 w_ev=0.130 m_ev=0.982 m_v_bias=0.7 m_adv_std=24.2086 m_kl_max=0.0155 m_ratio_max=0.613 w_ax@goal=+0.25 w_v@goal=4.10 return=988.7 length=86 success_rate=1.00 collisions/ep=0.33 (n=24)
update=213 global_step=436224 SPS=600 w_ev=0.216 m_ev=0.990 m_v_bias=-4.9 m_adv_std=17.1029 m_kl_max=0.0122 m_ratio_max=0.473 w_ax@goal=+0.26 w_v@goal=4.01 return=994.6 length=86 success_rate=1.00 collisions/ep=0.22 (n=23)
update=214 global_step=438272 SPS=602 w_ev=0.137 m_ev=0.974 m_v_bias=8.7 m_adv_std=29.4033 m_kl_max=0.0126 m_ratio_max=0.483 w_ax@goal=+0.34 w_v@goal=3.98 return=977.1 length=87 success_rate=1.00 collisions/ep=0.57 (n=23)
update=215 global_step=440320 SPS=603 w_ev=0.155 m_ev=0.984 m_v_bias=-1.1 m_adv_std=22.9718 m_kl_max=0.0075 m_ratio_max=0.351 w_ax@goal=+0.40 w_v@goal=4.25 return=979.0 length=88 success_rate=1.00 collisions/ep=0.52 (n=23)
Evaluation at update 215: return=1010.86, length=79.45, success_rate=1.00, collisions/ep=0.00
Solved-check at update 215: solved=True worst_gap=2.49 at p_x0=0.00 p_y0=-0.50 (consecutive=6)
update=216 global_step=442368 SPS=599 w_ev=0.265 m_ev=0.987 m_v_bias=2.2 m_adv_std=20.6065 m_kl_max=0.0254 m_ratio_max=0.585 w_ax@goal=+0.43 w_v@goal=3.94 return=980.1 length=88 success_rate=1.00 collisions/ep=0.54 (n=24)
update=217 global_step=444416 SPS=601 w_ev=0.177 m_ev=0.986 m_v_bias=-0.6 m_adv_std=21.3342 m_kl_max=0.0157 m_ratio_max=0.695 w_ax@goal=+0.19 w_v@goal=4.14 return=987.3 length=87 success_rate=1.00 collisions/ep=0.33 (n=24)
update=218 global_step=446464 SPS=602 w_ev=0.252 m_ev=0.983 m_v_bias=5.0 m_adv_std=24.0580 m_kl_max=0.0099 m_ratio_max=0.492 w_ax@goal=+0.26 w_v@goal=3.80 return=984.0 length=89 success_rate=1.00 collisions/ep=0.39 (n=23)
update=219 global_step=448512 SPS=603 w_ev=0.223 m_ev=0.987 m_v_bias=-3.3 m_adv_std=21.0126 m_kl_max=0.0158 m_ratio_max=0.837 w_ax@goal=+0.31 w_v@goal=3.94 return=982.2 length=89 success_rate=1.00 collisions/ep=0.46 (n=24)
update=220 global_step=450560 SPS=604 w_ev=0.256 m_ev=0.975 m_v_bias=-3.0 m_adv_std=28.5780 m_kl_max=0.0243 m_ratio_max=2.102 w_ax@goal=+0.35 w_v@goal=3.70 return=990.5 length=88 success_rate=1.00 collisions/ep=0.30 (n=23)
Evaluation at update 220: return=1010.79, length=79.50, success_rate=1.00, collisions/ep=0.00
Solved-check at update 220: solved=True worst_gap=2.46 at p_x0=0.00 p_y0=0.00 (consecutive=7)
update=221 global_step=452608 SPS=601 w_ev=0.243 m_ev=0.990 m_v_bias=0.1 m_adv_std=18.5012 m_kl_max=0.0101 m_ratio_max=0.522 w_ax@goal=+0.39 w_v@goal=3.64 return=989.5 length=88 success_rate=1.00 collisions/ep=0.32 (n=22)
update=222 global_step=454656 SPS=602 w_ev=0.216 m_ev=0.989 m_v_bias=5.9 m_adv_std=18.6259 m_kl_max=0.0284 m_ratio_max=1.493 w_ax@goal=+0.25 w_v@goal=3.87 return=986.0 length=87 success_rate=1.00 collisions/ep=0.35 (n=23)
update=223 global_step=456704 SPS=603 w_ev=0.142 m_ev=0.995 m_v_bias=-3.1 m_adv_std=13.1773 m_kl_max=0.0051 m_ratio_max=0.422 w_ax@goal=+0.15 w_v@goal=3.98 return=997.1 length=88 success_rate=1.00 collisions/ep=0.12 (n=25)
update=224 global_step=458752 SPS=605 w_ev=0.160 m_ev=0.984 m_v_bias=0.1 m_adv_std=22.8532 m_kl_max=0.0092 m_ratio_max=0.575 w_ax@goal=+0.44 w_v@goal=3.89 return=980.0 length=87 success_rate=1.00 collisions/ep=0.50 (n=24)
update=225 global_step=460800 SPS=606 w_ev=0.232 m_ev=0.984 m_v_bias=-1.5 m_adv_std=22.4755 m_kl_max=0.0203 m_ratio_max=0.918 w_ax@goal=+0.24 w_v@goal=3.69 return=991.8 length=88 success_rate=1.00 collisions/ep=0.26 (n=23)
Evaluation at update 225: return=1010.89, length=79.55, success_rate=1.00, collisions/ep=0.00
Solved-check at update 225: solved=True worst_gap=2.70 at p_x0=0.00 p_y0=-1.00 (consecutive=8)
update=226 global_step=462848 SPS=602 w_ev=0.192 m_ev=0.988 m_v_bias=3.7 m_adv_std=19.6078 m_kl_max=0.0145 m_ratio_max=0.849 w_ax@goal=+0.35 w_v@goal=3.89 return=983.7 length=86 success_rate=1.00 collisions/ep=0.42 (n=24)
update=227 global_step=464896 SPS=604 w_ev=0.238 m_ev=0.963 m_v_bias=4.7 m_adv_std=35.8569 m_kl_max=0.0100 m_ratio_max=0.565 w_ax@goal=+0.23 w_v@goal=3.69 return=977.5 length=87 success_rate=1.00 collisions/ep=0.54 (n=24)
update=228 global_step=466944 SPS=605 w_ev=0.215 m_ev=0.991 m_v_bias=-7.3 m_adv_std=16.2511 m_kl_max=0.0117 m_ratio_max=1.218 w_ax@goal=+0.34 w_v@goal=3.75 return=995.8 length=86 success_rate=1.00 collisions/ep=0.18 (n=22)
update=229 global_step=468992 SPS=606 w_ev=0.133 m_ev=0.988 m_v_bias=0.5 m_adv_std=19.2913 m_kl_max=0.0131 m_ratio_max=0.543 w_ax@goal=+0.26 w_v@goal=3.94 return=989.5 length=86 success_rate=1.00 collisions/ep=0.30 (n=23)
update=230 global_step=471040 SPS=607 w_ev=0.204 m_ev=0.958 m_v_bias=14.2 m_adv_std=38.5281 m_kl_max=0.0175 m_ratio_max=0.807 w_ax@goal=+0.33 w_v@goal=3.83 return=965.3 length=88 success_rate=1.00 collisions/ep=0.75 (n=24)
Evaluation at update 230: return=1010.09, length=80.40, success_rate=1.00, collisions/ep=0.00
Solved-check at update 230: solved=True worst_gap=3.62 at p_x0=0.00 p_y0=-1.00 (consecutive=9)
update=231 global_step=473088 SPS=604 w_ev=0.186 m_ev=0.982 m_v_bias=-10.1 m_adv_std=24.0896 m_kl_max=0.0078 m_ratio_max=0.514 w_ax@goal=+0.29 w_v@goal=3.78 return=989.2 length=87 success_rate=1.00 collisions/ep=0.30 (n=23)
update=232 global_step=475136 SPS=605 w_ev=0.193 m_ev=0.978 m_v_bias=-4.5 m_adv_std=26.9197 m_kl_max=0.0138 m_ratio_max=0.764 w_ax@goal=+0.22 w_v@goal=3.86 return=978.0 length=86 success_rate=1.00 collisions/ep=0.54 (n=24)
update=233 global_step=477184 SPS=606 w_ev=0.203 m_ev=0.962 m_v_bias=1.3 m_adv_std=34.8593 m_kl_max=0.0154 m_ratio_max=0.567 w_ax@goal=+0.49 w_v@goal=3.51 return=986.3 length=85 success_rate=1.00 collisions/ep=0.38 (n=24)
update=234 global_step=479232 SPS=607 w_ev=0.209 m_ev=0.991 m_v_bias=-3.9 m_adv_std=16.5693 m_kl_max=0.0179 m_ratio_max=1.072 w_ax@goal=+0.19 w_v@goal=4.01 return=988.1 length=87 success_rate=1.00 collisions/ep=0.35 (n=23)
update=235 global_step=481280 SPS=609 w_ev=0.231 m_ev=0.985 m_v_bias=2.8 m_adv_std=21.5968 m_kl_max=0.0124 m_ratio_max=1.204 w_ax@goal=+0.25 w_v@goal=3.91 return=984.6 length=84 success_rate=1.00 collisions/ep=0.46 (n=26)
Evaluation at update 235: return=1010.94, length=79.45, success_rate=1.00, collisions/ep=0.00
Solved-check at update 235: solved=True worst_gap=3.03 at p_x0=0.00 p_y0=-1.00 (consecutive=10)
update=236 global_step=483328 SPS=605 w_ev=0.253 m_ev=0.983 m_v_bias=-6.2 m_adv_std=23.2519 m_kl_max=0.0178 m_ratio_max=0.866 w_ax@goal=+0.26 w_v@goal=3.85 return=990.4 length=85 success_rate=1.00 collisions/ep=0.32 (n=25)
update=237 global_step=485376 SPS=607 w_ev=0.279 m_ev=0.993 m_v_bias=-2.9 m_adv_std=14.0904 m_kl_max=0.0159 m_ratio_max=0.666 w_ax@goal=+0.37 w_v@goal=3.73 return=992.5 length=86 success_rate=1.00 collisions/ep=0.27 (n=22)
update=238 global_step=487424 SPS=608 w_ev=0.262 m_ev=0.993 m_v_bias=1.8 m_adv_std=15.3261 m_kl_max=0.0117 m_ratio_max=1.028 w_ax@goal=+0.28 w_v@goal=3.92 return=993.0 length=85 success_rate=1.00 collisions/ep=0.27 (n=26)
update=239 global_step=489472 SPS=609 w_ev=0.215 m_ev=0.982 m_v_bias=1.6 m_adv_std=24.0870 m_kl_max=0.0221 m_ratio_max=0.829 w_ax@goal=+0.31 w_v@goal=3.93 return=986.6 length=86 success_rate=1.00 collisions/ep=0.46 (n=24)
update=240 global_step=491520 SPS=610 w_ev=0.245 m_ev=0.992 m_v_bias=-7.9 m_adv_std=15.5644 m_kl_max=0.0065 m_ratio_max=0.401 w_ax@goal=+0.42 w_v@goal=4.01 return=999.3 length=85 success_rate=1.00 collisions/ep=0.17 (n=24)
Evaluation at update 240: return=1011.54, length=78.80, success_rate=1.00, collisions/ep=0.00
Solved-check at update 240: solved=True worst_gap=2.28 at p_x0=0.00 p_y0=-1.00 (consecutive=11)
update=241 global_step=493568 SPS=607 w_ev=0.270 m_ev=0.963 m_v_bias=3.6 m_adv_std=34.7728 m_kl_max=0.0099 m_ratio_max=0.413 w_ax@goal=+0.38 w_v@goal=3.84 return=975.4 length=84 success_rate=1.00 collisions/ep=0.65 (n=23)
update=242 global_step=495616 SPS=608 w_ev=0.236 m_ev=0.987 m_v_bias=-5.4 m_adv_std=19.8000 m_kl_max=0.0084 m_ratio_max=0.423 w_ax@goal=+0.43 w_v@goal=3.98 return=988.0 length=83 success_rate=1.00 collisions/ep=0.40 (n=25)
update=243 global_step=497664 SPS=609 w_ev=0.267 m_ev=0.990 m_v_bias=-0.9 m_adv_std=17.2784 m_kl_max=0.0139 m_ratio_max=0.654 w_ax@goal=+0.46 w_v@goal=3.65 return=996.0 length=83 success_rate=1.00 collisions/ep=0.25 (n=24)
update=244 global_step=499712 SPS=610 w_ev=0.296 m_ev=0.982 m_v_bias=3.8 m_adv_std=23.8476 m_kl_max=0.0252 m_ratio_max=0.810 w_ax@goal=+0.62 w_v@goal=3.84 return=969.5 length=84 success_rate=1.00 collisions/ep=0.83 (n=24)
update=245 global_step=501760 SPS=611 w_ev=0.232 m_ev=0.988 m_v_bias=-4.5 m_adv_std=18.8058 m_kl_max=0.0149 m_ratio_max=0.653 w_ax@goal=+0.51 w_v@goal=4.05 return=998.8 length=83 success_rate=1.00 collisions/ep=0.21 (n=24)
Evaluation at update 245: return=1011.99, length=78.40, success_rate=1.00, collisions/ep=0.00
Solved-check at update 245: solved=True worst_gap=1.76 at p_x0=0.00 p_y0=-1.00 (consecutive=12)
update=246 global_step=503808 SPS=608 w_ev=0.185 m_ev=0.910 m_v_bias=13.7 m_adv_std=57.2717 m_kl_max=0.0398 m_ratio_max=2.272 w_ax@goal=+0.68 w_v@goal=3.89 return=963.8 length=83 success_rate=1.00 collisions/ep=0.92 (n=26)
update=247 global_step=505856 SPS=609 w_ev=0.211 m_ev=0.980 m_v_bias=-14.9 m_adv_std=23.8330 m_kl_max=0.0103 m_ratio_max=0.511 w_ax@goal=+0.61 w_v@goal=3.79 return=976.4 length=83 success_rate=1.00 collisions/ep=0.67 (n=24)
update=248 global_step=507904 SPS=610 w_ev=0.207 m_ev=0.978 m_v_bias=-0.6 m_adv_std=26.8482 m_kl_max=0.0102 m_ratio_max=0.670 w_ax@goal=+0.55 w_v@goal=4.01 return=988.7 length=83 success_rate=1.00 collisions/ep=0.42 (n=24)
update=249 global_step=509952 SPS=612 w_ev=0.225 m_ev=0.965 m_v_bias=7.5 m_adv_std=33.3382 m_kl_max=0.0159 m_ratio_max=0.566 w_ax@goal=+0.52 w_v@goal=3.67 return=967.3 length=82 success_rate=1.00 collisions/ep=0.84 (n=25)
update=250 global_step=512000 SPS=613 w_ev=0.267 m_ev=0.968 m_v_bias=-0.5 m_adv_std=32.3804 m_kl_max=0.0317 m_ratio_max=0.573 w_ax@goal=+0.58 w_v@goal=3.80 return=978.2 length=81 success_rate=1.00 collisions/ep=0.63 (n=27)
Evaluation at update 250: return=1012.18, length=78.20, success_rate=1.00, collisions/ep=0.00
Solved-check at update 250: solved=True worst_gap=1.19 at p_x0=0.00 p_y0=-1.00 (consecutive=13)
update=251 global_step=514048 SPS=610 w_ev=0.264 m_ev=0.985 m_v_bias=-3.5 m_adv_std=21.4082 m_kl_max=0.0108 m_ratio_max=0.544 w_ax@goal=+0.62 w_v@goal=3.44 return=984.7 length=84 success_rate=1.00 collisions/ep=0.50 (n=24)
update=252 global_step=516096 SPS=611 w_ev=0.285 m_ev=0.982 m_v_bias=3.6 m_adv_std=23.4922 m_kl_max=0.0176 m_ratio_max=1.265 w_ax@goal=+0.43 w_v@goal=3.71 return=981.3 length=83 success_rate=1.00 collisions/ep=0.56 (n=25)
update=253 global_step=518144 SPS=612 w_ev=0.240 m_ev=0.990 m_v_bias=-4.4 m_adv_std=17.3498 m_kl_max=0.0320 m_ratio_max=1.232 w_ax@goal=+0.57 w_v@goal=4.08 return=984.5 length=82 success_rate=1.00 collisions/ep=0.50 (n=26)
update=254 global_step=520192 SPS=613 w_ev=0.257 m_ev=0.987 m_v_bias=3.7 m_adv_std=19.3873 m_kl_max=0.0223 m_ratio_max=0.686 w_ax@goal=+0.47 w_v@goal=3.75 return=979.8 length=82 success_rate=1.00 collisions/ep=0.58 (n=24)
update=255 global_step=522240 SPS=614 w_ev=0.205 m_ev=0.946 m_v_bias=4.1 m_adv_std=41.7792 m_kl_max=0.0038 m_ratio_max=0.357 w_ax@goal=+0.56 w_v@goal=3.80 return=966.0 length=82 success_rate=1.00 collisions/ep=0.88 (n=24)
Evaluation at update 255: return=1012.31, length=78.20, success_rate=1.00, collisions/ep=0.00
Solved-check at update 255: solved=True worst_gap=1.04 at p_x0=0.00 p_y0=-1.00 (consecutive=14)
update=256 global_step=524288 SPS=611 w_ev=0.285 m_ev=0.991 m_v_bias=-7.9 m_adv_std=16.0868 m_kl_max=0.0175 m_ratio_max=0.666 w_ax@goal=+0.66 w_v@goal=3.87 return=989.3 length=82 success_rate=1.00 collisions/ep=0.42 (n=24)
update=257 global_step=526336 SPS=613 w_ev=0.334 m_ev=0.988 m_v_bias=3.3 m_adv_std=19.2057 m_kl_max=0.0050 m_ratio_max=0.504 w_ax@goal=+0.80 w_v@goal=3.54 return=977.3 length=81 success_rate=1.00 collisions/ep=0.65 (n=26)
update=258 global_step=528384 SPS=614 w_ev=0.410 m_ev=0.969 m_v_bias=5.5 m_adv_std=32.3327 m_kl_max=0.0198 m_ratio_max=1.162 w_ax@goal=+0.65 w_v@goal=3.12 return=965.4 length=80 success_rate=1.00 collisions/ep=0.93 (n=27)
update=259 global_step=530432 SPS=615 w_ev=0.298 m_ev=0.970 m_v_bias=5.0 m_adv_std=32.4497 m_kl_max=0.0161 m_ratio_max=0.901 w_ax@goal=+0.75 w_v@goal=3.42 return=958.0 length=80 success_rate=1.00 collisions/ep=1.04 (n=26)
update=260 global_step=532480 SPS=616 w_ev=0.357 m_ev=0.985 m_v_bias=-12.0 m_adv_std=21.4754 m_kl_max=0.0076 m_ratio_max=0.613 w_ax@goal=+0.78 w_v@goal=3.28 return=972.2 length=82 success_rate=1.00 collisions/ep=0.76 (n=25)
Evaluation at update 260: return=1009.73, length=78.20, success_rate=1.00, collisions/ep=0.05
Solved-check at update 260: solved=False worst_gap=50.97 at p_x0=1.00 p_y0=-1.00 (consecutive=15)
update=261 global_step=534528 SPS=613 w_ev=0.177 m_ev=0.974 m_v_bias=7.9 m_adv_std=28.9281 m_kl_max=0.0242 m_ratio_max=0.838 w_ax@goal=+0.56 w_v@goal=3.74 return=957.6 length=83 success_rate=1.00 collisions/ep=1.04 (n=24)
update=262 global_step=536576 SPS=614 w_ev=0.254 m_ev=0.988 m_v_bias=-12.0 m_adv_std=19.0527 m_kl_max=0.0186 m_ratio_max=0.736 w_ax@goal=+0.64 w_v@goal=3.64 return=994.0 length=81 success_rate=1.00 collisions/ep=0.32 (n=25)
update=263 global_step=538624 SPS=614 w_ev=0.267 m_ev=0.982 m_v_bias=7.8 m_adv_std=23.5439 m_kl_max=0.0253 m_ratio_max=1.260 w_ax@goal=+0.54 w_v@goal=3.56 return=972.2 length=82 success_rate=1.00 collisions/ep=0.76 (n=25)
update=264 global_step=540672 SPS=615 w_ev=0.286 m_ev=0.971 m_v_bias=2.6 m_adv_std=30.1286 m_kl_max=0.0044 m_ratio_max=0.351 w_ax@goal=+0.76 w_v@goal=3.74 return=977.8 length=82 success_rate=1.00 collisions/ep=0.64 (n=25)
update=265 global_step=542720 SPS=617 w_ev=0.301 m_ev=0.977 m_v_bias=-0.3 m_adv_std=27.6481 m_kl_max=0.0248 m_ratio_max=1.402 w_ax@goal=+0.62 w_v@goal=3.43 return=961.5 length=81 success_rate=1.00 collisions/ep=0.96 (n=27)
Evaluation at update 265: return=1012.28, length=78.15, success_rate=1.00, collisions/ep=0.00
Solved-check at update 265: solved=True worst_gap=0.93 at p_x0=0.50 p_y0=-1.00 (consecutive=0)
update=266 global_step=544768 SPS=614 w_ev=0.260 m_ev=0.932 m_v_bias=0.5 m_adv_std=48.3522 m_kl_max=0.0282 m_ratio_max=1.121 w_ax@goal=+0.68 w_v@goal=3.48 return=958.2 length=82 success_rate=1.00 collisions/ep=1.04 (n=24)
update=267 global_step=546816 SPS=614 w_ev=0.310 m_ev=0.976 m_v_bias=3.6 m_adv_std=27.4293 m_kl_max=0.0083 m_ratio_max=0.699 w_ax@goal=+0.64 w_v@goal=3.53 return=966.8 length=81 success_rate=1.00 collisions/ep=0.88 (n=24)
update=268 global_step=548864 SPS=615 w_ev=0.264 m_ev=0.973 m_v_bias=2.9 m_adv_std=30.3264 m_kl_max=0.0083 m_ratio_max=1.056 w_ax@goal=+0.63 w_v@goal=3.39 return=960.9 length=83 success_rate=1.00 collisions/ep=1.00 (n=25)
update=269 global_step=550912 SPS=617 w_ev=0.274 m_ev=0.968 m_v_bias=-2.2 m_adv_std=32.0911 m_kl_max=0.0112 m_ratio_max=0.578 w_ax@goal=+0.69 w_v@goal=3.51 return=962.5 length=82 success_rate=1.00 collisions/ep=0.96 (n=24)
update=270 global_step=552960 SPS=618 w_ev=0.234 m_ev=0.981 m_v_bias=1.1 m_adv_std=24.3087 m_kl_max=0.0195 m_ratio_max=0.544 w_ax@goal=+0.65 w_v@goal=3.57 return=964.1 length=81 success_rate=1.00 collisions/ep=0.93 (n=27)
Evaluation at update 270: return=1009.87, length=78.10, success_rate=1.00, collisions/ep=0.05
Solved-check at update 270: solved=False worst_gap=50.86 at p_x0=0.50 p_y0=-1.00 (consecutive=1)
update=271 global_step=555008 SPS=615 w_ev=0.308 m_ev=0.967 m_v_bias=-0.2 m_adv_std=33.4804 m_kl_max=0.0191 m_ratio_max=0.982 w_ax@goal=+0.61 w_v@goal=3.29 return=956.5 length=83 success_rate=1.00 collisions/ep=1.08 (n=24)
update=272 global_step=557056 SPS=616 w_ev=0.257 m_ev=0.972 m_v_bias=2.9 m_adv_std=30.1510 m_kl_max=0.0092 m_ratio_max=0.448 w_ax@goal=+0.62 w_v@goal=3.54 return=964.4 length=82 success_rate=1.00 collisions/ep=0.92 (n=25)
update=273 global_step=559104 SPS=617 w_ev=0.228 m_ev=0.915 m_v_bias=7.0 m_adv_std=55.9358 m_kl_max=0.0075 m_ratio_max=0.768 w_ax@goal=+0.69 w_v@goal=3.55 return=948.0 length=82 success_rate=1.00 collisions/ep=1.24 (n=25)
update=274 global_step=561152 SPS=618 w_ev=0.227 m_ev=0.957 m_v_bias=-1.9 m_adv_std=37.5803 m_kl_max=0.0226 m_ratio_max=2.056 w_ax@goal=+0.43 w_v@goal=3.52 return=967.1 length=81 success_rate=1.00 collisions/ep=0.88 (n=25)
update=275 global_step=563200 SPS=619 w_ev=0.209 m_ev=0.986 m_v_bias=-7.6 m_adv_std=20.7797 m_kl_max=0.0133 m_ratio_max=0.720 w_ax@goal=+0.52 w_v@goal=3.41 return=982.3 length=82 success_rate=1.00 collisions/ep=0.54 (n=24)
Evaluation at update 275: return=1009.78, length=78.15, success_rate=1.00, collisions/ep=0.05
Solved-check at update 275: solved=False worst_gap=50.93 at p_x0=0.00 p_y0=1.00 (consecutive=0)
update=276 global_step=565248 SPS=616 w_ev=0.242 m_ev=0.948 m_v_bias=5.6 m_adv_std=41.4247 m_kl_max=0.0197 m_ratio_max=0.716 w_ax@goal=+0.60 w_v@goal=3.48 return=963.2 length=80 success_rate=1.00 collisions/ep=0.92 (n=26)
update=277 global_step=567296 SPS=617 w_ev=0.143 m_ev=0.960 m_v_bias=-2.0 m_adv_std=36.8620 m_kl_max=0.0406 m_ratio_max=1.238 w_ax@goal=+0.60 w_v@goal=3.87 return=961.0 length=82 success_rate=1.00 collisions/ep=0.96 (n=26)
update=278 global_step=569344 SPS=618 w_ev=0.196 m_ev=0.984 m_v_bias=1.0 m_adv_std=23.1243 m_kl_max=0.0066 m_ratio_max=0.570 w_ax@goal=+0.56 w_v@goal=3.68 return=972.9 length=85 success_rate=1.00 collisions/ep=0.72 (n=25)
update=279 global_step=571392 SPS=619 w_ev=0.195 m_ev=0.974 m_v_bias=0.9 m_adv_std=29.0097 m_kl_max=0.0135 m_ratio_max=0.966 w_ax@goal=+0.51 w_v@goal=3.59 return=971.1 length=84 success_rate=1.00 collisions/ep=0.75 (n=24)
update=280 global_step=573440 SPS=620 w_ev=0.222 m_ev=0.945 m_v_bias=4.7 m_adv_std=44.0507 m_kl_max=0.0124 m_ratio_max=0.476 w_ax@goal=+0.61 w_v@goal=3.56 return=961.2 length=84 success_rate=1.00 collisions/ep=0.96 (n=24)
Evaluation at update 280: return=1012.25, length=78.15, success_rate=1.00, collisions/ep=0.00
Solved-check at update 280: solved=True worst_gap=1.00 at p_x0=0.00 p_y0=0.50 (consecutive=0)
update=281 global_step=575488 SPS=617 w_ev=0.217 m_ev=0.943 m_v_bias=0.3 m_adv_std=44.9265 m_kl_max=0.0211 m_ratio_max=0.648 w_ax@goal=+0.49 w_v@goal=3.73 return=957.0 length=83 success_rate=1.00 collisions/ep=1.04 (n=24)
update=282 global_step=577536 SPS=618 w_ev=0.312 m_ev=0.960 m_v_bias=4.8 m_adv_std=36.7691 m_kl_max=0.0173 m_ratio_max=0.871 w_ax@goal=+0.51 w_v@goal=3.29 return=952.8 length=82 success_rate=1.00 collisions/ep=1.12 (n=26)
update=283 global_step=579584 SPS=619 w_ev=0.245 m_ev=0.979 m_v_bias=-11.1 m_adv_std=25.4216 m_kl_max=0.0131 m_ratio_max=0.748 w_ax@goal=+0.52 w_v@goal=3.43 return=986.9 length=83 success_rate=1.00 collisions/ep=0.43 (n=23)
update=284 global_step=581632 SPS=620 w_ev=0.238 m_ev=0.975 m_v_bias=5.4 m_adv_std=28.4930 m_kl_max=0.0113 m_ratio_max=0.596 w_ax@goal=+0.38 w_v@goal=3.54 return=973.2 length=84 success_rate=1.00 collisions/ep=0.71 (n=24)
update=285 global_step=583680 SPS=621 w_ev=0.236 m_ev=0.982 m_v_bias=-3.6 m_adv_std=23.5825 m_kl_max=0.0142 m_ratio_max=0.612 w_ax@goal=+0.77 w_v@goal=3.67 return=975.5 length=82 success_rate=1.00 collisions/ep=0.68 (n=25)
Evaluation at update 285: return=1012.17, length=78.20, success_rate=1.00, collisions/ep=0.00
Solved-check at update 285: solved=True worst_gap=0.99 at p_x0=0.00 p_y0=0.00 (consecutive=1)
update=286 global_step=585728 SPS=618 w_ev=0.189 m_ev=0.909 m_v_bias=10.1 m_adv_std=56.0734 m_kl_max=0.0092 m_ratio_max=0.611 w_ax@goal=+0.62 w_v@goal=3.83 return=970.9 length=82 success_rate=1.00 collisions/ep=0.77 (n=26)
update=287 global_step=587776 SPS=619 w_ev=0.183 m_ev=0.955 m_v_bias=1.0 m_adv_std=38.4573 m_kl_max=0.0122 m_ratio_max=0.568 w_ax@goal=+0.54 w_v@goal=4.03 return=941.1 length=82 success_rate=1.00 collisions/ep=1.36 (n=25)
update=288 global_step=589824 SPS=620 w_ev=0.193 m_ev=0.986 m_v_bias=-7.7 m_adv_std=20.6428 m_kl_max=0.0093 m_ratio_max=0.825 w_ax@goal=+0.49 w_v@goal=3.94 return=989.3 length=84 success_rate=1.00 collisions/ep=0.39 (n=23)
update=289 global_step=591872 SPS=621 w_ev=0.184 m_ev=0.988 m_v_bias=0.6 m_adv_std=19.5317 m_kl_max=0.0068 m_ratio_max=0.577 w_ax@goal=+0.35 w_v@goal=3.79 return=982.0 length=83 success_rate=1.00 collisions/ep=0.52 (n=27)
update=290 global_step=593920 SPS=622 w_ev=0.240 m_ev=0.990 m_v_bias=-1.0 m_adv_std=17.6083 m_kl_max=0.0076 m_ratio_max=0.474 w_ax@goal=+0.33 w_v@goal=3.64 return=992.6 length=83 success_rate=1.00 collisions/ep=0.30 (n=23)
Evaluation at update 290: return=1011.88, length=78.40, success_rate=1.00, collisions/ep=0.00
Solved-check at update 290: solved=True worst_gap=1.40 at p_x0=0.00 p_y0=-1.00 (consecutive=2)
update=291 global_step=595968 SPS=619 w_ev=0.209 m_ev=0.946 m_v_bias=12.6 m_adv_std=43.0950 m_kl_max=0.0453 m_ratio_max=0.996 w_ax@goal=+0.51 w_v@goal=3.47 return=969.0 length=83 success_rate=1.00 collisions/ep=0.79 (n=24)
update=292 global_step=598016 SPS=620 w_ev=0.166 m_ev=0.983 m_v_bias=-3.7 m_adv_std=23.2683 m_kl_max=0.0135 m_ratio_max=0.570 w_ax@goal=+0.35 w_v@goal=3.86 return=943.7 length=85 success_rate=1.00 collisions/ep=1.28 (n=25)
update=293 global_step=600064 SPS=621 w_ev=0.173 m_ev=0.978 m_v_bias=-4.7 m_adv_std=26.5087 m_kl_max=0.0136 m_ratio_max=0.542 w_ax@goal=+0.38 w_v@goal=3.80 return=986.8 length=83 success_rate=1.00 collisions/ep=0.42 (n=24)
update=294 global_step=602112 SPS=622 w_ev=0.194 m_ev=0.944 m_v_bias=13.8 m_adv_std=43.8675 m_kl_max=0.0130 m_ratio_max=0.868 w_ax@goal=+0.30 w_v@goal=3.79 return=959.2 length=87 success_rate=1.00 collisions/ep=0.96 (n=24)
update=295 global_step=604160 SPS=623 w_ev=0.243 m_ev=0.968 m_v_bias=-3.2 m_adv_std=33.0406 m_kl_max=0.0124 m_ratio_max=1.224 w_ax@goal=+0.29 w_v@goal=3.36 return=964.4 length=85 success_rate=1.00 collisions/ep=0.83 (n=24)
Evaluation at update 295: return=1011.45, length=79.00, success_rate=1.00, collisions/ep=0.00
Solved-check at update 295: solved=True worst_gap=1.93 at p_x0=0.00 p_y0=0.50 (consecutive=3)
update=296 global_step=606208 SPS=620 w_ev=0.038 m_ev=0.971 m_v_bias=-2.5 m_adv_std=31.1173 m_kl_max=0.0133 m_ratio_max=0.745 w_ax@goal=+0.29 w_v@goal=4.18 return=969.2 length=83 success_rate=1.00 collisions/ep=0.75 (n=24)
update=297 global_step=608256 SPS=621 w_ev=0.208 m_ev=0.969 m_v_bias=-3.5 m_adv_std=31.7929 m_kl_max=0.0149 m_ratio_max=0.643 w_ax@goal=+0.31 w_v@goal=3.88 return=967.4 length=83 success_rate=1.00 collisions/ep=0.80 (n=25)
update=298 global_step=610304 SPS=622 w_ev=0.301 m_ev=0.979 m_v_bias=-0.1 m_adv_std=25.9298 m_kl_max=0.0330 m_ratio_max=1.148 w_ax@goal=+0.39 w_v@goal=3.46 return=974.5 length=85 success_rate=1.00 collisions/ep=0.65 (n=26)
update=299 global_step=612352 SPS=623 w_ev=0.156 m_ev=0.978 m_v_bias=3.6 m_adv_std=26.2488 m_kl_max=0.0539 m_ratio_max=3.698 w_ax@goal=+0.39 w_v@goal=3.50 return=965.6 length=83 success_rate=1.00 collisions/ep=0.84 (n=25)
update=300 global_step=614400 SPS=624 w_ev=0.198 m_ev=0.978 m_v_bias=-0.9 m_adv_std=26.2942 m_kl_max=0.0085 m_ratio_max=0.443 w_ax@goal=+0.36 w_v@goal=3.82 return=980.2 length=84 success_rate=1.00 collisions/ep=0.58 (n=24)
Evaluation at update 300: return=1011.30, length=79.05, success_rate=1.00, collisions/ep=0.00
Solved-check at update 300: solved=True worst_gap=2.00 at p_x0=0.50 p_y0=0.50 (consecutive=4)
update=301 global_step=616448 SPS=621 w_ev=0.229 m_ev=0.984 m_v_bias=1.7 m_adv_std=22.6543 m_kl_max=0.0214 m_ratio_max=1.208 w_ax@goal=+0.33 w_v@goal=3.64 return=981.8 length=85 success_rate=1.00 collisions/ep=0.50 (n=24)
update=302 global_step=618496 SPS=622 w_ev=0.224 m_ev=0.980 m_v_bias=2.3 m_adv_std=25.0650 m_kl_max=0.0195 m_ratio_max=1.031 w_ax@goal=+0.38 w_v@goal=3.65 return=977.6 length=83 success_rate=1.00 collisions/ep=0.58 (n=24)
update=303 global_step=620544 SPS=623 w_ev=0.205 m_ev=0.945 m_v_bias=4.9 m_adv_std=43.4810 m_kl_max=0.0271 m_ratio_max=0.807 w_ax@goal=+0.34 w_v@goal=3.56 return=972.1 length=85 success_rate=1.00 collisions/ep=0.71 (n=24)
update=304 global_step=622592 SPS=624 w_ev=0.151 m_ev=0.979 m_v_bias=-2.8 m_adv_std=26.4030 m_kl_max=0.0117 m_ratio_max=0.566 w_ax@goal=+0.42 w_v@goal=3.81 return=960.9 length=85 success_rate=1.00 collisions/ep=0.92 (n=24)
update=305 global_step=624640 SPS=624 w_ev=0.178 m_ev=0.973 m_v_bias=-1.4 m_adv_std=30.5917 m_kl_max=0.0170 m_ratio_max=0.607 w_ax@goal=+0.23 w_v@goal=3.85 return=984.4 length=87 success_rate=1.00 collisions/ep=0.46 (n=24)
Evaluation at update 305: return=1011.87, length=78.55, success_rate=1.00, collisions/ep=0.00
Solved-check at update 305: solved=True worst_gap=1.42 at p_x0=0.00 p_y0=1.00 (consecutive=5)
update=306 global_step=626688 SPS=622 w_ev=0.232 m_ev=0.979 m_v_bias=-2.3 m_adv_std=26.4299 m_kl_max=0.0173 m_ratio_max=0.683 w_ax@goal=+0.41 w_v@goal=3.62 return=980.7 length=85 success_rate=1.00 collisions/ep=0.54 (n=24)
update=307 global_step=628736 SPS=623 w_ev=0.201 m_ev=0.957 m_v_bias=-1.1 m_adv_std=38.3108 m_kl_max=0.0374 m_ratio_max=0.859 w_ax@goal=+0.44 w_v@goal=3.71 return=966.6 length=83 success_rate=1.00 collisions/ep=0.84 (n=25)
update=308 global_step=630784 SPS=624 w_ev=0.200 m_ev=0.965 m_v_bias=3.0 m_adv_std=33.4456 m_kl_max=0.0133 m_ratio_max=0.704 w_ax@goal=+0.41 w_v@goal=3.63 return=970.7 length=83 success_rate=1.00 collisions/ep=0.76 (n=25)
update=309 global_step=632832 SPS=624 w_ev=0.249 m_ev=0.990 m_v_bias=-4.3 m_adv_std=17.8514 m_kl_max=0.0078 m_ratio_max=0.445 w_ax@goal=+0.45 w_v@goal=3.39 return=977.7 length=83 success_rate=1.00 collisions/ep=0.62 (n=24)
update=310 global_step=634880 SPS=625 w_ev=0.222 m_ev=0.989 m_v_bias=-3.2 m_adv_std=18.1171 m_kl_max=0.0169 m_ratio_max=0.851 w_ax@goal=+0.56 w_v@goal=3.44 return=986.5 length=83 success_rate=1.00 collisions/ep=0.46 (n=24)
Evaluation at update 310: return=1012.41, length=78.00, success_rate=1.00, collisions/ep=0.00
Solved-check at update 310: solved=True worst_gap=0.88 at p_x0=0.00 p_y0=1.00 (consecutive=6)
update=311 global_step=636928 SPS=623 w_ev=0.200 m_ev=0.986 m_v_bias=-1.9 m_adv_std=20.4382 m_kl_max=0.0122 m_ratio_max=1.187 w_ax@goal=+0.49 w_v@goal=3.73 return=980.8 length=83 success_rate=1.00 collisions/ep=0.58 (n=26)
update=312 global_step=638976 SPS=624 w_ev=0.249 m_ev=0.990 m_v_bias=-2.4 m_adv_std=17.2563 m_kl_max=0.0123 m_ratio_max=0.512 w_ax@goal=+0.65 w_v@goal=3.42 return=992.8 length=83 success_rate=1.00 collisions/ep=0.33 (n=24)
update=313 global_step=641024 SPS=624 w_ev=0.178 m_ev=0.985 m_v_bias=0.0 m_adv_std=21.0829 m_kl_max=0.0432 m_ratio_max=1.959 w_ax@goal=+0.53 w_v@goal=3.79 return=980.9 length=82 success_rate=1.00 collisions/ep=0.58 (n=24)
update=314 global_step=643072 SPS=625 w_ev=0.189 m_ev=0.983 m_v_bias=1.3 m_adv_std=22.6753 m_kl_max=0.0053 m_ratio_max=0.397 w_ax@goal=+0.66 w_v@goal=3.68 return=989.7 length=82 success_rate=1.00 collisions/ep=0.40 (n=25)
update=315 global_step=645120 SPS=626 w_ev=0.214 m_ev=0.983 m_v_bias=0.4 m_adv_std=22.2857 m_kl_max=0.0080 m_ratio_max=0.741 w_ax@goal=+0.50 w_v@goal=3.57 return=974.8 length=81 success_rate=1.00 collisions/ep=0.69 (n=26)
Evaluation at update 315: return=1012.40, length=78.00, success_rate=1.00, collisions/ep=0.00
Solved-check at update 315: solved=True worst_gap=0.88 at p_x0=0.00 p_y0=1.00 (consecutive=7)
update=316 global_step=647168 SPS=624 w_ev=0.226 m_ev=0.989 m_v_bias=-1.7 m_adv_std=18.2794 m_kl_max=0.0188 m_ratio_max=0.723 w_ax@goal=+0.62 w_v@goal=3.48 return=994.9 length=81 success_rate=1.00 collisions/ep=0.28 (n=25)
update=317 global_step=649216 SPS=625 w_ev=0.272 m_ev=0.988 m_v_bias=0.8 m_adv_std=18.9945 m_kl_max=0.0097 m_ratio_max=0.470 w_ax@goal=+0.57 w_v@goal=3.39 return=984.6 length=81 success_rate=1.00 collisions/ep=0.50 (n=26)
update=318 global_step=651264 SPS=625 w_ev=0.256 m_ev=0.984 m_v_bias=2.5 m_adv_std=21.9929 m_kl_max=0.0228 m_ratio_max=0.708 w_ax@goal=+0.51 w_v@goal=3.43 return=977.0 length=83 success_rate=1.00 collisions/ep=0.64 (n=25)
update=319 global_step=653312 SPS=626 w_ev=0.215 m_ev=0.993 m_v_bias=0.1 m_adv_std=14.2622 m_kl_max=0.0079 m_ratio_max=0.517 w_ax@goal=+0.51 w_v@goal=3.53 return=981.9 length=81 success_rate=1.00 collisions/ep=0.54 (n=24)
update=320 global_step=655360 SPS=627 w_ev=0.222 m_ev=0.971 m_v_bias=-0.6 m_adv_std=30.0409 m_kl_max=0.0082 m_ratio_max=0.525 w_ax@goal=+0.42 w_v@goal=3.65 return=996.8 length=84 success_rate=1.00 collisions/ep=0.25 (n=24)
Evaluation at update 320: return=1012.25, length=78.15, success_rate=1.00, collisions/ep=0.00
Solved-check at update 320: solved=True worst_gap=0.98 at p_x0=0.00 p_y0=-0.50 (consecutive=8)
update=321 global_step=657408 SPS=625 w_ev=0.225 m_ev=0.988 m_v_bias=2.2 m_adv_std=19.4737 m_kl_max=0.0177 m_ratio_max=0.976 w_ax@goal=+0.53 w_v@goal=3.49 return=975.2 length=82 success_rate=1.00 collisions/ep=0.68 (n=25)
update=322 global_step=659456 SPS=625 w_ev=0.256 m_ev=0.942 m_v_bias=8.0 m_adv_std=44.2562 m_kl_max=0.0044 m_ratio_max=0.400 w_ax@goal=+0.45 w_v@goal=3.51 return=957.2 length=81 success_rate=1.00 collisions/ep=1.04 (n=25)
update=323 global_step=661504 SPS=626 w_ev=0.299 m_ev=0.984 m_v_bias=-3.4 m_adv_std=21.8333 m_kl_max=0.0160 m_ratio_max=0.606 w_ax@goal=+0.50 w_v@goal=3.34 return=973.6 length=82 success_rate=1.00 collisions/ep=0.71 (n=24)
update=324 global_step=663552 SPS=627 w_ev=0.285 m_ev=0.982 m_v_bias=2.7 m_adv_std=23.6522 m_kl_max=0.0094 m_ratio_max=0.611 w_ax@goal=+0.62 w_v@goal=3.40 return=976.7 length=82 success_rate=1.00 collisions/ep=0.65 (n=26)
update=325 global_step=665600 SPS=628 w_ev=0.288 m_ev=0.994 m_v_bias=-5.0 m_adv_std=13.9538 m_kl_max=0.0169 m_ratio_max=0.680 w_ax@goal=+0.64 w_v@goal=3.38 return=983.2 length=81 success_rate=1.00 collisions/ep=0.52 (n=27)
Evaluation at update 325: return=1009.74, length=78.15, success_rate=1.00, collisions/ep=0.05
Solved-check at update 325: solved=False worst_gap=51.00 at p_x0=0.00 p_y0=1.00 (consecutive=9)
update=326 global_step=667648 SPS=625 w_ev=0.274 m_ev=0.993 m_v_bias=1.2 m_adv_std=14.7361 m_kl_max=0.0165 m_ratio_max=0.630 w_ax@goal=+0.46 w_v@goal=3.37 return=981.9 length=84 success_rate=1.00 collisions/ep=0.54 (n=24)
update=327 global_step=669696 SPS=626 w_ev=0.302 m_ev=0.978 m_v_bias=8.8 m_adv_std=26.7857 m_kl_max=0.0087 m_ratio_max=0.744 w_ax@goal=+0.44 w_v@goal=3.38 return=966.3 length=82 success_rate=1.00 collisions/ep=0.85 (n=26)
update=328 global_step=671744 SPS=627 w_ev=0.284 m_ev=0.980 m_v_bias=4.3 m_adv_std=26.4102 m_kl_max=0.0225 m_ratio_max=0.857 w_ax@goal=+0.42 w_v@goal=3.08 return=956.8 length=84 success_rate=1.00 collisions/ep=1.04 (n=24)
update=329 global_step=673792 SPS=628 w_ev=0.221 m_ev=0.977 m_v_bias=-0.8 m_adv_std=27.8342 m_kl_max=0.0143 m_ratio_max=0.848 w_ax@goal=+0.38 w_v@goal=3.46 return=964.1 length=84 success_rate=1.00 collisions/ep=0.88 (n=24)
update=330 global_step=675840 SPS=629 w_ev=0.263 m_ev=0.982 m_v_bias=-0.4 m_adv_std=24.2278 m_kl_max=0.0167 m_ratio_max=0.566 w_ax@goal=+0.28 w_v@goal=3.18 return=968.3 length=86 success_rate=1.00 collisions/ep=0.79 (n=24)
Evaluation at update 330: return=1008.89, length=79.10, success_rate=1.00, collisions/ep=0.05
Solved-check at update 330: solved=False worst_gap=51.37 at p_x0=2.00 p_y0=0.00 (consecutive=0)
update=331 global_step=677888 SPS=626 w_ev=0.206 m_ev=0.987 m_v_bias=-6.3 m_adv_std=20.4718 m_kl_max=0.0085 m_ratio_max=0.755 w_ax@goal=+0.36 w_v@goal=3.43 return=975.9 length=84 success_rate=1.00 collisions/ep=0.64 (n=25)
update=332 global_step=679936 SPS=627 w_ev=0.206 m_ev=0.961 m_v_bias=6.0 m_adv_std=37.1153 m_kl_max=0.0217 m_ratio_max=1.073 w_ax@goal=+0.44 w_v@goal=3.39 return=961.5 length=84 success_rate=1.00 collisions/ep=0.92 (n=24)
update=333 global_step=681984 SPS=628 w_ev=0.161 m_ev=0.966 m_v_bias=-1.7 m_adv_std=33.5039 m_kl_max=0.0272 m_ratio_max=1.104 w_ax@goal=+0.38 w_v@goal=3.61 return=983.8 length=85 success_rate=1.00 collisions/ep=0.48 (n=23)
update=334 global_step=684032 SPS=629 w_ev=0.250 m_ev=0.976 m_v_bias=-1.3 m_adv_std=27.4237 m_kl_max=0.0097 m_ratio_max=0.798 w_ax@goal=+0.36 w_v@goal=3.57 return=965.7 length=83 success_rate=1.00 collisions/ep=0.84 (n=25)
update=335 global_step=686080 SPS=629 w_ev=0.196 m_ev=0.982 m_v_bias=-0.1 m_adv_std=24.5006 m_kl_max=0.0162 m_ratio_max=0.702 w_ax@goal=+0.29 w_v@goal=3.52 return=979.9 length=86 success_rate=1.00 collisions/ep=0.54 (n=24)
Evaluation at update 335: return=1010.01, length=80.25, success_rate=1.00, collisions/ep=0.00
Solved-check at update 335: solved=True worst_gap=4.89 at p_x0=0.00 p_y0=-1.00 (consecutive=0)
update=336 global_step=688128 SPS=627 w_ev=0.144 m_ev=0.969 m_v_bias=0.4 m_adv_std=31.8108 m_kl_max=0.0255 m_ratio_max=1.271 w_ax@goal=+0.39 w_v@goal=3.63 return=976.8 length=85 success_rate=1.00 collisions/ep=0.61 (n=23)
update=337 global_step=690176 SPS=628 w_ev=0.248 m_ev=0.987 m_v_bias=0.1 m_adv_std=20.3404 m_kl_max=0.0067 m_ratio_max=0.419 w_ax@goal=+0.27 w_v@goal=3.43 return=990.8 length=86 success_rate=1.00 collisions/ep=0.32 (n=25)
update=338 global_step=692224 SPS=629 w_ev=0.280 m_ev=0.992 m_v_bias=-5.8 m_adv_std=16.1687 m_kl_max=0.0104 m_ratio_max=0.437 w_ax@goal=+0.40 w_v@goal=3.34 return=992.7 length=83 success_rate=1.00 collisions/ep=0.29 (n=24)
update=339 global_step=694272 SPS=629 w_ev=0.219 m_ev=0.989 m_v_bias=5.4 m_adv_std=18.5266 m_kl_max=0.0109 m_ratio_max=0.648 w_ax@goal=+0.35 w_v@goal=3.22 return=985.4 length=82 success_rate=1.00 collisions/ep=0.44 (n=25)
update=340 global_step=696320 SPS=630 w_ev=0.224 m_ev=0.992 m_v_bias=-5.5 m_adv_std=15.3894 m_kl_max=0.0244 m_ratio_max=1.539 w_ax@goal=+0.42 w_v@goal=3.53 return=989.3 length=84 success_rate=1.00 collisions/ep=0.36 (n=25)
Evaluation at update 340: return=1010.68, length=79.60, success_rate=1.00, collisions/ep=0.00
Solved-check at update 340: solved=False worst_gap=53.35 at p_x0=0.50 p_y0=-1.00 (consecutive=1)
update=341 global_step=698368 SPS=628 w_ev=0.248 m_ev=0.986 m_v_bias=2.4 m_adv_std=20.8186 m_kl_max=0.0103 m_ratio_max=0.716 w_ax@goal=+0.43 w_v@goal=3.50 return=984.3 length=84 success_rate=1.00 collisions/ep=0.46 (n=24)
update=342 global_step=700416 SPS=629 w_ev=0.168 m_ev=0.993 m_v_bias=1.1 m_adv_std=15.4200 m_kl_max=0.0341 m_ratio_max=1.084 w_ax@goal=+0.40 w_v@goal=3.60 return=991.9 length=84 success_rate=1.00 collisions/ep=0.29 (n=24)
update=343 global_step=702464 SPS=629 w_ev=0.232 m_ev=0.973 m_v_bias=5.2 m_adv_std=29.8439 m_kl_max=0.0139 m_ratio_max=0.554 w_ax@goal=+0.23 w_v@goal=3.59 return=984.6 length=86 success_rate=1.00 collisions/ep=0.42 (n=24)
update=344 global_step=704512 SPS=630 w_ev=0.181 m_ev=0.990 m_v_bias=-0.8 m_adv_std=17.1676 m_kl_max=0.0094 m_ratio_max=0.622 w_ax@goal=+0.27 w_v@goal=3.51 return=979.7 length=84 success_rate=1.00 collisions/ep=0.52 (n=25)
update=345 global_step=706560 SPS=631 w_ev=0.276 m_ev=0.992 m_v_bias=-2.5 m_adv_std=16.2708 m_kl_max=0.0111 m_ratio_max=0.461 w_ax@goal=+0.30 w_v@goal=3.33 return=991.8 length=85 success_rate=1.00 collisions/ep=0.29 (n=24)
Evaluation at update 345: return=1010.31, length=80.30, success_rate=1.00, collisions/ep=0.00
Solved-check at update 345: solved=False worst_gap=53.23 at p_x0=1.50 p_y0=-1.00 (consecutive=0)
update=346 global_step=708608 SPS=628 w_ev=0.224 m_ev=0.990 m_v_bias=-0.5 m_adv_std=18.4704 m_kl_max=0.0134 m_ratio_max=0.522 w_ax@goal=+0.28 w_v@goal=3.67 return=980.6 length=84 success_rate=1.00 collisions/ep=0.52 (n=25)
update=347 global_step=710656 SPS=629 w_ev=0.166 m_ev=0.970 m_v_bias=11.9 m_adv_std=32.9191 m_kl_max=0.0081 m_ratio_max=0.653 w_ax@goal=+0.26 w_v@goal=3.53 return=953.9 length=86 success_rate=1.00 collisions/ep=1.04 (n=24)
update=348 global_step=712704 SPS=630 w_ev=0.147 m_ev=0.984 m_v_bias=-6.9 m_adv_std=23.2967 m_kl_max=0.0144 m_ratio_max=0.876 w_ax@goal=+0.25 w_v@goal=3.79 return=980.6 length=88 success_rate=1.00 collisions/ep=0.52 (n=23)
update=349 global_step=714752 SPS=631 w_ev=0.283 m_ev=0.980 m_v_bias=0.7 m_adv_std=25.8122 m_kl_max=0.0192 m_ratio_max=1.278 w_ax@goal=+0.34 w_v@goal=3.16 return=976.8 length=87 success_rate=1.00 collisions/ep=0.61 (n=23)
update=350 global_step=716800 SPS=631 w_ev=0.136 m_ev=0.989 m_v_bias=-6.1 m_adv_std=18.4819 m_kl_max=0.0223 m_ratio_max=0.755 w_ax@goal=+0.41 w_v@goal=3.83 return=983.9 length=84 success_rate=1.00 collisions/ep=0.48 (n=25)
Evaluation at update 350: return=1011.31, length=79.05, success_rate=1.00, collisions/ep=0.00
Solved-check at update 350: solved=True worst_gap=2.21 at p_x0=0.00 p_y0=0.50 (consecutive=0)
update=351 global_step=718848 SPS=629 w_ev=0.232 m_ev=0.984 m_v_bias=-2.1 m_adv_std=21.6127 m_kl_max=0.0092 m_ratio_max=0.566 w_ax@goal=+0.30 w_v@goal=3.65 return=999.4 length=83 success_rate=1.00 collisions/ep=0.17 (n=24)
update=352 global_step=720896 SPS=630 w_ev=0.147 m_ev=0.993 m_v_bias=-3.8 m_adv_std=14.1999 m_kl_max=0.0123 m_ratio_max=0.649 w_ax@goal=+0.48 w_v@goal=3.91 return=995.4 length=84 success_rate=1.00 collisions/ep=0.24 (n=25)
update=353 global_step=722944 SPS=631 w_ev=0.200 m_ev=0.993 m_v_bias=-1.1 m_adv_std=14.1656 m_kl_max=0.0057 m_ratio_max=0.449 w_ax@goal=+0.35 w_v@goal=3.62 return=995.6 length=83 success_rate=1.00 collisions/ep=0.24 (n=25)
update=354 global_step=724992 SPS=631 w_ev=0.219 m_ev=0.982 m_v_bias=1.8 m_adv_std=23.4182 m_kl_max=0.0327 m_ratio_max=0.674 w_ax@goal=+0.44 w_v@goal=3.60 return=991.6 length=85 success_rate=1.00 collisions/ep=0.33 (n=24)
update=355 global_step=727040 SPS=632 w_ev=0.225 m_ev=0.986 m_v_bias=3.5 m_adv_std=20.6431 m_kl_max=0.0136 m_ratio_max=0.671 w_ax@goal=+0.50 w_v@goal=3.71 return=987.2 length=85 success_rate=1.00 collisions/ep=0.42 (n=24)
Evaluation at update 355: return=1011.66, length=78.85, success_rate=1.00, collisions/ep=0.00
Solved-check at update 355: solved=True worst_gap=2.01 at p_x0=0.00 p_y0=0.50 (consecutive=1)
update=356 global_step=729088 SPS=630 w_ev=0.232 m_ev=0.995 m_v_bias=-7.2 m_adv_std=12.1636 m_kl_max=0.0042 m_ratio_max=0.379 w_ax@goal=+0.52 w_v@goal=3.56 return=1001.9 length=85 success_rate=1.00 collisions/ep=0.12 (n=24)
update=357 global_step=731136 SPS=631 w_ev=0.165 m_ev=0.990 m_v_bias=-0.3 m_adv_std=17.2574 m_kl_max=0.0051 m_ratio_max=0.382 w_ax@goal=+0.39 w_v@goal=3.85 return=999.8 length=83 success_rate=1.00 collisions/ep=0.17 (n=24)
update=358 global_step=733184 SPS=632 w_ev=0.218 m_ev=0.990 m_v_bias=2.3 m_adv_std=16.8628 m_kl_max=0.0038 m_ratio_max=0.369 w_ax@goal=+0.44 w_v@goal=3.67 return=996.4 length=83 success_rate=1.00 collisions/ep=0.24 (n=25)
update=359 global_step=735232 SPS=632 w_ev=0.283 m_ev=0.977 m_v_bias=4.0 m_adv_std=27.3441 m_kl_max=0.0310 m_ratio_max=0.983 w_ax@goal=+0.54 w_v@goal=3.43 return=980.9 length=84 success_rate=1.00 collisions/ep=0.56 (n=25)
update=360 global_step=737280 SPS=633 w_ev=0.304 m_ev=0.988 m_v_bias=-1.9 m_adv_std=19.2012 m_kl_max=0.0218 m_ratio_max=0.653 w_ax@goal=+0.47 w_v@goal=3.22 return=991.1 length=84 success_rate=1.00 collisions/ep=0.36 (n=25)
Evaluation at update 360: return=1011.60, length=78.95, success_rate=1.00, collisions/ep=0.00
Solved-check at update 360: solved=True worst_gap=2.34 at p_x0=0.00 p_y0=-1.00 (consecutive=2)
update=361 global_step=739328 SPS=631 w_ev=0.144 m_ev=0.991 m_v_bias=0.9 m_adv_std=16.2264 m_kl_max=0.0081 m_ratio_max=0.499 w_ax@goal=+0.56 w_v@goal=3.77 return=985.8 length=82 success_rate=1.00 collisions/ep=0.46 (n=24)
update=362 global_step=741376 SPS=632 w_ev=0.280 m_ev=0.990 m_v_bias=2.2 m_adv_std=17.5026 m_kl_max=0.0107 m_ratio_max=0.540 w_ax@goal=+0.59 w_v@goal=3.31 return=989.8 length=83 success_rate=1.00 collisions/ep=0.38 (n=24)
update=363 global_step=743424 SPS=632 w_ev=0.150 m_ev=0.991 m_v_bias=-2.6 m_adv_std=16.8873 m_kl_max=0.0133 m_ratio_max=0.961 w_ax@goal=+0.42 w_v@goal=3.81 return=989.8 length=84 success_rate=1.00 collisions/ep=0.38 (n=24)
update=364 global_step=745472 SPS=633 w_ev=0.246 m_ev=0.996 m_v_bias=-1.2 m_adv_std=11.1215 m_kl_max=0.0152 m_ratio_max=0.712 w_ax@goal=+0.46 w_v@goal=3.60 return=997.1 length=86 success_rate=1.00 collisions/ep=0.21 (n=24)
update=365 global_step=747520 SPS=634 w_ev=0.198 m_ev=0.978 m_v_bias=9.0 m_adv_std=25.9074 m_kl_max=0.0113 m_ratio_max=0.520 w_ax@goal=+0.29 w_v@goal=3.67 return=981.5 length=84 success_rate=1.00 collisions/ep=0.50 (n=24)
Evaluation at update 365: return=1010.39, length=79.95, success_rate=1.00, collisions/ep=0.00
Solved-check at update 365: solved=True worst_gap=4.09 at p_x0=0.00 p_y0=-1.00 (consecutive=3)
update=366 global_step=749568 SPS=631 w_ev=0.182 m_ev=0.993 m_v_bias=-8.7 m_adv_std=14.3315 m_kl_max=0.0181 m_ratio_max=0.821 w_ax@goal=+0.27 w_v@goal=3.74 return=992.9 length=85 success_rate=1.00 collisions/ep=0.28 (n=25)
update=367 global_step=751616 SPS=632 w_ev=0.130 m_ev=0.989 m_v_bias=3.9 m_adv_std=18.6951 m_kl_max=0.0197 m_ratio_max=0.708 w_ax@goal=+0.29 w_v@goal=3.58 return=993.8 length=85 success_rate=1.00 collisions/ep=0.26 (n=23)
update=368 global_step=753664 SPS=633 w_ev=0.225 m_ev=0.991 m_v_bias=-2.1 m_adv_std=16.2265 m_kl_max=0.0155 m_ratio_max=0.585 w_ax@goal=+0.46 w_v@goal=3.66 return=985.4 length=84 success_rate=1.00 collisions/ep=0.44 (n=25)
update=369 global_step=755712 SPS=634 w_ev=0.192 m_ev=0.992 m_v_bias=2.9 m_adv_std=16.1746 m_kl_max=0.0138 m_ratio_max=0.485 w_ax@goal=+0.38 w_v@goal=3.85 return=980.1 length=84 success_rate=1.00 collisions/ep=0.54 (n=26)
update=370 global_step=757760 SPS=634 w_ev=0.240 m_ev=0.986 m_v_bias=-0.2 m_adv_std=21.4771 m_kl_max=0.0056 m_ratio_max=0.484 w_ax@goal=+0.34 w_v@goal=3.56 return=985.1 length=86 success_rate=1.00 collisions/ep=0.45 (n=22)
Evaluation at update 370: return=1010.02, length=80.35, success_rate=1.00, collisions/ep=0.00
Solved-check at update 370: solved=True worst_gap=4.89 at p_x0=0.00 p_y0=-1.00 (consecutive=4)
update=371 global_step=759808 SPS=632 w_ev=0.208 m_ev=0.985 m_v_bias=2.3 m_adv_std=21.7263 m_kl_max=0.0106 m_ratio_max=0.826 w_ax@goal=+0.29 w_v@goal=3.80 return=976.7 length=84 success_rate=1.00 collisions/ep=0.60 (n=25)
update=372 global_step=761856 SPS=633 w_ev=0.255 m_ev=0.988 m_v_bias=-4.3 m_adv_std=19.1243 m_kl_max=0.0099 m_ratio_max=0.910 w_ax@goal=+0.30 w_v@goal=3.61 return=987.3 length=84 success_rate=1.00 collisions/ep=0.40 (n=25)
update=373 global_step=763904 SPS=634 w_ev=0.193 m_ev=0.991 m_v_bias=-5.5 m_adv_std=15.9048 m_kl_max=0.0451 m_ratio_max=2.347 w_ax@goal=+0.38 w_v@goal=3.32 return=1001.2 length=83 success_rate=1.00 collisions/ep=0.13 (n=23)
update=374 global_step=765952 SPS=634 w_ev=0.223 m_ev=0.972 m_v_bias=5.3 m_adv_std=29.8257 m_kl_max=0.0215 m_ratio_max=1.020 w_ax@goal=+0.51 w_v@goal=3.53 return=987.5 length=84 success_rate=1.00 collisions/ep=0.40 (n=25)
update=375 global_step=768000 SPS=635 w_ev=0.198 m_ev=0.993 m_v_bias=-4.1 m_adv_std=14.9544 m_kl_max=0.0241 m_ratio_max=1.431 w_ax@goal=+0.45 w_v@goal=3.54 return=982.5 length=82 success_rate=1.00 collisions/ep=0.50 (n=24)
Evaluation at update 375: return=1011.03, length=79.45, success_rate=1.00, collisions/ep=0.00
Solved-check at update 375: solved=True worst_gap=3.08 at p_x0=0.00 p_y0=-1.00 (consecutive=5)
update=376 global_step=770048 SPS=633 w_ev=0.223 m_ev=0.989 m_v_bias=2.8 m_adv_std=17.8863 m_kl_max=0.0071 m_ratio_max=0.669 w_ax@goal=+0.39 w_v@goal=3.71 return=991.0 length=84 success_rate=1.00 collisions/ep=0.35 (n=26)
update=377 global_step=772096 SPS=634 w_ev=0.205 m_ev=0.989 m_v_bias=-0.9 m_adv_std=17.5524 m_kl_max=0.0180 m_ratio_max=1.122 w_ax@goal=+0.53 w_v@goal=3.55 return=989.8 length=82 success_rate=1.00 collisions/ep=0.36 (n=25)
update=378 global_step=774144 SPS=634 w_ev=0.276 m_ev=0.987 m_v_bias=0.8 m_adv_std=19.5028 m_kl_max=0.0101 m_ratio_max=0.569 w_ax@goal=+0.39 w_v@goal=3.39 return=986.6 length=82 success_rate=1.00 collisions/ep=0.43 (n=23)
update=379 global_step=776192 SPS=635 w_ev=0.164 m_ev=0.987 m_v_bias=0.7 m_adv_std=20.0047 m_kl_max=0.0152 m_ratio_max=0.617 w_ax@goal=+0.47 w_v@goal=3.68 return=984.7 length=82 success_rate=1.00 collisions/ep=0.48 (n=25)
update=380 global_step=778240 SPS=636 w_ev=0.170 m_ev=0.989 m_v_bias=-1.4 m_adv_std=18.1657 m_kl_max=0.0663 m_ratio_max=2.909 w_ax@goal=+0.49 w_v@goal=3.91 return=990.5 length=82 success_rate=1.00 collisions/ep=0.36 (n=25)
Evaluation at update 380: return=1011.20, length=79.25, success_rate=1.00, collisions/ep=0.00
Solved-check at update 380: solved=True worst_gap=3.59 at p_x0=0.00 p_y0=-1.00 (consecutive=6)
update=381 global_step=780288 SPS=633 w_ev=0.189 m_ev=0.987 m_v_bias=0.6 m_adv_std=20.0488 m_kl_max=0.0101 m_ratio_max=0.548 w_ax@goal=+0.45 w_v@goal=3.68 return=994.9 length=83 success_rate=1.00 collisions/ep=0.27 (n=26)
update=382 global_step=782336 SPS=634 w_ev=0.152 m_ev=0.993 m_v_bias=3.0 m_adv_std=14.1245 m_kl_max=0.0047 m_ratio_max=0.419 w_ax@goal=+0.45 w_v@goal=3.84 return=985.3 length=83 success_rate=1.00 collisions/ep=0.44 (n=27)
update=383 global_step=784384 SPS=635 w_ev=0.142 m_ev=0.990 m_v_bias=5.9 m_adv_std=17.2496 m_kl_max=0.0265 m_ratio_max=2.151 w_ax@goal=+0.52 w_v@goal=3.72 return=977.4 length=83 success_rate=1.00 collisions/ep=0.61 (n=23)
update=384 global_step=786432 SPS=635 w_ev=0.234 m_ev=0.984 m_v_bias=-0.2 m_adv_std=22.7702 m_kl_max=0.0121 m_ratio_max=0.600 w_ax@goal=+0.42 w_v@goal=3.63 return=977.8 length=83 success_rate=1.00 collisions/ep=0.60 (n=25)
update=385 global_step=788480 SPS=636 w_ev=0.186 m_ev=0.990 m_v_bias=-3.4 m_adv_std=17.2246 m_kl_max=0.0125 m_ratio_max=0.812 w_ax@goal=+0.32 w_v@goal=3.62 return=985.6 length=85 success_rate=1.00 collisions/ep=0.46 (n=24)
Evaluation at update 385: return=1009.12, length=78.85, success_rate=1.00, collisions/ep=0.05
Solved-check at update 385: solved=False worst_gap=52.22 at p_x0=0.50 p_y0=-1.00 (consecutive=7)
update=386 global_step=790528 SPS=634 w_ev=0.162 m_ev=0.984 m_v_bias=1.6 m_adv_std=21.8998 m_kl_max=0.0055 m_ratio_max=0.393 w_ax@goal=+0.57 w_v@goal=3.64 return=980.3 length=85 success_rate=1.00 collisions/ep=0.58 (n=24)
update=387 global_step=792576 SPS=635 w_ev=0.193 m_ev=0.975 m_v_bias=5.5 m_adv_std=27.6024 m_kl_max=0.0057 m_ratio_max=0.411 w_ax@goal=+0.45 w_v@goal=3.64 return=978.4 length=82 success_rate=1.00 collisions/ep=0.60 (n=25)
update=388 global_step=794624 SPS=635 w_ev=0.118 m_ev=0.993 m_v_bias=-4.8 m_adv_std=14.5712 m_kl_max=0.0057 m_ratio_max=0.429 w_ax@goal=+0.51 w_v@goal=3.58 return=981.0 length=83 success_rate=1.00 collisions/ep=0.54 (n=24)
update=389 global_step=796672 SPS=636 w_ev=0.208 m_ev=0.975 m_v_bias=6.3 m_adv_std=28.0465 m_kl_max=0.0047 m_ratio_max=0.363 w_ax@goal=+0.35 w_v@goal=3.59 return=971.4 length=83 success_rate=1.00 collisions/ep=0.72 (n=25)
update=390 global_step=798720 SPS=637 w_ev=0.199 m_ev=0.970 m_v_bias=2.2 m_adv_std=31.3007 m_kl_max=0.0079 m_ratio_max=0.416 w_ax@goal=+0.34 w_v@goal=3.50 return=961.7 length=84 success_rate=1.00 collisions/ep=0.92 (n=25)
Evaluation at update 390: return=992.53, length=80.35, success_rate=1.00, collisions/ep=0.35
Solved-check at update 390: solved=False worst_gap=55.12 at p_x0=0.00 p_y0=-1.00 (consecutive=0)
update=391 global_step=800768 SPS=635 w_ev=0.136 m_ev=0.982 m_v_bias=-4.3 m_adv_std=24.1630 m_kl_max=0.0606 m_ratio_max=3.258 w_ax@goal=+0.39 w_v@goal=3.62 return=983.7 length=82 success_rate=1.00 collisions/ep=0.46 (n=24)
update=392 global_step=802816 SPS=635 w_ev=0.177 m_ev=0.983 m_v_bias=3.3 m_adv_std=23.5087 m_kl_max=0.0111 m_ratio_max=0.546 w_ax@goal=+0.25 w_v@goal=3.56 return=975.2 length=86 success_rate=1.00 collisions/ep=0.62 (n=24)
update=393 global_step=804864 SPS=636 w_ev=0.171 m_ev=0.973 m_v_bias=-1.8 m_adv_std=29.1153 m_kl_max=0.0070 m_ratio_max=0.604 w_ax@goal=+0.28 w_v@goal=3.51 return=975.2 length=86 success_rate=1.00 collisions/ep=0.62 (n=24)
update=394 global_step=806912 SPS=637 w_ev=0.191 m_ev=0.990 m_v_bias=-1.7 m_adv_std=17.9612 m_kl_max=0.0344 m_ratio_max=0.855 w_ax@goal=+0.25 w_v@goal=3.46 return=991.1 length=85 success_rate=1.00 collisions/ep=0.29 (n=24)
update=395 global_step=808960 SPS=637 w_ev=0.091 m_ev=0.989 m_v_bias=3.4 m_adv_std=18.7558 m_kl_max=0.0088 m_ratio_max=0.662 w_ax@goal=+0.23 w_v@goal=3.58 return=981.3 length=84 success_rate=1.00 collisions/ep=0.50 (n=24)
Evaluation at update 395: return=1005.48, length=80.00, success_rate=1.00, collisions/ep=0.10
Solved-check at update 395: solved=False worst_gap=54.20 at p_x0=0.00 p_y0=-1.00 (consecutive=0)
update=396 global_step=811008 SPS=635 w_ev=0.134 m_ev=0.981 m_v_bias=4.3 m_adv_std=25.4560 m_kl_max=0.0087 m_ratio_max=0.593 w_ax@goal=+0.37 w_v@goal=3.66 return=967.8 length=86 success_rate=1.00 collisions/ep=0.78 (n=23)
update=397 global_step=813056 SPS=636 w_ev=0.166 m_ev=0.980 m_v_bias=1.6 m_adv_std=25.8761 m_kl_max=0.0078 m_ratio_max=0.550 w_ax@goal=+0.37 w_v@goal=3.68 return=961.4 length=83 success_rate=1.00 collisions/ep=0.92 (n=25)
update=398 global_step=815104 SPS=636 w_ev=0.154 m_ev=0.967 m_v_bias=5.8 m_adv_std=34.2723 m_kl_max=0.0022 m_ratio_max=0.337 w_ax@goal=+0.31 w_v@goal=3.82 return=953.3 length=84 success_rate=1.00 collisions/ep=1.08 (n=26)
update=399 global_step=817152 SPS=637 w_ev=0.158 m_ev=0.992 m_v_bias=-11.5 m_adv_std=16.6395 m_kl_max=0.0107 m_ratio_max=0.728 w_ax@goal=+0.38 w_v@goal=3.67 return=977.2 length=84 success_rate=1.00 collisions/ep=0.61 (n=23)
update=400 global_step=819200 SPS=637 w_ev=0.157 m_ev=0.991 m_v_bias=-1.5 m_adv_std=16.8782 m_kl_max=0.0039 m_ratio_max=0.291 w_ax@goal=+0.35 w_v@goal=3.76 return=962.2 length=86 success_rate=1.00 collisions/ep=0.92 (n=24)
Evaluation at update 400: return=964.03, length=78.95, success_rate=1.00, collisions/ep=0.95
Solved-check at update 400: solved=False worst_gap=52.07 at p_x0=0.00 p_y0=-1.00 (consecutive=0)
update=401 global_step=821248 SPS=635 w_ev=0.164 m_ev=0.980 m_v_bias=4.3 m_adv_std=25.9004 m_kl_max=0.0272 m_ratio_max=0.709 w_ax@goal=+0.29 w_v@goal=3.76 return=960.6 length=84 success_rate=1.00 collisions/ep=0.96 (n=24)
update=402 global_step=823296 SPS=636 w_ev=0.151 m_ev=0.974 m_v_bias=-3.4 m_adv_std=30.0640 m_kl_max=0.0263 m_ratio_max=0.766 w_ax@goal=+0.43 w_v@goal=3.72 return=968.8 length=84 success_rate=1.00 collisions/ep=0.79 (n=24)
update=403 global_step=825344 SPS=637 w_ev=0.129 m_ev=0.981 m_v_bias=1.9 m_adv_std=24.9776 m_kl_max=0.0057 m_ratio_max=0.478 w_ax@goal=+0.41 w_v@goal=3.75 return=960.6 length=83 success_rate=1.00 collisions/ep=0.96 (n=24)
update=404 global_step=827392 SPS=637 w_ev=0.192 m_ev=0.983 m_v_bias=-2.7 m_adv_std=23.4236 m_kl_max=0.0070 m_ratio_max=0.491 w_ax@goal=+0.36 w_v@goal=3.61 return=963.7 length=82 success_rate=1.00 collisions/ep=0.88 (n=26)
update=405 global_step=829440 SPS=638 w_ev=0.129 m_ev=0.955 m_v_bias=8.9 m_adv_std=39.5255 m_kl_max=0.0052 m_ratio_max=0.838 w_ax@goal=+0.40 w_v@goal=3.62 return=948.8 length=86 success_rate=1.00 collisions/ep=1.21 (n=24)
Evaluation at update 405: return=962.13, length=78.20, success_rate=1.00, collisions/ep=1.00
Solved-check at update 405: solved=False worst_gap=51.20 at p_x0=0.00 p_y0=-1.00 (consecutive=0)
update=406 global_step=831488 SPS=636 w_ev=0.151 m_ev=0.977 m_v_bias=-2.9 m_adv_std=26.5488 m_kl_max=0.0042 m_ratio_max=0.442 w_ax@goal=+0.31 w_v@goal=3.73 return=962.7 length=82 success_rate=1.00 collisions/ep=0.92 (n=25)
update=407 global_step=833536 SPS=637 w_ev=0.141 m_ev=0.992 m_v_bias=-3.9 m_adv_std=15.8262 m_kl_max=0.0130 m_ratio_max=0.630 w_ax@goal=+0.43 w_v@goal=3.71 return=966.9 length=83 success_rate=1.00 collisions/ep=0.83 (n=24)
update=408 global_step=835584 SPS=638 w_ev=0.133 m_ev=0.982 m_v_bias=4.7 m_adv_std=23.6579 m_kl_max=0.0076 m_ratio_max=0.439 w_ax@goal=+0.39 w_v@goal=3.72 return=966.5 length=82 success_rate=1.00 collisions/ep=0.85 (n=26)
update=409 global_step=837632 SPS=638 w_ev=0.152 m_ev=0.969 m_v_bias=3.4 m_adv_std=32.1684 m_kl_max=0.0046 m_ratio_max=0.392 w_ax@goal=+0.53 w_v@goal=3.59 return=949.3 length=83 success_rate=1.00 collisions/ep=1.21 (n=24)
update=410 global_step=839680 SPS=639 w_ev=0.177 m_ev=0.965 m_v_bias=-9.9 m_adv_std=33.8612 m_kl_max=0.0519 m_ratio_max=0.958 w_ax@goal=+0.40 w_v@goal=3.69 return=971.4 length=83 success_rate=1.00 collisions/ep=0.77 (n=26)
Evaluation at update 410: return=1007.34, length=78.05, success_rate=1.00, collisions/ep=0.10
Solved-check at update 410: solved=False worst_gap=50.91 at p_x0=0.00 p_y0=-1.00 (consecutive=0)
update=411 global_step=841728 SPS=637 w_ev=0.139 m_ev=0.956 m_v_bias=8.4 m_adv_std=38.5245 m_kl_max=0.0185 m_ratio_max=0.696 w_ax@goal=+0.43 w_v@goal=3.58 return=959.9 length=82 success_rate=1.00 collisions/ep=1.00 (n=24)
update=412 global_step=843776 SPS=637 w_ev=0.174 m_ev=0.970 m_v_bias=-2.5 m_adv_std=31.8028 m_kl_max=0.0636 m_ratio_max=1.554 w_ax@goal=+0.47 w_v@goal=3.62 return=968.5 length=81 success_rate=1.00 collisions/ep=0.81 (n=26)
update=413 global_step=845824 SPS=638 w_ev=0.197 m_ev=0.909 m_v_bias=11.6 m_adv_std=58.8170 m_kl_max=0.0159 m_ratio_max=0.554 w_ax@goal=+0.52 w_v@goal=3.61 return=928.6 length=83 success_rate=1.00 collisions/ep=1.60 (n=25)
update=414 global_step=847872 SPS=639 w_ev=0.166 m_ev=0.970 m_v_bias=-8.9 m_adv_std=30.9403 m_kl_max=0.0094 m_ratio_max=0.660 w_ax@goal=+0.40 w_v@goal=3.60 return=972.7 length=82 success_rate=1.00 collisions/ep=0.71 (n=24)
update=415 global_step=849920 SPS=639 w_ev=0.196 m_ev=0.984 m_v_bias=-4.3 m_adv_std=22.3727 m_kl_max=0.0157 m_ratio_max=0.692 w_ax@goal=+0.32 w_v@goal=3.65 return=983.4 length=84 success_rate=1.00 collisions/ep=0.50 (n=24)
Evaluation at update 415: return=989.06, length=78.90, success_rate=1.00, collisions/ep=0.45
Solved-check at update 415: solved=False worst_gap=51.93 at p_x0=1.00 p_y0=0.50 (consecutive=0)
update=416 global_step=851968 SPS=637 w_ev=0.244 m_ev=0.989 m_v_bias=-1.8 m_adv_std=17.7558 m_kl_max=0.0169 m_ratio_max=1.207 w_ax@goal=+0.28 w_v@goal=3.48 return=981.0 length=83 success_rate=1.00 collisions/ep=0.54 (n=24)
update=417 global_step=854016 SPS=638 w_ev=0.152 m_ev=0.978 m_v_bias=4.6 m_adv_std=26.5177 m_kl_max=0.0065 m_ratio_max=0.557 w_ax@goal=+0.41 w_v@goal=3.76 return=976.4 length=84 success_rate=1.00 collisions/ep=0.64 (n=25)
update=418 global_step=856064 SPS=639 w_ev=0.204 m_ev=0.986 m_v_bias=-3.3 m_adv_std=21.1757 m_kl_max=0.0091 m_ratio_max=0.629 w_ax@goal=+0.38 w_v@goal=3.74 return=976.1 length=85 success_rate=1.00 collisions/ep=0.64 (n=25)
update=419 global_step=858112 SPS=639 w_ev=0.178 m_ev=0.987 m_v_bias=0.9 m_adv_std=20.2329 m_kl_max=0.0125 m_ratio_max=1.127 w_ax@goal=+0.35 w_v@goal=3.54 return=981.7 length=82 success_rate=1.00 collisions/ep=0.54 (n=24)
update=420 global_step=860160 SPS=640 w_ev=0.183 m_ev=0.986 m_v_bias=-1.4 m_adv_std=20.1894 m_kl_max=0.0044 m_ratio_max=0.345 w_ax@goal=+0.52 w_v@goal=3.55 return=981.1 length=83 success_rate=1.00 collisions/ep=0.56 (n=25)
Evaluation at update 420: return=1009.02, length=78.95, success_rate=1.00, collisions/ep=0.05
Solved-check at update 420: solved=False worst_gap=52.07 at p_x0=1.00 p_y0=-1.00 (consecutive=0)
update=421 global_step=862208 SPS=638 w_ev=0.221 m_ev=0.988 m_v_bias=-1.5 m_adv_std=18.9481 m_kl_max=0.0159 m_ratio_max=0.576 w_ax@goal=+0.47 w_v@goal=3.43 return=983.6 length=83 success_rate=1.00 collisions/ep=0.50 (n=24)
update=422 global_step=864256 SPS=639 w_ev=0.221 m_ev=0.967 m_v_bias=11.1 m_adv_std=32.5948 m_kl_max=0.0230 m_ratio_max=0.735 w_ax@goal=+0.47 w_v@goal=3.43 return=973.1 length=81 success_rate=1.00 collisions/ep=0.69 (n=26)
update=423 global_step=866304 SPS=639 w_ev=0.181 m_ev=0.989 m_v_bias=-4.9 m_adv_std=18.9798 m_kl_max=0.0082 m_ratio_max=0.509 w_ax@goal=+0.31 w_v@goal=3.62 return=975.6 length=84 success_rate=1.00 collisions/ep=0.62 (n=26)
update=424 global_step=868352 SPS=640 w_ev=0.112 m_ev=0.982 m_v_bias=-3.3 m_adv_std=23.9473 m_kl_max=0.0148 m_ratio_max=0.708 w_ax@goal=+0.37 w_v@goal=3.69 return=976.3 length=86 success_rate=1.00 collisions/ep=0.65 (n=23)
update=425 global_step=870400 SPS=640 w_ev=0.190 m_ev=0.982 m_v_bias=-1.1 m_adv_std=23.2025 m_kl_max=0.0054 m_ratio_max=0.562 w_ax@goal=+0.56 w_v@goal=3.66 return=979.6 length=84 success_rate=1.00 collisions/ep=0.58 (n=24)
Evaluation at update 425: return=991.70, length=78.90, success_rate=1.00, collisions/ep=0.40
Solved-check at update 425: solved=False worst_gap=52.00 at p_x0=0.50 p_y0=-1.00 (consecutive=0)
update=426 global_step=872448 SPS=639 w_ev=0.146 m_ev=0.985 m_v_bias=1.5 m_adv_std=21.4442 m_kl_max=0.0089 m_ratio_max=0.422 w_ax@goal=+0.40 w_v@goal=3.80 return=978.2 length=82 success_rate=1.00 collisions/ep=0.60 (n=25)
update=427 global_step=874496 SPS=639 w_ev=0.151 m_ev=0.941 m_v_bias=19.1 m_adv_std=44.7669 m_kl_max=0.0119 m_ratio_max=0.681 w_ax@goal=+0.38 w_v@goal=3.81 return=947.4 length=83 success_rate=1.00 collisions/ep=1.21 (n=24)
update=428 global_step=876544 SPS=640 w_ev=0.152 m_ev=0.989 m_v_bias=-5.9 m_adv_std=18.5944 m_kl_max=0.0087 m_ratio_max=0.886 w_ax@goal=+0.39 w_v@goal=3.89 return=963.3 length=84 success_rate=1.00 collisions/ep=0.88 (n=26)
update=429 global_step=878592 SPS=640 w_ev=0.165 m_ev=0.988 m_v_bias=-0.3 m_adv_std=19.3372 m_kl_max=0.0053 m_ratio_max=0.461 w_ax@goal=+0.36 w_v@goal=3.76 return=963.6 length=82 success_rate=1.00 collisions/ep=0.88 (n=24)
update=430 global_step=880640 SPS=641 w_ev=0.201 m_ev=0.986 m_v_bias=-1.7 m_adv_std=21.3018 m_kl_max=0.0221 m_ratio_max=1.316 w_ax@goal=+0.43 w_v@goal=3.60 return=969.1 length=84 success_rate=1.00 collisions/ep=0.79 (n=24)
Evaluation at update 430: return=961.75, length=78.70, success_rate=1.00, collisions/ep=1.00
Solved-check at update 430: solved=False worst_gap=51.68 at p_x0=0.00 p_y0=-1.00 (consecutive=0)
update=431 global_step=882688 SPS=639 w_ev=0.186 m_ev=0.970 m_v_bias=2.6 m_adv_std=31.3833 m_kl_max=0.0170 m_ratio_max=1.557 w_ax@goal=+0.37 w_v@goal=3.75 return=962.1 length=82 success_rate=1.00 collisions/ep=0.92 (n=26)
update=432 global_step=884736 SPS=639 w_ev=0.138 m_ev=0.977 m_v_bias=0.6 m_adv_std=27.1557 m_kl_max=0.0205 m_ratio_max=1.246 w_ax@goal=+0.47 w_v@goal=3.43 return=952.0 length=83 success_rate=1.00 collisions/ep=1.12 (n=24)
update=433 global_step=886784 SPS=640 w_ev=0.139 m_ev=0.984 m_v_bias=-0.4 m_adv_std=22.1536 m_kl_max=0.0207 m_ratio_max=1.243 w_ax@goal=+0.41 w_v@goal=3.49 return=958.1 length=84 success_rate=1.00 collisions/ep=1.00 (n=24)
update=434 global_step=888832 SPS=640 w_ev=0.189 m_ev=0.990 m_v_bias=-7.7 m_adv_std=17.3588 m_kl_max=0.0360 m_ratio_max=1.723 w_ax@goal=+0.33 w_v@goal=3.47 return=984.5 length=82 success_rate=1.00 collisions/ep=0.46 (n=26)
update=435 global_step=890880 SPS=641 w_ev=0.245 m_ev=0.976 m_v_bias=5.8 m_adv_std=27.7907 m_kl_max=0.0039 m_ratio_max=0.373 w_ax@goal=+0.52 w_v@goal=3.22 return=969.3 length=84 success_rate=1.00 collisions/ep=0.78 (n=23)
Evaluation at update 435: return=1008.96, length=79.00, success_rate=1.00, collisions/ep=0.05
Solved-check at update 435: solved=False worst_gap=51.43 at p_x0=2.00 p_y0=0.00 (consecutive=0)
update=436 global_step=892928 SPS=639 w_ev=0.117 m_ev=0.965 m_v_bias=3.2 m_adv_std=34.8485 m_kl_max=0.0192 m_ratio_max=0.821 w_ax@goal=+0.29 w_v@goal=3.45 return=966.0 length=85 success_rate=1.00 collisions/ep=0.83 (n=24)
update=437 global_step=894976 SPS=639 w_ev=0.169 m_ev=0.965 m_v_bias=-2.4 m_adv_std=33.2527 m_kl_max=0.0132 m_ratio_max=0.719 w_ax@goal=+0.43 w_v@goal=3.47 return=961.7 length=84 success_rate=1.00 collisions/ep=0.92 (n=26)
update=438 global_step=897024 SPS=640 w_ev=0.228 m_ev=0.982 m_v_bias=-1.0 m_adv_std=24.9059 m_kl_max=0.0134 m_ratio_max=1.079 w_ax@goal=+0.35 w_v@goal=3.36 return=973.2 length=85 success_rate=1.00 collisions/ep=0.68 (n=25)
update=439 global_step=899072 SPS=640 w_ev=0.179 m_ev=0.975 m_v_bias=2.8 m_adv_std=29.7048 m_kl_max=0.0113 m_ratio_max=0.780 w_ax@goal=+0.37 w_v@goal=3.31 return=953.1 length=86 success_rate=1.00 collisions/ep=1.08 (n=24)
update=440 global_step=901120 SPS=641 w_ev=0.170 m_ev=0.975 m_v_bias=-6.8 m_adv_std=28.3226 m_kl_max=0.0258 m_ratio_max=0.974 w_ax@goal=+0.49 w_v@goal=3.50 return=978.5 length=86 success_rate=1.00 collisions/ep=0.59 (n=22)
Evaluation at update 440: return=1011.13, length=79.25, success_rate=1.00, collisions/ep=0.00
Solved-check at update 440: solved=True worst_gap=2.92 at p_x0=0.00 p_y0=-1.00 (consecutive=0)
update=441 global_step=903168 SPS=639 w_ev=0.202 m_ev=0.937 m_v_bias=7.6 m_adv_std=47.4368 m_kl_max=0.0178 m_ratio_max=0.720 w_ax@goal=+0.45 w_v@goal=3.57 return=967.4 length=86 success_rate=1.00 collisions/ep=0.81 (n=26)
update=442 global_step=905216 SPS=640 w_ev=0.163 m_ev=0.975 m_v_bias=-12.5 m_adv_std=28.0154 m_kl_max=0.0076 m_ratio_max=0.523 w_ax@goal=+0.38 w_v@goal=3.71 return=969.9 length=84 success_rate=1.00 collisions/ep=0.74 (n=23)
update=443 global_step=907264 SPS=640 w_ev=0.163 m_ev=0.981 m_v_bias=2.9 m_adv_std=24.9495 m_kl_max=0.0081 m_ratio_max=0.695 w_ax@goal=+0.44 w_v@goal=3.80 return=971.4 length=84 success_rate=1.00 collisions/ep=0.72 (n=25)
update=444 global_step=909312 SPS=641 w_ev=0.181 m_ev=0.987 m_v_bias=-0.5 m_adv_std=20.4496 m_kl_max=0.0166 m_ratio_max=0.562 w_ax@goal=+0.39 w_v@goal=3.67 return=975.5 length=84 success_rate=1.00 collisions/ep=0.62 (n=24)
update=445 global_step=911360 SPS=641 w_ev=0.216 m_ev=0.960 m_v_bias=8.5 m_adv_std=36.7921 m_kl_max=0.0067 m_ratio_max=0.896 w_ax@goal=+0.35 w_v@goal=3.53 return=960.2 length=86 success_rate=1.00 collisions/ep=0.92 (n=24)
Evaluation at update 445: return=965.76, length=79.75, success_rate=1.00, collisions/ep=0.90
Solved-check at update 445: solved=False worst_gap=52.94 at p_x0=1.00 p_y0=0.50 (consecutive=1)
update=446 global_step=913408 SPS=639 w_ev=0.219 m_ev=0.968 m_v_bias=8.1 m_adv_std=34.3376 m_kl_max=0.0072 m_ratio_max=0.480 w_ax@goal=+0.54 w_v@goal=3.50 return=944.1 length=86 success_rate=1.00 collisions/ep=1.25 (n=24)
update=447 global_step=915456 SPS=640 w_ev=0.145 m_ev=0.975 m_v_bias=-4.2 m_adv_std=29.0769 m_kl_max=0.0133 m_ratio_max=0.825 w_ax@goal=+0.26 w_v@goal=3.65 return=954.0 length=83 success_rate=1.00 collisions/ep=1.04 (n=24)
update=448 global_step=917504 SPS=640 w_ev=0.191 m_ev=0.980 m_v_bias=-1.6 m_adv_std=25.7427 m_kl_max=0.0114 m_ratio_max=0.804 w_ax@goal=+0.41 w_v@goal=3.51 return=965.4 length=84 success_rate=1.00 collisions/ep=0.83 (n=24)
update=449 global_step=919552 SPS=641 w_ev=0.190 m_ev=0.985 m_v_bias=-2.8 m_adv_std=21.7762 m_kl_max=0.0104 m_ratio_max=1.150 w_ax@goal=+0.45 w_v@goal=3.55 return=969.4 length=85 success_rate=1.00 collisions/ep=0.75 (n=24)
update=450 global_step=921600 SPS=642 w_ev=0.169 m_ev=0.964 m_v_bias=0.0 m_adv_std=34.8352 m_kl_max=0.0071 m_ratio_max=0.490 w_ax@goal=+0.44 w_v@goal=3.47 return=970.6 length=86 success_rate=1.00 collisions/ep=0.71 (n=24)
Evaluation at update 450: return=1010.11, length=80.20, success_rate=1.00, collisions/ep=0.00
Solved-check at update 450: solved=False worst_gap=53.71 at p_x0=1.00 p_y0=-1.00 (consecutive=0)
update=451 global_step=923648 SPS=640 w_ev=0.244 m_ev=0.977 m_v_bias=-1.8 m_adv_std=27.4874 m_kl_max=0.0284 m_ratio_max=0.844 w_ax@goal=+0.51 w_v@goal=3.34 return=971.1 length=87 success_rate=1.00 collisions/ep=0.71 (n=24)
update=452 global_step=925696 SPS=640 w_ev=0.185 m_ev=0.983 m_v_bias=8.4 m_adv_std=23.3523 m_kl_max=0.0265 m_ratio_max=0.717 w_ax@goal=+0.35 w_v@goal=3.45 return=964.2 length=85 success_rate=1.00 collisions/ep=0.83 (n=23)
update=453 global_step=927744 SPS=641 w_ev=0.162 m_ev=0.960 m_v_bias=-4.4 m_adv_std=36.8028 m_kl_max=0.0123 m_ratio_max=0.468 w_ax@goal=+0.23 w_v@goal=3.52 return=964.1 length=86 success_rate=1.00 collisions/ep=0.83 (n=24)
update=454 global_step=929792 SPS=642 w_ev=0.257 m_ev=0.977 m_v_bias=3.5 m_adv_std=27.5812 m_kl_max=0.0429 m_ratio_max=0.801 w_ax@goal=+0.37 w_v@goal=3.36 return=975.3 length=86 success_rate=1.00 collisions/ep=0.62 (n=24)
update=455 global_step=931840 SPS=642 w_ev=0.291 m_ev=0.972 m_v_bias=0.7 m_adv_std=30.6077 m_kl_max=0.0518 m_ratio_max=1.737 w_ax@goal=+0.51 w_v@goal=3.23 return=982.6 length=85 success_rate=1.00 collisions/ep=0.50 (n=24)
Evaluation at update 455: return=1009.84, length=80.45, success_rate=1.00, collisions/ep=0.00
Solved-check at update 455: solved=True worst_gap=3.54 at p_x0=1.50 p_y0=0.50 (consecutive=0)
update=456 global_step=933888 SPS=640 w_ev=0.308 m_ev=0.930 m_v_bias=12.3 m_adv_std=51.8354 m_kl_max=0.0155 m_ratio_max=0.870 w_ax@goal=+0.50 w_v@goal=3.11 return=940.0 length=86 success_rate=1.00 collisions/ep=1.29 (n=24)
update=457 global_step=935936 SPS=641 w_ev=0.236 m_ev=0.971 m_v_bias=-6.1 m_adv_std=33.0279 m_kl_max=0.0123 m_ratio_max=0.685 w_ax@goal=+0.47 w_v@goal=3.12 return=968.9 length=90 success_rate=1.00 collisions/ep=0.70 (n=23)
update=458 global_step=937984 SPS=641 w_ev=0.278 m_ev=0.976 m_v_bias=-9.6 m_adv_std=28.1176 m_kl_max=0.0119 m_ratio_max=0.480 w_ax@goal=+0.32 w_v@goal=3.17 return=971.6 length=85 success_rate=1.00 collisions/ep=0.67 (n=24)
update=459 global_step=940032 SPS=642 w_ev=0.259 m_ev=0.980 m_v_bias=-0.3 m_adv_std=25.8583 m_kl_max=0.0090 m_ratio_max=0.551 w_ax@goal=+0.45 w_v@goal=3.36 return=978.8 length=85 success_rate=1.00 collisions/ep=0.52 (n=23)
update=460 global_step=942080 SPS=643 w_ev=0.256 m_ev=0.986 m_v_bias=-1.9 m_adv_std=21.3554 m_kl_max=0.0219 m_ratio_max=0.628 w_ax@goal=+0.41 w_v@goal=3.44 return=987.9 length=87 success_rate=1.00 collisions/ep=0.38 (n=24)
Evaluation at update 460: return=1007.65, length=82.75, success_rate=1.00, collisions/ep=0.00
Solved-check at update 460: solved=False worst_gap=6.59 at p_x0=0.00 p_y0=1.00 (consecutive=1)
update=461 global_step=944128 SPS=641 w_ev=0.105 m_ev=0.979 m_v_bias=6.8 m_adv_std=26.3131 m_kl_max=0.0260 m_ratio_max=0.758 w_ax@goal=+0.21 w_v@goal=3.53 return=986.3 length=90 success_rate=1.00 collisions/ep=0.32 (n=22)
update=462 global_step=946176 SPS=641 w_ev=0.237 m_ev=0.975 m_v_bias=3.2 m_adv_std=28.7736 m_kl_max=0.0044 m_ratio_max=0.425 w_ax@goal=+0.43 w_v@goal=3.40 return=980.3 length=90 success_rate=1.00 collisions/ep=0.45 (n=22)
update=463 global_step=948224 SPS=642 w_ev=0.236 m_ev=0.986 m_v_bias=-2.3 m_adv_std=21.8481 m_kl_max=0.0076 m_ratio_max=0.600 w_ax@goal=+0.30 w_v@goal=3.51 return=981.1 length=92 success_rate=1.00 collisions/ep=0.42 (n=24)
update=464 global_step=950272 SPS=642 w_ev=0.246 m_ev=0.949 m_v_bias=23.3 m_adv_std=44.9271 m_kl_max=0.0171 m_ratio_max=0.871 w_ax@goal=+0.32 w_v@goal=3.45 return=942.4 length=92 success_rate=1.00 collisions/ep=1.14 (n=22)
update=465 global_step=952320 SPS=643 w_ev=0.249 m_ev=0.971 m_v_bias=-9.0 m_adv_std=32.4886 m_kl_max=0.0113 m_ratio_max=0.668 w_ax@goal=+0.51 w_v@goal=3.43 return=966.3 length=90 success_rate=1.00 collisions/ep=0.74 (n=23)
Evaluation at update 465: return=1002.32, length=88.00, success_rate=1.00, collisions/ep=0.00
Solved-check at update 465: solved=False worst_gap=12.75 at p_x0=0.00 p_y0=1.00 (consecutive=0)
update=466 global_step=954368 SPS=641 w_ev=0.190 m_ev=0.986 m_v_bias=-4.3 m_adv_std=22.9647 m_kl_max=0.0112 m_ratio_max=0.580 w_ax@goal=+0.27 w_v@goal=3.76 return=972.1 length=93 success_rate=1.00 collisions/ep=0.55 (n=22)
update=467 global_step=956416 SPS=641 w_ev=0.123 m_ev=0.980 m_v_bias=2.2 m_adv_std=26.7238 m_kl_max=0.0061 m_ratio_max=0.377 w_ax@goal=+0.04 w_v@goal=3.93 return=973.2 length=91 success_rate=1.00 collisions/ep=0.52 (n=23)
update=468 global_step=958464 SPS=642 w_ev=0.249 m_ev=0.976 m_v_bias=-1.2 m_adv_std=28.2623 m_kl_max=0.0083 m_ratio_max=0.879 w_ax@goal=+0.19 w_v@goal=3.48 return=978.6 length=90 success_rate=1.00 collisions/ep=0.43 (n=21)
update=469 global_step=960512 SPS=642 w_ev=0.209 m_ev=0.978 m_v_bias=-3.9 m_adv_std=27.9430 m_kl_max=0.0170 m_ratio_max=0.771 w_ax@goal=+0.35 w_v@goal=3.59 return=974.0 length=92 success_rate=1.00 collisions/ep=0.55 (n=22)
update=470 global_step=962560 SPS=643 w_ev=0.210 m_ev=0.984 m_v_bias=-7.0 m_adv_std=23.9827 m_kl_max=0.0266 m_ratio_max=0.641 w_ax@goal=+0.36 w_v@goal=3.82 return=969.3 length=90 success_rate=1.00 collisions/ep=0.67 (n=24)
Evaluation at update 470: return=1006.87, length=83.55, success_rate=1.00, collisions/ep=0.00
Solved-check at update 470: solved=False worst_gap=7.14 at p_x0=0.00 p_y0=1.00 (consecutive=0)
update=471 global_step=964608 SPS=641 w_ev=0.203 m_ev=0.973 m_v_bias=0.7 m_adv_std=30.8188 m_kl_max=0.0099 m_ratio_max=0.948 w_ax@goal=+0.25 w_v@goal=3.77 return=970.0 length=89 success_rate=1.00 collisions/ep=0.65 (n=23)
update=472 global_step=966656 SPS=642 w_ev=0.180 m_ev=0.975 m_v_bias=-3.1 m_adv_std=29.0471 m_kl_max=0.0029 m_ratio_max=0.268 w_ax@goal=+0.22 w_v@goal=3.79 return=979.4 length=86 success_rate=1.00 collisions/ep=0.48 (n=23)
update=473 global_step=968704 SPS=642 w_ev=0.168 m_ev=0.982 m_v_bias=4.2 m_adv_std=25.7354 m_kl_max=0.0269 m_ratio_max=0.981 w_ax@goal=+0.28 w_v@goal=3.70 return=978.9 length=90 success_rate=1.00 collisions/ep=0.46 (n=24)
update=474 global_step=970752 SPS=643 w_ev=0.228 m_ev=0.984 m_v_bias=0.3 m_adv_std=23.8871 m_kl_max=0.0142 m_ratio_max=0.860 w_ax@goal=+0.26 w_v@goal=3.56 return=966.5 length=89 success_rate=1.00 collisions/ep=0.70 (n=23)
update=475 global_step=972800 SPS=643 w_ev=0.260 m_ev=0.987 m_v_bias=-5.0 m_adv_std=21.4705 m_kl_max=0.0250 m_ratio_max=1.601 w_ax@goal=+0.42 w_v@goal=3.20 return=984.0 length=91 success_rate=1.00 collisions/ep=0.35 (n=23)
Evaluation at update 475: return=1003.70, length=86.55, success_rate=1.00, collisions/ep=0.00
Solved-check at update 475: solved=False worst_gap=11.19 at p_x0=0.00 p_y0=1.00 (consecutive=0)
update=476 global_step=974848 SPS=641 w_ev=0.182 m_ev=0.976 m_v_bias=9.9 m_adv_std=29.4062 m_kl_max=0.0133 m_ratio_max=0.941 w_ax@goal=+0.34 w_v@goal=3.53 return=966.2 length=92 success_rate=1.00 collisions/ep=0.67 (n=21)
update=477 global_step=976896 SPS=642 w_ev=0.282 m_ev=0.985 m_v_bias=-0.6 m_adv_std=22.6518 m_kl_max=0.0261 m_ratio_max=0.970 w_ax@goal=+0.60 w_v@goal=3.28 return=982.8 length=94 success_rate=1.00 collisions/ep=0.33 (n=21)
update=478 global_step=978944 SPS=643 w_ev=0.147 m_ev=0.984 m_v_bias=-2.9 m_adv_std=23.6519 m_kl_max=0.0145 m_ratio_max=0.500 w_ax@goal=+0.28 w_v@goal=3.79 return=976.7 length=92 success_rate=1.00 collisions/ep=0.45 (n=22)
update=479 global_step=980992 SPS=643 w_ev=0.184 m_ev=0.979 m_v_bias=4.4 m_adv_std=26.8170 m_kl_max=0.0319 m_ratio_max=0.821 w_ax@goal=+0.26 w_v@goal=3.75 return=981.9 length=93 success_rate=1.00 collisions/ep=0.35 (n=23)
update=480 global_step=983040 SPS=644 w_ev=0.232 m_ev=0.988 m_v_bias=-0.0 m_adv_std=20.9473 m_kl_max=0.0158 m_ratio_max=0.536 w_ax@goal=+0.18 w_v@goal=3.59 return=980.5 length=93 success_rate=1.00 collisions/ep=0.36 (n=22)
Evaluation at update 480: return=1005.42, length=84.85, success_rate=1.00, collisions/ep=0.00
Solved-check at update 480: solved=False worst_gap=9.10 at p_x0=0.00 p_y0=-0.50 (consecutive=0)
update=481 global_step=985088 SPS=643 w_ev=0.300 m_ev=0.990 m_v_bias=-4.7 m_adv_std=18.1058 m_kl_max=0.0082 m_ratio_max=0.957 w_ax@goal=+0.36 w_v@goal=3.30 return=984.4 length=93 success_rate=1.00 collisions/ep=0.30 (n=23)
update=482 global_step=987136 SPS=644 w_ev=0.187 m_ev=0.952 m_v_bias=12.7 m_adv_std=41.4538 m_kl_max=0.0260 m_ratio_max=0.533 w_ax@goal=+0.25 w_v@goal=3.51 return=952.3 length=94 success_rate=1.00 collisions/ep=0.90 (n=21)
update=483 global_step=989184 SPS=644 w_ev=0.163 m_ev=0.962 m_v_bias=1.1 m_adv_std=38.3058 m_kl_max=0.0118 m_ratio_max=0.536 w_ax@goal=+0.18 w_v@goal=3.62 return=979.8 length=90 success_rate=1.00 collisions/ep=0.41 (n=22)
update=484 global_step=991232 SPS=645 w_ev=0.165 m_ev=0.989 m_v_bias=-15.0 m_adv_std=19.2594 m_kl_max=0.0150 m_ratio_max=0.585 w_ax@goal=+0.22 w_v@goal=3.76 return=982.5 length=92 success_rate=1.00 collisions/ep=0.38 (n=24)
update=485 global_step=993280 SPS=646 w_ev=0.275 m_ev=0.987 m_v_bias=-3.1 m_adv_std=21.1313 m_kl_max=0.0109 m_ratio_max=0.614 w_ax@goal=+0.21 w_v@goal=3.36 return=983.3 length=88 success_rate=1.00 collisions/ep=0.39 (n=23)
Evaluation at update 485: return=1007.67, length=82.70, success_rate=1.00, collisions/ep=0.00
Solved-check at update 485: solved=False worst_gap=6.87 at p_x0=0.00 p_y0=-0.50 (consecutive=0)
update=486 global_step=995328 SPS=645 w_ev=0.276 m_ev=0.985 m_v_bias=-4.0 m_adv_std=21.9914 m_kl_max=0.0104 m_ratio_max=0.545 w_ax@goal=+0.33 w_v@goal=3.24 return=985.7 length=89 success_rate=1.00 collisions/ep=0.38 (n=24)
update=487 global_step=997376 SPS=646 w_ev=0.258 m_ev=0.992 m_v_bias=2.6 m_adv_std=16.4800 m_kl_max=0.0117 m_ratio_max=0.686 w_ax@goal=+0.18 w_v@goal=3.50 return=991.4 length=89 success_rate=1.00 collisions/ep=0.22 (n=23)
update=488 global_step=999424 SPS=647 w_ev=0.210 m_ev=0.973 m_v_bias=5.9 m_adv_std=30.4361 m_kl_max=0.0172 m_ratio_max=0.622 w_ax@goal=+0.27 w_v@goal=3.53 return=964.5 length=92 success_rate=1.00 collisions/ep=0.74 (n=19)
Saved checkpoints to C:\Users\loren\Desktop\MASTER THESIS\5_CODE\scenarios\slalom\scripts\scenarios/slalom/studies/blind_worker\coef_0\runs\hppo_slalom_1_1790410866
