Using device: cpu
Solved-check: precomputed optimal returns for 25 fixed initial conditions (mean=1013.0, min=1011.0, max=1015.0); solved-tolerance=5.0
num_envs=8 num_steps_per_env=256 worker_batch_size=2048 worker_minibatch_size=256 num_updates=488 timesteps=999424 (requested 1000000; 576 dropped by integer division)
update=1 global_step=2048 SPS=863 w_ev=0.075 m_ev=-0.000 m_v_bias=67.3 m_adv_std=162.1633 m_kl_max=0.0005 m_ratio_max=0.146 w_ax@goal=-0.25 w_v@goal=-0.12 return=-319.1 length=200 success_rate=0.12 collisions/ep=5.62 (n=8)
update=2 global_step=4096 SPS=800 w_ev=-0.010 m_ev=0.243 m_v_bias=50.5 m_adv_std=154.0507 m_kl_max=0.0017 m_ratio_max=0.178 w_ax@goal=-0.02 w_v@goal=-0.11 return=-437.1 length=200 success_rate=0.12 collisions/ep=7.62 (n=8)
update=3 global_step=6144 SPS=788 w_ev=-0.006 m_ev=0.302 m_v_bias=-4.1 m_adv_std=247.0870 m_kl_max=0.0022 m_ratio_max=0.252 w_ax@goal=-0.02 w_v@goal=-0.13 return=-46.5 length=177 success_rate=0.38 collisions/ep=6.00 (n=13)
update=4 global_step=8192 SPS=785 w_ev=0.039 m_ev=0.265 m_v_bias=57.4 m_adv_std=112.9910 m_kl_max=0.0021 m_ratio_max=0.217 w_ax@goal=-0.70 w_v@goal=-0.15 return=-618.9 length=200 success_rate=0.00 collisions/ep=8.27 (n=11)
update=5 global_step=10240 SPS=843 w_ev=0.124 m_ev=-0.015 m_v_bias=6.0 m_adv_std=132.4660 m_kl_max=0.0046 m_ratio_max=0.263 return=-744.9 length=200 success_rate=0.00 collisions/ep=10.75 (n=8)
Evaluation at update 5: return=-4747.95, length=200.00, success_rate=0.00, collisions/ep=91.70
Solved-check at update 5: solved=False worst_gap=7545.58 at p_x0=0.00 p_y0=-1.00 (consecutive=0)
update=6 global_step=12288 SPS=382 w_ev=0.182 m_ev=0.365 m_v_bias=-22.9 m_adv_std=244.6147 m_kl_max=0.0080 m_ratio_max=0.312 w_ax@goal=-0.39 w_v@goal=0.47 return=-408.7 length=190 success_rate=0.30 collisions/ep=11.30 (n=10)
update=7 global_step=14336 SPS=410 w_ev=0.202 m_ev=0.329 m_v_bias=6.0 m_adv_std=268.2610 m_kl_max=0.0232 m_ratio_max=0.845 w_ax@goal=+0.04 w_v@goal=0.76 return=-626.7 length=187 success_rate=0.21 collisions/ep=13.71 (n=14)
update=8 global_step=16384 SPS=433 w_ev=0.163 m_ev=0.640 m_v_bias=-89.0 m_adv_std=230.9673 m_kl_max=0.0108 m_ratio_max=0.465 w_ax@goal=+0.13 w_v@goal=0.82 return=-38.5 length=178 success_rate=0.55 collisions/ep=9.27 (n=11)
update=9 global_step=18432 SPS=455 w_ev=0.178 m_ev=0.488 m_v_bias=-45.8 m_adv_std=243.7500 m_kl_max=0.0219 m_ratio_max=0.590 w_ax@goal=-0.30 w_v@goal=1.04 return=46.4 length=166 success_rate=0.50 collisions/ep=7.00 (n=10)
update=10 global_step=20480 SPS=473 w_ev=0.160 m_ev=0.480 m_v_bias=31.3 m_adv_std=281.2977 m_kl_max=0.0256 m_ratio_max=0.733 w_ax@goal=+0.16 w_v@goal=1.38 return=-214.8 length=164 success_rate=0.47 collisions/ep=11.67 (n=15)
Evaluation at update 10: return=536.61, length=91.80, success_rate=1.00, collisions/ep=9.25
Solved-check at update 10: solved=False worst_gap=523.82 at p_x0=0.50 p_y0=-1.00 (consecutive=0)
update=11 global_step=22528 SPS=413 w_ev=0.077 m_ev=0.697 m_v_bias=-182.9 m_adv_std=192.8555 m_kl_max=0.0172 m_ratio_max=0.625 w_ax@goal=+0.28 w_v@goal=1.90 return=456.0 length=135 success_rate=1.00 collisions/ep=10.00 (n=16)
update=12 global_step=24576 SPS=436 w_ev=0.083 m_ev=0.773 m_v_bias=-24.0 m_adv_std=154.4666 m_kl_max=0.0202 m_ratio_max=0.560 w_ax@goal=+0.14 w_v@goal=2.27 return=508.5 length=126 success_rate=0.93 collisions/ep=7.80 (n=15)
update=13 global_step=26624 SPS=457 w_ev=-0.017 m_ev=0.804 m_v_bias=-75.3 m_adv_std=127.1229 m_kl_max=0.0221 m_ratio_max=0.514 w_ax@goal=+0.13 w_v@goal=2.88 return=606.9 length=119 success_rate=1.00 collisions/ep=7.37 (n=19)
update=14 global_step=28672 SPS=477 w_ev=0.050 m_ev=0.827 m_v_bias=-22.3 m_adv_std=117.1935 m_kl_max=0.0199 m_ratio_max=0.740 w_ax@goal=+0.54 w_v@goal=3.00 return=710.8 length=104 success_rate=1.00 collisions/ep=5.57 (n=21)
update=15 global_step=30720 SPS=497 w_ev=0.080 m_ev=0.840 m_v_bias=21.9 m_adv_std=115.7622 m_kl_max=0.0263 m_ratio_max=0.685 w_ax@goal=+0.22 w_v@goal=3.06 return=658.5 length=109 success_rate=1.00 collisions/ep=6.50 (n=16)
Evaluation at update 15: return=596.22, length=82.05, success_rate=1.00, collisions/ep=8.25
Solved-check at update 15: solved=False worst_gap=456.00 at p_x0=1.00 p_y0=-1.00 (consecutive=0)
update=16 global_step=32768 SPS=473 w_ev=0.033 m_ev=0.892 m_v_bias=-26.6 m_adv_std=85.3050 m_kl_max=0.0149 m_ratio_max=0.459 w_ax@goal=+0.46 w_v@goal=3.36 return=740.8 length=102 success_rate=1.00 collisions/ep=5.00 (n=22)
update=17 global_step=34816 SPS=490 w_ev=-0.001 m_ev=0.852 m_v_bias=-11.6 m_adv_std=108.9754 m_kl_max=0.0077 m_ratio_max=0.309 w_ax@goal=+0.58 w_v@goal=3.49 return=773.2 length=95 success_rate=1.00 collisions/ep=4.48 (n=23)
update=18 global_step=36864 SPS=506 w_ev=0.056 m_ev=0.888 m_v_bias=-35.1 m_adv_std=83.8189 m_kl_max=0.0130 m_ratio_max=0.564 w_ax@goal=+0.47 w_v@goal=3.57 return=806.9 length=93 success_rate=1.00 collisions/ep=3.81 (n=21)
update=19 global_step=38912 SPS=521 w_ev=0.072 m_ev=0.847 m_v_bias=-5.1 m_adv_std=92.4780 m_kl_max=0.0394 m_ratio_max=1.064 w_ax@goal=+0.52 w_v@goal=3.64 return=802.5 length=93 success_rate=1.00 collisions/ep=3.95 (n=20)
update=20 global_step=40960 SPS=535 w_ev=0.079 m_ev=0.924 m_v_bias=8.8 m_adv_std=63.9801 m_kl_max=0.0082 m_ratio_max=0.428 w_ax@goal=+0.40 w_v@goal=3.76 return=831.2 length=89 success_rate=1.00 collisions/ep=3.44 (n=25)
Evaluation at update 20: return=947.64, length=80.50, success_rate=1.00, collisions/ep=1.25
Solved-check at update 20: solved=False worst_gap=402.96 at p_x0=1.50 p_y0=-1.00 (consecutive=0)
update=21 global_step=43008 SPS=499 w_ev=0.125 m_ev=0.878 m_v_bias=2.7 m_adv_std=81.4982 m_kl_max=0.0080 m_ratio_max=0.409 w_ax@goal=+0.67 w_v@goal=3.70 return=815.9 length=91 success_rate=1.00 collisions/ep=3.68 (n=22)
update=22 global_step=45056 SPS=506 w_ev=0.091 m_ev=0.928 m_v_bias=-12.5 m_adv_std=62.2170 m_kl_max=0.0185 m_ratio_max=0.619 w_ax@goal=+0.65 w_v@goal=3.66 return=864.1 length=90 success_rate=1.00 collisions/ep=2.79 (n=24)
update=23 global_step=47104 SPS=514 w_ev=0.106 m_ev=0.840 m_v_bias=14.4 m_adv_std=91.5329 m_kl_max=0.0111 m_ratio_max=0.469 w_ax@goal=+0.58 w_v@goal=3.71 return=820.7 length=90 success_rate=1.00 collisions/ep=3.65 (n=23)
update=24 global_step=49152 SPS=520 w_ev=0.041 m_ev=0.894 m_v_bias=3.2 m_adv_std=73.5908 m_kl_max=0.0166 m_ratio_max=0.537 w_ax@goal=+0.54 w_v@goal=3.82 return=848.2 length=89 success_rate=1.00 collisions/ep=3.09 (n=22)
update=25 global_step=51200 SPS=526 w_ev=0.100 m_ev=0.861 m_v_bias=-0.5 m_adv_std=86.7776 m_kl_max=0.0116 m_ratio_max=0.487 w_ax@goal=+0.65 w_v@goal=3.85 return=825.2 length=87 success_rate=1.00 collisions/ep=3.58 (n=24)
Evaluation at update 25: return=944.70, length=81.05, success_rate=1.00, collisions/ep=1.30
Solved-check at update 25: solved=False worst_gap=353.83 at p_x0=1.50 p_y0=-1.00 (consecutive=0)
update=26 global_step=53248 SPS=489 w_ev=0.108 m_ev=0.907 m_v_bias=-8.5 m_adv_std=65.0601 m_kl_max=0.0225 m_ratio_max=0.712 w_ax@goal=+0.65 w_v@goal=3.83 return=861.7 length=87 success_rate=1.00 collisions/ep=2.86 (n=21)
update=27 global_step=55296 SPS=496 w_ev=0.115 m_ev=0.913 m_v_bias=-2.4 m_adv_std=63.4665 m_kl_max=0.0161 m_ratio_max=0.480 w_ax@goal=+0.57 w_v@goal=3.96 return=901.6 length=91 success_rate=1.00 collisions/ep=2.00 (n=25)
update=28 global_step=57344 SPS=502 w_ev=0.061 m_ev=0.890 m_v_bias=19.2 m_adv_std=73.2195 m_kl_max=0.0149 m_ratio_max=0.943 w_ax@goal=+0.36 w_v@goal=4.05 return=854.8 length=90 success_rate=1.00 collisions/ep=3.00 (n=22)
update=29 global_step=59392 SPS=508 w_ev=0.130 m_ev=0.860 m_v_bias=7.9 m_adv_std=88.6803 m_kl_max=0.0098 m_ratio_max=0.447 w_ax@goal=+0.38 w_v@goal=4.01 return=835.1 length=92 success_rate=1.00 collisions/ep=3.27 (n=22)
update=30 global_step=61440 SPS=513 w_ev=0.110 m_ev=0.858 m_v_bias=-16.9 m_adv_std=83.7184 m_kl_max=0.0156 m_ratio_max=0.592 w_ax@goal=+0.54 w_v@goal=4.05 return=897.1 length=89 success_rate=1.00 collisions/ep=2.12 (n=24)
Evaluation at update 30: return=1000.80, length=82.35, success_rate=1.00, collisions/ep=0.15
Solved-check at update 30: solved=False worst_gap=56.60 at p_x0=1.00 p_y0=-1.00 (consecutive=0)
update=31 global_step=63488 SPS=485 w_ev=0.085 m_ev=0.908 m_v_bias=-3.5 m_adv_std=64.3069 m_kl_max=0.0133 m_ratio_max=0.472 w_ax@goal=+0.43 w_v@goal=4.02 return=881.0 length=90 success_rate=1.00 collisions/ep=2.43 (n=23)
update=32 global_step=65536 SPS=489 w_ev=0.113 m_ev=0.918 m_v_bias=-2.0 m_adv_std=61.2532 m_kl_max=0.0290 m_ratio_max=0.825 w_ax@goal=+0.55 w_v@goal=4.00 return=907.1 length=89 success_rate=1.00 collisions/ep=1.88 (n=24)
update=33 global_step=67584 SPS=492 w_ev=0.108 m_ev=0.917 m_v_bias=11.3 m_adv_std=57.8965 m_kl_max=0.0631 m_ratio_max=1.483 w_ax@goal=+0.61 w_v@goal=3.84 return=891.0 length=89 success_rate=1.00 collisions/ep=2.32 (n=22)
update=34 global_step=69632 SPS=495 w_ev=0.145 m_ev=0.904 m_v_bias=6.3 m_adv_std=66.9723 m_kl_max=0.0151 m_ratio_max=0.667 w_ax@goal=+0.44 w_v@goal=3.94 return=895.0 length=90 success_rate=1.00 collisions/ep=2.09 (n=23)
update=35 global_step=71680 SPS=502 w_ev=0.134 m_ev=0.921 m_v_bias=10.9 m_adv_std=61.6469 m_kl_max=0.0096 m_ratio_max=0.368 w_ax@goal=+0.35 w_v@goal=3.92 return=858.2 length=92 success_rate=1.00 collisions/ep=2.80 (n=20)
Evaluation at update 35: return=1006.31, length=84.30, success_rate=1.00, collisions/ep=0.00
Solved-check at update 35: solved=False worst_gap=10.34 at p_x0=0.00 p_y0=-1.00 (consecutive=0)
update=36 global_step=73728 SPS=481 w_ev=0.163 m_ev=0.915 m_v_bias=7.4 m_adv_std=67.6622 m_kl_max=0.0210 m_ratio_max=0.701 w_ax@goal=+0.36 w_v@goal=4.01 return=851.1 length=95 success_rate=1.00 collisions/ep=3.00 (n=23)
update=37 global_step=75776 SPS=489 w_ev=0.105 m_ev=0.960 m_v_bias=-24.6 m_adv_std=41.2189 m_kl_max=0.0141 m_ratio_max=0.540 w_ax@goal=+0.45 w_v@goal=4.00 return=922.3 length=94 success_rate=1.00 collisions/ep=1.52 (n=21)
update=38 global_step=77824 SPS=496 w_ev=0.133 m_ev=0.963 m_v_bias=-12.4 m_adv_std=39.4432 m_kl_max=0.0063 m_ratio_max=0.399 w_ax@goal=+0.53 w_v@goal=4.10 return=908.1 length=91 success_rate=1.00 collisions/ep=1.88 (n=24)
update=39 global_step=79872 SPS=503 w_ev=0.110 m_ev=0.934 m_v_bias=7.5 m_adv_std=54.2733 m_kl_max=0.0158 m_ratio_max=0.536 w_ax@goal=+0.32 w_v@goal=4.07 return=915.0 length=95 success_rate=1.00 collisions/ep=1.64 (n=22)
update=40 global_step=81920 SPS=510 w_ev=0.088 m_ev=0.938 m_v_bias=3.5 m_adv_std=54.0683 m_kl_max=0.0147 m_ratio_max=0.752 w_ax@goal=+0.34 w_v@goal=4.11 return=894.0 length=95 success_rate=1.00 collisions/ep=2.05 (n=20)
Evaluation at update 40: return=1006.62, length=84.05, success_rate=1.00, collisions/ep=0.00
Solved-check at update 40: solved=False worst_gap=9.32 at p_x0=0.00 p_y0=-1.00 (consecutive=0)
update=41 global_step=83968 SPS=497 w_ev=0.130 m_ev=0.954 m_v_bias=-9.8 m_adv_std=44.2273 m_kl_max=0.0113 m_ratio_max=0.490 w_ax@goal=+0.21 w_v@goal=4.10 return=924.4 length=94 success_rate=1.00 collisions/ep=1.46 (n=24)
update=42 global_step=86016 SPS=504 w_ev=0.083 m_ev=0.967 m_v_bias=-0.8 m_adv_std=35.6357 m_kl_max=0.0054 m_ratio_max=0.582 w_ax@goal=+0.25 w_v@goal=3.94 return=924.7 length=92 success_rate=1.00 collisions/ep=1.52 (n=21)
update=43 global_step=88064 SPS=510 w_ev=0.073 m_ev=0.958 m_v_bias=-0.9 m_adv_std=39.8101 m_kl_max=0.0158 m_ratio_max=0.589 w_ax@goal=+0.28 w_v@goal=4.00 return=911.8 length=92 success_rate=1.00 collisions/ep=1.82 (n=22)
update=44 global_step=90112 SPS=515 w_ev=0.111 m_ev=0.948 m_v_bias=-5.0 m_adv_std=45.0633 m_kl_max=0.0101 m_ratio_max=0.940 w_ax@goal=+0.31 w_v@goal=4.05 return=933.4 length=92 success_rate=1.00 collisions/ep=1.33 (n=21)
update=45 global_step=92160 SPS=518 w_ev=0.130 m_ev=0.962 m_v_bias=-1.0 m_adv_std=39.9552 m_kl_max=0.0069 m_ratio_max=0.511 w_ax@goal=+0.47 w_v@goal=4.02 return=914.8 length=92 success_rate=1.00 collisions/ep=1.74 (n=23)
Evaluation at update 45: return=1008.34, length=82.40, success_rate=1.00, collisions/ep=0.00
Solved-check at update 45: solved=False worst_gap=6.98 at p_x0=0.50 p_y0=-1.00 (consecutive=0)
update=46 global_step=94208 SPS=506 w_ev=0.154 m_ev=0.917 m_v_bias=8.4 m_adv_std=60.9266 m_kl_max=0.0203 m_ratio_max=0.632 w_ax@goal=+0.49 w_v@goal=4.00 return=895.5 length=92 success_rate=1.00 collisions/ep=2.12 (n=24)
update=47 global_step=96256 SPS=512 w_ev=0.143 m_ev=0.894 m_v_bias=-1.6 m_adv_std=65.7744 m_kl_max=0.0093 m_ratio_max=0.754 w_ax@goal=+0.44 w_v@goal=3.91 return=902.2 length=91 success_rate=1.00 collisions/ep=1.95 (n=21)
update=48 global_step=98304 SPS=518 w_ev=0.166 m_ev=0.958 m_v_bias=0.7 m_adv_std=41.3907 m_kl_max=0.0206 m_ratio_max=1.031 w_ax@goal=+0.20 w_v@goal=3.96 return=918.2 length=89 success_rate=1.00 collisions/ep=1.67 (n=24)
update=49 global_step=100352 SPS=524 w_ev=0.158 m_ev=0.890 m_v_bias=7.8 m_adv_std=69.2476 m_kl_max=0.0131 m_ratio_max=0.578 w_ax@goal=+0.48 w_v@goal=3.74 return=919.0 length=91 success_rate=1.00 collisions/ep=1.62 (n=21)
update=50 global_step=102400 SPS=527 w_ev=0.146 m_ev=0.938 m_v_bias=-6.1 m_adv_std=50.4728 m_kl_max=0.0102 m_ratio_max=0.515 w_ax@goal=+0.31 w_v@goal=4.00 return=910.1 length=91 success_rate=1.00 collisions/ep=1.83 (n=23)
Evaluation at update 50: return=957.62, length=83.10, success_rate=1.00, collisions/ep=1.00
Solved-check at update 50: solved=False worst_gap=57.35 at p_x0=0.00 p_y0=-0.50 (consecutive=0)
update=51 global_step=104448 SPS=512 w_ev=0.120 m_ev=0.959 m_v_bias=5.3 m_adv_std=42.3288 m_kl_max=0.0149 m_ratio_max=0.579 w_ax@goal=+0.33 w_v@goal=4.08 return=909.8 length=90 success_rate=1.00 collisions/ep=1.87 (n=23)
update=52 global_step=106496 SPS=517 w_ev=0.147 m_ev=0.968 m_v_bias=-4.0 m_adv_std=34.6091 m_kl_max=0.0108 m_ratio_max=0.714 w_ax@goal=+0.33 w_v@goal=4.01 return=916.9 length=92 success_rate=1.00 collisions/ep=1.73 (n=22)
update=53 global_step=108544 SPS=522 w_ev=0.168 m_ev=0.959 m_v_bias=-8.1 m_adv_std=38.5822 m_kl_max=0.0074 m_ratio_max=0.651 w_ax@goal=+0.33 w_v@goal=4.01 return=929.6 length=91 success_rate=1.00 collisions/ep=1.48 (n=23)
update=54 global_step=110592 SPS=526 w_ev=0.139 m_ev=0.943 m_v_bias=5.3 m_adv_std=46.4195 m_kl_max=0.0145 m_ratio_max=0.551 w_ax@goal=+0.46 w_v@goal=3.96 return=935.0 length=90 success_rate=1.00 collisions/ep=1.43 (n=21)
update=55 global_step=112640 SPS=530 w_ev=0.156 m_ev=0.931 m_v_bias=-4.6 m_adv_std=50.0645 m_kl_max=0.0286 m_ratio_max=0.730 w_ax@goal=+0.27 w_v@goal=3.98 return=915.6 length=89 success_rate=1.00 collisions/ep=1.75 (n=24)
Evaluation at update 55: return=958.78, length=81.85, success_rate=1.00, collisions/ep=1.00
Solved-check at update 55: solved=False worst_gap=55.10 at p_x0=0.00 p_y0=-0.50 (consecutive=0)
update=56 global_step=114688 SPS=519 w_ev=0.157 m_ev=0.888 m_v_bias=26.9 m_adv_std=69.7747 m_kl_max=0.0361 m_ratio_max=1.585 w_ax@goal=+0.28 w_v@goal=4.04 return=882.8 length=91 success_rate=1.00 collisions/ep=2.41 (n=22)
update=57 global_step=116736 SPS=524 w_ev=0.207 m_ev=0.924 m_v_bias=-12.6 m_adv_std=58.0437 m_kl_max=0.0110 m_ratio_max=0.477 w_ax@goal=+0.32 w_v@goal=4.02 return=923.9 length=89 success_rate=1.00 collisions/ep=1.62 (n=24)
update=58 global_step=118784 SPS=526 w_ev=0.181 m_ev=0.946 m_v_bias=5.7 m_adv_std=46.6614 m_kl_max=0.0145 m_ratio_max=0.964 w_ax@goal=+0.23 w_v@goal=3.94 return=907.6 length=89 success_rate=1.00 collisions/ep=1.91 (n=23)
update=59 global_step=120832 SPS=529 w_ev=0.187 m_ev=0.964 m_v_bias=-17.5 m_adv_std=36.9478 m_kl_max=0.0144 m_ratio_max=0.797 w_ax@goal=+0.25 w_v@goal=3.98 return=931.7 length=90 success_rate=1.00 collisions/ep=1.41 (n=22)
update=60 global_step=122880 SPS=532 w_ev=0.191 m_ev=0.968 m_v_bias=-6.8 m_adv_std=35.9966 m_kl_max=0.0066 m_ratio_max=0.548 w_ax@goal=+0.37 w_v@goal=3.94 return=940.9 length=89 success_rate=1.00 collisions/ep=1.29 (n=24)
Evaluation at update 60: return=987.87, length=80.45, success_rate=1.00, collisions/ep=0.45
Solved-check at update 60: solved=False worst_gap=102.72 at p_x0=0.00 p_y0=1.00 (consecutive=0)
update=61 global_step=124928 SPS=523 w_ev=0.128 m_ev=0.944 m_v_bias=4.3 m_adv_std=43.6938 m_kl_max=0.0229 m_ratio_max=1.656 w_ax@goal=+0.25 w_v@goal=4.06 return=923.1 length=87 success_rate=1.00 collisions/ep=1.70 (n=23)
update=62 global_step=126976 SPS=527 w_ev=0.131 m_ev=0.899 m_v_bias=10.1 m_adv_std=66.0039 m_kl_max=0.0148 m_ratio_max=0.558 w_ax@goal=+0.25 w_v@goal=4.12 return=921.1 length=88 success_rate=1.00 collisions/ep=1.62 (n=24)
update=63 global_step=129024 SPS=531 w_ev=0.187 m_ev=0.968 m_v_bias=-28.3 m_adv_std=33.0245 m_kl_max=0.0102 m_ratio_max=0.587 w_ax@goal=+0.43 w_v@goal=3.96 return=942.6 length=86 success_rate=1.00 collisions/ep=1.21 (n=24)
update=64 global_step=131072 SPS=535 w_ev=0.205 m_ev=0.956 m_v_bias=18.0 m_adv_std=41.9865 m_kl_max=0.0101 m_ratio_max=0.629 w_ax@goal=+0.34 w_v@goal=3.94 return=937.4 length=88 success_rate=1.00 collisions/ep=1.33 (n=24)
update=65 global_step=133120 SPS=539 w_ev=0.195 m_ev=0.940 m_v_bias=3.5 m_adv_std=51.4182 m_kl_max=0.0104 m_ratio_max=0.612 w_ax@goal=+0.35 w_v@goal=3.73 return=909.1 length=90 success_rate=1.00 collisions/ep=1.87 (n=23)
Evaluation at update 65: return=957.11, length=81.15, success_rate=1.00, collisions/ep=1.05
Solved-check at update 65: solved=False worst_gap=103.93 at p_x0=0.00 p_y0=0.00 (consecutive=0)
update=66 global_step=135168 SPS=529 w_ev=0.177 m_ev=0.943 m_v_bias=-1.5 m_adv_std=47.8474 m_kl_max=0.0025 m_ratio_max=0.260 w_ax@goal=+0.36 w_v@goal=3.79 return=905.1 length=90 success_rate=1.00 collisions/ep=1.95 (n=22)
update=67 global_step=137216 SPS=533 w_ev=0.147 m_ev=0.887 m_v_bias=11.9 m_adv_std=70.4554 m_kl_max=0.0130 m_ratio_max=0.468 w_ax@goal=+0.22 w_v@goal=4.02 return=900.2 length=90 success_rate=1.00 collisions/ep=2.00 (n=21)
update=68 global_step=139264 SPS=537 w_ev=0.171 m_ev=0.937 m_v_bias=7.8 m_adv_std=52.5685 m_kl_max=0.0075 m_ratio_max=0.841 w_ax@goal=+0.13 w_v@goal=4.14 return=908.1 length=89 success_rate=1.00 collisions/ep=1.96 (n=23)
update=69 global_step=141312 SPS=541 w_ev=0.187 m_ev=0.912 m_v_bias=7.4 m_adv_std=66.8038 m_kl_max=0.0189 m_ratio_max=1.068 w_ax@goal=+0.35 w_v@goal=4.11 return=882.5 length=92 success_rate=1.00 collisions/ep=2.38 (n=24)
update=70 global_step=143360 SPS=544 w_ev=0.151 m_ev=0.939 m_v_bias=-2.0 m_adv_std=51.4720 m_kl_max=0.0236 m_ratio_max=1.468 w_ax@goal=+0.33 w_v@goal=3.98 return=906.5 length=92 success_rate=1.00 collisions/ep=1.86 (n=22)
Evaluation at update 70: return=1005.05, length=85.60, success_rate=1.00, collisions/ep=0.00
Solved-check at update 70: solved=False worst_gap=57.90 at p_x0=0.00 p_y0=1.00 (consecutive=0)
update=71 global_step=145408 SPS=535 w_ev=0.118 m_ev=0.955 m_v_bias=-11.4 m_adv_std=40.5005 m_kl_max=0.0051 m_ratio_max=0.378 w_ax@goal=+0.05 w_v@goal=3.99 return=922.9 length=95 success_rate=1.00 collisions/ep=1.57 (n=21)
update=72 global_step=147456 SPS=539 w_ev=0.146 m_ev=0.973 m_v_bias=2.2 m_adv_std=31.7447 m_kl_max=0.0148 m_ratio_max=1.060 w_ax@goal=+0.23 w_v@goal=4.15 return=939.7 length=92 success_rate=1.00 collisions/ep=1.24 (n=21)
update=73 global_step=149504 SPS=543 w_ev=0.174 m_ev=0.986 m_v_bias=-10.7 m_adv_std=23.2445 m_kl_max=0.0150 m_ratio_max=0.910 w_ax@goal=+0.28 w_v@goal=4.09 return=941.5 length=90 success_rate=1.00 collisions/ep=1.21 (n=24)
update=74 global_step=151552 SPS=547 w_ev=0.211 m_ev=0.913 m_v_bias=17.0 m_adv_std=62.0459 m_kl_max=0.0048 m_ratio_max=0.244 w_ax@goal=+0.22 w_v@goal=3.83 return=891.1 length=88 success_rate=1.00 collisions/ep=2.25 (n=24)
update=75 global_step=153600 SPS=550 w_ev=0.171 m_ev=0.940 m_v_bias=-12.8 m_adv_std=49.0790 m_kl_max=0.0145 m_ratio_max=0.620 w_ax@goal=+0.38 w_v@goal=3.85 return=908.4 length=88 success_rate=1.00 collisions/ep=1.92 (n=24)
Evaluation at update 75: return=1010.52, length=80.20, success_rate=1.00, collisions/ep=0.00
Solved-check at update 75: solved=False worst_gap=52.95 at p_x0=1.50 p_y0=-1.00 (consecutive=0)
update=76 global_step=155648 SPS=541 w_ev=0.161 m_ev=0.935 m_v_bias=-10.8 m_adv_std=51.6540 m_kl_max=0.0109 m_ratio_max=0.659 w_ax@goal=+0.36 w_v@goal=3.89 return=929.3 length=87 success_rate=1.00 collisions/ep=1.52 (n=23)
update=77 global_step=157696 SPS=545 w_ev=0.140 m_ev=0.958 m_v_bias=3.4 m_adv_std=40.5296 m_kl_max=0.0094 m_ratio_max=0.610 w_ax@goal=+0.28 w_v@goal=3.86 return=928.3 length=87 success_rate=1.00 collisions/ep=1.52 (n=25)
update=78 global_step=159744 SPS=548 w_ev=0.175 m_ev=0.952 m_v_bias=-18.2 m_adv_std=40.7356 m_kl_max=0.0171 m_ratio_max=0.560 w_ax@goal=+0.34 w_v@goal=3.86 return=962.6 length=85 success_rate=1.00 collisions/ep=0.90 (n=21)
update=79 global_step=161792 SPS=551 w_ev=0.140 m_ev=0.977 m_v_bias=0.3 m_adv_std=28.0406 m_kl_max=0.0288 m_ratio_max=0.817 w_ax@goal=+0.33 w_v@goal=3.98 return=962.1 length=86 success_rate=1.00 collisions/ep=0.92 (n=24)
update=80 global_step=163840 SPS=554 w_ev=0.167 m_ev=0.974 m_v_bias=9.0 m_adv_std=30.2028 m_kl_max=0.0092 m_ratio_max=0.955 w_ax@goal=+0.39 w_v@goal=4.01 return=945.6 length=85 success_rate=1.00 collisions/ep=1.25 (n=24)
Evaluation at update 80: return=976.35, length=79.35, success_rate=1.00, collisions/ep=0.70
Solved-check at update 80: solved=False worst_gap=52.60 at p_x0=0.00 p_y0=-1.00 (consecutive=0)
update=81 global_step=165888 SPS=548 w_ev=0.151 m_ev=0.978 m_v_bias=-6.2 m_adv_std=27.6456 m_kl_max=0.0215 m_ratio_max=0.820 w_ax@goal=+0.51 w_v@goal=3.94 return=943.6 length=82 success_rate=1.00 collisions/ep=1.28 (n=25)
update=82 global_step=167936 SPS=551 w_ev=0.085 m_ev=0.952 m_v_bias=-2.2 m_adv_std=41.8430 m_kl_max=0.0082 m_ratio_max=0.335 w_ax@goal=+0.56 w_v@goal=4.09 return=956.2 length=83 success_rate=1.00 collisions/ep=1.12 (n=25)
update=83 global_step=169984 SPS=554 w_ev=0.142 m_ev=0.936 m_v_bias=8.9 m_adv_std=50.2645 m_kl_max=0.0158 m_ratio_max=1.120 w_ax@goal=+0.40 w_v@goal=4.03 return=930.7 length=85 success_rate=1.00 collisions/ep=1.54 (n=26)
update=84 global_step=172032 SPS=557 w_ev=0.190 m_ev=0.955 m_v_bias=6.9 m_adv_std=41.3192 m_kl_max=0.0081 m_ratio_max=0.441 w_ax@goal=+0.49 w_v@goal=3.95 return=921.4 length=83 success_rate=1.00 collisions/ep=1.76 (n=25)
update=85 global_step=174080 SPS=560 w_ev=0.192 m_ev=0.958 m_v_bias=-20.0 m_adv_std=37.4960 m_kl_max=0.0148 m_ratio_max=0.451 w_ax@goal=+0.57 w_v@goal=3.85 return=958.6 length=82 success_rate=1.00 collisions/ep=1.04 (n=24)
Evaluation at update 85: return=1011.33, length=79.40, success_rate=1.00, collisions/ep=0.00
Solved-check at update 85: solved=True worst_gap=2.93 at p_x0=0.00 p_y0=-1.00 (consecutive=0)
update=86 global_step=176128 SPS=553 w_ev=0.194 m_ev=0.985 m_v_bias=-14.0 m_adv_std=20.9927 m_kl_max=0.0215 m_ratio_max=0.924 w_ax@goal=+0.47 w_v@goal=3.81 return=983.6 length=82 success_rate=1.00 collisions/ep=0.48 (n=25)
update=87 global_step=178176 SPS=556 w_ev=0.166 m_ev=0.946 m_v_bias=6.4 m_adv_std=43.5164 m_kl_max=0.0120 m_ratio_max=1.074 w_ax@goal=+0.54 w_v@goal=3.89 return=973.0 length=83 success_rate=1.00 collisions/ep=0.75 (n=24)
update=88 global_step=180224 SPS=559 w_ev=0.228 m_ev=0.982 m_v_bias=-5.2 m_adv_std=24.0197 m_kl_max=0.0130 m_ratio_max=0.628 w_ax@goal=+0.81 w_v@goal=3.95 return=959.0 length=84 success_rate=1.00 collisions/ep=1.00 (n=25)
update=89 global_step=182272 SPS=562 w_ev=0.169 m_ev=0.961 m_v_bias=14.5 m_adv_std=37.5264 m_kl_max=0.0220 m_ratio_max=1.628 w_ax@goal=+0.69 w_v@goal=3.99 return=928.1 length=83 success_rate=1.00 collisions/ep=1.62 (n=24)
update=90 global_step=184320 SPS=565 w_ev=0.209 m_ev=0.972 m_v_bias=-7.8 m_adv_std=30.7804 m_kl_max=0.0138 m_ratio_max=0.561 w_ax@goal=+0.67 w_v@goal=3.93 return=967.8 length=83 success_rate=1.00 collisions/ep=0.84 (n=25)
Evaluation at update 90: return=1011.74, length=78.95, success_rate=1.00, collisions/ep=0.00
Solved-check at update 90: solved=True worst_gap=1.92 at p_x0=0.00 p_y0=-0.50 (consecutive=1)
Solved criterion held for 2 consecutive evals (tolerance=5.0) at global_step=184320.
update=91 global_step=186368 SPS=558 w_ev=0.157 m_ev=0.959 m_v_bias=-2.1 m_adv_std=35.9393 m_kl_max=0.0096 m_ratio_max=0.669 w_ax@goal=+0.90 w_v@goal=4.05 return=960.2 length=85 success_rate=1.00 collisions/ep=1.00 (n=24)
update=92 global_step=188416 SPS=561 w_ev=0.159 m_ev=0.946 m_v_bias=4.2 m_adv_std=42.1106 m_kl_max=0.0083 m_ratio_max=0.400 w_ax@goal=+0.73 w_v@goal=4.03 return=959.8 length=84 success_rate=1.00 collisions/ep=1.00 (n=23)
update=93 global_step=190464 SPS=563 w_ev=0.170 m_ev=0.955 m_v_bias=4.9 m_adv_std=39.6907 m_kl_max=0.0122 m_ratio_max=0.831 w_ax@goal=+0.72 w_v@goal=4.16 return=957.3 length=82 success_rate=1.00 collisions/ep=1.04 (n=25)
update=94 global_step=192512 SPS=566 w_ev=0.192 m_ev=0.962 m_v_bias=1.0 m_adv_std=36.4792 m_kl_max=0.0216 m_ratio_max=0.901 w_ax@goal=+0.72 w_v@goal=4.13 return=952.8 length=84 success_rate=1.00 collisions/ep=1.12 (n=25)
update=95 global_step=194560 SPS=569 w_ev=0.200 m_ev=0.975 m_v_bias=-6.1 m_adv_std=28.3755 m_kl_max=0.0124 m_ratio_max=0.674 w_ax@goal=+0.67 w_v@goal=4.03 return=961.0 length=84 success_rate=1.00 collisions/ep=1.00 (n=25)
Evaluation at update 95: return=1011.32, length=79.50, success_rate=1.00, collisions/ep=0.00
Solved-check at update 95: solved=True worst_gap=2.45 at p_x0=0.00 p_y0=-1.00 (consecutive=2)
update=96 global_step=196608 SPS=562 w_ev=0.224 m_ev=0.967 m_v_bias=5.3 m_adv_std=33.3304 m_kl_max=0.0183 m_ratio_max=0.919 w_ax@goal=+0.66 w_v@goal=4.08 return=955.3 length=84 success_rate=1.00 collisions/ep=1.08 (n=24)
update=97 global_step=198656 SPS=565 w_ev=0.256 m_ev=0.970 m_v_bias=4.2 m_adv_std=32.0055 m_kl_max=0.0084 m_ratio_max=0.488 w_ax@goal=+0.67 w_v@goal=3.94 return=941.8 length=84 success_rate=1.00 collisions/ep=1.38 (n=24)
update=98 global_step=200704 SPS=568 w_ev=0.231 m_ev=0.931 m_v_bias=8.1 m_adv_std=48.3930 m_kl_max=0.0230 m_ratio_max=0.567 w_ax@goal=+0.75 w_v@goal=4.04 return=933.7 length=83 success_rate=1.00 collisions/ep=1.54 (n=24)
update=99 global_step=202752 SPS=570 w_ev=0.219 m_ev=0.961 m_v_bias=-6.5 m_adv_std=35.9926 m_kl_max=0.0038 m_ratio_max=0.309 w_ax@goal=+0.59 w_v@goal=4.02 return=956.7 length=83 success_rate=1.00 collisions/ep=1.04 (n=24)
update=100 global_step=204800 SPS=573 w_ev=0.226 m_ev=0.951 m_v_bias=-4.8 m_adv_std=40.8702 m_kl_max=0.0188 m_ratio_max=1.146 w_ax@goal=+0.65 w_v@goal=4.02 return=952.7 length=83 success_rate=1.00 collisions/ep=1.32 (n=25)
Evaluation at update 100: return=1011.58, length=79.00, success_rate=1.00, collisions/ep=0.00
Solved-check at update 100: solved=True worst_gap=1.96 at p_x0=0.00 p_y0=-0.50 (consecutive=3)
update=101 global_step=206848 SPS=566 w_ev=0.223 m_ev=0.942 m_v_bias=4.3 m_adv_std=42.1938 m_kl_max=0.0087 m_ratio_max=0.478 w_ax@goal=+0.73 w_v@goal=4.10 return=944.6 length=83 success_rate=1.00 collisions/ep=1.35 (n=26)
update=102 global_step=208896 SPS=569 w_ev=0.186 m_ev=0.945 m_v_bias=3.4 m_adv_std=42.8981 m_kl_max=0.0058 m_ratio_max=0.470 w_ax@goal=+0.84 w_v@goal=4.19 return=961.3 length=84 success_rate=1.00 collisions/ep=1.00 (n=23)
update=103 global_step=210944 SPS=571 w_ev=0.258 m_ev=0.964 m_v_bias=-5.8 m_adv_std=33.9501 m_kl_max=0.0214 m_ratio_max=0.982 w_ax@goal=+0.51 w_v@goal=4.11 return=941.4 length=84 success_rate=1.00 collisions/ep=1.54 (n=26)
update=104 global_step=212992 SPS=573 w_ev=0.299 m_ev=0.961 m_v_bias=-1.4 m_adv_std=36.5687 m_kl_max=0.0195 m_ratio_max=0.962 w_ax@goal=+0.51 w_v@goal=4.05 return=946.4 length=84 success_rate=1.00 collisions/ep=1.38 (n=26)
update=105 global_step=215040 SPS=576 w_ev=0.267 m_ev=0.982 m_v_bias=-12.9 m_adv_std=23.7167 m_kl_max=0.0086 m_ratio_max=0.522 w_ax@goal=+0.79 w_v@goal=3.91 return=973.6 length=81 success_rate=1.00 collisions/ep=0.76 (n=25)
Evaluation at update 105: return=1011.88, length=78.70, success_rate=1.00, collisions/ep=0.00
Solved-check at update 105: solved=False worst_gap=50.98 at p_x0=2.00 p_y0=-1.00 (consecutive=4)
update=106 global_step=217088 SPS=569 w_ev=0.261 m_ev=0.972 m_v_bias=5.3 m_adv_std=29.3492 m_kl_max=0.0090 m_ratio_max=0.524 w_ax@goal=+0.82 w_v@goal=3.87 return=963.5 length=80 success_rate=1.00 collisions/ep=0.92 (n=25)
update=107 global_step=219136 SPS=572 w_ev=0.218 m_ev=0.976 m_v_bias=-1.6 m_adv_std=27.5782 m_kl_max=0.0047 m_ratio_max=0.386 w_ax@goal=+0.79 w_v@goal=3.91 return=964.1 length=82 success_rate=1.00 collisions/ep=0.96 (n=24)
update=108 global_step=221184 SPS=574 w_ev=0.270 m_ev=0.955 m_v_bias=12.4 m_adv_std=39.8647 m_kl_max=0.0055 m_ratio_max=0.571 w_ax@goal=+0.80 w_v@goal=3.93 return=942.2 length=82 success_rate=1.00 collisions/ep=1.36 (n=25)
update=109 global_step=223232 SPS=577 w_ev=0.279 m_ev=0.983 m_v_bias=-7.3 m_adv_std=23.1376 m_kl_max=0.0124 m_ratio_max=0.779 w_ax@goal=+0.80 w_v@goal=3.85 return=972.6 length=81 success_rate=1.00 collisions/ep=0.88 (n=25)
update=110 global_step=225280 SPS=579 w_ev=0.168 m_ev=0.956 m_v_bias=3.9 m_adv_std=38.7315 m_kl_max=0.0115 m_ratio_max=0.482 w_ax@goal=+0.95 w_v@goal=3.80 return=948.1 length=80 success_rate=1.00 collisions/ep=1.32 (n=25)
Evaluation at update 110: return=1012.34, length=78.35, success_rate=1.00, collisions/ep=0.00
Solved-check at update 110: solved=True worst_gap=1.00 at p_x0=0.00 p_y0=-0.50 (consecutive=0)
update=111 global_step=227328 SPS=573 w_ev=0.246 m_ev=0.954 m_v_bias=3.4 m_adv_std=39.6717 m_kl_max=0.0202 m_ratio_max=0.751 w_ax@goal=+0.93 w_v@goal=3.93 return=947.6 length=82 success_rate=1.00 collisions/ep=1.31 (n=26)
update=112 global_step=229376 SPS=575 w_ev=0.221 m_ev=0.955 m_v_bias=-9.4 m_adv_std=39.2035 m_kl_max=0.0190 m_ratio_max=1.173 w_ax@goal=+0.84 w_v@goal=4.00 return=957.2 length=81 success_rate=1.00 collisions/ep=1.08 (n=26)
update=113 global_step=231424 SPS=577 w_ev=0.144 m_ev=0.911 m_v_bias=9.2 m_adv_std=55.7541 m_kl_max=0.0046 m_ratio_max=0.296 w_ax@goal=+0.92 w_v@goal=4.00 return=934.0 length=81 success_rate=1.00 collisions/ep=1.56 (n=25)
update=114 global_step=233472 SPS=580 w_ev=0.140 m_ev=0.969 m_v_bias=-9.2 m_adv_std=31.2122 m_kl_max=0.0057 m_ratio_max=0.407 w_ax@goal=+0.77 w_v@goal=3.98 return=964.0 length=81 success_rate=1.00 collisions/ep=0.92 (n=25)
update=115 global_step=235520 SPS=582 w_ev=0.163 m_ev=0.935 m_v_bias=3.2 m_adv_std=47.8022 m_kl_max=0.0208 m_ratio_max=0.548 w_ax@goal=+0.86 w_v@goal=4.01 return=950.8 length=81 success_rate=1.00 collisions/ep=1.19 (n=26)
Evaluation at update 115: return=1012.41, length=78.25, success_rate=1.00, collisions/ep=0.00
Solved-check at update 115: solved=True worst_gap=0.97 at p_x0=0.00 p_y0=-1.00 (consecutive=1)
update=116 global_step=237568 SPS=576 w_ev=0.212 m_ev=0.953 m_v_bias=-2.7 m_adv_std=39.0957 m_kl_max=0.0199 m_ratio_max=0.841 w_ax@goal=+1.03 w_v@goal=3.90 return=960.1 length=82 success_rate=1.00 collisions/ep=1.04 (n=24)
update=117 global_step=239616 SPS=578 w_ev=0.206 m_ev=0.964 m_v_bias=-0.4 m_adv_std=34.7218 m_kl_max=0.0376 m_ratio_max=1.792 w_ax@goal=+1.08 w_v@goal=3.90 return=968.5 length=82 success_rate=1.00 collisions/ep=0.84 (n=25)
update=118 global_step=241664 SPS=580 w_ev=0.191 m_ev=0.972 m_v_bias=-2.2 m_adv_std=29.5381 m_kl_max=0.0114 m_ratio_max=0.486 w_ax@goal=+1.22 w_v@goal=4.04 return=981.9 length=82 success_rate=1.00 collisions/ep=0.65 (n=26)
update=119 global_step=243712 SPS=582 w_ev=0.206 m_ev=0.979 m_v_bias=-0.6 m_adv_std=24.9258 m_kl_max=0.0079 m_ratio_max=0.577 w_ax@goal=+1.10 w_v@goal=3.98 return=966.8 length=80 success_rate=1.00 collisions/ep=0.92 (n=25)
update=120 global_step=245760 SPS=584 w_ev=0.197 m_ev=0.954 m_v_bias=5.9 m_adv_std=38.7640 m_kl_max=0.0087 m_ratio_max=0.640 w_ax@goal=+1.24 w_v@goal=3.95 return=966.9 length=79 success_rate=1.00 collisions/ep=0.88 (n=26)
Evaluation at update 120: return=1012.55, length=78.25, success_rate=1.00, collisions/ep=0.00
Solved-check at update 120: solved=False worst_gap=49.96 at p_x0=2.00 p_y0=-1.00 (consecutive=2)
update=121 global_step=247808 SPS=579 w_ev=0.280 m_ev=0.914 m_v_bias=11.2 m_adv_std=57.1106 m_kl_max=0.0455 m_ratio_max=1.123 w_ax@goal=+1.16 w_v@goal=3.86 return=925.5 length=79 success_rate=1.00 collisions/ep=1.76 (n=25)
update=122 global_step=249856 SPS=581 w_ev=0.307 m_ev=0.958 m_v_bias=-6.7 m_adv_std=37.7965 m_kl_max=0.0169 m_ratio_max=0.930 w_ax@goal=+1.28 w_v@goal=3.72 return=951.7 length=83 success_rate=1.00 collisions/ep=1.20 (n=25)
update=123 global_step=251904 SPS=583 w_ev=0.232 m_ev=0.977 m_v_bias=-4.9 m_adv_std=27.2756 m_kl_max=0.0128 m_ratio_max=0.508 w_ax@goal=+1.21 w_v@goal=4.02 return=967.0 length=81 success_rate=1.00 collisions/ep=0.88 (n=26)
update=124 global_step=253952 SPS=585 w_ev=0.295 m_ev=0.932 m_v_bias=5.3 m_adv_std=47.3216 m_kl_max=0.0105 m_ratio_max=0.616 w_ax@goal=+1.24 w_v@goal=3.89 return=947.7 length=81 success_rate=1.00 collisions/ep=1.28 (n=25)
update=125 global_step=256000 SPS=588 w_ev=0.315 m_ev=0.962 m_v_bias=-2.5 m_adv_std=35.4366 m_kl_max=0.0204 m_ratio_max=1.379 w_ax@goal=+1.27 w_v@goal=3.71 return=944.4 length=82 success_rate=1.00 collisions/ep=1.33 (n=24)
Evaluation at update 125: return=1012.57, length=78.25, success_rate=1.00, collisions/ep=0.00
Solved-check at update 125: solved=False worst_gap=49.91 at p_x0=2.00 p_y0=-1.00 (consecutive=0)
update=126 global_step=258048 SPS=582 w_ev=0.248 m_ev=0.947 m_v_bias=7.4 m_adv_std=43.2447 m_kl_max=0.0093 m_ratio_max=0.543 w_ax@goal=+1.14 w_v@goal=3.92 return=953.4 length=81 success_rate=1.00 collisions/ep=1.15 (n=26)
update=127 global_step=260096 SPS=585 w_ev=0.272 m_ev=0.952 m_v_bias=10.7 m_adv_std=42.5214 m_kl_max=0.0111 m_ratio_max=0.810 w_ax@goal=+1.15 w_v@goal=3.90 return=922.5 length=80 success_rate=1.00 collisions/ep=1.88 (n=26)
update=128 global_step=262144 SPS=587 w_ev=0.209 m_ev=0.973 m_v_bias=-22.5 m_adv_std=28.9122 m_kl_max=0.0072 m_ratio_max=0.606 w_ax@goal=+1.04 w_v@goal=3.88 return=964.3 length=79 success_rate=1.00 collisions/ep=0.93 (n=27)
update=129 global_step=264192 SPS=589 w_ev=0.245 m_ev=0.933 m_v_bias=7.2 m_adv_std=48.1839 m_kl_max=0.0164 m_ratio_max=0.805 w_ax@goal=+1.19 w_v@goal=3.67 return=950.5 length=82 success_rate=1.00 collisions/ep=1.29 (n=24)
update=130 global_step=266240 SPS=591 w_ev=0.285 m_ev=0.947 m_v_bias=8.1 m_adv_std=41.7561 m_kl_max=0.0256 m_ratio_max=1.136 w_ax@goal=+1.05 w_v@goal=3.67 return=943.8 length=80 success_rate=1.00 collisions/ep=1.35 (n=26)
Evaluation at update 130: return=999.97, length=78.25, success_rate=1.00, collisions/ep=0.25
Solved-check at update 130: solved=False worst_gap=50.87 at p_x0=0.00 p_y0=-0.50 (consecutive=0)
update=131 global_step=268288 SPS=586 w_ev=0.239 m_ev=0.944 m_v_bias=-1.8 m_adv_std=44.1216 m_kl_max=0.0153 m_ratio_max=0.681 w_ax@goal=+1.13 w_v@goal=3.74 return=971.1 length=81 success_rate=1.00 collisions/ep=0.79 (n=24)
update=132 global_step=270336 SPS=588 w_ev=0.246 m_ev=0.979 m_v_bias=0.2 m_adv_std=25.8059 m_kl_max=0.0140 m_ratio_max=0.712 w_ax@goal=+1.13 w_v@goal=3.74 return=942.7 length=81 success_rate=1.00 collisions/ep=1.46 (n=24)
update=133 global_step=272384 SPS=590 w_ev=0.222 m_ev=0.954 m_v_bias=5.8 m_adv_std=40.1367 m_kl_max=0.0147 m_ratio_max=0.603 w_ax@goal=+1.02 w_v@goal=3.90 return=940.1 length=82 success_rate=1.00 collisions/ep=1.41 (n=27)
update=134 global_step=274432 SPS=592 w_ev=0.232 m_ev=0.963 m_v_bias=-4.3 m_adv_std=35.1381 m_kl_max=0.0148 m_ratio_max=0.996 w_ax@goal=+0.79 w_v@goal=3.85 return=959.9 length=80 success_rate=1.00 collisions/ep=1.04 (n=27)
update=135 global_step=276480 SPS=594 w_ev=0.225 m_ev=0.972 m_v_bias=2.3 m_adv_std=29.8375 m_kl_max=0.0106 m_ratio_max=0.722 w_ax@goal=+0.91 w_v@goal=3.87 return=964.2 length=81 success_rate=1.00 collisions/ep=0.92 (n=24)
Evaluation at update 135: return=1012.45, length=78.25, success_rate=1.00, collisions/ep=0.00
Solved-check at update 135: solved=False worst_gap=50.24 at p_x0=1.50 p_y0=-1.00 (consecutive=0)
update=136 global_step=278528 SPS=589 w_ev=0.223 m_ev=0.967 m_v_bias=-1.2 m_adv_std=32.4402 m_kl_max=0.0147 m_ratio_max=0.568 w_ax@goal=+0.85 w_v@goal=3.80 return=955.7 length=81 success_rate=1.00 collisions/ep=1.16 (n=25)
update=137 global_step=280576 SPS=591 w_ev=0.263 m_ev=0.972 m_v_bias=6.8 m_adv_std=30.1485 m_kl_max=0.0178 m_ratio_max=0.849 w_ax@goal=+1.10 w_v@goal=3.70 return=956.4 length=81 success_rate=1.00 collisions/ep=1.08 (n=25)
update=138 global_step=282624 SPS=593 w_ev=0.232 m_ev=0.964 m_v_bias=-4.2 m_adv_std=33.5310 m_kl_max=0.0200 m_ratio_max=0.784 w_ax@goal=+0.94 w_v@goal=3.73 return=950.2 length=81 success_rate=1.00 collisions/ep=1.21 (n=24)
update=139 global_step=284672 SPS=594 w_ev=0.234 m_ev=0.972 m_v_bias=-6.7 m_adv_std=30.5657 m_kl_max=0.0060 m_ratio_max=0.501 w_ax@goal=+1.06 w_v@goal=3.93 return=979.2 length=82 success_rate=1.00 collisions/ep=0.63 (n=27)
update=140 global_step=286720 SPS=596 w_ev=0.215 m_ev=0.964 m_v_bias=-3.5 m_adv_std=34.3511 m_kl_max=0.0790 m_ratio_max=5.092 w_ax@goal=+1.09 w_v@goal=3.93 return=955.8 length=81 success_rate=1.00 collisions/ep=1.15 (n=26)
Evaluation at update 140: return=1012.46, length=78.25, success_rate=1.00, collisions/ep=0.00
Solved-check at update 140: solved=True worst_gap=0.81 at p_x0=0.00 p_y0=-1.00 (consecutive=0)
update=141 global_step=288768 SPS=591 w_ev=0.251 m_ev=0.975 m_v_bias=-2.7 m_adv_std=26.8865 m_kl_max=0.0159 m_ratio_max=0.753 w_ax@goal=+1.16 w_v@goal=3.90 return=982.7 length=80 success_rate=1.00 collisions/ep=0.80 (n=25)
update=142 global_step=290816 SPS=593 w_ev=0.190 m_ev=0.948 m_v_bias=12.5 m_adv_std=42.2215 m_kl_max=0.0155 m_ratio_max=0.880 w_ax@goal=+1.17 w_v@goal=3.87 return=945.5 length=81 success_rate=1.00 collisions/ep=1.44 (n=25)
update=143 global_step=292864 SPS=595 w_ev=0.262 m_ev=0.959 m_v_bias=-0.8 m_adv_std=36.9126 m_kl_max=0.0067 m_ratio_max=0.544 w_ax@goal=+1.09 w_v@goal=3.82 return=956.4 length=80 success_rate=1.00 collisions/ep=1.08 (n=26)
update=144 global_step=294912 SPS=597 w_ev=0.322 m_ev=0.975 m_v_bias=-4.6 m_adv_std=27.7587 m_kl_max=0.0065 m_ratio_max=0.594 w_ax@goal=+1.11 w_v@goal=3.78 return=958.5 length=81 success_rate=1.00 collisions/ep=1.12 (n=25)
update=145 global_step=296960 SPS=599 w_ev=0.242 m_ev=0.957 m_v_bias=9.3 m_adv_std=36.9618 m_kl_max=0.0275 m_ratio_max=2.187 w_ax@goal=+1.15 w_v@goal=3.63 return=946.0 length=81 success_rate=1.00 collisions/ep=1.38 (n=24)
Evaluation at update 145: return=994.74, length=78.45, success_rate=1.00, collisions/ep=0.35
Solved-check at update 145: solved=False worst_gap=51.00 at p_x0=0.50 p_y0=-1.00 (consecutive=1)
update=146 global_step=299008 SPS=594 w_ev=0.235 m_ev=0.958 m_v_bias=3.9 m_adv_std=37.8719 m_kl_max=0.0065 m_ratio_max=0.437 w_ax@goal=+0.93 w_v@goal=3.90 return=937.6 length=80 success_rate=1.00 collisions/ep=1.48 (n=25)
update=147 global_step=301056 SPS=596 w_ev=0.264 m_ev=0.978 m_v_bias=-5.9 m_adv_std=26.7076 m_kl_max=0.0057 m_ratio_max=0.443 w_ax@goal=+0.87 w_v@goal=3.81 return=952.3 length=81 success_rate=1.00 collisions/ep=1.26 (n=27)
update=148 global_step=303104 SPS=598 w_ev=0.313 m_ev=0.972 m_v_bias=0.2 m_adv_std=30.0551 m_kl_max=0.0143 m_ratio_max=0.612 w_ax@goal=+1.03 w_v@goal=3.75 return=955.8 length=81 success_rate=1.00 collisions/ep=1.12 (n=25)
update=149 global_step=305152 SPS=600 w_ev=0.248 m_ev=0.970 m_v_bias=-0.3 m_adv_std=30.9992 m_kl_max=0.0181 m_ratio_max=0.737 w_ax@goal=+0.96 w_v@goal=3.82 return=954.3 length=80 success_rate=1.00 collisions/ep=1.15 (n=26)
update=150 global_step=307200 SPS=602 w_ev=0.169 m_ev=0.977 m_v_bias=-0.9 m_adv_std=26.5699 m_kl_max=0.0044 m_ratio_max=0.338 w_ax@goal=+0.75 w_v@goal=3.82 return=975.6 length=81 success_rate=1.00 collisions/ep=0.67 (n=24)
Evaluation at update 150: return=1012.27, length=78.40, success_rate=1.00, collisions/ep=0.00
Solved-check at update 150: solved=True worst_gap=1.00 at p_x0=0.00 p_y0=0.50 (consecutive=0)
update=151 global_step=309248 SPS=597 w_ev=0.230 m_ev=0.974 m_v_bias=0.9 m_adv_std=28.7138 m_kl_max=0.0199 m_ratio_max=0.775 w_ax@goal=+0.85 w_v@goal=3.87 return=969.6 length=82 success_rate=1.00 collisions/ep=0.81 (n=26)
update=152 global_step=311296 SPS=599 w_ev=0.283 m_ev=0.983 m_v_bias=-5.0 m_adv_std=22.8428 m_kl_max=0.0163 m_ratio_max=1.134 w_ax@goal=+0.93 w_v@goal=3.70 return=978.5 length=82 success_rate=1.00 collisions/ep=0.72 (n=25)
update=153 global_step=313344 SPS=601 w_ev=0.223 m_ev=0.962 m_v_bias=5.8 m_adv_std=34.4383 m_kl_max=0.0137 m_ratio_max=0.492 w_ax@goal=+0.69 w_v@goal=3.76 return=954.6 length=82 success_rate=1.00 collisions/ep=1.08 (n=24)
update=154 global_step=315392 SPS=603 w_ev=0.286 m_ev=0.982 m_v_bias=-2.1 m_adv_std=24.1960 m_kl_max=0.0056 m_ratio_max=0.449 w_ax@goal=+0.78 w_v@goal=3.76 return=969.0 length=81 success_rate=1.00 collisions/ep=0.81 (n=26)
update=155 global_step=317440 SPS=604 w_ev=0.256 m_ev=0.975 m_v_bias=3.6 m_adv_std=28.2736 m_kl_max=0.0063 m_ratio_max=0.491 w_ax@goal=+0.81 w_v@goal=3.61 return=966.9 length=84 success_rate=1.00 collisions/ep=0.88 (n=25)
Evaluation at update 155: return=1012.17, length=78.50, success_rate=1.00, collisions/ep=0.00
Solved-check at update 155: solved=True worst_gap=1.02 at p_x0=0.00 p_y0=1.00 (consecutive=1)
update=156 global_step=319488 SPS=600 w_ev=0.262 m_ev=0.970 m_v_bias=3.7 m_adv_std=32.4549 m_kl_max=0.0031 m_ratio_max=0.331 w_ax@goal=+0.58 w_v@goal=3.76 return=959.6 length=83 success_rate=1.00 collisions/ep=0.96 (n=25)
update=157 global_step=321536 SPS=602 w_ev=0.319 m_ev=0.962 m_v_bias=1.6 m_adv_std=35.4865 m_kl_max=0.0141 m_ratio_max=0.599 w_ax@goal=+0.76 w_v@goal=3.69 return=947.0 length=83 success_rate=1.00 collisions/ep=1.24 (n=25)
update=158 global_step=323584 SPS=603 w_ev=0.259 m_ev=0.977 m_v_bias=-6.1 m_adv_std=26.7733 m_kl_max=0.0055 m_ratio_max=0.570 w_ax@goal=+0.76 w_v@goal=3.69 return=970.8 length=83 success_rate=1.00 collisions/ep=0.78 (n=23)
update=159 global_step=325632 SPS=605 w_ev=0.263 m_ev=0.974 m_v_bias=0.9 m_adv_std=30.0952 m_kl_max=0.0156 m_ratio_max=0.771 w_ax@goal=+0.82 w_v@goal=3.69 return=955.7 length=83 success_rate=1.00 collisions/ep=1.04 (n=26)
update=160 global_step=327680 SPS=607 w_ev=0.210 m_ev=0.986 m_v_bias=-4.2 m_adv_std=20.9651 m_kl_max=0.0116 m_ratio_max=0.634 w_ax@goal=+0.60 w_v@goal=3.69 return=970.2 length=84 success_rate=1.00 collisions/ep=0.75 (n=24)
Evaluation at update 160: return=1011.98, length=78.80, success_rate=1.00, collisions/ep=0.00
Solved-check at update 160: solved=True worst_gap=1.25 at p_x0=0.00 p_y0=1.00 (consecutive=2)
update=161 global_step=329728 SPS=603 w_ev=0.306 m_ev=0.985 m_v_bias=-5.8 m_adv_std=21.3728 m_kl_max=0.0228 m_ratio_max=0.891 w_ax@goal=+0.80 w_v@goal=3.62 return=976.2 length=82 success_rate=1.00 collisions/ep=0.64 (n=25)
update=162 global_step=331776 SPS=604 w_ev=0.196 m_ev=0.975 m_v_bias=7.1 m_adv_std=28.9340 m_kl_max=0.0066 m_ratio_max=0.453 w_ax@goal=+0.48 w_v@goal=3.67 return=961.7 length=85 success_rate=1.00 collisions/ep=0.92 (n=24)
update=163 global_step=333824 SPS=606 w_ev=0.232 m_ev=0.966 m_v_bias=4.5 m_adv_std=32.9257 m_kl_max=0.0136 m_ratio_max=0.861 w_ax@goal=+0.61 w_v@goal=3.61 return=957.9 length=83 success_rate=1.00 collisions/ep=1.00 (n=24)
update=164 global_step=335872 SPS=608 w_ev=0.207 m_ev=0.975 m_v_bias=-10.1 m_adv_std=27.9604 m_kl_max=0.0124 m_ratio_max=0.877 w_ax@goal=+0.86 w_v@goal=3.63 return=967.6 length=81 success_rate=1.00 collisions/ep=0.83 (n=24)
update=165 global_step=337920 SPS=609 w_ev=0.154 m_ev=0.910 m_v_bias=14.9 m_adv_std=59.4499 m_kl_max=0.0173 m_ratio_max=0.766 w_ax@goal=+0.56 w_v@goal=3.76 return=936.4 length=85 success_rate=1.00 collisions/ep=1.44 (n=25)
Evaluation at update 165: return=1011.79, length=78.85, success_rate=1.00, collisions/ep=0.00
Solved-check at update 165: solved=True worst_gap=1.52 at p_x0=0.00 p_y0=-1.00 (consecutive=3)
update=166 global_step=339968 SPS=605 w_ev=0.199 m_ev=0.968 m_v_bias=-8.8 m_adv_std=32.7519 m_kl_max=0.0166 m_ratio_max=0.731 w_ax@goal=+0.51 w_v@goal=3.81 return=960.3 length=84 success_rate=1.00 collisions/ep=0.96 (n=24)
update=167 global_step=342016 SPS=607 w_ev=0.223 m_ev=0.970 m_v_bias=-4.5 m_adv_std=31.6553 m_kl_max=0.0283 m_ratio_max=0.658 w_ax@goal=+0.65 w_v@goal=3.72 return=974.1 length=83 success_rate=1.00 collisions/ep=0.71 (n=24)
update=168 global_step=344064 SPS=608 w_ev=0.292 m_ev=0.982 m_v_bias=-7.9 m_adv_std=23.8488 m_kl_max=0.0142 m_ratio_max=0.755 w_ax@goal=+0.71 w_v@goal=3.52 return=972.0 length=84 success_rate=1.00 collisions/ep=0.76 (n=25)
update=169 global_step=346112 SPS=610 w_ev=0.300 m_ev=0.970 m_v_bias=8.0 m_adv_std=31.4018 m_kl_max=0.0156 m_ratio_max=0.784 w_ax@goal=+0.50 w_v@goal=3.61 return=958.2 length=84 success_rate=1.00 collisions/ep=1.00 (n=24)
update=170 global_step=348160 SPS=611 w_ev=0.268 m_ev=0.959 m_v_bias=-2.1 m_adv_std=36.5715 m_kl_max=0.0067 m_ratio_max=0.345 w_ax@goal=+0.67 w_v@goal=3.65 return=977.2 length=83 success_rate=1.00 collisions/ep=0.67 (n=24)
Evaluation at update 170: return=1011.87, length=78.75, success_rate=1.00, collisions/ep=0.00
Solved-check at update 170: solved=True worst_gap=1.41 at p_x0=0.00 p_y0=-1.00 (consecutive=4)
update=171 global_step=350208 SPS=607 w_ev=0.218 m_ev=0.989 m_v_bias=-9.1 m_adv_std=18.5308 m_kl_max=0.1067 m_ratio_max=6.176 w_ax@goal=+0.61 w_v@goal=3.96 return=988.2 length=82 success_rate=1.00 collisions/ep=0.41 (n=27)
update=172 global_step=352256 SPS=609 w_ev=0.270 m_ev=0.945 m_v_bias=2.9 m_adv_std=41.9588 m_kl_max=0.0288 m_ratio_max=0.869 w_ax@goal=+0.60 w_v@goal=3.70 return=971.6 length=83 success_rate=1.00 collisions/ep=0.88 (n=24)
update=173 global_step=354304 SPS=610 w_ev=0.235 m_ev=0.981 m_v_bias=-6.1 m_adv_std=23.9591 m_kl_max=0.0131 m_ratio_max=0.727 w_ax@goal=+0.86 w_v@goal=3.85 return=990.8 length=82 success_rate=1.00 collisions/ep=0.38 (n=24)
update=174 global_step=356352 SPS=612 w_ev=0.205 m_ev=0.990 m_v_bias=0.5 m_adv_std=17.8456 m_kl_max=0.0071 m_ratio_max=0.419 w_ax@goal=+0.58 w_v@goal=4.04 return=982.7 length=84 success_rate=1.00 collisions/ep=0.56 (n=27)
update=175 global_step=358400 SPS=613 w_ev=0.214 m_ev=0.959 m_v_bias=7.7 m_adv_std=37.4185 m_kl_max=0.0175 m_ratio_max=0.769 w_ax@goal=+0.67 w_v@goal=3.98 return=961.4 length=84 success_rate=1.00 collisions/ep=1.00 (n=23)
Evaluation at update 175: return=1011.96, length=78.70, success_rate=1.00, collisions/ep=0.00
Solved-check at update 175: solved=True worst_gap=1.29 at p_x0=0.00 p_y0=-1.00 (consecutive=5)
update=176 global_step=360448 SPS=609 w_ev=0.289 m_ev=0.964 m_v_bias=-3.3 m_adv_std=33.5544 m_kl_max=0.0267 m_ratio_max=1.080 w_ax@goal=+0.88 w_v@goal=3.96 return=971.4 length=82 success_rate=1.00 collisions/ep=0.76 (n=25)
update=177 global_step=362496 SPS=611 w_ev=0.242 m_ev=0.986 m_v_bias=-3.5 m_adv_std=20.8173 m_kl_max=0.0089 m_ratio_max=0.656 w_ax@goal=+0.72 w_v@goal=3.94 return=981.6 length=84 success_rate=1.00 collisions/ep=0.60 (n=25)
update=178 global_step=364544 SPS=612 w_ev=0.268 m_ev=0.947 m_v_bias=4.9 m_adv_std=41.4390 m_kl_max=0.0197 m_ratio_max=0.704 w_ax@goal=+0.64 w_v@goal=3.99 return=964.6 length=81 success_rate=1.00 collisions/ep=0.92 (n=25)
update=179 global_step=366592 SPS=614 w_ev=0.325 m_ev=0.953 m_v_bias=-1.4 m_adv_std=38.6526 m_kl_max=0.0264 m_ratio_max=0.974 w_ax@goal=+0.83 w_v@goal=3.78 return=965.3 length=79 success_rate=1.00 collisions/ep=0.96 (n=26)
update=180 global_step=368640 SPS=615 w_ev=0.322 m_ev=0.986 m_v_bias=-10.9 m_adv_std=19.6494 m_kl_max=0.0477 m_ratio_max=1.984 w_ax@goal=+0.78 w_v@goal=3.61 return=991.0 length=80 success_rate=1.00 collisions/ep=0.38 (n=24)
Evaluation at update 180: return=1012.07, length=78.70, success_rate=1.00, collisions/ep=0.00
Solved-check at update 180: solved=True worst_gap=1.16 at p_x0=0.00 p_y0=-1.00 (consecutive=6)
update=181 global_step=370688 SPS=612 w_ev=0.330 m_ev=0.989 m_v_bias=0.7 m_adv_std=17.9377 m_kl_max=0.0157 m_ratio_max=0.627 w_ax@goal=+0.78 w_v@goal=3.81 return=983.1 length=82 success_rate=1.00 collisions/ep=0.52 (n=25)
update=182 global_step=372736 SPS=613 w_ev=0.295 m_ev=0.989 m_v_bias=-4.8 m_adv_std=17.9594 m_kl_max=0.0058 m_ratio_max=0.588 w_ax@goal=+0.76 w_v@goal=3.92 return=986.1 length=82 success_rate=1.00 collisions/ep=0.46 (n=26)
update=183 global_step=374784 SPS=615 w_ev=0.326 m_ev=0.987 m_v_bias=1.9 m_adv_std=20.2736 m_kl_max=0.0237 m_ratio_max=1.641 w_ax@goal=+1.05 w_v@goal=3.79 return=979.9 length=84 success_rate=1.00 collisions/ep=0.58 (n=24)
update=184 global_step=376832 SPS=616 w_ev=0.333 m_ev=0.978 m_v_bias=2.1 m_adv_std=25.8487 m_kl_max=0.0100 m_ratio_max=0.586 w_ax@goal=+0.91 w_v@goal=3.70 return=979.4 length=83 success_rate=1.00 collisions/ep=0.72 (n=25)
update=185 global_step=378880 SPS=617 w_ev=0.319 m_ev=0.988 m_v_bias=3.8 m_adv_std=19.7826 m_kl_max=0.0092 m_ratio_max=0.464 w_ax@goal=+0.60 w_v@goal=3.71 return=980.1 length=82 success_rate=1.00 collisions/ep=0.56 (n=25)
Evaluation at update 185: return=1011.98, length=78.70, success_rate=1.00, collisions/ep=0.00
Solved-check at update 185: solved=True worst_gap=1.27 at p_x0=0.00 p_y0=-1.00 (consecutive=7)
update=186 global_step=380928 SPS=614 w_ev=0.286 m_ev=0.972 m_v_bias=2.2 m_adv_std=29.6255 m_kl_max=0.0143 m_ratio_max=0.502 w_ax@goal=+0.74 w_v@goal=3.67 return=973.9 length=84 success_rate=1.00 collisions/ep=0.69 (n=26)
update=187 global_step=382976 SPS=615 w_ev=0.308 m_ev=0.987 m_v_bias=-1.4 m_adv_std=20.7683 m_kl_max=0.0139 m_ratio_max=0.525 w_ax@goal=+0.79 w_v@goal=3.81 return=983.2 length=83 success_rate=1.00 collisions/ep=0.52 (n=25)
update=188 global_step=385024 SPS=617 w_ev=0.265 m_ev=0.960 m_v_bias=7.2 m_adv_std=35.9653 m_kl_max=0.0161 m_ratio_max=0.521 w_ax@goal=+0.65 w_v@goal=3.74 return=973.3 length=84 success_rate=1.00 collisions/ep=0.71 (n=24)
update=189 global_step=387072 SPS=618 w_ev=0.285 m_ev=0.983 m_v_bias=-4.3 m_adv_std=22.7696 m_kl_max=0.0523 m_ratio_max=2.555 w_ax@goal=+0.74 w_v@goal=3.71 return=970.7 length=82 success_rate=1.00 collisions/ep=0.75 (n=24)
update=190 global_step=389120 SPS=619 w_ev=0.253 m_ev=0.984 m_v_bias=-1.8 m_adv_std=21.7918 m_kl_max=0.0142 m_ratio_max=0.728 w_ax@goal=+0.60 w_v@goal=3.60 return=978.7 length=84 success_rate=1.00 collisions/ep=0.58 (n=24)
Evaluation at update 190: return=1012.04, length=78.70, success_rate=1.00, collisions/ep=0.00
Solved-check at update 190: solved=True worst_gap=1.25 at p_x0=0.00 p_y0=-1.00 (consecutive=8)
update=191 global_step=391168 SPS=616 w_ev=0.267 m_ev=0.985 m_v_bias=-3.0 m_adv_std=21.2537 m_kl_max=0.0089 m_ratio_max=0.656 w_ax@goal=+0.77 w_v@goal=3.71 return=977.3 length=83 success_rate=1.00 collisions/ep=0.67 (n=24)
update=192 global_step=393216 SPS=617 w_ev=0.296 m_ev=0.956 m_v_bias=1.1 m_adv_std=38.3380 m_kl_max=0.0423 m_ratio_max=1.368 w_ax@goal=+0.78 w_v@goal=3.58 return=971.4 length=82 success_rate=1.00 collisions/ep=0.79 (n=24)
update=193 global_step=395264 SPS=618 w_ev=0.289 m_ev=0.989 m_v_bias=-6.1 m_adv_std=17.4202 m_kl_max=0.0077 m_ratio_max=0.549 w_ax@goal=+0.63 w_v@goal=3.72 return=988.8 length=84 success_rate=1.00 collisions/ep=0.44 (n=25)
update=194 global_step=397312 SPS=620 w_ev=0.278 m_ev=0.986 m_v_bias=0.7 m_adv_std=20.3085 m_kl_max=0.0173 m_ratio_max=0.927 w_ax@goal=+0.81 w_v@goal=3.75 return=991.4 length=81 success_rate=1.00 collisions/ep=0.40 (n=25)
update=195 global_step=399360 SPS=621 w_ev=0.250 m_ev=0.988 m_v_bias=3.2 m_adv_std=18.6581 m_kl_max=0.0071 m_ratio_max=0.451 w_ax@goal=+0.59 w_v@goal=3.86 return=993.7 length=81 success_rate=1.00 collisions/ep=0.33 (n=27)
Evaluation at update 195: return=1012.02, length=78.70, success_rate=1.00, collisions/ep=0.00
Solved-check at update 195: solved=True worst_gap=1.20 at p_x0=0.00 p_y0=-1.00 (consecutive=9)
update=196 global_step=401408 SPS=618 w_ev=0.295 m_ev=0.981 m_v_bias=4.2 m_adv_std=24.5950 m_kl_max=0.0046 m_ratio_max=0.501 w_ax@goal=+0.64 w_v@goal=3.82 return=971.7 length=83 success_rate=1.00 collisions/ep=0.72 (n=25)
update=197 global_step=403456 SPS=619 w_ev=0.275 m_ev=0.980 m_v_bias=2.2 m_adv_std=24.8537 m_kl_max=0.0334 m_ratio_max=1.142 w_ax@goal=+0.76 w_v@goal=3.76 return=978.5 length=82 success_rate=1.00 collisions/ep=0.60 (n=25)
update=198 global_step=405504 SPS=620 w_ev=0.277 m_ev=0.985 m_v_bias=-3.4 m_adv_std=21.3951 m_kl_max=0.0494 m_ratio_max=2.506 w_ax@goal=+0.64 w_v@goal=3.82 return=977.2 length=82 success_rate=1.00 collisions/ep=0.67 (n=24)
update=199 global_step=407552 SPS=622 w_ev=0.281 m_ev=0.984 m_v_bias=2.7 m_adv_std=22.2172 m_kl_max=0.0223 m_ratio_max=1.100 w_ax@goal=+0.74 w_v@goal=3.76 return=982.7 length=83 success_rate=1.00 collisions/ep=0.54 (n=24)
update=200 global_step=409600 SPS=623 w_ev=0.269 m_ev=0.942 m_v_bias=11.8 m_adv_std=43.4891 m_kl_max=0.0121 m_ratio_max=0.628 w_ax@goal=+0.56 w_v@goal=3.99 return=960.8 length=83 success_rate=1.00 collisions/ep=0.92 (n=24)
Evaluation at update 200: return=1011.74, length=78.90, success_rate=1.00, collisions/ep=0.00
Solved-check at update 200: solved=True worst_gap=1.90 at p_x0=0.00 p_y0=-1.00 (consecutive=10)
update=201 global_step=411648 SPS=620 w_ev=0.274 m_ev=0.983 m_v_bias=-6.6 m_adv_std=22.2908 m_kl_max=0.0083 m_ratio_max=0.429 w_ax@goal=+0.57 w_v@goal=3.74 return=976.1 length=84 success_rate=1.00 collisions/ep=0.83 (n=24)
update=202 global_step=413696 SPS=621 w_ev=0.299 m_ev=0.963 m_v_bias=5.9 m_adv_std=35.2520 m_kl_max=0.0142 m_ratio_max=0.549 w_ax@goal=+0.66 w_v@goal=3.79 return=973.1 length=84 success_rate=1.00 collisions/ep=0.72 (n=25)
update=203 global_step=415744 SPS=622 w_ev=0.301 m_ev=0.991 m_v_bias=-8.8 m_adv_std=16.1867 m_kl_max=0.0155 m_ratio_max=0.926 w_ax@goal=+0.55 w_v@goal=3.47 return=994.1 length=85 success_rate=1.00 collisions/ep=0.28 (n=25)
update=204 global_step=417792 SPS=623 w_ev=0.179 m_ev=0.989 m_v_bias=-4.5 m_adv_std=18.6122 m_kl_max=0.0175 m_ratio_max=0.937 w_ax@goal=+0.50 w_v@goal=4.06 return=995.5 length=85 success_rate=1.00 collisions/ep=0.25 (n=24)
update=205 global_step=419840 SPS=625 w_ev=0.203 m_ev=0.988 m_v_bias=1.7 m_adv_std=18.7514 m_kl_max=0.0136 m_ratio_max=0.803 w_ax@goal=+0.66 w_v@goal=3.90 return=982.4 length=85 success_rate=1.00 collisions/ep=0.60 (n=25)
Evaluation at update 205: return=1012.03, length=78.70, success_rate=1.00, collisions/ep=0.00
Solved-check at update 205: solved=True worst_gap=1.52 at p_x0=0.00 p_y0=-1.00 (consecutive=11)
update=206 global_step=421888 SPS=621 w_ev=0.237 m_ev=0.979 m_v_bias=1.3 m_adv_std=24.8132 m_kl_max=0.0133 m_ratio_max=0.557 w_ax@goal=+0.64 w_v@goal=3.99 return=977.0 length=82 success_rate=1.00 collisions/ep=0.62 (n=24)
update=207 global_step=423936 SPS=622 w_ev=0.202 m_ev=0.989 m_v_bias=-2.8 m_adv_std=18.9554 m_kl_max=0.0104 m_ratio_max=0.524 w_ax@goal=+0.75 w_v@goal=3.99 return=983.9 length=83 success_rate=1.00 collisions/ep=0.58 (n=24)
update=208 global_step=425984 SPS=623 w_ev=0.238 m_ev=0.977 m_v_bias=5.3 m_adv_std=27.7505 m_kl_max=0.0138 m_ratio_max=0.817 w_ax@goal=+0.79 w_v@goal=3.83 return=969.0 length=85 success_rate=1.00 collisions/ep=0.88 (n=24)
update=209 global_step=428032 SPS=625 w_ev=0.196 m_ev=0.961 m_v_bias=1.6 m_adv_std=36.1277 m_kl_max=0.0292 m_ratio_max=1.221 w_ax@goal=+0.60 w_v@goal=3.95 return=964.2 length=85 success_rate=1.00 collisions/ep=1.00 (n=25)
update=210 global_step=430080 SPS=626 w_ev=0.240 m_ev=0.990 m_v_bias=-11.3 m_adv_std=17.7551 m_kl_max=0.0243 m_ratio_max=1.226 w_ax@goal=+0.58 w_v@goal=3.95 return=989.0 length=82 success_rate=1.00 collisions/ep=0.44 (n=25)
Evaluation at update 210: return=1012.23, length=78.45, success_rate=1.00, collisions/ep=0.00
Solved-check at update 210: solved=True worst_gap=1.01 at p_x0=0.00 p_y0=0.00 (consecutive=12)
update=211 global_step=432128 SPS=622 w_ev=0.277 m_ev=0.975 m_v_bias=1.9 m_adv_std=27.1741 m_kl_max=0.0148 m_ratio_max=0.721 w_ax@goal=+0.63 w_v@goal=3.87 return=984.0 length=81 success_rate=1.00 collisions/ep=0.62 (n=24)
update=212 global_step=434176 SPS=623 w_ev=0.273 m_ev=0.987 m_v_bias=-4.7 m_adv_std=19.3914 m_kl_max=0.0197 m_ratio_max=0.736 w_ax@goal=+0.62 w_v@goal=3.87 return=986.1 length=82 success_rate=1.00 collisions/ep=0.62 (n=26)
update=213 global_step=436224 SPS=625 w_ev=0.199 m_ev=0.979 m_v_bias=-0.5 m_adv_std=24.8538 m_kl_max=0.0127 m_ratio_max=0.873 w_ax@goal=+0.88 w_v@goal=3.97 return=990.0 length=81 success_rate=1.00 collisions/ep=0.40 (n=25)
update=214 global_step=438272 SPS=626 w_ev=0.213 m_ev=0.955 m_v_bias=3.5 m_adv_std=38.1788 m_kl_max=0.0269 m_ratio_max=0.596 w_ax@goal=+0.88 w_v@goal=3.92 return=965.9 length=82 success_rate=1.00 collisions/ep=0.92 (n=25)
update=215 global_step=440320 SPS=627 w_ev=0.261 m_ev=0.983 m_v_bias=-2.8 m_adv_std=22.1774 m_kl_max=0.0305 m_ratio_max=0.872 w_ax@goal=+0.89 w_v@goal=3.95 return=987.7 length=81 success_rate=1.00 collisions/ep=0.67 (n=27)
Evaluation at update 215: return=1012.24, length=78.55, success_rate=1.00, collisions/ep=0.00
Solved-check at update 215: solved=True worst_gap=1.06 at p_x0=0.00 p_y0=-1.00 (consecutive=13)
update=216 global_step=442368 SPS=624 w_ev=0.251 m_ev=0.987 m_v_bias=-3.4 m_adv_std=19.0547 m_kl_max=0.0126 m_ratio_max=0.530 w_ax@goal=+0.79 w_v@goal=3.87 return=991.8 length=84 success_rate=1.00 collisions/ep=0.35 (n=23)
update=217 global_step=444416 SPS=625 w_ev=0.278 m_ev=0.971 m_v_bias=7.4 m_adv_std=28.9165 m_kl_max=0.0182 m_ratio_max=0.726 w_ax@goal=+0.62 w_v@goal=3.86 return=980.1 length=83 success_rate=1.00 collisions/ep=0.67 (n=24)
update=218 global_step=446464 SPS=626 w_ev=0.246 m_ev=0.961 m_v_bias=3.0 m_adv_std=34.2980 m_kl_max=0.0192 m_ratio_max=0.538 w_ax@goal=+0.81 w_v@goal=3.85 return=961.6 length=83 success_rate=1.00 collisions/ep=0.96 (n=25)
update=219 global_step=448512 SPS=627 w_ev=0.221 m_ev=0.982 m_v_bias=-6.1 m_adv_std=22.6637 m_kl_max=0.0105 m_ratio_max=0.635 w_ax@goal=+0.73 w_v@goal=4.06 return=977.2 length=83 success_rate=1.00 collisions/ep=0.76 (n=25)
update=220 global_step=450560 SPS=628 w_ev=0.283 m_ev=0.989 m_v_bias=-8.7 m_adv_std=17.7449 m_kl_max=0.0135 m_ratio_max=0.540 w_ax@goal=+0.87 w_v@goal=3.95 return=990.4 length=80 success_rate=1.00 collisions/ep=0.46 (n=26)
Evaluation at update 220: return=1011.99, length=78.75, success_rate=1.00, collisions/ep=0.00
Solved-check at update 220: solved=True worst_gap=1.85 at p_x0=0.00 p_y0=-1.00 (consecutive=14)
update=221 global_step=452608 SPS=625 w_ev=0.250 m_ev=0.936 m_v_bias=12.9 m_adv_std=46.7463 m_kl_max=0.0099 m_ratio_max=0.481 w_ax@goal=+0.78 w_v@goal=3.95 return=961.6 length=82 success_rate=1.00 collisions/ep=1.00 (n=24)
update=222 global_step=454656 SPS=626 w_ev=0.283 m_ev=0.968 m_v_bias=0.2 m_adv_std=31.8961 m_kl_max=0.0388 m_ratio_max=1.301 w_ax@goal=+0.77 w_v@goal=3.76 return=963.4 length=82 success_rate=1.00 collisions/ep=1.08 (n=25)
update=223 global_step=456704 SPS=627 w_ev=0.166 m_ev=0.984 m_v_bias=-7.9 m_adv_std=21.8203 m_kl_max=0.0170 m_ratio_max=0.941 w_ax@goal=+0.65 w_v@goal=4.08 return=980.9 length=82 success_rate=1.00 collisions/ep=0.64 (n=25)
update=224 global_step=458752 SPS=628 w_ev=0.191 m_ev=0.963 m_v_bias=7.9 m_adv_std=34.7491 m_kl_max=0.0212 m_ratio_max=0.650 w_ax@goal=+0.63 w_v@goal=4.14 return=965.4 length=84 success_rate=1.00 collisions/ep=0.92 (n=24)
update=225 global_step=460800 SPS=629 w_ev=0.263 m_ev=0.916 m_v_bias=5.8 m_adv_std=53.0719 m_kl_max=0.0208 m_ratio_max=0.691 w_ax@goal=+0.70 w_v@goal=4.08 return=964.1 length=80 success_rate=1.00 collisions/ep=0.96 (n=28)
Evaluation at update 225: return=1012.03, length=78.65, success_rate=1.00, collisions/ep=0.00
Solved-check at update 225: solved=True worst_gap=1.58 at p_x0=0.00 p_y0=-1.00 (consecutive=15)
update=226 global_step=462848 SPS=626 w_ev=0.303 m_ev=0.970 m_v_bias=-5.0 m_adv_std=30.8578 m_kl_max=0.0307 m_ratio_max=0.826 w_ax@goal=+0.65 w_v@goal=3.94 return=981.3 length=82 success_rate=1.00 collisions/ep=0.54 (n=26)
update=227 global_step=464896 SPS=627 w_ev=0.265 m_ev=0.965 m_v_bias=4.1 m_adv_std=33.9758 m_kl_max=0.0353 m_ratio_max=0.915 w_ax@goal=+0.56 w_v@goal=3.93 return=962.2 length=84 success_rate=1.00 collisions/ep=0.96 (n=24)
update=228 global_step=466944 SPS=628 w_ev=0.247 m_ev=0.971 m_v_bias=1.3 m_adv_std=28.7101 m_kl_max=0.0328 m_ratio_max=0.930 w_ax@goal=+0.59 w_v@goal=4.08 return=985.4 length=85 success_rate=1.00 collisions/ep=0.57 (n=23)
update=229 global_step=468992 SPS=629 w_ev=0.272 m_ev=0.967 m_v_bias=5.5 m_adv_std=31.8327 m_kl_max=0.0102 m_ratio_max=0.547 w_ax@goal=+0.51 w_v@goal=4.10 return=975.0 length=82 success_rate=1.00 collisions/ep=0.80 (n=25)
update=230 global_step=471040 SPS=630 w_ev=0.272 m_ev=0.982 m_v_bias=-3.3 m_adv_std=24.0378 m_kl_max=0.0183 m_ratio_max=0.781 w_ax@goal=+0.52 w_v@goal=4.00 return=987.8 length=85 success_rate=1.00 collisions/ep=0.39 (n=23)
Evaluation at update 230: return=1012.08, length=78.65, success_rate=1.00, collisions/ep=0.00
Solved-check at update 230: solved=True worst_gap=1.14 at p_x0=0.00 p_y0=1.00 (consecutive=16)
update=231 global_step=473088 SPS=627 w_ev=0.232 m_ev=0.984 m_v_bias=0.4 m_adv_std=23.0402 m_kl_max=0.0068 m_ratio_max=0.382 w_ax@goal=+0.43 w_v@goal=4.16 return=993.8 length=86 success_rate=1.00 collisions/ep=0.33 (n=24)
update=232 global_step=475136 SPS=628 w_ev=0.178 m_ev=0.983 m_v_bias=-2.3 m_adv_std=22.9711 m_kl_max=0.0297 m_ratio_max=0.749 w_ax@goal=+0.44 w_v@goal=4.09 return=976.7 length=85 success_rate=1.00 collisions/ep=0.70 (n=23)
update=233 global_step=477184 SPS=629 w_ev=0.208 m_ev=0.982 m_v_bias=4.0 m_adv_std=24.5809 m_kl_max=0.0126 m_ratio_max=0.822 w_ax@goal=+0.56 w_v@goal=4.08 return=979.7 length=84 success_rate=1.00 collisions/ep=0.56 (n=25)
update=234 global_step=479232 SPS=630 w_ev=0.282 m_ev=0.964 m_v_bias=2.5 m_adv_std=35.1176 m_kl_max=0.0150 m_ratio_max=1.035 w_ax@goal=+0.39 w_v@goal=3.98 return=960.5 length=85 success_rate=1.00 collisions/ep=0.92 (n=25)
update=235 global_step=481280 SPS=632 w_ev=0.283 m_ev=0.981 m_v_bias=-2.5 m_adv_std=25.2162 m_kl_max=0.0166 m_ratio_max=1.108 w_ax@goal=+0.45 w_v@goal=4.04 return=974.8 length=85 success_rate=1.00 collisions/ep=0.67 (n=24)
Evaluation at update 235: return=1012.14, length=78.60, success_rate=1.00, collisions/ep=0.00
Solved-check at update 235: solved=True worst_gap=1.04 at p_x0=0.00 p_y0=1.00 (consecutive=17)
update=236 global_step=483328 SPS=628 w_ev=0.207 m_ev=0.985 m_v_bias=-9.2 m_adv_std=21.4424 m_kl_max=0.0104 m_ratio_max=0.559 w_ax@goal=+0.59 w_v@goal=3.98 return=992.4 length=85 success_rate=1.00 collisions/ep=0.30 (n=23)
update=237 global_step=485376 SPS=629 w_ev=0.200 m_ev=0.968 m_v_bias=10.0 m_adv_std=32.6382 m_kl_max=0.0135 m_ratio_max=0.886 w_ax@goal=+0.58 w_v@goal=4.03 return=973.6 length=85 success_rate=1.00 collisions/ep=0.76 (n=25)
update=238 global_step=487424 SPS=631 w_ev=0.315 m_ev=0.982 m_v_bias=-3.8 m_adv_std=22.7931 m_kl_max=0.0105 m_ratio_max=0.478 w_ax@goal=+0.66 w_v@goal=3.85 return=976.4 length=83 success_rate=1.00 collisions/ep=0.67 (n=24)
update=239 global_step=489472 SPS=632 w_ev=0.294 m_ev=0.983 m_v_bias=4.4 m_adv_std=23.2486 m_kl_max=0.0093 m_ratio_max=0.452 w_ax@goal=+0.56 w_v@goal=3.96 return=983.2 length=84 success_rate=1.00 collisions/ep=0.56 (n=25)
update=240 global_step=491520 SPS=633 w_ev=0.266 m_ev=0.965 m_v_bias=4.1 m_adv_std=33.5415 m_kl_max=0.0132 m_ratio_max=0.884 w_ax@goal=+0.56 w_v@goal=3.93 return=980.1 length=84 success_rate=1.00 collisions/ep=0.52 (n=25)
Evaluation at update 240: return=1011.42, length=79.40, success_rate=1.00, collisions/ep=0.00
Solved-check at update 240: solved=True worst_gap=1.97 at p_x0=0.50 p_y0=-1.00 (consecutive=18)
update=241 global_step=493568 SPS=630 w_ev=0.138 m_ev=0.964 m_v_bias=7.7 m_adv_std=33.6109 m_kl_max=0.0160 m_ratio_max=0.500 w_ax@goal=+0.31 w_v@goal=4.09 return=972.9 length=89 success_rate=1.00 collisions/ep=0.62 (n=21)
update=242 global_step=495616 SPS=631 w_ev=0.161 m_ev=0.976 m_v_bias=-5.8 m_adv_std=28.8034 m_kl_max=0.0085 m_ratio_max=0.496 w_ax@goal=+0.49 w_v@goal=4.11 return=977.0 length=86 success_rate=1.00 collisions/ep=0.62 (n=26)
update=243 global_step=497664 SPS=632 w_ev=0.215 m_ev=0.974 m_v_bias=-3.9 m_adv_std=28.9680 m_kl_max=0.0185 m_ratio_max=0.646 w_ax@goal=+0.45 w_v@goal=4.23 return=979.5 length=85 success_rate=1.00 collisions/ep=0.52 (n=23)
update=244 global_step=499712 SPS=633 w_ev=0.279 m_ev=0.989 m_v_bias=1.3 m_adv_std=18.7955 m_kl_max=0.0111 m_ratio_max=0.610 w_ax@goal=+0.47 w_v@goal=3.97 return=987.9 length=86 success_rate=1.00 collisions/ep=0.39 (n=23)
update=245 global_step=501760 SPS=634 w_ev=0.242 m_ev=0.995 m_v_bias=-3.0 m_adv_std=13.0683 m_kl_max=0.0108 m_ratio_max=0.920 w_ax@goal=+0.31 w_v@goal=4.08 return=994.5 length=87 success_rate=1.00 collisions/ep=0.22 (n=23)
Evaluation at update 245: return=1011.66, length=79.10, success_rate=1.00, collisions/ep=0.00
Solved-check at update 245: solved=True worst_gap=1.87 at p_x0=0.00 p_y0=-1.00 (consecutive=19)
update=246 global_step=503808 SPS=631 w_ev=0.248 m_ev=0.993 m_v_bias=1.2 m_adv_std=15.2063 m_kl_max=0.0205 m_ratio_max=1.598 w_ax@goal=+0.39 w_v@goal=4.32 return=994.9 length=86 success_rate=1.00 collisions/ep=0.21 (n=24)
update=247 global_step=505856 SPS=632 w_ev=0.286 m_ev=0.984 m_v_bias=8.6 m_adv_std=23.8785 m_kl_max=0.0058 m_ratio_max=0.418 w_ax@goal=+0.30 w_v@goal=4.09 return=983.1 length=91 success_rate=1.00 collisions/ep=0.42 (n=24)
update=248 global_step=507904 SPS=633 w_ev=0.260 m_ev=0.986 m_v_bias=-1.6 m_adv_std=22.3744 m_kl_max=0.0110 m_ratio_max=0.926 w_ax@goal=+0.42 w_v@goal=4.02 return=977.0 length=87 success_rate=1.00 collisions/ep=0.57 (n=23)
update=249 global_step=509952 SPS=634 w_ev=0.213 m_ev=0.989 m_v_bias=1.9 m_adv_std=19.4077 m_kl_max=0.0217 m_ratio_max=0.765 w_ax@goal=+0.33 w_v@goal=4.01 return=974.3 length=87 success_rate=1.00 collisions/ep=0.58 (n=24)
update=250 global_step=512000 SPS=635 w_ev=0.240 m_ev=0.988 m_v_bias=1.7 m_adv_std=19.9146 m_kl_max=0.0169 m_ratio_max=0.710 w_ax@goal=+0.25 w_v@goal=3.96 return=986.1 length=88 success_rate=1.00 collisions/ep=0.36 (n=22)
Evaluation at update 250: return=1010.65, length=79.90, success_rate=1.00, collisions/ep=0.00
Solved-check at update 250: solved=True worst_gap=3.53 at p_x0=0.00 p_y0=-1.00 (consecutive=20)
update=251 global_step=514048 SPS=632 w_ev=0.211 m_ev=0.984 m_v_bias=2.5 m_adv_std=23.2298 m_kl_max=0.0133 m_ratio_max=0.600 w_ax@goal=+0.24 w_v@goal=3.92 return=973.4 length=88 success_rate=1.00 collisions/ep=0.58 (n=24)
update=252 global_step=516096 SPS=633 w_ev=0.189 m_ev=0.988 m_v_bias=-2.4 m_adv_std=19.5950 m_kl_max=0.0054 m_ratio_max=0.402 w_ax@goal=+0.26 w_v@goal=3.97 return=980.3 length=88 success_rate=1.00 collisions/ep=0.45 (n=22)
update=253 global_step=518144 SPS=634 w_ev=0.223 m_ev=0.990 m_v_bias=-7.6 m_adv_std=18.0862 m_kl_max=0.0068 m_ratio_max=0.357 w_ax@goal=+0.31 w_v@goal=4.10 return=982.4 length=88 success_rate=1.00 collisions/ep=0.44 (n=25)
update=254 global_step=520192 SPS=635 w_ev=0.186 m_ev=0.989 m_v_bias=-1.4 m_adv_std=18.9800 m_kl_max=0.0191 m_ratio_max=0.932 w_ax@goal=+0.31 w_v@goal=4.02 return=988.3 length=87 success_rate=1.00 collisions/ep=0.32 (n=22)
update=255 global_step=522240 SPS=636 w_ev=0.159 m_ev=0.993 m_v_bias=-3.6 m_adv_std=14.4706 m_kl_max=0.0205 m_ratio_max=0.718 w_ax@goal=+0.38 w_v@goal=4.18 return=990.1 length=88 success_rate=1.00 collisions/ep=0.29 (n=24)
Evaluation at update 255: return=1011.27, length=79.55, success_rate=1.00, collisions/ep=0.00
Solved-check at update 255: solved=True worst_gap=3.27 at p_x0=0.00 p_y0=-1.00 (consecutive=21)
update=256 global_step=524288 SPS=633 w_ev=0.186 m_ev=0.987 m_v_bias=2.7 m_adv_std=20.3574 m_kl_max=0.0129 m_ratio_max=0.603 w_ax@goal=+0.26 w_v@goal=4.15 return=984.2 length=85 success_rate=1.00 collisions/ep=0.46 (n=26)
update=257 global_step=526336 SPS=634 w_ev=0.171 m_ev=0.954 m_v_bias=2.3 m_adv_std=38.0342 m_kl_max=0.0106 m_ratio_max=0.881 w_ax@goal=+0.45 w_v@goal=3.98 return=966.6 length=84 success_rate=1.00 collisions/ep=0.78 (n=23)
update=258 global_step=528384 SPS=635 w_ev=0.155 m_ev=0.990 m_v_bias=-14.0 m_adv_std=16.9816 m_kl_max=0.0091 m_ratio_max=0.427 w_ax@goal=+0.53 w_v@goal=4.10 return=987.2 length=83 success_rate=1.00 collisions/ep=0.44 (n=25)
update=259 global_step=530432 SPS=636 w_ev=0.222 m_ev=0.987 m_v_bias=1.1 m_adv_std=19.9786 m_kl_max=0.0165 m_ratio_max=0.864 w_ax@goal=+0.48 w_v@goal=3.95 return=997.0 length=84 success_rate=1.00 collisions/ep=0.24 (n=25)
update=260 global_step=532480 SPS=637 w_ev=0.165 m_ev=0.984 m_v_bias=0.3 m_adv_std=22.4274 m_kl_max=0.0368 m_ratio_max=1.128 w_ax@goal=+0.41 w_v@goal=4.19 return=977.7 length=86 success_rate=1.00 collisions/ep=0.58 (n=24)
Evaluation at update 260: return=1011.62, length=79.10, success_rate=1.00, collisions/ep=0.00
Solved-check at update 260: solved=True worst_gap=2.59 at p_x0=0.00 p_y0=-1.00 (consecutive=22)
update=261 global_step=534528 SPS=634 w_ev=0.202 m_ev=0.988 m_v_bias=-2.4 m_adv_std=19.0600 m_kl_max=0.0108 m_ratio_max=0.585 w_ax@goal=+0.54 w_v@goal=4.24 return=992.4 length=84 success_rate=1.00 collisions/ep=0.33 (n=24)
update=262 global_step=536576 SPS=635 w_ev=0.143 m_ev=0.970 m_v_bias=5.5 m_adv_std=30.6223 m_kl_max=0.0076 m_ratio_max=0.570 w_ax@goal=+0.49 w_v@goal=4.17 return=978.3 length=84 success_rate=1.00 collisions/ep=0.62 (n=24)
update=263 global_step=538624 SPS=636 w_ev=0.184 m_ev=0.975 m_v_bias=1.2 m_adv_std=28.8960 m_kl_max=0.0137 m_ratio_max=0.604 w_ax@goal=+0.56 w_v@goal=4.17 return=981.7 length=85 success_rate=1.00 collisions/ep=0.52 (n=25)
update=264 global_step=540672 SPS=637 w_ev=0.276 m_ev=0.984 m_v_bias=-2.7 m_adv_std=23.3259 m_kl_max=0.0101 m_ratio_max=0.641 w_ax@goal=+0.41 w_v@goal=3.94 return=974.1 length=84 success_rate=1.00 collisions/ep=0.68 (n=25)
update=265 global_step=542720 SPS=638 w_ev=0.236 m_ev=0.984 m_v_bias=-1.1 m_adv_std=21.5511 m_kl_max=0.0069 m_ratio_max=0.530 w_ax@goal=+0.53 w_v@goal=4.12 return=989.8 length=83 success_rate=1.00 collisions/ep=0.36 (n=25)
Evaluation at update 265: return=1012.01, length=78.70, success_rate=1.00, collisions/ep=0.00
Solved-check at update 265: solved=True worst_gap=1.85 at p_x0=0.00 p_y0=-1.00 (consecutive=23)
update=266 global_step=544768 SPS=635 w_ev=0.260 m_ev=0.991 m_v_bias=-2.7 m_adv_std=16.2673 m_kl_max=0.0056 m_ratio_max=0.271 w_ax@goal=+0.52 w_v@goal=3.88 return=973.4 length=81 success_rate=1.00 collisions/ep=0.71 (n=24)
update=267 global_step=546816 SPS=636 w_ev=0.273 m_ev=0.961 m_v_bias=2.2 m_adv_std=34.7935 m_kl_max=0.0289 m_ratio_max=1.470 w_ax@goal=+0.57 w_v@goal=3.64 return=973.7 length=83 success_rate=1.00 collisions/ep=0.71 (n=24)
update=268 global_step=548864 SPS=637 w_ev=0.203 m_ev=0.990 m_v_bias=-6.8 m_adv_std=17.0856 m_kl_max=0.0198 m_ratio_max=1.006 w_ax@goal=+0.72 w_v@goal=3.98 return=978.4 length=81 success_rate=1.00 collisions/ep=0.67 (n=24)
update=269 global_step=550912 SPS=638 w_ev=0.160 m_ev=0.978 m_v_bias=7.2 m_adv_std=26.3714 m_kl_max=0.0128 m_ratio_max=0.721 w_ax@goal=+0.74 w_v@goal=4.03 return=965.4 length=82 success_rate=1.00 collisions/ep=0.88 (n=25)
update=270 global_step=552960 SPS=639 w_ev=0.246 m_ev=0.982 m_v_bias=-3.1 m_adv_std=23.6000 m_kl_max=0.0104 m_ratio_max=0.656 w_ax@goal=+0.59 w_v@goal=3.72 return=982.8 length=83 success_rate=1.00 collisions/ep=0.52 (n=25)
Evaluation at update 270: return=1012.07, length=78.65, success_rate=1.00, collisions/ep=0.00
Solved-check at update 270: solved=True worst_gap=1.77 at p_x0=0.00 p_y0=-1.00 (consecutive=24)
update=271 global_step=555008 SPS=636 w_ev=0.212 m_ev=0.979 m_v_bias=-2.2 m_adv_std=25.5017 m_kl_max=0.0215 m_ratio_max=0.805 w_ax@goal=+0.60 w_v@goal=4.03 return=986.2 length=82 success_rate=1.00 collisions/ep=0.46 (n=26)
update=272 global_step=557056 SPS=637 w_ev=0.234 m_ev=0.980 m_v_bias=3.8 m_adv_std=25.3496 m_kl_max=0.0203 m_ratio_max=0.695 w_ax@goal=+0.41 w_v@goal=3.66 return=970.0 length=82 success_rate=1.00 collisions/ep=0.77 (n=26)
update=273 global_step=559104 SPS=638 w_ev=0.263 m_ev=0.977 m_v_bias=0.3 m_adv_std=27.2994 m_kl_max=0.0155 m_ratio_max=0.989 w_ax@goal=+0.65 w_v@goal=3.60 return=980.6 length=83 success_rate=1.00 collisions/ep=0.58 (n=24)
update=274 global_step=561152 SPS=639 w_ev=0.180 m_ev=0.988 m_v_bias=-2.5 m_adv_std=19.3328 m_kl_max=0.0081 m_ratio_max=0.626 w_ax@goal=+0.62 w_v@goal=3.83 return=983.0 length=83 success_rate=1.00 collisions/ep=0.54 (n=24)
update=275 global_step=563200 SPS=639 w_ev=0.196 m_ev=0.947 m_v_bias=5.6 m_adv_std=40.8660 m_kl_max=0.0343 m_ratio_max=1.470 w_ax@goal=+0.59 w_v@goal=3.89 return=979.0 length=82 success_rate=1.00 collisions/ep=0.62 (n=26)
Evaluation at update 275: return=1012.16, length=78.50, success_rate=1.00, collisions/ep=0.00
Solved-check at update 275: solved=True worst_gap=1.53 at p_x0=0.00 p_y0=-1.00 (consecutive=25)
update=276 global_step=565248 SPS=635 w_ev=0.237 m_ev=0.962 m_v_bias=1.9 m_adv_std=34.2318 m_kl_max=0.0234 m_ratio_max=1.157 w_ax@goal=+0.84 w_v@goal=3.84 return=965.9 length=81 success_rate=1.00 collisions/ep=0.88 (n=25)
update=277 global_step=567296 SPS=636 w_ev=0.255 m_ev=0.991 m_v_bias=-4.8 m_adv_std=16.3606 m_kl_max=0.0088 m_ratio_max=0.496 w_ax@goal=+0.71 w_v@goal=3.82 return=982.2 length=82 success_rate=1.00 collisions/ep=0.56 (n=25)
update=278 global_step=569344 SPS=637 w_ev=0.228 m_ev=0.978 m_v_bias=7.6 m_adv_std=26.2923 m_kl_max=0.0091 m_ratio_max=0.668 w_ax@goal=+0.66 w_v@goal=3.85 return=965.8 length=83 success_rate=1.00 collisions/ep=0.88 (n=25)
update=279 global_step=571392 SPS=638 w_ev=0.206 m_ev=0.954 m_v_bias=2.9 m_adv_std=39.1602 m_kl_max=0.0155 m_ratio_max=1.046 w_ax@goal=+0.76 w_v@goal=3.91 return=965.1 length=82 success_rate=1.00 collisions/ep=0.92 (n=24)
update=280 global_step=573440 SPS=639 w_ev=0.234 m_ev=0.955 m_v_bias=11.7 m_adv_std=40.5213 m_kl_max=0.0071 m_ratio_max=0.446 w_ax@goal=+0.53 w_v@goal=3.79 return=944.1 length=83 success_rate=1.00 collisions/ep=1.32 (n=25)
Evaluation at update 280: return=1012.29, length=78.45, success_rate=1.00, collisions/ep=0.00
Solved-check at update 280: solved=True worst_gap=1.18 at p_x0=0.00 p_y0=-1.00 (consecutive=26)
update=281 global_step=575488 SPS=635 w_ev=0.146 m_ev=0.980 m_v_bias=-12.0 m_adv_std=25.8286 m_kl_max=0.0089 m_ratio_max=0.579 w_ax@goal=+0.57 w_v@goal=3.95 return=954.4 length=83 success_rate=1.00 collisions/ep=1.12 (n=26)
update=282 global_step=577536 SPS=636 w_ev=0.183 m_ev=0.985 m_v_bias=-8.1 m_adv_std=21.4107 m_kl_max=0.0514 m_ratio_max=1.516 w_ax@goal=+0.83 w_v@goal=3.81 return=989.8 length=81 success_rate=1.00 collisions/ep=0.40 (n=25)
update=283 global_step=579584 SPS=637 w_ev=0.155 m_ev=0.989 m_v_bias=-2.8 m_adv_std=18.0335 m_kl_max=0.0191 m_ratio_max=0.732 w_ax@goal=+0.84 w_v@goal=3.89 return=993.7 length=83 success_rate=1.00 collisions/ep=0.32 (n=25)
update=284 global_step=581632 SPS=638 w_ev=0.198 m_ev=0.974 m_v_bias=10.0 m_adv_std=27.2674 m_kl_max=0.0106 m_ratio_max=0.721 w_ax@goal=+0.58 w_v@goal=3.66 return=975.9 length=80 success_rate=1.00 collisions/ep=0.67 (n=24)
update=285 global_step=583680 SPS=639 w_ev=0.187 m_ev=0.968 m_v_bias=1.6 m_adv_std=32.2921 m_kl_max=0.0081 m_ratio_max=0.424 w_ax@goal=+0.57 w_v@goal=3.82 return=967.2 length=85 success_rate=1.00 collisions/ep=0.84 (n=25)
Evaluation at update 285: return=1012.31, length=78.35, success_rate=1.00, collisions/ep=0.00
Solved-check at update 285: solved=True worst_gap=0.96 at p_x0=0.00 p_y0=0.00 (consecutive=27)
update=286 global_step=585728 SPS=636 w_ev=0.181 m_ev=0.983 m_v_bias=-3.1 m_adv_std=23.3806 m_kl_max=0.0048 m_ratio_max=0.303 w_ax@goal=+0.70 w_v@goal=3.82 return=981.1 length=80 success_rate=1.00 collisions/ep=0.56 (n=25)
update=287 global_step=587776 SPS=637 w_ev=0.197 m_ev=0.976 m_v_bias=3.3 m_adv_std=28.3867 m_kl_max=0.0196 m_ratio_max=0.852 w_ax@goal=+0.66 w_v@goal=3.73 return=975.4 length=84 success_rate=1.00 collisions/ep=0.67 (n=24)
update=288 global_step=589824 SPS=638 w_ev=0.186 m_ev=0.962 m_v_bias=3.7 m_adv_std=35.5835 m_kl_max=0.0145 m_ratio_max=0.901 w_ax@goal=+0.64 w_v@goal=3.83 return=948.9 length=85 success_rate=1.00 collisions/ep=1.21 (n=24)
update=289 global_step=591872 SPS=639 w_ev=0.229 m_ev=0.983 m_v_bias=-4.5 m_adv_std=23.0628 m_kl_max=0.0124 m_ratio_max=0.552 w_ax@goal=+0.61 w_v@goal=3.82 return=972.8 length=82 success_rate=1.00 collisions/ep=0.72 (n=25)
update=290 global_step=593920 SPS=640 w_ev=0.228 m_ev=0.980 m_v_bias=-0.9 m_adv_std=25.2477 m_kl_max=0.0124 m_ratio_max=0.674 w_ax@goal=+0.38 w_v@goal=3.56 return=984.6 length=84 success_rate=1.00 collisions/ep=0.52 (n=23)
Evaluation at update 290: return=1012.17, length=78.60, success_rate=1.00, collisions/ep=0.00
Solved-check at update 290: solved=False worst_gap=50.82 at p_x0=1.50 p_y0=-1.00 (consecutive=28)
update=291 global_step=595968 SPS=637 w_ev=0.192 m_ev=0.974 m_v_bias=3.6 m_adv_std=28.6996 m_kl_max=0.0239 m_ratio_max=0.804 w_ax@goal=+0.58 w_v@goal=3.91 return=960.8 length=82 success_rate=1.00 collisions/ep=1.00 (n=26)
update=292 global_step=598016 SPS=637 w_ev=0.193 m_ev=0.966 m_v_bias=-0.5 m_adv_std=34.3819 m_kl_max=0.0211 m_ratio_max=0.724 w_ax@goal=+0.79 w_v@goal=3.75 return=960.0 length=83 success_rate=1.00 collisions/ep=1.04 (n=25)
update=293 global_step=600064 SPS=638 w_ev=0.272 m_ev=0.953 m_v_bias=3.4 m_adv_std=41.5431 m_kl_max=0.0055 m_ratio_max=0.445 w_ax@goal=+0.84 w_v@goal=3.78 return=936.9 length=82 success_rate=1.00 collisions/ep=1.50 (n=26)
update=294 global_step=602112 SPS=639 w_ev=0.161 m_ev=0.958 m_v_bias=-3.2 m_adv_std=38.9054 m_kl_max=0.0180 m_ratio_max=0.823 w_ax@goal=+0.74 w_v@goal=3.89 return=952.4 length=84 success_rate=1.00 collisions/ep=1.13 (n=23)
update=295 global_step=604160 SPS=640 w_ev=0.258 m_ev=0.971 m_v_bias=3.3 m_adv_std=31.3171 m_kl_max=0.0131 m_ratio_max=0.765 w_ax@goal=+0.55 w_v@goal=3.82 return=952.9 length=83 success_rate=1.00 collisions/ep=1.19 (n=27)
Evaluation at update 295: return=1012.20, length=78.55, success_rate=1.00, collisions/ep=0.00
Solved-check at update 295: solved=False worst_gap=50.88 at p_x0=1.00 p_y0=-1.00 (consecutive=0)
update=296 global_step=606208 SPS=637 w_ev=0.148 m_ev=0.974 m_v_bias=-1.3 m_adv_std=29.3100 m_kl_max=0.0150 m_ratio_max=0.715 w_ax@goal=+0.59 w_v@goal=3.77 return=965.3 length=83 success_rate=1.00 collisions/ep=0.87 (n=23)
update=297 global_step=608256 SPS=638 w_ev=0.127 m_ev=0.971 m_v_bias=3.4 m_adv_std=30.0367 m_kl_max=0.0113 m_ratio_max=0.545 w_ax@goal=+0.58 w_v@goal=3.96 return=959.5 length=81 success_rate=1.00 collisions/ep=1.00 (n=26)
update=298 global_step=610304 SPS=639 w_ev=0.158 m_ev=0.940 m_v_bias=9.3 m_adv_std=48.0485 m_kl_max=0.0082 m_ratio_max=0.586 w_ax@goal=+0.50 w_v@goal=3.89 return=927.9 length=82 success_rate=1.00 collisions/ep=1.60 (n=25)
update=299 global_step=612352 SPS=640 w_ev=0.204 m_ev=0.980 m_v_bias=-14.8 m_adv_std=25.3870 m_kl_max=0.0125 m_ratio_max=0.570 w_ax@goal=+0.30 w_v@goal=3.63 return=971.9 length=83 success_rate=1.00 collisions/ep=0.75 (n=24)
update=300 global_step=614400 SPS=641 w_ev=0.177 m_ev=0.977 m_v_bias=-1.2 m_adv_std=26.6922 m_kl_max=0.0166 m_ratio_max=0.851 w_ax@goal=+0.43 w_v@goal=3.63 return=968.1 length=81 success_rate=1.00 collisions/ep=0.80 (n=25)
Evaluation at update 300: return=1011.87, length=78.70, success_rate=1.00, collisions/ep=0.00
Solved-check at update 300: solved=True worst_gap=1.54 at p_x0=0.00 p_y0=-1.00 (consecutive=0)
update=301 global_step=616448 SPS=638 w_ev=0.194 m_ev=0.973 m_v_bias=1.2 m_adv_std=29.4631 m_kl_max=0.0094 m_ratio_max=0.798 w_ax@goal=+0.57 w_v@goal=3.76 return=964.5 length=84 success_rate=1.00 collisions/ep=0.88 (n=24)
update=302 global_step=618496 SPS=639 w_ev=0.259 m_ev=0.973 m_v_bias=4.2 m_adv_std=30.6428 m_kl_max=0.0040 m_ratio_max=0.384 w_ax@goal=+0.49 w_v@goal=3.74 return=963.7 length=83 success_rate=1.00 collisions/ep=0.88 (n=26)
update=303 global_step=620544 SPS=640 w_ev=0.219 m_ev=0.970 m_v_bias=0.6 m_adv_std=32.6307 m_kl_max=0.0020 m_ratio_max=0.288 w_ax@goal=+0.62 w_v@goal=3.65 return=962.6 length=84 success_rate=1.00 collisions/ep=0.92 (n=24)
update=304 global_step=622592 SPS=641 w_ev=0.294 m_ev=0.982 m_v_bias=-2.5 m_adv_std=24.1590 m_kl_max=0.0111 m_ratio_max=0.544 w_ax@goal=+0.56 w_v@goal=3.36 return=964.1 length=84 success_rate=1.00 collisions/ep=0.88 (n=25)
update=305 global_step=624640 SPS=642 w_ev=0.173 m_ev=0.956 m_v_bias=12.8 m_adv_std=39.8351 m_kl_max=0.0475 m_ratio_max=3.464 w_ax@goal=+0.45 w_v@goal=3.64 return=930.4 length=83 success_rate=1.00 collisions/ep=1.54 (n=24)
Evaluation at update 305: return=1009.36, length=78.80, success_rate=1.00, collisions/ep=0.05
Solved-check at update 305: solved=False worst_gap=51.26 at p_x0=1.00 p_y0=-1.00 (consecutive=1)
update=306 global_step=626688 SPS=639 w_ev=0.223 m_ev=0.986 m_v_bias=-15.4 m_adv_std=20.9572 m_kl_max=0.0097 m_ratio_max=0.880 w_ax@goal=+0.53 w_v@goal=3.39 return=977.6 length=83 success_rate=1.00 collisions/ep=0.60 (n=25)
update=307 global_step=628736 SPS=640 w_ev=0.232 m_ev=0.950 m_v_bias=1.9 m_adv_std=40.8072 m_kl_max=0.0186 m_ratio_max=0.810 w_ax@goal=+0.52 w_v@goal=3.41 return=958.0 length=83 success_rate=1.00 collisions/ep=1.00 (n=25)
update=308 global_step=630784 SPS=641 w_ev=0.266 m_ev=0.976 m_v_bias=3.0 m_adv_std=28.5888 m_kl_max=0.0043 m_ratio_max=0.565 w_ax@goal=+0.57 w_v@goal=3.46 return=959.0 length=81 success_rate=1.00 collisions/ep=1.00 (n=25)
update=309 global_step=632832 SPS=642 w_ev=0.232 m_ev=0.954 m_v_bias=4.0 m_adv_std=41.1692 m_kl_max=0.0135 m_ratio_max=1.041 w_ax@goal=+0.70 w_v@goal=3.53 return=932.3 length=83 success_rate=1.00 collisions/ep=1.54 (n=26)
update=310 global_step=634880 SPS=642 w_ev=0.142 m_ev=0.943 m_v_bias=0.4 m_adv_std=45.8019 m_kl_max=0.0116 m_ratio_max=0.742 w_ax@goal=+0.73 w_v@goal=3.74 return=931.5 length=83 success_rate=1.00 collisions/ep=1.56 (n=25)
Evaluation at update 310: return=1002.17, length=78.60, success_rate=1.00, collisions/ep=0.20
Solved-check at update 310: solved=False worst_gap=50.84 at p_x0=1.50 p_y0=-1.00 (consecutive=0)
update=311 global_step=636928 SPS=640 w_ev=0.197 m_ev=0.941 m_v_bias=7.8 m_adv_std=46.3651 m_kl_max=0.0081 m_ratio_max=0.530 w_ax@goal=+0.65 w_v@goal=3.56 return=938.5 length=83 success_rate=1.00 collisions/ep=1.42 (n=24)
update=312 global_step=638976 SPS=641 w_ev=0.178 m_ev=0.960 m_v_bias=-13.6 m_adv_std=35.8198 m_kl_max=0.0081 m_ratio_max=0.546 w_ax@goal=+0.69 w_v@goal=3.53 return=957.6 length=83 success_rate=1.00 collisions/ep=1.04 (n=24)
update=313 global_step=641024 SPS=642 w_ev=0.136 m_ev=0.969 m_v_bias=3.4 m_adv_std=32.3859 m_kl_max=0.0116 m_ratio_max=0.480 w_ax@goal=+0.69 w_v@goal=3.63 return=961.9 length=83 success_rate=1.00 collisions/ep=1.00 (n=24)
update=314 global_step=643072 SPS=642 w_ev=0.153 m_ev=0.957 m_v_bias=5.6 m_adv_std=36.9287 m_kl_max=0.0434 m_ratio_max=1.361 w_ax@goal=+0.68 w_v@goal=3.79 return=939.7 length=82 success_rate=1.00 collisions/ep=1.44 (n=25)
update=315 global_step=645120 SPS=643 w_ev=0.171 m_ev=0.969 m_v_bias=-3.9 m_adv_std=30.9594 m_kl_max=0.0315 m_ratio_max=0.704 w_ax@goal=+0.61 w_v@goal=3.71 return=964.4 length=81 success_rate=1.00 collisions/ep=0.88 (n=24)
Evaluation at update 315: return=1012.13, length=78.65, success_rate=1.00, collisions/ep=0.00
Solved-check at update 315: solved=True worst_gap=1.28 at p_x0=0.00 p_y0=-1.00 (consecutive=0)
update=316 global_step=647168 SPS=640 w_ev=0.192 m_ev=0.974 m_v_bias=-2.5 m_adv_std=29.3553 m_kl_max=0.0083 m_ratio_max=0.463 w_ax@goal=+0.52 w_v@goal=3.63 return=960.9 length=84 success_rate=1.00 collisions/ep=0.96 (n=26)
update=317 global_step=649216 SPS=641 w_ev=0.239 m_ev=0.986 m_v_bias=-5.6 m_adv_std=21.1256 m_kl_max=0.0119 m_ratio_max=1.292 w_ax@goal=+0.46 w_v@goal=3.60 return=974.7 length=83 success_rate=1.00 collisions/ep=0.71 (n=24)
update=318 global_step=651264 SPS=642 w_ev=0.153 m_ev=0.984 m_v_bias=-4.9 m_adv_std=22.8194 m_kl_max=0.0027 m_ratio_max=0.267 w_ax@goal=+0.60 w_v@goal=3.72 return=981.5 length=84 success_rate=1.00 collisions/ep=0.60 (n=25)
update=319 global_step=653312 SPS=643 w_ev=0.158 m_ev=0.977 m_v_bias=1.0 m_adv_std=26.7645 m_kl_max=0.0076 m_ratio_max=0.364 w_ax@goal=+0.61 w_v@goal=3.78 return=989.6 length=83 success_rate=1.00 collisions/ep=0.40 (n=25)
update=320 global_step=655360 SPS=644 w_ev=0.198 m_ev=0.984 m_v_bias=-3.5 m_adv_std=21.8693 m_kl_max=0.0087 m_ratio_max=0.439 w_ax@goal=+0.73 w_v@goal=3.81 return=979.0 length=81 success_rate=1.00 collisions/ep=0.62 (n=26)
Evaluation at update 320: return=1012.19, length=78.55, success_rate=1.00, collisions/ep=0.00
Solved-check at update 320: solved=True worst_gap=1.16 at p_x0=0.00 p_y0=-1.00 (consecutive=1)
update=321 global_step=657408 SPS=641 w_ev=0.185 m_ev=0.973 m_v_bias=3.4 m_adv_std=28.8215 m_kl_max=0.0235 m_ratio_max=0.736 w_ax@goal=+0.67 w_v@goal=3.76 return=973.5 length=81 success_rate=1.00 collisions/ep=0.71 (n=24)
update=322 global_step=659456 SPS=642 w_ev=0.220 m_ev=0.968 m_v_bias=6.9 m_adv_std=31.6865 m_kl_max=0.0147 m_ratio_max=0.792 w_ax@goal=+0.61 w_v@goal=3.72 return=975.8 length=83 success_rate=1.00 collisions/ep=0.68 (n=25)
update=323 global_step=661504 SPS=643 w_ev=0.184 m_ev=0.978 m_v_bias=-2.6 m_adv_std=25.9782 m_kl_max=0.0726 m_ratio_max=1.603 w_ax@goal=+0.51 w_v@goal=3.66 return=977.5 length=83 success_rate=1.00 collisions/ep=0.62 (n=24)
update=324 global_step=663552 SPS=643 w_ev=0.180 m_ev=0.974 m_v_bias=3.6 m_adv_std=29.7960 m_kl_max=0.0079 m_ratio_max=0.711 w_ax@goal=+0.74 w_v@goal=3.73 return=943.6 length=80 success_rate=1.00 collisions/ep=1.32 (n=25)
update=325 global_step=665600 SPS=644 w_ev=0.241 m_ev=0.979 m_v_bias=-5.4 m_adv_std=26.6567 m_kl_max=0.0223 m_ratio_max=0.843 w_ax@goal=+0.60 w_v@goal=3.73 return=985.8 length=82 success_rate=1.00 collisions/ep=0.48 (n=27)
Evaluation at update 325: return=999.85, length=78.35, success_rate=1.00, collisions/ep=0.25
Solved-check at update 325: solved=False worst_gap=50.82 at p_x0=0.50 p_y0=-1.00 (consecutive=2)
update=326 global_step=667648 SPS=642 w_ev=0.178 m_ev=0.982 m_v_bias=-1.3 m_adv_std=24.6195 m_kl_max=0.0058 m_ratio_max=0.633 w_ax@goal=+0.78 w_v@goal=3.71 return=954.5 length=81 success_rate=1.00 collisions/ep=1.12 (n=24)
update=327 global_step=669696 SPS=643 w_ev=0.181 m_ev=0.981 m_v_bias=-0.7 m_adv_std=23.9198 m_kl_max=0.0055 m_ratio_max=0.442 w_ax@goal=+0.69 w_v@goal=3.73 return=969.9 length=81 success_rate=1.00 collisions/ep=0.81 (n=26)
update=328 global_step=671744 SPS=644 w_ev=0.191 m_ev=0.981 m_v_bias=1.9 m_adv_std=23.7288 m_kl_max=0.0042 m_ratio_max=0.332 w_ax@goal=+0.76 w_v@goal=3.61 return=980.5 length=80 success_rate=1.00 collisions/ep=0.58 (n=24)
update=329 global_step=673792 SPS=644 w_ev=0.192 m_ev=0.974 m_v_bias=3.7 m_adv_std=29.3961 m_kl_max=0.0071 m_ratio_max=0.411 w_ax@goal=+0.77 w_v@goal=3.73 return=964.4 length=82 success_rate=1.00 collisions/ep=0.92 (n=26)
update=330 global_step=675840 SPS=645 w_ev=0.232 m_ev=0.987 m_v_bias=-2.7 m_adv_std=20.5602 m_kl_max=0.0101 m_ratio_max=0.514 w_ax@goal=+0.95 w_v@goal=3.63 return=972.6 length=81 success_rate=1.00 collisions/ep=0.81 (n=26)
Evaluation at update 330: return=1012.38, length=78.35, success_rate=1.00, collisions/ep=0.00
Solved-check at update 330: solved=True worst_gap=0.97 at p_x0=0.00 p_y0=-1.00 (consecutive=0)
update=331 global_step=677888 SPS=643 w_ev=0.219 m_ev=0.979 m_v_bias=1.2 m_adv_std=25.6429 m_kl_max=0.0038 m_ratio_max=0.370 w_ax@goal=+0.88 w_v@goal=3.56 return=973.5 length=83 success_rate=1.00 collisions/ep=0.75 (n=24)
update=332 global_step=679936 SPS=643 w_ev=0.175 m_ev=0.977 m_v_bias=-2.7 m_adv_std=25.6200 m_kl_max=0.0051 m_ratio_max=0.404 w_ax@goal=+0.77 w_v@goal=3.66 return=975.4 length=82 success_rate=1.00 collisions/ep=0.69 (n=26)
update=333 global_step=681984 SPS=644 w_ev=0.224 m_ev=0.985 m_v_bias=-2.3 m_adv_std=20.5016 m_kl_max=0.0130 m_ratio_max=0.531 w_ax@goal=+0.79 w_v@goal=3.62 return=984.8 length=80 success_rate=1.00 collisions/ep=0.50 (n=24)
update=334 global_step=684032 SPS=645 w_ev=0.192 m_ev=0.944 m_v_bias=10.1 m_adv_std=43.8550 m_kl_max=0.0153 m_ratio_max=0.581 w_ax@goal=+0.68 w_v@goal=3.64 return=959.2 length=80 success_rate=1.00 collisions/ep=1.00 (n=27)
update=335 global_step=686080 SPS=646 w_ev=0.269 m_ev=0.962 m_v_bias=6.1 m_adv_std=36.6093 m_kl_max=0.0377 m_ratio_max=1.173 w_ax@goal=+0.71 w_v@goal=3.37 return=947.0 length=84 success_rate=1.00 collisions/ep=1.25 (n=24)
Evaluation at update 335: return=1012.21, length=78.50, success_rate=1.00, collisions/ep=0.00
Solved-check at update 335: solved=True worst_gap=1.05 at p_x0=0.00 p_y0=-1.00 (consecutive=1)
update=336 global_step=688128 SPS=643 w_ev=0.241 m_ev=0.968 m_v_bias=-0.7 m_adv_std=32.4941 m_kl_max=0.0392 m_ratio_max=0.935 w_ax@goal=+0.56 w_v@goal=3.49 return=965.6 length=83 success_rate=1.00 collisions/ep=0.88 (n=24)
update=337 global_step=690176 SPS=644 w_ev=0.218 m_ev=0.971 m_v_bias=2.9 m_adv_std=31.2763 m_kl_max=0.0085 m_ratio_max=0.449 w_ax@goal=+0.62 w_v@goal=3.65 return=950.4 length=82 success_rate=1.00 collisions/ep=1.17 (n=24)
update=338 global_step=692224 SPS=645 w_ev=0.231 m_ev=0.976 m_v_bias=-5.6 m_adv_std=27.1949 m_kl_max=0.0202 m_ratio_max=0.644 w_ax@goal=+0.55 w_v@goal=3.58 return=970.5 length=83 success_rate=1.00 collisions/ep=0.76 (n=25)
update=339 global_step=694272 SPS=646 w_ev=0.169 m_ev=0.990 m_v_bias=2.6 m_adv_std=17.6163 m_kl_max=0.0061 m_ratio_max=0.626 w_ax@goal=+0.43 w_v@goal=3.74 return=972.6 length=84 success_rate=1.00 collisions/ep=0.71 (n=24)
update=340 global_step=696320 SPS=646 w_ev=0.176 m_ev=0.982 m_v_bias=1.4 m_adv_std=24.0081 m_kl_max=0.0144 m_ratio_max=0.648 w_ax@goal=+0.47 w_v@goal=3.84 return=973.3 length=84 success_rate=1.00 collisions/ep=0.69 (n=26)
Evaluation at update 340: return=987.10, length=78.65, success_rate=1.00, collisions/ep=0.50
Solved-check at update 340: solved=False worst_gap=51.19 at p_x0=0.00 p_y0=-1.00 (consecutive=2)
update=341 global_step=698368 SPS=644 w_ev=0.242 m_ev=0.977 m_v_bias=2.2 m_adv_std=26.5861 m_kl_max=0.0169 m_ratio_max=0.644 w_ax@goal=+0.46 w_v@goal=3.56 return=959.6 length=83 success_rate=1.00 collisions/ep=0.96 (n=25)
update=342 global_step=700416 SPS=645 w_ev=0.191 m_ev=0.957 m_v_bias=7.6 m_adv_std=39.0934 m_kl_max=0.0069 m_ratio_max=0.531 w_ax@goal=+0.51 w_v@goal=3.62 return=952.3 length=84 success_rate=1.00 collisions/ep=1.12 (n=24)
update=343 global_step=702464 SPS=645 w_ev=0.233 m_ev=0.988 m_v_bias=-14.2 m_adv_std=19.4868 m_kl_max=0.0224 m_ratio_max=1.087 w_ax@goal=+0.66 w_v@goal=3.36 return=973.6 length=82 success_rate=1.00 collisions/ep=0.71 (n=24)
update=344 global_step=704512 SPS=646 w_ev=0.187 m_ev=0.979 m_v_bias=0.1 m_adv_std=25.4812 m_kl_max=0.0418 m_ratio_max=2.616 w_ax@goal=+0.68 w_v@goal=3.57 return=975.0 length=82 success_rate=1.00 collisions/ep=0.67 (n=24)
update=345 global_step=706560 SPS=647 w_ev=0.143 m_ev=0.980 m_v_bias=-2.1 m_adv_std=24.3161 m_kl_max=0.0102 m_ratio_max=0.555 w_ax@goal=+0.69 w_v@goal=3.74 return=986.3 length=82 success_rate=1.00 collisions/ep=0.44 (n=25)
Evaluation at update 345: return=997.25, length=78.40, success_rate=1.00, collisions/ep=0.30
Solved-check at update 345: solved=False worst_gap=50.85 at p_x0=0.50 p_y0=-1.00 (consecutive=0)
update=346 global_step=708608 SPS=644 w_ev=0.185 m_ev=0.956 m_v_bias=18.3 m_adv_std=40.1601 m_kl_max=0.0208 m_ratio_max=0.628 w_ax@goal=+0.61 w_v@goal=3.69 return=955.2 length=83 success_rate=1.00 collisions/ep=1.04 (n=26)
update=347 global_step=710656 SPS=645 w_ev=0.192 m_ev=0.949 m_v_bias=10.5 m_adv_std=43.0894 m_kl_max=0.0184 m_ratio_max=1.012 w_ax@goal=+0.40 w_v@goal=3.68 return=938.0 length=86 success_rate=1.00 collisions/ep=1.38 (n=24)
update=348 global_step=712704 SPS=646 w_ev=0.150 m_ev=0.966 m_v_bias=-4.3 m_adv_std=34.7478 m_kl_max=0.0176 m_ratio_max=0.847 w_ax@goal=+0.50 w_v@goal=3.88 return=958.6 length=84 success_rate=1.00 collisions/ep=0.96 (n=25)
update=349 global_step=714752 SPS=647 w_ev=0.185 m_ev=0.896 m_v_bias=15.5 m_adv_std=64.1624 m_kl_max=0.0234 m_ratio_max=0.667 w_ax@goal=+0.56 w_v@goal=3.77 return=919.7 length=85 success_rate=1.00 collisions/ep=1.74 (n=23)
update=350 global_step=716800 SPS=647 w_ev=0.126 m_ev=0.961 m_v_bias=-5.4 m_adv_std=38.9933 m_kl_max=0.0132 m_ratio_max=0.615 w_ax@goal=+0.46 w_v@goal=3.89 return=938.6 length=84 success_rate=1.00 collisions/ep=1.40 (n=25)
Evaluation at update 350: return=994.59, length=78.70, success_rate=1.00, collisions/ep=0.35
Solved-check at update 350: solved=False worst_gap=51.31 at p_x0=0.00 p_y0=-0.50 (consecutive=0)
update=351 global_step=718848 SPS=645 w_ev=0.193 m_ev=0.968 m_v_bias=-4.2 m_adv_std=34.1220 m_kl_max=0.0081 m_ratio_max=0.475 w_ax@goal=+0.33 w_v@goal=3.66 return=945.7 length=87 success_rate=1.00 collisions/ep=1.17 (n=23)
update=352 global_step=720896 SPS=646 w_ev=0.189 m_ev=0.985 m_v_bias=-13.1 m_adv_std=22.2656 m_kl_max=0.0187 m_ratio_max=0.593 w_ax@goal=+0.60 w_v@goal=3.69 return=975.6 length=85 success_rate=1.00 collisions/ep=0.62 (n=24)
update=353 global_step=722944 SPS=646 w_ev=0.197 m_ev=0.951 m_v_bias=9.1 m_adv_std=42.6608 m_kl_max=0.0161 m_ratio_max=0.483 w_ax@goal=+0.38 w_v@goal=3.78 return=947.7 length=86 success_rate=1.00 collisions/ep=1.17 (n=24)
update=354 global_step=724992 SPS=647 w_ev=0.210 m_ev=0.964 m_v_bias=-0.5 m_adv_std=35.7248 m_kl_max=0.0124 m_ratio_max=0.525 w_ax@goal=+0.46 w_v@goal=3.56 return=949.1 length=85 success_rate=1.00 collisions/ep=1.17 (n=24)
update=355 global_step=727040 SPS=648 w_ev=0.170 m_ev=0.964 m_v_bias=-0.8 m_adv_std=34.6380 m_kl_max=0.0102 m_ratio_max=0.577 w_ax@goal=+0.48 w_v@goal=3.58 return=951.5 length=85 success_rate=1.00 collisions/ep=1.17 (n=23)
Evaluation at update 355: return=1002.30, length=78.35, success_rate=1.00, collisions/ep=0.20
Solved-check at update 355: solved=False worst_gap=50.81 at p_x0=0.50 p_y0=-1.00 (consecutive=0)
update=356 global_step=729088 SPS=645 w_ev=0.200 m_ev=0.962 m_v_bias=-8.9 m_adv_std=36.3241 m_kl_max=0.0261 m_ratio_max=0.743 w_ax@goal=+0.58 w_v@goal=3.53 return=972.2 length=85 success_rate=1.00 collisions/ep=0.76 (n=25)
update=357 global_step=731136 SPS=646 w_ev=0.220 m_ev=0.967 m_v_bias=4.8 m_adv_std=33.6254 m_kl_max=0.0063 m_ratio_max=0.368 w_ax@goal=+0.63 w_v@goal=3.42 return=949.1 length=84 success_rate=1.00 collisions/ep=1.17 (n=24)
update=358 global_step=733184 SPS=647 w_ev=0.102 m_ev=0.972 m_v_bias=-7.0 m_adv_std=28.7332 m_kl_max=0.0156 m_ratio_max=0.765 w_ax@goal=+0.66 w_v@goal=3.74 return=988.1 length=86 success_rate=1.00 collisions/ep=0.39 (n=23)
update=359 global_step=735232 SPS=647 w_ev=0.182 m_ev=0.968 m_v_bias=5.6 m_adv_std=32.4971 m_kl_max=0.0148 m_ratio_max=0.487 w_ax@goal=+0.51 w_v@goal=3.69 return=961.0 length=83 success_rate=1.00 collisions/ep=0.92 (n=26)
update=360 global_step=737280 SPS=648 w_ev=0.174 m_ev=0.951 m_v_bias=6.2 m_adv_std=42.3126 m_kl_max=0.0132 m_ratio_max=0.716 w_ax@goal=+0.58 w_v@goal=3.74 return=959.2 length=84 success_rate=1.00 collisions/ep=0.96 (n=25)
Evaluation at update 360: return=1012.35, length=78.35, success_rate=1.00, collisions/ep=0.00
Solved-check at update 360: solved=False worst_gap=50.55 at p_x0=1.00 p_y0=-1.00 (consecutive=0)
update=361 global_step=739328 SPS=646 w_ev=0.133 m_ev=0.972 m_v_bias=-2.5 m_adv_std=31.3356 m_kl_max=0.0123 m_ratio_max=0.534 w_ax@goal=+0.58 w_v@goal=3.70 return=953.3 length=86 success_rate=1.00 collisions/ep=1.09 (n=23)
update=362 global_step=741376 SPS=647 w_ev=0.118 m_ev=0.952 m_v_bias=-4.2 m_adv_std=40.4877 m_kl_max=0.0171 m_ratio_max=0.873 w_ax@goal=+0.45 w_v@goal=4.04 return=963.8 length=84 success_rate=1.00 collisions/ep=0.88 (n=25)
update=363 global_step=743424 SPS=647 w_ev=0.190 m_ev=0.953 m_v_bias=1.5 m_adv_std=40.1610 m_kl_max=0.0268 m_ratio_max=1.924 w_ax@goal=+0.56 w_v@goal=3.74 return=967.7 length=84 success_rate=1.00 collisions/ep=0.83 (n=24)
update=364 global_step=745472 SPS=648 w_ev=0.151 m_ev=0.968 m_v_bias=-1.8 m_adv_std=32.5269 m_kl_max=0.0210 m_ratio_max=0.726 w_ax@goal=+0.76 w_v@goal=3.74 return=947.2 length=84 success_rate=1.00 collisions/ep=1.24 (n=25)
update=365 global_step=747520 SPS=649 w_ev=0.198 m_ev=0.967 m_v_bias=2.7 m_adv_std=32.6580 m_kl_max=0.0228 m_ratio_max=0.561 w_ax@goal=+0.50 w_v@goal=3.82 return=956.2 length=81 success_rate=1.00 collisions/ep=1.04 (n=26)
Evaluation at update 365: return=962.32, length=78.35, success_rate=1.00, collisions/ep=1.00
Solved-check at update 365: solved=False worst_gap=51.00 at p_x0=0.00 p_y0=-0.50 (consecutive=0)
update=366 global_step=749568 SPS=647 w_ev=0.237 m_ev=0.971 m_v_bias=-0.0 m_adv_std=31.3774 m_kl_max=0.0135 m_ratio_max=0.657 w_ax@goal=+0.63 w_v@goal=3.54 return=950.5 length=82 success_rate=1.00 collisions/ep=1.17 (n=24)
update=367 global_step=751616 SPS=647 w_ev=0.165 m_ev=0.962 m_v_bias=9.4 m_adv_std=36.7511 m_kl_max=0.0155 m_ratio_max=0.631 w_ax@goal=+0.62 w_v@goal=3.64 return=948.3 length=83 success_rate=1.00 collisions/ep=1.20 (n=25)
update=368 global_step=753664 SPS=648 w_ev=0.113 m_ev=0.976 m_v_bias=0.2 m_adv_std=28.4868 m_kl_max=0.0159 m_ratio_max=0.562 w_ax@goal=+0.63 w_v@goal=3.72 return=959.9 length=85 success_rate=1.00 collisions/ep=0.96 (n=24)
update=369 global_step=755712 SPS=649 w_ev=0.197 m_ev=0.946 m_v_bias=5.1 m_adv_std=43.5686 m_kl_max=0.0279 m_ratio_max=0.660 w_ax@goal=+0.53 w_v@goal=3.49 return=948.5 length=84 success_rate=1.00 collisions/ep=1.21 (n=24)
update=370 global_step=757760 SPS=650 w_ev=0.131 m_ev=0.979 m_v_bias=1.7 m_adv_std=26.5621 m_kl_max=0.0072 m_ratio_max=0.420 w_ax@goal=+0.41 w_v@goal=3.67 return=947.3 length=83 success_rate=1.00 collisions/ep=1.21 (n=24)
Evaluation at update 370: return=999.63, length=78.65, success_rate=1.00, collisions/ep=0.25
Solved-check at update 370: solved=False worst_gap=51.20 at p_x0=0.00 p_y0=-1.00 (consecutive=0)
update=371 global_step=759808 SPS=647 w_ev=0.193 m_ev=0.953 m_v_bias=-1.7 m_adv_std=41.7224 m_kl_max=0.0117 m_ratio_max=0.759 w_ax@goal=+0.58 w_v@goal=3.50 return=950.0 length=84 success_rate=1.00 collisions/ep=1.17 (n=24)
update=372 global_step=761856 SPS=648 w_ev=0.102 m_ev=0.979 m_v_bias=-6.4 m_adv_std=26.1572 m_kl_max=0.0139 m_ratio_max=0.981 w_ax@goal=+0.49 w_v@goal=3.75 return=971.5 length=85 success_rate=1.00 collisions/ep=0.71 (n=24)
update=373 global_step=763904 SPS=649 w_ev=0.161 m_ev=0.969 m_v_bias=-6.0 m_adv_std=31.9913 m_kl_max=0.0125 m_ratio_max=0.585 w_ax@goal=+0.42 w_v@goal=3.48 return=966.0 length=83 success_rate=1.00 collisions/ep=0.84 (n=25)
update=374 global_step=765952 SPS=650 w_ev=0.177 m_ev=0.976 m_v_bias=-1.7 m_adv_std=27.6117 m_kl_max=0.0198 m_ratio_max=1.067 w_ax@goal=+0.65 w_v@goal=3.59 return=971.5 length=82 success_rate=1.00 collisions/ep=0.76 (n=25)
update=375 global_step=768000 SPS=650 w_ev=0.270 m_ev=0.965 m_v_bias=6.2 m_adv_std=34.3831 m_kl_max=0.0154 m_ratio_max=1.163 w_ax@goal=+0.55 w_v@goal=3.31 return=961.7 length=85 success_rate=1.00 collisions/ep=0.92 (n=24)
Evaluation at update 375: return=1012.16, length=78.55, success_rate=1.00, collisions/ep=0.00
Solved-check at update 375: solved=False worst_gap=50.90 at p_x0=1.00 p_y0=-1.00 (consecutive=0)
update=376 global_step=770048 SPS=648 w_ev=0.236 m_ev=0.961 m_v_bias=5.0 m_adv_std=37.1607 m_kl_max=0.0037 m_ratio_max=0.304 w_ax@goal=+0.49 w_v@goal=3.31 return=970.8 length=84 success_rate=1.00 collisions/ep=0.75 (n=24)
update=377 global_step=772096 SPS=649 w_ev=0.225 m_ev=0.985 m_v_bias=-2.1 m_adv_std=21.9271 m_kl_max=0.0287 m_ratio_max=0.957 w_ax@goal=+0.47 w_v@goal=3.61 return=986.3 length=88 success_rate=1.00 collisions/ep=0.39 (n=23)
update=378 global_step=774144 SPS=649 w_ev=0.152 m_ev=0.955 m_v_bias=8.2 m_adv_std=40.1527 m_kl_max=0.0255 m_ratio_max=0.772 w_ax@goal=+0.31 w_v@goal=3.77 return=948.3 length=86 success_rate=1.00 collisions/ep=1.21 (n=24)
update=379 global_step=776192 SPS=650 w_ev=0.139 m_ev=0.969 m_v_bias=3.7 m_adv_std=33.1133 m_kl_max=0.0089 m_ratio_max=0.531 w_ax@goal=+0.28 w_v@goal=3.76 return=970.4 length=89 success_rate=1.00 collisions/ep=0.70 (n=23)
update=380 global_step=778240 SPS=651 w_ev=0.179 m_ev=0.956 m_v_bias=-3.0 m_adv_std=40.6516 m_kl_max=0.0468 m_ratio_max=0.970 w_ax@goal=+0.41 w_v@goal=3.82 return=972.7 length=86 success_rate=1.00 collisions/ep=0.68 (n=25)
Evaluation at update 380: return=1011.29, length=79.55, success_rate=1.00, collisions/ep=0.00
Solved-check at update 380: solved=True worst_gap=3.86 at p_x0=1.50 p_y0=-1.00 (consecutive=0)
update=381 global_step=780288 SPS=648 w_ev=0.102 m_ev=0.962 m_v_bias=1.5 m_adv_std=36.8851 m_kl_max=0.0152 m_ratio_max=0.643 w_ax@goal=+0.25 w_v@goal=3.75 return=943.1 length=88 success_rate=1.00 collisions/ep=1.26 (n=23)
update=382 global_step=782336 SPS=649 w_ev=0.074 m_ev=0.973 m_v_bias=-2.1 m_adv_std=30.4349 m_kl_max=0.0279 m_ratio_max=1.251 w_ax@goal=+0.43 w_v@goal=3.85 return=971.6 length=86 success_rate=1.00 collisions/ep=0.67 (n=24)
update=383 global_step=784384 SPS=650 w_ev=0.093 m_ev=0.970 m_v_bias=2.9 m_adv_std=33.9197 m_kl_max=0.0569 m_ratio_max=0.812 w_ax@goal=+0.26 w_v@goal=3.87 return=967.1 length=87 success_rate=1.00 collisions/ep=0.76 (n=25)
update=384 global_step=786432 SPS=650 w_ev=0.082 m_ev=0.949 m_v_bias=-0.4 m_adv_std=42.0866 m_kl_max=0.0108 m_ratio_max=0.439 w_ax@goal=+0.44 w_v@goal=3.86 return=954.8 length=87 success_rate=1.00 collisions/ep=1.05 (n=22)
update=385 global_step=788480 SPS=651 w_ev=0.111 m_ev=0.905 m_v_bias=3.6 m_adv_std=61.8755 m_kl_max=0.0234 m_ratio_max=0.719 w_ax@goal=+0.36 w_v@goal=4.00 return=947.2 length=86 success_rate=1.00 collisions/ep=1.15 (n=26)
Evaluation at update 385: return=1009.67, length=78.50, success_rate=1.00, collisions/ep=0.05
Solved-check at update 385: solved=False worst_gap=50.75 at p_x0=1.00 p_y0=-1.00 (consecutive=1)
update=386 global_step=790528 SPS=649 w_ev=0.137 m_ev=0.979 m_v_bias=-14.3 m_adv_std=26.3025 m_kl_max=0.0174 m_ratio_max=0.887 w_ax@goal=+0.48 w_v@goal=3.90 return=983.2 length=85 success_rate=1.00 collisions/ep=0.46 (n=24)
update=387 global_step=792576 SPS=649 w_ev=0.104 m_ev=0.982 m_v_bias=-2.0 m_adv_std=23.0873 m_kl_max=0.0118 m_ratio_max=0.466 w_ax@goal=+0.31 w_v@goal=3.86 return=980.9 length=85 success_rate=1.00 collisions/ep=0.52 (n=21)
update=388 global_step=794624 SPS=650 w_ev=0.117 m_ev=0.988 m_v_bias=0.7 m_adv_std=19.6741 m_kl_max=0.0118 m_ratio_max=0.506 w_ax@goal=+0.37 w_v@goal=3.91 return=976.6 length=85 success_rate=1.00 collisions/ep=0.58 (n=24)
update=389 global_step=796672 SPS=651 w_ev=0.091 m_ev=0.983 m_v_bias=3.6 m_adv_std=23.2507 m_kl_max=0.0067 m_ratio_max=0.554 w_ax@goal=+0.37 w_v@goal=4.07 return=979.5 length=86 success_rate=1.00 collisions/ep=0.50 (n=24)
update=390 global_step=798720 SPS=651 w_ev=0.109 m_ev=0.990 m_v_bias=-0.3 m_adv_std=18.5297 m_kl_max=0.0082 m_ratio_max=0.653 w_ax@goal=+0.31 w_v@goal=4.06 return=993.7 length=88 success_rate=1.00 collisions/ep=0.21 (n=24)
Evaluation at update 390: return=1001.97, length=78.70, success_rate=1.00, collisions/ep=0.20
Solved-check at update 390: solved=False worst_gap=51.00 at p_x0=1.00 p_y0=-0.50 (consecutive=0)
update=391 global_step=800768 SPS=649 w_ev=0.097 m_ev=0.958 m_v_bias=0.8 m_adv_std=37.5633 m_kl_max=0.0642 m_ratio_max=1.394 w_ax@goal=+0.31 w_v@goal=4.01 return=978.8 length=86 success_rate=1.00 collisions/ep=0.52 (n=23)
update=392 global_step=802816 SPS=650 w_ev=0.180 m_ev=0.985 m_v_bias=1.1 m_adv_std=22.1533 m_kl_max=0.0080 m_ratio_max=0.491 w_ax@goal=+0.28 w_v@goal=3.88 return=984.7 length=85 success_rate=1.00 collisions/ep=0.40 (n=25)
update=393 global_step=804864 SPS=651 w_ev=0.224 m_ev=0.988 m_v_bias=0.2 m_adv_std=19.4389 m_kl_max=0.0147 m_ratio_max=0.530 w_ax@goal=+0.26 w_v@goal=3.65 return=979.2 length=88 success_rate=1.00 collisions/ep=0.50 (n=24)
update=394 global_step=806912 SPS=651 w_ev=0.184 m_ev=0.984 m_v_bias=2.3 m_adv_std=23.2811 m_kl_max=0.0327 m_ratio_max=0.871 w_ax@goal=+0.30 w_v@goal=3.78 return=978.9 length=85 success_rate=1.00 collisions/ep=0.52 (n=25)
update=395 global_step=808960 SPS=652 w_ev=0.155 m_ev=0.978 m_v_bias=-2.1 m_adv_std=26.5474 m_kl_max=0.0146 m_ratio_max=0.670 w_ax@goal=+0.54 w_v@goal=3.73 return=988.3 length=85 success_rate=1.00 collisions/ep=0.41 (n=22)
Evaluation at update 395: return=962.20, length=78.45, success_rate=1.00, collisions/ep=1.00
Solved-check at update 395: solved=False worst_gap=50.97 at p_x0=0.50 p_y0=1.00 (consecutive=0)
update=396 global_step=811008 SPS=650 w_ev=0.153 m_ev=0.981 m_v_bias=-2.5 m_adv_std=24.8773 m_kl_max=0.0128 m_ratio_max=0.569 w_ax@goal=+0.39 w_v@goal=3.83 return=974.3 length=84 success_rate=1.00 collisions/ep=0.68 (n=25)
update=397 global_step=813056 SPS=650 w_ev=0.263 m_ev=0.987 m_v_bias=-3.7 m_adv_std=20.1358 m_kl_max=0.0075 m_ratio_max=0.585 w_ax@goal=+0.41 w_v@goal=3.69 return=980.5 length=83 success_rate=1.00 collisions/ep=0.54 (n=26)
update=398 global_step=815104 SPS=651 w_ev=0.223 m_ev=0.981 m_v_bias=2.5 m_adv_std=24.6144 m_kl_max=0.0120 m_ratio_max=0.628 w_ax@goal=+0.62 w_v@goal=3.46 return=971.7 length=85 success_rate=1.00 collisions/ep=0.72 (n=25)
update=399 global_step=817152 SPS=652 w_ev=0.224 m_ev=0.976 m_v_bias=-0.1 m_adv_std=27.9020 m_kl_max=0.0059 m_ratio_max=0.398 w_ax@goal=+0.64 w_v@goal=3.42 return=964.4 length=83 success_rate=1.00 collisions/ep=0.87 (n=23)
update=400 global_step=819200 SPS=652 w_ev=0.179 m_ev=0.988 m_v_bias=-3.4 m_adv_std=19.0169 m_kl_max=0.0203 m_ratio_max=1.478 w_ax@goal=+0.50 w_v@goal=3.63 return=984.3 length=85 success_rate=1.00 collisions/ep=0.48 (n=23)
Evaluation at update 400: return=999.79, length=78.35, success_rate=1.00, collisions/ep=0.25
Solved-check at update 400: solved=False worst_gap=50.91 at p_x0=0.50 p_y0=-1.00 (consecutive=0)
update=401 global_step=821248 SPS=650 w_ev=0.251 m_ev=0.989 m_v_bias=0.3 m_adv_std=19.6761 m_kl_max=0.0065 m_ratio_max=0.510 w_ax@goal=+0.72 w_v@goal=3.61 return=966.6 length=83 success_rate=1.00 collisions/ep=0.85 (n=26)
update=402 global_step=823296 SPS=651 w_ev=0.182 m_ev=0.982 m_v_bias=-2.2 m_adv_std=23.7461 m_kl_max=0.0096 m_ratio_max=0.435 w_ax@goal=+0.71 w_v@goal=3.65 return=969.5 length=85 success_rate=1.00 collisions/ep=0.79 (n=24)
update=403 global_step=825344 SPS=652 w_ev=0.127 m_ev=0.972 m_v_bias=7.0 m_adv_std=31.1701 m_kl_max=0.0079 m_ratio_max=0.476 w_ax@goal=+0.72 w_v@goal=3.84 return=952.8 length=83 success_rate=1.00 collisions/ep=1.12 (n=25)
update=404 global_step=827392 SPS=652 w_ev=0.148 m_ev=0.976 m_v_bias=-4.2 m_adv_std=28.2431 m_kl_max=0.0072 m_ratio_max=0.597 w_ax@goal=+0.55 w_v@goal=3.72 return=964.9 length=85 success_rate=1.00 collisions/ep=0.88 (n=24)
update=405 global_step=829440 SPS=653 w_ev=0.154 m_ev=0.986 m_v_bias=-6.1 m_adv_std=21.1249 m_kl_max=0.0147 m_ratio_max=0.824 w_ax@goal=+0.71 w_v@goal=3.76 return=986.5 length=84 success_rate=1.00 collisions/ep=0.44 (n=25)
Evaluation at update 405: return=1009.83, length=78.35, success_rate=1.00, collisions/ep=0.05
Solved-check at update 405: solved=False worst_gap=50.54 at p_x0=1.50 p_y0=-1.00 (consecutive=0)
update=406 global_step=831488 SPS=651 w_ev=0.171 m_ev=0.968 m_v_bias=6.2 m_adv_std=32.3157 m_kl_max=0.0093 m_ratio_max=0.968 w_ax@goal=+0.86 w_v@goal=3.75 return=950.0 length=83 success_rate=1.00 collisions/ep=1.21 (n=24)
update=407 global_step=833536 SPS=651 w_ev=0.153 m_ev=0.982 m_v_bias=-2.2 m_adv_std=23.1050 m_kl_max=0.0300 m_ratio_max=0.902 w_ax@goal=+0.74 w_v@goal=3.71 return=980.2 length=83 success_rate=1.00 collisions/ep=0.58 (n=24)
update=408 global_step=835584 SPS=652 w_ev=0.151 m_ev=0.981 m_v_bias=5.1 m_adv_std=24.9194 m_kl_max=0.0247 m_ratio_max=0.794 w_ax@goal=+0.72 w_v@goal=3.85 return=969.6 length=84 success_rate=1.00 collisions/ep=0.75 (n=24)
update=409 global_step=837632 SPS=653 w_ev=0.120 m_ev=0.926 m_v_bias=6.7 m_adv_std=53.6917 m_kl_max=0.0062 m_ratio_max=0.429 w_ax@goal=+0.56 w_v@goal=3.78 return=945.0 length=86 success_rate=1.00 collisions/ep=1.25 (n=24)
update=410 global_step=839680 SPS=653 w_ev=0.085 m_ev=0.980 m_v_bias=-5.3 m_adv_std=25.1402 m_kl_max=0.0095 m_ratio_max=0.718 w_ax@goal=+0.70 w_v@goal=3.91 return=986.3 length=85 success_rate=1.00 collisions/ep=0.42 (n=24)
Evaluation at update 410: return=1012.17, length=78.55, success_rate=1.00, collisions/ep=0.00
Solved-check at update 410: solved=False worst_gap=50.76 at p_x0=1.50 p_y0=-1.00 (consecutive=0)
update=411 global_step=841728 SPS=651 w_ev=0.094 m_ev=0.948 m_v_bias=4.4 m_adv_std=42.4520 m_kl_max=0.0133 m_ratio_max=0.627 w_ax@goal=+0.74 w_v@goal=3.80 return=958.0 length=84 success_rate=1.00 collisions/ep=0.96 (n=24)
update=412 global_step=843776 SPS=652 w_ev=0.095 m_ev=0.973 m_v_bias=-0.4 m_adv_std=30.2949 m_kl_max=0.0213 m_ratio_max=0.601 w_ax@goal=+0.82 w_v@goal=3.69 return=961.4 length=84 success_rate=1.00 collisions/ep=0.96 (n=24)
update=413 global_step=845824 SPS=653 w_ev=0.096 m_ev=0.979 m_v_bias=-4.9 m_adv_std=25.9698 m_kl_max=0.0468 m_ratio_max=1.106 w_ax@goal=+0.62 w_v@goal=3.78 return=974.2 length=83 success_rate=1.00 collisions/ep=0.67 (n=24)
update=414 global_step=847872 SPS=653 w_ev=0.112 m_ev=0.987 m_v_bias=-1.7 m_adv_std=19.9280 m_kl_max=0.0116 m_ratio_max=0.556 w_ax@goal=+0.67 w_v@goal=3.78 return=984.4 length=84 success_rate=1.00 collisions/ep=0.46 (n=24)
update=415 global_step=849920 SPS=654 w_ev=0.101 m_ev=0.976 m_v_bias=8.1 m_adv_std=27.5208 m_kl_max=0.0177 m_ratio_max=0.772 w_ax@goal=+0.62 w_v@goal=3.83 return=976.9 length=87 success_rate=1.00 collisions/ep=0.58 (n=24)
Evaluation at update 415: return=1011.48, length=79.40, success_rate=1.00, collisions/ep=0.00
Solved-check at update 415: solved=False worst_gap=51.01 at p_x0=2.00 p_y0=-1.00 (consecutive=0)
update=416 global_step=851968 SPS=652 w_ev=0.133 m_ev=0.956 m_v_bias=14.4 m_adv_std=39.8765 m_kl_max=0.0254 m_ratio_max=0.790 w_ax@goal=+0.39 w_v@goal=3.85 return=969.1 length=86 success_rate=1.00 collisions/ep=0.71 (n=24)
update=417 global_step=854016 SPS=652 w_ev=0.164 m_ev=0.979 m_v_bias=-8.3 m_adv_std=26.6183 m_kl_max=0.0260 m_ratio_max=0.751 w_ax@goal=+0.36 w_v@goal=3.71 return=968.2 length=87 success_rate=1.00 collisions/ep=0.78 (n=23)
update=418 global_step=856064 SPS=653 w_ev=0.130 m_ev=0.985 m_v_bias=2.5 m_adv_std=22.3692 m_kl_max=0.0163 m_ratio_max=0.687 w_ax@goal=+0.33 w_v@goal=3.79 return=978.9 length=86 success_rate=1.00 collisions/ep=0.50 (n=24)
update=419 global_step=858112 SPS=653 w_ev=0.134 m_ev=0.972 m_v_bias=-4.3 m_adv_std=31.8074 m_kl_max=0.0108 m_ratio_max=0.431 w_ax@goal=+0.55 w_v@goal=3.88 return=972.1 length=88 success_rate=1.00 collisions/ep=0.67 (n=24)
update=420 global_step=860160 SPS=654 w_ev=0.189 m_ev=0.987 m_v_bias=-5.9 m_adv_std=19.5696 m_kl_max=0.0170 m_ratio_max=0.911 w_ax@goal=+0.50 w_v@goal=3.72 return=976.4 length=83 success_rate=1.00 collisions/ep=0.60 (n=25)
Evaluation at update 420: return=1007.05, length=78.70, success_rate=1.00, collisions/ep=0.10
Solved-check at update 420: solved=False worst_gap=50.86 at p_x0=1.50 p_y0=-1.00 (consecutive=0)
update=421 global_step=862208 SPS=652 w_ev=0.149 m_ev=0.973 m_v_bias=6.1 m_adv_std=29.9490 m_kl_max=0.0212 m_ratio_max=1.579 w_ax@goal=+0.44 w_v@goal=3.60 return=974.1 length=86 success_rate=1.00 collisions/ep=0.62 (n=24)
update=422 global_step=864256 SPS=652 w_ev=0.144 m_ev=0.964 m_v_bias=17.5 m_adv_std=35.2890 m_kl_max=0.0187 m_ratio_max=0.667 w_ax@goal=+0.39 w_v@goal=3.81 return=946.9 length=88 success_rate=1.00 collisions/ep=1.13 (n=23)
update=423 global_step=866304 SPS=653 w_ev=0.172 m_ev=0.922 m_v_bias=5.9 m_adv_std=57.0913 m_kl_max=0.0154 m_ratio_max=1.024 w_ax@goal=+0.57 w_v@goal=3.74 return=956.3 length=88 success_rate=1.00 collisions/ep=1.00 (n=24)
update=424 global_step=868352 SPS=654 w_ev=0.063 m_ev=0.959 m_v_bias=11.6 m_adv_std=36.9600 m_kl_max=0.0149 m_ratio_max=0.864 w_ax@goal=+0.35 w_v@goal=3.91 return=933.2 length=89 success_rate=1.00 collisions/ep=1.35 (n=23)
update=425 global_step=870400 SPS=654 w_ev=0.136 m_ev=0.965 m_v_bias=-0.8 m_adv_std=34.7713 m_kl_max=0.0125 m_ratio_max=0.733 w_ax@goal=+0.32 w_v@goal=3.65 return=958.8 length=88 success_rate=1.00 collisions/ep=0.88 (n=24)
Evaluation at update 425: return=1008.20, length=82.55, success_rate=1.00, collisions/ep=0.00
Solved-check at update 425: solved=False worst_gap=6.42 at p_x0=1.00 p_y0=-1.00 (consecutive=0)
update=426 global_step=872448 SPS=652 w_ev=0.085 m_ev=0.951 m_v_bias=17.9 m_adv_std=44.2337 m_kl_max=0.0104 m_ratio_max=0.498 w_ax@goal=+0.32 w_v@goal=3.66 return=935.6 length=93 success_rate=1.00 collisions/ep=1.29 (n=21)
update=427 global_step=874496 SPS=653 w_ev=0.065 m_ev=0.965 m_v_bias=-4.3 m_adv_std=37.0917 m_kl_max=0.0062 m_ratio_max=0.392 w_ax@goal=+0.32 w_v@goal=3.73 return=952.2 length=90 success_rate=1.00 collisions/ep=0.95 (n=21)
update=428 global_step=876544 SPS=653 w_ev=0.100 m_ev=0.937 m_v_bias=-4.6 m_adv_std=49.1195 m_kl_max=0.0022 m_ratio_max=0.231 w_ax@goal=+0.47 w_v@goal=3.81 return=934.5 length=88 success_rate=1.00 collisions/ep=1.36 (n=25)
update=429 global_step=878592 SPS=654 w_ev=0.142 m_ev=0.967 m_v_bias=-9.2 m_adv_std=35.6965 m_kl_max=0.0096 m_ratio_max=0.614 w_ax@goal=+0.56 w_v@goal=3.76 return=964.4 length=87 success_rate=1.00 collisions/ep=0.79 (n=24)
update=430 global_step=880640 SPS=655 w_ev=0.096 m_ev=0.960 m_v_bias=-8.1 m_adv_std=38.4022 m_kl_max=0.0204 m_ratio_max=1.048 w_ax@goal=+0.55 w_v@goal=3.74 return=961.7 length=87 success_rate=1.00 collisions/ep=0.88 (n=24)
Evaluation at update 430: return=1012.01, length=78.70, success_rate=1.00, collisions/ep=0.00
Solved-check at update 430: solved=True worst_gap=1.83 at p_x0=1.50 p_y0=-1.00 (consecutive=0)
update=431 global_step=882688 SPS=653 w_ev=0.075 m_ev=0.974 m_v_bias=-4.7 m_adv_std=29.5587 m_kl_max=0.0109 m_ratio_max=0.499 w_ax@goal=+0.72 w_v@goal=3.79 return=981.7 length=87 success_rate=1.00 collisions/ep=0.50 (n=24)
update=432 global_step=884736 SPS=653 w_ev=0.077 m_ev=0.948 m_v_bias=6.8 m_adv_std=43.8934 m_kl_max=0.0093 m_ratio_max=0.617 w_ax@goal=+0.52 w_v@goal=3.66 return=948.1 length=89 success_rate=1.00 collisions/ep=1.17 (n=23)
update=433 global_step=886784 SPS=654 w_ev=0.112 m_ev=0.977 m_v_bias=-7.6 m_adv_std=27.9088 m_kl_max=0.0102 m_ratio_max=0.665 w_ax@goal=+0.54 w_v@goal=3.71 return=965.8 length=87 success_rate=1.00 collisions/ep=0.78 (n=23)
update=434 global_step=888832 SPS=655 w_ev=0.140 m_ev=0.967 m_v_bias=3.9 m_adv_std=33.3184 m_kl_max=0.0235 m_ratio_max=0.703 w_ax@goal=+0.61 w_v@goal=3.80 return=967.3 length=89 success_rate=1.00 collisions/ep=0.73 (n=22)
update=435 global_step=890880 SPS=655 w_ev=0.094 m_ev=0.964 m_v_bias=8.8 m_adv_std=35.6932 m_kl_max=0.0316 m_ratio_max=1.077 w_ax@goal=+0.47 w_v@goal=3.95 return=960.3 length=87 success_rate=1.00 collisions/ep=0.87 (n=23)
Evaluation at update 435: return=1009.99, length=80.70, success_rate=1.00, collisions/ep=0.00
Solved-check at update 435: solved=True worst_gap=4.26 at p_x0=0.50 p_y0=-1.00 (consecutive=1)
update=436 global_step=892928 SPS=653 w_ev=0.143 m_ev=0.952 m_v_bias=1.9 m_adv_std=41.9215 m_kl_max=0.0193 m_ratio_max=1.206 w_ax@goal=+0.40 w_v@goal=3.90 return=957.5 length=88 success_rate=1.00 collisions/ep=0.91 (n=23)
update=437 global_step=894976 SPS=654 w_ev=0.037 m_ev=0.958 m_v_bias=4.2 m_adv_std=40.9158 m_kl_max=0.0369 m_ratio_max=2.417 w_ax@goal=+0.59 w_v@goal=3.94 return=942.2 length=89 success_rate=1.00 collisions/ep=1.22 (n=23)
update=438 global_step=897024 SPS=654 w_ev=0.099 m_ev=0.969 m_v_bias=1.0 m_adv_std=34.5490 m_kl_max=0.0220 m_ratio_max=1.019 w_ax@goal=+0.49 w_v@goal=3.94 return=960.9 length=92 success_rate=1.00 collisions/ep=0.79 (n=24)
update=439 global_step=899072 SPS=655 w_ev=0.060 m_ev=0.958 m_v_bias=4.1 m_adv_std=40.4454 m_kl_max=0.0240 m_ratio_max=0.700 w_ax@goal=+0.49 w_v@goal=3.90 return=921.4 length=88 success_rate=1.00 collisions/ep=1.65 (n=23)
update=440 global_step=901120 SPS=656 w_ev=0.017 m_ev=0.977 m_v_bias=-14.3 m_adv_std=27.7939 m_kl_max=0.0093 m_ratio_max=0.625 w_ax@goal=+0.31 w_v@goal=3.96 return=981.4 length=93 success_rate=1.00 collisions/ep=0.38 (n=21)
Evaluation at update 440: return=1008.86, length=81.75, success_rate=1.00, collisions/ep=0.00
Solved-check at update 440: solved=False worst_gap=5.24 at p_x0=0.00 p_y0=-1.00 (consecutive=2)
update=441 global_step=903168 SPS=653 w_ev=0.051 m_ev=0.957 m_v_bias=1.5 m_adv_std=41.4073 m_kl_max=0.0316 m_ratio_max=1.475 w_ax@goal=+0.29 w_v@goal=3.87 return=962.3 length=92 success_rate=1.00 collisions/ep=0.78 (n=23)
update=442 global_step=905216 SPS=654 w_ev=0.051 m_ev=0.974 m_v_bias=6.2 m_adv_std=31.4507 m_kl_max=0.0274 m_ratio_max=1.552 w_ax@goal=+0.41 w_v@goal=3.88 return=948.7 length=93 success_rate=1.00 collisions/ep=1.05 (n=21)
update=443 global_step=907264 SPS=654 w_ev=0.013 m_ev=0.922 m_v_bias=5.2 m_adv_std=55.3395 m_kl_max=0.0221 m_ratio_max=0.681 w_ax@goal=+0.35 w_v@goal=3.87 return=975.2 length=90 success_rate=1.00 collisions/ep=0.50 (n=22)
update=444 global_step=909312 SPS=655 w_ev=0.023 m_ev=0.966 m_v_bias=3.4 m_adv_std=37.2035 m_kl_max=0.0362 m_ratio_max=1.158 w_ax@goal=+0.32 w_v@goal=4.12 return=925.1 length=92 success_rate=1.00 collisions/ep=1.57 (n=23)
update=445 global_step=911360 SPS=655 w_ev=0.050 m_ev=0.959 m_v_bias=0.9 m_adv_std=39.3168 m_kl_max=0.0202 m_ratio_max=0.613 w_ax@goal=+0.28 w_v@goal=4.03 return=942.5 length=92 success_rate=1.00 collisions/ep=1.25 (n=24)
Evaluation at update 445: return=1008.63, length=82.10, success_rate=1.00, collisions/ep=0.00
Solved-check at update 445: solved=False worst_gap=5.39 at p_x0=0.00 p_y0=1.00 (consecutive=0)
update=446 global_step=913408 SPS=653 w_ev=0.065 m_ev=0.969 m_v_bias=-10.7 m_adv_std=33.0592 m_kl_max=0.0073 m_ratio_max=0.619 w_ax@goal=+0.36 w_v@goal=4.00 return=970.1 length=91 success_rate=1.00 collisions/ep=0.62 (n=21)
update=447 global_step=915456 SPS=653 w_ev=0.064 m_ev=0.955 m_v_bias=-3.1 m_adv_std=41.1009 m_kl_max=0.0100 m_ratio_max=0.487 w_ax@goal=+0.34 w_v@goal=4.07 return=963.9 length=89 success_rate=1.00 collisions/ep=0.79 (n=24)
update=448 global_step=917504 SPS=654 w_ev=0.090 m_ev=0.961 m_v_bias=-2.4 m_adv_std=36.1288 m_kl_max=0.0115 m_ratio_max=0.528 w_ax@goal=+0.37 w_v@goal=4.04 return=951.1 length=90 success_rate=1.00 collisions/ep=1.00 (n=22)
update=449 global_step=919552 SPS=655 w_ev=0.076 m_ev=0.958 m_v_bias=13.1 m_adv_std=40.5428 m_kl_max=0.0244 m_ratio_max=1.106 w_ax@goal=+0.14 w_v@goal=4.13 return=959.1 length=93 success_rate=1.00 collisions/ep=0.81 (n=21)
update=450 global_step=921600 SPS=655 w_ev=0.061 m_ev=0.961 m_v_bias=-1.0 m_adv_std=40.9228 m_kl_max=0.0113 m_ratio_max=0.578 w_ax@goal=+0.37 w_v@goal=4.14 return=958.7 length=94 success_rate=1.00 collisions/ep=0.83 (n=24)
Evaluation at update 450: return=1005.67, length=84.95, success_rate=1.00, collisions/ep=0.00
Solved-check at update 450: solved=False worst_gap=57.81 at p_x0=0.00 p_y0=-0.50 (consecutive=0)
update=451 global_step=923648 SPS=653 w_ev=0.087 m_ev=0.966 m_v_bias=14.1 m_adv_std=37.2116 m_kl_max=0.0189 m_ratio_max=1.057 w_ax@goal=+0.14 w_v@goal=4.00 return=931.8 length=94 success_rate=1.00 collisions/ep=1.30 (n=20)
update=452 global_step=925696 SPS=654 w_ev=0.006 m_ev=0.979 m_v_bias=-13.7 m_adv_std=27.6734 m_kl_max=0.0120 m_ratio_max=0.402 w_ax@goal=+0.13 w_v@goal=4.12 return=959.3 length=93 success_rate=1.00 collisions/ep=0.77 (n=22)
update=453 global_step=927744 SPS=654 w_ev=0.022 m_ev=0.976 m_v_bias=0.1 m_adv_std=29.9365 m_kl_max=0.0193 m_ratio_max=0.600 w_ax@goal=+0.31 w_v@goal=4.09 return=979.2 length=94 success_rate=1.00 collisions/ep=0.35 (n=23)
update=454 global_step=929792 SPS=655 w_ev=0.069 m_ev=0.977 m_v_bias=3.4 m_adv_std=30.2462 m_kl_max=0.0078 m_ratio_max=0.667 w_ax@goal=+0.14 w_v@goal=3.91 return=940.2 length=94 success_rate=1.00 collisions/ep=1.24 (n=21)
update=455 global_step=931840 SPS=655 w_ev=0.058 m_ev=0.970 m_v_bias=-8.5 m_adv_std=32.7080 m_kl_max=0.0101 m_ratio_max=0.493 w_ax@goal=+0.30 w_v@goal=3.92 return=964.7 length=93 success_rate=1.00 collisions/ep=0.68 (n=22)
Evaluation at update 455: return=1008.16, length=82.50, success_rate=1.00, collisions/ep=0.00
Solved-check at update 455: solved=False worst_gap=5.98 at p_x0=0.00 p_y0=-0.50 (consecutive=0)
update=456 global_step=933888 SPS=653 w_ev=0.090 m_ev=0.963 m_v_bias=7.4 m_adv_std=36.7707 m_kl_max=0.0050 m_ratio_max=0.427 w_ax@goal=+0.28 w_v@goal=4.07 return=949.3 length=91 success_rate=1.00 collisions/ep=1.04 (n=23)
update=457 global_step=935936 SPS=654 w_ev=0.127 m_ev=0.975 m_v_bias=-4.3 m_adv_std=30.9900 m_kl_max=0.0295 m_ratio_max=1.257 w_ax@goal=+0.37 w_v@goal=3.93 return=950.4 length=91 success_rate=1.00 collisions/ep=1.00 (n=23)
update=458 global_step=937984 SPS=654 w_ev=0.054 m_ev=0.954 m_v_bias=5.8 m_adv_std=42.9831 m_kl_max=0.0085 m_ratio_max=0.470 w_ax@goal=+0.30 w_v@goal=3.98 return=946.6 length=92 success_rate=1.00 collisions/ep=1.09 (n=22)
update=459 global_step=940032 SPS=655 w_ev=0.092 m_ev=0.972 m_v_bias=-8.2 m_adv_std=33.1237 m_kl_max=0.0171 m_ratio_max=0.685 w_ax@goal=+0.35 w_v@goal=4.03 return=949.0 length=90 success_rate=1.00 collisions/ep=1.04 (n=23)
update=460 global_step=942080 SPS=655 w_ev=0.060 m_ev=0.956 m_v_bias=11.0 m_adv_std=38.5199 m_kl_max=0.0164 m_ratio_max=0.671 w_ax@goal=+0.05 w_v@goal=3.95 return=957.3 length=93 success_rate=1.00 collisions/ep=0.80 (n=20)
Evaluation at update 460: return=1009.13, length=81.55, success_rate=1.00, collisions/ep=0.00
Solved-check at update 460: solved=False worst_gap=55.19 at p_x0=0.00 p_y0=1.00 (consecutive=0)
update=461 global_step=944128 SPS=653 w_ev=0.071 m_ev=0.973 m_v_bias=-7.9 m_adv_std=32.2355 m_kl_max=0.0281 m_ratio_max=1.354 w_ax@goal=+0.27 w_v@goal=3.87 return=957.5 length=90 success_rate=1.00 collisions/ep=0.87 (n=23)
update=462 global_step=946176 SPS=654 w_ev=0.073 m_ev=0.980 m_v_bias=2.6 m_adv_std=27.6774 m_kl_max=0.0150 m_ratio_max=0.562 w_ax@goal=+0.56 w_v@goal=3.93 return=962.1 length=91 success_rate=1.00 collisions/ep=0.75 (n=24)
update=463 global_step=948224 SPS=655 w_ev=0.062 m_ev=0.971 m_v_bias=11.1 m_adv_std=33.1807 m_kl_max=0.0095 m_ratio_max=0.435 w_ax@goal=+0.29 w_v@goal=3.88 return=931.8 length=93 success_rate=1.00 collisions/ep=1.36 (n=22)
update=464 global_step=950272 SPS=655 w_ev=0.046 m_ev=0.972 m_v_bias=8.0 m_adv_std=32.6800 m_kl_max=0.0084 m_ratio_max=0.421 w_ax@goal=+0.18 w_v@goal=3.89 return=959.8 length=95 success_rate=1.00 collisions/ep=0.70 (n=20)
update=465 global_step=952320 SPS=656 w_ev=0.015 m_ev=0.964 m_v_bias=5.3 m_adv_std=37.3788 m_kl_max=0.0133 m_ratio_max=1.069 w_ax@goal=+0.24 w_v@goal=3.96 return=959.0 length=96 success_rate=1.00 collisions/ep=0.76 (n=21)
Evaluation at update 465: return=1006.63, length=84.00, success_rate=1.00, collisions/ep=0.00
Solved-check at update 465: solved=False worst_gap=7.90 at p_x0=0.50 p_y0=1.00 (consecutive=0)
update=466 global_step=954368 SPS=654 w_ev=0.032 m_ev=0.954 m_v_bias=-8.1 m_adv_std=43.2122 m_kl_max=0.0395 m_ratio_max=1.108 w_ax@goal=+0.22 w_v@goal=3.98 return=945.0 length=93 success_rate=1.00 collisions/ep=1.04 (n=23)
update=467 global_step=956416 SPS=654 w_ev=0.036 m_ev=0.956 m_v_bias=-2.6 m_adv_std=42.8529 m_kl_max=0.0116 m_ratio_max=0.532 w_ax@goal=+0.34 w_v@goal=3.98 return=938.3 length=94 success_rate=1.00 collisions/ep=1.19 (n=21)
update=468 global_step=958464 SPS=655 w_ev=0.059 m_ev=0.965 m_v_bias=-9.7 m_adv_std=36.5840 m_kl_max=0.0128 m_ratio_max=0.598 w_ax@goal=+0.34 w_v@goal=3.95 return=955.4 length=92 success_rate=1.00 collisions/ep=0.91 (n=23)
update=469 global_step=960512 SPS=656 w_ev=0.034 m_ev=0.961 m_v_bias=8.4 m_adv_std=39.4333 m_kl_max=0.0094 m_ratio_max=0.576 w_ax@goal=+0.43 w_v@goal=4.04 return=935.9 length=95 success_rate=1.00 collisions/ep=1.27 (n=22)
update=470 global_step=962560 SPS=656 w_ev=0.026 m_ev=0.969 m_v_bias=-9.3 m_adv_std=34.1520 m_kl_max=0.0258 m_ratio_max=1.263 w_ax@goal=+0.39 w_v@goal=4.01 return=950.2 length=94 success_rate=1.00 collisions/ep=0.95 (n=22)
Evaluation at update 470: return=1006.73, length=83.95, success_rate=1.00, collisions/ep=0.00
Solved-check at update 470: solved=False worst_gap=7.97 at p_x0=0.00 p_y0=-1.00 (consecutive=0)
update=471 global_step=964608 SPS=654 w_ev=0.025 m_ev=0.945 m_v_bias=8.3 m_adv_std=46.2746 m_kl_max=0.0064 m_ratio_max=0.461 w_ax@goal=+0.38 w_v@goal=4.00 return=967.4 length=95 success_rate=1.00 collisions/ep=0.57 (n=21)
update=472 global_step=966656 SPS=655 w_ev=0.075 m_ev=0.920 m_v_bias=4.8 m_adv_std=60.1063 m_kl_max=0.0338 m_ratio_max=0.924 w_ax@goal=+0.41 w_v@goal=4.01 return=911.8 length=98 success_rate=1.00 collisions/ep=1.68 (n=22)
update=473 global_step=968704 SPS=655 w_ev=0.013 m_ev=0.974 m_v_bias=-2.2 m_adv_std=32.0942 m_kl_max=0.0245 m_ratio_max=0.707 w_ax@goal=+0.18 w_v@goal=4.10 return=941.4 length=97 success_rate=1.00 collisions/ep=1.05 (n=20)
update=474 global_step=970752 SPS=656 w_ev=0.077 m_ev=0.973 m_v_bias=-10.8 m_adv_std=34.3499 m_kl_max=0.0170 m_ratio_max=0.948 w_ax@goal=+0.21 w_v@goal=4.05 return=948.7 length=93 success_rate=1.00 collisions/ep=1.00 (n=23)
update=475 global_step=972800 SPS=656 w_ev=0.076 m_ev=0.962 m_v_bias=-10.6 m_adv_std=38.0210 m_kl_max=0.0078 m_ratio_max=0.397 w_ax@goal=+0.45 w_v@goal=3.97 return=950.5 length=96 success_rate=1.00 collisions/ep=0.95 (n=21)
Evaluation at update 475: return=1010.37, length=80.30, success_rate=1.00, collisions/ep=0.00
Solved-check at update 475: solved=True worst_gap=3.51 at p_x0=0.00 p_y0=1.00 (consecutive=0)
update=476 global_step=974848 SPS=654 w_ev=0.092 m_ev=0.958 m_v_bias=5.4 m_adv_std=38.2349 m_kl_max=0.0122 m_ratio_max=0.575 w_ax@goal=+0.27 w_v@goal=3.88 return=953.9 length=92 success_rate=1.00 collisions/ep=0.90 (n=21)
update=477 global_step=976896 SPS=655 w_ev=0.063 m_ev=0.931 m_v_bias=6.9 m_adv_std=54.8588 m_kl_max=0.0130 m_ratio_max=0.472 w_ax@goal=+0.44 w_v@goal=4.02 return=929.6 length=91 success_rate=1.00 collisions/ep=1.46 (n=24)
update=478 global_step=978944 SPS=655 w_ev=0.079 m_ev=0.963 m_v_bias=-20.2 m_adv_std=36.4714 m_kl_max=0.0183 m_ratio_max=0.575 w_ax@goal=+0.46 w_v@goal=4.12 return=954.0 length=88 success_rate=1.00 collisions/ep=1.04 (n=23)
update=479 global_step=980992 SPS=656 w_ev=0.023 m_ev=0.973 m_v_bias=-6.5 m_adv_std=30.8496 m_kl_max=0.0206 m_ratio_max=0.639 w_ax@goal=+0.51 w_v@goal=4.22 return=971.7 length=90 success_rate=1.00 collisions/ep=0.61 (n=23)
update=480 global_step=983040 SPS=657 w_ev=0.083 m_ev=0.961 m_v_bias=1.1 m_adv_std=37.2775 m_kl_max=0.0201 m_ratio_max=0.572 w_ax@goal=+0.34 w_v@goal=4.16 return=960.4 length=92 success_rate=1.00 collisions/ep=0.82 (n=22)
Evaluation at update 480: return=1010.48, length=80.10, success_rate=1.00, collisions/ep=0.00
Solved-check at update 480: solved=True worst_gap=3.38 at p_x0=0.00 p_y0=-0.50 (consecutive=1)
update=481 global_step=985088 SPS=655 w_ev=0.110 m_ev=0.943 m_v_bias=5.2 m_adv_std=46.3807 m_kl_max=0.0138 m_ratio_max=0.982 w_ax@goal=+0.58 w_v@goal=4.10 return=955.3 length=92 success_rate=1.00 collisions/ep=0.91 (n=23)
update=482 global_step=987136 SPS=655 w_ev=0.044 m_ev=0.950 m_v_bias=0.7 m_adv_std=42.0120 m_kl_max=0.0288 m_ratio_max=0.801 w_ax@goal=+0.50 w_v@goal=4.16 return=960.6 length=90 success_rate=1.00 collisions/ep=0.78 (n=23)
update=483 global_step=989184 SPS=656 w_ev=0.033 m_ev=0.974 m_v_bias=-8.8 m_adv_std=30.2049 m_kl_max=0.0142 m_ratio_max=0.529 w_ax@goal=+0.42 w_v@goal=4.20 return=982.6 length=90 success_rate=1.00 collisions/ep=0.36 (n=22)
update=484 global_step=991232 SPS=656 w_ev=0.106 m_ev=0.956 m_v_bias=10.0 m_adv_std=38.7095 m_kl_max=0.0064 m_ratio_max=0.451 w_ax@goal=+0.29 w_v@goal=4.06 return=965.3 length=90 success_rate=1.00 collisions/ep=0.70 (n=23)
update=485 global_step=993280 SPS=657 w_ev=0.070 m_ev=0.969 m_v_bias=6.7 m_adv_std=32.8526 m_kl_max=0.0224 m_ratio_max=0.906 w_ax@goal=+0.44 w_v@goal=4.19 return=965.8 length=95 success_rate=1.00 collisions/ep=0.62 (n=21)
Evaluation at update 485: return=1009.65, length=81.15, success_rate=1.00, collisions/ep=0.00
Solved-check at update 485: solved=True worst_gap=4.33 at p_x0=1.50 p_y0=-1.00 (consecutive=2)
update=486 global_step=995328 SPS=655 w_ev=-0.004 m_ev=0.964 m_v_bias=1.7 m_adv_std=36.8306 m_kl_max=0.0097 m_ratio_max=0.598 w_ax@goal=+0.26 w_v@goal=4.31 return=954.1 length=94 success_rate=1.00 collisions/ep=0.91 (n=23)
update=487 global_step=997376 SPS=656 w_ev=-0.014 m_ev=0.967 m_v_bias=-12.3 m_adv_std=34.0124 m_kl_max=0.0187 m_ratio_max=1.911 w_ax@goal=+0.43 w_v@goal=4.25 return=965.0 length=90 success_rate=1.00 collisions/ep=0.74 (n=23)
update=488 global_step=999424 SPS=656 w_ev=0.093 m_ev=0.979 m_v_bias=-4.0 m_adv_std=25.9857 m_kl_max=0.0159 m_ratio_max=1.032 w_ax@goal=+0.48 w_v@goal=3.94 return=981.1 length=90 success_rate=1.00 collisions/ep=0.40 (n=20)
Saved checkpoints to C:\Users\loren\Desktop\MASTER THESIS\5_CODE\scenarios\slalom\scripts\scenarios/slalom/studies/blind_worker\coef_0\runs\hppo_slalom_7_1790410866
