Using device: cpu
Solved-check: precomputed optimal returns for 25 fixed initial conditions (mean=1011.8, min=1007.0, max=1014.0); solved-tolerance=5.0
num_envs=8 num_steps_per_env=256 worker_batch_size=2048 worker_minibatch_size=256 num_updates=500 timesteps=1024000
update=1 global_step=2048 SPS=1106 w_ev=0.071 m_ev=-0.001 m_v_bias=177.9 m_adv_std=128.7154 m_kl_max=0.0025 m_ratio_max=0.190 return=-740.8 length=200 success_rate=0.00 collisions/ep=11.00 (n=8)
update=2 global_step=4096 SPS=1062 w_ev=0.300 m_ev=-0.450 m_v_bias=15.1 m_adv_std=77.3463 m_kl_max=0.0025 m_ratio_max=0.193 return=-522.1 length=200 success_rate=0.00 collisions/ep=6.75 (n=8)
update=3 global_step=6144 SPS=1074 w_ev=0.382 m_ev=0.189 m_v_bias=1.7 m_adv_std=70.5618 m_kl_max=0.0008 m_ratio_max=0.188 return=-460.6 length=200 success_rate=0.00 collisions/ep=5.25 (n=8)
update=4 global_step=8192 SPS=1109 w_ev=0.461 m_ev=0.369 m_v_bias=-8.6 m_adv_std=70.4949 m_kl_max=0.0027 m_ratio_max=0.315 return=-297.3 length=200 success_rate=0.00 collisions/ep=1.81 (n=16)
update=5 global_step=10240 SPS=1088 w_ev=0.601 m_ev=0.278 m_v_bias=-13.3 m_adv_std=28.1958 m_kl_max=0.0098 m_ratio_max=0.407 return=-235.2 length=200 success_rate=0.00 collisions/ep=0.50 (n=8)
Evaluation at update 5: return=-221.58, length=200.00, success_rate=0.00, collisions/ep=0.00
Solved-check at update 5: solved=False worst_gap=1240.96 at p_x0=2.00 p_y0=0.50 (consecutive=0)
update=6 global_step=12288 SPS=448 w_ev=0.382 m_ev=-0.563 m_v_bias=-8.6 m_adv_std=14.6584 m_kl_max=0.0037 m_ratio_max=0.260 return=-237.8 length=200 success_rate=0.00 collisions/ep=0.38 (n=8)
update=7 global_step=14336 SPS=488 w_ev=0.286 m_ev=0.148 m_v_bias=-0.5 m_adv_std=10.1510 m_kl_max=0.0047 m_ratio_max=0.421 return=-220.5 length=200 success_rate=0.00 collisions/ep=0.00 (n=8)
update=8 global_step=16384 SPS=527 w_ev=0.351 m_ev=0.508 m_v_bias=-1.9 m_adv_std=11.4499 m_kl_max=0.0089 m_ratio_max=0.465 return=-224.5 length=200 success_rate=0.00 collisions/ep=0.12 (n=16)
update=9 global_step=18432 SPS=560 w_ev=0.497 m_ev=0.525 m_v_bias=-3.4 m_adv_std=6.7564 m_kl_max=0.0065 m_ratio_max=0.610 return=-228.5 length=200 success_rate=0.00 collisions/ep=0.25 (n=8)
update=10 global_step=20480 SPS=587 w_ev=0.561 m_ev=0.362 m_v_bias=-1.3 m_adv_std=14.4680 m_kl_max=0.0024 m_ratio_max=0.376 return=-223.0 length=200 success_rate=0.00 collisions/ep=0.12 (n=8)
Evaluation at update 10: return=-221.58, length=200.00, success_rate=0.00, collisions/ep=0.00
Solved-check at update 10: solved=False worst_gap=1240.96 at p_x0=2.00 p_y0=0.50 (consecutive=0)
update=11 global_step=22528 SPS=435 w_ev=0.350 m_ev=0.572 m_v_bias=-1.1 m_adv_std=7.2434 m_kl_max=0.0287 m_ratio_max=0.827 return=-226.1 length=200 success_rate=0.00 collisions/ep=0.19 (n=16)
update=12 global_step=24576 SPS=459 w_ev=0.439 m_ev=0.437 m_v_bias=9.1 m_adv_std=35.3408 m_kl_max=0.0020 m_ratio_max=0.289 return=-249.6 length=200 success_rate=0.00 collisions/ep=1.00 (n=8)
update=13 global_step=26624 SPS=483 w_ev=0.414 m_ev=0.286 m_v_bias=-1.3 m_adv_std=41.5076 m_kl_max=0.0031 m_ratio_max=0.199 return=-311.4 length=200 success_rate=0.00 collisions/ep=2.00 (n=8)
update=14 global_step=28672 SPS=504 w_ev=0.685 m_ev=0.434 m_v_bias=7.8 m_adv_std=46.4762 m_kl_max=0.0131 m_ratio_max=0.559 return=-203.5 length=200 success_rate=0.00 collisions/ep=0.00 (n=8)
update=15 global_step=30720 SPS=524 w_ev=0.564 m_ev=0.514 m_v_bias=1.6 m_adv_std=35.2135 m_kl_max=0.0233 m_ratio_max=0.650 return=-274.0 length=200 success_rate=0.00 collisions/ep=1.50 (n=16)
Evaluation at update 15: return=-221.59, length=200.00, success_rate=0.00, collisions/ep=0.00
Solved-check at update 15: solved=False worst_gap=1240.97 at p_x0=2.00 p_y0=0.50 (consecutive=0)
update=16 global_step=32768 SPS=436 w_ev=0.304 m_ev=0.188 m_v_bias=8.0 m_adv_std=56.1042 m_kl_max=0.0189 m_ratio_max=0.516 return=-305.8 length=200 success_rate=0.00 collisions/ep=1.75 (n=8)
update=17 global_step=34816 SPS=453 w_ev=0.106 m_ev=-2.088 m_v_bias=1.7 m_adv_std=19.5750 m_kl_max=0.0125 m_ratio_max=0.540 return=-220.6 length=200 success_rate=0.00 collisions/ep=0.00 (n=8)
update=18 global_step=36864 SPS=466 w_ev=0.233 m_ev=-0.058 m_v_bias=6.0 m_adv_std=36.8136 m_kl_max=0.0187 m_ratio_max=0.527 return=-237.2 length=200 success_rate=0.00 collisions/ep=0.44 (n=16)
update=19 global_step=38912 SPS=481 w_ev=0.285 m_ev=0.306 m_v_bias=-4.0 m_adv_std=6.8766 m_kl_max=0.0156 m_ratio_max=0.462 return=-206.1 length=200 success_rate=0.00 collisions/ep=0.00 (n=8)
update=20 global_step=40960 SPS=494 w_ev=0.171 m_ev=0.269 m_v_bias=-2.2 m_adv_std=9.0957 m_kl_max=0.0238 m_ratio_max=1.390 return=-217.0 length=200 success_rate=0.00 collisions/ep=0.12 (n=8)
Evaluation at update 20: return=-201.35, length=200.00, success_rate=0.00, collisions/ep=0.00
Solved-check at update 20: solved=False worst_gap=1221.29 at p_x0=2.00 p_y0=0.50 (consecutive=0)
update=21 global_step=43008 SPS=425 w_ev=0.229 m_ev=0.452 m_v_bias=1.1 m_adv_std=15.4820 m_kl_max=0.0094 m_ratio_max=0.464 return=-205.0 length=200 success_rate=0.00 collisions/ep=0.12 (n=8)
update=22 global_step=45056 SPS=438 w_ev=0.150 m_ev=0.745 m_v_bias=-2.4 m_adv_std=4.8192 m_kl_max=0.0254 m_ratio_max=0.755 return=-216.0 length=200 success_rate=0.00 collisions/ep=0.19 (n=16)
update=23 global_step=47104 SPS=448 w_ev=0.261 m_ev=0.082 m_v_bias=17.9 m_adv_std=113.3382 m_kl_max=0.0126 m_ratio_max=0.486 return=-205.3 length=200 success_rate=0.00 collisions/ep=0.50 (n=8)
update=24 global_step=49152 SPS=459 w_ev=0.354 m_ev=0.149 m_v_bias=24.9 m_adv_std=95.1292 m_kl_max=0.0235 m_ratio_max=0.923 return=-432.4 length=200 success_rate=0.00 collisions/ep=4.88 (n=8)
update=25 global_step=51200 SPS=471 w_ev=0.425 m_ev=0.206 m_v_bias=-12.9 m_adv_std=33.3890 m_kl_max=0.0296 m_ratio_max=1.416 return=-231.5 length=200 success_rate=0.00 collisions/ep=0.62 (n=16)
Evaluation at update 25: return=-220.88, length=200.00, success_rate=0.00, collisions/ep=0.00
Solved-check at update 25: solved=False worst_gap=1240.10 at p_x0=2.00 p_y0=0.50 (consecutive=0)
update=26 global_step=53248 SPS=418 w_ev=0.263 m_ev=0.467 m_v_bias=-0.1 m_adv_std=10.0170 m_kl_max=0.0025 m_ratio_max=0.361 return=-206.1 length=200 success_rate=0.00 collisions/ep=0.00 (n=8)
update=27 global_step=55296 SPS=428 w_ev=0.308 m_ev=0.589 m_v_bias=-2.3 m_adv_std=7.9304 m_kl_max=0.0035 m_ratio_max=0.292 return=-218.3 length=200 success_rate=0.00 collisions/ep=0.12 (n=8)
update=28 global_step=57344 SPS=438 w_ev=0.342 m_ev=0.250 m_v_bias=-0.1 m_adv_std=6.2300 m_kl_max=0.0344 m_ratio_max=1.103 return=-216.9 length=200 success_rate=0.00 collisions/ep=0.00 (n=8)
update=29 global_step=59392 SPS=447 w_ev=0.311 m_ev=0.446 m_v_bias=-1.4 m_adv_std=6.3670 m_kl_max=0.0550 m_ratio_max=0.999 return=-214.4 length=200 success_rate=0.00 collisions/ep=0.00 (n=16)
update=30 global_step=61440 SPS=455 w_ev=0.528 m_ev=0.231 m_v_bias=16.4 m_adv_std=69.7827 m_kl_max=0.0068 m_ratio_max=0.397 return=-289.4 length=200 success_rate=0.00 collisions/ep=1.88 (n=8)
Evaluation at update 30: return=-195.45, length=200.00, success_rate=0.00, collisions/ep=0.00
Solved-check at update 30: solved=False worst_gap=1214.94 at p_x0=2.00 p_y0=0.50 (consecutive=0)
update=31 global_step=63488 SPS=410 w_ev=0.515 m_ev=0.407 m_v_bias=14.2 m_adv_std=67.4946 m_kl_max=0.0263 m_ratio_max=0.523 return=-246.6 length=200 success_rate=0.00 collisions/ep=1.12 (n=8)
update=32 global_step=65536 SPS=417 w_ev=0.218 m_ev=-0.384 m_v_bias=0.5 m_adv_std=42.7492 m_kl_max=0.0172 m_ratio_max=0.515 return=-254.9 length=200 success_rate=0.00 collisions/ep=1.12 (n=8)
update=33 global_step=67584 SPS=425 w_ev=0.301 m_ev=-0.069 m_v_bias=-3.9 m_adv_std=9.3020 m_kl_max=0.0180 m_ratio_max=0.761 return=-228.7 length=200 success_rate=0.00 collisions/ep=0.50 (n=16)
update=34 global_step=69632 SPS=433 w_ev=0.544 m_ev=0.138 m_v_bias=23.8 m_adv_std=98.1701 m_kl_max=0.0162 m_ratio_max=0.642 return=-315.5 length=200 success_rate=0.00 collisions/ep=2.25 (n=8)
update=35 global_step=71680 SPS=440 w_ev=0.155 m_ev=-0.298 m_v_bias=-2.0 m_adv_std=27.9178 m_kl_max=0.0129 m_ratio_max=0.744 return=-244.4 length=200 success_rate=0.00 collisions/ep=0.75 (n=8)
Evaluation at update 35: return=-219.23, length=200.00, success_rate=0.00, collisions/ep=0.00
Solved-check at update 35: solved=False worst_gap=1238.04 at p_x0=2.00 p_y0=0.50 (consecutive=0)
update=36 global_step=73728 SPS=405 w_ev=0.232 m_ev=0.050 m_v_bias=-3.0 m_adv_std=10.7416 m_kl_max=0.0080 m_ratio_max=0.386 return=-219.1 length=200 success_rate=0.00 collisions/ep=0.12 (n=16)
update=37 global_step=75776 SPS=412 w_ev=0.074 m_ev=-0.275 m_v_bias=-4.0 m_adv_std=8.7092 m_kl_max=0.0296 m_ratio_max=0.774 return=-213.0 length=200 success_rate=0.00 collisions/ep=0.00 (n=8)
update=38 global_step=77824 SPS=419 w_ev=0.138 m_ev=0.509 m_v_bias=-3.4 m_adv_std=4.9710 m_kl_max=0.0570 m_ratio_max=1.270 return=-200.8 length=200 success_rate=0.00 collisions/ep=0.00 (n=8)
update=39 global_step=79872 SPS=426 w_ev=0.349 m_ev=0.566 m_v_bias=-3.7 m_adv_std=9.8176 m_kl_max=0.0101 m_ratio_max=0.503 return=-198.8 length=200 success_rate=0.00 collisions/ep=0.12 (n=8)
update=40 global_step=81920 SPS=432 w_ev=0.311 m_ev=0.662 m_v_bias=-0.5 m_adv_std=4.6577 m_kl_max=0.0232 m_ratio_max=1.196 return=-194.5 length=200 success_rate=0.00 collisions/ep=0.06 (n=16)
Evaluation at update 40: return=-180.70, length=200.00, success_rate=0.00, collisions/ep=0.00
Solved-check at update 40: solved=False worst_gap=1200.07 at p_x0=2.00 p_y0=0.50 (consecutive=0)
update=41 global_step=83968 SPS=401 w_ev=0.417 m_ev=0.123 m_v_bias=9.5 m_adv_std=54.4768 m_kl_max=0.0131 m_ratio_max=0.420 return=-248.2 length=200 success_rate=0.00 collisions/ep=1.25 (n=8)
update=42 global_step=86016 SPS=407 w_ev=0.320 m_ev=-0.062 m_v_bias=-3.6 m_adv_std=11.0804 m_kl_max=0.0141 m_ratio_max=0.520 return=-191.7 length=200 success_rate=0.00 collisions/ep=0.00 (n=8)
update=43 global_step=88064 SPS=413 w_ev=0.299 m_ev=0.117 m_v_bias=5.7 m_adv_std=51.8868 m_kl_max=0.0052 m_ratio_max=0.305 return=-219.0 length=200 success_rate=0.00 collisions/ep=0.56 (n=16)
update=44 global_step=90112 SPS=419 w_ev=0.201 m_ev=-0.525 m_v_bias=-4.2 m_adv_std=14.6435 m_kl_max=0.0274 m_ratio_max=0.577 return=-198.6 length=200 success_rate=0.00 collisions/ep=0.12 (n=8)
update=45 global_step=92160 SPS=425 w_ev=0.424 m_ev=0.449 m_v_bias=-0.9 m_adv_std=6.9200 m_kl_max=0.0153 m_ratio_max=0.695 return=-200.8 length=200 success_rate=0.00 collisions/ep=0.00 (n=8)
Evaluation at update 45: return=-193.75, length=200.00, success_rate=0.00, collisions/ep=0.00
Solved-check at update 45: solved=False worst_gap=1212.46 at p_x0=2.00 p_y0=0.50 (consecutive=0)
update=46 global_step=94208 SPS=399 w_ev=0.248 m_ev=0.017 m_v_bias=1.8 m_adv_std=15.9524 m_kl_max=0.0193 m_ratio_max=0.644 return=-222.3 length=200 success_rate=0.00 collisions/ep=0.50 (n=8)
update=47 global_step=96256 SPS=404 w_ev=0.409 m_ev=0.367 m_v_bias=-3.8 m_adv_std=9.2875 m_kl_max=0.0108 m_ratio_max=0.542 return=-196.1 length=200 success_rate=0.00 collisions/ep=0.06 (n=16)
update=48 global_step=98304 SPS=410 w_ev=0.375 m_ev=0.641 m_v_bias=-1.8 m_adv_std=3.4722 m_kl_max=0.0640 m_ratio_max=1.940 return=-200.7 length=200 success_rate=0.00 collisions/ep=0.12 (n=8)
update=49 global_step=100352 SPS=415 w_ev=0.344 m_ev=0.131 m_v_bias=14.8 m_adv_std=61.9480 m_kl_max=0.0333 m_ratio_max=0.809 return=-284.4 length=200 success_rate=0.00 collisions/ep=2.00 (n=8)
update=50 global_step=102400 SPS=419 w_ev=0.450 m_ev=0.178 m_v_bias=3.6 m_adv_std=36.8417 m_kl_max=0.0256 m_ratio_max=0.848 return=-210.8 length=200 success_rate=0.00 collisions/ep=0.44 (n=16)
Evaluation at update 50: return=-191.44, length=200.00, success_rate=0.00, collisions/ep=0.00
Solved-check at update 50: solved=False worst_gap=1210.94 at p_x0=2.00 p_y0=0.50 (consecutive=0)
update=51 global_step=104448 SPS=398 w_ev=0.508 m_ev=-0.917 m_v_bias=-2.5 m_adv_std=11.6277 m_kl_max=0.0251 m_ratio_max=1.203 return=-199.9 length=200 success_rate=0.00 collisions/ep=0.00 (n=8)
update=52 global_step=106496 SPS=403 w_ev=0.459 m_ev=0.341 m_v_bias=-3.6 m_adv_std=4.3001 m_kl_max=0.0183 m_ratio_max=0.708 return=-197.5 length=200 success_rate=0.00 collisions/ep=0.00 (n=8)
update=53 global_step=108544 SPS=407 w_ev=0.439 m_ev=0.649 m_v_bias=-3.3 m_adv_std=3.9007 m_kl_max=0.0513 m_ratio_max=1.598 return=-196.7 length=200 success_rate=0.00 collisions/ep=0.00 (n=8)
update=54 global_step=110592 SPS=412 w_ev=0.489 m_ev=0.840 m_v_bias=-2.3 m_adv_std=2.4263 m_kl_max=0.0303 m_ratio_max=0.720 return=-188.8 length=200 success_rate=0.00 collisions/ep=0.00 (n=16)
update=55 global_step=112640 SPS=417 w_ev=0.544 m_ev=0.295 m_v_bias=-0.5 m_adv_std=12.7122 m_kl_max=0.0144 m_ratio_max=0.615 return=-195.9 length=200 success_rate=0.00 collisions/ep=0.25 (n=8)
Evaluation at update 55: return=-178.81, length=200.00, success_rate=0.00, collisions/ep=0.00
Solved-check at update 55: solved=False worst_gap=1198.38 at p_x0=2.00 p_y0=0.50 (consecutive=0)
update=56 global_step=114688 SPS=395 w_ev=0.512 m_ev=0.057 m_v_bias=17.1 m_adv_std=54.1376 m_kl_max=0.0229 m_ratio_max=0.702 return=-197.1 length=200 success_rate=0.00 collisions/ep=0.25 (n=8)
update=57 global_step=116736 SPS=400 w_ev=0.462 m_ev=0.077 m_v_bias=13.5 m_adv_std=85.0835 m_kl_max=0.0290 m_ratio_max=0.673 return=-291.9 length=200 success_rate=0.00 collisions/ep=2.12 (n=8)
update=58 global_step=118784 SPS=405 w_ev=0.652 m_ev=0.371 m_v_bias=-3.7 m_adv_std=13.3906 m_kl_max=0.0232 m_ratio_max=1.077 return=-240.3 length=200 success_rate=0.00 collisions/ep=1.06 (n=16)
update=59 global_step=120832 SPS=409 w_ev=0.483 m_ev=0.463 m_v_bias=-4.6 m_adv_std=4.8333 m_kl_max=0.0051 m_ratio_max=0.476 return=-190.0 length=200 success_rate=0.00 collisions/ep=0.00 (n=8)
update=60 global_step=122880 SPS=413 w_ev=0.270 m_ev=0.665 m_v_bias=-2.3 m_adv_std=3.0028 m_kl_max=0.0405 m_ratio_max=1.276 return=-192.8 length=200 success_rate=0.00 collisions/ep=0.00 (n=8)
Evaluation at update 60: return=-187.67, length=200.00, success_rate=0.00, collisions/ep=0.00
Solved-check at update 60: solved=False worst_gap=1208.01 at p_x0=2.00 p_y0=0.50 (consecutive=0)
update=61 global_step=124928 SPS=396 w_ev=0.376 m_ev=0.679 m_v_bias=-2.6 m_adv_std=3.4501 m_kl_max=0.0330 m_ratio_max=1.561 return=-188.9 length=200 success_rate=0.00 collisions/ep=0.00 (n=16)
update=62 global_step=126976 SPS=400 w_ev=0.304 m_ev=0.670 m_v_bias=-1.5 m_adv_std=6.0295 m_kl_max=0.0088 m_ratio_max=0.434 return=-193.0 length=200 success_rate=0.00 collisions/ep=0.12 (n=8)
update=63 global_step=129024 SPS=404 w_ev=0.323 m_ev=0.145 m_v_bias=4.7 m_adv_std=43.7774 m_kl_max=0.0223 m_ratio_max=0.928 return=-244.8 length=200 success_rate=0.00 collisions/ep=1.12 (n=8)
update=64 global_step=131072 SPS=408 w_ev=0.473 m_ev=0.243 m_v_bias=-2.9 m_adv_std=17.5165 m_kl_max=0.0118 m_ratio_max=0.671 return=-206.2 length=200 success_rate=0.00 collisions/ep=0.38 (n=8)
update=65 global_step=133120 SPS=412 w_ev=0.439 m_ev=-0.062 m_v_bias=0.1 m_adv_std=10.8560 m_kl_max=0.0152 m_ratio_max=0.465 return=-195.2 length=200 success_rate=0.00 collisions/ep=0.12 (n=16)
Evaluation at update 65: return=-188.62, length=200.00, success_rate=0.00, collisions/ep=0.00
Solved-check at update 65: solved=False worst_gap=1208.87 at p_x0=2.00 p_y0=0.50 (consecutive=0)
update=66 global_step=135168 SPS=395 w_ev=0.464 m_ev=0.589 m_v_bias=-2.1 m_adv_std=3.3057 m_kl_max=0.0130 m_ratio_max=1.022 return=-189.2 length=200 success_rate=0.00 collisions/ep=0.00 (n=8)
update=67 global_step=137216 SPS=399 w_ev=0.522 m_ev=0.707 m_v_bias=-2.8 m_adv_std=2.9327 m_kl_max=0.0394 m_ratio_max=1.403 return=-188.5 length=200 success_rate=0.00 collisions/ep=0.00 (n=8)
update=68 global_step=139264 SPS=403 w_ev=0.513 m_ev=0.123 m_v_bias=0.2 m_adv_std=12.4092 m_kl_max=0.0471 m_ratio_max=0.966 return=-193.6 length=200 success_rate=0.00 collisions/ep=0.12 (n=16)
update=69 global_step=141312 SPS=406 w_ev=0.424 m_ev=0.093 m_v_bias=32.1 m_adv_std=96.0053 m_kl_max=0.0312 m_ratio_max=0.938 return=-329.5 length=200 success_rate=0.00 collisions/ep=3.00 (n=8)
update=70 global_step=143360 SPS=409 w_ev=0.431 m_ev=0.048 m_v_bias=7.5 m_adv_std=72.1812 m_kl_max=0.0314 m_ratio_max=0.670 return=-271.1 length=200 success_rate=0.00 collisions/ep=1.75 (n=8)
Evaluation at update 70: return=-184.72, length=200.00, success_rate=0.00, collisions/ep=0.00
Solved-check at update 70: solved=False worst_gap=1205.13 at p_x0=2.00 p_y0=0.50 (consecutive=0)
update=71 global_step=145408 SPS=395 w_ev=0.484 m_ev=-0.083 m_v_bias=-7.0 m_adv_std=20.5159 m_kl_max=0.0232 m_ratio_max=0.883 return=-204.0 length=200 success_rate=0.00 collisions/ep=0.50 (n=8)
update=72 global_step=147456 SPS=398 w_ev=0.661 m_ev=0.488 m_v_bias=-7.4 m_adv_std=8.0961 m_kl_max=0.0074 m_ratio_max=0.494 return=-187.6 length=200 success_rate=0.00 collisions/ep=0.12 (n=16)
update=73 global_step=149504 SPS=402 w_ev=0.521 m_ev=0.255 m_v_bias=-1.6 m_adv_std=10.1172 m_kl_max=0.0193 m_ratio_max=0.533 return=-199.0 length=200 success_rate=0.00 collisions/ep=0.25 (n=8)
update=74 global_step=151552 SPS=405 w_ev=0.525 m_ev=0.635 m_v_bias=-5.0 m_adv_std=3.8048 m_kl_max=0.0376 m_ratio_max=0.825 return=-192.9 length=200 success_rate=0.00 collisions/ep=0.12 (n=8)
update=75 global_step=153600 SPS=408 w_ev=0.646 m_ev=0.406 m_v_bias=-1.4 m_adv_std=8.8619 m_kl_max=0.0296 m_ratio_max=1.489 return=-190.7 length=200 success_rate=0.00 collisions/ep=0.12 (n=16)
Evaluation at update 75: return=-187.70, length=200.00, success_rate=0.00, collisions/ep=0.00
Solved-check at update 75: solved=False worst_gap=1208.22 at p_x0=2.00 p_y0=0.50 (consecutive=0)
update=76 global_step=155648 SPS=394 w_ev=0.553 m_ev=0.794 m_v_bias=-2.3 m_adv_std=2.4675 m_kl_max=0.0275 m_ratio_max=1.387 return=-184.6 length=200 success_rate=0.00 collisions/ep=0.00 (n=8)
update=77 global_step=157696 SPS=398 w_ev=0.642 m_ev=0.622 m_v_bias=-0.5 m_adv_std=5.9377 m_kl_max=0.0208 m_ratio_max=0.753 return=-183.7 length=200 success_rate=0.00 collisions/ep=0.00 (n=8)
update=78 global_step=159744 SPS=401 w_ev=0.471 m_ev=0.859 m_v_bias=-1.1 m_adv_std=1.8859 m_kl_max=0.0273 m_ratio_max=1.104 return=-188.1 length=200 success_rate=0.00 collisions/ep=0.12 (n=8)
update=79 global_step=161792 SPS=404 w_ev=0.618 m_ev=0.915 m_v_bias=-1.3 m_adv_std=1.8102 m_kl_max=0.0127 m_ratio_max=0.651 return=-183.3 length=200 success_rate=0.00 collisions/ep=0.00 (n=16)
update=80 global_step=163840 SPS=407 w_ev=0.476 m_ev=0.850 m_v_bias=-1.9 m_adv_std=2.2957 m_kl_max=0.0407 m_ratio_max=1.002 return=-178.9 length=200 success_rate=0.00 collisions/ep=0.00 (n=8)
Evaluation at update 80: return=-183.06, length=200.00, success_rate=0.00, collisions/ep=0.00
Solved-check at update 80: solved=False worst_gap=1203.46 at p_x0=2.00 p_y0=0.50 (consecutive=0)
update=81 global_step=165888 SPS=393 w_ev=0.388 m_ev=0.375 m_v_bias=3.3 m_adv_std=13.7010 m_kl_max=0.0422 m_ratio_max=1.048 return=-185.8 length=200 success_rate=0.00 collisions/ep=0.12 (n=8)
update=82 global_step=167936 SPS=396 w_ev=0.592 m_ev=0.130 m_v_bias=2.6 m_adv_std=29.5945 m_kl_max=0.0029 m_ratio_max=0.359 return=-251.3 length=200 success_rate=0.00 collisions/ep=1.38 (n=8)
update=83 global_step=169984 SPS=399 w_ev=0.636 m_ev=0.348 m_v_bias=1.9 m_adv_std=11.8725 m_kl_max=0.0238 m_ratio_max=0.797 return=-187.1 length=200 success_rate=0.00 collisions/ep=0.12 (n=16)
update=84 global_step=172032 SPS=402 w_ev=0.464 m_ev=0.699 m_v_bias=-0.8 m_adv_std=2.5937 m_kl_max=0.0231 m_ratio_max=0.546 return=-184.2 length=200 success_rate=0.00 collisions/ep=0.00 (n=8)
update=85 global_step=174080 SPS=405 w_ev=0.357 m_ev=0.872 m_v_bias=-0.7 m_adv_std=1.7050 m_kl_max=0.0067 m_ratio_max=0.437 return=-181.7 length=200 success_rate=0.00 collisions/ep=0.00 (n=8)
Evaluation at update 85: return=-186.80, length=200.00, success_rate=0.00, collisions/ep=0.00
Solved-check at update 85: solved=False worst_gap=1207.12 at p_x0=2.00 p_y0=0.50 (consecutive=0)
update=86 global_step=176128 SPS=393 w_ev=0.496 m_ev=0.451 m_v_bias=0.5 m_adv_std=6.2327 m_kl_max=0.0097 m_ratio_max=0.436 return=-188.1 length=200 success_rate=0.00 collisions/ep=0.06 (n=16)
update=87 global_step=178176 SPS=396 w_ev=0.330 m_ev=0.015 m_v_bias=2.1 m_adv_std=30.5670 m_kl_max=0.0103 m_ratio_max=0.489 return=-227.2 length=200 success_rate=0.00 collisions/ep=0.88 (n=8)
update=88 global_step=180224 SPS=399 w_ev=0.499 m_ev=0.205 m_v_bias=-0.5 m_adv_std=4.2589 m_kl_max=0.0327 m_ratio_max=1.593 return=-182.8 length=200 success_rate=0.00 collisions/ep=0.00 (n=8)
update=89 global_step=182272 SPS=402 w_ev=0.540 m_ev=0.622 m_v_bias=0.5 m_adv_std=5.5447 m_kl_max=0.0193 m_ratio_max=0.826 return=-186.9 length=200 success_rate=0.00 collisions/ep=0.00 (n=8)
update=90 global_step=184320 SPS=405 w_ev=0.597 m_ev=0.960 m_v_bias=-0.6 m_adv_std=1.2984 m_kl_max=0.0166 m_ratio_max=0.912 return=-185.3 length=200 success_rate=0.00 collisions/ep=0.06 (n=16)
Evaluation at update 90: return=-185.56, length=200.00, success_rate=0.00, collisions/ep=0.00
Solved-check at update 90: solved=False worst_gap=1205.87 at p_x0=2.00 p_y0=0.50 (consecutive=0)
update=91 global_step=186368 SPS=392 w_ev=0.516 m_ev=0.729 m_v_bias=-0.4 m_adv_std=2.3117 m_kl_max=0.0756 m_ratio_max=0.940 return=-181.4 length=200 success_rate=0.00 collisions/ep=0.00 (n=8)
update=92 global_step=188416 SPS=395 w_ev=0.565 m_ev=0.925 m_v_bias=-1.1 m_adv_std=1.4285 m_kl_max=0.0303 m_ratio_max=0.801 return=-180.5 length=200 success_rate=0.00 collisions/ep=0.00 (n=8)
update=93 global_step=190464 SPS=398 w_ev=0.615 m_ev=0.095 m_v_bias=5.1 m_adv_std=23.9766 m_kl_max=0.0081 m_ratio_max=0.441 return=-192.6 length=200 success_rate=0.00 collisions/ep=0.25 (n=16)
update=94 global_step=192512 SPS=401 w_ev=0.706 m_ev=0.589 m_v_bias=-2.0 m_adv_std=6.4160 m_kl_max=0.0209 m_ratio_max=0.762 return=-186.4 length=200 success_rate=0.00 collisions/ep=0.12 (n=8)
update=95 global_step=194560 SPS=404 w_ev=0.733 m_ev=0.577 m_v_bias=-1.0 m_adv_std=6.3407 m_kl_max=0.0129 m_ratio_max=0.568 return=-188.5 length=200 success_rate=0.00 collisions/ep=0.12 (n=8)
Evaluation at update 95: return=-180.61, length=200.00, success_rate=0.00, collisions/ep=0.00
Solved-check at update 95: solved=False worst_gap=1201.45 at p_x0=2.00 p_y0=0.50 (consecutive=0)
update=96 global_step=196608 SPS=393 w_ev=0.674 m_ev=0.841 m_v_bias=-1.5 m_adv_std=2.4234 m_kl_max=0.0112 m_ratio_max=0.462 return=-176.8 length=200 success_rate=0.00 collisions/ep=0.00 (n=8)
update=97 global_step=198656 SPS=396 w_ev=0.674 m_ev=0.949 m_v_bias=-1.0 m_adv_std=1.3668 m_kl_max=0.0241 m_ratio_max=0.962 return=-181.2 length=200 success_rate=0.00 collisions/ep=0.00 (n=16)
update=98 global_step=200704 SPS=398 w_ev=0.520 m_ev=0.879 m_v_bias=-0.7 m_adv_std=1.5035 m_kl_max=0.0296 m_ratio_max=0.936 return=-183.7 length=200 success_rate=0.00 collisions/ep=0.00 (n=8)
update=99 global_step=202752 SPS=401 w_ev=0.488 m_ev=0.456 m_v_bias=0.6 m_adv_std=5.8078 m_kl_max=0.0081 m_ratio_max=0.400 return=-191.3 length=200 success_rate=0.00 collisions/ep=0.12 (n=8)
update=100 global_step=204800 SPS=403 w_ev=0.519 m_ev=0.152 m_v_bias=0.8 m_adv_std=11.5264 m_kl_max=0.0198 m_ratio_max=0.683 return=-189.2 length=200 success_rate=0.00 collisions/ep=0.12 (n=16)
Evaluation at update 100: return=-178.98, length=200.00, success_rate=0.00, collisions/ep=0.00
Solved-check at update 100: solved=False worst_gap=1200.39 at p_x0=2.00 p_y0=0.50 (consecutive=0)
update=101 global_step=206848 SPS=393 w_ev=0.714 m_ev=0.931 m_v_bias=-1.7 m_adv_std=1.7375 m_kl_max=0.0319 m_ratio_max=2.075 return=-178.0 length=200 success_rate=0.00 collisions/ep=0.00 (n=8)
update=102 global_step=208896 SPS=396 w_ev=0.551 m_ev=0.955 m_v_bias=-0.9 m_adv_std=1.0562 m_kl_max=0.0438 m_ratio_max=1.922 return=-180.6 length=200 success_rate=0.00 collisions/ep=0.00 (n=8)
update=103 global_step=210944 SPS=398 w_ev=0.527 m_ev=0.132 m_v_bias=6.4 m_adv_std=27.8092 m_kl_max=0.0204 m_ratio_max=0.647 return=-216.6 length=200 success_rate=0.00 collisions/ep=0.75 (n=8)
update=104 global_step=212992 SPS=401 w_ev=0.570 m_ev=0.163 m_v_bias=8.8 m_adv_std=47.3567 m_kl_max=0.0283 m_ratio_max=1.071 return=-223.9 length=200 success_rate=0.00 collisions/ep=0.88 (n=16)
update=105 global_step=215040 SPS=403 w_ev=0.573 m_ev=-1.125 m_v_bias=-0.5 m_adv_std=12.8458 m_kl_max=0.0094 m_ratio_max=0.492 return=-177.4 length=200 success_rate=0.00 collisions/ep=0.00 (n=8)
Evaluation at update 105: return=-179.01, length=200.00, success_rate=0.00, collisions/ep=0.00
Solved-check at update 105: solved=False worst_gap=1199.54 at p_x0=2.00 p_y0=0.50 (consecutive=0)
update=106 global_step=217088 SPS=394 w_ev=0.659 m_ev=0.789 m_v_bias=-4.4 m_adv_std=2.7854 m_kl_max=0.0251 m_ratio_max=1.101 return=-178.6 length=200 success_rate=0.00 collisions/ep=0.00 (n=8)
update=107 global_step=219136 SPS=396 w_ev=0.664 m_ev=0.915 m_v_bias=-2.9 m_adv_std=1.7735 m_kl_max=0.0153 m_ratio_max=0.573 return=-177.4 length=200 success_rate=0.00 collisions/ep=0.00 (n=8)
update=108 global_step=221184 SPS=398 w_ev=0.726 m_ev=0.524 m_v_bias=1.2 m_adv_std=8.5073 m_kl_max=0.0285 m_ratio_max=1.510 return=-186.2 length=200 success_rate=0.00 collisions/ep=0.12 (n=16)
update=109 global_step=223232 SPS=401 w_ev=0.626 m_ev=0.473 m_v_bias=0.1 m_adv_std=7.8199 m_kl_max=0.0134 m_ratio_max=0.774 return=-195.2 length=200 success_rate=0.00 collisions/ep=0.25 (n=8)
update=110 global_step=225280 SPS=403 w_ev=0.533 m_ev=0.748 m_v_bias=-2.0 m_adv_std=2.6841 m_kl_max=0.0229 m_ratio_max=1.241 return=-181.8 length=200 success_rate=0.00 collisions/ep=0.00 (n=8)
Evaluation at update 110: return=-179.24, length=200.00, success_rate=0.00, collisions/ep=0.00
Solved-check at update 110: solved=False worst_gap=1199.01 at p_x0=2.00 p_y0=0.00 (consecutive=0)
update=111 global_step=227328 SPS=394 w_ev=0.642 m_ev=0.966 m_v_bias=-1.2 m_adv_std=1.2264 m_kl_max=0.0112 m_ratio_max=0.461 return=-180.1 length=200 success_rate=0.00 collisions/ep=0.00 (n=16)
update=112 global_step=229376 SPS=396 w_ev=0.593 m_ev=0.960 m_v_bias=-0.8 m_adv_std=1.1296 m_kl_max=0.0355 m_ratio_max=1.399 return=-176.6 length=200 success_rate=0.00 collisions/ep=0.00 (n=8)
update=113 global_step=231424 SPS=399 w_ev=0.491 m_ev=0.676 m_v_bias=-0.4 m_adv_std=3.5236 m_kl_max=0.0350 m_ratio_max=0.859 return=-188.0 length=200 success_rate=0.00 collisions/ep=0.12 (n=8)
update=114 global_step=233472 SPS=401 w_ev=0.514 m_ev=0.150 m_v_bias=3.0 m_adv_std=22.9990 m_kl_max=0.0435 m_ratio_max=1.982 return=-204.8 length=200 success_rate=0.00 collisions/ep=0.50 (n=8)
update=115 global_step=235520 SPS=403 w_ev=0.672 m_ev=0.822 m_v_bias=-0.2 m_adv_std=3.8448 m_kl_max=0.0213 m_ratio_max=1.086 return=-177.4 length=200 success_rate=0.00 collisions/ep=0.00 (n=16)
Evaluation at update 115: return=-178.02, length=200.00, success_rate=0.00, collisions/ep=0.00
Solved-check at update 115: solved=False worst_gap=1197.92 at p_x0=2.00 p_y0=0.50 (consecutive=0)
update=116 global_step=237568 SPS=395 w_ev=0.472 m_ev=0.081 m_v_bias=14.9 m_adv_std=61.5281 m_kl_max=0.0331 m_ratio_max=1.254 return=-235.1 length=200 success_rate=0.00 collisions/ep=1.25 (n=8)
update=117 global_step=239616 SPS=397 w_ev=0.512 m_ev=-0.878 m_v_bias=-0.0 m_adv_std=18.8910 m_kl_max=0.0244 m_ratio_max=0.924 return=-183.7 length=200 success_rate=0.00 collisions/ep=0.12 (n=8)
update=118 global_step=241664 SPS=399 w_ev=0.743 m_ev=0.814 m_v_bias=-5.6 m_adv_std=3.7482 m_kl_max=0.0122 m_ratio_max=0.695 return=-184.8 length=200 success_rate=0.00 collisions/ep=0.12 (n=16)
update=119 global_step=243712 SPS=401 w_ev=0.726 m_ev=0.900 m_v_bias=-2.9 m_adv_std=2.5443 m_kl_max=0.0102 m_ratio_max=0.434 return=-176.2 length=200 success_rate=0.00 collisions/ep=0.00 (n=8)
update=120 global_step=245760 SPS=403 w_ev=0.592 m_ev=0.915 m_v_bias=-2.0 m_adv_std=1.3932 m_kl_max=0.0217 m_ratio_max=1.304 return=-178.1 length=200 success_rate=0.00 collisions/ep=0.00 (n=8)
Evaluation at update 120: return=-177.63, length=200.00, success_rate=0.00, collisions/ep=0.00
Solved-check at update 120: solved=False worst_gap=1197.00 at p_x0=2.00 p_y0=0.00 (consecutive=0)
update=121 global_step=247808 SPS=395 w_ev=0.681 m_ev=0.601 m_v_bias=-0.5 m_adv_std=5.6769 m_kl_max=0.0190 m_ratio_max=0.730 return=-187.3 length=200 success_rate=0.00 collisions/ep=0.12 (n=8)
update=122 global_step=249856 SPS=397 w_ev=0.790 m_ev=0.919 m_v_bias=-0.9 m_adv_std=2.1668 m_kl_max=0.0164 m_ratio_max=0.709 return=-176.6 length=200 success_rate=0.00 collisions/ep=0.00 (n=16)
update=123 global_step=251904 SPS=399 w_ev=0.728 m_ev=0.946 m_v_bias=-0.5 m_adv_std=1.3858 m_kl_max=0.0499 m_ratio_max=1.961 return=-177.8 length=200 success_rate=0.00 collisions/ep=0.00 (n=8)
update=124 global_step=253952 SPS=401 w_ev=0.660 m_ev=0.339 m_v_bias=1.9 m_adv_std=8.5141 m_kl_max=0.0344 m_ratio_max=1.198 return=-183.3 length=200 success_rate=0.00 collisions/ep=0.12 (n=8)
update=125 global_step=256000 SPS=403 w_ev=0.621 m_ev=0.098 m_v_bias=6.1 m_adv_std=27.4225 m_kl_max=0.0141 m_ratio_max=0.599 return=-198.7 length=200 success_rate=0.00 collisions/ep=0.38 (n=16)
Evaluation at update 125: return=-179.66, length=200.00, success_rate=0.00, collisions/ep=0.00
Solved-check at update 125: solved=False worst_gap=1199.70 at p_x0=2.00 p_y0=0.00 (consecutive=0)
update=126 global_step=258048 SPS=395 w_ev=0.636 m_ev=0.475 m_v_bias=-2.1 m_adv_std=5.5609 m_kl_max=0.0181 m_ratio_max=0.670 return=-179.3 length=200 success_rate=0.00 collisions/ep=0.00 (n=8)
update=127 global_step=260096 SPS=397 w_ev=0.688 m_ev=0.517 m_v_bias=0.2 m_adv_std=7.9077 m_kl_max=0.0406 m_ratio_max=0.937 return=-193.2 length=200 success_rate=0.00 collisions/ep=0.25 (n=8)
update=128 global_step=262144 SPS=399 w_ev=0.644 m_ev=0.843 m_v_bias=-1.1 m_adv_std=2.4847 m_kl_max=0.0216 m_ratio_max=0.785 return=-177.8 length=200 success_rate=0.00 collisions/ep=0.00 (n=8)
update=129 global_step=264192 SPS=401 w_ev=0.738 m_ev=0.458 m_v_bias=1.0 m_adv_std=7.6811 m_kl_max=0.0381 m_ratio_max=0.870 return=-185.3 length=200 success_rate=0.00 collisions/ep=0.12 (n=16)
update=130 global_step=266240 SPS=403 w_ev=0.529 m_ev=0.912 m_v_bias=-0.3 m_adv_std=1.4781 m_kl_max=0.0304 m_ratio_max=0.621 return=-179.5 length=200 success_rate=0.00 collisions/ep=0.00 (n=8)
Evaluation at update 130: return=-181.06, length=200.00, success_rate=0.00, collisions/ep=0.00
Solved-check at update 130: solved=False worst_gap=1201.54 at p_x0=2.00 p_y0=0.50 (consecutive=0)
update=131 global_step=268288 SPS=396 w_ev=0.608 m_ev=0.944 m_v_bias=-1.1 m_adv_std=1.2774 m_kl_max=0.0277 m_ratio_max=1.726 return=-180.5 length=200 success_rate=0.00 collisions/ep=0.00 (n=8)
update=132 global_step=270336 SPS=397 w_ev=0.361 m_ev=-0.107 m_v_bias=5.8 m_adv_std=29.4348 m_kl_max=0.0206 m_ratio_max=0.691 return=-185.8 length=200 success_rate=0.00 collisions/ep=0.12 (n=8)
update=133 global_step=272384 SPS=399 w_ev=0.577 m_ev=-0.024 m_v_bias=-0.2 m_adv_std=20.7785 m_kl_max=0.0172 m_ratio_max=0.539 return=-218.2 length=200 success_rate=0.00 collisions/ep=0.75 (n=16)
update=134 global_step=274432 SPS=401 w_ev=0.516 m_ev=0.327 m_v_bias=-1.6 m_adv_std=7.1847 m_kl_max=0.0368 m_ratio_max=2.165 return=-186.1 length=200 success_rate=0.00 collisions/ep=0.12 (n=8)
update=135 global_step=276480 SPS=403 w_ev=0.516 m_ev=0.932 m_v_bias=-2.3 m_adv_std=1.5426 m_kl_max=0.0152 m_ratio_max=0.634 return=-179.4 length=200 success_rate=0.00 collisions/ep=0.00 (n=8)
Evaluation at update 135: return=-180.33, length=200.00, success_rate=0.00, collisions/ep=0.00
Solved-check at update 135: solved=False worst_gap=1199.40 at p_x0=2.00 p_y0=1.00 (consecutive=0)
update=136 global_step=278528 SPS=395 w_ev=0.638 m_ev=0.955 m_v_bias=-1.5 m_adv_std=1.2969 m_kl_max=0.0225 m_ratio_max=0.837 return=-180.4 length=200 success_rate=0.00 collisions/ep=0.00 (n=16)
update=137 global_step=280576 SPS=398 w_ev=0.549 m_ev=0.005 m_v_bias=2.6 m_adv_std=14.3503 m_kl_max=0.0271 m_ratio_max=1.084 return=-199.9 length=200 success_rate=0.00 collisions/ep=0.38 (n=8)
update=138 global_step=282624 SPS=399 w_ev=0.638 m_ev=0.284 m_v_bias=0.5 m_adv_std=9.6636 m_kl_max=0.0127 m_ratio_max=0.918 return=-193.8 length=200 success_rate=0.00 collisions/ep=0.25 (n=8)
update=139 global_step=284672 SPS=401 w_ev=0.598 m_ev=0.106 m_v_bias=1.9 m_adv_std=18.6862 m_kl_max=0.0253 m_ratio_max=1.016 return=-181.5 length=200 success_rate=0.00 collisions/ep=0.12 (n=8)
update=140 global_step=286720 SPS=403 w_ev=0.760 m_ev=0.880 m_v_bias=-3.3 m_adv_std=2.6189 m_kl_max=0.0055 m_ratio_max=0.317 return=-187.4 length=200 success_rate=0.00 collisions/ep=0.19 (n=16)
Evaluation at update 140: return=-180.13, length=200.00, success_rate=0.00, collisions/ep=0.00
Solved-check at update 140: solved=False worst_gap=1200.40 at p_x0=2.00 p_y0=0.50 (consecutive=0)
update=141 global_step=288768 SPS=396 w_ev=0.311 m_ev=0.031 m_v_bias=8.2 m_adv_std=53.3782 m_kl_max=0.0124 m_ratio_max=0.477 return=-236.0 length=200 success_rate=0.00 collisions/ep=1.12 (n=8)
update=142 global_step=290816 SPS=398 w_ev=0.503 m_ev=0.289 m_v_bias=-2.7 m_adv_std=8.4552 m_kl_max=0.0147 m_ratio_max=0.839 return=-182.1 length=200 success_rate=0.00 collisions/ep=0.12 (n=8)
update=143 global_step=292864 SPS=400 w_ev=0.638 m_ev=0.875 m_v_bias=-4.3 m_adv_std=2.3034 m_kl_max=0.0142 m_ratio_max=0.696 return=-185.5 length=200 success_rate=0.00 collisions/ep=0.12 (n=16)
update=144 global_step=294912 SPS=402 w_ev=0.667 m_ev=0.919 m_v_bias=-2.6 m_adv_std=1.9593 m_kl_max=0.0258 m_ratio_max=0.838 return=-182.9 length=200 success_rate=0.00 collisions/ep=0.00 (n=8)
update=145 global_step=296960 SPS=404 w_ev=0.643 m_ev=0.955 m_v_bias=-1.5 m_adv_std=1.2022 m_kl_max=0.0318 m_ratio_max=0.862 return=-176.3 length=200 success_rate=0.00 collisions/ep=0.00 (n=8)
Evaluation at update 145: return=-178.98, length=200.00, success_rate=0.00, collisions/ep=0.00
Solved-check at update 145: solved=False worst_gap=1198.55 at p_x0=2.00 p_y0=1.00 (consecutive=0)
update=146 global_step=299008 SPS=397 w_ev=0.733 m_ev=0.508 m_v_bias=-0.1 m_adv_std=6.4604 m_kl_max=0.0122 m_ratio_max=0.652 return=-176.9 length=200 success_rate=0.00 collisions/ep=0.00 (n=8)
update=147 global_step=301056 SPS=399 w_ev=0.778 m_ev=0.721 m_v_bias=-0.9 m_adv_std=4.3093 m_kl_max=0.0079 m_ratio_max=0.605 return=-185.9 length=200 success_rate=0.00 collisions/ep=0.12 (n=16)
update=148 global_step=303104 SPS=400 w_ev=0.724 m_ev=0.275 m_v_bias=1.7 m_adv_std=11.9940 m_kl_max=0.0277 m_ratio_max=0.811 return=-190.6 length=200 success_rate=0.00 collisions/ep=0.25 (n=8)
update=149 global_step=305152 SPS=402 w_ev=0.656 m_ev=0.189 m_v_bias=2.1 m_adv_std=12.4750 m_kl_max=0.0178 m_ratio_max=1.024 return=-184.2 length=200 success_rate=0.00 collisions/ep=0.12 (n=8)
update=150 global_step=307200 SPS=404 w_ev=0.697 m_ev=0.566 m_v_bias=-1.0 m_adv_std=6.1136 m_kl_max=0.0266 m_ratio_max=0.729 return=-188.1 length=200 success_rate=0.00 collisions/ep=0.19 (n=16)
Evaluation at update 150: return=-180.19, length=200.00, success_rate=0.00, collisions/ep=0.00
Solved-check at update 150: solved=False worst_gap=1200.18 at p_x0=2.00 p_y0=0.00 (consecutive=0)
update=151 global_step=309248 SPS=397 w_ev=0.688 m_ev=0.910 m_v_bias=-0.9 m_adv_std=1.7696 m_kl_max=0.0241 m_ratio_max=0.683 return=-181.5 length=200 success_rate=0.00 collisions/ep=0.00 (n=8)
update=152 global_step=311296 SPS=399 w_ev=0.684 m_ev=0.941 m_v_bias=-1.2 m_adv_std=1.3779 m_kl_max=0.0234 m_ratio_max=0.903 return=-181.2 length=200 success_rate=0.00 collisions/ep=0.00 (n=8)
update=153 global_step=313344 SPS=401 w_ev=0.573 m_ev=0.296 m_v_bias=0.2 m_adv_std=6.2076 m_kl_max=0.0347 m_ratio_max=1.011 return=-179.0 length=200 success_rate=0.00 collisions/ep=0.00 (n=8)
update=154 global_step=315392 SPS=402 w_ev=0.718 m_ev=0.939 m_v_bias=-1.4 m_adv_std=1.6776 m_kl_max=0.0191 m_ratio_max=0.606 return=-181.2 length=200 success_rate=0.00 collisions/ep=0.06 (n=16)
update=155 global_step=317440 SPS=404 w_ev=0.640 m_ev=0.971 m_v_bias=-0.9 m_adv_std=0.8944 m_kl_max=0.0187 m_ratio_max=0.613 return=-178.2 length=200 success_rate=0.00 collisions/ep=0.00 (n=8)
Evaluation at update 155: return=-178.17, length=200.00, success_rate=0.00, collisions/ep=0.00
Solved-check at update 155: solved=False worst_gap=1197.90 at p_x0=2.00 p_y0=1.00 (consecutive=0)
update=156 global_step=319488 SPS=397 w_ev=0.593 m_ev=0.189 m_v_bias=2.6 m_adv_std=13.1284 m_kl_max=0.0213 m_ratio_max=0.728 return=-198.7 length=200 success_rate=0.00 collisions/ep=0.38 (n=8)
update=157 global_step=321536 SPS=399 w_ev=0.688 m_ev=0.489 m_v_bias=0.5 m_adv_std=6.7747 m_kl_max=0.0144 m_ratio_max=0.670 return=-177.7 length=200 success_rate=0.00 collisions/ep=0.00 (n=8)
update=158 global_step=323584 SPS=401 w_ev=0.792 m_ev=0.959 m_v_bias=-1.6 m_adv_std=1.4139 m_kl_max=0.0314 m_ratio_max=0.929 return=-180.3 length=200 success_rate=0.00 collisions/ep=0.06 (n=16)
update=159 global_step=325632 SPS=402 w_ev=0.691 m_ev=0.259 m_v_bias=2.1 m_adv_std=12.9990 m_kl_max=0.0115 m_ratio_max=0.554 return=-195.7 length=200 success_rate=0.00 collisions/ep=0.38 (n=8)
update=160 global_step=327680 SPS=404 w_ev=0.539 m_ev=0.438 m_v_bias=0.3 m_adv_std=7.9428 m_kl_max=0.0281 m_ratio_max=0.759 return=-188.4 length=200 success_rate=0.00 collisions/ep=0.25 (n=8)
Evaluation at update 160: return=-177.78, length=200.00, success_rate=0.00, collisions/ep=0.00
Solved-check at update 160: solved=False worst_gap=1199.08 at p_x0=2.00 p_y0=0.50 (consecutive=0)
update=161 global_step=329728 SPS=397 w_ev=0.791 m_ev=0.505 m_v_bias=1.9 m_adv_std=8.6912 m_kl_max=0.0214 m_ratio_max=0.705 return=-185.0 length=200 success_rate=0.00 collisions/ep=0.12 (n=16)
update=162 global_step=331776 SPS=398 w_ev=0.699 m_ev=0.850 m_v_bias=-1.8 m_adv_std=2.4202 m_kl_max=0.0254 m_ratio_max=1.698 return=-177.3 length=200 success_rate=0.00 collisions/ep=0.00 (n=8)
update=163 global_step=333824 SPS=400 w_ev=0.619 m_ev=0.137 m_v_bias=3.4 m_adv_std=23.9382 m_kl_max=0.0216 m_ratio_max=0.693 return=-203.3 length=200 success_rate=0.00 collisions/ep=0.50 (n=8)
update=164 global_step=335872 SPS=402 w_ev=0.681 m_ev=0.746 m_v_bias=-2.0 m_adv_std=3.3160 m_kl_max=0.0201 m_ratio_max=0.759 return=-176.1 length=200 success_rate=0.00 collisions/ep=0.00 (n=8)
update=165 global_step=337920 SPS=403 w_ev=0.776 m_ev=0.966 m_v_bias=-1.2 m_adv_std=1.2220 m_kl_max=0.0522 m_ratio_max=2.357 return=-178.4 length=200 success_rate=0.00 collisions/ep=0.00 (n=16)
Evaluation at update 165: return=-178.44, length=200.00, success_rate=0.00, collisions/ep=0.00
Solved-check at update 165: solved=False worst_gap=1198.04 at p_x0=2.00 p_y0=-0.50 (consecutive=0)
update=166 global_step=339968 SPS=397 w_ev=0.430 m_ev=0.054 m_v_bias=9.3 m_adv_std=44.0617 m_kl_max=0.0250 m_ratio_max=0.914 return=-219.4 length=200 success_rate=0.00 collisions/ep=0.88 (n=8)
update=167 global_step=342016 SPS=399 w_ev=0.499 m_ev=-0.003 m_v_bias=2.0 m_adv_std=24.4656 m_kl_max=0.0213 m_ratio_max=1.028 return=-177.5 length=200 success_rate=0.00 collisions/ep=0.00 (n=8)
update=168 global_step=344064 SPS=400 w_ev=0.621 m_ev=0.727 m_v_bias=-5.7 m_adv_std=3.2906 m_kl_max=0.0091 m_ratio_max=0.457 return=-192.6 length=200 success_rate=0.00 collisions/ep=0.25 (n=16)
update=169 global_step=346112 SPS=402 w_ev=0.743 m_ev=0.919 m_v_bias=-2.6 m_adv_std=2.0469 m_kl_max=0.0295 m_ratio_max=0.980 return=-178.5 length=200 success_rate=0.00 collisions/ep=0.00 (n=8)
update=170 global_step=348160 SPS=403 w_ev=0.647 m_ev=0.959 m_v_bias=-1.7 m_adv_std=1.1009 m_kl_max=0.0092 m_ratio_max=0.474 return=-176.1 length=200 success_rate=0.00 collisions/ep=0.00 (n=8)
Evaluation at update 170: return=-179.80, length=200.00, success_rate=0.00, collisions/ep=0.00
Solved-check at update 170: solved=False worst_gap=1198.48 at p_x0=2.00 p_y0=-0.50 (consecutive=0)
update=171 global_step=350208 SPS=397 w_ev=0.585 m_ev=0.116 m_v_bias=1.7 m_adv_std=17.5017 m_kl_max=0.0469 m_ratio_max=1.327 return=-179.7 length=200 success_rate=0.00 collisions/ep=0.00 (n=8)
update=172 global_step=352256 SPS=399 w_ev=0.711 m_ev=0.271 m_v_bias=0.7 m_adv_std=11.8782 m_kl_max=0.0172 m_ratio_max=0.842 return=-195.6 length=200 success_rate=0.00 collisions/ep=0.31 (n=16)
update=173 global_step=354304 SPS=400 w_ev=0.612 m_ev=0.943 m_v_bias=-1.5 m_adv_std=1.2226 m_kl_max=0.1473 m_ratio_max=8.643 return=-177.0 length=200 success_rate=0.00 collisions/ep=0.00 (n=8)
update=174 global_step=356352 SPS=402 w_ev=0.637 m_ev=0.449 m_v_bias=-0.4 m_adv_std=6.3295 m_kl_max=0.0188 m_ratio_max=0.741 return=-185.5 length=200 success_rate=0.00 collisions/ep=0.12 (n=8)
update=175 global_step=358400 SPS=403 w_ev=0.689 m_ev=0.936 m_v_bias=-1.4 m_adv_std=1.5879 m_kl_max=0.0125 m_ratio_max=0.410 return=-177.6 length=200 success_rate=0.00 collisions/ep=0.00 (n=16)
Evaluation at update 175: return=-180.24, length=200.00, success_rate=0.00, collisions/ep=0.00
Solved-check at update 175: solved=False worst_gap=1199.68 at p_x0=2.00 p_y0=1.00 (consecutive=0)
update=176 global_step=360448 SPS=397 w_ev=0.817 m_ev=0.981 m_v_bias=-1.0 m_adv_std=0.9940 m_kl_max=0.0206 m_ratio_max=0.692 return=-179.5 length=200 success_rate=0.00 collisions/ep=0.00 (n=8)
update=177 global_step=362496 SPS=399 w_ev=0.781 m_ev=0.487 m_v_bias=0.1 m_adv_std=5.5488 m_kl_max=0.0150 m_ratio_max=0.619 return=-176.9 length=200 success_rate=0.00 collisions/ep=0.00 (n=8)
update=178 global_step=364544 SPS=400 w_ev=0.661 m_ev=0.491 m_v_bias=-0.2 m_adv_std=6.0715 m_kl_max=0.0060 m_ratio_max=0.454 return=-189.5 length=200 success_rate=0.00 collisions/ep=0.25 (n=8)
update=179 global_step=366592 SPS=402 w_ev=0.640 m_ev=0.074 m_v_bias=12.8 m_adv_std=47.0085 m_kl_max=0.0189 m_ratio_max=1.102 return=-204.4 length=200 success_rate=0.00 collisions/ep=0.56 (n=16)
update=180 global_step=368640 SPS=403 w_ev=0.655 m_ev=0.400 m_v_bias=-0.1 m_adv_std=9.0727 m_kl_max=0.0271 m_ratio_max=0.791 return=-180.6 length=200 success_rate=0.00 collisions/ep=0.12 (n=8)
Evaluation at update 180: return=-179.40, length=200.00, success_rate=0.00, collisions/ep=0.00
Solved-check at update 180: solved=False worst_gap=1198.98 at p_x0=2.00 p_y0=1.00 (consecutive=0)
update=181 global_step=370688 SPS=397 w_ev=0.708 m_ev=0.415 m_v_bias=-2.7 m_adv_std=7.7734 m_kl_max=0.0270 m_ratio_max=1.064 return=-178.6 length=200 success_rate=0.00 collisions/ep=0.00 (n=8)
update=182 global_step=372736 SPS=399 w_ev=0.720 m_ev=0.424 m_v_bias=-1.9 m_adv_std=7.6292 m_kl_max=0.0171 m_ratio_max=1.270 return=-191.5 length=200 success_rate=0.00 collisions/ep=0.25 (n=8)
update=183 global_step=374784 SPS=400 w_ev=0.860 m_ev=0.956 m_v_bias=-3.3 m_adv_std=1.7055 m_kl_max=0.0138 m_ratio_max=0.603 return=-180.9 length=200 success_rate=0.00 collisions/ep=0.06 (n=16)
update=184 global_step=376832 SPS=401 w_ev=0.749 m_ev=0.963 m_v_bias=-1.7 m_adv_std=1.0913 m_kl_max=0.0482 m_ratio_max=1.054 return=-172.5 length=200 success_rate=0.00 collisions/ep=0.00 (n=8)
update=185 global_step=378880 SPS=403 w_ev=0.636 m_ev=0.109 m_v_bias=6.8 m_adv_std=19.1024 m_kl_max=0.0102 m_ratio_max=0.667 return=-183.7 length=200 success_rate=0.00 collisions/ep=0.12 (n=8)
Evaluation at update 185: return=-179.11, length=200.00, success_rate=0.00, collisions/ep=0.00
Solved-check at update 185: solved=False worst_gap=1198.78 at p_x0=2.00 p_y0=1.00 (consecutive=0)
update=186 global_step=380928 SPS=397 w_ev=0.770 m_ev=0.291 m_v_bias=2.1 m_adv_std=14.3279 m_kl_max=0.0173 m_ratio_max=0.601 return=-204.1 length=200 success_rate=0.00 collisions/ep=0.56 (n=16)
update=187 global_step=382976 SPS=399 w_ev=0.714 m_ev=0.809 m_v_bias=-3.2 m_adv_std=2.9327 m_kl_max=0.0113 m_ratio_max=0.801 return=-180.2 length=200 success_rate=0.00 collisions/ep=0.00 (n=8)
update=188 global_step=385024 SPS=400 w_ev=0.735 m_ev=0.389 m_v_bias=-1.0 m_adv_std=7.6388 m_kl_max=0.0125 m_ratio_max=0.532 return=-183.9 length=200 success_rate=0.00 collisions/ep=0.12 (n=8)
update=189 global_step=387072 SPS=402 w_ev=0.751 m_ev=0.968 m_v_bias=-2.0 m_adv_std=1.1851 m_kl_max=0.0210 m_ratio_max=0.610 return=-184.1 length=200 success_rate=0.00 collisions/ep=0.12 (n=8)
update=190 global_step=389120 SPS=403 w_ev=0.805 m_ev=0.565 m_v_bias=0.6 m_adv_std=7.3565 m_kl_max=0.0153 m_ratio_max=0.549 return=-181.6 length=200 success_rate=0.00 collisions/ep=0.12 (n=16)
Evaluation at update 190: return=-179.26, length=200.00, success_rate=0.00, collisions/ep=0.00
Solved-check at update 190: solved=False worst_gap=1197.24 at p_x0=2.00 p_y0=0.00 (consecutive=0)
update=191 global_step=391168 SPS=397 w_ev=0.636 m_ev=0.814 m_v_bias=-1.4 m_adv_std=2.3834 m_kl_max=0.0156 m_ratio_max=0.696 return=-178.2 length=200 success_rate=0.00 collisions/ep=0.00 (n=8)
update=192 global_step=393216 SPS=398 w_ev=0.599 m_ev=0.448 m_v_bias=0.5 m_adv_std=6.3213 m_kl_max=0.0147 m_ratio_max=0.945 return=-185.2 length=200 success_rate=0.00 collisions/ep=0.12 (n=8)
update=193 global_step=395264 SPS=400 w_ev=0.768 m_ev=0.962 m_v_bias=-1.4 m_adv_std=1.1391 m_kl_max=0.0197 m_ratio_max=1.028 return=-177.8 length=200 success_rate=0.00 collisions/ep=0.00 (n=16)
update=194 global_step=397312 SPS=401 w_ev=0.750 m_ev=0.345 m_v_bias=2.3 m_adv_std=12.0228 m_kl_max=0.0190 m_ratio_max=0.677 return=-191.5 length=200 success_rate=0.00 collisions/ep=0.25 (n=8)
update=195 global_step=399360 SPS=402 w_ev=0.653 m_ev=0.060 m_v_bias=3.5 m_adv_std=18.7982 m_kl_max=0.0099 m_ratio_max=0.517 return=-183.5 length=200 success_rate=0.00 collisions/ep=0.12 (n=8)
Evaluation at update 195: return=-179.48, length=200.00, success_rate=0.00, collisions/ep=0.00
Solved-check at update 195: solved=False worst_gap=1199.11 at p_x0=2.00 p_y0=1.00 (consecutive=0)
update=196 global_step=401408 SPS=397 w_ev=0.667 m_ev=0.467 m_v_bias=-1.3 m_adv_std=5.8886 m_kl_max=0.0286 m_ratio_max=1.138 return=-196.4 length=200 success_rate=0.00 collisions/ep=0.38 (n=8)
update=197 global_step=403456 SPS=398 w_ev=0.802 m_ev=0.966 m_v_bias=-2.2 m_adv_std=1.3788 m_kl_max=0.0276 m_ratio_max=0.759 return=-179.1 length=200 success_rate=0.00 collisions/ep=0.06 (n=16)
update=198 global_step=405504 SPS=399 w_ev=0.763 m_ev=0.979 m_v_bias=-1.4 m_adv_std=0.9401 m_kl_max=0.0153 m_ratio_max=1.444 return=-178.6 length=200 success_rate=0.00 collisions/ep=0.00 (n=8)
update=199 global_step=407552 SPS=401 w_ev=0.677 m_ev=0.500 m_v_bias=0.0 m_adv_std=5.9205 m_kl_max=0.0205 m_ratio_max=1.167 return=-179.8 length=200 success_rate=0.00 collisions/ep=0.12 (n=8)
update=200 global_step=409600 SPS=402 w_ev=0.754 m_ev=0.954 m_v_bias=-0.5 m_adv_std=1.3409 m_kl_max=0.0302 m_ratio_max=0.875 return=-178.6 length=200 success_rate=0.00 collisions/ep=0.00 (n=16)
Evaluation at update 200: return=-179.07, length=200.00, success_rate=0.00, collisions/ep=0.00
Solved-check at update 200: solved=False worst_gap=1198.85 at p_x0=2.00 p_y0=1.00 (consecutive=0)
update=201 global_step=411648 SPS=397 w_ev=0.351 m_ev=0.040 m_v_bias=29.5 m_adv_std=89.6714 m_kl_max=0.0189 m_ratio_max=0.758 return=-310.7 length=200 success_rate=0.00 collisions/ep=2.62 (n=8)
update=202 global_step=413696 SPS=398 w_ev=0.623 m_ev=-0.594 m_v_bias=-8.7 m_adv_std=17.2836 m_kl_max=0.0261 m_ratio_max=1.167 return=-184.7 length=200 success_rate=0.00 collisions/ep=0.12 (n=8)
update=203 global_step=415744 SPS=399 w_ev=0.800 m_ev=0.539 m_v_bias=-10.0 m_adv_std=5.9762 m_kl_max=0.0242 m_ratio_max=0.627 return=-171.4 length=200 success_rate=0.00 collisions/ep=0.00 (n=8)
update=204 global_step=417792 SPS=401 w_ev=0.812 m_ev=0.581 m_v_bias=-4.2 m_adv_std=7.6117 m_kl_max=0.0198 m_ratio_max=0.602 return=-178.8 length=200 success_rate=0.00 collisions/ep=0.06 (n=16)
update=205 global_step=419840 SPS=402 w_ev=0.733 m_ev=0.894 m_v_bias=-3.8 m_adv_std=2.0671 m_kl_max=0.0096 m_ratio_max=0.629 return=-178.0 length=200 success_rate=0.00 collisions/ep=0.00 (n=8)
Evaluation at update 205: return=-179.37, length=200.00, success_rate=0.00, collisions/ep=0.00
Solved-check at update 205: solved=False worst_gap=1199.38 at p_x0=2.00 p_y0=-0.50 (consecutive=0)
update=206 global_step=421888 SPS=397 w_ev=0.643 m_ev=0.370 m_v_bias=0.3 m_adv_std=8.6998 m_kl_max=0.0324 m_ratio_max=2.022 return=-184.4 length=200 success_rate=0.00 collisions/ep=0.12 (n=8)
update=207 global_step=423936 SPS=398 w_ev=0.705 m_ev=0.852 m_v_bias=-1.9 m_adv_std=2.7144 m_kl_max=0.0142 m_ratio_max=0.662 return=-187.2 length=200 success_rate=0.00 collisions/ep=0.12 (n=8)
update=208 global_step=425984 SPS=399 w_ev=0.797 m_ev=0.638 m_v_bias=0.3 m_adv_std=6.4460 m_kl_max=0.0621 m_ratio_max=2.176 return=-177.5 length=200 success_rate=0.00 collisions/ep=0.06 (n=16)
update=209 global_step=428032 SPS=401 w_ev=0.726 m_ev=0.887 m_v_bias=-1.4 m_adv_std=1.9523 m_kl_max=0.0235 m_ratio_max=0.826 return=-179.0 length=200 success_rate=0.00 collisions/ep=0.00 (n=8)
update=210 global_step=430080 SPS=402 w_ev=0.662 m_ev=0.962 m_v_bias=-0.8 m_adv_std=1.0780 m_kl_max=0.0325 m_ratio_max=0.717 return=-179.0 length=200 success_rate=0.00 collisions/ep=0.00 (n=8)
Evaluation at update 210: return=-180.70, length=200.00, success_rate=0.00, collisions/ep=0.00
Solved-check at update 210: solved=False worst_gap=1200.35 at p_x0=2.00 p_y0=-0.50 (consecutive=0)
update=211 global_step=432128 SPS=397 w_ev=0.787 m_ev=0.986 m_v_bias=-0.5 m_adv_std=0.7665 m_kl_max=0.0221 m_ratio_max=0.996 return=-178.2 length=200 success_rate=0.00 collisions/ep=0.00 (n=16)
update=212 global_step=434176 SPS=398 w_ev=0.694 m_ev=0.427 m_v_bias=0.5 m_adv_std=6.3383 m_kl_max=0.0066 m_ratio_max=0.374 return=-177.4 length=200 success_rate=0.00 collisions/ep=0.00 (n=8)
update=213 global_step=436224 SPS=399 w_ev=0.637 m_ev=0.960 m_v_bias=-1.0 m_adv_std=1.0919 m_kl_max=0.0526 m_ratio_max=1.042 return=-186.3 length=200 success_rate=0.00 collisions/ep=0.12 (n=8)
update=214 global_step=438272 SPS=401 w_ev=0.695 m_ev=0.984 m_v_bias=-0.5 m_adv_std=0.6585 m_kl_max=0.0796 m_ratio_max=2.177 return=-179.1 length=200 success_rate=0.00 collisions/ep=0.00 (n=8)
update=215 global_step=440320 SPS=402 w_ev=0.681 m_ev=0.099 m_v_bias=4.2 m_adv_std=23.7557 m_kl_max=0.0342 m_ratio_max=1.830 return=-191.6 length=200 success_rate=0.00 collisions/ep=0.25 (n=16)
Evaluation at update 215: return=-179.41, length=200.00, success_rate=0.00, collisions/ep=0.00
Solved-check at update 215: solved=False worst_gap=1199.71 at p_x0=2.00 p_y0=-0.50 (consecutive=0)
update=216 global_step=442368 SPS=397 w_ev=0.689 m_ev=0.107 m_v_bias=1.9 m_adv_std=18.0759 m_kl_max=0.0145 m_ratio_max=0.753 return=-194.4 length=200 success_rate=0.00 collisions/ep=0.38 (n=8)
update=217 global_step=444416 SPS=399 w_ev=0.741 m_ev=0.505 m_v_bias=-0.8 m_adv_std=6.5398 m_kl_max=0.0243 m_ratio_max=1.397 return=-182.9 length=200 success_rate=0.00 collisions/ep=0.12 (n=8)
update=218 global_step=446464 SPS=400 w_ev=0.819 m_ev=0.202 m_v_bias=-0.1 m_adv_std=14.0499 m_kl_max=0.0195 m_ratio_max=0.818 return=-187.3 length=200 success_rate=0.00 collisions/ep=0.25 (n=16)
update=219 global_step=448512 SPS=401 w_ev=0.801 m_ev=0.901 m_v_bias=-2.2 m_adv_std=2.5284 m_kl_max=0.0148 m_ratio_max=0.594 return=-173.1 length=200 success_rate=0.00 collisions/ep=0.00 (n=8)
update=220 global_step=450560 SPS=402 w_ev=0.738 m_ev=0.959 m_v_bias=-1.3 m_adv_std=1.1976 m_kl_max=0.0372 m_ratio_max=0.767 return=-179.2 length=200 success_rate=0.00 collisions/ep=0.00 (n=8)
Evaluation at update 220: return=-178.67, length=200.00, success_rate=0.00, collisions/ep=0.00
Solved-check at update 220: solved=False worst_gap=1198.29 at p_x0=2.00 p_y0=-0.50 (consecutive=0)
update=221 global_step=452608 SPS=397 w_ev=0.779 m_ev=0.985 m_v_bias=-0.9 m_adv_std=0.7906 m_kl_max=0.0331 m_ratio_max=1.578 return=-176.4 length=200 success_rate=0.00 collisions/ep=0.00 (n=8)
update=222 global_step=454656 SPS=398 w_ev=0.841 m_ev=0.992 m_v_bias=-0.6 m_adv_std=0.6689 m_kl_max=0.0204 m_ratio_max=0.727 return=-175.5 length=200 success_rate=0.00 collisions/ep=0.00 (n=16)
update=223 global_step=456704 SPS=400 w_ev=0.652 m_ev=0.132 m_v_bias=6.3 m_adv_std=20.5705 m_kl_max=0.0118 m_ratio_max=0.652 return=-196.1 length=200 success_rate=0.00 collisions/ep=0.38 (n=8)
update=224 global_step=458752 SPS=401 w_ev=0.730 m_ev=0.539 m_v_bias=-1.8 m_adv_std=5.2501 m_kl_max=0.0165 m_ratio_max=1.110 return=-194.8 length=200 success_rate=0.00 collisions/ep=0.38 (n=8)
update=225 global_step=460800 SPS=402 w_ev=0.683 m_ev=0.390 m_v_bias=0.5 m_adv_std=9.1515 m_kl_max=0.0088 m_ratio_max=0.507 return=-182.2 length=200 success_rate=0.00 collisions/ep=0.12 (n=16)
Evaluation at update 225: return=-177.19, length=200.00, success_rate=0.00, collisions/ep=0.00
Solved-check at update 225: solved=False worst_gap=1197.42 at p_x0=2.00 p_y0=-0.50 (consecutive=0)
update=226 global_step=462848 SPS=397 w_ev=0.846 m_ev=0.652 m_v_bias=-0.7 m_adv_std=6.5164 m_kl_max=0.0117 m_ratio_max=0.490 return=-180.7 length=200 success_rate=0.00 collisions/ep=0.12 (n=8)
update=227 global_step=464896 SPS=398 w_ev=0.622 m_ev=0.124 m_v_bias=6.6 m_adv_std=27.2151 m_kl_max=0.0144 m_ratio_max=1.017 return=-224.1 length=200 success_rate=0.00 collisions/ep=1.00 (n=8)
update=228 global_step=466944 SPS=400 w_ev=0.726 m_ev=-0.165 m_v_bias=-4.7 m_adv_std=7.4096 m_kl_max=0.0106 m_ratio_max=0.476 return=-175.9 length=200 success_rate=0.00 collisions/ep=0.00 (n=8)
update=229 global_step=468992 SPS=401 w_ev=0.780 m_ev=0.210 m_v_bias=2.5 m_adv_std=16.8601 m_kl_max=0.0152 m_ratio_max=0.489 return=-188.1 length=200 success_rate=0.00 collisions/ep=0.25 (n=16)
update=230 global_step=471040 SPS=402 w_ev=0.664 m_ev=0.114 m_v_bias=4.3 m_adv_std=25.0227 m_kl_max=0.0150 m_ratio_max=0.732 return=-210.4 length=200 success_rate=0.00 collisions/ep=0.62 (n=8)
Evaluation at update 230: return=-178.31, length=200.00, success_rate=0.00, collisions/ep=0.00
Solved-check at update 230: solved=False worst_gap=1198.36 at p_x0=2.00 p_y0=0.50 (consecutive=0)
update=231 global_step=473088 SPS=398 w_ev=0.751 m_ev=0.825 m_v_bias=-4.3 m_adv_std=2.9744 m_kl_max=0.0193 m_ratio_max=0.629 return=-181.6 length=200 success_rate=0.00 collisions/ep=0.12 (n=8)
update=232 global_step=475136 SPS=399 w_ev=0.641 m_ev=0.219 m_v_bias=-0.5 m_adv_std=11.7965 m_kl_max=0.0201 m_ratio_max=0.729 return=-173.7 length=200 success_rate=0.00 collisions/ep=0.00 (n=8)
update=233 global_step=477184 SPS=400 w_ev=0.831 m_ev=0.880 m_v_bias=-2.4 m_adv_std=2.7801 m_kl_max=0.0195 m_ratio_max=0.817 return=-181.7 length=200 success_rate=0.00 collisions/ep=0.12 (n=16)
update=234 global_step=479232 SPS=401 w_ev=0.786 m_ev=0.865 m_v_bias=-1.6 m_adv_std=2.7037 m_kl_max=0.0270 m_ratio_max=1.799 return=-186.4 length=200 success_rate=0.00 collisions/ep=0.12 (n=8)
update=235 global_step=481280 SPS=402 w_ev=0.792 m_ev=0.667 m_v_bias=-0.9 m_adv_std=4.8069 m_kl_max=0.0157 m_ratio_max=0.630 return=-180.7 length=200 success_rate=0.00 collisions/ep=0.12 (n=8)
Evaluation at update 235: return=-178.19, length=200.00, success_rate=0.00, collisions/ep=0.00
Solved-check at update 235: solved=False worst_gap=1198.16 at p_x0=2.00 p_y0=1.00 (consecutive=0)
update=236 global_step=483328 SPS=398 w_ev=0.865 m_ev=0.937 m_v_bias=-1.1 m_adv_std=1.8054 m_kl_max=0.0111 m_ratio_max=0.467 return=-177.2 length=200 success_rate=0.00 collisions/ep=0.00 (n=16)
update=237 global_step=485376 SPS=399 w_ev=0.731 m_ev=0.278 m_v_bias=2.1 m_adv_std=12.0282 m_kl_max=0.0050 m_ratio_max=0.291 return=-185.8 length=200 success_rate=0.00 collisions/ep=0.25 (n=8)
update=238 global_step=487424 SPS=400 w_ev=0.770 m_ev=0.361 m_v_bias=2.3 m_adv_std=10.0431 m_kl_max=0.0327 m_ratio_max=1.415 return=-187.4 length=200 success_rate=0.00 collisions/ep=0.25 (n=8)
update=239 global_step=489472 SPS=401 w_ev=0.651 m_ev=0.799 m_v_bias=-2.5 m_adv_std=2.3865 m_kl_max=0.0156 m_ratio_max=0.495 return=-182.7 length=200 success_rate=0.00 collisions/ep=0.12 (n=8)
update=240 global_step=491520 SPS=402 w_ev=0.849 m_ev=0.965 m_v_bias=-1.3 m_adv_std=1.4254 m_kl_max=0.0165 m_ratio_max=0.603 return=-178.1 length=200 success_rate=0.00 collisions/ep=0.00 (n=16)
Evaluation at update 240: return=-177.40, length=200.00, success_rate=0.00, collisions/ep=0.00
Solved-check at update 240: solved=False worst_gap=1197.37 at p_x0=2.00 p_y0=0.50 (consecutive=0)
update=241 global_step=493568 SPS=398 w_ev=0.612 m_ev=0.188 m_v_bias=3.7 m_adv_std=14.4578 m_kl_max=0.0278 m_ratio_max=0.752 return=-188.6 length=200 success_rate=0.00 collisions/ep=0.25 (n=8)
update=242 global_step=495616 SPS=399 w_ev=0.790 m_ev=0.511 m_v_bias=-0.4 m_adv_std=7.3126 m_kl_max=0.0172 m_ratio_max=0.685 return=-195.2 length=200 success_rate=0.00 collisions/ep=0.38 (n=8)
update=243 global_step=497664 SPS=400 w_ev=0.534 m_ev=0.025 m_v_bias=10.0 m_adv_std=47.9537 m_kl_max=0.0423 m_ratio_max=0.948 return=-207.8 length=200 success_rate=0.00 collisions/ep=0.62 (n=16)
update=244 global_step=499712 SPS=401 w_ev=0.744 m_ev=0.457 m_v_bias=-5.2 m_adv_std=6.0481 m_kl_max=0.0052 m_ratio_max=0.636 return=-178.2 length=200 success_rate=0.00 collisions/ep=0.00 (n=8)
update=245 global_step=501760 SPS=402 w_ev=0.713 m_ev=0.864 m_v_bias=-3.5 m_adv_std=2.1272 m_kl_max=0.0192 m_ratio_max=0.654 return=-177.8 length=200 success_rate=0.00 collisions/ep=0.00 (n=8)
Evaluation at update 245: return=-177.50, length=200.00, success_rate=0.00, collisions/ep=0.00
Solved-check at update 245: solved=False worst_gap=1198.20 at p_x0=2.00 p_y0=-0.50 (consecutive=0)
update=246 global_step=503808 SPS=398 w_ev=0.681 m_ev=0.931 m_v_bias=-2.1 m_adv_std=1.3095 m_kl_max=0.0155 m_ratio_max=0.773 return=-178.1 length=200 success_rate=0.00 collisions/ep=0.00 (n=8)
update=247 global_step=505856 SPS=399 w_ev=0.858 m_ev=0.229 m_v_bias=2.1 m_adv_std=12.9850 m_kl_max=0.0246 m_ratio_max=1.245 return=-187.1 length=200 success_rate=0.00 collisions/ep=0.19 (n=16)
update=248 global_step=507904 SPS=400 w_ev=0.797 m_ev=0.270 m_v_bias=0.6 m_adv_std=11.9481 m_kl_max=0.0188 m_ratio_max=0.580 return=-187.2 length=200 success_rate=0.00 collisions/ep=0.25 (n=8)
update=249 global_step=509952 SPS=401 w_ev=0.562 m_ev=0.069 m_v_bias=11.7 m_adv_std=44.3817 m_kl_max=0.0286 m_ratio_max=1.368 return=-248.2 length=200 success_rate=0.00 collisions/ep=1.50 (n=8)
update=250 global_step=512000 SPS=402 w_ev=0.658 m_ev=0.069 m_v_bias=0.8 m_adv_std=24.4578 m_kl_max=0.0162 m_ratio_max=0.697 return=-199.3 length=200 success_rate=0.00 collisions/ep=0.44 (n=16)
Evaluation at update 250: return=-178.48, length=200.00, success_rate=0.00, collisions/ep=0.00
Solved-check at update 250: solved=False worst_gap=1198.87 at p_x0=2.00 p_y0=-0.50 (consecutive=0)
update=251 global_step=514048 SPS=398 w_ev=0.871 m_ev=0.356 m_v_bias=-3.1 m_adv_std=6.5412 m_kl_max=0.0115 m_ratio_max=0.533 return=-177.8 length=200 success_rate=0.00 collisions/ep=0.00 (n=8)
update=252 global_step=516096 SPS=399 w_ev=0.754 m_ev=0.785 m_v_bias=-3.0 m_adv_std=2.5069 m_kl_max=0.0274 m_ratio_max=0.660 return=-178.1 length=200 success_rate=0.00 collisions/ep=0.00 (n=8)
update=253 global_step=518144 SPS=400 w_ev=0.749 m_ev=0.916 m_v_bias=-1.8 m_adv_std=1.7629 m_kl_max=0.0197 m_ratio_max=0.657 return=-181.5 length=200 success_rate=0.00 collisions/ep=0.00 (n=8)
update=254 global_step=520192 SPS=401 w_ev=0.791 m_ev=0.198 m_v_bias=2.2 m_adv_std=15.5465 m_kl_max=0.0160 m_ratio_max=0.894 return=-187.0 length=200 success_rate=0.00 collisions/ep=0.19 (n=16)
update=255 global_step=522240 SPS=402 w_ev=0.482 m_ev=0.012 m_v_bias=9.0 m_adv_std=47.1229 m_kl_max=0.0282 m_ratio_max=0.714 return=-191.3 length=200 success_rate=0.00 collisions/ep=0.25 (n=8)
Evaluation at update 255: return=-177.88, length=200.00, success_rate=0.00, collisions/ep=0.00
Solved-check at update 255: solved=False worst_gap=1198.67 at p_x0=2.00 p_y0=-0.50 (consecutive=0)
update=256 global_step=524288 SPS=398 w_ev=0.411 m_ev=0.632 m_v_bias=-4.6 m_adv_std=4.1534 m_kl_max=0.0104 m_ratio_max=0.517 return=-233.9 length=200 success_rate=0.00 collisions/ep=1.00 (n=8)
update=257 global_step=526336 SPS=399 w_ev=0.778 m_ev=0.858 m_v_bias=-3.7 m_adv_std=2.3795 m_kl_max=0.0272 m_ratio_max=0.900 return=-177.4 length=200 success_rate=0.00 collisions/ep=0.00 (n=8)
update=258 global_step=528384 SPS=400 w_ev=0.862 m_ev=0.961 m_v_bias=-1.5 m_adv_std=1.4146 m_kl_max=0.0330 m_ratio_max=1.057 return=-178.3 length=200 success_rate=0.00 collisions/ep=0.00 (n=16)
update=259 global_step=530432 SPS=401 w_ev=0.833 m_ev=0.562 m_v_bias=-0.3 m_adv_std=5.7634 m_kl_max=0.0227 m_ratio_max=0.901 return=-184.2 length=200 success_rate=0.00 collisions/ep=0.12 (n=8)
update=260 global_step=532480 SPS=402 w_ev=0.834 m_ev=0.622 m_v_bias=0.4 m_adv_std=5.8945 m_kl_max=0.0127 m_ratio_max=0.532 return=-181.2 length=200 success_rate=0.00 collisions/ep=0.12 (n=8)
Evaluation at update 260: return=-177.76, length=200.00, success_rate=0.00, collisions/ep=0.00
Solved-check at update 260: solved=False worst_gap=1198.51 at p_x0=2.00 p_y0=-0.50 (consecutive=0)
update=261 global_step=534528 SPS=398 w_ev=0.827 m_ev=0.196 m_v_bias=3.3 m_adv_std=19.1833 m_kl_max=0.0092 m_ratio_max=0.579 return=-184.3 length=200 success_rate=0.00 collisions/ep=0.19 (n=16)
update=262 global_step=536576 SPS=399 w_ev=0.852 m_ev=0.780 m_v_bias=-1.2 m_adv_std=3.6516 m_kl_max=0.0071 m_ratio_max=0.569 return=-172.1 length=200 success_rate=0.00 collisions/ep=0.00 (n=8)
update=263 global_step=538624 SPS=400 w_ev=0.754 m_ev=0.179 m_v_bias=2.4 m_adv_std=14.0288 m_kl_max=0.0172 m_ratio_max=0.768 return=-182.4 length=200 success_rate=0.00 collisions/ep=0.12 (n=8)
update=264 global_step=540672 SPS=401 w_ev=0.803 m_ev=0.840 m_v_bias=-2.9 m_adv_std=2.2571 m_kl_max=0.0321 m_ratio_max=1.122 return=-190.4 length=200 success_rate=0.00 collisions/ep=0.25 (n=8)
update=265 global_step=542720 SPS=402 w_ev=0.897 m_ev=0.968 m_v_bias=-1.5 m_adv_std=1.4425 m_kl_max=0.0132 m_ratio_max=0.699 return=-178.8 length=200 success_rate=0.00 collisions/ep=0.00 (n=16)
Evaluation at update 265: return=-177.35, length=200.00, success_rate=0.00, collisions/ep=0.00
Solved-check at update 265: solved=False worst_gap=1198.12 at p_x0=2.00 p_y0=-0.50 (consecutive=0)
update=266 global_step=544768 SPS=398 w_ev=0.787 m_ev=0.976 m_v_bias=-1.1 m_adv_std=0.8338 m_kl_max=0.0444 m_ratio_max=1.037 return=-173.9 length=200 success_rate=0.00 collisions/ep=0.00 (n=8)
update=267 global_step=546816 SPS=399 w_ev=0.793 m_ev=0.988 m_v_bias=-0.6 m_adv_std=0.5655 m_kl_max=0.0569 m_ratio_max=1.312 return=-179.3 length=200 success_rate=0.00 collisions/ep=0.00 (n=8)
update=268 global_step=548864 SPS=400 w_ev=0.748 m_ev=0.102 m_v_bias=8.0 m_adv_std=27.6052 m_kl_max=0.0314 m_ratio_max=0.766 return=-194.3 length=200 success_rate=0.00 collisions/ep=0.38 (n=16)
update=269 global_step=550912 SPS=401 w_ev=0.822 m_ev=0.511 m_v_bias=1.5 m_adv_std=8.7535 m_kl_max=0.0153 m_ratio_max=0.690 return=-189.2 length=200 success_rate=0.00 collisions/ep=0.25 (n=8)
update=270 global_step=552960 SPS=402 w_ev=0.780 m_ev=0.149 m_v_bias=4.8 m_adv_std=21.1511 m_kl_max=0.0116 m_ratio_max=0.830 return=-207.1 length=200 success_rate=0.00 collisions/ep=0.62 (n=8)
Evaluation at update 270: return=-177.08, length=200.00, success_rate=0.00, collisions/ep=0.00
Solved-check at update 270: solved=False worst_gap=1196.43 at p_x0=2.00 p_y0=0.00 (consecutive=0)
update=271 global_step=555008 SPS=398 w_ev=0.851 m_ev=0.784 m_v_bias=-4.8 m_adv_std=3.5794 m_kl_max=0.0147 m_ratio_max=0.736 return=-179.4 length=200 success_rate=0.00 collisions/ep=0.12 (n=8)
update=272 global_step=557056 SPS=399 w_ev=0.879 m_ev=0.683 m_v_bias=-2.1 m_adv_std=5.3173 m_kl_max=0.0207 m_ratio_max=0.771 return=-179.7 length=200 success_rate=0.00 collisions/ep=0.06 (n=16)
update=273 global_step=559104 SPS=400 w_ev=0.774 m_ev=0.266 m_v_bias=1.1 m_adv_std=12.3717 m_kl_max=0.0332 m_ratio_max=0.906 return=-188.4 length=200 success_rate=0.00 collisions/ep=0.25 (n=8)
update=274 global_step=561152 SPS=401 w_ev=0.674 m_ev=0.791 m_v_bias=-1.9 m_adv_std=2.3324 m_kl_max=0.0218 m_ratio_max=0.676 return=-174.3 length=200 success_rate=0.00 collisions/ep=0.00 (n=8)
update=275 global_step=563200 SPS=402 w_ev=0.793 m_ev=0.684 m_v_bias=-0.9 m_adv_std=4.3682 m_kl_max=0.0117 m_ratio_max=0.558 return=-182.5 length=200 success_rate=0.00 collisions/ep=0.06 (n=16)
Evaluation at update 275: return=-177.78, length=200.00, success_rate=0.00, collisions/ep=0.00
Solved-check at update 275: solved=False worst_gap=1197.73 at p_x0=2.00 p_y0=0.50 (consecutive=0)
update=276 global_step=565248 SPS=398 w_ev=0.896 m_ev=0.961 m_v_bias=-0.8 m_adv_std=1.5181 m_kl_max=0.0157 m_ratio_max=0.774 return=-177.4 length=200 success_rate=0.00 collisions/ep=0.00 (n=8)
update=277 global_step=567296 SPS=399 w_ev=0.775 m_ev=0.161 m_v_bias=5.5 m_adv_std=18.2834 m_kl_max=0.0220 m_ratio_max=0.911 return=-205.6 length=200 success_rate=0.00 collisions/ep=0.62 (n=8)
update=278 global_step=569344 SPS=400 w_ev=0.699 m_ev=0.200 m_v_bias=4.9 m_adv_std=19.2712 m_kl_max=0.0378 m_ratio_max=1.920 return=-178.1 length=200 success_rate=0.00 collisions/ep=0.00 (n=8)
update=279 global_step=571392 SPS=401 w_ev=0.885 m_ev=0.472 m_v_bias=-0.8 m_adv_std=9.2749 m_kl_max=0.0444 m_ratio_max=2.343 return=-199.7 length=200 success_rate=0.00 collisions/ep=0.44 (n=16)
update=280 global_step=573440 SPS=402 w_ev=0.791 m_ev=0.843 m_v_bias=-3.4 m_adv_std=2.2579 m_kl_max=0.0356 m_ratio_max=1.290 return=-172.7 length=200 success_rate=0.00 collisions/ep=0.00 (n=8)
Evaluation at update 280: return=-177.16, length=200.00, success_rate=0.00, collisions/ep=0.00
Solved-check at update 280: solved=False worst_gap=1196.86 at p_x0=2.00 p_y0=0.00 (consecutive=0)
update=281 global_step=575488 SPS=398 w_ev=0.813 m_ev=0.957 m_v_bias=-2.2 m_adv_std=1.3136 m_kl_max=0.0562 m_ratio_max=3.510 return=-178.7 length=200 success_rate=0.00 collisions/ep=0.00 (n=8)
update=282 global_step=577536 SPS=399 w_ev=0.751 m_ev=0.159 m_v_bias=3.5 m_adv_std=14.9791 m_kl_max=0.0215 m_ratio_max=1.129 return=-193.9 length=200 success_rate=0.00 collisions/ep=0.38 (n=8)
update=283 global_step=579584 SPS=400 w_ev=0.889 m_ev=0.860 m_v_bias=-3.3 m_adv_std=2.9322 m_kl_max=0.0304 m_ratio_max=1.031 return=-183.3 length=200 success_rate=0.00 collisions/ep=0.12 (n=16)
update=284 global_step=581632 SPS=401 w_ev=0.859 m_ev=0.468 m_v_bias=-0.1 m_adv_std=5.8589 m_kl_max=0.0363 m_ratio_max=2.496 return=-174.3 length=200 success_rate=0.00 collisions/ep=0.00 (n=8)
update=285 global_step=583680 SPS=402 w_ev=0.856 m_ev=0.969 m_v_bias=-1.2 m_adv_std=1.0473 m_kl_max=0.0156 m_ratio_max=0.808 return=-183.1 length=200 success_rate=0.00 collisions/ep=0.12 (n=8)
Evaluation at update 285: return=-176.40, length=200.00, success_rate=0.00, collisions/ep=0.00
Solved-check at update 285: solved=False worst_gap=1195.84 at p_x0=2.00 p_y0=0.50 (consecutive=0)
update=286 global_step=585728 SPS=398 w_ev=0.910 m_ev=0.402 m_v_bias=2.2 m_adv_std=10.3707 m_kl_max=0.0076 m_ratio_max=0.571 return=-180.6 length=200 success_rate=0.00 collisions/ep=0.12 (n=16)
update=287 global_step=587776 SPS=399 w_ev=0.847 m_ev=0.400 m_v_bias=3.2 m_adv_std=10.9903 m_kl_max=0.0458 m_ratio_max=1.583 return=-195.0 length=200 success_rate=0.00 collisions/ep=0.38 (n=8)
update=288 global_step=589824 SPS=400 w_ev=0.876 m_ev=0.368 m_v_bias=-0.4 m_adv_std=9.1342 m_kl_max=0.0257 m_ratio_max=0.763 return=-187.7 length=200 success_rate=0.00 collisions/ep=0.25 (n=8)
update=289 global_step=591872 SPS=401 w_ev=0.840 m_ev=0.941 m_v_bias=-2.7 m_adv_std=1.4536 m_kl_max=0.0226 m_ratio_max=0.704 return=-182.6 length=200 success_rate=0.00 collisions/ep=0.12 (n=8)
update=290 global_step=593920 SPS=402 w_ev=0.922 m_ev=0.980 m_v_bias=-1.4 m_adv_std=1.1686 m_kl_max=0.0173 m_ratio_max=0.953 return=-176.8 length=200 success_rate=0.00 collisions/ep=0.00 (n=16)
Evaluation at update 290: return=-176.76, length=200.00, success_rate=0.00, collisions/ep=0.00
Solved-check at update 290: solved=False worst_gap=1195.17 at p_x0=2.00 p_y0=0.00 (consecutive=0)
update=291 global_step=595968 SPS=399 w_ev=0.803 m_ev=0.970 m_v_bias=-1.1 m_adv_std=0.9564 m_kl_max=0.0381 m_ratio_max=0.928 return=-170.8 length=200 success_rate=0.00 collisions/ep=0.00 (n=8)
update=292 global_step=598016 SPS=400 w_ev=0.850 m_ev=0.349 m_v_bias=1.6 m_adv_std=8.6585 m_kl_max=0.0173 m_ratio_max=0.606 return=-176.3 length=200 success_rate=0.00 collisions/ep=0.00 (n=8)
update=293 global_step=600064 SPS=400 w_ev=0.925 m_ev=0.921 m_v_bias=-1.6 m_adv_std=1.6111 m_kl_max=0.0107 m_ratio_max=0.591 return=-182.0 length=200 success_rate=0.00 collisions/ep=0.12 (n=16)
update=294 global_step=602112 SPS=401 w_ev=0.802 m_ev=0.299 m_v_bias=1.9 m_adv_std=11.8215 m_kl_max=0.0128 m_ratio_max=0.409 return=-190.3 length=200 success_rate=0.00 collisions/ep=0.25 (n=8)
update=295 global_step=604160 SPS=402 w_ev=0.872 m_ev=0.449 m_v_bias=-0.3 m_adv_std=6.9631 m_kl_max=0.0096 m_ratio_max=0.618 return=-187.0 length=200 success_rate=0.00 collisions/ep=0.12 (n=8)
Evaluation at update 295: return=-177.00, length=200.00, success_rate=0.00, collisions/ep=0.00
Solved-check at update 295: solved=False worst_gap=1198.23 at p_x0=2.00 p_y0=0.00 (consecutive=0)
update=296 global_step=606208 SPS=399 w_ev=0.688 m_ev=0.086 m_v_bias=2.8 m_adv_std=23.7787 m_kl_max=0.0110 m_ratio_max=0.468 return=-204.8 length=200 success_rate=0.00 collisions/ep=0.62 (n=8)
update=297 global_step=608256 SPS=400 w_ev=0.893 m_ev=0.552 m_v_bias=0.6 m_adv_std=6.9745 m_kl_max=0.0147 m_ratio_max=0.820 return=-179.3 length=200 success_rate=0.00 collisions/ep=0.06 (n=16)
update=298 global_step=610304 SPS=400 w_ev=0.866 m_ev=0.912 m_v_bias=-1.3 m_adv_std=2.0506 m_kl_max=0.0084 m_ratio_max=0.534 return=-175.2 length=200 success_rate=0.00 collisions/ep=0.00 (n=8)
update=299 global_step=612352 SPS=401 w_ev=0.779 m_ev=0.308 m_v_bias=0.4 m_adv_std=6.0874 m_kl_max=0.0184 m_ratio_max=0.778 return=-171.4 length=200 success_rate=0.00 collisions/ep=0.00 (n=8)
update=300 global_step=614400 SPS=402 w_ev=0.852 m_ev=0.289 m_v_bias=2.0 m_adv_std=9.0140 m_kl_max=0.0156 m_ratio_max=0.656 return=-187.5 length=200 success_rate=0.00 collisions/ep=0.19 (n=16)
Evaluation at update 300: return=-176.92, length=200.00, success_rate=0.00, collisions/ep=0.00
Solved-check at update 300: solved=False worst_gap=1197.67 at p_x0=2.00 p_y0=0.50 (consecutive=0)
update=301 global_step=616448 SPS=399 w_ev=0.883 m_ev=0.319 m_v_bias=1.7 m_adv_std=12.8984 m_kl_max=0.0433 m_ratio_max=1.901 return=-194.9 length=200 success_rate=0.00 collisions/ep=0.38 (n=8)
update=302 global_step=618496 SPS=400 w_ev=0.845 m_ev=0.509 m_v_bias=-0.7 m_adv_std=6.0070 m_kl_max=0.0117 m_ratio_max=0.593 return=-179.3 length=200 success_rate=0.00 collisions/ep=0.12 (n=8)
update=303 global_step=620544 SPS=400 w_ev=0.865 m_ev=0.505 m_v_bias=-0.6 m_adv_std=5.9980 m_kl_max=0.0180 m_ratio_max=0.662 return=-179.1 length=200 success_rate=0.00 collisions/ep=0.00 (n=8)
update=304 global_step=622592 SPS=401 w_ev=0.910 m_ev=0.919 m_v_bias=-1.7 m_adv_std=1.9491 m_kl_max=0.0141 m_ratio_max=0.677 return=-180.0 length=200 success_rate=0.00 collisions/ep=0.06 (n=16)
update=305 global_step=624640 SPS=402 w_ev=0.799 m_ev=0.208 m_v_bias=0.3 m_adv_std=12.6293 m_kl_max=0.0110 m_ratio_max=0.484 return=-197.4 length=200 success_rate=0.00 collisions/ep=0.38 (n=8)
Evaluation at update 305: return=-176.32, length=200.00, success_rate=0.00, collisions/ep=0.00
Solved-check at update 305: solved=False worst_gap=1196.44 at p_x0=2.00 p_y0=0.00 (consecutive=0)
update=306 global_step=626688 SPS=399 w_ev=0.845 m_ev=0.961 m_v_bias=-0.9 m_adv_std=1.0566 m_kl_max=0.0182 m_ratio_max=0.558 return=-177.3 length=200 success_rate=0.00 collisions/ep=0.00 (n=8)
update=307 global_step=628736 SPS=400 w_ev=0.834 m_ev=0.983 m_v_bias=-0.5 m_adv_std=0.7074 m_kl_max=0.0317 m_ratio_max=0.976 return=-177.7 length=200 success_rate=0.00 collisions/ep=0.00 (n=8)
update=308 global_step=630784 SPS=400 w_ev=0.896 m_ev=0.582 m_v_bias=1.1 m_adv_std=6.5596 m_kl_max=0.0339 m_ratio_max=0.996 return=-179.3 length=200 success_rate=0.00 collisions/ep=0.06 (n=16)
update=309 global_step=632832 SPS=401 w_ev=0.897 m_ev=0.963 m_v_bias=-0.8 m_adv_std=1.3053 m_kl_max=0.0382 m_ratio_max=0.928 return=-179.9 length=200 success_rate=0.00 collisions/ep=0.00 (n=8)
update=310 global_step=634880 SPS=402 w_ev=0.731 m_ev=0.075 m_v_bias=4.7 m_adv_std=20.4602 m_kl_max=0.0245 m_ratio_max=1.095 return=-171.1 length=200 success_rate=0.00 collisions/ep=0.00 (n=8)
Evaluation at update 310: return=-175.73, length=200.00, success_rate=0.00, collisions/ep=0.00
Solved-check at update 310: solved=False worst_gap=1194.46 at p_x0=2.00 p_y0=0.00 (consecutive=0)
update=311 global_step=636928 SPS=399 w_ev=0.891 m_ev=0.917 m_v_bias=-1.8 m_adv_std=2.0210 m_kl_max=0.0172 m_ratio_max=0.577 return=-189.4 length=200 success_rate=0.00 collisions/ep=0.25 (n=16)
update=312 global_step=638976 SPS=399 w_ev=0.830 m_ev=0.311 m_v_bias=0.3 m_adv_std=10.7976 m_kl_max=0.0184 m_ratio_max=0.661 return=-188.5 length=200 success_rate=0.00 collisions/ep=0.25 (n=8)
update=313 global_step=641024 SPS=400 w_ev=0.858 m_ev=0.933 m_v_bias=-1.3 m_adv_std=1.6744 m_kl_max=0.0197 m_ratio_max=1.291 return=-174.0 length=200 success_rate=0.00 collisions/ep=0.00 (n=8)
update=314 global_step=643072 SPS=401 w_ev=0.827 m_ev=0.484 m_v_bias=0.6 m_adv_std=7.0441 m_kl_max=0.0189 m_ratio_max=0.935 return=-181.4 length=200 success_rate=0.00 collisions/ep=0.12 (n=8)
update=315 global_step=645120 SPS=402 w_ev=0.906 m_ev=0.514 m_v_bias=1.7 m_adv_std=8.4083 m_kl_max=0.0219 m_ratio_max=0.672 return=-185.2 length=200 success_rate=0.00 collisions/ep=0.19 (n=16)
Evaluation at update 315: return=-176.38, length=200.00, success_rate=0.00, collisions/ep=0.00
Solved-check at update 315: solved=False worst_gap=1197.10 at p_x0=2.00 p_y0=0.00 (consecutive=0)
update=316 global_step=647168 SPS=398 w_ev=0.846 m_ev=0.535 m_v_bias=-0.2 m_adv_std=6.0801 m_kl_max=0.0151 m_ratio_max=0.616 return=-183.8 length=200 success_rate=0.00 collisions/ep=0.12 (n=8)
update=317 global_step=649216 SPS=399 w_ev=0.871 m_ev=0.923 m_v_bias=-1.3 m_adv_std=1.6879 m_kl_max=0.0090 m_ratio_max=0.573 return=-176.0 length=200 success_rate=0.00 collisions/ep=0.00 (n=8)
update=318 global_step=651264 SPS=400 w_ev=0.859 m_ev=0.454 m_v_bias=0.4 m_adv_std=6.1904 m_kl_max=0.0276 m_ratio_max=1.023 return=-180.8 length=200 success_rate=0.00 collisions/ep=0.06 (n=16)
update=319 global_step=653312 SPS=401 w_ev=0.879 m_ev=0.968 m_v_bias=-1.2 m_adv_std=1.2492 m_kl_max=0.0501 m_ratio_max=1.387 return=-178.7 length=200 success_rate=0.00 collisions/ep=0.00 (n=8)
update=320 global_step=655360 SPS=402 w_ev=0.788 m_ev=0.146 m_v_bias=4.2 m_adv_std=18.9684 m_kl_max=0.0185 m_ratio_max=0.566 return=-203.0 length=200 success_rate=0.00 collisions/ep=0.50 (n=8)
Evaluation at update 320: return=-175.45, length=200.00, success_rate=0.00, collisions/ep=0.00
Solved-check at update 320: solved=False worst_gap=1196.36 at p_x0=2.00 p_y0=0.00 (consecutive=0)
update=321 global_step=657408 SPS=398 w_ev=0.768 m_ev=0.165 m_v_bias=1.7 m_adv_std=10.3346 m_kl_max=0.0143 m_ratio_max=0.680 return=-178.3 length=200 success_rate=0.00 collisions/ep=0.12 (n=8)
update=322 global_step=659456 SPS=399 w_ev=0.857 m_ev=0.196 m_v_bias=3.2 m_adv_std=18.9150 m_kl_max=0.0078 m_ratio_max=0.318 return=-194.0 length=200 success_rate=0.00 collisions/ep=0.38 (n=16)
update=323 global_step=661504 SPS=400 w_ev=0.858 m_ev=0.535 m_v_bias=-2.2 m_adv_std=6.0821 m_kl_max=0.0212 m_ratio_max=0.638 return=-179.4 length=200 success_rate=0.00 collisions/ep=0.12 (n=8)
update=324 global_step=663552 SPS=401 w_ev=0.857 m_ev=0.877 m_v_bias=-2.4 m_adv_std=2.0968 m_kl_max=0.0266 m_ratio_max=0.973 return=-176.1 length=200 success_rate=0.00 collisions/ep=0.00 (n=8)
update=325 global_step=665600 SPS=401 w_ev=0.510 m_ev=0.025 m_v_bias=10.9 m_adv_std=36.5880 m_kl_max=0.0169 m_ratio_max=0.514 return=-211.6 length=200 success_rate=0.00 collisions/ep=0.69 (n=16)
Evaluation at update 325: return=-175.38, length=200.00, success_rate=0.00, collisions/ep=0.00
Solved-check at update 325: solved=False worst_gap=1194.20 at p_x0=2.00 p_y0=0.00 (consecutive=0)
update=326 global_step=667648 SPS=398 w_ev=0.872 m_ev=0.324 m_v_bias=-2.9 m_adv_std=11.7730 m_kl_max=0.0266 m_ratio_max=0.874 return=-187.4 length=200 success_rate=0.00 collisions/ep=0.25 (n=8)
update=327 global_step=669696 SPS=399 w_ev=0.883 m_ev=0.802 m_v_bias=-4.5 m_adv_std=2.8902 m_kl_max=0.0213 m_ratio_max=0.514 return=-173.8 length=200 success_rate=0.00 collisions/ep=0.00 (n=8)
update=328 global_step=671744 SPS=400 w_ev=0.749 m_ev=0.061 m_v_bias=5.5 m_adv_std=20.4237 m_kl_max=0.0151 m_ratio_max=0.729 return=-174.9 length=200 success_rate=0.00 collisions/ep=0.00 (n=8)
update=329 global_step=673792 SPS=401 w_ev=0.924 m_ev=0.255 m_v_bias=-1.8 m_adv_std=12.8309 m_kl_max=0.0300 m_ratio_max=1.019 return=-197.5 length=200 success_rate=0.00 collisions/ep=0.50 (n=16)
update=330 global_step=675840 SPS=401 w_ev=0.887 m_ev=0.462 m_v_bias=-2.1 m_adv_std=6.5515 m_kl_max=0.0333 m_ratio_max=1.056 return=-179.7 length=200 success_rate=0.00 collisions/ep=0.12 (n=8)
Evaluation at update 330: return=-175.69, length=200.00, success_rate=0.00, collisions/ep=0.00
Solved-check at update 330: solved=False worst_gap=1196.44 at p_x0=2.00 p_y0=0.00 (consecutive=0)
update=331 global_step=677888 SPS=398 w_ev=0.851 m_ev=0.534 m_v_bias=-1.5 m_adv_std=5.9047 m_kl_max=0.0205 m_ratio_max=0.835 return=-182.6 length=200 success_rate=0.00 collisions/ep=0.12 (n=8)
update=332 global_step=679936 SPS=399 w_ev=0.866 m_ev=0.957 m_v_bias=-1.6 m_adv_std=1.1707 m_kl_max=0.0328 m_ratio_max=0.648 return=-176.4 length=200 success_rate=0.00 collisions/ep=0.00 (n=8)
update=333 global_step=681984 SPS=400 w_ev=0.930 m_ev=0.414 m_v_bias=1.8 m_adv_std=10.3005 m_kl_max=0.0323 m_ratio_max=1.641 return=-181.8 length=200 success_rate=0.00 collisions/ep=0.12 (n=16)
update=334 global_step=684032 SPS=401 w_ev=0.856 m_ev=0.467 m_v_bias=-0.6 m_adv_std=6.2637 m_kl_max=0.0187 m_ratio_max=0.842 return=-175.3 length=200 success_rate=0.00 collisions/ep=0.00 (n=8)
update=335 global_step=686080 SPS=401 w_ev=0.814 m_ev=0.610 m_v_bias=-1.3 m_adv_std=4.6889 m_kl_max=0.0262 m_ratio_max=0.849 return=-189.6 length=200 success_rate=0.00 collisions/ep=0.25 (n=8)
Evaluation at update 335: return=-176.38, length=200.00, success_rate=0.00, collisions/ep=0.00
Solved-check at update 335: solved=False worst_gap=1195.45 at p_x0=2.00 p_y0=0.00 (consecutive=0)
update=336 global_step=688128 SPS=398 w_ev=0.903 m_ev=0.691 m_v_bias=-0.4 m_adv_std=4.8849 m_kl_max=0.0152 m_ratio_max=0.493 return=-179.5 length=200 success_rate=0.00 collisions/ep=0.06 (n=16)
update=337 global_step=690176 SPS=399 w_ev=0.680 m_ev=0.114 m_v_bias=7.8 m_adv_std=24.1122 m_kl_max=0.0303 m_ratio_max=1.101 return=-213.2 length=200 success_rate=0.00 collisions/ep=0.75 (n=8)
update=338 global_step=692224 SPS=400 w_ev=0.829 m_ev=0.207 m_v_bias=1.8 m_adv_std=13.1026 m_kl_max=0.0140 m_ratio_max=0.952 return=-197.5 length=200 success_rate=0.00 collisions/ep=0.38 (n=8)
update=339 global_step=694272 SPS=401 w_ev=0.766 m_ev=0.183 m_v_bias=-1.9 m_adv_std=12.4774 m_kl_max=0.0064 m_ratio_max=0.456 return=-184.4 length=200 success_rate=0.00 collisions/ep=0.25 (n=8)
update=340 global_step=696320 SPS=401 w_ev=0.881 m_ev=0.213 m_v_bias=0.3 m_adv_std=17.8236 m_kl_max=0.0177 m_ratio_max=0.832 return=-190.2 length=200 success_rate=0.00 collisions/ep=0.31 (n=16)
Evaluation at update 340: return=-176.34, length=200.00, success_rate=0.00, collisions/ep=0.00
Solved-check at update 340: solved=False worst_gap=1195.04 at p_x0=2.00 p_y0=0.00 (consecutive=0)
update=341 global_step=698368 SPS=398 w_ev=0.866 m_ev=0.885 m_v_bias=-3.0 m_adv_std=2.1987 m_kl_max=0.0351 m_ratio_max=1.305 return=-178.9 length=200 success_rate=0.00 collisions/ep=0.00 (n=8)
update=342 global_step=700416 SPS=399 w_ev=0.861 m_ev=0.197 m_v_bias=1.5 m_adv_std=9.8843 m_kl_max=0.0119 m_ratio_max=0.734 return=-176.2 length=200 success_rate=0.00 collisions/ep=0.00 (n=8)
update=343 global_step=702464 SPS=400 w_ev=0.878 m_ev=0.237 m_v_bias=-0.2 m_adv_std=12.0803 m_kl_max=0.0212 m_ratio_max=0.945 return=-192.9 length=200 success_rate=0.00 collisions/ep=0.38 (n=16)
update=344 global_step=704512 SPS=401 w_ev=0.768 m_ev=0.138 m_v_bias=4.2 m_adv_std=25.0650 m_kl_max=0.0316 m_ratio_max=2.340 return=-206.6 length=200 success_rate=0.00 collisions/ep=0.62 (n=8)
update=345 global_step=706560 SPS=401 w_ev=0.743 m_ev=0.151 m_v_bias=3.4 m_adv_std=20.3202 m_kl_max=0.0199 m_ratio_max=0.845 return=-212.5 length=200 success_rate=0.00 collisions/ep=0.75 (n=8)
Evaluation at update 345: return=-176.08, length=200.00, success_rate=0.00, collisions/ep=0.00
Solved-check at update 345: solved=False worst_gap=1195.33 at p_x0=2.00 p_y0=0.00 (consecutive=0)
update=346 global_step=708608 SPS=398 w_ev=0.752 m_ev=0.253 m_v_bias=-1.2 m_adv_std=10.0056 m_kl_max=0.0284 m_ratio_max=1.191 return=-181.6 length=200 success_rate=0.00 collisions/ep=0.12 (n=8)
update=347 global_step=710656 SPS=399 w_ev=0.848 m_ev=0.159 m_v_bias=0.9 m_adv_std=19.3637 m_kl_max=0.0349 m_ratio_max=0.795 return=-192.3 length=200 success_rate=0.00 collisions/ep=0.38 (n=16)
update=348 global_step=712704 SPS=400 w_ev=0.777 m_ev=0.791 m_v_bias=-4.5 m_adv_std=2.9200 m_kl_max=0.0199 m_ratio_max=0.648 return=-176.8 length=200 success_rate=0.00 collisions/ep=0.00 (n=8)
update=349 global_step=714752 SPS=400 w_ev=0.809 m_ev=0.192 m_v_bias=-0.2 m_adv_std=12.3038 m_kl_max=0.0172 m_ratio_max=0.658 return=-179.2 length=200 success_rate=0.00 collisions/ep=0.00 (n=8)
update=350 global_step=716800 SPS=401 w_ev=0.752 m_ev=0.913 m_v_bias=-2.7 m_adv_std=1.5062 m_kl_max=0.0226 m_ratio_max=0.715 return=-186.5 length=200 success_rate=0.00 collisions/ep=0.12 (n=16)
Evaluation at update 350: return=-176.71, length=200.00, success_rate=0.00, collisions/ep=0.00
Solved-check at update 350: solved=False worst_gap=1194.88 at p_x0=2.00 p_y0=0.00 (consecutive=0)
update=351 global_step=718848 SPS=398 w_ev=0.814 m_ev=0.540 m_v_bias=0.1 m_adv_std=6.5414 m_kl_max=0.0352 m_ratio_max=1.160 return=-186.0 length=200 success_rate=0.00 collisions/ep=0.12 (n=8)
update=352 global_step=720896 SPS=399 w_ev=0.738 m_ev=0.480 m_v_bias=-0.6 m_adv_std=6.0553 m_kl_max=0.0229 m_ratio_max=0.727 return=-187.4 length=200 success_rate=0.00 collisions/ep=0.12 (n=8)
update=353 global_step=722944 SPS=400 w_ev=0.734 m_ev=0.031 m_v_bias=2.6 m_adv_std=18.3589 m_kl_max=0.0363 m_ratio_max=1.125 return=-179.1 length=200 success_rate=0.00 collisions/ep=0.00 (n=8)
update=354 global_step=724992 SPS=400 w_ev=0.928 m_ev=0.775 m_v_bias=-2.7 m_adv_std=3.6587 m_kl_max=0.0168 m_ratio_max=0.523 return=-188.3 length=200 success_rate=0.00 collisions/ep=0.25 (n=16)
update=355 global_step=727040 SPS=401 w_ev=0.868 m_ev=0.926 m_v_bias=-1.6 m_adv_std=1.7752 m_kl_max=0.0384 m_ratio_max=0.706 return=-170.2 length=200 success_rate=0.00 collisions/ep=0.00 (n=8)
Evaluation at update 355: return=-176.03, length=200.00, success_rate=0.00, collisions/ep=0.00
Solved-check at update 355: solved=False worst_gap=1194.70 at p_x0=2.00 p_y0=0.00 (consecutive=0)
update=356 global_step=729088 SPS=398 w_ev=0.881 m_ev=0.982 m_v_bias=-0.8 m_adv_std=0.9248 m_kl_max=0.0620 m_ratio_max=1.225 return=-173.4 length=200 success_rate=0.00 collisions/ep=0.00 (n=8)
update=357 global_step=731136 SPS=399 w_ev=0.869 m_ev=0.570 m_v_bias=0.2 m_adv_std=5.8017 m_kl_max=0.0078 m_ratio_max=0.391 return=-177.2 length=200 success_rate=0.00 collisions/ep=0.12 (n=8)
update=358 global_step=733184 SPS=400 w_ev=0.741 m_ev=0.103 m_v_bias=8.3 m_adv_std=29.1143 m_kl_max=0.0124 m_ratio_max=0.653 return=-193.2 length=200 success_rate=0.00 collisions/ep=0.38 (n=16)
update=359 global_step=735232 SPS=400 w_ev=0.807 m_ev=0.851 m_v_bias=-3.2 m_adv_std=2.6090 m_kl_max=0.0231 m_ratio_max=0.567 return=-175.8 length=200 success_rate=0.00 collisions/ep=0.00 (n=8)
update=360 global_step=737280 SPS=401 w_ev=0.882 m_ev=0.930 m_v_bias=-2.7 m_adv_std=1.7819 m_kl_max=0.0251 m_ratio_max=0.801 return=-173.9 length=200 success_rate=0.00 collisions/ep=0.00 (n=8)
Evaluation at update 360: return=-175.58, length=200.00, success_rate=0.00, collisions/ep=0.00
Solved-check at update 360: solved=False worst_gap=1194.59 at p_x0=2.00 p_y0=0.00 (consecutive=0)
update=361 global_step=739328 SPS=398 w_ev=0.903 m_ev=0.984 m_v_bias=-1.3 m_adv_std=0.9361 m_kl_max=0.0301 m_ratio_max=0.663 return=-174.6 length=200 success_rate=0.00 collisions/ep=0.00 (n=16)
update=362 global_step=741376 SPS=399 w_ev=0.834 m_ev=0.449 m_v_bias=1.8 m_adv_std=8.1890 m_kl_max=0.0303 m_ratio_max=1.797 return=-188.8 length=200 success_rate=0.00 collisions/ep=0.25 (n=8)
update=363 global_step=743424 SPS=399 w_ev=0.871 m_ev=0.957 m_v_bias=-1.7 m_adv_std=1.2506 m_kl_max=0.0503 m_ratio_max=1.446 return=-174.4 length=200 success_rate=0.00 collisions/ep=0.00 (n=8)
update=364 global_step=745472 SPS=400 w_ev=0.855 m_ev=0.511 m_v_bias=0.0 m_adv_std=6.2011 m_kl_max=0.0192 m_ratio_max=0.764 return=-176.4 length=200 success_rate=0.00 collisions/ep=0.00 (n=8)
update=365 global_step=747520 SPS=401 w_ev=0.920 m_ev=0.664 m_v_bias=-0.4 m_adv_std=5.6083 m_kl_max=0.0386 m_ratio_max=0.723 return=-182.6 length=200 success_rate=0.00 collisions/ep=0.12 (n=16)
Evaluation at update 365: return=-174.81, length=200.00, success_rate=0.00, collisions/ep=0.00
Solved-check at update 365: solved=False worst_gap=1193.63 at p_x0=2.00 p_y0=0.00 (consecutive=0)
update=366 global_step=749568 SPS=398 w_ev=0.874 m_ev=0.354 m_v_bias=0.9 m_adv_std=8.1316 m_kl_max=0.0172 m_ratio_max=0.739 return=-181.2 length=200 success_rate=0.00 collisions/ep=0.12 (n=8)
update=367 global_step=751616 SPS=399 w_ev=0.843 m_ev=0.200 m_v_bias=1.5 m_adv_std=9.4163 m_kl_max=0.0173 m_ratio_max=0.846 return=-178.3 length=200 success_rate=0.00 collisions/ep=0.12 (n=8)
update=368 global_step=753664 SPS=399 w_ev=0.901 m_ev=0.781 m_v_bias=-2.3 m_adv_std=2.9080 m_kl_max=0.0167 m_ratio_max=0.777 return=-185.7 length=200 success_rate=0.00 collisions/ep=0.19 (n=16)
update=369 global_step=755712 SPS=400 w_ev=0.892 m_ev=0.951 m_v_bias=-0.8 m_adv_std=1.6610 m_kl_max=0.0227 m_ratio_max=1.139 return=-175.9 length=200 success_rate=0.00 collisions/ep=0.00 (n=8)
update=370 global_step=757760 SPS=401 w_ev=0.903 m_ev=0.990 m_v_bias=-0.7 m_adv_std=0.6633 m_kl_max=0.0373 m_ratio_max=1.047 return=-176.4 length=200 success_rate=0.00 collisions/ep=0.00 (n=8)
Evaluation at update 370: return=-174.07, length=200.00, success_rate=0.00, collisions/ep=0.00
Solved-check at update 370: solved=False worst_gap=1194.81 at p_x0=2.00 p_y0=0.00 (consecutive=0)
update=371 global_step=759808 SPS=398 w_ev=0.657 m_ev=0.078 m_v_bias=8.3 m_adv_std=31.5555 m_kl_max=0.0120 m_ratio_max=0.662 return=-179.8 length=200 success_rate=0.00 collisions/ep=0.12 (n=8)
update=372 global_step=761856 SPS=399 w_ev=0.906 m_ev=0.468 m_v_bias=0.3 m_adv_std=9.6235 m_kl_max=0.0181 m_ratio_max=0.688 return=-197.7 length=200 success_rate=0.00 collisions/ep=0.50 (n=16)
update=373 global_step=763904 SPS=399 w_ev=0.824 m_ev=0.148 m_v_bias=3.3 m_adv_std=17.7144 m_kl_max=0.0182 m_ratio_max=0.857 return=-193.3 length=200 success_rate=0.00 collisions/ep=0.38 (n=8)
update=374 global_step=765952 SPS=400 w_ev=0.844 m_ev=0.754 m_v_bias=-4.4 m_adv_std=3.4056 m_kl_max=0.0223 m_ratio_max=0.798 return=-186.3 length=200 success_rate=0.00 collisions/ep=0.25 (n=8)
update=375 global_step=768000 SPS=401 w_ev=0.646 m_ev=0.114 m_v_bias=2.3 m_adv_std=18.6840 m_kl_max=0.0513 m_ratio_max=1.812 return=-194.3 length=200 success_rate=0.00 collisions/ep=0.38 (n=16)
Evaluation at update 375: return=-174.83, length=200.00, success_rate=0.00, collisions/ep=0.00
Solved-check at update 375: solved=False worst_gap=1193.25 at p_x0=2.00 p_y0=1.00 (consecutive=0)
update=376 global_step=770048 SPS=398 w_ev=0.932 m_ev=0.907 m_v_bias=-3.8 m_adv_std=2.7026 m_kl_max=0.0132 m_ratio_max=0.650 return=-174.1 length=200 success_rate=0.00 collisions/ep=0.00 (n=8)
update=377 global_step=772096 SPS=399 w_ev=0.710 m_ev=0.026 m_v_bias=2.0 m_adv_std=22.5457 m_kl_max=0.0128 m_ratio_max=0.670 return=-177.4 length=200 success_rate=0.00 collisions/ep=0.12 (n=8)
update=378 global_step=774144 SPS=399 w_ev=0.864 m_ev=0.828 m_v_bias=-2.8 m_adv_std=3.1056 m_kl_max=0.0129 m_ratio_max=0.610 return=-199.9 length=200 success_rate=0.00 collisions/ep=0.50 (n=8)
update=379 global_step=776192 SPS=400 w_ev=0.897 m_ev=0.487 m_v_bias=1.5 m_adv_std=8.5553 m_kl_max=0.0149 m_ratio_max=0.807 return=-177.0 length=200 success_rate=0.00 collisions/ep=0.12 (n=16)
update=380 global_step=778240 SPS=401 w_ev=0.840 m_ev=0.382 m_v_bias=-0.2 m_adv_std=7.7190 m_kl_max=0.0287 m_ratio_max=0.576 return=-190.1 length=200 success_rate=0.00 collisions/ep=0.25 (n=8)
Evaluation at update 380: return=-174.18, length=200.00, success_rate=0.00, collisions/ep=0.00
Solved-check at update 380: solved=False worst_gap=1192.95 at p_x0=2.00 p_y0=0.00 (consecutive=0)
update=381 global_step=780288 SPS=398 w_ev=0.873 m_ev=0.953 m_v_bias=-2.0 m_adv_std=1.4280 m_kl_max=0.0325 m_ratio_max=0.798 return=-174.7 length=200 success_rate=0.00 collisions/ep=0.00 (n=8)
update=382 global_step=782336 SPS=399 w_ev=0.889 m_ev=0.524 m_v_bias=0.3 m_adv_std=6.2513 m_kl_max=0.0148 m_ratio_max=0.848 return=-173.4 length=200 success_rate=0.00 collisions/ep=0.00 (n=8)
update=383 global_step=784384 SPS=399 w_ev=0.901 m_ev=0.254 m_v_bias=4.6 m_adv_std=17.5400 m_kl_max=0.0183 m_ratio_max=0.483 return=-191.2 length=200 success_rate=0.00 collisions/ep=0.38 (n=16)
update=384 global_step=786432 SPS=400 w_ev=0.545 m_ev=-0.053 m_v_bias=4.5 m_adv_std=41.1744 m_kl_max=0.0111 m_ratio_max=0.514 return=-169.0 length=200 success_rate=0.00 collisions/ep=0.00 (n=8)
update=385 global_step=788480 SPS=401 w_ev=0.861 m_ev=0.530 m_v_bias=-4.9 m_adv_std=4.4558 m_kl_max=0.0192 m_ratio_max=0.878 return=-215.4 length=200 success_rate=0.00 collisions/ep=0.88 (n=8)
Evaluation at update 385: return=-173.48, length=200.00, success_rate=0.00, collisions/ep=0.00
Solved-check at update 385: solved=False worst_gap=1192.19 at p_x0=2.00 p_y0=0.00 (consecutive=0)
update=386 global_step=790528 SPS=398 w_ev=0.943 m_ev=0.436 m_v_bias=-0.1 m_adv_std=8.9478 m_kl_max=0.0088 m_ratio_max=0.675 return=-180.9 length=200 success_rate=0.00 collisions/ep=0.12 (n=16)
update=387 global_step=792576 SPS=399 w_ev=0.572 m_ev=0.041 m_v_bias=5.8 m_adv_std=41.4844 m_kl_max=0.0175 m_ratio_max=0.859 return=-218.2 length=200 success_rate=0.00 collisions/ep=1.00 (n=8)
update=388 global_step=794624 SPS=399 w_ev=0.867 m_ev=0.520 m_v_bias=-4.1 m_adv_std=6.9408 m_kl_max=0.0201 m_ratio_max=0.556 return=-179.3 length=200 success_rate=0.00 collisions/ep=0.12 (n=8)
update=389 global_step=796672 SPS=400 w_ev=0.873 m_ev=0.321 m_v_bias=1.1 m_adv_std=11.7887 m_kl_max=0.0219 m_ratio_max=0.679 return=-198.1 length=200 success_rate=0.00 collisions/ep=0.50 (n=8)
update=390 global_step=798720 SPS=401 w_ev=0.936 m_ev=0.876 m_v_bias=-2.8 m_adv_std=3.0396 m_kl_max=0.0075 m_ratio_max=0.401 return=-179.1 length=200 success_rate=0.00 collisions/ep=0.06 (n=16)
Evaluation at update 390: return=-173.81, length=200.00, success_rate=0.00, collisions/ep=0.00
Solved-check at update 390: solved=False worst_gap=1192.38 at p_x0=2.00 p_y0=0.00 (consecutive=0)
update=391 global_step=800768 SPS=398 w_ev=0.936 m_ev=0.879 m_v_bias=-2.2 m_adv_std=2.5411 m_kl_max=0.0204 m_ratio_max=0.638 return=-168.8 length=200 success_rate=0.00 collisions/ep=0.00 (n=8)
update=392 global_step=802816 SPS=398 w_ev=0.938 m_ev=0.974 m_v_bias=-1.2 m_adv_std=1.2347 m_kl_max=0.0240 m_ratio_max=0.784 return=-172.1 length=200 success_rate=0.00 collisions/ep=0.00 (n=8)
update=393 global_step=804864 SPS=399 w_ev=0.947 m_ev=0.506 m_v_bias=-0.2 m_adv_std=5.4160 m_kl_max=0.0142 m_ratio_max=0.438 return=-172.8 length=200 success_rate=0.00 collisions/ep=0.06 (n=16)
update=394 global_step=806912 SPS=400 w_ev=0.947 m_ev=0.955 m_v_bias=-1.6 m_adv_std=1.7492 m_kl_max=0.0203 m_ratio_max=0.740 return=-173.2 length=200 success_rate=0.00 collisions/ep=0.00 (n=8)
update=395 global_step=808960 SPS=400 w_ev=0.949 m_ev=0.991 m_v_bias=-0.5 m_adv_std=0.6825 m_kl_max=0.0336 m_ratio_max=0.832 return=-169.9 length=200 success_rate=0.00 collisions/ep=0.00 (n=8)
Evaluation at update 395: return=-172.45, length=200.00, success_rate=0.00, collisions/ep=0.00
Solved-check at update 395: solved=False worst_gap=1191.01 at p_x0=2.00 p_y0=0.00 (consecutive=0)
update=396 global_step=811008 SPS=398 w_ev=0.929 m_ev=0.402 m_v_bias=2.4 m_adv_std=8.7478 m_kl_max=0.0424 m_ratio_max=2.366 return=-168.4 length=200 success_rate=0.00 collisions/ep=0.00 (n=8)
update=397 global_step=813056 SPS=399 w_ev=0.962 m_ev=0.698 m_v_bias=0.3 m_adv_std=6.1855 m_kl_max=0.0181 m_ratio_max=0.679 return=-179.4 length=200 success_rate=0.00 collisions/ep=0.19 (n=16)
update=398 global_step=815104 SPS=399 w_ev=0.929 m_ev=0.976 m_v_bias=-1.4 m_adv_std=0.9767 m_kl_max=0.0272 m_ratio_max=0.989 return=-171.9 length=200 success_rate=0.00 collisions/ep=0.00 (n=8)
update=399 global_step=817152 SPS=400 w_ev=0.711 m_ev=-0.020 m_v_bias=4.2 m_adv_std=26.7956 m_kl_max=0.0256 m_ratio_max=0.653 return=-179.2 length=200 success_rate=0.00 collisions/ep=0.12 (n=8)
update=400 global_step=819200 SPS=401 w_ev=0.845 m_ev=0.273 m_v_bias=-2.7 m_adv_std=7.3219 m_kl_max=0.0188 m_ratio_max=0.832 return=-189.8 length=200 success_rate=0.00 collisions/ep=0.38 (n=16)
Evaluation at update 400: return=-171.91, length=200.00, success_rate=0.00, collisions/ep=0.00
Solved-check at update 400: solved=False worst_gap=1192.69 at p_x0=2.00 p_y0=0.00 (consecutive=0)
update=401 global_step=821248 SPS=398 w_ev=0.933 m_ev=0.379 m_v_bias=-0.3 m_adv_std=10.5026 m_kl_max=0.0370 m_ratio_max=0.884 return=-181.1 length=200 success_rate=0.00 collisions/ep=0.25 (n=8)
update=402 global_step=823296 SPS=398 w_ev=0.947 m_ev=0.537 m_v_bias=-0.1 m_adv_std=6.2767 m_kl_max=0.0859 m_ratio_max=5.085 return=-176.0 length=200 success_rate=0.00 collisions/ep=0.00 (n=8)
update=403 global_step=825344 SPS=399 w_ev=0.902 m_ev=0.246 m_v_bias=2.0 m_adv_std=11.9612 m_kl_max=0.0173 m_ratio_max=0.527 return=-174.2 length=200 success_rate=0.00 collisions/ep=0.12 (n=8)
update=404 global_step=827392 SPS=400 w_ev=0.938 m_ev=0.796 m_v_bias=-1.3 m_adv_std=3.6395 m_kl_max=0.0394 m_ratio_max=0.717 return=-179.1 length=200 success_rate=0.00 collisions/ep=0.12 (n=16)
update=405 global_step=829440 SPS=400 w_ev=0.905 m_ev=0.273 m_v_bias=2.8 m_adv_std=10.9540 m_kl_max=0.0170 m_ratio_max=0.611 return=-193.7 length=200 success_rate=0.00 collisions/ep=0.38 (n=8)
Evaluation at update 405: return=-171.36, length=200.00, success_rate=0.00, collisions/ep=0.00
Solved-check at update 405: solved=False worst_gap=1190.10 at p_x0=2.00 p_y0=0.00 (consecutive=0)
update=406 global_step=831488 SPS=398 w_ev=0.868 m_ev=0.231 m_v_bias=-0.0 m_adv_std=15.3616 m_kl_max=0.0148 m_ratio_max=0.907 return=-192.7 length=200 success_rate=0.00 collisions/ep=0.38 (n=8)
update=407 global_step=833536 SPS=398 w_ev=0.533 m_ev=0.011 m_v_bias=7.6 m_adv_std=48.4552 m_kl_max=0.0309 m_ratio_max=1.011 return=-172.0 length=200 success_rate=0.00 collisions/ep=0.00 (n=8)
update=408 global_step=835584 SPS=399 w_ev=0.890 m_ev=0.226 m_v_bias=2.2 m_adv_std=24.1723 m_kl_max=0.0249 m_ratio_max=0.881 return=-215.9 length=200 success_rate=0.00 collisions/ep=0.88 (n=16)
update=409 global_step=837632 SPS=400 w_ev=0.878 m_ev=0.348 m_v_bias=-5.3 m_adv_std=6.7773 m_kl_max=0.0189 m_ratio_max=0.594 return=-171.7 length=200 success_rate=0.00 collisions/ep=0.00 (n=8)
update=410 global_step=839680 SPS=400 w_ev=0.918 m_ev=0.842 m_v_bias=-3.6 m_adv_std=3.0114 m_kl_max=0.0220 m_ratio_max=0.698 return=-171.4 length=200 success_rate=0.00 collisions/ep=0.00 (n=8)
Evaluation at update 410: return=-171.89, length=200.00, success_rate=0.00, collisions/ep=0.00
Solved-check at update 410: solved=False worst_gap=1190.75 at p_x0=2.00 p_y0=0.00 (consecutive=0)
update=411 global_step=841728 SPS=398 w_ev=0.942 m_ev=0.538 m_v_bias=-0.6 m_adv_std=6.4915 m_kl_max=0.0447 m_ratio_max=1.459 return=-177.5 length=200 success_rate=0.00 collisions/ep=0.06 (n=16)
update=412 global_step=843776 SPS=398 w_ev=0.867 m_ev=0.964 m_v_bias=-1.7 m_adv_std=1.3662 m_kl_max=0.0199 m_ratio_max=0.673 return=-171.6 length=200 success_rate=0.00 collisions/ep=0.00 (n=8)
update=413 global_step=845824 SPS=399 w_ev=0.928 m_ev=0.977 m_v_bias=-1.1 m_adv_std=0.9342 m_kl_max=0.0306 m_ratio_max=1.070 return=-174.4 length=200 success_rate=0.00 collisions/ep=0.00 (n=8)
update=414 global_step=847872 SPS=400 w_ev=0.934 m_ev=0.989 m_v_bias=-0.8 m_adv_std=0.7028 m_kl_max=0.0335 m_ratio_max=1.075 return=-174.4 length=200 success_rate=0.00 collisions/ep=0.00 (n=8)
update=415 global_step=849920 SPS=400 w_ev=0.966 m_ev=0.704 m_v_bias=1.2 m_adv_std=6.2565 m_kl_max=0.0088 m_ratio_max=0.550 return=-175.9 length=200 success_rate=0.00 collisions/ep=0.06 (n=16)
Evaluation at update 415: return=-171.79, length=200.00, success_rate=0.00, collisions/ep=0.00
Solved-check at update 415: solved=False worst_gap=1190.46 at p_x0=2.00 p_y0=0.00 (consecutive=0)
update=416 global_step=851968 SPS=398 w_ev=0.935 m_ev=0.920 m_v_bias=-0.9 m_adv_std=1.8092 m_kl_max=0.0124 m_ratio_max=0.491 return=-166.6 length=200 success_rate=0.00 collisions/ep=0.00 (n=8)
update=417 global_step=854016 SPS=399 w_ev=0.952 m_ev=0.987 m_v_bias=-0.8 m_adv_std=0.7888 m_kl_max=0.0396 m_ratio_max=0.792 return=-173.1 length=200 success_rate=0.00 collisions/ep=0.00 (n=8)
update=418 global_step=856064 SPS=399 w_ev=0.948 m_ev=0.525 m_v_bias=0.5 m_adv_std=6.1179 m_kl_max=0.0122 m_ratio_max=0.755 return=-174.5 length=200 success_rate=0.00 collisions/ep=0.06 (n=16)
update=419 global_step=858112 SPS=400 w_ev=0.961 m_ev=0.980 m_v_bias=-1.0 m_adv_std=1.2688 m_kl_max=0.0123 m_ratio_max=0.507 return=-171.0 length=200 success_rate=0.00 collisions/ep=0.00 (n=8)
update=420 global_step=860160 SPS=400 w_ev=0.933 m_ev=0.515 m_v_bias=0.5 m_adv_std=5.9635 m_kl_max=0.0523 m_ratio_max=1.031 return=-177.7 length=200 success_rate=0.00 collisions/ep=0.12 (n=8)
Evaluation at update 420: return=-170.63, length=200.00, success_rate=0.00, collisions/ep=0.00
Solved-check at update 420: solved=False worst_gap=1189.34 at p_x0=2.00 p_y0=0.00 (consecutive=0)
update=421 global_step=862208 SPS=398 w_ev=0.946 m_ev=0.985 m_v_bias=-0.5 m_adv_std=0.8966 m_kl_max=0.0144 m_ratio_max=0.573 return=-175.9 length=200 success_rate=0.00 collisions/ep=0.00 (n=8)
update=422 global_step=864256 SPS=398 w_ev=0.966 m_ev=0.991 m_v_bias=-0.6 m_adv_std=0.8749 m_kl_max=0.0456 m_ratio_max=2.067 return=-171.2 length=200 success_rate=0.00 collisions/ep=0.00 (n=16)
update=423 global_step=866304 SPS=399 w_ev=0.765 m_ev=-0.028 m_v_bias=2.0 m_adv_std=16.0147 m_kl_max=0.0141 m_ratio_max=0.551 return=-166.8 length=200 success_rate=0.00 collisions/ep=0.00 (n=8)
update=424 global_step=868352 SPS=400 w_ev=0.924 m_ev=0.541 m_v_bias=-2.2 m_adv_std=5.1853 m_kl_max=0.0115 m_ratio_max=0.538 return=-198.7 length=200 success_rate=0.00 collisions/ep=0.50 (n=8)
update=425 global_step=870400 SPS=400 w_ev=0.944 m_ev=0.980 m_v_bias=0.1 m_adv_std=1.0427 m_kl_max=0.0325 m_ratio_max=0.609 return=-168.3 length=200 success_rate=0.00 collisions/ep=0.00 (n=16)
Evaluation at update 425: return=-168.83, length=200.00, success_rate=0.00, collisions/ep=0.00
Solved-check at update 425: solved=False worst_gap=1188.11 at p_x0=2.00 p_y0=0.00 (consecutive=0)
update=426 global_step=872448 SPS=398 w_ev=0.914 m_ev=0.153 m_v_bias=2.4 m_adv_std=17.1541 m_kl_max=0.0202 m_ratio_max=0.715 return=-169.2 length=200 success_rate=0.00 collisions/ep=0.00 (n=8)
update=427 global_step=874496 SPS=398 w_ev=0.945 m_ev=0.493 m_v_bias=0.3 m_adv_std=7.3820 m_kl_max=0.0092 m_ratio_max=0.719 return=-194.0 length=200 success_rate=0.00 collisions/ep=0.50 (n=8)
update=428 global_step=876544 SPS=399 w_ev=0.899 m_ev=0.224 m_v_bias=5.1 m_adv_std=15.0311 m_kl_max=0.0148 m_ratio_max=0.662 return=-169.8 length=200 success_rate=0.00 collisions/ep=0.00 (n=8)
update=429 global_step=878592 SPS=400 w_ev=0.971 m_ev=0.939 m_v_bias=-2.8 m_adv_std=2.2635 m_kl_max=0.0230 m_ratio_max=0.967 return=-183.8 length=200 success_rate=0.00 collisions/ep=0.25 (n=16)
update=430 global_step=880640 SPS=400 w_ev=0.941 m_ev=0.374 m_v_bias=2.5 m_adv_std=12.0056 m_kl_max=0.0148 m_ratio_max=0.618 return=-196.9 length=200 success_rate=0.00 collisions/ep=0.50 (n=8)
Evaluation at update 430: return=-169.59, length=200.00, success_rate=0.00, collisions/ep=0.00
Solved-check at update 430: solved=False worst_gap=1188.18 at p_x0=2.00 p_y0=0.00 (consecutive=0)
update=431 global_step=882688 SPS=398 w_ev=0.937 m_ev=0.699 m_v_bias=-1.5 m_adv_std=5.2205 m_kl_max=0.0120 m_ratio_max=0.801 return=-174.2 length=200 success_rate=0.00 collisions/ep=0.12 (n=8)
update=432 global_step=884736 SPS=398 w_ev=0.950 m_ev=0.592 m_v_bias=-1.4 m_adv_std=5.5564 m_kl_max=0.0309 m_ratio_max=1.697 return=-169.0 length=200 success_rate=0.00 collisions/ep=0.00 (n=8)
update=433 global_step=886784 SPS=399 w_ev=0.972 m_ev=0.971 m_v_bias=-2.5 m_adv_std=1.7286 m_kl_max=0.0117 m_ratio_max=0.982 return=-171.2 length=200 success_rate=0.00 collisions/ep=0.06 (n=16)
update=434 global_step=888832 SPS=399 w_ev=0.954 m_ev=0.981 m_v_bias=-0.9 m_adv_std=1.0795 m_kl_max=0.0308 m_ratio_max=0.852 return=-164.7 length=200 success_rate=0.00 collisions/ep=0.00 (n=8)
update=435 global_step=890880 SPS=400 w_ev=0.825 m_ev=0.132 m_v_bias=4.8 m_adv_std=24.8295 m_kl_max=0.0155 m_ratio_max=0.513 return=-191.9 length=200 success_rate=0.00 collisions/ep=0.50 (n=8)
Evaluation at update 435: return=-169.42, length=200.00, success_rate=0.00, collisions/ep=0.00
Solved-check at update 435: solved=False worst_gap=1189.67 at p_x0=2.00 p_y0=0.00 (consecutive=0)
update=436 global_step=892928 SPS=398 w_ev=0.961 m_ev=0.718 m_v_bias=-0.3 m_adv_std=6.6048 m_kl_max=0.0310 m_ratio_max=1.514 return=-172.9 length=200 success_rate=0.00 collisions/ep=0.12 (n=16)
update=437 global_step=894976 SPS=398 w_ev=0.913 m_ev=0.360 m_v_bias=4.7 m_adv_std=14.7975 m_kl_max=0.0301 m_ratio_max=0.972 return=-205.2 length=200 success_rate=0.00 collisions/ep=0.62 (n=8)
update=438 global_step=897024 SPS=399 w_ev=0.915 m_ev=0.443 m_v_bias=-2.7 m_adv_std=6.1376 m_kl_max=0.0396 m_ratio_max=0.750 return=-166.8 length=200 success_rate=0.00 collisions/ep=0.00 (n=8)
update=439 global_step=899072 SPS=399 w_ev=0.945 m_ev=0.881 m_v_bias=-3.0 m_adv_std=2.6248 m_kl_max=0.0264 m_ratio_max=1.188 return=-178.6 length=200 success_rate=0.00 collisions/ep=0.12 (n=8)
update=440 global_step=901120 SPS=400 w_ev=0.908 m_ev=0.233 m_v_bias=4.5 m_adv_std=19.4486 m_kl_max=0.0174 m_ratio_max=0.549 return=-179.7 length=200 success_rate=0.00 collisions/ep=0.25 (n=16)
Evaluation at update 440: return=-168.84, length=200.00, success_rate=0.00, collisions/ep=0.00
Solved-check at update 440: solved=False worst_gap=1186.92 at p_x0=2.00 p_y0=-0.50 (consecutive=0)
update=441 global_step=903168 SPS=398 w_ev=0.949 m_ev=0.939 m_v_bias=-2.1 m_adv_std=2.0354 m_kl_max=0.0317 m_ratio_max=0.689 return=-171.5 length=200 success_rate=0.00 collisions/ep=0.00 (n=8)
update=442 global_step=905216 SPS=398 w_ev=0.915 m_ev=0.403 m_v_bias=2.1 m_adv_std=10.2799 m_kl_max=0.0211 m_ratio_max=0.837 return=-180.2 length=200 success_rate=0.00 collisions/ep=0.25 (n=8)
update=443 global_step=907264 SPS=399 w_ev=0.976 m_ev=0.796 m_v_bias=-2.1 m_adv_std=4.6506 m_kl_max=0.0240 m_ratio_max=0.987 return=-173.1 length=200 success_rate=0.00 collisions/ep=0.12 (n=16)
update=444 global_step=909312 SPS=399 w_ev=0.968 m_ev=0.986 m_v_bias=-1.5 m_adv_std=1.2519 m_kl_max=0.0268 m_ratio_max=0.574 return=-164.7 length=200 success_rate=0.00 collisions/ep=0.00 (n=8)
update=445 global_step=911360 SPS=400 w_ev=0.945 m_ev=0.986 m_v_bias=-1.2 m_adv_std=0.9256 m_kl_max=0.0264 m_ratio_max=0.624 return=-163.9 length=200 success_rate=0.00 collisions/ep=0.00 (n=8)
Evaluation at update 445: return=-167.75, length=200.00, success_rate=0.00, collisions/ep=0.00
Solved-check at update 445: solved=False worst_gap=1185.51 at p_x0=2.00 p_y0=-0.50 (consecutive=0)
update=446 global_step=913408 SPS=398 w_ev=0.640 m_ev=0.018 m_v_bias=7.0 m_adv_std=42.4985 m_kl_max=0.0113 m_ratio_max=0.589 return=-166.9 length=200 success_rate=0.00 collisions/ep=0.00 (n=8)
update=447 global_step=915456 SPS=398 w_ev=0.950 m_ev=0.744 m_v_bias=-2.1 m_adv_std=5.5593 m_kl_max=0.0126 m_ratio_max=0.493 return=-192.3 length=200 success_rate=0.00 collisions/ep=0.50 (n=16)
update=448 global_step=917504 SPS=399 w_ev=0.948 m_ev=0.593 m_v_bias=-1.0 m_adv_std=6.6288 m_kl_max=0.0198 m_ratio_max=0.707 return=-164.9 length=200 success_rate=0.00 collisions/ep=0.00 (n=8)
update=449 global_step=919552 SPS=399 w_ev=0.927 m_ev=0.418 m_v_bias=0.7 m_adv_std=8.3309 m_kl_max=0.0163 m_ratio_max=0.581 return=-171.3 length=200 success_rate=0.00 collisions/ep=0.12 (n=8)
update=450 global_step=921600 SPS=400 w_ev=0.950 m_ev=0.953 m_v_bias=-2.1 m_adv_std=1.8765 m_kl_max=0.0210 m_ratio_max=0.660 return=-173.9 length=200 success_rate=0.00 collisions/ep=0.12 (n=16)
Evaluation at update 450: return=-165.66, length=200.00, success_rate=0.00, collisions/ep=0.00
Solved-check at update 450: solved=False worst_gap=1185.99 at p_x0=2.00 p_y0=0.00 (consecutive=0)
update=451 global_step=923648 SPS=398 w_ev=0.972 m_ev=0.521 m_v_bias=2.7 m_adv_std=10.0536 m_kl_max=0.0245 m_ratio_max=0.905 return=-178.2 length=200 success_rate=0.00 collisions/ep=0.25 (n=8)
update=452 global_step=925696 SPS=398 w_ev=0.928 m_ev=0.598 m_v_bias=-0.8 m_adv_std=6.4746 m_kl_max=0.0081 m_ratio_max=0.500 return=-177.6 length=200 success_rate=0.00 collisions/ep=0.25 (n=8)
update=453 global_step=927744 SPS=399 w_ev=0.956 m_ev=0.958 m_v_bias=-1.7 m_adv_std=1.7166 m_kl_max=0.0309 m_ratio_max=0.804 return=-169.1 length=200 success_rate=0.00 collisions/ep=0.00 (n=8)
update=454 global_step=929792 SPS=399 w_ev=0.959 m_ev=0.741 m_v_bias=0.6 m_adv_std=6.4135 m_kl_max=0.0175 m_ratio_max=0.628 return=-168.9 length=200 success_rate=0.00 collisions/ep=0.06 (n=16)
update=455 global_step=931840 SPS=400 w_ev=0.947 m_ev=0.980 m_v_bias=-1.4 m_adv_std=1.2565 m_kl_max=0.0287 m_ratio_max=1.320 return=-168.2 length=200 success_rate=0.00 collisions/ep=0.00 (n=8)
Evaluation at update 455: return=-164.97, length=200.00, success_rate=0.00, collisions/ep=0.00
Solved-check at update 455: solved=False worst_gap=1185.42 at p_x0=2.00 p_y0=0.00 (consecutive=0)
update=456 global_step=933888 SPS=398 w_ev=0.956 m_ev=0.801 m_v_bias=-0.4 m_adv_std=4.9697 m_kl_max=0.0248 m_ratio_max=1.231 return=-169.4 length=200 success_rate=0.00 collisions/ep=0.12 (n=8)
update=457 global_step=935936 SPS=398 w_ev=0.959 m_ev=0.517 m_v_bias=0.7 m_adv_std=8.7398 m_kl_max=0.0220 m_ratio_max=0.733 return=-168.8 length=200 success_rate=0.00 collisions/ep=0.12 (n=8)
update=458 global_step=937984 SPS=399 w_ev=0.962 m_ev=0.628 m_v_bias=1.4 m_adv_std=8.9193 m_kl_max=0.0356 m_ratio_max=1.131 return=-171.5 length=200 success_rate=0.00 collisions/ep=0.19 (n=16)
update=459 global_step=940032 SPS=399 w_ev=0.967 m_ev=0.968 m_v_bias=-2.3 m_adv_std=1.6317 m_kl_max=0.0171 m_ratio_max=0.594 return=-165.5 length=200 success_rate=0.00 collisions/ep=0.00 (n=8)
update=460 global_step=942080 SPS=400 w_ev=0.948 m_ev=0.547 m_v_bias=0.3 m_adv_std=8.0226 m_kl_max=0.0258 m_ratio_max=0.998 return=-171.2 length=200 success_rate=0.00 collisions/ep=0.12 (n=8)
Evaluation at update 460: return=-162.56, length=200.00, success_rate=0.00, collisions/ep=0.00
Solved-check at update 460: solved=False worst_gap=1182.59 at p_x0=2.00 p_y0=0.00 (consecutive=0)
update=461 global_step=944128 SPS=398 w_ev=0.983 m_ev=0.987 m_v_bias=-1.7 m_adv_std=1.4029 m_kl_max=0.0243 m_ratio_max=0.908 return=-163.9 length=200 success_rate=0.00 collisions/ep=0.06 (n=16)
update=462 global_step=946176 SPS=398 w_ev=0.961 m_ev=0.638 m_v_bias=1.1 m_adv_std=8.3545 m_kl_max=0.0092 m_ratio_max=0.527 return=-174.6 length=200 success_rate=0.00 collisions/ep=0.25 (n=8)
update=463 global_step=948224 SPS=399 w_ev=0.966 m_ev=0.980 m_v_bias=-1.4 m_adv_std=1.4106 m_kl_max=0.0214 m_ratio_max=0.894 return=-162.6 length=200 success_rate=0.00 collisions/ep=0.00 (n=8)
update=464 global_step=950272 SPS=399 w_ev=0.954 m_ev=0.474 m_v_bias=1.8 m_adv_std=9.5545 m_kl_max=0.0308 m_ratio_max=1.089 return=-166.1 length=200 success_rate=0.00 collisions/ep=0.12 (n=8)
update=465 global_step=952320 SPS=400 w_ev=0.959 m_ev=0.429 m_v_bias=2.4 m_adv_std=13.6168 m_kl_max=0.0193 m_ratio_max=0.592 return=-180.9 length=200 success_rate=0.00 collisions/ep=0.31 (n=16)
Evaluation at update 465: return=-162.84, length=200.00, success_rate=0.00, collisions/ep=0.00
Solved-check at update 465: solved=False worst_gap=1182.46 at p_x0=2.00 p_y0=1.00 (consecutive=0)
update=466 global_step=954368 SPS=397 w_ev=0.965 m_ev=0.794 m_v_bias=-1.8 m_adv_std=4.7925 m_kl_max=0.0278 m_ratio_max=0.830 return=-170.5 length=200 success_rate=0.00 collisions/ep=0.12 (n=8)
update=467 global_step=956416 SPS=398 w_ev=0.968 m_ev=0.978 m_v_bias=-2.2 m_adv_std=1.4076 m_kl_max=0.0172 m_ratio_max=0.539 return=-160.7 length=200 success_rate=0.00 collisions/ep=0.00 (n=8)
update=468 global_step=958464 SPS=398 w_ev=0.969 m_ev=0.629 m_v_bias=-0.1 m_adv_std=6.3920 m_kl_max=0.0191 m_ratio_max=1.287 return=-166.6 length=200 success_rate=0.00 collisions/ep=0.06 (n=16)
update=469 global_step=960512 SPS=399 w_ev=0.976 m_ev=0.988 m_v_bias=-1.5 m_adv_std=1.2068 m_kl_max=0.0252 m_ratio_max=1.165 return=-161.7 length=200 success_rate=0.00 collisions/ep=0.00 (n=8)
update=470 global_step=962560 SPS=399 w_ev=0.963 m_ev=0.972 m_v_bias=-1.4 m_adv_std=1.5709 m_kl_max=0.0348 m_ratio_max=1.399 return=-163.9 length=200 success_rate=0.00 collisions/ep=0.00 (n=8)
Evaluation at update 470: return=-159.59, length=200.00, success_rate=0.00, collisions/ep=0.00
Solved-check at update 470: solved=False worst_gap=1180.42 at p_x0=2.00 p_y0=0.00 (consecutive=0)
update=471 global_step=964608 SPS=397 w_ev=0.971 m_ev=0.738 m_v_bias=0.4 m_adv_std=6.5918 m_kl_max=0.0236 m_ratio_max=0.612 return=-160.8 length=200 success_rate=0.00 collisions/ep=0.00 (n=8)
update=472 global_step=966656 SPS=398 w_ev=0.985 m_ev=0.812 m_v_bias=0.5 m_adv_std=6.4373 m_kl_max=0.0259 m_ratio_max=0.656 return=-162.4 length=200 success_rate=0.00 collisions/ep=0.12 (n=16)
update=473 global_step=968704 SPS=398 w_ev=0.967 m_ev=0.985 m_v_bias=-1.6 m_adv_std=1.2206 m_kl_max=0.0494 m_ratio_max=1.344 return=-158.6 length=200 success_rate=0.00 collisions/ep=0.00 (n=8)
update=474 global_step=970752 SPS=399 w_ev=0.965 m_ev=0.719 m_v_bias=-0.1 m_adv_std=6.2135 m_kl_max=0.0201 m_ratio_max=1.357 return=-167.4 length=200 success_rate=0.00 collisions/ep=0.12 (n=8)
update=475 global_step=972800 SPS=399 w_ev=0.969 m_ev=0.621 m_v_bias=0.4 m_adv_std=7.9436 m_kl_max=0.0171 m_ratio_max=0.535 return=-165.2 length=200 success_rate=0.00 collisions/ep=0.12 (n=16)
Evaluation at update 475: return=-157.04, length=200.00, success_rate=0.00, collisions/ep=0.00
Solved-check at update 475: solved=False worst_gap=1177.42 at p_x0=2.00 p_y0=0.50 (consecutive=0)
update=476 global_step=974848 SPS=397 w_ev=0.988 m_ev=0.986 m_v_bias=-1.9 m_adv_std=1.6136 m_kl_max=0.0272 m_ratio_max=0.992 return=-155.2 length=200 success_rate=0.00 collisions/ep=0.00 (n=8)
update=477 global_step=976896 SPS=398 w_ev=0.969 m_ev=0.779 m_v_bias=-0.2 m_adv_std=5.6897 m_kl_max=0.0476 m_ratio_max=1.026 return=-161.1 length=200 success_rate=0.00 collisions/ep=0.12 (n=8)
update=478 global_step=978944 SPS=398 w_ev=0.976 m_ev=0.768 m_v_bias=0.2 m_adv_std=6.6230 m_kl_max=0.0175 m_ratio_max=0.922 return=-163.5 length=200 success_rate=0.00 collisions/ep=0.12 (n=8)
update=479 global_step=980992 SPS=399 w_ev=0.969 m_ev=0.438 m_v_bias=2.3 m_adv_std=12.5924 m_kl_max=0.0248 m_ratio_max=0.910 return=-166.7 length=200 success_rate=0.00 collisions/ep=0.19 (n=16)
update=480 global_step=983040 SPS=399 w_ev=0.956 m_ev=0.932 m_v_bias=-1.9 m_adv_std=2.8142 m_kl_max=0.0267 m_ratio_max=0.551 return=-156.4 length=200 success_rate=0.00 collisions/ep=0.00 (n=8)
Evaluation at update 480: return=-156.23, length=200.00, success_rate=0.00, collisions/ep=0.00
Solved-check at update 480: solved=False worst_gap=1175.75 at p_x0=2.00 p_y0=-0.50 (consecutive=0)
update=481 global_step=985088 SPS=397 w_ev=0.957 m_ev=0.974 m_v_bias=-1.4 m_adv_std=1.9464 m_kl_max=0.0306 m_ratio_max=0.724 return=-159.7 length=200 success_rate=0.00 collisions/ep=0.00 (n=8)
update=482 global_step=987136 SPS=397 w_ev=0.953 m_ev=0.673 m_v_bias=1.1 m_adv_std=8.1448 m_kl_max=0.0181 m_ratio_max=0.999 return=-157.8 length=200 success_rate=0.00 collisions/ep=0.12 (n=8)
update=483 global_step=989184 SPS=398 w_ev=0.966 m_ev=0.584 m_v_bias=2.1 m_adv_std=12.7547 m_kl_max=0.0198 m_ratio_max=0.633 return=-162.1 length=200 success_rate=0.00 collisions/ep=0.19 (n=16)
update=484 global_step=991232 SPS=399 w_ev=0.955 m_ev=0.757 m_v_bias=-0.7 m_adv_std=6.5336 m_kl_max=0.0352 m_ratio_max=1.509 return=-164.0 length=200 success_rate=0.00 collisions/ep=0.12 (n=8)
update=485 global_step=993280 SPS=399 w_ev=0.956 m_ev=0.775 m_v_bias=-0.5 m_adv_std=6.5662 m_kl_max=0.0153 m_ratio_max=0.802 return=-156.3 length=200 success_rate=0.00 collisions/ep=0.00 (n=8)
Evaluation at update 485: return=-155.80, length=200.00, success_rate=0.00, collisions/ep=0.00
Solved-check at update 485: solved=False worst_gap=1177.27 at p_x0=2.00 p_y0=-0.50 (consecutive=0)
update=486 global_step=995328 SPS=397 w_ev=0.970 m_ev=0.986 m_v_bias=-2.2 m_adv_std=1.5012 m_kl_max=0.0396 m_ratio_max=2.344 return=-158.1 length=200 success_rate=0.00 collisions/ep=0.06 (n=16)
update=487 global_step=997376 SPS=397 w_ev=0.963 m_ev=0.780 m_v_bias=-0.0 m_adv_std=6.2576 m_kl_max=0.0259 m_ratio_max=1.139 return=-158.5 length=200 success_rate=0.00 collisions/ep=0.00 (n=8)
update=488 global_step=999424 SPS=398 w_ev=0.956 m_ev=0.989 m_v_bias=-1.4 m_adv_std=1.1825 m_kl_max=0.0262 m_ratio_max=0.629 return=-162.2 length=200 success_rate=0.00 collisions/ep=0.12 (n=8)
update=489 global_step=1001472 SPS=398 w_ev=0.951 m_ev=0.764 m_v_bias=0.2 m_adv_std=6.2495 m_kl_max=0.0440 m_ratio_max=0.957 return=-161.4 length=200 success_rate=0.00 collisions/ep=0.12 (n=8)
update=490 global_step=1003520 SPS=399 w_ev=0.958 m_ev=0.841 m_v_bias=0.5 m_adv_std=6.1099 m_kl_max=0.0168 m_ratio_max=0.616 return=-158.9 length=200 success_rate=0.00 collisions/ep=0.06 (n=16)
Evaluation at update 490: return=-154.45, length=200.00, success_rate=0.00, collisions/ep=0.00
Solved-check at update 490: solved=False worst_gap=1173.22 at p_x0=2.00 p_y0=0.00 (consecutive=0)
update=491 global_step=1005568 SPS=397 w_ev=0.958 m_ev=0.798 m_v_bias=0.4 m_adv_std=6.3465 m_kl_max=0.0272 m_ratio_max=0.796 return=-163.1 length=200 success_rate=0.00 collisions/ep=0.12 (n=8)
update=492 global_step=1007616 SPS=397 w_ev=0.962 m_ev=0.988 m_v_bias=-1.3 m_adv_std=1.2198 m_kl_max=0.0194 m_ratio_max=0.794 return=-150.6 length=200 success_rate=0.00 collisions/ep=0.00 (n=8)
update=493 global_step=1009664 SPS=398 w_ev=0.965 m_ev=0.779 m_v_bias=0.6 m_adv_std=6.1448 m_kl_max=0.0280 m_ratio_max=0.854 return=-158.4 length=200 success_rate=0.00 collisions/ep=0.06 (n=16)
update=494 global_step=1011712 SPS=398 w_ev=0.974 m_ev=0.991 m_v_bias=-1.1 m_adv_std=1.4240 m_kl_max=0.0171 m_ratio_max=0.806 return=-153.6 length=200 success_rate=0.00 collisions/ep=0.00 (n=8)
update=495 global_step=1013760 SPS=399 w_ev=0.969 m_ev=0.991 m_v_bias=-1.2 m_adv_std=1.1150 m_kl_max=0.0384 m_ratio_max=0.979 return=-148.6 length=200 success_rate=0.00 collisions/ep=0.00 (n=8)
Evaluation at update 495: return=-151.97, length=200.00, success_rate=0.00, collisions/ep=0.00
Solved-check at update 495: solved=False worst_gap=1173.27 at p_x0=2.00 p_y0=-0.50 (consecutive=0)
update=496 global_step=1015808 SPS=397 w_ev=0.960 m_ev=0.356 m_v_bias=3.3 m_adv_std=14.1306 m_kl_max=0.0121 m_ratio_max=0.456 return=-156.0 length=200 success_rate=0.00 collisions/ep=0.12 (n=8)
update=497 global_step=1017856 SPS=397 w_ev=0.910 m_ev=0.167 m_v_bias=10.7 m_adv_std=41.3720 m_kl_max=0.0428 m_ratio_max=1.538 return=-191.3 length=200 success_rate=0.00 collisions/ep=0.81 (n=16)
update=498 global_step=1019904 SPS=398 w_ev=0.938 m_ev=0.858 m_v_bias=-5.7 m_adv_std=4.7974 m_kl_max=0.0125 m_ratio_max=0.472 return=-149.3 length=200 success_rate=0.00 collisions/ep=0.00 (n=8)
update=499 global_step=1021952 SPS=398 w_ev=0.959 m_ev=0.964 m_v_bias=-3.6 m_adv_std=2.2347 m_kl_max=0.0375 m_ratio_max=1.291 return=-153.7 length=200 success_rate=0.00 collisions/ep=0.00 (n=8)
update=500 global_step=1024000 SPS=399 w_ev=0.905 m_ev=0.383 m_v_bias=-0.1 m_adv_std=16.8741 m_kl_max=0.0646 m_ratio_max=2.494 return=-169.9 length=200 success_rate=0.00 collisions/ep=0.31 (n=16)
Evaluation at update 500: return=-151.97, length=200.00, success_rate=0.00, collisions/ep=0.00
Solved-check at update 500: solved=False worst_gap=1172.52 at p_x0=2.00 p_y0=0.50 (consecutive=0)
Saved checkpoints to C:\Users\loren\Desktop\MASTER THESIS\5_CODE\scenarios\slalom\studies\disturbed_0.005_0.05\hppo\runs\hppo_slalom_3_1791111881
