Using device: cpu
Solved-check: precomputed optimal returns for 25 fixed initial conditions (mean=1011.8, min=1007.0, max=1014.0); solved-tolerance=5.0
num_envs=8 num_steps_per_env=256 worker_batch_size=2048 worker_minibatch_size=256 num_updates=500 timesteps=1024000
update=1 global_step=2048 SPS=1153 w_ev=-0.028 m_ev=0.001 m_v_bias=214.4 m_adv_std=170.9615 m_kl_max=0.0019 m_ratio_max=0.190 return=-896.1 length=200 success_rate=0.00 collisions/ep=14.00 (n=8)
update=2 global_step=4096 SPS=1130 w_ev=0.070 m_ev=-0.123 m_v_bias=20.2 m_adv_std=240.3146 m_kl_max=0.0021 m_ratio_max=0.212 w_ax@goal=+0.26 w_v@goal=-3.40 return=-540.0 length=198 success_rate=0.12 collisions/ep=9.50 (n=8)
update=3 global_step=6144 SPS=1176 w_ev=0.294 m_ev=0.053 m_v_bias=8.5 m_adv_std=74.1191 m_kl_max=0.0006 m_ratio_max=0.202 return=-502.1 length=200 success_rate=0.00 collisions/ep=5.88 (n=8)
update=4 global_step=8192 SPS=1098 w_ev=0.728 m_ev=0.290 m_v_bias=-27.7 m_adv_std=50.4191 m_kl_max=0.0012 m_ratio_max=0.178 return=-380.4 length=200 success_rate=0.00 collisions/ep=3.94 (n=16)
update=5 global_step=10240 SPS=1131 w_ev=0.734 m_ev=0.381 m_v_bias=-23.6 m_adv_std=45.4844 m_kl_max=0.0020 m_ratio_max=0.202 return=-263.5 length=200 success_rate=0.00 collisions/ep=1.12 (n=8)
Evaluation at update 5: return=-220.66, length=200.00, success_rate=0.00, collisions/ep=0.00
Solved-check at update 5: solved=False worst_gap=1240.96 at p_x0=2.00 p_y0=0.50 (consecutive=0)
update=6 global_step=12288 SPS=438 w_ev=0.606 m_ev=0.372 m_v_bias=3.7 m_adv_std=68.6396 m_kl_max=0.0022 m_ratio_max=0.303 return=-355.5 length=200 success_rate=0.00 collisions/ep=3.12 (n=8)
update=7 global_step=14336 SPS=480 w_ev=0.455 m_ev=-1.012 m_v_bias=-21.0 m_adv_std=30.0087 m_kl_max=0.0021 m_ratio_max=0.322 return=-262.5 length=200 success_rate=0.00 collisions/ep=0.78 (n=9)
update=8 global_step=16384 SPS=516 w_ev=0.214 m_ev=-0.039 m_v_bias=-10.9 m_adv_std=10.9408 m_kl_max=0.0005 m_ratio_max=0.127 return=-231.5 length=200 success_rate=0.00 collisions/ep=0.27 (n=15)
update=9 global_step=18432 SPS=541 w_ev=0.025 m_ev=-0.142 m_v_bias=-7.9 m_adv_std=9.9867 m_kl_max=0.0038 m_ratio_max=0.305 return=-224.1 length=200 success_rate=0.00 collisions/ep=0.12 (n=8)
update=10 global_step=20480 SPS=567 w_ev=0.096 m_ev=0.132 m_v_bias=-5.9 m_adv_std=8.2799 m_kl_max=0.0020 m_ratio_max=0.229 return=-220.2 length=200 success_rate=0.00 collisions/ep=0.00 (n=8)
Evaluation at update 10: return=-220.67, length=200.00, success_rate=0.00, collisions/ep=0.00
Solved-check at update 10: solved=False worst_gap=1240.96 at p_x0=2.00 p_y0=0.50 (consecutive=0)
update=11 global_step=22528 SPS=413 w_ev=0.324 m_ev=0.665 m_v_bias=-2.2 m_adv_std=5.7188 m_kl_max=0.0066 m_ratio_max=0.401 return=-215.1 length=200 success_rate=0.00 collisions/ep=0.00 (n=16)
update=12 global_step=24576 SPS=435 w_ev=0.369 m_ev=0.418 m_v_bias=-0.9 m_adv_std=18.0284 m_kl_max=0.0041 m_ratio_max=0.302 return=-230.9 length=200 success_rate=0.00 collisions/ep=0.38 (n=8)
update=13 global_step=26624 SPS=454 w_ev=0.423 m_ev=0.440 m_v_bias=2.3 m_adv_std=18.3042 m_kl_max=0.0042 m_ratio_max=0.241 return=-246.8 length=200 success_rate=0.00 collisions/ep=0.75 (n=8)
update=14 global_step=28672 SPS=474 w_ev=0.267 m_ev=0.135 m_v_bias=-4.7 m_adv_std=14.2476 m_kl_max=0.0052 m_ratio_max=0.519 return=-219.7 length=200 success_rate=0.00 collisions/ep=0.33 (n=9)
update=15 global_step=30720 SPS=491 w_ev=0.167 m_ev=0.156 m_v_bias=-2.3 m_adv_std=19.4878 m_kl_max=0.0142 m_ratio_max=0.666 return=-221.7 length=200 success_rate=0.00 collisions/ep=0.33 (n=15)
Evaluation at update 15: return=-201.49, length=200.00, success_rate=0.00, collisions/ep=0.00
Solved-check at update 15: solved=False worst_gap=1220.31 at p_x0=2.00 p_y0=1.00 (consecutive=0)
update=16 global_step=32768 SPS=407 w_ev=0.173 m_ev=0.512 m_v_bias=-4.3 m_adv_std=6.7346 m_kl_max=0.0095 m_ratio_max=0.615 return=-219.7 length=200 success_rate=0.00 collisions/ep=0.25 (n=8)
update=17 global_step=34816 SPS=422 w_ev=0.231 m_ev=0.153 m_v_bias=8.0 m_adv_std=46.5903 m_kl_max=0.0024 m_ratio_max=0.233 return=-216.8 length=200 success_rate=0.00 collisions/ep=0.50 (n=8)
update=18 global_step=36864 SPS=438 w_ev=0.276 m_ev=0.487 m_v_bias=-7.2 m_adv_std=9.5563 m_kl_max=0.0054 m_ratio_max=0.650 return=-223.4 length=200 success_rate=0.00 collisions/ep=0.56 (n=16)
update=19 global_step=38912 SPS=453 w_ev=0.227 m_ev=0.793 m_v_bias=-0.9 m_adv_std=6.4045 m_kl_max=0.0074 m_ratio_max=0.351 return=-206.4 length=200 success_rate=0.00 collisions/ep=0.12 (n=8)
update=20 global_step=40960 SPS=465 w_ev=0.367 m_ev=0.489 m_v_bias=-2.9 m_adv_std=12.2970 m_kl_max=0.0063 m_ratio_max=0.372 return=-213.7 length=200 success_rate=0.00 collisions/ep=0.38 (n=8)
Evaluation at update 20: return=-186.13, length=200.00, success_rate=0.00, collisions/ep=0.00
Solved-check at update 20: solved=False worst_gap=1205.19 at p_x0=2.00 p_y0=0.00 (consecutive=0)
update=21 global_step=43008 SPS=404 w_ev=0.232 m_ev=0.055 m_v_bias=31.5 m_adv_std=110.1629 m_kl_max=0.0161 m_ratio_max=0.724 return=-213.3 length=200 success_rate=0.00 collisions/ep=0.50 (n=8)
update=22 global_step=45056 SPS=415 w_ev=0.582 m_ev=0.197 m_v_bias=5.9 m_adv_std=61.2332 m_kl_max=0.0084 m_ratio_max=0.526 return=-310.1 length=200 success_rate=0.00 collisions/ep=2.50 (n=16)
update=23 global_step=47104 SPS=426 w_ev=0.541 m_ev=0.349 m_v_bias=-8.0 m_adv_std=37.1803 m_kl_max=0.0155 m_ratio_max=0.684 return=-271.5 length=200 success_rate=0.00 collisions/ep=1.38 (n=8)
update=24 global_step=49152 SPS=437 w_ev=0.529 m_ev=-0.216 m_v_bias=-4.4 m_adv_std=17.4220 m_kl_max=0.0089 m_ratio_max=0.522 return=-205.6 length=200 success_rate=0.00 collisions/ep=0.00 (n=8)
update=25 global_step=51200 SPS=449 w_ev=0.207 m_ev=0.383 m_v_bias=-3.8 m_adv_std=7.9355 m_kl_max=0.0064 m_ratio_max=0.440 return=-207.0 length=200 success_rate=0.00 collisions/ep=0.00 (n=16)
Evaluation at update 25: return=-202.28, length=200.00, success_rate=0.00, collisions/ep=0.00
Solved-check at update 25: solved=False worst_gap=1221.13 at p_x0=2.00 p_y0=0.50 (consecutive=0)
update=26 global_step=53248 SPS=403 w_ev=0.238 m_ev=0.665 m_v_bias=-2.8 m_adv_std=5.0555 m_kl_max=0.0133 m_ratio_max=0.477 return=-201.0 length=200 success_rate=0.00 collisions/ep=0.00 (n=8)
update=27 global_step=55296 SPS=413 w_ev=0.356 m_ev=0.579 m_v_bias=-2.5 m_adv_std=7.5793 m_kl_max=0.0147 m_ratio_max=0.448 return=-196.8 length=200 success_rate=0.00 collisions/ep=0.00 (n=8)
update=28 global_step=57344 SPS=422 w_ev=0.598 m_ev=0.806 m_v_bias=-3.5 m_adv_std=4.1193 m_kl_max=0.0294 m_ratio_max=1.025 return=-194.5 length=200 success_rate=0.00 collisions/ep=0.12 (n=8)
update=29 global_step=59392 SPS=431 w_ev=0.527 m_ev=0.085 m_v_bias=36.3 m_adv_std=84.8217 m_kl_max=0.0101 m_ratio_max=0.413 return=-272.3 length=200 success_rate=0.00 collisions/ep=1.88 (n=16)
update=30 global_step=61440 SPS=441 w_ev=0.515 m_ev=-0.236 m_v_bias=-7.3 m_adv_std=21.2358 m_kl_max=0.0192 m_ratio_max=0.734 return=-204.9 length=200 success_rate=0.00 collisions/ep=0.25 (n=8)
Evaluation at update 30: return=-186.28, length=200.00, success_rate=0.00, collisions/ep=0.00
Solved-check at update 30: solved=False worst_gap=1205.88 at p_x0=2.00 p_y0=0.00 (consecutive=0)
update=31 global_step=63488 SPS=404 w_ev=0.630 m_ev=0.531 m_v_bias=-8.6 m_adv_std=13.2838 m_kl_max=0.0083 m_ratio_max=0.543 return=-205.5 length=200 success_rate=0.00 collisions/ep=0.38 (n=8)
update=32 global_step=65536 SPS=412 w_ev=0.804 m_ev=0.801 m_v_bias=-6.4 m_adv_std=7.2736 m_kl_max=0.0149 m_ratio_max=0.452 return=-194.0 length=200 success_rate=0.00 collisions/ep=0.11 (n=9)
update=33 global_step=67584 SPS=419 w_ev=0.673 m_ev=0.727 m_v_bias=-2.0 m_adv_std=5.0242 m_kl_max=0.0217 m_ratio_max=0.636 return=-186.4 length=200 success_rate=0.00 collisions/ep=0.00 (n=15)
update=34 global_step=69632 SPS=426 w_ev=0.739 m_ev=0.842 m_v_bias=-5.0 m_adv_std=3.8159 m_kl_max=0.0182 m_ratio_max=0.736 return=-181.9 length=200 success_rate=0.00 collisions/ep=0.00 (n=8)
update=35 global_step=71680 SPS=434 w_ev=0.649 m_ev=0.384 m_v_bias=-1.1 m_adv_std=14.9448 m_kl_max=0.0081 m_ratio_max=0.504 return=-204.9 length=200 success_rate=0.00 collisions/ep=0.38 (n=8)
Evaluation at update 35: return=-186.51, length=200.00, success_rate=0.00, collisions/ep=0.00
Solved-check at update 35: solved=False worst_gap=1206.38 at p_x0=2.00 p_y0=0.00 (consecutive=0)
update=36 global_step=73728 SPS=402 w_ev=0.713 m_ev=0.449 m_v_bias=-0.6 m_adv_std=16.1759 m_kl_max=0.0090 m_ratio_max=0.413 return=-192.4 length=200 success_rate=0.00 collisions/ep=0.19 (n=16)
update=37 global_step=75776 SPS=409 w_ev=0.515 m_ev=0.578 m_v_bias=3.1 m_adv_std=12.1598 m_kl_max=0.0088 m_ratio_max=0.539 return=-204.5 length=200 success_rate=0.00 collisions/ep=0.38 (n=8)
update=38 global_step=77824 SPS=415 w_ev=0.517 m_ev=0.671 m_v_bias=-0.7 m_adv_std=7.2039 m_kl_max=0.0060 m_ratio_max=0.419 return=-196.6 length=200 success_rate=0.00 collisions/ep=0.12 (n=8)
update=39 global_step=79872 SPS=422 w_ev=0.537 m_ev=0.188 m_v_bias=17.9 m_adv_std=45.0624 m_kl_max=0.0166 m_ratio_max=0.575 return=-227.9 length=200 success_rate=0.00 collisions/ep=0.78 (n=9)
update=40 global_step=81920 SPS=429 w_ev=0.379 m_ev=0.059 m_v_bias=6.6 m_adv_std=45.6835 m_kl_max=0.0165 m_ratio_max=0.504 return=-253.5 length=200 success_rate=0.00 collisions/ep=1.40 (n=15)
Evaluation at update 40: return=-188.97, length=200.00, success_rate=0.00, collisions/ep=0.00
Solved-check at update 40: solved=False worst_gap=1209.21 at p_x0=2.00 p_y0=0.00 (consecutive=0)
update=41 global_step=83968 SPS=402 w_ev=0.565 m_ev=0.199 m_v_bias=-6.4 m_adv_std=25.6887 m_kl_max=0.0131 m_ratio_max=0.620 return=-192.5 length=200 success_rate=0.00 collisions/ep=0.00 (n=8)
update=42 global_step=86016 SPS=409 w_ev=0.432 m_ev=0.126 m_v_bias=14.9 m_adv_std=84.2401 m_kl_max=0.0168 m_ratio_max=0.761 return=-220.1 length=200 success_rate=0.00 collisions/ep=0.50 (n=8)
update=43 global_step=88064 SPS=414 w_ev=0.468 m_ev=-0.452 m_v_bias=-6.9 m_adv_std=17.5322 m_kl_max=0.0117 m_ratio_max=0.439 return=-254.9 length=200 success_rate=0.00 collisions/ep=1.12 (n=16)
update=44 global_step=90112 SPS=420 w_ev=0.342 m_ev=0.325 m_v_bias=-4.7 m_adv_std=6.7524 m_kl_max=0.0096 m_ratio_max=0.435 return=-203.6 length=200 success_rate=0.00 collisions/ep=0.00 (n=8)
update=45 global_step=92160 SPS=426 w_ev=0.321 m_ev=0.650 m_v_bias=-2.5 m_adv_std=4.9278 m_kl_max=0.0179 m_ratio_max=0.861 return=-192.1 length=200 success_rate=0.00 collisions/ep=0.00 (n=8)
Evaluation at update 45: return=-193.53, length=200.00, success_rate=0.00, collisions/ep=0.00
Solved-check at update 45: solved=False worst_gap=1213.81 at p_x0=2.00 p_y0=0.00 (consecutive=0)
update=46 global_step=94208 SPS=402 w_ev=0.486 m_ev=0.577 m_v_bias=-1.1 m_adv_std=8.9963 m_kl_max=0.0143 m_ratio_max=0.498 return=-206.1 length=200 success_rate=0.00 collisions/ep=0.25 (n=8)
update=47 global_step=96256 SPS=407 w_ev=0.638 m_ev=0.372 m_v_bias=4.3 m_adv_std=24.0352 m_kl_max=0.0088 m_ratio_max=0.429 return=-212.7 length=200 success_rate=0.00 collisions/ep=0.38 (n=16)
update=48 global_step=98304 SPS=413 w_ev=0.488 m_ev=0.066 m_v_bias=-3.7 m_adv_std=7.4100 m_kl_max=0.0177 m_ratio_max=0.479 return=-187.1 length=200 success_rate=0.00 collisions/ep=0.00 (n=8)
update=49 global_step=100352 SPS=418 w_ev=0.229 m_ev=0.343 m_v_bias=0.1 m_adv_std=6.5226 m_kl_max=0.0327 m_ratio_max=1.033 return=-193.1 length=200 success_rate=0.00 collisions/ep=0.00 (n=8)
update=50 global_step=102400 SPS=423 w_ev=0.470 m_ev=0.740 m_v_bias=-2.4 m_adv_std=3.7181 m_kl_max=0.0632 m_ratio_max=0.875 return=-196.3 length=200 success_rate=0.00 collisions/ep=0.06 (n=16)
Evaluation at update 50: return=-183.31, length=200.00, success_rate=0.00, collisions/ep=0.00
Solved-check at update 50: solved=False worst_gap=1203.29 at p_x0=2.00 p_y0=0.00 (consecutive=0)
update=51 global_step=104448 SPS=401 w_ev=0.588 m_ev=0.803 m_v_bias=-4.3 m_adv_std=3.3169 m_kl_max=0.0424 m_ratio_max=0.978 return=-186.3 length=200 success_rate=0.00 collisions/ep=0.00 (n=8)
update=52 global_step=106496 SPS=406 w_ev=0.644 m_ev=0.612 m_v_bias=-2.2 m_adv_std=6.5453 m_kl_max=0.0089 m_ratio_max=0.456 return=-183.5 length=200 success_rate=0.00 collisions/ep=0.12 (n=8)
update=53 global_step=108544 SPS=412 w_ev=0.552 m_ev=0.899 m_v_bias=-1.8 m_adv_std=2.3044 m_kl_max=0.0345 m_ratio_max=0.705 return=-189.1 length=200 success_rate=0.00 collisions/ep=0.00 (n=8)
update=54 global_step=110592 SPS=416 w_ev=0.762 m_ev=0.672 m_v_bias=-0.0 m_adv_std=8.1579 m_kl_max=0.0206 m_ratio_max=0.506 return=-186.1 length=200 success_rate=0.00 collisions/ep=0.12 (n=16)
update=55 global_step=112640 SPS=420 w_ev=0.656 m_ev=0.188 m_v_bias=4.3 m_adv_std=15.9279 m_kl_max=0.0221 m_ratio_max=0.689 return=-194.9 length=200 success_rate=0.00 collisions/ep=0.38 (n=8)
Evaluation at update 55: return=-175.88, length=200.00, success_rate=0.00, collisions/ep=0.00
Solved-check at update 55: solved=False worst_gap=1196.05 at p_x0=2.00 p_y0=0.00 (consecutive=0)
update=56 global_step=114688 SPS=400 w_ev=0.458 m_ev=0.095 m_v_bias=15.1 m_adv_std=47.4433 m_kl_max=0.0271 m_ratio_max=0.791 return=-212.2 length=200 success_rate=0.00 collisions/ep=0.62 (n=8)
update=57 global_step=116736 SPS=404 w_ev=0.634 m_ev=0.121 m_v_bias=0.9 m_adv_std=32.9720 m_kl_max=0.0185 m_ratio_max=1.048 return=-269.5 length=200 success_rate=0.00 collisions/ep=1.89 (n=9)
update=58 global_step=118784 SPS=409 w_ev=0.642 m_ev=0.151 m_v_bias=-1.0 m_adv_std=31.2323 m_kl_max=0.0279 m_ratio_max=1.046 return=-215.5 length=200 success_rate=0.00 collisions/ep=0.67 (n=15)
update=59 global_step=120832 SPS=413 w_ev=0.668 m_ev=0.107 m_v_bias=-6.6 m_adv_std=7.1575 m_kl_max=0.0106 m_ratio_max=0.616 return=-186.3 length=200 success_rate=0.00 collisions/ep=0.00 (n=8)
update=60 global_step=122880 SPS=417 w_ev=0.715 m_ev=0.635 m_v_bias=-3.8 m_adv_std=7.0084 m_kl_max=0.0196 m_ratio_max=0.652 return=-186.1 length=200 success_rate=0.00 collisions/ep=0.00 (n=8)
Evaluation at update 60: return=-179.55, length=200.00, success_rate=0.00, collisions/ep=0.00
Solved-check at update 60: solved=False worst_gap=1199.63 at p_x0=2.00 p_y0=0.00 (consecutive=0)
update=61 global_step=124928 SPS=399 w_ev=0.757 m_ev=0.790 m_v_bias=-2.9 m_adv_std=5.6737 m_kl_max=0.0070 m_ratio_max=0.331 return=-183.8 length=200 success_rate=0.00 collisions/ep=0.12 (n=16)
update=62 global_step=126976 SPS=403 w_ev=0.713 m_ev=0.812 m_v_bias=-1.6 m_adv_std=3.3016 m_kl_max=0.0252 m_ratio_max=0.566 return=-177.3 length=200 success_rate=0.00 collisions/ep=0.00 (n=8)
update=63 global_step=129024 SPS=407 w_ev=0.636 m_ev=0.852 m_v_bias=-2.0 m_adv_std=2.7893 m_kl_max=0.0336 m_ratio_max=0.982 return=-180.3 length=200 success_rate=0.00 collisions/ep=0.00 (n=8)
update=64 global_step=131072 SPS=411 w_ev=0.640 m_ev=0.882 m_v_bias=-2.6 m_adv_std=2.5343 m_kl_max=0.0192 m_ratio_max=0.486 return=-179.5 length=200 success_rate=0.00 collisions/ep=0.00 (n=9)
update=65 global_step=133120 SPS=415 w_ev=0.310 m_ev=0.042 m_v_bias=21.3 m_adv_std=84.1378 m_kl_max=0.0355 m_ratio_max=0.959 return=-237.9 length=200 success_rate=0.00 collisions/ep=1.13 (n=15)
Evaluation at update 65: return=-174.41, length=200.00, success_rate=0.00, collisions/ep=0.00
Solved-check at update 65: solved=False worst_gap=1194.44 at p_x0=2.00 p_y0=1.00 (consecutive=0)
update=66 global_step=135168 SPS=398 w_ev=0.682 m_ev=0.393 m_v_bias=0.3 m_adv_std=22.1431 m_kl_max=0.0301 m_ratio_max=1.346 return=-203.3 length=200 success_rate=0.00 collisions/ep=0.50 (n=8)
update=67 global_step=137216 SPS=402 w_ev=0.695 m_ev=-0.266 m_v_bias=-2.7 m_adv_std=14.3494 m_kl_max=0.0190 m_ratio_max=0.804 return=-181.0 length=200 success_rate=0.00 collisions/ep=0.00 (n=8)
update=68 global_step=139264 SPS=405 w_ev=0.829 m_ev=0.692 m_v_bias=-4.1 m_adv_std=4.8793 m_kl_max=0.0255 m_ratio_max=0.941 return=-184.1 length=200 success_rate=0.00 collisions/ep=0.12 (n=16)
update=69 global_step=141312 SPS=409 w_ev=0.781 m_ev=0.231 m_v_bias=-0.3 m_adv_std=13.6851 m_kl_max=0.0255 m_ratio_max=0.955 return=-193.9 length=200 success_rate=0.00 collisions/ep=0.25 (n=8)
update=70 global_step=143360 SPS=413 w_ev=0.774 m_ev=0.857 m_v_bias=-3.0 m_adv_std=2.8666 m_kl_max=0.0262 m_ratio_max=0.811 return=-180.8 length=200 success_rate=0.00 collisions/ep=0.00 (n=8)
Evaluation at update 70: return=-172.16, length=200.00, success_rate=0.00, collisions/ep=0.00
Solved-check at update 70: solved=False worst_gap=1192.50 at p_x0=2.00 p_y0=0.00 (consecutive=0)
update=71 global_step=145408 SPS=398 w_ev=0.549 m_ev=0.109 m_v_bias=4.9 m_adv_std=35.9592 m_kl_max=0.0210 m_ratio_max=0.827 return=-219.5 length=200 success_rate=0.00 collisions/ep=0.88 (n=8)
update=72 global_step=147456 SPS=401 w_ev=0.788 m_ev=0.620 m_v_bias=-1.9 m_adv_std=8.5562 m_kl_max=0.0082 m_ratio_max=0.576 return=-183.1 length=200 success_rate=0.00 collisions/ep=0.19 (n=16)
update=73 global_step=149504 SPS=404 w_ev=0.721 m_ev=0.831 m_v_bias=-2.4 m_adv_std=3.0247 m_kl_max=0.0402 m_ratio_max=0.639 return=-180.4 length=200 success_rate=0.00 collisions/ep=0.00 (n=8)
update=74 global_step=151552 SPS=408 w_ev=0.611 m_ev=-0.020 m_v_bias=6.1 m_adv_std=34.0472 m_kl_max=0.0367 m_ratio_max=1.480 return=-192.0 length=200 success_rate=0.00 collisions/ep=0.38 (n=8)
update=75 global_step=153600 SPS=411 w_ev=0.721 m_ev=0.121 m_v_bias=-0.6 m_adv_std=18.7622 m_kl_max=0.0157 m_ratio_max=0.884 return=-197.8 length=200 success_rate=0.00 collisions/ep=0.50 (n=16)
Evaluation at update 75: return=-171.68, length=200.00, success_rate=0.00, collisions/ep=0.00
Solved-check at update 75: solved=False worst_gap=1192.15 at p_x0=2.00 p_y0=0.00 (consecutive=0)
update=76 global_step=155648 SPS=397 w_ev=0.901 m_ev=0.764 m_v_bias=-5.9 m_adv_std=4.4543 m_kl_max=0.0153 m_ratio_max=0.510 return=-171.1 length=200 success_rate=0.00 collisions/ep=0.00 (n=8)
update=77 global_step=157696 SPS=400 w_ev=0.501 m_ev=0.014 m_v_bias=5.0 m_adv_std=35.7077 m_kl_max=0.0139 m_ratio_max=0.706 return=-195.1 length=200 success_rate=0.00 collisions/ep=0.50 (n=8)
update=78 global_step=159744 SPS=403 w_ev=0.796 m_ev=0.373 m_v_bias=-3.9 m_adv_std=7.4269 m_kl_max=0.0189 m_ratio_max=0.779 return=-208.2 length=200 success_rate=0.00 collisions/ep=0.75 (n=8)
update=79 global_step=161792 SPS=406 w_ev=0.858 m_ev=0.840 m_v_bias=-4.5 m_adv_std=3.6012 m_kl_max=0.0371 m_ratio_max=1.221 return=-177.6 length=200 success_rate=0.00 collisions/ep=0.06 (n=16)
update=80 global_step=163840 SPS=410 w_ev=0.820 m_ev=0.438 m_v_bias=0.8 m_adv_std=10.6115 m_kl_max=0.0081 m_ratio_max=0.367 return=-181.4 length=200 success_rate=0.00 collisions/ep=0.25 (n=8)
Evaluation at update 80: return=-169.41, length=200.00, success_rate=0.00, collisions/ep=0.00
Solved-check at update 80: solved=False worst_gap=1190.00 at p_x0=2.00 p_y0=0.00 (consecutive=0)
update=81 global_step=165888 SPS=397 w_ev=0.463 m_ev=0.017 m_v_bias=10.2 m_adv_std=49.1976 m_kl_max=0.0188 m_ratio_max=0.683 return=-227.3 length=200 success_rate=0.00 collisions/ep=1.12 (n=8)
update=82 global_step=167936 SPS=400 w_ev=0.828 m_ev=0.713 m_v_bias=-6.2 m_adv_std=5.2148 m_kl_max=0.0268 m_ratio_max=0.519 return=-177.0 length=200 success_rate=0.00 collisions/ep=0.11 (n=9)
update=83 global_step=169984 SPS=403 w_ev=0.859 m_ev=0.317 m_v_bias=2.4 m_adv_std=18.1465 m_kl_max=0.0134 m_ratio_max=0.664 return=-179.5 length=200 success_rate=0.00 collisions/ep=0.27 (n=15)
update=84 global_step=172032 SPS=406 w_ev=0.827 m_ev=0.315 m_v_bias=-0.5 m_adv_std=18.2253 m_kl_max=0.0110 m_ratio_max=0.657 return=-203.4 length=200 success_rate=0.00 collisions/ep=0.75 (n=8)
update=85 global_step=174080 SPS=409 w_ev=0.536 m_ev=0.032 m_v_bias=12.5 m_adv_std=61.5985 m_kl_max=0.0188 m_ratio_max=0.968 return=-169.9 length=200 success_rate=0.00 collisions/ep=0.00 (n=8)
Evaluation at update 85: return=-166.58, length=200.00, success_rate=0.00, collisions/ep=0.00
Solved-check at update 85: solved=False worst_gap=1186.88 at p_x0=2.00 p_y0=0.00 (consecutive=0)
update=86 global_step=176128 SPS=396 w_ev=0.786 m_ev=0.170 m_v_bias=-2.4 m_adv_std=20.5739 m_kl_max=0.0143 m_ratio_max=0.569 return=-215.4 length=200 success_rate=0.00 collisions/ep=0.94 (n=16)
update=87 global_step=178176 SPS=399 w_ev=0.715 m_ev=0.107 m_v_bias=-2.4 m_adv_std=32.1099 m_kl_max=0.0100 m_ratio_max=0.547 return=-203.5 length=200 success_rate=0.00 collisions/ep=0.75 (n=8)
update=88 global_step=180224 SPS=402 w_ev=0.780 m_ev=0.707 m_v_bias=-6.9 m_adv_std=5.9555 m_kl_max=0.0126 m_ratio_max=0.539 return=-162.6 length=200 success_rate=0.00 collisions/ep=0.00 (n=8)
update=89 global_step=182272 SPS=405 w_ev=0.822 m_ev=0.916 m_v_bias=-5.1 m_adv_std=3.0687 m_kl_max=0.0203 m_ratio_max=0.574 return=-165.2 length=200 success_rate=0.00 collisions/ep=0.00 (n=9)
update=90 global_step=184320 SPS=408 w_ev=0.679 m_ev=0.105 m_v_bias=9.6 m_adv_std=49.9351 m_kl_max=0.0237 m_ratio_max=0.775 return=-190.8 length=200 success_rate=0.00 collisions/ep=0.53 (n=15)
Evaluation at update 90: return=-162.66, length=200.00, success_rate=0.00, collisions/ep=0.00
Solved-check at update 90: solved=False worst_gap=1182.95 at p_x0=2.00 p_y0=0.00 (consecutive=0)
update=91 global_step=186368 SPS=396 w_ev=0.895 m_ev=0.563 m_v_bias=-3.9 m_adv_std=9.5462 m_kl_max=0.0132 m_ratio_max=0.543 return=-174.4 length=200 success_rate=0.00 collisions/ep=0.25 (n=8)
update=92 global_step=188416 SPS=399 w_ev=0.860 m_ev=0.912 m_v_bias=-4.5 m_adv_std=3.5467 m_kl_max=0.0181 m_ratio_max=0.678 return=-165.6 length=200 success_rate=0.00 collisions/ep=0.00 (n=8)
update=93 global_step=190464 SPS=401 w_ev=0.894 m_ev=0.951 m_v_bias=-3.8 m_adv_std=2.4865 m_kl_max=0.0344 m_ratio_max=0.645 return=-163.2 length=200 success_rate=0.00 collisions/ep=0.00 (n=16)
update=94 global_step=192512 SPS=404 w_ev=0.500 m_ev=0.022 m_v_bias=2.3 m_adv_std=43.8208 m_kl_max=0.0171 m_ratio_max=0.547 return=-156.7 length=200 success_rate=0.00 collisions/ep=0.00 (n=8)
update=95 global_step=194560 SPS=406 w_ev=0.854 m_ev=0.369 m_v_bias=-1.8 m_adv_std=8.5166 m_kl_max=0.0361 m_ratio_max=0.745 return=-218.7 length=200 success_rate=0.00 collisions/ep=1.12 (n=8)
Evaluation at update 95: return=-155.69, length=200.00, success_rate=0.00, collisions/ep=0.00
Solved-check at update 95: solved=False worst_gap=1175.93 at p_x0=2.00 p_y0=0.00 (consecutive=0)
update=96 global_step=196608 SPS=395 w_ev=0.857 m_ev=0.257 m_v_bias=-1.1 m_adv_std=14.0485 m_kl_max=0.0226 m_ratio_max=0.570 return=-167.4 length=200 success_rate=0.00 collisions/ep=0.12 (n=8)
update=97 global_step=198656 SPS=398 w_ev=0.883 m_ev=0.401 m_v_bias=2.3 m_adv_std=18.7135 m_kl_max=0.0158 m_ratio_max=0.876 return=-172.5 length=200 success_rate=0.00 collisions/ep=0.38 (n=16)
update=98 global_step=200704 SPS=400 w_ev=0.914 m_ev=0.756 m_v_bias=-1.8 m_adv_std=7.1618 m_kl_max=0.0279 m_ratio_max=1.054 return=-163.9 length=200 success_rate=0.00 collisions/ep=0.12 (n=8)
update=99 global_step=202752 SPS=403 w_ev=0.831 m_ev=0.064 m_v_bias=5.7 m_adv_std=26.3649 m_kl_max=0.0201 m_ratio_max=0.901 return=-161.4 length=200 success_rate=0.00 collisions/ep=0.12 (n=8)
update=100 global_step=204800 SPS=405 w_ev=0.354 m_ev=-0.014 m_v_bias=5.7 m_adv_std=78.7179 m_kl_max=0.0204 m_ratio_max=1.075 return=-229.5 length=200 success_rate=0.00 collisions/ep=1.44 (n=16)
Evaluation at update 100: return=-155.75, length=200.00, success_rate=0.00, collisions/ep=0.00
Solved-check at update 100: solved=False worst_gap=1176.17 at p_x0=2.00 p_y0=0.00 (consecutive=0)
update=101 global_step=206848 SPS=395 w_ev=0.876 m_ev=0.253 m_v_bias=-7.8 m_adv_std=10.9175 m_kl_max=0.0230 m_ratio_max=0.622 return=-157.4 length=200 success_rate=0.00 collisions/ep=0.00 (n=8)
update=102 global_step=208896 SPS=398 w_ev=0.904 m_ev=0.608 m_v_bias=-2.0 m_adv_std=9.8070 m_kl_max=0.0277 m_ratio_max=1.530 return=-163.1 length=200 success_rate=0.00 collisions/ep=0.12 (n=8)
update=103 global_step=210944 SPS=400 w_ev=0.895 m_ev=0.338 m_v_bias=3.3 m_adv_std=19.0844 m_kl_max=0.0192 m_ratio_max=0.873 return=-177.1 length=200 success_rate=0.00 collisions/ep=0.50 (n=8)
update=104 global_step=212992 SPS=403 w_ev=0.958 m_ev=0.774 m_v_bias=-1.4 m_adv_std=7.9062 m_kl_max=0.0205 m_ratio_max=0.882 return=-166.9 length=200 success_rate=0.00 collisions/ep=0.25 (n=16)
update=105 global_step=215040 SPS=405 w_ev=0.915 m_ev=0.936 m_v_bias=-2.9 m_adv_std=3.0313 m_kl_max=0.0393 m_ratio_max=0.933 return=-154.4 length=200 success_rate=0.00 collisions/ep=0.00 (n=8)
Evaluation at update 105: return=-153.04, length=200.00, success_rate=0.00, collisions/ep=0.00
Solved-check at update 105: solved=False worst_gap=1173.31 at p_x0=2.00 p_y0=0.00 (consecutive=0)
update=106 global_step=217088 SPS=395 w_ev=0.889 m_ev=0.441 m_v_bias=0.1 m_adv_std=12.5404 m_kl_max=0.0311 m_ratio_max=1.128 return=-155.9 length=200 success_rate=0.00 collisions/ep=0.00 (n=8)
update=107 global_step=219136 SPS=397 w_ev=0.883 m_ev=0.292 m_v_bias=4.9 m_adv_std=20.9378 m_kl_max=0.0306 m_ratio_max=1.412 return=-171.8 length=200 success_rate=0.00 collisions/ep=0.33 (n=9)
update=108 global_step=221184 SPS=399 w_ev=0.873 m_ev=0.172 m_v_bias=4.7 m_adv_std=27.5808 m_kl_max=0.0138 m_ratio_max=0.618 return=-183.2 length=200 success_rate=0.00 collisions/ep=0.60 (n=15)
update=109 global_step=223232 SPS=401 w_ev=0.920 m_ev=0.511 m_v_bias=-4.2 m_adv_std=11.8408 m_kl_max=0.0104 m_ratio_max=0.511 return=-197.7 length=200 success_rate=0.00 collisions/ep=0.75 (n=8)
update=110 global_step=225280 SPS=404 w_ev=0.915 m_ev=0.596 m_v_bias=-2.4 m_adv_std=11.1533 m_kl_max=0.0238 m_ratio_max=1.198 return=-166.6 length=200 success_rate=0.00 collisions/ep=0.25 (n=8)
Evaluation at update 110: return=-154.17, length=200.00, success_rate=0.00, collisions/ep=0.00
Solved-check at update 110: solved=False worst_gap=1174.62 at p_x0=2.00 p_y0=0.50 (consecutive=0)
update=111 global_step=227328 SPS=394 w_ev=0.950 m_ev=0.653 m_v_bias=-0.1 m_adv_std=11.2155 m_kl_max=0.0203 m_ratio_max=1.089 return=-161.5 length=200 success_rate=0.00 collisions/ep=0.12 (n=16)
update=112 global_step=229376 SPS=397 w_ev=0.935 m_ev=0.941 m_v_bias=-2.2 m_adv_std=2.9524 m_kl_max=0.0173 m_ratio_max=0.616 return=-148.2 length=200 success_rate=0.00 collisions/ep=0.00 (n=8)
update=113 global_step=231424 SPS=399 w_ev=0.910 m_ev=0.669 m_v_bias=-1.0 m_adv_std=8.2832 m_kl_max=0.0096 m_ratio_max=0.468 return=-171.2 length=200 success_rate=0.00 collisions/ep=0.25 (n=8)
update=114 global_step=233472 SPS=401 w_ev=0.942 m_ev=0.779 m_v_bias=0.1 m_adv_std=6.1462 m_kl_max=0.0117 m_ratio_max=0.415 return=-157.3 length=200 success_rate=0.00 collisions/ep=0.00 (n=9)
update=115 global_step=235520 SPS=403 w_ev=0.961 m_ev=0.848 m_v_bias=-0.3 m_adv_std=5.8274 m_kl_max=0.0113 m_ratio_max=0.475 return=-162.1 length=200 success_rate=0.00 collisions/ep=0.13 (n=15)
Evaluation at update 115: return=-153.00, length=200.00, success_rate=0.00, collisions/ep=0.00
Solved-check at update 115: solved=False worst_gap=1172.85 at p_x0=2.00 p_y0=0.00 (consecutive=0)
update=116 global_step=237568 SPS=395 w_ev=0.751 m_ev=0.060 m_v_bias=0.8 m_adv_std=26.0454 m_kl_max=0.0300 m_ratio_max=0.780 return=-191.9 length=200 success_rate=0.00 collisions/ep=0.75 (n=8)
update=117 global_step=239616 SPS=397 w_ev=0.938 m_ev=0.515 m_v_bias=-1.2 m_adv_std=10.1733 m_kl_max=0.0105 m_ratio_max=0.526 return=-156.3 length=200 success_rate=0.00 collisions/ep=0.00 (n=8)
update=118 global_step=241664 SPS=399 w_ev=0.964 m_ev=0.776 m_v_bias=-1.2 m_adv_std=6.1171 m_kl_max=0.0304 m_ratio_max=1.015 return=-161.0 length=200 success_rate=0.00 collisions/ep=0.19 (n=16)
update=119 global_step=243712 SPS=401 w_ev=0.959 m_ev=0.852 m_v_bias=-0.2 m_adv_std=5.7580 m_kl_max=0.0217 m_ratio_max=0.633 return=-161.4 length=200 success_rate=0.00 collisions/ep=0.12 (n=8)
update=120 global_step=245760 SPS=403 w_ev=0.929 m_ev=0.974 m_v_bias=-1.3 m_adv_std=1.7566 m_kl_max=0.0383 m_ratio_max=0.958 return=-152.5 length=200 success_rate=0.00 collisions/ep=0.00 (n=8)
Evaluation at update 120: return=-150.97, length=200.00, success_rate=0.00, collisions/ep=0.00
Solved-check at update 120: solved=False worst_gap=1171.75 at p_x0=2.00 p_y0=0.50 (consecutive=0)
update=121 global_step=247808 SPS=395 w_ev=0.951 m_ev=0.915 m_v_bias=-0.7 m_adv_std=3.5995 m_kl_max=0.0532 m_ratio_max=1.636 return=-159.7 length=200 success_rate=0.00 collisions/ep=0.12 (n=8)
update=122 global_step=249856 SPS=397 w_ev=0.973 m_ev=0.873 m_v_bias=1.1 m_adv_std=6.2314 m_kl_max=0.0160 m_ratio_max=0.779 return=-157.5 length=200 success_rate=0.00 collisions/ep=0.06 (n=16)
update=123 global_step=251904 SPS=399 w_ev=0.965 m_ev=0.794 m_v_bias=0.0 m_adv_std=6.1402 m_kl_max=0.0042 m_ratio_max=0.366 return=-151.3 length=200 success_rate=0.00 collisions/ep=0.00 (n=8)
update=124 global_step=253952 SPS=401 w_ev=0.692 m_ev=0.013 m_v_bias=17.3 m_adv_std=71.1454 m_kl_max=0.0287 m_ratio_max=1.006 return=-163.7 length=200 success_rate=0.00 collisions/ep=0.25 (n=8)
update=125 global_step=256000 SPS=403 w_ev=0.938 m_ev=0.393 m_v_bias=-7.7 m_adv_std=11.6957 m_kl_max=0.0119 m_ratio_max=0.605 return=-202.6 length=200 success_rate=0.00 collisions/ep=1.00 (n=16)
Evaluation at update 125: return=-150.40, length=200.00, success_rate=0.00, collisions/ep=0.00
Solved-check at update 125: solved=False worst_gap=1170.85 at p_x0=2.00 p_y0=0.00 (consecutive=0)
update=126 global_step=258048 SPS=394 w_ev=0.945 m_ev=0.316 m_v_bias=2.2 m_adv_std=25.4416 m_kl_max=0.0228 m_ratio_max=0.846 return=-183.4 length=200 success_rate=0.00 collisions/ep=0.62 (n=8)
update=127 global_step=260096 SPS=396 w_ev=0.954 m_ev=0.782 m_v_bias=-4.5 m_adv_std=6.9978 m_kl_max=0.0223 m_ratio_max=1.119 return=-161.7 length=200 success_rate=0.00 collisions/ep=0.12 (n=8)
update=128 global_step=262144 SPS=398 w_ev=0.686 m_ev=0.090 m_v_bias=6.2 m_adv_std=65.4439 m_kl_max=0.0126 m_ratio_max=0.471 return=-238.9 length=200 success_rate=0.00 collisions/ep=1.75 (n=8)
update=129 global_step=264192 SPS=400 w_ev=0.962 m_ev=0.690 m_v_bias=-2.1 m_adv_std=10.6918 m_kl_max=0.0144 m_ratio_max=0.882 return=-153.7 length=200 success_rate=0.00 collisions/ep=0.12 (n=16)
update=130 global_step=266240 SPS=402 w_ev=0.935 m_ev=0.372 m_v_bias=-1.4 m_adv_std=12.9950 m_kl_max=0.0103 m_ratio_max=0.502 return=-168.3 length=200 success_rate=0.00 collisions/ep=0.25 (n=8)
Evaluation at update 130: return=-152.52, length=200.00, success_rate=0.00, collisions/ep=0.00
Solved-check at update 130: solved=False worst_gap=1173.71 at p_x0=2.00 p_y0=0.50 (consecutive=0)
update=131 global_step=268288 SPS=394 w_ev=0.966 m_ev=0.755 m_v_bias=-3.0 m_adv_std=6.8883 m_kl_max=0.0135 m_ratio_max=0.719 return=-161.7 length=200 success_rate=0.00 collisions/ep=0.12 (n=8)
update=132 global_step=270336 SPS=396 w_ev=0.953 m_ev=0.972 m_v_bias=-2.8 m_adv_std=2.0086 m_kl_max=0.0506 m_ratio_max=1.785 return=-157.1 length=200 success_rate=0.00 collisions/ep=0.11 (n=9)
update=133 global_step=272384 SPS=398 w_ev=0.972 m_ev=0.790 m_v_bias=0.4 m_adv_std=8.2120 m_kl_max=0.0221 m_ratio_max=0.854 return=-157.9 length=200 success_rate=0.00 collisions/ep=0.13 (n=15)
update=134 global_step=274432 SPS=400 w_ev=0.933 m_ev=0.366 m_v_bias=2.4 m_adv_std=14.2813 m_kl_max=0.0215 m_ratio_max=0.644 return=-165.9 length=200 success_rate=0.00 collisions/ep=0.25 (n=8)
update=135 global_step=276480 SPS=401 w_ev=0.954 m_ev=0.700 m_v_bias=-0.9 m_adv_std=7.9429 m_kl_max=0.0329 m_ratio_max=1.763 return=-171.3 length=200 success_rate=0.00 collisions/ep=0.38 (n=8)
Evaluation at update 135: return=-152.34, length=200.00, success_rate=0.00, collisions/ep=0.00
Solved-check at update 135: solved=False worst_gap=1173.39 at p_x0=2.00 p_y0=-0.50 (consecutive=0)
update=136 global_step=278528 SPS=394 w_ev=0.979 m_ev=0.820 m_v_bias=-0.4 m_adv_std=6.0724 m_kl_max=0.0100 m_ratio_max=0.586 return=-160.1 length=200 success_rate=0.00 collisions/ep=0.12 (n=16)
update=137 global_step=280576 SPS=395 w_ev=0.968 m_ev=0.819 m_v_bias=-0.9 m_adv_std=5.9244 m_kl_max=0.0048 m_ratio_max=0.407 return=-162.7 length=200 success_rate=0.00 collisions/ep=0.12 (n=8)
update=138 global_step=282624 SPS=397 w_ev=0.873 m_ev=0.027 m_v_bias=1.7 m_adv_std=21.4875 m_kl_max=0.0105 m_ratio_max=0.573 return=-153.1 length=200 success_rate=0.00 collisions/ep=0.00 (n=8)
update=139 global_step=284672 SPS=399 w_ev=0.953 m_ev=0.742 m_v_bias=-3.7 m_adv_std=5.4202 m_kl_max=0.0202 m_ratio_max=0.536 return=-175.3 length=200 success_rate=0.00 collisions/ep=0.44 (n=9)
update=140 global_step=286720 SPS=401 w_ev=0.978 m_ev=0.853 m_v_bias=-0.3 m_adv_std=6.1727 m_kl_max=0.0172 m_ratio_max=0.938 return=-153.9 length=200 success_rate=0.00 collisions/ep=0.07 (n=15)
Evaluation at update 140: return=-152.30, length=200.00, success_rate=0.00, collisions/ep=0.00
Solved-check at update 140: solved=False worst_gap=1172.86 at p_x0=2.00 p_y0=-0.50 (consecutive=0)
update=141 global_step=288768 SPS=393 w_ev=0.947 m_ev=0.419 m_v_bias=1.6 m_adv_std=12.2571 m_kl_max=0.0092 m_ratio_max=1.000 return=-153.3 length=200 success_rate=0.00 collisions/ep=0.00 (n=8)
update=142 global_step=290816 SPS=395 w_ev=0.970 m_ev=0.796 m_v_bias=-0.5 m_adv_std=6.1637 m_kl_max=0.0020 m_ratio_max=0.386 return=-175.3 length=200 success_rate=0.00 collisions/ep=0.38 (n=8)
update=143 global_step=292864 SPS=396 w_ev=0.981 m_ev=0.985 m_v_bias=-1.2 m_adv_std=1.3930 m_kl_max=0.0245 m_ratio_max=1.292 return=-151.7 length=200 success_rate=0.00 collisions/ep=0.00 (n=16)
update=144 global_step=294912 SPS=398 w_ev=0.967 m_ev=0.834 m_v_bias=-0.2 m_adv_std=5.9019 m_kl_max=0.0409 m_ratio_max=1.170 return=-156.0 length=200 success_rate=0.00 collisions/ep=0.12 (n=8)
update=145 global_step=296960 SPS=400 w_ev=0.933 m_ev=0.181 m_v_bias=5.7 m_adv_std=21.5293 m_kl_max=0.0154 m_ratio_max=0.724 return=-165.5 length=200 success_rate=0.00 collisions/ep=0.25 (n=8)
Evaluation at update 145: return=-149.49, length=200.00, success_rate=0.00, collisions/ep=0.00
Solved-check at update 145: solved=False worst_gap=1170.90 at p_x0=2.00 p_y0=0.00 (consecutive=0)
update=146 global_step=299008 SPS=393 w_ev=0.938 m_ev=0.205 m_v_bias=2.3 m_adv_std=24.0917 m_kl_max=0.0276 m_ratio_max=1.090 return=-183.1 length=200 success_rate=0.00 collisions/ep=0.62 (n=8)
update=147 global_step=301056 SPS=394 w_ev=0.983 m_ev=0.786 m_v_bias=-3.2 m_adv_std=7.9341 m_kl_max=0.0148 m_ratio_max=0.604 return=-168.8 length=200 success_rate=0.00 collisions/ep=0.38 (n=16)
update=148 global_step=303104 SPS=396 w_ev=0.966 m_ev=0.961 m_v_bias=-2.5 m_adv_std=2.4072 m_kl_max=0.0200 m_ratio_max=0.544 return=-151.8 length=200 success_rate=0.00 collisions/ep=0.00 (n=8)
update=149 global_step=305152 SPS=398 w_ev=0.851 m_ev=0.130 m_v_bias=10.9 m_adv_std=43.2539 m_kl_max=0.0390 m_ratio_max=1.496 return=-150.2 length=200 success_rate=0.00 collisions/ep=0.00 (n=8)
update=150 global_step=307200 SPS=399 w_ev=0.962 m_ev=0.832 m_v_bias=-3.7 m_adv_std=5.4674 m_kl_max=0.0137 m_ratio_max=0.546 return=-179.8 length=200 success_rate=0.00 collisions/ep=0.56 (n=16)
Evaluation at update 150: return=-151.62, length=200.00, success_rate=0.00, collisions/ep=0.00
Solved-check at update 150: solved=False worst_gap=1172.54 at p_x0=2.00 p_y0=0.00 (consecutive=0)
update=151 global_step=309248 SPS=393 w_ev=0.988 m_ev=0.961 m_v_bias=-2.6 m_adv_std=3.0247 m_kl_max=0.0193 m_ratio_max=0.594 return=-150.2 length=200 success_rate=0.00 collisions/ep=0.00 (n=8)
update=152 global_step=311296 SPS=395 w_ev=0.967 m_ev=0.452 m_v_bias=2.2 m_adv_std=16.4602 m_kl_max=0.0199 m_ratio_max=1.281 return=-168.1 length=200 success_rate=0.00 collisions/ep=0.38 (n=8)
update=153 global_step=313344 SPS=396 w_ev=0.950 m_ev=0.960 m_v_bias=-1.5 m_adv_std=2.4314 m_kl_max=0.0200 m_ratio_max=0.626 return=-151.0 length=200 success_rate=0.00 collisions/ep=0.00 (n=8)
update=154 global_step=315392 SPS=398 w_ev=0.983 m_ev=0.993 m_v_bias=-2.1 m_adv_std=1.2556 m_kl_max=0.0538 m_ratio_max=1.619 return=-150.7 length=200 success_rate=0.00 collisions/ep=0.00 (n=16)
update=155 global_step=317440 SPS=400 w_ev=0.978 m_ev=0.989 m_v_bias=-0.9 m_adv_std=1.3471 m_kl_max=0.0436 m_ratio_max=0.701 return=-152.0 length=200 success_rate=0.00 collisions/ep=0.00 (n=8)
Evaluation at update 155: return=-148.01, length=200.00, success_rate=0.00, collisions/ep=0.00
Solved-check at update 155: solved=False worst_gap=1169.40 at p_x0=2.00 p_y0=0.00 (consecutive=0)
update=156 global_step=319488 SPS=394 w_ev=0.966 m_ev=0.777 m_v_bias=-0.0 m_adv_std=6.4845 m_kl_max=0.0126 m_ratio_max=1.122 return=-149.1 length=200 success_rate=0.00 collisions/ep=0.00 (n=8)
update=157 global_step=321536 SPS=395 w_ev=0.391 m_ev=0.005 m_v_bias=32.1 m_adv_std=121.9407 m_kl_max=0.0154 m_ratio_max=0.819 return=-188.8 length=200 success_rate=0.00 collisions/ep=0.78 (n=9)
update=158 global_step=323584 SPS=397 w_ev=0.843 m_ev=0.139 m_v_bias=5.2 m_adv_std=46.0055 m_kl_max=0.0130 m_ratio_max=0.544 return=-280.1 length=200 success_rate=0.00 collisions/ep=2.60 (n=15)
update=159 global_step=325632 SPS=398 w_ev=0.853 m_ev=-0.086 m_v_bias=-5.2 m_adv_std=25.5403 m_kl_max=0.0175 m_ratio_max=0.727 return=-147.6 length=200 success_rate=0.00 collisions/ep=0.00 (n=8)
update=160 global_step=327680 SPS=400 w_ev=0.957 m_ev=0.617 m_v_bias=-12.9 m_adv_std=10.3503 m_kl_max=0.0121 m_ratio_max=0.537 return=-210.3 length=200 success_rate=0.00 collisions/ep=1.12 (n=8)
Evaluation at update 160: return=-149.25, length=200.00, success_rate=0.00, collisions/ep=0.00
Solved-check at update 160: solved=False worst_gap=1169.53 at p_x0=2.00 p_y0=0.00 (consecutive=0)
update=161 global_step=329728 SPS=393 w_ev=0.976 m_ev=0.937 m_v_bias=-6.5 m_adv_std=3.7806 m_kl_max=0.0244 m_ratio_max=0.794 return=-149.9 length=200 success_rate=0.00 collisions/ep=0.00 (n=16)
update=162 global_step=331776 SPS=395 w_ev=0.908 m_ev=0.249 m_v_bias=3.8 m_adv_std=30.3751 m_kl_max=0.0069 m_ratio_max=0.557 return=-187.1 length=200 success_rate=0.00 collisions/ep=0.75 (n=8)
update=163 global_step=333824 SPS=397 w_ev=0.960 m_ev=0.925 m_v_bias=-4.3 m_adv_std=3.6892 m_kl_max=0.0323 m_ratio_max=0.849 return=-150.0 length=200 success_rate=0.00 collisions/ep=0.00 (n=8)
update=164 global_step=335872 SPS=398 w_ev=0.790 m_ev=0.072 m_v_bias=7.7 m_adv_std=48.2851 m_kl_max=0.0177 m_ratio_max=0.727 return=-200.8 length=200 success_rate=0.00 collisions/ep=1.00 (n=9)
update=165 global_step=337920 SPS=400 w_ev=0.937 m_ev=0.210 m_v_bias=-2.7 m_adv_std=17.7967 m_kl_max=0.0178 m_ratio_max=1.046 return=-153.4 length=200 success_rate=0.00 collisions/ep=0.07 (n=15)
Evaluation at update 165: return=-149.88, length=200.00, success_rate=0.00, collisions/ep=0.00
Solved-check at update 165: solved=False worst_gap=1170.61 at p_x0=2.00 p_y0=0.00 (consecutive=0)
update=166 global_step=339968 SPS=394 w_ev=0.936 m_ev=0.795 m_v_bias=-6.0 m_adv_std=5.4049 m_kl_max=0.0358 m_ratio_max=0.787 return=-169.1 length=200 success_rate=0.00 collisions/ep=0.38 (n=8)
update=167 global_step=342016 SPS=395 w_ev=0.938 m_ev=0.666 m_v_bias=-0.8 m_adv_std=8.1895 m_kl_max=0.0194 m_ratio_max=1.039 return=-156.8 length=200 success_rate=0.00 collisions/ep=0.12 (n=8)
update=168 global_step=344064 SPS=397 w_ev=0.970 m_ev=0.806 m_v_bias=-2.1 m_adv_std=5.9695 m_kl_max=0.0416 m_ratio_max=1.484 return=-159.6 length=200 success_rate=0.00 collisions/ep=0.12 (n=16)
update=169 global_step=346112 SPS=398 w_ev=0.974 m_ev=0.989 m_v_bias=-1.9 m_adv_std=1.4630 m_kl_max=0.0097 m_ratio_max=0.553 return=-149.6 length=200 success_rate=0.00 collisions/ep=0.00 (n=8)
update=170 global_step=348160 SPS=400 w_ev=0.965 m_ev=0.988 m_v_bias=-1.4 m_adv_std=1.3605 m_kl_max=0.0124 m_ratio_max=0.516 return=-152.0 length=200 success_rate=0.00 collisions/ep=0.00 (n=8)
Evaluation at update 170: return=-148.64, length=200.00, success_rate=0.00, collisions/ep=0.00
Solved-check at update 170: solved=False worst_gap=1169.91 at p_x0=2.00 p_y0=0.00 (consecutive=0)
update=171 global_step=350208 SPS=394 w_ev=0.972 m_ev=0.993 m_v_bias=-1.0 m_adv_std=1.0578 m_kl_max=0.0242 m_ratio_max=0.673 return=-147.9 length=200 success_rate=0.00 collisions/ep=0.00 (n=8)
update=172 global_step=352256 SPS=395 w_ev=0.980 m_ev=0.858 m_v_bias=0.5 m_adv_std=6.3590 m_kl_max=0.0147 m_ratio_max=0.800 return=-150.5 length=200 success_rate=0.00 collisions/ep=0.06 (n=16)
update=173 global_step=354304 SPS=396 w_ev=0.952 m_ev=0.412 m_v_bias=2.9 m_adv_std=13.2402 m_kl_max=0.0193 m_ratio_max=0.922 return=-152.1 length=200 success_rate=0.00 collisions/ep=0.00 (n=8)
update=174 global_step=356352 SPS=398 w_ev=0.913 m_ev=0.289 m_v_bias=5.7 m_adv_std=22.3431 m_kl_max=0.0280 m_ratio_max=0.948 return=-198.4 length=200 success_rate=0.00 collisions/ep=1.00 (n=8)
update=175 global_step=358400 SPS=399 w_ev=0.969 m_ev=0.946 m_v_bias=-3.0 m_adv_std=3.3123 m_kl_max=0.0161 m_ratio_max=0.656 return=-157.7 length=200 success_rate=0.00 collisions/ep=0.19 (n=16)
Evaluation at update 175: return=-149.04, length=200.00, success_rate=0.00, collisions/ep=0.00
Solved-check at update 175: solved=False worst_gap=1170.29 at p_x0=2.00 p_y0=0.00 (consecutive=0)
update=176 global_step=360448 SPS=394 w_ev=0.903 m_ev=0.128 m_v_bias=4.1 m_adv_std=34.9642 m_kl_max=0.0289 m_ratio_max=1.402 return=-191.4 length=200 success_rate=0.00 collisions/ep=0.75 (n=8)
update=177 global_step=362496 SPS=395 w_ev=0.959 m_ev=0.720 m_v_bias=-1.4 m_adv_std=7.5255 m_kl_max=0.0245 m_ratio_max=0.771 return=-159.1 length=200 success_rate=0.00 collisions/ep=0.12 (n=8)
update=178 global_step=364544 SPS=396 w_ev=0.972 m_ev=0.782 m_v_bias=-1.0 m_adv_std=6.0618 m_kl_max=0.0132 m_ratio_max=0.923 return=-148.9 length=200 success_rate=0.00 collisions/ep=0.00 (n=8)
update=179 global_step=366592 SPS=398 w_ev=0.986 m_ev=0.985 m_v_bias=-2.4 m_adv_std=1.8137 m_kl_max=0.0164 m_ratio_max=0.792 return=-151.6 length=200 success_rate=0.00 collisions/ep=0.06 (n=16)
update=180 global_step=368640 SPS=399 w_ev=0.976 m_ev=0.817 m_v_bias=0.2 m_adv_std=6.5771 m_kl_max=0.0320 m_ratio_max=0.854 return=-157.0 length=200 success_rate=0.00 collisions/ep=0.12 (n=8)
Evaluation at update 180: return=-149.57, length=200.00, success_rate=0.00, collisions/ep=0.00
Solved-check at update 180: solved=False worst_gap=1170.49 at p_x0=2.00 p_y0=0.00 (consecutive=0)
update=181 global_step=370688 SPS=394 w_ev=0.974 m_ev=0.990 m_v_bias=-0.8 m_adv_std=1.2677 m_kl_max=0.0210 m_ratio_max=0.676 return=-152.2 length=200 success_rate=0.00 collisions/ep=0.00 (n=8)
update=182 global_step=372736 SPS=395 w_ev=0.966 m_ev=0.517 m_v_bias=1.5 m_adv_std=11.9617 m_kl_max=0.0195 m_ratio_max=0.528 return=-149.5 length=200 success_rate=0.00 collisions/ep=0.00 (n=9)
update=183 global_step=374784 SPS=396 w_ev=0.965 m_ev=0.439 m_v_bias=2.5 m_adv_std=16.2509 m_kl_max=0.0224 m_ratio_max=0.637 return=-171.7 length=200 success_rate=0.00 collisions/ep=0.40 (n=15)
update=184 global_step=376832 SPS=398 w_ev=0.959 m_ev=0.497 m_v_bias=1.2 m_adv_std=13.0277 m_kl_max=0.0277 m_ratio_max=1.247 return=-160.9 length=200 success_rate=0.00 collisions/ep=0.25 (n=8)
update=185 global_step=378880 SPS=399 w_ev=0.897 m_ev=0.229 m_v_bias=2.4 m_adv_std=28.3712 m_kl_max=0.0125 m_ratio_max=0.818 return=-191.6 length=200 success_rate=0.00 collisions/ep=0.75 (n=8)
Evaluation at update 185: return=-150.75, length=200.00, success_rate=0.00, collisions/ep=0.00
Solved-check at update 185: solved=False worst_gap=1171.58 at p_x0=2.00 p_y0=0.00 (consecutive=0)
update=186 global_step=380928 SPS=394 w_ev=0.979 m_ev=0.975 m_v_bias=-2.5 m_adv_std=2.4457 m_kl_max=0.0149 m_ratio_max=0.574 return=-148.2 length=200 success_rate=0.00 collisions/ep=0.00 (n=16)
update=187 global_step=382976 SPS=395 w_ev=0.982 m_ev=0.990 m_v_bias=-1.2 m_adv_std=1.3432 m_kl_max=0.0184 m_ratio_max=1.049 return=-152.0 length=200 success_rate=0.00 collisions/ep=0.00 (n=8)
update=188 global_step=385024 SPS=397 w_ev=0.976 m_ev=0.992 m_v_bias=-1.5 m_adv_std=1.0483 m_kl_max=0.0354 m_ratio_max=0.963 return=-147.2 length=200 success_rate=0.00 collisions/ep=0.00 (n=8)
update=189 global_step=387072 SPS=398 w_ev=0.968 m_ev=0.813 m_v_bias=0.5 m_adv_std=5.9775 m_kl_max=0.0107 m_ratio_max=0.462 return=-158.7 length=200 success_rate=0.00 collisions/ep=0.11 (n=9)
update=190 global_step=389120 SPS=399 w_ev=0.986 m_ev=0.953 m_v_bias=-0.4 m_adv_std=3.4438 m_kl_max=0.0121 m_ratio_max=0.793 return=-153.4 length=200 success_rate=0.00 collisions/ep=0.07 (n=15)
Evaluation at update 190: return=-149.76, length=200.00, success_rate=0.00, collisions/ep=0.00
Solved-check at update 190: solved=False worst_gap=1170.66 at p_x0=2.00 p_y0=0.00 (consecutive=0)
update=191 global_step=391168 SPS=394 w_ev=0.982 m_ev=0.994 m_v_bias=-1.1 m_adv_std=1.0527 m_kl_max=0.0379 m_ratio_max=0.913 return=-153.2 length=200 success_rate=0.00 collisions/ep=0.00 (n=8)
update=192 global_step=393216 SPS=395 w_ev=0.982 m_ev=0.996 m_v_bias=-0.7 m_adv_std=0.8226 m_kl_max=0.0305 m_ratio_max=0.819 return=-145.3 length=200 success_rate=0.00 collisions/ep=0.00 (n=8)
update=193 global_step=395264 SPS=397 w_ev=0.982 m_ev=0.997 m_v_bias=-0.3 m_adv_std=0.7476 m_kl_max=0.0408 m_ratio_max=1.063 return=-148.8 length=200 success_rate=0.00 collisions/ep=0.00 (n=16)
update=194 global_step=397312 SPS=398 w_ev=0.972 m_ev=0.868 m_v_bias=1.2 m_adv_std=6.1855 m_kl_max=0.0253 m_ratio_max=1.752 return=-156.6 length=200 success_rate=0.00 collisions/ep=0.12 (n=8)
update=195 global_step=399360 SPS=399 w_ev=0.973 m_ev=0.992 m_v_bias=-0.7 m_adv_std=1.1186 m_kl_max=0.0629 m_ratio_max=1.133 return=-145.5 length=200 success_rate=0.00 collisions/ep=0.00 (n=8)
Evaluation at update 195: return=-146.37, length=200.00, success_rate=0.00, collisions/ep=0.00
Solved-check at update 195: solved=False worst_gap=1166.21 at p_x0=2.00 p_y0=0.00 (consecutive=0)
update=196 global_step=401408 SPS=394 w_ev=0.961 m_ev=0.412 m_v_bias=5.5 m_adv_std=17.4429 m_kl_max=0.0374 m_ratio_max=1.450 return=-166.2 length=200 success_rate=0.00 collisions/ep=0.38 (n=8)
update=197 global_step=403456 SPS=395 w_ev=0.983 m_ev=0.706 m_v_bias=2.1 m_adv_std=11.7985 m_kl_max=0.0072 m_ratio_max=0.603 return=-164.2 length=200 success_rate=0.00 collisions/ep=0.38 (n=16)
update=198 global_step=405504 SPS=396 w_ev=0.955 m_ev=0.424 m_v_bias=0.1 m_adv_std=17.3086 m_kl_max=0.0190 m_ratio_max=0.794 return=-172.3 length=200 success_rate=0.00 collisions/ep=0.38 (n=8)
update=199 global_step=407552 SPS=398 w_ev=0.959 m_ev=0.694 m_v_bias=-0.4 m_adv_std=9.7123 m_kl_max=0.0272 m_ratio_max=0.810 return=-160.7 length=200 success_rate=0.00 collisions/ep=0.25 (n=8)
update=200 global_step=409600 SPS=399 w_ev=0.966 m_ev=0.765 m_v_bias=-1.5 m_adv_std=7.9099 m_kl_max=0.0254 m_ratio_max=2.092 return=-158.5 length=200 success_rate=0.00 collisions/ep=0.19 (n=16)
Evaluation at update 200: return=-147.94, length=200.00, success_rate=0.00, collisions/ep=0.00
Solved-check at update 200: solved=False worst_gap=1167.25 at p_x0=2.00 p_y0=0.00 (consecutive=0)
update=201 global_step=411648 SPS=393 w_ev=0.983 m_ev=0.868 m_v_bias=-0.7 m_adv_std=6.5368 m_kl_max=0.0223 m_ratio_max=1.529 return=-154.2 length=200 success_rate=0.00 collisions/ep=0.12 (n=8)
update=202 global_step=413696 SPS=395 w_ev=0.946 m_ev=0.456 m_v_bias=1.5 m_adv_std=13.1373 m_kl_max=0.0221 m_ratio_max=1.126 return=-162.1 length=200 success_rate=0.00 collisions/ep=0.25 (n=8)
update=203 global_step=415744 SPS=396 w_ev=0.971 m_ev=0.716 m_v_bias=-0.8 m_adv_std=8.5501 m_kl_max=0.0225 m_ratio_max=0.772 return=-165.6 length=200 success_rate=0.00 collisions/ep=0.25 (n=8)
update=204 global_step=417792 SPS=397 w_ev=0.979 m_ev=0.987 m_v_bias=-2.6 m_adv_std=1.8159 m_kl_max=0.0191 m_ratio_max=0.884 return=-153.0 length=200 success_rate=0.00 collisions/ep=0.06 (n=16)
update=205 global_step=419840 SPS=398 w_ev=0.971 m_ev=0.992 m_v_bias=-1.2 m_adv_std=1.1731 m_kl_max=0.0174 m_ratio_max=0.547 return=-152.8 length=200 success_rate=0.00 collisions/ep=0.00 (n=8)
Evaluation at update 205: return=-147.71, length=200.00, success_rate=0.00, collisions/ep=0.00
Solved-check at update 205: solved=False worst_gap=1169.19 at p_x0=2.00 p_y0=0.00 (consecutive=0)
update=206 global_step=421888 SPS=394 w_ev=0.972 m_ev=0.709 m_v_bias=1.5 m_adv_std=8.2345 m_kl_max=0.0218 m_ratio_max=0.920 return=-155.1 length=200 success_rate=0.00 collisions/ep=0.12 (n=8)
update=207 global_step=423936 SPS=395 w_ev=0.978 m_ev=0.989 m_v_bias=-1.7 m_adv_std=1.3182 m_kl_max=0.0271 m_ratio_max=0.891 return=-156.2 length=200 success_rate=0.00 collisions/ep=0.11 (n=9)
update=208 global_step=425984 SPS=396 w_ev=0.978 m_ev=0.607 m_v_bias=5.2 m_adv_std=15.8296 m_kl_max=0.0240 m_ratio_max=0.905 return=-161.1 length=200 success_rate=0.00 collisions/ep=0.27 (n=15)
update=209 global_step=428032 SPS=397 w_ev=0.967 m_ev=0.559 m_v_bias=2.0 m_adv_std=12.4743 m_kl_max=0.0122 m_ratio_max=0.825 return=-168.0 length=200 success_rate=0.00 collisions/ep=0.38 (n=8)
update=210 global_step=430080 SPS=398 w_ev=0.968 m_ev=0.818 m_v_bias=-2.8 m_adv_std=6.6427 m_kl_max=0.0176 m_ratio_max=0.929 return=-160.8 length=200 success_rate=0.00 collisions/ep=0.12 (n=8)
Evaluation at update 210: return=-149.29, length=200.00, success_rate=0.00, collisions/ep=0.00
Solved-check at update 210: solved=False worst_gap=1170.12 at p_x0=2.00 p_y0=0.00 (consecutive=0)
update=211 global_step=432128 SPS=393 w_ev=0.982 m_ev=0.850 m_v_bias=-1.3 m_adv_std=6.6684 m_kl_max=0.0098 m_ratio_max=0.579 return=-153.2 length=200 success_rate=0.00 collisions/ep=0.12 (n=16)
update=212 global_step=434176 SPS=394 w_ev=0.970 m_ev=0.846 m_v_bias=-0.2 m_adv_std=6.4182 m_kl_max=0.0175 m_ratio_max=0.698 return=-153.1 length=200 success_rate=0.00 collisions/ep=0.12 (n=8)
update=213 global_step=436224 SPS=395 w_ev=0.954 m_ev=0.407 m_v_bias=-1.0 m_adv_std=10.8918 m_kl_max=0.0269 m_ratio_max=0.822 return=-154.5 length=200 success_rate=0.00 collisions/ep=0.00 (n=8)
update=214 global_step=438272 SPS=397 w_ev=0.980 m_ev=0.941 m_v_bias=-3.2 m_adv_std=3.1273 m_kl_max=0.0343 m_ratio_max=0.991 return=-162.0 length=200 success_rate=0.00 collisions/ep=0.22 (n=9)
update=215 global_step=440320 SPS=398 w_ev=0.988 m_ev=0.773 m_v_bias=2.0 m_adv_std=9.4674 m_kl_max=0.0257 m_ratio_max=1.237 return=-157.1 length=200 success_rate=0.00 collisions/ep=0.20 (n=15)
Evaluation at update 215: return=-149.30, length=200.00, success_rate=0.00, collisions/ep=0.00
Solved-check at update 215: solved=False worst_gap=1169.67 at p_x0=2.00 p_y0=-0.50 (consecutive=0)
update=216 global_step=442368 SPS=393 w_ev=0.980 m_ev=0.819 m_v_bias=-0.6 m_adv_std=6.2967 m_kl_max=0.0148 m_ratio_max=0.546 return=-155.7 length=200 success_rate=0.00 collisions/ep=0.12 (n=8)
update=217 global_step=444416 SPS=394 w_ev=0.973 m_ev=0.814 m_v_bias=0.3 m_adv_std=6.5680 m_kl_max=0.0300 m_ratio_max=1.594 return=-148.6 length=200 success_rate=0.00 collisions/ep=0.00 (n=8)
update=218 global_step=446464 SPS=396 w_ev=0.982 m_ev=0.988 m_v_bias=-1.3 m_adv_std=1.4736 m_kl_max=0.0132 m_ratio_max=0.808 return=-150.8 length=200 success_rate=0.00 collisions/ep=0.06 (n=16)
update=219 global_step=448512 SPS=397 w_ev=0.989 m_ev=0.873 m_v_bias=0.8 m_adv_std=6.4196 m_kl_max=0.0131 m_ratio_max=0.648 return=-156.7 length=200 success_rate=0.00 collisions/ep=0.12 (n=8)
update=220 global_step=450560 SPS=398 w_ev=0.983 m_ev=0.825 m_v_bias=-0.1 m_adv_std=5.9988 m_kl_max=0.0228 m_ratio_max=1.293 return=-154.7 length=200 success_rate=0.00 collisions/ep=0.12 (n=8)
Evaluation at update 220: return=-149.53, length=200.00, success_rate=0.00, collisions/ep=0.00
Solved-check at update 220: solved=False worst_gap=1170.72 at p_x0=2.00 p_y0=0.00 (consecutive=0)
update=221 global_step=452608 SPS=393 w_ev=0.957 m_ev=0.787 m_v_bias=0.3 m_adv_std=6.4194 m_kl_max=0.0122 m_ratio_max=0.592 return=-150.1 length=200 success_rate=0.00 collisions/ep=0.00 (n=8)
update=222 global_step=454656 SPS=395 w_ev=0.978 m_ev=0.879 m_v_bias=-0.5 m_adv_std=5.3372 m_kl_max=0.0255 m_ratio_max=0.665 return=-158.0 length=200 success_rate=0.00 collisions/ep=0.12 (n=16)
update=223 global_step=456704 SPS=396 w_ev=0.975 m_ev=0.836 m_v_bias=-0.1 m_adv_std=5.9060 m_kl_max=0.0436 m_ratio_max=1.725 return=-156.6 length=200 success_rate=0.00 collisions/ep=0.12 (n=8)
update=224 global_step=458752 SPS=397 w_ev=0.938 m_ev=0.342 m_v_bias=1.3 m_adv_std=19.7479 m_kl_max=0.0184 m_ratio_max=0.501 return=-175.5 length=200 success_rate=0.00 collisions/ep=0.50 (n=8)
update=225 global_step=460800 SPS=398 w_ev=0.968 m_ev=0.817 m_v_bias=0.5 m_adv_std=6.4437 m_kl_max=0.0185 m_ratio_max=0.684 return=-150.9 length=200 success_rate=0.00 collisions/ep=0.06 (n=16)
Evaluation at update 225: return=-149.31, length=200.00, success_rate=0.00, collisions/ep=0.00
Solved-check at update 225: solved=False worst_gap=1170.58 at p_x0=2.00 p_y0=0.00 (consecutive=0)
update=226 global_step=462848 SPS=393 w_ev=0.981 m_ev=0.869 m_v_bias=0.6 m_adv_std=6.1903 m_kl_max=0.0195 m_ratio_max=1.044 return=-153.1 length=200 success_rate=0.00 collisions/ep=0.12 (n=8)
update=227 global_step=464896 SPS=395 w_ev=0.971 m_ev=0.850 m_v_bias=-0.3 m_adv_std=5.6866 m_kl_max=0.0173 m_ratio_max=0.678 return=-155.6 length=200 success_rate=0.00 collisions/ep=0.12 (n=8)
update=228 global_step=466944 SPS=396 w_ev=0.978 m_ev=0.993 m_v_bias=-1.1 m_adv_std=1.1260 m_kl_max=0.0202 m_ratio_max=0.574 return=-147.4 length=200 success_rate=0.00 collisions/ep=0.00 (n=8)
update=229 global_step=468992 SPS=397 w_ev=0.986 m_ev=0.996 m_v_bias=-1.0 m_adv_std=0.9310 m_kl_max=0.0133 m_ratio_max=0.500 return=-147.7 length=200 success_rate=0.00 collisions/ep=0.00 (n=16)
update=230 global_step=471040 SPS=398 w_ev=0.949 m_ev=0.384 m_v_bias=4.9 m_adv_std=18.8348 m_kl_max=0.0134 m_ratio_max=0.969 return=-174.0 length=200 success_rate=0.00 collisions/ep=0.50 (n=8)
Evaluation at update 230: return=-149.67, length=200.00, success_rate=0.00, collisions/ep=0.00
Solved-check at update 230: solved=False worst_gap=1169.64 at p_x0=2.00 p_y0=-0.50 (consecutive=0)
update=231 global_step=473088 SPS=393 w_ev=0.978 m_ev=0.814 m_v_bias=-1.0 m_adv_std=6.8276 m_kl_max=0.0095 m_ratio_max=0.491 return=-158.4 length=200 success_rate=0.00 collisions/ep=0.12 (n=8)
update=232 global_step=475136 SPS=395 w_ev=0.981 m_ev=0.986 m_v_bias=-2.4 m_adv_std=1.7427 m_kl_max=0.0444 m_ratio_max=1.040 return=-148.8 length=200 success_rate=0.00 collisions/ep=0.00 (n=9)
update=233 global_step=477184 SPS=396 w_ev=0.990 m_ev=0.817 m_v_bias=1.4 m_adv_std=8.6833 m_kl_max=0.0132 m_ratio_max=0.693 return=-152.7 length=200 success_rate=0.00 collisions/ep=0.13 (n=15)
update=234 global_step=479232 SPS=397 w_ev=0.976 m_ev=0.829 m_v_bias=-0.6 m_adv_std=6.2896 m_kl_max=0.0180 m_ratio_max=0.950 return=-150.9 length=200 success_rate=0.00 collisions/ep=0.12 (n=8)
update=235 global_step=481280 SPS=398 w_ev=0.975 m_ev=0.808 m_v_bias=-0.8 m_adv_std=5.9961 m_kl_max=0.0237 m_ratio_max=0.942 return=-148.8 length=200 success_rate=0.00 collisions/ep=0.00 (n=8)
Evaluation at update 235: return=-149.09, length=200.00, success_rate=0.00, collisions/ep=0.00
Solved-check at update 235: solved=False worst_gap=1168.22 at p_x0=2.00 p_y0=0.50 (consecutive=0)
update=236 global_step=483328 SPS=393 w_ev=0.987 m_ev=0.987 m_v_bias=-1.9 m_adv_std=1.6903 m_kl_max=0.0224 m_ratio_max=1.258 return=-151.2 length=200 success_rate=0.00 collisions/ep=0.06 (n=16)
update=237 global_step=485376 SPS=394 w_ev=0.980 m_ev=0.993 m_v_bias=-1.0 m_adv_std=1.2025 m_kl_max=0.0359 m_ratio_max=0.715 return=-149.8 length=200 success_rate=0.00 collisions/ep=0.00 (n=8)
update=238 global_step=487424 SPS=395 w_ev=0.960 m_ev=0.650 m_v_bias=1.9 m_adv_std=8.7789 m_kl_max=0.0139 m_ratio_max=0.613 return=-148.1 length=200 success_rate=0.00 collisions/ep=0.12 (n=8)
update=239 global_step=489472 SPS=396 w_ev=0.982 m_ev=0.992 m_v_bias=-1.4 m_adv_std=1.2086 m_kl_max=0.0227 m_ratio_max=0.840 return=-157.2 length=200 success_rate=0.00 collisions/ep=0.11 (n=9)
update=240 global_step=491520 SPS=397 w_ev=0.990 m_ev=0.996 m_v_bias=-0.8 m_adv_std=0.9746 m_kl_max=0.0283 m_ratio_max=0.661 return=-149.2 length=200 success_rate=0.00 collisions/ep=0.00 (n=15)
Evaluation at update 240: return=-148.33, length=200.00, success_rate=0.00, collisions/ep=0.00
Solved-check at update 240: solved=False worst_gap=1168.50 at p_x0=2.00 p_y0=-0.50 (consecutive=0)
update=241 global_step=493568 SPS=393 w_ev=0.980 m_ev=0.996 m_v_bias=-0.6 m_adv_std=0.8063 m_kl_max=0.0179 m_ratio_max=0.576 return=-144.8 length=200 success_rate=0.00 collisions/ep=0.00 (n=8)
update=242 global_step=495616 SPS=394 w_ev=0.981 m_ev=0.873 m_v_bias=-0.0 m_adv_std=5.0711 m_kl_max=0.0175 m_ratio_max=0.922 return=-155.1 length=200 success_rate=0.00 collisions/ep=0.12 (n=8)
update=243 global_step=497664 SPS=395 w_ev=0.989 m_ev=0.853 m_v_bias=0.3 m_adv_std=5.7680 m_kl_max=0.0293 m_ratio_max=0.699 return=-150.3 length=200 success_rate=0.00 collisions/ep=0.06 (n=16)
update=244 global_step=499712 SPS=396 w_ev=0.992 m_ev=0.994 m_v_bias=-0.1 m_adv_std=1.2104 m_kl_max=0.0102 m_ratio_max=0.603 return=-145.6 length=200 success_rate=0.00 collisions/ep=0.00 (n=8)
update=245 global_step=501760 SPS=397 w_ev=0.982 m_ev=0.702 m_v_bias=1.7 m_adv_std=9.2731 m_kl_max=0.0457 m_ratio_max=1.694 return=-164.9 length=200 success_rate=0.00 collisions/ep=0.38 (n=8)
Evaluation at update 245: return=-148.41, length=200.00, success_rate=0.00, collisions/ep=0.00
Solved-check at update 245: solved=False worst_gap=1168.75 at p_x0=2.00 p_y0=-0.50 (consecutive=0)
update=246 global_step=503808 SPS=393 w_ev=0.967 m_ev=0.603 m_v_bias=1.6 m_adv_std=11.2829 m_kl_max=0.0286 m_ratio_max=0.844 return=-172.6 length=200 success_rate=0.00 collisions/ep=0.50 (n=8)
update=247 global_step=505856 SPS=394 w_ev=0.983 m_ev=0.643 m_v_bias=1.1 m_adv_std=11.7462 m_kl_max=0.0197 m_ratio_max=0.687 return=-157.0 length=200 success_rate=0.00 collisions/ep=0.12 (n=16)
update=248 global_step=507904 SPS=395 w_ev=0.979 m_ev=0.981 m_v_bias=-1.4 m_adv_std=1.7724 m_kl_max=0.0095 m_ratio_max=0.654 return=-148.3 length=200 success_rate=0.00 collisions/ep=0.00 (n=8)
update=249 global_step=509952 SPS=396 w_ev=0.892 m_ev=0.230 m_v_bias=2.3 m_adv_std=29.0431 m_kl_max=0.0087 m_ratio_max=0.506 return=-185.7 length=200 success_rate=0.00 collisions/ep=0.75 (n=8)
update=250 global_step=512000 SPS=397 w_ev=0.971 m_ev=0.690 m_v_bias=-0.2 m_adv_std=8.1381 m_kl_max=0.0209 m_ratio_max=1.726 return=-151.0 length=200 success_rate=0.00 collisions/ep=0.06 (n=16)
Evaluation at update 250: return=-149.24, length=200.00, success_rate=0.00, collisions/ep=0.00
Solved-check at update 250: solved=False worst_gap=1168.61 at p_x0=2.00 p_y0=0.50 (consecutive=0)
update=251 global_step=514048 SPS=393 w_ev=0.960 m_ev=0.342 m_v_bias=3.5 m_adv_std=23.7165 m_kl_max=0.0125 m_ratio_max=0.539 return=-174.0 length=200 success_rate=0.00 collisions/ep=0.50 (n=8)
update=252 global_step=516096 SPS=394 w_ev=0.979 m_ev=0.894 m_v_bias=-2.9 m_adv_std=4.1415 m_kl_max=0.0172 m_ratio_max=0.561 return=-149.7 length=200 success_rate=0.00 collisions/ep=0.00 (n=8)
update=253 global_step=518144 SPS=395 w_ev=0.987 m_ev=0.977 m_v_bias=-2.1 m_adv_std=2.1062 m_kl_max=0.0130 m_ratio_max=0.510 return=-149.3 length=200 success_rate=0.00 collisions/ep=0.00 (n=8)
update=254 global_step=520192 SPS=396 w_ev=0.993 m_ev=0.993 m_v_bias=-1.0 m_adv_std=1.2904 m_kl_max=0.0321 m_ratio_max=1.051 return=-146.6 length=200 success_rate=0.00 collisions/ep=0.00 (n=16)
update=255 global_step=522240 SPS=396 w_ev=0.987 m_ev=0.995 m_v_bias=-0.6 m_adv_std=0.9313 m_kl_max=0.0178 m_ratio_max=0.771 return=-147.0 length=200 success_rate=0.00 collisions/ep=0.00 (n=8)
Evaluation at update 255: return=-148.32, length=200.00, success_rate=0.00, collisions/ep=0.00
Solved-check at update 255: solved=False worst_gap=1168.44 at p_x0=2.00 p_y0=-0.50 (consecutive=0)
update=256 global_step=524288 SPS=393 w_ev=0.923 m_ev=0.216 m_v_bias=5.6 m_adv_std=30.6533 m_kl_max=0.0183 m_ratio_max=0.722 return=-177.3 length=200 success_rate=0.00 collisions/ep=0.62 (n=8)
update=257 global_step=526336 SPS=393 w_ev=0.978 m_ev=0.853 m_v_bias=-1.6 m_adv_std=5.3226 m_kl_max=0.0117 m_ratio_max=0.677 return=-151.2 length=200 success_rate=0.00 collisions/ep=0.11 (n=9)
update=258 global_step=528384 SPS=395 w_ev=0.988 m_ev=0.803 m_v_bias=1.4 m_adv_std=8.5699 m_kl_max=0.0107 m_ratio_max=0.641 return=-155.4 length=200 success_rate=0.00 collisions/ep=0.13 (n=15)
update=259 global_step=530432 SPS=395 w_ev=0.983 m_ev=0.742 m_v_bias=-0.9 m_adv_std=6.7485 m_kl_max=0.0081 m_ratio_max=0.534 return=-149.0 length=200 success_rate=0.00 collisions/ep=0.00 (n=8)
update=260 global_step=532480 SPS=396 w_ev=0.973 m_ev=0.455 m_v_bias=-0.8 m_adv_std=10.3397 m_kl_max=0.0275 m_ratio_max=0.757 return=-156.9 length=200 success_rate=0.00 collisions/ep=0.12 (n=8)
Evaluation at update 260: return=-148.00, length=200.00, success_rate=0.00, collisions/ep=0.00
Solved-check at update 260: solved=False worst_gap=1168.58 at p_x0=2.00 p_y0=-0.50 (consecutive=0)
update=261 global_step=534528 SPS=392 w_ev=0.920 m_ev=0.138 m_v_bias=4.7 m_adv_std=28.4398 m_kl_max=0.0198 m_ratio_max=0.784 return=-178.4 length=200 success_rate=0.00 collisions/ep=0.62 (n=16)
update=262 global_step=536576 SPS=393 w_ev=0.974 m_ev=0.856 m_v_bias=-6.1 m_adv_std=5.4375 m_kl_max=0.0104 m_ratio_max=0.436 return=-148.6 length=200 success_rate=0.00 collisions/ep=0.00 (n=8)
update=263 global_step=538624 SPS=394 w_ev=0.984 m_ev=0.820 m_v_bias=-0.9 m_adv_std=6.7610 m_kl_max=0.0165 m_ratio_max=0.778 return=-147.5 length=200 success_rate=0.00 collisions/ep=0.00 (n=8)
update=264 global_step=540672 SPS=395 w_ev=0.984 m_ev=0.824 m_v_bias=-0.3 m_adv_std=6.3633 m_kl_max=0.0141 m_ratio_max=0.746 return=-150.8 length=200 success_rate=0.00 collisions/ep=0.22 (n=9)
update=265 global_step=542720 SPS=396 w_ev=0.993 m_ev=0.995 m_v_bias=-1.6 m_adv_std=1.1979 m_kl_max=0.0101 m_ratio_max=0.552 return=-145.8 length=200 success_rate=0.00 collisions/ep=0.00 (n=15)
Evaluation at update 265: return=-147.07, length=200.00, success_rate=0.00, collisions/ep=0.00
Solved-check at update 265: solved=False worst_gap=1168.45 at p_x0=2.00 p_y0=0.00 (consecutive=0)
update=266 global_step=544768 SPS=392 w_ev=0.970 m_ev=0.494 m_v_bias=5.7 m_adv_std=14.7726 m_kl_max=0.0154 m_ratio_max=0.538 return=-167.3 length=200 success_rate=0.00 collisions/ep=0.50 (n=8)
update=267 global_step=546816 SPS=393 w_ev=0.982 m_ev=0.824 m_v_bias=-1.2 m_adv_std=6.6193 m_kl_max=0.0282 m_ratio_max=0.812 return=-161.3 length=200 success_rate=0.00 collisions/ep=0.25 (n=8)
update=268 global_step=548864 SPS=394 w_ev=0.990 m_ev=0.751 m_v_bias=0.2 m_adv_std=8.4419 m_kl_max=0.0228 m_ratio_max=0.984 return=-150.3 length=200 success_rate=0.00 collisions/ep=0.12 (n=16)
update=269 global_step=550912 SPS=395 w_ev=0.855 m_ev=0.087 m_v_bias=10.9 m_adv_std=42.7064 m_kl_max=0.0271 m_ratio_max=0.910 return=-225.4 length=200 success_rate=0.00 collisions/ep=1.62 (n=8)
update=270 global_step=552960 SPS=396 w_ev=0.970 m_ev=0.866 m_v_bias=-6.1 m_adv_std=4.7196 m_kl_max=0.0218 m_ratio_max=0.671 return=-151.0 length=200 success_rate=0.00 collisions/ep=0.00 (n=8)
Evaluation at update 270: return=-147.72, length=200.00, success_rate=0.00, collisions/ep=0.00
Solved-check at update 270: solved=False worst_gap=1168.90 at p_x0=2.00 p_y0=0.00 (consecutive=0)
update=271 global_step=555008 SPS=392 w_ev=0.979 m_ev=0.960 m_v_bias=-4.3 m_adv_std=2.8493 m_kl_max=0.0122 m_ratio_max=0.467 return=-151.4 length=200 success_rate=0.00 collisions/ep=0.00 (n=8)
update=272 global_step=557056 SPS=393 w_ev=0.861 m_ev=0.060 m_v_bias=7.7 m_adv_std=34.0700 m_kl_max=0.0199 m_ratio_max=0.487 return=-184.8 length=200 success_rate=0.00 collisions/ep=0.75 (n=16)
update=273 global_step=559104 SPS=394 w_ev=0.972 m_ev=0.781 m_v_bias=-5.9 m_adv_std=6.2028 m_kl_max=0.0230 m_ratio_max=0.793 return=-147.5 length=200 success_rate=0.00 collisions/ep=0.00 (n=8)
update=274 global_step=561152 SPS=395 w_ev=0.941 m_ev=0.291 m_v_bias=5.8 m_adv_std=20.0282 m_kl_max=0.0513 m_ratio_max=1.567 return=-174.7 length=200 success_rate=0.00 collisions/ep=0.62 (n=8)
update=275 global_step=563200 SPS=396 w_ev=0.970 m_ev=0.696 m_v_bias=-1.8 m_adv_std=8.3246 m_kl_max=0.0296 m_ratio_max=1.064 return=-158.4 length=200 success_rate=0.00 collisions/ep=0.25 (n=16)
Evaluation at update 275: return=-147.60, length=200.00, success_rate=0.00, collisions/ep=0.00
Solved-check at update 275: solved=False worst_gap=1168.88 at p_x0=2.00 p_y0=0.00 (consecutive=0)
update=276 global_step=565248 SPS=392 w_ev=0.985 m_ev=0.860 m_v_bias=-2.1 m_adv_std=6.1378 m_kl_max=0.0088 m_ratio_max=0.391 return=-153.5 length=200 success_rate=0.00 collisions/ep=0.12 (n=8)
update=277 global_step=567296 SPS=393 w_ev=0.982 m_ev=0.983 m_v_bias=-2.0 m_adv_std=1.6849 m_kl_max=0.0312 m_ratio_max=0.815 return=-142.6 length=200 success_rate=0.00 collisions/ep=0.00 (n=8)
update=278 global_step=569344 SPS=394 w_ev=0.955 m_ev=0.291 m_v_bias=2.9 m_adv_std=18.8189 m_kl_max=0.0447 m_ratio_max=1.278 return=-145.2 length=200 success_rate=0.00 collisions/ep=0.00 (n=8)
update=279 global_step=571392 SPS=395 w_ev=0.987 m_ev=0.975 m_v_bias=-2.2 m_adv_std=2.3362 m_kl_max=0.0249 m_ratio_max=0.761 return=-158.5 length=200 success_rate=0.00 collisions/ep=0.19 (n=16)
update=280 global_step=573440 SPS=395 w_ev=0.978 m_ev=0.985 m_v_bias=-1.6 m_adv_std=1.6151 m_kl_max=0.0380 m_ratio_max=1.349 return=-147.4 length=200 success_rate=0.00 collisions/ep=0.00 (n=8)
Evaluation at update 280: return=-146.72, length=200.00, success_rate=0.00, collisions/ep=0.00
Solved-check at update 280: solved=False worst_gap=1168.40 at p_x0=2.00 p_y0=0.00 (consecutive=0)
update=281 global_step=575488 SPS=392 w_ev=0.976 m_ev=0.693 m_v_bias=1.6 m_adv_std=8.3846 m_kl_max=0.0049 m_ratio_max=0.372 return=-156.9 length=200 success_rate=0.00 collisions/ep=0.12 (n=8)
update=282 global_step=577536 SPS=393 w_ev=0.985 m_ev=0.984 m_v_bias=-1.7 m_adv_std=1.7126 m_kl_max=0.0161 m_ratio_max=0.882 return=-155.6 length=200 success_rate=0.00 collisions/ep=0.11 (n=9)
update=283 global_step=579584 SPS=393 w_ev=0.990 m_ev=0.881 m_v_bias=-0.2 m_adv_std=5.4717 m_kl_max=0.0202 m_ratio_max=0.575 return=-143.5 length=200 success_rate=0.00 collisions/ep=0.00 (n=15)
update=284 global_step=581632 SPS=394 w_ev=0.985 m_ev=0.996 m_v_bias=-0.7 m_adv_std=0.7439 m_kl_max=0.0656 m_ratio_max=1.313 return=-155.6 length=200 success_rate=0.00 collisions/ep=0.12 (n=8)
update=285 global_step=583680 SPS=395 w_ev=0.978 m_ev=0.997 m_v_bias=-0.5 m_adv_std=0.7495 m_kl_max=0.0298 m_ratio_max=1.111 return=-148.1 length=200 success_rate=0.00 collisions/ep=0.00 (n=8)
Evaluation at update 285: return=-145.60, length=200.00, success_rate=0.00, collisions/ep=0.00
Solved-check at update 285: solved=False worst_gap=1167.39 at p_x0=2.00 p_y0=0.00 (consecutive=0)
update=286 global_step=585728 SPS=392 w_ev=0.990 m_ev=0.825 m_v_bias=1.6 m_adv_std=7.3510 m_kl_max=0.0206 m_ratio_max=0.792 return=-152.2 length=200 success_rate=0.00 collisions/ep=0.12 (n=16)
update=287 global_step=587776 SPS=393 w_ev=0.980 m_ev=0.675 m_v_bias=4.4 m_adv_std=11.3080 m_kl_max=0.0198 m_ratio_max=1.097 return=-168.8 length=200 success_rate=0.00 collisions/ep=0.50 (n=8)
update=288 global_step=589824 SPS=394 w_ev=0.981 m_ev=0.960 m_v_bias=-2.1 m_adv_std=2.5854 m_kl_max=0.0102 m_ratio_max=0.689 return=-146.4 length=200 success_rate=0.00 collisions/ep=0.00 (n=8)
update=289 global_step=591872 SPS=395 w_ev=0.986 m_ev=0.833 m_v_bias=-0.3 m_adv_std=6.0568 m_kl_max=0.0402 m_ratio_max=1.185 return=-149.4 length=200 success_rate=0.00 collisions/ep=0.00 (n=9)
update=290 global_step=593920 SPS=396 w_ev=0.990 m_ev=0.884 m_v_bias=0.3 m_adv_std=6.3793 m_kl_max=0.0305 m_ratio_max=0.835 return=-151.8 length=200 success_rate=0.00 collisions/ep=0.13 (n=15)
Evaluation at update 290: return=-146.50, length=200.00, success_rate=0.00, collisions/ep=0.00
Solved-check at update 290: solved=False worst_gap=1167.92 at p_x0=2.00 p_y0=0.00 (consecutive=0)
update=291 global_step=595968 SPS=392 w_ev=0.979 m_ev=0.982 m_v_bias=-1.2 m_adv_std=1.6802 m_kl_max=0.0274 m_ratio_max=0.850 return=-146.5 length=200 success_rate=0.00 collisions/ep=0.00 (n=8)
update=292 global_step=598016 SPS=393 w_ev=0.979 m_ev=0.770 m_v_bias=0.4 m_adv_std=7.4680 m_kl_max=0.0214 m_ratio_max=0.714 return=-159.9 length=200 success_rate=0.00 collisions/ep=0.25 (n=8)
update=293 global_step=600064 SPS=394 w_ev=0.992 m_ev=0.992 m_v_bias=-1.2 m_adv_std=1.3067 m_kl_max=0.0141 m_ratio_max=0.501 return=-146.0 length=200 success_rate=0.00 collisions/ep=0.00 (n=16)
update=294 global_step=602112 SPS=394 w_ev=0.988 m_ev=0.995 m_v_bias=-0.3 m_adv_std=1.1297 m_kl_max=0.0260 m_ratio_max=0.923 return=-146.6 length=200 success_rate=0.00 collisions/ep=0.00 (n=8)
update=295 global_step=604160 SPS=395 w_ev=0.945 m_ev=0.308 m_v_bias=6.2 m_adv_std=21.9439 m_kl_max=0.0106 m_ratio_max=0.473 return=-158.6 length=200 success_rate=0.00 collisions/ep=0.25 (n=8)
Evaluation at update 295: return=-145.88, length=200.00, success_rate=0.00, collisions/ep=0.00
Solved-check at update 295: solved=False worst_gap=1167.36 at p_x0=2.00 p_y0=0.00 (consecutive=0)
update=296 global_step=606208 SPS=392 w_ev=0.958 m_ev=0.448 m_v_bias=2.3 m_adv_std=17.7527 m_kl_max=0.0267 m_ratio_max=0.987 return=-191.4 length=200 success_rate=0.00 collisions/ep=0.88 (n=8)
update=297 global_step=608256 SPS=393 w_ev=0.825 m_ev=0.073 m_v_bias=6.4 m_adv_std=35.8592 m_kl_max=0.0220 m_ratio_max=1.129 return=-159.1 length=200 success_rate=0.00 collisions/ep=0.25 (n=16)
update=298 global_step=610304 SPS=394 w_ev=0.925 m_ev=0.054 m_v_bias=-4.0 m_adv_std=28.3889 m_kl_max=0.0111 m_ratio_max=0.691 return=-247.2 length=200 success_rate=0.00 collisions/ep=2.00 (n=8)
update=299 global_step=612352 SPS=394 w_ev=0.954 m_ev=0.371 m_v_bias=-0.5 m_adv_std=12.8588 m_kl_max=0.0228 m_ratio_max=0.756 return=-160.3 length=200 success_rate=0.00 collisions/ep=0.25 (n=8)
update=300 global_step=614400 SPS=395 w_ev=0.978 m_ev=0.666 m_v_bias=-1.8 m_adv_std=8.2550 m_kl_max=0.0230 m_ratio_max=1.192 return=-160.7 length=200 success_rate=0.00 collisions/ep=0.25 (n=16)
Evaluation at update 300: return=-146.75, length=200.00, success_rate=0.00, collisions/ep=0.00
Solved-check at update 300: solved=False worst_gap=1168.12 at p_x0=2.00 p_y0=0.00 (consecutive=0)
update=301 global_step=616448 SPS=392 w_ev=0.947 m_ev=0.334 m_v_bias=3.3 m_adv_std=25.3831 m_kl_max=0.0226 m_ratio_max=0.588 return=-179.8 length=200 success_rate=0.00 collisions/ep=0.62 (n=8)
update=302 global_step=618496 SPS=393 w_ev=0.984 m_ev=0.953 m_v_bias=-3.8 m_adv_std=2.9350 m_kl_max=0.0083 m_ratio_max=0.451 return=-148.0 length=200 success_rate=0.00 collisions/ep=0.00 (n=8)
update=303 global_step=620544 SPS=393 w_ev=0.946 m_ev=0.816 m_v_bias=-1.2 m_adv_std=6.6411 m_kl_max=0.0256 m_ratio_max=0.838 return=-148.0 length=200 success_rate=0.00 collisions/ep=0.00 (n=8)
update=304 global_step=622592 SPS=394 w_ev=0.990 m_ev=0.990 m_v_bias=-2.0 m_adv_std=1.6832 m_kl_max=0.0204 m_ratio_max=0.708 return=-149.5 length=200 success_rate=0.00 collisions/ep=0.06 (n=16)
update=305 global_step=624640 SPS=395 w_ev=0.872 m_ev=0.189 m_v_bias=8.7 m_adv_std=37.0854 m_kl_max=0.0134 m_ratio_max=0.564 return=-188.3 length=200 success_rate=0.00 collisions/ep=0.88 (n=8)
Evaluation at update 305: return=-147.04, length=200.00, success_rate=0.00, collisions/ep=0.00
Solved-check at update 305: solved=False worst_gap=1168.38 at p_x0=2.00 p_y0=0.00 (consecutive=0)
update=306 global_step=626688 SPS=392 w_ev=0.976 m_ev=0.895 m_v_bias=-2.9 m_adv_std=4.9532 m_kl_max=0.0077 m_ratio_max=0.509 return=-148.8 length=200 success_rate=0.00 collisions/ep=0.00 (n=8)
update=307 global_step=628736 SPS=393 w_ev=0.857 m_ev=0.011 m_v_bias=13.4 m_adv_std=48.5580 m_kl_max=0.0187 m_ratio_max=0.953 return=-143.8 length=200 success_rate=0.00 collisions/ep=0.00 (n=9)
update=308 global_step=630784 SPS=393 w_ev=0.975 m_ev=0.459 m_v_bias=-9.7 m_adv_std=13.2031 m_kl_max=0.0075 m_ratio_max=0.513 return=-194.8 length=200 success_rate=0.00 collisions/ep=1.00 (n=15)
update=309 global_step=632832 SPS=394 w_ev=0.954 m_ev=0.481 m_v_bias=-5.2 m_adv_std=10.4536 m_kl_max=0.0125 m_ratio_max=0.763 return=-162.0 length=200 success_rate=0.00 collisions/ep=0.25 (n=8)
update=310 global_step=634880 SPS=395 w_ev=0.960 m_ev=0.431 m_v_bias=-2.0 m_adv_std=11.9671 m_kl_max=0.0148 m_ratio_max=0.497 return=-160.2 length=200 success_rate=0.00 collisions/ep=0.25 (n=8)
Evaluation at update 310: return=-146.96, length=200.00, success_rate=0.00, collisions/ep=0.00
Solved-check at update 310: solved=False worst_gap=1168.31 at p_x0=2.00 p_y0=0.00 (consecutive=0)
update=311 global_step=636928 SPS=392 w_ev=0.952 m_ev=0.293 m_v_bias=2.1 m_adv_std=25.3456 m_kl_max=0.0392 m_ratio_max=2.038 return=-168.9 length=200 success_rate=0.00 collisions/ep=0.44 (n=16)
update=312 global_step=638976 SPS=393 w_ev=0.976 m_ev=0.800 m_v_bias=-0.1 m_adv_std=8.3650 m_kl_max=0.0178 m_ratio_max=0.673 return=-158.3 length=200 success_rate=0.00 collisions/ep=0.25 (n=8)
update=313 global_step=641024 SPS=394 w_ev=0.955 m_ev=0.232 m_v_bias=1.0 m_adv_std=23.8126 m_kl_max=0.0266 m_ratio_max=0.797 return=-145.2 length=200 success_rate=0.00 collisions/ep=0.00 (n=8)
update=314 global_step=643072 SPS=394 w_ev=0.965 m_ev=0.600 m_v_bias=-0.4 m_adv_std=11.4573 m_kl_max=0.0228 m_ratio_max=0.864 return=-182.0 length=200 success_rate=0.00 collisions/ep=0.78 (n=9)
update=315 global_step=645120 SPS=395 w_ev=0.991 m_ev=0.970 m_v_bias=-3.6 m_adv_std=3.0123 m_kl_max=0.0250 m_ratio_max=1.317 return=-149.9 length=200 success_rate=0.00 collisions/ep=0.07 (n=15)
Evaluation at update 315: return=-146.95, length=200.00, success_rate=0.00, collisions/ep=0.00
Solved-check at update 315: solved=False worst_gap=1167.49 at p_x0=2.00 p_y0=-0.50 (consecutive=0)
update=316 global_step=647168 SPS=392 w_ev=0.970 m_ev=0.484 m_v_bias=0.8 m_adv_std=12.4227 m_kl_max=0.0223 m_ratio_max=0.711 return=-157.2 length=200 success_rate=0.00 collisions/ep=0.25 (n=8)
update=317 global_step=649216 SPS=393 w_ev=0.970 m_ev=0.678 m_v_bias=-1.8 m_adv_std=9.9400 m_kl_max=0.0223 m_ratio_max=1.249 return=-167.3 length=200 success_rate=0.00 collisions/ep=0.38 (n=8)
update=318 global_step=651264 SPS=394 w_ev=0.984 m_ev=0.984 m_v_bias=-1.7 m_adv_std=1.6845 m_kl_max=0.0384 m_ratio_max=1.537 return=-147.0 length=200 success_rate=0.00 collisions/ep=0.00 (n=16)
update=319 global_step=653312 SPS=394 w_ev=0.989 m_ev=0.879 m_v_bias=0.7 m_adv_std=6.2604 m_kl_max=0.0126 m_ratio_max=0.611 return=-150.8 length=200 success_rate=0.00 collisions/ep=0.12 (n=8)
update=320 global_step=655360 SPS=395 w_ev=0.948 m_ev=0.083 m_v_bias=1.4 m_adv_std=16.4174 m_kl_max=0.0244 m_ratio_max=0.948 return=-147.1 length=200 success_rate=0.00 collisions/ep=0.00 (n=8)
Evaluation at update 320: return=-147.22, length=200.00, success_rate=0.00, collisions/ep=0.00
Solved-check at update 320: solved=False worst_gap=1167.78 at p_x0=2.00 p_y0=-0.50 (consecutive=0)
update=321 global_step=657408 SPS=392 w_ev=0.980 m_ev=0.755 m_v_bias=-3.2 m_adv_std=6.4169 m_kl_max=0.0202 m_ratio_max=1.120 return=-172.8 length=200 success_rate=0.00 collisions/ep=0.50 (n=8)
update=322 global_step=659456 SPS=393 w_ev=0.990 m_ev=0.889 m_v_bias=0.6 m_adv_std=5.9642 m_kl_max=0.0229 m_ratio_max=0.727 return=-148.7 length=200 success_rate=0.00 collisions/ep=0.06 (n=16)
update=323 global_step=661504 SPS=394 w_ev=0.982 m_ev=0.853 m_v_bias=0.7 m_adv_std=5.7576 m_kl_max=0.0259 m_ratio_max=0.798 return=-153.7 length=200 success_rate=0.00 collisions/ep=0.12 (n=8)
update=324 global_step=663552 SPS=395 w_ev=0.977 m_ev=0.534 m_v_bias=0.5 m_adv_std=10.9467 m_kl_max=0.0267 m_ratio_max=1.265 return=-153.1 length=200 success_rate=0.00 collisions/ep=0.12 (n=8)
update=325 global_step=665600 SPS=395 w_ev=0.981 m_ev=0.969 m_v_bias=-2.2 m_adv_std=2.3374 m_kl_max=0.0190 m_ratio_max=0.599 return=-149.8 length=200 success_rate=0.00 collisions/ep=0.12 (n=16)
Evaluation at update 325: return=-147.31, length=200.00, success_rate=0.00, collisions/ep=0.00
Solved-check at update 325: solved=False worst_gap=1167.66 at p_x0=2.00 p_y0=-0.50 (consecutive=0)
update=326 global_step=667648 SPS=392 w_ev=0.988 m_ev=0.992 m_v_bias=-0.9 m_adv_std=1.4982 m_kl_max=0.0437 m_ratio_max=1.286 return=-144.2 length=200 success_rate=0.00 collisions/ep=0.00 (n=8)
update=327 global_step=669696 SPS=393 w_ev=0.986 m_ev=0.997 m_v_bias=-0.4 m_adv_std=0.7117 m_kl_max=0.0512 m_ratio_max=1.489 return=-146.3 length=200 success_rate=0.00 collisions/ep=0.00 (n=8)
update=328 global_step=671744 SPS=394 w_ev=0.983 m_ev=0.997 m_v_bias=-0.4 m_adv_std=0.7078 m_kl_max=0.0203 m_ratio_max=0.626 return=-143.0 length=200 success_rate=0.00 collisions/ep=0.00 (n=8)
update=329 global_step=673792 SPS=395 w_ev=0.987 m_ev=0.869 m_v_bias=0.3 m_adv_std=5.6109 m_kl_max=0.0054 m_ratio_max=0.374 return=-149.1 length=200 success_rate=0.00 collisions/ep=0.06 (n=16)
update=330 global_step=675840 SPS=395 w_ev=0.978 m_ev=0.685 m_v_bias=3.2 m_adv_std=10.3517 m_kl_max=0.0351 m_ratio_max=1.450 return=-163.2 length=200 success_rate=0.00 collisions/ep=0.38 (n=8)
Evaluation at update 330: return=-146.32, length=200.00, success_rate=0.00, collisions/ep=0.00
Solved-check at update 330: solved=False worst_gap=1167.33 at p_x0=2.00 p_y0=0.00 (consecutive=0)
update=331 global_step=677888 SPS=392 w_ev=0.980 m_ev=0.890 m_v_bias=-1.1 m_adv_std=4.8905 m_kl_max=0.0149 m_ratio_max=0.801 return=-153.9 length=200 success_rate=0.00 collisions/ep=0.12 (n=8)
update=332 global_step=679936 SPS=393 w_ev=0.978 m_ev=0.826 m_v_bias=-0.5 m_adv_std=5.8876 m_kl_max=0.0165 m_ratio_max=0.779 return=-151.0 length=200 success_rate=0.00 collisions/ep=0.11 (n=9)
update=333 global_step=681984 SPS=394 w_ev=0.924 m_ev=0.142 m_v_bias=1.7 m_adv_std=24.7203 m_kl_max=0.0150 m_ratio_max=0.862 return=-146.7 length=200 success_rate=0.00 collisions/ep=0.00 (n=15)
update=334 global_step=684032 SPS=395 w_ev=0.973 m_ev=0.902 m_v_bias=-2.1 m_adv_std=4.0269 m_kl_max=0.0344 m_ratio_max=0.843 return=-177.6 length=200 success_rate=0.00 collisions/ep=0.62 (n=8)
update=335 global_step=686080 SPS=395 w_ev=0.972 m_ev=0.731 m_v_bias=1.5 m_adv_std=8.3209 m_kl_max=0.0304 m_ratio_max=1.395 return=-158.2 length=200 success_rate=0.00 collisions/ep=0.25 (n=8)
Evaluation at update 335: return=-146.18, length=200.00, success_rate=0.00, collisions/ep=0.00
Solved-check at update 335: solved=False worst_gap=1166.57 at p_x0=2.00 p_y0=-0.50 (consecutive=0)
update=336 global_step=688128 SPS=392 w_ev=0.970 m_ev=0.866 m_v_bias=1.2 m_adv_std=6.3511 m_kl_max=0.0131 m_ratio_max=0.655 return=-150.3 length=200 success_rate=0.00 collisions/ep=0.06 (n=16)
update=337 global_step=690176 SPS=393 w_ev=0.985 m_ev=0.852 m_v_bias=0.9 m_adv_std=6.4942 m_kl_max=0.0153 m_ratio_max=0.479 return=-150.8 length=200 success_rate=0.00 collisions/ep=0.12 (n=8)
update=338 global_step=692224 SPS=394 w_ev=0.979 m_ev=0.804 m_v_bias=0.1 m_adv_std=6.5049 m_kl_max=0.0198 m_ratio_max=0.623 return=-147.8 length=200 success_rate=0.00 collisions/ep=0.00 (n=8)
update=339 global_step=694272 SPS=394 w_ev=0.958 m_ev=0.473 m_v_bias=3.9 m_adv_std=14.1556 m_kl_max=0.0129 m_ratio_max=0.518 return=-154.4 length=200 success_rate=0.00 collisions/ep=0.11 (n=9)
update=340 global_step=696320 SPS=395 w_ev=0.801 m_ev=-0.126 m_v_bias=9.7 m_adv_std=48.5965 m_kl_max=0.0456 m_ratio_max=1.434 return=-183.7 length=200 success_rate=0.00 collisions/ep=0.73 (n=15)
Evaluation at update 340: return=-145.80, length=200.00, success_rate=0.00, collisions/ep=0.00
Solved-check at update 340: solved=False worst_gap=1166.97 at p_x0=2.00 p_y0=0.00 (consecutive=0)
update=341 global_step=698368 SPS=392 w_ev=0.952 m_ev=0.029 m_v_bias=-7.3 m_adv_std=11.7507 m_kl_max=0.0239 m_ratio_max=0.626 return=-205.7 length=200 success_rate=0.00 collisions/ep=1.25 (n=8)
update=342 global_step=700416 SPS=393 w_ev=0.963 m_ev=0.819 m_v_bias=0.2 m_adv_std=6.0901 m_kl_max=0.0248 m_ratio_max=0.838 return=-148.4 length=200 success_rate=0.00 collisions/ep=0.00 (n=8)
update=343 global_step=702464 SPS=394 w_ev=0.987 m_ev=0.983 m_v_bias=-1.4 m_adv_std=1.9618 m_kl_max=0.0168 m_ratio_max=0.954 return=-148.3 length=200 success_rate=0.00 collisions/ep=0.06 (n=16)
update=344 global_step=704512 SPS=394 w_ev=0.982 m_ev=0.872 m_v_bias=0.7 m_adv_std=6.5146 m_kl_max=0.0178 m_ratio_max=0.731 return=-153.8 length=200 success_rate=0.00 collisions/ep=0.12 (n=8)
update=345 global_step=706560 SPS=395 w_ev=0.942 m_ev=0.124 m_v_bias=1.1 m_adv_std=15.9218 m_kl_max=0.0078 m_ratio_max=0.548 return=-146.5 length=200 success_rate=0.00 collisions/ep=0.00 (n=8)
Evaluation at update 345: return=-145.41, length=200.00, success_rate=0.00, collisions/ep=0.00
Solved-check at update 345: solved=False worst_gap=1166.57 at p_x0=2.00 p_y0=0.00 (consecutive=0)
update=346 global_step=708608 SPS=392 w_ev=0.965 m_ev=0.828 m_v_bias=-3.3 m_adv_std=5.1853 m_kl_max=0.0284 m_ratio_max=0.686 return=-164.8 length=200 success_rate=0.00 collisions/ep=0.38 (n=8)
update=347 global_step=710656 SPS=393 w_ev=0.914 m_ev=0.478 m_v_bias=1.3 m_adv_std=14.3375 m_kl_max=0.0233 m_ratio_max=0.625 return=-146.4 length=200 success_rate=0.00 collisions/ep=0.00 (n=16)
update=348 global_step=712704 SPS=393 w_ev=0.906 m_ev=0.032 m_v_bias=6.2 m_adv_std=35.7232 m_kl_max=0.0223 m_ratio_max=1.051 return=-249.6 length=200 success_rate=0.00 collisions/ep=2.12 (n=8)
update=349 global_step=714752 SPS=394 w_ev=0.898 m_ev=0.101 m_v_bias=3.1 m_adv_std=27.4022 m_kl_max=0.0327 m_ratio_max=1.868 return=-178.0 length=200 success_rate=0.00 collisions/ep=0.62 (n=8)
update=350 global_step=716800 SPS=395 w_ev=0.968 m_ev=0.617 m_v_bias=-2.1 m_adv_std=10.2281 m_kl_max=0.0186 m_ratio_max=0.539 return=-165.7 length=200 success_rate=0.00 collisions/ep=0.38 (n=16)
Evaluation at update 350: return=-145.32, length=200.00, success_rate=0.00, collisions/ep=0.00
Solved-check at update 350: solved=False worst_gap=1166.53 at p_x0=2.00 p_y0=0.00 (consecutive=0)
update=351 global_step=718848 SPS=392 w_ev=0.982 m_ev=0.930 m_v_bias=-2.4 m_adv_std=4.4730 m_kl_max=0.0081 m_ratio_max=0.443 return=-144.7 length=200 success_rate=0.00 collisions/ep=0.00 (n=8)
update=352 global_step=720896 SPS=393 w_ev=0.963 m_ev=0.440 m_v_bias=2.0 m_adv_std=13.0009 m_kl_max=0.0388 m_ratio_max=0.962 return=-151.6 length=200 success_rate=0.00 collisions/ep=0.12 (n=8)
update=353 global_step=722944 SPS=393 w_ev=0.887 m_ev=-0.138 m_v_bias=4.0 m_adv_std=32.4752 m_kl_max=0.0105 m_ratio_max=0.573 return=-158.3 length=200 success_rate=0.00 collisions/ep=0.25 (n=8)
update=354 global_step=724992 SPS=394 w_ev=0.977 m_ev=0.382 m_v_bias=-6.1 m_adv_std=11.5652 m_kl_max=0.0241 m_ratio_max=0.891 return=-173.0 length=200 success_rate=0.00 collisions/ep=0.56 (n=16)
update=355 global_step=727040 SPS=395 w_ev=0.955 m_ev=0.190 m_v_bias=-1.3 m_adv_std=17.0355 m_kl_max=0.0089 m_ratio_max=0.457 return=-144.9 length=200 success_rate=0.00 collisions/ep=0.00 (n=8)
Evaluation at update 355: return=-146.28, length=200.00, success_rate=0.00, collisions/ep=0.00
Solved-check at update 355: solved=False worst_gap=1167.47 at p_x0=2.00 p_y0=0.00 (consecutive=0)
update=356 global_step=729088 SPS=392 w_ev=0.917 m_ev=0.076 m_v_bias=0.5 m_adv_std=21.2862 m_kl_max=0.0114 m_ratio_max=0.468 return=-161.7 length=200 success_rate=0.00 collisions/ep=0.38 (n=8)
update=357 global_step=731136 SPS=392 w_ev=0.971 m_ev=0.716 m_v_bias=-1.7 m_adv_std=6.3060 m_kl_max=0.0276 m_ratio_max=0.759 return=-164.5 length=200 success_rate=0.00 collisions/ep=0.44 (n=9)
update=358 global_step=733184 SPS=393 w_ev=0.972 m_ev=0.608 m_v_bias=0.8 m_adv_std=12.8959 m_kl_max=0.0755 m_ratio_max=1.846 return=-158.8 length=200 success_rate=0.00 collisions/ep=0.20 (n=15)
update=359 global_step=735232 SPS=394 w_ev=0.959 m_ev=0.975 m_v_bias=-0.9 m_adv_std=2.0956 m_kl_max=0.0313 m_ratio_max=0.994 return=-146.8 length=200 success_rate=0.00 collisions/ep=0.00 (n=8)
update=360 global_step=737280 SPS=394 w_ev=0.965 m_ev=0.991 m_v_bias=-1.5 m_adv_std=1.2690 m_kl_max=0.0368 m_ratio_max=0.749 return=-146.9 length=200 success_rate=0.00 collisions/ep=0.00 (n=8)
Evaluation at update 360: return=-144.63, length=200.00, success_rate=0.00, collisions/ep=0.00
Solved-check at update 360: solved=False worst_gap=1166.21 at p_x0=2.00 p_y0=0.00 (consecutive=0)
update=361 global_step=739328 SPS=391 w_ev=0.975 m_ev=0.588 m_v_bias=1.6 m_adv_std=12.0821 m_kl_max=0.0313 m_ratio_max=0.922 return=-152.5 length=200 success_rate=0.00 collisions/ep=0.12 (n=16)
update=362 global_step=741376 SPS=392 w_ev=0.960 m_ev=0.435 m_v_bias=2.9 m_adv_std=18.7425 m_kl_max=0.0196 m_ratio_max=0.785 return=-169.2 length=200 success_rate=0.00 collisions/ep=0.50 (n=8)
update=363 global_step=743424 SPS=393 w_ev=0.966 m_ev=0.979 m_v_bias=-2.8 m_adv_std=1.9181 m_kl_max=0.0117 m_ratio_max=0.506 return=-145.7 length=200 success_rate=0.00 collisions/ep=0.00 (n=8)
update=364 global_step=745472 SPS=394 w_ev=0.975 m_ev=0.989 m_v_bias=-1.8 m_adv_std=1.4470 m_kl_max=0.0480 m_ratio_max=1.037 return=-147.3 length=200 success_rate=0.00 collisions/ep=0.00 (n=9)
update=365 global_step=747520 SPS=394 w_ev=0.980 m_ev=0.542 m_v_bias=3.1 m_adv_std=14.1817 m_kl_max=0.0102 m_ratio_max=0.651 return=-155.2 length=200 success_rate=0.00 collisions/ep=0.20 (n=15)
Evaluation at update 365: return=-144.62, length=200.00, success_rate=0.00, collisions/ep=0.00
Solved-check at update 365: solved=False worst_gap=1166.09 at p_x0=2.00 p_y0=0.00 (consecutive=0)
update=366 global_step=749568 SPS=391 w_ev=0.971 m_ev=0.701 m_v_bias=-1.1 m_adv_std=8.7532 m_kl_max=0.0300 m_ratio_max=1.140 return=-162.6 length=200 success_rate=0.00 collisions/ep=0.38 (n=8)
update=367 global_step=751616 SPS=392 w_ev=0.978 m_ev=0.796 m_v_bias=-0.5 m_adv_std=6.3694 m_kl_max=0.0482 m_ratio_max=2.994 return=-146.3 length=200 success_rate=0.00 collisions/ep=0.00 (n=8)
update=368 global_step=753664 SPS=393 w_ev=0.968 m_ev=0.575 m_v_bias=2.8 m_adv_std=11.3350 m_kl_max=0.0323 m_ratio_max=1.003 return=-161.1 length=200 success_rate=0.00 collisions/ep=0.31 (n=16)
update=369 global_step=755712 SPS=394 w_ev=0.982 m_ev=0.873 m_v_bias=-1.1 m_adv_std=6.3715 m_kl_max=0.0209 m_ratio_max=1.095 return=-150.9 length=200 success_rate=0.00 collisions/ep=0.12 (n=8)
update=370 global_step=757760 SPS=394 w_ev=0.980 m_ev=0.991 m_v_bias=-2.1 m_adv_std=1.3535 m_kl_max=0.0121 m_ratio_max=0.557 return=-147.7 length=200 success_rate=0.00 collisions/ep=0.00 (n=8)
Evaluation at update 370: return=-145.38, length=200.00, success_rate=0.00, collisions/ep=0.00
Solved-check at update 370: solved=False worst_gap=1164.59 at p_x0=2.00 p_y0=0.50 (consecutive=0)
update=371 global_step=759808 SPS=391 w_ev=0.664 m_ev=-0.112 m_v_bias=13.1 m_adv_std=56.6480 m_kl_max=0.0398 m_ratio_max=1.819 return=-148.6 length=200 success_rate=0.00 collisions/ep=0.12 (n=8)
update=372 global_step=761856 SPS=392 w_ev=0.964 m_ev=0.403 m_v_bias=-7.2 m_adv_std=13.8450 m_kl_max=0.0139 m_ratio_max=0.604 return=-195.5 length=200 success_rate=0.00 collisions/ep=1.00 (n=16)
update=373 global_step=763904 SPS=393 w_ev=0.969 m_ev=0.620 m_v_bias=-2.1 m_adv_std=10.0057 m_kl_max=0.0305 m_ratio_max=0.914 return=-158.2 length=200 success_rate=0.00 collisions/ep=0.25 (n=8)
update=374 global_step=765952 SPS=393 w_ev=0.982 m_ev=0.793 m_v_bias=-1.1 m_adv_std=6.7617 m_kl_max=0.0127 m_ratio_max=0.574 return=-146.9 length=200 success_rate=0.00 collisions/ep=0.00 (n=8)
update=375 global_step=768000 SPS=394 w_ev=0.981 m_ev=0.896 m_v_bias=-1.7 m_adv_std=4.7685 m_kl_max=0.0113 m_ratio_max=0.779 return=-151.4 length=200 success_rate=0.00 collisions/ep=0.12 (n=16)
Evaluation at update 375: return=-145.43, length=200.00, success_rate=0.00, collisions/ep=0.00
Solved-check at update 375: solved=False worst_gap=1166.73 at p_x0=2.00 p_y0=0.50 (consecutive=0)
update=376 global_step=770048 SPS=391 w_ev=0.982 m_ev=0.879 m_v_bias=-0.5 m_adv_std=5.7535 m_kl_max=0.0316 m_ratio_max=2.037 return=-145.4 length=200 success_rate=0.00 collisions/ep=0.00 (n=8)
update=377 global_step=772096 SPS=392 w_ev=0.981 m_ev=0.987 m_v_bias=-1.1 m_adv_std=1.4193 m_kl_max=0.0354 m_ratio_max=0.875 return=-151.1 length=200 success_rate=0.00 collisions/ep=0.12 (n=8)
update=378 global_step=774144 SPS=393 w_ev=0.976 m_ev=0.793 m_v_bias=0.6 m_adv_std=6.5647 m_kl_max=0.0223 m_ratio_max=0.939 return=-147.5 length=200 success_rate=0.00 collisions/ep=0.00 (n=8)
update=379 global_step=776192 SPS=393 w_ev=0.954 m_ev=0.841 m_v_bias=0.3 m_adv_std=7.2450 m_kl_max=0.0289 m_ratio_max=1.087 return=-154.3 length=200 success_rate=0.00 collisions/ep=0.19 (n=16)
update=380 global_step=778240 SPS=394 w_ev=0.714 m_ev=-0.038 m_v_bias=11.3 m_adv_std=63.3857 m_kl_max=0.0157 m_ratio_max=0.564 return=-178.7 length=200 success_rate=0.00 collisions/ep=0.75 (n=8)
Evaluation at update 380: return=-144.63, length=200.00, success_rate=0.00, collisions/ep=0.00
Solved-check at update 380: solved=False worst_gap=1166.09 at p_x0=2.00 p_y0=0.50 (consecutive=0)
update=381 global_step=780288 SPS=392 w_ev=0.958 m_ev=0.688 m_v_bias=-4.1 m_adv_std=7.5217 m_kl_max=0.0191 m_ratio_max=0.900 return=-215.1 length=200 success_rate=0.00 collisions/ep=1.50 (n=8)
update=382 global_step=782336 SPS=392 w_ev=0.957 m_ev=0.716 m_v_bias=1.6 m_adv_std=8.7775 m_kl_max=0.0186 m_ratio_max=0.717 return=-141.3 length=200 success_rate=0.00 collisions/ep=0.00 (n=9)
update=383 global_step=784384 SPS=393 w_ev=0.918 m_ev=0.198 m_v_bias=8.8 m_adv_std=40.5804 m_kl_max=0.0180 m_ratio_max=0.880 return=-173.1 length=200 success_rate=0.00 collisions/ep=0.60 (n=15)
update=384 global_step=786432 SPS=393 w_ev=0.966 m_ev=0.835 m_v_bias=-2.9 m_adv_std=6.2302 m_kl_max=0.0127 m_ratio_max=1.039 return=-151.2 length=200 success_rate=0.00 collisions/ep=0.12 (n=8)
update=385 global_step=788480 SPS=394 w_ev=0.945 m_ev=0.300 m_v_bias=-0.3 m_adv_std=16.7503 m_kl_max=0.0160 m_ratio_max=0.908 return=-150.5 length=200 success_rate=0.00 collisions/ep=0.12 (n=8)
Evaluation at update 385: return=-145.23, length=200.00, success_rate=0.00, collisions/ep=0.00
Solved-check at update 385: solved=False worst_gap=1166.95 at p_x0=2.00 p_y0=0.00 (consecutive=0)
update=386 global_step=790528 SPS=391 w_ev=0.980 m_ev=0.768 m_v_bias=-1.9 m_adv_std=7.6339 m_kl_max=0.0247 m_ratio_max=0.737 return=-158.7 length=200 success_rate=0.00 collisions/ep=0.25 (n=16)
update=387 global_step=792576 SPS=392 w_ev=0.982 m_ev=0.844 m_v_bias=-1.4 m_adv_std=6.5190 m_kl_max=0.0263 m_ratio_max=0.898 return=-151.6 length=200 success_rate=0.00 collisions/ep=0.12 (n=8)
update=388 global_step=794624 SPS=393 w_ev=0.974 m_ev=0.725 m_v_bias=0.7 m_adv_std=8.9873 m_kl_max=0.0133 m_ratio_max=0.856 return=-158.3 length=200 success_rate=0.00 collisions/ep=0.25 (n=8)
update=389 global_step=796672 SPS=393 w_ev=0.947 m_ev=0.212 m_v_bias=7.0 m_adv_std=22.8709 m_kl_max=0.0196 m_ratio_max=0.751 return=-157.7 length=200 success_rate=0.00 collisions/ep=0.22 (n=9)
update=390 global_step=798720 SPS=394 w_ev=0.985 m_ev=0.768 m_v_bias=-3.0 m_adv_std=9.1151 m_kl_max=0.0131 m_ratio_max=0.928 return=-166.7 length=200 success_rate=0.00 collisions/ep=0.47 (n=15)
Evaluation at update 390: return=-145.19, length=200.00, success_rate=0.00, collisions/ep=0.00
Solved-check at update 390: solved=False worst_gap=1166.65 at p_x0=2.00 p_y0=0.00 (consecutive=0)
update=391 global_step=800768 SPS=391 w_ev=0.972 m_ev=0.834 m_v_bias=-2.1 m_adv_std=6.0053 m_kl_max=0.0279 m_ratio_max=1.099 return=-158.7 length=200 success_rate=0.00 collisions/ep=0.25 (n=8)
update=392 global_step=802816 SPS=392 w_ev=0.980 m_ev=0.937 m_v_bias=-2.3 m_adv_std=3.6505 m_kl_max=0.0282 m_ratio_max=1.089 return=-155.1 length=200 success_rate=0.00 collisions/ep=0.12 (n=8)
update=393 global_step=804864 SPS=393 w_ev=0.991 m_ev=0.992 m_v_bias=-1.9 m_adv_std=1.2859 m_kl_max=0.0141 m_ratio_max=0.838 return=-143.1 length=200 success_rate=0.00 collisions/ep=0.00 (n=16)
update=394 global_step=806912 SPS=393 w_ev=0.893 m_ev=0.099 m_v_bias=2.9 m_adv_std=30.4761 m_kl_max=0.0354 m_ratio_max=1.247 return=-145.7 length=200 success_rate=0.00 collisions/ep=0.00 (n=8)
update=395 global_step=808960 SPS=394 w_ev=0.963 m_ev=0.550 m_v_bias=-1.7 m_adv_std=9.3590 m_kl_max=0.0167 m_ratio_max=0.559 return=-184.3 length=200 success_rate=0.00 collisions/ep=0.75 (n=8)
Evaluation at update 395: return=-145.09, length=200.00, success_rate=0.00, collisions/ep=0.00
Solved-check at update 395: solved=False worst_gap=1165.57 at p_x0=2.00 p_y0=-0.50 (consecutive=0)
update=396 global_step=811008 SPS=391 w_ev=0.982 m_ev=0.989 m_v_bias=-0.4 m_adv_std=1.4254 m_kl_max=0.0362 m_ratio_max=1.047 return=-154.3 length=200 success_rate=0.00 collisions/ep=0.12 (n=8)
update=397 global_step=813056 SPS=392 w_ev=0.990 m_ev=0.795 m_v_bias=2.7 m_adv_std=9.0372 m_kl_max=0.1336 m_ratio_max=7.474 return=-152.5 length=200 success_rate=0.00 collisions/ep=0.12 (n=16)
update=398 global_step=815104 SPS=393 w_ev=0.963 m_ev=0.552 m_v_bias=3.8 m_adv_std=13.9967 m_kl_max=0.0163 m_ratio_max=0.838 return=-170.1 length=200 success_rate=0.00 collisions/ep=0.50 (n=8)
update=399 global_step=817152 SPS=393 w_ev=0.986 m_ev=0.815 m_v_bias=-1.3 m_adv_std=7.0573 m_kl_max=0.0261 m_ratio_max=0.816 return=-162.2 length=200 success_rate=0.00 collisions/ep=0.25 (n=8)
update=400 global_step=819200 SPS=394 w_ev=0.979 m_ev=0.984 m_v_bias=-2.9 m_adv_std=1.6290 m_kl_max=0.0192 m_ratio_max=0.774 return=-146.4 length=200 success_rate=0.00 collisions/ep=0.00 (n=16)
Evaluation at update 400: return=-145.93, length=200.00, success_rate=0.00, collisions/ep=0.00
Solved-check at update 400: solved=False worst_gap=1165.60 at p_x0=2.00 p_y0=0.50 (consecutive=0)
update=401 global_step=821248 SPS=391 w_ev=0.984 m_ev=0.993 m_v_bias=-1.2 m_adv_std=1.3386 m_kl_max=0.0285 m_ratio_max=0.769 return=-148.6 length=200 success_rate=0.00 collisions/ep=0.00 (n=8)
update=402 global_step=823296 SPS=392 w_ev=0.976 m_ev=0.786 m_v_bias=0.2 m_adv_std=6.3722 m_kl_max=0.0180 m_ratio_max=0.842 return=-147.2 length=200 success_rate=0.00 collisions/ep=0.00 (n=8)
update=403 global_step=825344 SPS=393 w_ev=0.705 m_ev=-0.100 m_v_bias=8.4 m_adv_std=54.2200 m_kl_max=0.0139 m_ratio_max=0.755 return=-159.0 length=200 success_rate=0.00 collisions/ep=0.25 (n=8)
update=404 global_step=827392 SPS=393 w_ev=0.924 m_ev=0.368 m_v_bias=-4.4 m_adv_std=11.4878 m_kl_max=0.0261 m_ratio_max=0.521 return=-180.9 length=200 success_rate=0.00 collisions/ep=0.69 (n=16)
update=405 global_step=829440 SPS=394 w_ev=0.978 m_ev=0.760 m_v_bias=-2.0 m_adv_std=7.3481 m_kl_max=0.0390 m_ratio_max=1.157 return=-153.1 length=200 success_rate=0.00 collisions/ep=0.12 (n=8)
Evaluation at update 405: return=-146.36, length=200.00, success_rate=0.00, collisions/ep=0.00
Solved-check at update 405: solved=False worst_gap=1167.31 at p_x0=2.00 p_y0=0.00 (consecutive=0)
update=406 global_step=831488 SPS=391 w_ev=0.984 m_ev=0.816 m_v_bias=-0.3 m_adv_std=6.6721 m_kl_max=0.0329 m_ratio_max=1.279 return=-152.9 length=200 success_rate=0.00 collisions/ep=0.12 (n=8)
update=407 global_step=833536 SPS=392 w_ev=0.976 m_ev=0.676 m_v_bias=1.3 m_adv_std=9.1026 m_kl_max=0.0198 m_ratio_max=0.952 return=-157.7 length=200 success_rate=0.00 collisions/ep=0.22 (n=9)
update=408 global_step=835584 SPS=392 w_ev=0.984 m_ev=0.791 m_v_bias=1.5 m_adv_std=8.7726 m_kl_max=0.0153 m_ratio_max=0.727 return=-152.8 length=200 success_rate=0.00 collisions/ep=0.13 (n=15)
update=409 global_step=837632 SPS=393 w_ev=0.975 m_ev=0.834 m_v_bias=-1.1 m_adv_std=5.9965 m_kl_max=0.0237 m_ratio_max=0.875 return=-152.3 length=200 success_rate=0.00 collisions/ep=0.12 (n=8)
update=410 global_step=839680 SPS=394 w_ev=0.981 m_ev=0.990 m_v_bias=-2.2 m_adv_std=1.2936 m_kl_max=0.0142 m_ratio_max=1.086 return=-146.9 length=200 success_rate=0.00 collisions/ep=0.00 (n=8)
Evaluation at update 410: return=-145.71, length=200.00, success_rate=0.00, collisions/ep=0.00
Solved-check at update 410: solved=False worst_gap=1166.25 at p_x0=2.00 p_y0=-0.50 (consecutive=0)
update=411 global_step=841728 SPS=391 w_ev=0.991 m_ev=0.996 m_v_bias=-1.3 m_adv_std=0.9660 m_kl_max=0.0260 m_ratio_max=0.751 return=-148.3 length=200 success_rate=0.00 collisions/ep=0.00 (n=16)
update=412 global_step=843776 SPS=392 w_ev=0.967 m_ev=0.430 m_v_bias=2.5 m_adv_std=17.4473 m_kl_max=0.0430 m_ratio_max=1.959 return=-142.4 length=200 success_rate=0.00 collisions/ep=0.00 (n=8)
update=413 global_step=845824 SPS=392 w_ev=0.979 m_ev=0.968 m_v_bias=-1.4 m_adv_std=2.4481 m_kl_max=0.0197 m_ratio_max=0.714 return=-162.2 length=200 success_rate=0.00 collisions/ep=0.38 (n=8)
update=414 global_step=847872 SPS=393 w_ev=0.924 m_ev=0.118 m_v_bias=1.6 m_adv_std=19.9184 m_kl_max=0.0088 m_ratio_max=0.503 return=-144.5 length=200 success_rate=0.00 collisions/ep=0.00 (n=9)
update=415 global_step=849920 SPS=394 w_ev=0.985 m_ev=0.717 m_v_bias=-2.4 m_adv_std=9.3631 m_kl_max=0.0248 m_ratio_max=0.846 return=-161.9 length=200 success_rate=0.00 collisions/ep=0.33 (n=15)
Evaluation at update 415: return=-146.05, length=200.00, success_rate=0.00, collisions/ep=0.00
Solved-check at update 415: solved=False worst_gap=1167.23 at p_x0=2.00 p_y0=0.00 (consecutive=0)
update=416 global_step=851968 SPS=391 w_ev=0.980 m_ev=0.647 m_v_bias=2.7 m_adv_std=11.1693 m_kl_max=0.0235 m_ratio_max=1.053 return=-163.6 length=200 success_rate=0.00 collisions/ep=0.38 (n=8)
update=417 global_step=854016 SPS=392 w_ev=0.983 m_ev=0.854 m_v_bias=-1.0 m_adv_std=5.8224 m_kl_max=0.0178 m_ratio_max=0.864 return=-148.3 length=200 success_rate=0.00 collisions/ep=0.12 (n=8)
update=418 global_step=856064 SPS=392 w_ev=0.985 m_ev=0.561 m_v_bias=1.0 m_adv_std=12.0734 m_kl_max=0.0167 m_ratio_max=1.006 return=-150.3 length=200 success_rate=0.00 collisions/ep=0.12 (n=16)
update=419 global_step=858112 SPS=393 w_ev=0.987 m_ev=0.838 m_v_bias=-0.8 m_adv_std=7.0283 m_kl_max=0.0346 m_ratio_max=0.911 return=-151.3 length=200 success_rate=0.00 collisions/ep=0.12 (n=8)
update=420 global_step=860160 SPS=394 w_ev=0.983 m_ev=0.985 m_v_bias=-1.6 m_adv_std=1.6076 m_kl_max=0.0184 m_ratio_max=0.605 return=-146.5 length=200 success_rate=0.00 collisions/ep=0.00 (n=8)
Evaluation at update 420: return=-146.33, length=200.00, success_rate=0.00, collisions/ep=0.00
Solved-check at update 420: solved=False worst_gap=1167.51 at p_x0=2.00 p_y0=0.00 (consecutive=0)
update=421 global_step=862208 SPS=391 w_ev=0.986 m_ev=0.820 m_v_bias=-0.1 m_adv_std=6.4159 m_kl_max=0.0260 m_ratio_max=1.464 return=-152.6 length=200 success_rate=0.00 collisions/ep=0.12 (n=8)
update=422 global_step=864256 SPS=392 w_ev=0.988 m_ev=0.878 m_v_bias=0.6 m_adv_std=6.3945 m_kl_max=0.0154 m_ratio_max=0.676 return=-149.0 length=200 success_rate=0.00 collisions/ep=0.06 (n=16)
update=423 global_step=866304 SPS=392 w_ev=0.990 m_ev=0.988 m_v_bias=-1.0 m_adv_std=1.4966 m_kl_max=0.0148 m_ratio_max=0.717 return=-147.5 length=200 success_rate=0.00 collisions/ep=0.00 (n=8)
update=424 global_step=868352 SPS=393 w_ev=0.986 m_ev=0.830 m_v_bias=0.3 m_adv_std=6.6158 m_kl_max=0.0269 m_ratio_max=0.923 return=-148.9 length=200 success_rate=0.00 collisions/ep=0.12 (n=8)
update=425 global_step=870400 SPS=393 w_ev=0.985 m_ev=0.719 m_v_bias=2.2 m_adv_std=8.8977 m_kl_max=0.0135 m_ratio_max=0.915 return=-150.6 length=200 success_rate=0.00 collisions/ep=0.12 (n=16)
Evaluation at update 425: return=-145.64, length=200.00, success_rate=0.00, collisions/ep=0.00
Solved-check at update 425: solved=False worst_gap=1167.01 at p_x0=2.00 p_y0=0.00 (consecutive=0)
update=426 global_step=872448 SPS=391 w_ev=0.988 m_ev=0.638 m_v_bias=0.8 m_adv_std=11.6260 m_kl_max=0.0154 m_ratio_max=1.102 return=-156.3 length=200 success_rate=0.00 collisions/ep=0.25 (n=8)
update=427 global_step=874496 SPS=392 w_ev=0.982 m_ev=0.958 m_v_bias=-1.9 m_adv_std=2.4163 m_kl_max=0.0184 m_ratio_max=0.957 return=-145.5 length=200 success_rate=0.00 collisions/ep=0.00 (n=8)
update=428 global_step=876544 SPS=392 w_ev=0.981 m_ev=0.667 m_v_bias=1.1 m_adv_std=8.4237 m_kl_max=0.0215 m_ratio_max=1.233 return=-149.8 length=200 success_rate=0.00 collisions/ep=0.00 (n=8)
update=429 global_step=878592 SPS=393 w_ev=0.990 m_ev=0.971 m_v_bias=-2.1 m_adv_std=2.4406 m_kl_max=0.0205 m_ratio_max=1.718 return=-152.0 length=200 success_rate=0.00 collisions/ep=0.12 (n=16)
update=430 global_step=880640 SPS=393 w_ev=0.990 m_ev=0.985 m_v_bias=-1.4 m_adv_std=1.6622 m_kl_max=0.0497 m_ratio_max=1.012 return=-149.5 length=200 success_rate=0.00 collisions/ep=0.00 (n=8)
Evaluation at update 430: return=-145.24, length=200.00, success_rate=0.00, collisions/ep=0.00
Solved-check at update 430: solved=False worst_gap=1166.67 at p_x0=2.00 p_y0=0.00 (consecutive=0)
update=431 global_step=882688 SPS=391 w_ev=0.911 m_ev=0.156 m_v_bias=10.3 m_adv_std=33.0957 m_kl_max=0.0139 m_ratio_max=1.007 return=-165.0 length=200 success_rate=0.00 collisions/ep=0.38 (n=8)
update=432 global_step=884736 SPS=392 w_ev=0.976 m_ev=0.957 m_v_bias=-3.3 m_adv_std=2.9280 m_kl_max=0.0231 m_ratio_max=0.615 return=-173.0 length=200 success_rate=0.00 collisions/ep=0.56 (n=9)
update=433 global_step=886784 SPS=392 w_ev=0.983 m_ev=0.634 m_v_bias=2.0 m_adv_std=13.5831 m_kl_max=0.0123 m_ratio_max=0.598 return=-155.1 length=200 success_rate=0.00 collisions/ep=0.20 (n=15)
update=434 global_step=888832 SPS=393 w_ev=0.977 m_ev=0.664 m_v_bias=1.6 m_adv_std=10.8024 m_kl_max=0.0174 m_ratio_max=0.695 return=-159.4 length=200 success_rate=0.00 collisions/ep=0.38 (n=8)
update=435 global_step=890880 SPS=394 w_ev=0.977 m_ev=0.605 m_v_bias=1.0 m_adv_std=10.4341 m_kl_max=0.0245 m_ratio_max=1.010 return=-150.4 length=200 success_rate=0.00 collisions/ep=0.12 (n=8)
Evaluation at update 435: return=-145.27, length=200.00, success_rate=0.00, collisions/ep=0.00
Solved-check at update 435: solved=False worst_gap=1166.89 at p_x0=2.00 p_y0=0.00 (consecutive=0)
update=436 global_step=892928 SPS=391 w_ev=0.985 m_ev=0.624 m_v_bias=-1.6 m_adv_std=11.8951 m_kl_max=0.0214 m_ratio_max=1.233 return=-158.3 length=200 success_rate=0.00 collisions/ep=0.25 (n=16)
update=437 global_step=894976 SPS=392 w_ev=0.987 m_ev=0.990 m_v_bias=-3.3 m_adv_std=1.4760 m_kl_max=0.0083 m_ratio_max=0.566 return=-147.9 length=200 success_rate=0.00 collisions/ep=0.00 (n=8)
update=438 global_step=897024 SPS=392 w_ev=0.970 m_ev=0.316 m_v_bias=1.5 m_adv_std=16.3781 m_kl_max=0.0091 m_ratio_max=0.462 return=-145.4 length=200 success_rate=0.00 collisions/ep=0.00 (n=8)
update=439 global_step=899072 SPS=393 w_ev=0.981 m_ev=0.919 m_v_bias=-3.3 m_adv_std=3.6702 m_kl_max=0.0244 m_ratio_max=0.837 return=-158.6 length=200 success_rate=0.00 collisions/ep=0.33 (n=9)
update=440 global_step=901120 SPS=394 w_ev=0.986 m_ev=0.654 m_v_bias=1.1 m_adv_std=11.5146 m_kl_max=0.0350 m_ratio_max=1.062 return=-153.2 length=200 success_rate=0.00 collisions/ep=0.13 (n=15)
Evaluation at update 440: return=-144.67, length=200.00, success_rate=0.00, collisions/ep=0.00
Solved-check at update 440: solved=False worst_gap=1166.36 at p_x0=2.00 p_y0=0.00 (consecutive=0)
update=441 global_step=903168 SPS=391 w_ev=0.938 m_ev=0.278 m_v_bias=2.6 m_adv_std=23.6472 m_kl_max=0.0070 m_ratio_max=0.319 return=-169.2 length=200 success_rate=0.00 collisions/ep=0.50 (n=8)
update=442 global_step=905216 SPS=392 w_ev=0.963 m_ev=0.525 m_v_bias=-0.2 m_adv_std=10.1587 m_kl_max=0.0349 m_ratio_max=1.919 return=-145.6 length=200 success_rate=0.00 collisions/ep=0.00 (n=8)
update=443 global_step=907264 SPS=392 w_ev=0.988 m_ev=0.777 m_v_bias=-1.9 m_adv_std=6.4105 m_kl_max=0.0190 m_ratio_max=0.542 return=-154.1 length=200 success_rate=0.00 collisions/ep=0.19 (n=16)
update=444 global_step=909312 SPS=393 w_ev=0.987 m_ev=0.973 m_v_bias=-1.6 m_adv_std=2.6039 m_kl_max=0.0228 m_ratio_max=0.755 return=-147.2 length=200 success_rate=0.00 collisions/ep=0.00 (n=8)
update=445 global_step=911360 SPS=394 w_ev=0.920 m_ev=0.224 m_v_bias=4.3 m_adv_std=28.8533 m_kl_max=0.0228 m_ratio_max=1.354 return=-175.2 length=200 success_rate=0.00 collisions/ep=0.62 (n=8)
Evaluation at update 445: return=-144.57, length=200.00, success_rate=0.00, collisions/ep=0.00
Solved-check at update 445: solved=False worst_gap=1166.13 at p_x0=2.00 p_y0=0.00 (consecutive=0)
update=446 global_step=913408 SPS=391 w_ev=0.959 m_ev=0.521 m_v_bias=2.6 m_adv_std=14.5106 m_kl_max=0.0152 m_ratio_max=0.770 return=-155.7 length=200 success_rate=0.00 collisions/ep=0.25 (n=8)
update=447 global_step=915456 SPS=392 w_ev=0.986 m_ev=0.656 m_v_bias=2.3 m_adv_std=13.4472 m_kl_max=0.0134 m_ratio_max=0.592 return=-161.0 length=200 success_rate=0.00 collisions/ep=0.31 (n=16)
update=448 global_step=917504 SPS=393 w_ev=0.983 m_ev=0.959 m_v_bias=-3.1 m_adv_std=2.8084 m_kl_max=0.0126 m_ratio_max=0.510 return=-146.7 length=200 success_rate=0.00 collisions/ep=0.00 (n=8)
update=449 global_step=919552 SPS=393 w_ev=0.962 m_ev=0.444 m_v_bias=2.6 m_adv_std=16.3909 m_kl_max=0.0201 m_ratio_max=0.717 return=-168.9 length=200 success_rate=0.00 collisions/ep=0.50 (n=8)
update=450 global_step=921600 SPS=394 w_ev=0.982 m_ev=0.983 m_v_bias=-3.0 m_adv_std=1.7925 m_kl_max=0.0125 m_ratio_max=0.660 return=-149.8 length=200 success_rate=0.00 collisions/ep=0.06 (n=16)
Evaluation at update 450: return=-143.89, length=200.00, success_rate=0.00, collisions/ep=0.00
Solved-check at update 450: solved=False worst_gap=1165.53 at p_x0=2.00 p_y0=0.00 (consecutive=0)
update=451 global_step=923648 SPS=392 w_ev=0.708 m_ev=-0.062 m_v_bias=7.3 m_adv_std=59.1836 m_kl_max=0.0244 m_ratio_max=0.579 return=-149.1 length=200 success_rate=0.00 collisions/ep=0.00 (n=8)
update=452 global_step=925696 SPS=392 w_ev=0.816 m_ev=0.021 m_v_bias=7.9 m_adv_std=43.5822 m_kl_max=0.0327 m_ratio_max=1.726 return=-267.6 length=200 success_rate=0.00 collisions/ep=2.38 (n=8)
update=453 global_step=927744 SPS=393 w_ev=0.967 m_ev=0.829 m_v_bias=-3.5 m_adv_std=6.6996 m_kl_max=0.0225 m_ratio_max=0.858 return=-166.7 length=200 success_rate=0.00 collisions/ep=0.38 (n=8)
update=454 global_step=929792 SPS=393 w_ev=0.981 m_ev=0.979 m_v_bias=-3.5 m_adv_std=2.4276 m_kl_max=0.0115 m_ratio_max=0.603 return=-148.6 length=200 success_rate=0.00 collisions/ep=0.06 (n=16)
update=455 global_step=931840 SPS=394 w_ev=0.550 m_ev=-0.118 m_v_bias=11.5 m_adv_std=59.8790 m_kl_max=0.0493 m_ratio_max=1.793 return=-148.0 length=200 success_rate=0.00 collisions/ep=0.12 (n=8)
Evaluation at update 455: return=-144.02, length=200.00, success_rate=0.00, collisions/ep=0.00
Solved-check at update 455: solved=False worst_gap=1165.23 at p_x0=2.00 p_y0=0.00 (consecutive=0)
update=456 global_step=933888 SPS=391 w_ev=0.915 m_ev=-0.001 m_v_bias=-3.1 m_adv_std=20.8204 m_kl_max=0.0210 m_ratio_max=0.564 return=-270.4 length=200 success_rate=0.00 collisions/ep=2.50 (n=8)
update=457 global_step=935936 SPS=392 w_ev=0.965 m_ev=0.975 m_v_bias=-2.9 m_adv_std=2.2158 m_kl_max=0.0362 m_ratio_max=0.806 return=-148.2 length=200 success_rate=0.00 collisions/ep=0.11 (n=9)
update=458 global_step=937984 SPS=393 w_ev=0.968 m_ev=0.456 m_v_bias=4.6 m_adv_std=19.9289 m_kl_max=0.0152 m_ratio_max=0.816 return=-163.1 length=200 success_rate=0.00 collisions/ep=0.33 (n=15)
update=459 global_step=940032 SPS=393 w_ev=0.983 m_ev=0.828 m_v_bias=-2.0 m_adv_std=6.4352 m_kl_max=0.0072 m_ratio_max=0.497 return=-150.8 length=200 success_rate=0.00 collisions/ep=0.12 (n=8)
update=460 global_step=942080 SPS=394 w_ev=0.982 m_ev=0.826 m_v_bias=-1.6 m_adv_std=6.1994 m_kl_max=0.0158 m_ratio_max=0.475 return=-142.9 length=200 success_rate=0.00 collisions/ep=0.00 (n=8)
Evaluation at update 460: return=-144.17, length=200.00, success_rate=0.00, collisions/ep=0.00
Solved-check at update 460: solved=False worst_gap=1165.24 at p_x0=2.00 p_y0=0.00 (consecutive=0)
update=461 global_step=944128 SPS=392 w_ev=0.992 m_ev=0.983 m_v_bias=-2.3 m_adv_std=2.0425 m_kl_max=0.0177 m_ratio_max=0.571 return=-144.3 length=200 success_rate=0.00 collisions/ep=0.06 (n=16)
update=462 global_step=946176 SPS=392 w_ev=0.979 m_ev=0.990 m_v_bias=-1.0 m_adv_std=1.4803 m_kl_max=0.0248 m_ratio_max=0.605 return=-148.9 length=200 success_rate=0.00 collisions/ep=0.00 (n=8)
update=463 global_step=948224 SPS=393 w_ev=0.975 m_ev=0.755 m_v_bias=1.4 m_adv_std=8.5509 m_kl_max=0.0133 m_ratio_max=0.610 return=-156.1 length=200 success_rate=0.00 collisions/ep=0.25 (n=8)
update=464 global_step=950272 SPS=393 w_ev=0.907 m_ev=0.186 m_v_bias=13.7 m_adv_std=33.5271 m_kl_max=0.0371 m_ratio_max=2.091 return=-181.7 length=200 success_rate=0.00 collisions/ep=0.78 (n=9)
update=465 global_step=952320 SPS=394 w_ev=0.984 m_ev=0.888 m_v_bias=-4.9 m_adv_std=5.9441 m_kl_max=0.0146 m_ratio_max=0.743 return=-167.4 length=200 success_rate=0.00 collisions/ep=0.47 (n=15)
Evaluation at update 465: return=-143.67, length=200.00, success_rate=0.00, collisions/ep=0.00
Solved-check at update 465: solved=False worst_gap=1164.81 at p_x0=2.00 p_y0=0.00 (consecutive=0)
update=466 global_step=954368 SPS=391 w_ev=0.983 m_ev=0.956 m_v_bias=-4.7 m_adv_std=2.8438 m_kl_max=0.0210 m_ratio_max=1.028 return=-143.1 length=200 success_rate=0.00 collisions/ep=0.00 (n=8)
update=467 global_step=956416 SPS=392 w_ev=0.931 m_ev=0.292 m_v_bias=4.1 m_adv_std=23.9765 m_kl_max=0.0234 m_ratio_max=1.067 return=-168.8 length=200 success_rate=0.00 collisions/ep=0.50 (n=8)
update=468 global_step=958464 SPS=392 w_ev=0.977 m_ev=0.724 m_v_bias=-1.9 m_adv_std=8.3221 m_kl_max=0.0472 m_ratio_max=0.876 return=-159.8 length=200 success_rate=0.00 collisions/ep=0.31 (n=16)
update=469 global_step=960512 SPS=393 w_ev=0.988 m_ev=0.984 m_v_bias=-3.0 m_adv_std=2.1227 m_kl_max=0.0233 m_ratio_max=1.045 return=-144.3 length=200 success_rate=0.00 collisions/ep=0.00 (n=8)
update=470 global_step=962560 SPS=394 w_ev=0.978 m_ev=0.770 m_v_bias=-0.2 m_adv_std=8.1691 m_kl_max=0.0344 m_ratio_max=1.002 return=-155.4 length=200 success_rate=0.00 collisions/ep=0.25 (n=8)
Evaluation at update 470: return=-143.26, length=200.00, success_rate=0.00, collisions/ep=0.00
Solved-check at update 470: solved=False worst_gap=1164.23 at p_x0=2.00 p_y0=0.00 (consecutive=0)
update=471 global_step=964608 SPS=391 w_ev=0.964 m_ev=0.530 m_v_bias=2.3 m_adv_std=13.4146 m_kl_max=0.0507 m_ratio_max=0.873 return=-155.1 length=200 success_rate=0.00 collisions/ep=0.25 (n=8)
update=472 global_step=966656 SPS=392 w_ev=0.984 m_ev=0.670 m_v_bias=-0.0 m_adv_std=12.2922 m_kl_max=0.0181 m_ratio_max=1.064 return=-156.2 length=200 success_rate=0.00 collisions/ep=0.25 (n=16)
update=473 global_step=968704 SPS=392 w_ev=0.895 m_ev=0.147 m_v_bias=6.5 m_adv_std=34.0900 m_kl_max=0.0089 m_ratio_max=0.423 return=-171.8 length=200 success_rate=0.00 collisions/ep=0.62 (n=8)
update=474 global_step=970752 SPS=393 w_ev=0.970 m_ev=0.934 m_v_bias=-4.2 m_adv_std=3.7353 m_kl_max=0.0291 m_ratio_max=1.035 return=-166.4 length=200 success_rate=0.00 collisions/ep=0.38 (n=8)
update=475 global_step=972800 SPS=393 w_ev=0.965 m_ev=0.528 m_v_bias=0.6 m_adv_std=12.9538 m_kl_max=0.0192 m_ratio_max=0.855 return=-151.5 length=200 success_rate=0.00 collisions/ep=0.19 (n=16)
Evaluation at update 475: return=-144.35, length=200.00, success_rate=0.00, collisions/ep=0.00
Solved-check at update 475: solved=False worst_gap=1164.50 at p_x0=2.00 p_y0=-0.50 (consecutive=0)
update=476 global_step=974848 SPS=391 w_ev=0.954 m_ev=0.485 m_v_bias=5.0 m_adv_std=19.7102 m_kl_max=0.0154 m_ratio_max=0.670 return=-182.9 length=200 success_rate=0.00 collisions/ep=0.75 (n=8)
update=477 global_step=976896 SPS=392 w_ev=0.930 m_ev=0.433 m_v_bias=0.5 m_adv_std=18.1459 m_kl_max=0.0263 m_ratio_max=0.846 return=-169.5 length=200 success_rate=0.00 collisions/ep=0.50 (n=8)
update=478 global_step=978944 SPS=392 w_ev=0.972 m_ev=0.968 m_v_bias=-4.1 m_adv_std=2.5776 m_kl_max=0.0199 m_ratio_max=1.187 return=-147.0 length=200 success_rate=0.00 collisions/ep=0.00 (n=8)
update=479 global_step=980992 SPS=393 w_ev=0.982 m_ev=0.984 m_v_bias=-3.1 m_adv_std=2.1672 m_kl_max=0.0263 m_ratio_max=0.826 return=-145.9 length=200 success_rate=0.00 collisions/ep=0.00 (n=16)
update=480 global_step=983040 SPS=393 w_ev=0.958 m_ev=0.632 m_v_bias=1.0 m_adv_std=11.9884 m_kl_max=0.0117 m_ratio_max=0.729 return=-156.8 length=200 success_rate=0.00 collisions/ep=0.25 (n=8)
Evaluation at update 480: return=-144.53, length=200.00, success_rate=0.00, collisions/ep=0.00
Solved-check at update 480: solved=False worst_gap=1165.76 at p_x0=2.00 p_y0=0.00 (consecutive=0)
update=481 global_step=985088 SPS=391 w_ev=0.979 m_ev=0.984 m_v_bias=-2.0 m_adv_std=1.8729 m_kl_max=0.0110 m_ratio_max=0.500 return=-146.8 length=200 success_rate=0.00 collisions/ep=0.00 (n=8)
update=482 global_step=987136 SPS=391 w_ev=0.929 m_ev=0.297 m_v_bias=3.9 m_adv_std=24.5966 m_kl_max=0.0198 m_ratio_max=1.025 return=-141.6 length=200 success_rate=0.00 collisions/ep=0.00 (n=9)
update=483 global_step=989184 SPS=392 w_ev=0.984 m_ev=0.979 m_v_bias=-2.2 m_adv_std=2.4185 m_kl_max=0.0167 m_ratio_max=0.701 return=-158.4 length=200 success_rate=0.00 collisions/ep=0.27 (n=15)
update=484 global_step=991232 SPS=392 w_ev=0.976 m_ev=0.991 m_v_bias=-1.4 m_adv_std=1.2724 m_kl_max=0.0110 m_ratio_max=0.576 return=-146.6 length=200 success_rate=0.00 collisions/ep=0.00 (n=8)
update=485 global_step=993280 SPS=393 w_ev=0.970 m_ev=0.827 m_v_bias=-0.0 m_adv_std=6.0233 m_kl_max=0.0324 m_ratio_max=0.899 return=-149.1 length=200 success_rate=0.00 collisions/ep=0.12 (n=8)
Evaluation at update 485: return=-144.30, length=200.00, success_rate=0.00, collisions/ep=0.00
Solved-check at update 485: solved=False worst_gap=1165.62 at p_x0=2.00 p_y0=0.00 (consecutive=0)
update=486 global_step=995328 SPS=391 w_ev=0.955 m_ev=0.230 m_v_bias=7.9 m_adv_std=27.8300 m_kl_max=0.0275 m_ratio_max=0.744 return=-167.3 length=200 success_rate=0.00 collisions/ep=0.44 (n=16)
update=487 global_step=997376 SPS=391 w_ev=0.979 m_ev=0.887 m_v_bias=-4.9 m_adv_std=5.1032 m_kl_max=0.0277 m_ratio_max=1.401 return=-148.5 length=200 success_rate=0.00 collisions/ep=0.00 (n=8)
update=488 global_step=999424 SPS=392 w_ev=0.955 m_ev=0.430 m_v_bias=1.3 m_adv_std=18.9669 m_kl_max=0.0098 m_ratio_max=0.626 return=-161.1 length=200 success_rate=0.00 collisions/ep=0.38 (n=8)
update=489 global_step=1001472 SPS=392 w_ev=0.957 m_ev=0.863 m_v_bias=-1.6 m_adv_std=5.5940 m_kl_max=0.0183 m_ratio_max=0.693 return=-148.0 length=200 success_rate=0.00 collisions/ep=0.11 (n=9)
update=490 global_step=1003520 SPS=393 w_ev=0.979 m_ev=0.989 m_v_bias=-1.9 m_adv_std=1.7053 m_kl_max=0.0172 m_ratio_max=0.717 return=-147.7 length=200 success_rate=0.00 collisions/ep=0.00 (n=15)
Evaluation at update 490: return=-144.66, length=200.00, success_rate=0.00, collisions/ep=0.00
Solved-check at update 490: solved=False worst_gap=1166.06 at p_x0=2.00 p_y0=0.00 (consecutive=0)
update=491 global_step=1005568 SPS=391 w_ev=0.975 m_ev=0.992 m_v_bias=-1.3 m_adv_std=1.1881 m_kl_max=0.0133 m_ratio_max=0.495 return=-145.1 length=200 success_rate=0.00 collisions/ep=0.00 (n=8)
update=492 global_step=1007616 SPS=391 w_ev=0.933 m_ev=0.386 m_v_bias=2.1 m_adv_std=20.1590 m_kl_max=0.0329 m_ratio_max=1.286 return=-174.5 length=200 success_rate=0.00 collisions/ep=0.62 (n=8)
update=493 global_step=1009664 SPS=392 w_ev=0.965 m_ev=0.481 m_v_bias=1.1 m_adv_std=12.4558 m_kl_max=0.0075 m_ratio_max=0.459 return=-150.0 length=200 success_rate=0.00 collisions/ep=0.12 (n=16)
update=494 global_step=1011712 SPS=392 w_ev=0.969 m_ev=0.970 m_v_bias=-3.1 m_adv_std=2.7355 m_kl_max=0.0580 m_ratio_max=1.315 return=-145.3 length=200 success_rate=0.00 collisions/ep=0.00 (n=8)
update=495 global_step=1013760 SPS=393 w_ev=0.965 m_ev=0.837 m_v_bias=0.1 m_adv_std=5.8070 m_kl_max=0.0045 m_ratio_max=0.406 return=-152.1 length=200 success_rate=0.00 collisions/ep=0.12 (n=8)
Evaluation at update 495: return=-144.70, length=200.00, success_rate=0.00, collisions/ep=0.00
Solved-check at update 495: solved=False worst_gap=1165.09 at p_x0=2.00 p_y0=-0.50 (consecutive=0)
update=496 global_step=1015808 SPS=391 w_ev=0.928 m_ev=0.329 m_v_bias=3.2 m_adv_std=18.4248 m_kl_max=0.0187 m_ratio_max=0.713 return=-147.2 length=200 success_rate=0.00 collisions/ep=0.00 (n=8)
update=497 global_step=1017856 SPS=391 w_ev=0.986 m_ev=0.989 m_v_bias=-2.2 m_adv_std=1.7566 m_kl_max=0.0157 m_ratio_max=0.655 return=-154.8 length=200 success_rate=0.00 collisions/ep=0.19 (n=16)
update=498 global_step=1019904 SPS=392 w_ev=0.963 m_ev=0.853 m_v_bias=-0.6 m_adv_std=5.5589 m_kl_max=0.0201 m_ratio_max=0.957 return=-150.6 length=200 success_rate=0.00 collisions/ep=0.12 (n=8)
update=499 global_step=1021952 SPS=392 w_ev=0.963 m_ev=0.822 m_v_bias=0.1 m_adv_std=5.9786 m_kl_max=0.0114 m_ratio_max=0.489 return=-144.9 length=200 success_rate=0.00 collisions/ep=0.00 (n=8)
update=500 global_step=1024000 SPS=393 w_ev=0.973 m_ev=0.991 m_v_bias=-1.4 m_adv_std=1.3415 m_kl_max=0.0447 m_ratio_max=0.922 return=-145.7 length=200 success_rate=0.00 collisions/ep=0.06 (n=16)
Evaluation at update 500: return=-144.42, length=200.00, success_rate=0.00, collisions/ep=0.00
Solved-check at update 500: solved=False worst_gap=1164.62 at p_x0=2.00 p_y0=-0.50 (consecutive=0)
Saved checkpoints to C:\Users\loren\Desktop\MASTER THESIS\5_CODE\scenarios\slalom\studies\disturbed_0.005_0.05\hppo\runs\hppo_slalom_10_1791117123
