Using device: cpu
Solved-check: precomputed optimal returns for 25 fixed initial conditions (mean=1011.8, min=1007.0, max=1014.0); solved-tolerance=5.0
num_envs=8 num_steps_per_env=256 worker_batch_size=2048 worker_minibatch_size=256 num_updates=500 timesteps=1024000
update=1 global_step=2048 SPS=1021 w_ev=-0.046 m_ev=0.001 m_v_bias=111.3 m_adv_std=76.2655 m_kl_max=0.0014 m_ratio_max=0.167 return=-482.7 length=200 success_rate=0.00 collisions/ep=5.38 (n=8)
update=2 global_step=4096 SPS=1106 w_ev=0.064 m_ev=0.024 m_v_bias=85.8 m_adv_std=126.5830 m_kl_max=0.0021 m_ratio_max=0.196 w_ax@goal=-0.66 w_v@goal=-1.32 return=-504.5 length=200 success_rate=0.00 collisions/ep=6.25 (n=8)
update=3 global_step=6144 SPS=1156 w_ev=-0.122 m_ev=-0.126 m_v_bias=3.7 m_adv_std=238.6285 m_kl_max=0.0014 m_ratio_max=0.192 w_ax@goal=+0.05 w_v@goal=-3.26 return=-367.1 length=195 success_rate=0.11 collisions/ep=6.11 (n=9)
update=4 global_step=8192 SPS=1135 w_ev=0.221 m_ev=0.083 m_v_bias=-10.2 m_adv_std=179.8862 m_kl_max=0.0011 m_ratio_max=0.174 w_ax@goal=-0.07 w_v@goal=-1.03 return=-435.7 length=195 success_rate=0.07 collisions/ep=6.73 (n=15)
update=5 global_step=10240 SPS=1133 w_ev=0.318 m_ev=0.096 m_v_bias=28.6 m_adv_std=84.8369 m_kl_max=0.0061 m_ratio_max=0.427 return=-438.5 length=200 success_rate=0.00 collisions/ep=5.12 (n=8)
Evaluation at update 5: return=-549.78, length=200.00, success_rate=0.00, collisions/ep=7.30
Solved-check at update 5: solved=False worst_gap=2222.55 at p_x0=0.50 p_y0=-0.50 (consecutive=0)
update=6 global_step=12288 SPS=436 w_ev=0.053 m_ev=-0.106 m_v_bias=-18.8 m_adv_std=168.3910 m_kl_max=0.0018 m_ratio_max=0.234 w_ax@goal=+0.25 w_v@goal=-2.72 return=-250.2 length=199 success_rate=0.11 collisions/ep=3.33 (n=9)
update=7 global_step=14336 SPS=481 w_ev=0.531 m_ev=-0.091 m_v_bias=-0.2 m_adv_std=158.4535 m_kl_max=0.0011 m_ratio_max=0.125 w_ax@goal=+0.02 w_v@goal=2.91 return=-187.4 length=197 success_rate=0.10 collisions/ep=1.80 (n=10)
update=8 global_step=16384 SPS=511 w_ev=0.585 m_ev=0.059 m_v_bias=-8.8 m_adv_std=77.1622 m_kl_max=0.0003 m_ratio_max=0.115 return=-334.1 length=200 success_rate=0.00 collisions/ep=2.46 (n=13)
update=9 global_step=18432 SPS=541 w_ev=0.787 m_ev=-0.481 m_v_bias=-22.0 m_adv_std=33.5565 m_kl_max=0.0047 m_ratio_max=0.400 return=-312.0 length=200 success_rate=0.00 collisions/ep=2.00 (n=8)
update=10 global_step=20480 SPS=568 w_ev=0.359 m_ev=-1.472 m_v_bias=-7.8 m_adv_std=9.3003 m_kl_max=0.0018 m_ratio_max=0.218 return=-219.7 length=200 success_rate=0.00 collisions/ep=0.00 (n=10)
Evaluation at update 10: return=-222.19, length=200.00, success_rate=0.00, collisions/ep=0.00
Solved-check at update 10: solved=False worst_gap=1240.97 at p_x0=2.00 p_y0=0.50 (consecutive=0)
update=11 global_step=22528 SPS=407 w_ev=0.046 m_ev=0.508 m_v_bias=-4.3 m_adv_std=4.1586 m_kl_max=0.0012 m_ratio_max=0.270 return=-217.4 length=200 success_rate=0.00 collisions/ep=0.00 (n=14)
update=12 global_step=24576 SPS=429 w_ev=0.220 m_ev=0.516 m_v_bias=-1.9 m_adv_std=4.2539 m_kl_max=0.0117 m_ratio_max=0.335 return=-218.5 length=200 success_rate=0.00 collisions/ep=0.00 (n=8)
update=13 global_step=26624 SPS=452 w_ev=0.181 m_ev=0.698 m_v_bias=-1.9 m_adv_std=3.1674 m_kl_max=0.0059 m_ratio_max=0.708 return=-219.3 length=200 success_rate=0.00 collisions/ep=0.00 (n=9)
update=14 global_step=28672 SPS=470 w_ev=0.223 m_ev=0.803 m_v_bias=-1.3 m_adv_std=2.8541 m_kl_max=0.0039 m_ratio_max=0.259 return=-220.3 length=200 success_rate=0.00 collisions/ep=0.00 (n=10)
update=15 global_step=30720 SPS=489 w_ev=0.252 m_ev=0.720 m_v_bias=-1.3 m_adv_std=3.1025 m_kl_max=0.0194 m_ratio_max=0.536 return=-221.2 length=200 success_rate=0.00 collisions/ep=0.00 (n=13)
Evaluation at update 15: return=-222.19, length=200.00, success_rate=0.00, collisions/ep=0.00
Solved-check at update 15: solved=False worst_gap=1240.97 at p_x0=2.00 p_y0=0.50 (consecutive=0)
update=16 global_step=32768 SPS=398 w_ev=0.611 m_ev=0.451 m_v_bias=-0.7 m_adv_std=13.1293 m_kl_max=0.0075 m_ratio_max=0.443 return=-222.4 length=200 success_rate=0.00 collisions/ep=0.38 (n=8)
update=17 global_step=34816 SPS=413 w_ev=0.274 m_ev=0.717 m_v_bias=-0.2 m_adv_std=5.0700 m_kl_max=0.0027 m_ratio_max=0.263 return=-212.2 length=200 success_rate=0.00 collisions/ep=0.10 (n=10)
update=18 global_step=36864 SPS=425 w_ev=0.245 m_ev=0.270 m_v_bias=9.6 m_adv_std=42.9910 m_kl_max=0.0008 m_ratio_max=0.153 return=-240.6 length=200 success_rate=0.00 collisions/ep=0.71 (n=14)
update=19 global_step=38912 SPS=439 w_ev=0.450 m_ev=0.326 m_v_bias=3.6 m_adv_std=38.1294 m_kl_max=0.0004 m_ratio_max=0.110 return=-261.4 length=200 success_rate=0.00 collisions/ep=1.12 (n=8)
update=20 global_step=40960 SPS=453 w_ev=0.323 m_ev=0.146 m_v_bias=21.4 m_adv_std=111.8980 m_kl_max=0.0065 m_ratio_max=0.290 return=-216.8 length=200 success_rate=0.00 collisions/ep=0.11 (n=9)
Evaluation at update 20: return=-220.32, length=200.00, success_rate=0.00, collisions/ep=0.00
Solved-check at update 20: solved=False worst_gap=1237.69 at p_x0=2.00 p_y0=0.00 (consecutive=0)
update=21 global_step=43008 SPS=399 w_ev=0.824 m_ev=0.441 m_v_bias=-12.4 m_adv_std=34.9604 m_kl_max=0.0182 m_ratio_max=0.513 return=-308.6 length=200 success_rate=0.00 collisions/ep=2.00 (n=10)
update=22 global_step=45056 SPS=411 w_ev=-0.117 m_ev=-0.400 m_v_bias=-4.3 m_adv_std=19.4637 m_kl_max=0.0131 m_ratio_max=0.682 return=-230.0 length=200 success_rate=0.00 collisions/ep=0.38 (n=13)
update=23 global_step=47104 SPS=423 w_ev=0.127 m_ev=0.135 m_v_bias=-1.9 m_adv_std=5.9850 m_kl_max=0.0133 m_ratio_max=0.671 return=-218.7 length=200 success_rate=0.00 collisions/ep=0.00 (n=8)
update=24 global_step=49152 SPS=434 w_ev=0.160 m_ev=0.359 m_v_bias=-2.7 m_adv_std=5.7367 m_kl_max=0.0191 m_ratio_max=0.773 return=-215.1 length=200 success_rate=0.00 collisions/ep=0.00 (n=9)
update=25 global_step=51200 SPS=446 w_ev=0.113 m_ev=0.040 m_v_bias=6.9 m_adv_std=33.9708 m_kl_max=0.0293 m_ratio_max=0.834 return=-249.9 length=200 success_rate=0.00 collisions/ep=0.73 (n=15)
Evaluation at update 25: return=-216.31, length=200.00, success_rate=0.00, collisions/ep=0.00
Solved-check at update 25: solved=False worst_gap=1233.67 at p_x0=2.00 p_y0=0.00 (consecutive=0)
update=26 global_step=53248 SPS=397 w_ev=0.055 m_ev=-1.536 m_v_bias=-2.3 m_adv_std=13.3336 m_kl_max=0.0324 m_ratio_max=0.848 return=-209.0 length=200 success_rate=0.00 collisions/ep=0.00 (n=8)
update=27 global_step=55296 SPS=406 w_ev=0.527 m_ev=0.258 m_v_bias=3.0 m_adv_std=31.9699 m_kl_max=0.0144 m_ratio_max=0.647 return=-229.9 length=200 success_rate=0.00 collisions/ep=0.75 (n=8)
update=28 global_step=57344 SPS=415 w_ev=0.297 m_ev=0.063 m_v_bias=-5.9 m_adv_std=9.4669 m_kl_max=0.0115 m_ratio_max=0.435 return=-209.7 length=200 success_rate=0.00 collisions/ep=0.30 (n=10)
update=29 global_step=59392 SPS=424 w_ev=0.211 m_ev=0.354 m_v_bias=-2.4 m_adv_std=8.7625 m_kl_max=0.0109 m_ratio_max=0.460 return=-196.4 length=200 success_rate=0.00 collisions/ep=0.07 (n=14)
update=30 global_step=61440 SPS=434 w_ev=0.368 m_ev=0.135 m_v_bias=24.0 m_adv_std=64.8975 m_kl_max=0.0219 m_ratio_max=0.928 return=-289.1 length=200 success_rate=0.00 collisions/ep=2.12 (n=8)
Evaluation at update 30: return=-200.21, length=200.00, success_rate=0.00, collisions/ep=0.00
Solved-check at update 30: solved=False worst_gap=1218.16 at p_x0=2.00 p_y0=0.00 (consecutive=0)
update=31 global_step=63488 SPS=394 w_ev=0.437 m_ev=0.118 m_v_bias=7.7 m_adv_std=101.7174 m_kl_max=0.0172 m_ratio_max=0.530 return=-374.1 length=200 success_rate=0.00 collisions/ep=3.56 (n=9)
update=32 global_step=65536 SPS=401 w_ev=0.439 m_ev=0.154 m_v_bias=6.8 m_adv_std=36.8343 m_kl_max=0.0103 m_ratio_max=0.505 return=-199.0 length=200 success_rate=0.00 collisions/ep=0.00 (n=10)
update=33 global_step=67584 SPS=408 w_ev=0.130 m_ev=-0.036 m_v_bias=1.3 m_adv_std=10.0764 m_kl_max=0.0096 m_ratio_max=0.595 return=-227.5 length=200 success_rate=0.00 collisions/ep=0.31 (n=13)
update=34 global_step=69632 SPS=415 w_ev=0.182 m_ev=0.594 m_v_bias=3.6 m_adv_std=5.5650 m_kl_max=0.0168 m_ratio_max=0.570 return=-216.1 length=200 success_rate=0.00 collisions/ep=0.00 (n=8)
update=35 global_step=71680 SPS=422 w_ev=0.621 m_ev=0.654 m_v_bias=1.6 m_adv_std=11.3250 m_kl_max=0.0124 m_ratio_max=0.972 return=-217.5 length=200 success_rate=0.00 collisions/ep=0.20 (n=10)
Evaluation at update 35: return=-221.30, length=200.00, success_rate=0.00, collisions/ep=0.00
Solved-check at update 35: solved=False worst_gap=1239.60 at p_x0=2.00 p_y0=0.00 (consecutive=0)
update=36 global_step=73728 SPS=390 w_ev=0.158 m_ev=-0.044 m_v_bias=5.0 m_adv_std=20.7670 m_kl_max=0.0251 m_ratio_max=1.108 return=-223.1 length=200 success_rate=0.00 collisions/ep=0.21 (n=14)
update=37 global_step=75776 SPS=397 w_ev=0.503 m_ev=0.493 m_v_bias=-4.1 m_adv_std=5.1673 m_kl_max=0.0160 m_ratio_max=0.670 return=-206.4 length=200 success_rate=0.00 collisions/ep=0.00 (n=8)
update=38 global_step=77824 SPS=404 w_ev=0.504 m_ev=0.725 m_v_bias=-2.5 m_adv_std=3.9774 m_kl_max=0.0626 m_ratio_max=0.978 return=-206.8 length=200 success_rate=0.00 collisions/ep=0.00 (n=9)
update=39 global_step=79872 SPS=410 w_ev=0.535 m_ev=0.716 m_v_bias=-5.4 m_adv_std=4.3906 m_kl_max=0.0102 m_ratio_max=0.601 return=-189.3 length=200 success_rate=0.00 collisions/ep=0.00 (n=10)
update=40 global_step=81920 SPS=417 w_ev=0.676 m_ev=0.106 m_v_bias=31.1 m_adv_std=93.5014 m_kl_max=0.0173 m_ratio_max=0.836 return=-285.9 length=200 success_rate=0.00 collisions/ep=2.00 (n=13)
Evaluation at update 40: return=-190.53, length=200.00, success_rate=0.00, collisions/ep=0.00
Solved-check at update 40: solved=False worst_gap=1208.92 at p_x0=2.00 p_y0=0.00 (consecutive=0)
update=41 global_step=83968 SPS=387 w_ev=0.463 m_ev=-0.556 m_v_bias=-14.0 m_adv_std=20.1297 m_kl_max=0.0141 m_ratio_max=0.488 return=-198.3 length=200 success_rate=0.00 collisions/ep=0.12 (n=8)
update=42 global_step=86016 SPS=393 w_ev=0.347 m_ev=0.359 m_v_bias=-4.4 m_adv_std=6.4822 m_kl_max=0.0209 m_ratio_max=0.731 return=-193.8 length=200 success_rate=0.00 collisions/ep=0.00 (n=10)
update=43 global_step=88064 SPS=398 w_ev=0.529 m_ev=0.736 m_v_bias=-3.7 m_adv_std=4.4119 m_kl_max=0.0404 m_ratio_max=0.642 return=-193.2 length=200 success_rate=0.00 collisions/ep=0.00 (n=14)
update=44 global_step=90112 SPS=404 w_ev=0.680 m_ev=0.501 m_v_bias=-1.8 m_adv_std=11.7280 m_kl_max=0.0063 m_ratio_max=0.585 return=-192.4 length=200 success_rate=0.00 collisions/ep=0.25 (n=8)
update=45 global_step=92160 SPS=410 w_ev=0.852 m_ev=0.774 m_v_bias=-3.1 m_adv_std=4.3494 m_kl_max=0.0109 m_ratio_max=0.625 return=-185.8 length=200 success_rate=0.00 collisions/ep=0.00 (n=9)
Evaluation at update 45: return=-186.27, length=200.00, success_rate=0.00, collisions/ep=0.00
Solved-check at update 45: solved=False worst_gap=1204.90 at p_x0=2.00 p_y0=0.50 (consecutive=0)
update=46 global_step=94208 SPS=386 w_ev=0.653 m_ev=0.143 m_v_bias=12.0 m_adv_std=98.0069 m_kl_max=0.0094 m_ratio_max=0.554 return=-298.1 length=200 success_rate=0.00 collisions/ep=2.30 (n=10)
update=47 global_step=96256 SPS=391 w_ev=0.645 m_ev=-0.809 m_v_bias=-0.8 m_adv_std=18.6647 m_kl_max=0.0226 m_ratio_max=0.635 return=-194.2 length=200 success_rate=0.00 collisions/ep=0.08 (n=13)
update=48 global_step=98304 SPS=395 w_ev=0.599 m_ev=0.264 m_v_bias=-0.2 m_adv_std=12.2149 m_kl_max=0.0147 m_ratio_max=0.796 return=-198.7 length=200 success_rate=0.00 collisions/ep=0.38 (n=8)
update=49 global_step=100352 SPS=401 w_ev=0.575 m_ev=0.646 m_v_bias=-0.8 m_adv_std=4.2188 m_kl_max=0.0269 m_ratio_max=0.781 return=-197.8 length=200 success_rate=0.00 collisions/ep=0.00 (n=9)
update=50 global_step=102400 SPS=405 w_ev=0.391 m_ev=0.015 m_v_bias=2.5 m_adv_std=28.5846 m_kl_max=0.0246 m_ratio_max=0.601 return=-199.7 length=200 success_rate=0.00 collisions/ep=0.33 (n=15)
Evaluation at update 50: return=-182.83, length=200.00, success_rate=0.00, collisions/ep=0.00
Solved-check at update 50: solved=False worst_gap=1201.60 at p_x0=2.00 p_y0=0.50 (consecutive=0)
update=51 global_step=104448 SPS=385 w_ev=0.446 m_ev=0.250 m_v_bias=1.4 m_adv_std=18.4348 m_kl_max=0.0058 m_ratio_max=0.282 return=-205.9 length=200 success_rate=0.00 collisions/ep=0.38 (n=8)
update=52 global_step=106496 SPS=389 w_ev=0.586 m_ev=0.341 m_v_bias=1.8 m_adv_std=13.0204 m_kl_max=0.0247 m_ratio_max=0.886 return=-197.8 length=200 success_rate=0.00 collisions/ep=0.25 (n=8)
update=53 global_step=108544 SPS=394 w_ev=0.442 m_ev=0.471 m_v_bias=-0.3 m_adv_std=5.0882 m_kl_max=0.0231 m_ratio_max=0.713 return=-187.4 length=200 success_rate=0.00 collisions/ep=0.00 (n=10)
update=54 global_step=110592 SPS=399 w_ev=0.641 m_ev=0.684 m_v_bias=-2.9 m_adv_std=4.5922 m_kl_max=0.0228 m_ratio_max=0.895 return=-184.1 length=200 success_rate=0.00 collisions/ep=0.00 (n=14)
update=55 global_step=112640 SPS=403 w_ev=0.333 m_ev=0.047 m_v_bias=9.9 m_adv_std=33.2208 m_kl_max=0.0305 m_ratio_max=1.090 return=-246.0 length=200 success_rate=0.00 collisions/ep=1.12 (n=8)
Evaluation at update 55: return=-184.54, length=200.00, success_rate=0.00, collisions/ep=0.00
Solved-check at update 55: solved=False worst_gap=1203.20 at p_x0=2.00 p_y0=0.50 (consecutive=0)
update=56 global_step=114688 SPS=384 w_ev=0.560 m_ev=0.599 m_v_bias=-4.6 m_adv_std=4.7518 m_kl_max=0.0118 m_ratio_max=0.570 return=-184.8 length=200 success_rate=0.00 collisions/ep=0.00 (n=9)
update=57 global_step=116736 SPS=388 w_ev=0.595 m_ev=0.410 m_v_bias=-1.8 m_adv_std=8.2319 m_kl_max=0.0093 m_ratio_max=0.558 return=-197.3 length=200 success_rate=0.00 collisions/ep=0.20 (n=10)
update=58 global_step=118784 SPS=393 w_ev=0.624 m_ev=0.803 m_v_bias=-2.3 m_adv_std=2.6489 m_kl_max=0.0241 m_ratio_max=1.052 return=-186.8 length=200 success_rate=0.00 collisions/ep=0.00 (n=13)
update=59 global_step=120832 SPS=397 w_ev=0.624 m_ev=0.822 m_v_bias=-2.4 m_adv_std=2.4646 m_kl_max=0.0331 m_ratio_max=0.958 return=-181.9 length=200 success_rate=0.00 collisions/ep=0.00 (n=8)
update=60 global_step=122880 SPS=401 w_ev=0.309 m_ev=0.054 m_v_bias=26.5 m_adv_std=101.0565 m_kl_max=0.0225 m_ratio_max=0.846 return=-190.8 length=200 success_rate=0.00 collisions/ep=0.20 (n=10)
Evaluation at update 60: return=-178.19, length=200.00, success_rate=0.00, collisions/ep=0.00
Solved-check at update 60: solved=False worst_gap=1196.82 at p_x0=2.00 p_y0=-0.50 (consecutive=0)
update=61 global_step=124928 SPS=383 w_ev=0.500 m_ev=0.092 m_v_bias=10.2 m_adv_std=46.0351 m_kl_max=0.0277 m_ratio_max=1.078 return=-279.7 length=200 success_rate=0.00 collisions/ep=2.00 (n=14)
update=62 global_step=126976 SPS=386 w_ev=0.628 m_ev=0.224 m_v_bias=-6.1 m_adv_std=9.8431 m_kl_max=0.0275 m_ratio_max=1.176 return=-182.1 length=200 success_rate=0.00 collisions/ep=0.00 (n=8)
update=63 global_step=129024 SPS=390 w_ev=0.729 m_ev=0.643 m_v_bias=-4.9 m_adv_std=8.3595 m_kl_max=0.0121 m_ratio_max=0.452 return=-192.0 length=200 success_rate=0.00 collisions/ep=0.22 (n=9)
update=64 global_step=131072 SPS=394 w_ev=0.635 m_ev=0.356 m_v_bias=-2.6 m_adv_std=7.2369 m_kl_max=0.0135 m_ratio_max=0.755 return=-186.8 length=200 success_rate=0.00 collisions/ep=0.10 (n=10)
update=65 global_step=133120 SPS=398 w_ev=0.686 m_ev=0.385 m_v_bias=-1.7 m_adv_std=8.7433 m_kl_max=0.0129 m_ratio_max=0.440 return=-199.0 length=200 success_rate=0.00 collisions/ep=0.23 (n=13)
Evaluation at update 65: return=-184.90, length=200.00, success_rate=0.00, collisions/ep=0.00
Solved-check at update 65: solved=False worst_gap=1204.11 at p_x0=2.00 p_y0=0.50 (consecutive=0)
update=66 global_step=135168 SPS=382 w_ev=0.700 m_ev=0.834 m_v_bias=-3.1 m_adv_std=2.5162 m_kl_max=0.0187 m_ratio_max=0.598 return=-179.0 length=200 success_rate=0.00 collisions/ep=0.00 (n=8)
update=67 global_step=137216 SPS=385 w_ev=0.687 m_ev=0.286 m_v_bias=-0.5 m_adv_std=7.0570 m_kl_max=0.0306 m_ratio_max=0.685 return=-180.2 length=200 success_rate=0.00 collisions/ep=0.00 (n=10)
update=68 global_step=139264 SPS=388 w_ev=0.677 m_ev=0.348 m_v_bias=-1.4 m_adv_std=6.9227 m_kl_max=0.0151 m_ratio_max=0.566 return=-192.4 length=200 success_rate=0.00 collisions/ep=0.14 (n=14)
update=69 global_step=141312 SPS=391 w_ev=0.746 m_ev=0.523 m_v_bias=-1.2 m_adv_std=6.6666 m_kl_max=0.0173 m_ratio_max=0.523 return=-188.4 length=200 success_rate=0.00 collisions/ep=0.12 (n=8)
update=70 global_step=143360 SPS=395 w_ev=0.686 m_ev=0.846 m_v_bias=-2.8 m_adv_std=2.7778 m_kl_max=0.0233 m_ratio_max=1.520 return=-178.1 length=200 success_rate=0.00 collisions/ep=0.00 (n=9)
Evaluation at update 70: return=-178.63, length=200.00, success_rate=0.00, collisions/ep=0.00
Solved-check at update 70: solved=False worst_gap=1197.80 at p_x0=2.00 p_y0=0.00 (consecutive=0)
update=71 global_step=145408 SPS=380 w_ev=0.728 m_ev=0.893 m_v_bias=-2.4 m_adv_std=2.1278 m_kl_max=0.0322 m_ratio_max=0.962 return=-179.6 length=200 success_rate=0.00 collisions/ep=0.00 (n=10)
update=72 global_step=147456 SPS=383 w_ev=0.802 m_ev=0.936 m_v_bias=-1.6 m_adv_std=1.8152 m_kl_max=0.0403 m_ratio_max=1.359 return=-177.4 length=200 success_rate=0.00 collisions/ep=0.00 (n=13)
update=73 global_step=149504 SPS=386 w_ev=0.683 m_ev=0.118 m_v_bias=4.6 m_adv_std=25.6637 m_kl_max=0.0168 m_ratio_max=0.716 return=-199.3 length=200 success_rate=0.00 collisions/ep=0.50 (n=8)
update=74 global_step=151552 SPS=389 w_ev=0.762 m_ev=0.198 m_v_bias=2.5 m_adv_std=17.1951 m_kl_max=0.0194 m_ratio_max=0.612 return=-191.8 length=200 success_rate=0.00 collisions/ep=0.44 (n=9)
update=75 global_step=153600 SPS=393 w_ev=0.739 m_ev=0.220 m_v_bias=1.2 m_adv_std=19.3070 m_kl_max=0.0089 m_ratio_max=0.406 return=-195.7 length=200 success_rate=0.00 collisions/ep=0.40 (n=15)
Evaluation at update 75: return=-176.91, length=200.00, success_rate=0.00, collisions/ep=0.00
Solved-check at update 75: solved=False worst_gap=1196.42 at p_x0=2.00 p_y0=0.50 (consecutive=0)
update=76 global_step=155648 SPS=381 w_ev=0.862 m_ev=0.538 m_v_bias=0.4 m_adv_std=10.7066 m_kl_max=0.0061 m_ratio_max=0.440 return=-192.6 length=200 success_rate=0.00 collisions/ep=0.38 (n=8)
update=77 global_step=157696 SPS=384 w_ev=0.354 m_ev=0.083 m_v_bias=22.1 m_adv_std=96.6940 m_kl_max=0.0330 m_ratio_max=0.840 return=-308.2 length=200 success_rate=0.00 collisions/ep=2.62 (n=8)
update=78 global_step=159744 SPS=387 w_ev=0.615 m_ev=0.081 m_v_bias=0.7 m_adv_std=19.7650 m_kl_max=0.0416 m_ratio_max=1.318 return=-180.2 length=200 success_rate=0.00 collisions/ep=0.10 (n=10)
update=79 global_step=161792 SPS=390 w_ev=0.668 m_ev=0.160 m_v_bias=-3.1 m_adv_std=21.7396 m_kl_max=0.0282 m_ratio_max=1.015 return=-205.1 length=200 success_rate=0.00 collisions/ep=0.50 (n=14)
update=80 global_step=163840 SPS=394 w_ev=0.793 m_ev=0.482 m_v_bias=-4.5 m_adv_std=5.2055 m_kl_max=0.0281 m_ratio_max=1.452 return=-183.0 length=200 success_rate=0.00 collisions/ep=0.00 (n=8)
Evaluation at update 80: return=-182.20, length=200.00, success_rate=0.00, collisions/ep=0.00
Solved-check at update 80: solved=False worst_gap=1201.53 at p_x0=2.00 p_y0=0.50 (consecutive=0)
update=81 global_step=165888 SPS=381 w_ev=0.848 m_ev=0.832 m_v_bias=-3.4 m_adv_std=2.7099 m_kl_max=0.0406 m_ratio_max=2.636 return=-180.0 length=200 success_rate=0.00 collisions/ep=0.00 (n=9)
update=82 global_step=167936 SPS=384 w_ev=0.795 m_ev=0.541 m_v_bias=-1.8 m_adv_std=6.2550 m_kl_max=0.0162 m_ratio_max=0.642 return=-181.1 length=200 success_rate=0.00 collisions/ep=0.10 (n=10)
update=83 global_step=169984 SPS=387 w_ev=0.694 m_ev=0.195 m_v_bias=1.0 m_adv_std=9.9097 m_kl_max=0.0377 m_ratio_max=1.313 return=-192.2 length=200 success_rate=0.00 collisions/ep=0.23 (n=13)
update=84 global_step=172032 SPS=390 w_ev=0.678 m_ev=0.817 m_v_bias=-2.9 m_adv_std=2.2960 m_kl_max=0.0309 m_ratio_max=1.378 return=-181.6 length=200 success_rate=0.00 collisions/ep=0.00 (n=8)
update=85 global_step=174080 SPS=392 w_ev=0.691 m_ev=0.694 m_v_bias=-1.7 m_adv_std=4.5293 m_kl_max=0.0757 m_ratio_max=3.075 return=-184.7 length=200 success_rate=0.00 collisions/ep=0.10 (n=10)
Evaluation at update 85: return=-175.61, length=200.00, success_rate=0.00, collisions/ep=0.00
Solved-check at update 85: solved=False worst_gap=1194.40 at p_x0=2.00 p_y0=0.00 (consecutive=0)
update=86 global_step=176128 SPS=382 w_ev=0.625 m_ev=0.113 m_v_bias=7.5 m_adv_std=27.9902 m_kl_max=0.0216 m_ratio_max=1.266 return=-197.6 length=200 success_rate=0.00 collisions/ep=0.43 (n=14)
update=87 global_step=178176 SPS=384 w_ev=0.802 m_ev=0.567 m_v_bias=-2.1 m_adv_std=9.3936 m_kl_max=0.0217 m_ratio_max=0.641 return=-192.4 length=200 success_rate=0.00 collisions/ep=0.25 (n=8)
update=88 global_step=180224 SPS=387 w_ev=0.821 m_ev=0.803 m_v_bias=-3.0 m_adv_std=2.9505 m_kl_max=0.0103 m_ratio_max=0.559 return=-183.8 length=200 success_rate=0.00 collisions/ep=0.11 (n=9)
update=89 global_step=182272 SPS=389 w_ev=0.783 m_ev=0.916 m_v_bias=-2.0 m_adv_std=1.7110 m_kl_max=0.0309 m_ratio_max=1.082 return=-181.5 length=200 success_rate=0.00 collisions/ep=0.00 (n=10)
update=90 global_step=184320 SPS=392 w_ev=0.872 m_ev=0.911 m_v_bias=-2.3 m_adv_std=2.1605 m_kl_max=0.0917 m_ratio_max=1.996 return=-180.1 length=200 success_rate=0.00 collisions/ep=0.00 (n=13)
Evaluation at update 90: return=-173.80, length=200.00, success_rate=0.00, collisions/ep=0.00
Solved-check at update 90: solved=False worst_gap=1192.63 at p_x0=2.00 p_y0=1.00 (consecutive=0)
update=91 global_step=186368 SPS=381 w_ev=0.803 m_ev=0.413 m_v_bias=-0.6 m_adv_std=6.5648 m_kl_max=0.0210 m_ratio_max=0.669 return=-170.9 length=200 success_rate=0.00 collisions/ep=0.00 (n=8)
update=92 global_step=188416 SPS=383 w_ev=0.194 m_ev=0.011 m_v_bias=30.5 m_adv_std=128.5917 m_kl_max=0.0326 m_ratio_max=1.558 return=-304.7 length=200 success_rate=0.00 collisions/ep=2.60 (n=10)
update=93 global_step=190464 SPS=386 w_ev=0.652 m_ev=0.243 m_v_bias=-8.1 m_adv_std=13.3061 m_kl_max=0.0181 m_ratio_max=0.666 return=-183.5 length=200 success_rate=0.00 collisions/ep=0.14 (n=14)
update=94 global_step=192512 SPS=389 w_ev=0.865 m_ev=0.671 m_v_bias=-5.4 m_adv_std=7.1848 m_kl_max=0.0087 m_ratio_max=0.431 return=-177.1 length=200 success_rate=0.00 collisions/ep=0.12 (n=8)
update=95 global_step=194560 SPS=391 w_ev=0.846 m_ev=0.759 m_v_bias=-4.6 m_adv_std=3.8182 m_kl_max=0.0103 m_ratio_max=0.650 return=-178.6 length=200 success_rate=0.00 collisions/ep=0.00 (n=9)
Evaluation at update 95: return=-176.41, length=200.00, success_rate=0.00, collisions/ep=0.00
Solved-check at update 95: solved=False worst_gap=1194.98 at p_x0=2.00 p_y0=0.50 (consecutive=0)
update=96 global_step=196608 SPS=380 w_ev=0.858 m_ev=0.836 m_v_bias=-3.9 m_adv_std=3.1957 m_kl_max=0.0315 m_ratio_max=0.637 return=-181.6 length=200 success_rate=0.00 collisions/ep=0.00 (n=10)
update=97 global_step=198656 SPS=383 w_ev=0.872 m_ev=0.917 m_v_bias=-2.3 m_adv_std=2.1000 m_kl_max=0.0126 m_ratio_max=0.478 return=-175.4 length=200 success_rate=0.00 collisions/ep=0.00 (n=13)
update=98 global_step=200704 SPS=386 w_ev=0.672 m_ev=0.139 m_v_bias=2.8 m_adv_std=19.0594 m_kl_max=0.0436 m_ratio_max=1.146 return=-197.9 length=200 success_rate=0.00 collisions/ep=0.50 (n=8)
update=99 global_step=202752 SPS=388 w_ev=0.685 m_ev=0.663 m_v_bias=-1.6 m_adv_std=3.3767 m_kl_max=0.0296 m_ratio_max=0.939 return=-179.2 length=200 success_rate=0.00 collisions/ep=0.00 (n=9)
update=100 global_step=204800 SPS=391 w_ev=0.834 m_ev=0.563 m_v_bias=-0.4 m_adv_std=6.4105 m_kl_max=0.0127 m_ratio_max=0.479 return=-186.4 length=200 success_rate=0.00 collisions/ep=0.13 (n=15)
Evaluation at update 100: return=-174.77, length=200.00, success_rate=0.00, collisions/ep=0.00
Solved-check at update 100: solved=False worst_gap=1193.47 at p_x0=2.00 p_y0=1.00 (consecutive=0)
update=101 global_step=206848 SPS=381 w_ev=0.867 m_ev=0.666 m_v_bias=0.4 m_adv_std=6.0833 m_kl_max=0.0227 m_ratio_max=0.699 return=-179.4 length=200 success_rate=0.00 collisions/ep=0.12 (n=8)
update=102 global_step=208896 SPS=383 w_ev=0.844 m_ev=0.600 m_v_bias=-0.1 m_adv_std=6.0439 m_kl_max=0.0237 m_ratio_max=0.645 return=-176.1 length=200 success_rate=0.00 collisions/ep=0.00 (n=8)
update=103 global_step=210944 SPS=386 w_ev=0.840 m_ev=0.911 m_v_bias=-1.4 m_adv_std=2.0049 m_kl_max=0.0191 m_ratio_max=0.572 return=-179.1 length=200 success_rate=0.00 collisions/ep=0.10 (n=10)
update=104 global_step=212992 SPS=388 w_ev=0.887 m_ev=0.538 m_v_bias=1.6 m_adv_std=8.3734 m_kl_max=0.0292 m_ratio_max=1.094 return=-184.2 length=200 success_rate=0.00 collisions/ep=0.14 (n=14)
update=105 global_step=215040 SPS=390 w_ev=0.862 m_ev=0.484 m_v_bias=0.4 m_adv_std=6.2930 m_kl_max=0.0238 m_ratio_max=1.068 return=-181.7 length=200 success_rate=0.00 collisions/ep=0.12 (n=8)
Evaluation at update 105: return=-173.93, length=200.00, success_rate=0.00, collisions/ep=0.00
Solved-check at update 105: solved=False worst_gap=1192.52 at p_x0=2.00 p_y0=0.50 (consecutive=0)
update=106 global_step=217088 SPS=381 w_ev=0.902 m_ev=0.965 m_v_bias=-1.5 m_adv_std=1.3720 m_kl_max=0.0282 m_ratio_max=0.801 return=-174.2 length=200 success_rate=0.00 collisions/ep=0.00 (n=9)
update=107 global_step=219136 SPS=383 w_ev=0.906 m_ev=0.622 m_v_bias=-0.7 m_adv_std=5.9439 m_kl_max=0.0308 m_ratio_max=1.365 return=-176.5 length=200 success_rate=0.00 collisions/ep=0.10 (n=10)
update=108 global_step=221184 SPS=386 w_ev=0.743 m_ev=0.151 m_v_bias=7.9 m_adv_std=25.7835 m_kl_max=0.0257 m_ratio_max=0.868 return=-191.3 length=200 success_rate=0.00 collisions/ep=0.38 (n=13)
update=109 global_step=223232 SPS=388 w_ev=0.696 m_ev=0.133 m_v_bias=3.7 m_adv_std=31.3330 m_kl_max=0.0306 m_ratio_max=1.345 return=-246.0 length=200 success_rate=0.00 collisions/ep=1.38 (n=8)
update=110 global_step=225280 SPS=391 w_ev=0.501 m_ev=0.062 m_v_bias=10.4 m_adv_std=55.1655 m_kl_max=0.0128 m_ratio_max=0.492 return=-219.4 length=200 success_rate=0.00 collisions/ep=0.90 (n=10)
Evaluation at update 110: return=-175.05, length=200.00, success_rate=0.00, collisions/ep=0.00
Solved-check at update 110: solved=False worst_gap=1194.27 at p_x0=2.00 p_y0=0.50 (consecutive=0)
update=111 global_step=227328 SPS=383 w_ev=0.684 m_ev=0.119 m_v_bias=2.2 m_adv_std=32.0230 m_kl_max=0.0084 m_ratio_max=0.421 return=-192.5 length=200 success_rate=0.00 collisions/ep=0.36 (n=14)
update=112 global_step=229376 SPS=385 w_ev=0.750 m_ev=0.536 m_v_bias=-6.3 m_adv_std=5.3222 m_kl_max=0.0178 m_ratio_max=0.655 return=-180.2 length=200 success_rate=0.00 collisions/ep=0.00 (n=8)
update=113 global_step=231424 SPS=387 w_ev=0.807 m_ev=0.548 m_v_bias=-3.5 m_adv_std=6.1926 m_kl_max=0.0185 m_ratio_max=0.864 return=-184.5 length=200 success_rate=0.00 collisions/ep=0.11 (n=9)
update=114 global_step=233472 SPS=389 w_ev=0.797 m_ev=0.915 m_v_bias=-2.9 m_adv_std=2.0111 m_kl_max=0.0284 m_ratio_max=0.771 return=-178.9 length=200 success_rate=0.00 collisions/ep=0.00 (n=10)
update=115 global_step=235520 SPS=391 w_ev=0.860 m_ev=0.588 m_v_bias=0.4 m_adv_std=8.3124 m_kl_max=0.0138 m_ratio_max=0.624 return=-185.8 length=200 success_rate=0.00 collisions/ep=0.23 (n=13)
Evaluation at update 115: return=-176.12, length=200.00, success_rate=0.00, collisions/ep=0.00
Solved-check at update 115: solved=False worst_gap=1194.91 at p_x0=2.00 p_y0=0.50 (consecutive=0)
update=116 global_step=237568 SPS=383 w_ev=0.800 m_ev=0.794 m_v_bias=-0.8 m_adv_std=3.1165 m_kl_max=0.0137 m_ratio_max=0.605 return=-173.1 length=200 success_rate=0.00 collisions/ep=0.00 (n=8)
update=117 global_step=239616 SPS=385 w_ev=0.851 m_ev=0.939 m_v_bias=-2.0 m_adv_std=1.6810 m_kl_max=0.0238 m_ratio_max=0.658 return=-175.7 length=200 success_rate=0.00 collisions/ep=0.00 (n=10)
update=118 global_step=241664 SPS=387 w_ev=0.877 m_ev=0.947 m_v_bias=-1.3 m_adv_std=1.4834 m_kl_max=0.0392 m_ratio_max=1.050 return=-177.6 length=200 success_rate=0.00 collisions/ep=0.00 (n=14)
update=119 global_step=243712 SPS=389 w_ev=0.823 m_ev=0.962 m_v_bias=-0.9 m_adv_std=1.1957 m_kl_max=0.0452 m_ratio_max=1.407 return=-180.4 length=200 success_rate=0.00 collisions/ep=0.00 (n=8)
update=120 global_step=245760 SPS=391 w_ev=0.869 m_ev=0.961 m_v_bias=-0.8 m_adv_std=1.3230 m_kl_max=0.0551 m_ratio_max=0.976 return=-179.7 length=200 success_rate=0.00 collisions/ep=0.00 (n=9)
Evaluation at update 120: return=-172.15, length=200.00, success_rate=0.00, collisions/ep=0.00
Solved-check at update 120: solved=False worst_gap=1190.85 at p_x0=2.00 p_y0=0.50 (consecutive=0)
update=121 global_step=247808 SPS=383 w_ev=0.761 m_ev=0.153 m_v_bias=5.2 m_adv_std=19.6899 m_kl_max=0.0177 m_ratio_max=1.109 return=-193.1 length=200 success_rate=0.00 collisions/ep=0.40 (n=10)
update=122 global_step=249856 SPS=385 w_ev=0.916 m_ev=0.607 m_v_bias=-0.6 m_adv_std=6.6009 m_kl_max=0.0061 m_ratio_max=0.535 return=-185.4 length=200 success_rate=0.00 collisions/ep=0.23 (n=13)
update=123 global_step=251904 SPS=387 w_ev=0.841 m_ev=0.549 m_v_bias=-1.0 m_adv_std=6.6439 m_kl_max=0.0111 m_ratio_max=0.509 return=-179.5 length=200 success_rate=0.00 collisions/ep=0.12 (n=8)
update=124 global_step=253952 SPS=389 w_ev=0.908 m_ev=0.792 m_v_bias=-1.9 m_adv_std=3.5537 m_kl_max=0.0212 m_ratio_max=0.805 return=-178.7 length=200 success_rate=0.00 collisions/ep=0.11 (n=9)
update=125 global_step=256000 SPS=391 w_ev=0.914 m_ev=0.975 m_v_bias=-1.8 m_adv_std=1.1324 m_kl_max=0.0219 m_ratio_max=0.897 return=-174.5 length=200 success_rate=0.00 collisions/ep=0.00 (n=15)
Evaluation at update 125: return=-171.52, length=200.00, success_rate=0.00, collisions/ep=0.00
Solved-check at update 125: solved=False worst_gap=1190.70 at p_x0=2.00 p_y0=0.50 (consecutive=0)
update=126 global_step=258048 SPS=383 w_ev=0.921 m_ev=0.979 m_v_bias=-1.3 m_adv_std=1.0816 m_kl_max=0.0223 m_ratio_max=0.579 return=-173.4 length=200 success_rate=0.00 collisions/ep=0.00 (n=8)
update=127 global_step=260096 SPS=385 w_ev=0.678 m_ev=0.100 m_v_bias=7.4 m_adv_std=26.4342 m_kl_max=0.0146 m_ratio_max=0.661 return=-189.0 length=200 success_rate=0.00 collisions/ep=0.25 (n=8)
update=128 global_step=262144 SPS=387 w_ev=0.896 m_ev=0.638 m_v_bias=-2.0 m_adv_std=6.2573 m_kl_max=0.0205 m_ratio_max=0.630 return=-200.7 length=200 success_rate=0.00 collisions/ep=0.50 (n=10)
update=129 global_step=264192 SPS=389 w_ev=0.932 m_ev=0.564 m_v_bias=1.0 m_adv_std=9.5633 m_kl_max=0.0231 m_ratio_max=0.875 return=-184.1 length=200 success_rate=0.00 collisions/ep=0.21 (n=14)
update=130 global_step=266240 SPS=391 w_ev=0.884 m_ev=0.765 m_v_bias=-3.2 m_adv_std=3.4633 m_kl_max=0.0095 m_ratio_max=0.503 return=-174.4 length=200 success_rate=0.00 collisions/ep=0.00 (n=8)
Evaluation at update 130: return=-171.52, length=200.00, success_rate=0.00, collisions/ep=0.00
Solved-check at update 130: solved=False worst_gap=1190.55 at p_x0=2.00 p_y0=0.00 (consecutive=0)
update=131 global_step=268288 SPS=383 w_ev=0.958 m_ev=0.944 m_v_bias=-2.9 m_adv_std=1.8013 m_kl_max=0.0167 m_ratio_max=0.545 return=-174.2 length=200 success_rate=0.00 collisions/ep=0.00 (n=9)
update=132 global_step=270336 SPS=385 w_ev=0.931 m_ev=0.958 m_v_bias=-1.8 m_adv_std=1.4739 m_kl_max=0.0195 m_ratio_max=0.688 return=-173.0 length=200 success_rate=0.00 collisions/ep=0.00 (n=10)
update=133 global_step=272384 SPS=387 w_ev=0.933 m_ev=0.558 m_v_bias=1.4 m_adv_std=8.5506 m_kl_max=0.0229 m_ratio_max=1.132 return=-181.2 length=200 success_rate=0.00 collisions/ep=0.15 (n=13)
update=134 global_step=274432 SPS=389 w_ev=0.944 m_ev=0.934 m_v_bias=-2.0 m_adv_std=2.1646 m_kl_max=0.0189 m_ratio_max=0.725 return=-170.0 length=200 success_rate=0.00 collisions/ep=0.00 (n=8)
update=135 global_step=276480 SPS=390 w_ev=0.922 m_ev=0.584 m_v_bias=-0.9 m_adv_std=6.0006 m_kl_max=0.0233 m_ratio_max=0.758 return=-165.8 length=200 success_rate=0.00 collisions/ep=0.00 (n=10)
Evaluation at update 135: return=-168.02, length=200.00, success_rate=0.00, collisions/ep=0.00
Solved-check at update 135: solved=False worst_gap=1187.49 at p_x0=2.00 p_y0=1.00 (consecutive=0)
update=136 global_step=278528 SPS=383 w_ev=0.926 m_ev=0.351 m_v_bias=1.5 m_adv_std=13.4046 m_kl_max=0.0107 m_ratio_max=0.396 return=-183.6 length=200 success_rate=0.00 collisions/ep=0.29 (n=14)
update=137 global_step=280576 SPS=385 w_ev=0.942 m_ev=0.963 m_v_bias=-1.9 m_adv_std=1.5144 m_kl_max=0.0120 m_ratio_max=0.811 return=-171.4 length=200 success_rate=0.00 collisions/ep=0.00 (n=8)
update=138 global_step=282624 SPS=387 w_ev=0.884 m_ev=0.258 m_v_bias=1.0 m_adv_std=16.6915 m_kl_max=0.0159 m_ratio_max=0.654 return=-184.8 length=200 success_rate=0.00 collisions/ep=0.33 (n=9)
update=139 global_step=284672 SPS=389 w_ev=0.951 m_ev=0.947 m_v_bias=-1.6 m_adv_std=2.0134 m_kl_max=0.0255 m_ratio_max=0.823 return=-168.5 length=200 success_rate=0.00 collisions/ep=0.00 (n=10)
update=140 global_step=286720 SPS=390 w_ev=0.963 m_ev=0.669 m_v_bias=0.2 m_adv_std=6.4161 m_kl_max=0.0250 m_ratio_max=0.715 return=-172.4 length=200 success_rate=0.00 collisions/ep=0.08 (n=13)
Evaluation at update 140: return=-167.68, length=200.00, success_rate=0.00, collisions/ep=0.00
Solved-check at update 140: solved=False worst_gap=1186.81 at p_x0=2.00 p_y0=0.50 (consecutive=0)
update=141 global_step=288768 SPS=383 w_ev=0.926 m_ev=0.573 m_v_bias=-0.2 m_adv_std=6.2891 m_kl_max=0.0511 m_ratio_max=1.131 return=-169.8 length=200 success_rate=0.00 collisions/ep=0.00 (n=8)
update=142 global_step=290816 SPS=385 w_ev=0.949 m_ev=0.982 m_v_bias=-1.9 m_adv_std=1.1068 m_kl_max=0.0376 m_ratio_max=1.009 return=-172.5 length=200 success_rate=0.00 collisions/ep=0.10 (n=10)
update=143 global_step=292864 SPS=387 w_ev=0.964 m_ev=0.983 m_v_bias=-1.4 m_adv_std=1.1327 m_kl_max=0.0743 m_ratio_max=1.063 return=-168.6 length=200 success_rate=0.00 collisions/ep=0.00 (n=14)
update=144 global_step=294912 SPS=389 w_ev=0.955 m_ev=0.982 m_v_bias=-1.3 m_adv_std=1.3613 m_kl_max=0.0180 m_ratio_max=0.611 return=-165.0 length=200 success_rate=0.00 collisions/ep=0.00 (n=8)
update=145 global_step=296960 SPS=390 w_ev=0.960 m_ev=0.991 m_v_bias=-1.3 m_adv_std=0.8755 m_kl_max=0.0367 m_ratio_max=0.768 return=-163.5 length=200 success_rate=0.00 collisions/ep=0.00 (n=9)
Evaluation at update 145: return=-162.43, length=200.00, success_rate=0.00, collisions/ep=0.00
Solved-check at update 145: solved=False worst_gap=1181.45 at p_x0=2.00 p_y0=0.50 (consecutive=0)
update=146 global_step=299008 SPS=383 w_ev=0.970 m_ev=0.991 m_v_bias=-1.1 m_adv_std=0.9239 m_kl_max=0.0473 m_ratio_max=1.170 return=-164.8 length=200 success_rate=0.00 collisions/ep=0.00 (n=10)
update=147 global_step=301056 SPS=385 w_ev=0.971 m_ev=0.763 m_v_bias=0.8 m_adv_std=6.4780 m_kl_max=0.0240 m_ratio_max=0.621 return=-165.6 length=200 success_rate=0.00 collisions/ep=0.08 (n=13)
update=148 global_step=303104 SPS=386 w_ev=0.966 m_ev=0.975 m_v_bias=-0.9 m_adv_std=1.4773 m_kl_max=0.0224 m_ratio_max=0.569 return=-160.9 length=200 success_rate=0.00 collisions/ep=0.00 (n=8)
update=149 global_step=305152 SPS=388 w_ev=0.926 m_ev=0.243 m_v_bias=3.6 m_adv_std=14.7460 m_kl_max=0.0338 m_ratio_max=0.667 return=-166.7 length=200 success_rate=0.00 collisions/ep=0.11 (n=9)
update=150 global_step=307200 SPS=390 w_ev=0.976 m_ev=0.956 m_v_bias=-3.3 m_adv_std=2.2315 m_kl_max=0.0855 m_ratio_max=3.319 return=-173.1 length=200 success_rate=0.00 collisions/ep=0.20 (n=15)
Evaluation at update 150: return=-158.70, length=200.00, success_rate=0.00, collisions/ep=0.00
Solved-check at update 150: solved=False worst_gap=1177.35 at p_x0=2.00 p_y0=0.50 (consecutive=0)
update=151 global_step=309248 SPS=383 w_ev=0.980 m_ev=0.977 m_v_bias=-2.2 m_adv_std=1.7172 m_kl_max=0.0328 m_ratio_max=0.703 return=-157.6 length=200 success_rate=0.00 collisions/ep=0.00 (n=8)
update=152 global_step=311296 SPS=385 w_ev=0.972 m_ev=0.991 m_v_bias=-1.6 m_adv_std=0.9631 m_kl_max=0.0298 m_ratio_max=0.703 return=-156.6 length=200 success_rate=0.00 collisions/ep=0.00 (n=8)
update=153 global_step=313344 SPS=386 w_ev=0.978 m_ev=0.989 m_v_bias=-1.5 m_adv_std=1.1119 m_kl_max=0.0452 m_ratio_max=1.679 return=-155.3 length=200 success_rate=0.00 collisions/ep=0.00 (n=10)
update=154 global_step=315392 SPS=388 w_ev=0.984 m_ev=0.993 m_v_bias=-1.1 m_adv_std=0.9743 m_kl_max=0.0220 m_ratio_max=0.756 return=-155.5 length=200 success_rate=0.00 collisions/ep=0.00 (n=14)
update=155 global_step=317440 SPS=389 w_ev=0.978 m_ev=0.993 m_v_bias=-1.0 m_adv_std=0.9035 m_kl_max=0.0779 m_ratio_max=0.886 return=-155.0 length=200 success_rate=0.00 collisions/ep=0.00 (n=8)
Evaluation at update 155: return=-154.12, length=200.00, success_rate=0.00, collisions/ep=0.00
Solved-check at update 155: solved=False worst_gap=1172.85 at p_x0=2.00 p_y0=0.50 (consecutive=0)
update=156 global_step=319488 SPS=383 w_ev=0.977 m_ev=0.993 m_v_bias=-1.3 m_adv_std=0.9437 m_kl_max=0.0459 m_ratio_max=1.257 return=-156.7 length=200 success_rate=0.00 collisions/ep=0.00 (n=9)
update=157 global_step=321536 SPS=385 w_ev=0.980 m_ev=0.994 m_v_bias=-0.8 m_adv_std=0.8833 m_kl_max=0.0505 m_ratio_max=1.141 return=-150.5 length=200 success_rate=0.00 collisions/ep=0.00 (n=10)
update=158 global_step=323584 SPS=386 w_ev=0.971 m_ev=0.551 m_v_bias=3.7 m_adv_std=13.4243 m_kl_max=0.0212 m_ratio_max=0.923 return=-167.7 length=200 success_rate=0.00 collisions/ep=0.23 (n=13)
update=159 global_step=325632 SPS=388 w_ev=0.989 m_ev=0.978 m_v_bias=-2.4 m_adv_std=1.8266 m_kl_max=0.0363 m_ratio_max=1.030 return=-151.6 length=200 success_rate=0.00 collisions/ep=0.00 (n=8)
update=160 global_step=327680 SPS=390 w_ev=0.772 m_ev=0.069 m_v_bias=13.3 m_adv_std=58.4121 m_kl_max=0.0281 m_ratio_max=0.765 return=-212.3 length=200 success_rate=0.00 collisions/ep=1.30 (n=10)
Evaluation at update 160: return=-151.50, length=200.00, success_rate=0.00, collisions/ep=0.00
Solved-check at update 160: solved=False worst_gap=1170.39 at p_x0=2.00 p_y0=0.50 (consecutive=0)
update=161 global_step=329728 SPS=383 w_ev=0.921 m_ev=0.536 m_v_bias=-1.0 m_adv_std=15.3106 m_kl_max=0.0093 m_ratio_max=0.492 return=-186.1 length=200 success_rate=0.00 collisions/ep=0.71 (n=14)
update=162 global_step=331776 SPS=385 w_ev=0.974 m_ev=0.928 m_v_bias=-5.5 m_adv_std=3.5863 m_kl_max=0.0180 m_ratio_max=0.911 return=-150.6 length=200 success_rate=0.00 collisions/ep=0.00 (n=8)
update=163 global_step=333824 SPS=387 w_ev=0.965 m_ev=0.462 m_v_bias=-1.1 m_adv_std=13.1629 m_kl_max=0.0254 m_ratio_max=0.700 return=-176.5 length=200 success_rate=0.00 collisions/ep=0.44 (n=9)
update=164 global_step=335872 SPS=388 w_ev=0.981 m_ev=0.967 m_v_bias=-3.5 m_adv_std=2.2130 m_kl_max=0.0105 m_ratio_max=0.497 return=-152.3 length=200 success_rate=0.00 collisions/ep=0.00 (n=10)
update=165 global_step=337920 SPS=390 w_ev=0.986 m_ev=0.988 m_v_bias=-2.1 m_adv_std=1.4640 m_kl_max=0.0171 m_ratio_max=0.626 return=-154.0 length=200 success_rate=0.00 collisions/ep=0.00 (n=13)
Evaluation at update 165: return=-150.57, length=200.00, success_rate=0.00, collisions/ep=0.00
Solved-check at update 165: solved=False worst_gap=1169.43 at p_x0=2.00 p_y0=0.50 (consecutive=0)
update=166 global_step=339968 SPS=384 w_ev=0.870 m_ev=0.108 m_v_bias=8.2 m_adv_std=37.8081 m_kl_max=0.0222 m_ratio_max=0.607 return=-151.0 length=200 success_rate=0.00 collisions/ep=0.00 (n=8)
update=167 global_step=342016 SPS=385 w_ev=0.930 m_ev=0.490 m_v_bias=-1.2 m_adv_std=12.0439 m_kl_max=0.0188 m_ratio_max=0.568 return=-197.9 length=200 success_rate=0.00 collisions/ep=0.90 (n=10)
update=168 global_step=344064 SPS=386 w_ev=0.979 m_ev=0.982 m_v_bias=-2.4 m_adv_std=1.7203 m_kl_max=0.0368 m_ratio_max=0.919 return=-153.9 length=200 success_rate=0.00 collisions/ep=0.00 (n=14)
update=169 global_step=346112 SPS=388 w_ev=0.982 m_ev=0.990 m_v_bias=-1.6 m_adv_std=1.3526 m_kl_max=0.0272 m_ratio_max=0.893 return=-155.6 length=200 success_rate=0.00 collisions/ep=0.00 (n=8)
update=170 global_step=348160 SPS=389 w_ev=0.951 m_ev=0.171 m_v_bias=1.2 m_adv_std=15.6772 m_kl_max=0.0123 m_ratio_max=0.652 return=-168.5 length=200 success_rate=0.00 collisions/ep=0.33 (n=9)
Evaluation at update 170: return=-149.04, length=200.00, success_rate=0.00, collisions/ep=0.00
Solved-check at update 170: solved=False worst_gap=1167.91 at p_x0=2.00 p_y0=0.50 (consecutive=0)
update=171 global_step=350208 SPS=384 w_ev=0.977 m_ev=0.695 m_v_bias=-1.7 m_adv_std=7.4384 m_kl_max=0.0326 m_ratio_max=0.828 return=-156.0 length=200 success_rate=0.00 collisions/ep=0.10 (n=10)
update=172 global_step=352256 SPS=385 w_ev=0.986 m_ev=0.985 m_v_bias=-1.4 m_adv_std=1.6712 m_kl_max=0.0211 m_ratio_max=0.632 return=-151.4 length=200 success_rate=0.00 collisions/ep=0.00 (n=13)
update=173 global_step=354304 SPS=387 w_ev=0.940 m_ev=0.442 m_v_bias=0.3 m_adv_std=9.8682 m_kl_max=0.0144 m_ratio_max=0.629 return=-151.5 length=200 success_rate=0.00 collisions/ep=0.00 (n=8)
update=174 global_step=356352 SPS=388 w_ev=0.956 m_ev=0.306 m_v_bias=1.7 m_adv_std=21.5441 m_kl_max=0.0292 m_ratio_max=1.343 return=-199.4 length=200 success_rate=0.00 collisions/ep=1.00 (n=9)
update=175 global_step=358400 SPS=389 w_ev=0.976 m_ev=0.830 m_v_bias=1.0 m_adv_std=6.2450 m_kl_max=0.0104 m_ratio_max=0.402 return=-153.0 length=200 success_rate=0.00 collisions/ep=0.07 (n=15)
Evaluation at update 175: return=-148.40, length=200.00, success_rate=0.00, collisions/ep=0.00
Solved-check at update 175: solved=False worst_gap=1167.05 at p_x0=2.00 p_y0=0.50 (consecutive=0)
update=176 global_step=360448 SPS=384 w_ev=0.984 m_ev=0.978 m_v_bias=-0.6 m_adv_std=1.8886 m_kl_max=0.0102 m_ratio_max=0.379 return=-154.9 length=200 success_rate=0.00 collisions/ep=0.00 (n=8)
update=177 global_step=362496 SPS=385 w_ev=0.978 m_ev=0.987 m_v_bias=-1.1 m_adv_std=1.3348 m_kl_max=0.0602 m_ratio_max=1.434 return=-150.2 length=200 success_rate=0.00 collisions/ep=0.00 (n=8)
update=178 global_step=364544 SPS=386 w_ev=0.990 m_ev=0.993 m_v_bias=-0.8 m_adv_std=1.1388 m_kl_max=0.0202 m_ratio_max=1.047 return=-147.7 length=200 success_rate=0.00 collisions/ep=0.00 (n=10)
update=179 global_step=366592 SPS=388 w_ev=0.990 m_ev=0.994 m_v_bias=-0.8 m_adv_std=1.0717 m_kl_max=0.0323 m_ratio_max=0.840 return=-146.0 length=200 success_rate=0.00 collisions/ep=0.00 (n=14)
update=180 global_step=368640 SPS=389 w_ev=0.542 m_ev=0.033 m_v_bias=30.4 m_adv_std=120.8898 m_kl_max=0.0246 m_ratio_max=0.586 return=-336.6 length=200 success_rate=0.00 collisions/ep=3.75 (n=8)
Evaluation at update 180: return=-146.66, length=200.00, success_rate=0.00, collisions/ep=0.00
Solved-check at update 180: solved=False worst_gap=1165.75 at p_x0=2.00 p_y0=0.50 (consecutive=0)
update=181 global_step=370688 SPS=384 w_ev=0.922 m_ev=0.054 m_v_bias=-3.2 m_adv_std=31.5487 m_kl_max=0.0225 m_ratio_max=0.908 return=-170.6 length=200 success_rate=0.00 collisions/ep=0.44 (n=9)
update=182 global_step=372736 SPS=385 w_ev=0.973 m_ev=0.767 m_v_bias=-7.8 m_adv_std=8.0060 m_kl_max=0.0157 m_ratio_max=0.667 return=-173.7 length=200 success_rate=0.00 collisions/ep=0.50 (n=10)
update=183 global_step=374784 SPS=387 w_ev=0.981 m_ev=0.939 m_v_bias=-5.0 m_adv_std=3.6344 m_kl_max=0.0164 m_ratio_max=0.454 return=-149.3 length=200 success_rate=0.00 collisions/ep=0.00 (n=13)
update=184 global_step=376832 SPS=388 w_ev=0.977 m_ev=0.828 m_v_bias=-2.1 m_adv_std=5.9356 m_kl_max=0.0143 m_ratio_max=1.173 return=-154.8 length=200 success_rate=0.00 collisions/ep=0.12 (n=8)
update=185 global_step=378880 SPS=389 w_ev=0.984 m_ev=0.975 m_v_bias=-2.2 m_adv_std=2.0763 m_kl_max=0.0142 m_ratio_max=0.478 return=-148.8 length=200 success_rate=0.00 collisions/ep=0.00 (n=10)
Evaluation at update 185: return=-147.58, length=200.00, success_rate=0.00, collisions/ep=0.00
Solved-check at update 185: solved=False worst_gap=1168.69 at p_x0=2.00 p_y0=0.00 (consecutive=0)
update=186 global_step=380928 SPS=384 w_ev=0.966 m_ev=0.430 m_v_bias=4.0 m_adv_std=18.9287 m_kl_max=0.0188 m_ratio_max=0.612 return=-165.7 length=200 success_rate=0.00 collisions/ep=0.29 (n=14)
update=187 global_step=382976 SPS=385 w_ev=0.983 m_ev=0.921 m_v_bias=-2.2 m_adv_std=3.5783 m_kl_max=0.0186 m_ratio_max=0.733 return=-152.5 length=200 success_rate=0.00 collisions/ep=0.00 (n=8)
update=188 global_step=385024 SPS=386 w_ev=0.975 m_ev=0.518 m_v_bias=2.6 m_adv_std=14.6189 m_kl_max=0.0192 m_ratio_max=0.600 return=-169.2 length=200 success_rate=0.00 collisions/ep=0.33 (n=9)
update=189 global_step=387072 SPS=388 w_ev=0.980 m_ev=0.471 m_v_bias=-0.4 m_adv_std=12.4091 m_kl_max=0.0344 m_ratio_max=0.695 return=-146.6 length=200 success_rate=0.00 collisions/ep=0.00 (n=10)
update=190 global_step=389120 SPS=389 w_ev=0.991 m_ev=0.966 m_v_bias=-3.0 m_adv_std=2.3866 m_kl_max=0.0089 m_ratio_max=0.618 return=-155.7 length=200 success_rate=0.00 collisions/ep=0.15 (n=13)
Evaluation at update 190: return=-148.47, length=200.00, success_rate=0.00, collisions/ep=0.00
Solved-check at update 190: solved=False worst_gap=1169.02 at p_x0=2.00 p_y0=0.00 (consecutive=0)
update=191 global_step=391168 SPS=384 w_ev=0.981 m_ev=0.856 m_v_bias=-1.1 m_adv_std=5.0370 m_kl_max=0.0166 m_ratio_max=0.557 return=-161.8 length=200 success_rate=0.00 collisions/ep=0.12 (n=8)
update=192 global_step=393216 SPS=385 w_ev=0.988 m_ev=0.990 m_v_bias=-1.0 m_adv_std=1.2499 m_kl_max=0.0434 m_ratio_max=1.100 return=-149.8 length=200 success_rate=0.00 collisions/ep=0.00 (n=10)
update=193 global_step=395264 SPS=386 w_ev=0.992 m_ev=0.993 m_v_bias=-0.5 m_adv_std=1.1349 m_kl_max=0.0288 m_ratio_max=0.648 return=-147.4 length=200 success_rate=0.00 collisions/ep=0.00 (n=14)
update=194 global_step=397312 SPS=387 w_ev=0.945 m_ev=0.283 m_v_bias=6.9 m_adv_std=30.3219 m_kl_max=0.0228 m_ratio_max=0.998 return=-177.2 length=200 success_rate=0.00 collisions/ep=0.62 (n=8)
update=195 global_step=399360 SPS=389 w_ev=0.977 m_ev=0.794 m_v_bias=-0.8 m_adv_std=6.4908 m_kl_max=0.0219 m_ratio_max=0.749 return=-154.4 length=200 success_rate=0.00 collisions/ep=0.11 (n=9)
Evaluation at update 195: return=-148.17, length=200.00, success_rate=0.00, collisions/ep=0.00
Solved-check at update 195: solved=False worst_gap=1167.65 at p_x0=2.00 p_y0=0.00 (consecutive=0)
update=196 global_step=401408 SPS=384 w_ev=0.539 m_ev=0.004 m_v_bias=18.6 m_adv_std=85.3500 m_kl_max=0.0177 m_ratio_max=0.536 return=-204.9 length=200 success_rate=0.00 collisions/ep=1.10 (n=10)
update=197 global_step=403456 SPS=385 w_ev=0.955 m_ev=0.701 m_v_bias=-10.9 m_adv_std=8.0781 m_kl_max=0.0114 m_ratio_max=0.602 return=-197.4 length=200 success_rate=0.00 collisions/ep=0.92 (n=13)
update=198 global_step=405504 SPS=386 w_ev=0.429 m_ev=-0.050 m_v_bias=8.9 m_adv_std=93.1991 m_kl_max=0.0191 m_ratio_max=0.490 return=-148.5 length=200 success_rate=0.00 collisions/ep=0.00 (n=8)
update=199 global_step=407552 SPS=387 w_ev=0.878 m_ev=-0.105 m_v_bias=-7.1 m_adv_std=24.0808 m_kl_max=0.0111 m_ratio_max=0.566 return=-244.9 length=200 success_rate=0.00 collisions/ep=2.00 (n=9)
update=200 global_step=409600 SPS=388 w_ev=0.894 m_ev=-0.079 m_v_bias=-0.6 m_adv_std=27.9600 m_kl_max=0.0339 m_ratio_max=0.986 return=-178.4 length=200 success_rate=0.00 collisions/ep=0.60 (n=15)
Evaluation at update 200: return=-148.37, length=200.00, success_rate=0.00, collisions/ep=0.00
Solved-check at update 200: solved=False worst_gap=1168.43 at p_x0=2.00 p_y0=0.50 (consecutive=0)
update=201 global_step=411648 SPS=384 w_ev=0.964 m_ev=0.773 m_v_bias=-4.2 m_adv_std=6.7172 m_kl_max=0.0105 m_ratio_max=0.396 return=-152.2 length=200 success_rate=0.00 collisions/ep=0.00 (n=8)
update=202 global_step=413696 SPS=385 w_ev=0.978 m_ev=0.941 m_v_bias=-2.9 m_adv_std=2.9603 m_kl_max=0.0230 m_ratio_max=0.643 return=-144.5 length=200 success_rate=0.00 collisions/ep=0.00 (n=8)
update=203 global_step=415744 SPS=386 w_ev=0.908 m_ev=-0.003 m_v_bias=2.4 m_adv_std=27.0495 m_kl_max=0.0189 m_ratio_max=0.940 return=-148.9 length=200 success_rate=0.00 collisions/ep=0.00 (n=10)
update=204 global_step=417792 SPS=387 w_ev=0.981 m_ev=0.603 m_v_bias=-4.5 m_adv_std=8.2425 m_kl_max=0.0487 m_ratio_max=0.755 return=-164.6 length=200 success_rate=0.00 collisions/ep=0.36 (n=14)
update=205 global_step=419840 SPS=388 w_ev=0.974 m_ev=0.760 m_v_bias=0.2 m_adv_std=7.5264 m_kl_max=0.0198 m_ratio_max=0.742 return=-155.2 length=200 success_rate=0.00 collisions/ep=0.12 (n=8)
Evaluation at update 205: return=-146.65, length=200.00, success_rate=0.00, collisions/ep=0.00
Solved-check at update 205: solved=False worst_gap=1167.16 at p_x0=2.00 p_y0=0.50 (consecutive=0)
update=206 global_step=421888 SPS=383 w_ev=0.957 m_ev=0.510 m_v_bias=0.5 m_adv_std=13.1116 m_kl_max=0.0108 m_ratio_max=0.601 return=-162.5 length=200 success_rate=0.00 collisions/ep=0.33 (n=9)
update=207 global_step=423936 SPS=385 w_ev=0.967 m_ev=0.414 m_v_bias=6.1 m_adv_std=19.7322 m_kl_max=0.0211 m_ratio_max=0.830 return=-148.0 length=200 success_rate=0.00 collisions/ep=0.00 (n=10)
update=208 global_step=425984 SPS=386 w_ev=0.950 m_ev=0.368 m_v_bias=2.0 m_adv_std=24.1392 m_kl_max=0.0241 m_ratio_max=0.866 return=-180.7 length=200 success_rate=0.00 collisions/ep=0.69 (n=13)
update=209 global_step=428032 SPS=387 w_ev=0.979 m_ev=0.931 m_v_bias=-4.6 m_adv_std=3.5007 m_kl_max=0.0172 m_ratio_max=0.793 return=-151.1 length=200 success_rate=0.00 collisions/ep=0.00 (n=8)
update=210 global_step=430080 SPS=388 w_ev=0.830 m_ev=0.068 m_v_bias=9.7 m_adv_std=55.3638 m_kl_max=0.0262 m_ratio_max=1.034 return=-153.9 length=200 success_rate=0.00 collisions/ep=0.10 (n=10)
Evaluation at update 210: return=-147.74, length=200.00, success_rate=0.00, collisions/ep=0.00
Solved-check at update 210: solved=False worst_gap=1167.68 at p_x0=2.00 p_y0=0.00 (consecutive=0)
update=211 global_step=432128 SPS=384 w_ev=0.984 m_ev=0.844 m_v_bias=-6.7 m_adv_std=5.9454 m_kl_max=0.0115 m_ratio_max=0.529 return=-180.0 length=200 success_rate=0.00 collisions/ep=0.64 (n=14)
update=212 global_step=434176 SPS=385 w_ev=0.986 m_ev=0.954 m_v_bias=-4.0 m_adv_std=2.9279 m_kl_max=0.0162 m_ratio_max=0.685 return=-148.6 length=200 success_rate=0.00 collisions/ep=0.00 (n=8)
update=213 global_step=436224 SPS=386 w_ev=0.983 m_ev=0.981 m_v_bias=-2.3 m_adv_std=1.7356 m_kl_max=0.0148 m_ratio_max=0.909 return=-148.4 length=200 success_rate=0.00 collisions/ep=0.00 (n=9)
update=214 global_step=438272 SPS=387 w_ev=0.989 m_ev=0.993 m_v_bias=-1.0 m_adv_std=1.2135 m_kl_max=0.0268 m_ratio_max=0.821 return=-149.9 length=200 success_rate=0.00 collisions/ep=0.00 (n=10)
update=215 global_step=440320 SPS=388 w_ev=0.991 m_ev=0.978 m_v_bias=-1.0 m_adv_std=2.2828 m_kl_max=0.0513 m_ratio_max=2.116 return=-143.9 length=200 success_rate=0.00 collisions/ep=0.00 (n=13)
Evaluation at update 215: return=-147.44, length=200.00, success_rate=0.00, collisions/ep=0.00
Solved-check at update 215: solved=False worst_gap=1166.35 at p_x0=2.00 p_y0=0.50 (consecutive=0)
update=216 global_step=442368 SPS=384 w_ev=0.930 m_ev=0.252 m_v_bias=6.5 m_adv_std=25.2110 m_kl_max=0.0153 m_ratio_max=0.948 return=-170.0 length=200 success_rate=0.00 collisions/ep=0.50 (n=8)
update=217 global_step=444416 SPS=385 w_ev=0.964 m_ev=0.453 m_v_bias=4.3 m_adv_std=17.4421 m_kl_max=0.0268 m_ratio_max=1.138 return=-171.2 length=200 success_rate=0.00 collisions/ep=0.50 (n=10)
update=218 global_step=446464 SPS=386 w_ev=0.979 m_ev=0.594 m_v_bias=-1.0 m_adv_std=11.9569 m_kl_max=0.0120 m_ratio_max=0.431 return=-158.9 length=200 success_rate=0.00 collisions/ep=0.21 (n=14)
update=219 global_step=448512 SPS=387 w_ev=0.912 m_ev=0.130 m_v_bias=-0.1 m_adv_std=24.5364 m_kl_max=0.0177 m_ratio_max=1.065 return=-146.8 length=200 success_rate=0.00 collisions/ep=0.00 (n=8)
update=220 global_step=450560 SPS=388 w_ev=0.968 m_ev=0.680 m_v_bias=-4.1 m_adv_std=6.5738 m_kl_max=0.0228 m_ratio_max=0.563 return=-175.5 length=200 success_rate=0.00 collisions/ep=0.56 (n=9)
Evaluation at update 220: return=-147.62, length=200.00, success_rate=0.00, collisions/ep=0.00
Solved-check at update 220: solved=False worst_gap=1166.74 at p_x0=2.00 p_y0=0.50 (consecutive=0)
update=221 global_step=452608 SPS=384 w_ev=0.981 m_ev=0.593 m_v_bias=1.6 m_adv_std=13.6788 m_kl_max=0.0142 m_ratio_max=0.538 return=-168.9 length=200 success_rate=0.00 collisions/ep=0.40 (n=10)
update=222 global_step=454656 SPS=385 w_ev=0.988 m_ev=0.837 m_v_bias=1.2 m_adv_std=6.7029 m_kl_max=0.0091 m_ratio_max=0.464 return=-149.2 length=200 success_rate=0.00 collisions/ep=0.08 (n=13)
update=223 global_step=456704 SPS=386 w_ev=0.910 m_ev=0.073 m_v_bias=4.2 m_adv_std=30.5388 m_kl_max=0.0106 m_ratio_max=0.512 return=-149.2 length=200 success_rate=0.00 collisions/ep=0.00 (n=8)
update=224 global_step=458752 SPS=387 w_ev=0.968 m_ev=0.442 m_v_bias=-0.5 m_adv_std=13.6410 m_kl_max=0.0214 m_ratio_max=0.713 return=-179.5 length=200 success_rate=0.00 collisions/ep=0.56 (n=9)
update=225 global_step=460800 SPS=388 w_ev=0.986 m_ev=0.832 m_v_bias=-2.0 m_adv_std=6.3417 m_kl_max=0.0160 m_ratio_max=0.410 return=-161.9 length=200 success_rate=0.00 collisions/ep=0.27 (n=15)
Evaluation at update 225: return=-149.15, length=200.00, success_rate=0.00, collisions/ep=0.00
Solved-check at update 225: solved=False worst_gap=1168.21 at p_x0=2.00 p_y0=0.50 (consecutive=0)
update=226 global_step=462848 SPS=384 w_ev=0.988 m_ev=0.979 m_v_bias=-1.8 m_adv_std=2.1444 m_kl_max=0.0109 m_ratio_max=0.569 return=-149.5 length=200 success_rate=0.00 collisions/ep=0.00 (n=8)
update=227 global_step=464896 SPS=385 w_ev=0.931 m_ev=0.220 m_v_bias=5.7 m_adv_std=26.1258 m_kl_max=0.0255 m_ratio_max=1.254 return=-150.7 length=200 success_rate=0.00 collisions/ep=0.00 (n=8)
update=228 global_step=466944 SPS=387 w_ev=0.980 m_ev=0.926 m_v_bias=-3.2 m_adv_std=3.7471 m_kl_max=0.0139 m_ratio_max=0.512 return=-173.4 length=200 success_rate=0.00 collisions/ep=0.50 (n=10)
update=229 global_step=468992 SPS=388 w_ev=0.990 m_ev=0.991 m_v_bias=-2.1 m_adv_std=1.4613 m_kl_max=0.0168 m_ratio_max=0.603 return=-150.7 length=200 success_rate=0.00 collisions/ep=0.00 (n=14)
update=230 global_step=471040 SPS=389 w_ev=0.990 m_ev=0.990 m_v_bias=-1.1 m_adv_std=1.3237 m_kl_max=0.0235 m_ratio_max=0.724 return=-144.0 length=200 success_rate=0.00 collisions/ep=0.00 (n=8)
Evaluation at update 230: return=-148.10, length=200.00, success_rate=0.00, collisions/ep=0.00
Solved-check at update 230: solved=False worst_gap=1167.27 at p_x0=2.00 p_y0=0.00 (consecutive=0)
update=231 global_step=473088 SPS=384 w_ev=0.989 m_ev=0.994 m_v_bias=-1.1 m_adv_std=1.0021 m_kl_max=0.0352 m_ratio_max=0.943 return=-147.4 length=200 success_rate=0.00 collisions/ep=0.00 (n=9)
update=232 global_step=475136 SPS=385 w_ev=0.987 m_ev=0.997 m_v_bias=-0.8 m_adv_std=0.7249 m_kl_max=0.0249 m_ratio_max=0.909 return=-147.6 length=200 success_rate=0.00 collisions/ep=0.00 (n=10)
update=233 global_step=477184 SPS=387 w_ev=0.989 m_ev=0.781 m_v_bias=2.1 m_adv_std=9.0361 m_kl_max=0.0404 m_ratio_max=0.868 return=-158.1 length=200 success_rate=0.00 collisions/ep=0.23 (n=13)
update=234 global_step=479232 SPS=388 w_ev=0.989 m_ev=0.975 m_v_bias=-1.1 m_adv_std=1.9767 m_kl_max=0.0122 m_ratio_max=0.418 return=-146.8 length=200 success_rate=0.00 collisions/ep=0.00 (n=8)
update=235 global_step=481280 SPS=389 w_ev=0.925 m_ev=0.183 m_v_bias=6.2 m_adv_std=30.7063 m_kl_max=0.0391 m_ratio_max=2.409 return=-152.2 length=200 success_rate=0.00 collisions/ep=0.10 (n=10)
Evaluation at update 235: return=-148.01, length=200.00, success_rate=0.00, collisions/ep=0.00
Solved-check at update 235: solved=False worst_gap=1167.97 at p_x0=2.00 p_y0=0.00 (consecutive=0)
update=236 global_step=483328 SPS=384 w_ev=0.989 m_ev=0.936 m_v_bias=-3.1 m_adv_std=3.7106 m_kl_max=0.0111 m_ratio_max=0.428 return=-163.8 length=200 success_rate=0.00 collisions/ep=0.36 (n=14)
update=237 global_step=485376 SPS=385 w_ev=0.971 m_ev=0.492 m_v_bias=1.2 m_adv_std=14.9698 m_kl_max=0.0174 m_ratio_max=0.749 return=-178.0 length=200 success_rate=0.00 collisions/ep=0.62 (n=8)
update=238 global_step=487424 SPS=386 w_ev=0.973 m_ev=0.671 m_v_bias=0.3 m_adv_std=8.5865 m_kl_max=0.0166 m_ratio_max=0.569 return=-154.3 length=200 success_rate=0.00 collisions/ep=0.11 (n=9)
update=239 global_step=489472 SPS=387 w_ev=0.990 m_ev=0.982 m_v_bias=-2.1 m_adv_std=1.9154 m_kl_max=0.0206 m_ratio_max=0.901 return=-152.0 length=200 success_rate=0.00 collisions/ep=0.10 (n=10)
update=240 global_step=491520 SPS=388 w_ev=0.992 m_ev=0.703 m_v_bias=0.4 m_adv_std=10.7487 m_kl_max=0.0233 m_ratio_max=0.845 return=-153.6 length=200 success_rate=0.00 collisions/ep=0.15 (n=13)
Evaluation at update 240: return=-148.58, length=200.00, success_rate=0.00, collisions/ep=0.00
Solved-check at update 240: solved=False worst_gap=1168.02 at p_x0=2.00 p_y0=0.00 (consecutive=0)
update=241 global_step=493568 SPS=384 w_ev=0.938 m_ev=0.155 m_v_bias=2.3 m_adv_std=16.6354 m_kl_max=0.0263 m_ratio_max=1.744 return=-151.5 length=200 success_rate=0.00 collisions/ep=0.12 (n=8)
update=242 global_step=495616 SPS=385 w_ev=0.896 m_ev=0.089 m_v_bias=-0.1 m_adv_std=23.0708 m_kl_max=0.0198 m_ratio_max=0.452 return=-164.3 length=200 success_rate=0.00 collisions/ep=0.30 (n=10)
update=243 global_step=497664 SPS=386 w_ev=0.973 m_ev=0.447 m_v_bias=-4.3 m_adv_std=11.0465 m_kl_max=0.0148 m_ratio_max=0.816 return=-169.0 length=200 success_rate=0.00 collisions/ep=0.43 (n=14)
update=244 global_step=499712 SPS=387 w_ev=0.981 m_ev=0.880 m_v_bias=-1.8 m_adv_std=5.0096 m_kl_max=0.0325 m_ratio_max=0.952 return=-141.8 length=200 success_rate=0.00 collisions/ep=0.00 (n=8)
update=245 global_step=501760 SPS=388 w_ev=0.865 m_ev=0.023 m_v_bias=4.3 m_adv_std=29.3536 m_kl_max=0.0150 m_ratio_max=0.556 return=-148.5 length=200 success_rate=0.00 collisions/ep=0.00 (n=9)
Evaluation at update 245: return=-147.83, length=200.00, success_rate=0.00, collisions/ep=0.00
Solved-check at update 245: solved=False worst_gap=1167.21 at p_x0=2.00 p_y0=0.00 (consecutive=0)
update=246 global_step=503808 SPS=384 w_ev=0.972 m_ev=0.313 m_v_bias=-3.4 m_adv_std=10.7666 m_kl_max=0.0146 m_ratio_max=0.968 return=-183.6 length=200 success_rate=0.00 collisions/ep=0.70 (n=10)
update=247 global_step=505856 SPS=385 w_ev=0.981 m_ev=0.617 m_v_bias=1.8 m_adv_std=12.5792 m_kl_max=0.0453 m_ratio_max=2.573 return=-160.2 length=200 success_rate=0.00 collisions/ep=0.23 (n=13)
update=248 global_step=507904 SPS=386 w_ev=0.952 m_ev=0.453 m_v_bias=2.6 m_adv_std=15.9615 m_kl_max=0.0870 m_ratio_max=2.374 return=-169.3 length=200 success_rate=0.00 collisions/ep=0.50 (n=8)
update=249 global_step=509952 SPS=387 w_ev=0.973 m_ev=0.539 m_v_bias=0.0 m_adv_std=11.8786 m_kl_max=0.0082 m_ratio_max=0.476 return=-159.7 length=200 success_rate=0.00 collisions/ep=0.22 (n=9)
update=250 global_step=512000 SPS=388 w_ev=0.988 m_ev=0.989 m_v_bias=-2.9 m_adv_std=1.5437 m_kl_max=0.0101 m_ratio_max=0.458 return=-146.5 length=200 success_rate=0.00 collisions/ep=0.00 (n=15)
Evaluation at update 250: return=-148.19, length=200.00, success_rate=0.00, collisions/ep=0.00
Solved-check at update 250: solved=False worst_gap=1167.42 at p_x0=2.00 p_y0=0.50 (consecutive=0)
update=251 global_step=514048 SPS=384 w_ev=0.991 m_ev=0.991 m_v_bias=-1.6 m_adv_std=1.4143 m_kl_max=0.0236 m_ratio_max=0.665 return=-150.9 length=200 success_rate=0.00 collisions/ep=0.00 (n=8)
update=252 global_step=516096 SPS=385 w_ev=0.977 m_ev=0.581 m_v_bias=1.2 m_adv_std=11.7557 m_kl_max=0.0185 m_ratio_max=0.790 return=-166.2 length=200 success_rate=0.00 collisions/ep=0.38 (n=8)
update=253 global_step=518144 SPS=386 w_ev=0.789 m_ev=-0.050 m_v_bias=3.9 m_adv_std=39.6956 m_kl_max=0.0302 m_ratio_max=1.311 return=-147.5 length=200 success_rate=0.00 collisions/ep=0.00 (n=10)
update=254 global_step=520192 SPS=387 w_ev=0.984 m_ev=0.782 m_v_bias=-4.0 m_adv_std=6.6644 m_kl_max=0.0314 m_ratio_max=0.687 return=-176.3 length=200 success_rate=0.00 collisions/ep=0.57 (n=14)
update=255 global_step=522240 SPS=388 w_ev=0.803 m_ev=0.011 m_v_bias=6.8 m_adv_std=42.3324 m_kl_max=0.0208 m_ratio_max=0.788 return=-148.0 length=200 success_rate=0.00 collisions/ep=0.00 (n=8)
Evaluation at update 255: return=-148.06, length=200.00, success_rate=0.00, collisions/ep=0.00
Solved-check at update 255: solved=False worst_gap=1167.25 at p_x0=2.00 p_y0=0.50 (consecutive=0)
update=256 global_step=524288 SPS=384 w_ev=0.979 m_ev=0.835 m_v_bias=-4.5 m_adv_std=5.5173 m_kl_max=0.0102 m_ratio_max=0.989 return=-195.5 length=200 success_rate=0.00 collisions/ep=0.89 (n=9)
update=257 global_step=526336 SPS=385 w_ev=0.974 m_ev=0.545 m_v_bias=0.7 m_adv_std=11.1364 m_kl_max=0.0140 m_ratio_max=0.527 return=-148.6 length=200 success_rate=0.00 collisions/ep=0.00 (n=10)
update=258 global_step=528384 SPS=386 w_ev=0.986 m_ev=0.842 m_v_bias=-0.0 m_adv_std=6.8043 m_kl_max=0.0138 m_ratio_max=0.665 return=-164.7 length=200 success_rate=0.00 collisions/ep=0.31 (n=13)
update=259 global_step=530432 SPS=387 w_ev=0.977 m_ev=0.708 m_v_bias=-1.2 m_adv_std=7.4822 m_kl_max=0.0113 m_ratio_max=0.689 return=-154.2 length=200 success_rate=0.00 collisions/ep=0.12 (n=8)
update=260 global_step=532480 SPS=388 w_ev=0.960 m_ev=0.316 m_v_bias=3.3 m_adv_std=18.4425 m_kl_max=0.0149 m_ratio_max=0.752 return=-170.4 length=200 success_rate=0.00 collisions/ep=0.40 (n=10)
Evaluation at update 260: return=-148.37, length=200.00, success_rate=0.00, collisions/ep=0.00
Solved-check at update 260: solved=False worst_gap=1167.62 at p_x0=2.00 p_y0=0.00 (consecutive=0)
update=261 global_step=534528 SPS=384 w_ev=0.893 m_ev=0.009 m_v_bias=0.8 m_adv_std=31.4882 m_kl_max=0.0316 m_ratio_max=1.448 return=-169.4 length=200 success_rate=0.00 collisions/ep=0.43 (n=14)
update=262 global_step=536576 SPS=385 w_ev=0.973 m_ev=0.351 m_v_bias=-4.0 m_adv_std=11.9539 m_kl_max=0.0138 m_ratio_max=0.819 return=-162.9 length=200 success_rate=0.00 collisions/ep=0.25 (n=8)
update=263 global_step=538624 SPS=386 w_ev=0.979 m_ev=0.746 m_v_bias=0.0 m_adv_std=7.1863 m_kl_max=0.0121 m_ratio_max=0.615 return=-150.2 length=200 success_rate=0.00 collisions/ep=0.11 (n=9)
update=264 global_step=540672 SPS=387 w_ev=0.985 m_ev=0.854 m_v_bias=-0.6 m_adv_std=5.9754 m_kl_max=0.0200 m_ratio_max=0.552 return=-153.6 length=200 success_rate=0.00 collisions/ep=0.10 (n=10)
update=265 global_step=542720 SPS=388 w_ev=0.991 m_ev=0.988 m_v_bias=-1.3 m_adv_std=1.6862 m_kl_max=0.0305 m_ratio_max=0.882 return=-146.8 length=200 success_rate=0.00 collisions/ep=0.00 (n=13)
Evaluation at update 265: return=-147.26, length=200.00, success_rate=0.00, collisions/ep=0.00
Solved-check at update 265: solved=False worst_gap=1166.51 at p_x0=2.00 p_y0=0.50 (consecutive=0)
update=266 global_step=544768 SPS=384 w_ev=0.982 m_ev=0.796 m_v_bias=0.5 m_adv_std=6.1777 m_kl_max=0.0065 m_ratio_max=0.384 return=-144.2 length=200 success_rate=0.00 collisions/ep=0.00 (n=8)
update=267 global_step=546816 SPS=385 w_ev=0.973 m_ev=0.558 m_v_bias=1.5 m_adv_std=12.8657 m_kl_max=0.0610 m_ratio_max=2.913 return=-163.3 length=200 success_rate=0.00 collisions/ep=0.30 (n=10)
update=268 global_step=548864 SPS=386 w_ev=0.979 m_ev=0.607 m_v_bias=2.4 m_adv_std=12.2291 m_kl_max=0.0403 m_ratio_max=1.339 return=-155.7 length=200 success_rate=0.00 collisions/ep=0.14 (n=14)
update=269 global_step=550912 SPS=387 w_ev=0.985 m_ev=0.869 m_v_bias=-0.8 m_adv_std=5.9770 m_kl_max=0.0164 m_ratio_max=0.494 return=-156.5 length=200 success_rate=0.00 collisions/ep=0.12 (n=8)
update=270 global_step=552960 SPS=388 w_ev=0.946 m_ev=0.151 m_v_bias=4.4 m_adv_std=24.2338 m_kl_max=0.0156 m_ratio_max=0.447 return=-146.9 length=200 success_rate=0.00 collisions/ep=0.00 (n=9)
Evaluation at update 270: return=-148.72, length=200.00, success_rate=0.00, collisions/ep=0.00
Solved-check at update 270: solved=False worst_gap=1168.69 at p_x0=2.00 p_y0=0.00 (consecutive=0)
update=271 global_step=555008 SPS=384 w_ev=0.971 m_ev=0.531 m_v_bias=-3.5 m_adv_std=10.9808 m_kl_max=0.0129 m_ratio_max=0.578 return=-169.8 length=200 success_rate=0.00 collisions/ep=0.50 (n=10)
update=272 global_step=557056 SPS=385 w_ev=0.990 m_ev=0.747 m_v_bias=-1.0 m_adv_std=8.7659 m_kl_max=0.0538 m_ratio_max=2.329 return=-162.8 length=200 success_rate=0.00 collisions/ep=0.31 (n=13)
update=273 global_step=559104 SPS=386 w_ev=0.977 m_ev=0.960 m_v_bias=-2.4 m_adv_std=2.5104 m_kl_max=0.0186 m_ratio_max=0.623 return=-145.9 length=200 success_rate=0.00 collisions/ep=0.00 (n=8)
update=274 global_step=561152 SPS=387 w_ev=0.987 m_ev=0.986 m_v_bias=-1.2 m_adv_std=1.4682 m_kl_max=0.0210 m_ratio_max=0.763 return=-149.8 length=200 success_rate=0.00 collisions/ep=0.00 (n=9)
update=275 global_step=563200 SPS=388 w_ev=0.964 m_ev=0.320 m_v_bias=5.8 m_adv_std=22.8427 m_kl_max=0.0404 m_ratio_max=1.248 return=-165.1 length=200 success_rate=0.00 collisions/ep=0.33 (n=15)
Evaluation at update 275: return=-148.38, length=200.00, success_rate=0.00, collisions/ep=0.00
Solved-check at update 275: solved=False worst_gap=1169.16 at p_x0=2.00 p_y0=0.00 (consecutive=0)
update=276 global_step=565248 SPS=384 w_ev=0.993 m_ev=0.962 m_v_bias=-2.3 m_adv_std=3.0333 m_kl_max=0.0145 m_ratio_max=0.540 return=-146.0 length=200 success_rate=0.00 collisions/ep=0.00 (n=8)
update=277 global_step=567296 SPS=385 w_ev=0.987 m_ev=0.988 m_v_bias=-2.1 m_adv_std=1.4836 m_kl_max=0.0366 m_ratio_max=0.800 return=-145.7 length=200 success_rate=0.00 collisions/ep=0.00 (n=8)
update=278 global_step=569344 SPS=386 w_ev=0.988 m_ev=0.995 m_v_bias=-1.2 m_adv_std=1.0002 m_kl_max=0.0215 m_ratio_max=0.869 return=-143.5 length=200 success_rate=0.00 collisions/ep=0.00 (n=10)
update=279 global_step=571392 SPS=387 w_ev=0.986 m_ev=0.652 m_v_bias=3.9 m_adv_std=12.5894 m_kl_max=0.0195 m_ratio_max=0.577 return=-158.7 length=200 success_rate=0.00 collisions/ep=0.29 (n=14)
update=280 global_step=573440 SPS=388 w_ev=0.989 m_ev=0.963 m_v_bias=-1.9 m_adv_std=2.5279 m_kl_max=0.0095 m_ratio_max=0.412 return=-145.6 length=200 success_rate=0.00 collisions/ep=0.00 (n=8)
Evaluation at update 280: return=-147.70, length=200.00, success_rate=0.00, collisions/ep=0.00
Solved-check at update 280: solved=False worst_gap=1168.86 at p_x0=2.00 p_y0=0.00 (consecutive=0)
update=281 global_step=575488 SPS=384 w_ev=0.895 m_ev=0.108 m_v_bias=8.2 m_adv_std=31.8245 m_kl_max=0.0371 m_ratio_max=1.144 return=-198.4 length=200 success_rate=0.00 collisions/ep=1.00 (n=9)
update=282 global_step=577536 SPS=385 w_ev=0.968 m_ev=0.674 m_v_bias=-3.7 m_adv_std=8.5918 m_kl_max=0.0238 m_ratio_max=0.951 return=-162.9 length=200 success_rate=0.00 collisions/ep=0.30 (n=10)
update=283 global_step=579584 SPS=386 w_ev=0.988 m_ev=0.969 m_v_bias=-3.1 m_adv_std=2.6959 m_kl_max=0.0171 m_ratio_max=0.612 return=-147.3 length=200 success_rate=0.00 collisions/ep=0.00 (n=13)
update=284 global_step=581632 SPS=387 w_ev=0.986 m_ev=0.990 m_v_bias=-1.5 m_adv_std=1.3061 m_kl_max=0.0156 m_ratio_max=0.603 return=-146.3 length=200 success_rate=0.00 collisions/ep=0.00 (n=8)
update=285 global_step=583680 SPS=388 w_ev=0.987 m_ev=0.995 m_v_bias=-1.1 m_adv_std=0.9589 m_kl_max=0.0343 m_ratio_max=0.947 return=-144.0 length=200 success_rate=0.00 collisions/ep=0.00 (n=10)
Evaluation at update 285: return=-147.60, length=200.00, success_rate=0.00, collisions/ep=0.00
Solved-check at update 285: solved=False worst_gap=1168.71 at p_x0=2.00 p_y0=0.00 (consecutive=0)
update=286 global_step=585728 SPS=385 w_ev=0.991 m_ev=0.864 m_v_bias=0.7 m_adv_std=5.9743 m_kl_max=0.0173 m_ratio_max=0.578 return=-151.4 length=200 success_rate=0.00 collisions/ep=0.07 (n=14)
update=287 global_step=587776 SPS=386 w_ev=0.512 m_ev=-0.056 m_v_bias=15.4 m_adv_std=90.0099 m_kl_max=0.0244 m_ratio_max=0.757 return=-160.8 length=200 success_rate=0.00 collisions/ep=0.25 (n=8)
update=288 global_step=589824 SPS=387 w_ev=0.903 m_ev=0.264 m_v_bias=-4.2 m_adv_std=12.4557 m_kl_max=0.0343 m_ratio_max=0.910 return=-237.9 length=200 success_rate=0.00 collisions/ep=1.89 (n=9)
update=289 global_step=591872 SPS=388 w_ev=0.970 m_ev=0.902 m_v_bias=-4.2 m_adv_std=4.1257 m_kl_max=0.0220 m_ratio_max=0.939 return=-151.6 length=200 success_rate=0.00 collisions/ep=0.10 (n=10)
update=290 global_step=593920 SPS=388 w_ev=0.979 m_ev=0.876 m_v_bias=-0.6 m_adv_std=5.1133 m_kl_max=0.0169 m_ratio_max=0.709 return=-148.9 length=200 success_rate=0.00 collisions/ep=0.00 (n=13)
Evaluation at update 290: return=-147.94, length=200.00, success_rate=0.00, collisions/ep=0.00
Solved-check at update 290: solved=False worst_gap=1169.03 at p_x0=2.00 p_y0=0.00 (consecutive=0)
update=291 global_step=595968 SPS=385 w_ev=0.884 m_ev=0.122 m_v_bias=10.0 m_adv_std=39.5063 m_kl_max=0.0195 m_ratio_max=0.528 return=-167.9 length=200 success_rate=0.00 collisions/ep=0.38 (n=8)
update=292 global_step=598016 SPS=386 w_ev=0.972 m_ev=0.923 m_v_bias=-3.4 m_adv_std=3.9385 m_kl_max=0.0226 m_ratio_max=0.648 return=-176.4 length=200 success_rate=0.00 collisions/ep=0.60 (n=10)
update=293 global_step=600064 SPS=387 w_ev=0.989 m_ev=0.853 m_v_bias=-0.8 m_adv_std=6.3948 m_kl_max=0.0282 m_ratio_max=1.187 return=-148.3 length=200 success_rate=0.00 collisions/ep=0.07 (n=14)
update=294 global_step=602112 SPS=387 w_ev=0.956 m_ev=0.409 m_v_bias=2.1 m_adv_std=15.4686 m_kl_max=0.0152 m_ratio_max=0.809 return=-154.7 length=200 success_rate=0.00 collisions/ep=0.12 (n=8)
update=295 global_step=604160 SPS=388 w_ev=0.979 m_ev=0.863 m_v_bias=-1.7 m_adv_std=5.0581 m_kl_max=0.0337 m_ratio_max=0.839 return=-170.9 length=200 success_rate=0.00 collisions/ep=0.44 (n=9)
Evaluation at update 295: return=-147.80, length=200.00, success_rate=0.00, collisions/ep=0.00
Solved-check at update 295: solved=False worst_gap=1168.83 at p_x0=2.00 p_y0=0.00 (consecutive=0)
update=296 global_step=606208 SPS=385 w_ev=0.976 m_ev=0.500 m_v_bias=0.9 m_adv_std=12.7612 m_kl_max=0.0420 m_ratio_max=1.524 return=-157.2 length=200 success_rate=0.00 collisions/ep=0.20 (n=10)
update=297 global_step=608256 SPS=386 w_ev=0.991 m_ev=0.970 m_v_bias=-2.0 m_adv_std=2.5559 m_kl_max=0.0248 m_ratio_max=0.826 return=-147.6 length=200 success_rate=0.00 collisions/ep=0.00 (n=13)
update=298 global_step=610304 SPS=387 w_ev=0.987 m_ev=0.987 m_v_bias=-1.3 m_adv_std=1.3942 m_kl_max=0.0242 m_ratio_max=1.358 return=-146.7 length=200 success_rate=0.00 collisions/ep=0.00 (n=8)
update=299 global_step=612352 SPS=387 w_ev=0.968 m_ev=0.462 m_v_bias=1.7 m_adv_std=15.5677 m_kl_max=0.0356 m_ratio_max=1.268 return=-168.0 length=200 success_rate=0.00 collisions/ep=0.33 (n=9)
update=300 global_step=614400 SPS=388 w_ev=0.759 m_ev=-0.064 m_v_bias=6.6 m_adv_std=46.7467 m_kl_max=0.0106 m_ratio_max=0.581 return=-179.9 length=200 success_rate=0.00 collisions/ep=0.67 (n=15)
Evaluation at update 300: return=-147.53, length=200.00, success_rate=0.00, collisions/ep=0.00
Solved-check at update 300: solved=False worst_gap=1168.92 at p_x0=2.00 p_y0=0.00 (consecutive=0)
update=301 global_step=616448 SPS=385 w_ev=0.948 m_ev=0.243 m_v_bias=-4.0 m_adv_std=14.0626 m_kl_max=0.0133 m_ratio_max=0.903 return=-152.7 length=200 success_rate=0.00 collisions/ep=0.12 (n=8)
update=302 global_step=618496 SPS=386 w_ev=0.965 m_ev=0.366 m_v_bias=2.3 m_adv_std=18.0669 m_kl_max=0.0590 m_ratio_max=4.026 return=-153.6 length=200 success_rate=0.00 collisions/ep=0.12 (n=8)
update=303 global_step=620544 SPS=387 w_ev=0.974 m_ev=0.708 m_v_bias=-1.8 m_adv_std=9.4050 m_kl_max=0.0062 m_ratio_max=0.362 return=-171.3 length=200 success_rate=0.00 collisions/ep=0.50 (n=10)
update=304 global_step=622592 SPS=387 w_ev=0.992 m_ev=0.984 m_v_bias=-1.8 m_adv_std=1.9252 m_kl_max=0.0107 m_ratio_max=0.517 return=-146.3 length=200 success_rate=0.00 collisions/ep=0.00 (n=14)
update=305 global_step=624640 SPS=388 w_ev=0.992 m_ev=0.994 m_v_bias=-1.2 m_adv_std=1.0216 m_kl_max=0.0231 m_ratio_max=0.694 return=-149.5 length=200 success_rate=0.00 collisions/ep=0.00 (n=8)
Evaluation at update 305: return=-146.95, length=200.00, success_rate=0.00, collisions/ep=0.00
Solved-check at update 305: solved=False worst_gap=1167.54 at p_x0=2.00 p_y0=0.00 (consecutive=0)
update=306 global_step=626688 SPS=385 w_ev=0.986 m_ev=0.996 m_v_bias=-0.7 m_adv_std=0.8027 m_kl_max=0.0231 m_ratio_max=0.660 return=-143.2 length=200 success_rate=0.00 collisions/ep=0.00 (n=9)
update=307 global_step=628736 SPS=386 w_ev=0.977 m_ev=0.543 m_v_bias=4.4 m_adv_std=14.2789 m_kl_max=0.0108 m_ratio_max=0.605 return=-152.0 length=200 success_rate=0.00 collisions/ep=0.10 (n=10)
update=308 global_step=630784 SPS=387 w_ev=0.983 m_ev=0.578 m_v_bias=1.6 m_adv_std=13.1796 m_kl_max=0.0152 m_ratio_max=0.538 return=-163.5 length=200 success_rate=0.00 collisions/ep=0.38 (n=13)
update=309 global_step=632832 SPS=388 w_ev=0.835 m_ev=0.102 m_v_bias=10.6 m_adv_std=57.9619 m_kl_max=0.0250 m_ratio_max=1.189 return=-217.9 length=200 success_rate=0.00 collisions/ep=1.50 (n=8)
update=310 global_step=634880 SPS=389 w_ev=0.977 m_ev=0.778 m_v_bias=-5.7 m_adv_std=7.0571 m_kl_max=0.0079 m_ratio_max=0.490 return=-144.6 length=200 success_rate=0.00 collisions/ep=0.00 (n=10)
Evaluation at update 310: return=-147.11, length=200.00, success_rate=0.00, collisions/ep=0.00
Solved-check at update 310: solved=False worst_gap=1167.43 at p_x0=2.00 p_y0=0.00 (consecutive=0)
update=311 global_step=636928 SPS=386 w_ev=0.784 m_ev=-0.142 m_v_bias=6.5 m_adv_std=48.0239 m_kl_max=0.0147 m_ratio_max=0.673 return=-203.7 length=200 success_rate=0.00 collisions/ep=1.07 (n=14)
update=312 global_step=638976 SPS=386 w_ev=0.955 m_ev=0.344 m_v_bias=-7.7 m_adv_std=11.8599 m_kl_max=0.0138 m_ratio_max=0.748 return=-160.6 length=200 success_rate=0.00 collisions/ep=0.25 (n=8)
update=313 global_step=641024 SPS=387 w_ev=0.984 m_ev=0.880 m_v_bias=-3.3 m_adv_std=4.5272 m_kl_max=0.0365 m_ratio_max=0.958 return=-153.3 length=200 success_rate=0.00 collisions/ep=0.11 (n=9)
update=314 global_step=643072 SPS=388 w_ev=0.987 m_ev=0.820 m_v_bias=0.5 m_adv_std=6.6623 m_kl_max=0.0205 m_ratio_max=0.768 return=-148.4 length=200 success_rate=0.00 collisions/ep=0.00 (n=10)
update=315 global_step=645120 SPS=389 w_ev=0.991 m_ev=0.989 m_v_bias=-0.6 m_adv_std=1.5365 m_kl_max=0.0293 m_ratio_max=1.317 return=-151.9 length=200 success_rate=0.00 collisions/ep=0.08 (n=13)
Evaluation at update 315: return=-147.26, length=200.00, success_rate=0.00, collisions/ep=0.00
Solved-check at update 315: solved=False worst_gap=1168.50 at p_x0=2.00 p_y0=0.00 (consecutive=0)
update=316 global_step=647168 SPS=386 w_ev=0.924 m_ev=0.207 m_v_bias=3.6 m_adv_std=21.3216 m_kl_max=0.0194 m_ratio_max=0.695 return=-161.2 length=200 success_rate=0.00 collisions/ep=0.25 (n=8)
update=317 global_step=649216 SPS=386 w_ev=0.981 m_ev=0.496 m_v_bias=-1.1 m_adv_std=11.6683 m_kl_max=0.0233 m_ratio_max=0.617 return=-173.0 length=200 success_rate=0.00 collisions/ep=0.50 (n=10)
update=318 global_step=651264 SPS=387 w_ev=0.959 m_ev=0.281 m_v_bias=6.1 m_adv_std=26.4288 m_kl_max=0.0229 m_ratio_max=0.725 return=-169.9 length=200 success_rate=0.00 collisions/ep=0.50 (n=14)
update=319 global_step=653312 SPS=388 w_ev=0.990 m_ev=0.919 m_v_bias=-2.9 m_adv_std=4.1429 m_kl_max=0.0198 m_ratio_max=0.701 return=-148.4 length=200 success_rate=0.00 collisions/ep=0.00 (n=8)
update=320 global_step=655360 SPS=389 w_ev=0.985 m_ev=0.915 m_v_bias=-2.7 m_adv_std=3.6376 m_kl_max=0.0116 m_ratio_max=0.668 return=-148.8 length=200 success_rate=0.00 collisions/ep=0.00 (n=9)
Evaluation at update 320: return=-148.90, length=200.00, success_rate=0.00, collisions/ep=0.00
Solved-check at update 320: solved=False worst_gap=1169.89 at p_x0=2.00 p_y0=0.00 (consecutive=0)
update=321 global_step=657408 SPS=386 w_ev=0.944 m_ev=0.311 m_v_bias=4.8 m_adv_std=23.4298 m_kl_max=0.0156 m_ratio_max=0.576 return=-169.0 length=200 success_rate=0.00 collisions/ep=0.40 (n=10)
update=322 global_step=659456 SPS=386 w_ev=0.987 m_ev=0.771 m_v_bias=-1.8 m_adv_std=7.7821 m_kl_max=0.0163 m_ratio_max=0.928 return=-155.2 length=200 success_rate=0.00 collisions/ep=0.15 (n=13)
update=323 global_step=661504 SPS=387 w_ev=0.985 m_ev=0.795 m_v_bias=-1.1 m_adv_std=6.4106 m_kl_max=0.0252 m_ratio_max=0.845 return=-154.5 length=200 success_rate=0.00 collisions/ep=0.12 (n=8)
update=324 global_step=663552 SPS=388 w_ev=0.987 m_ev=0.987 m_v_bias=-1.4 m_adv_std=1.4737 m_kl_max=0.0070 m_ratio_max=0.426 return=-149.1 length=200 success_rate=0.00 collisions/ep=0.00 (n=9)
update=325 global_step=665600 SPS=388 w_ev=0.991 m_ev=0.881 m_v_bias=-0.7 m_adv_std=4.8149 m_kl_max=0.0117 m_ratio_max=0.647 return=-150.8 length=200 success_rate=0.00 collisions/ep=0.07 (n=15)
Evaluation at update 325: return=-148.58, length=200.00, success_rate=0.00, collisions/ep=0.00
Solved-check at update 325: solved=False worst_gap=1169.22 at p_x0=2.00 p_y0=0.00 (consecutive=0)
update=326 global_step=667648 SPS=386 w_ev=0.992 m_ev=0.993 m_v_bias=-0.9 m_adv_std=1.2100 m_kl_max=0.0361 m_ratio_max=0.840 return=-146.3 length=200 success_rate=0.00 collisions/ep=0.00 (n=8)
update=327 global_step=669696 SPS=386 w_ev=0.982 m_ev=0.865 m_v_bias=-0.2 m_adv_std=4.7635 m_kl_max=0.0284 m_ratio_max=1.057 return=-155.4 length=200 success_rate=0.00 collisions/ep=0.12 (n=8)
update=328 global_step=671744 SPS=387 w_ev=0.991 m_ev=0.814 m_v_bias=0.4 m_adv_std=6.2344 m_kl_max=0.0383 m_ratio_max=1.745 return=-152.6 length=200 success_rate=0.00 collisions/ep=0.10 (n=10)
update=329 global_step=673792 SPS=388 w_ev=0.977 m_ev=0.413 m_v_bias=3.2 m_adv_std=18.2658 m_kl_max=0.0085 m_ratio_max=0.499 return=-154.5 length=200 success_rate=0.00 collisions/ep=0.21 (n=14)
update=330 global_step=675840 SPS=389 w_ev=0.974 m_ev=0.972 m_v_bias=-2.2 m_adv_std=2.2821 m_kl_max=0.0153 m_ratio_max=0.622 return=-146.3 length=200 success_rate=0.00 collisions/ep=0.00 (n=8)
Evaluation at update 330: return=-147.67, length=200.00, success_rate=0.00, collisions/ep=0.00
Solved-check at update 330: solved=False worst_gap=1166.39 at p_x0=2.00 p_y0=0.00 (consecutive=0)
update=331 global_step=677888 SPS=386 w_ev=0.984 m_ev=0.808 m_v_bias=0.1 m_adv_std=6.3554 m_kl_max=0.0412 m_ratio_max=0.905 return=-150.7 length=200 success_rate=0.00 collisions/ep=0.11 (n=9)
update=332 global_step=679936 SPS=386 w_ev=0.943 m_ev=0.295 m_v_bias=2.6 m_adv_std=25.8481 m_kl_max=0.0251 m_ratio_max=1.399 return=-171.6 length=200 success_rate=0.00 collisions/ep=0.50 (n=10)
update=333 global_step=681984 SPS=387 w_ev=0.994 m_ev=0.966 m_v_bias=-1.2 m_adv_std=2.9985 m_kl_max=0.0097 m_ratio_max=0.514 return=-146.1 length=200 success_rate=0.00 collisions/ep=0.00 (n=13)
update=334 global_step=684032 SPS=388 w_ev=0.984 m_ev=0.836 m_v_bias=-0.4 m_adv_std=5.9405 m_kl_max=0.0111 m_ratio_max=0.493 return=-144.6 length=200 success_rate=0.00 collisions/ep=0.00 (n=8)
update=335 global_step=686080 SPS=388 w_ev=0.983 m_ev=0.862 m_v_bias=-0.5 m_adv_std=5.2576 m_kl_max=0.0186 m_ratio_max=0.971 return=-155.3 length=200 success_rate=0.00 collisions/ep=0.20 (n=10)
Evaluation at update 335: return=-148.20, length=200.00, success_rate=0.00, collisions/ep=0.00
Solved-check at update 335: solved=False worst_gap=1168.05 at p_x0=2.00 p_y0=0.50 (consecutive=0)
update=336 global_step=688128 SPS=386 w_ev=0.995 m_ev=0.990 m_v_bias=-1.0 m_adv_std=1.4594 m_kl_max=0.0163 m_ratio_max=0.551 return=-149.8 length=200 success_rate=0.00 collisions/ep=0.00 (n=14)
update=337 global_step=690176 SPS=386 w_ev=0.992 m_ev=0.997 m_v_bias=-0.6 m_adv_std=0.8009 m_kl_max=0.0118 m_ratio_max=0.455 return=-144.9 length=200 success_rate=0.00 collisions/ep=0.00 (n=8)
update=338 global_step=692224 SPS=387 w_ev=0.990 m_ev=0.824 m_v_bias=0.7 m_adv_std=6.1695 m_kl_max=0.0252 m_ratio_max=0.711 return=-147.7 length=200 success_rate=0.00 collisions/ep=0.00 (n=9)
update=339 global_step=694272 SPS=388 w_ev=0.994 m_ev=0.997 m_v_bias=-0.6 m_adv_std=0.7549 m_kl_max=0.0207 m_ratio_max=0.708 return=-149.7 length=200 success_rate=0.00 collisions/ep=0.10 (n=10)
update=340 global_step=696320 SPS=388 w_ev=0.993 m_ev=0.865 m_v_bias=1.0 m_adv_std=6.4282 m_kl_max=0.0202 m_ratio_max=0.740 return=-147.7 length=200 success_rate=0.00 collisions/ep=0.08 (n=13)
Evaluation at update 340: return=-148.27, length=200.00, success_rate=0.00, collisions/ep=0.00
Solved-check at update 340: solved=False worst_gap=1167.93 at p_x0=2.00 p_y0=0.00 (consecutive=0)
update=341 global_step=698368 SPS=385 w_ev=0.991 m_ev=0.922 m_v_bias=-0.5 m_adv_std=3.6911 m_kl_max=0.0084 m_ratio_max=0.465 return=-155.6 length=200 success_rate=0.00 collisions/ep=0.12 (n=8)
update=342 global_step=700416 SPS=386 w_ev=0.993 m_ev=0.995 m_v_bias=-0.7 m_adv_std=0.8775 m_kl_max=0.0221 m_ratio_max=0.644 return=-147.2 length=200 success_rate=0.00 collisions/ep=0.00 (n=10)
update=343 global_step=702464 SPS=387 w_ev=0.991 m_ev=0.821 m_v_bias=0.4 m_adv_std=6.0518 m_kl_max=0.0157 m_ratio_max=0.813 return=-149.4 length=200 success_rate=0.00 collisions/ep=0.07 (n=14)
update=344 global_step=704512 SPS=388 w_ev=0.990 m_ev=0.840 m_v_bias=0.1 m_adv_std=6.6496 m_kl_max=0.0148 m_ratio_max=0.821 return=-151.1 length=200 success_rate=0.00 collisions/ep=0.12 (n=8)
update=345 global_step=706560 SPS=388 w_ev=0.991 m_ev=0.996 m_v_bias=-1.0 m_adv_std=0.8588 m_kl_max=0.0281 m_ratio_max=0.818 return=-146.7 length=200 success_rate=0.00 collisions/ep=0.00 (n=9)
Evaluation at update 345: return=-146.73, length=200.00, success_rate=0.00, collisions/ep=0.00
Solved-check at update 345: solved=False worst_gap=1165.81 at p_x0=2.00 p_y0=0.50 (consecutive=0)
update=346 global_step=708608 SPS=385 w_ev=0.990 m_ev=0.835 m_v_bias=0.3 m_adv_std=5.7821 m_kl_max=0.0169 m_ratio_max=0.617 return=-151.1 length=200 success_rate=0.00 collisions/ep=0.10 (n=10)
update=347 global_step=710656 SPS=386 w_ev=0.994 m_ev=0.994 m_v_bias=-1.0 m_adv_std=1.1325 m_kl_max=0.0329 m_ratio_max=1.229 return=-147.9 length=200 success_rate=0.00 collisions/ep=0.00 (n=13)
update=348 global_step=712704 SPS=387 w_ev=0.977 m_ev=0.630 m_v_bias=-0.1 m_adv_std=9.7346 m_kl_max=0.0069 m_ratio_max=0.360 return=-166.2 length=200 success_rate=0.00 collisions/ep=0.38 (n=8)
update=349 global_step=714752 SPS=387 w_ev=0.823 m_ev=0.047 m_v_bias=10.9 m_adv_std=44.4298 m_kl_max=0.0227 m_ratio_max=0.728 return=-249.7 length=200 success_rate=0.00 collisions/ep=2.11 (n=9)
update=350 global_step=716800 SPS=388 w_ev=0.918 m_ev=0.698 m_v_bias=-3.8 m_adv_std=8.4487 m_kl_max=0.0292 m_ratio_max=1.027 return=-150.5 length=200 success_rate=0.00 collisions/ep=0.07 (n=15)
Evaluation at update 350: return=-147.71, length=200.00, success_rate=0.00, collisions/ep=0.00
Solved-check at update 350: solved=False worst_gap=1166.41 at p_x0=2.00 p_y0=0.00 (consecutive=0)
update=351 global_step=718848 SPS=386 w_ev=0.986 m_ev=0.669 m_v_bias=0.5 m_adv_std=12.4118 m_kl_max=0.0344 m_ratio_max=0.901 return=-156.5 length=200 success_rate=0.00 collisions/ep=0.25 (n=8)
update=352 global_step=720896 SPS=386 w_ev=0.979 m_ev=0.981 m_v_bias=-2.1 m_adv_std=1.8541 m_kl_max=0.0249 m_ratio_max=1.534 return=-144.8 length=200 success_rate=0.00 collisions/ep=0.00 (n=8)
update=353 global_step=722944 SPS=387 w_ev=0.965 m_ev=0.860 m_v_bias=-0.9 m_adv_std=5.9690 m_kl_max=0.0368 m_ratio_max=1.664 return=-147.2 length=200 success_rate=0.00 collisions/ep=0.10 (n=10)
update=354 global_step=724992 SPS=388 w_ev=0.983 m_ev=0.795 m_v_bias=1.3 m_adv_std=8.5112 m_kl_max=0.0157 m_ratio_max=1.055 return=-151.6 length=200 success_rate=0.00 collisions/ep=0.14 (n=14)
update=355 global_step=727040 SPS=389 w_ev=0.986 m_ev=0.989 m_v_bias=-1.9 m_adv_std=1.4731 m_kl_max=0.0152 m_ratio_max=0.571 return=-145.4 length=200 success_rate=0.00 collisions/ep=0.00 (n=8)
Evaluation at update 355: return=-147.13, length=200.00, success_rate=0.00, collisions/ep=0.00
Solved-check at update 355: solved=False worst_gap=1166.54 at p_x0=2.00 p_y0=0.50 (consecutive=0)
update=356 global_step=729088 SPS=386 w_ev=0.990 m_ev=0.995 m_v_bias=-1.5 m_adv_std=0.9699 m_kl_max=0.0323 m_ratio_max=1.224 return=-144.7 length=200 success_rate=0.00 collisions/ep=0.00 (n=9)
update=357 global_step=731136 SPS=387 w_ev=0.784 m_ev=0.066 m_v_bias=21.9 m_adv_std=61.4681 m_kl_max=0.0080 m_ratio_max=0.389 return=-170.0 length=200 success_rate=0.00 collisions/ep=0.50 (n=10)
update=358 global_step=733184 SPS=387 w_ev=0.983 m_ev=0.515 m_v_bias=-5.1 m_adv_std=13.4908 m_kl_max=0.0161 m_ratio_max=0.679 return=-209.9 length=200 success_rate=0.00 collisions/ep=1.23 (n=13)
update=359 global_step=735232 SPS=388 w_ev=0.989 m_ev=0.900 m_v_bias=-7.2 m_adv_std=4.4204 m_kl_max=0.0302 m_ratio_max=1.742 return=-143.7 length=200 success_rate=0.00 collisions/ep=0.00 (n=8)
update=360 global_step=737280 SPS=389 w_ev=0.874 m_ev=0.112 m_v_bias=7.0 m_adv_std=41.9119 m_kl_max=0.0466 m_ratio_max=1.173 return=-180.4 length=200 success_rate=0.00 collisions/ep=0.70 (n=10)
Evaluation at update 360: return=-146.93, length=200.00, success_rate=0.00, collisions/ep=0.00
Solved-check at update 360: solved=False worst_gap=1167.61 at p_x0=2.00 p_y0=0.50 (consecutive=0)
update=361 global_step=739328 SPS=386 w_ev=0.988 m_ev=0.832 m_v_bias=-5.1 m_adv_std=6.9543 m_kl_max=0.0113 m_ratio_max=0.661 return=-154.8 length=200 success_rate=0.00 collisions/ep=0.14 (n=14)
update=362 global_step=741376 SPS=387 w_ev=0.991 m_ev=0.967 m_v_bias=-3.7 m_adv_std=2.7286 m_kl_max=0.0058 m_ratio_max=0.403 return=-141.3 length=200 success_rate=0.00 collisions/ep=0.00 (n=8)
update=363 global_step=743424 SPS=387 w_ev=0.987 m_ev=0.794 m_v_bias=-1.0 m_adv_std=6.4825 m_kl_max=0.0366 m_ratio_max=0.901 return=-147.9 length=200 success_rate=0.00 collisions/ep=0.00 (n=9)
update=364 global_step=745472 SPS=388 w_ev=0.990 m_ev=0.988 m_v_bias=-2.2 m_adv_std=1.6323 m_kl_max=0.0128 m_ratio_max=0.506 return=-153.4 length=200 success_rate=0.00 collisions/ep=0.10 (n=10)
update=365 global_step=747520 SPS=389 w_ev=0.992 m_ev=0.843 m_v_bias=0.1 m_adv_std=6.6256 m_kl_max=0.0402 m_ratio_max=0.911 return=-147.8 length=200 success_rate=0.00 collisions/ep=0.08 (n=13)
Evaluation at update 365: return=-147.03, length=200.00, success_rate=0.00, collisions/ep=0.00
Solved-check at update 365: solved=False worst_gap=1166.24 at p_x0=2.00 p_y0=0.50 (consecutive=0)
update=366 global_step=749568 SPS=386 w_ev=0.987 m_ev=0.757 m_v_bias=1.5 m_adv_std=8.6144 m_kl_max=0.0104 m_ratio_max=0.937 return=-158.8 length=200 success_rate=0.00 collisions/ep=0.25 (n=8)
update=367 global_step=751616 SPS=387 w_ev=0.981 m_ev=0.600 m_v_bias=4.3 m_adv_std=12.5061 m_kl_max=0.0239 m_ratio_max=1.448 return=-164.8 length=200 success_rate=0.00 collisions/ep=0.40 (n=10)
update=368 global_step=753664 SPS=387 w_ev=0.990 m_ev=0.768 m_v_bias=-0.2 m_adv_std=8.4712 m_kl_max=0.0223 m_ratio_max=1.108 return=-156.6 length=200 success_rate=0.00 collisions/ep=0.21 (n=14)
update=369 global_step=755712 SPS=388 w_ev=0.932 m_ev=0.153 m_v_bias=7.0 m_adv_std=36.4458 m_kl_max=0.0179 m_ratio_max=0.869 return=-194.5 length=200 success_rate=0.00 collisions/ep=1.00 (n=8)
update=370 global_step=757760 SPS=389 w_ev=0.981 m_ev=0.603 m_v_bias=0.0 m_adv_std=11.4416 m_kl_max=0.0212 m_ratio_max=1.155 return=-156.1 length=200 success_rate=0.00 collisions/ep=0.22 (n=9)
Evaluation at update 370: return=-148.21, length=200.00, success_rate=0.00, collisions/ep=0.00
Solved-check at update 370: solved=False worst_gap=1167.31 at p_x0=2.00 p_y0=0.50 (consecutive=0)
update=371 global_step=759808 SPS=386 w_ev=0.990 m_ev=0.954 m_v_bias=-4.5 m_adv_std=2.9377 m_kl_max=0.0341 m_ratio_max=0.794 return=-154.4 length=200 success_rate=0.00 collisions/ep=0.20 (n=10)
update=372 global_step=761856 SPS=387 w_ev=0.981 m_ev=0.473 m_v_bias=1.4 m_adv_std=17.9897 m_kl_max=0.0292 m_ratio_max=0.806 return=-160.8 length=200 success_rate=0.00 collisions/ep=0.23 (n=13)
update=373 global_step=763904 SPS=387 w_ev=0.978 m_ev=0.879 m_v_bias=-2.2 m_adv_std=4.9734 m_kl_max=0.0077 m_ratio_max=0.458 return=-153.6 length=200 success_rate=0.00 collisions/ep=0.12 (n=8)
update=374 global_step=765952 SPS=388 w_ev=0.988 m_ev=0.810 m_v_bias=-0.6 m_adv_std=6.5009 m_kl_max=0.0139 m_ratio_max=0.475 return=-155.4 length=200 success_rate=0.00 collisions/ep=0.11 (n=9)
update=375 global_step=768000 SPS=389 w_ev=0.991 m_ev=0.988 m_v_bias=-1.8 m_adv_std=1.4893 m_kl_max=0.0139 m_ratio_max=0.519 return=-149.4 length=200 success_rate=0.00 collisions/ep=0.00 (n=15)
Evaluation at update 375: return=-148.60, length=200.00, success_rate=0.00, collisions/ep=0.00
Solved-check at update 375: solved=False worst_gap=1167.79 at p_x0=2.00 p_y0=0.50 (consecutive=0)
update=376 global_step=770048 SPS=386 w_ev=0.966 m_ev=0.480 m_v_bias=1.1 m_adv_std=14.4771 m_kl_max=0.0102 m_ratio_max=0.520 return=-180.2 length=200 success_rate=0.00 collisions/ep=0.62 (n=8)
update=377 global_step=772096 SPS=387 w_ev=0.988 m_ev=0.979 m_v_bias=-2.2 m_adv_std=1.8163 m_kl_max=0.0158 m_ratio_max=0.663 return=-149.2 length=200 success_rate=0.00 collisions/ep=0.00 (n=8)
update=378 global_step=774144 SPS=387 w_ev=0.991 m_ev=0.802 m_v_bias=0.5 m_adv_std=6.3409 m_kl_max=0.0305 m_ratio_max=1.038 return=-151.5 length=200 success_rate=0.00 collisions/ep=0.10 (n=10)
update=379 global_step=776192 SPS=388 w_ev=0.992 m_ev=0.989 m_v_bias=-1.0 m_adv_std=1.4471 m_kl_max=0.0224 m_ratio_max=0.920 return=-149.1 length=200 success_rate=0.00 collisions/ep=0.00 (n=14)
update=380 global_step=778240 SPS=389 w_ev=0.992 m_ev=0.994 m_v_bias=-0.9 m_adv_std=0.9688 m_kl_max=0.0359 m_ratio_max=0.696 return=-150.2 length=200 success_rate=0.00 collisions/ep=0.00 (n=8)
Evaluation at update 380: return=-148.07, length=200.00, success_rate=0.00, collisions/ep=0.00
Solved-check at update 380: solved=False worst_gap=1167.62 at p_x0=2.00 p_y0=0.50 (consecutive=0)
update=381 global_step=780288 SPS=386 w_ev=0.987 m_ev=0.726 m_v_bias=2.6 m_adv_std=8.7933 m_kl_max=0.0121 m_ratio_max=0.929 return=-152.9 length=200 success_rate=0.00 collisions/ep=0.11 (n=9)
update=382 global_step=782336 SPS=387 w_ev=0.991 m_ev=0.767 m_v_bias=1.2 m_adv_std=8.3877 m_kl_max=0.0111 m_ratio_max=0.813 return=-160.8 length=200 success_rate=0.00 collisions/ep=0.30 (n=10)
update=383 global_step=784384 SPS=388 w_ev=0.993 m_ev=0.989 m_v_bias=-1.5 m_adv_std=1.6423 m_kl_max=0.0198 m_ratio_max=0.624 return=-145.1 length=200 success_rate=0.00 collisions/ep=0.00 (n=13)
update=384 global_step=786432 SPS=388 w_ev=0.975 m_ev=0.436 m_v_bias=2.7 m_adv_std=18.0179 m_kl_max=0.0110 m_ratio_max=0.433 return=-162.9 length=200 success_rate=0.00 collisions/ep=0.38 (n=8)
update=385 global_step=788480 SPS=389 w_ev=0.988 m_ev=0.829 m_v_bias=-0.1 m_adv_std=6.5609 m_kl_max=0.0175 m_ratio_max=0.743 return=-149.2 length=200 success_rate=0.00 collisions/ep=0.10 (n=10)
Evaluation at update 385: return=-148.30, length=200.00, success_rate=0.00, collisions/ep=0.00
Solved-check at update 385: solved=False worst_gap=1167.70 at p_x0=2.00 p_y0=0.00 (consecutive=0)
update=386 global_step=790528 SPS=386 w_ev=0.988 m_ev=0.987 m_v_bias=-1.8 m_adv_std=1.8342 m_kl_max=0.0211 m_ratio_max=0.840 return=-147.8 length=200 success_rate=0.00 collisions/ep=0.00 (n=14)
update=387 global_step=792576 SPS=387 w_ev=0.956 m_ev=0.183 m_v_bias=6.8 m_adv_std=21.0405 m_kl_max=0.0243 m_ratio_max=0.594 return=-153.0 length=200 success_rate=0.00 collisions/ep=0.25 (n=8)
update=388 global_step=794624 SPS=388 w_ev=0.988 m_ev=0.694 m_v_bias=-3.1 m_adv_std=8.7036 m_kl_max=0.0128 m_ratio_max=0.496 return=-181.1 length=200 success_rate=0.00 collisions/ep=0.78 (n=9)
update=389 global_step=796672 SPS=388 w_ev=0.994 m_ev=0.965 m_v_bias=-2.3 m_adv_std=2.6920 m_kl_max=0.0170 m_ratio_max=0.718 return=-146.1 length=200 success_rate=0.00 collisions/ep=0.00 (n=10)
update=390 global_step=798720 SPS=389 w_ev=0.996 m_ev=0.993 m_v_bias=-1.1 m_adv_std=1.3672 m_kl_max=0.0349 m_ratio_max=1.577 return=-144.1 length=200 success_rate=0.00 collisions/ep=0.00 (n=13)
Evaluation at update 390: return=-147.85, length=200.00, success_rate=0.00, collisions/ep=0.00
Solved-check at update 390: solved=False worst_gap=1167.33 at p_x0=2.00 p_y0=0.50 (consecutive=0)
update=391 global_step=800768 SPS=386 w_ev=0.956 m_ev=0.304 m_v_bias=5.6 m_adv_std=24.8751 m_kl_max=0.0133 m_ratio_max=0.628 return=-169.8 length=200 success_rate=0.00 collisions/ep=0.50 (n=8)
update=392 global_step=802816 SPS=387 w_ev=0.932 m_ev=0.114 m_v_bias=3.8 m_adv_std=23.7337 m_kl_max=0.0221 m_ratio_max=0.638 return=-170.8 length=200 success_rate=0.00 collisions/ep=0.50 (n=10)
update=393 global_step=804864 SPS=387 w_ev=0.990 m_ev=0.823 m_v_bias=-4.9 m_adv_std=6.0633 m_kl_max=0.0330 m_ratio_max=0.694 return=-154.0 length=200 success_rate=0.00 collisions/ep=0.14 (n=14)
update=394 global_step=806912 SPS=388 w_ev=0.597 m_ev=-0.075 m_v_bias=19.6 m_adv_std=75.2267 m_kl_max=0.0300 m_ratio_max=0.760 return=-243.8 length=200 success_rate=0.00 collisions/ep=2.00 (n=8)
update=395 global_step=808960 SPS=389 w_ev=0.963 m_ev=-1.036 m_v_bias=-11.4 m_adv_std=17.8780 m_kl_max=0.0386 m_ratio_max=0.732 return=-193.1 length=200 success_rate=0.00 collisions/ep=1.00 (n=9)
Evaluation at update 395: return=-148.24, length=200.00, success_rate=0.00, collisions/ep=0.00
Solved-check at update 395: solved=False worst_gap=1167.70 at p_x0=2.00 p_y0=0.00 (consecutive=0)
update=396 global_step=811008 SPS=386 w_ev=0.987 m_ev=0.887 m_v_bias=-4.1 m_adv_std=4.8942 m_kl_max=0.0399 m_ratio_max=1.595 return=-145.4 length=200 success_rate=0.00 collisions/ep=0.00 (n=10)
update=397 global_step=813056 SPS=387 w_ev=0.994 m_ev=0.976 m_v_bias=-1.6 m_adv_std=2.4316 m_kl_max=0.0197 m_ratio_max=0.537 return=-145.3 length=200 success_rate=0.00 collisions/ep=0.00 (n=13)
update=398 global_step=815104 SPS=388 w_ev=0.989 m_ev=0.984 m_v_bias=-1.0 m_adv_std=1.7058 m_kl_max=0.0158 m_ratio_max=0.808 return=-144.4 length=200 success_rate=0.00 collisions/ep=0.00 (n=8)
update=399 global_step=817152 SPS=388 w_ev=0.966 m_ev=0.296 m_v_bias=4.5 m_adv_std=18.8920 m_kl_max=0.0282 m_ratio_max=1.065 return=-145.8 length=200 success_rate=0.00 collisions/ep=0.00 (n=9)
update=400 global_step=819200 SPS=389 w_ev=0.972 m_ev=0.405 m_v_bias=2.5 m_adv_std=16.5531 m_kl_max=0.0094 m_ratio_max=0.446 return=-178.2 length=200 success_rate=0.00 collisions/ep=0.60 (n=15)
Evaluation at update 400: return=-147.68, length=200.00, success_rate=0.00, collisions/ep=0.00
Solved-check at update 400: solved=False worst_gap=1166.99 at p_x0=2.00 p_y0=0.00 (consecutive=0)
update=401 global_step=821248 SPS=386 w_ev=0.982 m_ev=0.595 m_v_bias=0.5 m_adv_std=13.6983 m_kl_max=0.0089 m_ratio_max=0.401 return=-163.1 length=200 success_rate=0.00 collisions/ep=0.38 (n=8)
update=402 global_step=823296 SPS=387 w_ev=0.988 m_ev=0.903 m_v_bias=-3.4 m_adv_std=4.2619 m_kl_max=0.0220 m_ratio_max=0.604 return=-152.8 length=200 success_rate=0.00 collisions/ep=0.12 (n=8)
update=403 global_step=825344 SPS=388 w_ev=0.992 m_ev=0.980 m_v_bias=-2.5 m_adv_std=1.9145 m_kl_max=0.0175 m_ratio_max=0.593 return=-146.3 length=200 success_rate=0.00 collisions/ep=0.00 (n=10)
update=404 global_step=827392 SPS=388 w_ev=0.974 m_ev=0.365 m_v_bias=7.9 m_adv_std=19.0522 m_kl_max=0.0241 m_ratio_max=0.811 return=-177.0 length=200 success_rate=0.00 collisions/ep=0.57 (n=14)
update=405 global_step=829440 SPS=389 w_ev=0.872 m_ev=0.104 m_v_bias=5.8 m_adv_std=44.4955 m_kl_max=0.0162 m_ratio_max=0.728 return=-210.0 length=200 success_rate=0.00 collisions/ep=1.25 (n=8)
Evaluation at update 405: return=-147.59, length=200.00, success_rate=0.00, collisions/ep=0.00
Solved-check at update 405: solved=False worst_gap=1166.82 at p_x0=2.00 p_y0=0.00 (consecutive=0)
update=406 global_step=831488 SPS=387 w_ev=0.963 m_ev=0.704 m_v_bias=-5.3 m_adv_std=9.7491 m_kl_max=0.0116 m_ratio_max=0.527 return=-158.4 length=200 success_rate=0.00 collisions/ep=0.22 (n=9)
update=407 global_step=833536 SPS=387 w_ev=0.977 m_ev=0.652 m_v_bias=-1.9 m_adv_std=12.3703 m_kl_max=0.0084 m_ratio_max=0.543 return=-160.9 length=200 success_rate=0.00 collisions/ep=0.30 (n=10)
update=408 global_step=835584 SPS=388 w_ev=0.990 m_ev=0.798 m_v_bias=-2.9 m_adv_std=7.4761 m_kl_max=0.0114 m_ratio_max=0.590 return=-147.3 length=200 success_rate=0.00 collisions/ep=0.00 (n=13)
update=409 global_step=837632 SPS=388 w_ev=0.959 m_ev=0.300 m_v_bias=2.6 m_adv_std=24.7049 m_kl_max=0.0161 m_ratio_max=0.685 return=-179.4 length=200 success_rate=0.00 collisions/ep=0.62 (n=8)
update=410 global_step=839680 SPS=389 w_ev=0.979 m_ev=0.961 m_v_bias=-2.7 m_adv_std=2.9129 m_kl_max=0.0235 m_ratio_max=0.604 return=-144.3 length=200 success_rate=0.00 collisions/ep=0.00 (n=10)
Evaluation at update 410: return=-148.02, length=200.00, success_rate=0.00, collisions/ep=0.00
Solved-check at update 410: solved=False worst_gap=1166.18 at p_x0=2.00 p_y0=0.50 (consecutive=0)
update=411 global_step=841728 SPS=386 w_ev=0.993 m_ev=0.856 m_v_bias=-0.8 m_adv_std=6.6149 m_kl_max=0.0100 m_ratio_max=0.702 return=-148.3 length=200 success_rate=0.00 collisions/ep=0.07 (n=14)
update=412 global_step=843776 SPS=387 w_ev=0.994 m_ev=0.985 m_v_bias=-1.4 m_adv_std=1.8250 m_kl_max=0.0129 m_ratio_max=0.464 return=-146.0 length=200 success_rate=0.00 collisions/ep=0.00 (n=8)
update=413 global_step=845824 SPS=387 w_ev=0.992 m_ev=0.989 m_v_bias=-1.6 m_adv_std=1.3798 m_kl_max=0.0215 m_ratio_max=0.748 return=-144.1 length=200 success_rate=0.00 collisions/ep=0.00 (n=9)
update=414 global_step=847872 SPS=388 w_ev=0.992 m_ev=0.792 m_v_bias=1.2 m_adv_std=7.9251 m_kl_max=0.0145 m_ratio_max=0.733 return=-151.7 length=200 success_rate=0.00 collisions/ep=0.10 (n=10)
update=415 global_step=849920 SPS=388 w_ev=0.994 m_ev=0.862 m_v_bias=0.4 m_adv_std=6.4142 m_kl_max=0.0211 m_ratio_max=0.871 return=-152.8 length=200 success_rate=0.00 collisions/ep=0.15 (n=13)
Evaluation at update 415: return=-148.65, length=200.00, success_rate=0.00, collisions/ep=0.00
Solved-check at update 415: solved=False worst_gap=1168.14 at p_x0=2.00 p_y0=0.00 (consecutive=0)
update=416 global_step=851968 SPS=386 w_ev=0.989 m_ev=0.989 m_v_bias=-1.1 m_adv_std=1.2703 m_kl_max=0.0229 m_ratio_max=0.639 return=-144.9 length=200 success_rate=0.00 collisions/ep=0.00 (n=8)
update=417 global_step=854016 SPS=387 w_ev=0.995 m_ev=0.995 m_v_bias=-1.2 m_adv_std=0.9961 m_kl_max=0.0370 m_ratio_max=1.070 return=-150.3 length=200 success_rate=0.00 collisions/ep=0.00 (n=10)
update=418 global_step=856064 SPS=387 w_ev=0.994 m_ev=0.862 m_v_bias=0.9 m_adv_std=6.0258 m_kl_max=0.0135 m_ratio_max=0.570 return=-146.8 length=200 success_rate=0.00 collisions/ep=0.07 (n=14)
update=419 global_step=858112 SPS=388 w_ev=0.989 m_ev=0.955 m_v_bias=-0.6 m_adv_std=3.2815 m_kl_max=0.0133 m_ratio_max=0.625 return=-150.8 length=200 success_rate=0.00 collisions/ep=0.12 (n=8)
update=420 global_step=860160 SPS=388 w_ev=0.987 m_ev=0.811 m_v_bias=0.2 m_adv_std=5.8099 m_kl_max=0.0250 m_ratio_max=0.861 return=-145.3 length=200 success_rate=0.00 collisions/ep=0.00 (n=9)
Evaluation at update 420: return=-148.67, length=200.00, success_rate=0.00, collisions/ep=0.00
Solved-check at update 420: solved=False worst_gap=1168.04 at p_x0=2.00 p_y0=0.00 (consecutive=0)
update=421 global_step=862208 SPS=386 w_ev=0.993 m_ev=0.993 m_v_bias=-0.8 m_adv_std=1.2259 m_kl_max=0.0231 m_ratio_max=0.665 return=-151.8 length=200 success_rate=0.00 collisions/ep=0.10 (n=10)
update=422 global_step=864256 SPS=387 w_ev=0.977 m_ev=0.406 m_v_bias=5.9 m_adv_std=20.5483 m_kl_max=0.0172 m_ratio_max=0.512 return=-165.8 length=200 success_rate=0.00 collisions/ep=0.38 (n=13)
update=423 global_step=866304 SPS=387 w_ev=0.991 m_ev=0.949 m_v_bias=-3.3 m_adv_std=3.1038 m_kl_max=0.0094 m_ratio_max=0.431 return=-145.4 length=200 success_rate=0.00 collisions/ep=0.00 (n=8)
update=424 global_step=868352 SPS=388 w_ev=0.979 m_ev=0.617 m_v_bias=0.2 m_adv_std=11.9700 m_kl_max=0.0214 m_ratio_max=0.625 return=-155.8 length=200 success_rate=0.00 collisions/ep=0.22 (n=9)
update=425 global_step=870400 SPS=389 w_ev=0.992 m_ev=0.983 m_v_bias=-2.0 m_adv_std=2.0109 m_kl_max=0.0166 m_ratio_max=0.498 return=-142.0 length=200 success_rate=0.00 collisions/ep=0.00 (n=15)
Evaluation at update 425: return=-148.04, length=200.00, success_rate=0.00, collisions/ep=0.00
Solved-check at update 425: solved=False worst_gap=1167.63 at p_x0=2.00 p_y0=0.50 (consecutive=0)
update=426 global_step=872448 SPS=386 w_ev=0.909 m_ev=0.097 m_v_bias=6.7 m_adv_std=41.7885 m_kl_max=0.0089 m_ratio_max=0.497 return=-195.0 length=200 success_rate=0.00 collisions/ep=1.00 (n=8)
update=427 global_step=874496 SPS=387 w_ev=0.965 m_ev=0.527 m_v_bias=-0.2 m_adv_std=11.8871 m_kl_max=0.0181 m_ratio_max=0.807 return=-166.1 length=200 success_rate=0.00 collisions/ep=0.38 (n=8)
update=428 global_step=876544 SPS=387 w_ev=0.984 m_ev=0.606 m_v_bias=-0.4 m_adv_std=12.4207 m_kl_max=0.0263 m_ratio_max=0.760 return=-153.0 length=200 success_rate=0.00 collisions/ep=0.10 (n=10)
update=429 global_step=878592 SPS=388 w_ev=0.991 m_ev=0.855 m_v_bias=-2.0 m_adv_std=5.9075 m_kl_max=0.0283 m_ratio_max=1.265 return=-157.7 length=200 success_rate=0.00 collisions/ep=0.21 (n=14)
update=430 global_step=880640 SPS=388 w_ev=0.984 m_ev=0.868 m_v_bias=-2.0 m_adv_std=5.1722 m_kl_max=0.0710 m_ratio_max=1.523 return=-156.1 length=200 success_rate=0.00 collisions/ep=0.12 (n=8)
Evaluation at update 430: return=-148.08, length=200.00, success_rate=0.00, collisions/ep=0.00
Solved-check at update 430: solved=False worst_gap=1167.55 at p_x0=2.00 p_y0=0.50 (consecutive=0)
update=431 global_step=882688 SPS=386 w_ev=0.989 m_ev=0.994 m_v_bias=-1.5 m_adv_std=0.9985 m_kl_max=0.0359 m_ratio_max=1.492 return=-146.2 length=200 success_rate=0.00 collisions/ep=0.00 (n=9)
update=432 global_step=884736 SPS=387 w_ev=0.991 m_ev=0.994 m_v_bias=-1.4 m_adv_std=1.0204 m_kl_max=0.0406 m_ratio_max=1.017 return=-148.1 length=200 success_rate=0.00 collisions/ep=0.00 (n=10)
update=433 global_step=886784 SPS=387 w_ev=0.981 m_ev=0.596 m_v_bias=6.3 m_adv_std=15.5285 m_kl_max=0.0071 m_ratio_max=0.405 return=-167.1 length=200 success_rate=0.00 collisions/ep=0.38 (n=13)
update=434 global_step=888832 SPS=388 w_ev=0.982 m_ev=0.674 m_v_bias=-1.1 m_adv_std=8.8043 m_kl_max=0.0226 m_ratio_max=0.891 return=-147.3 length=200 success_rate=0.00 collisions/ep=0.00 (n=8)
update=435 global_step=890880 SPS=388 w_ev=0.991 m_ev=0.819 m_v_bias=-2.3 m_adv_std=6.9618 m_kl_max=0.0192 m_ratio_max=0.649 return=-160.7 length=200 success_rate=0.00 collisions/ep=0.30 (n=10)
Evaluation at update 435: return=-147.29, length=200.00, success_rate=0.00, collisions/ep=0.00
Solved-check at update 435: solved=False worst_gap=1166.71 at p_x0=2.00 p_y0=0.50 (consecutive=0)
update=436 global_step=892928 SPS=386 w_ev=0.934 m_ev=0.196 m_v_bias=8.9 m_adv_std=36.6308 m_kl_max=0.0097 m_ratio_max=0.442 return=-174.2 length=200 success_rate=0.00 collisions/ep=0.64 (n=14)
update=437 global_step=894976 SPS=387 w_ev=0.984 m_ev=0.967 m_v_bias=-5.3 m_adv_std=2.7418 m_kl_max=0.0213 m_ratio_max=0.723 return=-143.8 length=200 success_rate=0.00 collisions/ep=0.00 (n=8)
update=438 global_step=897024 SPS=387 w_ev=0.974 m_ev=0.463 m_v_bias=2.6 m_adv_std=16.3199 m_kl_max=0.0102 m_ratio_max=0.538 return=-169.2 length=200 success_rate=0.00 collisions/ep=0.44 (n=9)
update=439 global_step=899072 SPS=388 w_ev=0.992 m_ev=0.977 m_v_bias=-3.5 m_adv_std=2.4916 m_kl_max=0.0182 m_ratio_max=0.656 return=-143.7 length=200 success_rate=0.00 collisions/ep=0.00 (n=10)
update=440 global_step=901120 SPS=388 w_ev=0.951 m_ev=0.235 m_v_bias=3.9 m_adv_std=30.0662 m_kl_max=0.0254 m_ratio_max=0.972 return=-165.6 length=200 success_rate=0.00 collisions/ep=0.38 (n=13)
Evaluation at update 440: return=-147.51, length=200.00, success_rate=0.00, collisions/ep=0.00
Solved-check at update 440: solved=False worst_gap=1166.93 at p_x0=2.00 p_y0=0.50 (consecutive=0)
update=441 global_step=903168 SPS=386 w_ev=0.965 m_ev=0.771 m_v_bias=-2.6 m_adv_std=7.4863 m_kl_max=0.0116 m_ratio_max=0.679 return=-150.6 length=200 success_rate=0.00 collisions/ep=0.12 (n=8)
update=442 global_step=905216 SPS=387 w_ev=0.982 m_ev=0.986 m_v_bias=-2.6 m_adv_std=1.6805 m_kl_max=0.0119 m_ratio_max=0.890 return=-145.6 length=200 success_rate=0.00 collisions/ep=0.00 (n=10)
update=443 global_step=907264 SPS=387 w_ev=0.989 m_ev=0.742 m_v_bias=1.2 m_adv_std=9.4325 m_kl_max=0.0217 m_ratio_max=0.601 return=-158.3 length=200 success_rate=0.00 collisions/ep=0.21 (n=14)
update=444 global_step=909312 SPS=388 w_ev=0.994 m_ev=0.973 m_v_bias=-1.4 m_adv_std=2.5649 m_kl_max=0.0142 m_ratio_max=0.662 return=-146.1 length=200 success_rate=0.00 collisions/ep=0.00 (n=8)
update=445 global_step=911360 SPS=388 w_ev=0.991 m_ev=0.990 m_v_bias=-1.6 m_adv_std=1.2080 m_kl_max=0.0313 m_ratio_max=0.793 return=-145.0 length=200 success_rate=0.00 collisions/ep=0.00 (n=9)
Evaluation at update 445: return=-147.21, length=200.00, success_rate=0.00, collisions/ep=0.00
Solved-check at update 445: solved=False worst_gap=1167.12 at p_x0=2.00 p_y0=0.50 (consecutive=0)
update=446 global_step=913408 SPS=386 w_ev=0.986 m_ev=0.576 m_v_bias=1.6 m_adv_std=11.4412 m_kl_max=0.0428 m_ratio_max=1.652 return=-160.7 length=200 success_rate=0.00 collisions/ep=0.20 (n=10)
update=447 global_step=915456 SPS=387 w_ev=0.994 m_ev=0.908 m_v_bias=-1.1 m_adv_std=5.0006 m_kl_max=0.0191 m_ratio_max=0.652 return=-150.1 length=200 success_rate=0.00 collisions/ep=0.08 (n=13)
update=448 global_step=917504 SPS=387 w_ev=0.993 m_ev=0.993 m_v_bias=-0.9 m_adv_std=1.1601 m_kl_max=0.0410 m_ratio_max=1.534 return=-146.9 length=200 success_rate=0.00 collisions/ep=0.00 (n=8)
update=449 global_step=919552 SPS=388 w_ev=0.993 m_ev=0.996 m_v_bias=-0.8 m_adv_std=0.8548 m_kl_max=0.0383 m_ratio_max=0.634 return=-145.6 length=200 success_rate=0.00 collisions/ep=0.00 (n=9)
update=450 global_step=921600 SPS=388 w_ev=0.987 m_ev=0.499 m_v_bias=3.1 m_adv_std=15.0088 m_kl_max=0.0149 m_ratio_max=0.484 return=-154.7 length=200 success_rate=0.00 collisions/ep=0.20 (n=15)
Evaluation at update 450: return=-147.23, length=200.00, success_rate=0.00, collisions/ep=0.00
Solved-check at update 450: solved=False worst_gap=1166.86 at p_x0=2.00 p_y0=0.50 (consecutive=0)
update=451 global_step=923648 SPS=386 w_ev=0.996 m_ev=0.970 m_v_bias=-1.6 m_adv_std=2.6343 m_kl_max=0.0131 m_ratio_max=0.825 return=-143.1 length=200 success_rate=0.00 collisions/ep=0.00 (n=8)
update=452 global_step=925696 SPS=387 w_ev=0.948 m_ev=0.279 m_v_bias=4.5 m_adv_std=20.8534 m_kl_max=0.0156 m_ratio_max=0.786 return=-173.1 length=200 success_rate=0.00 collisions/ep=0.50 (n=8)
update=453 global_step=927744 SPS=387 w_ev=0.985 m_ev=0.967 m_v_bias=-3.5 m_adv_std=2.4404 m_kl_max=0.0170 m_ratio_max=0.692 return=-152.3 length=200 success_rate=0.00 collisions/ep=0.20 (n=10)
update=454 global_step=929792 SPS=388 w_ev=0.994 m_ev=0.992 m_v_bias=-1.7 m_adv_std=1.3972 m_kl_max=0.0361 m_ratio_max=0.799 return=-147.0 length=200 success_rate=0.00 collisions/ep=0.00 (n=14)
update=455 global_step=931840 SPS=388 w_ev=0.604 m_ev=-0.042 m_v_bias=7.8 m_adv_std=63.7288 m_kl_max=0.0255 m_ratio_max=0.738 return=-145.4 length=200 success_rate=0.00 collisions/ep=0.00 (n=8)
Evaluation at update 455: return=-147.34, length=200.00, success_rate=0.00, collisions/ep=0.00
Solved-check at update 455: solved=False worst_gap=1167.28 at p_x0=2.00 p_y0=0.50 (consecutive=0)
update=456 global_step=933888 SPS=386 w_ev=0.955 m_ev=0.284 m_v_bias=2.8 m_adv_std=20.1789 m_kl_max=0.0284 m_ratio_max=1.131 return=-223.5 length=200 success_rate=0.00 collisions/ep=1.56 (n=9)
update=457 global_step=935936 SPS=387 w_ev=0.971 m_ev=0.497 m_v_bias=0.6 m_adv_std=14.0084 m_kl_max=0.0219 m_ratio_max=0.737 return=-182.8 length=200 success_rate=0.00 collisions/ep=0.70 (n=10)
update=458 global_step=937984 SPS=387 w_ev=0.986 m_ev=0.966 m_v_bias=-2.7 m_adv_std=2.9928 m_kl_max=0.0219 m_ratio_max=0.756 return=-146.2 length=200 success_rate=0.00 collisions/ep=0.00 (n=13)
update=459 global_step=940032 SPS=388 w_ev=0.989 m_ev=0.986 m_v_bias=-2.0 m_adv_std=1.6492 m_kl_max=0.0407 m_ratio_max=1.231 return=-142.2 length=200 success_rate=0.00 collisions/ep=0.00 (n=8)
update=460 global_step=942080 SPS=388 w_ev=0.989 m_ev=0.749 m_v_bias=1.2 m_adv_std=8.6277 m_kl_max=0.0313 m_ratio_max=1.260 return=-148.2 length=200 success_rate=0.00 collisions/ep=0.10 (n=10)
Evaluation at update 460: return=-147.19, length=200.00, success_rate=0.00, collisions/ep=0.00
Solved-check at update 460: solved=False worst_gap=1166.50 at p_x0=2.00 p_y0=0.50 (consecutive=0)
update=461 global_step=944128 SPS=386 w_ev=0.992 m_ev=0.986 m_v_bias=-1.4 m_adv_std=1.7670 m_kl_max=0.0120 m_ratio_max=0.549 return=-148.7 length=200 success_rate=0.00 collisions/ep=0.07 (n=14)
update=462 global_step=946176 SPS=387 w_ev=0.981 m_ev=0.604 m_v_bias=1.8 m_adv_std=11.9872 m_kl_max=0.0123 m_ratio_max=0.964 return=-168.3 length=200 success_rate=0.00 collisions/ep=0.38 (n=8)
update=463 global_step=948224 SPS=387 w_ev=0.978 m_ev=0.748 m_v_bias=0.0 m_adv_std=7.7963 m_kl_max=0.0295 m_ratio_max=0.770 return=-152.4 length=200 success_rate=0.00 collisions/ep=0.11 (n=9)
update=464 global_step=950272 SPS=388 w_ev=0.986 m_ev=0.591 m_v_bias=0.3 m_adv_std=11.6831 m_kl_max=0.0097 m_ratio_max=0.419 return=-149.7 length=200 success_rate=0.00 collisions/ep=0.10 (n=10)
update=465 global_step=952320 SPS=388 w_ev=0.992 m_ev=0.845 m_v_bias=-0.9 m_adv_std=6.8300 m_kl_max=0.0142 m_ratio_max=0.673 return=-157.0 length=200 success_rate=0.00 collisions/ep=0.23 (n=13)
Evaluation at update 465: return=-146.75, length=200.00, success_rate=0.00, collisions/ep=0.00
Solved-check at update 465: solved=False worst_gap=1166.33 at p_x0=2.00 p_y0=0.50 (consecutive=0)
update=466 global_step=954368 SPS=386 w_ev=0.948 m_ev=0.316 m_v_bias=5.5 m_adv_std=23.6973 m_kl_max=0.0373 m_ratio_max=1.258 return=-180.7 length=200 success_rate=0.00 collisions/ep=0.75 (n=8)
update=467 global_step=956416 SPS=387 w_ev=0.974 m_ev=0.539 m_v_bias=1.4 m_adv_std=13.0906 m_kl_max=0.0267 m_ratio_max=0.880 return=-150.3 length=200 success_rate=0.00 collisions/ep=0.10 (n=10)
update=468 global_step=958464 SPS=387 w_ev=0.950 m_ev=0.257 m_v_bias=8.2 m_adv_std=29.8822 m_kl_max=0.0143 m_ratio_max=0.641 return=-186.0 length=200 success_rate=0.00 collisions/ep=0.79 (n=14)
update=469 global_step=960512 SPS=388 w_ev=0.976 m_ev=0.936 m_v_bias=-5.1 m_adv_std=4.0544 m_kl_max=0.0205 m_ratio_max=1.087 return=-148.0 length=200 success_rate=0.00 collisions/ep=0.00 (n=8)
update=470 global_step=962560 SPS=388 w_ev=0.967 m_ev=0.601 m_v_bias=-0.9 m_adv_std=12.2770 m_kl_max=0.0238 m_ratio_max=0.696 return=-154.8 length=200 success_rate=0.00 collisions/ep=0.22 (n=9)
Evaluation at update 470: return=-147.72, length=200.00, success_rate=0.00, collisions/ep=0.00
Solved-check at update 470: solved=False worst_gap=1166.80 at p_x0=2.00 p_y0=0.50 (consecutive=0)
update=471 global_step=964608 SPS=386 w_ev=0.981 m_ev=0.836 m_v_bias=-1.6 m_adv_std=6.4285 m_kl_max=0.0054 m_ratio_max=0.378 return=-144.6 length=200 success_rate=0.00 collisions/ep=0.00 (n=10)
update=472 global_step=966656 SPS=387 w_ev=0.993 m_ev=0.989 m_v_bias=-2.7 m_adv_std=1.6016 m_kl_max=0.0298 m_ratio_max=1.164 return=-150.8 length=200 success_rate=0.00 collisions/ep=0.08 (n=13)
update=473 global_step=968704 SPS=387 w_ev=0.989 m_ev=0.805 m_v_bias=-0.1 m_adv_std=6.6418 m_kl_max=0.0257 m_ratio_max=1.537 return=-146.2 length=200 success_rate=0.00 collisions/ep=0.00 (n=8)
update=474 global_step=970752 SPS=388 w_ev=0.992 m_ev=0.828 m_v_bias=0.1 m_adv_std=6.1206 m_kl_max=0.0117 m_ratio_max=0.724 return=-148.7 length=200 success_rate=0.00 collisions/ep=0.11 (n=9)
update=475 global_step=972800 SPS=388 w_ev=0.990 m_ev=0.995 m_v_bias=-1.5 m_adv_std=0.9742 m_kl_max=0.0208 m_ratio_max=0.830 return=-151.1 length=200 success_rate=0.00 collisions/ep=0.07 (n=15)
Evaluation at update 475: return=-147.05, length=200.00, success_rate=0.00, collisions/ep=0.00
Solved-check at update 475: solved=False worst_gap=1165.90 at p_x0=2.00 p_y0=0.50 (consecutive=0)
update=476 global_step=974848 SPS=386 w_ev=0.994 m_ev=0.882 m_v_bias=0.5 m_adv_std=5.9582 m_kl_max=0.0204 m_ratio_max=1.348 return=-152.6 length=200 success_rate=0.00 collisions/ep=0.12 (n=8)
update=477 global_step=976896 SPS=387 w_ev=0.992 m_ev=0.850 m_v_bias=-0.4 m_adv_std=5.5053 m_kl_max=0.0043 m_ratio_max=0.387 return=-149.4 length=200 success_rate=0.00 collisions/ep=0.12 (n=8)
update=478 global_step=978944 SPS=387 w_ev=0.995 m_ev=0.995 m_v_bias=-1.2 m_adv_std=1.0395 m_kl_max=0.0355 m_ratio_max=0.856 return=-145.6 length=200 success_rate=0.00 collisions/ep=0.00 (n=10)
update=479 global_step=980992 SPS=388 w_ev=0.987 m_ev=0.570 m_v_bias=2.9 m_adv_std=14.5082 m_kl_max=0.0171 m_ratio_max=0.551 return=-155.6 length=200 success_rate=0.00 collisions/ep=0.21 (n=14)
update=480 global_step=983040 SPS=388 w_ev=0.990 m_ev=0.977 m_v_bias=-1.6 m_adv_std=2.0964 m_kl_max=0.0172 m_ratio_max=0.592 return=-144.2 length=200 success_rate=0.00 collisions/ep=0.00 (n=8)
Evaluation at update 480: return=-147.30, length=200.00, success_rate=0.00, collisions/ep=0.00
Solved-check at update 480: solved=False worst_gap=1166.31 at p_x0=2.00 p_y0=0.50 (consecutive=0)
update=481 global_step=985088 SPS=386 w_ev=0.989 m_ev=0.993 m_v_bias=-1.3 m_adv_std=1.1339 m_kl_max=0.0268 m_ratio_max=0.894 return=-145.1 length=200 success_rate=0.00 collisions/ep=0.00 (n=9)
update=482 global_step=987136 SPS=387 w_ev=0.995 m_ev=0.997 m_v_bias=-0.7 m_adv_std=0.7417 m_kl_max=0.0307 m_ratio_max=1.001 return=-144.8 length=200 success_rate=0.00 collisions/ep=0.00 (n=10)
update=483 global_step=989184 SPS=387 w_ev=0.981 m_ev=0.424 m_v_bias=3.6 m_adv_std=19.0549 m_kl_max=0.0150 m_ratio_max=1.468 return=-157.1 length=200 success_rate=0.00 collisions/ep=0.23 (n=13)
update=484 global_step=991232 SPS=388 w_ev=0.969 m_ev=0.341 m_v_bias=4.0 m_adv_std=20.4526 m_kl_max=0.0121 m_ratio_max=0.413 return=-162.9 length=200 success_rate=0.00 collisions/ep=0.38 (n=8)
update=485 global_step=993280 SPS=388 w_ev=0.989 m_ev=0.977 m_v_bias=-2.5 m_adv_std=2.2084 m_kl_max=0.0323 m_ratio_max=0.913 return=-155.5 length=200 success_rate=0.00 collisions/ep=0.20 (n=10)
Evaluation at update 485: return=-146.92, length=200.00, success_rate=0.00, collisions/ep=0.00
Solved-check at update 485: solved=False worst_gap=1165.60 at p_x0=2.00 p_y0=0.50 (consecutive=0)
update=486 global_step=995328 SPS=386 w_ev=0.995 m_ev=0.872 m_v_bias=-0.4 m_adv_std=6.4356 m_kl_max=0.0183 m_ratio_max=1.292 return=-147.6 length=200 success_rate=0.00 collisions/ep=0.07 (n=14)
update=487 global_step=997376 SPS=386 w_ev=0.995 m_ev=0.990 m_v_bias=-1.3 m_adv_std=1.4484 m_kl_max=0.0092 m_ratio_max=0.534 return=-144.6 length=200 success_rate=0.00 collisions/ep=0.00 (n=8)
update=488 global_step=999424 SPS=387 w_ev=0.996 m_ev=0.996 m_v_bias=-1.0 m_adv_std=0.8363 m_kl_max=0.0182 m_ratio_max=0.838 return=-144.3 length=200 success_rate=0.00 collisions/ep=0.00 (n=9)
update=489 global_step=1001472 SPS=387 w_ev=0.992 m_ev=0.768 m_v_bias=2.2 m_adv_std=8.5735 m_kl_max=0.0137 m_ratio_max=0.558 return=-148.6 length=200 success_rate=0.00 collisions/ep=0.10 (n=10)
update=490 global_step=1003520 SPS=388 w_ev=0.962 m_ev=0.322 m_v_bias=4.2 m_adv_std=23.8921 m_kl_max=0.0301 m_ratio_max=0.708 return=-166.2 length=200 success_rate=0.00 collisions/ep=0.46 (n=13)
Evaluation at update 490: return=-146.75, length=200.00, success_rate=0.00, collisions/ep=0.00
Solved-check at update 490: solved=False worst_gap=1165.47 at p_x0=2.00 p_y0=-0.50 (consecutive=0)
update=491 global_step=1005568 SPS=386 w_ev=0.898 m_ev=0.194 m_v_bias=7.0 m_adv_std=37.0144 m_kl_max=0.0211 m_ratio_max=0.721 return=-189.8 length=200 success_rate=0.00 collisions/ep=0.88 (n=8)
update=492 global_step=1007616 SPS=386 w_ev=0.977 m_ev=0.463 m_v_bias=-2.3 m_adv_std=17.0893 m_kl_max=0.0106 m_ratio_max=0.417 return=-174.1 length=200 success_rate=0.00 collisions/ep=0.60 (n=10)
update=493 global_step=1009664 SPS=387 w_ev=0.995 m_ev=0.966 m_v_bias=-3.0 m_adv_std=2.6777 m_kl_max=0.0150 m_ratio_max=0.429 return=-145.9 length=200 success_rate=0.00 collisions/ep=0.00 (n=14)
update=494 global_step=1011712 SPS=387 w_ev=0.958 m_ev=0.392 m_v_bias=3.8 m_adv_std=22.8165 m_kl_max=0.0420 m_ratio_max=1.714 return=-183.2 length=200 success_rate=0.00 collisions/ep=0.75 (n=8)
update=495 global_step=1013760 SPS=388 w_ev=0.967 m_ev=0.379 m_v_bias=1.1 m_adv_std=18.0796 m_kl_max=0.0227 m_ratio_max=0.793 return=-146.1 length=200 success_rate=0.00 collisions/ep=0.00 (n=9)
Evaluation at update 495: return=-147.98, length=200.00, success_rate=0.00, collisions/ep=0.00
Solved-check at update 495: solved=False worst_gap=1166.76 at p_x0=2.00 p_y0=-0.50 (consecutive=0)
update=496 global_step=1015808 SPS=386 w_ev=0.989 m_ev=0.815 m_v_bias=-2.4 m_adv_std=6.3611 m_kl_max=0.0227 m_ratio_max=0.783 return=-161.7 length=200 success_rate=0.00 collisions/ep=0.30 (n=10)
update=497 global_step=1017856 SPS=386 w_ev=0.993 m_ev=0.870 m_v_bias=-1.5 m_adv_std=6.3090 m_kl_max=0.0099 m_ratio_max=0.379 return=-154.2 length=200 success_rate=0.00 collisions/ep=0.15 (n=13)
update=498 global_step=1019904 SPS=387 w_ev=0.992 m_ev=0.990 m_v_bias=-2.1 m_adv_std=1.2890 m_kl_max=0.0275 m_ratio_max=1.248 return=-143.9 length=200 success_rate=0.00 collisions/ep=0.00 (n=8)
update=499 global_step=1021952 SPS=387 w_ev=0.939 m_ev=0.132 m_v_bias=7.1 m_adv_std=26.6322 m_kl_max=0.0149 m_ratio_max=0.783 return=-154.2 length=200 success_rate=0.00 collisions/ep=0.11 (n=9)
update=500 global_step=1024000 SPS=387 w_ev=0.936 m_ev=0.112 m_v_bias=5.6 m_adv_std=31.0147 m_kl_max=0.0296 m_ratio_max=0.954 return=-198.5 length=200 success_rate=0.00 collisions/ep=1.00 (n=15)
Evaluation at update 500: return=-147.49, length=200.00, success_rate=0.00, collisions/ep=0.00
Solved-check at update 500: solved=False worst_gap=1166.99 at p_x0=2.00 p_y0=-0.50 (consecutive=0)
Saved checkpoints to C:\Users\loren\Desktop\MASTER THESIS\5_CODE\scenarios\slalom\studies\disturbed_0.005_0.05\hppo\runs\hppo_slalom_4_1791111881
