Using device: cpu
Solved-check: precomputed optimal returns for 25 fixed initial conditions (mean=1011.8, min=1007.0, max=1014.0); solved-tolerance=5.0
num_envs=8 num_steps_per_env=256 worker_batch_size=2048 worker_minibatch_size=256 num_updates=500 timesteps=1024000
update=1 global_step=2048 SPS=974 w_ev=0.030 m_ev=0.000 m_v_bias=180.5 m_adv_std=146.2713 m_kl_max=0.0013 m_ratio_max=0.191 return=-832.6 length=200 success_rate=0.00 collisions/ep=12.75 (n=8)
update=2 global_step=4096 SPS=1109 w_ev=0.045 m_ev=-0.283 m_v_bias=35.2 m_adv_std=91.6756 m_kl_max=0.0019 m_ratio_max=0.209 return=-375.6 length=200 success_rate=0.00 collisions/ep=3.12 (n=8)
update=3 global_step=6144 SPS=1086 w_ev=0.085 m_ev=-0.139 m_v_bias=-15.6 m_adv_std=47.7853 m_kl_max=0.0005 m_ratio_max=0.155 w_ax@goal=-0.08 w_v@goal=-1.46 return=-453.9 length=200 success_rate=0.00 collisions/ep=5.38 (n=8)
update=4 global_step=8192 SPS=1085 w_ev=0.317 m_ev=0.078 m_v_bias=-20.7 m_adv_std=30.3990 m_kl_max=0.0026 m_ratio_max=0.321 w_ax@goal=-0.04 w_v@goal=-2.18 return=-287.7 length=200 success_rate=0.00 collisions/ep=1.69 (n=16)
update=5 global_step=10240 SPS=1087 w_ev=0.251 m_ev=0.011 m_v_bias=-17.8 m_adv_std=36.7339 m_kl_max=0.0010 m_ratio_max=0.182 return=-241.9 length=200 success_rate=0.00 collisions/ep=0.88 (n=8)
Evaluation at update 5: return=-1119.01, length=200.00, success_rate=0.00, collisions/ep=19.30
Solved-check at update 5: solved=False worst_gap=3232.97 at p_x0=1.50 p_y0=0.50 (consecutive=0)
update=6 global_step=12288 SPS=445 w_ev=0.379 m_ev=0.230 m_v_bias=7.2 m_adv_std=81.6697 m_kl_max=0.0005 m_ratio_max=0.106 return=-328.1 length=200 success_rate=0.00 collisions/ep=2.75 (n=8)
update=7 global_step=14336 SPS=485 w_ev=0.174 m_ev=-0.001 m_v_bias=-10.2 m_adv_std=203.9731 m_kl_max=0.0011 m_ratio_max=0.193 w_ax@goal=-0.01 w_v@goal=-5.57 return=-163.4 length=193 success_rate=0.11 collisions/ep=2.33 (n=9)
update=8 global_step=16384 SPS=520 w_ev=0.544 m_ev=0.150 m_v_bias=20.8 m_adv_std=106.2191 m_kl_max=0.0018 m_ratio_max=0.187 return=-446.8 length=200 success_rate=0.00 collisions/ep=5.27 (n=15)
update=9 global_step=18432 SPS=557 w_ev=0.566 m_ev=0.359 m_v_bias=-11.7 m_adv_std=49.0351 m_kl_max=0.0107 m_ratio_max=0.405 return=-264.0 length=200 success_rate=0.00 collisions/ep=1.38 (n=8)
update=10 global_step=20480 SPS=585 w_ev=0.575 m_ev=0.557 m_v_bias=-4.3 m_adv_std=42.0889 m_kl_max=0.0242 m_ratio_max=0.554 return=-343.8 length=200 success_rate=0.00 collisions/ep=3.00 (n=9)
Evaluation at update 10: return=-220.96, length=200.00, success_rate=0.00, collisions/ep=0.00
Solved-check at update 10: solved=False worst_gap=1240.97 at p_x0=2.00 p_y0=0.50 (consecutive=0)
update=11 global_step=22528 SPS=423 w_ev=0.787 m_ev=0.659 m_v_bias=-2.0 m_adv_std=39.6269 m_kl_max=0.0185 m_ratio_max=0.737 return=-260.3 length=200 success_rate=0.00 collisions/ep=1.20 (n=15)
update=12 global_step=24576 SPS=444 w_ev=0.514 m_ev=0.452 m_v_bias=2.9 m_adv_std=47.2074 m_kl_max=0.0208 m_ratio_max=0.618 return=-220.1 length=200 success_rate=0.00 collisions/ep=0.00 (n=8)
update=13 global_step=26624 SPS=464 w_ev=0.471 m_ev=0.454 m_v_bias=21.7 m_adv_std=70.1151 m_kl_max=0.0149 m_ratio_max=0.512 return=-374.1 length=200 success_rate=0.00 collisions/ep=3.25 (n=8)
update=14 global_step=28672 SPS=484 w_ev=0.079 m_ev=-3.507 m_v_bias=-4.3 m_adv_std=22.4973 m_kl_max=0.0122 m_ratio_max=0.399 return=-252.6 length=200 success_rate=0.00 collisions/ep=0.67 (n=9)
update=15 global_step=30720 SPS=499 w_ev=0.150 m_ev=-2.128 m_v_bias=-1.5 m_adv_std=17.4460 m_kl_max=0.0126 m_ratio_max=0.365 return=-218.1 length=200 success_rate=0.00 collisions/ep=0.00 (n=15)
Evaluation at update 15: return=-220.97, length=200.00, success_rate=0.00, collisions/ep=0.00
Solved-check at update 15: solved=False worst_gap=1240.97 at p_x0=2.00 p_y0=0.50 (consecutive=0)
update=16 global_step=32768 SPS=407 w_ev=0.132 m_ev=-1.299 m_v_bias=-0.7 m_adv_std=10.3341 m_kl_max=0.0086 m_ratio_max=0.353 return=-218.6 length=200 success_rate=0.00 collisions/ep=0.00 (n=8)
update=17 global_step=34816 SPS=424 w_ev=0.265 m_ev=0.038 m_v_bias=5.2 m_adv_std=13.9586 m_kl_max=0.0222 m_ratio_max=0.629 return=-241.7 length=200 success_rate=0.00 collisions/ep=0.44 (n=9)
update=18 global_step=36864 SPS=438 w_ev=0.225 m_ev=-0.043 m_v_bias=-0.6 m_adv_std=5.4539 m_kl_max=0.0052 m_ratio_max=0.436 return=-224.2 length=200 success_rate=0.00 collisions/ep=0.07 (n=15)
update=19 global_step=38912 SPS=451 w_ev=0.164 m_ev=0.361 m_v_bias=-1.1 m_adv_std=12.0157 m_kl_max=0.0220 m_ratio_max=0.672 return=-232.4 length=200 success_rate=0.00 collisions/ep=0.25 (n=8)
update=20 global_step=40960 SPS=464 w_ev=0.271 m_ev=-0.302 m_v_bias=-0.6 m_adv_std=10.3650 m_kl_max=0.0027 m_ratio_max=0.278 return=-221.6 length=200 success_rate=0.00 collisions/ep=0.00 (n=8)
Evaluation at update 20: return=-220.97, length=200.00, success_rate=0.00, collisions/ep=0.00
Solved-check at update 20: solved=False worst_gap=1240.97 at p_x0=2.00 p_y0=0.50 (consecutive=0)
update=21 global_step=43008 SPS=406 w_ev=0.422 m_ev=0.548 m_v_bias=-0.9 m_adv_std=4.3427 m_kl_max=0.0170 m_ratio_max=0.723 return=-225.2 length=200 success_rate=0.00 collisions/ep=0.11 (n=9)
update=22 global_step=45056 SPS=418 w_ev=0.229 m_ev=0.657 m_v_bias=0.0 m_adv_std=5.3417 m_kl_max=0.0114 m_ratio_max=0.635 return=-218.3 length=200 success_rate=0.00 collisions/ep=0.00 (n=15)
update=23 global_step=47104 SPS=429 w_ev=0.349 m_ev=0.376 m_v_bias=0.3 m_adv_std=6.7883 m_kl_max=0.0339 m_ratio_max=0.882 return=-232.9 length=200 success_rate=0.00 collisions/ep=0.25 (n=8)
update=24 global_step=49152 SPS=440 w_ev=0.349 m_ev=0.254 m_v_bias=-0.1 m_adv_std=6.6336 m_kl_max=0.0183 m_ratio_max=0.639 return=-217.6 length=200 success_rate=0.00 collisions/ep=0.11 (n=9)
update=25 global_step=51200 SPS=451 w_ev=0.369 m_ev=0.497 m_v_bias=-3.4 m_adv_std=5.6730 m_kl_max=0.0175 m_ratio_max=0.811 return=-212.7 length=200 success_rate=0.00 collisions/ep=0.00 (n=15)
Evaluation at update 25: return=-218.95, length=200.00, success_rate=0.00, collisions/ep=0.00
Solved-check at update 25: solved=False worst_gap=1236.38 at p_x0=2.00 p_y0=0.00 (consecutive=0)
update=26 global_step=53248 SPS=402 w_ev=0.180 m_ev=0.669 m_v_bias=-3.3 m_adv_std=4.7658 m_kl_max=0.0340 m_ratio_max=1.272 return=-203.1 length=200 success_rate=0.00 collisions/ep=0.00 (n=8)
update=27 global_step=55296 SPS=412 w_ev=0.391 m_ev=0.264 m_v_bias=7.9 m_adv_std=42.5809 m_kl_max=0.0107 m_ratio_max=0.439 return=-207.7 length=200 success_rate=0.00 collisions/ep=0.38 (n=8)
update=28 global_step=57344 SPS=422 w_ev=0.627 m_ev=0.371 m_v_bias=12.1 m_adv_std=63.0930 m_kl_max=0.0023 m_ratio_max=0.257 return=-305.1 length=200 success_rate=0.00 collisions/ep=2.22 (n=9)
update=29 global_step=59392 SPS=431 w_ev=0.665 m_ev=0.525 m_v_bias=17.4 m_adv_std=44.7018 m_kl_max=0.0270 m_ratio_max=0.458 return=-258.7 length=200 success_rate=0.00 collisions/ep=1.40 (n=15)
update=30 global_step=61440 SPS=441 w_ev=0.603 m_ev=0.498 m_v_bias=-2.5 m_adv_std=17.6978 m_kl_max=0.0268 m_ratio_max=0.651 return=-222.4 length=200 success_rate=0.00 collisions/ep=0.38 (n=8)
Evaluation at update 30: return=-220.97, length=200.00, success_rate=0.00, collisions/ep=0.00
Solved-check at update 30: solved=False worst_gap=1240.98 at p_x0=2.00 p_y0=0.50 (consecutive=0)
update=31 global_step=63488 SPS=405 w_ev=0.424 m_ev=0.266 m_v_bias=8.8 m_adv_std=77.2421 m_kl_max=0.0122 m_ratio_max=0.804 return=-329.5 length=200 success_rate=0.00 collisions/ep=2.25 (n=8)
update=32 global_step=65536 SPS=413 w_ev=0.182 m_ev=0.332 m_v_bias=0.2 m_adv_std=10.3234 m_kl_max=0.0089 m_ratio_max=0.421 return=-217.2 length=200 success_rate=0.00 collisions/ep=0.11 (n=9)
update=33 global_step=67584 SPS=422 w_ev=0.271 m_ev=0.451 m_v_bias=-0.1 m_adv_std=6.5929 m_kl_max=0.0126 m_ratio_max=0.528 return=-212.6 length=200 success_rate=0.00 collisions/ep=0.00 (n=15)
update=34 global_step=69632 SPS=429 w_ev=0.116 m_ev=-0.044 m_v_bias=8.8 m_adv_std=32.3648 m_kl_max=0.0243 m_ratio_max=0.667 return=-256.6 length=200 success_rate=0.00 collisions/ep=0.88 (n=8)
update=35 global_step=71680 SPS=437 w_ev=0.178 m_ev=0.380 m_v_bias=-6.2 m_adv_std=6.9882 m_kl_max=0.0445 m_ratio_max=1.114 return=-201.9 length=200 success_rate=0.00 collisions/ep=0.00 (n=9)
Evaluation at update 35: return=-206.47, length=200.00, success_rate=0.00, collisions/ep=0.00
Solved-check at update 35: solved=False worst_gap=1224.78 at p_x0=2.00 p_y0=0.00 (consecutive=0)
update=36 global_step=73728 SPS=402 w_ev=0.313 m_ev=0.239 m_v_bias=5.3 m_adv_std=22.0217 m_kl_max=0.0197 m_ratio_max=1.623 return=-226.1 length=200 success_rate=0.00 collisions/ep=0.53 (n=15)
update=37 global_step=75776 SPS=409 w_ev=0.084 m_ev=-0.052 m_v_bias=3.0 m_adv_std=31.1387 m_kl_max=0.0179 m_ratio_max=0.766 return=-241.4 length=200 success_rate=0.00 collisions/ep=0.88 (n=8)
update=38 global_step=77824 SPS=416 w_ev=0.899 m_ev=0.667 m_v_bias=-6.9 m_adv_std=9.9012 m_kl_max=0.0317 m_ratio_max=1.012 return=-199.4 length=200 success_rate=0.00 collisions/ep=0.25 (n=8)
update=39 global_step=79872 SPS=423 w_ev=0.664 m_ev=0.155 m_v_bias=9.2 m_adv_std=48.9974 m_kl_max=0.0192 m_ratio_max=0.607 return=-247.2 length=200 success_rate=0.00 collisions/ep=1.00 (n=9)
update=40 global_step=81920 SPS=429 w_ev=0.662 m_ev=0.705 m_v_bias=-0.0 m_adv_std=11.0048 m_kl_max=0.0096 m_ratio_max=0.462 return=-215.3 length=200 success_rate=0.00 collisions/ep=0.40 (n=15)
Evaluation at update 40: return=-202.67, length=200.00, success_rate=0.00, collisions/ep=0.00
Solved-check at update 40: solved=False worst_gap=1221.07 at p_x0=2.00 p_y0=0.50 (consecutive=0)
update=41 global_step=83968 SPS=401 w_ev=0.739 m_ev=0.374 m_v_bias=16.5 m_adv_std=70.4443 m_kl_max=0.0159 m_ratio_max=0.688 return=-240.6 length=200 success_rate=0.00 collisions/ep=0.75 (n=8)
update=42 global_step=86016 SPS=407 w_ev=0.619 m_ev=0.251 m_v_bias=40.2 m_adv_std=191.7443 m_kl_max=0.0171 m_ratio_max=0.635 return=-621.4 length=200 success_rate=0.00 collisions/ep=8.56 (n=9)
update=43 global_step=88064 SPS=413 w_ev=0.269 m_ev=-1.262 m_v_bias=-16.9 m_adv_std=45.1283 m_kl_max=0.0230 m_ratio_max=0.552 return=-226.3 length=200 success_rate=0.00 collisions/ep=0.40 (n=15)
update=44 global_step=90112 SPS=419 w_ev=0.707 m_ev=0.410 m_v_bias=17.7 m_adv_std=85.7036 m_kl_max=0.0359 m_ratio_max=0.894 return=-326.8 length=200 success_rate=0.00 collisions/ep=2.38 (n=8)
update=45 global_step=92160 SPS=424 w_ev=-0.507 m_ev=-2.024 m_v_bias=-11.1 m_adv_std=40.6345 m_kl_max=0.0272 m_ratio_max=0.660 return=-209.8 length=200 success_rate=0.00 collisions/ep=0.00 (n=8)
Evaluation at update 45: return=-221.02, length=200.00, success_rate=0.00, collisions/ep=0.00
Solved-check at update 45: solved=False worst_gap=1241.05 at p_x0=2.00 p_y0=0.50 (consecutive=0)
update=46 global_step=94208 SPS=401 w_ev=0.207 m_ev=-0.031 m_v_bias=5.3 m_adv_std=9.7398 m_kl_max=0.0245 m_ratio_max=1.160 return=-224.2 length=200 success_rate=0.00 collisions/ep=0.11 (n=9)
update=47 global_step=96256 SPS=407 w_ev=0.133 m_ev=0.493 m_v_bias=0.6 m_adv_std=4.6780 m_kl_max=0.0367 m_ratio_max=1.072 return=-213.2 length=200 success_rate=0.00 collisions/ep=0.00 (n=15)
update=48 global_step=98304 SPS=412 w_ev=0.192 m_ev=0.383 m_v_bias=-0.3 m_adv_std=4.9283 m_kl_max=0.0547 m_ratio_max=1.215 return=-211.6 length=200 success_rate=0.00 collisions/ep=0.00 (n=8)
update=49 global_step=100352 SPS=417 w_ev=0.220 m_ev=-0.613 m_v_bias=-2.7 m_adv_std=10.2866 m_kl_max=0.0301 m_ratio_max=0.587 return=-197.9 length=200 success_rate=0.00 collisions/ep=0.00 (n=9)
update=50 global_step=102400 SPS=423 w_ev=0.588 m_ev=0.369 m_v_bias=2.1 m_adv_std=23.1679 m_kl_max=0.0126 m_ratio_max=0.522 return=-208.3 length=200 success_rate=0.00 collisions/ep=0.27 (n=15)
Evaluation at update 50: return=-191.70, length=200.00, success_rate=0.00, collisions/ep=0.00
Solved-check at update 50: solved=False worst_gap=1210.89 at p_x0=2.00 p_y0=0.50 (consecutive=0)
update=51 global_step=104448 SPS=401 w_ev=0.673 m_ev=0.315 m_v_bias=14.6 m_adv_std=62.4854 m_kl_max=0.0065 m_ratio_max=0.464 return=-269.8 length=200 success_rate=0.00 collisions/ep=1.50 (n=8)
update=52 global_step=106496 SPS=406 w_ev=0.441 m_ev=-0.196 m_v_bias=-3.1 m_adv_std=33.0268 m_kl_max=0.0149 m_ratio_max=0.438 return=-197.4 length=200 success_rate=0.00 collisions/ep=0.00 (n=8)
update=53 global_step=108544 SPS=411 w_ev=0.286 m_ev=-3.861 m_v_bias=-7.7 m_adv_std=24.4124 m_kl_max=0.0083 m_ratio_max=0.445 return=-207.1 length=200 success_rate=0.00 collisions/ep=0.22 (n=9)
update=54 global_step=110592 SPS=416 w_ev=0.212 m_ev=0.172 m_v_bias=-0.1 m_adv_std=8.0536 m_kl_max=0.0340 m_ratio_max=1.280 return=-212.6 length=200 success_rate=0.00 collisions/ep=0.07 (n=15)
update=55 global_step=112640 SPS=420 w_ev=0.280 m_ev=0.016 m_v_bias=2.7 m_adv_std=29.4879 m_kl_max=0.0159 m_ratio_max=0.548 return=-199.0 length=200 success_rate=0.00 collisions/ep=0.00 (n=8)
Evaluation at update 55: return=-186.89, length=200.00, success_rate=0.00, collisions/ep=0.00
Solved-check at update 55: solved=False worst_gap=1206.34 at p_x0=2.00 p_y0=0.50 (consecutive=0)
update=56 global_step=114688 SPS=400 w_ev=0.425 m_ev=0.081 m_v_bias=12.6 m_adv_std=74.5674 m_kl_max=0.0305 m_ratio_max=1.302 return=-326.4 length=200 success_rate=0.00 collisions/ep=2.75 (n=8)
update=57 global_step=116736 SPS=404 w_ev=0.433 m_ev=-0.555 m_v_bias=0.3 m_adv_std=24.7823 m_kl_max=0.0108 m_ratio_max=0.403 return=-196.4 length=200 success_rate=0.00 collisions/ep=0.00 (n=9)
update=58 global_step=118784 SPS=408 w_ev=0.472 m_ev=0.385 m_v_bias=1.5 m_adv_std=12.9673 m_kl_max=0.0280 m_ratio_max=1.473 return=-217.3 length=200 success_rate=0.00 collisions/ep=0.40 (n=15)
update=59 global_step=120832 SPS=412 w_ev=0.463 m_ev=0.515 m_v_bias=-4.6 m_adv_std=6.5026 m_kl_max=0.0190 m_ratio_max=0.561 return=-196.5 length=200 success_rate=0.00 collisions/ep=0.00 (n=8)
update=60 global_step=122880 SPS=417 w_ev=0.429 m_ev=0.139 m_v_bias=16.9 m_adv_std=61.0548 m_kl_max=0.0280 m_ratio_max=0.925 return=-198.2 length=200 success_rate=0.00 collisions/ep=0.11 (n=9)
Evaluation at update 60: return=-194.73, length=200.00, success_rate=0.00, collisions/ep=0.00
Solved-check at update 60: solved=False worst_gap=1214.26 at p_x0=2.00 p_y0=0.50 (consecutive=0)
update=61 global_step=124928 SPS=398 w_ev=0.662 m_ev=0.348 m_v_bias=0.0 m_adv_std=33.9876 m_kl_max=0.0382 m_ratio_max=0.963 return=-275.1 length=200 success_rate=0.00 collisions/ep=1.67 (n=15)
update=62 global_step=126976 SPS=403 w_ev=0.611 m_ev=0.315 m_v_bias=0.4 m_adv_std=39.9593 m_kl_max=0.0248 m_ratio_max=0.555 return=-248.7 length=200 success_rate=0.00 collisions/ep=0.88 (n=8)
update=63 global_step=129024 SPS=407 w_ev=0.411 m_ev=0.001 m_v_bias=-1.5 m_adv_std=9.1841 m_kl_max=0.0135 m_ratio_max=0.519 return=-206.9 length=200 success_rate=0.00 collisions/ep=0.00 (n=8)
update=64 global_step=131072 SPS=411 w_ev=0.424 m_ev=0.677 m_v_bias=0.9 m_adv_std=4.4871 m_kl_max=0.0255 m_ratio_max=0.870 return=-199.4 length=200 success_rate=0.00 collisions/ep=0.00 (n=9)
update=65 global_step=133120 SPS=414 w_ev=0.380 m_ev=0.707 m_v_bias=-0.3 m_adv_std=3.9869 m_kl_max=0.0290 m_ratio_max=0.754 return=-204.5 length=200 success_rate=0.00 collisions/ep=0.00 (n=15)
Evaluation at update 65: return=-195.82, length=200.00, success_rate=0.00, collisions/ep=0.00
Solved-check at update 65: solved=False worst_gap=1215.78 at p_x0=2.00 p_y0=0.50 (consecutive=0)
update=66 global_step=135168 SPS=399 w_ev=0.556 m_ev=0.550 m_v_bias=-1.8 m_adv_std=4.9949 m_kl_max=0.0508 m_ratio_max=0.831 return=-202.2 length=200 success_rate=0.00 collisions/ep=0.00 (n=8)
update=67 global_step=137216 SPS=403 w_ev=0.443 m_ev=0.763 m_v_bias=-3.6 m_adv_std=3.7385 m_kl_max=0.0473 m_ratio_max=1.423 return=-193.4 length=200 success_rate=0.00 collisions/ep=0.00 (n=9)
update=68 global_step=139264 SPS=406 w_ev=0.478 m_ev=0.201 m_v_bias=7.1 m_adv_std=41.4893 m_kl_max=0.0142 m_ratio_max=0.628 return=-213.9 length=200 success_rate=0.00 collisions/ep=0.53 (n=15)
update=69 global_step=141312 SPS=410 w_ev=0.507 m_ev=0.254 m_v_bias=0.2 m_adv_std=13.2487 m_kl_max=0.0087 m_ratio_max=0.414 return=-200.3 length=200 success_rate=0.00 collisions/ep=0.25 (n=8)
update=70 global_step=143360 SPS=414 w_ev=0.623 m_ev=0.486 m_v_bias=-3.8 m_adv_std=5.4487 m_kl_max=0.0137 m_ratio_max=0.469 return=-195.5 length=200 success_rate=0.00 collisions/ep=0.00 (n=8)
Evaluation at update 70: return=-185.30, length=200.00, success_rate=0.00, collisions/ep=0.00
Solved-check at update 70: solved=False worst_gap=1205.33 at p_x0=2.00 p_y0=0.50 (consecutive=0)
update=71 global_step=145408 SPS=399 w_ev=0.404 m_ev=0.213 m_v_bias=-1.1 m_adv_std=7.7869 m_kl_max=0.0243 m_ratio_max=0.966 return=-188.5 length=200 success_rate=0.00 collisions/ep=0.00 (n=9)
update=72 global_step=147456 SPS=402 w_ev=0.514 m_ev=0.307 m_v_bias=1.8 m_adv_std=15.5098 m_kl_max=0.0204 m_ratio_max=0.587 return=-206.9 length=200 success_rate=0.00 collisions/ep=0.47 (n=15)
update=73 global_step=149504 SPS=406 w_ev=0.472 m_ev=0.274 m_v_bias=0.9 m_adv_std=13.7794 m_kl_max=0.0208 m_ratio_max=0.783 return=-202.3 length=200 success_rate=0.00 collisions/ep=0.38 (n=8)
update=74 global_step=151552 SPS=410 w_ev=0.467 m_ev=0.429 m_v_bias=-2.8 m_adv_std=9.0260 m_kl_max=0.0121 m_ratio_max=0.449 return=-197.3 length=200 success_rate=0.00 collisions/ep=0.22 (n=9)
update=75 global_step=153600 SPS=413 w_ev=0.462 m_ev=0.159 m_v_bias=11.1 m_adv_std=56.0438 m_kl_max=0.0258 m_ratio_max=1.304 return=-216.1 length=200 success_rate=0.00 collisions/ep=0.73 (n=15)
Evaluation at update 75: return=-186.99, length=200.00, success_rate=0.00, collisions/ep=0.00
Solved-check at update 75: solved=False worst_gap=1207.54 at p_x0=2.00 p_y0=0.50 (consecutive=0)
update=76 global_step=155648 SPS=399 w_ev=0.656 m_ev=0.216 m_v_bias=-3.7 m_adv_std=12.1833 m_kl_max=0.0218 m_ratio_max=0.744 return=-188.3 length=200 success_rate=0.00 collisions/ep=0.00 (n=8)
update=77 global_step=157696 SPS=402 w_ev=0.581 m_ev=0.705 m_v_bias=-1.7 m_adv_std=5.3865 m_kl_max=0.0188 m_ratio_max=0.709 return=-193.9 length=200 success_rate=0.00 collisions/ep=0.12 (n=8)
update=78 global_step=159744 SPS=405 w_ev=0.481 m_ev=0.838 m_v_bias=-1.8 m_adv_std=2.6933 m_kl_max=0.0345 m_ratio_max=0.894 return=-192.8 length=200 success_rate=0.00 collisions/ep=0.00 (n=9)
update=79 global_step=161792 SPS=409 w_ev=0.509 m_ev=0.409 m_v_bias=-0.9 m_adv_std=7.0390 m_kl_max=0.0121 m_ratio_max=0.751 return=-186.0 length=200 success_rate=0.00 collisions/ep=0.00 (n=15)
update=80 global_step=163840 SPS=412 w_ev=0.414 m_ev=0.505 m_v_bias=-2.0 m_adv_std=6.2237 m_kl_max=0.0127 m_ratio_max=0.488 return=-195.1 length=200 success_rate=0.00 collisions/ep=0.25 (n=8)
Evaluation at update 80: return=-182.38, length=200.00, success_rate=0.00, collisions/ep=0.00
Solved-check at update 80: solved=False worst_gap=1203.52 at p_x0=2.00 p_y0=-0.50 (consecutive=0)
update=81 global_step=165888 SPS=399 w_ev=0.438 m_ev=0.866 m_v_bias=-1.4 m_adv_std=2.5786 m_kl_max=0.0463 m_ratio_max=0.705 return=-181.9 length=200 success_rate=0.00 collisions/ep=0.00 (n=8)
update=82 global_step=167936 SPS=402 w_ev=0.304 m_ev=0.052 m_v_bias=28.9 m_adv_std=80.8087 m_kl_max=0.0236 m_ratio_max=0.696 return=-286.2 length=200 success_rate=0.00 collisions/ep=2.11 (n=9)
update=83 global_step=169984 SPS=405 w_ev=0.512 m_ev=-0.928 m_v_bias=-9.0 m_adv_std=16.9745 m_kl_max=0.0220 m_ratio_max=0.797 return=-201.9 length=200 success_rate=0.00 collisions/ep=0.40 (n=15)
update=84 global_step=172032 SPS=408 w_ev=0.648 m_ev=0.159 m_v_bias=5.8 m_adv_std=63.9174 m_kl_max=0.0379 m_ratio_max=1.354 return=-190.0 length=200 success_rate=0.00 collisions/ep=0.12 (n=8)
update=85 global_step=174080 SPS=411 w_ev=0.542 m_ev=-1.090 m_v_bias=-2.0 m_adv_std=16.2703 m_kl_max=0.0306 m_ratio_max=1.218 return=-256.9 length=200 success_rate=0.00 collisions/ep=1.44 (n=9)
Evaluation at update 85: return=-188.70, length=200.00, success_rate=0.00, collisions/ep=0.00
Solved-check at update 85: solved=False worst_gap=1208.78 at p_x0=2.00 p_y0=-0.50 (consecutive=0)
update=86 global_step=176128 SPS=399 w_ev=0.549 m_ev=0.006 m_v_bias=0.5 m_adv_std=10.1993 m_kl_max=0.0302 m_ratio_max=1.375 return=-194.2 length=200 success_rate=0.00 collisions/ep=0.13 (n=15)
update=87 global_step=178176 SPS=401 w_ev=0.567 m_ev=0.413 m_v_bias=-1.7 m_adv_std=6.0974 m_kl_max=0.0306 m_ratio_max=1.037 return=-196.4 length=200 success_rate=0.00 collisions/ep=0.12 (n=8)
update=88 global_step=180224 SPS=404 w_ev=0.635 m_ev=0.449 m_v_bias=-0.3 m_adv_std=6.7232 m_kl_max=0.0559 m_ratio_max=1.287 return=-192.6 length=200 success_rate=0.00 collisions/ep=0.12 (n=8)
update=89 global_step=182272 SPS=407 w_ev=0.596 m_ev=0.133 m_v_bias=13.5 m_adv_std=55.4261 m_kl_max=0.0405 m_ratio_max=1.345 return=-273.1 length=200 success_rate=0.00 collisions/ep=1.89 (n=9)
update=90 global_step=184320 SPS=410 w_ev=0.440 m_ev=-0.549 m_v_bias=-1.7 m_adv_std=15.3166 m_kl_max=0.0225 m_ratio_max=1.433 return=-185.9 length=200 success_rate=0.00 collisions/ep=0.07 (n=15)
Evaluation at update 90: return=-186.70, length=200.00, success_rate=0.00, collisions/ep=0.00
Solved-check at update 90: solved=False worst_gap=1207.05 at p_x0=2.00 p_y0=1.00 (consecutive=0)
update=91 global_step=186368 SPS=398 w_ev=0.544 m_ev=0.429 m_v_bias=-1.6 m_adv_std=6.1833 m_kl_max=0.0284 m_ratio_max=0.921 return=-185.7 length=200 success_rate=0.00 collisions/ep=0.00 (n=8)
update=92 global_step=188416 SPS=401 w_ev=0.616 m_ev=0.685 m_v_bias=-2.6 m_adv_std=4.9836 m_kl_max=0.0299 m_ratio_max=0.945 return=-194.9 length=200 success_rate=0.00 collisions/ep=0.22 (n=9)
update=93 global_step=190464 SPS=403 w_ev=0.579 m_ev=0.268 m_v_bias=3.3 m_adv_std=22.0037 m_kl_max=0.0235 m_ratio_max=1.058 return=-202.7 length=200 success_rate=0.00 collisions/ep=0.47 (n=15)
update=94 global_step=192512 SPS=406 w_ev=0.469 m_ev=0.136 m_v_bias=9.6 m_adv_std=38.6506 m_kl_max=0.0242 m_ratio_max=1.108 return=-226.3 length=200 success_rate=0.00 collisions/ep=0.88 (n=8)
update=95 global_step=194560 SPS=409 w_ev=0.567 m_ev=-0.089 m_v_bias=-2.5 m_adv_std=11.7571 m_kl_max=0.0162 m_ratio_max=0.608 return=-214.7 length=200 success_rate=0.00 collisions/ep=0.50 (n=8)
Evaluation at update 95: return=-186.73, length=200.00, success_rate=0.00, collisions/ep=0.00
Solved-check at update 95: solved=False worst_gap=1207.52 at p_x0=2.00 p_y0=1.00 (consecutive=0)
update=96 global_step=196608 SPS=397 w_ev=0.633 m_ev=0.282 m_v_bias=-2.6 m_adv_std=7.2633 m_kl_max=0.0377 m_ratio_max=1.142 return=-193.7 length=200 success_rate=0.00 collisions/ep=0.11 (n=9)
update=97 global_step=198656 SPS=400 w_ev=0.533 m_ev=0.218 m_v_bias=4.8 m_adv_std=23.3807 m_kl_max=0.0082 m_ratio_max=0.381 return=-206.4 length=200 success_rate=0.00 collisions/ep=0.40 (n=15)
update=98 global_step=200704 SPS=403 w_ev=0.571 m_ev=0.371 m_v_bias=-4.4 m_adv_std=6.3757 m_kl_max=0.0080 m_ratio_max=0.347 return=-185.3 length=200 success_rate=0.00 collisions/ep=0.00 (n=8)
update=99 global_step=202752 SPS=405 w_ev=0.557 m_ev=0.091 m_v_bias=-0.6 m_adv_std=18.0758 m_kl_max=0.0135 m_ratio_max=0.402 return=-181.2 length=200 success_rate=0.00 collisions/ep=0.00 (n=9)
update=100 global_step=204800 SPS=408 w_ev=0.646 m_ev=0.296 m_v_bias=-2.2 m_adv_std=12.9129 m_kl_max=0.0083 m_ratio_max=0.386 return=-195.8 length=200 success_rate=0.00 collisions/ep=0.33 (n=15)
Evaluation at update 100: return=-182.19, length=200.00, success_rate=0.00, collisions/ep=0.00
Solved-check at update 100: solved=False worst_gap=1202.43 at p_x0=2.00 p_y0=1.00 (consecutive=0)
update=101 global_step=206848 SPS=397 w_ev=0.649 m_ev=0.720 m_v_bias=-2.7 m_adv_std=5.3302 m_kl_max=0.0140 m_ratio_max=0.480 return=-191.1 length=200 success_rate=0.00 collisions/ep=0.12 (n=8)
update=102 global_step=208896 SPS=400 w_ev=0.637 m_ev=0.704 m_v_bias=-2.7 m_adv_std=4.0726 m_kl_max=0.0262 m_ratio_max=0.760 return=-184.2 length=200 success_rate=0.00 collisions/ep=0.12 (n=8)
update=103 global_step=210944 SPS=402 w_ev=0.614 m_ev=0.070 m_v_bias=0.6 m_adv_std=15.7867 m_kl_max=0.0181 m_ratio_max=0.687 return=-198.3 length=200 success_rate=0.00 collisions/ep=0.33 (n=9)
update=104 global_step=212992 SPS=404 w_ev=0.691 m_ev=0.724 m_v_bias=-3.5 m_adv_std=3.2991 m_kl_max=0.0363 m_ratio_max=1.232 return=-182.6 length=200 success_rate=0.00 collisions/ep=0.00 (n=15)
update=105 global_step=215040 SPS=407 w_ev=0.708 m_ev=0.315 m_v_bias=-0.4 m_adv_std=11.1783 m_kl_max=0.0121 m_ratio_max=0.552 return=-191.9 length=200 success_rate=0.00 collisions/ep=0.25 (n=8)
Evaluation at update 105: return=-179.01, length=200.00, success_rate=0.00, collisions/ep=0.00
Solved-check at update 105: solved=False worst_gap=1199.42 at p_x0=2.00 p_y0=1.00 (consecutive=0)
update=106 global_step=217088 SPS=397 w_ev=0.619 m_ev=0.512 m_v_bias=1.3 m_adv_std=9.0720 m_kl_max=0.0090 m_ratio_max=0.398 return=-190.9 length=200 success_rate=0.00 collisions/ep=0.25 (n=8)
update=107 global_step=219136 SPS=399 w_ev=0.714 m_ev=0.477 m_v_bias=1.1 m_adv_std=10.4033 m_kl_max=0.0378 m_ratio_max=0.887 return=-191.9 length=200 success_rate=0.00 collisions/ep=0.22 (n=9)
update=108 global_step=221184 SPS=402 w_ev=0.786 m_ev=0.524 m_v_bias=-0.2 m_adv_std=7.6432 m_kl_max=0.0156 m_ratio_max=0.892 return=-189.0 length=200 success_rate=0.00 collisions/ep=0.20 (n=15)
update=109 global_step=223232 SPS=404 w_ev=0.552 m_ev=0.111 m_v_bias=2.4 m_adv_std=22.8083 m_kl_max=0.0197 m_ratio_max=0.774 return=-205.8 length=200 success_rate=0.00 collisions/ep=0.50 (n=8)
update=110 global_step=225280 SPS=406 w_ev=0.637 m_ev=0.287 m_v_bias=2.2 m_adv_std=10.1555 m_kl_max=0.0207 m_ratio_max=0.943 return=-188.9 length=200 success_rate=0.00 collisions/ep=0.11 (n=9)
Evaluation at update 110: return=-179.20, length=200.00, success_rate=0.00, collisions/ep=0.00
Solved-check at update 110: solved=False worst_gap=1199.07 at p_x0=2.00 p_y0=0.00 (consecutive=0)
update=111 global_step=227328 SPS=397 w_ev=0.697 m_ev=0.741 m_v_bias=-3.6 m_adv_std=4.5294 m_kl_max=0.0181 m_ratio_max=0.704 return=-185.5 length=200 success_rate=0.00 collisions/ep=0.20 (n=15)
update=112 global_step=229376 SPS=399 w_ev=0.711 m_ev=0.519 m_v_bias=-2.6 m_adv_std=6.2895 m_kl_max=0.0110 m_ratio_max=0.515 return=-177.2 length=200 success_rate=0.00 collisions/ep=0.00 (n=8)
update=113 global_step=231424 SPS=401 w_ev=0.697 m_ev=0.609 m_v_bias=-0.7 m_adv_std=5.9821 m_kl_max=0.0147 m_ratio_max=0.514 return=-192.8 length=200 success_rate=0.00 collisions/ep=0.25 (n=8)
update=114 global_step=233472 SPS=404 w_ev=0.727 m_ev=0.580 m_v_bias=-0.6 m_adv_std=6.5403 m_kl_max=0.0106 m_ratio_max=0.478 return=-181.0 length=200 success_rate=0.00 collisions/ep=0.11 (n=9)
update=115 global_step=235520 SPS=406 w_ev=0.742 m_ev=0.401 m_v_bias=1.2 m_adv_std=9.2396 m_kl_max=0.0196 m_ratio_max=0.825 return=-187.2 length=200 success_rate=0.00 collisions/ep=0.13 (n=15)
Evaluation at update 115: return=-176.28, length=200.00, success_rate=0.00, collisions/ep=0.00
Solved-check at update 115: solved=False worst_gap=1196.17 at p_x0=2.00 p_y0=1.00 (consecutive=0)
update=116 global_step=237568 SPS=397 w_ev=0.680 m_ev=0.446 m_v_bias=2.0 m_adv_std=11.3675 m_kl_max=0.0248 m_ratio_max=0.671 return=-191.7 length=200 success_rate=0.00 collisions/ep=0.38 (n=8)
update=117 global_step=239616 SPS=399 w_ev=0.642 m_ev=0.795 m_v_bias=-1.8 m_adv_std=3.1873 m_kl_max=0.0625 m_ratio_max=1.484 return=-182.1 length=200 success_rate=0.00 collisions/ep=0.11 (n=9)
update=118 global_step=241664 SPS=401 w_ev=0.731 m_ev=0.317 m_v_bias=5.7 m_adv_std=17.6670 m_kl_max=0.0097 m_ratio_max=0.519 return=-195.2 length=200 success_rate=0.00 collisions/ep=0.40 (n=15)
update=119 global_step=243712 SPS=403 w_ev=0.647 m_ev=0.204 m_v_bias=9.2 m_adv_std=26.0184 m_kl_max=0.0181 m_ratio_max=0.569 return=-230.2 length=200 success_rate=0.00 collisions/ep=1.00 (n=8)
update=120 global_step=245760 SPS=405 w_ev=0.756 m_ev=0.516 m_v_bias=-4.2 m_adv_std=8.8182 m_kl_max=0.0194 m_ratio_max=0.593 return=-194.9 length=200 success_rate=0.00 collisions/ep=0.38 (n=8)
Evaluation at update 120: return=-177.98, length=200.00, success_rate=0.00, collisions/ep=0.00
Solved-check at update 120: solved=False worst_gap=1198.31 at p_x0=2.00 p_y0=0.00 (consecutive=0)
update=121 global_step=247808 SPS=397 w_ev=0.779 m_ev=0.888 m_v_bias=-3.9 m_adv_std=2.8327 m_kl_max=0.0055 m_ratio_max=0.399 return=-175.4 length=200 success_rate=0.00 collisions/ep=0.00 (n=9)
update=122 global_step=249856 SPS=399 w_ev=0.844 m_ev=0.683 m_v_bias=-1.7 m_adv_std=6.6942 m_kl_max=0.0331 m_ratio_max=1.124 return=-178.1 length=200 success_rate=0.00 collisions/ep=0.07 (n=15)
update=123 global_step=251904 SPS=401 w_ev=0.665 m_ev=0.472 m_v_bias=-0.7 m_adv_std=6.8364 m_kl_max=0.0133 m_ratio_max=0.768 return=-184.7 length=200 success_rate=0.00 collisions/ep=0.12 (n=8)
update=124 global_step=253952 SPS=402 w_ev=0.612 m_ev=0.126 m_v_bias=2.1 m_adv_std=18.6738 m_kl_max=0.0226 m_ratio_max=1.197 return=-176.9 length=200 success_rate=0.00 collisions/ep=0.00 (n=9)
update=125 global_step=256000 SPS=404 w_ev=0.786 m_ev=0.760 m_v_bias=-4.3 m_adv_std=4.3403 m_kl_max=0.0418 m_ratio_max=1.371 return=-188.5 length=200 success_rate=0.00 collisions/ep=0.27 (n=15)
Evaluation at update 125: return=-172.80, length=200.00, success_rate=0.00, collisions/ep=0.00
Solved-check at update 125: solved=False worst_gap=1192.98 at p_x0=2.00 p_y0=0.00 (consecutive=0)
update=126 global_step=258048 SPS=396 w_ev=0.756 m_ev=0.104 m_v_bias=4.9 m_adv_std=21.9265 m_kl_max=0.0085 m_ratio_max=0.451 return=-182.9 length=200 success_rate=0.00 collisions/ep=0.25 (n=8)
update=127 global_step=260096 SPS=398 w_ev=0.788 m_ev=0.728 m_v_bias=-4.5 m_adv_std=4.4539 m_kl_max=0.0160 m_ratio_max=0.842 return=-202.2 length=200 success_rate=0.00 collisions/ep=0.50 (n=8)
update=128 global_step=262144 SPS=400 w_ev=0.739 m_ev=0.491 m_v_bias=-0.6 m_adv_std=9.1458 m_kl_max=0.0086 m_ratio_max=0.370 return=-170.2 length=200 success_rate=0.00 collisions/ep=0.00 (n=9)
update=129 global_step=264192 SPS=402 w_ev=0.860 m_ev=0.623 m_v_bias=-1.0 m_adv_std=8.2624 m_kl_max=0.0122 m_ratio_max=0.517 return=-182.8 length=200 success_rate=0.00 collisions/ep=0.27 (n=15)
update=130 global_step=266240 SPS=404 w_ev=0.700 m_ev=0.085 m_v_bias=1.3 m_adv_std=18.9933 m_kl_max=0.0173 m_ratio_max=0.565 return=-174.1 length=200 success_rate=0.00 collisions/ep=0.12 (n=8)
Evaluation at update 130: return=-170.42, length=200.00, success_rate=0.00, collisions/ep=0.00
Solved-check at update 130: solved=False worst_gap=1190.60 at p_x0=2.00 p_y0=0.00 (consecutive=0)
update=131 global_step=268288 SPS=396 w_ev=0.757 m_ev=0.255 m_v_bias=0.6 m_adv_std=13.6543 m_kl_max=0.0354 m_ratio_max=1.474 return=-206.9 length=200 success_rate=0.00 collisions/ep=0.62 (n=8)
update=132 global_step=270336 SPS=398 w_ev=0.834 m_ev=0.932 m_v_bias=-3.9 m_adv_std=2.2987 m_kl_max=0.0179 m_ratio_max=0.749 return=-183.1 length=200 success_rate=0.00 collisions/ep=0.22 (n=9)
update=133 global_step=272384 SPS=400 w_ev=0.739 m_ev=0.070 m_v_bias=8.0 m_adv_std=38.4995 m_kl_max=0.0231 m_ratio_max=0.638 return=-197.9 length=200 success_rate=0.00 collisions/ep=0.60 (n=15)
update=134 global_step=274432 SPS=402 w_ev=0.855 m_ev=0.274 m_v_bias=-4.8 m_adv_std=14.6005 m_kl_max=0.0134 m_ratio_max=0.612 return=-196.3 length=200 success_rate=0.00 collisions/ep=0.50 (n=8)
update=135 global_step=276480 SPS=404 w_ev=0.845 m_ev=0.905 m_v_bias=-3.8 m_adv_std=2.8549 m_kl_max=0.0197 m_ratio_max=0.903 return=-167.0 length=200 success_rate=0.00 collisions/ep=0.00 (n=9)
Evaluation at update 135: return=-167.51, length=200.00, success_rate=0.00, collisions/ep=0.00
Solved-check at update 135: solved=False worst_gap=1187.86 at p_x0=2.00 p_y0=0.50 (consecutive=0)
update=136 global_step=278528 SPS=396 w_ev=0.854 m_ev=0.243 m_v_bias=2.8 m_adv_std=18.5606 m_kl_max=0.0242 m_ratio_max=1.100 return=-185.4 length=200 success_rate=0.00 collisions/ep=0.33 (n=15)
update=137 global_step=280576 SPS=397 w_ev=0.824 m_ev=0.385 m_v_bias=0.2 m_adv_std=14.6327 m_kl_max=0.0137 m_ratio_max=0.447 return=-180.0 length=200 success_rate=0.00 collisions/ep=0.38 (n=8)
update=138 global_step=282624 SPS=399 w_ev=0.861 m_ev=0.472 m_v_bias=-2.4 m_adv_std=10.3223 m_kl_max=0.0290 m_ratio_max=1.272 return=-199.2 length=200 success_rate=0.00 collisions/ep=0.62 (n=8)
update=139 global_step=284672 SPS=401 w_ev=0.763 m_ev=0.171 m_v_bias=-2.6 m_adv_std=21.4228 m_kl_max=0.0178 m_ratio_max=0.692 return=-192.7 length=200 success_rate=0.00 collisions/ep=0.56 (n=9)
update=140 global_step=286720 SPS=403 w_ev=0.885 m_ev=0.919 m_v_bias=-3.8 m_adv_std=3.1571 m_kl_max=0.0238 m_ratio_max=0.777 return=-166.2 length=200 success_rate=0.00 collisions/ep=0.00 (n=15)
Evaluation at update 140: return=-163.12, length=200.00, success_rate=0.00, collisions/ep=0.00
Solved-check at update 140: solved=False worst_gap=1183.54 at p_x0=2.00 p_y0=0.50 (consecutive=0)
update=141 global_step=288768 SPS=396 w_ev=0.887 m_ev=0.696 m_v_bias=-1.1 m_adv_std=7.2383 m_kl_max=0.0227 m_ratio_max=0.874 return=-165.8 length=200 success_rate=0.00 collisions/ep=0.12 (n=8)
update=142 global_step=290816 SPS=397 w_ev=0.889 m_ev=0.967 m_v_bias=-2.3 m_adv_std=1.9743 m_kl_max=0.0522 m_ratio_max=0.967 return=-159.1 length=200 success_rate=0.00 collisions/ep=0.00 (n=9)
update=143 global_step=292864 SPS=399 w_ev=0.922 m_ev=0.703 m_v_bias=-1.4 m_adv_std=6.3980 m_kl_max=0.0532 m_ratio_max=1.202 return=-160.9 length=200 success_rate=0.00 collisions/ep=0.07 (n=15)
update=144 global_step=294912 SPS=401 w_ev=0.903 m_ev=0.520 m_v_bias=-1.3 m_adv_std=10.9454 m_kl_max=0.0399 m_ratio_max=1.103 return=-160.4 length=200 success_rate=0.00 collisions/ep=0.00 (n=8)
update=145 global_step=296960 SPS=403 w_ev=0.824 m_ev=0.127 m_v_bias=3.7 m_adv_std=24.4322 m_kl_max=0.0363 m_ratio_max=1.040 return=-174.4 length=200 success_rate=0.00 collisions/ep=0.38 (n=8)
Evaluation at update 145: return=-155.77, length=200.00, success_rate=0.00, collisions/ep=0.00
Solved-check at update 145: solved=False worst_gap=1175.75 at p_x0=2.00 p_y0=0.00 (consecutive=0)
update=146 global_step=299008 SPS=396 w_ev=0.753 m_ev=0.123 m_v_bias=5.2 m_adv_std=43.1549 m_kl_max=0.0277 m_ratio_max=0.626 return=-234.0 length=200 success_rate=0.00 collisions/ep=1.56 (n=9)
update=147 global_step=301056 SPS=397 w_ev=0.909 m_ev=0.643 m_v_bias=-0.0 m_adv_std=10.7588 m_kl_max=0.0080 m_ratio_max=0.358 return=-179.4 length=200 success_rate=0.00 collisions/ep=0.47 (n=15)
update=148 global_step=303104 SPS=399 w_ev=0.911 m_ev=0.811 m_v_bias=-2.8 m_adv_std=6.6374 m_kl_max=0.0185 m_ratio_max=0.657 return=-163.6 length=200 success_rate=0.00 collisions/ep=0.12 (n=8)
update=149 global_step=305152 SPS=401 w_ev=0.816 m_ev=0.215 m_v_bias=3.0 m_adv_std=30.4814 m_kl_max=0.0256 m_ratio_max=0.672 return=-182.9 length=200 success_rate=0.00 collisions/ep=0.56 (n=9)
update=150 global_step=307200 SPS=402 w_ev=0.895 m_ev=0.744 m_v_bias=-4.4 m_adv_std=7.2664 m_kl_max=0.0204 m_ratio_max=0.766 return=-164.8 length=200 success_rate=0.00 collisions/ep=0.07 (n=15)
Evaluation at update 150: return=-155.70, length=200.00, success_rate=0.00, collisions/ep=0.00
Solved-check at update 150: solved=False worst_gap=1175.63 at p_x0=2.00 p_y0=0.00 (consecutive=0)
update=151 global_step=309248 SPS=396 w_ev=0.906 m_ev=0.552 m_v_bias=-0.4 m_adv_std=12.6093 m_kl_max=0.0121 m_ratio_max=0.520 return=-172.9 length=200 success_rate=0.00 collisions/ep=0.25 (n=8)
update=152 global_step=311296 SPS=397 w_ev=0.922 m_ev=0.683 m_v_bias=-0.9 m_adv_std=9.0137 m_kl_max=0.0108 m_ratio_max=0.968 return=-162.3 length=200 success_rate=0.00 collisions/ep=0.12 (n=8)
update=153 global_step=313344 SPS=399 w_ev=0.943 m_ev=0.779 m_v_bias=-1.9 m_adv_std=6.9499 m_kl_max=0.0268 m_ratio_max=0.548 return=-165.7 length=200 success_rate=0.00 collisions/ep=0.22 (n=9)
update=154 global_step=315392 SPS=401 w_ev=0.955 m_ev=0.838 m_v_bias=-2.2 m_adv_std=6.4723 m_kl_max=0.0099 m_ratio_max=0.481 return=-156.2 length=200 success_rate=0.00 collisions/ep=0.07 (n=15)
update=155 global_step=317440 SPS=403 w_ev=0.926 m_ev=0.973 m_v_bias=-2.1 m_adv_std=1.8214 m_kl_max=0.0283 m_ratio_max=1.403 return=-160.6 length=200 success_rate=0.00 collisions/ep=0.00 (n=8)
Evaluation at update 155: return=-154.36, length=200.00, success_rate=0.00, collisions/ep=0.00
Solved-check at update 155: solved=False worst_gap=1174.63 at p_x0=2.00 p_y0=0.00 (consecutive=0)
update=156 global_step=319488 SPS=396 w_ev=0.933 m_ev=0.448 m_v_bias=3.0 m_adv_std=16.0249 m_kl_max=0.0308 m_ratio_max=0.752 return=-164.7 length=200 success_rate=0.00 collisions/ep=0.12 (n=8)
update=157 global_step=321536 SPS=398 w_ev=0.734 m_ev=-0.057 m_v_bias=3.1 m_adv_std=32.6717 m_kl_max=0.0240 m_ratio_max=1.069 return=-176.1 length=200 success_rate=0.00 collisions/ep=0.44 (n=9)
update=158 global_step=323584 SPS=399 w_ev=0.947 m_ev=0.712 m_v_bias=-6.1 m_adv_std=6.5979 m_kl_max=0.0364 m_ratio_max=1.049 return=-186.1 length=200 success_rate=0.00 collisions/ep=0.47 (n=15)
update=159 global_step=325632 SPS=401 w_ev=0.701 m_ev=-0.028 m_v_bias=3.2 m_adv_std=42.0767 m_kl_max=0.0422 m_ratio_max=1.668 return=-161.6 length=200 success_rate=0.00 collisions/ep=0.12 (n=8)
update=160 global_step=327680 SPS=402 w_ev=0.898 m_ev=0.207 m_v_bias=-0.9 m_adv_std=16.2406 m_kl_max=0.0118 m_ratio_max=0.539 return=-206.7 length=200 success_rate=0.00 collisions/ep=1.11 (n=9)
Evaluation at update 160: return=-153.98, length=200.00, success_rate=0.00, collisions/ep=0.00
Solved-check at update 160: solved=False worst_gap=1174.19 at p_x0=2.00 p_y0=0.50 (consecutive=0)
update=161 global_step=329728 SPS=396 w_ev=0.932 m_ev=0.889 m_v_bias=-1.9 m_adv_std=4.5926 m_kl_max=0.0511 m_ratio_max=0.801 return=-157.8 length=200 success_rate=0.00 collisions/ep=0.07 (n=15)
update=162 global_step=331776 SPS=397 w_ev=0.943 m_ev=0.587 m_v_bias=0.7 m_adv_std=12.0475 m_kl_max=0.0225 m_ratio_max=1.152 return=-159.8 length=200 success_rate=0.00 collisions/ep=0.25 (n=8)
update=163 global_step=333824 SPS=399 w_ev=0.752 m_ev=0.019 m_v_bias=15.9 m_adv_std=51.7793 m_kl_max=0.0413 m_ratio_max=0.907 return=-164.6 length=200 success_rate=0.00 collisions/ep=0.25 (n=8)
update=164 global_step=335872 SPS=400 w_ev=0.850 m_ev=0.171 m_v_bias=0.4 m_adv_std=26.4045 m_kl_max=0.0108 m_ratio_max=0.316 return=-235.2 length=200 success_rate=0.00 collisions/ep=1.67 (n=9)
update=165 global_step=337920 SPS=402 w_ev=0.966 m_ev=0.608 m_v_bias=-2.1 m_adv_std=12.9282 m_kl_max=0.0328 m_ratio_max=1.182 return=-188.4 length=200 success_rate=0.00 collisions/ep=0.67 (n=15)
Evaluation at update 165: return=-153.85, length=200.00, success_rate=0.00, collisions/ep=0.00
Solved-check at update 165: solved=False worst_gap=1173.66 at p_x0=2.00 p_y0=0.00 (consecutive=0)
update=166 global_step=339968 SPS=395 w_ev=0.946 m_ev=0.924 m_v_bias=-5.2 m_adv_std=3.4034 m_kl_max=0.0236 m_ratio_max=1.460 return=-151.3 length=200 success_rate=0.00 collisions/ep=0.00 (n=8)
update=167 global_step=342016 SPS=397 w_ev=0.940 m_ev=0.960 m_v_bias=-3.4 m_adv_std=2.4453 m_kl_max=0.0250 m_ratio_max=0.611 return=-153.6 length=200 success_rate=0.00 collisions/ep=0.00 (n=9)
update=168 global_step=344064 SPS=399 w_ev=0.962 m_ev=0.981 m_v_bias=-2.9 m_adv_std=1.7869 m_kl_max=0.0168 m_ratio_max=0.521 return=-153.6 length=200 success_rate=0.00 collisions/ep=0.00 (n=15)
update=169 global_step=346112 SPS=400 w_ev=0.968 m_ev=0.852 m_v_bias=-0.6 m_adv_std=6.3410 m_kl_max=0.0178 m_ratio_max=1.001 return=-159.2 length=200 success_rate=0.00 collisions/ep=0.12 (n=8)
update=170 global_step=348160 SPS=402 w_ev=0.950 m_ev=0.977 m_v_bias=-1.9 m_adv_std=1.8224 m_kl_max=0.0209 m_ratio_max=0.812 return=-149.3 length=200 success_rate=0.00 collisions/ep=0.00 (n=8)
Evaluation at update 170: return=-150.79, length=200.00, success_rate=0.00, collisions/ep=0.00
Solved-check at update 170: solved=False worst_gap=1170.72 at p_x0=2.00 p_y0=0.00 (consecutive=0)
update=171 global_step=350208 SPS=396 w_ev=0.591 m_ev=0.005 m_v_bias=18.0 m_adv_std=73.1200 m_kl_max=0.0238 m_ratio_max=1.098 return=-248.4 length=200 success_rate=0.00 collisions/ep=1.89 (n=9)
update=172 global_step=352256 SPS=397 w_ev=0.917 m_ev=0.105 m_v_bias=-1.3 m_adv_std=26.5274 m_kl_max=0.0275 m_ratio_max=1.183 return=-192.2 length=200 success_rate=0.00 collisions/ep=0.73 (n=15)
update=173 global_step=354304 SPS=399 w_ev=0.934 m_ev=0.478 m_v_bias=-4.3 m_adv_std=12.1841 m_kl_max=0.0125 m_ratio_max=0.495 return=-173.6 length=200 success_rate=0.00 collisions/ep=0.38 (n=8)
update=174 global_step=356352 SPS=400 w_ev=0.910 m_ev=0.249 m_v_bias=2.9 m_adv_std=27.6818 m_kl_max=0.0343 m_ratio_max=0.838 return=-200.0 length=200 success_rate=0.00 collisions/ep=0.89 (n=9)
update=175 global_step=358400 SPS=402 w_ev=0.847 m_ev=0.154 m_v_bias=1.4 m_adv_std=29.9534 m_kl_max=0.0334 m_ratio_max=1.122 return=-173.6 length=200 success_rate=0.00 collisions/ep=0.40 (n=15)
Evaluation at update 175: return=-153.99, length=200.00, success_rate=0.00, collisions/ep=0.00
Solved-check at update 175: solved=False worst_gap=1173.92 at p_x0=2.00 p_y0=0.00 (consecutive=0)
update=176 global_step=360448 SPS=396 w_ev=0.941 m_ev=0.520 m_v_bias=-0.6 m_adv_std=18.1893 m_kl_max=0.0224 m_ratio_max=0.821 return=-179.0 length=200 success_rate=0.00 collisions/ep=0.50 (n=8)
update=177 global_step=362496 SPS=397 w_ev=0.946 m_ev=0.889 m_v_bias=-5.6 m_adv_std=4.4859 m_kl_max=0.0241 m_ratio_max=0.541 return=-154.7 length=200 success_rate=0.00 collisions/ep=0.00 (n=8)
update=178 global_step=364544 SPS=399 w_ev=0.934 m_ev=0.773 m_v_bias=-3.8 m_adv_std=6.7939 m_kl_max=0.0169 m_ratio_max=0.679 return=-164.1 length=200 success_rate=0.00 collisions/ep=0.22 (n=9)
update=179 global_step=366592 SPS=400 w_ev=0.950 m_ev=0.415 m_v_bias=0.1 m_adv_std=17.4813 m_kl_max=0.0196 m_ratio_max=0.756 return=-162.4 length=200 success_rate=0.00 collisions/ep=0.20 (n=15)
update=180 global_step=368640 SPS=402 w_ev=0.936 m_ev=0.780 m_v_bias=-1.4 m_adv_std=6.6397 m_kl_max=0.0088 m_ratio_max=0.370 return=-159.5 length=200 success_rate=0.00 collisions/ep=0.12 (n=8)
Evaluation at update 180: return=-154.43, length=200.00, success_rate=0.00, collisions/ep=0.00
Solved-check at update 180: solved=False worst_gap=1174.76 at p_x0=2.00 p_y0=0.00 (consecutive=0)
update=181 global_step=370688 SPS=396 w_ev=0.941 m_ev=0.819 m_v_bias=-1.0 m_adv_std=6.0089 m_kl_max=0.0238 m_ratio_max=0.768 return=-166.1 length=200 success_rate=0.00 collisions/ep=0.12 (n=8)
update=182 global_step=372736 SPS=397 w_ev=0.955 m_ev=0.989 m_v_bias=-1.9 m_adv_std=1.3360 m_kl_max=0.0233 m_ratio_max=1.175 return=-152.5 length=200 success_rate=0.00 collisions/ep=0.00 (n=9)
update=183 global_step=374784 SPS=398 w_ev=0.966 m_ev=0.848 m_v_bias=-0.1 m_adv_std=6.4354 m_kl_max=0.0216 m_ratio_max=0.649 return=-156.0 length=200 success_rate=0.00 collisions/ep=0.07 (n=15)
update=184 global_step=376832 SPS=400 w_ev=0.946 m_ev=0.984 m_v_bias=-1.8 m_adv_std=1.4434 m_kl_max=0.0312 m_ratio_max=0.961 return=-155.4 length=200 success_rate=0.00 collisions/ep=0.00 (n=8)
update=185 global_step=378880 SPS=401 w_ev=0.942 m_ev=0.555 m_v_bias=1.4 m_adv_std=13.1287 m_kl_max=0.0100 m_ratio_max=0.621 return=-170.0 length=200 success_rate=0.00 collisions/ep=0.33 (n=9)
Evaluation at update 185: return=-152.76, length=200.00, success_rate=0.00, collisions/ep=0.00
Solved-check at update 185: solved=False worst_gap=1172.99 at p_x0=2.00 p_y0=0.00 (consecutive=0)
update=186 global_step=380928 SPS=396 w_ev=0.977 m_ev=0.756 m_v_bias=1.7 m_adv_std=8.8907 m_kl_max=0.0152 m_ratio_max=0.629 return=-160.8 length=200 success_rate=0.00 collisions/ep=0.13 (n=15)
update=187 global_step=382976 SPS=397 w_ev=0.961 m_ev=0.962 m_v_bias=-2.3 m_adv_std=2.6116 m_kl_max=0.0241 m_ratio_max=0.670 return=-147.7 length=200 success_rate=0.00 collisions/ep=0.00 (n=8)
update=188 global_step=385024 SPS=398 w_ev=0.970 m_ev=0.801 m_v_bias=-1.0 m_adv_std=5.6677 m_kl_max=0.0353 m_ratio_max=1.075 return=-156.3 length=200 success_rate=0.00 collisions/ep=0.00 (n=8)
update=189 global_step=387072 SPS=400 w_ev=0.928 m_ev=0.320 m_v_bias=1.4 m_adv_std=21.3721 m_kl_max=0.0271 m_ratio_max=1.153 return=-180.6 length=200 success_rate=0.00 collisions/ep=0.56 (n=9)
update=190 global_step=389120 SPS=401 w_ev=0.970 m_ev=0.799 m_v_bias=1.7 m_adv_std=8.3186 m_kl_max=0.0276 m_ratio_max=0.959 return=-160.3 length=200 success_rate=0.00 collisions/ep=0.13 (n=15)
Evaluation at update 190: return=-154.34, length=200.00, success_rate=0.00, collisions/ep=0.00
Solved-check at update 190: solved=False worst_gap=1174.93 at p_x0=2.00 p_y0=0.00 (consecutive=0)
update=191 global_step=391168 SPS=395 w_ev=0.963 m_ev=0.956 m_v_bias=-1.4 m_adv_std=2.3856 m_kl_max=0.0124 m_ratio_max=0.463 return=-154.8 length=200 success_rate=0.00 collisions/ep=0.00 (n=8)
update=192 global_step=393216 SPS=397 w_ev=0.967 m_ev=0.988 m_v_bias=-1.9 m_adv_std=1.3847 m_kl_max=0.0278 m_ratio_max=0.589 return=-153.5 length=200 success_rate=0.00 collisions/ep=0.00 (n=9)
update=193 global_step=395264 SPS=398 w_ev=0.964 m_ev=0.736 m_v_bias=0.8 m_adv_std=7.8199 m_kl_max=0.0398 m_ratio_max=1.145 return=-157.4 length=200 success_rate=0.00 collisions/ep=0.13 (n=15)
update=194 global_step=397312 SPS=399 w_ev=0.847 m_ev=0.123 m_v_bias=8.7 m_adv_std=44.0661 m_kl_max=0.0179 m_ratio_max=0.619 return=-196.5 length=200 success_rate=0.00 collisions/ep=0.88 (n=8)
update=195 global_step=399360 SPS=401 w_ev=0.946 m_ev=0.888 m_v_bias=-4.1 m_adv_std=4.3730 m_kl_max=0.0202 m_ratio_max=0.793 return=-151.4 length=200 success_rate=0.00 collisions/ep=0.00 (n=8)
Evaluation at update 195: return=-153.61, length=200.00, success_rate=0.00, collisions/ep=0.00
Solved-check at update 195: solved=False worst_gap=1174.22 at p_x0=2.00 p_y0=0.00 (consecutive=0)
update=196 global_step=401408 SPS=396 w_ev=0.970 m_ev=0.829 m_v_bias=-2.2 m_adv_std=6.5942 m_kl_max=0.0290 m_ratio_max=0.894 return=-156.6 length=200 success_rate=0.00 collisions/ep=0.11 (n=9)
update=197 global_step=403456 SPS=397 w_ev=0.967 m_ev=0.631 m_v_bias=0.4 m_adv_std=12.3756 m_kl_max=0.0205 m_ratio_max=1.044 return=-157.1 length=200 success_rate=0.00 collisions/ep=0.13 (n=15)
update=198 global_step=405504 SPS=398 w_ev=0.966 m_ev=0.966 m_v_bias=-2.2 m_adv_std=2.2217 m_kl_max=0.0283 m_ratio_max=0.885 return=-151.8 length=200 success_rate=0.00 collisions/ep=0.00 (n=8)
update=199 global_step=407552 SPS=399 w_ev=0.972 m_ev=0.985 m_v_bias=-2.3 m_adv_std=1.3941 m_kl_max=0.0111 m_ratio_max=0.413 return=-151.4 length=200 success_rate=0.00 collisions/ep=0.00 (n=9)
update=200 global_step=409600 SPS=401 w_ev=0.977 m_ev=0.685 m_v_bias=2.5 m_adv_std=10.7685 m_kl_max=0.0293 m_ratio_max=0.835 return=-160.7 length=200 success_rate=0.00 collisions/ep=0.20 (n=15)
Evaluation at update 200: return=-152.94, length=200.00, success_rate=0.00, collisions/ep=0.00
Solved-check at update 200: solved=False worst_gap=1173.59 at p_x0=2.00 p_y0=0.00 (consecutive=0)
update=201 global_step=411648 SPS=396 w_ev=0.985 m_ev=0.975 m_v_bias=-0.6 m_adv_std=2.2422 m_kl_max=0.0131 m_ratio_max=0.556 return=-153.3 length=200 success_rate=0.00 collisions/ep=0.00 (n=8)
update=202 global_step=413696 SPS=397 w_ev=0.921 m_ev=0.178 m_v_bias=0.4 m_adv_std=15.4309 m_kl_max=0.0299 m_ratio_max=0.892 return=-153.2 length=200 success_rate=0.00 collisions/ep=0.00 (n=8)
update=203 global_step=415744 SPS=398 w_ev=0.970 m_ev=0.609 m_v_bias=-1.9 m_adv_std=9.2805 m_kl_max=0.0200 m_ratio_max=0.617 return=-174.0 length=200 success_rate=0.00 collisions/ep=0.44 (n=9)
update=204 global_step=417792 SPS=399 w_ev=0.977 m_ev=0.972 m_v_bias=-0.9 m_adv_std=2.3302 m_kl_max=0.0176 m_ratio_max=0.637 return=-155.3 length=200 success_rate=0.00 collisions/ep=0.07 (n=15)
update=205 global_step=419840 SPS=400 w_ev=0.971 m_ev=0.991 m_v_bias=-0.7 m_adv_std=1.1244 m_kl_max=0.0267 m_ratio_max=0.884 return=-153.8 length=200 success_rate=0.00 collisions/ep=0.00 (n=8)
Evaluation at update 205: return=-151.21, length=200.00, success_rate=0.00, collisions/ep=0.00
Solved-check at update 205: solved=False worst_gap=1170.90 at p_x0=2.00 p_y0=1.00 (consecutive=0)
update=206 global_step=421888 SPS=396 w_ev=0.970 m_ev=0.701 m_v_bias=1.2 m_adv_std=8.3247 m_kl_max=0.0203 m_ratio_max=0.865 return=-162.6 length=200 success_rate=0.00 collisions/ep=0.12 (n=8)
update=207 global_step=423936 SPS=397 w_ev=0.981 m_ev=0.987 m_v_bias=-1.7 m_adv_std=1.5169 m_kl_max=0.0338 m_ratio_max=1.472 return=-153.0 length=200 success_rate=0.00 collisions/ep=0.11 (n=9)
update=208 global_step=425984 SPS=398 w_ev=0.988 m_ev=0.867 m_v_bias=0.5 m_adv_std=6.0589 m_kl_max=0.0167 m_ratio_max=0.560 return=-152.3 length=200 success_rate=0.00 collisions/ep=0.07 (n=15)
update=209 global_step=428032 SPS=399 w_ev=0.916 m_ev=0.205 m_v_bias=7.5 m_adv_std=24.8168 m_kl_max=0.0280 m_ratio_max=0.747 return=-168.1 length=200 success_rate=0.00 collisions/ep=0.38 (n=8)
update=210 global_step=430080 SPS=401 w_ev=0.967 m_ev=0.859 m_v_bias=-4.0 m_adv_std=4.7151 m_kl_max=0.0227 m_ratio_max=0.779 return=-173.8 length=200 success_rate=0.00 collisions/ep=0.44 (n=9)
Evaluation at update 210: return=-150.28, length=200.00, success_rate=0.00, collisions/ep=0.00
Solved-check at update 210: solved=False worst_gap=1171.15 at p_x0=2.00 p_y0=0.50 (consecutive=0)
update=211 global_step=432128 SPS=396 w_ev=0.979 m_ev=0.629 m_v_bias=-0.6 m_adv_std=11.3599 m_kl_max=0.0163 m_ratio_max=0.866 return=-158.7 length=200 success_rate=0.00 collisions/ep=0.13 (n=15)
update=212 global_step=434176 SPS=397 w_ev=0.979 m_ev=0.975 m_v_bias=-2.3 m_adv_std=2.2536 m_kl_max=0.0152 m_ratio_max=0.819 return=-149.7 length=200 success_rate=0.00 collisions/ep=0.00 (n=8)
update=213 global_step=436224 SPS=398 w_ev=0.976 m_ev=0.831 m_v_bias=-1.1 m_adv_std=6.1364 m_kl_max=0.0347 m_ratio_max=1.364 return=-157.4 length=200 success_rate=0.00 collisions/ep=0.12 (n=8)
update=214 global_step=438272 SPS=399 w_ev=0.983 m_ev=0.781 m_v_bias=-0.2 m_adv_std=6.1768 m_kl_max=0.0155 m_ratio_max=0.583 return=-149.5 length=200 success_rate=0.00 collisions/ep=0.00 (n=9)
update=215 global_step=440320 SPS=400 w_ev=0.983 m_ev=0.791 m_v_bias=0.5 m_adv_std=8.0360 m_kl_max=0.0154 m_ratio_max=0.632 return=-160.9 length=200 success_rate=0.00 collisions/ep=0.20 (n=15)
Evaluation at update 215: return=-148.98, length=200.00, success_rate=0.00, collisions/ep=0.00
Solved-check at update 215: solved=False worst_gap=1171.22 at p_x0=2.00 p_y0=0.00 (consecutive=0)
update=216 global_step=442368 SPS=395 w_ev=0.969 m_ev=0.833 m_v_bias=-0.8 m_adv_std=5.7010 m_kl_max=0.0172 m_ratio_max=0.796 return=-156.1 length=200 success_rate=0.00 collisions/ep=0.12 (n=8)
update=217 global_step=444416 SPS=396 w_ev=0.948 m_ev=0.274 m_v_bias=6.8 m_adv_std=25.5918 m_kl_max=0.0380 m_ratio_max=1.884 return=-177.5 length=200 success_rate=0.00 collisions/ep=0.56 (n=9)
update=218 global_step=446464 SPS=397 w_ev=0.990 m_ev=0.925 m_v_bias=-3.7 m_adv_std=3.7488 m_kl_max=0.0104 m_ratio_max=0.417 return=-157.7 length=200 success_rate=0.00 collisions/ep=0.20 (n=15)
update=219 global_step=448512 SPS=399 w_ev=0.981 m_ev=0.864 m_v_bias=-1.1 m_adv_std=6.2079 m_kl_max=0.0129 m_ratio_max=0.754 return=-160.3 length=200 success_rate=0.00 collisions/ep=0.12 (n=8)
update=220 global_step=450560 SPS=400 w_ev=0.981 m_ev=0.982 m_v_bias=-2.0 m_adv_std=1.5758 m_kl_max=0.0097 m_ratio_max=0.508 return=-148.0 length=200 success_rate=0.00 collisions/ep=0.00 (n=8)
Evaluation at update 220: return=-148.79, length=200.00, success_rate=0.00, collisions/ep=0.00
Solved-check at update 220: solved=False worst_gap=1170.38 at p_x0=2.00 p_y0=0.00 (consecutive=0)
update=221 global_step=452608 SPS=395 w_ev=0.981 m_ev=0.992 m_v_bias=-1.6 m_adv_std=1.1188 m_kl_max=0.0193 m_ratio_max=0.562 return=-150.3 length=200 success_rate=0.00 collisions/ep=0.00 (n=9)
update=222 global_step=454656 SPS=396 w_ev=0.991 m_ev=0.777 m_v_bias=2.2 m_adv_std=9.7533 m_kl_max=0.0387 m_ratio_max=0.844 return=-157.5 length=200 success_rate=0.00 collisions/ep=0.20 (n=15)
update=223 global_step=456704 SPS=397 w_ev=0.983 m_ev=0.972 m_v_bias=-1.0 m_adv_std=2.1209 m_kl_max=0.0078 m_ratio_max=0.428 return=-144.9 length=200 success_rate=0.00 collisions/ep=0.00 (n=8)
update=224 global_step=458752 SPS=399 w_ev=0.985 m_ev=0.993 m_v_bias=-0.7 m_adv_std=0.9969 m_kl_max=0.0171 m_ratio_max=0.518 return=-150.9 length=200 success_rate=0.00 collisions/ep=0.00 (n=9)
update=225 global_step=460800 SPS=400 w_ev=0.985 m_ev=0.806 m_v_bias=0.1 m_adv_std=6.0187 m_kl_max=0.0039 m_ratio_max=0.311 return=-153.0 length=200 success_rate=0.00 collisions/ep=0.07 (n=15)
Evaluation at update 225: return=-148.71, length=200.00, success_rate=0.00, collisions/ep=0.00
Solved-check at update 225: solved=False worst_gap=1170.44 at p_x0=2.00 p_y0=0.00 (consecutive=0)
update=226 global_step=462848 SPS=395 w_ev=0.990 m_ev=0.990 m_v_bias=-1.3 m_adv_std=1.4614 m_kl_max=0.0274 m_ratio_max=0.636 return=-149.8 length=200 success_rate=0.00 collisions/ep=0.00 (n=8)
update=227 global_step=464896 SPS=396 w_ev=0.982 m_ev=0.799 m_v_bias=0.3 m_adv_std=6.1995 m_kl_max=0.0439 m_ratio_max=1.406 return=-155.4 length=200 success_rate=0.00 collisions/ep=0.12 (n=8)
update=228 global_step=466944 SPS=397 w_ev=0.989 m_ev=0.994 m_v_bias=-0.7 m_adv_std=0.9488 m_kl_max=0.0457 m_ratio_max=1.287 return=-150.2 length=200 success_rate=0.00 collisions/ep=0.00 (n=9)
update=229 global_step=468992 SPS=398 w_ev=0.989 m_ev=0.996 m_v_bias=-1.0 m_adv_std=0.9192 m_kl_max=0.0257 m_ratio_max=0.678 return=-148.1 length=200 success_rate=0.00 collisions/ep=0.00 (n=15)
update=230 global_step=471040 SPS=400 w_ev=0.984 m_ev=0.825 m_v_bias=0.9 m_adv_std=6.4950 m_kl_max=0.0181 m_ratio_max=0.768 return=-151.0 length=200 success_rate=0.00 collisions/ep=0.12 (n=8)
Evaluation at update 230: return=-146.09, length=200.00, success_rate=0.00, collisions/ep=0.00
Solved-check at update 230: solved=False worst_gap=1167.63 at p_x0=2.00 p_y0=0.00 (consecutive=0)
update=231 global_step=473088 SPS=395 w_ev=0.985 m_ev=0.807 m_v_bias=1.0 m_adv_std=6.5135 m_kl_max=0.0179 m_ratio_max=0.661 return=-147.2 length=200 success_rate=0.00 collisions/ep=0.00 (n=8)
update=232 global_step=475136 SPS=396 w_ev=0.958 m_ev=0.352 m_v_bias=4.7 m_adv_std=18.8783 m_kl_max=0.0154 m_ratio_max=0.648 return=-152.4 length=200 success_rate=0.00 collisions/ep=0.11 (n=9)
update=233 global_step=477184 SPS=397 w_ev=0.988 m_ev=0.836 m_v_bias=0.1 m_adv_std=8.1142 m_kl_max=0.0284 m_ratio_max=0.702 return=-168.7 length=200 success_rate=0.00 collisions/ep=0.40 (n=15)
update=234 global_step=479232 SPS=398 w_ev=0.982 m_ev=0.962 m_v_bias=-2.5 m_adv_std=2.4835 m_kl_max=0.0676 m_ratio_max=4.807 return=-146.6 length=200 success_rate=0.00 collisions/ep=0.00 (n=8)
update=235 global_step=481280 SPS=399 w_ev=0.985 m_ev=0.801 m_v_bias=-0.7 m_adv_std=6.5379 m_kl_max=0.0190 m_ratio_max=0.784 return=-151.4 length=200 success_rate=0.00 collisions/ep=0.00 (n=9)
Evaluation at update 235: return=-147.87, length=200.00, success_rate=0.00, collisions/ep=0.00
Solved-check at update 235: solved=False worst_gap=1169.33 at p_x0=2.00 p_y0=0.00 (consecutive=0)
update=236 global_step=483328 SPS=395 w_ev=0.991 m_ev=0.992 m_v_bias=-1.7 m_adv_std=1.2706 m_kl_max=0.0222 m_ratio_max=1.489 return=-152.3 length=200 success_rate=0.00 collisions/ep=0.07 (n=15)
update=237 global_step=485376 SPS=396 w_ev=0.985 m_ev=0.840 m_v_bias=-0.5 m_adv_std=5.2669 m_kl_max=0.0124 m_ratio_max=0.750 return=-156.4 length=200 success_rate=0.00 collisions/ep=0.12 (n=8)
update=238 global_step=487424 SPS=397 w_ev=0.979 m_ev=0.813 m_v_bias=0.0 m_adv_std=6.3980 m_kl_max=0.0248 m_ratio_max=0.640 return=-155.7 length=200 success_rate=0.00 collisions/ep=0.12 (n=8)
update=239 global_step=489472 SPS=398 w_ev=0.983 m_ev=0.895 m_v_bias=-0.2 m_adv_std=4.5954 m_kl_max=0.0115 m_ratio_max=0.562 return=-155.5 length=200 success_rate=0.00 collisions/ep=0.11 (n=9)
update=240 global_step=491520 SPS=399 w_ev=0.990 m_ev=0.848 m_v_bias=0.8 m_adv_std=6.2351 m_kl_max=0.0132 m_ratio_max=0.436 return=-151.6 length=200 success_rate=0.00 collisions/ep=0.07 (n=15)
Evaluation at update 240: return=-148.02, length=200.00, success_rate=0.00, collisions/ep=0.00
Solved-check at update 240: solved=False worst_gap=1169.27 at p_x0=2.00 p_y0=0.50 (consecutive=0)
update=241 global_step=493568 SPS=395 w_ev=0.987 m_ev=0.987 m_v_bias=-0.6 m_adv_std=1.2447 m_kl_max=0.0200 m_ratio_max=0.738 return=-151.5 length=200 success_rate=0.00 collisions/ep=0.00 (n=8)
update=242 global_step=495616 SPS=396 w_ev=0.989 m_ev=0.994 m_v_bias=-0.8 m_adv_std=0.9294 m_kl_max=0.0273 m_ratio_max=1.205 return=-151.8 length=200 success_rate=0.00 collisions/ep=0.00 (n=9)
update=243 global_step=497664 SPS=397 w_ev=0.991 m_ev=0.997 m_v_bias=-0.8 m_adv_std=0.5983 m_kl_max=0.0314 m_ratio_max=1.143 return=-149.4 length=200 success_rate=0.00 collisions/ep=0.00 (n=15)
update=244 global_step=499712 SPS=398 w_ev=0.991 m_ev=0.866 m_v_bias=0.6 m_adv_std=6.2053 m_kl_max=0.0149 m_ratio_max=0.611 return=-146.3 length=200 success_rate=0.00 collisions/ep=0.00 (n=8)
update=245 global_step=501760 SPS=399 w_ev=0.987 m_ev=0.611 m_v_bias=1.5 m_adv_std=8.4047 m_kl_max=0.0178 m_ratio_max=0.509 return=-152.0 length=200 success_rate=0.00 collisions/ep=0.12 (n=8)
Evaluation at update 245: return=-148.49, length=200.00, success_rate=0.00, collisions/ep=0.00
Solved-check at update 245: solved=False worst_gap=1169.26 at p_x0=2.00 p_y0=0.00 (consecutive=0)
update=246 global_step=503808 SPS=395 w_ev=0.989 m_ev=0.964 m_v_bias=-1.5 m_adv_std=2.5502 m_kl_max=0.0374 m_ratio_max=1.216 return=-159.3 length=200 success_rate=0.00 collisions/ep=0.22 (n=9)
update=247 global_step=505856 SPS=396 w_ev=0.989 m_ev=0.905 m_v_bias=-0.3 m_adv_std=4.9329 m_kl_max=0.0128 m_ratio_max=0.643 return=-149.9 length=200 success_rate=0.00 collisions/ep=0.07 (n=15)
update=248 global_step=507904 SPS=397 w_ev=0.968 m_ev=0.527 m_v_bias=2.0 m_adv_std=12.3981 m_kl_max=0.0231 m_ratio_max=0.830 return=-162.3 length=200 success_rate=0.00 collisions/ep=0.25 (n=8)
update=249 global_step=509952 SPS=398 w_ev=0.936 m_ev=0.200 m_v_bias=2.2 m_adv_std=16.5837 m_kl_max=0.0154 m_ratio_max=0.794 return=-174.9 length=200 success_rate=0.00 collisions/ep=0.44 (n=9)
update=250 global_step=512000 SPS=399 w_ev=0.989 m_ev=0.764 m_v_bias=-1.1 m_adv_std=7.3318 m_kl_max=0.0234 m_ratio_max=0.912 return=-150.4 length=200 success_rate=0.00 collisions/ep=0.07 (n=15)
Evaluation at update 250: return=-147.82, length=200.00, success_rate=0.00, collisions/ep=0.00
Solved-check at update 250: solved=False worst_gap=1167.75 at p_x0=2.00 p_y0=0.50 (consecutive=0)
update=251 global_step=514048 SPS=395 w_ev=0.992 m_ev=0.981 m_v_bias=-1.3 m_adv_std=2.1358 m_kl_max=0.0285 m_ratio_max=0.763 return=-145.1 length=200 success_rate=0.00 collisions/ep=0.00 (n=8)
update=252 global_step=516096 SPS=396 w_ev=0.991 m_ev=0.800 m_v_bias=0.8 m_adv_std=6.2288 m_kl_max=0.0230 m_ratio_max=0.722 return=-147.3 length=200 success_rate=0.00 collisions/ep=0.00 (n=8)
update=253 global_step=518144 SPS=397 w_ev=0.991 m_ev=0.994 m_v_bias=-0.8 m_adv_std=1.0126 m_kl_max=0.0102 m_ratio_max=0.732 return=-150.4 length=200 success_rate=0.00 collisions/ep=0.11 (n=9)
update=254 global_step=520192 SPS=397 w_ev=0.992 m_ev=0.997 m_v_bias=-0.8 m_adv_std=0.7620 m_kl_max=0.0392 m_ratio_max=1.299 return=-148.6 length=200 success_rate=0.00 collisions/ep=0.00 (n=15)
update=255 global_step=522240 SPS=398 w_ev=0.976 m_ev=0.627 m_v_bias=0.3 m_adv_std=9.7582 m_kl_max=0.0178 m_ratio_max=0.771 return=-167.4 length=200 success_rate=0.00 collisions/ep=0.38 (n=8)
Evaluation at update 255: return=-146.61, length=200.00, success_rate=0.00, collisions/ep=0.00
Solved-check at update 255: solved=False worst_gap=1167.77 at p_x0=2.00 p_y0=0.50 (consecutive=0)
update=256 global_step=524288 SPS=394 w_ev=0.956 m_ev=0.348 m_v_bias=5.6 m_adv_std=21.8746 m_kl_max=0.0643 m_ratio_max=1.760 return=-167.8 length=200 success_rate=0.00 collisions/ep=0.50 (n=8)
update=257 global_step=526336 SPS=395 w_ev=0.991 m_ev=0.932 m_v_bias=-2.6 m_adv_std=3.7441 m_kl_max=0.0210 m_ratio_max=0.579 return=-150.2 length=200 success_rate=0.00 collisions/ep=0.11 (n=9)
update=258 global_step=528384 SPS=396 w_ev=0.982 m_ev=0.657 m_v_bias=0.7 m_adv_std=11.7742 m_kl_max=0.0295 m_ratio_max=0.767 return=-153.6 length=200 success_rate=0.00 collisions/ep=0.13 (n=15)
update=259 global_step=530432 SPS=397 w_ev=0.990 m_ev=0.979 m_v_bias=-1.5 m_adv_std=1.6693 m_kl_max=0.0146 m_ratio_max=0.571 return=-152.6 length=200 success_rate=0.00 collisions/ep=0.00 (n=8)
update=260 global_step=532480 SPS=398 w_ev=0.990 m_ev=0.993 m_v_bias=-1.3 m_adv_std=1.1212 m_kl_max=0.0197 m_ratio_max=0.505 return=-148.8 length=200 success_rate=0.00 collisions/ep=0.00 (n=9)
Evaluation at update 260: return=-147.74, length=200.00, success_rate=0.00, collisions/ep=0.00
Solved-check at update 260: solved=False worst_gap=1169.18 at p_x0=2.00 p_y0=0.50 (consecutive=0)
update=261 global_step=534528 SPS=394 w_ev=0.993 m_ev=0.997 m_v_bias=-0.8 m_adv_std=0.7422 m_kl_max=0.0132 m_ratio_max=0.545 return=-149.0 length=200 success_rate=0.00 collisions/ep=0.00 (n=15)
update=262 global_step=536576 SPS=395 w_ev=0.992 m_ev=0.998 m_v_bias=-0.6 m_adv_std=0.6469 m_kl_max=0.0329 m_ratio_max=0.958 return=-149.2 length=200 success_rate=0.00 collisions/ep=0.00 (n=8)
update=263 global_step=538624 SPS=396 w_ev=0.991 m_ev=0.997 m_v_bias=-0.6 m_adv_std=0.6613 m_kl_max=0.0415 m_ratio_max=0.965 return=-148.4 length=200 success_rate=0.00 collisions/ep=0.00 (n=8)
update=264 global_step=540672 SPS=397 w_ev=0.930 m_ev=0.078 m_v_bias=4.3 m_adv_std=22.9860 m_kl_max=0.0218 m_ratio_max=0.633 return=-147.9 length=200 success_rate=0.00 collisions/ep=0.00 (n=9)
update=265 global_step=542720 SPS=398 w_ev=0.971 m_ev=0.345 m_v_bias=-1.7 m_adv_std=16.5399 m_kl_max=0.0192 m_ratio_max=0.648 return=-162.8 length=200 success_rate=0.00 collisions/ep=0.33 (n=15)
Evaluation at update 265: return=-146.24, length=200.00, success_rate=0.00, collisions/ep=0.00
Solved-check at update 265: solved=False worst_gap=1167.48 at p_x0=2.00 p_y0=0.50 (consecutive=0)
update=266 global_step=544768 SPS=394 w_ev=0.985 m_ev=0.869 m_v_bias=-2.5 m_adv_std=4.6861 m_kl_max=0.0340 m_ratio_max=0.729 return=-163.6 length=200 success_rate=0.00 collisions/ep=0.38 (n=8)
update=267 global_step=546816 SPS=395 w_ev=0.940 m_ev=0.303 m_v_bias=4.1 m_adv_std=23.4648 m_kl_max=0.0349 m_ratio_max=0.954 return=-169.3 length=200 success_rate=0.00 collisions/ep=0.44 (n=9)
update=268 global_step=548864 SPS=396 w_ev=0.990 m_ev=0.947 m_v_bias=-1.8 m_adv_std=3.2379 m_kl_max=0.0188 m_ratio_max=0.919 return=-146.8 length=200 success_rate=0.00 collisions/ep=0.00 (n=15)
update=269 global_step=550912 SPS=397 w_ev=0.991 m_ev=0.877 m_v_bias=-0.1 m_adv_std=5.9345 m_kl_max=0.0191 m_ratio_max=0.743 return=-149.7 length=200 success_rate=0.00 collisions/ep=0.12 (n=8)
update=270 global_step=552960 SPS=398 w_ev=0.990 m_ev=0.987 m_v_bias=-1.7 m_adv_std=1.4233 m_kl_max=0.0351 m_ratio_max=1.228 return=-149.9 length=200 success_rate=0.00 collisions/ep=0.00 (n=8)
Evaluation at update 270: return=-145.52, length=200.00, success_rate=0.00, collisions/ep=0.00
Solved-check at update 270: solved=False worst_gap=1166.84 at p_x0=2.00 p_y0=0.50 (consecutive=0)
update=271 global_step=555008 SPS=394 w_ev=0.983 m_ev=0.690 m_v_bias=1.1 m_adv_std=8.4862 m_kl_max=0.0341 m_ratio_max=1.800 return=-152.2 length=200 success_rate=0.00 collisions/ep=0.11 (n=9)
update=272 global_step=557056 SPS=395 w_ev=0.974 m_ev=0.454 m_v_bias=2.9 m_adv_std=18.7659 m_kl_max=0.0201 m_ratio_max=0.522 return=-157.5 length=200 success_rate=0.00 collisions/ep=0.27 (n=15)
update=273 global_step=559104 SPS=396 w_ev=0.983 m_ev=0.833 m_v_bias=-1.2 m_adv_std=5.8701 m_kl_max=0.0257 m_ratio_max=1.251 return=-153.7 length=200 success_rate=0.00 collisions/ep=0.12 (n=8)
update=274 global_step=561152 SPS=397 w_ev=0.990 m_ev=0.971 m_v_bias=-2.2 m_adv_std=2.1357 m_kl_max=0.0213 m_ratio_max=0.818 return=-149.7 length=200 success_rate=0.00 collisions/ep=0.00 (n=9)
update=275 global_step=563200 SPS=398 w_ev=0.994 m_ev=0.993 m_v_bias=-1.0 m_adv_std=1.1611 m_kl_max=0.0283 m_ratio_max=0.986 return=-146.8 length=200 success_rate=0.00 collisions/ep=0.00 (n=15)
Evaluation at update 275: return=-147.23, length=200.00, success_rate=0.00, collisions/ep=0.00
Solved-check at update 275: solved=False worst_gap=1168.63 at p_x0=2.00 p_y0=0.50 (consecutive=0)
update=276 global_step=565248 SPS=394 w_ev=0.987 m_ev=0.996 m_v_bias=-0.8 m_adv_std=0.9999 m_kl_max=0.0281 m_ratio_max=1.268 return=-149.3 length=200 success_rate=0.00 collisions/ep=0.00 (n=8)
update=277 global_step=567296 SPS=395 w_ev=0.988 m_ev=0.996 m_v_bias=-0.2 m_adv_std=0.7580 m_kl_max=0.0130 m_ratio_max=0.462 return=-148.8 length=200 success_rate=0.00 collisions/ep=0.00 (n=8)
update=278 global_step=569344 SPS=396 w_ev=0.992 m_ev=0.997 m_v_bias=-0.5 m_adv_std=0.6930 m_kl_max=0.0607 m_ratio_max=1.380 return=-150.1 length=200 success_rate=0.00 collisions/ep=0.00 (n=9)
update=279 global_step=571392 SPS=397 w_ev=0.996 m_ev=0.997 m_v_bias=-0.6 m_adv_std=0.8138 m_kl_max=0.0379 m_ratio_max=1.086 return=-146.2 length=200 success_rate=0.00 collisions/ep=0.00 (n=15)
update=280 global_step=573440 SPS=398 w_ev=0.981 m_ev=0.579 m_v_bias=3.7 m_adv_std=13.8714 m_kl_max=0.0225 m_ratio_max=1.280 return=-164.4 length=200 success_rate=0.00 collisions/ep=0.38 (n=8)
Evaluation at update 280: return=-146.24, length=200.00, success_rate=0.00, collisions/ep=0.00
Solved-check at update 280: solved=False worst_gap=1167.47 at p_x0=2.00 p_y0=0.50 (consecutive=0)
update=281 global_step=575488 SPS=394 w_ev=0.983 m_ev=0.694 m_v_bias=0.1 m_adv_std=10.0331 m_kl_max=0.0193 m_ratio_max=0.507 return=-161.8 length=200 success_rate=0.00 collisions/ep=0.38 (n=8)
update=282 global_step=577536 SPS=395 w_ev=0.988 m_ev=0.758 m_v_bias=-1.2 m_adv_std=8.5168 m_kl_max=0.0119 m_ratio_max=0.600 return=-154.0 length=200 success_rate=0.00 collisions/ep=0.22 (n=9)
update=283 global_step=579584 SPS=396 w_ev=0.994 m_ev=0.990 m_v_bias=-1.3 m_adv_std=1.5831 m_kl_max=0.0172 m_ratio_max=0.638 return=-145.8 length=200 success_rate=0.00 collisions/ep=0.00 (n=15)
update=284 global_step=581632 SPS=397 w_ev=0.991 m_ev=0.995 m_v_bias=-1.0 m_adv_std=0.9581 m_kl_max=0.0204 m_ratio_max=0.886 return=-146.1 length=200 success_rate=0.00 collisions/ep=0.00 (n=8)
update=285 global_step=583680 SPS=397 w_ev=0.993 m_ev=0.997 m_v_bias=-0.8 m_adv_std=0.7153 m_kl_max=0.0134 m_ratio_max=0.675 return=-143.5 length=200 success_rate=0.00 collisions/ep=0.00 (n=9)
Evaluation at update 285: return=-145.92, length=200.00, success_rate=0.00, collisions/ep=0.00
Solved-check at update 285: solved=False worst_gap=1167.26 at p_x0=2.00 p_y0=0.50 (consecutive=0)
update=286 global_step=585728 SPS=394 w_ev=0.994 m_ev=0.999 m_v_bias=-0.6 m_adv_std=0.4788 m_kl_max=0.0265 m_ratio_max=0.896 return=-147.8 length=200 success_rate=0.00 collisions/ep=0.00 (n=15)
update=287 global_step=587776 SPS=395 w_ev=0.979 m_ev=0.590 m_v_bias=2.1 m_adv_std=11.1608 m_kl_max=0.0371 m_ratio_max=0.706 return=-163.1 length=200 success_rate=0.00 collisions/ep=0.38 (n=8)
update=288 global_step=589824 SPS=396 w_ev=0.982 m_ev=0.573 m_v_bias=1.5 m_adv_std=12.0896 m_kl_max=0.0188 m_ratio_max=0.955 return=-158.8 length=200 success_rate=0.00 collisions/ep=0.25 (n=8)
update=289 global_step=591872 SPS=397 w_ev=0.994 m_ev=0.983 m_v_bias=-1.0 m_adv_std=1.8344 m_kl_max=0.0088 m_ratio_max=0.533 return=-146.6 length=200 success_rate=0.00 collisions/ep=0.00 (n=9)
update=290 global_step=593920 SPS=398 w_ev=0.994 m_ev=0.876 m_v_bias=0.9 m_adv_std=6.3809 m_kl_max=0.0218 m_ratio_max=0.628 return=-149.2 length=200 success_rate=0.00 collisions/ep=0.07 (n=15)
Evaluation at update 290: return=-146.99, length=200.00, success_rate=0.00, collisions/ep=0.00
Solved-check at update 290: solved=False worst_gap=1167.50 at p_x0=2.00 p_y0=0.50 (consecutive=0)
update=291 global_step=595968 SPS=394 w_ev=0.992 m_ev=0.991 m_v_bias=-0.2 m_adv_std=1.1565 m_kl_max=0.0196 m_ratio_max=0.582 return=-144.2 length=200 success_rate=0.00 collisions/ep=0.00 (n=8)
update=292 global_step=598016 SPS=395 w_ev=0.994 m_ev=0.997 m_v_bias=-0.6 m_adv_std=0.7154 m_kl_max=0.0147 m_ratio_max=0.500 return=-145.9 length=200 success_rate=0.00 collisions/ep=0.00 (n=9)
update=293 global_step=600064 SPS=396 w_ev=0.956 m_ev=0.222 m_v_bias=4.6 m_adv_std=24.2205 m_kl_max=0.0256 m_ratio_max=0.775 return=-157.6 length=200 success_rate=0.00 collisions/ep=0.27 (n=15)
update=294 global_step=602112 SPS=397 w_ev=0.986 m_ev=0.836 m_v_bias=-1.2 m_adv_std=6.6374 m_kl_max=0.0112 m_ratio_max=0.528 return=-155.8 length=200 success_rate=0.00 collisions/ep=0.12 (n=8)
update=295 global_step=604160 SPS=397 w_ev=0.993 m_ev=0.990 m_v_bias=-1.3 m_adv_std=1.3874 m_kl_max=0.0203 m_ratio_max=0.693 return=-149.6 length=200 success_rate=0.00 collisions/ep=0.00 (n=8)
Evaluation at update 295: return=-146.93, length=200.00, success_rate=0.00, collisions/ep=0.00
Solved-check at update 295: solved=False worst_gap=1168.35 at p_x0=2.00 p_y0=0.50 (consecutive=0)
update=296 global_step=606208 SPS=394 w_ev=0.996 m_ev=0.995 m_v_bias=-0.9 m_adv_std=1.0224 m_kl_max=0.0113 m_ratio_max=0.779 return=-142.7 length=200 success_rate=0.00 collisions/ep=0.00 (n=9)
update=297 global_step=608256 SPS=395 w_ev=0.995 m_ev=0.997 m_v_bias=-0.9 m_adv_std=0.8545 m_kl_max=0.0272 m_ratio_max=1.335 return=-145.1 length=200 success_rate=0.00 collisions/ep=0.00 (n=15)
update=298 global_step=610304 SPS=395 w_ev=0.993 m_ev=0.998 m_v_bias=-0.5 m_adv_std=0.5502 m_kl_max=0.0354 m_ratio_max=1.135 return=-150.9 length=200 success_rate=0.00 collisions/ep=0.00 (n=8)
update=299 global_step=612352 SPS=396 w_ev=0.655 m_ev=0.012 m_v_bias=17.7 m_adv_std=83.5104 m_kl_max=0.0516 m_ratio_max=1.704 return=-147.3 length=200 success_rate=0.00 collisions/ep=0.00 (n=9)
update=300 global_step=614400 SPS=397 w_ev=0.956 m_ev=0.733 m_v_bias=-6.5 m_adv_std=7.6151 m_kl_max=0.0173 m_ratio_max=0.755 return=-196.3 length=200 success_rate=0.00 collisions/ep=1.00 (n=15)
Evaluation at update 300: return=-146.28, length=200.00, success_rate=0.00, collisions/ep=0.00
Solved-check at update 300: solved=False worst_gap=1167.57 at p_x0=2.00 p_y0=0.50 (consecutive=0)
update=301 global_step=616448 SPS=394 w_ev=0.990 m_ev=0.800 m_v_bias=-1.6 m_adv_std=8.5789 m_kl_max=0.0209 m_ratio_max=0.655 return=-159.6 length=200 success_rate=0.00 collisions/ep=0.25 (n=8)
update=302 global_step=618496 SPS=395 w_ev=0.860 m_ev=0.126 m_v_bias=7.6 m_adv_std=35.3430 m_kl_max=0.0169 m_ratio_max=0.928 return=-143.7 length=200 success_rate=0.00 collisions/ep=0.00 (n=8)
update=303 global_step=620544 SPS=395 w_ev=0.979 m_ev=0.680 m_v_bias=-5.6 m_adv_std=9.0603 m_kl_max=0.0072 m_ratio_max=0.644 return=-201.2 length=200 success_rate=0.00 collisions/ep=1.11 (n=9)
update=304 global_step=622592 SPS=396 w_ev=0.996 m_ev=0.958 m_v_bias=-3.2 m_adv_std=3.1562 m_kl_max=0.0345 m_ratio_max=1.078 return=-146.2 length=200 success_rate=0.00 collisions/ep=0.00 (n=15)
update=305 global_step=624640 SPS=397 w_ev=0.993 m_ev=0.978 m_v_bias=-2.2 m_adv_std=2.0253 m_kl_max=0.0172 m_ratio_max=0.639 return=-144.8 length=200 success_rate=0.00 collisions/ep=0.00 (n=8)
Evaluation at update 305: return=-146.50, length=200.00, success_rate=0.00, collisions/ep=0.00
Solved-check at update 305: solved=False worst_gap=1167.57 at p_x0=2.00 p_y0=0.50 (consecutive=0)
update=306 global_step=626688 SPS=394 w_ev=0.993 m_ev=0.984 m_v_bias=-1.0 m_adv_std=1.5315 m_kl_max=0.0092 m_ratio_max=0.541 return=-145.7 length=200 success_rate=0.00 collisions/ep=0.00 (n=8)
update=307 global_step=628736 SPS=395 w_ev=0.994 m_ev=0.995 m_v_bias=-0.5 m_adv_std=0.9611 m_kl_max=0.0427 m_ratio_max=0.809 return=-148.1 length=200 success_rate=0.00 collisions/ep=0.00 (n=9)
update=308 global_step=630784 SPS=395 w_ev=0.997 m_ev=0.997 m_v_bias=-0.2 m_adv_std=0.8866 m_kl_max=0.0322 m_ratio_max=1.088 return=-146.2 length=200 success_rate=0.00 collisions/ep=0.00 (n=15)
update=309 global_step=632832 SPS=396 w_ev=0.993 m_ev=0.997 m_v_bias=-0.4 m_adv_std=0.7033 m_kl_max=0.0217 m_ratio_max=0.653 return=-146.1 length=200 success_rate=0.00 collisions/ep=0.00 (n=8)
update=310 global_step=634880 SPS=397 w_ev=0.991 m_ev=0.841 m_v_bias=0.6 m_adv_std=5.8032 m_kl_max=0.0187 m_ratio_max=0.696 return=-152.4 length=200 success_rate=0.00 collisions/ep=0.11 (n=9)
Evaluation at update 310: return=-145.87, length=200.00, success_rate=0.00, collisions/ep=0.00
Solved-check at update 310: solved=False worst_gap=1166.43 at p_x0=2.00 p_y0=0.50 (consecutive=0)
update=311 global_step=636928 SPS=394 w_ev=0.995 m_ev=0.868 m_v_bias=0.8 m_adv_std=5.9381 m_kl_max=0.0171 m_ratio_max=1.035 return=-148.6 length=200 success_rate=0.00 collisions/ep=0.07 (n=15)
update=312 global_step=638976 SPS=395 w_ev=0.969 m_ev=0.389 m_v_bias=3.7 m_adv_std=18.6338 m_kl_max=0.0228 m_ratio_max=0.996 return=-171.9 length=200 success_rate=0.00 collisions/ep=0.50 (n=8)
update=313 global_step=641024 SPS=395 w_ev=0.890 m_ev=0.808 m_v_bias=-1.1 m_adv_std=6.4095 m_kl_max=0.0248 m_ratio_max=1.522 return=-146.0 length=200 success_rate=0.00 collisions/ep=0.00 (n=8)
update=314 global_step=643072 SPS=396 w_ev=0.966 m_ev=0.251 m_v_bias=1.2 m_adv_std=26.7749 m_kl_max=0.0080 m_ratio_max=0.460 return=-195.9 length=200 success_rate=0.00 collisions/ep=1.00 (n=9)
update=315 global_step=645120 SPS=397 w_ev=0.994 m_ev=0.848 m_v_bias=-0.6 m_adv_std=6.3819 m_kl_max=0.0149 m_ratio_max=1.028 return=-154.6 length=200 success_rate=0.00 collisions/ep=0.13 (n=15)
Evaluation at update 315: return=-146.65, length=200.00, success_rate=0.00, collisions/ep=0.00
Solved-check at update 315: solved=False worst_gap=1167.85 at p_x0=2.00 p_y0=0.50 (consecutive=0)
update=316 global_step=647168 SPS=394 w_ev=0.989 m_ev=0.678 m_v_bias=1.0 m_adv_std=8.7200 m_kl_max=0.0191 m_ratio_max=1.425 return=-146.2 length=200 success_rate=0.00 collisions/ep=0.00 (n=8)
update=317 global_step=649216 SPS=395 w_ev=0.993 m_ev=0.838 m_v_bias=-0.9 m_adv_std=5.7844 m_kl_max=0.0291 m_ratio_max=1.452 return=-162.9 length=200 success_rate=0.00 collisions/ep=0.33 (n=9)
update=318 global_step=651264 SPS=395 w_ev=0.995 m_ev=0.983 m_v_bias=-1.4 m_adv_std=1.6888 m_kl_max=0.0260 m_ratio_max=0.643 return=-146.2 length=200 success_rate=0.00 collisions/ep=0.00 (n=15)
update=319 global_step=653312 SPS=396 w_ev=0.994 m_ev=0.994 m_v_bias=-0.8 m_adv_std=1.1677 m_kl_max=0.0089 m_ratio_max=0.454 return=-148.1 length=200 success_rate=0.00 collisions/ep=0.00 (n=8)
update=320 global_step=655360 SPS=397 w_ev=0.978 m_ev=0.516 m_v_bias=0.6 m_adv_std=10.0300 m_kl_max=0.0237 m_ratio_max=0.555 return=-144.6 length=200 success_rate=0.00 collisions/ep=0.00 (n=8)
Evaluation at update 320: return=-146.56, length=200.00, success_rate=0.00, collisions/ep=0.00
Solved-check at update 320: solved=False worst_gap=1166.99 at p_x0=2.00 p_y0=0.50 (consecutive=0)
update=321 global_step=657408 SPS=394 w_ev=0.993 m_ev=0.927 m_v_bias=-0.9 m_adv_std=3.5606 m_kl_max=0.0346 m_ratio_max=1.193 return=-157.5 length=200 success_rate=0.00 collisions/ep=0.22 (n=9)
update=322 global_step=659456 SPS=395 w_ev=0.997 m_ev=0.996 m_v_bias=-0.7 m_adv_std=1.0257 m_kl_max=0.0256 m_ratio_max=1.239 return=-146.7 length=200 success_rate=0.00 collisions/ep=0.00 (n=15)
update=323 global_step=661504 SPS=396 w_ev=0.994 m_ev=0.998 m_v_bias=-0.4 m_adv_std=0.6193 m_kl_max=0.0653 m_ratio_max=1.619 return=-144.8 length=200 success_rate=0.00 collisions/ep=0.00 (n=8)
update=324 global_step=663552 SPS=396 w_ev=0.921 m_ev=0.190 m_v_bias=12.6 m_adv_std=32.6923 m_kl_max=0.0287 m_ratio_max=0.756 return=-177.5 length=200 success_rate=0.00 collisions/ep=0.67 (n=9)
update=325 global_step=665600 SPS=397 w_ev=0.983 m_ev=0.747 m_v_bias=-3.5 m_adv_std=9.3086 m_kl_max=0.0260 m_ratio_max=0.637 return=-163.4 length=200 success_rate=0.00 collisions/ep=0.40 (n=15)
Evaluation at update 325: return=-145.78, length=200.00, success_rate=0.00, collisions/ep=0.00
Solved-check at update 325: solved=False worst_gap=1167.09 at p_x0=2.00 p_y0=0.00 (consecutive=0)
update=326 global_step=667648 SPS=394 w_ev=0.994 m_ev=0.954 m_v_bias=-3.6 m_adv_std=3.4734 m_kl_max=0.0131 m_ratio_max=0.530 return=-148.0 length=200 success_rate=0.00 collisions/ep=0.00 (n=8)
update=327 global_step=669696 SPS=395 w_ev=0.980 m_ev=0.494 m_v_bias=0.5 m_adv_std=12.8722 m_kl_max=0.0315 m_ratio_max=1.184 return=-152.1 length=200 success_rate=0.00 collisions/ep=0.12 (n=8)
update=328 global_step=671744 SPS=395 w_ev=0.991 m_ev=0.960 m_v_bias=-3.6 m_adv_std=2.6700 m_kl_max=0.0264 m_ratio_max=0.730 return=-156.1 length=200 success_rate=0.00 collisions/ep=0.22 (n=9)
update=329 global_step=673792 SPS=396 w_ev=0.995 m_ev=0.872 m_v_bias=-0.3 m_adv_std=6.5020 m_kl_max=0.0269 m_ratio_max=1.314 return=-148.6 length=200 success_rate=0.00 collisions/ep=0.07 (n=15)
update=330 global_step=675840 SPS=397 w_ev=0.993 m_ev=0.988 m_v_bias=-1.2 m_adv_std=1.5443 m_kl_max=0.0103 m_ratio_max=0.630 return=-145.4 length=200 success_rate=0.00 collisions/ep=0.00 (n=8)
Evaluation at update 330: return=-145.90, length=200.00, success_rate=0.00, collisions/ep=0.00
Solved-check at update 330: solved=False worst_gap=1167.27 at p_x0=2.00 p_y0=0.00 (consecutive=0)
update=331 global_step=677888 SPS=394 w_ev=0.938 m_ev=0.197 m_v_bias=4.4 m_adv_std=24.6480 m_kl_max=0.0389 m_ratio_max=1.145 return=-146.1 length=200 success_rate=0.00 collisions/ep=0.00 (n=8)
update=332 global_step=679936 SPS=394 w_ev=0.992 m_ev=0.950 m_v_bias=-3.6 m_adv_std=3.0716 m_kl_max=0.0209 m_ratio_max=1.050 return=-171.3 length=200 success_rate=0.00 collisions/ep=0.44 (n=9)
update=333 global_step=681984 SPS=395 w_ev=0.995 m_ev=0.876 m_v_bias=-0.9 m_adv_std=6.2575 m_kl_max=0.0243 m_ratio_max=0.960 return=-147.7 length=200 success_rate=0.00 collisions/ep=0.07 (n=15)
update=334 global_step=684032 SPS=396 w_ev=0.982 m_ev=0.476 m_v_bias=0.6 m_adv_std=11.7034 m_kl_max=0.0196 m_ratio_max=0.746 return=-148.1 length=200 success_rate=0.00 collisions/ep=0.00 (n=8)
update=335 global_step=686080 SPS=397 w_ev=0.991 m_ev=0.980 m_v_bias=-2.3 m_adv_std=1.8678 m_kl_max=0.0127 m_ratio_max=0.562 return=-159.4 length=200 success_rate=0.00 collisions/ep=0.22 (n=9)
Evaluation at update 335: return=-146.77, length=200.00, success_rate=0.00, collisions/ep=0.00
Solved-check at update 335: solved=False worst_gap=1168.22 at p_x0=2.00 p_y0=0.00 (consecutive=0)
update=336 global_step=688128 SPS=394 w_ev=0.996 m_ev=0.996 m_v_bias=-1.1 m_adv_std=0.9595 m_kl_max=0.0201 m_ratio_max=0.790 return=-146.1 length=200 success_rate=0.00 collisions/ep=0.00 (n=15)
update=337 global_step=690176 SPS=394 w_ev=0.993 m_ev=0.997 m_v_bias=-0.5 m_adv_std=0.8142 m_kl_max=0.0196 m_ratio_max=0.790 return=-147.9 length=200 success_rate=0.00 collisions/ep=0.00 (n=8)
update=338 global_step=692224 SPS=395 w_ev=0.992 m_ev=0.998 m_v_bias=-0.4 m_adv_std=0.5243 m_kl_max=0.0324 m_ratio_max=0.670 return=-148.6 length=200 success_rate=0.00 collisions/ep=0.00 (n=8)
update=339 global_step=694272 SPS=396 w_ev=0.990 m_ev=0.798 m_v_bias=1.0 m_adv_std=6.3924 m_kl_max=0.0161 m_ratio_max=0.458 return=-154.7 length=200 success_rate=0.00 collisions/ep=0.11 (n=9)
update=340 global_step=696320 SPS=397 w_ev=0.968 m_ev=0.316 m_v_bias=3.4 m_adv_std=23.4457 m_kl_max=0.0224 m_ratio_max=0.663 return=-160.4 length=200 success_rate=0.00 collisions/ep=0.27 (n=15)
Evaluation at update 340: return=-146.33, length=200.00, success_rate=0.00, collisions/ep=0.00
Solved-check at update 340: solved=False worst_gap=1166.96 at p_x0=2.00 p_y0=0.00 (consecutive=0)
update=341 global_step=698368 SPS=394 w_ev=0.975 m_ev=0.817 m_v_bias=-1.1 m_adv_std=5.8584 m_kl_max=0.0187 m_ratio_max=0.727 return=-146.6 length=200 success_rate=0.00 collisions/ep=0.00 (n=8)
update=342 global_step=700416 SPS=394 w_ev=0.994 m_ev=0.966 m_v_bias=-2.1 m_adv_std=2.4052 m_kl_max=0.0162 m_ratio_max=0.506 return=-149.9 length=200 success_rate=0.00 collisions/ep=0.11 (n=9)
update=343 global_step=702464 SPS=395 w_ev=0.995 m_ev=0.994 m_v_bias=-0.9 m_adv_std=1.0545 m_kl_max=0.0414 m_ratio_max=1.616 return=-142.5 length=200 success_rate=0.00 collisions/ep=0.00 (n=15)
update=344 global_step=704512 SPS=396 w_ev=0.989 m_ev=0.729 m_v_bias=3.1 m_adv_std=10.1039 m_kl_max=0.0639 m_ratio_max=1.711 return=-162.6 length=200 success_rate=0.00 collisions/ep=0.38 (n=8)
update=345 global_step=706560 SPS=397 w_ev=0.989 m_ev=0.821 m_v_bias=-0.5 m_adv_std=6.2309 m_kl_max=0.0101 m_ratio_max=0.577 return=-152.8 length=200 success_rate=0.00 collisions/ep=0.12 (n=8)
Evaluation at update 345: return=-146.04, length=200.00, success_rate=0.00, collisions/ep=0.00
Solved-check at update 345: solved=False worst_gap=1166.35 at p_x0=2.00 p_y0=0.00 (consecutive=0)
update=346 global_step=708608 SPS=394 w_ev=0.992 m_ev=0.993 m_v_bias=-1.0 m_adv_std=1.1644 m_kl_max=0.0589 m_ratio_max=0.954 return=-145.0 length=200 success_rate=0.00 collisions/ep=0.00 (n=9)
update=347 global_step=710656 SPS=394 w_ev=0.993 m_ev=0.863 m_v_bias=0.8 m_adv_std=6.4939 m_kl_max=0.0083 m_ratio_max=0.352 return=-148.4 length=200 success_rate=0.00 collisions/ep=0.07 (n=15)
update=348 global_step=712704 SPS=395 w_ev=0.992 m_ev=0.994 m_v_bias=-1.1 m_adv_std=1.0581 m_kl_max=0.0203 m_ratio_max=0.726 return=-145.9 length=200 success_rate=0.00 collisions/ep=0.00 (n=8)
update=349 global_step=714752 SPS=396 w_ev=0.940 m_ev=0.298 m_v_bias=3.9 m_adv_std=22.6228 m_kl_max=0.0422 m_ratio_max=1.057 return=-170.8 length=200 success_rate=0.00 collisions/ep=0.56 (n=9)
update=350 global_step=716800 SPS=396 w_ev=0.952 m_ev=0.408 m_v_bias=0.2 m_adv_std=17.0009 m_kl_max=0.0151 m_ratio_max=0.598 return=-161.5 length=200 success_rate=0.00 collisions/ep=0.27 (n=15)
Evaluation at update 350: return=-146.45, length=200.00, success_rate=0.00, collisions/ep=0.00
Solved-check at update 350: solved=False worst_gap=1166.06 at p_x0=2.00 p_y0=0.00 (consecutive=0)
update=351 global_step=718848 SPS=393 w_ev=0.989 m_ev=0.973 m_v_bias=-0.9 m_adv_std=2.5898 m_kl_max=0.0150 m_ratio_max=0.553 return=-147.9 length=200 success_rate=0.00 collisions/ep=0.00 (n=8)
update=352 global_step=720896 SPS=394 w_ev=0.990 m_ev=0.994 m_v_bias=-1.1 m_adv_std=1.0077 m_kl_max=0.0249 m_ratio_max=0.940 return=-147.3 length=200 success_rate=0.00 collisions/ep=0.00 (n=8)
update=353 global_step=722944 SPS=395 w_ev=0.986 m_ev=0.612 m_v_bias=3.3 m_adv_std=10.6065 m_kl_max=0.0206 m_ratio_max=0.726 return=-146.8 length=200 success_rate=0.00 collisions/ep=0.00 (n=9)
update=354 global_step=724992 SPS=396 w_ev=0.988 m_ev=0.598 m_v_bias=-0.1 m_adv_std=11.5336 m_kl_max=0.0239 m_ratio_max=1.333 return=-165.2 length=200 success_rate=0.00 collisions/ep=0.33 (n=15)
update=355 global_step=727040 SPS=396 w_ev=0.986 m_ev=0.972 m_v_bias=-2.8 m_adv_std=2.2092 m_kl_max=0.0069 m_ratio_max=0.322 return=-143.5 length=200 success_rate=0.00 collisions/ep=0.00 (n=8)
Evaluation at update 355: return=-145.87, length=200.00, success_rate=0.00, collisions/ep=0.00
Solved-check at update 355: solved=False worst_gap=1166.97 at p_x0=2.00 p_y0=0.50 (consecutive=0)
update=356 global_step=729088 SPS=394 w_ev=0.964 m_ev=0.345 m_v_bias=2.5 m_adv_std=17.9526 m_kl_max=0.0168 m_ratio_max=0.646 return=-147.4 length=200 success_rate=0.00 collisions/ep=0.00 (n=8)
update=357 global_step=731136 SPS=394 w_ev=0.991 m_ev=0.965 m_v_bias=-2.4 m_adv_std=2.4968 m_kl_max=0.0098 m_ratio_max=0.615 return=-162.3 length=200 success_rate=0.00 collisions/ep=0.33 (n=9)
update=358 global_step=733184 SPS=395 w_ev=0.991 m_ev=0.778 m_v_bias=0.7 m_adv_std=8.3946 m_kl_max=0.0107 m_ratio_max=0.448 return=-155.1 length=200 success_rate=0.00 collisions/ep=0.13 (n=15)
update=359 global_step=735232 SPS=396 w_ev=0.989 m_ev=0.969 m_v_bias=-2.4 m_adv_std=2.3097 m_kl_max=0.0126 m_ratio_max=0.660 return=-145.1 length=200 success_rate=0.00 collisions/ep=0.00 (n=8)
update=360 global_step=737280 SPS=396 w_ev=0.977 m_ev=0.532 m_v_bias=1.9 m_adv_std=12.0895 m_kl_max=0.0367 m_ratio_max=1.322 return=-161.1 length=200 success_rate=0.00 collisions/ep=0.33 (n=9)
Evaluation at update 360: return=-146.54, length=200.00, success_rate=0.00, collisions/ep=0.00
Solved-check at update 360: solved=False worst_gap=1167.87 at p_x0=2.00 p_y0=0.50 (consecutive=0)
update=361 global_step=739328 SPS=394 w_ev=0.990 m_ev=0.991 m_v_bias=-1.7 m_adv_std=1.3354 m_kl_max=0.0246 m_ratio_max=1.017 return=-148.0 length=200 success_rate=0.00 collisions/ep=0.00 (n=15)
update=362 global_step=741376 SPS=394 w_ev=0.993 m_ev=0.996 m_v_bias=-1.0 m_adv_std=0.9417 m_kl_max=0.0262 m_ratio_max=1.062 return=-148.3 length=200 success_rate=0.00 collisions/ep=0.00 (n=8)
update=363 global_step=743424 SPS=395 w_ev=0.984 m_ev=0.800 m_v_bias=0.8 m_adv_std=6.5595 m_kl_max=0.0096 m_ratio_max=0.610 return=-149.6 length=200 success_rate=0.00 collisions/ep=0.12 (n=8)
update=364 global_step=745472 SPS=396 w_ev=0.969 m_ev=0.224 m_v_bias=4.2 m_adv_std=19.2644 m_kl_max=0.0287 m_ratio_max=1.077 return=-163.6 length=200 success_rate=0.00 collisions/ep=0.33 (n=9)
update=365 global_step=747520 SPS=396 w_ev=0.989 m_ev=0.731 m_v_bias=-2.0 m_adv_std=8.6707 m_kl_max=0.0286 m_ratio_max=0.823 return=-159.8 length=200 success_rate=0.00 collisions/ep=0.33 (n=15)
Evaluation at update 365: return=-146.01, length=200.00, success_rate=0.00, collisions/ep=0.00
Solved-check at update 365: solved=False worst_gap=1167.21 at p_x0=2.00 p_y0=0.50 (consecutive=0)
update=366 global_step=749568 SPS=394 w_ev=0.984 m_ev=0.967 m_v_bias=-3.4 m_adv_std=2.2764 m_kl_max=0.0090 m_ratio_max=0.644 return=-147.9 length=200 success_rate=0.00 collisions/ep=0.00 (n=8)
update=367 global_step=751616 SPS=394 w_ev=0.986 m_ev=0.839 m_v_bias=-0.1 m_adv_std=6.0654 m_kl_max=0.0279 m_ratio_max=1.538 return=-151.6 length=200 success_rate=0.00 collisions/ep=0.11 (n=9)
update=368 global_step=753664 SPS=395 w_ev=0.985 m_ev=0.708 m_v_bias=1.9 m_adv_std=8.4908 m_kl_max=0.0220 m_ratio_max=0.831 return=-155.3 length=200 success_rate=0.00 collisions/ep=0.13 (n=15)
update=369 global_step=755712 SPS=396 w_ev=0.993 m_ev=0.991 m_v_bias=-1.2 m_adv_std=1.4646 m_kl_max=0.0184 m_ratio_max=0.525 return=-148.4 length=200 success_rate=0.00 collisions/ep=0.00 (n=8)
update=370 global_step=757760 SPS=396 w_ev=0.978 m_ev=0.673 m_v_bias=0.4 m_adv_std=7.7706 m_kl_max=0.0269 m_ratio_max=1.393 return=-151.0 length=200 success_rate=0.00 collisions/ep=0.12 (n=8)
Evaluation at update 370: return=-146.21, length=200.00, success_rate=0.00, collisions/ep=0.00
Solved-check at update 370: solved=False worst_gap=1167.54 at p_x0=2.00 p_y0=0.50 (consecutive=0)
update=371 global_step=759808 SPS=394 w_ev=0.990 m_ev=0.867 m_v_bias=-0.3 m_adv_std=5.7019 m_kl_max=0.0108 m_ratio_max=0.580 return=-159.6 length=200 success_rate=0.00 collisions/ep=0.22 (n=9)
update=372 global_step=761856 SPS=394 w_ev=0.994 m_ev=0.997 m_v_bias=-0.6 m_adv_std=0.8345 m_kl_max=0.0357 m_ratio_max=1.335 return=-145.2 length=200 success_rate=0.00 collisions/ep=0.00 (n=15)
update=373 global_step=763904 SPS=395 w_ev=0.979 m_ev=0.582 m_v_bias=2.2 m_adv_std=12.1585 m_kl_max=0.0501 m_ratio_max=1.203 return=-159.4 length=200 success_rate=0.00 collisions/ep=0.25 (n=8)
update=374 global_step=765952 SPS=396 w_ev=0.982 m_ev=0.809 m_v_bias=0.5 m_adv_std=6.5611 m_kl_max=0.0186 m_ratio_max=0.563 return=-148.9 length=200 success_rate=0.00 collisions/ep=0.00 (n=9)
update=375 global_step=768000 SPS=397 w_ev=0.990 m_ev=0.709 m_v_bias=0.2 m_adv_std=9.0959 m_kl_max=0.0166 m_ratio_max=1.009 return=-158.4 length=200 success_rate=0.00 collisions/ep=0.27 (n=15)
Evaluation at update 375: return=-146.28, length=200.00, success_rate=0.00, collisions/ep=0.00
Solved-check at update 375: solved=False worst_gap=1167.82 at p_x0=2.00 p_y0=0.00 (consecutive=0)
update=376 global_step=770048 SPS=394 w_ev=0.995 m_ev=0.979 m_v_bias=-1.1 m_adv_std=2.3357 m_kl_max=0.0146 m_ratio_max=0.673 return=-147.5 length=200 success_rate=0.00 collisions/ep=0.00 (n=8)
update=377 global_step=772096 SPS=394 w_ev=0.972 m_ev=0.348 m_v_bias=4.6 m_adv_std=14.9106 m_kl_max=0.0169 m_ratio_max=0.633 return=-159.1 length=200 success_rate=0.00 collisions/ep=0.25 (n=8)
update=378 global_step=774144 SPS=395 w_ev=0.991 m_ev=0.923 m_v_bias=-2.8 m_adv_std=3.7637 m_kl_max=0.0696 m_ratio_max=2.288 return=-165.8 length=200 success_rate=0.00 collisions/ep=0.33 (n=9)
update=379 global_step=776192 SPS=396 w_ev=0.992 m_ev=0.864 m_v_bias=-0.3 m_adv_std=6.5129 m_kl_max=0.0407 m_ratio_max=1.658 return=-149.3 length=200 success_rate=0.00 collisions/ep=0.07 (n=15)
update=380 global_step=778240 SPS=396 w_ev=0.815 m_ev=0.100 m_v_bias=12.4 m_adv_std=47.0982 m_kl_max=0.0404 m_ratio_max=1.013 return=-235.0 length=200 success_rate=0.00 collisions/ep=1.75 (n=8)
Evaluation at update 380: return=-146.23, length=200.00, success_rate=0.00, collisions/ep=0.00
Solved-check at update 380: solved=False worst_gap=1167.92 at p_x0=2.00 p_y0=0.50 (consecutive=0)
update=381 global_step=780288 SPS=394 w_ev=0.939 m_ev=0.301 m_v_bias=-0.0 m_adv_std=19.5893 m_kl_max=0.0240 m_ratio_max=0.956 return=-152.3 length=200 success_rate=0.00 collisions/ep=0.12 (n=8)
update=382 global_step=782336 SPS=394 w_ev=0.985 m_ev=0.896 m_v_bias=-6.0 m_adv_std=4.3446 m_kl_max=0.0159 m_ratio_max=0.648 return=-166.5 length=200 success_rate=0.00 collisions/ep=0.44 (n=9)
update=383 global_step=784384 SPS=395 w_ev=0.989 m_ev=0.956 m_v_bias=-2.9 m_adv_std=3.2417 m_kl_max=0.0114 m_ratio_max=0.602 return=-146.0 length=200 success_rate=0.00 collisions/ep=0.00 (n=15)
update=384 global_step=786432 SPS=396 w_ev=0.956 m_ev=0.305 m_v_bias=4.5 m_adv_std=21.1637 m_kl_max=0.0242 m_ratio_max=1.342 return=-162.0 length=200 success_rate=0.00 collisions/ep=0.25 (n=8)
update=385 global_step=788480 SPS=396 w_ev=0.960 m_ev=0.488 m_v_bias=-1.3 m_adv_std=12.0555 m_kl_max=0.0275 m_ratio_max=1.184 return=-160.7 length=200 success_rate=0.00 collisions/ep=0.33 (n=9)
Evaluation at update 385: return=-147.28, length=200.00, success_rate=0.00, collisions/ep=0.00
Solved-check at update 385: solved=False worst_gap=1169.10 at p_x0=2.00 p_y0=0.00 (consecutive=0)
update=386 global_step=790528 SPS=394 w_ev=0.989 m_ev=0.981 m_v_bias=-3.7 m_adv_std=2.0139 m_kl_max=0.0285 m_ratio_max=0.847 return=-154.6 length=200 success_rate=0.00 collisions/ep=0.13 (n=15)
update=387 global_step=792576 SPS=394 w_ev=0.990 m_ev=0.990 m_v_bias=-2.2 m_adv_std=1.4458 m_kl_max=0.0548 m_ratio_max=1.905 return=-146.3 length=200 success_rate=0.00 collisions/ep=0.00 (n=8)
update=388 global_step=794624 SPS=395 w_ev=0.969 m_ev=0.449 m_v_bias=2.5 m_adv_std=13.7630 m_kl_max=0.0343 m_ratio_max=1.442 return=-148.6 length=200 success_rate=0.00 collisions/ep=0.00 (n=8)
update=389 global_step=796672 SPS=395 w_ev=0.990 m_ev=0.920 m_v_bias=-2.5 m_adv_std=3.9028 m_kl_max=0.0161 m_ratio_max=0.695 return=-166.4 length=200 success_rate=0.00 collisions/ep=0.44 (n=9)
update=390 global_step=798720 SPS=396 w_ev=0.988 m_ev=0.993 m_v_bias=-1.5 m_adv_std=1.2731 m_kl_max=0.0338 m_ratio_max=1.038 return=-150.6 length=200 success_rate=0.00 collisions/ep=0.00 (n=15)
Evaluation at update 390: return=-147.12, length=200.00, success_rate=0.00, collisions/ep=0.00
Solved-check at update 390: solved=False worst_gap=1168.72 at p_x0=2.00 p_y0=0.00 (consecutive=0)
update=391 global_step=800768 SPS=394 w_ev=0.987 m_ev=0.996 m_v_bias=-1.3 m_adv_std=0.8687 m_kl_max=0.0411 m_ratio_max=1.161 return=-146.3 length=200 success_rate=0.00 collisions/ep=0.00 (n=8)
update=392 global_step=802816 SPS=394 w_ev=0.991 m_ev=0.838 m_v_bias=0.1 m_adv_std=6.0375 m_kl_max=0.0258 m_ratio_max=1.094 return=-147.3 length=200 success_rate=0.00 collisions/ep=0.11 (n=9)
update=393 global_step=804864 SPS=395 w_ev=0.992 m_ev=0.741 m_v_bias=2.2 m_adv_std=8.8923 m_kl_max=0.0193 m_ratio_max=0.585 return=-150.9 length=200 success_rate=0.00 collisions/ep=0.13 (n=15)
update=394 global_step=806912 SPS=395 w_ev=0.985 m_ev=0.771 m_v_bias=-0.7 m_adv_std=8.5644 m_kl_max=0.0184 m_ratio_max=0.562 return=-161.8 length=200 success_rate=0.00 collisions/ep=0.25 (n=8)
update=395 global_step=808960 SPS=396 w_ev=0.944 m_ev=0.225 m_v_bias=8.1 m_adv_std=29.3570 m_kl_max=0.0176 m_ratio_max=0.669 return=-175.2 length=200 success_rate=0.00 collisions/ep=0.50 (n=8)
Evaluation at update 395: return=-147.48, length=200.00, success_rate=0.00, collisions/ep=0.00
Solved-check at update 395: solved=False worst_gap=1168.75 at p_x0=2.00 p_y0=0.50 (consecutive=0)
update=396 global_step=811008 SPS=393 w_ev=0.983 m_ev=0.904 m_v_bias=-5.0 m_adv_std=4.4124 m_kl_max=0.0119 m_ratio_max=0.617 return=-164.5 length=200 success_rate=0.00 collisions/ep=0.33 (n=9)
update=397 global_step=813056 SPS=394 w_ev=0.994 m_ev=0.985 m_v_bias=-2.7 m_adv_std=2.0344 m_kl_max=0.0428 m_ratio_max=2.533 return=-147.3 length=200 success_rate=0.00 collisions/ep=0.00 (n=15)
update=398 global_step=815104 SPS=395 w_ev=0.988 m_ev=0.796 m_v_bias=-0.4 m_adv_std=6.6529 m_kl_max=0.0165 m_ratio_max=0.599 return=-147.7 length=200 success_rate=0.00 collisions/ep=0.00 (n=8)
update=399 global_step=817152 SPS=395 w_ev=0.988 m_ev=0.979 m_v_bias=-1.7 m_adv_std=1.7847 m_kl_max=0.0144 m_ratio_max=0.807 return=-150.3 length=200 success_rate=0.00 collisions/ep=0.11 (n=9)
update=400 global_step=819200 SPS=396 w_ev=0.978 m_ev=0.519 m_v_bias=3.0 m_adv_std=13.2896 m_kl_max=0.0084 m_ratio_max=0.421 return=-158.6 length=200 success_rate=0.00 collisions/ep=0.20 (n=15)
Evaluation at update 400: return=-147.65, length=200.00, success_rate=0.00, collisions/ep=0.00
Solved-check at update 400: solved=False worst_gap=1168.60 at p_x0=2.00 p_y0=0.50 (consecutive=0)
update=401 global_step=821248 SPS=393 w_ev=0.995 m_ev=0.993 m_v_bias=-1.7 m_adv_std=1.3148 m_kl_max=0.0100 m_ratio_max=0.420 return=-145.3 length=200 success_rate=0.00 collisions/ep=0.00 (n=8)
update=402 global_step=823296 SPS=394 w_ev=0.993 m_ev=0.995 m_v_bias=-1.3 m_adv_std=0.9273 m_kl_max=0.0282 m_ratio_max=1.027 return=-151.9 length=200 success_rate=0.00 collisions/ep=0.00 (n=8)
update=403 global_step=825344 SPS=395 w_ev=0.990 m_ev=0.997 m_v_bias=-1.0 m_adv_std=0.7156 m_kl_max=0.0205 m_ratio_max=0.773 return=-144.7 length=200 success_rate=0.00 collisions/ep=0.00 (n=9)
update=404 global_step=827392 SPS=395 w_ev=0.994 m_ev=0.998 m_v_bias=-0.9 m_adv_std=0.6853 m_kl_max=0.0262 m_ratio_max=0.868 return=-148.5 length=200 success_rate=0.00 collisions/ep=0.00 (n=15)
update=405 global_step=829440 SPS=396 w_ev=0.985 m_ev=0.704 m_v_bias=2.9 m_adv_std=10.1530 m_kl_max=0.0194 m_ratio_max=0.677 return=-163.4 length=200 success_rate=0.00 collisions/ep=0.38 (n=8)
Evaluation at update 405: return=-146.58, length=200.00, success_rate=0.00, collisions/ep=0.00
Solved-check at update 405: solved=False worst_gap=1167.30 at p_x0=2.00 p_y0=0.50 (consecutive=0)
update=406 global_step=831488 SPS=393 w_ev=0.993 m_ev=0.975 m_v_bias=-1.7 m_adv_std=2.3587 m_kl_max=0.0095 m_ratio_max=0.669 return=-143.6 length=200 success_rate=0.00 collisions/ep=0.00 (n=8)
update=407 global_step=833536 SPS=394 w_ev=0.988 m_ev=0.856 m_v_bias=-0.5 m_adv_std=5.9214 m_kl_max=0.0042 m_ratio_max=0.340 return=-144.7 length=200 success_rate=0.00 collisions/ep=0.11 (n=9)
update=408 global_step=835584 SPS=394 w_ev=0.994 m_ev=0.877 m_v_bias=0.0 m_adv_std=6.2146 m_kl_max=0.0151 m_ratio_max=0.594 return=-149.3 length=200 success_rate=0.00 collisions/ep=0.07 (n=15)
update=409 global_step=837632 SPS=395 w_ev=0.992 m_ev=0.992 m_v_bias=-1.2 m_adv_std=1.1873 m_kl_max=0.0109 m_ratio_max=0.428 return=-144.3 length=200 success_rate=0.00 collisions/ep=0.00 (n=8)
update=410 global_step=839680 SPS=396 w_ev=0.959 m_ev=0.306 m_v_bias=7.5 m_adv_std=20.3926 m_kl_max=0.0120 m_ratio_max=0.464 return=-163.2 length=200 success_rate=0.00 collisions/ep=0.33 (n=9)
Evaluation at update 410: return=-146.80, length=200.00, success_rate=0.00, collisions/ep=0.00
Solved-check at update 410: solved=False worst_gap=1167.55 at p_x0=2.00 p_y0=0.00 (consecutive=0)
update=411 global_step=841728 SPS=393 w_ev=0.971 m_ev=0.728 m_v_bias=-2.2 m_adv_std=9.1244 m_kl_max=0.0160 m_ratio_max=0.987 return=-165.4 length=200 success_rate=0.00 collisions/ep=0.40 (n=15)
update=412 global_step=843776 SPS=394 w_ev=0.987 m_ev=0.861 m_v_bias=-0.2 m_adv_std=6.0178 m_kl_max=0.0249 m_ratio_max=0.662 return=-154.2 length=200 success_rate=0.00 collisions/ep=0.12 (n=8)
update=413 global_step=845824 SPS=394 w_ev=0.987 m_ev=0.697 m_v_bias=0.7 m_adv_std=8.8014 m_kl_max=0.0576 m_ratio_max=1.159 return=-153.5 length=200 success_rate=0.00 collisions/ep=0.12 (n=8)
update=414 global_step=847872 SPS=395 w_ev=0.994 m_ev=0.980 m_v_bias=-2.5 m_adv_std=1.8957 m_kl_max=0.0266 m_ratio_max=0.941 return=-153.0 length=200 success_rate=0.00 collisions/ep=0.11 (n=9)
update=415 global_step=849920 SPS=395 w_ev=0.994 m_ev=0.997 m_v_bias=-1.4 m_adv_std=0.8826 m_kl_max=0.0168 m_ratio_max=0.549 return=-145.8 length=200 success_rate=0.00 collisions/ep=0.00 (n=15)
Evaluation at update 415: return=-146.62, length=200.00, success_rate=0.00, collisions/ep=0.00
Solved-check at update 415: solved=False worst_gap=1167.42 at p_x0=2.00 p_y0=0.00 (consecutive=0)
update=416 global_step=851968 SPS=393 w_ev=0.992 m_ev=0.996 m_v_bias=-0.9 m_adv_std=0.7813 m_kl_max=0.0172 m_ratio_max=0.627 return=-149.1 length=200 success_rate=0.00 collisions/ep=0.00 (n=8)
update=417 global_step=854016 SPS=393 w_ev=0.991 m_ev=0.851 m_v_bias=0.4 m_adv_std=5.9525 m_kl_max=0.0101 m_ratio_max=0.425 return=-152.3 length=200 success_rate=0.00 collisions/ep=0.11 (n=9)
update=418 global_step=856064 SPS=394 w_ev=0.986 m_ev=0.581 m_v_bias=2.3 m_adv_std=12.3733 m_kl_max=0.0305 m_ratio_max=0.799 return=-150.5 length=200 success_rate=0.00 collisions/ep=0.13 (n=15)
update=419 global_step=858112 SPS=395 w_ev=0.993 m_ev=0.895 m_v_bias=-0.3 m_adv_std=6.0323 m_kl_max=0.0317 m_ratio_max=0.792 return=-147.8 length=200 success_rate=0.00 collisions/ep=0.12 (n=8)
update=420 global_step=860160 SPS=395 w_ev=0.990 m_ev=0.871 m_v_bias=-1.0 m_adv_std=5.4022 m_kl_max=0.0269 m_ratio_max=1.210 return=-153.1 length=200 success_rate=0.00 collisions/ep=0.12 (n=8)
Evaluation at update 420: return=-146.84, length=200.00, success_rate=0.00, collisions/ep=0.00
Solved-check at update 420: solved=False worst_gap=1167.62 at p_x0=2.00 p_y0=0.00 (consecutive=0)
update=421 global_step=862208 SPS=393 w_ev=0.980 m_ev=0.482 m_v_bias=2.6 m_adv_std=13.1032 m_kl_max=0.0151 m_ratio_max=0.470 return=-143.7 length=200 success_rate=0.00 collisions/ep=0.00 (n=9)
update=422 global_step=864256 SPS=393 w_ev=0.993 m_ev=0.947 m_v_bias=-2.6 m_adv_std=3.3825 m_kl_max=0.0149 m_ratio_max=0.527 return=-159.5 length=200 success_rate=0.00 collisions/ep=0.20 (n=15)
update=423 global_step=866304 SPS=394 w_ev=0.993 m_ev=0.987 m_v_bias=-1.7 m_adv_std=1.4817 m_kl_max=0.0247 m_ratio_max=1.180 return=-147.4 length=200 success_rate=0.00 collisions/ep=0.00 (n=8)
update=424 global_step=868352 SPS=395 w_ev=0.991 m_ev=0.995 m_v_bias=-0.8 m_adv_std=0.8464 m_kl_max=0.0392 m_ratio_max=1.278 return=-143.7 length=200 success_rate=0.00 collisions/ep=0.00 (n=9)
update=425 global_step=870400 SPS=395 w_ev=0.982 m_ev=0.646 m_v_bias=1.0 m_adv_std=10.9525 m_kl_max=0.0333 m_ratio_max=0.924 return=-154.0 length=200 success_rate=0.00 collisions/ep=0.13 (n=15)
Evaluation at update 425: return=-146.74, length=200.00, success_rate=0.00, collisions/ep=0.00
Solved-check at update 425: solved=False worst_gap=1167.87 at p_x0=2.00 p_y0=0.00 (consecutive=0)
update=426 global_step=872448 SPS=393 w_ev=0.981 m_ev=0.538 m_v_bias=3.6 m_adv_std=15.9694 m_kl_max=0.0102 m_ratio_max=0.846 return=-155.8 length=200 success_rate=0.00 collisions/ep=0.25 (n=8)
update=427 global_step=874496 SPS=393 w_ev=0.989 m_ev=0.720 m_v_bias=0.1 m_adv_std=7.7756 m_kl_max=0.0208 m_ratio_max=0.770 return=-157.0 length=200 success_rate=0.00 collisions/ep=0.25 (n=8)
update=428 global_step=876544 SPS=394 w_ev=0.985 m_ev=0.952 m_v_bias=-3.1 m_adv_std=2.7915 m_kl_max=0.0274 m_ratio_max=0.790 return=-151.7 length=200 success_rate=0.00 collisions/ep=0.11 (n=9)
update=429 global_step=878592 SPS=395 w_ev=0.943 m_ev=0.262 m_v_bias=3.6 m_adv_std=22.9485 m_kl_max=0.0276 m_ratio_max=1.175 return=-170.3 length=200 success_rate=0.00 collisions/ep=0.40 (n=15)
update=430 global_step=880640 SPS=395 w_ev=0.985 m_ev=0.826 m_v_bias=-2.0 m_adv_std=5.6111 m_kl_max=0.0249 m_ratio_max=0.867 return=-148.3 length=200 success_rate=0.00 collisions/ep=0.00 (n=8)
Evaluation at update 430: return=-146.78, length=200.00, success_rate=0.00, collisions/ep=0.00
Solved-check at update 430: solved=False worst_gap=1167.70 at p_x0=2.00 p_y0=0.00 (consecutive=0)
update=431 global_step=882688 SPS=393 w_ev=0.990 m_ev=0.987 m_v_bias=-1.8 m_adv_std=1.5424 m_kl_max=0.0211 m_ratio_max=0.939 return=-147.5 length=200 success_rate=0.00 collisions/ep=0.00 (n=8)
update=432 global_step=884736 SPS=393 w_ev=0.989 m_ev=0.864 m_v_bias=-0.2 m_adv_std=5.7706 m_kl_max=0.0118 m_ratio_max=0.529 return=-148.9 length=200 success_rate=0.00 collisions/ep=0.11 (n=9)
update=433 global_step=886784 SPS=394 w_ev=0.995 m_ev=0.990 m_v_bias=-1.1 m_adv_std=1.6563 m_kl_max=0.0131 m_ratio_max=0.786 return=-146.1 length=200 success_rate=0.00 collisions/ep=0.00 (n=15)
update=434 global_step=888832 SPS=394 w_ev=0.983 m_ev=0.751 m_v_bias=1.2 m_adv_std=7.4645 m_kl_max=0.0153 m_ratio_max=0.513 return=-159.0 length=200 success_rate=0.00 collisions/ep=0.25 (n=8)
update=435 global_step=890880 SPS=395 w_ev=0.991 m_ev=0.989 m_v_bias=-1.0 m_adv_std=1.4677 m_kl_max=0.0191 m_ratio_max=0.632 return=-148.8 length=200 success_rate=0.00 collisions/ep=0.00 (n=9)
Evaluation at update 435: return=-146.72, length=200.00, success_rate=0.00, collisions/ep=0.00
Solved-check at update 435: solved=False worst_gap=1167.81 at p_x0=2.00 p_y0=0.00 (consecutive=0)
update=436 global_step=892928 SPS=393 w_ev=0.995 m_ev=0.996 m_v_bias=-0.5 m_adv_std=0.9548 m_kl_max=0.0313 m_ratio_max=0.907 return=-147.1 length=200 success_rate=0.00 collisions/ep=0.00 (n=15)
update=437 global_step=894976 SPS=393 w_ev=0.993 m_ev=0.993 m_v_bias=-0.7 m_adv_std=1.2437 m_kl_max=0.0220 m_ratio_max=0.893 return=-145.3 length=200 success_rate=0.00 collisions/ep=0.00 (n=8)
update=438 global_step=897024 SPS=394 w_ev=0.982 m_ev=0.578 m_v_bias=4.7 m_adv_std=13.5467 m_kl_max=0.0219 m_ratio_max=0.641 return=-172.5 length=200 success_rate=0.00 collisions/ep=0.50 (n=8)
update=439 global_step=899072 SPS=394 w_ev=0.992 m_ev=0.807 m_v_bias=-0.6 m_adv_std=6.9376 m_kl_max=0.0181 m_ratio_max=0.641 return=-147.4 length=200 success_rate=0.00 collisions/ep=0.11 (n=9)
update=440 global_step=901120 SPS=395 w_ev=0.993 m_ev=0.875 m_v_bias=-0.0 m_adv_std=6.0965 m_kl_max=0.0356 m_ratio_max=0.719 return=-151.5 length=200 success_rate=0.00 collisions/ep=0.13 (n=15)
Evaluation at update 440: return=-146.75, length=200.00, success_rate=0.00, collisions/ep=0.00
Solved-check at update 440: solved=False worst_gap=1167.73 at p_x0=2.00 p_y0=0.00 (consecutive=0)
update=441 global_step=903168 SPS=393 w_ev=0.965 m_ev=0.419 m_v_bias=4.1 m_adv_std=18.4971 m_kl_max=0.0083 m_ratio_max=0.682 return=-175.8 length=200 success_rate=0.00 collisions/ep=0.50 (n=8)
update=442 global_step=905216 SPS=393 w_ev=0.800 m_ev=0.089 m_v_bias=10.4 m_adv_std=55.5967 m_kl_max=0.0292 m_ratio_max=0.760 return=-146.4 length=200 success_rate=0.00 collisions/ep=0.00 (n=9)
update=443 global_step=907264 SPS=394 w_ev=0.969 m_ev=0.781 m_v_bias=-4.4 m_adv_std=7.9035 m_kl_max=0.0163 m_ratio_max=0.554 return=-180.4 length=200 success_rate=0.00 collisions/ep=0.67 (n=15)
update=444 global_step=909312 SPS=394 w_ev=0.992 m_ev=0.954 m_v_bias=-4.3 m_adv_std=3.4575 m_kl_max=0.0228 m_ratio_max=0.814 return=-147.8 length=200 success_rate=0.00 collisions/ep=0.00 (n=8)
update=445 global_step=911360 SPS=395 w_ev=0.990 m_ev=0.815 m_v_bias=-2.3 m_adv_std=6.3651 m_kl_max=0.0268 m_ratio_max=1.310 return=-150.4 length=200 success_rate=0.00 collisions/ep=0.12 (n=8)
Evaluation at update 445: return=-147.19, length=200.00, success_rate=0.00, collisions/ep=0.00
Solved-check at update 445: solved=False worst_gap=1168.23 at p_x0=2.00 p_y0=0.00 (consecutive=0)
update=446 global_step=913408 SPS=393 w_ev=0.979 m_ev=0.576 m_v_bias=0.4 m_adv_std=12.2088 m_kl_max=0.0190 m_ratio_max=0.793 return=-149.0 length=200 success_rate=0.00 collisions/ep=0.00 (n=9)
update=447 global_step=915456 SPS=393 w_ev=0.985 m_ev=0.740 m_v_bias=-0.1 m_adv_std=10.0639 m_kl_max=0.0218 m_ratio_max=0.675 return=-164.4 length=200 success_rate=0.00 collisions/ep=0.33 (n=15)
update=448 global_step=917504 SPS=394 w_ev=0.989 m_ev=0.965 m_v_bias=-2.4 m_adv_std=2.4518 m_kl_max=0.0144 m_ratio_max=0.502 return=-147.5 length=200 success_rate=0.00 collisions/ep=0.00 (n=8)
update=449 global_step=919552 SPS=394 w_ev=0.989 m_ev=0.833 m_v_bias=-0.6 m_adv_std=5.9216 m_kl_max=0.0141 m_ratio_max=0.549 return=-152.9 length=200 success_rate=0.00 collisions/ep=0.11 (n=9)
update=450 global_step=921600 SPS=395 w_ev=0.991 m_ev=0.988 m_v_bias=-1.0 m_adv_std=1.4333 m_kl_max=0.0300 m_ratio_max=0.665 return=-148.0 length=200 success_rate=0.00 collisions/ep=0.00 (n=15)
Evaluation at update 450: return=-147.78, length=200.00, success_rate=0.00, collisions/ep=0.00
Solved-check at update 450: solved=False worst_gap=1169.00 at p_x0=2.00 p_y0=0.00 (consecutive=0)
update=451 global_step=923648 SPS=392 w_ev=0.994 m_ev=0.997 m_v_bias=-0.8 m_adv_std=0.8495 m_kl_max=0.0272 m_ratio_max=0.815 return=-144.4 length=200 success_rate=0.00 collisions/ep=0.00 (n=8)
update=452 global_step=925696 SPS=393 w_ev=0.994 m_ev=0.994 m_v_bias=-0.4 m_adv_std=0.9697 m_kl_max=0.0138 m_ratio_max=1.141 return=-144.3 length=200 success_rate=0.00 collisions/ep=0.00 (n=8)
update=453 global_step=927744 SPS=394 w_ev=0.989 m_ev=0.793 m_v_bias=0.6 m_adv_std=6.4155 m_kl_max=0.0349 m_ratio_max=1.163 return=-145.9 length=200 success_rate=0.00 collisions/ep=0.00 (n=9)
update=454 global_step=929792 SPS=394 w_ev=0.995 m_ev=0.994 m_v_bias=-1.0 m_adv_std=1.1563 m_kl_max=0.0234 m_ratio_max=1.075 return=-151.7 length=200 success_rate=0.00 collisions/ep=0.07 (n=15)
update=455 global_step=931840 SPS=395 w_ev=0.989 m_ev=0.840 m_v_bias=0.6 m_adv_std=6.0886 m_kl_max=0.0130 m_ratio_max=0.884 return=-151.7 length=200 success_rate=0.00 collisions/ep=0.12 (n=8)
Evaluation at update 455: return=-147.64, length=200.00, success_rate=0.00, collisions/ep=0.00
Solved-check at update 455: solved=False worst_gap=1168.81 at p_x0=2.00 p_y0=0.00 (consecutive=0)
update=456 global_step=933888 SPS=392 w_ev=0.994 m_ev=0.997 m_v_bias=-0.6 m_adv_std=0.7073 m_kl_max=0.0513 m_ratio_max=1.925 return=-148.5 length=200 success_rate=0.00 collisions/ep=0.00 (n=8)
update=457 global_step=935936 SPS=393 w_ev=0.993 m_ev=0.996 m_v_bias=-0.5 m_adv_std=0.8396 m_kl_max=0.0314 m_ratio_max=1.574 return=-146.2 length=200 success_rate=0.00 collisions/ep=0.00 (n=9)
update=458 global_step=937984 SPS=393 w_ev=0.994 m_ev=0.877 m_v_bias=0.9 m_adv_std=6.2057 m_kl_max=0.0315 m_ratio_max=1.100 return=-147.9 length=200 success_rate=0.00 collisions/ep=0.07 (n=15)
update=459 global_step=940032 SPS=394 w_ev=0.988 m_ev=0.995 m_v_bias=-0.8 m_adv_std=0.8561 m_kl_max=0.0207 m_ratio_max=1.246 return=-146.3 length=200 success_rate=0.00 collisions/ep=0.00 (n=8)
update=460 global_step=942080 SPS=394 w_ev=0.993 m_ev=0.994 m_v_bias=-0.6 m_adv_std=1.0512 m_kl_max=0.0229 m_ratio_max=0.789 return=-147.2 length=200 success_rate=0.00 collisions/ep=0.00 (n=9)
Evaluation at update 460: return=-146.56, length=200.00, success_rate=0.00, collisions/ep=0.00
Solved-check at update 460: solved=False worst_gap=1167.29 at p_x0=2.00 p_y0=0.00 (consecutive=0)
update=461 global_step=944128 SPS=392 w_ev=0.992 m_ev=0.840 m_v_bias=0.7 m_adv_std=6.3386 m_kl_max=0.0427 m_ratio_max=1.514 return=-148.1 length=200 success_rate=0.00 collisions/ep=0.07 (n=15)
update=462 global_step=946176 SPS=393 w_ev=0.993 m_ev=0.993 m_v_bias=-0.9 m_adv_std=1.2324 m_kl_max=0.0116 m_ratio_max=0.514 return=-147.8 length=200 success_rate=0.00 collisions/ep=0.00 (n=8)
update=463 global_step=948224 SPS=393 w_ev=0.980 m_ev=0.698 m_v_bias=1.2 m_adv_std=8.7564 m_kl_max=0.0316 m_ratio_max=0.705 return=-163.6 length=200 success_rate=0.00 collisions/ep=0.38 (n=8)
update=464 global_step=950272 SPS=394 w_ev=0.992 m_ev=0.990 m_v_bias=-0.6 m_adv_std=1.3679 m_kl_max=0.0211 m_ratio_max=0.975 return=-147.6 length=200 success_rate=0.00 collisions/ep=0.00 (n=9)
update=465 global_step=952320 SPS=394 w_ev=0.997 m_ev=0.998 m_v_bias=-0.5 m_adv_std=0.8164 m_kl_max=0.0144 m_ratio_max=0.484 return=-146.6 length=200 success_rate=0.00 collisions/ep=0.00 (n=15)
Evaluation at update 465: return=-146.34, length=200.00, success_rate=0.00, collisions/ep=0.00
Solved-check at update 465: solved=False worst_gap=1167.02 at p_x0=2.00 p_y0=0.00 (consecutive=0)
update=466 global_step=954368 SPS=392 w_ev=0.971 m_ev=0.451 m_v_bias=4.1 m_adv_std=16.5738 m_kl_max=0.0372 m_ratio_max=0.857 return=-166.0 length=200 success_rate=0.00 collisions/ep=0.50 (n=8)
update=467 global_step=956416 SPS=393 w_ev=0.760 m_ev=-0.070 m_v_bias=5.7 m_adv_std=40.2111 m_kl_max=0.0205 m_ratio_max=0.570 return=-155.8 length=200 success_rate=0.00 collisions/ep=0.22 (n=9)
update=468 global_step=958464 SPS=393 w_ev=0.970 m_ev=0.406 m_v_bias=-6.4 m_adv_std=9.6567 m_kl_max=0.0135 m_ratio_max=0.960 return=-174.9 length=200 success_rate=0.00 collisions/ep=0.53 (n=15)
update=469 global_step=960512 SPS=394 w_ev=0.957 m_ev=0.337 m_v_bias=2.2 m_adv_std=20.4877 m_kl_max=0.0220 m_ratio_max=1.394 return=-174.4 length=200 success_rate=0.00 collisions/ep=0.50 (n=8)
update=470 global_step=962560 SPS=394 w_ev=0.981 m_ev=0.844 m_v_bias=-2.0 m_adv_std=5.6999 m_kl_max=0.0182 m_ratio_max=0.740 return=-156.4 length=200 success_rate=0.00 collisions/ep=0.12 (n=8)
Evaluation at update 470: return=-147.03, length=200.00, success_rate=0.00, collisions/ep=0.00
Solved-check at update 470: solved=False worst_gap=1167.57 at p_x0=2.00 p_y0=0.00 (consecutive=0)
update=471 global_step=964608 SPS=392 w_ev=0.988 m_ev=0.988 m_v_bias=-2.2 m_adv_std=1.5131 m_kl_max=0.0240 m_ratio_max=0.913 return=-148.2 length=200 success_rate=0.00 collisions/ep=0.00 (n=9)
update=472 global_step=966656 SPS=393 w_ev=0.990 m_ev=0.889 m_v_bias=-0.6 m_adv_std=5.1916 m_kl_max=0.0173 m_ratio_max=0.745 return=-152.2 length=200 success_rate=0.00 collisions/ep=0.07 (n=15)
update=473 global_step=968704 SPS=393 w_ev=0.989 m_ev=0.824 m_v_bias=0.4 m_adv_std=6.3549 m_kl_max=0.0144 m_ratio_max=0.501 return=-154.1 length=200 success_rate=0.00 collisions/ep=0.12 (n=8)
update=474 global_step=970752 SPS=394 w_ev=0.993 m_ev=0.968 m_v_bias=-1.2 m_adv_std=2.3872 m_kl_max=0.0197 m_ratio_max=0.734 return=-148.5 length=200 success_rate=0.00 collisions/ep=0.00 (n=9)
update=475 global_step=972800 SPS=394 w_ev=0.978 m_ev=0.539 m_v_bias=1.9 m_adv_std=12.6887 m_kl_max=0.0115 m_ratio_max=0.604 return=-156.5 length=200 success_rate=0.00 collisions/ep=0.20 (n=15)
Evaluation at update 475: return=-146.24, length=200.00, success_rate=0.00, collisions/ep=0.00
Solved-check at update 475: solved=False worst_gap=1167.44 at p_x0=2.00 p_y0=0.50 (consecutive=0)
update=476 global_step=974848 SPS=392 w_ev=0.991 m_ev=0.880 m_v_bias=-0.5 m_adv_std=5.8508 m_kl_max=0.0196 m_ratio_max=0.560 return=-150.9 length=200 success_rate=0.00 collisions/ep=0.12 (n=8)
update=477 global_step=976896 SPS=393 w_ev=0.989 m_ev=0.984 m_v_bias=-1.6 m_adv_std=1.5533 m_kl_max=0.0237 m_ratio_max=0.524 return=-146.5 length=200 success_rate=0.00 collisions/ep=0.00 (n=8)
update=478 global_step=978944 SPS=393 w_ev=0.978 m_ev=0.442 m_v_bias=2.6 m_adv_std=13.5097 m_kl_max=0.0302 m_ratio_max=1.048 return=-148.8 length=200 success_rate=0.00 collisions/ep=0.00 (n=9)
update=479 global_step=980992 SPS=394 w_ev=0.993 m_ev=0.961 m_v_bias=-2.6 m_adv_std=3.0010 m_kl_max=0.0253 m_ratio_max=0.802 return=-155.4 length=200 success_rate=0.00 collisions/ep=0.20 (n=15)
update=480 global_step=983040 SPS=394 w_ev=0.993 m_ev=0.989 m_v_bias=-1.5 m_adv_std=1.4098 m_kl_max=0.0410 m_ratio_max=1.047 return=-146.4 length=200 success_rate=0.00 collisions/ep=0.00 (n=8)
Evaluation at update 480: return=-146.59, length=200.00, success_rate=0.00, collisions/ep=0.00
Solved-check at update 480: solved=False worst_gap=1167.19 at p_x0=2.00 p_y0=0.50 (consecutive=0)
update=481 global_step=985088 SPS=392 w_ev=0.990 m_ev=0.702 m_v_bias=1.7 m_adv_std=8.4703 m_kl_max=0.0209 m_ratio_max=0.960 return=-144.5 length=200 success_rate=0.00 collisions/ep=0.00 (n=8)
update=482 global_step=987136 SPS=393 w_ev=0.981 m_ev=0.537 m_v_bias=2.1 m_adv_std=13.1043 m_kl_max=0.0202 m_ratio_max=1.189 return=-163.2 length=200 success_rate=0.00 collisions/ep=0.33 (n=9)
update=483 global_step=989184 SPS=393 w_ev=0.993 m_ev=0.883 m_v_bias=-0.4 m_adv_std=5.9499 m_kl_max=0.0130 m_ratio_max=0.815 return=-155.7 length=200 success_rate=0.00 collisions/ep=0.20 (n=15)
update=484 global_step=991232 SPS=394 w_ev=0.989 m_ev=0.991 m_v_bias=-1.6 m_adv_std=1.2066 m_kl_max=0.0183 m_ratio_max=0.815 return=-149.6 length=200 success_rate=0.00 collisions/ep=0.00 (n=8)
update=485 global_step=993280 SPS=394 w_ev=0.991 m_ev=0.895 m_v_bias=-0.7 m_adv_std=4.8133 m_kl_max=0.0182 m_ratio_max=0.709 return=-152.4 length=200 success_rate=0.00 collisions/ep=0.11 (n=9)
Evaluation at update 485: return=-146.56, length=200.00, success_rate=0.00, collisions/ep=0.00
Solved-check at update 485: solved=False worst_gap=1167.27 at p_x0=2.00 p_y0=0.50 (consecutive=0)
update=486 global_step=995328 SPS=392 w_ev=0.992 m_ev=0.748 m_v_bias=1.6 m_adv_std=8.7522 m_kl_max=0.0185 m_ratio_max=0.872 return=-150.0 length=200 success_rate=0.00 collisions/ep=0.13 (n=15)
update=487 global_step=997376 SPS=393 w_ev=0.989 m_ev=0.842 m_v_bias=-0.1 m_adv_std=6.5948 m_kl_max=0.0180 m_ratio_max=0.516 return=-150.6 length=200 success_rate=0.00 collisions/ep=0.12 (n=8)
update=488 global_step=999424 SPS=393 w_ev=0.991 m_ev=0.944 m_v_bias=-1.1 m_adv_std=3.2539 m_kl_max=0.0140 m_ratio_max=0.535 return=-153.0 length=200 success_rate=0.00 collisions/ep=0.12 (n=8)
update=489 global_step=1001472 SPS=394 w_ev=0.991 m_ev=0.844 m_v_bias=0.5 m_adv_std=6.1950 m_kl_max=0.0174 m_ratio_max=0.691 return=-147.0 length=200 success_rate=0.00 collisions/ep=0.00 (n=9)
update=490 global_step=1003520 SPS=394 w_ev=0.995 m_ev=0.991 m_v_bias=-1.0 m_adv_std=1.4450 m_kl_max=0.0151 m_ratio_max=0.783 return=-152.3 length=200 success_rate=0.00 collisions/ep=0.07 (n=15)
Evaluation at update 490: return=-146.75, length=200.00, success_rate=0.00, collisions/ep=0.00
Solved-check at update 490: solved=False worst_gap=1167.12 at p_x0=2.00 p_y0=0.50 (consecutive=0)
update=491 global_step=1005568 SPS=392 w_ev=0.991 m_ev=0.995 m_v_bias=-0.7 m_adv_std=0.8975 m_kl_max=0.0310 m_ratio_max=1.242 return=-147.9 length=200 success_rate=0.00 collisions/ep=0.00 (n=8)
update=492 global_step=1007616 SPS=392 w_ev=0.990 m_ev=0.996 m_v_bias=-0.7 m_adv_std=0.7846 m_kl_max=0.0140 m_ratio_max=0.621 return=-145.7 length=200 success_rate=0.00 collisions/ep=0.00 (n=9)
update=493 global_step=1009664 SPS=393 w_ev=0.990 m_ev=0.735 m_v_bias=2.7 m_adv_std=9.0315 m_kl_max=0.0145 m_ratio_max=0.702 return=-152.8 length=200 success_rate=0.00 collisions/ep=0.13 (n=15)
update=494 global_step=1011712 SPS=393 w_ev=0.953 m_ev=0.320 m_v_bias=8.5 m_adv_std=30.0651 m_kl_max=0.0236 m_ratio_max=1.034 return=-190.3 length=200 success_rate=0.00 collisions/ep=0.88 (n=8)
update=495 global_step=1013760 SPS=394 w_ev=0.979 m_ev=0.811 m_v_bias=-2.0 m_adv_std=6.7509 m_kl_max=0.0215 m_ratio_max=0.610 return=-152.5 length=200 success_rate=0.00 collisions/ep=0.12 (n=8)
Evaluation at update 495: return=-145.98, length=200.00, success_rate=0.00, collisions/ep=0.00
Solved-check at update 495: solved=False worst_gap=1166.51 at p_x0=2.00 p_y0=0.50 (consecutive=0)
update=496 global_step=1015808 SPS=392 w_ev=0.988 m_ev=0.791 m_v_bias=-1.0 m_adv_std=8.2208 m_kl_max=0.0259 m_ratio_max=0.771 return=-153.9 length=200 success_rate=0.00 collisions/ep=0.11 (n=9)
update=497 global_step=1017856 SPS=392 w_ev=0.987 m_ev=0.627 m_v_bias=1.1 m_adv_std=13.8021 m_kl_max=0.0141 m_ratio_max=0.456 return=-159.9 length=200 success_rate=0.00 collisions/ep=0.27 (n=15)
update=498 global_step=1019904 SPS=393 w_ev=0.990 m_ev=0.954 m_v_bias=-2.7 m_adv_std=3.0477 m_kl_max=0.0176 m_ratio_max=0.484 return=-145.7 length=200 success_rate=0.00 collisions/ep=0.00 (n=8)
update=499 global_step=1021952 SPS=393 w_ev=0.972 m_ev=0.434 m_v_bias=1.8 m_adv_std=18.1362 m_kl_max=0.0101 m_ratio_max=0.453 return=-165.1 length=200 success_rate=0.00 collisions/ep=0.44 (n=9)
update=500 global_step=1024000 SPS=394 w_ev=0.987 m_ev=0.835 m_v_bias=-2.1 m_adv_std=5.9508 m_kl_max=0.0128 m_ratio_max=0.665 return=-146.1 length=200 success_rate=0.00 collisions/ep=0.07 (n=15)
Evaluation at update 500: return=-146.56, length=200.00, success_rate=0.00, collisions/ep=0.00
Solved-check at update 500: solved=False worst_gap=1166.91 at p_x0=2.00 p_y0=0.50 (consecutive=0)
Saved checkpoints to C:\Users\loren\Desktop\MASTER THESIS\5_CODE\scenarios\slalom\studies\disturbed_0.005_0.05\hppo\runs\hppo_slalom_8_1791114558
