Using device: cpu
Solved-check: precomputed optimal returns for 25 fixed initial conditions (mean=1013.0, min=1011.0, max=1015.0); solved-tolerance=5.0
num_envs=8 num_steps_per_env=256 worker_batch_size=2048 worker_minibatch_size=256 num_updates=488 timesteps=999424 (requested 1000000; 576 dropped by integer division)
update=1 global_step=2048 SPS=1192 w_ev=-0.028 m_ev=-0.000 m_v_bias=106.7 m_adv_std=78.4227 m_kl_max=0.0012 m_ratio_max=0.176 return=-563.7 length=200 success_rate=0.00 collisions/ep=7.25 (n=8)
update=2 global_step=4096 SPS=1138 w_ev=0.026 m_ev=-0.049 m_v_bias=-10.7 m_adv_std=290.8514 m_kl_max=0.0031 m_ratio_max=0.387 w_ax@goal=+0.05 w_v@goal=0.23 return=-213.5 length=169 success_rate=0.45 collisions/ep=10.82 (n=11)
update=3 global_step=6144 SPS=1113 w_ev=-0.065 m_ev=0.544 m_v_bias=-32.1 m_adv_std=195.1976 m_kl_max=0.0026 m_ratio_max=0.245 w_ax@goal=+0.32 w_v@goal=0.23 return=-189.6 length=176 success_rate=0.36 collisions/ep=8.00 (n=11)
update=4 global_step=8192 SPS=1088 w_ev=0.039 m_ev=0.641 m_v_bias=36.9 m_adv_std=155.7594 m_kl_max=0.0048 m_ratio_max=0.326 w_ax@goal=-0.23 w_v@goal=-0.03 return=-366.0 length=188 success_rate=0.17 collisions/ep=7.58 (n=12)
update=5 global_step=10240 SPS=1089 w_ev=0.069 m_ev=0.473 m_v_bias=25.4 m_adv_std=200.2900 m_kl_max=0.0021 m_ratio_max=0.254 w_ax@goal=+0.18 w_v@goal=-0.12 return=-369.1 length=177 success_rate=0.30 collisions/ep=10.50 (n=10)
Evaluation at update 5: return=-6426.20, length=200.00, success_rate=0.00, collisions/ep=124.10
Solved-check at update 5: solved=False worst_gap=8383.01 at p_x0=1.00 p_y0=1.00 (consecutive=0)
update=6 global_step=12288 SPS=540 w_ev=0.017 m_ev=0.631 m_v_bias=-73.4 m_adv_std=190.1153 m_kl_max=0.0044 m_ratio_max=0.537 w_ax@goal=+0.22 w_v@goal=0.07 return=-54.7 length=176 success_rate=0.42 collisions/ep=6.75 (n=12)
update=7 global_step=14336 SPS=590 w_ev=0.106 m_ev=0.508 m_v_bias=84.9 m_adv_std=228.2225 m_kl_max=0.0036 m_ratio_max=0.332 w_ax@goal=-0.14 w_v@goal=0.06 return=-524.2 length=190 success_rate=0.18 collisions/ep=10.82 (n=11)
update=8 global_step=16384 SPS=630 w_ev=0.151 m_ev=0.726 m_v_bias=-38.8 m_adv_std=177.5497 m_kl_max=0.0112 m_ratio_max=0.658 w_ax@goal=-0.05 w_v@goal=0.09 return=-364.2 length=188 success_rate=0.30 collisions/ep=10.00 (n=10)
update=9 global_step=18432 SPS=667 w_ev=0.154 m_ev=0.632 m_v_bias=105.0 m_adv_std=202.7336 m_kl_max=0.0112 m_ratio_max=0.802 w_ax@goal=-0.17 w_v@goal=0.21 return=-653.1 length=186 success_rate=0.20 collisions/ep=13.90 (n=10)
update=10 global_step=20480 SPS=696 w_ev=0.084 m_ev=0.699 m_v_bias=4.0 m_adv_std=228.3032 m_kl_max=0.0156 m_ratio_max=0.655 w_ax@goal=+0.31 w_v@goal=0.32 return=-536.4 length=171 success_rate=0.36 collisions/ep=15.14 (n=14)
Evaluation at update 10: return=409.29, length=120.95, success_rate=1.00, collisions/ep=11.20
Solved-check at update 10: solved=False worst_gap=698.28 at p_x0=2.00 p_y0=0.50 (consecutive=0)
update=11 global_step=22528 SPS=588 w_ev=0.048 m_ev=0.636 m_v_bias=-43.5 m_adv_std=239.9149 m_kl_max=0.0233 m_ratio_max=0.708 w_ax@goal=+0.05 w_v@goal=0.40 return=-396.3 length=191 success_rate=0.27 collisions/ep=10.36 (n=11)
update=12 global_step=24576 SPS=612 w_ev=0.160 m_ev=0.787 m_v_bias=-156.3 m_adv_std=153.4673 m_kl_max=0.0236 m_ratio_max=0.817 w_ax@goal=+0.24 w_v@goal=0.54 return=456.2 length=156 success_rate=0.77 collisions/ep=4.77 (n=13)
update=13 global_step=26624 SPS=632 w_ev=0.164 m_ev=0.809 m_v_bias=-67.0 m_adv_std=130.1161 m_kl_max=0.0258 m_ratio_max=0.740 w_ax@goal=+0.24 w_v@goal=0.89 return=590.4 length=126 success_rate=0.89 collisions/ep=5.37 (n=19)
update=14 global_step=28672 SPS=656 w_ev=0.161 m_ev=0.808 m_v_bias=-55.9 m_adv_std=118.9817 m_kl_max=0.0147 m_ratio_max=0.738 w_ax@goal=+0.38 w_v@goal=1.25 return=802.8 length=102 success_rate=1.00 collisions/ep=3.74 (n=19)
update=15 global_step=30720 SPS=677 w_ev=0.113 m_ev=0.864 m_v_bias=-16.3 m_adv_std=92.9672 m_kl_max=0.0045 m_ratio_max=0.386 w_ax@goal=+0.49 w_v@goal=1.63 return=770.1 length=98 success_rate=1.00 collisions/ep=4.52 (n=21)
Evaluation at update 15: return=778.85, length=81.60, success_rate=1.00, collisions/ep=4.60
Solved-check at update 15: solved=False worst_gap=503.91 at p_x0=1.00 p_y0=-1.00 (consecutive=0)
update=16 global_step=32768 SPS=626 w_ev=0.072 m_ev=0.901 m_v_bias=-8.4 m_adv_std=80.5272 m_kl_max=0.0056 m_ratio_max=0.372 w_ax@goal=+0.58 w_v@goal=2.03 return=735.1 length=90 success_rate=1.00 collisions/ep=5.30 (n=23)
update=17 global_step=34816 SPS=645 w_ev=0.079 m_ev=0.875 m_v_bias=-14.2 m_adv_std=83.4511 m_kl_max=0.0111 m_ratio_max=0.463 w_ax@goal=+0.65 w_v@goal=2.20 return=795.5 length=90 success_rate=1.00 collisions/ep=4.17 (n=23)
update=18 global_step=36864 SPS=663 w_ev=0.117 m_ev=0.893 m_v_bias=8.0 m_adv_std=80.4434 m_kl_max=0.0100 m_ratio_max=0.586 w_ax@goal=+0.69 w_v@goal=2.41 return=758.1 length=88 success_rate=1.00 collisions/ep=4.96 (n=23)
update=19 global_step=38912 SPS=682 w_ev=0.094 m_ev=0.873 m_v_bias=0.3 m_adv_std=86.9204 m_kl_max=0.0179 m_ratio_max=0.613 w_ax@goal=+0.74 w_v@goal=2.64 return=782.7 length=87 success_rate=1.00 collisions/ep=4.43 (n=23)
update=20 global_step=40960 SPS=696 w_ev=0.127 m_ev=0.911 m_v_bias=-15.4 m_adv_std=71.1460 m_kl_max=0.0132 m_ratio_max=0.501 w_ax@goal=+0.92 w_v@goal=2.84 return=779.4 length=84 success_rate=1.00 collisions/ep=4.52 (n=25)
Evaluation at update 20: return=927.99, length=80.00, success_rate=1.00, collisions/ep=1.65
Solved-check at update 20: solved=False worst_gap=452.49 at p_x0=1.00 p_y0=-1.00 (consecutive=0)
update=21 global_step=43008 SPS=658 w_ev=0.142 m_ev=0.906 m_v_bias=13.8 m_adv_std=73.8296 m_kl_max=0.0130 m_ratio_max=0.544 w_ax@goal=+0.92 w_v@goal=3.00 return=767.4 length=87 success_rate=1.00 collisions/ep=4.75 (n=24)
update=22 global_step=45056 SPS=672 w_ev=0.142 m_ev=0.903 m_v_bias=-21.6 m_adv_std=73.1486 m_kl_max=0.0055 m_ratio_max=0.366 w_ax@goal=+0.78 w_v@goal=2.96 return=801.6 length=86 success_rate=1.00 collisions/ep=4.08 (n=24)
update=23 global_step=47104 SPS=684 w_ev=0.166 m_ev=0.842 m_v_bias=12.4 m_adv_std=95.8094 m_kl_max=0.0264 m_ratio_max=1.319 w_ax@goal=+0.61 w_v@goal=3.07 return=799.8 length=87 success_rate=1.00 collisions/ep=4.09 (n=23)
update=24 global_step=49152 SPS=697 w_ev=0.217 m_ev=0.946 m_v_bias=-23.6 m_adv_std=50.6010 m_kl_max=0.0129 m_ratio_max=0.710 w_ax@goal=+0.95 w_v@goal=3.13 return=829.7 length=83 success_rate=1.00 collisions/ep=3.54 (n=26)
update=25 global_step=51200 SPS=709 w_ev=0.239 m_ev=0.904 m_v_bias=-7.9 m_adv_std=67.1013 m_kl_max=0.0096 m_ratio_max=0.569 w_ax@goal=+0.82 w_v@goal=3.01 return=829.8 length=85 success_rate=1.00 collisions/ep=3.57 (n=23)
Evaluation at update 25: return=961.16, length=79.25, success_rate=1.00, collisions/ep=1.00
Solved-check at update 25: solved=False worst_gap=52.00 at p_x0=0.00 p_y0=-1.00 (consecutive=0)
update=26 global_step=53248 SPS=675 w_ev=0.228 m_ev=0.910 m_v_bias=2.7 m_adv_std=66.0020 m_kl_max=0.0205 m_ratio_max=0.921 w_ax@goal=+0.69 w_v@goal=3.19 return=859.7 length=86 success_rate=1.00 collisions/ep=2.92 (n=25)
update=27 global_step=55296 SPS=684 w_ev=0.181 m_ev=0.899 m_v_bias=1.1 m_adv_std=67.0083 m_kl_max=0.0129 m_ratio_max=0.568 w_ax@goal=+0.65 w_v@goal=3.23 return=844.1 length=84 success_rate=1.00 collisions/ep=3.25 (n=24)
update=28 global_step=57344 SPS=695 w_ev=0.140 m_ev=0.949 m_v_bias=-15.8 m_adv_std=46.2106 m_kl_max=0.0101 m_ratio_max=0.469 w_ax@goal=+0.84 w_v@goal=3.44 return=896.7 length=84 success_rate=1.00 collisions/ep=2.20 (n=25)
update=29 global_step=59392 SPS=704 w_ev=0.125 m_ev=0.947 m_v_bias=6.0 m_adv_std=46.8046 m_kl_max=0.0177 m_ratio_max=0.690 w_ax@goal=+0.74 w_v@goal=3.49 return=872.5 length=84 success_rate=1.00 collisions/ep=2.67 (n=24)
update=30 global_step=61440 SPS=715 w_ev=0.138 m_ev=0.934 m_v_bias=-8.6 m_adv_std=52.7740 m_kl_max=0.0129 m_ratio_max=0.706 w_ax@goal=+0.73 w_v@goal=3.50 return=879.0 length=85 success_rate=1.00 collisions/ep=2.54 (n=24)
Evaluation at update 30: return=961.13, length=79.20, success_rate=1.00, collisions/ep=1.00
Solved-check at update 30: solved=False worst_gap=451.25 at p_x0=2.00 p_y0=-1.00 (consecutive=0)
update=31 global_step=63488 SPS=685 w_ev=0.084 m_ev=0.935 m_v_bias=0.9 m_adv_std=54.0484 m_kl_max=0.0122 m_ratio_max=0.728 w_ax@goal=+0.78 w_v@goal=3.68 return=876.1 length=86 success_rate=1.00 collisions/ep=2.58 (n=24)
update=32 global_step=65536 SPS=695 w_ev=0.093 m_ev=0.942 m_v_bias=4.5 m_adv_std=49.3663 m_kl_max=0.0189 m_ratio_max=0.773 w_ax@goal=+0.48 w_v@goal=3.65 return=865.1 length=85 success_rate=1.00 collisions/ep=2.83 (n=23)
update=33 global_step=67584 SPS=704 w_ev=0.149 m_ev=0.894 m_v_bias=6.3 m_adv_std=68.6288 m_kl_max=0.0086 m_ratio_max=0.527 w_ax@goal=+0.63 w_v@goal=3.54 return=873.9 length=88 success_rate=1.00 collisions/ep=2.61 (n=23)
update=34 global_step=69632 SPS=714 w_ev=0.138 m_ev=0.940 m_v_bias=-13.3 m_adv_std=50.0655 m_kl_max=0.0104 m_ratio_max=0.771 w_ax@goal=+0.90 w_v@goal=3.67 return=876.7 length=85 success_rate=1.00 collisions/ep=2.60 (n=25)
update=35 global_step=71680 SPS=720 w_ev=0.216 m_ev=0.952 m_v_bias=-3.4 m_adv_std=44.5416 m_kl_max=0.0126 m_ratio_max=0.554 w_ax@goal=+0.75 w_v@goal=3.52 return=899.6 length=85 success_rate=1.00 collisions/ep=2.12 (n=24)
Evaluation at update 35: return=960.67, length=79.85, success_rate=1.00, collisions/ep=1.00
Solved-check at update 35: solved=False worst_gap=501.93 at p_x0=2.00 p_y0=-1.00 (consecutive=0)
update=36 global_step=73728 SPS=696 w_ev=0.155 m_ev=0.929 m_v_bias=-5.5 m_adv_std=55.4880 m_kl_max=0.0088 m_ratio_max=0.832 w_ax@goal=+0.65 w_v@goal=3.59 return=883.6 length=86 success_rate=1.00 collisions/ep=2.43 (n=23)
update=37 global_step=75776 SPS=704 w_ev=0.197 m_ev=0.940 m_v_bias=-5.2 m_adv_std=49.2805 m_kl_max=0.0046 m_ratio_max=0.465 w_ax@goal=+0.75 w_v@goal=3.62 return=898.7 length=85 success_rate=1.00 collisions/ep=2.15 (n=26)
update=38 global_step=77824 SPS=711 w_ev=0.173 m_ev=0.963 m_v_bias=-3.0 m_adv_std=36.8815 m_kl_max=0.0081 m_ratio_max=0.397 w_ax@goal=+0.59 w_v@goal=3.64 return=928.0 length=88 success_rate=1.00 collisions/ep=1.55 (n=22)
update=39 global_step=79872 SPS=718 w_ev=0.190 m_ev=0.965 m_v_bias=-4.0 m_adv_std=36.4463 m_kl_max=0.0091 m_ratio_max=0.581 w_ax@goal=+0.73 w_v@goal=3.71 return=930.0 length=89 success_rate=1.00 collisions/ep=1.48 (n=23)
update=40 global_step=81920 SPS=726 w_ev=0.158 m_ev=0.960 m_v_bias=-4.1 m_adv_std=37.7980 m_kl_max=0.0126 m_ratio_max=0.731 w_ax@goal=+0.51 w_v@goal=3.69 return=932.0 length=87 success_rate=1.00 collisions/ep=1.50 (n=24)
Evaluation at update 40: return=961.01, length=79.35, success_rate=1.00, collisions/ep=1.00
Solved-check at update 40: solved=False worst_gap=401.45 at p_x0=2.00 p_y0=-1.00 (consecutive=0)
update=41 global_step=83968 SPS=703 w_ev=0.161 m_ev=0.933 m_v_bias=9.1 m_adv_std=51.1956 m_kl_max=0.0152 m_ratio_max=1.107 w_ax@goal=+0.78 w_v@goal=3.80 return=893.5 length=86 success_rate=1.00 collisions/ep=2.27 (n=22)
update=42 global_step=86016 SPS=710 w_ev=0.196 m_ev=0.959 m_v_bias=-2.6 m_adv_std=39.8212 m_kl_max=0.0030 m_ratio_max=0.252 w_ax@goal=+0.57 w_v@goal=3.80 return=902.4 length=86 success_rate=1.00 collisions/ep=2.12 (n=25)
update=43 global_step=88064 SPS=718 w_ev=0.181 m_ev=0.954 m_v_bias=-13.7 m_adv_std=40.5715 m_kl_max=0.0229 m_ratio_max=0.827 w_ax@goal=+0.69 w_v@goal=3.90 return=952.9 length=86 success_rate=1.00 collisions/ep=1.09 (n=23)
update=44 global_step=90112 SPS=723 w_ev=0.122 m_ev=0.969 m_v_bias=-2.9 m_adv_std=32.3658 m_kl_max=0.0222 m_ratio_max=0.926 w_ax@goal=+0.54 w_v@goal=3.87 return=949.4 length=86 success_rate=1.00 collisions/ep=1.13 (n=23)
update=45 global_step=92160 SPS=730 w_ev=0.151 m_ev=0.947 m_v_bias=11.5 m_adv_std=44.9442 m_kl_max=0.0209 m_ratio_max=0.922 w_ax@goal=+0.64 w_v@goal=3.96 return=917.0 length=85 success_rate=1.00 collisions/ep=1.77 (n=26)
Evaluation at update 45: return=953.54, length=79.40, success_rate=1.00, collisions/ep=1.15
Solved-check at update 45: solved=False worst_gap=401.37 at p_x0=1.50 p_y0=-1.00 (consecutive=0)
update=46 global_step=94208 SPS=707 w_ev=0.213 m_ev=0.935 m_v_bias=1.7 m_adv_std=51.4689 m_kl_max=0.0193 m_ratio_max=1.894 w_ax@goal=+0.48 w_v@goal=3.85 return=925.6 length=87 success_rate=1.00 collisions/ep=1.62 (n=24)
update=47 global_step=96256 SPS=714 w_ev=0.229 m_ev=0.952 m_v_bias=0.9 m_adv_std=41.4073 m_kl_max=0.0058 m_ratio_max=0.795 w_ax@goal=+0.52 w_v@goal=3.66 return=925.3 length=88 success_rate=1.00 collisions/ep=1.57 (n=23)
update=48 global_step=98304 SPS=720 w_ev=0.222 m_ev=0.946 m_v_bias=2.5 m_adv_std=45.7233 m_kl_max=0.0132 m_ratio_max=0.718 w_ax@goal=+0.37 w_v@goal=3.77 return=927.4 length=87 success_rate=1.00 collisions/ep=1.54 (n=24)
update=49 global_step=100352 SPS=725 w_ev=0.233 m_ev=0.964 m_v_bias=-6.5 m_adv_std=35.7121 m_kl_max=0.0036 m_ratio_max=0.253 w_ax@goal=+0.64 w_v@goal=3.70 return=943.8 length=85 success_rate=1.00 collisions/ep=1.25 (n=24)
update=50 global_step=102400 SPS=731 w_ev=0.239 m_ev=0.966 m_v_bias=-4.7 m_adv_std=34.6013 m_kl_max=0.0098 m_ratio_max=0.751 w_ax@goal=+0.73 w_v@goal=3.76 return=936.5 length=85 success_rate=1.00 collisions/ep=1.40 (n=25)
Evaluation at update 50: return=1001.47, length=79.00, success_rate=1.00, collisions/ep=0.20
Solved-check at update 50: solved=False worst_gap=400.85 at p_x0=2.00 p_y0=-1.00 (consecutive=0)
update=51 global_step=104448 SPS=712 w_ev=0.289 m_ev=0.923 m_v_bias=7.7 m_adv_std=54.2731 m_kl_max=0.0115 m_ratio_max=0.593 w_ax@goal=+0.50 w_v@goal=3.68 return=937.6 length=85 success_rate=1.00 collisions/ep=1.36 (n=22)
update=52 global_step=106496 SPS=717 w_ev=0.321 m_ev=0.971 m_v_bias=-3.6 m_adv_std=31.4169 m_kl_max=0.0077 m_ratio_max=0.721 w_ax@goal=+0.48 w_v@goal=3.65 return=952.3 length=88 success_rate=1.00 collisions/ep=1.09 (n=23)
update=53 global_step=108544 SPS=723 w_ev=0.179 m_ev=0.962 m_v_bias=0.5 m_adv_std=37.1604 m_kl_max=0.0116 m_ratio_max=0.851 w_ax@goal=+0.54 w_v@goal=3.86 return=950.1 length=87 success_rate=1.00 collisions/ep=1.12 (n=25)
update=54 global_step=110592 SPS=728 w_ev=0.235 m_ev=0.936 m_v_bias=10.6 m_adv_std=49.3229 m_kl_max=0.0155 m_ratio_max=0.540 w_ax@goal=+0.35 w_v@goal=3.72 return=954.9 length=90 success_rate=1.00 collisions/ep=1.00 (n=23)
update=55 global_step=112640 SPS=734 w_ev=0.237 m_ev=0.974 m_v_bias=-4.2 m_adv_std=29.7264 m_kl_max=0.0100 m_ratio_max=0.510 w_ax@goal=+0.41 w_v@goal=3.73 return=969.2 length=87 success_rate=1.00 collisions/ep=0.70 (n=23)
Evaluation at update 55: return=998.94, length=79.00, success_rate=1.00, collisions/ep=0.25
Solved-check at update 55: solved=False worst_gap=400.88 at p_x0=2.00 p_y0=-1.00 (consecutive=0)
update=56 global_step=114688 SPS=717 w_ev=0.264 m_ev=0.976 m_v_bias=-0.3 m_adv_std=28.4772 m_kl_max=0.0108 m_ratio_max=0.872 w_ax@goal=+0.38 w_v@goal=3.76 return=954.9 length=89 success_rate=1.00 collisions/ep=1.00 (n=24)
update=57 global_step=116736 SPS=722 w_ev=0.298 m_ev=0.958 m_v_bias=7.4 m_adv_std=38.6963 m_kl_max=0.0232 m_ratio_max=1.161 w_ax@goal=+0.39 w_v@goal=3.70 return=954.5 length=90 success_rate=1.00 collisions/ep=0.96 (n=23)
update=58 global_step=118784 SPS=727 w_ev=0.234 m_ev=0.971 m_v_bias=8.1 m_adv_std=31.0639 m_kl_max=0.0108 m_ratio_max=1.285 w_ax@goal=+0.44 w_v@goal=3.68 return=935.7 length=88 success_rate=1.00 collisions/ep=1.39 (n=23)
update=59 global_step=120832 SPS=731 w_ev=0.238 m_ev=0.948 m_v_bias=0.1 m_adv_std=43.8652 m_kl_max=0.0101 m_ratio_max=0.685 w_ax@goal=+0.35 w_v@goal=3.71 return=964.0 length=90 success_rate=1.00 collisions/ep=0.76 (n=21)
update=60 global_step=122880 SPS=737 w_ev=0.190 m_ev=0.986 m_v_bias=-7.9 m_adv_std=21.8258 m_kl_max=0.0111 m_ratio_max=0.972 w_ax@goal=+0.38 w_v@goal=3.83 return=970.6 length=93 success_rate=1.00 collisions/ep=0.59 (n=22)
Evaluation at update 60: return=1010.37, length=80.00, success_rate=1.00, collisions/ep=0.00
Solved-check at update 60: solved=True worst_gap=3.00 at p_x0=2.00 p_y0=1.00 (consecutive=0)
update=61 global_step=124928 SPS=719 w_ev=0.198 m_ev=0.964 m_v_bias=8.6 m_adv_std=37.1211 m_kl_max=0.0140 m_ratio_max=0.782 w_ax@goal=+0.25 w_v@goal=3.84 return=958.8 length=93 success_rate=1.00 collisions/ep=0.83 (n=24)
update=62 global_step=126976 SPS=723 w_ev=0.215 m_ev=0.968 m_v_bias=-5.4 m_adv_std=33.3580 m_kl_max=0.0203 m_ratio_max=1.332 w_ax@goal=+0.52 w_v@goal=3.73 return=960.6 length=89 success_rate=1.00 collisions/ep=0.82 (n=22)
update=63 global_step=129024 SPS=728 w_ev=0.229 m_ev=0.956 m_v_bias=-0.4 m_adv_std=39.5743 m_kl_max=0.0127 m_ratio_max=0.802 w_ax@goal=+0.18 w_v@goal=3.78 return=970.0 length=95 success_rate=1.00 collisions/ep=0.62 (n=21)
update=64 global_step=131072 SPS=733 w_ev=0.242 m_ev=0.978 m_v_bias=-0.7 m_adv_std=27.2143 m_kl_max=0.0088 m_ratio_max=1.093 w_ax@goal=+0.32 w_v@goal=3.78 return=954.9 length=90 success_rate=1.00 collisions/ep=0.92 (n=24)
update=65 global_step=133120 SPS=737 w_ev=0.218 m_ev=0.971 m_v_bias=9.4 m_adv_std=31.5886 m_kl_max=0.0129 m_ratio_max=0.940 w_ax@goal=+0.17 w_v@goal=3.76 return=965.7 length=93 success_rate=1.00 collisions/ep=0.65 (n=20)
Evaluation at update 65: return=1011.21, length=79.20, success_rate=1.00, collisions/ep=0.00
Solved-check at update 65: solved=True worst_gap=2.07 at p_x0=2.00 p_y0=1.00 (consecutive=1)
Solved criterion held for 2 consecutive evals (tolerance=5.0) at global_step=133120.
update=66 global_step=135168 SPS=724 w_ev=0.237 m_ev=0.971 m_v_bias=-1.9 m_adv_std=32.0393 m_kl_max=0.0045 m_ratio_max=0.418 w_ax@goal=+0.34 w_v@goal=3.91 return=963.4 length=93 success_rate=1.00 collisions/ep=0.70 (n=23)
update=67 global_step=137216 SPS=729 w_ev=0.247 m_ev=0.969 m_v_bias=-1.8 m_adv_std=33.2833 m_kl_max=0.0103 m_ratio_max=0.837 w_ax@goal=+0.20 w_v@goal=3.68 return=968.0 length=92 success_rate=1.00 collisions/ep=0.64 (n=22)
update=68 global_step=139264 SPS=733 w_ev=0.197 m_ev=0.966 m_v_bias=-5.7 m_adv_std=34.5821 m_kl_max=0.0146 m_ratio_max=1.125 w_ax@goal=+0.26 w_v@goal=3.70 return=970.6 length=95 success_rate=1.00 collisions/ep=0.57 (n=21)
update=69 global_step=141312 SPS=737 w_ev=0.241 m_ev=0.981 m_v_bias=-0.6 m_adv_std=25.6603 m_kl_max=0.0079 m_ratio_max=0.585 w_ax@goal=+0.41 w_v@goal=3.72 return=977.4 length=94 success_rate=1.00 collisions/ep=0.43 (n=23)
update=70 global_step=143360 SPS=741 w_ev=0.236 m_ev=0.957 m_v_bias=10.0 m_adv_std=38.9029 m_kl_max=0.0088 m_ratio_max=0.477 w_ax@goal=+0.21 w_v@goal=3.72 return=953.9 length=95 success_rate=1.00 collisions/ep=0.86 (n=21)
Evaluation at update 70: return=1010.28, length=80.05, success_rate=1.00, collisions/ep=0.00
Solved-check at update 70: solved=True worst_gap=3.46 at p_x0=2.00 p_y0=1.00 (consecutive=2)
update=71 global_step=145408 SPS=728 w_ev=0.254 m_ev=0.968 m_v_bias=0.5 m_adv_std=34.8831 m_kl_max=0.0088 m_ratio_max=0.553 w_ax@goal=+0.22 w_v@goal=3.73 return=962.7 length=93 success_rate=1.00 collisions/ep=0.73 (n=22)
update=72 global_step=147456 SPS=731 w_ev=0.218 m_ev=0.956 m_v_bias=2.9 m_adv_std=41.2781 m_kl_max=0.0073 m_ratio_max=0.442 w_ax@goal=+0.24 w_v@goal=3.76 return=937.5 length=94 success_rate=1.00 collisions/ep=1.17 (n=23)
update=73 global_step=149504 SPS=735 w_ev=0.171 m_ev=0.980 m_v_bias=4.1 m_adv_std=27.3674 m_kl_max=0.0051 m_ratio_max=0.515 w_ax@goal=+0.19 w_v@goal=3.67 return=953.1 length=97 success_rate=1.00 collisions/ep=0.80 (n=20)
update=74 global_step=151552 SPS=739 w_ev=0.223 m_ev=0.984 m_v_bias=-15.2 m_adv_std=24.7402 m_kl_max=0.0057 m_ratio_max=0.514 w_ax@goal=+0.27 w_v@goal=3.71 return=971.1 length=96 success_rate=1.00 collisions/ep=0.50 (n=22)
update=75 global_step=153600 SPS=743 w_ev=0.243 m_ev=0.961 m_v_bias=11.8 m_adv_std=37.8222 m_kl_max=0.0055 m_ratio_max=0.393 w_ax@goal=+0.24 w_v@goal=3.69 return=949.1 length=99 success_rate=1.00 collisions/ep=0.90 (n=20)
Evaluation at update 75: return=1001.55, length=88.80, success_rate=1.00, collisions/ep=0.00
Solved-check at update 75: solved=False worst_gap=14.38 at p_x0=2.00 p_y0=1.00 (consecutive=3)
update=76 global_step=155648 SPS=730 w_ev=0.187 m_ev=0.983 m_v_bias=7.5 m_adv_std=25.9486 m_kl_max=0.0064 m_ratio_max=0.462 w_ax@goal=+0.18 w_v@goal=3.81 return=941.8 length=100 success_rate=1.00 collisions/ep=1.00 (n=22)
update=77 global_step=157696 SPS=734 w_ev=0.206 m_ev=0.971 m_v_bias=4.8 m_adv_std=32.4607 m_kl_max=0.0115 m_ratio_max=0.679 w_ax@goal=+0.10 w_v@goal=3.67 return=948.3 length=99 success_rate=1.00 collisions/ep=0.89 (n=18)
update=78 global_step=159744 SPS=737 w_ev=0.172 m_ev=0.963 m_v_bias=8.1 m_adv_std=38.7733 m_kl_max=0.0106 m_ratio_max=0.798 w_ax@goal=+0.18 w_v@goal=3.77 return=933.7 length=105 success_rate=1.00 collisions/ep=1.09 (n=22)
update=79 global_step=161792 SPS=741 w_ev=0.155 m_ev=0.967 m_v_bias=-13.6 m_adv_std=35.3393 m_kl_max=0.0087 m_ratio_max=0.752 w_ax@goal=+0.15 w_v@goal=3.71 return=948.7 length=100 success_rate=1.00 collisions/ep=0.89 (n=18)
update=80 global_step=163840 SPS=745 w_ev=0.187 m_ev=0.967 m_v_bias=-2.1 m_adv_std=35.6661 m_kl_max=0.0052 m_ratio_max=0.468 w_ax@goal=+0.26 w_v@goal=3.85 return=952.9 length=95 success_rate=1.00 collisions/ep=0.87 (n=23)
Evaluation at update 80: return=959.99, length=80.50, success_rate=1.00, collisions/ep=1.00
Solved-check at update 80: solved=False worst_gap=53.89 at p_x0=2.00 p_y0=1.00 (consecutive=0)
update=81 global_step=165888 SPS=732 w_ev=0.222 m_ev=0.956 m_v_bias=5.0 m_adv_std=41.5112 m_kl_max=0.0129 m_ratio_max=0.599 w_ax@goal=+0.14 w_v@goal=3.79 return=921.0 length=94 success_rate=1.00 collisions/ep=1.50 (n=22)
update=82 global_step=167936 SPS=736 w_ev=0.226 m_ev=0.966 m_v_bias=-5.1 m_adv_std=37.6899 m_kl_max=0.0127 m_ratio_max=0.633 w_ax@goal=+0.30 w_v@goal=3.75 return=929.1 length=91 success_rate=1.00 collisions/ep=1.43 (n=23)
update=83 global_step=169984 SPS=740 w_ev=0.194 m_ev=0.978 m_v_bias=-13.3 m_adv_std=29.5819 m_kl_max=0.0106 m_ratio_max=0.568 w_ax@goal=+0.35 w_v@goal=3.70 return=921.6 length=90 success_rate=1.00 collisions/ep=1.57 (n=23)
update=84 global_step=172032 SPS=744 w_ev=0.284 m_ev=0.975 m_v_bias=-10.4 m_adv_std=30.5885 m_kl_max=0.0143 m_ratio_max=0.598 w_ax@goal=+0.34 w_v@goal=3.71 return=935.1 length=88 success_rate=1.00 collisions/ep=1.35 (n=23)
update=85 global_step=174080 SPS=747 w_ev=0.311 m_ev=0.969 m_v_bias=5.0 m_adv_std=34.7315 m_kl_max=0.0146 m_ratio_max=1.939 w_ax@goal=+0.22 w_v@goal=3.68 return=916.8 length=88 success_rate=1.00 collisions/ep=1.71 (n=24)
Evaluation at update 85: return=960.79, length=79.65, success_rate=1.00, collisions/ep=1.00
Solved-check at update 85: solved=False worst_gap=52.40 at p_x0=0.00 p_y0=-1.00 (consecutive=0)
update=86 global_step=176128 SPS=737 w_ev=0.312 m_ev=0.972 m_v_bias=-12.7 m_adv_std=31.3262 m_kl_max=0.0040 m_ratio_max=0.344 w_ax@goal=+0.39 w_v@goal=3.51 return=957.8 length=88 success_rate=1.00 collisions/ep=0.91 (n=23)
update=87 global_step=178176 SPS=740 w_ev=0.265 m_ev=0.988 m_v_bias=-5.7 m_adv_std=20.6478 m_kl_max=0.0073 m_ratio_max=0.504 w_ax@goal=+0.29 w_v@goal=3.66 return=956.0 length=87 success_rate=1.00 collisions/ep=0.96 (n=24)
update=88 global_step=180224 SPS=743 w_ev=0.243 m_ev=0.962 m_v_bias=1.2 m_adv_std=36.1294 m_kl_max=0.0112 m_ratio_max=0.792 w_ax@goal=+0.56 w_v@goal=3.68 return=944.5 length=87 success_rate=1.00 collisions/ep=1.21 (n=24)
update=89 global_step=182272 SPS=747 w_ev=0.276 m_ev=0.976 m_v_bias=-2.5 m_adv_std=28.7637 m_kl_max=0.0167 m_ratio_max=0.990 w_ax@goal=+0.42 w_v@goal=3.70 return=961.6 length=86 success_rate=1.00 collisions/ep=0.86 (n=22)
update=90 global_step=184320 SPS=750 w_ev=0.250 m_ev=0.954 m_v_bias=7.4 m_adv_std=41.1400 m_kl_max=0.0302 m_ratio_max=2.868 w_ax@goal=+0.29 w_v@goal=3.68 return=938.7 length=88 success_rate=1.00 collisions/ep=1.29 (n=24)
Evaluation at update 90: return=1010.45, length=80.00, success_rate=1.00, collisions/ep=0.00
Solved-check at update 90: solved=True worst_gap=2.81 at p_x0=0.00 p_y0=-1.00 (consecutive=0)
update=91 global_step=186368 SPS=738 w_ev=0.259 m_ev=0.978 m_v_bias=-4.0 m_adv_std=26.5605 m_kl_max=0.0083 m_ratio_max=0.591 w_ax@goal=+0.37 w_v@goal=3.73 return=971.1 length=89 success_rate=1.00 collisions/ep=0.61 (n=23)
update=92 global_step=188416 SPS=741 w_ev=0.301 m_ev=0.979 m_v_bias=-5.8 m_adv_std=26.9105 m_kl_max=0.0162 m_ratio_max=0.963 w_ax@goal=+0.49 w_v@goal=3.67 return=971.8 length=88 success_rate=1.00 collisions/ep=0.61 (n=23)
update=93 global_step=190464 SPS=744 w_ev=0.262 m_ev=0.987 m_v_bias=3.7 m_adv_std=20.5840 m_kl_max=0.0084 m_ratio_max=0.553 w_ax@goal=+0.21 w_v@goal=3.75 return=982.5 length=90 success_rate=1.00 collisions/ep=0.38 (n=21)
update=94 global_step=192512 SPS=748 w_ev=0.210 m_ev=0.975 m_v_bias=4.1 m_adv_std=29.4943 m_kl_max=0.0335 m_ratio_max=1.222 w_ax@goal=+0.36 w_v@goal=3.85 return=958.5 length=95 success_rate=1.00 collisions/ep=0.78 (n=23)
update=95 global_step=194560 SPS=751 w_ev=0.264 m_ev=0.986 m_v_bias=-4.3 m_adv_std=22.0973 m_kl_max=0.0042 m_ratio_max=0.594 w_ax@goal=+0.31 w_v@goal=3.74 return=970.1 length=91 success_rate=1.00 collisions/ep=0.61 (n=23)
Evaluation at update 95: return=958.86, length=81.45, success_rate=1.00, collisions/ep=1.00
Solved-check at update 95: solved=False worst_gap=54.42 at p_x0=0.00 p_y0=-1.00 (consecutive=1)
update=96 global_step=196608 SPS=741 w_ev=0.207 m_ev=0.980 m_v_bias=5.1 m_adv_std=26.2596 m_kl_max=0.0105 m_ratio_max=0.557 w_ax@goal=+0.36 w_v@goal=3.83 return=950.1 length=88 success_rate=1.00 collisions/ep=1.00 (n=23)
update=97 global_step=198656 SPS=745 w_ev=0.251 m_ev=0.947 m_v_bias=13.3 m_adv_std=44.8630 m_kl_max=0.0060 m_ratio_max=0.514 w_ax@goal=+0.36 w_v@goal=3.72 return=932.6 length=96 success_rate=1.00 collisions/ep=1.29 (n=21)
update=98 global_step=200704 SPS=748 w_ev=0.249 m_ev=0.979 m_v_bias=4.2 m_adv_std=27.9951 m_kl_max=0.0023 m_ratio_max=0.390 w_ax@goal=+0.14 w_v@goal=3.77 return=954.1 length=93 success_rate=1.00 collisions/ep=0.86 (n=22)
update=99 global_step=202752 SPS=751 w_ev=0.267 m_ev=0.948 m_v_bias=2.4 m_adv_std=46.0930 m_kl_max=0.0066 m_ratio_max=0.866 w_ax@goal=+0.18 w_v@goal=3.68 return=924.5 length=93 success_rate=1.00 collisions/ep=1.50 (n=22)
update=100 global_step=204800 SPS=754 w_ev=0.242 m_ev=0.955 m_v_bias=1.7 m_adv_std=41.7282 m_kl_max=0.0057 m_ratio_max=0.732 w_ax@goal=+0.19 w_v@goal=3.65 return=920.0 length=94 success_rate=1.00 collisions/ep=1.59 (n=22)
Evaluation at update 100: return=960.26, length=80.15, success_rate=1.00, collisions/ep=1.00
Solved-check at update 100: solved=False worst_gap=53.00 at p_x0=0.00 p_y0=0.00 (consecutive=0)
update=101 global_step=206848 SPS=744 w_ev=0.318 m_ev=0.987 m_v_bias=-22.0 m_adv_std=20.6656 m_kl_max=0.0200 m_ratio_max=1.026 w_ax@goal=+0.33 w_v@goal=3.55 return=974.3 length=92 success_rate=1.00 collisions/ep=0.55 (n=22)
update=102 global_step=208896 SPS=747 w_ev=0.273 m_ev=0.959 m_v_bias=10.8 m_adv_std=37.7684 m_kl_max=0.0100 m_ratio_max=1.303 w_ax@goal=+0.30 w_v@goal=3.73 return=948.4 length=90 success_rate=1.00 collisions/ep=1.05 (n=21)
update=103 global_step=210944 SPS=750 w_ev=0.295 m_ev=0.980 m_v_bias=-4.8 m_adv_std=26.8634 m_kl_max=0.0062 m_ratio_max=0.691 w_ax@goal=+0.22 w_v@goal=3.77 return=959.0 length=90 success_rate=1.00 collisions/ep=0.87 (n=23)
update=104 global_step=212992 SPS=754 w_ev=0.294 m_ev=0.960 m_v_bias=3.2 m_adv_std=38.0613 m_kl_max=0.0169 m_ratio_max=0.971 w_ax@goal=+0.31 w_v@goal=3.76 return=942.1 length=87 success_rate=1.00 collisions/ep=1.20 (n=25)
update=105 global_step=215040 SPS=757 w_ev=0.267 m_ev=0.967 m_v_bias=-7.9 m_adv_std=33.8168 m_kl_max=0.0088 m_ratio_max=0.513 w_ax@goal=+0.41 w_v@goal=3.68 return=956.7 length=86 success_rate=1.00 collisions/ep=0.96 (n=24)
Evaluation at update 105: return=1011.07, length=79.30, success_rate=1.00, collisions/ep=0.00
Solved-check at update 105: solved=False worst_gap=401.42 at p_x0=2.00 p_y0=-1.00 (consecutive=0)
update=106 global_step=217088 SPS=748 w_ev=0.336 m_ev=0.977 m_v_bias=-5.1 m_adv_std=28.1270 m_kl_max=0.0066 m_ratio_max=0.683 w_ax@goal=+0.39 w_v@goal=3.61 return=968.5 length=89 success_rate=1.00 collisions/ep=0.71 (n=24)
update=107 global_step=219136 SPS=751 w_ev=0.359 m_ev=0.946 m_v_bias=-2.7 m_adv_std=43.1463 m_kl_max=0.0108 m_ratio_max=0.669 w_ax@goal=+0.53 w_v@goal=3.59 return=953.9 length=86 success_rate=1.00 collisions/ep=1.04 (n=24)
update=108 global_step=221184 SPS=754 w_ev=0.306 m_ev=0.948 m_v_bias=7.3 m_adv_std=43.2161 m_kl_max=0.0093 m_ratio_max=1.370 w_ax@goal=+0.46 w_v@goal=3.46 return=953.3 length=86 success_rate=1.00 collisions/ep=1.09 (n=23)
update=109 global_step=223232 SPS=757 w_ev=0.261 m_ev=0.958 m_v_bias=-1.0 m_adv_std=38.6400 m_kl_max=0.0149 m_ratio_max=0.620 w_ax@goal=+0.48 w_v@goal=3.49 return=926.5 length=86 success_rate=1.00 collisions/ep=1.64 (n=25)
update=110 global_step=225280 SPS=760 w_ev=0.277 m_ev=0.973 m_v_bias=-8.3 m_adv_std=30.7470 m_kl_max=0.0337 m_ratio_max=0.975 w_ax@goal=+0.52 w_v@goal=3.63 return=964.8 length=86 success_rate=1.00 collisions/ep=0.83 (n=24)
Evaluation at update 110: return=1010.65, length=79.85, success_rate=1.00, collisions/ep=0.00
Solved-check at update 110: solved=False worst_gap=251.97 at p_x0=2.00 p_y0=-1.00 (consecutive=0)
update=111 global_step=227328 SPS=750 w_ev=0.287 m_ev=0.932 m_v_bias=14.8 m_adv_std=49.8630 m_kl_max=0.0161 m_ratio_max=1.486 w_ax@goal=+0.44 w_v@goal=3.64 return=921.7 length=88 success_rate=1.00 collisions/ep=1.67 (n=21)
update=112 global_step=229376 SPS=753 w_ev=0.367 m_ev=0.987 m_v_bias=-18.3 m_adv_std=20.7903 m_kl_max=0.0089 m_ratio_max=0.632 w_ax@goal=+0.51 w_v@goal=3.64 return=976.2 length=85 success_rate=1.00 collisions/ep=0.60 (n=25)
update=113 global_step=231424 SPS=756 w_ev=0.323 m_ev=0.963 m_v_bias=1.4 m_adv_std=34.9425 m_kl_max=0.0130 m_ratio_max=0.819 w_ax@goal=+0.43 w_v@goal=3.72 return=961.2 length=85 success_rate=1.00 collisions/ep=0.92 (n=24)
update=114 global_step=233472 SPS=759 w_ev=0.377 m_ev=0.961 m_v_bias=7.4 m_adv_std=36.2094 m_kl_max=0.0118 m_ratio_max=0.881 w_ax@goal=+0.49 w_v@goal=3.67 return=940.4 length=84 success_rate=1.00 collisions/ep=1.33 (n=24)
update=115 global_step=235520 SPS=762 w_ev=0.379 m_ev=0.954 m_v_bias=2.1 m_adv_std=41.4157 m_kl_max=0.0143 m_ratio_max=0.580 w_ax@goal=+0.60 w_v@goal=3.52 return=934.8 length=84 success_rate=1.00 collisions/ep=1.46 (n=24)
Evaluation at update 115: return=1008.77, length=79.10, success_rate=1.00, collisions/ep=0.05
Solved-check at update 115: solved=False worst_gap=51.99 at p_x0=0.00 p_y0=-1.00 (consecutive=0)
update=116 global_step=237568 SPS=752 w_ev=0.312 m_ev=0.986 m_v_bias=-10.8 m_adv_std=21.5354 m_kl_max=0.0037 m_ratio_max=0.686 w_ax@goal=+0.73 w_v@goal=3.62 return=943.9 length=84 success_rate=1.00 collisions/ep=1.28 (n=25)
update=117 global_step=239616 SPS=755 w_ev=0.296 m_ev=0.970 m_v_bias=-1.1 m_adv_std=30.8960 m_kl_max=0.0086 m_ratio_max=0.590 w_ax@goal=+0.70 w_v@goal=3.57 return=967.5 length=83 success_rate=1.00 collisions/ep=0.92 (n=26)
update=118 global_step=241664 SPS=757 w_ev=0.360 m_ev=0.988 m_v_bias=0.5 m_adv_std=18.9780 m_kl_max=0.0042 m_ratio_max=0.357 w_ax@goal=+0.59 w_v@goal=3.53 return=963.2 length=82 success_rate=1.00 collisions/ep=0.96 (n=25)
update=119 global_step=243712 SPS=760 w_ev=0.382 m_ev=0.979 m_v_bias=7.4 m_adv_std=26.4960 m_kl_max=0.0187 m_ratio_max=1.036 w_ax@goal=+0.49 w_v@goal=3.59 return=959.7 length=85 success_rate=1.00 collisions/ep=0.96 (n=24)
update=120 global_step=245760 SPS=763 w_ev=0.360 m_ev=0.977 m_v_bias=1.0 m_adv_std=27.4971 m_kl_max=0.0047 m_ratio_max=0.576 w_ax@goal=+0.50 w_v@goal=3.41 return=945.3 length=86 success_rate=1.00 collisions/ep=1.25 (n=24)
Evaluation at update 120: return=961.39, length=79.00, success_rate=1.00, collisions/ep=1.00
Solved-check at update 120: solved=False worst_gap=101.83 at p_x0=0.00 p_y0=-0.50 (consecutive=0)
update=121 global_step=247808 SPS=754 w_ev=0.240 m_ev=0.962 m_v_bias=-1.5 m_adv_std=37.0832 m_kl_max=0.0131 m_ratio_max=0.818 w_ax@goal=+0.62 w_v@goal=3.74 return=930.2 length=83 success_rate=1.00 collisions/ep=1.54 (n=24)
update=122 global_step=249856 SPS=757 w_ev=0.270 m_ev=0.953 m_v_bias=8.2 m_adv_std=41.3095 m_kl_max=0.0005 m_ratio_max=0.182 w_ax@goal=+0.44 w_v@goal=3.73 return=919.0 length=85 success_rate=1.00 collisions/ep=1.75 (n=24)
update=123 global_step=251904 SPS=760 w_ev=0.265 m_ev=0.969 m_v_bias=-0.9 m_adv_std=33.8352 m_kl_max=0.0019 m_ratio_max=0.536 w_ax@goal=+0.47 w_v@goal=3.76 return=928.2 length=84 success_rate=1.00 collisions/ep=1.58 (n=24)
update=124 global_step=253952 SPS=762 w_ev=0.258 m_ev=0.973 m_v_bias=-2.9 m_adv_std=31.3702 m_kl_max=0.0130 m_ratio_max=0.821 w_ax@goal=+0.44 w_v@goal=3.80 return=942.1 length=85 success_rate=1.00 collisions/ep=1.32 (n=25)
update=125 global_step=256000 SPS=765 w_ev=0.310 m_ev=0.948 m_v_bias=2.5 m_adv_std=42.0778 m_kl_max=0.0061 m_ratio_max=1.296 w_ax@goal=+0.52 w_v@goal=3.59 return=940.4 length=87 success_rate=1.00 collisions/ep=1.35 (n=23)
Evaluation at update 125: return=981.62, length=78.85, success_rate=1.00, collisions/ep=0.60
Solved-check at update 125: solved=False worst_gap=51.59 at p_x0=0.00 p_y0=-1.00 (consecutive=0)
update=126 global_step=258048 SPS=758 w_ev=0.274 m_ev=0.958 m_v_bias=-0.2 m_adv_std=37.9729 m_kl_max=0.0365 m_ratio_max=1.766 w_ax@goal=+0.72 w_v@goal=3.70 return=937.8 length=82 success_rate=1.00 collisions/ep=1.44 (n=25)
update=127 global_step=260096 SPS=760 w_ev=0.287 m_ev=0.976 m_v_bias=-2.2 m_adv_std=27.6058 m_kl_max=0.0032 m_ratio_max=0.511 w_ax@goal=+0.67 w_v@goal=3.59 return=946.8 length=83 success_rate=1.00 collisions/ep=1.25 (n=24)
update=128 global_step=262144 SPS=763 w_ev=0.296 m_ev=0.955 m_v_bias=5.7 m_adv_std=40.9494 m_kl_max=0.0081 m_ratio_max=1.150 w_ax@goal=+0.72 w_v@goal=3.50 return=918.9 length=84 success_rate=1.00 collisions/ep=1.80 (n=25)
update=129 global_step=264192 SPS=765 w_ev=0.292 m_ev=0.963 m_v_bias=0.0 m_adv_std=35.7128 m_kl_max=0.0046 m_ratio_max=0.476 w_ax@goal=+0.67 w_v@goal=3.70 return=936.3 length=82 success_rate=1.00 collisions/ep=1.44 (n=25)
update=130 global_step=266240 SPS=767 w_ev=0.279 m_ev=0.973 m_v_bias=10.3 m_adv_std=30.5274 m_kl_max=0.0023 m_ratio_max=0.425 w_ax@goal=+0.65 w_v@goal=3.62 return=917.3 length=82 success_rate=1.00 collisions/ep=1.83 (n=24)
Evaluation at update 130: return=961.55, length=78.95, success_rate=1.00, collisions/ep=1.00
Solved-check at update 130: solved=False worst_gap=51.66 at p_x0=0.00 p_y0=-1.00 (consecutive=0)
update=131 global_step=268288 SPS=759 w_ev=0.284 m_ev=0.954 m_v_bias=19.5 m_adv_std=43.3465 m_kl_max=0.0077 m_ratio_max=0.630 w_ax@goal=+0.49 w_v@goal=3.55 return=885.1 length=86 success_rate=1.00 collisions/ep=2.46 (n=24)
update=132 global_step=270336 SPS=762 w_ev=0.236 m_ev=0.946 m_v_bias=-5.1 m_adv_std=46.5271 m_kl_max=0.0046 m_ratio_max=0.521 w_ax@goal=+0.53 w_v@goal=3.48 return=900.1 length=84 success_rate=1.00 collisions/ep=2.21 (n=24)
update=133 global_step=272384 SPS=764 w_ev=0.282 m_ev=0.933 m_v_bias=-3.9 m_adv_std=52.1648 m_kl_max=0.0136 m_ratio_max=0.893 w_ax@goal=+0.64 w_v@goal=3.32 return=928.9 length=83 success_rate=1.00 collisions/ep=1.60 (n=25)
update=134 global_step=274432 SPS=767 w_ev=0.279 m_ev=0.914 m_v_bias=-9.0 m_adv_std=58.3860 m_kl_max=0.0165 m_ratio_max=0.836 w_ax@goal=+0.67 w_v@goal=3.54 return=896.8 length=80 success_rate=1.00 collisions/ep=2.25 (n=28)
update=135 global_step=276480 SPS=769 w_ev=0.346 m_ev=0.974 m_v_bias=-8.0 m_adv_std=29.1770 m_kl_max=0.0154 m_ratio_max=1.047 w_ax@goal=+0.75 w_v@goal=3.44 return=938.6 length=81 success_rate=1.00 collisions/ep=1.42 (n=24)
Evaluation at update 135: return=961.81, length=78.55, success_rate=1.00, collisions/ep=1.00
Solved-check at update 135: solved=False worst_gap=500.70 at p_x0=2.00 p_y0=-1.00 (consecutive=0)
update=136 global_step=278528 SPS=762 w_ev=0.369 m_ev=0.979 m_v_bias=-0.4 m_adv_std=26.4411 m_kl_max=0.0057 m_ratio_max=0.657 w_ax@goal=+0.62 w_v@goal=3.39 return=933.5 length=83 success_rate=1.00 collisions/ep=1.52 (n=25)
update=137 global_step=280576 SPS=764 w_ev=0.315 m_ev=0.959 m_v_bias=13.3 m_adv_std=39.0091 m_kl_max=0.0055 m_ratio_max=0.705 w_ax@goal=+0.85 w_v@goal=3.44 return=905.1 length=81 success_rate=1.00 collisions/ep=2.08 (n=24)
update=138 global_step=282624 SPS=766 w_ev=0.277 m_ev=0.970 m_v_bias=-2.8 m_adv_std=34.1468 m_kl_max=0.0087 m_ratio_max=0.684 w_ax@goal=+0.59 w_v@goal=3.51 return=894.0 length=81 success_rate=1.00 collisions/ep=2.30 (n=27)
update=139 global_step=284672 SPS=768 w_ev=0.248 m_ev=0.949 m_v_bias=6.8 m_adv_std=43.9475 m_kl_max=0.0048 m_ratio_max=0.636 w_ax@goal=+0.69 w_v@goal=3.43 return=886.4 length=81 success_rate=1.00 collisions/ep=2.46 (n=24)
update=140 global_step=286720 SPS=771 w_ev=0.248 m_ev=0.905 m_v_bias=6.8 m_adv_std=65.5574 m_kl_max=0.0032 m_ratio_max=0.429 w_ax@goal=+0.76 w_v@goal=3.31 return=861.5 length=81 success_rate=1.00 collisions/ep=2.96 (n=24)
Evaluation at update 140: return=914.36, length=78.35, success_rate=1.00, collisions/ep=1.95
Solved-check at update 140: solved=False worst_gap=500.81 at p_x0=1.50 p_y0=-1.00 (consecutive=0)
update=141 global_step=288768 SPS=763 w_ev=0.402 m_ev=0.950 m_v_bias=-10.0 m_adv_std=45.4034 m_kl_max=0.0029 m_ratio_max=0.489 w_ax@goal=+0.68 w_v@goal=3.35 return=901.9 length=82 success_rate=1.00 collisions/ep=2.15 (n=26)
update=142 global_step=290816 SPS=766 w_ev=0.452 m_ev=0.942 m_v_bias=8.9 m_adv_std=49.6095 m_kl_max=0.0082 m_ratio_max=0.629 w_ax@goal=+0.71 w_v@goal=3.28 return=890.7 length=82 success_rate=1.00 collisions/ep=2.40 (n=25)
update=143 global_step=292864 SPS=768 w_ev=0.492 m_ev=0.933 m_v_bias=14.8 m_adv_std=56.0793 m_kl_max=0.0028 m_ratio_max=0.348 w_ax@goal=+0.77 w_v@goal=3.19 return=833.8 length=81 success_rate=1.00 collisions/ep=3.54 (n=28)
update=144 global_step=294912 SPS=770 w_ev=0.422 m_ev=0.944 m_v_bias=-2.0 m_adv_std=50.3983 m_kl_max=0.0048 m_ratio_max=0.519 w_ax@goal=+0.79 w_v@goal=3.01 return=858.0 length=83 success_rate=1.00 collisions/ep=3.08 (n=24)
update=145 global_step=296960 SPS=772 w_ev=0.493 m_ev=0.929 m_v_bias=10.1 m_adv_std=58.4318 m_kl_max=0.0091 m_ratio_max=0.730 w_ax@goal=+0.67 w_v@goal=2.99 return=830.2 length=81 success_rate=1.00 collisions/ep=3.58 (n=24)
Evaluation at update 145: return=772.13, length=78.25, success_rate=1.00, collisions/ep=4.80
Solved-check at update 145: solved=False worst_gap=500.92 at p_x0=0.50 p_y0=0.00 (consecutive=0)
update=146 global_step=299008 SPS=766 w_ev=0.446 m_ev=0.923 m_v_bias=-7.2 m_adv_std=60.0176 m_kl_max=0.0078 m_ratio_max=0.476 w_ax@goal=+0.43 w_v@goal=2.94 return=851.2 length=80 success_rate=1.00 collisions/ep=3.16 (n=25)
update=147 global_step=301056 SPS=768 w_ev=0.418 m_ev=0.952 m_v_bias=-15.3 m_adv_std=44.7805 m_kl_max=0.0034 m_ratio_max=0.601 w_ax@goal=+0.60 w_v@goal=3.01 return=881.3 length=80 success_rate=1.00 collisions/ep=2.56 (n=25)
update=148 global_step=303104 SPS=771 w_ev=0.475 m_ev=0.914 m_v_bias=23.0 m_adv_std=69.0552 m_kl_max=0.0015 m_ratio_max=0.331 w_ax@goal=+0.80 w_v@goal=3.10 return=804.5 length=82 success_rate=1.00 collisions/ep=4.11 (n=27)
update=149 global_step=305152 SPS=773 w_ev=0.417 m_ev=0.933 m_v_bias=14.7 m_adv_std=60.0722 m_kl_max=0.0030 m_ratio_max=0.483 w_ax@goal=+0.55 w_v@goal=3.04 return=780.3 length=81 success_rate=1.00 collisions/ep=4.58 (n=24)
update=150 global_step=307200 SPS=775 w_ev=0.395 m_ev=0.909 m_v_bias=9.4 m_adv_std=75.5469 m_kl_max=0.0094 m_ratio_max=0.759 w_ax@goal=+0.71 w_v@goal=3.07 return=764.9 length=82 success_rate=1.00 collisions/ep=5.00 (n=26)
Evaluation at update 150: return=582.31, length=78.05, success_rate=1.00, collisions/ep=8.60
Solved-check at update 150: solved=False worst_gap=500.91 at p_x0=0.00 p_y0=-1.00 (consecutive=0)
update=151 global_step=309248 SPS=769 w_ev=0.403 m_ev=0.933 m_v_bias=-22.0 m_adv_std=58.9472 m_kl_max=0.0043 m_ratio_max=0.431 w_ax@goal=+0.57 w_v@goal=3.09 return=803.7 length=84 success_rate=1.00 collisions/ep=4.17 (n=24)
update=152 global_step=311296 SPS=771 w_ev=0.452 m_ev=0.925 m_v_bias=1.6 m_adv_std=65.9993 m_kl_max=0.0028 m_ratio_max=0.383 w_ax@goal=+0.72 w_v@goal=3.12 return=781.6 length=82 success_rate=1.00 collisions/ep=4.64 (n=25)
update=153 global_step=313344 SPS=773 w_ev=0.459 m_ev=0.942 m_v_bias=-21.5 m_adv_std=55.1121 m_kl_max=0.0111 m_ratio_max=0.947 w_ax@goal=+0.77 w_v@goal=3.07 return=826.5 length=84 success_rate=1.00 collisions/ep=3.72 (n=25)
update=154 global_step=315392 SPS=775 w_ev=0.476 m_ev=0.925 m_v_bias=-17.6 m_adv_std=58.0863 m_kl_max=0.0025 m_ratio_max=0.351 w_ax@goal=+0.66 w_v@goal=3.13 return=881.5 length=82 success_rate=1.00 collisions/ep=2.62 (n=24)
update=155 global_step=317440 SPS=777 w_ev=0.518 m_ev=0.953 m_v_bias=-1.6 m_adv_std=43.9105 m_kl_max=0.0146 m_ratio_max=1.293 w_ax@goal=+0.49 w_v@goal=3.18 return=868.0 length=83 success_rate=1.00 collisions/ep=2.84 (n=25)
Evaluation at update 155: return=904.91, length=78.00, success_rate=1.00, collisions/ep=2.15
Solved-check at update 155: solved=False worst_gap=450.61 at p_x0=0.50 p_y0=-0.50 (consecutive=0)
update=156 global_step=319488 SPS=771 w_ev=0.514 m_ev=0.911 m_v_bias=26.8 m_adv_std=63.5454 m_kl_max=0.0065 m_ratio_max=0.641 w_ax@goal=+0.61 w_v@goal=3.28 return=844.3 length=82 success_rate=1.00 collisions/ep=3.32 (n=25)
update=157 global_step=321536 SPS=773 w_ev=0.435 m_ev=0.940 m_v_bias=8.7 m_adv_std=52.2867 m_kl_max=0.0061 m_ratio_max=1.021 w_ax@goal=+0.70 w_v@goal=3.24 return=831.4 length=82 success_rate=1.00 collisions/ep=3.58 (n=24)
update=158 global_step=323584 SPS=775 w_ev=0.444 m_ev=0.932 m_v_bias=5.2 m_adv_std=60.2022 m_kl_max=0.0066 m_ratio_max=0.806 w_ax@goal=+0.59 w_v@goal=3.07 return=811.3 length=84 success_rate=1.00 collisions/ep=4.00 (n=26)
update=159 global_step=325632 SPS=777 w_ev=0.446 m_ev=0.938 m_v_bias=-10.2 m_adv_std=54.2327 m_kl_max=0.0031 m_ratio_max=0.725 w_ax@goal=+0.91 w_v@goal=3.31 return=838.9 length=82 success_rate=1.00 collisions/ep=3.44 (n=25)
update=160 global_step=327680 SPS=779 w_ev=0.507 m_ev=0.952 m_v_bias=-2.2 m_adv_std=47.0262 m_kl_max=0.0025 m_ratio_max=0.426 w_ax@goal=+0.79 w_v@goal=3.05 return=844.1 length=79 success_rate=1.00 collisions/ep=3.33 (n=27)
Evaluation at update 160: return=889.93, length=78.00, success_rate=1.00, collisions/ep=2.45
Solved-check at update 160: solved=False worst_gap=450.19 at p_x0=1.50 p_y0=-1.00 (consecutive=0)
update=161 global_step=329728 SPS=773 w_ev=0.405 m_ev=0.921 m_v_bias=20.7 m_adv_std=64.5506 m_kl_max=0.0037 m_ratio_max=0.443 w_ax@goal=+0.53 w_v@goal=2.97 return=789.7 length=82 success_rate=1.00 collisions/ep=4.42 (n=24)
update=162 global_step=331776 SPS=775 w_ev=0.481 m_ev=0.941 m_v_bias=-2.3 m_adv_std=55.4401 m_kl_max=0.0037 m_ratio_max=0.604 w_ax@goal=+0.82 w_v@goal=2.91 return=819.9 length=81 success_rate=1.00 collisions/ep=3.81 (n=26)
update=163 global_step=333824 SPS=776 w_ev=0.510 m_ev=0.952 m_v_bias=-22.3 m_adv_std=48.0093 m_kl_max=0.0191 m_ratio_max=1.378 w_ax@goal=+0.76 w_v@goal=2.93 return=833.7 length=80 success_rate=1.00 collisions/ep=3.52 (n=25)
update=164 global_step=335872 SPS=779 w_ev=0.477 m_ev=0.940 m_v_bias=14.9 m_adv_std=55.4316 m_kl_max=0.0125 m_ratio_max=0.570 w_ax@goal=+0.66 w_v@goal=2.98 return=805.6 length=81 success_rate=1.00 collisions/ep=4.08 (n=25)
update=165 global_step=337920 SPS=781 w_ev=0.468 m_ev=0.940 m_v_bias=-2.0 m_adv_std=54.9583 m_kl_max=0.0022 m_ratio_max=0.311 w_ax@goal=+0.70 w_v@goal=2.96 return=792.0 length=81 success_rate=1.00 collisions/ep=4.36 (n=25)
Evaluation at update 165: return=797.31, length=78.05, success_rate=1.00, collisions/ep=4.30
Solved-check at update 165: solved=False worst_gap=500.91 at p_x0=0.00 p_y0=0.00 (consecutive=0)
update=166 global_step=339968 SPS=775 w_ev=0.534 m_ev=0.902 m_v_bias=8.4 m_adv_std=75.8524 m_kl_max=0.0041 m_ratio_max=0.627 w_ax@goal=+0.56 w_v@goal=2.80 return=781.2 length=80 success_rate=1.00 collisions/ep=4.58 (n=26)
update=167 global_step=342016 SPS=776 w_ev=0.419 m_ev=0.934 m_v_bias=2.7 m_adv_std=57.9852 m_kl_max=0.0046 m_ratio_max=0.564 w_ax@goal=+0.60 w_v@goal=2.90 return=818.7 length=84 success_rate=1.00 collisions/ep=3.81 (n=26)
update=168 global_step=344064 SPS=778 w_ev=0.578 m_ev=0.914 m_v_bias=6.0 m_adv_std=69.4744 m_kl_max=0.0087 m_ratio_max=0.509 w_ax@goal=+0.43 w_v@goal=2.82 return=756.2 length=81 success_rate=1.00 collisions/ep=5.08 (n=24)
update=169 global_step=346112 SPS=780 w_ev=0.489 m_ev=0.921 m_v_bias=-9.5 m_adv_std=66.3837 m_kl_max=0.0040 m_ratio_max=0.490 w_ax@goal=+0.64 w_v@goal=2.98 return=772.7 length=80 success_rate=1.00 collisions/ep=4.76 (n=25)
update=170 global_step=348160 SPS=781 w_ev=0.522 m_ev=0.901 m_v_bias=10.4 m_adv_std=78.2739 m_kl_max=0.0078 m_ratio_max=0.542 w_ax@goal=+0.76 w_v@goal=2.83 return=753.4 length=80 success_rate=1.00 collisions/ep=5.15 (n=26)
Evaluation at update 170: return=889.86, length=78.05, success_rate=1.00, collisions/ep=2.45
Solved-check at update 170: solved=False worst_gap=450.28 at p_x0=1.50 p_y0=-1.00 (consecutive=0)
update=171 global_step=350208 SPS=776 w_ev=0.493 m_ev=0.932 m_v_bias=-16.0 m_adv_std=60.3220 m_kl_max=0.0053 m_ratio_max=0.585 w_ax@goal=+0.67 w_v@goal=2.66 return=810.5 length=80 success_rate=1.00 collisions/ep=4.00 (n=26)
update=172 global_step=352256 SPS=778 w_ev=0.500 m_ev=0.900 m_v_bias=6.3 m_adv_std=74.9403 m_kl_max=0.0085 m_ratio_max=0.609 w_ax@goal=+0.68 w_v@goal=2.64 return=754.7 length=82 success_rate=1.00 collisions/ep=5.12 (n=25)
update=173 global_step=354304 SPS=779 w_ev=0.526 m_ev=0.942 m_v_bias=-0.9 m_adv_std=54.1318 m_kl_max=0.0215 m_ratio_max=1.455 w_ax@goal=+0.68 w_v@goal=2.82 return=830.0 length=81 success_rate=1.00 collisions/ep=3.64 (n=25)
update=174 global_step=356352 SPS=781 w_ev=0.574 m_ev=0.956 m_v_bias=-15.4 m_adv_std=45.5243 m_kl_max=0.0030 m_ratio_max=0.389 w_ax@goal=+0.48 w_v@goal=2.81 return=841.7 length=83 success_rate=1.00 collisions/ep=3.36 (n=25)
update=175 global_step=358400 SPS=783 w_ev=0.481 m_ev=0.953 m_v_bias=-2.5 m_adv_std=45.3245 m_kl_max=0.0055 m_ratio_max=0.578 w_ax@goal=+0.45 w_v@goal=2.83 return=844.5 length=83 success_rate=1.00 collisions/ep=3.29 (n=24)
Evaluation at update 175: return=932.07, length=78.30, success_rate=1.00, collisions/ep=1.60
Solved-check at update 175: solved=False worst_gap=450.61 at p_x0=1.50 p_y0=-1.00 (consecutive=0)
update=176 global_step=360448 SPS=777 w_ev=0.547 m_ev=0.904 m_v_bias=11.5 m_adv_std=71.0248 m_kl_max=0.0077 m_ratio_max=0.554 w_ax@goal=+0.48 w_v@goal=2.95 return=819.0 length=81 success_rate=1.00 collisions/ep=3.81 (n=26)
update=177 global_step=362496 SPS=778 w_ev=0.505 m_ev=0.890 m_v_bias=0.5 m_adv_std=75.2712 m_kl_max=0.0057 m_ratio_max=0.620 w_ax@goal=+0.68 w_v@goal=2.93 return=822.4 length=82 success_rate=1.00 collisions/ep=3.75 (n=24)
update=178 global_step=364544 SPS=779 w_ev=0.498 m_ev=0.946 m_v_bias=-1.4 m_adv_std=50.3532 m_kl_max=0.0112 m_ratio_max=0.639 w_ax@goal=+0.64 w_v@goal=2.88 return=840.2 length=84 success_rate=1.00 collisions/ep=3.40 (n=25)
update=179 global_step=366592 SPS=781 w_ev=0.490 m_ev=0.942 m_v_bias=-0.4 m_adv_std=51.8134 m_kl_max=0.0083 m_ratio_max=0.463 w_ax@goal=+0.45 w_v@goal=2.97 return=853.3 length=81 success_rate=1.00 collisions/ep=3.12 (n=26)
update=180 global_step=368640 SPS=783 w_ev=0.511 m_ev=0.967 m_v_bias=-10.5 m_adv_std=38.4180 m_kl_max=0.0068 m_ratio_max=0.509 w_ax@goal=+0.48 w_v@goal=2.91 return=863.3 length=82 success_rate=1.00 collisions/ep=2.92 (n=24)
Evaluation at update 180: return=812.09, length=78.25, success_rate=1.00, collisions/ep=4.00
Solved-check at update 180: solved=False worst_gap=500.77 at p_x0=1.00 p_y0=0.00 (consecutive=0)
update=181 global_step=370688 SPS=777 w_ev=0.501 m_ev=0.908 m_v_bias=28.4 m_adv_std=71.0462 m_kl_max=0.0088 m_ratio_max=0.717 w_ax@goal=+0.47 w_v@goal=2.97 return=748.0 length=82 success_rate=1.00 collisions/ep=5.21 (n=24)
update=182 global_step=372736 SPS=779 w_ev=0.484 m_ev=0.938 m_v_bias=-24.3 m_adv_std=54.4685 m_kl_max=0.0010 m_ratio_max=0.279 w_ax@goal=+0.62 w_v@goal=2.91 return=847.8 length=82 success_rate=1.00 collisions/ep=3.24 (n=25)
update=183 global_step=374784 SPS=781 w_ev=0.510 m_ev=0.954 m_v_bias=-4.6 m_adv_std=47.1564 m_kl_max=0.0095 m_ratio_max=0.779 w_ax@goal=+0.50 w_v@goal=2.90 return=847.4 length=82 success_rate=1.00 collisions/ep=3.27 (n=26)
update=184 global_step=376832 SPS=782 w_ev=0.494 m_ev=0.961 m_v_bias=-13.7 m_adv_std=40.7652 m_kl_max=0.0077 m_ratio_max=0.497 w_ax@goal=+0.50 w_v@goal=3.10 return=889.2 length=83 success_rate=1.00 collisions/ep=2.42 (n=24)
update=185 global_step=378880 SPS=784 w_ev=0.581 m_ev=0.956 m_v_bias=1.7 m_adv_std=45.4516 m_kl_max=0.0076 m_ratio_max=0.833 w_ax@goal=+0.58 w_v@goal=2.99 return=866.0 length=83 success_rate=1.00 collisions/ep=2.88 (n=26)
Evaluation at update 185: return=791.79, length=78.45, success_rate=1.00, collisions/ep=4.40
Solved-check at update 185: solved=False worst_gap=500.97 at p_x0=1.50 p_y0=-1.00 (consecutive=0)
update=186 global_step=380928 SPS=779 w_ev=0.604 m_ev=0.948 m_v_bias=-2.2 m_adv_std=50.2286 m_kl_max=0.0083 m_ratio_max=0.518 w_ax@goal=+0.85 w_v@goal=3.03 return=826.1 length=83 success_rate=1.00 collisions/ep=3.68 (n=25)
update=187 global_step=382976 SPS=780 w_ev=0.559 m_ev=0.949 m_v_bias=-1.0 m_adv_std=46.1952 m_kl_max=0.0019 m_ratio_max=0.380 w_ax@goal=+0.68 w_v@goal=2.90 return=875.4 length=80 success_rate=1.00 collisions/ep=2.68 (n=25)
update=188 global_step=385024 SPS=782 w_ev=0.545 m_ev=0.960 m_v_bias=-12.3 m_adv_std=41.2675 m_kl_max=0.0053 m_ratio_max=0.436 w_ax@goal=+0.79 w_v@goal=2.93 return=885.1 length=82 success_rate=1.00 collisions/ep=2.50 (n=24)
update=189 global_step=387072 SPS=784 w_ev=0.611 m_ev=0.930 m_v_bias=13.7 m_adv_std=58.9790 m_kl_max=0.0050 m_ratio_max=0.371 w_ax@goal=+0.79 w_v@goal=2.84 return=830.8 length=83 success_rate=1.00 collisions/ep=3.58 (n=24)
update=190 global_step=389120 SPS=785 w_ev=0.550 m_ev=0.937 m_v_bias=13.4 m_adv_std=60.4838 m_kl_max=0.0064 m_ratio_max=0.658 w_ax@goal=+0.82 w_v@goal=3.01 return=822.9 length=82 success_rate=1.00 collisions/ep=3.75 (n=28)
Evaluation at update 190: return=734.14, length=78.85, success_rate=1.00, collisions/ep=5.55
Solved-check at update 190: solved=False worst_gap=451.66 at p_x0=0.00 p_y0=-1.00 (consecutive=0)
update=191 global_step=391168 SPS=780 w_ev=0.536 m_ev=0.952 m_v_bias=4.6 m_adv_std=51.6570 m_kl_max=0.0075 m_ratio_max=0.467 w_ax@goal=+0.83 w_v@goal=3.03 return=803.4 length=82 success_rate=1.00 collisions/ep=4.12 (n=24)
update=192 global_step=393216 SPS=781 w_ev=0.551 m_ev=0.922 m_v_bias=-9.7 m_adv_std=65.6318 m_kl_max=0.0046 m_ratio_max=0.450 w_ax@goal=+0.77 w_v@goal=3.02 return=825.9 length=82 success_rate=1.00 collisions/ep=3.67 (n=24)
update=193 global_step=395264 SPS=783 w_ev=0.492 m_ev=0.928 m_v_bias=-13.9 m_adv_std=59.2031 m_kl_max=0.0050 m_ratio_max=0.551 w_ax@goal=+0.73 w_v@goal=3.16 return=847.8 length=82 success_rate=1.00 collisions/ep=3.24 (n=25)
update=194 global_step=397312 SPS=784 w_ev=0.504 m_ev=0.951 m_v_bias=-12.3 m_adv_std=46.5649 m_kl_max=0.0106 m_ratio_max=0.713 w_ax@goal=+0.86 w_v@goal=3.22 return=875.2 length=80 success_rate=1.00 collisions/ep=2.77 (n=26)
update=195 global_step=399360 SPS=786 w_ev=0.461 m_ev=0.934 m_v_bias=6.9 m_adv_std=53.9820 m_kl_max=0.0093 m_ratio_max=0.866 w_ax@goal=+0.97 w_v@goal=3.29 return=850.0 length=80 success_rate=1.00 collisions/ep=3.28 (n=25)
Evaluation at update 195: return=729.07, length=78.95, success_rate=1.00, collisions/ep=5.65
Solved-check at update 195: solved=False worst_gap=451.76 at p_x0=0.00 p_y0=-1.00 (consecutive=0)
update=196 global_step=401408 SPS=781 w_ev=0.481 m_ev=0.929 m_v_bias=17.9 m_adv_std=60.1734 m_kl_max=0.0123 m_ratio_max=2.131 w_ax@goal=+0.78 w_v@goal=3.27 return=846.3 length=81 success_rate=1.00 collisions/ep=3.35 (n=26)
update=197 global_step=403456 SPS=783 w_ev=0.516 m_ev=0.939 m_v_bias=-8.4 m_adv_std=53.2649 m_kl_max=0.0045 m_ratio_max=0.559 w_ax@goal=+0.89 w_v@goal=3.27 return=842.4 length=83 success_rate=1.00 collisions/ep=3.40 (n=25)
update=198 global_step=405504 SPS=784 w_ev=0.493 m_ev=0.956 m_v_bias=-5.4 m_adv_std=42.6843 m_kl_max=0.0113 m_ratio_max=0.600 w_ax@goal=+0.83 w_v@goal=3.25 return=869.8 length=82 success_rate=1.00 collisions/ep=2.80 (n=25)
update=199 global_step=407552 SPS=786 w_ev=0.533 m_ev=0.944 m_v_bias=-2.5 m_adv_std=48.2282 m_kl_max=0.0055 m_ratio_max=0.595 w_ax@goal=+0.90 w_v@goal=3.12 return=896.0 length=82 success_rate=1.00 collisions/ep=2.33 (n=24)
update=200 global_step=409600 SPS=788 w_ev=0.444 m_ev=0.959 m_v_bias=2.1 m_adv_std=40.1091 m_kl_max=0.0111 m_ratio_max=0.657 w_ax@goal=+0.75 w_v@goal=3.25 return=909.5 length=82 success_rate=1.00 collisions/ep=2.00 (n=24)
Evaluation at update 200: return=984.21, length=78.75, success_rate=1.00, collisions/ep=0.55
Solved-check at update 200: solved=False worst_gap=351.18 at p_x0=1.00 p_y0=-1.00 (consecutive=0)
update=201 global_step=411648 SPS=782 w_ev=0.419 m_ev=0.954 m_v_bias=-1.8 m_adv_std=41.2176 m_kl_max=0.0215 m_ratio_max=0.804 w_ax@goal=+0.84 w_v@goal=3.40 return=918.9 length=81 success_rate=1.00 collisions/ep=1.81 (n=27)
update=202 global_step=413696 SPS=784 w_ev=0.427 m_ev=0.966 m_v_bias=8.7 m_adv_std=34.5393 m_kl_max=0.0073 m_ratio_max=0.644 w_ax@goal=+0.68 w_v@goal=3.32 return=917.5 length=83 success_rate=1.00 collisions/ep=1.85 (n=26)
update=203 global_step=415744 SPS=786 w_ev=0.473 m_ev=0.972 m_v_bias=-4.8 m_adv_std=31.5574 m_kl_max=0.0138 m_ratio_max=0.804 w_ax@goal=+0.71 w_v@goal=3.41 return=925.8 length=81 success_rate=1.00 collisions/ep=1.68 (n=25)
update=204 global_step=417792 SPS=787 w_ev=0.468 m_ev=0.971 m_v_bias=-6.3 m_adv_std=31.2538 m_kl_max=0.0036 m_ratio_max=0.486 w_ax@goal=+0.74 w_v@goal=3.24 return=935.8 length=81 success_rate=1.00 collisions/ep=1.50 (n=24)
update=205 global_step=419840 SPS=789 w_ev=0.387 m_ev=0.967 m_v_bias=3.0 m_adv_std=32.8028 m_kl_max=0.0053 m_ratio_max=0.586 w_ax@goal=+0.94 w_v@goal=3.14 return=923.0 length=80 success_rate=1.00 collisions/ep=1.75 (n=24)
Evaluation at update 205: return=961.85, length=78.45, success_rate=1.00, collisions/ep=1.00
Solved-check at update 205: solved=False worst_gap=100.95 at p_x0=1.50 p_y0=-1.00 (consecutive=0)
update=206 global_step=421888 SPS=784 w_ev=0.463 m_ev=0.980 m_v_bias=3.5 m_adv_std=26.3687 m_kl_max=0.0054 m_ratio_max=0.624 w_ax@goal=+0.89 w_v@goal=3.34 return=926.2 length=81 success_rate=1.00 collisions/ep=1.69 (n=26)
update=207 global_step=423936 SPS=785 w_ev=0.314 m_ev=0.977 m_v_bias=-4.0 m_adv_std=28.8864 m_kl_max=0.0048 m_ratio_max=0.474 w_ax@goal=+0.78 w_v@goal=3.48 return=918.8 length=81 success_rate=1.00 collisions/ep=1.84 (n=25)
update=208 global_step=425984 SPS=786 w_ev=0.374 m_ev=0.952 m_v_bias=12.4 m_adv_std=42.9397 m_kl_max=0.0022 m_ratio_max=0.407 w_ax@goal=+0.90 w_v@goal=3.43 return=893.4 length=80 success_rate=1.00 collisions/ep=2.35 (n=26)
update=209 global_step=428032 SPS=788 w_ev=0.465 m_ev=0.942 m_v_bias=0.2 m_adv_std=48.9638 m_kl_max=0.0066 m_ratio_max=0.497 w_ax@goal=+1.00 w_v@goal=3.19 return=904.9 length=83 success_rate=1.00 collisions/ep=2.12 (n=25)
update=210 global_step=430080 SPS=789 w_ev=0.373 m_ev=0.936 m_v_bias=3.5 m_adv_std=54.7589 m_kl_max=0.0064 m_ratio_max=0.743 w_ax@goal=+0.86 w_v@goal=3.41 return=839.6 length=82 success_rate=1.00 collisions/ep=3.42 (n=26)
Evaluation at update 210: return=961.98, length=78.35, success_rate=1.00, collisions/ep=1.00
Solved-check at update 210: solved=False worst_gap=100.54 at p_x0=2.00 p_y0=-1.00 (consecutive=0)
update=211 global_step=432128 SPS=784 w_ev=0.342 m_ev=0.950 m_v_bias=-3.8 m_adv_std=45.8638 m_kl_max=0.0029 m_ratio_max=0.585 w_ax@goal=+0.86 w_v@goal=3.43 return=895.1 length=81 success_rate=1.00 collisions/ep=2.32 (n=25)
update=212 global_step=434176 SPS=786 w_ev=0.347 m_ev=0.955 m_v_bias=-2.4 m_adv_std=41.6173 m_kl_max=0.0108 m_ratio_max=0.823 w_ax@goal=+0.90 w_v@goal=3.55 return=891.8 length=80 success_rate=1.00 collisions/ep=2.38 (n=26)
update=213 global_step=436224 SPS=787 w_ev=0.428 m_ev=0.926 m_v_bias=11.7 m_adv_std=53.5386 m_kl_max=0.0113 m_ratio_max=0.776 w_ax@goal=+0.88 w_v@goal=3.43 return=901.3 length=82 success_rate=1.00 collisions/ep=2.21 (n=24)
update=214 global_step=438272 SPS=788 w_ev=0.457 m_ev=0.957 m_v_bias=-4.5 m_adv_std=40.6843 m_kl_max=0.0102 m_ratio_max=0.678 w_ax@goal=+0.94 w_v@goal=3.33 return=882.9 length=82 success_rate=1.00 collisions/ep=2.58 (n=24)
update=215 global_step=440320 SPS=789 w_ev=0.496 m_ev=0.931 m_v_bias=-1.3 m_adv_std=54.6716 m_kl_max=0.0083 m_ratio_max=0.697 w_ax@goal=+1.15 w_v@goal=3.18 return=872.7 length=81 success_rate=1.00 collisions/ep=2.78 (n=27)
Evaluation at update 215: return=994.54, length=78.30, success_rate=1.00, collisions/ep=0.35
Solved-check at update 215: solved=False worst_gap=450.69 at p_x0=1.50 p_y0=-1.00 (consecutive=0)
update=216 global_step=442368 SPS=785 w_ev=0.532 m_ev=0.956 m_v_bias=-0.7 m_adv_std=41.1204 m_kl_max=0.0058 m_ratio_max=0.810 w_ax@goal=+0.99 w_v@goal=3.00 return=901.0 length=80 success_rate=1.00 collisions/ep=2.20 (n=25)
update=217 global_step=444416 SPS=786 w_ev=0.392 m_ev=0.973 m_v_bias=-6.9 m_adv_std=30.5188 m_kl_max=0.0062 m_ratio_max=0.586 w_ax@goal=+1.16 w_v@goal=3.05 return=945.8 length=80 success_rate=1.00 collisions/ep=1.31 (n=26)
update=218 global_step=446464 SPS=787 w_ev=0.417 m_ev=0.966 m_v_bias=7.6 m_adv_std=35.5914 m_kl_max=0.0069 m_ratio_max=0.642 w_ax@goal=+0.98 w_v@goal=3.24 return=892.9 length=81 success_rate=1.00 collisions/ep=2.36 (n=25)
update=219 global_step=448512 SPS=789 w_ev=0.397 m_ev=0.954 m_v_bias=0.7 m_adv_std=41.4884 m_kl_max=0.0022 m_ratio_max=0.304 w_ax@goal=+1.09 w_v@goal=3.33 return=920.7 length=81 success_rate=1.00 collisions/ep=1.81 (n=27)
update=220 global_step=450560 SPS=790 w_ev=0.475 m_ev=0.954 m_v_bias=1.2 m_adv_std=41.2686 m_kl_max=0.0350 m_ratio_max=1.128 w_ax@goal=+1.05 w_v@goal=3.17 return=911.0 length=80 success_rate=1.00 collisions/ep=2.00 (n=24)
Evaluation at update 220: return=946.90, length=78.35, success_rate=1.00, collisions/ep=1.30
Solved-check at update 220: solved=False worst_gap=500.62 at p_x0=2.00 p_y0=-0.50 (consecutive=0)
update=221 global_step=452608 SPS=786 w_ev=0.388 m_ev=0.952 m_v_bias=-8.7 m_adv_std=43.1881 m_kl_max=0.0257 m_ratio_max=3.160 w_ax@goal=+1.04 w_v@goal=3.25 return=907.5 length=81 success_rate=1.00 collisions/ep=2.08 (n=26)
update=222 global_step=454656 SPS=787 w_ev=0.435 m_ev=0.945 m_v_bias=4.1 m_adv_std=44.6570 m_kl_max=0.0100 m_ratio_max=0.999 w_ax@goal=+1.05 w_v@goal=3.25 return=901.5 length=79 success_rate=1.00 collisions/ep=2.20 (n=25)
update=223 global_step=456704 SPS=788 w_ev=0.405 m_ev=0.969 m_v_bias=-4.9 m_adv_std=33.6251 m_kl_max=0.0184 m_ratio_max=1.615 w_ax@goal=+0.97 w_v@goal=3.22 return=928.7 length=80 success_rate=1.00 collisions/ep=1.65 (n=26)
update=224 global_step=458752 SPS=789 w_ev=0.412 m_ev=0.975 m_v_bias=-1.2 m_adv_std=29.7788 m_kl_max=0.0104 m_ratio_max=1.192 w_ax@goal=+1.13 w_v@goal=3.17 return=909.3 length=79 success_rate=1.00 collisions/ep=2.04 (n=26)
update=225 global_step=460800 SPS=791 w_ev=0.417 m_ev=0.959 m_v_bias=-1.0 m_adv_std=38.1898 m_kl_max=0.0026 m_ratio_max=0.319 w_ax@goal=+1.11 w_v@goal=3.28 return=928.6 length=80 success_rate=1.00 collisions/ep=1.65 (n=26)
Evaluation at update 225: return=979.39, length=78.40, success_rate=1.00, collisions/ep=0.65
Solved-check at update 225: solved=False worst_gap=500.88 at p_x0=1.50 p_y0=-1.00 (consecutive=0)
update=226 global_step=462848 SPS=786 w_ev=0.300 m_ev=0.955 m_v_bias=-5.3 m_adv_std=38.9706 m_kl_max=0.0081 m_ratio_max=0.848 w_ax@goal=+1.10 w_v@goal=3.23 return=919.2 length=78 success_rate=1.00 collisions/ep=1.84 (n=25)
update=227 global_step=464896 SPS=787 w_ev=0.439 m_ev=0.962 m_v_bias=1.9 m_adv_std=38.8537 m_kl_max=0.0057 m_ratio_max=0.825 w_ax@goal=+1.15 w_v@goal=3.38 return=917.4 length=81 success_rate=1.00 collisions/ep=1.88 (n=26)
update=228 global_step=466944 SPS=788 w_ev=0.468 m_ev=0.940 m_v_bias=3.3 m_adv_std=49.6182 m_kl_max=0.0151 m_ratio_max=0.733 w_ax@goal=+0.99 w_v@goal=3.18 return=903.3 length=80 success_rate=1.00 collisions/ep=2.19 (n=27)
update=229 global_step=468992 SPS=790 w_ev=0.525 m_ev=0.956 m_v_bias=-4.6 m_adv_std=40.3486 m_kl_max=0.0119 m_ratio_max=0.860 w_ax@goal=+0.97 w_v@goal=3.14 return=925.0 length=81 success_rate=1.00 collisions/ep=1.76 (n=25)
update=230 global_step=471040 SPS=791 w_ev=0.518 m_ev=0.910 m_v_bias=15.6 m_adv_std=60.8255 m_kl_max=0.0052 m_ratio_max=0.492 w_ax@goal=+1.14 w_v@goal=3.12 return=884.4 length=80 success_rate=1.00 collisions/ep=2.58 (n=24)
Evaluation at update 230: return=956.82, length=78.45, success_rate=1.00, collisions/ep=1.10
Solved-check at update 230: solved=False worst_gap=151.01 at p_x0=1.00 p_y0=-1.00 (consecutive=0)
update=231 global_step=473088 SPS=786 w_ev=0.454 m_ev=0.966 m_v_bias=-13.4 m_adv_std=34.6931 m_kl_max=0.0050 m_ratio_max=0.455 w_ax@goal=+0.96 w_v@goal=3.28 return=921.6 length=80 success_rate=1.00 collisions/ep=1.79 (n=24)
update=232 global_step=475136 SPS=787 w_ev=0.453 m_ev=0.930 m_v_bias=15.2 m_adv_std=53.2768 m_kl_max=0.0045 m_ratio_max=0.410 w_ax@goal=+1.10 w_v@goal=3.29 return=892.7 length=81 success_rate=1.00 collisions/ep=2.37 (n=27)
update=233 global_step=477184 SPS=788 w_ev=0.353 m_ev=0.911 m_v_bias=22.4 m_adv_std=65.9108 m_kl_max=0.0070 m_ratio_max=0.839 w_ax@goal=+1.03 w_v@goal=3.39 return=821.4 length=82 success_rate=1.00 collisions/ep=3.80 (n=25)
update=234 global_step=479232 SPS=789 w_ev=0.398 m_ev=0.920 m_v_bias=8.9 m_adv_std=63.0715 m_kl_max=0.0137 m_ratio_max=1.068 w_ax@goal=+1.10 w_v@goal=3.28 return=801.8 length=81 success_rate=1.00 collisions/ep=4.19 (n=26)
update=235 global_step=481280 SPS=791 w_ev=0.445 m_ev=0.960 m_v_bias=-30.9 m_adv_std=40.1262 m_kl_max=0.0066 m_ratio_max=0.477 w_ax@goal=+1.10 w_v@goal=3.24 return=905.0 length=79 success_rate=1.00 collisions/ep=2.12 (n=26)
Evaluation at update 235: return=956.87, length=78.40, success_rate=1.00, collisions/ep=1.10
Solved-check at update 235: solved=False worst_gap=100.92 at p_x0=1.00 p_y0=-1.00 (consecutive=0)
update=236 global_step=483328 SPS=786 w_ev=0.466 m_ev=0.942 m_v_bias=0.7 m_adv_std=46.9430 m_kl_max=0.0050 m_ratio_max=0.583 w_ax@goal=+1.09 w_v@goal=2.98 return=881.5 length=82 success_rate=1.00 collisions/ep=2.58 (n=24)
update=237 global_step=485376 SPS=787 w_ev=0.440 m_ev=0.946 m_v_bias=10.7 m_adv_std=47.0899 m_kl_max=0.0062 m_ratio_max=0.522 w_ax@goal=+0.85 w_v@goal=3.28 return=880.3 length=81 success_rate=1.00 collisions/ep=2.62 (n=24)
update=238 global_step=487424 SPS=788 w_ev=0.394 m_ev=0.946 m_v_bias=11.7 m_adv_std=48.9242 m_kl_max=0.0087 m_ratio_max=0.663 w_ax@goal=+1.11 w_v@goal=3.22 return=843.2 length=82 success_rate=1.00 collisions/ep=3.36 (n=25)
update=239 global_step=489472 SPS=790 w_ev=0.425 m_ev=0.921 m_v_bias=11.5 m_adv_std=64.3181 m_kl_max=0.0073 m_ratio_max=0.717 w_ax@goal=+0.82 w_v@goal=3.28 return=822.9 length=82 success_rate=1.00 collisions/ep=3.77 (n=26)
update=240 global_step=491520 SPS=791 w_ev=0.441 m_ev=0.934 m_v_bias=-9.3 m_adv_std=56.1482 m_kl_max=0.0113 m_ratio_max=0.871 w_ax@goal=+0.95 w_v@goal=3.21 return=821.7 length=81 success_rate=1.00 collisions/ep=3.79 (n=28)
Evaluation at update 240: return=951.89, length=78.35, success_rate=1.00, collisions/ep=1.20
Solved-check at update 240: solved=False worst_gap=101.29 at p_x0=0.00 p_y0=-1.00 (consecutive=0)
update=241 global_step=493568 SPS=787 w_ev=0.395 m_ev=0.883 m_v_bias=25.0 m_adv_std=83.3453 m_kl_max=0.0123 m_ratio_max=0.756 w_ax@goal=+0.85 w_v@goal=3.29 return=767.0 length=84 success_rate=1.00 collisions/ep=4.88 (n=24)
update=242 global_step=495616 SPS=788 w_ev=0.528 m_ev=0.947 m_v_bias=-19.8 m_adv_std=49.2990 m_kl_max=0.0038 m_ratio_max=0.525 w_ax@goal=+0.75 w_v@goal=3.23 return=858.3 length=80 success_rate=1.00 collisions/ep=3.04 (n=25)
update=243 global_step=497664 SPS=789 w_ev=0.448 m_ev=0.900 m_v_bias=22.5 m_adv_std=74.0907 m_kl_max=0.0041 m_ratio_max=0.465 w_ax@goal=+0.72 w_v@goal=3.05 return=788.3 length=82 success_rate=1.00 collisions/ep=4.44 (n=25)
update=244 global_step=499712 SPS=791 w_ev=0.400 m_ev=0.920 m_v_bias=2.7 m_adv_std=66.7893 m_kl_max=0.0087 m_ratio_max=0.787 w_ax@goal=+0.76 w_v@goal=3.13 return=770.9 length=81 success_rate=1.00 collisions/ep=4.79 (n=24)
update=245 global_step=501760 SPS=792 w_ev=0.445 m_ev=0.937 m_v_bias=-11.8 m_adv_std=56.4285 m_kl_max=0.0022 m_ratio_max=0.414 w_ax@goal=+0.77 w_v@goal=2.86 return=811.3 length=83 success_rate=1.00 collisions/ep=4.00 (n=24)
Evaluation at update 245: return=721.85, length=78.45, success_rate=1.00, collisions/ep=5.80
Solved-check at update 245: solved=False worst_gap=400.96 at p_x0=1.00 p_y0=-1.00 (consecutive=0)
update=246 global_step=503808 SPS=788 w_ev=0.463 m_ev=0.934 m_v_bias=10.9 m_adv_std=57.2823 m_kl_max=0.0062 m_ratio_max=0.894 w_ax@goal=+0.67 w_v@goal=2.96 return=802.1 length=80 success_rate=1.00 collisions/ep=4.15 (n=26)
update=247 global_step=505856 SPS=789 w_ev=0.464 m_ev=0.924 m_v_bias=-7.8 m_adv_std=61.2559 m_kl_max=0.0021 m_ratio_max=0.510 w_ax@goal=+0.54 w_v@goal=2.85 return=818.0 length=80 success_rate=1.00 collisions/ep=3.85 (n=26)
update=248 global_step=507904 SPS=790 w_ev=0.562 m_ev=0.927 m_v_bias=-4.8 m_adv_std=60.0618 m_kl_max=0.0042 m_ratio_max=0.745 w_ax@goal=+0.66 w_v@goal=2.85 return=826.3 length=82 success_rate=1.00 collisions/ep=3.68 (n=25)
update=249 global_step=509952 SPS=791 w_ev=0.560 m_ev=0.930 m_v_bias=20.0 m_adv_std=58.9936 m_kl_max=0.0037 m_ratio_max=0.760 w_ax@goal=+0.58 w_v@goal=2.91 return=783.6 length=82 success_rate=1.00 collisions/ep=4.52 (n=25)
update=250 global_step=512000 SPS=793 w_ev=0.539 m_ev=0.934 m_v_bias=-0.2 m_adv_std=58.8649 m_kl_max=0.0060 m_ratio_max=0.668 w_ax@goal=+0.44 w_v@goal=2.86 return=796.9 length=80 success_rate=1.00 collisions/ep=4.25 (n=24)
Evaluation at update 250: return=576.56, length=78.95, success_rate=1.00, collisions/ep=8.70
Solved-check at update 250: solved=False worst_gap=501.82 at p_x0=0.00 p_y0=-1.00 (consecutive=0)
update=251 global_step=514048 SPS=789 w_ev=0.554 m_ev=0.916 m_v_bias=3.0 m_adv_std=66.8285 m_kl_max=0.0041 m_ratio_max=0.416 w_ax@goal=+0.48 w_v@goal=2.73 return=796.1 length=81 success_rate=1.00 collisions/ep=4.27 (n=26)
update=252 global_step=516096 SPS=790 w_ev=0.606 m_ev=0.926 m_v_bias=-1.7 m_adv_std=62.8634 m_kl_max=0.0034 m_ratio_max=0.409 w_ax@goal=+0.77 w_v@goal=2.67 return=775.8 length=82 success_rate=1.00 collisions/ep=4.68 (n=25)
update=253 global_step=518144 SPS=791 w_ev=0.594 m_ev=0.930 m_v_bias=9.7 m_adv_std=62.2605 m_kl_max=0.0038 m_ratio_max=0.507 w_ax@goal=+0.70 w_v@goal=2.73 return=794.2 length=82 success_rate=1.00 collisions/ep=4.31 (n=26)
update=254 global_step=520192 SPS=792 w_ev=0.592 m_ev=0.932 m_v_bias=2.8 m_adv_std=62.4486 m_kl_max=0.0082 m_ratio_max=0.745 w_ax@goal=+0.64 w_v@goal=2.61 return=760.2 length=82 success_rate=1.00 collisions/ep=5.00 (n=26)
update=255 global_step=522240 SPS=794 w_ev=0.635 m_ev=0.919 m_v_bias=2.2 m_adv_std=67.0404 m_kl_max=0.0019 m_ratio_max=0.310 w_ax@goal=+0.86 w_v@goal=2.40 return=779.0 length=83 success_rate=1.00 collisions/ep=4.62 (n=24)
Evaluation at update 255: return=731.33, length=79.15, success_rate=1.00, collisions/ep=5.60
Solved-check at update 255: solved=False worst_gap=502.00 at p_x0=0.00 p_y0=0.00 (consecutive=0)
update=256 global_step=524288 SPS=789 w_ev=0.643 m_ev=0.941 m_v_bias=-18.2 m_adv_std=58.0494 m_kl_max=0.0040 m_ratio_max=0.452 w_ax@goal=+0.93 w_v@goal=2.50 return=814.0 length=82 success_rate=1.00 collisions/ep=3.92 (n=25)
update=257 global_step=526336 SPS=791 w_ev=0.635 m_ev=0.910 m_v_bias=13.6 m_adv_std=74.9361 m_kl_max=0.0050 m_ratio_max=0.529 w_ax@goal=+0.71 w_v@goal=2.57 return=736.0 length=83 success_rate=1.00 collisions/ep=5.50 (n=24)
update=258 global_step=528384 SPS=792 w_ev=0.525 m_ev=0.946 m_v_bias=-14.8 m_adv_std=52.6174 m_kl_max=0.0152 m_ratio_max=1.584 w_ax@goal=+0.89 w_v@goal=2.53 return=813.4 length=81 success_rate=1.00 collisions/ep=3.92 (n=24)
update=259 global_step=530432 SPS=793 w_ev=0.442 m_ev=0.931 m_v_bias=7.0 m_adv_std=60.9107 m_kl_max=0.0088 m_ratio_max=0.782 w_ax@goal=+0.88 w_v@goal=2.92 return=795.6 length=84 success_rate=1.00 collisions/ep=4.33 (n=24)
update=260 global_step=532480 SPS=794 w_ev=0.421 m_ev=0.959 m_v_bias=-25.7 m_adv_std=43.2651 m_kl_max=0.0046 m_ratio_max=0.393 w_ax@goal=+1.04 w_v@goal=3.02 return=859.3 length=81 success_rate=1.00 collisions/ep=3.00 (n=25)
Evaluation at update 260: return=786.17, length=79.25, success_rate=1.00, collisions/ep=4.50
Solved-check at update 260: solved=False worst_gap=451.97 at p_x0=0.50 p_y0=0.00 (consecutive=0)
update=261 global_step=534528 SPS=790 w_ev=0.495 m_ev=0.949 m_v_bias=-6.9 m_adv_std=49.1882 m_kl_max=0.0089 m_ratio_max=0.647 w_ax@goal=+0.94 w_v@goal=3.18 return=884.2 length=84 success_rate=1.00 collisions/ep=2.54 (n=26)
update=262 global_step=536576 SPS=791 w_ev=0.521 m_ev=0.955 m_v_bias=-3.8 m_adv_std=44.0671 m_kl_max=0.0134 m_ratio_max=0.973 w_ax@goal=+1.08 w_v@goal=3.04 return=909.9 length=84 success_rate=1.00 collisions/ep=2.00 (n=25)
update=263 global_step=538624 SPS=792 w_ev=0.514 m_ev=0.948 m_v_bias=-1.7 m_adv_std=44.8010 m_kl_max=0.0112 m_ratio_max=0.849 w_ax@goal=+0.98 w_v@goal=3.04 return=924.3 length=83 success_rate=1.00 collisions/ep=1.71 (n=24)
update=264 global_step=540672 SPS=793 w_ev=0.487 m_ev=0.970 m_v_bias=-2.4 m_adv_std=33.8609 m_kl_max=0.0033 m_ratio_max=0.523 w_ax@goal=+0.86 w_v@goal=3.33 return=888.5 length=84 success_rate=1.00 collisions/ep=2.42 (n=24)
update=265 global_step=542720 SPS=795 w_ev=0.500 m_ev=0.886 m_v_bias=7.4 m_adv_std=71.5107 m_kl_max=0.0052 m_ratio_max=0.611 w_ax@goal=+0.81 w_v@goal=3.20 return=885.3 length=82 success_rate=1.00 collisions/ep=2.48 (n=25)
Evaluation at update 265: return=956.04, length=79.35, success_rate=1.00, collisions/ep=1.10
Solved-check at update 265: solved=False worst_gap=102.37 at p_x0=0.00 p_y0=-1.00 (consecutive=0)
update=266 global_step=544768 SPS=791 w_ev=0.413 m_ev=0.942 m_v_bias=-2.0 m_adv_std=48.6335 m_kl_max=0.0048 m_ratio_max=0.487 w_ax@goal=+0.79 w_v@goal=3.12 return=901.0 length=82 success_rate=1.00 collisions/ep=2.17 (n=24)
update=267 global_step=546816 SPS=792 w_ev=0.359 m_ev=0.919 m_v_bias=24.7 m_adv_std=62.8053 m_kl_max=0.0043 m_ratio_max=0.481 w_ax@goal=+0.76 w_v@goal=3.33 return=830.9 length=81 success_rate=1.00 collisions/ep=3.58 (n=26)
update=268 global_step=548864 SPS=793 w_ev=0.359 m_ev=0.915 m_v_bias=1.8 m_adv_std=67.1828 m_kl_max=0.0072 m_ratio_max=0.651 w_ax@goal=+0.78 w_v@goal=3.19 return=817.6 length=82 success_rate=1.00 collisions/ep=3.84 (n=25)
update=269 global_step=550912 SPS=794 w_ev=0.433 m_ev=0.946 m_v_bias=-19.4 m_adv_std=47.8668 m_kl_max=0.0088 m_ratio_max=0.604 w_ax@goal=+0.70 w_v@goal=3.09 return=862.5 length=81 success_rate=1.00 collisions/ep=2.93 (n=27)
update=270 global_step=552960 SPS=795 w_ev=0.476 m_ev=0.955 m_v_bias=4.8 m_adv_std=44.7199 m_kl_max=0.0106 m_ratio_max=1.196 w_ax@goal=+0.79 w_v@goal=3.05 return=863.7 length=83 success_rate=1.00 collisions/ep=2.92 (n=25)
Evaluation at update 270: return=956.04, length=79.40, success_rate=1.00, collisions/ep=1.10
Solved-check at update 270: solved=False worst_gap=102.05 at p_x0=1.00 p_y0=-1.00 (consecutive=0)
update=271 global_step=555008 SPS=791 w_ev=0.507 m_ev=0.957 m_v_bias=-8.6 m_adv_std=41.2674 m_kl_max=0.0050 m_ratio_max=0.424 w_ax@goal=+0.68 w_v@goal=3.11 return=875.7 length=84 success_rate=1.00 collisions/ep=2.67 (n=24)
update=272 global_step=557056 SPS=792 w_ev=0.477 m_ev=0.954 m_v_bias=-1.1 m_adv_std=45.0927 m_kl_max=0.0216 m_ratio_max=1.387 w_ax@goal=+0.86 w_v@goal=3.07 return=890.4 length=84 success_rate=1.00 collisions/ep=2.38 (n=24)
update=273 global_step=559104 SPS=793 w_ev=0.486 m_ev=0.962 m_v_bias=-1.7 m_adv_std=39.3542 m_kl_max=0.0096 m_ratio_max=0.569 w_ax@goal=+0.87 w_v@goal=3.01 return=869.9 length=82 success_rate=1.00 collisions/ep=2.80 (n=25)
update=274 global_step=561152 SPS=794 w_ev=0.415 m_ev=0.927 m_v_bias=17.3 m_adv_std=58.3802 m_kl_max=0.0027 m_ratio_max=0.414 w_ax@goal=+0.87 w_v@goal=3.22 return=830.7 length=83 success_rate=1.00 collisions/ep=3.60 (n=25)
update=275 global_step=563200 SPS=796 w_ev=0.464 m_ev=0.934 m_v_bias=-8.1 m_adv_std=53.3426 m_kl_max=0.0071 m_ratio_max=0.658 w_ax@goal=+1.06 w_v@goal=3.05 return=858.3 length=80 success_rate=1.00 collisions/ep=3.04 (n=24)
Evaluation at update 275: return=956.44, length=79.10, success_rate=1.00, collisions/ep=1.10
Solved-check at update 275: solved=False worst_gap=101.84 at p_x0=0.00 p_y0=-1.00 (consecutive=0)
update=276 global_step=565248 SPS=792 w_ev=0.488 m_ev=0.933 m_v_bias=0.3 m_adv_std=53.0397 m_kl_max=0.0056 m_ratio_max=0.763 w_ax@goal=+1.09 w_v@goal=2.99 return=881.6 length=81 success_rate=1.00 collisions/ep=2.58 (n=26)
update=277 global_step=567296 SPS=793 w_ev=0.397 m_ev=0.921 m_v_bias=14.2 m_adv_std=59.5578 m_kl_max=0.0082 m_ratio_max=0.616 w_ax@goal=+0.93 w_v@goal=3.09 return=833.7 length=82 success_rate=1.00 collisions/ep=3.52 (n=25)
update=278 global_step=569344 SPS=794 w_ev=0.300 m_ev=0.924 m_v_bias=5.2 m_adv_std=58.2491 m_kl_max=0.0085 m_ratio_max=0.620 w_ax@goal=+0.79 w_v@goal=3.47 return=840.0 length=83 success_rate=1.00 collisions/ep=3.40 (n=25)
update=279 global_step=571392 SPS=795 w_ev=0.334 m_ev=0.974 m_v_bias=-18.1 m_adv_std=31.8465 m_kl_max=0.0083 m_ratio_max=0.670 w_ax@goal=+0.97 w_v@goal=3.38 return=916.1 length=80 success_rate=1.00 collisions/ep=1.88 (n=26)
update=280 global_step=573440 SPS=796 w_ev=0.404 m_ev=0.962 m_v_bias=-10.5 m_adv_std=38.5683 m_kl_max=0.0078 m_ratio_max=0.963 w_ax@goal=+0.86 w_v@goal=3.11 return=910.9 length=83 success_rate=1.00 collisions/ep=1.96 (n=24)
Evaluation at update 280: return=956.48, length=79.00, success_rate=1.00, collisions/ep=1.10
Solved-check at update 280: solved=False worst_gap=101.71 at p_x0=0.50 p_y0=-1.00 (consecutive=0)
update=281 global_step=575488 SPS=792 w_ev=0.346 m_ev=0.932 m_v_bias=18.7 m_adv_std=53.1585 m_kl_max=0.0084 m_ratio_max=0.547 w_ax@goal=+0.84 w_v@goal=3.44 return=872.6 length=82 success_rate=1.00 collisions/ep=2.76 (n=25)
update=282 global_step=577536 SPS=793 w_ev=0.445 m_ev=0.933 m_v_bias=19.4 m_adv_std=55.7948 m_kl_max=0.0054 m_ratio_max=0.662 w_ax@goal=+0.91 w_v@goal=3.22 return=829.4 length=81 success_rate=1.00 collisions/ep=3.62 (n=26)
update=283 global_step=579584 SPS=794 w_ev=0.418 m_ev=0.945 m_v_bias=-14.5 m_adv_std=49.9858 m_kl_max=0.0130 m_ratio_max=0.781 w_ax@goal=+0.98 w_v@goal=3.42 return=869.8 length=81 success_rate=1.00 collisions/ep=2.81 (n=26)
update=284 global_step=581632 SPS=795 w_ev=0.407 m_ev=0.955 m_v_bias=-5.5 m_adv_std=44.7678 m_kl_max=0.0096 m_ratio_max=0.697 w_ax@goal=+0.82 w_v@goal=3.42 return=862.5 length=81 success_rate=1.00 collisions/ep=2.96 (n=24)
update=285 global_step=583680 SPS=796 w_ev=0.439 m_ev=0.932 m_v_bias=-0.5 m_adv_std=53.6724 m_kl_max=0.0204 m_ratio_max=1.097 w_ax@goal=+0.90 w_v@goal=3.11 return=845.3 length=83 success_rate=1.00 collisions/ep=3.29 (n=24)
Evaluation at update 285: return=973.87, length=79.15, success_rate=1.00, collisions/ep=0.75
Solved-check at update 285: solved=False worst_gap=101.57 at p_x0=1.50 p_y0=-1.00 (consecutive=0)
update=286 global_step=585728 SPS=792 w_ev=0.483 m_ev=0.939 m_v_bias=2.0 m_adv_std=51.8779 m_kl_max=0.0098 m_ratio_max=0.644 w_ax@goal=+0.72 w_v@goal=3.01 return=863.7 length=83 success_rate=1.00 collisions/ep=2.92 (n=26)
update=287 global_step=587776 SPS=794 w_ev=0.404 m_ev=0.948 m_v_bias=-2.3 m_adv_std=45.6189 m_kl_max=0.0097 m_ratio_max=1.156 w_ax@goal=+0.64 w_v@goal=3.20 return=899.5 length=82 success_rate=1.00 collisions/ep=2.21 (n=24)
update=288 global_step=589824 SPS=795 w_ev=0.465 m_ev=0.882 m_v_bias=24.9 m_adv_std=78.1460 m_kl_max=0.0030 m_ratio_max=0.554 w_ax@goal=+0.83 w_v@goal=3.25 return=820.9 length=79 success_rate=1.00 collisions/ep=3.79 (n=28)
update=289 global_step=591872 SPS=796 w_ev=0.389 m_ev=0.928 m_v_bias=6.0 m_adv_std=62.1835 m_kl_max=0.0047 m_ratio_max=0.636 w_ax@goal=+0.73 w_v@goal=3.40 return=771.1 length=81 success_rate=1.00 collisions/ep=4.79 (n=24)
update=290 global_step=593920 SPS=797 w_ev=0.277 m_ev=0.918 m_v_bias=10.6 m_adv_std=69.2490 m_kl_max=0.0031 m_ratio_max=0.580 w_ax@goal=+0.82 w_v@goal=3.53 return=764.3 length=82 success_rate=1.00 collisions/ep=4.92 (n=25)
Evaluation at update 290: return=896.64, length=78.75, success_rate=1.00, collisions/ep=2.30
Solved-check at update 290: solved=False worst_gap=151.59 at p_x0=0.00 p_y0=0.00 (consecutive=0)
update=291 global_step=595968 SPS=793 w_ev=0.250 m_ev=0.939 m_v_bias=-5.7 m_adv_std=57.6057 m_kl_max=0.0073 m_ratio_max=0.622 w_ax@goal=+0.80 w_v@goal=3.39 return=756.7 length=80 success_rate=1.00 collisions/ep=5.08 (n=24)
update=292 global_step=598016 SPS=794 w_ev=0.295 m_ev=0.912 m_v_bias=1.3 m_adv_std=72.6826 m_kl_max=0.0081 m_ratio_max=1.181 w_ax@goal=+0.88 w_v@goal=3.49 return=796.5 length=80 success_rate=1.00 collisions/ep=4.27 (n=26)
update=293 global_step=600064 SPS=795 w_ev=0.283 m_ev=0.918 m_v_bias=-8.5 m_adv_std=69.3977 m_kl_max=0.0070 m_ratio_max=0.577 w_ax@goal=+0.86 w_v@goal=3.61 return=753.3 length=81 success_rate=1.00 collisions/ep=5.15 (n=27)
update=294 global_step=602112 SPS=796 w_ev=0.360 m_ev=0.892 m_v_bias=-1.1 m_adv_std=79.9088 m_kl_max=0.0045 m_ratio_max=0.408 w_ax@goal=+0.72 w_v@goal=3.35 return=791.0 length=81 success_rate=1.00 collisions/ep=4.38 (n=26)
update=295 global_step=604160 SPS=798 w_ev=0.312 m_ev=0.953 m_v_bias=-15.9 m_adv_std=49.0565 m_kl_max=0.0049 m_ratio_max=0.546 w_ax@goal=+0.62 w_v@goal=3.32 return=800.2 length=82 success_rate=1.00 collisions/ep=4.21 (n=24)
Evaluation at update 295: return=931.46, length=79.00, success_rate=1.00, collisions/ep=1.60
Solved-check at update 295: solved=False worst_gap=151.74 at p_x0=0.00 p_y0=0.50 (consecutive=0)
update=296 global_step=606208 SPS=794 w_ev=0.301 m_ev=0.946 m_v_bias=-6.6 m_adv_std=49.6041 m_kl_max=0.0088 m_ratio_max=1.241 w_ax@goal=+0.94 w_v@goal=3.39 return=836.4 length=80 success_rate=1.00 collisions/ep=3.48 (n=25)
update=297 global_step=608256 SPS=795 w_ev=0.334 m_ev=0.913 m_v_bias=13.7 m_adv_std=69.0864 m_kl_max=0.0031 m_ratio_max=0.355 w_ax@goal=+0.74 w_v@goal=3.27 return=798.3 length=84 success_rate=1.00 collisions/ep=4.25 (n=24)
update=298 global_step=610304 SPS=796 w_ev=0.450 m_ev=0.953 m_v_bias=-4.7 m_adv_std=45.5955 m_kl_max=0.0065 m_ratio_max=0.766 w_ax@goal=+0.76 w_v@goal=3.28 return=848.9 length=82 success_rate=1.00 collisions/ep=3.23 (n=26)
update=299 global_step=612352 SPS=797 w_ev=0.423 m_ev=0.914 m_v_bias=5.4 m_adv_std=66.8615 m_kl_max=0.0061 m_ratio_max=0.483 w_ax@goal=+0.68 w_v@goal=3.15 return=824.6 length=82 success_rate=1.00 collisions/ep=3.71 (n=24)
update=300 global_step=614400 SPS=798 w_ev=0.407 m_ev=0.955 m_v_bias=9.7 m_adv_std=47.3722 m_kl_max=0.0029 m_ratio_max=0.519 w_ax@goal=+0.58 w_v@goal=3.36 return=825.8 length=82 success_rate=1.00 collisions/ep=3.68 (n=25)
Evaluation at update 300: return=961.45, length=79.05, success_rate=1.00, collisions/ep=1.00
Solved-check at update 300: solved=False worst_gap=101.65 at p_x0=0.00 p_y0=1.00 (consecutive=0)
update=301 global_step=616448 SPS=794 w_ev=0.320 m_ev=0.949 m_v_bias=-5.2 m_adv_std=48.8203 m_kl_max=0.0021 m_ratio_max=0.479 w_ax@goal=+0.67 w_v@goal=3.18 return=809.8 length=82 success_rate=1.00 collisions/ep=4.00 (n=24)
update=302 global_step=618496 SPS=795 w_ev=0.342 m_ev=0.923 m_v_bias=-11.7 m_adv_std=59.4347 m_kl_max=0.0075 m_ratio_max=0.800 w_ax@goal=+0.58 w_v@goal=3.34 return=852.4 length=82 success_rate=1.00 collisions/ep=3.15 (n=26)
update=303 global_step=620544 SPS=796 w_ev=0.348 m_ev=0.960 m_v_bias=-13.1 m_adv_std=39.8559 m_kl_max=0.0036 m_ratio_max=0.425 w_ax@goal=+0.62 w_v@goal=3.25 return=899.5 length=83 success_rate=1.00 collisions/ep=2.21 (n=24)
update=304 global_step=622592 SPS=797 w_ev=0.335 m_ev=0.945 m_v_bias=10.6 m_adv_std=49.3065 m_kl_max=0.0033 m_ratio_max=0.444 w_ax@goal=+0.68 w_v@goal=3.33 return=858.0 length=82 success_rate=1.00 collisions/ep=3.04 (n=26)
update=305 global_step=624640 SPS=798 w_ev=0.448 m_ev=0.949 m_v_bias=1.5 m_adv_std=47.9491 m_kl_max=0.0076 m_ratio_max=0.917 w_ax@goal=+0.68 w_v@goal=3.25 return=863.5 length=82 success_rate=1.00 collisions/ep=2.92 (n=26)
Evaluation at update 305: return=960.95, length=79.40, success_rate=1.00, collisions/ep=1.00
Solved-check at update 305: solved=False worst_gap=102.08 at p_x0=1.00 p_y0=-1.00 (consecutive=0)
update=306 global_step=626688 SPS=794 w_ev=0.364 m_ev=0.962 m_v_bias=-5.6 m_adv_std=39.2326 m_kl_max=0.0035 m_ratio_max=0.465 w_ax@goal=+0.68 w_v@goal=3.33 return=887.5 length=82 success_rate=1.00 collisions/ep=2.44 (n=25)
update=307 global_step=628736 SPS=795 w_ev=0.393 m_ev=0.930 m_v_bias=4.4 m_adv_std=55.2155 m_kl_max=0.0040 m_ratio_max=0.565 w_ax@goal=+0.69 w_v@goal=3.16 return=867.8 length=82 success_rate=1.00 collisions/ep=2.83 (n=24)
update=308 global_step=630784 SPS=796 w_ev=0.414 m_ev=0.960 m_v_bias=-9.9 m_adv_std=39.7192 m_kl_max=0.0094 m_ratio_max=0.865 w_ax@goal=+0.70 w_v@goal=3.23 return=896.4 length=80 success_rate=1.00 collisions/ep=2.27 (n=26)
update=309 global_step=632832 SPS=797 w_ev=0.386 m_ev=0.964 m_v_bias=2.6 m_adv_std=37.7177 m_kl_max=0.0040 m_ratio_max=0.579 w_ax@goal=+0.83 w_v@goal=3.16 return=876.5 length=80 success_rate=1.00 collisions/ep=2.68 (n=25)
update=310 global_step=634880 SPS=798 w_ev=0.463 m_ev=0.925 m_v_bias=5.3 m_adv_std=55.6385 m_kl_max=0.0067 m_ratio_max=0.801 w_ax@goal=+0.80 w_v@goal=3.29 return=908.1 length=81 success_rate=1.00 collisions/ep=2.04 (n=25)
Evaluation at update 310: return=953.92, length=79.10, success_rate=1.00, collisions/ep=1.15
Solved-check at update 310: solved=False worst_gap=101.83 at p_x0=0.00 p_y0=-1.00 (consecutive=0)
update=311 global_step=636928 SPS=795 w_ev=0.407 m_ev=0.926 m_v_bias=9.1 m_adv_std=57.3621 m_kl_max=0.0069 m_ratio_max=0.879 w_ax@goal=+0.79 w_v@goal=3.25 return=827.3 length=81 success_rate=1.00 collisions/ep=3.65 (n=26)
update=312 global_step=638976 SPS=795 w_ev=0.502 m_ev=0.929 m_v_bias=15.3 m_adv_std=55.6796 m_kl_max=0.0241 m_ratio_max=2.322 w_ax@goal=+0.87 w_v@goal=3.13 return=843.4 length=81 success_rate=1.00 collisions/ep=3.35 (n=26)
update=313 global_step=641024 SPS=797 w_ev=0.489 m_ev=0.971 m_v_bias=-22.1 m_adv_std=33.1147 m_kl_max=0.0172 m_ratio_max=1.853 w_ax@goal=+0.94 w_v@goal=3.01 return=891.6 length=80 success_rate=1.00 collisions/ep=2.38 (n=24)
update=314 global_step=643072 SPS=798 w_ev=0.507 m_ev=0.974 m_v_bias=-1.2 m_adv_std=32.6229 m_kl_max=0.0048 m_ratio_max=0.613 w_ax@goal=+0.70 w_v@goal=3.13 return=881.2 length=81 success_rate=1.00 collisions/ep=2.58 (n=26)
update=315 global_step=645120 SPS=798 w_ev=0.527 m_ev=0.940 m_v_bias=-10.3 m_adv_std=48.1599 m_kl_max=0.0045 m_ratio_max=0.732 w_ax@goal=+0.89 w_v@goal=2.88 return=887.4 length=82 success_rate=1.00 collisions/ep=2.46 (n=24)
Evaluation at update 315: return=954.02, length=79.00, success_rate=1.00, collisions/ep=1.15
Solved-check at update 315: solved=False worst_gap=101.91 at p_x0=0.00 p_y0=-1.00 (consecutive=0)
update=316 global_step=647168 SPS=795 w_ev=0.472 m_ev=0.927 m_v_bias=9.5 m_adv_std=54.5207 m_kl_max=0.0050 m_ratio_max=0.498 w_ax@goal=+0.85 w_v@goal=2.94 return=888.8 length=81 success_rate=1.00 collisions/ep=2.42 (n=26)
update=317 global_step=649216 SPS=796 w_ev=0.509 m_ev=0.948 m_v_bias=5.5 m_adv_std=46.8673 m_kl_max=0.0107 m_ratio_max=0.781 w_ax@goal=+0.95 w_v@goal=2.96 return=859.8 length=80 success_rate=1.00 collisions/ep=3.00 (n=24)
update=318 global_step=651264 SPS=797 w_ev=0.559 m_ev=0.965 m_v_bias=-3.2 m_adv_std=38.3618 m_kl_max=0.0090 m_ratio_max=0.711 w_ax@goal=+0.88 w_v@goal=3.01 return=878.5 length=83 success_rate=1.00 collisions/ep=2.63 (n=27)
update=319 global_step=653312 SPS=798 w_ev=0.523 m_ev=0.955 m_v_bias=-1.1 m_adv_std=42.8156 m_kl_max=0.0085 m_ratio_max=0.687 w_ax@goal=+0.88 w_v@goal=2.91 return=858.3 length=81 success_rate=1.00 collisions/ep=3.04 (n=24)
update=320 global_step=655360 SPS=798 w_ev=0.526 m_ev=0.973 m_v_bias=-8.2 m_adv_std=32.2874 m_kl_max=0.0054 m_ratio_max=0.435 w_ax@goal=+0.86 w_v@goal=2.85 return=910.5 length=82 success_rate=1.00 collisions/ep=2.00 (n=25)
Evaluation at update 320: return=956.02, length=79.35, success_rate=1.00, collisions/ep=1.10
Solved-check at update 320: solved=False worst_gap=102.49 at p_x0=0.00 p_y0=-1.00 (consecutive=0)
update=321 global_step=657408 SPS=795 w_ev=0.449 m_ev=0.968 m_v_bias=3.5 m_adv_std=33.9747 m_kl_max=0.0088 m_ratio_max=1.016 w_ax@goal=+0.96 w_v@goal=2.99 return=889.2 length=82 success_rate=1.00 collisions/ep=2.42 (n=24)
update=322 global_step=659456 SPS=796 w_ev=0.429 m_ev=0.966 m_v_bias=0.7 m_adv_std=36.9923 m_kl_max=0.0083 m_ratio_max=1.009 w_ax@goal=+0.93 w_v@goal=3.10 return=900.2 length=84 success_rate=1.00 collisions/ep=2.19 (n=26)
update=323 global_step=661504 SPS=797 w_ev=0.446 m_ev=0.956 m_v_bias=-1.9 m_adv_std=40.3634 m_kl_max=0.0146 m_ratio_max=0.855 w_ax@goal=+0.83 w_v@goal=3.21 return=899.0 length=82 success_rate=1.00 collisions/ep=2.21 (n=24)
update=324 global_step=663552 SPS=798 w_ev=0.515 m_ev=0.961 m_v_bias=2.1 m_adv_std=39.3898 m_kl_max=0.0031 m_ratio_max=0.556 w_ax@goal=+0.91 w_v@goal=3.10 return=904.1 length=81 success_rate=1.00 collisions/ep=2.12 (n=24)
update=325 global_step=665600 SPS=799 w_ev=0.473 m_ev=0.959 m_v_bias=-1.0 m_adv_std=40.0686 m_kl_max=0.0031 m_ratio_max=0.458 w_ax@goal=+0.79 w_v@goal=3.11 return=888.9 length=81 success_rate=1.00 collisions/ep=2.43 (n=28)
Evaluation at update 325: return=954.07, length=78.90, success_rate=1.00, collisions/ep=1.15
Solved-check at update 325: solved=False worst_gap=101.80 at p_x0=0.00 p_y0=-1.00 (consecutive=0)
update=326 global_step=667648 SPS=795 w_ev=0.453 m_ev=0.942 m_v_bias=-1.7 m_adv_std=49.3532 m_kl_max=0.0087 m_ratio_max=0.923 w_ax@goal=+0.85 w_v@goal=3.11 return=878.7 length=81 success_rate=1.00 collisions/ep=2.64 (n=25)
update=327 global_step=669696 SPS=796 w_ev=0.478 m_ev=0.932 m_v_bias=12.1 m_adv_std=54.8309 m_kl_max=0.0108 m_ratio_max=0.908 w_ax@goal=+0.94 w_v@goal=3.04 return=862.6 length=82 success_rate=1.00 collisions/ep=2.96 (n=25)
update=328 global_step=671744 SPS=797 w_ev=0.411 m_ev=0.951 m_v_bias=2.7 m_adv_std=45.5838 m_kl_max=0.0141 m_ratio_max=1.275 w_ax@goal=+0.89 w_v@goal=3.22 return=873.0 length=83 success_rate=1.00 collisions/ep=2.76 (n=25)
update=329 global_step=673792 SPS=798 w_ev=0.400 m_ev=0.945 m_v_bias=-6.6 m_adv_std=46.9893 m_kl_max=0.0068 m_ratio_max=0.743 w_ax@goal=+0.73 w_v@goal=3.08 return=864.8 length=80 success_rate=1.00 collisions/ep=2.92 (n=25)
update=330 global_step=675840 SPS=799 w_ev=0.434 m_ev=0.942 m_v_bias=2.6 m_adv_std=49.4628 m_kl_max=0.0087 m_ratio_max=1.363 w_ax@goal=+0.84 w_v@goal=3.14 return=846.0 length=80 success_rate=1.00 collisions/ep=3.29 (n=24)
Evaluation at update 330: return=954.21, length=78.70, success_rate=1.00, collisions/ep=1.15
Solved-check at update 330: solved=False worst_gap=101.56 at p_x0=0.00 p_y0=-1.00 (consecutive=0)
update=331 global_step=677888 SPS=796 w_ev=0.371 m_ev=0.960 m_v_bias=-5.8 m_adv_std=40.4288 m_kl_max=0.0112 m_ratio_max=0.922 w_ax@goal=+0.81 w_v@goal=3.19 return=899.8 length=79 success_rate=1.00 collisions/ep=2.22 (n=27)
update=332 global_step=679936 SPS=797 w_ev=0.465 m_ev=0.960 m_v_bias=-10.1 m_adv_std=39.6916 m_kl_max=0.0067 m_ratio_max=0.486 w_ax@goal=+0.79 w_v@goal=3.12 return=901.0 length=81 success_rate=1.00 collisions/ep=2.19 (n=26)
update=333 global_step=681984 SPS=798 w_ev=0.440 m_ev=0.974 m_v_bias=-1.0 m_adv_std=30.8633 m_kl_max=0.0052 m_ratio_max=0.536 w_ax@goal=+0.82 w_v@goal=3.14 return=919.6 length=81 success_rate=1.00 collisions/ep=1.81 (n=27)
update=334 global_step=684032 SPS=799 w_ev=0.449 m_ev=0.934 m_v_bias=20.1 m_adv_std=51.4485 m_kl_max=0.0140 m_ratio_max=0.954 w_ax@goal=+0.79 w_v@goal=3.06 return=854.6 length=81 success_rate=1.00 collisions/ep=3.12 (n=24)
update=335 global_step=686080 SPS=800 w_ev=0.472 m_ev=0.973 m_v_bias=-10.1 m_adv_std=32.2737 m_kl_max=0.0067 m_ratio_max=0.633 w_ax@goal=+0.83 w_v@goal=3.08 return=884.7 length=79 success_rate=1.00 collisions/ep=2.52 (n=25)
Evaluation at update 335: return=956.62, length=78.90, success_rate=1.00, collisions/ep=1.10
Solved-check at update 335: solved=False worst_gap=101.72 at p_x0=0.00 p_y0=-1.00 (consecutive=0)
update=336 global_step=688128 SPS=797 w_ev=0.402 m_ev=0.947 m_v_bias=-0.9 m_adv_std=45.0787 m_kl_max=0.0116 m_ratio_max=0.825 w_ax@goal=+0.72 w_v@goal=3.02 return=893.4 length=82 success_rate=1.00 collisions/ep=2.35 (n=26)
update=337 global_step=690176 SPS=798 w_ev=0.496 m_ev=0.982 m_v_bias=-18.1 m_adv_std=25.0572 m_kl_max=0.0043 m_ratio_max=0.384 w_ax@goal=+0.65 w_v@goal=3.00 return=937.4 length=81 success_rate=1.00 collisions/ep=1.46 (n=26)
update=338 global_step=692224 SPS=799 w_ev=0.441 m_ev=0.976 m_v_bias=-0.8 m_adv_std=28.6340 m_kl_max=0.0045 m_ratio_max=0.592 w_ax@goal=+0.72 w_v@goal=3.22 return=931.8 length=82 success_rate=1.00 collisions/ep=1.58 (n=24)
update=339 global_step=694272 SPS=799 w_ev=0.471 m_ev=0.937 m_v_bias=15.6 m_adv_std=49.1310 m_kl_max=0.0090 m_ratio_max=0.784 w_ax@goal=+0.75 w_v@goal=3.16 return=898.9 length=83 success_rate=1.00 collisions/ep=2.25 (n=24)
update=340 global_step=696320 SPS=800 w_ev=0.477 m_ev=0.976 m_v_bias=-8.6 m_adv_std=29.6481 m_kl_max=0.0070 m_ratio_max=0.829 w_ax@goal=+0.88 w_v@goal=3.13 return=924.7 length=82 success_rate=1.00 collisions/ep=1.73 (n=26)
Evaluation at update 340: return=959.12, length=78.80, success_rate=1.00, collisions/ep=1.05
Solved-check at update 340: solved=False worst_gap=101.27 at p_x0=1.00 p_y0=-1.00 (consecutive=0)
update=341 global_step=698368 SPS=797 w_ev=0.433 m_ev=0.968 m_v_bias=2.7 m_adv_std=34.5506 m_kl_max=0.0092 m_ratio_max=1.012 w_ax@goal=+0.97 w_v@goal=3.20 return=909.0 length=81 success_rate=1.00 collisions/ep=2.04 (n=25)
update=342 global_step=700416 SPS=797 w_ev=0.387 m_ev=0.968 m_v_bias=-3.3 m_adv_std=32.9335 m_kl_max=0.0091 m_ratio_max=0.934 w_ax@goal=+0.83 w_v@goal=3.24 return=925.4 length=80 success_rate=1.00 collisions/ep=1.70 (n=23)
update=343 global_step=702464 SPS=798 w_ev=0.312 m_ev=0.905 m_v_bias=20.9 m_adv_std=65.4075 m_kl_max=0.0043 m_ratio_max=0.690 w_ax@goal=+0.91 w_v@goal=3.52 return=885.4 length=81 success_rate=1.00 collisions/ep=2.50 (n=26)
update=344 global_step=704512 SPS=799 w_ev=0.419 m_ev=0.921 m_v_bias=14.7 m_adv_std=61.1811 m_kl_max=0.0045 m_ratio_max=0.607 w_ax@goal=+0.79 w_v@goal=3.49 return=835.7 length=82 success_rate=1.00 collisions/ep=3.50 (n=26)
update=345 global_step=706560 SPS=800 w_ev=0.382 m_ev=0.923 m_v_bias=18.4 m_adv_std=66.7621 m_kl_max=0.0037 m_ratio_max=0.498 w_ax@goal=+0.91 w_v@goal=3.27 return=767.2 length=82 success_rate=1.00 collisions/ep=4.88 (n=25)
Evaluation at update 345: return=596.57, length=78.95, success_rate=1.00, collisions/ep=8.30
Solved-check at update 345: solved=False worst_gap=601.11 at p_x0=1.00 p_y0=1.00 (consecutive=0)
update=346 global_step=708608 SPS=797 w_ev=0.279 m_ev=0.924 m_v_bias=7.3 m_adv_std=66.7050 m_kl_max=0.0080 m_ratio_max=1.089 w_ax@goal=+0.98 w_v@goal=3.70 return=770.4 length=82 success_rate=1.00 collisions/ep=4.81 (n=26)
update=347 global_step=710656 SPS=798 w_ev=0.366 m_ev=0.938 m_v_bias=-2.2 m_adv_std=56.6363 m_kl_max=0.0152 m_ratio_max=1.655 w_ax@goal=+0.93 w_v@goal=3.44 return=799.3 length=81 success_rate=1.00 collisions/ep=4.23 (n=26)
update=348 global_step=712704 SPS=799 w_ev=0.351 m_ev=0.940 m_v_bias=-15.4 m_adv_std=52.7692 m_kl_max=0.0061 m_ratio_max=0.599 w_ax@goal=+0.76 w_v@goal=3.15 return=848.9 length=81 success_rate=1.00 collisions/ep=3.25 (n=24)
update=349 global_step=714752 SPS=799 w_ev=0.336 m_ev=0.969 m_v_bias=-17.9 m_adv_std=33.4195 m_kl_max=0.0046 m_ratio_max=0.744 w_ax@goal=+0.69 w_v@goal=3.40 return=900.4 length=80 success_rate=1.00 collisions/ep=2.21 (n=24)
update=350 global_step=716800 SPS=800 w_ev=0.314 m_ev=0.950 m_v_bias=9.4 m_adv_std=46.6927 m_kl_max=0.0155 m_ratio_max=1.369 w_ax@goal=+0.88 w_v@goal=3.33 return=887.8 length=81 success_rate=1.00 collisions/ep=2.48 (n=25)
Evaluation at update 350: return=961.80, length=78.50, success_rate=1.00, collisions/ep=1.00
Solved-check at update 350: solved=False worst_gap=101.01 at p_x0=1.50 p_y0=-1.00 (consecutive=0)
update=351 global_step=718848 SPS=797 w_ev=0.319 m_ev=0.961 m_v_bias=-9.5 m_adv_std=38.8882 m_kl_max=0.0042 m_ratio_max=0.513 w_ax@goal=+0.84 w_v@goal=3.29 return=882.2 length=82 success_rate=1.00 collisions/ep=2.59 (n=27)
update=352 global_step=720896 SPS=798 w_ev=0.316 m_ev=0.940 m_v_bias=0.3 m_adv_std=48.9848 m_kl_max=0.0066 m_ratio_max=0.631 w_ax@goal=+0.94 w_v@goal=3.34 return=903.5 length=79 success_rate=1.00 collisions/ep=2.15 (n=27)
update=353 global_step=722944 SPS=799 w_ev=0.356 m_ev=0.938 m_v_bias=-0.8 m_adv_std=49.9590 m_kl_max=0.0033 m_ratio_max=0.721 w_ax@goal=+0.81 w_v@goal=3.20 return=897.5 length=81 success_rate=1.00 collisions/ep=2.28 (n=25)
update=354 global_step=724992 SPS=800 w_ev=0.349 m_ev=0.965 m_v_bias=-11.4 m_adv_std=33.8554 m_kl_max=0.0055 m_ratio_max=0.409 w_ax@goal=+0.80 w_v@goal=3.41 return=944.6 length=82 success_rate=1.00 collisions/ep=1.33 (n=24)
update=355 global_step=727040 SPS=800 w_ev=0.422 m_ev=0.967 m_v_bias=-1.3 m_adv_std=33.0830 m_kl_max=0.0039 m_ratio_max=0.580 w_ax@goal=+0.85 w_v@goal=3.20 return=948.0 length=81 success_rate=1.00 collisions/ep=1.25 (n=24)
Evaluation at update 355: return=996.68, length=78.75, success_rate=1.00, collisions/ep=0.30
Solved-check at update 355: solved=False worst_gap=100.96 at p_x0=2.00 p_y0=-1.00 (consecutive=0)
update=356 global_step=729088 SPS=797 w_ev=0.356 m_ev=0.975 m_v_bias=4.9 m_adv_std=28.9035 m_kl_max=0.0074 m_ratio_max=0.583 w_ax@goal=+0.88 w_v@goal=3.53 return=934.3 length=81 success_rate=1.00 collisions/ep=1.54 (n=26)
update=357 global_step=731136 SPS=798 w_ev=0.435 m_ev=0.977 m_v_bias=-8.7 m_adv_std=27.6137 m_kl_max=0.0100 m_ratio_max=1.068 w_ax@goal=+0.80 w_v@goal=3.31 return=949.1 length=80 success_rate=1.00 collisions/ep=1.24 (n=25)
update=358 global_step=733184 SPS=799 w_ev=0.442 m_ev=0.951 m_v_bias=6.8 m_adv_std=41.3426 m_kl_max=0.0117 m_ratio_max=1.102 w_ax@goal=+0.78 w_v@goal=3.21 return=933.0 length=81 success_rate=1.00 collisions/ep=1.56 (n=25)
update=359 global_step=735232 SPS=799 w_ev=0.434 m_ev=0.969 m_v_bias=-9.1 m_adv_std=31.0927 m_kl_max=0.0135 m_ratio_max=0.688 w_ax@goal=+0.90 w_v@goal=3.36 return=941.7 length=80 success_rate=1.00 collisions/ep=1.38 (n=26)
update=360 global_step=737280 SPS=800 w_ev=0.400 m_ev=0.972 m_v_bias=9.6 m_adv_std=31.1882 m_kl_max=0.0065 m_ratio_max=0.605 w_ax@goal=+0.82 w_v@goal=3.42 return=947.4 length=83 success_rate=1.00 collisions/ep=1.28 (n=25)
Evaluation at update 360: return=999.34, length=78.40, success_rate=1.00, collisions/ep=0.25
Solved-check at update 360: solved=False worst_gap=51.10 at p_x0=0.50 p_y0=-1.00 (consecutive=0)
update=361 global_step=739328 SPS=797 w_ev=0.385 m_ev=0.966 m_v_bias=0.9 m_adv_std=34.2679 m_kl_max=0.0070 m_ratio_max=0.550 w_ax@goal=+0.80 w_v@goal=3.46 return=938.5 length=81 success_rate=1.00 collisions/ep=1.44 (n=27)
update=362 global_step=741376 SPS=798 w_ev=0.430 m_ev=0.984 m_v_bias=-10.2 m_adv_std=22.3512 m_kl_max=0.0034 m_ratio_max=0.338 w_ax@goal=+0.85 w_v@goal=3.31 return=956.8 length=80 success_rate=1.00 collisions/ep=1.08 (n=25)
update=363 global_step=743424 SPS=799 w_ev=0.440 m_ev=0.983 m_v_bias=-9.1 m_adv_std=22.4192 m_kl_max=0.0059 m_ratio_max=0.496 w_ax@goal=+0.96 w_v@goal=3.26 return=978.1 length=80 success_rate=1.00 collisions/ep=0.65 (n=26)
update=364 global_step=745472 SPS=800 w_ev=0.405 m_ev=0.981 m_v_bias=1.8 m_adv_std=23.5199 m_kl_max=0.0026 m_ratio_max=0.366 w_ax@goal=+0.89 w_v@goal=3.31 return=970.3 length=80 success_rate=1.00 collisions/ep=0.80 (n=25)
update=365 global_step=747520 SPS=801 w_ev=0.356 m_ev=0.982 m_v_bias=1.1 m_adv_std=22.7841 m_kl_max=0.0042 m_ratio_max=0.587 w_ax@goal=+0.87 w_v@goal=3.30 return=972.1 length=80 success_rate=1.00 collisions/ep=0.76 (n=25)
Evaluation at update 365: return=1011.78, length=78.45, success_rate=1.00, collisions/ep=0.00
Solved-check at update 365: solved=False worst_gap=51.01 at p_x0=1.50 p_y0=-1.00 (consecutive=0)
update=366 global_step=749568 SPS=798 w_ev=0.341 m_ev=0.987 m_v_bias=-0.5 m_adv_std=19.0882 m_kl_max=0.0277 m_ratio_max=0.902 w_ax@goal=+0.74 w_v@goal=3.42 return=981.6 length=81 success_rate=1.00 collisions/ep=0.56 (n=25)
update=367 global_step=751616 SPS=798 w_ev=0.309 m_ev=0.986 m_v_bias=0.2 m_adv_std=20.6507 m_kl_max=0.0240 m_ratio_max=1.140 w_ax@goal=+0.90 w_v@goal=3.39 return=968.6 length=81 success_rate=1.00 collisions/ep=0.84 (n=25)
update=368 global_step=753664 SPS=799 w_ev=0.368 m_ev=0.991 m_v_bias=-0.8 m_adv_std=16.8239 m_kl_max=0.0140 m_ratio_max=0.855 w_ax@goal=+0.94 w_v@goal=3.44 return=983.0 length=80 success_rate=1.00 collisions/ep=0.56 (n=27)
update=369 global_step=755712 SPS=800 w_ev=0.327 m_ev=0.986 m_v_bias=-1.5 m_adv_std=20.0064 m_kl_max=0.0149 m_ratio_max=1.814 w_ax@goal=+0.96 w_v@goal=3.38 return=987.3 length=80 success_rate=1.00 collisions/ep=0.48 (n=25)
update=370 global_step=757760 SPS=801 w_ev=0.386 m_ev=0.976 m_v_bias=5.4 m_adv_std=27.0483 m_kl_max=0.0112 m_ratio_max=1.285 w_ax@goal=+1.09 w_v@goal=3.48 return=956.5 length=81 success_rate=1.00 collisions/ep=1.08 (n=24)
Evaluation at update 370: return=1011.67, length=78.75, success_rate=1.00, collisions/ep=0.00
Solved-check at update 370: solved=True worst_gap=1.60 at p_x0=0.00 p_y0=-1.00 (consecutive=0)
update=371 global_step=759808 SPS=798 w_ev=0.408 m_ev=0.990 m_v_bias=-5.8 m_adv_std=17.1175 m_kl_max=0.0053 m_ratio_max=0.388 w_ax@goal=+0.96 w_v@goal=3.32 return=988.5 length=81 success_rate=1.00 collisions/ep=0.44 (n=25)
update=372 global_step=761856 SPS=799 w_ev=0.372 m_ev=0.970 m_v_bias=10.2 m_adv_std=31.3561 m_kl_max=0.0043 m_ratio_max=0.795 w_ax@goal=+1.06 w_v@goal=3.53 return=960.4 length=80 success_rate=1.00 collisions/ep=1.00 (n=25)
update=373 global_step=763904 SPS=799 w_ev=0.385 m_ev=0.975 m_v_bias=0.3 m_adv_std=28.3625 m_kl_max=0.0096 m_ratio_max=1.206 w_ax@goal=+1.01 w_v@goal=3.41 return=949.0 length=81 success_rate=1.00 collisions/ep=1.22 (n=27)
update=374 global_step=765952 SPS=800 w_ev=0.343 m_ev=0.981 m_v_bias=-1.6 m_adv_std=25.0135 m_kl_max=0.0060 m_ratio_max=0.961 w_ax@goal=+0.77 w_v@goal=3.53 return=958.4 length=82 success_rate=1.00 collisions/ep=1.04 (n=26)
update=375 global_step=768000 SPS=801 w_ev=0.396 m_ev=0.981 m_v_bias=-1.3 m_adv_std=25.4741 m_kl_max=0.0106 m_ratio_max=0.957 w_ax@goal=+0.88 w_v@goal=3.35 return=949.9 length=83 success_rate=1.00 collisions/ep=1.21 (n=24)
Evaluation at update 375: return=1009.16, length=78.80, success_rate=1.00, collisions/ep=0.05
Solved-check at update 375: solved=False worst_gap=51.00 at p_x0=2.00 p_y0=-1.00 (consecutive=1)
update=376 global_step=770048 SPS=798 w_ev=0.340 m_ev=0.982 m_v_bias=-4.6 m_adv_std=23.1539 m_kl_max=0.0039 m_ratio_max=0.529 w_ax@goal=+0.86 w_v@goal=3.39 return=980.1 length=83 success_rate=1.00 collisions/ep=0.62 (n=24)
update=377 global_step=772096 SPS=799 w_ev=0.317 m_ev=0.981 m_v_bias=-0.0 m_adv_std=23.9360 m_kl_max=0.0133 m_ratio_max=1.733 w_ax@goal=+0.91 w_v@goal=3.59 return=969.9 length=80 success_rate=1.00 collisions/ep=0.81 (n=27)
update=378 global_step=774144 SPS=800 w_ev=0.343 m_ev=0.971 m_v_bias=7.0 m_adv_std=30.0516 m_kl_max=0.0037 m_ratio_max=0.497 w_ax@goal=+1.03 w_v@goal=3.33 return=963.7 length=80 success_rate=1.00 collisions/ep=0.96 (n=26)
update=379 global_step=776192 SPS=800 w_ev=0.287 m_ev=0.989 m_v_bias=-6.5 m_adv_std=18.0069 m_kl_max=0.0115 m_ratio_max=1.116 w_ax@goal=+1.09 w_v@goal=3.32 return=974.4 length=80 success_rate=1.00 collisions/ep=0.74 (n=23)
update=380 global_step=778240 SPS=801 w_ev=0.248 m_ev=0.965 m_v_bias=8.0 m_adv_std=33.4627 m_kl_max=0.0040 m_ratio_max=0.544 w_ax@goal=+1.02 w_v@goal=3.48 return=944.9 length=79 success_rate=1.00 collisions/ep=1.32 (n=28)
Evaluation at update 380: return=1009.58, length=78.25, success_rate=1.00, collisions/ep=0.05
Solved-check at update 380: solved=False worst_gap=50.81 at p_x0=1.00 p_y0=-1.00 (consecutive=0)
update=381 global_step=780288 SPS=798 w_ev=0.307 m_ev=0.952 m_v_bias=0.2 m_adv_std=40.9967 m_kl_max=0.0163 m_ratio_max=1.732 w_ax@goal=+1.02 w_v@goal=3.44 return=952.4 length=81 success_rate=1.00 collisions/ep=1.19 (n=26)
update=382 global_step=782336 SPS=799 w_ev=0.262 m_ev=0.984 m_v_bias=-5.2 m_adv_std=22.8279 m_kl_max=0.0049 m_ratio_max=0.492 w_ax@goal=+0.99 w_v@goal=3.49 return=954.0 length=81 success_rate=1.00 collisions/ep=1.16 (n=25)
update=383 global_step=784384 SPS=800 w_ev=0.295 m_ev=0.974 m_v_bias=2.5 m_adv_std=28.0071 m_kl_max=0.0029 m_ratio_max=0.723 w_ax@goal=+0.99 w_v@goal=3.54 return=955.3 length=80 success_rate=1.00 collisions/ep=1.12 (n=25)
update=384 global_step=786432 SPS=801 w_ev=0.258 m_ev=0.986 m_v_bias=-4.5 m_adv_std=20.1927 m_kl_max=0.0155 m_ratio_max=1.212 w_ax@goal=+1.01 w_v@goal=3.45 return=967.3 length=80 success_rate=1.00 collisions/ep=0.88 (n=25)
update=385 global_step=788480 SPS=801 w_ev=0.285 m_ev=0.976 m_v_bias=0.7 m_adv_std=26.6966 m_kl_max=0.0061 m_ratio_max=0.950 w_ax@goal=+0.93 w_v@goal=3.53 return=985.3 length=80 success_rate=1.00 collisions/ep=0.52 (n=25)
Evaluation at update 385: return=1009.29, length=78.65, success_rate=1.00, collisions/ep=0.05
Solved-check at update 385: solved=False worst_gap=51.00 at p_x0=1.50 p_y0=-1.00 (consecutive=0)
update=386 global_step=790528 SPS=798 w_ev=0.278 m_ev=0.972 m_v_bias=-0.9 m_adv_std=28.8640 m_kl_max=0.0059 m_ratio_max=0.788 w_ax@goal=+0.96 w_v@goal=3.61 return=987.1 length=80 success_rate=1.00 collisions/ep=0.48 (n=27)
update=387 global_step=792576 SPS=799 w_ev=0.330 m_ev=0.972 m_v_bias=3.1 m_adv_std=30.1302 m_kl_max=0.0091 m_ratio_max=0.893 w_ax@goal=+0.99 w_v@goal=3.61 return=941.0 length=80 success_rate=1.00 collisions/ep=1.40 (n=25)
update=388 global_step=794624 SPS=800 w_ev=0.277 m_ev=0.976 m_v_bias=0.0 m_adv_std=28.4557 m_kl_max=0.0035 m_ratio_max=0.400 w_ax@goal=+0.92 w_v@goal=3.68 return=951.0 length=80 success_rate=1.00 collisions/ep=1.19 (n=26)
update=389 global_step=796672 SPS=801 w_ev=0.356 m_ev=0.962 m_v_bias=5.9 m_adv_std=35.6713 m_kl_max=0.0047 m_ratio_max=0.550 w_ax@goal=+0.92 w_v@goal=3.49 return=946.5 length=83 success_rate=1.00 collisions/ep=1.29 (n=24)
update=390 global_step=798720 SPS=801 w_ev=0.280 m_ev=0.978 m_v_bias=-6.5 m_adv_std=26.5777 m_kl_max=0.0035 m_ratio_max=0.486 w_ax@goal=+0.87 w_v@goal=3.67 return=966.3 length=82 success_rate=1.00 collisions/ep=0.88 (n=24)
Evaluation at update 390: return=1009.11, length=78.85, success_rate=1.00, collisions/ep=0.05
Solved-check at update 390: solved=False worst_gap=51.19 at p_x0=1.00 p_y0=-1.00 (consecutive=0)
update=391 global_step=800768 SPS=799 w_ev=0.319 m_ev=0.982 m_v_bias=-4.3 m_adv_std=23.8208 m_kl_max=0.0047 m_ratio_max=0.437 w_ax@goal=+0.95 w_v@goal=3.52 return=964.7 length=82 success_rate=1.00 collisions/ep=0.92 (n=26)
update=392 global_step=802816 SPS=799 w_ev=0.370 m_ev=0.986 m_v_bias=-2.1 m_adv_std=21.5769 m_kl_max=0.0067 m_ratio_max=0.812 w_ax@goal=+0.93 w_v@goal=3.51 return=957.3 length=80 success_rate=1.00 collisions/ep=1.08 (n=26)
update=393 global_step=804864 SPS=800 w_ev=0.317 m_ev=0.940 m_v_bias=10.6 m_adv_std=46.0722 m_kl_max=0.0052 m_ratio_max=0.415 w_ax@goal=+1.00 w_v@goal=3.45 return=920.1 length=80 success_rate=1.00 collisions/ep=1.80 (n=25)
update=394 global_step=806912 SPS=801 w_ev=0.362 m_ev=0.973 m_v_bias=-7.0 m_adv_std=30.4223 m_kl_max=0.0088 m_ratio_max=0.767 w_ax@goal=+0.88 w_v@goal=3.51 return=965.4 length=83 success_rate=1.00 collisions/ep=0.92 (n=24)
update=395 global_step=808960 SPS=802 w_ev=0.384 m_ev=0.971 m_v_bias=-2.6 m_adv_std=30.9931 m_kl_max=0.0041 m_ratio_max=0.719 w_ax@goal=+0.88 w_v@goal=3.32 return=951.0 length=80 success_rate=1.00 collisions/ep=1.19 (n=27)
Evaluation at update 395: return=1011.77, length=78.70, success_rate=1.00, collisions/ep=0.00
Solved-check at update 395: solved=True worst_gap=1.35 at p_x0=0.00 p_y0=1.00 (consecutive=0)
update=396 global_step=811008 SPS=799 w_ev=0.291 m_ev=0.990 m_v_bias=-8.8 m_adv_std=17.1274 m_kl_max=0.0140 m_ratio_max=0.812 w_ax@goal=+0.86 w_v@goal=3.33 return=984.5 length=79 success_rate=1.00 collisions/ep=0.52 (n=25)
update=397 global_step=813056 SPS=800 w_ev=0.294 m_ev=0.986 m_v_bias=2.0 m_adv_std=20.1552 m_kl_max=0.0053 m_ratio_max=0.570 w_ax@goal=+0.86 w_v@goal=3.32 return=982.7 length=80 success_rate=1.00 collisions/ep=0.56 (n=25)
update=398 global_step=815104 SPS=801 w_ev=0.336 m_ev=0.975 m_v_bias=10.5 m_adv_std=28.8672 m_kl_max=0.0105 m_ratio_max=1.253 w_ax@goal=+0.78 w_v@goal=3.35 return=954.2 length=84 success_rate=1.00 collisions/ep=1.12 (n=25)
update=399 global_step=817152 SPS=801 w_ev=0.362 m_ev=0.970 m_v_bias=5.7 m_adv_std=32.8346 m_kl_max=0.0195 m_ratio_max=0.752 w_ax@goal=+0.90 w_v@goal=3.43 return=941.1 length=83 success_rate=1.00 collisions/ep=1.36 (n=25)
update=400 global_step=819200 SPS=802 w_ev=0.394 m_ev=0.965 m_v_bias=5.7 m_adv_std=35.5840 m_kl_max=0.0057 m_ratio_max=0.666 w_ax@goal=+0.66 w_v@goal=3.17 return=921.4 length=82 success_rate=1.00 collisions/ep=1.77 (n=26)
Evaluation at update 400: return=984.03, length=78.85, success_rate=1.00, collisions/ep=0.55
Solved-check at update 400: solved=False worst_gap=51.63 at p_x0=0.00 p_y0=-1.00 (consecutive=1)
update=401 global_step=821248 SPS=800 w_ev=0.356 m_ev=0.971 m_v_bias=-9.3 m_adv_std=30.6758 m_kl_max=0.0051 m_ratio_max=0.508 w_ax@goal=+0.74 w_v@goal=3.45 return=971.4 length=80 success_rate=1.00 collisions/ep=0.76 (n=25)
update=402 global_step=823296 SPS=800 w_ev=0.397 m_ev=0.965 m_v_bias=1.2 m_adv_std=34.1550 m_kl_max=0.0066 m_ratio_max=0.675 w_ax@goal=+0.76 w_v@goal=3.14 return=957.0 length=82 success_rate=1.00 collisions/ep=1.04 (n=25)
update=403 global_step=825344 SPS=801 w_ev=0.302 m_ev=0.952 m_v_bias=9.8 m_adv_std=42.9062 m_kl_max=0.0154 m_ratio_max=1.866 w_ax@goal=+0.75 w_v@goal=3.46 return=911.9 length=82 success_rate=1.00 collisions/ep=1.96 (n=25)
update=404 global_step=827392 SPS=802 w_ev=0.240 m_ev=0.966 m_v_bias=3.7 m_adv_std=36.2830 m_kl_max=0.0112 m_ratio_max=1.255 w_ax@goal=+0.70 w_v@goal=3.46 return=906.8 length=83 success_rate=1.00 collisions/ep=2.04 (n=25)
update=405 global_step=829440 SPS=802 w_ev=0.333 m_ev=0.958 m_v_bias=0.1 m_adv_std=40.3845 m_kl_max=0.0499 m_ratio_max=5.730 w_ax@goal=+0.77 w_v@goal=3.19 return=905.0 length=82 success_rate=1.00 collisions/ep=2.08 (n=24)
Evaluation at update 405: return=949.30, length=78.65, success_rate=1.00, collisions/ep=1.25
Solved-check at update 405: solved=False worst_gap=101.30 at p_x0=0.00 p_y0=-1.00 (consecutive=0)
update=406 global_step=831488 SPS=800 w_ev=0.289 m_ev=0.967 m_v_bias=-7.1 m_adv_std=34.6701 m_kl_max=0.0096 m_ratio_max=1.082 w_ax@goal=+0.68 w_v@goal=3.45 return=933.2 length=84 success_rate=1.00 collisions/ep=1.54 (n=24)
update=407 global_step=833536 SPS=800 w_ev=0.406 m_ev=0.973 m_v_bias=-4.8 m_adv_std=30.6414 m_kl_max=0.0081 m_ratio_max=0.765 w_ax@goal=+0.70 w_v@goal=3.21 return=940.3 length=82 success_rate=1.00 collisions/ep=1.42 (n=26)
update=408 global_step=835584 SPS=801 w_ev=0.348 m_ev=0.970 m_v_bias=-0.7 m_adv_std=32.6435 m_kl_max=0.0089 m_ratio_max=0.836 w_ax@goal=+0.74 w_v@goal=3.25 return=940.5 length=84 success_rate=1.00 collisions/ep=1.38 (n=24)
update=409 global_step=837632 SPS=802 w_ev=0.382 m_ev=0.972 m_v_bias=-0.3 m_adv_std=31.4760 m_kl_max=0.0090 m_ratio_max=0.587 w_ax@goal=+0.72 w_v@goal=3.18 return=954.4 length=81 success_rate=1.00 collisions/ep=1.08 (n=25)
update=410 global_step=839680 SPS=803 w_ev=0.301 m_ev=0.968 m_v_bias=-1.9 m_adv_std=32.3649 m_kl_max=0.0115 m_ratio_max=0.891 w_ax@goal=+0.66 w_v@goal=3.19 return=938.2 length=82 success_rate=1.00 collisions/ep=1.42 (n=24)
Evaluation at update 410: return=961.72, length=78.75, success_rate=1.00, collisions/ep=1.00
Solved-check at update 410: solved=False worst_gap=101.01 at p_x0=1.50 p_y0=-0.50 (consecutive=0)
update=411 global_step=841728 SPS=800 w_ev=0.366 m_ev=0.974 m_v_bias=3.4 m_adv_std=30.4447 m_kl_max=0.0049 m_ratio_max=0.470 w_ax@goal=+0.94 w_v@goal=3.30 return=942.8 length=80 success_rate=1.00 collisions/ep=1.33 (n=27)
update=412 global_step=843776 SPS=801 w_ev=0.368 m_ev=0.963 m_v_bias=-2.4 m_adv_std=35.5202 m_kl_max=0.0154 m_ratio_max=2.055 w_ax@goal=+0.71 w_v@goal=3.18 return=936.1 length=82 success_rate=1.00 collisions/ep=1.48 (n=25)
update=413 global_step=845824 SPS=802 w_ev=0.304 m_ev=0.985 m_v_bias=-3.1 m_adv_std=22.0134 m_kl_max=0.0041 m_ratio_max=0.530 w_ax@goal=+0.76 w_v@goal=3.30 return=959.4 length=83 success_rate=1.00 collisions/ep=1.00 (n=24)
update=414 global_step=847872 SPS=802 w_ev=0.269 m_ev=0.968 m_v_bias=2.4 m_adv_std=33.4809 m_kl_max=0.0073 m_ratio_max=0.492 w_ax@goal=+0.73 w_v@goal=3.40 return=953.5 length=81 success_rate=1.00 collisions/ep=1.14 (n=28)
update=415 global_step=849920 SPS=803 w_ev=0.318 m_ev=0.973 m_v_bias=-7.5 m_adv_std=28.8925 m_kl_max=0.0068 m_ratio_max=0.685 w_ax@goal=+0.66 w_v@goal=3.28 return=980.5 length=80 success_rate=1.00 collisions/ep=0.58 (n=24)
Evaluation at update 415: return=1006.79, length=78.55, success_rate=1.00, collisions/ep=0.10
Solved-check at update 415: solved=False worst_gap=51.12 at p_x0=0.50 p_y0=-1.00 (consecutive=0)
update=416 global_step=851968 SPS=800 w_ev=0.317 m_ev=0.978 m_v_bias=1.4 m_adv_std=26.4217 m_kl_max=0.0101 m_ratio_max=0.679 w_ax@goal=+0.80 w_v@goal=3.27 return=952.3 length=81 success_rate=1.00 collisions/ep=1.16 (n=25)
update=417 global_step=854016 SPS=801 w_ev=0.299 m_ev=0.976 m_v_bias=3.8 m_adv_std=27.6845 m_kl_max=0.0175 m_ratio_max=1.171 w_ax@goal=+0.76 w_v@goal=3.29 return=959.8 length=81 success_rate=1.00 collisions/ep=1.00 (n=24)
update=418 global_step=856064 SPS=802 w_ev=0.311 m_ev=0.978 m_v_bias=-4.0 m_adv_std=26.5457 m_kl_max=0.0129 m_ratio_max=1.468 w_ax@goal=+0.85 w_v@goal=3.36 return=965.9 length=81 success_rate=1.00 collisions/ep=0.88 (n=25)
update=419 global_step=858112 SPS=803 w_ev=0.375 m_ev=0.983 m_v_bias=-5.6 m_adv_std=22.4538 m_kl_max=0.0097 m_ratio_max=0.774 w_ax@goal=+0.93 w_v@goal=3.23 return=993.7 length=81 success_rate=1.00 collisions/ep=0.33 (n=27)
update=420 global_step=860160 SPS=803 w_ev=0.393 m_ev=0.987 m_v_bias=-1.6 m_adv_std=19.7004 m_kl_max=0.0153 m_ratio_max=1.129 w_ax@goal=+0.74 w_v@goal=3.20 return=980.8 length=81 success_rate=1.00 collisions/ep=0.58 (n=26)
Evaluation at update 420: return=1006.74, length=78.80, success_rate=1.00, collisions/ep=0.10
Solved-check at update 420: solved=False worst_gap=51.05 at p_x0=1.00 p_y0=-1.00 (consecutive=0)
update=421 global_step=862208 SPS=800 w_ev=0.271 m_ev=0.984 m_v_bias=-1.3 m_adv_std=21.1377 m_kl_max=0.0168 m_ratio_max=0.857 w_ax@goal=+0.89 w_v@goal=3.32 return=989.3 length=82 success_rate=1.00 collisions/ep=0.44 (n=25)
update=422 global_step=864256 SPS=801 w_ev=0.340 m_ev=0.987 m_v_bias=3.0 m_adv_std=19.1875 m_kl_max=0.0067 m_ratio_max=0.503 w_ax@goal=+0.78 w_v@goal=3.35 return=985.4 length=79 success_rate=1.00 collisions/ep=0.50 (n=24)
update=423 global_step=866304 SPS=802 w_ev=0.257 m_ev=0.983 m_v_bias=1.1 m_adv_std=22.6768 m_kl_max=0.0231 m_ratio_max=0.942 w_ax@goal=+0.80 w_v@goal=3.52 return=981.4 length=81 success_rate=1.00 collisions/ep=0.58 (n=26)
update=424 global_step=868352 SPS=803 w_ev=0.399 m_ev=0.984 m_v_bias=-2.1 m_adv_std=21.3218 m_kl_max=0.0056 m_ratio_max=0.581 w_ax@goal=+0.78 w_v@goal=3.32 return=984.5 length=81 success_rate=1.00 collisions/ep=0.52 (n=25)
update=425 global_step=870400 SPS=804 w_ev=0.342 m_ev=0.985 m_v_bias=1.3 m_adv_std=21.0809 m_kl_max=0.0086 m_ratio_max=0.482 w_ax@goal=+0.80 w_v@goal=3.17 return=981.0 length=82 success_rate=1.00 collisions/ep=0.60 (n=25)
Evaluation at update 425: return=1006.73, length=78.75, success_rate=1.00, collisions/ep=0.10
Solved-check at update 425: solved=False worst_gap=51.21 at p_x0=0.50 p_y0=-1.00 (consecutive=0)
update=426 global_step=872448 SPS=801 w_ev=0.275 m_ev=0.957 m_v_bias=4.6 m_adv_std=36.9152 m_kl_max=0.0062 m_ratio_max=0.637 w_ax@goal=+0.72 w_v@goal=3.46 return=972.4 length=81 success_rate=1.00 collisions/ep=0.76 (n=25)
update=427 global_step=874496 SPS=801 w_ev=0.311 m_ev=0.988 m_v_bias=-1.5 m_adv_std=18.8546 m_kl_max=0.0097 m_ratio_max=0.557 w_ax@goal=+0.65 w_v@goal=3.38 return=978.5 length=82 success_rate=1.00 collisions/ep=0.64 (n=25)
update=428 global_step=876544 SPS=802 w_ev=0.320 m_ev=0.971 m_v_bias=2.2 m_adv_std=30.2313 m_kl_max=0.0058 m_ratio_max=0.995 w_ax@goal=+0.74 w_v@goal=3.22 return=964.8 length=83 success_rate=1.00 collisions/ep=0.92 (n=24)
update=429 global_step=878592 SPS=803 w_ev=0.408 m_ev=0.970 m_v_bias=-2.2 m_adv_std=30.5803 m_kl_max=0.0221 m_ratio_max=1.057 w_ax@goal=+0.87 w_v@goal=3.35 return=969.1 length=81 success_rate=1.00 collisions/ep=0.83 (n=24)
update=430 global_step=880640 SPS=804 w_ev=0.398 m_ev=0.993 m_v_bias=-2.0 m_adv_std=14.3250 m_kl_max=0.0060 m_ratio_max=0.473 w_ax@goal=+0.77 w_v@goal=3.39 return=993.7 length=82 success_rate=1.00 collisions/ep=0.33 (n=27)
Evaluation at update 430: return=1006.68, length=78.80, success_rate=1.00, collisions/ep=0.10
Solved-check at update 430: solved=False worst_gap=51.32 at p_x0=0.50 p_y0=-1.00 (consecutive=0)
update=431 global_step=882688 SPS=801 w_ev=0.362 m_ev=0.991 m_v_bias=-2.5 m_adv_std=16.1784 m_kl_max=0.0151 m_ratio_max=0.651 w_ax@goal=+0.70 w_v@goal=3.34 return=1002.8 length=81 success_rate=1.00 collisions/ep=0.15 (n=27)
update=432 global_step=884736 SPS=802 w_ev=0.292 m_ev=0.989 m_v_bias=2.1 m_adv_std=17.6374 m_kl_max=0.0134 m_ratio_max=1.128 w_ax@goal=+0.79 w_v@goal=3.29 return=993.9 length=81 success_rate=1.00 collisions/ep=0.33 (n=24)
update=433 global_step=886784 SPS=803 w_ev=0.371 m_ev=0.978 m_v_bias=-0.5 m_adv_std=25.8750 m_kl_max=0.0169 m_ratio_max=0.701 w_ax@goal=+0.72 w_v@goal=3.34 return=981.3 length=81 success_rate=1.00 collisions/ep=0.58 (n=24)
update=434 global_step=888832 SPS=803 w_ev=0.337 m_ev=0.988 m_v_bias=-2.1 m_adv_std=18.3352 m_kl_max=0.0164 m_ratio_max=1.546 w_ax@goal=+0.78 w_v@goal=3.16 return=996.8 length=82 success_rate=1.00 collisions/ep=0.28 (n=25)
update=435 global_step=890880 SPS=804 w_ev=0.358 m_ev=0.935 m_v_bias=9.0 m_adv_std=45.7602 m_kl_max=0.0252 m_ratio_max=1.510 w_ax@goal=+0.80 w_v@goal=3.29 return=958.6 length=80 success_rate=1.00 collisions/ep=1.04 (n=26)
Evaluation at update 435: return=1006.71, length=78.75, success_rate=1.00, collisions/ep=0.10
Solved-check at update 435: solved=False worst_gap=51.50 at p_x0=0.00 p_y0=-1.00 (consecutive=0)
update=436 global_step=892928 SPS=801 w_ev=0.389 m_ev=0.984 m_v_bias=-4.2 m_adv_std=22.2608 m_kl_max=0.0116 m_ratio_max=0.650 w_ax@goal=+0.89 w_v@goal=3.26 return=990.8 length=80 success_rate=1.00 collisions/ep=0.40 (n=25)
update=437 global_step=894976 SPS=802 w_ev=0.420 m_ev=0.989 m_v_bias=-0.6 m_adv_std=18.4425 m_kl_max=0.0048 m_ratio_max=0.392 w_ax@goal=+0.74 w_v@goal=3.51 return=968.0 length=81 success_rate=1.00 collisions/ep=0.86 (n=28)
update=438 global_step=897024 SPS=803 w_ev=0.398 m_ev=0.974 m_v_bias=0.5 m_adv_std=28.4604 m_kl_max=0.0236 m_ratio_max=1.073 w_ax@goal=+0.68 w_v@goal=3.46 return=980.1 length=80 success_rate=1.00 collisions/ep=0.62 (n=24)
update=439 global_step=899072 SPS=804 w_ev=0.407 m_ev=0.990 m_v_bias=-3.2 m_adv_std=17.0514 m_kl_max=0.0083 m_ratio_max=0.698 w_ax@goal=+0.67 w_v@goal=3.33 return=969.2 length=81 success_rate=1.00 collisions/ep=0.84 (n=25)
update=440 global_step=901120 SPS=804 w_ev=0.419 m_ev=0.993 m_v_bias=-0.9 m_adv_std=14.5431 m_kl_max=0.0125 m_ratio_max=0.632 w_ax@goal=+0.69 w_v@goal=3.39 return=992.9 length=81 success_rate=1.00 collisions/ep=0.36 (n=25)
Evaluation at update 440: return=1004.70, length=78.20, success_rate=1.00, collisions/ep=0.15
Solved-check at update 440: solved=False worst_gap=50.88 at p_x0=0.50 p_y0=-1.00 (consecutive=0)
update=441 global_step=903168 SPS=802 w_ev=0.387 m_ev=0.993 m_v_bias=0.3 m_adv_std=14.0772 m_kl_max=0.0300 m_ratio_max=3.730 w_ax@goal=+0.84 w_v@goal=3.40 return=994.0 length=80 success_rate=1.00 collisions/ep=0.35 (n=26)
update=442 global_step=905216 SPS=802 w_ev=0.401 m_ev=0.970 m_v_bias=6.6 m_adv_std=31.3211 m_kl_max=0.0089 m_ratio_max=0.786 w_ax@goal=+0.80 w_v@goal=3.45 return=961.2 length=82 success_rate=1.00 collisions/ep=1.04 (n=26)
update=443 global_step=907264 SPS=803 w_ev=0.463 m_ev=0.976 m_v_bias=-3.1 m_adv_std=27.3497 m_kl_max=0.0191 m_ratio_max=1.627 w_ax@goal=+0.74 w_v@goal=3.36 return=980.7 length=81 success_rate=1.00 collisions/ep=0.60 (n=25)
update=444 global_step=909312 SPS=804 w_ev=0.458 m_ev=0.975 m_v_bias=3.0 m_adv_std=27.6148 m_kl_max=0.0073 m_ratio_max=0.544 w_ax@goal=+0.59 w_v@goal=3.29 return=968.8 length=81 success_rate=1.00 collisions/ep=0.83 (n=24)
update=445 global_step=911360 SPS=805 w_ev=0.448 m_ev=0.983 m_v_bias=-4.1 m_adv_std=23.0857 m_kl_max=0.0071 m_ratio_max=0.596 w_ax@goal=+0.58 w_v@goal=3.31 return=960.6 length=80 success_rate=1.00 collisions/ep=1.00 (n=26)
Evaluation at update 445: return=1004.65, length=78.25, success_rate=1.00, collisions/ep=0.15
Solved-check at update 445: solved=False worst_gap=50.93 at p_x0=0.50 p_y0=-1.00 (consecutive=0)
update=446 global_step=913408 SPS=802 w_ev=0.468 m_ev=0.991 m_v_bias=-3.3 m_adv_std=15.5806 m_kl_max=0.0161 m_ratio_max=0.638 w_ax@goal=+0.67 w_v@goal=3.19 return=998.9 length=80 success_rate=1.00 collisions/ep=0.23 (n=26)
update=447 global_step=915456 SPS=803 w_ev=0.492 m_ev=0.985 m_v_bias=3.5 m_adv_std=21.4458 m_kl_max=0.0117 m_ratio_max=1.128 w_ax@goal=+0.59 w_v@goal=3.12 return=973.8 length=81 success_rate=1.00 collisions/ep=0.72 (n=25)
update=448 global_step=917504 SPS=804 w_ev=0.425 m_ev=0.984 m_v_bias=-0.1 m_adv_std=21.6752 m_kl_max=0.0090 m_ratio_max=0.577 w_ax@goal=+0.59 w_v@goal=3.18 return=979.8 length=82 success_rate=1.00 collisions/ep=0.60 (n=25)
update=449 global_step=919552 SPS=804 w_ev=0.439 m_ev=0.990 m_v_bias=-2.1 m_adv_std=17.0145 m_kl_max=0.0049 m_ratio_max=0.657 w_ax@goal=+0.64 w_v@goal=3.12 return=999.1 length=82 success_rate=1.00 collisions/ep=0.24 (n=25)
update=450 global_step=921600 SPS=805 w_ev=0.439 m_ev=0.969 m_v_bias=1.2 m_adv_std=30.0202 m_kl_max=0.0052 m_ratio_max=0.591 w_ax@goal=+0.69 w_v@goal=3.28 return=967.5 length=81 success_rate=1.00 collisions/ep=0.88 (n=24)
Evaluation at update 450: return=1004.77, length=78.10, success_rate=1.00, collisions/ep=0.15
Solved-check at update 450: solved=False worst_gap=50.96 at p_x0=0.00 p_y0=-1.00 (consecutive=0)
update=451 global_step=923648 SPS=803 w_ev=0.452 m_ev=0.987 m_v_bias=0.8 m_adv_std=19.6448 m_kl_max=0.0186 m_ratio_max=1.125 w_ax@goal=+0.77 w_v@goal=3.09 return=981.6 length=80 success_rate=1.00 collisions/ep=0.57 (n=28)
update=452 global_step=925696 SPS=804 w_ev=0.461 m_ev=0.993 m_v_bias=-8.1 m_adv_std=13.8928 m_kl_max=0.0103 m_ratio_max=0.856 w_ax@goal=+0.81 w_v@goal=3.03 return=1001.3 length=81 success_rate=1.00 collisions/ep=0.20 (n=25)
update=453 global_step=927744 SPS=804 w_ev=0.412 m_ev=0.995 m_v_bias=0.2 m_adv_std=11.2532 m_kl_max=0.0100 m_ratio_max=0.543 w_ax@goal=+0.60 w_v@goal=3.26 return=998.9 length=81 success_rate=1.00 collisions/ep=0.24 (n=25)
update=454 global_step=929792 SPS=805 w_ev=0.428 m_ev=0.994 m_v_bias=2.5 m_adv_std=13.1042 m_kl_max=0.0147 m_ratio_max=0.975 w_ax@goal=+0.63 w_v@goal=2.98 return=1003.9 length=80 success_rate=1.00 collisions/ep=0.12 (n=25)
update=455 global_step=931840 SPS=806 w_ev=0.419 m_ev=0.974 m_v_bias=2.2 m_adv_std=27.2842 m_kl_max=0.0055 m_ratio_max=0.594 w_ax@goal=+0.73 w_v@goal=3.17 return=984.1 length=82 success_rate=1.00 collisions/ep=0.52 (n=25)
Evaluation at update 455: return=1007.32, length=78.05, success_rate=1.00, collisions/ep=0.10
Solved-check at update 455: solved=False worst_gap=50.89 at p_x0=0.00 p_y0=-1.00 (consecutive=0)
update=456 global_step=933888 SPS=803 w_ev=0.335 m_ev=0.979 m_v_bias=3.7 m_adv_std=25.0123 m_kl_max=0.0260 m_ratio_max=1.878 w_ax@goal=+0.74 w_v@goal=3.17 return=981.2 length=83 success_rate=1.00 collisions/ep=0.60 (n=25)
update=457 global_step=935936 SPS=804 w_ev=0.317 m_ev=0.988 m_v_bias=-1.3 m_adv_std=18.6439 m_kl_max=0.0068 m_ratio_max=0.695 w_ax@goal=+0.67 w_v@goal=3.36 return=981.3 length=82 success_rate=1.00 collisions/ep=0.58 (n=24)
update=458 global_step=937984 SPS=805 w_ev=0.400 m_ev=0.992 m_v_bias=-5.8 m_adv_std=14.7769 m_kl_max=0.0071 m_ratio_max=0.811 w_ax@goal=+0.70 w_v@goal=3.26 return=987.7 length=80 success_rate=1.00 collisions/ep=0.46 (n=26)
update=459 global_step=940032 SPS=805 w_ev=0.398 m_ev=0.983 m_v_bias=0.4 m_adv_std=22.7222 m_kl_max=0.0056 m_ratio_max=0.637 w_ax@goal=+0.74 w_v@goal=3.26 return=1005.9 length=80 success_rate=1.00 collisions/ep=0.11 (n=27)
update=460 global_step=942080 SPS=806 w_ev=0.410 m_ev=0.987 m_v_bias=-7.0 m_adv_std=18.7392 m_kl_max=0.0200 m_ratio_max=1.933 w_ax@goal=+0.71 w_v@goal=3.27 return=991.0 length=79 success_rate=1.00 collisions/ep=0.44 (n=25)
Evaluation at update 460: return=1007.29, length=78.10, success_rate=1.00, collisions/ep=0.10
Solved-check at update 460: solved=False worst_gap=50.95 at p_x0=0.00 p_y0=-1.00 (consecutive=0)
update=461 global_step=944128 SPS=803 w_ev=0.362 m_ev=0.998 m_v_bias=-1.9 m_adv_std=7.7014 m_kl_max=0.0038 m_ratio_max=0.410 w_ax@goal=+0.79 w_v@goal=3.31 return=1005.8 length=81 success_rate=1.00 collisions/ep=0.12 (n=25)
update=462 global_step=946176 SPS=804 w_ev=0.390 m_ev=0.995 m_v_bias=2.1 m_adv_std=11.7077 m_kl_max=0.0087 m_ratio_max=1.317 w_ax@goal=+0.85 w_v@goal=3.25 return=1003.6 length=80 success_rate=1.00 collisions/ep=0.16 (n=25)
update=463 global_step=948224 SPS=804 w_ev=0.377 m_ev=0.997 m_v_bias=0.7 m_adv_std=9.3174 m_kl_max=0.0145 m_ratio_max=1.056 w_ax@goal=+0.85 w_v@goal=3.31 return=1005.6 length=81 success_rate=1.00 collisions/ep=0.12 (n=26)
update=464 global_step=950272 SPS=805 w_ev=0.373 m_ev=0.981 m_v_bias=3.0 m_adv_std=23.4850 m_kl_max=0.0157 m_ratio_max=0.857 w_ax@goal=+0.77 w_v@goal=3.42 return=991.3 length=80 success_rate=1.00 collisions/ep=0.41 (n=27)
update=465 global_step=952320 SPS=806 w_ev=0.415 m_ev=0.996 m_v_bias=-0.1 m_adv_std=11.2649 m_kl_max=0.0122 m_ratio_max=0.612 w_ax@goal=+0.80 w_v@goal=3.37 return=987.6 length=81 success_rate=1.00 collisions/ep=0.48 (n=25)
Evaluation at update 465: return=1007.28, length=78.10, success_rate=1.00, collisions/ep=0.10
Solved-check at update 465: solved=False worst_gap=50.96 at p_x0=0.00 p_y0=-1.00 (consecutive=0)
update=466 global_step=954368 SPS=803 w_ev=0.400 m_ev=0.991 m_v_bias=1.8 m_adv_std=16.3244 m_kl_max=0.0214 m_ratio_max=0.875 w_ax@goal=+0.74 w_v@goal=3.50 return=986.3 length=81 success_rate=1.00 collisions/ep=0.50 (n=24)
update=467 global_step=956416 SPS=804 w_ev=0.409 m_ev=0.996 m_v_bias=-0.6 m_adv_std=10.5728 m_kl_max=0.0068 m_ratio_max=0.538 w_ax@goal=+0.81 w_v@goal=3.38 return=1001.7 length=80 success_rate=1.00 collisions/ep=0.19 (n=27)
update=468 global_step=958464 SPS=805 w_ev=0.367 m_ev=0.987 m_v_bias=4.5 m_adv_std=19.0671 m_kl_max=0.0097 m_ratio_max=0.450 w_ax@goal=+0.70 w_v@goal=3.44 return=998.9 length=80 success_rate=1.00 collisions/ep=0.29 (n=24)
update=469 global_step=960512 SPS=805 w_ev=0.432 m_ev=0.993 m_v_bias=-1.4 m_adv_std=13.5151 m_kl_max=0.0088 m_ratio_max=0.605 w_ax@goal=+0.68 w_v@goal=3.43 return=990.4 length=80 success_rate=1.00 collisions/ep=0.42 (n=24)
update=470 global_step=962560 SPS=806 w_ev=0.473 m_ev=0.995 m_v_bias=0.0 m_adv_std=12.1927 m_kl_max=0.0222 m_ratio_max=0.752 w_ax@goal=+0.76 w_v@goal=3.21 return=1003.2 length=81 success_rate=1.00 collisions/ep=0.16 (n=25)
Evaluation at update 470: return=1012.34, length=78.05, success_rate=1.00, collisions/ep=0.00
Solved-check at update 470: solved=False worst_gap=50.47 at p_x0=1.00 p_y0=-1.00 (consecutive=0)
update=471 global_step=964608 SPS=803 w_ev=0.482 m_ev=0.988 m_v_bias=1.4 m_adv_std=18.4363 m_kl_max=0.0049 m_ratio_max=0.626 w_ax@goal=+0.79 w_v@goal=3.41 return=989.4 length=80 success_rate=1.00 collisions/ep=0.43 (n=28)
update=472 global_step=966656 SPS=804 w_ev=0.435 m_ev=0.994 m_v_bias=-6.4 m_adv_std=12.4370 m_kl_max=0.0114 m_ratio_max=1.409 w_ax@goal=+0.77 w_v@goal=3.16 return=1007.2 length=81 success_rate=1.00 collisions/ep=0.08 (n=26)
update=473 global_step=968704 SPS=805 w_ev=0.365 m_ev=0.989 m_v_bias=3.4 m_adv_std=17.1657 m_kl_max=0.0268 m_ratio_max=2.119 w_ax@goal=+0.69 w_v@goal=3.32 return=997.0 length=81 success_rate=1.00 collisions/ep=0.28 (n=25)
update=474 global_step=970752 SPS=805 w_ev=0.412 m_ev=0.982 m_v_bias=9.4 m_adv_std=22.4902 m_kl_max=0.0100 m_ratio_max=0.708 w_ax@goal=+0.50 w_v@goal=3.48 return=975.6 length=80 success_rate=1.00 collisions/ep=0.68 (n=25)
update=475 global_step=972800 SPS=806 w_ev=0.268 m_ev=0.992 m_v_bias=-2.2 m_adv_std=15.0521 m_kl_max=0.0124 m_ratio_max=0.691 w_ax@goal=+0.74 w_v@goal=3.19 return=989.1 length=81 success_rate=1.00 collisions/ep=0.42 (n=24)
Evaluation at update 475: return=1007.23, length=78.15, success_rate=1.00, collisions/ep=0.10
Solved-check at update 475: solved=False worst_gap=50.62 at p_x0=1.00 p_y0=-1.00 (consecutive=0)
update=476 global_step=974848 SPS=803 w_ev=0.315 m_ev=0.997 m_v_bias=-7.0 m_adv_std=9.4301 m_kl_max=0.0106 m_ratio_max=0.646 w_ax@goal=+0.72 w_v@goal=3.40 return=1001.4 length=79 success_rate=1.00 collisions/ep=0.19 (n=26)
update=477 global_step=976896 SPS=804 w_ev=0.362 m_ev=0.992 m_v_bias=4.8 m_adv_std=14.6588 m_kl_max=0.0202 m_ratio_max=1.318 w_ax@goal=+0.66 w_v@goal=3.49 return=992.1 length=81 success_rate=1.00 collisions/ep=0.37 (n=27)
update=478 global_step=978944 SPS=805 w_ev=0.378 m_ev=0.997 m_v_bias=-3.7 m_adv_std=8.2997 m_kl_max=0.0212 m_ratio_max=1.141 w_ax@goal=+0.61 w_v@goal=3.32 return=1004.7 length=82 success_rate=1.00 collisions/ep=0.17 (n=24)
update=479 global_step=980992 SPS=805 w_ev=0.380 m_ev=0.995 m_v_bias=4.3 m_adv_std=12.0823 m_kl_max=0.0233 m_ratio_max=0.995 w_ax@goal=+0.51 w_v@goal=3.42 return=996.4 length=82 success_rate=1.00 collisions/ep=0.27 (n=26)
update=480 global_step=983040 SPS=806 w_ev=0.408 m_ev=0.994 m_v_bias=-1.0 m_adv_std=12.6675 m_kl_max=0.0250 m_ratio_max=1.340 w_ax@goal=+0.59 w_v@goal=3.17 return=1008.7 length=83 success_rate=1.00 collisions/ep=0.04 (n=24)
Evaluation at update 480: return=1012.23, length=78.05, success_rate=1.00, collisions/ep=0.00
Solved-check at update 480: solved=False worst_gap=50.52 at p_x0=1.00 p_y0=-1.00 (consecutive=0)
update=481 global_step=985088 SPS=804 w_ev=0.352 m_ev=0.996 m_v_bias=2.1 m_adv_std=11.0124 m_kl_max=0.0134 m_ratio_max=1.270 w_ax@goal=+0.43 w_v@goal=3.47 return=1002.1 length=86 success_rate=1.00 collisions/ep=0.13 (n=23)
update=482 global_step=987136 SPS=805 w_ev=0.381 m_ev=0.997 m_v_bias=-4.0 m_adv_std=9.1500 m_kl_max=0.0124 m_ratio_max=0.692 w_ax@goal=+0.43 w_v@goal=3.26 return=1007.7 length=83 success_rate=1.00 collisions/ep=0.04 (n=26)
update=483 global_step=989184 SPS=805 w_ev=0.394 m_ev=0.980 m_v_bias=5.2 m_adv_std=23.7241 m_kl_max=0.0169 m_ratio_max=0.919 w_ax@goal=+0.60 w_v@goal=3.34 return=991.4 length=81 success_rate=1.00 collisions/ep=0.38 (n=24)
update=484 global_step=991232 SPS=806 w_ev=0.357 m_ev=0.988 m_v_bias=-1.3 m_adv_std=18.1508 m_kl_max=0.0111 m_ratio_max=0.631 w_ax@goal=+0.54 w_v@goal=3.38 return=993.3 length=81 success_rate=1.00 collisions/ep=0.31 (n=26)
update=485 global_step=993280 SPS=806 w_ev=0.435 m_ev=0.991 m_v_bias=-2.4 m_adv_std=16.1081 m_kl_max=0.0230 m_ratio_max=0.971 w_ax@goal=+0.45 w_v@goal=3.34 return=997.3 length=82 success_rate=1.00 collisions/ep=0.25 (n=24)
Evaluation at update 485: return=1007.22, length=78.10, success_rate=1.00, collisions/ep=0.10
Solved-check at update 485: solved=False worst_gap=50.57 at p_x0=1.00 p_y0=-1.00 (consecutive=0)
update=486 global_step=995328 SPS=805 w_ev=0.374 m_ev=0.996 m_v_bias=-0.2 m_adv_std=9.9905 m_kl_max=0.0092 m_ratio_max=0.599 w_ax@goal=+0.57 w_v@goal=3.41 return=1001.0 length=81 success_rate=1.00 collisions/ep=0.19 (n=26)
update=487 global_step=997376 SPS=806 w_ev=0.401 m_ev=0.992 m_v_bias=1.5 m_adv_std=15.4806 m_kl_max=0.0120 m_ratio_max=1.038 w_ax@goal=+0.51 w_v@goal=3.33 return=988.2 length=80 success_rate=1.00 collisions/ep=0.42 (n=26)
update=488 global_step=999424 SPS=807 w_ev=0.415 m_ev=0.984 m_v_bias=5.6 m_adv_std=21.9738 m_kl_max=0.0152 m_ratio_max=1.275 w_ax@goal=+0.44 w_v@goal=3.51 return=985.6 length=84 success_rate=1.00 collisions/ep=0.46 (n=24)
Saved checkpoints to C:\Users\loren\Desktop\MASTER THESIS\5_CODE\scenarios\slalom\studies\blind_worker_c5\coef_0\runs\hppo_slalom_1_1790593559
