Using device: cpu
Solved-check: precomputed optimal returns for 25 fixed initial conditions (mean=1013.0, min=1011.0, max=1015.0); solved-tolerance=5.0
num_envs=8 num_steps_per_env=256 worker_batch_size=2048 worker_minibatch_size=256 num_updates=488 timesteps=999424 (requested 1000000; 576 dropped by integer division)
update=1 global_step=2048 SPS=1168 w_ev=-0.085 m_ev=0.001 m_v_bias=101.2 m_adv_std=227.1011 m_kl_max=0.0009 m_ratio_max=0.213 w_ax@goal=+0.02 w_v@goal=0.15 return=-543.6 length=186 success_rate=0.25 collisions/ep=13.12 (n=8)
update=2 global_step=4096 SPS=1100 w_ev=-0.074 m_ev=0.359 m_v_bias=27.1 m_adv_std=194.2269 m_kl_max=0.0005 m_ratio_max=0.118 w_ax@goal=+0.08 w_v@goal=-0.03 return=-273.2 length=183 success_rate=0.30 collisions/ep=8.40 (n=10)
update=3 global_step=6144 SPS=1063 w_ev=0.001 m_ev=0.196 m_v_bias=14.3 m_adv_std=162.4600 m_kl_max=0.0020 m_ratio_max=0.278 w_ax@goal=+0.03 w_v@goal=-0.07 return=-620.3 length=196 success_rate=0.11 collisions/ep=10.78 (n=9)
update=4 global_step=8192 SPS=1083 w_ev=0.077 m_ev=0.458 m_v_bias=-39.6 m_adv_std=237.9263 m_kl_max=0.0035 m_ratio_max=0.336 w_ax@goal=+0.06 w_v@goal=0.01 return=-166.4 length=178 success_rate=0.36 collisions/ep=7.93 (n=14)
update=5 global_step=10240 SPS=1096 w_ev=0.096 m_ev=0.545 m_v_bias=-29.1 m_adv_std=161.6998 m_kl_max=0.0125 m_ratio_max=0.762 w_ax@goal=+0.18 w_v@goal=0.16 return=-427.8 length=187 success_rate=0.18 collisions/ep=9.09 (n=11)
Evaluation at update 5: return=451.52, length=108.60, success_rate=1.00, collisions/ep=10.60
Solved-check at update 5: solved=False worst_gap=686.97 at p_x0=2.00 p_y0=1.00 (consecutive=0)
update=6 global_step=12288 SPS=685 w_ev=0.083 m_ev=0.607 m_v_bias=-94.6 m_adv_std=206.8118 m_kl_max=0.0109 m_ratio_max=0.503 w_ax@goal=+0.16 w_v@goal=0.13 return=237.3 length=158 success_rate=0.75 collisions/ep=8.58 (n=12)
update=7 global_step=14336 SPS=728 w_ev=0.128 m_ev=0.705 m_v_bias=-25.9 m_adv_std=190.3673 m_kl_max=0.0235 m_ratio_max=0.636 w_ax@goal=+0.18 w_v@goal=0.26 return=310.6 length=148 success_rate=0.69 collisions/ep=6.38 (n=13)
update=8 global_step=16384 SPS=771 w_ev=0.098 m_ev=0.835 m_v_bias=-108.7 m_adv_std=135.6959 m_kl_max=0.0102 m_ratio_max=0.375 w_ax@goal=+0.26 w_v@goal=0.52 return=349.5 length=131 success_rate=0.83 collisions/ep=8.67 (n=18)
update=9 global_step=18432 SPS=801 w_ev=0.104 m_ev=0.866 m_v_bias=-48.7 m_adv_std=119.8618 m_kl_max=0.0270 m_ratio_max=0.580 w_ax@goal=+0.34 w_v@goal=0.72 return=481.6 length=130 success_rate=0.88 collisions/ep=7.18 (n=17)
update=10 global_step=20480 SPS=828 w_ev=0.156 m_ev=0.878 m_v_bias=-42.5 m_adv_std=95.8765 m_kl_max=0.0199 m_ratio_max=0.693 w_ax@goal=+0.34 w_v@goal=0.97 return=684.7 length=108 success_rate=1.00 collisions/ep=6.00 (n=19)
Evaluation at update 10: return=570.48, length=82.25, success_rate=1.00, collisions/ep=8.75
Solved-check at update 10: solved=False worst_gap=504.99 at p_x0=0.50 p_y0=0.50 (consecutive=0)
update=11 global_step=22528 SPS=717 w_ev=0.106 m_ev=0.903 m_v_bias=-24.5 m_adv_std=85.7883 m_kl_max=0.0178 m_ratio_max=0.536 w_ax@goal=+0.36 w_v@goal=1.11 return=719.7 length=100 success_rate=1.00 collisions/ep=5.52 (n=21)
update=12 global_step=24576 SPS=741 w_ev=0.170 m_ev=0.878 m_v_bias=0.6 m_adv_std=91.6243 m_kl_max=0.0238 m_ratio_max=0.539 w_ax@goal=+0.42 w_v@goal=1.50 return=745.6 length=98 success_rate=1.00 collisions/ep=5.05 (n=21)
update=13 global_step=26624 SPS=761 w_ev=0.110 m_ev=0.877 m_v_bias=-14.0 m_adv_std=85.9092 m_kl_max=0.0158 m_ratio_max=0.490 w_ax@goal=+0.29 w_v@goal=1.76 return=735.9 length=92 success_rate=1.00 collisions/ep=5.24 (n=21)
update=14 global_step=28672 SPS=778 w_ev=0.130 m_ev=0.885 m_v_bias=-10.3 m_adv_std=85.4427 m_kl_max=0.0126 m_ratio_max=0.627 w_ax@goal=+0.38 w_v@goal=2.01 return=805.0 length=94 success_rate=1.00 collisions/ep=3.86 (n=22)
update=15 global_step=30720 SPS=801 w_ev=0.120 m_ev=0.902 m_v_bias=-20.8 m_adv_std=77.9171 m_kl_max=0.0121 m_ratio_max=0.527 w_ax@goal=+0.77 w_v@goal=2.24 return=739.3 length=85 success_rate=1.00 collisions/ep=5.35 (n=26)
Evaluation at update 15: return=895.86, length=79.15, success_rate=1.00, collisions/ep=2.30
Solved-check at update 15: solved=False worst_gap=351.95 at p_x0=1.00 p_y0=-1.00 (consecutive=0)
update=16 global_step=32768 SPS=735 w_ev=0.080 m_ev=0.892 m_v_bias=-10.4 m_adv_std=77.2577 m_kl_max=0.0215 m_ratio_max=0.800 w_ax@goal=+0.80 w_v@goal=2.51 return=821.3 length=85 success_rate=1.00 collisions/ep=3.70 (n=23)
update=17 global_step=34816 SPS=749 w_ev=0.104 m_ev=0.948 m_v_bias=-28.1 m_adv_std=50.0752 m_kl_max=0.0084 m_ratio_max=0.412 w_ax@goal=+0.87 w_v@goal=2.62 return=827.0 length=85 success_rate=1.00 collisions/ep=3.60 (n=25)
update=18 global_step=36864 SPS=761 w_ev=0.105 m_ev=0.894 m_v_bias=18.2 m_adv_std=74.0206 m_kl_max=0.0108 m_ratio_max=0.624 w_ax@goal=+0.66 w_v@goal=2.70 return=858.9 length=82 success_rate=1.00 collisions/ep=2.96 (n=24)
update=19 global_step=38912 SPS=775 w_ev=0.183 m_ev=0.908 m_v_bias=-11.9 m_adv_std=67.9081 m_kl_max=0.0096 m_ratio_max=0.536 w_ax@goal=+1.12 w_v@goal=2.82 return=795.0 length=82 success_rate=1.00 collisions/ep=4.28 (n=25)
update=20 global_step=40960 SPS=794 w_ev=0.304 m_ev=0.933 m_v_bias=-22.9 m_adv_std=51.1967 m_kl_max=0.0193 m_ratio_max=0.883 w_ax@goal=+1.06 w_v@goal=2.80 return=873.1 length=85 success_rate=1.00 collisions/ep=2.71 (n=24)
Evaluation at update 20: return=961.44, length=78.75, success_rate=1.00, collisions/ep=1.00
Solved-check at update 20: solved=False worst_gap=451.01 at p_x0=2.00 p_y0=-1.00 (consecutive=0)
update=21 global_step=43008 SPS=743 w_ev=0.298 m_ev=0.921 m_v_bias=7.0 m_adv_std=58.8585 m_kl_max=0.0163 m_ratio_max=0.790 w_ax@goal=+0.97 w_v@goal=2.88 return=884.1 length=87 success_rate=1.00 collisions/ep=2.46 (n=24)
update=22 global_step=45056 SPS=756 w_ev=0.322 m_ev=0.950 m_v_bias=-13.2 m_adv_std=44.0668 m_kl_max=0.0187 m_ratio_max=0.585 w_ax@goal=+1.10 w_v@goal=2.86 return=901.0 length=81 success_rate=1.00 collisions/ep=2.20 (n=25)
update=23 global_step=47104 SPS=769 w_ev=0.205 m_ev=0.896 m_v_bias=9.6 m_adv_std=66.0999 m_kl_max=0.0063 m_ratio_max=0.503 w_ax@goal=+1.00 w_v@goal=3.05 return=886.7 length=82 success_rate=1.00 collisions/ep=2.44 (n=25)
update=24 global_step=49152 SPS=781 w_ev=0.186 m_ev=0.939 m_v_bias=-5.8 m_adv_std=49.9890 m_kl_max=0.0092 m_ratio_max=0.442 w_ax@goal=+1.05 w_v@goal=3.23 return=878.3 length=82 success_rate=1.00 collisions/ep=2.62 (n=26)
update=25 global_step=51200 SPS=796 w_ev=0.171 m_ev=0.924 m_v_bias=3.1 m_adv_std=56.1715 m_kl_max=0.0148 m_ratio_max=0.610 w_ax@goal=+0.98 w_v@goal=3.24 return=891.5 length=84 success_rate=1.00 collisions/ep=2.33 (n=24)
Evaluation at update 25: return=961.73, length=78.45, success_rate=1.00, collisions/ep=1.00
Solved-check at update 25: solved=False worst_gap=500.84 at p_x0=2.00 p_y0=-1.00 (consecutive=0)
update=26 global_step=53248 SPS=749 w_ev=0.159 m_ev=0.920 m_v_bias=-1.7 m_adv_std=57.1897 m_kl_max=0.0114 m_ratio_max=0.874 w_ax@goal=+0.77 w_v@goal=3.26 return=872.0 length=83 success_rate=1.00 collisions/ep=2.72 (n=25)
update=27 global_step=55296 SPS=759 w_ev=0.189 m_ev=0.948 m_v_bias=-4.1 m_adv_std=45.1503 m_kl_max=0.0103 m_ratio_max=0.505 w_ax@goal=+0.79 w_v@goal=3.27 return=909.0 length=86 success_rate=1.00 collisions/ep=1.96 (n=23)
update=28 global_step=57344 SPS=769 w_ev=0.148 m_ev=0.952 m_v_bias=-7.5 m_adv_std=43.1465 m_kl_max=0.0192 m_ratio_max=1.038 w_ax@goal=+0.86 w_v@goal=3.38 return=893.2 length=84 success_rate=1.00 collisions/ep=2.29 (n=24)
update=29 global_step=59392 SPS=779 w_ev=0.202 m_ev=0.932 m_v_bias=4.7 m_adv_std=54.3522 m_kl_max=0.0092 m_ratio_max=0.407 w_ax@goal=+1.08 w_v@goal=3.47 return=877.3 length=81 success_rate=1.00 collisions/ep=2.63 (n=27)
update=30 global_step=61440 SPS=786 w_ev=0.243 m_ev=0.932 m_v_bias=-8.1 m_adv_std=51.1096 m_kl_max=0.0076 m_ratio_max=0.592 w_ax@goal=+0.94 w_v@goal=3.47 return=918.8 length=83 success_rate=1.00 collisions/ep=1.79 (n=24)
Evaluation at update 30: return=971.76, length=78.20, success_rate=1.00, collisions/ep=0.80
Solved-check at update 30: solved=False worst_gap=51.10 at p_x0=0.50 p_y0=-1.00 (consecutive=0)
update=31 global_step=63488 SPS=748 w_ev=0.239 m_ev=0.924 m_v_bias=-2.6 m_adv_std=55.7651 m_kl_max=0.0220 m_ratio_max=1.076 w_ax@goal=+1.03 w_v@goal=3.38 return=894.5 length=83 success_rate=1.00 collisions/ep=2.29 (n=24)
update=32 global_step=65536 SPS=756 w_ev=0.171 m_ev=0.956 m_v_bias=-13.7 m_adv_std=38.1438 m_kl_max=0.0074 m_ratio_max=0.529 w_ax@goal=+1.08 w_v@goal=3.45 return=928.5 length=82 success_rate=1.00 collisions/ep=1.60 (n=25)
update=33 global_step=67584 SPS=761 w_ev=0.174 m_ev=0.963 m_v_bias=1.0 m_adv_std=36.4640 m_kl_max=0.0065 m_ratio_max=0.546 w_ax@goal=+1.08 w_v@goal=3.35 return=939.6 length=85 success_rate=1.00 collisions/ep=1.38 (n=24)
update=34 global_step=69632 SPS=765 w_ev=0.160 m_ev=0.963 m_v_bias=-10.1 m_adv_std=33.9540 m_kl_max=0.0202 m_ratio_max=0.646 w_ax@goal=+1.04 w_v@goal=3.45 return=954.6 length=83 success_rate=1.00 collisions/ep=1.08 (n=25)
update=35 global_step=71680 SPS=773 w_ev=0.168 m_ev=0.973 m_v_bias=-1.6 m_adv_std=29.8868 m_kl_max=0.0254 m_ratio_max=2.135 w_ax@goal=+1.14 w_v@goal=3.53 return=967.1 length=82 success_rate=1.00 collisions/ep=0.88 (n=24)
Evaluation at update 35: return=1011.65, length=78.55, success_rate=1.00, collisions/ep=0.00
Solved-check at update 35: solved=True worst_gap=1.48 at p_x0=0.00 p_y0=-1.00 (consecutive=0)
update=36 global_step=73728 SPS=745 w_ev=0.188 m_ev=0.975 m_v_bias=1.1 m_adv_std=28.2946 m_kl_max=0.0144 m_ratio_max=0.791 w_ax@goal=+1.02 w_v@goal=3.59 return=962.9 length=83 success_rate=1.00 collisions/ep=1.04 (n=26)
update=37 global_step=75776 SPS=753 w_ev=0.224 m_ev=0.966 m_v_bias=-1.6 m_adv_std=31.8438 m_kl_max=0.0080 m_ratio_max=0.670 w_ax@goal=+0.89 w_v@goal=3.55 return=969.6 length=83 success_rate=1.00 collisions/ep=0.92 (n=24)
update=38 global_step=77824 SPS=760 w_ev=0.239 m_ev=0.943 m_v_bias=12.5 m_adv_std=43.8778 m_kl_max=0.0171 m_ratio_max=0.959 w_ax@goal=+0.97 w_v@goal=3.57 return=945.4 length=84 success_rate=1.00 collisions/ep=1.27 (n=26)
update=39 global_step=79872 SPS=768 w_ev=0.185 m_ev=0.969 m_v_bias=-4.4 m_adv_std=31.1309 m_kl_max=0.0059 m_ratio_max=0.501 w_ax@goal=+1.28 w_v@goal=3.56 return=979.0 length=82 success_rate=1.00 collisions/ep=0.67 (n=24)
update=40 global_step=81920 SPS=776 w_ev=0.149 m_ev=0.956 m_v_bias=1.5 m_adv_std=36.5588 m_kl_max=0.0085 m_ratio_max=0.583 w_ax@goal=+1.12 w_v@goal=3.63 return=976.0 length=82 success_rate=1.00 collisions/ep=0.72 (n=25)
Evaluation at update 40: return=1011.52, length=78.70, success_rate=1.00, collisions/ep=0.00
Solved-check at update 40: solved=True worst_gap=1.68 at p_x0=0.00 p_y0=-1.00 (consecutive=1)
Solved criterion held for 2 consecutive evals (tolerance=5.0) at global_step=81920.
update=41 global_step=83968 SPS=749 w_ev=0.186 m_ev=0.962 m_v_bias=5.8 m_adv_std=33.5013 m_kl_max=0.0226 m_ratio_max=1.036 w_ax@goal=+1.07 w_v@goal=3.60 return=951.5 length=82 success_rate=1.00 collisions/ep=1.17 (n=24)
update=42 global_step=86016 SPS=754 w_ev=0.189 m_ev=0.987 m_v_bias=-8.2 m_adv_std=19.2283 m_kl_max=0.0123 m_ratio_max=0.763 w_ax@goal=+1.15 w_v@goal=3.67 return=984.8 length=80 success_rate=1.00 collisions/ep=0.62 (n=26)
update=43 global_step=88064 SPS=760 w_ev=0.197 m_ev=0.973 m_v_bias=-0.7 m_adv_std=28.9576 m_kl_max=0.0298 m_ratio_max=1.161 w_ax@goal=+1.26 w_v@goal=3.60 return=989.7 length=81 success_rate=1.00 collisions/ep=0.40 (n=25)
update=44 global_step=90112 SPS=767 w_ev=0.226 m_ev=0.991 m_v_bias=4.0 m_adv_std=16.5284 m_kl_max=0.0239 m_ratio_max=1.428 w_ax@goal=+1.02 w_v@goal=3.64 return=977.6 length=85 success_rate=1.00 collisions/ep=0.68 (n=25)
update=45 global_step=92160 SPS=772 w_ev=0.207 m_ev=0.981 m_v_bias=-1.1 m_adv_std=23.3893 m_kl_max=0.0055 m_ratio_max=0.498 w_ax@goal=+0.99 w_v@goal=3.63 return=982.1 length=83 success_rate=1.00 collisions/ep=0.54 (n=24)
Evaluation at update 45: return=1011.24, length=78.90, success_rate=1.00, collisions/ep=0.00
Solved-check at update 45: solved=True worst_gap=1.99 at p_x0=0.00 p_y0=-1.00 (consecutive=2)
update=46 global_step=94208 SPS=750 w_ev=0.247 m_ev=0.957 m_v_bias=7.8 m_adv_std=35.2511 m_kl_max=0.0107 m_ratio_max=0.565 w_ax@goal=+0.99 w_v@goal=3.64 return=961.5 length=81 success_rate=1.00 collisions/ep=1.00 (n=24)
update=47 global_step=96256 SPS=755 w_ev=0.220 m_ev=0.984 m_v_bias=-4.8 m_adv_std=21.8410 m_kl_max=0.0062 m_ratio_max=0.389 w_ax@goal=+0.90 w_v@goal=3.69 return=982.9 length=81 success_rate=1.00 collisions/ep=0.52 (n=25)
update=48 global_step=98304 SPS=761 w_ev=0.185 m_ev=0.969 m_v_bias=1.2 m_adv_std=31.9344 m_kl_max=0.0205 m_ratio_max=0.835 w_ax@goal=+0.88 w_v@goal=3.82 return=973.0 length=84 success_rate=1.00 collisions/ep=0.77 (n=26)
update=49 global_step=100352 SPS=766 w_ev=0.179 m_ev=0.971 m_v_bias=2.8 m_adv_std=30.3992 m_kl_max=0.0099 m_ratio_max=0.557 w_ax@goal=+1.06 w_v@goal=3.90 return=961.3 length=83 success_rate=1.00 collisions/ep=1.04 (n=24)
update=50 global_step=102400 SPS=772 w_ev=0.176 m_ev=0.989 m_v_bias=-8.8 m_adv_std=18.3257 m_kl_max=0.0028 m_ratio_max=0.354 w_ax@goal=+0.91 w_v@goal=3.85 return=985.9 length=85 success_rate=1.00 collisions/ep=0.50 (n=24)
Evaluation at update 50: return=1010.52, length=79.70, success_rate=1.00, collisions/ep=0.00
Solved-check at update 50: solved=True worst_gap=2.70 at p_x0=0.00 p_y0=-1.00 (consecutive=3)
update=51 global_step=104448 SPS=748 w_ev=0.184 m_ev=0.969 m_v_bias=8.1 m_adv_std=31.4512 m_kl_max=0.0145 m_ratio_max=0.896 w_ax@goal=+0.70 w_v@goal=3.99 return=960.1 length=86 success_rate=1.00 collisions/ep=1.00 (n=25)
update=52 global_step=106496 SPS=754 w_ev=0.203 m_ev=0.978 m_v_bias=-3.8 m_adv_std=26.1105 m_kl_max=0.0112 m_ratio_max=0.644 w_ax@goal=+0.74 w_v@goal=3.84 return=974.8 length=83 success_rate=1.00 collisions/ep=0.79 (n=24)
update=53 global_step=108544 SPS=760 w_ev=0.209 m_ev=0.965 m_v_bias=-0.4 m_adv_std=33.3102 m_kl_max=0.0301 m_ratio_max=1.129 w_ax@goal=+0.83 w_v@goal=3.87 return=960.0 length=85 success_rate=1.00 collisions/ep=1.12 (n=26)
update=54 global_step=110592 SPS=765 w_ev=0.266 m_ev=0.995 m_v_bias=-12.9 m_adv_std=11.3705 m_kl_max=0.0103 m_ratio_max=0.775 w_ax@goal=+0.97 w_v@goal=3.81 return=999.8 length=80 success_rate=1.00 collisions/ep=0.25 (n=24)
update=55 global_step=112640 SPS=771 w_ev=0.229 m_ev=0.989 m_v_bias=0.3 m_adv_std=16.8233 m_kl_max=0.0299 m_ratio_max=1.009 w_ax@goal=+1.04 w_v@goal=3.78 return=992.1 length=82 success_rate=1.00 collisions/ep=0.38 (n=24)
Evaluation at update 55: return=1010.27, length=79.85, success_rate=1.00, collisions/ep=0.00
Solved-check at update 55: solved=False worst_gap=52.89 at p_x0=0.00 p_y0=1.00 (consecutive=4)
update=56 global_step=114688 SPS=751 w_ev=0.231 m_ev=0.978 m_v_bias=4.7 m_adv_std=24.5816 m_kl_max=0.0095 m_ratio_max=0.455 w_ax@goal=+0.90 w_v@goal=3.78 return=985.0 length=82 success_rate=1.00 collisions/ep=0.54 (n=24)
update=57 global_step=116736 SPS=756 w_ev=0.278 m_ev=0.993 m_v_bias=-2.5 m_adv_std=14.6523 m_kl_max=0.0378 m_ratio_max=3.745 w_ax@goal=+0.78 w_v@goal=3.81 return=991.4 length=82 success_rate=1.00 collisions/ep=0.41 (n=27)
update=58 global_step=118784 SPS=761 w_ev=0.291 m_ev=0.986 m_v_bias=5.0 m_adv_std=20.3345 m_kl_max=0.0119 m_ratio_max=0.705 w_ax@goal=+0.76 w_v@goal=3.76 return=983.8 length=84 success_rate=1.00 collisions/ep=0.57 (n=23)
update=59 global_step=120832 SPS=766 w_ev=0.248 m_ev=0.961 m_v_bias=8.5 m_adv_std=34.2146 m_kl_max=0.0060 m_ratio_max=0.460 w_ax@goal=+0.83 w_v@goal=3.87 return=961.8 length=82 success_rate=1.00 collisions/ep=1.00 (n=26)
update=60 global_step=122880 SPS=771 w_ev=0.252 m_ev=0.973 m_v_bias=6.1 m_adv_std=29.3423 m_kl_max=0.0068 m_ratio_max=0.537 w_ax@goal=+0.78 w_v@goal=3.83 return=964.4 length=83 success_rate=1.00 collisions/ep=0.92 (n=25)
Evaluation at update 60: return=1002.94, length=79.75, success_rate=1.00, collisions/ep=0.15
Solved-check at update 60: solved=False worst_gap=52.74 at p_x0=0.00 p_y0=0.50 (consecutive=0)
update=61 global_step=124928 SPS=753 w_ev=0.242 m_ev=0.966 m_v_bias=3.2 m_adv_std=31.8385 m_kl_max=0.0051 m_ratio_max=0.376 w_ax@goal=+0.78 w_v@goal=3.93 return=953.1 length=83 success_rate=1.00 collisions/ep=1.21 (n=24)
update=62 global_step=126976 SPS=757 w_ev=0.260 m_ev=0.982 m_v_bias=-1.4 m_adv_std=23.2839 m_kl_max=0.0167 m_ratio_max=0.834 w_ax@goal=+0.68 w_v@goal=3.96 return=964.9 length=82 success_rate=1.00 collisions/ep=1.04 (n=26)
update=63 global_step=129024 SPS=762 w_ev=0.229 m_ev=0.961 m_v_bias=0.6 m_adv_std=34.8107 m_kl_max=0.0128 m_ratio_max=0.728 w_ax@goal=+0.70 w_v@goal=3.84 return=962.8 length=85 success_rate=1.00 collisions/ep=0.96 (n=25)
update=64 global_step=131072 SPS=766 w_ev=0.287 m_ev=0.972 m_v_bias=-1.9 m_adv_std=29.2496 m_kl_max=0.0150 m_ratio_max=0.707 w_ax@goal=+0.78 w_v@goal=3.85 return=980.6 length=83 success_rate=1.00 collisions/ep=0.58 (n=24)
update=65 global_step=133120 SPS=771 w_ev=0.248 m_ev=0.984 m_v_bias=1.7 m_adv_std=22.1262 m_kl_max=0.0142 m_ratio_max=0.707 w_ax@goal=+0.63 w_v@goal=3.78 return=980.2 length=85 success_rate=1.00 collisions/ep=0.58 (n=24)
Evaluation at update 65: return=1005.23, length=79.90, success_rate=1.00, collisions/ep=0.10
Solved-check at update 65: solved=False worst_gap=52.92 at p_x0=0.00 p_y0=1.00 (consecutive=0)
update=66 global_step=135168 SPS=753 w_ev=0.266 m_ev=0.993 m_v_bias=-4.6 m_adv_std=14.4606 m_kl_max=0.0105 m_ratio_max=0.672 w_ax@goal=+0.64 w_v@goal=3.72 return=991.6 length=86 success_rate=1.00 collisions/ep=0.29 (n=24)
update=67 global_step=137216 SPS=757 w_ev=0.216 m_ev=0.985 m_v_bias=-2.6 m_adv_std=21.8309 m_kl_max=0.0040 m_ratio_max=0.424 w_ax@goal=+0.69 w_v@goal=3.79 return=981.1 length=86 success_rate=1.00 collisions/ep=0.58 (n=24)
update=68 global_step=139264 SPS=761 w_ev=0.231 m_ev=0.982 m_v_bias=5.9 m_adv_std=23.5946 m_kl_max=0.0242 m_ratio_max=0.734 w_ax@goal=+0.43 w_v@goal=3.83 return=973.0 length=86 success_rate=1.00 collisions/ep=0.71 (n=24)
update=69 global_step=141312 SPS=764 w_ev=0.283 m_ev=0.986 m_v_bias=3.9 m_adv_std=20.9014 m_kl_max=0.0181 m_ratio_max=0.675 w_ax@goal=+0.61 w_v@goal=3.88 return=969.1 length=85 success_rate=1.00 collisions/ep=0.75 (n=24)
update=70 global_step=143360 SPS=768 w_ev=0.202 m_ev=0.989 m_v_bias=1.7 m_adv_std=18.1880 m_kl_max=0.0159 m_ratio_max=0.749 w_ax@goal=+0.60 w_v@goal=3.84 return=985.0 length=84 success_rate=1.00 collisions/ep=0.54 (n=26)
Evaluation at update 70: return=1010.39, length=79.80, success_rate=1.00, collisions/ep=0.00
Solved-check at update 70: solved=False worst_gap=52.72 at p_x0=0.00 p_y0=1.00 (consecutive=0)
update=71 global_step=145408 SPS=753 w_ev=0.207 m_ev=0.966 m_v_bias=6.2 m_adv_std=32.3647 m_kl_max=0.0138 m_ratio_max=1.210 w_ax@goal=+0.59 w_v@goal=3.81 return=958.7 length=85 success_rate=1.00 collisions/ep=1.00 (n=23)
update=72 global_step=147456 SPS=757 w_ev=0.179 m_ev=0.988 m_v_bias=-8.4 m_adv_std=19.0179 m_kl_max=0.0110 m_ratio_max=0.671 w_ax@goal=+0.52 w_v@goal=3.86 return=989.7 length=84 success_rate=1.00 collisions/ep=0.38 (n=24)
update=73 global_step=149504 SPS=760 w_ev=0.164 m_ev=0.980 m_v_bias=-2.6 m_adv_std=24.4123 m_kl_max=0.0130 m_ratio_max=0.676 w_ax@goal=+0.62 w_v@goal=3.93 return=983.9 length=82 success_rate=1.00 collisions/ep=0.48 (n=23)
update=74 global_step=151552 SPS=765 w_ev=0.142 m_ev=0.978 m_v_bias=-1.9 m_adv_std=25.7122 m_kl_max=0.0109 m_ratio_max=1.164 w_ax@goal=+0.81 w_v@goal=4.03 return=980.9 length=84 success_rate=1.00 collisions/ep=0.64 (n=25)
update=75 global_step=153600 SPS=768 w_ev=0.165 m_ev=0.980 m_v_bias=3.3 m_adv_std=25.2431 m_kl_max=0.0258 m_ratio_max=0.840 w_ax@goal=+0.89 w_v@goal=4.14 return=969.0 length=82 success_rate=1.00 collisions/ep=0.80 (n=25)
Evaluation at update 75: return=1011.25, length=78.90, success_rate=1.00, collisions/ep=0.00
Solved-check at update 75: solved=True worst_gap=1.97 at p_x0=0.00 p_y0=0.50 (consecutive=0)
update=76 global_step=155648 SPS=754 w_ev=0.201 m_ev=0.983 m_v_bias=-1.8 m_adv_std=22.0280 m_kl_max=0.0092 m_ratio_max=0.872 w_ax@goal=+0.80 w_v@goal=4.04 return=979.9 length=82 success_rate=1.00 collisions/ep=0.60 (n=25)
update=77 global_step=157696 SPS=758 w_ev=0.224 m_ev=0.978 m_v_bias=-1.7 m_adv_std=25.6347 m_kl_max=0.0093 m_ratio_max=0.679 w_ax@goal=+0.90 w_v@goal=3.97 return=991.7 length=83 success_rate=1.00 collisions/ep=0.42 (n=24)
update=78 global_step=159744 SPS=762 w_ev=0.201 m_ev=0.970 m_v_bias=3.8 m_adv_std=29.5095 m_kl_max=0.0200 m_ratio_max=0.910 w_ax@goal=+1.03 w_v@goal=4.05 return=958.8 length=82 success_rate=1.00 collisions/ep=1.24 (n=25)
update=79 global_step=161792 SPS=766 w_ev=0.235 m_ev=0.980 m_v_bias=-0.1 m_adv_std=24.3329 m_kl_max=0.0047 m_ratio_max=0.417 w_ax@goal=+1.08 w_v@goal=4.01 return=976.8 length=81 success_rate=1.00 collisions/ep=0.81 (n=27)
update=80 global_step=163840 SPS=769 w_ev=0.199 m_ev=0.981 m_v_bias=-6.9 m_adv_std=23.1851 m_kl_max=0.0196 m_ratio_max=1.826 w_ax@goal=+0.97 w_v@goal=3.91 return=982.8 length=80 success_rate=1.00 collisions/ep=0.60 (n=25)
Evaluation at update 80: return=1010.99, length=79.10, success_rate=1.00, collisions/ep=0.00
Solved-check at update 80: solved=False worst_gap=51.92 at p_x0=0.00 p_y0=1.00 (consecutive=1)
update=81 global_step=165888 SPS=756 w_ev=0.182 m_ev=0.961 m_v_bias=1.3 m_adv_std=34.5392 m_kl_max=0.0144 m_ratio_max=0.619 w_ax@goal=+0.98 w_v@goal=3.97 return=978.1 length=82 success_rate=1.00 collisions/ep=0.68 (n=25)
update=82 global_step=167936 SPS=760 w_ev=0.206 m_ev=0.983 m_v_bias=-1.3 m_adv_std=22.6212 m_kl_max=0.0067 m_ratio_max=0.636 w_ax@goal=+1.15 w_v@goal=3.91 return=987.2 length=82 success_rate=1.00 collisions/ep=0.50 (n=24)
update=83 global_step=169984 SPS=763 w_ev=0.209 m_ev=0.990 m_v_bias=-2.2 m_adv_std=16.7822 m_kl_max=0.0084 m_ratio_max=0.878 w_ax@goal=+1.02 w_v@goal=3.89 return=978.4 length=82 success_rate=1.00 collisions/ep=0.64 (n=25)
update=84 global_step=172032 SPS=767 w_ev=0.178 m_ev=0.971 m_v_bias=3.6 m_adv_std=29.3517 m_kl_max=0.0160 m_ratio_max=1.020 w_ax@goal=+1.12 w_v@goal=3.92 return=980.4 length=81 success_rate=1.00 collisions/ep=0.65 (n=26)
update=85 global_step=174080 SPS=771 w_ev=0.194 m_ev=0.975 m_v_bias=-0.0 m_adv_std=27.3430 m_kl_max=0.0130 m_ratio_max=0.599 w_ax@goal=+1.08 w_v@goal=3.85 return=969.6 length=79 success_rate=1.00 collisions/ep=0.96 (n=27)
Evaluation at update 85: return=1011.59, length=78.55, success_rate=1.00, collisions/ep=0.00
Solved-check at update 85: solved=True worst_gap=1.61 at p_x0=0.00 p_y0=-1.00 (consecutive=0)
update=86 global_step=176128 SPS=760 w_ev=0.208 m_ev=0.990 m_v_bias=-5.7 m_adv_std=16.8124 m_kl_max=0.0186 m_ratio_max=0.967 w_ax@goal=+1.17 w_v@goal=3.88 return=988.5 length=81 success_rate=1.00 collisions/ep=0.48 (n=25)
update=87 global_step=178176 SPS=763 w_ev=0.209 m_ev=0.987 m_v_bias=-2.6 m_adv_std=18.8207 m_kl_max=0.0061 m_ratio_max=0.722 w_ax@goal=+1.29 w_v@goal=3.85 return=998.8 length=81 success_rate=1.00 collisions/ep=0.32 (n=25)
update=88 global_step=180224 SPS=766 w_ev=0.159 m_ev=0.993 m_v_bias=-1.1 m_adv_std=13.9411 m_kl_max=0.0248 m_ratio_max=1.689 w_ax@goal=+1.25 w_v@goal=3.83 return=998.8 length=80 success_rate=1.00 collisions/ep=0.25 (n=24)
update=89 global_step=182272 SPS=769 w_ev=0.196 m_ev=0.987 m_v_bias=0.8 m_adv_std=19.2867 m_kl_max=0.0205 m_ratio_max=1.457 w_ax@goal=+1.26 w_v@goal=3.89 return=994.9 length=80 success_rate=1.00 collisions/ep=0.36 (n=25)
update=90 global_step=184320 SPS=773 w_ev=0.240 m_ev=0.986 m_v_bias=2.1 m_adv_std=19.6577 m_kl_max=0.0101 m_ratio_max=0.921 w_ax@goal=+1.14 w_v@goal=3.84 return=983.5 length=80 success_rate=1.00 collisions/ep=0.62 (n=29)
Evaluation at update 90: return=1011.69, length=78.55, success_rate=1.00, collisions/ep=0.00
Solved-check at update 90: solved=True worst_gap=1.49 at p_x0=0.00 p_y0=-1.00 (consecutive=1)
update=91 global_step=186368 SPS=761 w_ev=0.256 m_ev=0.993 m_v_bias=0.2 m_adv_std=14.1282 m_kl_max=0.0147 m_ratio_max=0.842 w_ax@goal=+1.21 w_v@goal=3.78 return=998.8 length=81 success_rate=1.00 collisions/ep=0.29 (n=24)
update=92 global_step=188416 SPS=764 w_ev=0.186 m_ev=0.991 m_v_bias=2.3 m_adv_std=15.8761 m_kl_max=0.0074 m_ratio_max=0.637 w_ax@goal=+1.12 w_v@goal=3.79 return=988.7 length=81 success_rate=1.00 collisions/ep=0.52 (n=25)
update=93 global_step=190464 SPS=767 w_ev=0.216 m_ev=0.993 m_v_bias=-1.3 m_adv_std=13.8521 m_kl_max=0.0060 m_ratio_max=0.375 w_ax@goal=+0.98 w_v@goal=3.78 return=1000.6 length=81 success_rate=1.00 collisions/ep=0.20 (n=25)
update=94 global_step=192512 SPS=770 w_ev=0.174 m_ev=0.997 m_v_bias=-4.2 m_adv_std=9.2882 m_kl_max=0.0062 m_ratio_max=0.451 w_ax@goal=+1.11 w_v@goal=3.79 return=1001.2 length=79 success_rate=1.00 collisions/ep=0.27 (n=26)
update=95 global_step=194560 SPS=773 w_ev=0.204 m_ev=0.994 m_v_bias=0.5 m_adv_std=12.8034 m_kl_max=0.0310 m_ratio_max=1.221 w_ax@goal=+1.10 w_v@goal=3.77 return=1003.2 length=82 success_rate=1.00 collisions/ep=0.17 (n=24)
Evaluation at update 95: return=1011.94, length=78.15, success_rate=1.00, collisions/ep=0.00
Solved-check at update 95: solved=True worst_gap=1.13 at p_x0=0.00 p_y0=-1.00 (consecutive=2)
update=96 global_step=196608 SPS=763 w_ev=0.189 m_ev=0.991 m_v_bias=3.6 m_adv_std=15.4155 m_kl_max=0.0138 m_ratio_max=0.833 w_ax@goal=+1.34 w_v@goal=3.80 return=995.6 length=79 success_rate=1.00 collisions/ep=0.31 (n=26)
update=97 global_step=198656 SPS=766 w_ev=0.186 m_ev=0.996 m_v_bias=-1.5 m_adv_std=11.1223 m_kl_max=0.0189 m_ratio_max=1.053 w_ax@goal=+1.19 w_v@goal=3.86 return=1003.1 length=80 success_rate=1.00 collisions/ep=0.15 (n=26)
update=98 global_step=200704 SPS=769 w_ev=0.219 m_ev=0.990 m_v_bias=1.4 m_adv_std=16.8165 m_kl_max=0.0213 m_ratio_max=1.304 w_ax@goal=+1.27 w_v@goal=3.94 return=999.7 length=81 success_rate=1.00 collisions/ep=0.30 (n=27)
update=99 global_step=202752 SPS=772 w_ev=0.256 m_ev=0.996 m_v_bias=-1.0 m_adv_std=10.3827 m_kl_max=0.0175 m_ratio_max=0.849 w_ax@goal=+1.16 w_v@goal=3.76 return=1005.2 length=82 success_rate=1.00 collisions/ep=0.12 (n=25)
update=100 global_step=204800 SPS=775 w_ev=0.260 m_ev=0.991 m_v_bias=2.0 m_adv_std=15.6654 m_kl_max=0.0147 m_ratio_max=0.570 w_ax@goal=+1.12 w_v@goal=3.78 return=999.0 length=81 success_rate=1.00 collisions/ep=0.29 (n=24)
Evaluation at update 100: return=1011.68, length=78.55, success_rate=1.00, collisions/ep=0.00
Solved-check at update 100: solved=True worst_gap=1.48 at p_x0=0.00 p_y0=-1.00 (consecutive=3)
update=101 global_step=206848 SPS=766 w_ev=0.244 m_ev=0.994 m_v_bias=-1.0 m_adv_std=12.4554 m_kl_max=0.0137 m_ratio_max=0.939 w_ax@goal=+1.13 w_v@goal=3.70 return=1000.2 length=80 success_rate=1.00 collisions/ep=0.24 (n=25)
update=102 global_step=208896 SPS=769 w_ev=0.245 m_ev=0.995 m_v_bias=-1.9 m_adv_std=11.9122 m_kl_max=0.0116 m_ratio_max=1.029 w_ax@goal=+0.97 w_v@goal=3.81 return=993.1 length=80 success_rate=1.00 collisions/ep=0.42 (n=26)
update=103 global_step=210944 SPS=771 w_ev=0.280 m_ev=0.997 m_v_bias=-1.9 m_adv_std=9.2705 m_kl_max=0.0120 m_ratio_max=0.620 w_ax@goal=+1.17 w_v@goal=3.75 return=1005.5 length=81 success_rate=1.00 collisions/ep=0.15 (n=26)
update=104 global_step=212992 SPS=774 w_ev=0.249 m_ev=0.987 m_v_bias=3.4 m_adv_std=18.6057 m_kl_max=0.0193 m_ratio_max=0.732 w_ax@goal=+1.25 w_v@goal=3.79 return=998.4 length=81 success_rate=1.00 collisions/ep=0.28 (n=25)
update=105 global_step=215040 SPS=777 w_ev=0.299 m_ev=0.990 m_v_bias=-3.3 m_adv_std=16.7027 m_kl_max=0.0092 m_ratio_max=0.532 w_ax@goal=+1.25 w_v@goal=3.85 return=996.5 length=80 success_rate=1.00 collisions/ep=0.44 (n=27)
Evaluation at update 105: return=1011.72, length=78.40, success_rate=1.00, collisions/ep=0.00
Solved-check at update 105: solved=True worst_gap=1.41 at p_x0=0.00 p_y0=-1.00 (consecutive=4)
update=106 global_step=217088 SPS=768 w_ev=0.316 m_ev=0.995 m_v_bias=-3.3 m_adv_std=11.7330 m_kl_max=0.0101 m_ratio_max=0.651 w_ax@goal=+1.19 w_v@goal=3.77 return=1005.6 length=80 success_rate=1.00 collisions/ep=0.24 (n=25)
update=107 global_step=219136 SPS=771 w_ev=0.321 m_ev=0.995 m_v_bias=0.8 m_adv_std=11.0422 m_kl_max=0.0100 m_ratio_max=0.495 w_ax@goal=+1.05 w_v@goal=3.73 return=1001.0 length=82 success_rate=1.00 collisions/ep=0.36 (n=25)
update=108 global_step=221184 SPS=774 w_ev=0.323 m_ev=0.947 m_v_bias=3.1 m_adv_std=38.5929 m_kl_max=0.0098 m_ratio_max=0.547 w_ax@goal=+1.16 w_v@goal=3.69 return=985.9 length=79 success_rate=1.00 collisions/ep=0.50 (n=24)
update=109 global_step=223232 SPS=777 w_ev=0.277 m_ev=0.981 m_v_bias=2.3 m_adv_std=22.9456 m_kl_max=0.0132 m_ratio_max=0.574 w_ax@goal=+1.13 w_v@goal=3.75 return=996.1 length=81 success_rate=1.00 collisions/ep=0.46 (n=26)
update=110 global_step=225280 SPS=779 w_ev=0.336 m_ev=0.993 m_v_bias=-4.4 m_adv_std=13.7999 m_kl_max=0.0143 m_ratio_max=0.807 w_ax@goal=+1.21 w_v@goal=3.80 return=1000.4 length=80 success_rate=1.00 collisions/ep=0.30 (n=27)
Evaluation at update 110: return=1012.02, length=78.10, success_rate=1.00, collisions/ep=0.00
Solved-check at update 110: solved=False worst_gap=400.43 at p_x0=2.00 p_y0=-1.00 (consecutive=5)
update=111 global_step=227328 SPS=770 w_ev=0.383 m_ev=0.991 m_v_bias=0.1 m_adv_std=15.8601 m_kl_max=0.0230 m_ratio_max=1.210 w_ax@goal=+1.18 w_v@goal=3.69 return=1000.5 length=80 success_rate=1.00 collisions/ep=0.30 (n=27)
update=112 global_step=229376 SPS=773 w_ev=0.317 m_ev=0.992 m_v_bias=-1.2 m_adv_std=14.4588 m_kl_max=0.0063 m_ratio_max=0.660 w_ax@goal=+1.02 w_v@goal=3.68 return=1000.9 length=79 success_rate=1.00 collisions/ep=0.21 (n=24)
update=113 global_step=231424 SPS=775 w_ev=0.363 m_ev=0.993 m_v_bias=-0.8 m_adv_std=13.0826 m_kl_max=0.0123 m_ratio_max=0.760 w_ax@goal=+1.29 w_v@goal=3.64 return=1001.6 length=80 success_rate=1.00 collisions/ep=0.20 (n=25)
update=114 global_step=233472 SPS=778 w_ev=0.392 m_ev=0.998 m_v_bias=-1.9 m_adv_std=6.8049 m_kl_max=0.0129 m_ratio_max=0.749 w_ax@goal=+1.20 w_v@goal=3.69 return=1011.3 length=79 success_rate=1.00 collisions/ep=0.00 (n=26)
update=115 global_step=235520 SPS=781 w_ev=0.392 m_ev=0.997 m_v_bias=-0.2 m_adv_std=8.7857 m_kl_max=0.0088 m_ratio_max=0.920 w_ax@goal=+1.30 w_v@goal=3.59 return=1006.4 length=80 success_rate=1.00 collisions/ep=0.15 (n=27)
Evaluation at update 115: return=1012.07, length=78.05, success_rate=1.00, collisions/ep=0.00
Solved-check at update 115: solved=True worst_gap=0.96 at p_x0=0.50 p_y0=-1.00 (consecutive=0)
update=116 global_step=237568 SPS=773 w_ev=0.396 m_ev=0.988 m_v_bias=4.9 m_adv_std=17.6589 m_kl_max=0.0069 m_ratio_max=0.457 w_ax@goal=+1.20 w_v@goal=3.56 return=995.8 length=80 success_rate=1.00 collisions/ep=0.36 (n=25)
update=117 global_step=239616 SPS=775 w_ev=0.366 m_ev=0.995 m_v_bias=-3.3 m_adv_std=12.2501 m_kl_max=0.0134 m_ratio_max=0.742 w_ax@goal=+1.38 w_v@goal=3.65 return=1005.0 length=81 success_rate=1.00 collisions/ep=0.19 (n=27)
update=118 global_step=241664 SPS=778 w_ev=0.381 m_ev=0.988 m_v_bias=3.9 m_adv_std=17.6850 m_kl_max=0.0081 m_ratio_max=0.472 w_ax@goal=+1.13 w_v@goal=3.53 return=989.0 length=81 success_rate=1.00 collisions/ep=0.46 (n=24)
update=119 global_step=243712 SPS=781 w_ev=0.395 m_ev=0.995 m_v_bias=-3.9 m_adv_std=11.7587 m_kl_max=0.0152 m_ratio_max=0.825 w_ax@goal=+1.31 w_v@goal=3.61 return=1007.9 length=79 success_rate=1.00 collisions/ep=0.08 (n=25)
update=120 global_step=245760 SPS=783 w_ev=0.449 m_ev=0.978 m_v_bias=0.5 m_adv_std=24.9276 m_kl_max=0.0093 m_ratio_max=0.455 w_ax@goal=+1.13 w_v@goal=3.52 return=988.9 length=81 success_rate=1.00 collisions/ep=0.62 (n=26)
Evaluation at update 120: return=1012.17, length=78.00, success_rate=1.00, collisions/ep=0.00
Solved-check at update 120: solved=False worst_gap=400.24 at p_x0=2.00 p_y0=-1.00 (consecutive=1)
update=121 global_step=247808 SPS=776 w_ev=0.406 m_ev=0.973 m_v_bias=5.3 m_adv_std=26.9601 m_kl_max=0.0135 m_ratio_max=0.905 w_ax@goal=+1.30 w_v@goal=3.50 return=993.8 length=79 success_rate=1.00 collisions/ep=0.44 (n=25)
update=122 global_step=249856 SPS=778 w_ev=0.418 m_ev=0.992 m_v_bias=-2.3 m_adv_std=15.1276 m_kl_max=0.0108 m_ratio_max=0.607 w_ax@goal=+1.34 w_v@goal=3.55 return=989.6 length=79 success_rate=1.00 collisions/ep=0.48 (n=27)
update=123 global_step=251904 SPS=782 w_ev=0.406 m_ev=0.994 m_v_bias=-2.4 m_adv_std=12.3387 m_kl_max=0.0149 m_ratio_max=0.587 w_ax@goal=+1.18 w_v@goal=3.50 return=1002.2 length=79 success_rate=1.00 collisions/ep=0.23 (n=26)
update=124 global_step=253952 SPS=783 w_ev=0.411 m_ev=0.970 m_v_bias=2.8 m_adv_std=29.2435 m_kl_max=0.0075 m_ratio_max=0.672 w_ax@goal=+1.27 w_v@goal=3.50 return=992.1 length=80 success_rate=1.00 collisions/ep=0.40 (n=25)
update=125 global_step=256000 SPS=786 w_ev=0.403 m_ev=0.993 m_v_bias=-3.3 m_adv_std=13.9012 m_kl_max=0.0052 m_ratio_max=0.473 w_ax@goal=+1.23 w_v@goal=3.49 return=1003.6 length=81 success_rate=1.00 collisions/ep=0.16 (n=25)
Evaluation at update 125: return=1012.18, length=77.90, success_rate=1.00, collisions/ep=0.00
Solved-check at update 125: solved=False worst_gap=400.21 at p_x0=2.00 p_y0=-1.00 (consecutive=0)
update=126 global_step=258048 SPS=778 w_ev=0.366 m_ev=0.996 m_v_bias=-4.9 m_adv_std=10.4871 m_kl_max=0.0117 m_ratio_max=0.707 w_ax@goal=+1.26 w_v@goal=3.55 return=1001.6 length=82 success_rate=1.00 collisions/ep=0.21 (n=24)
update=127 global_step=260096 SPS=780 w_ev=0.339 m_ev=0.999 m_v_bias=-3.3 m_adv_std=6.3402 m_kl_max=0.0107 m_ratio_max=0.744 w_ax@goal=+1.21 w_v@goal=3.70 return=1010.5 length=81 success_rate=1.00 collisions/ep=0.11 (n=28)
update=128 global_step=262144 SPS=783 w_ev=0.389 m_ev=0.995 m_v_bias=3.5 m_adv_std=12.0208 m_kl_max=0.0198 m_ratio_max=0.790 w_ax@goal=+1.46 w_v@goal=3.62 return=1002.6 length=78 success_rate=1.00 collisions/ep=0.22 (n=27)
update=129 global_step=264192 SPS=785 w_ev=0.419 m_ev=0.995 m_v_bias=-0.0 m_adv_std=11.6756 m_kl_max=0.0203 m_ratio_max=1.517 w_ax@goal=+1.25 w_v@goal=3.61 return=998.3 length=80 success_rate=1.00 collisions/ep=0.32 (n=25)
update=130 global_step=266240 SPS=787 w_ev=0.393 m_ev=0.985 m_v_bias=4.3 m_adv_std=19.7582 m_kl_max=0.0073 m_ratio_max=0.576 w_ax@goal=+1.38 w_v@goal=3.55 return=993.2 length=80 success_rate=1.00 collisions/ep=0.38 (n=24)
Evaluation at update 130: return=1012.23, length=77.85, success_rate=1.00, collisions/ep=0.00
Solved-check at update 130: solved=False worst_gap=200.16 at p_x0=2.00 p_y0=-1.00 (consecutive=0)
update=131 global_step=268288 SPS=778 w_ev=0.405 m_ev=0.993 m_v_bias=0.1 m_adv_std=13.3611 m_kl_max=0.0055 m_ratio_max=0.528 w_ax@goal=+1.36 w_v@goal=3.66 return=1000.3 length=79 success_rate=1.00 collisions/ep=0.23 (n=26)
update=132 global_step=270336 SPS=781 w_ev=0.415 m_ev=0.992 m_v_bias=1.3 m_adv_std=14.7210 m_kl_max=0.0046 m_ratio_max=0.509 w_ax@goal=+1.27 w_v@goal=3.58 return=992.2 length=81 success_rate=1.00 collisions/ep=0.40 (n=25)
update=133 global_step=272384 SPS=783 w_ev=0.392 m_ev=0.996 m_v_bias=-4.2 m_adv_std=10.9883 m_kl_max=0.0142 m_ratio_max=0.786 w_ax@goal=+1.28 w_v@goal=3.57 return=1004.5 length=79 success_rate=1.00 collisions/ep=0.14 (n=28)
update=134 global_step=274432 SPS=785 w_ev=0.303 m_ev=0.995 m_v_bias=-0.7 m_adv_std=11.5884 m_kl_max=0.0059 m_ratio_max=0.807 w_ax@goal=+1.35 w_v@goal=3.44 return=1001.3 length=78 success_rate=1.00 collisions/ep=0.21 (n=24)
update=135 global_step=276480 SPS=787 w_ev=0.417 m_ev=0.992 m_v_bias=1.8 m_adv_std=15.0796 m_kl_max=0.0086 m_ratio_max=0.970 w_ax@goal=+1.29 w_v@goal=3.50 return=999.9 length=80 success_rate=1.00 collisions/ep=0.28 (n=25)
Evaluation at update 135: return=1012.21, length=77.85, success_rate=1.00, collisions/ep=0.00
Solved-check at update 135: solved=False worst_gap=150.37 at p_x0=1.50 p_y0=-1.00 (consecutive=0)
update=136 global_step=278528 SPS=780 w_ev=0.438 m_ev=0.976 m_v_bias=1.3 m_adv_std=27.0181 m_kl_max=0.0165 m_ratio_max=0.677 w_ax@goal=+1.29 w_v@goal=3.63 return=991.7 length=80 success_rate=1.00 collisions/ep=0.41 (n=27)
update=137 global_step=280576 SPS=782 w_ev=0.465 m_ev=0.990 m_v_bias=-4.9 m_adv_std=16.9094 m_kl_max=0.0090 m_ratio_max=0.632 w_ax@goal=+1.31 w_v@goal=3.41 return=985.2 length=81 success_rate=1.00 collisions/ep=0.54 (n=26)
update=138 global_step=282624 SPS=784 w_ev=0.402 m_ev=0.991 m_v_bias=-1.4 m_adv_std=15.2537 m_kl_max=0.0068 m_ratio_max=0.577 w_ax@goal=+1.29 w_v@goal=3.46 return=992.7 length=79 success_rate=1.00 collisions/ep=0.38 (n=26)
update=139 global_step=284672 SPS=787 w_ev=0.402 m_ev=0.980 m_v_bias=-3.7 m_adv_std=23.5685 m_kl_max=0.0112 m_ratio_max=0.698 w_ax@goal=+1.38 w_v@goal=3.46 return=999.9 length=79 success_rate=1.00 collisions/ep=0.24 (n=25)
update=140 global_step=286720 SPS=789 w_ev=0.399 m_ev=0.990 m_v_bias=1.4 m_adv_std=16.9285 m_kl_max=0.0077 m_ratio_max=0.543 w_ax@goal=+1.25 w_v@goal=3.48 return=998.3 length=79 success_rate=1.00 collisions/ep=0.27 (n=26)
Evaluation at update 140: return=1012.05, length=78.05, success_rate=1.00, collisions/ep=0.00
Solved-check at update 140: solved=False worst_gap=50.58 at p_x0=1.50 p_y0=-1.00 (consecutive=0)
update=141 global_step=288768 SPS=782 w_ev=0.406 m_ev=0.995 m_v_bias=-3.9 m_adv_std=11.1526 m_kl_max=0.0119 m_ratio_max=0.576 w_ax@goal=+1.37 w_v@goal=3.52 return=1009.9 length=79 success_rate=1.00 collisions/ep=0.04 (n=25)
update=142 global_step=290816 SPS=784 w_ev=0.370 m_ev=0.997 m_v_bias=0.5 m_adv_std=9.4686 m_kl_max=0.0194 m_ratio_max=1.051 w_ax@goal=+1.25 w_v@goal=3.50 return=1005.6 length=79 success_rate=1.00 collisions/ep=0.12 (n=26)
update=143 global_step=292864 SPS=786 w_ev=0.366 m_ev=0.993 m_v_bias=3.1 m_adv_std=14.3596 m_kl_max=0.0127 m_ratio_max=1.004 w_ax@goal=+1.25 w_v@goal=3.52 return=1002.4 length=82 success_rate=1.00 collisions/ep=0.19 (n=27)
update=144 global_step=294912 SPS=789 w_ev=0.397 m_ev=0.995 m_v_bias=-0.5 m_adv_std=11.6034 m_kl_max=0.0185 m_ratio_max=1.373 w_ax@goal=+1.28 w_v@goal=3.44 return=994.7 length=81 success_rate=1.00 collisions/ep=0.33 (n=24)
update=145 global_step=296960 SPS=791 w_ev=0.343 m_ev=0.991 m_v_bias=1.4 m_adv_std=15.3315 m_kl_max=0.0108 m_ratio_max=0.597 w_ax@goal=+1.20 w_v@goal=3.51 return=999.8 length=79 success_rate=1.00 collisions/ep=0.23 (n=26)
Evaluation at update 145: return=1011.95, length=78.15, success_rate=1.00, collisions/ep=0.00
Solved-check at update 145: solved=False worst_gap=50.70 at p_x0=1.50 p_y0=-1.00 (consecutive=0)
update=146 global_step=299008 SPS=783 w_ev=0.342 m_ev=0.991 m_v_bias=1.4 m_adv_std=16.1615 m_kl_max=0.0138 m_ratio_max=0.615 w_ax@goal=+1.16 w_v@goal=3.56 return=999.0 length=81 success_rate=1.00 collisions/ep=0.29 (n=24)
update=147 global_step=301056 SPS=785 w_ev=0.383 m_ev=0.995 m_v_bias=-1.5 m_adv_std=12.0197 m_kl_max=0.0125 m_ratio_max=0.991 w_ax@goal=+1.19 w_v@goal=3.57 return=1004.2 length=81 success_rate=1.00 collisions/ep=0.19 (n=27)
update=148 global_step=303104 SPS=787 w_ev=0.382 m_ev=0.996 m_v_bias=0.2 m_adv_std=10.8231 m_kl_max=0.0122 m_ratio_max=0.687 w_ax@goal=+1.04 w_v@goal=3.55 return=1001.9 length=80 success_rate=1.00 collisions/ep=0.19 (n=27)
update=149 global_step=305152 SPS=790 w_ev=0.369 m_ev=0.992 m_v_bias=-1.7 m_adv_std=14.4146 m_kl_max=0.0105 m_ratio_max=1.008 w_ax@goal=+1.20 w_v@goal=3.64 return=1009.1 length=80 success_rate=1.00 collisions/ep=0.04 (n=25)
update=150 global_step=307200 SPS=791 w_ev=0.417 m_ev=0.963 m_v_bias=1.7 m_adv_std=31.9325 m_kl_max=0.0156 m_ratio_max=0.952 w_ax@goal=+1.11 w_v@goal=3.58 return=988.2 length=81 success_rate=1.00 collisions/ep=0.46 (n=24)
Evaluation at update 150: return=1011.98, length=78.15, success_rate=1.00, collisions/ep=0.00
Solved-check at update 150: solved=False worst_gap=50.66 at p_x0=1.50 p_y0=-1.00 (consecutive=0)
update=151 global_step=309248 SPS=784 w_ev=0.384 m_ev=0.991 m_v_bias=-0.1 m_adv_std=15.2707 m_kl_max=0.0171 m_ratio_max=1.348 w_ax@goal=+1.11 w_v@goal=3.62 return=1001.2 length=79 success_rate=1.00 collisions/ep=0.20 (n=25)
update=152 global_step=311296 SPS=785 w_ev=0.423 m_ev=0.992 m_v_bias=-1.6 m_adv_std=14.6762 m_kl_max=0.0077 m_ratio_max=0.458 w_ax@goal=+1.19 w_v@goal=3.61 return=1004.2 length=83 success_rate=1.00 collisions/ep=0.16 (n=25)
update=153 global_step=313344 SPS=788 w_ev=0.448 m_ev=0.989 m_v_bias=1.6 m_adv_std=17.1351 m_kl_max=0.0162 m_ratio_max=0.991 w_ax@goal=+1.20 w_v@goal=3.55 return=994.4 length=81 success_rate=1.00 collisions/ep=0.35 (n=26)
update=154 global_step=315392 SPS=790 w_ev=0.458 m_ev=0.995 m_v_bias=-1.6 m_adv_std=11.2794 m_kl_max=0.0059 m_ratio_max=0.598 w_ax@goal=+1.17 w_v@goal=3.58 return=1000.3 length=79 success_rate=1.00 collisions/ep=0.23 (n=26)
update=155 global_step=317440 SPS=792 w_ev=0.459 m_ev=0.988 m_v_bias=5.2 m_adv_std=18.3063 m_kl_max=0.0016 m_ratio_max=0.419 w_ax@goal=+1.28 w_v@goal=3.46 return=983.7 length=77 success_rate=1.00 collisions/ep=0.56 (n=27)
Evaluation at update 155: return=1012.05, length=78.05, success_rate=1.00, collisions/ep=0.00
Solved-check at update 155: solved=False worst_gap=50.77 at p_x0=1.00 p_y0=-1.00 (consecutive=0)
update=156 global_step=319488 SPS=785 w_ev=0.466 m_ev=0.996 m_v_bias=-3.9 m_adv_std=10.0140 m_kl_max=0.0093 m_ratio_max=0.525 w_ax@goal=+1.28 w_v@goal=3.35 return=1003.6 length=81 success_rate=1.00 collisions/ep=0.17 (n=24)
update=157 global_step=321536 SPS=787 w_ev=0.466 m_ev=0.987 m_v_bias=2.8 m_adv_std=18.8763 m_kl_max=0.0033 m_ratio_max=0.452 w_ax@goal=+1.26 w_v@goal=3.44 return=994.6 length=80 success_rate=1.00 collisions/ep=0.33 (n=27)
update=158 global_step=323584 SPS=789 w_ev=0.482 m_ev=0.993 m_v_bias=0.6 m_adv_std=14.4079 m_kl_max=0.0086 m_ratio_max=0.459 w_ax@goal=+1.26 w_v@goal=3.40 return=982.8 length=79 success_rate=1.00 collisions/ep=0.62 (n=26)
update=159 global_step=325632 SPS=792 w_ev=0.456 m_ev=0.981 m_v_bias=-0.6 m_adv_std=23.1610 m_kl_max=0.0213 m_ratio_max=2.428 w_ax@goal=+1.03 w_v@goal=3.32 return=997.3 length=80 success_rate=1.00 collisions/ep=0.28 (n=25)
update=160 global_step=327680 SPS=794 w_ev=0.463 m_ev=0.993 m_v_bias=-4.4 m_adv_std=14.0881 m_kl_max=0.0144 m_ratio_max=0.721 w_ax@goal=+1.10 w_v@goal=3.44 return=994.8 length=79 success_rate=1.00 collisions/ep=0.33 (n=27)
Evaluation at update 160: return=1007.03, length=78.10, success_rate=1.00, collisions/ep=0.10
Solved-check at update 160: solved=False worst_gap=100.40 at p_x0=2.00 p_y0=-0.50 (consecutive=0)
update=161 global_step=329728 SPS=787 w_ev=0.488 m_ev=0.991 m_v_bias=-0.7 m_adv_std=15.8397 m_kl_max=0.0084 m_ratio_max=0.605 w_ax@goal=+1.29 w_v@goal=3.33 return=995.3 length=79 success_rate=1.00 collisions/ep=0.32 (n=25)
update=162 global_step=331776 SPS=789 w_ev=0.462 m_ev=0.993 m_v_bias=-2.5 m_adv_std=13.0481 m_kl_max=0.0168 m_ratio_max=1.355 w_ax@goal=+1.28 w_v@goal=3.28 return=1003.6 length=79 success_rate=1.00 collisions/ep=0.16 (n=25)
update=163 global_step=333824 SPS=791 w_ev=0.410 m_ev=0.996 m_v_bias=0.7 m_adv_std=10.8539 m_kl_max=0.0095 m_ratio_max=0.635 w_ax@goal=+1.28 w_v@goal=3.40 return=1005.9 length=82 success_rate=1.00 collisions/ep=0.20 (n=25)
update=164 global_step=335872 SPS=793 w_ev=0.434 m_ev=0.979 m_v_bias=7.3 m_adv_std=25.0356 m_kl_max=0.0105 m_ratio_max=0.736 w_ax@goal=+1.23 w_v@goal=3.59 return=984.4 length=80 success_rate=1.00 collisions/ep=0.54 (n=28)
update=165 global_step=337920 SPS=794 w_ev=0.436 m_ev=0.980 m_v_bias=0.2 m_adv_std=23.9772 m_kl_max=0.0146 m_ratio_max=1.059 w_ax@goal=+1.19 w_v@goal=3.46 return=995.5 length=80 success_rate=1.00 collisions/ep=0.32 (n=25)
Evaluation at update 165: return=1012.07, length=78.05, success_rate=1.00, collisions/ep=0.00
Solved-check at update 165: solved=False worst_gap=50.55 at p_x0=1.50 p_y0=-1.00 (consecutive=0)
update=166 global_step=339968 SPS=787 w_ev=0.419 m_ev=0.993 m_v_bias=-3.7 m_adv_std=14.2404 m_kl_max=0.0102 m_ratio_max=0.951 w_ax@goal=+1.33 w_v@goal=3.52 return=991.9 length=80 success_rate=1.00 collisions/ep=0.40 (n=25)
update=167 global_step=342016 SPS=790 w_ev=0.384 m_ev=0.996 m_v_bias=-3.0 m_adv_std=9.9879 m_kl_max=0.0248 m_ratio_max=1.029 w_ax@goal=+1.35 w_v@goal=3.61 return=1005.5 length=78 success_rate=1.00 collisions/ep=0.12 (n=25)
update=168 global_step=344064 SPS=792 w_ev=0.397 m_ev=0.996 m_v_bias=-0.1 m_adv_std=10.4751 m_kl_max=0.0040 m_ratio_max=0.421 w_ax@goal=+1.13 w_v@goal=3.53 return=1006.0 length=80 success_rate=1.00 collisions/ep=0.12 (n=26)
update=169 global_step=346112 SPS=793 w_ev=0.434 m_ev=0.996 m_v_bias=-0.1 m_adv_std=9.9607 m_kl_max=0.0136 m_ratio_max=1.134 w_ax@goal=+1.37 w_v@goal=3.48 return=1006.1 length=81 success_rate=1.00 collisions/ep=0.16 (n=25)
update=170 global_step=348160 SPS=795 w_ev=0.362 m_ev=0.985 m_v_bias=3.4 m_adv_std=19.9591 m_kl_max=0.0201 m_ratio_max=0.977 w_ax@goal=+1.19 w_v@goal=3.54 return=996.6 length=79 success_rate=1.00 collisions/ep=0.31 (n=26)
Evaluation at update 170: return=1012.16, length=78.00, success_rate=1.00, collisions/ep=0.00
Solved-check at update 170: solved=False worst_gap=50.45 at p_x0=1.50 p_y0=-1.00 (consecutive=0)
update=171 global_step=350208 SPS=789 w_ev=0.429 m_ev=0.995 m_v_bias=-0.8 m_adv_std=11.8376 m_kl_max=0.0108 m_ratio_max=1.006 w_ax@goal=+1.39 w_v@goal=3.52 return=1004.0 length=80 success_rate=1.00 collisions/ep=0.15 (n=27)
update=172 global_step=352256 SPS=791 w_ev=0.440 m_ev=0.998 m_v_bias=-1.6 m_adv_std=7.9158 m_kl_max=0.0063 m_ratio_max=0.669 w_ax@goal=+1.16 w_v@goal=3.35 return=1005.5 length=80 success_rate=1.00 collisions/ep=0.15 (n=26)
update=173 global_step=354304 SPS=793 w_ev=0.438 m_ev=0.996 m_v_bias=0.7 m_adv_std=10.5025 m_kl_max=0.0108 m_ratio_max=1.083 w_ax@goal=+1.24 w_v@goal=3.43 return=1001.7 length=80 success_rate=1.00 collisions/ep=0.20 (n=25)
update=174 global_step=356352 SPS=795 w_ev=0.417 m_ev=0.997 m_v_bias=-1.4 m_adv_std=8.0422 m_kl_max=0.0112 m_ratio_max=0.902 w_ax@goal=+1.25 w_v@goal=3.42 return=1006.0 length=80 success_rate=1.00 collisions/ep=0.17 (n=24)
update=175 global_step=358400 SPS=796 w_ev=0.365 m_ev=0.997 m_v_bias=1.3 m_adv_std=8.8516 m_kl_max=0.0187 m_ratio_max=1.599 w_ax@goal=+1.26 w_v@goal=3.59 return=1008.1 length=79 success_rate=1.00 collisions/ep=0.07 (n=27)
Evaluation at update 175: return=1012.24, length=77.85, success_rate=1.00, collisions/ep=0.00
Solved-check at update 175: solved=False worst_gap=50.14 at p_x0=2.00 p_y0=-1.00 (consecutive=0)
update=176 global_step=360448 SPS=791 w_ev=0.381 m_ev=0.998 m_v_bias=-0.7 m_adv_std=6.9256 m_kl_max=0.0127 m_ratio_max=0.810 w_ax@goal=+1.23 w_v@goal=3.57 return=1008.1 length=81 success_rate=1.00 collisions/ep=0.15 (n=26)
update=177 global_step=362496 SPS=793 w_ev=0.425 m_ev=0.996 m_v_bias=1.5 m_adv_std=10.7205 m_kl_max=0.0173 m_ratio_max=1.175 w_ax@goal=+1.47 w_v@goal=3.62 return=1002.1 length=81 success_rate=1.00 collisions/ep=0.28 (n=25)
update=178 global_step=364544 SPS=794 w_ev=0.403 m_ev=0.993 m_v_bias=0.9 m_adv_std=13.1673 m_kl_max=0.0041 m_ratio_max=0.463 w_ax@goal=+1.38 w_v@goal=3.59 return=1000.2 length=79 success_rate=1.00 collisions/ep=0.28 (n=25)
update=179 global_step=366592 SPS=796 w_ev=0.404 m_ev=0.999 m_v_bias=-2.7 m_adv_std=5.9990 m_kl_max=0.0069 m_ratio_max=0.504 w_ax@goal=+1.32 w_v@goal=3.54 return=1010.3 length=81 success_rate=1.00 collisions/ep=0.04 (n=26)
update=180 global_step=368640 SPS=798 w_ev=0.442 m_ev=0.999 m_v_bias=-2.0 m_adv_std=3.9638 m_kl_max=0.0103 m_ratio_max=0.643 w_ax@goal=+1.35 w_v@goal=3.60 return=1011.7 length=80 success_rate=1.00 collisions/ep=0.00 (n=26)
Evaluation at update 180: return=1011.92, length=78.15, success_rate=1.00, collisions/ep=0.00
Solved-check at update 180: solved=False worst_gap=50.53 at p_x0=2.00 p_y0=-1.00 (consecutive=0)
update=181 global_step=370688 SPS=793 w_ev=0.398 m_ev=0.990 m_v_bias=3.2 m_adv_std=16.3299 m_kl_max=0.0303 m_ratio_max=1.587 w_ax@goal=+1.37 w_v@goal=3.56 return=1003.7 length=81 success_rate=1.00 collisions/ep=0.16 (n=25)
update=182 global_step=372736 SPS=794 w_ev=0.375 m_ev=0.998 m_v_bias=-0.9 m_adv_std=6.6516 m_kl_max=0.0089 m_ratio_max=0.596 w_ax@goal=+1.30 w_v@goal=3.59 return=1011.0 length=80 success_rate=1.00 collisions/ep=0.00 (n=25)
update=183 global_step=374784 SPS=796 w_ev=0.368 m_ev=0.998 m_v_bias=0.2 m_adv_std=6.5274 m_kl_max=0.0074 m_ratio_max=0.545 w_ax@goal=+1.18 w_v@goal=3.63 return=1007.7 length=80 success_rate=1.00 collisions/ep=0.08 (n=26)
update=184 global_step=376832 SPS=797 w_ev=0.310 m_ev=0.997 m_v_bias=1.4 m_adv_std=8.4259 m_kl_max=0.0120 m_ratio_max=1.140 w_ax@goal=+1.23 w_v@goal=3.73 return=1007.2 length=79 success_rate=1.00 collisions/ep=0.12 (n=26)
update=185 global_step=378880 SPS=799 w_ev=0.316 m_ev=0.968 m_v_bias=2.4 m_adv_std=29.9740 m_kl_max=0.0228 m_ratio_max=1.014 w_ax@goal=+1.30 w_v@goal=3.71 return=997.1 length=79 success_rate=1.00 collisions/ep=0.32 (n=25)
Evaluation at update 185: return=1011.65, length=78.60, success_rate=1.00, collisions/ep=0.00
Solved-check at update 185: solved=True worst_gap=1.50 at p_x0=0.00 p_y0=-1.00 (consecutive=0)
update=186 global_step=380928 SPS=794 w_ev=0.287 m_ev=0.990 m_v_bias=-1.5 m_adv_std=16.6736 m_kl_max=0.0136 m_ratio_max=0.726 w_ax@goal=+1.30 w_v@goal=3.81 return=1009.5 length=82 success_rate=1.00 collisions/ep=0.04 (n=26)
update=187 global_step=382976 SPS=795 w_ev=0.328 m_ev=0.996 m_v_bias=0.3 m_adv_std=9.9152 m_kl_max=0.0049 m_ratio_max=0.435 w_ax@goal=+1.28 w_v@goal=3.86 return=996.6 length=79 success_rate=1.00 collisions/ep=0.28 (n=25)
update=188 global_step=385024 SPS=797 w_ev=0.273 m_ev=0.998 m_v_bias=-0.5 m_adv_std=8.2363 m_kl_max=0.0061 m_ratio_max=0.561 w_ax@goal=+1.26 w_v@goal=3.84 return=1007.3 length=83 success_rate=1.00 collisions/ep=0.08 (n=25)
update=189 global_step=387072 SPS=798 w_ev=0.306 m_ev=0.999 m_v_bias=-1.9 m_adv_std=3.7634 m_kl_max=0.0131 m_ratio_max=0.937 w_ax@goal=+1.22 w_v@goal=3.85 return=1011.0 length=80 success_rate=1.00 collisions/ep=0.04 (n=27)
update=190 global_step=389120 SPS=800 w_ev=0.344 m_ev=0.998 m_v_bias=0.0 m_adv_std=7.7381 m_kl_max=0.0247 m_ratio_max=1.261 w_ax@goal=+1.25 w_v@goal=3.86 return=1007.3 length=80 success_rate=1.00 collisions/ep=0.08 (n=25)
Evaluation at update 190: return=1011.73, length=78.30, success_rate=1.00, collisions/ep=0.00
Solved-check at update 190: solved=False worst_gap=450.75 at p_x0=2.00 p_y0=-1.00 (consecutive=1)
update=191 global_step=391168 SPS=794 w_ev=0.358 m_ev=0.999 m_v_bias=-1.3 m_adv_std=5.1278 m_kl_max=0.0066 m_ratio_max=0.540 w_ax@goal=+1.23 w_v@goal=3.74 return=1011.5 length=80 success_rate=1.00 collisions/ep=0.00 (n=24)
update=192 global_step=393216 SPS=796 w_ev=0.343 m_ev=0.999 m_v_bias=-0.0 m_adv_std=5.5018 m_kl_max=0.0055 m_ratio_max=0.417 w_ax@goal=+1.30 w_v@goal=3.80 return=1007.3 length=79 success_rate=1.00 collisions/ep=0.12 (n=26)
update=193 global_step=395264 SPS=797 w_ev=0.315 m_ev=0.993 m_v_bias=1.6 m_adv_std=13.9230 m_kl_max=0.0175 m_ratio_max=0.804 w_ax@goal=+1.37 w_v@goal=3.75 return=1009.5 length=79 success_rate=1.00 collisions/ep=0.07 (n=27)
update=194 global_step=397312 SPS=798 w_ev=0.331 m_ev=0.999 m_v_bias=-2.0 m_adv_std=3.7674 m_kl_max=0.0085 m_ratio_max=0.645 w_ax@goal=+1.33 w_v@goal=3.74 return=1005.5 length=81 success_rate=1.00 collisions/ep=0.12 (n=25)
update=195 global_step=399360 SPS=799 w_ev=0.332 m_ev=0.995 m_v_bias=0.9 m_adv_std=12.1992 m_kl_max=0.0085 m_ratio_max=0.657 w_ax@goal=+1.30 w_v@goal=3.84 return=1003.7 length=82 success_rate=1.00 collisions/ep=0.16 (n=25)
Evaluation at update 195: return=1011.68, length=78.55, success_rate=1.00, collisions/ep=0.00
Solved-check at update 195: solved=True worst_gap=1.47 at p_x0=0.00 p_y0=-1.00 (consecutive=0)
update=196 global_step=401408 SPS=794 w_ev=0.360 m_ev=0.997 m_v_bias=-1.7 m_adv_std=9.1768 m_kl_max=0.0147 m_ratio_max=1.571 w_ax@goal=+1.45 w_v@goal=3.76 return=1011.2 length=79 success_rate=1.00 collisions/ep=0.00 (n=27)
update=197 global_step=403456 SPS=795 w_ev=0.388 m_ev=0.998 m_v_bias=1.5 m_adv_std=7.3692 m_kl_max=0.0206 m_ratio_max=1.481 w_ax@goal=+1.36 w_v@goal=3.74 return=1005.2 length=81 success_rate=1.00 collisions/ep=0.12 (n=24)
update=198 global_step=405504 SPS=797 w_ev=0.345 m_ev=0.999 m_v_bias=-0.7 m_adv_std=6.1627 m_kl_max=0.0073 m_ratio_max=0.419 w_ax@goal=+1.35 w_v@goal=3.78 return=1006.8 length=79 success_rate=1.00 collisions/ep=0.08 (n=26)
update=199 global_step=407552 SPS=799 w_ev=0.325 m_ev=0.998 m_v_bias=0.8 m_adv_std=8.1015 m_kl_max=0.0137 m_ratio_max=1.599 w_ax@goal=+1.35 w_v@goal=3.79 return=1007.3 length=82 success_rate=1.00 collisions/ep=0.08 (n=25)
update=200 global_step=409600 SPS=801 w_ev=0.296 m_ev=0.996 m_v_bias=1.8 m_adv_std=9.8598 m_kl_max=0.0219 m_ratio_max=1.151 w_ax@goal=+1.26 w_v@goal=3.82 return=1003.1 length=81 success_rate=1.00 collisions/ep=0.16 (n=25)
Evaluation at update 200: return=1011.46, length=78.75, success_rate=1.00, collisions/ep=0.00
Solved-check at update 200: solved=True worst_gap=1.73 at p_x0=0.00 p_y0=-1.00 (consecutive=1)
update=201 global_step=411648 SPS=796 w_ev=0.314 m_ev=0.998 m_v_bias=-3.0 m_adv_std=6.5122 m_kl_max=0.0113 m_ratio_max=0.867 w_ax@goal=+1.35 w_v@goal=3.96 return=1006.8 length=81 success_rate=1.00 collisions/ep=0.08 (n=26)
update=202 global_step=413696 SPS=797 w_ev=0.304 m_ev=0.996 m_v_bias=0.3 m_adv_std=10.5739 m_kl_max=0.0110 m_ratio_max=0.695 w_ax@goal=+1.41 w_v@goal=3.86 return=1006.2 length=80 success_rate=1.00 collisions/ep=0.08 (n=24)
update=203 global_step=415744 SPS=799 w_ev=0.311 m_ev=0.993 m_v_bias=2.3 m_adv_std=14.1960 m_kl_max=0.0298 m_ratio_max=1.137 w_ax@goal=+1.35 w_v@goal=3.98 return=1003.0 length=81 success_rate=1.00 collisions/ep=0.15 (n=26)
update=204 global_step=417792 SPS=801 w_ev=0.315 m_ev=0.997 m_v_bias=-1.0 m_adv_std=9.2533 m_kl_max=0.0134 m_ratio_max=0.947 w_ax@goal=+1.19 w_v@goal=3.94 return=1002.6 length=80 success_rate=1.00 collisions/ep=0.16 (n=25)
update=205 global_step=419840 SPS=802 w_ev=0.328 m_ev=0.999 m_v_bias=-0.8 m_adv_std=5.4291 m_kl_max=0.0182 m_ratio_max=0.939 w_ax@goal=+1.30 w_v@goal=4.04 return=1008.3 length=82 success_rate=1.00 collisions/ep=0.04 (n=23)
Evaluation at update 205: return=1011.22, length=78.90, success_rate=1.00, collisions/ep=0.00
Solved-check at update 205: solved=True worst_gap=2.00 at p_x0=0.00 p_y0=0.50 (consecutive=2)
update=206 global_step=421888 SPS=797 w_ev=0.344 m_ev=0.999 m_v_bias=-1.7 m_adv_std=4.0583 m_kl_max=0.0070 m_ratio_max=0.544 w_ax@goal=+1.35 w_v@goal=4.04 return=1011.0 length=82 success_rate=1.00 collisions/ep=0.03 (n=29)
update=207 global_step=423936 SPS=798 w_ev=0.369 m_ev=0.999 m_v_bias=-0.4 m_adv_std=6.0259 m_kl_max=0.0089 m_ratio_max=0.543 w_ax@goal=+1.45 w_v@goal=3.96 return=1009.3 length=82 success_rate=1.00 collisions/ep=0.08 (n=25)
update=208 global_step=425984 SPS=800 w_ev=0.366 m_ev=1.000 m_v_bias=-0.2 m_adv_std=2.8564 m_kl_max=0.0070 m_ratio_max=0.608 w_ax@goal=+1.28 w_v@goal=3.84 return=1011.1 length=79 success_rate=1.00 collisions/ep=0.08 (n=24)
update=209 global_step=428032 SPS=802 w_ev=0.310 m_ev=0.997 m_v_bias=1.9 m_adv_std=7.9501 m_kl_max=0.0184 m_ratio_max=0.832 w_ax@goal=+1.17 w_v@goal=3.86 return=1007.3 length=82 success_rate=1.00 collisions/ep=0.16 (n=25)
update=210 global_step=430080 SPS=803 w_ev=0.307 m_ev=0.998 m_v_bias=1.1 m_adv_std=7.2819 m_kl_max=0.0376 m_ratio_max=3.105 w_ax@goal=+1.23 w_v@goal=3.91 return=1008.3 length=81 success_rate=1.00 collisions/ep=0.19 (n=26)
Evaluation at update 210: return=1010.92, length=79.15, success_rate=1.00, collisions/ep=0.00
Solved-check at update 210: solved=True worst_gap=2.17 at p_x0=0.00 p_y0=-1.00 (consecutive=3)
update=211 global_step=432128 SPS=798 w_ev=0.320 m_ev=0.998 m_v_bias=0.1 m_adv_std=6.4524 m_kl_max=0.0412 m_ratio_max=1.346 w_ax@goal=+1.13 w_v@goal=3.88 return=1006.7 length=82 success_rate=1.00 collisions/ep=0.31 (n=26)
update=212 global_step=434176 SPS=800 w_ev=0.348 m_ev=0.999 m_v_bias=-0.7 m_adv_std=5.8007 m_kl_max=0.0107 m_ratio_max=0.607 w_ax@goal=+1.18 w_v@goal=3.86 return=1008.1 length=82 success_rate=1.00 collisions/ep=0.04 (n=23)
update=213 global_step=436224 SPS=801 w_ev=0.321 m_ev=0.998 m_v_bias=-0.5 m_adv_std=6.3221 m_kl_max=0.0104 m_ratio_max=1.016 w_ax@goal=+1.37 w_v@goal=3.99 return=1008.5 length=82 success_rate=1.00 collisions/ep=0.04 (n=24)
update=214 global_step=438272 SPS=802 w_ev=0.342 m_ev=0.999 m_v_bias=0.0 m_adv_std=6.0529 m_kl_max=0.0079 m_ratio_max=0.553 w_ax@goal=+1.21 w_v@goal=4.06 return=1008.6 length=82 success_rate=1.00 collisions/ep=0.04 (n=26)
update=215 global_step=440320 SPS=804 w_ev=0.338 m_ev=0.994 m_v_bias=3.8 m_adv_std=12.3627 m_kl_max=0.0175 m_ratio_max=0.785 w_ax@goal=+1.09 w_v@goal=4.04 return=1002.6 length=82 success_rate=1.00 collisions/ep=0.23 (n=26)
Evaluation at update 215: return=1011.21, length=78.90, success_rate=1.00, collisions/ep=0.00
Solved-check at update 215: solved=False worst_gap=101.22 at p_x0=2.00 p_y0=-1.00 (consecutive=4)
update=216 global_step=442368 SPS=799 w_ev=0.420 m_ev=0.994 m_v_bias=0.4 m_adv_std=12.6639 m_kl_max=0.0197 m_ratio_max=0.743 w_ax@goal=+1.11 w_v@goal=3.92 return=1004.4 length=80 success_rate=1.00 collisions/ep=0.20 (n=25)
update=217 global_step=444416 SPS=801 w_ev=0.397 m_ev=0.998 m_v_bias=-0.3 m_adv_std=6.5687 m_kl_max=0.0047 m_ratio_max=0.387 w_ax@goal=+1.13 w_v@goal=3.80 return=1001.9 length=83 success_rate=1.00 collisions/ep=0.17 (n=24)
update=218 global_step=446464 SPS=802 w_ev=0.343 m_ev=0.982 m_v_bias=4.1 m_adv_std=21.9790 m_kl_max=0.0131 m_ratio_max=0.859 w_ax@goal=+1.22 w_v@goal=3.90 return=996.7 length=81 success_rate=1.00 collisions/ep=0.31 (n=26)
update=219 global_step=448512 SPS=804 w_ev=0.350 m_ev=0.997 m_v_bias=-3.2 m_adv_std=8.3973 m_kl_max=0.0075 m_ratio_max=0.807 w_ax@goal=+1.09 w_v@goal=3.91 return=1008.5 length=81 success_rate=1.00 collisions/ep=0.20 (n=25)
update=220 global_step=450560 SPS=805 w_ev=0.360 m_ev=0.997 m_v_bias=0.3 m_adv_std=8.8382 m_kl_max=0.0075 m_ratio_max=0.490 w_ax@goal=+1.07 w_v@goal=3.90 return=1006.5 length=82 success_rate=1.00 collisions/ep=0.15 (n=26)
Evaluation at update 220: return=1010.93, length=79.15, success_rate=1.00, collisions/ep=0.00
Solved-check at update 220: solved=False worst_gap=51.58 at p_x0=2.00 p_y0=-1.00 (consecutive=0)
update=221 global_step=452608 SPS=800 w_ev=0.347 m_ev=0.984 m_v_bias=0.5 m_adv_std=21.0545 m_kl_max=0.0093 m_ratio_max=0.577 w_ax@goal=+1.10 w_v@goal=3.83 return=1002.2 length=80 success_rate=1.00 collisions/ep=0.32 (n=25)
update=222 global_step=454656 SPS=801 w_ev=0.391 m_ev=0.995 m_v_bias=-4.9 m_adv_std=10.9463 m_kl_max=0.0078 m_ratio_max=0.456 w_ax@goal=+1.27 w_v@goal=3.80 return=1003.9 length=79 success_rate=1.00 collisions/ep=0.20 (n=25)
update=223 global_step=456704 SPS=803 w_ev=0.389 m_ev=0.999 m_v_bias=-2.0 m_adv_std=4.2180 m_kl_max=0.0107 m_ratio_max=0.747 w_ax@goal=+1.13 w_v@goal=3.81 return=1011.0 length=82 success_rate=1.00 collisions/ep=0.07 (n=27)
update=224 global_step=458752 SPS=804 w_ev=0.379 m_ev=0.998 m_v_bias=1.0 m_adv_std=7.0277 m_kl_max=0.0095 m_ratio_max=0.486 w_ax@goal=+1.37 w_v@goal=3.70 return=1008.6 length=81 success_rate=1.00 collisions/ep=0.04 (n=24)
update=225 global_step=460800 SPS=805 w_ev=0.418 m_ev=0.997 m_v_bias=0.7 m_adv_std=9.2262 m_kl_max=0.0226 m_ratio_max=1.293 w_ax@goal=+1.24 w_v@goal=3.76 return=1001.0 length=80 success_rate=1.00 collisions/ep=0.31 (n=26)
Evaluation at update 225: return=1011.27, length=78.85, success_rate=1.00, collisions/ep=0.00
Solved-check at update 225: solved=False worst_gap=51.17 at p_x0=2.00 p_y0=-1.00 (consecutive=0)
update=226 global_step=462848 SPS=800 w_ev=0.406 m_ev=0.999 m_v_bias=-2.0 m_adv_std=4.4364 m_kl_max=0.0147 m_ratio_max=0.862 w_ax@goal=+1.22 w_v@goal=3.73 return=1010.6 length=82 success_rate=1.00 collisions/ep=0.00 (n=24)
update=227 global_step=464896 SPS=801 w_ev=0.333 m_ev=0.997 m_v_bias=1.0 m_adv_std=9.3563 m_kl_max=0.0146 m_ratio_max=1.599 w_ax@goal=+1.44 w_v@goal=3.88 return=1005.6 length=80 success_rate=1.00 collisions/ep=0.15 (n=26)
update=228 global_step=466944 SPS=802 w_ev=0.349 m_ev=0.999 m_v_bias=-2.4 m_adv_std=4.3071 m_kl_max=0.0103 m_ratio_max=0.641 w_ax@goal=+1.43 w_v@goal=3.90 return=1011.3 length=82 success_rate=1.00 collisions/ep=0.00 (n=24)
update=229 global_step=468992 SPS=803 w_ev=0.383 m_ev=1.000 m_v_bias=-1.9 m_adv_std=2.9692 m_kl_max=0.0098 m_ratio_max=0.506 w_ax@goal=+1.47 w_v@goal=3.98 return=1010.7 length=82 success_rate=1.00 collisions/ep=0.00 (n=25)
update=230 global_step=471040 SPS=804 w_ev=0.389 m_ev=1.000 m_v_bias=-0.4 m_adv_std=2.8599 m_kl_max=0.0132 m_ratio_max=0.866 w_ax@goal=+1.52 w_v@goal=4.03 return=1011.0 length=82 success_rate=1.00 collisions/ep=0.04 (n=26)
Evaluation at update 230: return=1011.39, length=78.80, success_rate=1.00, collisions/ep=0.00
Solved-check at update 230: solved=True worst_gap=1.88 at p_x0=0.00 p_y0=-1.00 (consecutive=0)
update=231 global_step=473088 SPS=799 w_ev=0.383 m_ev=0.999 m_v_bias=-0.1 m_adv_std=5.8458 m_kl_max=0.0226 m_ratio_max=0.827 w_ax@goal=+1.54 w_v@goal=3.99 return=1009.5 length=79 success_rate=1.00 collisions/ep=0.04 (n=27)
update=232 global_step=475136 SPS=800 w_ev=0.366 m_ev=1.000 m_v_bias=0.0 m_adv_std=3.1542 m_kl_max=0.0123 m_ratio_max=0.814 w_ax@goal=+1.57 w_v@goal=3.84 return=1010.8 length=82 success_rate=1.00 collisions/ep=0.00 (n=24)
update=233 global_step=477184 SPS=801 w_ev=0.332 m_ev=1.000 m_v_bias=0.3 m_adv_std=2.9137 m_kl_max=0.0102 m_ratio_max=0.645 w_ax@goal=+1.47 w_v@goal=3.89 return=1011.1 length=81 success_rate=1.00 collisions/ep=0.00 (n=27)
update=234 global_step=479232 SPS=802 w_ev=0.370 m_ev=0.993 m_v_bias=3.4 m_adv_std=13.1741 m_kl_max=0.0153 m_ratio_max=0.785 w_ax@goal=+1.54 w_v@goal=3.89 return=1000.7 length=80 success_rate=1.00 collisions/ep=0.29 (n=24)
update=235 global_step=481280 SPS=804 w_ev=0.382 m_ev=0.995 m_v_bias=0.2 m_adv_std=11.1932 m_kl_max=0.0121 m_ratio_max=0.576 w_ax@goal=+1.50 w_v@goal=3.77 return=1004.9 length=81 success_rate=1.00 collisions/ep=0.20 (n=25)
Evaluation at update 235: return=1011.50, length=78.70, success_rate=1.00, collisions/ep=0.00
Solved-check at update 235: solved=False worst_gap=50.97 at p_x0=2.00 p_y0=-1.00 (consecutive=1)
update=236 global_step=483328 SPS=798 w_ev=0.379 m_ev=0.989 m_v_bias=0.1 m_adv_std=17.4792 m_kl_max=0.0116 m_ratio_max=0.690 w_ax@goal=+1.42 w_v@goal=3.88 return=997.0 length=80 success_rate=1.00 collisions/ep=0.31 (n=26)
update=237 global_step=485376 SPS=800 w_ev=0.424 m_ev=0.999 m_v_bias=-4.1 m_adv_std=5.9177 m_kl_max=0.0061 m_ratio_max=0.420 w_ax@goal=+1.41 w_v@goal=3.81 return=1011.4 length=82 success_rate=1.00 collisions/ep=0.00 (n=24)
update=238 global_step=487424 SPS=801 w_ev=0.390 m_ev=0.998 m_v_bias=0.4 m_adv_std=7.5334 m_kl_max=0.0306 m_ratio_max=1.254 w_ax@goal=+1.39 w_v@goal=3.82 return=1009.5 length=83 success_rate=1.00 collisions/ep=0.08 (n=25)
update=239 global_step=489472 SPS=802 w_ev=0.364 m_ev=0.999 m_v_bias=-0.9 m_adv_std=4.1436 m_kl_max=0.0147 m_ratio_max=0.561 w_ax@goal=+1.36 w_v@goal=3.91 return=1008.9 length=81 success_rate=1.00 collisions/ep=0.08 (n=26)
update=240 global_step=491520 SPS=803 w_ev=0.391 m_ev=0.998 m_v_bias=0.5 m_adv_std=6.6528 m_kl_max=0.0124 m_ratio_max=0.473 w_ax@goal=+1.54 w_v@goal=3.87 return=1009.3 length=80 success_rate=1.00 collisions/ep=0.12 (n=26)
Evaluation at update 240: return=1011.64, length=78.55, success_rate=1.00, collisions/ep=0.00
Solved-check at update 240: solved=False worst_gap=50.94 at p_x0=2.00 p_y0=-1.00 (consecutive=0)
update=241 global_step=493568 SPS=798 w_ev=0.321 m_ev=0.999 m_v_bias=0.6 m_adv_std=5.9705 m_kl_max=0.0163 m_ratio_max=0.790 w_ax@goal=+1.53 w_v@goal=3.77 return=1009.5 length=80 success_rate=1.00 collisions/ep=0.04 (n=25)
update=242 global_step=495616 SPS=799 w_ev=0.407 m_ev=0.994 m_v_bias=2.3 m_adv_std=13.3731 m_kl_max=0.0206 m_ratio_max=0.804 w_ax@goal=+1.40 w_v@goal=3.89 return=1007.2 length=80 success_rate=1.00 collisions/ep=0.08 (n=26)
update=243 global_step=497664 SPS=800 w_ev=0.379 m_ev=0.999 m_v_bias=-2.9 m_adv_std=4.8887 m_kl_max=0.0137 m_ratio_max=0.871 w_ax@goal=+1.39 w_v@goal=3.80 return=1006.9 length=81 success_rate=1.00 collisions/ep=0.08 (n=24)
update=244 global_step=499712 SPS=802 w_ev=0.362 m_ev=0.998 m_v_bias=0.8 m_adv_std=7.3754 m_kl_max=0.0149 m_ratio_max=0.547 w_ax@goal=+1.47 w_v@goal=3.85 return=1004.8 length=78 success_rate=1.00 collisions/ep=0.24 (n=25)
update=245 global_step=501760 SPS=803 w_ev=0.380 m_ev=1.000 m_v_bias=0.0 m_adv_std=3.1598 m_kl_max=0.0090 m_ratio_max=0.546 w_ax@goal=+1.45 w_v@goal=3.84 return=1010.6 length=79 success_rate=1.00 collisions/ep=0.04 (n=27)
Evaluation at update 245: return=1011.43, length=78.75, success_rate=1.00, collisions/ep=0.00
Solved-check at update 245: solved=False worst_gap=50.99 at p_x0=2.00 p_y0=-1.00 (consecutive=0)
update=246 global_step=503808 SPS=799 w_ev=0.428 m_ev=0.997 m_v_bias=1.1 m_adv_std=9.0629 m_kl_max=0.0126 m_ratio_max=0.825 w_ax@goal=+1.39 w_v@goal=3.87 return=1005.5 length=80 success_rate=1.00 collisions/ep=0.14 (n=28)
update=247 global_step=505856 SPS=800 w_ev=0.357 m_ev=0.996 m_v_bias=0.3 m_adv_std=9.6447 m_kl_max=0.0149 m_ratio_max=0.742 w_ax@goal=+1.52 w_v@goal=3.87 return=1004.5 length=81 success_rate=1.00 collisions/ep=0.16 (n=25)
update=248 global_step=507904 SPS=801 w_ev=0.396 m_ev=0.999 m_v_bias=-1.5 m_adv_std=5.7830 m_kl_max=0.0234 m_ratio_max=0.921 w_ax@goal=+1.54 w_v@goal=3.79 return=1008.5 length=81 success_rate=1.00 collisions/ep=0.08 (n=24)
update=249 global_step=509952 SPS=802 w_ev=0.377 m_ev=0.994 m_v_bias=1.6 m_adv_std=12.3117 m_kl_max=0.0251 m_ratio_max=2.031 w_ax@goal=+1.43 w_v@goal=3.76 return=1006.2 length=80 success_rate=1.00 collisions/ep=0.20 (n=25)
update=250 global_step=512000 SPS=804 w_ev=0.390 m_ev=0.998 m_v_bias=-1.5 m_adv_std=6.6934 m_kl_max=0.0166 m_ratio_max=1.131 w_ax@goal=+1.36 w_v@goal=3.71 return=1007.1 length=82 success_rate=1.00 collisions/ep=0.12 (n=25)
Evaluation at update 250: return=1011.21, length=78.90, success_rate=1.00, collisions/ep=0.00
Solved-check at update 250: solved=False worst_gap=51.31 at p_x0=2.00 p_y0=-1.00 (consecutive=0)
update=251 global_step=514048 SPS=799 w_ev=0.399 m_ev=0.998 m_v_bias=-0.0 m_adv_std=7.7912 m_kl_max=0.0317 m_ratio_max=1.038 w_ax@goal=+1.30 w_v@goal=3.81 return=1007.1 length=80 success_rate=1.00 collisions/ep=0.11 (n=27)
update=252 global_step=516096 SPS=800 w_ev=0.409 m_ev=1.000 m_v_bias=-2.6 m_adv_std=3.6111 m_kl_max=0.0099 m_ratio_max=0.633 w_ax@goal=+1.30 w_v@goal=3.78 return=1010.5 length=80 success_rate=1.00 collisions/ep=0.08 (n=25)
update=253 global_step=518144 SPS=801 w_ev=0.403 m_ev=0.999 m_v_bias=-0.7 m_adv_std=5.8076 m_kl_max=0.0158 m_ratio_max=0.709 w_ax@goal=+1.47 w_v@goal=3.91 return=1008.5 length=82 success_rate=1.00 collisions/ep=0.04 (n=25)
update=254 global_step=520192 SPS=803 w_ev=0.389 m_ev=0.999 m_v_bias=-0.5 m_adv_std=5.2620 m_kl_max=0.0206 m_ratio_max=1.576 w_ax@goal=+1.47 w_v@goal=3.81 return=1008.9 length=82 success_rate=1.00 collisions/ep=0.04 (n=26)
update=255 global_step=522240 SPS=804 w_ev=0.407 m_ev=0.997 m_v_bias=1.3 m_adv_std=9.2153 m_kl_max=0.0216 m_ratio_max=1.066 w_ax@goal=+1.46 w_v@goal=3.78 return=1004.5 length=80 success_rate=1.00 collisions/ep=0.17 (n=24)
Evaluation at update 255: return=1011.01, length=79.10, success_rate=1.00, collisions/ep=0.00
Solved-check at update 255: solved=True worst_gap=2.26 at p_x0=0.00 p_y0=-1.00 (consecutive=0)
update=256 global_step=524288 SPS=799 w_ev=0.422 m_ev=1.000 m_v_bias=-1.7 m_adv_std=3.4698 m_kl_max=0.0045 m_ratio_max=0.359 w_ax@goal=+1.44 w_v@goal=3.71 return=1010.5 length=81 success_rate=1.00 collisions/ep=0.04 (n=25)
update=257 global_step=526336 SPS=800 w_ev=0.433 m_ev=1.000 m_v_bias=-0.7 m_adv_std=3.4689 m_kl_max=0.0228 m_ratio_max=0.993 w_ax@goal=+1.47 w_v@goal=3.73 return=1010.3 length=81 success_rate=1.00 collisions/ep=0.00 (n=25)
update=258 global_step=528384 SPS=801 w_ev=0.345 m_ev=1.000 m_v_bias=-0.7 m_adv_std=2.9387 m_kl_max=0.0230 m_ratio_max=0.748 w_ax@goal=+1.56 w_v@goal=3.76 return=1010.3 length=81 success_rate=1.00 collisions/ep=0.00 (n=25)
update=259 global_step=530432 SPS=802 w_ev=0.370 m_ev=0.998 m_v_bias=1.1 m_adv_std=7.4963 m_kl_max=0.0106 m_ratio_max=0.636 w_ax@goal=+1.56 w_v@goal=3.89 return=1009.2 length=81 success_rate=1.00 collisions/ep=0.07 (n=27)
update=260 global_step=532480 SPS=803 w_ev=0.409 m_ev=0.999 m_v_bias=-1.2 m_adv_std=6.0689 m_kl_max=0.0094 m_ratio_max=0.707 w_ax@goal=+1.43 w_v@goal=3.88 return=1005.1 length=81 success_rate=1.00 collisions/ep=0.12 (n=26)
Evaluation at update 260: return=1011.46, length=78.75, success_rate=1.00, collisions/ep=0.00
Solved-check at update 260: solved=True worst_gap=2.00 at p_x0=0.00 p_y0=-1.00 (consecutive=1)
update=261 global_step=534528 SPS=799 w_ev=0.410 m_ev=0.999 m_v_bias=-0.8 m_adv_std=5.4414 m_kl_max=0.0128 m_ratio_max=1.015 w_ax@goal=+1.41 w_v@goal=3.77 return=1009.1 length=79 success_rate=1.00 collisions/ep=0.04 (n=24)
update=262 global_step=536576 SPS=800 w_ev=0.413 m_ev=0.991 m_v_bias=3.0 m_adv_std=15.5859 m_kl_max=0.0120 m_ratio_max=0.577 w_ax@goal=+1.54 w_v@goal=3.73 return=1005.6 length=82 success_rate=1.00 collisions/ep=0.17 (n=24)
update=263 global_step=538624 SPS=801 w_ev=0.357 m_ev=0.996 m_v_bias=2.0 m_adv_std=10.1409 m_kl_max=0.0144 m_ratio_max=0.861 w_ax@goal=+1.38 w_v@goal=4.03 return=1003.2 length=82 success_rate=1.00 collisions/ep=0.19 (n=26)
update=264 global_step=540672 SPS=803 w_ev=0.432 m_ev=0.999 m_v_bias=-1.9 m_adv_std=6.1711 m_kl_max=0.0170 m_ratio_max=0.640 w_ax@goal=+1.39 w_v@goal=3.81 return=1008.9 length=83 success_rate=1.00 collisions/ep=0.04 (n=25)
update=265 global_step=542720 SPS=804 w_ev=0.353 m_ev=0.996 m_v_bias=0.7 m_adv_std=9.6999 m_kl_max=0.0067 m_ratio_max=0.582 w_ax@goal=+1.38 w_v@goal=3.99 return=1004.2 length=81 success_rate=1.00 collisions/ep=0.21 (n=24)
Evaluation at update 265: return=1011.69, length=78.35, success_rate=1.00, collisions/ep=0.00
Solved-check at update 265: solved=True worst_gap=1.67 at p_x0=0.00 p_y0=-1.00 (consecutive=2)
update=266 global_step=544768 SPS=800 w_ev=0.422 m_ev=0.996 m_v_bias=-0.4 m_adv_std=10.9797 m_kl_max=0.0282 m_ratio_max=1.187 w_ax@goal=+1.58 w_v@goal=3.96 return=1007.9 length=83 success_rate=1.00 collisions/ep=0.15 (n=27)
update=267 global_step=546816 SPS=801 w_ev=0.465 m_ev=0.998 m_v_bias=-2.5 m_adv_std=7.3902 m_kl_max=0.0180 m_ratio_max=0.869 w_ax@goal=+1.44 w_v@goal=3.83 return=1007.4 length=81 success_rate=1.00 collisions/ep=0.17 (n=24)
update=268 global_step=548864 SPS=802 w_ev=0.454 m_ev=0.995 m_v_bias=0.0 m_adv_std=11.6288 m_kl_max=0.0258 m_ratio_max=1.252 w_ax@goal=+1.43 w_v@goal=3.85 return=1003.7 length=80 success_rate=1.00 collisions/ep=0.15 (n=26)
update=269 global_step=550912 SPS=804 w_ev=0.486 m_ev=0.998 m_v_bias=1.2 m_adv_std=7.8617 m_kl_max=0.0105 m_ratio_max=0.629 w_ax@goal=+1.65 w_v@goal=3.69 return=1009.4 length=79 success_rate=1.00 collisions/ep=0.04 (n=25)
update=270 global_step=552960 SPS=805 w_ev=0.438 m_ev=0.994 m_v_bias=2.1 m_adv_std=12.5616 m_kl_max=0.0095 m_ratio_max=0.581 w_ax@goal=+1.59 w_v@goal=3.62 return=1001.3 length=80 success_rate=1.00 collisions/ep=0.24 (n=25)
Evaluation at update 270: return=1011.95, length=78.10, success_rate=1.00, collisions/ep=0.00
Solved-check at update 270: solved=False worst_gap=50.66 at p_x0=2.00 p_y0=-1.00 (consecutive=3)
update=271 global_step=555008 SPS=801 w_ev=0.456 m_ev=0.999 m_v_bias=-3.5 m_adv_std=4.3926 m_kl_max=0.0113 m_ratio_max=0.688 w_ax@goal=+1.51 w_v@goal=3.69 return=1009.9 length=81 success_rate=1.00 collisions/ep=0.04 (n=27)
update=272 global_step=557056 SPS=802 w_ev=0.431 m_ev=0.997 m_v_bias=1.3 m_adv_std=8.6505 m_kl_max=0.0222 m_ratio_max=0.816 w_ax@goal=+1.57 w_v@goal=3.61 return=1006.1 length=80 success_rate=1.00 collisions/ep=0.12 (n=26)
update=273 global_step=559104 SPS=803 w_ev=0.402 m_ev=1.000 m_v_bias=-1.8 m_adv_std=2.9038 m_kl_max=0.0088 m_ratio_max=0.482 w_ax@goal=+1.53 w_v@goal=3.81 return=1011.8 length=79 success_rate=1.00 collisions/ep=0.00 (n=25)
update=274 global_step=561152 SPS=804 w_ev=0.414 m_ev=0.999 m_v_bias=1.1 m_adv_std=5.5868 m_kl_max=0.0100 m_ratio_max=0.512 w_ax@goal=+1.65 w_v@goal=3.68 return=1009.8 length=80 success_rate=1.00 collisions/ep=0.08 (n=25)
update=275 global_step=563200 SPS=805 w_ev=0.409 m_ev=0.998 m_v_bias=1.0 m_adv_std=7.2243 m_kl_max=0.0125 m_ratio_max=0.727 w_ax@goal=+1.73 w_v@goal=3.79 return=1008.5 length=80 success_rate=1.00 collisions/ep=0.07 (n=27)
Evaluation at update 275: return=1012.27, length=77.85, success_rate=1.00, collisions/ep=0.00
Solved-check at update 275: solved=False worst_gap=50.21 at p_x0=2.00 p_y0=-1.00 (consecutive=0)
update=276 global_step=565248 SPS=801 w_ev=0.450 m_ev=0.999 m_v_bias=-0.5 m_adv_std=5.2739 m_kl_max=0.0133 m_ratio_max=0.804 w_ax@goal=+1.63 w_v@goal=3.73 return=1010.0 length=79 success_rate=1.00 collisions/ep=0.04 (n=24)
update=277 global_step=567296 SPS=802 w_ev=0.429 m_ev=0.996 m_v_bias=0.4 m_adv_std=10.4810 m_kl_max=0.0150 m_ratio_max=0.790 w_ax@goal=+1.58 w_v@goal=3.58 return=1006.5 length=79 success_rate=1.00 collisions/ep=0.15 (n=26)
update=278 global_step=569344 SPS=803 w_ev=0.452 m_ev=0.988 m_v_bias=6.0 m_adv_std=18.5294 m_kl_max=0.0207 m_ratio_max=1.213 w_ax@goal=+1.68 w_v@goal=3.59 return=1000.2 length=80 success_rate=1.00 collisions/ep=0.24 (n=29)
update=279 global_step=571392 SPS=804 w_ev=0.465 m_ev=0.998 m_v_bias=-3.1 m_adv_std=6.2970 m_kl_max=0.0103 m_ratio_max=0.592 w_ax@goal=+1.66 w_v@goal=3.56 return=1010.2 length=80 success_rate=1.00 collisions/ep=0.04 (n=25)
update=280 global_step=573440 SPS=805 w_ev=0.428 m_ev=0.997 m_v_bias=1.0 m_adv_std=8.6009 m_kl_max=0.0293 m_ratio_max=1.304 w_ax@goal=+1.69 w_v@goal=3.48 return=1006.2 length=80 success_rate=1.00 collisions/ep=0.12 (n=24)
Evaluation at update 280: return=1012.23, length=77.85, success_rate=1.00, collisions/ep=0.00
Solved-check at update 280: solved=False worst_gap=50.22 at p_x0=2.00 p_y0=-1.00 (consecutive=0)
update=281 global_step=575488 SPS=801 w_ev=0.469 m_ev=0.993 m_v_bias=1.9 m_adv_std=13.4835 m_kl_max=0.0296 m_ratio_max=0.929 w_ax@goal=+1.45 w_v@goal=3.45 return=998.0 length=78 success_rate=1.00 collisions/ep=0.28 (n=25)
update=282 global_step=577536 SPS=802 w_ev=0.451 m_ev=0.991 m_v_bias=-1.1 m_adv_std=15.8290 m_kl_max=0.0112 m_ratio_max=0.742 w_ax@goal=+1.62 w_v@goal=3.57 return=1008.6 length=82 success_rate=1.00 collisions/ep=0.08 (n=26)
update=283 global_step=579584 SPS=803 w_ev=0.448 m_ev=0.985 m_v_bias=2.7 m_adv_std=20.6261 m_kl_max=0.0235 m_ratio_max=1.579 w_ax@goal=+1.55 w_v@goal=3.59 return=995.5 length=81 success_rate=1.00 collisions/ep=0.37 (n=27)
update=284 global_step=581632 SPS=804 w_ev=0.443 m_ev=0.967 m_v_bias=2.9 m_adv_std=30.3945 m_kl_max=0.0138 m_ratio_max=1.520 w_ax@goal=+1.62 w_v@goal=3.65 return=994.0 length=79 success_rate=1.00 collisions/ep=0.36 (n=25)
update=285 global_step=583680 SPS=805 w_ev=0.392 m_ev=0.985 m_v_bias=2.1 m_adv_std=20.1238 m_kl_max=0.0119 m_ratio_max=0.893 w_ax@goal=+1.53 w_v@goal=3.58 return=993.6 length=80 success_rate=1.00 collisions/ep=0.38 (n=24)
Evaluation at update 285: return=1012.28, length=77.85, success_rate=1.00, collisions/ep=0.00
Solved-check at update 285: solved=False worst_gap=50.21 at p_x0=2.00 p_y0=-1.00 (consecutive=0)
update=286 global_step=585728 SPS=801 w_ev=0.393 m_ev=0.998 m_v_bias=-6.1 m_adv_std=6.6005 m_kl_max=0.0076 m_ratio_max=0.510 w_ax@goal=+1.57 w_v@goal=3.75 return=1012.1 length=79 success_rate=1.00 collisions/ep=0.04 (n=27)
update=287 global_step=587776 SPS=801 w_ev=0.486 m_ev=0.994 m_v_bias=1.2 m_adv_std=12.7458 m_kl_max=0.0086 m_ratio_max=0.738 w_ax@goal=+1.61 w_v@goal=3.53 return=1006.5 length=78 success_rate=1.00 collisions/ep=0.15 (n=27)
update=288 global_step=589824 SPS=802 w_ev=0.523 m_ev=0.990 m_v_bias=1.1 m_adv_std=15.1606 m_kl_max=0.0126 m_ratio_max=0.860 w_ax@goal=+1.56 w_v@goal=3.32 return=1001.9 length=78 success_rate=1.00 collisions/ep=0.20 (n=25)
update=289 global_step=591872 SPS=803 w_ev=0.483 m_ev=0.996 m_v_bias=0.1 m_adv_std=10.4299 m_kl_max=0.0194 m_ratio_max=0.736 w_ax@goal=+1.62 w_v@goal=3.38 return=1002.0 length=79 success_rate=1.00 collisions/ep=0.20 (n=25)
update=290 global_step=593920 SPS=804 w_ev=0.461 m_ev=0.997 m_v_bias=0.5 m_adv_std=8.9887 m_kl_max=0.0336 m_ratio_max=1.344 w_ax@goal=+1.55 w_v@goal=3.40 return=1006.9 length=80 success_rate=1.00 collisions/ep=0.12 (n=26)
Evaluation at update 290: return=1012.27, length=77.85, success_rate=1.00, collisions/ep=0.00
Solved-check at update 290: solved=True worst_gap=1.01 at p_x0=0.00 p_y0=-1.00 (consecutive=0)
update=291 global_step=595968 SPS=801 w_ev=0.436 m_ev=0.984 m_v_bias=4.7 m_adv_std=20.5410 m_kl_max=0.0205 m_ratio_max=1.824 w_ax@goal=+1.55 w_v@goal=3.69 return=992.1 length=77 success_rate=1.00 collisions/ep=0.43 (n=28)
update=292 global_step=598016 SPS=802 w_ev=0.469 m_ev=0.998 m_v_bias=-5.9 m_adv_std=6.7901 m_kl_max=0.0077 m_ratio_max=0.515 w_ax@goal=+1.67 w_v@goal=3.35 return=1009.0 length=81 success_rate=1.00 collisions/ep=0.08 (n=25)
update=293 global_step=600064 SPS=803 w_ev=0.436 m_ev=0.994 m_v_bias=1.5 m_adv_std=12.4165 m_kl_max=0.0187 m_ratio_max=0.606 w_ax@goal=+1.75 w_v@goal=3.69 return=1005.1 length=79 success_rate=1.00 collisions/ep=0.15 (n=27)
update=294 global_step=602112 SPS=804 w_ev=0.363 m_ev=0.991 m_v_bias=1.9 m_adv_std=14.9341 m_kl_max=0.0079 m_ratio_max=0.870 w_ax@goal=+1.59 w_v@goal=3.61 return=995.5 length=80 success_rate=1.00 collisions/ep=0.33 (n=24)
update=295 global_step=604160 SPS=805 w_ev=0.407 m_ev=0.992 m_v_bias=1.1 m_adv_std=14.5238 m_kl_max=0.0069 m_ratio_max=0.565 w_ax@goal=+1.58 w_v@goal=3.72 return=991.3 length=77 success_rate=1.00 collisions/ep=0.41 (n=27)
Evaluation at update 295: return=1012.15, length=78.00, success_rate=1.00, collisions/ep=0.00
Solved-check at update 295: solved=True worst_gap=0.99 at p_x0=0.50 p_y0=-1.00 (consecutive=1)
update=296 global_step=606208 SPS=801 w_ev=0.422 m_ev=0.988 m_v_bias=1.9 m_adv_std=17.9534 m_kl_max=0.0104 m_ratio_max=0.846 w_ax@goal=+1.62 w_v@goal=3.56 return=990.8 length=80 success_rate=1.00 collisions/ep=0.42 (n=24)
update=297 global_step=608256 SPS=803 w_ev=0.415 m_ev=0.965 m_v_bias=3.6 m_adv_std=31.7970 m_kl_max=0.0108 m_ratio_max=0.652 w_ax@goal=+1.50 w_v@goal=3.60 return=973.6 length=80 success_rate=1.00 collisions/ep=0.77 (n=26)
update=298 global_step=610304 SPS=803 w_ev=0.440 m_ev=0.983 m_v_bias=2.1 m_adv_std=22.9145 m_kl_max=0.0078 m_ratio_max=1.254 w_ax@goal=+1.42 w_v@goal=3.55 return=967.6 length=81 success_rate=1.00 collisions/ep=0.88 (n=26)
update=299 global_step=612352 SPS=804 w_ev=0.405 m_ev=0.985 m_v_bias=1.3 m_adv_std=21.0614 m_kl_max=0.0031 m_ratio_max=0.381 w_ax@goal=+1.42 w_v@goal=3.71 return=968.8 length=78 success_rate=1.00 collisions/ep=0.86 (n=28)
update=300 global_step=614400 SPS=805 w_ev=0.488 m_ev=0.983 m_v_bias=3.0 m_adv_std=23.0453 m_kl_max=0.0105 m_ratio_max=0.552 w_ax@goal=+1.50 w_v@goal=3.41 return=949.0 length=78 success_rate=1.00 collisions/ep=1.24 (n=25)
Evaluation at update 300: return=961.70, length=78.35, success_rate=1.00, collisions/ep=1.00
Solved-check at update 300: solved=False worst_gap=101.02 at p_x0=2.00 p_y0=-1.00 (consecutive=2)
update=301 global_step=616448 SPS=802 w_ev=0.469 m_ev=0.976 m_v_bias=1.8 m_adv_std=27.4277 m_kl_max=0.0133 m_ratio_max=0.661 w_ax@goal=+1.43 w_v@goal=3.20 return=943.8 length=79 success_rate=1.00 collisions/ep=1.35 (n=26)
update=302 global_step=618496 SPS=803 w_ev=0.485 m_ev=0.965 m_v_bias=7.8 m_adv_std=34.5229 m_kl_max=0.0100 m_ratio_max=0.871 w_ax@goal=+1.44 w_v@goal=3.28 return=930.6 length=79 success_rate=1.00 collisions/ep=1.60 (n=25)
update=303 global_step=620544 SPS=804 w_ev=0.512 m_ev=0.981 m_v_bias=1.7 m_adv_std=25.5314 m_kl_max=0.0101 m_ratio_max=0.659 w_ax@goal=+1.57 w_v@goal=3.12 return=924.0 length=79 success_rate=1.00 collisions/ep=1.75 (n=28)
update=304 global_step=622592 SPS=805 w_ev=0.574 m_ev=0.977 m_v_bias=-6.3 m_adv_std=26.8731 m_kl_max=0.0070 m_ratio_max=0.499 w_ax@goal=+1.58 w_v@goal=3.01 return=936.7 length=79 success_rate=1.00 collisions/ep=1.50 (n=24)
update=305 global_step=624640 SPS=806 w_ev=0.515 m_ev=0.965 m_v_bias=9.8 m_adv_std=33.6946 m_kl_max=0.0107 m_ratio_max=0.683 w_ax@goal=+1.51 w_v@goal=3.09 return=911.6 length=79 success_rate=1.00 collisions/ep=2.00 (n=25)
Evaluation at update 305: return=957.18, length=77.90, success_rate=1.00, collisions/ep=1.10
Solved-check at update 305: solved=False worst_gap=100.93 at p_x0=0.50 p_y0=-1.00 (consecutive=0)
update=306 global_step=626688 SPS=802 w_ev=0.538 m_ev=0.985 m_v_bias=1.3 m_adv_std=23.3233 m_kl_max=0.0182 m_ratio_max=1.137 w_ax@goal=+1.56 w_v@goal=2.95 return=925.8 length=79 success_rate=1.00 collisions/ep=1.71 (n=28)
update=307 global_step=628736 SPS=803 w_ev=0.550 m_ev=0.971 m_v_bias=4.9 m_adv_std=31.7175 m_kl_max=0.0151 m_ratio_max=1.053 w_ax@goal=+1.62 w_v@goal=2.90 return=917.7 length=80 success_rate=1.00 collisions/ep=1.88 (n=26)
update=308 global_step=630784 SPS=804 w_ev=0.512 m_ev=0.948 m_v_bias=-1.2 m_adv_std=43.4670 m_kl_max=0.0025 m_ratio_max=0.336 w_ax@goal=+1.51 w_v@goal=2.92 return=920.7 length=80 success_rate=1.00 collisions/ep=1.83 (n=24)
update=309 global_step=632832 SPS=805 w_ev=0.537 m_ev=0.958 m_v_bias=1.7 m_adv_std=37.9483 m_kl_max=0.0052 m_ratio_max=0.462 w_ax@goal=+1.60 w_v@goal=2.87 return=917.2 length=78 success_rate=1.00 collisions/ep=1.88 (n=26)
update=310 global_step=634880 SPS=806 w_ev=0.616 m_ev=0.969 m_v_bias=7.3 m_adv_std=33.0753 m_kl_max=0.0130 m_ratio_max=0.943 w_ax@goal=+1.69 w_v@goal=2.80 return=908.0 length=78 success_rate=1.00 collisions/ep=2.08 (n=25)
Evaluation at update 310: return=954.81, length=77.80, success_rate=1.00, collisions/ep=1.15
Solved-check at update 310: solved=False worst_gap=100.92 at p_x0=0.00 p_y0=-1.00 (consecutive=0)
update=311 global_step=636928 SPS=803 w_ev=0.638 m_ev=0.939 m_v_bias=10.3 m_adv_std=50.7535 m_kl_max=0.0059 m_ratio_max=0.539 w_ax@goal=+1.54 w_v@goal=2.69 return=872.8 length=79 success_rate=1.00 collisions/ep=2.79 (n=28)
update=312 global_step=638976 SPS=804 w_ev=0.675 m_ev=0.972 m_v_bias=-10.0 m_adv_std=32.7585 m_kl_max=0.0079 m_ratio_max=0.641 w_ax@goal=+1.66 w_v@goal=2.47 return=925.8 length=79 success_rate=1.00 collisions/ep=1.73 (n=26)
update=313 global_step=641024 SPS=805 w_ev=0.657 m_ev=0.959 m_v_bias=6.6 m_adv_std=39.4867 m_kl_max=0.0024 m_ratio_max=0.278 w_ax@goal=+1.64 w_v@goal=2.53 return=878.4 length=79 success_rate=1.00 collisions/ep=2.68 (n=25)
update=314 global_step=643072 SPS=806 w_ev=0.657 m_ev=0.954 m_v_bias=10.4 m_adv_std=42.5539 m_kl_max=0.0080 m_ratio_max=0.460 w_ax@goal=+1.58 w_v@goal=2.50 return=884.3 length=80 success_rate=1.00 collisions/ep=2.56 (n=25)
update=315 global_step=645120 SPS=807 w_ev=0.714 m_ev=0.955 m_v_bias=-5.0 m_adv_std=42.9424 m_kl_max=0.0055 m_ratio_max=0.462 w_ax@goal=+1.61 w_v@goal=2.43 return=884.7 length=79 success_rate=1.00 collisions/ep=2.56 (n=27)
Evaluation at update 315: return=932.31, length=77.80, success_rate=1.00, collisions/ep=1.60
Solved-check at update 315: solved=False worst_gap=450.35 at p_x0=1.50 p_y0=-1.00 (consecutive=0)
update=316 global_step=647168 SPS=803 w_ev=0.675 m_ev=0.973 m_v_bias=-14.4 m_adv_std=31.7640 m_kl_max=0.0056 m_ratio_max=0.423 w_ax@goal=+1.67 w_v@goal=2.46 return=926.2 length=80 success_rate=1.00 collisions/ep=1.72 (n=25)
update=317 global_step=649216 SPS=804 w_ev=0.665 m_ev=0.953 m_v_bias=-2.3 m_adv_std=42.2757 m_kl_max=0.0062 m_ratio_max=0.510 w_ax@goal=+1.63 w_v@goal=2.47 return=895.0 length=79 success_rate=1.00 collisions/ep=2.35 (n=26)
update=318 global_step=651264 SPS=805 w_ev=0.637 m_ev=0.966 m_v_bias=4.4 m_adv_std=36.1746 m_kl_max=0.0068 m_ratio_max=0.592 w_ax@goal=+1.66 w_v@goal=2.47 return=896.6 length=79 success_rate=1.00 collisions/ep=2.35 (n=26)
update=319 global_step=653312 SPS=806 w_ev=0.699 m_ev=0.943 m_v_bias=-1.1 m_adv_std=48.2724 m_kl_max=0.0150 m_ratio_max=0.968 w_ax@goal=+1.65 w_v@goal=2.52 return=888.5 length=79 success_rate=1.00 collisions/ep=2.46 (n=26)
update=320 global_step=655360 SPS=807 w_ev=0.617 m_ev=0.951 m_v_bias=-7.9 m_adv_std=42.9857 m_kl_max=0.0045 m_ratio_max=0.443 w_ax@goal=+1.58 w_v@goal=2.61 return=926.0 length=81 success_rate=1.00 collisions/ep=1.72 (n=25)
Evaluation at update 320: return=764.62, length=78.05, success_rate=1.00, collisions/ep=5.75
Solved-check at update 320: solved=False worst_gap=451.03 at p_x0=0.00 p_y0=-1.00 (consecutive=0)
update=321 global_step=657408 SPS=804 w_ev=0.570 m_ev=0.919 m_v_bias=32.6 m_adv_std=63.3729 m_kl_max=0.0072 m_ratio_max=0.472 w_ax@goal=+1.57 w_v@goal=2.99 return=811.3 length=80 success_rate=1.00 collisions/ep=4.12 (n=26)
update=322 global_step=659456 SPS=805 w_ev=0.604 m_ev=0.947 m_v_bias=-15.3 m_adv_std=49.8487 m_kl_max=0.0163 m_ratio_max=1.020 w_ax@goal=+1.62 w_v@goal=2.99 return=845.5 length=80 success_rate=1.00 collisions/ep=3.48 (n=27)
update=323 global_step=661504 SPS=806 w_ev=0.524 m_ev=0.941 m_v_bias=-6.9 m_adv_std=48.1948 m_kl_max=0.0090 m_ratio_max=0.599 w_ax@goal=+1.61 w_v@goal=3.04 return=882.4 length=82 success_rate=1.00 collisions/ep=2.79 (n=24)
update=324 global_step=663552 SPS=807 w_ev=0.521 m_ev=0.955 m_v_bias=-1.7 m_adv_std=41.9683 m_kl_max=0.0190 m_ratio_max=0.716 w_ax@goal=+1.63 w_v@goal=3.17 return=910.6 length=80 success_rate=1.00 collisions/ep=2.12 (n=24)
update=325 global_step=665600 SPS=808 w_ev=0.538 m_ev=0.970 m_v_bias=-17.2 m_adv_std=33.3115 m_kl_max=0.0180 m_ratio_max=0.631 w_ax@goal=+1.60 w_v@goal=3.20 return=903.7 length=79 success_rate=1.00 collisions/ep=2.35 (n=26)
Evaluation at update 325: return=907.11, length=78.05, success_rate=1.00, collisions/ep=2.10
Solved-check at update 325: solved=False worst_gap=450.74 at p_x0=1.50 p_y0=-1.00 (consecutive=0)
update=326 global_step=667648 SPS=804 w_ev=0.524 m_ev=0.957 m_v_bias=-3.7 m_adv_std=40.4415 m_kl_max=0.0209 m_ratio_max=0.839 w_ax@goal=+1.72 w_v@goal=3.28 return=919.6 length=79 success_rate=1.00 collisions/ep=1.96 (n=25)
update=327 global_step=669696 SPS=805 w_ev=0.513 m_ev=0.967 m_v_bias=-4.1 m_adv_std=36.8032 m_kl_max=0.0258 m_ratio_max=1.268 w_ax@goal=+1.57 w_v@goal=3.39 return=926.6 length=79 success_rate=1.00 collisions/ep=1.72 (n=29)
update=328 global_step=671744 SPS=806 w_ev=0.562 m_ev=0.972 m_v_bias=-4.6 m_adv_std=31.6560 m_kl_max=0.0096 m_ratio_max=0.629 w_ax@goal=+1.66 w_v@goal=3.22 return=917.3 length=79 success_rate=1.00 collisions/ep=1.88 (n=25)
update=329 global_step=673792 SPS=807 w_ev=0.454 m_ev=0.944 m_v_bias=15.9 m_adv_std=45.9562 m_kl_max=0.0178 m_ratio_max=0.950 w_ax@goal=+1.52 w_v@goal=3.31 return=906.8 length=79 success_rate=1.00 collisions/ep=2.25 (n=24)
update=330 global_step=675840 SPS=808 w_ev=0.479 m_ev=0.957 m_v_bias=-11.1 m_adv_std=40.6813 m_kl_max=0.0260 m_ratio_max=0.836 w_ax@goal=+1.41 w_v@goal=3.40 return=922.1 length=80 success_rate=1.00 collisions/ep=1.77 (n=26)
Evaluation at update 330: return=966.65, length=78.35, success_rate=1.00, collisions/ep=0.90
Solved-check at update 330: solved=False worst_gap=401.47 at p_x0=1.00 p_y0=-1.00 (consecutive=0)
update=331 global_step=677888 SPS=804 w_ev=0.495 m_ev=0.961 m_v_bias=-4.2 m_adv_std=35.6628 m_kl_max=0.0318 m_ratio_max=1.188 w_ax@goal=+1.48 w_v@goal=3.39 return=970.1 length=81 success_rate=1.00 collisions/ep=0.85 (n=26)
update=332 global_step=679936 SPS=805 w_ev=0.478 m_ev=0.974 m_v_bias=2.5 m_adv_std=30.1394 m_kl_max=0.0272 m_ratio_max=0.900 w_ax@goal=+1.43 w_v@goal=3.30 return=926.3 length=81 success_rate=1.00 collisions/ep=1.72 (n=25)
update=333 global_step=681984 SPS=806 w_ev=0.481 m_ev=0.967 m_v_bias=-2.0 m_adv_std=35.0953 m_kl_max=0.0166 m_ratio_max=0.813 w_ax@goal=+1.34 w_v@goal=3.57 return=943.8 length=85 success_rate=1.00 collisions/ep=1.32 (n=25)
update=334 global_step=684032 SPS=807 w_ev=0.476 m_ev=0.952 m_v_bias=2.5 m_adv_std=41.0849 m_kl_max=0.0088 m_ratio_max=0.438 w_ax@goal=+1.27 w_v@goal=3.46 return=940.0 length=81 success_rate=1.00 collisions/ep=1.40 (n=25)
update=335 global_step=686080 SPS=808 w_ev=0.531 m_ev=0.984 m_v_bias=-5.5 m_adv_std=23.2290 m_kl_max=0.0233 m_ratio_max=1.153 w_ax@goal=+1.35 w_v@goal=3.34 return=972.0 length=84 success_rate=1.00 collisions/ep=0.75 (n=24)
Evaluation at update 335: return=1003.60, length=79.05, success_rate=1.00, collisions/ep=0.15
Solved-check at update 335: solved=False worst_gap=52.44 at p_x0=0.00 p_y0=-1.00 (consecutive=0)
update=336 global_step=688128 SPS=804 w_ev=0.492 m_ev=0.967 m_v_bias=-6.6 m_adv_std=32.1020 m_kl_max=0.0104 m_ratio_max=0.743 w_ax@goal=+1.50 w_v@goal=3.48 return=981.7 length=81 success_rate=1.00 collisions/ep=0.56 (n=25)
update=337 global_step=690176 SPS=805 w_ev=0.530 m_ev=0.982 m_v_bias=1.3 m_adv_std=23.2888 m_kl_max=0.0108 m_ratio_max=0.722 w_ax@goal=+1.43 w_v@goal=3.31 return=973.2 length=82 success_rate=1.00 collisions/ep=0.81 (n=26)
update=338 global_step=692224 SPS=806 w_ev=0.467 m_ev=0.986 m_v_bias=1.7 m_adv_std=21.0129 m_kl_max=0.0061 m_ratio_max=0.428 w_ax@goal=+1.37 w_v@goal=3.17 return=978.9 length=83 success_rate=1.00 collisions/ep=0.58 (n=24)
update=339 global_step=694272 SPS=807 w_ev=0.463 m_ev=0.990 m_v_bias=-6.0 m_adv_std=17.3830 m_kl_max=0.0172 m_ratio_max=0.702 w_ax@goal=+1.41 w_v@goal=3.35 return=984.9 length=83 success_rate=1.00 collisions/ep=0.50 (n=24)
update=340 global_step=696320 SPS=808 w_ev=0.455 m_ev=0.989 m_v_bias=0.9 m_adv_std=18.3073 m_kl_max=0.0123 m_ratio_max=0.907 w_ax@goal=+1.32 w_v@goal=3.40 return=989.6 length=85 success_rate=1.00 collisions/ep=0.38 (n=24)
Evaluation at update 340: return=1008.18, length=81.95, success_rate=1.00, collisions/ep=0.00
Solved-check at update 340: solved=False worst_gap=58.37 at p_x0=2.00 p_y0=-1.00 (consecutive=0)
update=341 global_step=698368 SPS=805 w_ev=0.442 m_ev=0.971 m_v_bias=4.7 m_adv_std=30.3044 m_kl_max=0.0106 m_ratio_max=0.794 w_ax@goal=+1.26 w_v@goal=3.34 return=992.6 length=85 success_rate=1.00 collisions/ep=0.29 (n=24)
update=342 global_step=700416 SPS=806 w_ev=0.470 m_ev=0.983 m_v_bias=2.9 m_adv_std=23.7447 m_kl_max=0.0096 m_ratio_max=0.657 w_ax@goal=+1.29 w_v@goal=3.34 return=965.8 length=88 success_rate=1.00 collisions/ep=0.75 (n=24)
update=343 global_step=702464 SPS=807 w_ev=0.400 m_ev=0.990 m_v_bias=-3.3 m_adv_std=18.0324 m_kl_max=0.0152 m_ratio_max=0.784 w_ax@goal=+1.11 w_v@goal=3.39 return=990.5 length=85 success_rate=1.00 collisions/ep=0.29 (n=24)
update=344 global_step=704512 SPS=808 w_ev=0.392 m_ev=0.995 m_v_bias=-5.5 m_adv_std=11.8336 m_kl_max=0.0322 m_ratio_max=3.525 w_ax@goal=+1.23 w_v@goal=3.47 return=1002.5 length=85 success_rate=1.00 collisions/ep=0.08 (n=25)
update=345 global_step=706560 SPS=809 w_ev=0.457 m_ev=0.976 m_v_bias=2.3 m_adv_std=27.0090 m_kl_max=0.0182 m_ratio_max=1.870 w_ax@goal=+1.23 w_v@goal=3.46 return=987.9 length=84 success_rate=1.00 collisions/ep=0.38 (n=24)
Evaluation at update 345: return=1009.65, length=80.45, success_rate=1.00, collisions/ep=0.00
Solved-check at update 345: solved=False worst_gap=55.90 at p_x0=2.00 p_y0=-1.00 (consecutive=0)
update=346 global_step=708608 SPS=806 w_ev=0.435 m_ev=0.988 m_v_bias=-0.5 m_adv_std=18.5135 m_kl_max=0.0090 m_ratio_max=0.737 w_ax@goal=+1.22 w_v@goal=3.51 return=998.1 length=82 success_rate=1.00 collisions/ep=0.23 (n=26)
update=347 global_step=710656 SPS=807 w_ev=0.493 m_ev=0.992 m_v_bias=1.4 m_adv_std=14.6112 m_kl_max=0.0042 m_ratio_max=0.448 w_ax@goal=+1.26 w_v@goal=3.41 return=995.9 length=83 success_rate=1.00 collisions/ep=0.33 (n=24)
update=348 global_step=712704 SPS=807 w_ev=0.519 m_ev=0.955 m_v_bias=9.7 m_adv_std=37.6524 m_kl_max=0.0176 m_ratio_max=1.188 w_ax@goal=+1.25 w_v@goal=3.43 return=970.1 length=82 success_rate=1.00 collisions/ep=0.83 (n=24)
update=349 global_step=714752 SPS=808 w_ev=0.508 m_ev=0.987 m_v_bias=-4.9 m_adv_std=19.2725 m_kl_max=0.0191 m_ratio_max=0.790 w_ax@goal=+1.26 w_v@goal=3.34 return=976.2 length=84 success_rate=1.00 collisions/ep=0.71 (n=24)
update=350 global_step=716800 SPS=809 w_ev=0.467 m_ev=0.980 m_v_bias=2.4 m_adv_std=24.4279 m_kl_max=0.0120 m_ratio_max=0.486 w_ax@goal=+1.35 w_v@goal=3.52 return=984.5 length=84 success_rate=1.00 collisions/ep=0.50 (n=24)
Evaluation at update 350: return=1011.06, length=79.25, success_rate=1.00, collisions/ep=0.00
Solved-check at update 350: solved=False worst_gap=53.21 at p_x0=1.50 p_y0=-1.00 (consecutive=0)
update=351 global_step=718848 SPS=806 w_ev=0.513 m_ev=0.984 m_v_bias=0.8 m_adv_std=22.0556 m_kl_max=0.0079 m_ratio_max=0.579 w_ax@goal=+1.32 w_v@goal=3.31 return=975.2 length=82 success_rate=1.00 collisions/ep=0.69 (n=26)
update=352 global_step=720896 SPS=807 w_ev=0.496 m_ev=0.969 m_v_bias=-1.7 m_adv_std=30.8853 m_kl_max=0.0111 m_ratio_max=0.445 w_ax@goal=+1.21 w_v@goal=3.14 return=985.6 length=82 success_rate=1.00 collisions/ep=0.46 (n=24)
update=353 global_step=722944 SPS=808 w_ev=0.485 m_ev=0.988 m_v_bias=-0.3 m_adv_std=19.0680 m_kl_max=0.0269 m_ratio_max=1.839 w_ax@goal=+1.28 w_v@goal=3.25 return=980.6 length=81 success_rate=1.00 collisions/ep=0.67 (n=27)
update=354 global_step=724992 SPS=809 w_ev=0.517 m_ev=0.981 m_v_bias=-5.7 m_adv_std=23.3823 m_kl_max=0.0040 m_ratio_max=0.312 w_ax@goal=+1.44 w_v@goal=3.25 return=989.6 length=80 success_rate=1.00 collisions/ep=0.40 (n=25)
update=355 global_step=727040 SPS=810 w_ev=0.534 m_ev=0.988 m_v_bias=1.8 m_adv_std=18.9331 m_kl_max=0.0237 m_ratio_max=1.087 w_ax@goal=+1.37 w_v@goal=3.15 return=989.5 length=84 success_rate=1.00 collisions/ep=0.42 (n=24)
Evaluation at update 355: return=1006.33, length=78.95, success_rate=1.00, collisions/ep=0.10
Solved-check at update 355: solved=False worst_gap=52.66 at p_x0=0.50 p_y0=-1.00 (consecutive=0)
update=356 global_step=729088 SPS=806 w_ev=0.528 m_ev=0.988 m_v_bias=1.4 m_adv_std=19.1235 m_kl_max=0.0090 m_ratio_max=0.829 w_ax@goal=+1.19 w_v@goal=3.19 return=995.6 length=83 success_rate=1.00 collisions/ep=0.29 (n=24)
update=357 global_step=731136 SPS=807 w_ev=0.485 m_ev=0.995 m_v_bias=-2.9 m_adv_std=11.5841 m_kl_max=0.0071 m_ratio_max=0.489 w_ax@goal=+1.17 w_v@goal=3.32 return=989.4 length=82 success_rate=1.00 collisions/ep=0.40 (n=25)
update=358 global_step=733184 SPS=808 w_ev=0.400 m_ev=0.984 m_v_bias=2.0 m_adv_std=22.0520 m_kl_max=0.0167 m_ratio_max=1.484 w_ax@goal=+1.38 w_v@goal=3.33 return=989.3 length=83 success_rate=1.00 collisions/ep=0.38 (n=26)
update=359 global_step=735232 SPS=809 w_ev=0.425 m_ev=0.994 m_v_bias=-0.2 m_adv_std=12.9595 m_kl_max=0.0063 m_ratio_max=0.582 w_ax@goal=+1.20 w_v@goal=3.34 return=990.3 length=82 success_rate=1.00 collisions/ep=0.38 (n=24)
update=360 global_step=737280 SPS=809 w_ev=0.496 m_ev=0.981 m_v_bias=2.5 m_adv_std=24.0536 m_kl_max=0.0119 m_ratio_max=0.771 w_ax@goal=+1.27 w_v@goal=3.42 return=983.8 length=83 success_rate=1.00 collisions/ep=0.50 (n=26)
Evaluation at update 360: return=1005.55, length=79.60, success_rate=1.00, collisions/ep=0.10
Solved-check at update 360: solved=False worst_gap=54.56 at p_x0=1.00 p_y0=-1.00 (consecutive=0)
update=361 global_step=739328 SPS=806 w_ev=0.505 m_ev=0.991 m_v_bias=-1.2 m_adv_std=16.1118 m_kl_max=0.0125 m_ratio_max=0.909 w_ax@goal=+1.25 w_v@goal=3.32 return=986.5 length=82 success_rate=1.00 collisions/ep=0.46 (n=24)
update=362 global_step=741376 SPS=807 w_ev=0.417 m_ev=0.983 m_v_bias=1.2 m_adv_std=22.2580 m_kl_max=0.0205 m_ratio_max=1.096 w_ax@goal=+1.17 w_v@goal=3.46 return=996.2 length=83 success_rate=1.00 collisions/ep=0.29 (n=24)
update=363 global_step=743424 SPS=808 w_ev=0.397 m_ev=0.988 m_v_bias=3.8 m_adv_std=18.4498 m_kl_max=0.0203 m_ratio_max=0.820 w_ax@goal=+1.23 w_v@goal=3.40 return=985.5 length=82 success_rate=1.00 collisions/ep=0.48 (n=25)
update=364 global_step=745472 SPS=808 w_ev=0.461 m_ev=0.991 m_v_bias=-3.6 m_adv_std=16.3082 m_kl_max=0.0113 m_ratio_max=0.779 w_ax@goal=+1.01 w_v@goal=3.48 return=1000.4 length=84 success_rate=1.00 collisions/ep=0.15 (n=26)
update=365 global_step=747520 SPS=809 w_ev=0.488 m_ev=0.993 m_v_bias=-2.7 m_adv_std=13.3298 m_kl_max=0.0197 m_ratio_max=0.661 w_ax@goal=+1.09 w_v@goal=3.37 return=995.3 length=83 success_rate=1.00 collisions/ep=0.25 (n=24)
Evaluation at update 365: return=1011.02, length=79.20, success_rate=1.00, collisions/ep=0.00
Solved-check at update 365: solved=False worst_gap=52.32 at p_x0=1.50 p_y0=-1.00 (consecutive=0)
update=366 global_step=749568 SPS=806 w_ev=0.475 m_ev=0.983 m_v_bias=3.7 m_adv_std=21.8428 m_kl_max=0.0127 m_ratio_max=0.610 w_ax@goal=+1.13 w_v@goal=3.34 return=993.0 length=83 success_rate=1.00 collisions/ep=0.33 (n=24)
update=367 global_step=751616 SPS=807 w_ev=0.427 m_ev=0.976 m_v_bias=5.0 m_adv_std=25.9715 m_kl_max=0.0305 m_ratio_max=0.985 w_ax@goal=+1.00 w_v@goal=3.55 return=982.4 length=83 success_rate=1.00 collisions/ep=0.62 (n=24)
update=368 global_step=753664 SPS=808 w_ev=0.433 m_ev=0.995 m_v_bias=-6.2 m_adv_std=12.0409 m_kl_max=0.0095 m_ratio_max=0.618 w_ax@goal=+1.05 w_v@goal=3.36 return=1003.8 length=83 success_rate=1.00 collisions/ep=0.12 (n=24)
update=369 global_step=755712 SPS=809 w_ev=0.475 m_ev=0.980 m_v_bias=1.7 m_adv_std=24.0394 m_kl_max=0.0139 m_ratio_max=0.610 w_ax@goal=+1.22 w_v@goal=3.31 return=984.2 length=79 success_rate=1.00 collisions/ep=0.56 (n=27)
update=370 global_step=757760 SPS=809 w_ev=0.464 m_ev=0.995 m_v_bias=-3.4 m_adv_std=11.9776 m_kl_max=0.0144 m_ratio_max=0.775 w_ax@goal=+1.01 w_v@goal=3.37 return=1002.4 length=83 success_rate=1.00 collisions/ep=0.16 (n=25)
Evaluation at update 370: return=1006.44, length=78.80, success_rate=1.00, collisions/ep=0.10
Solved-check at update 370: solved=False worst_gap=51.93 at p_x0=1.00 p_y0=-1.00 (consecutive=0)
update=371 global_step=759808 SPS=806 w_ev=0.528 m_ev=0.975 m_v_bias=7.8 m_adv_std=27.0583 m_kl_max=0.0118 m_ratio_max=0.923 w_ax@goal=+1.14 w_v@goal=3.29 return=971.3 length=80 success_rate=1.00 collisions/ep=0.77 (n=26)
update=372 global_step=761856 SPS=807 w_ev=0.512 m_ev=0.992 m_v_bias=-3.4 m_adv_std=14.9317 m_kl_max=0.0214 m_ratio_max=1.065 w_ax@goal=+1.18 w_v@goal=3.09 return=1004.4 length=80 success_rate=1.00 collisions/ep=0.12 (n=25)
update=373 global_step=763904 SPS=808 w_ev=0.465 m_ev=0.996 m_v_bias=-1.7 m_adv_std=10.1316 m_kl_max=0.0093 m_ratio_max=0.552 w_ax@goal=+1.14 w_v@goal=3.16 return=1003.9 length=82 success_rate=1.00 collisions/ep=0.16 (n=25)
update=374 global_step=765952 SPS=809 w_ev=0.414 m_ev=0.994 m_v_bias=1.2 m_adv_std=12.7218 m_kl_max=0.0125 m_ratio_max=0.508 w_ax@goal=+1.16 w_v@goal=3.33 return=1003.5 length=83 success_rate=1.00 collisions/ep=0.21 (n=24)
update=375 global_step=768000 SPS=810 w_ev=0.444 m_ev=0.998 m_v_bias=-1.6 m_adv_std=7.5804 m_kl_max=0.0217 m_ratio_max=1.234 w_ax@goal=+1.17 w_v@goal=3.27 return=1007.9 length=85 success_rate=1.00 collisions/ep=0.04 (n=24)
Evaluation at update 375: return=1010.61, length=79.55, success_rate=1.00, collisions/ep=0.00
Solved-check at update 375: solved=False worst_gap=53.36 at p_x0=2.00 p_y0=-1.00 (consecutive=0)
update=376 global_step=770048 SPS=807 w_ev=0.410 m_ev=0.997 m_v_bias=0.8 m_adv_std=8.7724 m_kl_max=0.0185 m_ratio_max=0.782 w_ax@goal=+1.09 w_v@goal=3.48 return=1000.5 length=80 success_rate=1.00 collisions/ep=0.16 (n=25)
update=377 global_step=772096 SPS=807 w_ev=0.411 m_ev=0.996 m_v_bias=-0.1 m_adv_std=10.2922 m_kl_max=0.0209 m_ratio_max=0.817 w_ax@goal=+1.15 w_v@goal=3.47 return=1004.4 length=83 success_rate=1.00 collisions/ep=0.12 (n=25)
update=378 global_step=774144 SPS=808 w_ev=0.440 m_ev=0.989 m_v_bias=2.7 m_adv_std=17.7086 m_kl_max=0.0278 m_ratio_max=0.825 w_ax@goal=+1.12 w_v@goal=3.45 return=990.8 length=84 success_rate=1.00 collisions/ep=0.44 (n=25)
update=379 global_step=776192 SPS=809 w_ev=0.424 m_ev=0.997 m_v_bias=-2.9 m_adv_std=9.3660 m_kl_max=0.0162 m_ratio_max=0.627 w_ax@goal=+1.00 w_v@goal=3.49 return=1004.7 length=84 success_rate=1.00 collisions/ep=0.13 (n=23)
update=380 global_step=778240 SPS=810 w_ev=0.435 m_ev=0.967 m_v_bias=4.9 m_adv_std=31.4453 m_kl_max=0.0247 m_ratio_max=1.876 w_ax@goal=+1.14 w_v@goal=3.59 return=988.0 length=83 success_rate=1.00 collisions/ep=0.46 (n=26)
Evaluation at update 380: return=1010.36, length=79.85, success_rate=1.00, collisions/ep=0.00
Solved-check at update 380: solved=False worst_gap=54.14 at p_x0=2.00 p_y0=-1.00 (consecutive=0)
update=381 global_step=780288 SPS=807 w_ev=0.452 m_ev=0.989 m_v_bias=-3.6 m_adv_std=17.6905 m_kl_max=0.0277 m_ratio_max=0.809 w_ax@goal=+1.20 w_v@goal=3.51 return=1001.8 length=84 success_rate=1.00 collisions/ep=0.12 (n=24)
update=382 global_step=782336 SPS=808 w_ev=0.455 m_ev=0.997 m_v_bias=-1.2 m_adv_std=8.7735 m_kl_max=0.0125 m_ratio_max=0.716 w_ax@goal=+1.05 w_v@goal=3.50 return=1005.3 length=80 success_rate=1.00 collisions/ep=0.11 (n=28)
update=383 global_step=784384 SPS=808 w_ev=0.458 m_ev=0.999 m_v_bias=-1.2 m_adv_std=5.7922 m_kl_max=0.0127 m_ratio_max=1.220 w_ax@goal=+1.13 w_v@goal=3.42 return=1006.4 length=82 success_rate=1.00 collisions/ep=0.04 (n=24)
update=384 global_step=786432 SPS=809 w_ev=0.478 m_ev=0.998 m_v_bias=0.7 m_adv_std=7.6668 m_kl_max=0.0062 m_ratio_max=0.422 w_ax@goal=+1.16 w_v@goal=3.36 return=1002.9 length=81 success_rate=1.00 collisions/ep=0.17 (n=24)
update=385 global_step=788480 SPS=810 w_ev=0.460 m_ev=0.993 m_v_bias=1.6 m_adv_std=13.7318 m_kl_max=0.0131 m_ratio_max=0.624 w_ax@goal=+1.00 w_v@goal=3.41 return=1001.7 length=83 success_rate=1.00 collisions/ep=0.16 (n=25)
Evaluation at update 385: return=1010.52, length=79.60, success_rate=1.00, collisions/ep=0.00
Solved-check at update 385: solved=False worst_gap=53.18 at p_x0=2.00 p_y0=-1.00 (consecutive=0)
update=386 global_step=790528 SPS=807 w_ev=0.457 m_ev=0.998 m_v_bias=-1.9 m_adv_std=8.0032 m_kl_max=0.0182 m_ratio_max=0.894 w_ax@goal=+1.15 w_v@goal=3.32 return=1009.2 length=82 success_rate=1.00 collisions/ep=0.00 (n=26)
update=387 global_step=792576 SPS=808 w_ev=0.446 m_ev=0.993 m_v_bias=4.1 m_adv_std=13.4646 m_kl_max=0.0187 m_ratio_max=1.202 w_ax@goal=+0.88 w_v@goal=3.34 return=1000.7 length=85 success_rate=1.00 collisions/ep=0.25 (n=24)
update=388 global_step=794624 SPS=808 w_ev=0.447 m_ev=0.999 m_v_bias=-3.4 m_adv_std=5.0284 m_kl_max=0.0112 m_ratio_max=0.534 w_ax@goal=+0.99 w_v@goal=3.42 return=1009.4 length=82 success_rate=1.00 collisions/ep=0.00 (n=25)
update=389 global_step=796672 SPS=809 w_ev=0.461 m_ev=0.986 m_v_bias=2.9 m_adv_std=19.8603 m_kl_max=0.0195 m_ratio_max=1.123 w_ax@goal=+1.04 w_v@goal=3.48 return=990.1 length=81 success_rate=1.00 collisions/ep=0.38 (n=26)
update=390 global_step=798720 SPS=810 w_ev=0.474 m_ev=0.989 m_v_bias=0.0 m_adv_std=17.5891 m_kl_max=0.0140 m_ratio_max=0.629 w_ax@goal=+1.01 w_v@goal=3.31 return=999.8 length=84 success_rate=1.00 collisions/ep=0.16 (n=25)
Evaluation at update 390: return=1009.88, length=80.30, success_rate=1.00, collisions/ep=0.00
Solved-check at update 390: solved=False worst_gap=54.24 at p_x0=2.00 p_y0=-1.00 (consecutive=0)
update=391 global_step=800768 SPS=807 w_ev=0.434 m_ev=0.997 m_v_bias=-0.0 m_adv_std=8.4188 m_kl_max=0.0177 m_ratio_max=1.225 w_ax@goal=+0.88 w_v@goal=3.32 return=1005.6 length=83 success_rate=1.00 collisions/ep=0.04 (n=24)
update=392 global_step=802816 SPS=808 w_ev=0.459 m_ev=0.999 m_v_bias=-0.3 m_adv_std=5.9547 m_kl_max=0.0108 m_ratio_max=0.513 w_ax@goal=+0.90 w_v@goal=3.30 return=1008.4 length=83 success_rate=1.00 collisions/ep=0.00 (n=24)
update=393 global_step=804864 SPS=808 w_ev=0.450 m_ev=0.997 m_v_bias=2.6 m_adv_std=9.1553 m_kl_max=0.0217 m_ratio_max=1.374 w_ax@goal=+0.93 w_v@goal=3.40 return=1001.3 length=87 success_rate=1.00 collisions/ep=0.17 (n=23)
update=394 global_step=806912 SPS=809 w_ev=0.444 m_ev=0.998 m_v_bias=-2.2 m_adv_std=7.6276 m_kl_max=0.0100 m_ratio_max=0.636 w_ax@goal=+0.81 w_v@goal=3.43 return=1005.6 length=84 success_rate=1.00 collisions/ep=0.04 (n=24)
update=395 global_step=808960 SPS=810 w_ev=0.481 m_ev=0.997 m_v_bias=-0.2 m_adv_std=9.1672 m_kl_max=0.0157 m_ratio_max=0.702 w_ax@goal=+0.88 w_v@goal=3.41 return=1002.7 length=83 success_rate=1.00 collisions/ep=0.17 (n=24)
Evaluation at update 395: return=1010.52, length=79.55, success_rate=1.00, collisions/ep=0.00
Solved-check at update 395: solved=False worst_gap=53.33 at p_x0=1.50 p_y0=-1.00 (consecutive=0)
update=396 global_step=811008 SPS=807 w_ev=0.464 m_ev=0.999 m_v_bias=-3.3 m_adv_std=5.0427 m_kl_max=0.0108 m_ratio_max=0.589 w_ax@goal=+1.02 w_v@goal=3.42 return=1008.6 length=81 success_rate=1.00 collisions/ep=0.04 (n=27)
update=397 global_step=813056 SPS=807 w_ev=0.470 m_ev=0.996 m_v_bias=1.7 m_adv_std=10.7486 m_kl_max=0.0075 m_ratio_max=0.433 w_ax@goal=+0.77 w_v@goal=3.38 return=1008.2 length=83 success_rate=1.00 collisions/ep=0.04 (n=24)
update=398 global_step=815104 SPS=808 w_ev=0.501 m_ev=0.994 m_v_bias=-0.5 m_adv_std=13.1691 m_kl_max=0.0196 m_ratio_max=1.354 w_ax@goal=+0.98 w_v@goal=3.38 return=995.4 length=82 success_rate=1.00 collisions/ep=0.32 (n=25)
update=399 global_step=817152 SPS=809 w_ev=0.453 m_ev=0.999 m_v_bias=-0.8 m_adv_std=5.5088 m_kl_max=0.0187 m_ratio_max=0.684 w_ax@goal=+0.98 w_v@goal=3.36 return=1002.5 length=83 success_rate=1.00 collisions/ep=0.12 (n=24)
update=400 global_step=819200 SPS=810 w_ev=0.455 m_ev=0.980 m_v_bias=5.1 m_adv_std=24.6307 m_kl_max=0.0130 m_ratio_max=0.613 w_ax@goal=+0.89 w_v@goal=3.51 return=990.4 length=83 success_rate=1.00 collisions/ep=0.36 (n=25)
Evaluation at update 400: return=1009.66, length=80.70, success_rate=1.00, collisions/ep=0.00
Solved-check at update 400: solved=False worst_gap=56.02 at p_x0=1.50 p_y0=-1.00 (consecutive=0)
update=401 global_step=821248 SPS=807 w_ev=0.464 m_ev=0.996 m_v_bias=-1.7 m_adv_std=10.1628 m_kl_max=0.0104 m_ratio_max=0.661 w_ax@goal=+0.97 w_v@goal=3.47 return=1005.5 length=84 success_rate=1.00 collisions/ep=0.04 (n=25)
update=402 global_step=823296 SPS=807 w_ev=0.443 m_ev=0.998 m_v_bias=-0.1 m_adv_std=7.1372 m_kl_max=0.0099 m_ratio_max=0.536 w_ax@goal=+0.95 w_v@goal=3.54 return=1003.7 length=83 success_rate=1.00 collisions/ep=0.08 (n=25)
update=403 global_step=825344 SPS=808 w_ev=0.407 m_ev=0.997 m_v_bias=1.1 m_adv_std=8.5414 m_kl_max=0.0081 m_ratio_max=0.799 w_ax@goal=+0.83 w_v@goal=3.48 return=1000.6 length=85 success_rate=1.00 collisions/ep=0.12 (n=24)
update=404 global_step=827392 SPS=809 w_ev=0.407 m_ev=0.998 m_v_bias=0.3 m_adv_std=7.4325 m_kl_max=0.0108 m_ratio_max=0.574 w_ax@goal=+0.62 w_v@goal=3.52 return=1006.4 length=85 success_rate=1.00 collisions/ep=0.00 (n=23)
update=405 global_step=829440 SPS=810 w_ev=0.437 m_ev=0.992 m_v_bias=2.4 m_adv_std=15.5691 m_kl_max=0.0231 m_ratio_max=1.010 w_ax@goal=+0.85 w_v@goal=3.56 return=993.2 length=85 success_rate=1.00 collisions/ep=0.27 (n=26)
Evaluation at update 405: return=1009.32, length=80.80, success_rate=1.00, collisions/ep=0.00
Solved-check at update 405: solved=False worst_gap=55.76 at p_x0=2.00 p_y0=-1.00 (consecutive=0)
update=406 global_step=831488 SPS=807 w_ev=0.440 m_ev=0.996 m_v_bias=0.8 m_adv_std=11.0391 m_kl_max=0.0135 m_ratio_max=0.507 w_ax@goal=+0.70 w_v@goal=3.57 return=997.2 length=86 success_rate=1.00 collisions/ep=0.29 (n=21)
update=407 global_step=833536 SPS=808 w_ev=0.422 m_ev=0.995 m_v_bias=-0.3 m_adv_std=11.6630 m_kl_max=0.0318 m_ratio_max=1.571 w_ax@goal=+0.63 w_v@goal=3.66 return=1003.4 length=87 success_rate=1.00 collisions/ep=0.12 (n=25)
update=408 global_step=835584 SPS=809 w_ev=0.470 m_ev=0.998 m_v_bias=-2.2 m_adv_std=6.5959 m_kl_max=0.0110 m_ratio_max=0.732 w_ax@goal=+0.75 w_v@goal=3.57 return=1007.1 length=85 success_rate=1.00 collisions/ep=0.00 (n=24)
update=409 global_step=837632 SPS=810 w_ev=0.477 m_ev=0.990 m_v_bias=-0.3 m_adv_std=16.6502 m_kl_max=0.0167 m_ratio_max=0.597 w_ax@goal=+0.79 w_v@goal=3.49 return=999.9 length=82 success_rate=1.00 collisions/ep=0.21 (n=24)
update=410 global_step=839680 SPS=810 w_ev=0.492 m_ev=0.996 m_v_bias=1.1 m_adv_std=11.0209 m_kl_max=0.0158 m_ratio_max=0.908 w_ax@goal=+0.70 w_v@goal=3.50 return=1003.7 length=83 success_rate=1.00 collisions/ep=0.08 (n=25)
Evaluation at update 410: return=1010.23, length=79.90, success_rate=1.00, collisions/ep=0.00
Solved-check at update 410: solved=False worst_gap=53.85 at p_x0=1.50 p_y0=-1.00 (consecutive=0)
update=411 global_step=841728 SPS=808 w_ev=0.477 m_ev=0.966 m_v_bias=5.3 m_adv_std=32.6611 m_kl_max=0.0116 m_ratio_max=0.689 w_ax@goal=+0.70 w_v@goal=3.50 return=994.3 length=84 success_rate=1.00 collisions/ep=0.27 (n=26)
update=412 global_step=843776 SPS=809 w_ev=0.450 m_ev=0.994 m_v_bias=-1.9 m_adv_std=13.0400 m_kl_max=0.0158 m_ratio_max=0.929 w_ax@goal=+0.73 w_v@goal=3.51 return=1002.7 length=85 success_rate=1.00 collisions/ep=0.09 (n=23)
update=413 global_step=845824 SPS=809 w_ev=0.459 m_ev=0.993 m_v_bias=3.5 m_adv_std=14.0422 m_kl_max=0.0086 m_ratio_max=1.060 w_ax@goal=+0.59 w_v@goal=3.58 return=994.4 length=84 success_rate=1.00 collisions/ep=0.29 (n=24)
update=414 global_step=847872 SPS=810 w_ev=0.463 m_ev=0.999 m_v_bias=-2.3 m_adv_std=6.5218 m_kl_max=0.0152 m_ratio_max=0.918 w_ax@goal=+0.63 w_v@goal=3.53 return=1005.7 length=87 success_rate=1.00 collisions/ep=0.08 (n=25)
update=415 global_step=849920 SPS=811 w_ev=0.420 m_ev=0.995 m_v_bias=1.1 m_adv_std=11.9502 m_kl_max=0.0147 m_ratio_max=0.703 w_ax@goal=+0.55 w_v@goal=3.48 return=999.8 length=82 success_rate=1.00 collisions/ep=0.24 (n=25)
Evaluation at update 415: return=1010.94, length=79.25, success_rate=1.00, collisions/ep=0.00
Solved-check at update 415: solved=False worst_gap=52.08 at p_x0=2.00 p_y0=-1.00 (consecutive=0)
update=416 global_step=851968 SPS=808 w_ev=0.444 m_ev=0.999 m_v_bias=-3.1 m_adv_std=5.9544 m_kl_max=0.0134 m_ratio_max=0.613 w_ax@goal=+0.60 w_v@goal=3.60 return=1006.3 length=85 success_rate=1.00 collisions/ep=0.04 (n=24)
update=417 global_step=854016 SPS=809 w_ev=0.396 m_ev=0.998 m_v_bias=-0.0 m_adv_std=6.4341 m_kl_max=0.0235 m_ratio_max=0.807 w_ax@goal=+0.56 w_v@goal=3.55 return=1006.7 length=83 success_rate=1.00 collisions/ep=0.04 (n=24)
update=418 global_step=856064 SPS=810 w_ev=0.432 m_ev=0.967 m_v_bias=2.7 m_adv_std=31.0528 m_kl_max=0.0109 m_ratio_max=0.758 w_ax@goal=+0.72 w_v@goal=3.65 return=991.7 length=84 success_rate=1.00 collisions/ep=0.33 (n=24)
update=419 global_step=858112 SPS=810 w_ev=0.439 m_ev=0.994 m_v_bias=-1.7 m_adv_std=12.6710 m_kl_max=0.0122 m_ratio_max=0.626 w_ax@goal=+0.78 w_v@goal=3.54 return=1006.6 length=81 success_rate=1.00 collisions/ep=0.04 (n=26)
update=420 global_step=860160 SPS=811 w_ev=0.413 m_ev=0.999 m_v_bias=-0.6 m_adv_std=5.6206 m_kl_max=0.0172 m_ratio_max=0.830 w_ax@goal=+0.75 w_v@goal=3.64 return=1008.6 length=83 success_rate=1.00 collisions/ep=0.04 (n=25)
Evaluation at update 420: return=1008.92, length=78.85, success_rate=1.00, collisions/ep=0.05
Solved-check at update 420: solved=False worst_gap=51.78 at p_x0=1.00 p_y0=-1.00 (consecutive=0)
update=421 global_step=862208 SPS=808 w_ev=0.460 m_ev=0.991 m_v_bias=3.4 m_adv_std=15.9953 m_kl_max=0.0284 m_ratio_max=0.854 w_ax@goal=+0.77 w_v@goal=3.67 return=996.2 length=83 success_rate=1.00 collisions/ep=0.30 (n=23)
update=422 global_step=864256 SPS=809 w_ev=0.446 m_ev=0.998 m_v_bias=-1.2 m_adv_std=6.9649 m_kl_max=0.0218 m_ratio_max=1.457 w_ax@goal=+0.73 w_v@goal=3.64 return=1001.4 length=82 success_rate=1.00 collisions/ep=0.17 (n=24)
update=423 global_step=866304 SPS=809 w_ev=0.428 m_ev=0.999 m_v_bias=-2.0 m_adv_std=5.3564 m_kl_max=0.0159 m_ratio_max=0.887 w_ax@goal=+0.76 w_v@goal=3.59 return=1007.8 length=82 success_rate=1.00 collisions/ep=0.08 (n=26)
update=424 global_step=868352 SPS=810 w_ev=0.452 m_ev=0.988 m_v_bias=3.1 m_adv_std=18.6810 m_kl_max=0.0153 m_ratio_max=0.871 w_ax@goal=+0.89 w_v@goal=3.67 return=999.5 length=84 success_rate=1.00 collisions/ep=0.21 (n=24)
update=425 global_step=870400 SPS=811 w_ev=0.450 m_ev=0.994 m_v_bias=-2.6 m_adv_std=13.0573 m_kl_max=0.0075 m_ratio_max=0.563 w_ax@goal=+0.81 w_v@goal=3.70 return=1006.7 length=83 success_rate=1.00 collisions/ep=0.04 (n=26)
Evaluation at update 425: return=1011.05, length=79.10, success_rate=1.00, collisions/ep=0.00
Solved-check at update 425: solved=False worst_gap=52.92 at p_x0=1.50 p_y0=-1.00 (consecutive=0)
update=426 global_step=872448 SPS=808 w_ev=0.432 m_ev=0.999 m_v_bias=-1.2 m_adv_std=6.3449 m_kl_max=0.0124 m_ratio_max=0.679 w_ax@goal=+1.00 w_v@goal=3.54 return=1000.6 length=81 success_rate=1.00 collisions/ep=0.20 (n=25)
update=427 global_step=874496 SPS=809 w_ev=0.476 m_ev=0.998 m_v_bias=-0.1 m_adv_std=7.6151 m_kl_max=0.0083 m_ratio_max=0.636 w_ax@goal=+1.02 w_v@goal=3.56 return=1003.3 length=82 success_rate=1.00 collisions/ep=0.15 (n=26)
update=428 global_step=876544 SPS=810 w_ev=0.467 m_ev=0.996 m_v_bias=1.5 m_adv_std=10.3926 m_kl_max=0.0109 m_ratio_max=0.494 w_ax@goal=+0.90 w_v@goal=3.53 return=1001.5 length=81 success_rate=1.00 collisions/ep=0.23 (n=26)
update=429 global_step=878592 SPS=810 w_ev=0.477 m_ev=0.999 m_v_bias=-2.3 m_adv_std=4.4840 m_kl_max=0.0090 m_ratio_max=0.732 w_ax@goal=+0.98 w_v@goal=3.54 return=1009.0 length=83 success_rate=1.00 collisions/ep=0.00 (n=24)
update=430 global_step=880640 SPS=811 w_ev=0.431 m_ev=0.999 m_v_bias=-0.1 m_adv_std=6.0766 m_kl_max=0.0131 m_ratio_max=0.995 w_ax@goal=+0.83 w_v@goal=3.63 return=1009.2 length=84 success_rate=1.00 collisions/ep=0.00 (n=24)
Evaluation at update 430: return=1011.11, length=79.20, success_rate=1.00, collisions/ep=0.00
Solved-check at update 430: solved=False worst_gap=52.94 at p_x0=2.00 p_y0=-1.00 (consecutive=0)
update=431 global_step=882688 SPS=809 w_ev=0.427 m_ev=0.998 m_v_bias=0.3 m_adv_std=7.4157 m_kl_max=0.0144 m_ratio_max=1.414 w_ax@goal=+1.08 w_v@goal=3.59 return=1007.3 length=82 success_rate=1.00 collisions/ep=0.08 (n=24)
update=432 global_step=884736 SPS=809 w_ev=0.483 m_ev=0.998 m_v_bias=-2.2 m_adv_std=8.0477 m_kl_max=0.0162 m_ratio_max=0.732 w_ax@goal=+0.93 w_v@goal=3.57 return=1005.2 length=83 success_rate=1.00 collisions/ep=0.12 (n=24)
update=433 global_step=886784 SPS=810 w_ev=0.436 m_ev=0.999 m_v_bias=-0.2 m_adv_std=5.8329 m_kl_max=0.0101 m_ratio_max=0.839 w_ax@goal=+0.98 w_v@goal=3.68 return=1009.3 length=82 success_rate=1.00 collisions/ep=0.04 (n=26)
update=434 global_step=888832 SPS=811 w_ev=0.481 m_ev=0.998 m_v_bias=0.9 m_adv_std=7.8742 m_kl_max=0.0237 m_ratio_max=0.910 w_ax@goal=+0.93 w_v@goal=3.67 return=1005.5 length=81 success_rate=1.00 collisions/ep=0.15 (n=26)
update=435 global_step=890880 SPS=811 w_ev=0.478 m_ev=0.996 m_v_bias=1.5 m_adv_std=9.9271 m_kl_max=0.0134 m_ratio_max=0.853 w_ax@goal=+0.99 w_v@goal=3.67 return=1004.3 length=82 success_rate=1.00 collisions/ep=0.16 (n=25)
Evaluation at update 435: return=1011.94, length=78.10, success_rate=1.00, collisions/ep=0.00
Solved-check at update 435: solved=False worst_gap=50.95 at p_x0=2.00 p_y0=-1.00 (consecutive=0)
update=436 global_step=892928 SPS=809 w_ev=0.439 m_ev=0.996 m_v_bias=-0.7 m_adv_std=9.7917 m_kl_max=0.0135 m_ratio_max=0.668 w_ax@goal=+0.90 w_v@goal=3.55 return=1002.3 length=81 success_rate=1.00 collisions/ep=0.16 (n=25)
update=437 global_step=894976 SPS=809 w_ev=0.428 m_ev=0.998 m_v_bias=-0.8 m_adv_std=6.8648 m_kl_max=0.0073 m_ratio_max=0.440 w_ax@goal=+0.83 w_v@goal=3.62 return=1008.3 length=81 success_rate=1.00 collisions/ep=0.08 (n=24)
update=438 global_step=897024 SPS=810 w_ev=0.414 m_ev=0.994 m_v_bias=3.6 m_adv_std=13.4858 m_kl_max=0.0129 m_ratio_max=0.895 w_ax@goal=+0.97 w_v@goal=3.71 return=1002.5 length=82 success_rate=1.00 collisions/ep=0.19 (n=27)
update=439 global_step=899072 SPS=811 w_ev=0.426 m_ev=0.998 m_v_bias=-2.2 m_adv_std=7.3313 m_kl_max=0.0073 m_ratio_max=0.595 w_ax@goal=+0.77 w_v@goal=3.67 return=1007.7 length=82 success_rate=1.00 collisions/ep=0.04 (n=25)
update=440 global_step=901120 SPS=812 w_ev=0.432 m_ev=0.996 m_v_bias=-0.2 m_adv_std=10.4721 m_kl_max=0.0078 m_ratio_max=0.417 w_ax@goal=+0.83 w_v@goal=3.64 return=1003.5 length=82 success_rate=1.00 collisions/ep=0.17 (n=24)
Evaluation at update 440: return=1011.77, length=78.35, success_rate=1.00, collisions/ep=0.00
Solved-check at update 440: solved=False worst_gap=51.13 at p_x0=2.00 p_y0=-1.00 (consecutive=0)
update=441 global_step=903168 SPS=809 w_ev=0.417 m_ev=0.997 m_v_bias=-2.7 m_adv_std=8.7474 m_kl_max=0.0133 m_ratio_max=0.594 w_ax@goal=+0.92 w_v@goal=3.66 return=1006.0 length=80 success_rate=1.00 collisions/ep=0.12 (n=25)
update=442 global_step=905216 SPS=810 w_ev=0.390 m_ev=0.997 m_v_bias=2.7 m_adv_std=9.2505 m_kl_max=0.0153 m_ratio_max=0.758 w_ax@goal=+0.83 w_v@goal=3.65 return=1006.1 length=82 success_rate=1.00 collisions/ep=0.08 (n=25)
update=443 global_step=907264 SPS=810 w_ev=0.403 m_ev=0.998 m_v_bias=-0.2 m_adv_std=7.8424 m_kl_max=0.0105 m_ratio_max=0.815 w_ax@goal=+0.84 w_v@goal=3.58 return=1004.2 length=82 success_rate=1.00 collisions/ep=0.12 (n=25)
update=444 global_step=909312 SPS=811 w_ev=0.387 m_ev=0.999 m_v_bias=-1.4 m_adv_std=3.9737 m_kl_max=0.0100 m_ratio_max=0.614 w_ax@goal=+1.13 w_v@goal=3.70 return=1009.9 length=82 success_rate=1.00 collisions/ep=0.04 (n=26)
update=445 global_step=911360 SPS=812 w_ev=0.393 m_ev=0.997 m_v_bias=1.0 m_adv_std=8.5399 m_kl_max=0.0100 m_ratio_max=0.514 w_ax@goal=+1.08 w_v@goal=3.71 return=1006.4 length=80 success_rate=1.00 collisions/ep=0.08 (n=25)
Evaluation at update 445: return=1012.07, length=78.05, success_rate=1.00, collisions/ep=0.00
Solved-check at update 445: solved=False worst_gap=50.73 at p_x0=2.00 p_y0=-1.00 (consecutive=0)
update=446 global_step=913408 SPS=810 w_ev=0.370 m_ev=0.997 m_v_bias=1.7 m_adv_std=8.4128 m_kl_max=0.0189 m_ratio_max=1.486 w_ax@goal=+0.85 w_v@goal=3.73 return=1004.4 length=80 success_rate=1.00 collisions/ep=0.12 (n=26)
update=447 global_step=915456 SPS=810 w_ev=0.409 m_ev=0.999 m_v_bias=-1.7 m_adv_std=5.7269 m_kl_max=0.0145 m_ratio_max=0.593 w_ax@goal=+0.96 w_v@goal=3.67 return=1009.0 length=81 success_rate=1.00 collisions/ep=0.04 (n=25)
update=448 global_step=917504 SPS=811 w_ev=0.336 m_ev=0.993 m_v_bias=1.8 m_adv_std=13.2897 m_kl_max=0.0121 m_ratio_max=0.673 w_ax@goal=+0.96 w_v@goal=3.86 return=1004.9 length=79 success_rate=1.00 collisions/ep=0.12 (n=25)
update=449 global_step=919552 SPS=812 w_ev=0.394 m_ev=0.997 m_v_bias=1.2 m_adv_std=9.3584 m_kl_max=0.0160 m_ratio_max=1.096 w_ax@goal=+1.06 w_v@goal=3.94 return=1003.6 length=80 success_rate=1.00 collisions/ep=0.15 (n=27)
update=450 global_step=921600 SPS=812 w_ev=0.291 m_ev=0.998 m_v_bias=-0.7 m_adv_std=7.4530 m_kl_max=0.0100 m_ratio_max=0.699 w_ax@goal=+0.99 w_v@goal=3.84 return=1006.5 length=79 success_rate=1.00 collisions/ep=0.08 (n=25)
Evaluation at update 450: return=1012.12, length=77.95, success_rate=1.00, collisions/ep=0.00
Solved-check at update 450: solved=False worst_gap=50.66 at p_x0=2.00 p_y0=-1.00 (consecutive=0)
update=451 global_step=923648 SPS=810 w_ev=0.324 m_ev=0.994 m_v_bias=0.3 m_adv_std=11.9988 m_kl_max=0.0099 m_ratio_max=0.683 w_ax@goal=+1.11 w_v@goal=3.93 return=1005.1 length=80 success_rate=1.00 collisions/ep=0.12 (n=25)
update=452 global_step=925696 SPS=811 w_ev=0.352 m_ev=0.999 m_v_bias=-2.3 m_adv_std=6.2290 m_kl_max=0.0108 m_ratio_max=0.930 w_ax@goal=+1.05 w_v@goal=3.96 return=1007.3 length=81 success_rate=1.00 collisions/ep=0.08 (n=26)
update=453 global_step=927744 SPS=811 w_ev=0.407 m_ev=0.999 m_v_bias=-0.9 m_adv_std=4.7360 m_kl_max=0.0070 m_ratio_max=0.446 w_ax@goal=+1.16 w_v@goal=3.87 return=1009.2 length=79 success_rate=1.00 collisions/ep=0.04 (n=27)
update=454 global_step=929792 SPS=812 w_ev=0.423 m_ev=0.996 m_v_bias=2.0 m_adv_std=10.1158 m_kl_max=0.0162 m_ratio_max=0.844 w_ax@goal=+1.05 w_v@goal=3.77 return=1005.3 length=79 success_rate=1.00 collisions/ep=0.12 (n=26)
update=455 global_step=931840 SPS=813 w_ev=0.397 m_ev=0.988 m_v_bias=6.1 m_adv_std=17.7662 m_kl_max=0.0174 m_ratio_max=0.887 w_ax@goal=+1.07 w_v@goal=3.70 return=998.8 length=79 success_rate=1.00 collisions/ep=0.28 (n=25)
Evaluation at update 455: return=1011.98, length=78.10, success_rate=1.00, collisions/ep=0.00
Solved-check at update 455: solved=False worst_gap=50.93 at p_x0=2.00 p_y0=-1.00 (consecutive=0)
update=456 global_step=933888 SPS=810 w_ev=0.445 m_ev=0.994 m_v_bias=-1.8 m_adv_std=12.9406 m_kl_max=0.0091 m_ratio_max=0.530 w_ax@goal=+0.92 w_v@goal=3.69 return=1003.3 length=79 success_rate=1.00 collisions/ep=0.15 (n=26)
update=457 global_step=935936 SPS=811 w_ev=0.453 m_ev=0.999 m_v_bias=-2.5 m_adv_std=4.3172 m_kl_max=0.0073 m_ratio_max=0.578 w_ax@goal=+1.21 w_v@goal=3.72 return=1003.3 length=82 success_rate=1.00 collisions/ep=0.20 (n=25)
update=458 global_step=937984 SPS=811 w_ev=0.462 m_ev=0.998 m_v_bias=-0.5 m_adv_std=7.0650 m_kl_max=0.0085 m_ratio_max=0.729 w_ax@goal=+1.21 w_v@goal=3.68 return=1011.1 length=81 success_rate=1.00 collisions/ep=0.00 (n=25)
update=459 global_step=940032 SPS=812 w_ev=0.413 m_ev=0.999 m_v_bias=-1.7 m_adv_std=3.7936 m_kl_max=0.0204 m_ratio_max=0.807 w_ax@goal=+1.09 w_v@goal=3.75 return=1009.5 length=81 success_rate=1.00 collisions/ep=0.08 (n=25)
update=460 global_step=942080 SPS=813 w_ev=0.453 m_ev=1.000 m_v_bias=-0.2 m_adv_std=3.0793 m_kl_max=0.0111 m_ratio_max=0.539 w_ax@goal=+1.19 w_v@goal=3.66 return=1011.4 length=80 success_rate=1.00 collisions/ep=0.00 (n=28)
Evaluation at update 460: return=1012.06, length=78.05, success_rate=1.00, collisions/ep=0.00
Solved-check at update 460: solved=False worst_gap=50.85 at p_x0=2.00 p_y0=-1.00 (consecutive=0)
update=461 global_step=944128 SPS=811 w_ev=0.418 m_ev=1.000 m_v_bias=-0.5 m_adv_std=3.3039 m_kl_max=0.0096 m_ratio_max=0.558 w_ax@goal=+1.23 w_v@goal=3.53 return=1011.7 length=79 success_rate=1.00 collisions/ep=0.04 (n=25)
update=462 global_step=946176 SPS=811 w_ev=0.361 m_ev=0.998 m_v_bias=0.7 m_adv_std=7.3983 m_kl_max=0.0100 m_ratio_max=0.487 w_ax@goal=+1.16 w_v@goal=3.76 return=1007.6 length=80 success_rate=1.00 collisions/ep=0.08 (n=25)
update=463 global_step=948224 SPS=812 w_ev=0.440 m_ev=1.000 m_v_bias=-1.9 m_adv_std=2.8250 m_kl_max=0.0111 m_ratio_max=0.542 w_ax@goal=+1.32 w_v@goal=3.70 return=1011.8 length=80 success_rate=1.00 collisions/ep=0.00 (n=24)
update=464 global_step=950272 SPS=813 w_ev=0.444 m_ev=0.988 m_v_bias=4.9 m_adv_std=18.2014 m_kl_max=0.0167 m_ratio_max=0.933 w_ax@goal=+1.23 w_v@goal=3.76 return=1000.7 length=80 success_rate=1.00 collisions/ep=0.26 (n=27)
update=465 global_step=952320 SPS=813 w_ev=0.446 m_ev=0.999 m_v_bias=-3.1 m_adv_std=4.5839 m_kl_max=0.0066 m_ratio_max=0.404 w_ax@goal=+1.33 w_v@goal=3.59 return=1009.8 length=81 success_rate=1.00 collisions/ep=0.04 (n=27)
Evaluation at update 465: return=1012.24, length=77.85, success_rate=1.00, collisions/ep=0.00
Solved-check at update 465: solved=True worst_gap=0.99 at p_x0=0.00 p_y0=-0.50 (consecutive=0)
update=466 global_step=954368 SPS=811 w_ev=0.356 m_ev=0.999 m_v_bias=-0.6 m_adv_std=5.8291 m_kl_max=0.0194 m_ratio_max=0.718 w_ax@goal=+1.31 w_v@goal=3.61 return=1010.1 length=80 success_rate=1.00 collisions/ep=0.04 (n=25)
update=467 global_step=956416 SPS=812 w_ev=0.314 m_ev=0.995 m_v_bias=1.0 m_adv_std=11.7757 m_kl_max=0.0232 m_ratio_max=1.588 w_ax@goal=+1.38 w_v@goal=3.87 return=1005.7 length=80 success_rate=1.00 collisions/ep=0.12 (n=24)
update=468 global_step=958464 SPS=812 w_ev=0.339 m_ev=0.999 m_v_bias=-1.8 m_adv_std=4.6556 m_kl_max=0.0140 m_ratio_max=1.380 w_ax@goal=+1.36 w_v@goal=3.80 return=1010.3 length=79 success_rate=1.00 collisions/ep=0.04 (n=26)
update=469 global_step=960512 SPS=813 w_ev=0.412 m_ev=0.997 m_v_bias=1.6 m_adv_std=9.6790 m_kl_max=0.0153 m_ratio_max=1.495 w_ax@goal=+1.27 w_v@goal=3.86 return=1004.9 length=80 success_rate=1.00 collisions/ep=0.19 (n=27)
update=470 global_step=962560 SPS=813 w_ev=0.424 m_ev=0.998 m_v_bias=-2.4 m_adv_std=6.6364 m_kl_max=0.0177 m_ratio_max=1.084 w_ax@goal=+1.35 w_v@goal=3.67 return=1009.8 length=80 success_rate=1.00 collisions/ep=0.04 (n=25)
Evaluation at update 470: return=1012.20, length=77.90, success_rate=1.00, collisions/ep=0.00
Solved-check at update 470: solved=False worst_gap=50.35 at p_x0=2.00 p_y0=-1.00 (consecutive=1)
update=471 global_step=964608 SPS=811 w_ev=0.427 m_ev=0.998 m_v_bias=-0.6 m_adv_std=7.2644 m_kl_max=0.0197 m_ratio_max=0.815 w_ax@goal=+1.20 w_v@goal=3.70 return=1007.6 length=80 success_rate=1.00 collisions/ep=0.08 (n=24)
update=472 global_step=966656 SPS=812 w_ev=0.459 m_ev=0.999 m_v_bias=-1.5 m_adv_std=5.6419 m_kl_max=0.0149 m_ratio_max=0.831 w_ax@goal=+1.29 w_v@goal=3.62 return=1008.2 length=79 success_rate=1.00 collisions/ep=0.07 (n=27)
update=473 global_step=968704 SPS=812 w_ev=0.471 m_ev=1.000 m_v_bias=-0.9 m_adv_std=2.9325 m_kl_max=0.0224 m_ratio_max=0.859 w_ax@goal=+1.24 w_v@goal=3.59 return=1012.0 length=80 success_rate=1.00 collisions/ep=0.00 (n=27)
update=474 global_step=970752 SPS=813 w_ev=0.481 m_ev=0.998 m_v_bias=1.4 m_adv_std=7.3043 m_kl_max=0.0117 m_ratio_max=1.089 w_ax@goal=+1.22 w_v@goal=3.43 return=1008.3 length=81 success_rate=1.00 collisions/ep=0.08 (n=24)
update=475 global_step=972800 SPS=813 w_ev=0.430 m_ev=0.998 m_v_bias=0.8 m_adv_std=7.9717 m_kl_max=0.0106 m_ratio_max=0.611 w_ax@goal=+1.01 w_v@goal=3.57 return=1007.9 length=80 success_rate=1.00 collisions/ep=0.08 (n=25)
Evaluation at update 475: return=1012.20, length=77.85, success_rate=1.00, collisions/ep=0.00
Solved-check at update 475: solved=True worst_gap=0.99 at p_x0=0.00 p_y0=-1.00 (consecutive=0)
update=476 global_step=974848 SPS=811 w_ev=0.350 m_ev=0.997 m_v_bias=0.5 m_adv_std=9.5303 m_kl_max=0.0618 m_ratio_max=2.580 w_ax@goal=+1.07 w_v@goal=3.73 return=1006.1 length=81 success_rate=1.00 collisions/ep=0.20 (n=25)
update=477 global_step=976896 SPS=811 w_ev=0.403 m_ev=0.998 m_v_bias=-0.5 m_adv_std=7.9907 m_kl_max=0.0154 m_ratio_max=0.718 w_ax@goal=+1.21 w_v@goal=3.78 return=1006.6 length=79 success_rate=1.00 collisions/ep=0.11 (n=28)
update=478 global_step=978944 SPS=812 w_ev=0.404 m_ev=0.995 m_v_bias=-0.3 m_adv_std=10.8513 m_kl_max=0.0234 m_ratio_max=1.403 w_ax@goal=+1.18 w_v@goal=3.63 return=1005.8 length=77 success_rate=1.00 collisions/ep=0.16 (n=25)
update=479 global_step=980992 SPS=813 w_ev=0.388 m_ev=0.992 m_v_bias=2.7 m_adv_std=14.4922 m_kl_max=0.0145 m_ratio_max=0.876 w_ax@goal=+1.22 w_v@goal=3.68 return=1006.4 length=79 success_rate=1.00 collisions/ep=0.12 (n=26)
update=480 global_step=983040 SPS=813 w_ev=0.363 m_ev=0.995 m_v_bias=-0.6 m_adv_std=11.2700 m_kl_max=0.0176 m_ratio_max=0.920 w_ax@goal=+1.14 w_v@goal=3.70 return=999.7 length=80 success_rate=1.00 collisions/ep=0.25 (n=24)
Evaluation at update 480: return=1012.26, length=77.80, success_rate=1.00, collisions/ep=0.00
Solved-check at update 480: solved=True worst_gap=0.93 at p_x0=0.00 p_y0=1.00 (consecutive=1)
update=481 global_step=985088 SPS=811 w_ev=0.357 m_ev=0.999 m_v_bias=-3.0 m_adv_std=4.3811 m_kl_max=0.0118 m_ratio_max=0.911 w_ax@goal=+1.16 w_v@goal=3.80 return=1012.5 length=81 success_rate=1.00 collisions/ep=0.00 (n=27)
update=482 global_step=987136 SPS=812 w_ev=0.333 m_ev=0.999 m_v_bias=-0.4 m_adv_std=5.6340 m_kl_max=0.0399 m_ratio_max=1.668 w_ax@goal=+1.21 w_v@goal=3.79 return=1010.1 length=78 success_rate=1.00 collisions/ep=0.04 (n=26)
update=483 global_step=989184 SPS=812 w_ev=0.346 m_ev=0.999 m_v_bias=-0.1 m_adv_std=5.6918 m_kl_max=0.0109 m_ratio_max=0.834 w_ax@goal=+1.14 w_v@goal=3.81 return=1010.2 length=80 success_rate=1.00 collisions/ep=0.04 (n=26)
update=484 global_step=991232 SPS=813 w_ev=0.308 m_ev=0.997 m_v_bias=0.5 m_adv_std=8.6670 m_kl_max=0.0155 m_ratio_max=0.919 w_ax@goal=+1.16 w_v@goal=3.77 return=1010.1 length=79 success_rate=1.00 collisions/ep=0.04 (n=24)
update=485 global_step=993280 SPS=813 w_ev=0.365 m_ev=1.000 m_v_bias=0.1 m_adv_std=3.0310 m_kl_max=0.0144 m_ratio_max=0.595 w_ax@goal=+1.12 w_v@goal=3.71 return=1008.2 length=79 success_rate=1.00 collisions/ep=0.08 (n=26)
Evaluation at update 485: return=1012.20, length=77.90, success_rate=1.00, collisions/ep=0.00
Solved-check at update 485: solved=True worst_gap=1.00 at p_x0=0.00 p_y0=1.00 (consecutive=2)
update=486 global_step=995328 SPS=811 w_ev=0.410 m_ev=0.993 m_v_bias=2.7 m_adv_std=14.3343 m_kl_max=0.0210 m_ratio_max=1.440 w_ax@goal=+1.12 w_v@goal=3.73 return=1003.1 length=81 success_rate=1.00 collisions/ep=0.18 (n=28)
update=487 global_step=997376 SPS=812 w_ev=0.353 m_ev=0.997 m_v_bias=-0.9 m_adv_std=8.8122 m_kl_max=0.0139 m_ratio_max=0.805 w_ax@goal=+1.04 w_v@goal=3.60 return=1009.9 length=81 success_rate=1.00 collisions/ep=0.04 (n=23)
update=488 global_step=999424 SPS=813 w_ev=0.347 m_ev=0.998 m_v_bias=-0.6 m_adv_std=7.6902 m_kl_max=0.0115 m_ratio_max=0.652 w_ax@goal=+1.03 w_v@goal=3.75 return=1004.8 length=80 success_rate=1.00 collisions/ep=0.15 (n=27)
Saved checkpoints to C:\Users\loren\Desktop\MASTER THESIS\5_CODE\scenarios\slalom\studies\blind_worker_c5\coef_0\runs\hppo_slalom_2_1790593559
