Using device: cpu
Solved-check: precomputed optimal returns for 25 fixed initial conditions (mean=1011.8, min=1007.0, max=1014.0); solved-tolerance=5.0
num_envs=8 num_steps_per_env=256 worker_batch_size=2048 worker_minibatch_size=256 num_updates=500 timesteps=1024000
update=1 global_step=2048 SPS=355 w_ev=-0.042 m_ev=0.000 m_v_bias=182.1 m_adv_std=158.8939 m_kl_max=0.0019 m_ratio_max=0.222 return=-842.0 length=200 success_rate=0.00 collisions/ep=13.12 (n=8)
update=2 global_step=4096 SPS=357 w_ev=0.114 m_ev=-0.144 m_v_bias=24.3 m_adv_std=91.2002 m_kl_max=0.0011 m_ratio_max=0.259 return=-537.4 length=200 success_rate=0.00 collisions/ep=6.88 (n=8)
update=3 global_step=6144 SPS=368 w_ev=0.202 m_ev=0.061 m_v_bias=22.3 m_adv_std=74.7632 m_kl_max=0.0052 m_ratio_max=0.320 return=-425.4 length=200 success_rate=0.00 collisions/ep=4.38 (n=8)
update=4 global_step=8192 SPS=369 w_ev=0.460 m_ev=0.356 m_v_bias=-5.6 m_adv_std=64.2198 m_kl_max=0.0013 m_ratio_max=0.354 return=-365.4 length=200 success_rate=0.00 collisions/ep=3.00 (n=16)
update=5 global_step=10240 SPS=368 w_ev=0.327 m_ev=0.133 m_v_bias=-12.9 m_adv_std=37.5030 m_kl_max=0.0073 m_ratio_max=0.460 return=-275.4 length=200 success_rate=0.00 collisions/ep=1.12 (n=8)
Evaluation at update 5: return=-221.60, length=200.00, success_rate=0.00, collisions/ep=0.00
Solved-check at update 5: solved=False worst_gap=1240.99 at p_x0=2.00 p_y0=0.50 (consecutive=0)
update=6 global_step=12288 SPS=144 w_ev=0.165 m_ev=-3.761 m_v_bias=-12.9 m_adv_std=13.7616 m_kl_max=0.0072 m_ratio_max=0.517 return=-258.8 length=200 success_rate=0.00 collisions/ep=0.75 (n=8)
update=7 global_step=14336 SPS=158 w_ev=0.237 m_ev=-0.688 m_v_bias=-7.7 m_adv_std=8.0767 m_kl_max=0.0025 m_ratio_max=0.257 return=-221.6 length=200 success_rate=0.00 collisions/ep=0.00 (n=8)
update=8 global_step=16384 SPS=170 w_ev=0.547 m_ev=0.758 m_v_bias=-4.8 m_adv_std=4.8683 m_kl_max=0.0010 m_ratio_max=0.151 return=-221.3 length=200 success_rate=0.00 collisions/ep=0.00 (n=16)
update=9 global_step=18432 SPS=180 w_ev=0.352 m_ev=0.530 m_v_bias=-2.4 m_adv_std=11.8332 m_kl_max=0.0001 m_ratio_max=0.050 return=-247.4 length=200 success_rate=0.00 collisions/ep=0.50 (n=8)
update=10 global_step=20480 SPS=190 w_ev=0.323 m_ev=0.609 m_v_bias=-1.6 m_adv_std=3.4671 m_kl_max=0.0072 m_ratio_max=0.326 return=-219.6 length=200 success_rate=0.00 collisions/ep=0.00 (n=8)
Evaluation at update 10: return=-221.62, length=200.00, success_rate=0.00, collisions/ep=0.00
Solved-check at update 10: solved=False worst_gap=1241.01 at p_x0=2.00 p_y0=0.50 (consecutive=0)
update=11 global_step=22528 SPS=136 w_ev=0.411 m_ev=0.378 m_v_bias=1.5 m_adv_std=7.7348 m_kl_max=0.0326 m_ratio_max=0.677 return=-225.8 length=200 success_rate=0.00 collisions/ep=0.12 (n=16)
update=12 global_step=24576 SPS=144 w_ev=0.447 m_ev=0.186 m_v_bias=0.9 m_adv_std=7.2019 m_kl_max=0.0223 m_ratio_max=0.590 return=-227.4 length=200 success_rate=0.00 collisions/ep=0.12 (n=8)
update=13 global_step=26624 SPS=151 w_ev=0.415 m_ev=0.864 m_v_bias=-0.5 m_adv_std=2.0175 m_kl_max=0.0087 m_ratio_max=0.426 return=-220.4 length=200 success_rate=0.00 collisions/ep=0.00 (n=8)
update=14 global_step=28672 SPS=158 w_ev=0.395 m_ev=0.933 m_v_bias=-0.8 m_adv_std=1.3152 m_kl_max=0.0031 m_ratio_max=0.303 return=-221.7 length=200 success_rate=0.00 collisions/ep=0.00 (n=8)
update=15 global_step=30720 SPS=164 w_ev=0.204 m_ev=0.957 m_v_bias=-0.4 m_adv_std=1.1297 m_kl_max=0.0085 m_ratio_max=0.405 return=-218.4 length=200 success_rate=0.00 collisions/ep=0.00 (n=16)
Evaluation at update 15: return=-221.63, length=200.00, success_rate=0.00, collisions/ep=0.00
Solved-check at update 15: solved=False worst_gap=1241.02 at p_x0=2.00 p_y0=0.50 (consecutive=0)
update=16 global_step=32768 SPS=133 w_ev=0.263 m_ev=0.942 m_v_bias=-0.5 m_adv_std=1.1437 m_kl_max=0.0132 m_ratio_max=0.567 return=-219.6 length=200 success_rate=0.00 collisions/ep=0.00 (n=8)
update=17 global_step=34816 SPS=138 w_ev=0.283 m_ev=0.948 m_v_bias=-0.2 m_adv_std=1.0967 m_kl_max=0.0116 m_ratio_max=0.438 return=-220.6 length=200 success_rate=0.00 collisions/ep=0.00 (n=8)
update=18 global_step=36864 SPS=143 w_ev=0.410 m_ev=0.312 m_v_bias=1.1 m_adv_std=6.0524 m_kl_max=0.0337 m_ratio_max=0.666 return=-222.5 length=200 success_rate=0.00 collisions/ep=0.06 (n=16)
update=19 global_step=38912 SPS=148 w_ev=0.141 m_ev=0.887 m_v_bias=-0.3 m_adv_std=2.2875 m_kl_max=0.0440 m_ratio_max=1.409 return=-221.4 length=200 success_rate=0.00 collisions/ep=0.00 (n=8)
update=20 global_step=40960 SPS=153 w_ev=0.279 m_ev=0.914 m_v_bias=-0.0 m_adv_std=1.6426 m_kl_max=0.0103 m_ratio_max=0.538 return=-222.1 length=200 success_rate=0.00 collisions/ep=0.00 (n=8)
Evaluation at update 20: return=-221.62, length=200.00, success_rate=0.00, collisions/ep=0.00
Solved-check at update 20: solved=False worst_gap=1241.01 at p_x0=2.00 p_y0=0.50 (consecutive=0)
update=21 global_step=43008 SPS=132 w_ev=0.233 m_ev=0.026 m_v_bias=6.0 m_adv_std=24.7176 m_kl_max=0.0196 m_ratio_max=1.197 return=-223.0 length=200 success_rate=0.00 collisions/ep=0.00 (n=8)
update=22 global_step=45056 SPS=136 w_ev=0.384 m_ev=0.465 m_v_bias=-1.8 m_adv_std=5.3530 m_kl_max=0.0045 m_ratio_max=0.433 return=-239.0 length=200 success_rate=0.00 collisions/ep=0.31 (n=16)
update=23 global_step=47104 SPS=140 w_ev=0.301 m_ev=0.822 m_v_bias=-1.4 m_adv_std=1.6595 m_kl_max=0.0084 m_ratio_max=0.419 return=-222.5 length=200 success_rate=0.00 collisions/ep=0.00 (n=8)
update=24 global_step=49152 SPS=144 w_ev=0.387 m_ev=0.886 m_v_bias=-0.8 m_adv_std=1.4478 m_kl_max=0.0062 m_ratio_max=0.332 return=-216.4 length=200 success_rate=0.00 collisions/ep=0.00 (n=8)
update=25 global_step=51200 SPS=147 w_ev=-0.093 m_ev=0.925 m_v_bias=-0.5 m_adv_std=1.4287 m_kl_max=0.0157 m_ratio_max=0.605 return=-220.9 length=200 success_rate=0.00 collisions/ep=0.00 (n=16)
Evaluation at update 25: return=-221.63, length=200.00, success_rate=0.00, collisions/ep=0.00
Solved-check at update 25: solved=False worst_gap=1241.02 at p_x0=2.00 p_y0=0.00 (consecutive=0)
update=26 global_step=53248 SPS=132 w_ev=0.076 m_ev=0.823 m_v_bias=-0.4 m_adv_std=2.6842 m_kl_max=0.0095 m_ratio_max=0.416 return=-220.2 length=200 success_rate=0.00 collisions/ep=0.00 (n=8)
update=27 global_step=55296 SPS=135 w_ev=0.370 m_ev=0.910 m_v_bias=0.2 m_adv_std=1.9872 m_kl_max=0.0264 m_ratio_max=0.611 return=-222.2 length=200 success_rate=0.00 collisions/ep=0.00 (n=8)
update=28 global_step=57344 SPS=139 w_ev=0.324 m_ev=0.912 m_v_bias=0.1 m_adv_std=1.8737 m_kl_max=0.0126 m_ratio_max=0.645 return=-221.0 length=200 success_rate=0.00 collisions/ep=0.00 (n=8)
update=29 global_step=59392 SPS=142 w_ev=0.377 m_ev=0.950 m_v_bias=0.2 m_adv_std=1.1919 m_kl_max=0.0146 m_ratio_max=0.441 return=-222.1 length=200 success_rate=0.00 collisions/ep=0.00 (n=16)
update=30 global_step=61440 SPS=145 w_ev=0.203 m_ev=0.001 m_v_bias=8.6 m_adv_std=42.3284 m_kl_max=0.0244 m_ratio_max=0.645 return=-261.0 length=200 success_rate=0.00 collisions/ep=0.88 (n=8)
Evaluation at update 30: return=-221.69, length=200.00, success_rate=0.00, collisions/ep=0.00
Solved-check at update 30: solved=False worst_gap=1241.09 at p_x0=2.00 p_y0=0.00 (consecutive=0)
update=31 global_step=63488 SPS=133 w_ev=0.167 m_ev=0.253 m_v_bias=-4.9 m_adv_std=6.5434 m_kl_max=0.0113 m_ratio_max=0.516 return=-222.7 length=200 success_rate=0.00 collisions/ep=0.12 (n=8)
update=32 global_step=65536 SPS=136 w_ev=0.542 m_ev=0.209 m_v_bias=15.6 m_adv_std=55.8367 m_kl_max=0.0026 m_ratio_max=0.364 return=-218.4 length=200 success_rate=0.00 collisions/ep=0.25 (n=8)
update=33 global_step=67584 SPS=138 w_ev=0.808 m_ev=0.691 m_v_bias=-2.8 m_adv_std=21.6523 m_kl_max=0.0247 m_ratio_max=0.752 return=-257.0 length=200 success_rate=0.00 collisions/ep=1.12 (n=16)
update=34 global_step=69632 SPS=141 w_ev=0.752 m_ev=0.525 m_v_bias=1.7 m_adv_std=43.0177 m_kl_max=0.0231 m_ratio_max=1.231 return=-298.5 length=200 success_rate=0.00 collisions/ep=2.00 (n=8)
update=35 global_step=71680 SPS=143 w_ev=0.745 m_ev=0.531 m_v_bias=6.1 m_adv_std=66.9759 m_kl_max=0.0020 m_ratio_max=0.256 return=-306.0 length=200 success_rate=0.00 collisions/ep=2.00 (n=8)
Evaluation at update 35: return=-208.49, length=200.00, success_rate=0.00, collisions/ep=0.00
Solved-check at update 35: solved=False worst_gap=1240.50 at p_x0=2.00 p_y0=-0.50 (consecutive=0)
update=36 global_step=73728 SPS=133 w_ev=0.625 m_ev=0.437 m_v_bias=43.3 m_adv_std=140.0497 m_kl_max=0.0112 m_ratio_max=0.543 return=-356.5 length=200 success_rate=0.00 collisions/ep=3.31 (n=16)
update=37 global_step=75776 SPS=136 w_ev=0.707 m_ev=0.494 m_v_bias=19.6 m_adv_std=79.6998 m_kl_max=0.0101 m_ratio_max=0.838 return=-250.9 length=200 success_rate=0.00 collisions/ep=1.25 (n=8)
update=38 global_step=77824 SPS=138 w_ev=0.628 m_ev=0.331 m_v_bias=48.8 m_adv_std=227.9172 m_kl_max=0.0093 m_ratio_max=0.529 return=-732.4 length=200 success_rate=0.00 collisions/ep=11.00 (n=8)
update=39 global_step=79872 SPS=140 w_ev=0.785 m_ev=0.314 m_v_bias=-25.5 m_adv_std=73.9319 m_kl_max=0.0100 m_ratio_max=0.410 return=-288.9 length=200 success_rate=0.00 collisions/ep=1.75 (n=8)
update=40 global_step=81920 SPS=142 w_ev=0.618 m_ev=0.303 m_v_bias=0.9 m_adv_std=19.7932 m_kl_max=0.0114 m_ratio_max=0.556 return=-224.3 length=200 success_rate=0.00 collisions/ep=0.12 (n=16)
Evaluation at update 40: return=-221.69, length=200.00, success_rate=0.00, collisions/ep=0.00
Solved-check at update 40: solved=False worst_gap=1241.05 at p_x0=2.00 p_y0=0.50 (consecutive=0)
update=41 global_step=83968 SPS=133 w_ev=0.706 m_ev=-6.239 m_v_bias=-13.8 m_adv_std=51.2793 m_kl_max=0.0102 m_ratio_max=0.575 return=-222.4 length=200 success_rate=0.00 collisions/ep=0.12 (n=8)
update=42 global_step=86016 SPS=136 w_ev=0.767 m_ev=0.407 m_v_bias=11.0 m_adv_std=55.2911 m_kl_max=0.0038 m_ratio_max=0.302 return=-217.1 length=200 success_rate=0.00 collisions/ep=0.00 (n=8)
update=43 global_step=88064 SPS=138 w_ev=0.798 m_ev=0.582 m_v_bias=-8.3 m_adv_std=17.4744 m_kl_max=0.0092 m_ratio_max=0.466 return=-250.8 length=200 success_rate=0.00 collisions/ep=0.81 (n=16)
update=44 global_step=90112 SPS=140 w_ev=0.759 m_ev=0.530 m_v_bias=9.1 m_adv_std=44.6622 m_kl_max=0.0107 m_ratio_max=0.620 return=-263.9 length=200 success_rate=0.00 collisions/ep=1.25 (n=8)
update=45 global_step=92160 SPS=142 w_ev=0.353 m_ev=-0.327 m_v_bias=-6.7 m_adv_std=16.0009 m_kl_max=0.0079 m_ratio_max=0.423 return=-214.9 length=200 success_rate=0.00 collisions/ep=0.00 (n=8)
Evaluation at update 45: return=-217.19, length=200.00, success_rate=0.00, collisions/ep=0.00
Solved-check at update 45: solved=False worst_gap=1240.52 at p_x0=2.00 p_y0=-0.50 (consecutive=0)
update=46 global_step=94208 SPS=134 w_ev=0.694 m_ev=0.862 m_v_bias=-2.3 m_adv_std=8.3422 m_kl_max=0.0149 m_ratio_max=0.433 return=-209.6 length=200 success_rate=0.00 collisions/ep=0.00 (n=8)
update=47 global_step=96256 SPS=136 w_ev=0.849 m_ev=0.630 m_v_bias=6.5 m_adv_std=27.0417 m_kl_max=0.0177 m_ratio_max=0.703 return=-218.7 length=200 success_rate=0.00 collisions/ep=0.25 (n=16)
update=48 global_step=98304 SPS=137 w_ev=0.475 m_ev=-1.026 m_v_bias=-4.3 m_adv_std=12.0714 m_kl_max=0.0077 m_ratio_max=0.798 return=-211.5 length=200 success_rate=0.00 collisions/ep=0.00 (n=8)
update=49 global_step=100352 SPS=139 w_ev=0.409 m_ev=-0.316 m_v_bias=-4.2 m_adv_std=9.8132 m_kl_max=0.0321 m_ratio_max=1.352 return=-209.8 length=200 success_rate=0.00 collisions/ep=0.00 (n=8)
update=50 global_step=102400 SPS=141 w_ev=0.395 m_ev=-0.042 m_v_bias=-3.5 m_adv_std=7.5734 m_kl_max=0.0428 m_ratio_max=1.660 return=-201.5 length=200 success_rate=0.00 collisions/ep=0.00 (n=16)
Evaluation at update 50: return=-189.96, length=200.00, success_rate=0.00, collisions/ep=0.00
Solved-check at update 50: solved=False worst_gap=1213.33 at p_x0=2.00 p_y0=-0.50 (consecutive=0)
update=51 global_step=104448 SPS=134 w_ev=0.481 m_ev=0.178 m_v_bias=29.7 m_adv_std=123.0441 m_kl_max=0.0087 m_ratio_max=0.424 return=-332.6 length=200 success_rate=0.00 collisions/ep=2.88 (n=8)
update=52 global_step=106496 SPS=136 w_ev=0.763 m_ev=0.484 m_v_bias=1.2 m_adv_std=46.1842 m_kl_max=0.0177 m_ratio_max=0.768 return=-235.1 length=200 success_rate=0.00 collisions/ep=0.88 (n=8)
update=53 global_step=108544 SPS=137 w_ev=0.761 m_ev=-0.126 m_v_bias=-7.0 m_adv_std=31.4084 m_kl_max=0.0285 m_ratio_max=0.561 return=-194.8 length=200 success_rate=0.00 collisions/ep=0.25 (n=8)
update=54 global_step=110592 SPS=139 w_ev=0.724 m_ev=0.376 m_v_bias=-6.3 m_adv_std=11.9892 m_kl_max=0.0237 m_ratio_max=0.717 return=-206.4 length=200 success_rate=0.00 collisions/ep=0.06 (n=16)
update=55 global_step=112640 SPS=141 w_ev=0.396 m_ev=0.561 m_v_bias=-5.1 m_adv_std=5.5368 m_kl_max=0.0243 m_ratio_max=0.782 return=-203.1 length=200 success_rate=0.00 collisions/ep=0.00 (n=8)
Evaluation at update 55: return=-193.39, length=200.00, success_rate=0.00, collisions/ep=0.00
Solved-check at update 55: solved=False worst_gap=1214.82 at p_x0=2.00 p_y0=-0.50 (consecutive=0)
update=56 global_step=114688 SPS=134 w_ev=0.536 m_ev=0.544 m_v_bias=-2.2 m_adv_std=7.9044 m_kl_max=0.0313 m_ratio_max=1.121 return=-200.0 length=200 success_rate=0.00 collisions/ep=0.00 (n=8)
update=57 global_step=116736 SPS=136 w_ev=0.452 m_ev=0.517 m_v_bias=-1.8 m_adv_std=5.4751 m_kl_max=0.0188 m_ratio_max=0.650 return=-196.9 length=200 success_rate=0.00 collisions/ep=0.12 (n=8)
update=58 global_step=118784 SPS=137 w_ev=0.352 m_ev=0.124 m_v_bias=23.8 m_adv_std=88.0094 m_kl_max=0.0221 m_ratio_max=0.913 return=-248.7 length=200 success_rate=0.00 collisions/ep=1.19 (n=16)
update=59 global_step=120832 SPS=139 w_ev=0.508 m_ev=-0.318 m_v_bias=-8.1 m_adv_std=22.2283 m_kl_max=0.0300 m_ratio_max=1.089 return=-196.2 length=200 success_rate=0.00 collisions/ep=0.00 (n=8)
update=60 global_step=122880 SPS=140 w_ev=0.623 m_ev=0.039 m_v_bias=-4.3 m_adv_std=12.9454 m_kl_max=0.0133 m_ratio_max=0.688 return=-191.2 length=200 success_rate=0.00 collisions/ep=0.00 (n=8)
Evaluation at update 60: return=-196.33, length=200.00, success_rate=0.00, collisions/ep=0.00
Solved-check at update 60: solved=False worst_gap=1216.21 at p_x0=2.00 p_y0=1.00 (consecutive=0)
update=61 global_step=124928 SPS=134 w_ev=0.592 m_ev=0.630 m_v_bias=-0.8 m_adv_std=5.2889 m_kl_max=0.0191 m_ratio_max=0.624 return=-195.0 length=200 success_rate=0.00 collisions/ep=0.00 (n=16)
update=62 global_step=126976 SPS=136 w_ev=0.493 m_ev=0.798 m_v_bias=-0.7 m_adv_std=5.5524 m_kl_max=0.0243 m_ratio_max=0.866 return=-206.9 length=200 success_rate=0.00 collisions/ep=0.12 (n=8)
update=63 global_step=129024 SPS=137 w_ev=0.645 m_ev=0.822 m_v_bias=-2.2 m_adv_std=4.9868 m_kl_max=0.0113 m_ratio_max=0.494 return=-186.4 length=200 success_rate=0.00 collisions/ep=0.00 (n=8)
update=64 global_step=131072 SPS=138 w_ev=0.619 m_ev=0.228 m_v_bias=3.5 m_adv_std=21.6901 m_kl_max=0.0263 m_ratio_max=1.058 return=-189.8 length=200 success_rate=0.00 collisions/ep=0.12 (n=8)
update=65 global_step=133120 SPS=140 w_ev=0.615 m_ev=0.356 m_v_bias=-1.1 m_adv_std=11.4555 m_kl_max=0.0072 m_ratio_max=0.349 return=-212.5 length=200 success_rate=0.00 collisions/ep=0.44 (n=16)
Evaluation at update 65: return=-189.87, length=200.00, success_rate=0.00, collisions/ep=0.00
Solved-check at update 65: solved=False worst_gap=1209.82 at p_x0=2.00 p_y0=0.00 (consecutive=0)
update=66 global_step=135168 SPS=134 w_ev=0.596 m_ev=0.435 m_v_bias=-2.6 m_adv_std=9.1617 m_kl_max=0.0150 m_ratio_max=0.870 return=-192.1 length=200 success_rate=0.00 collisions/ep=0.12 (n=8)
update=67 global_step=137216 SPS=136 w_ev=0.686 m_ev=0.316 m_v_bias=1.7 m_adv_std=19.4193 m_kl_max=0.0162 m_ratio_max=0.569 return=-193.4 length=200 success_rate=0.00 collisions/ep=0.25 (n=8)
update=68 global_step=139264 SPS=137 w_ev=0.651 m_ev=0.131 m_v_bias=-2.8 m_adv_std=7.1743 m_kl_max=0.0141 m_ratio_max=0.629 return=-198.6 length=200 success_rate=0.00 collisions/ep=0.19 (n=16)
update=69 global_step=141312 SPS=138 w_ev=0.683 m_ev=0.614 m_v_bias=-1.7 m_adv_std=6.0087 m_kl_max=0.0137 m_ratio_max=0.508 return=-197.1 length=200 success_rate=0.00 collisions/ep=0.12 (n=8)
update=70 global_step=143360 SPS=139 w_ev=0.543 m_ev=0.715 m_v_bias=-1.9 m_adv_std=3.0970 m_kl_max=0.0486 m_ratio_max=0.822 return=-192.0 length=200 success_rate=0.00 collisions/ep=0.00 (n=8)
Evaluation at update 70: return=-183.78, length=200.00, success_rate=0.00, collisions/ep=0.00
Solved-check at update 70: solved=False worst_gap=1204.21 at p_x0=2.00 p_y0=0.00 (consecutive=0)
update=71 global_step=145408 SPS=134 w_ev=0.374 m_ev=0.060 m_v_bias=22.4 m_adv_std=89.8960 m_kl_max=0.0207 m_ratio_max=0.711 return=-182.2 length=200 success_rate=0.00 collisions/ep=0.00 (n=8)
update=72 global_step=147456 SPS=136 w_ev=0.581 m_ev=-0.074 m_v_bias=-7.2 m_adv_std=14.4943 m_kl_max=0.0165 m_ratio_max=1.183 return=-252.5 length=200 success_rate=0.00 collisions/ep=1.31 (n=16)
update=73 global_step=149504 SPS=137 w_ev=0.635 m_ev=0.661 m_v_bias=-5.0 m_adv_std=7.3013 m_kl_max=0.0159 m_ratio_max=0.887 return=-202.6 length=200 success_rate=0.00 collisions/ep=0.25 (n=8)
update=74 global_step=151552 SPS=138 w_ev=0.590 m_ev=0.552 m_v_bias=-4.3 m_adv_std=4.3429 m_kl_max=0.0235 m_ratio_max=0.740 return=-191.2 length=200 success_rate=0.00 collisions/ep=0.00 (n=8)
update=75 global_step=153600 SPS=139 w_ev=0.462 m_ev=0.624 m_v_bias=-1.1 m_adv_std=5.5353 m_kl_max=0.0141 m_ratio_max=0.649 return=-192.7 length=200 success_rate=0.00 collisions/ep=0.06 (n=16)
Evaluation at update 75: return=-189.87, length=200.00, success_rate=0.00, collisions/ep=0.00
Solved-check at update 75: solved=False worst_gap=1210.88 at p_x0=2.00 p_y0=1.00 (consecutive=0)
update=76 global_step=155648 SPS=134 w_ev=0.558 m_ev=0.721 m_v_bias=-1.8 m_adv_std=3.2838 m_kl_max=0.0283 m_ratio_max=0.969 return=-193.2 length=200 success_rate=0.00 collisions/ep=0.00 (n=8)
update=77 global_step=157696 SPS=136 w_ev=0.669 m_ev=0.821 m_v_bias=-1.9 m_adv_std=2.6400 m_kl_max=0.0643 m_ratio_max=2.644 return=-181.1 length=200 success_rate=0.00 collisions/ep=0.00 (n=8)
update=78 global_step=159744 SPS=137 w_ev=0.586 m_ev=0.185 m_v_bias=0.7 m_adv_std=15.6331 m_kl_max=0.0085 m_ratio_max=0.641 return=-203.1 length=200 success_rate=0.00 collisions/ep=0.38 (n=8)
update=79 global_step=161792 SPS=138 w_ev=0.705 m_ev=0.195 m_v_bias=4.4 m_adv_std=18.8827 m_kl_max=0.0327 m_ratio_max=1.024 return=-198.7 length=200 success_rate=0.00 collisions/ep=0.31 (n=16)
update=80 global_step=163840 SPS=139 w_ev=0.699 m_ev=0.443 m_v_bias=-1.5 m_adv_std=4.7294 m_kl_max=0.0162 m_ratio_max=1.182 return=-186.3 length=200 success_rate=0.00 collisions/ep=0.00 (n=8)
Evaluation at update 80: return=-185.35, length=200.00, success_rate=0.00, collisions/ep=0.00
Solved-check at update 80: solved=False worst_gap=1206.40 at p_x0=2.00 p_y0=-0.50 (consecutive=0)
update=81 global_step=165888 SPS=134 w_ev=0.662 m_ev=0.738 m_v_bias=-1.9 m_adv_std=3.0043 m_kl_max=0.0120 m_ratio_max=0.415 return=-180.6 length=200 success_rate=0.00 collisions/ep=0.00 (n=8)
update=82 global_step=167936 SPS=135 w_ev=0.445 m_ev=0.068 m_v_bias=12.8 m_adv_std=63.0371 m_kl_max=0.0157 m_ratio_max=0.600 return=-196.6 length=200 success_rate=0.00 collisions/ep=0.25 (n=8)
update=83 global_step=169984 SPS=137 w_ev=0.683 m_ev=-0.177 m_v_bias=-0.9 m_adv_std=13.5544 m_kl_max=0.0282 m_ratio_max=0.775 return=-221.6 length=200 success_rate=0.00 collisions/ep=0.81 (n=16)
update=84 global_step=172032 SPS=138 w_ev=0.605 m_ev=0.301 m_v_bias=-2.9 m_adv_std=4.6714 m_kl_max=0.0237 m_ratio_max=1.192 return=-190.1 length=200 success_rate=0.00 collisions/ep=0.00 (n=8)
update=85 global_step=174080 SPS=139 w_ev=0.671 m_ev=0.769 m_v_bias=-2.2 m_adv_std=2.9705 m_kl_max=0.0333 m_ratio_max=0.988 return=-187.2 length=200 success_rate=0.00 collisions/ep=0.00 (n=8)
Evaluation at update 85: return=-183.67, length=200.00, success_rate=0.00, collisions/ep=0.00
Solved-check at update 85: solved=False worst_gap=1203.74 at p_x0=2.00 p_y0=1.00 (consecutive=0)
update=86 global_step=176128 SPS=134 w_ev=0.806 m_ev=0.560 m_v_bias=-0.3 m_adv_std=7.2032 m_kl_max=0.0132 m_ratio_max=0.553 return=-183.1 length=200 success_rate=0.00 collisions/ep=0.06 (n=16)
update=87 global_step=178176 SPS=135 w_ev=0.562 m_ev=0.876 m_v_bias=-0.2 m_adv_std=2.1000 m_kl_max=0.0354 m_ratio_max=1.151 return=-184.0 length=200 success_rate=0.00 collisions/ep=0.00 (n=8)
update=88 global_step=180224 SPS=136 w_ev=0.589 m_ev=0.570 m_v_bias=-0.9 m_adv_std=5.9745 m_kl_max=0.0044 m_ratio_max=0.345 return=-186.0 length=200 success_rate=0.00 collisions/ep=0.12 (n=8)
update=89 global_step=182272 SPS=137 w_ev=0.650 m_ev=0.553 m_v_bias=-0.1 m_adv_std=6.4798 m_kl_max=0.0297 m_ratio_max=1.995 return=-184.2 length=200 success_rate=0.00 collisions/ep=0.00 (n=8)
update=90 global_step=184320 SPS=138 w_ev=0.642 m_ev=0.327 m_v_bias=1.8 m_adv_std=12.1276 m_kl_max=0.0243 m_ratio_max=0.760 return=-195.2 length=200 success_rate=0.00 collisions/ep=0.25 (n=16)
Evaluation at update 90: return=-184.29, length=200.00, success_rate=0.00, collisions/ep=0.00
Solved-check at update 90: solved=False worst_gap=1204.95 at p_x0=2.00 p_y0=0.00 (consecutive=0)
update=91 global_step=186368 SPS=134 w_ev=0.501 m_ev=0.170 m_v_bias=3.4 m_adv_std=23.2453 m_kl_max=0.0287 m_ratio_max=1.121 return=-211.8 length=200 success_rate=0.00 collisions/ep=0.50 (n=8)
update=92 global_step=188416 SPS=135 w_ev=0.540 m_ev=0.453 m_v_bias=-1.7 m_adv_std=4.9879 m_kl_max=0.0095 m_ratio_max=0.679 return=-186.0 length=200 success_rate=0.00 collisions/ep=0.00 (n=8)
update=93 global_step=190464 SPS=136 w_ev=0.591 m_ev=0.205 m_v_bias=1.1 m_adv_std=24.4568 m_kl_max=0.0067 m_ratio_max=0.543 return=-199.1 length=200 success_rate=0.00 collisions/ep=0.31 (n=16)
update=94 global_step=192512 SPS=137 w_ev=0.695 m_ev=0.761 m_v_bias=-1.1 m_adv_std=3.9102 m_kl_max=0.0104 m_ratio_max=0.451 return=-179.1 length=200 success_rate=0.00 collisions/ep=0.00 (n=8)
update=95 global_step=194560 SPS=138 w_ev=0.683 m_ev=0.786 m_v_bias=-1.6 m_adv_std=2.6729 m_kl_max=0.0169 m_ratio_max=0.647 return=-181.8 length=200 success_rate=0.00 collisions/ep=0.00 (n=8)
Evaluation at update 95: return=-184.36, length=200.00, success_rate=0.00, collisions/ep=0.00
Solved-check at update 95: solved=False worst_gap=1206.17 at p_x0=2.00 p_y0=0.00 (consecutive=0)
update=96 global_step=196608 SPS=135 w_ev=0.763 m_ev=0.931 m_v_bias=-1.1 m_adv_std=1.5393 m_kl_max=0.0416 m_ratio_max=1.237 return=-188.3 length=200 success_rate=0.00 collisions/ep=0.00 (n=8)
update=97 global_step=198656 SPS=135 w_ev=0.768 m_ev=0.569 m_v_bias=0.2 m_adv_std=6.4772 m_kl_max=0.0098 m_ratio_max=0.666 return=-185.9 length=200 success_rate=0.00 collisions/ep=0.06 (n=16)
update=98 global_step=200704 SPS=136 w_ev=0.648 m_ev=0.822 m_v_bias=-1.2 m_adv_std=2.1787 m_kl_max=0.0135 m_ratio_max=0.962 return=-181.4 length=200 success_rate=0.00 collisions/ep=0.00 (n=8)
update=99 global_step=202752 SPS=137 w_ev=0.325 m_ev=0.021 m_v_bias=18.9 m_adv_std=83.9408 m_kl_max=0.0103 m_ratio_max=0.487 return=-188.5 length=200 success_rate=0.00 collisions/ep=0.12 (n=8)
update=100 global_step=204800 SPS=138 w_ev=0.177 m_ev=-0.565 m_v_bias=-5.6 m_adv_std=14.3026 m_kl_max=0.0059 m_ratio_max=0.491 return=-228.7 length=200 success_rate=0.00 collisions/ep=0.94 (n=16)
Evaluation at update 100: return=-183.21, length=200.00, success_rate=0.00, collisions/ep=0.00
Solved-check at update 100: solved=False worst_gap=1204.60 at p_x0=2.00 p_y0=1.00 (consecutive=0)
update=101 global_step=206848 SPS=135 w_ev=0.693 m_ev=0.337 m_v_bias=0.0 m_adv_std=13.0422 m_kl_max=0.0342 m_ratio_max=1.149 return=-193.6 length=200 success_rate=0.00 collisions/ep=0.25 (n=8)
update=102 global_step=208896 SPS=135 w_ev=0.743 m_ev=0.559 m_v_bias=-1.9 m_adv_std=5.4878 m_kl_max=0.0165 m_ratio_max=0.805 return=-188.6 length=200 success_rate=0.00 collisions/ep=0.12 (n=8)
update=103 global_step=210944 SPS=136 w_ev=0.732 m_ev=0.749 m_v_bias=-1.9 m_adv_std=2.7818 m_kl_max=0.0328 m_ratio_max=1.877 return=-185.7 length=200 success_rate=0.00 collisions/ep=0.00 (n=8)
update=104 global_step=212992 SPS=137 w_ev=0.783 m_ev=0.736 m_v_bias=-0.9 m_adv_std=4.1592 m_kl_max=0.0105 m_ratio_max=0.528 return=-185.7 length=200 success_rate=0.00 collisions/ep=0.06 (n=16)
update=105 global_step=215040 SPS=138 w_ev=0.788 m_ev=0.843 m_v_bias=-1.6 m_adv_std=2.2751 m_kl_max=0.0202 m_ratio_max=0.860 return=-183.4 length=200 success_rate=0.00 collisions/ep=0.00 (n=8)
Evaluation at update 105: return=-183.77, length=200.00, success_rate=0.00, collisions/ep=0.00
Solved-check at update 105: solved=False worst_gap=1204.24 at p_x0=2.00 p_y0=0.00 (consecutive=0)
update=106 global_step=217088 SPS=135 w_ev=0.766 m_ev=0.923 m_v_bias=-0.5 m_adv_std=1.6481 m_kl_max=0.0215 m_ratio_max=0.665 return=-181.2 length=200 success_rate=0.00 collisions/ep=0.00 (n=8)
update=107 global_step=219136 SPS=135 w_ev=0.803 m_ev=0.921 m_v_bias=-0.9 m_adv_std=1.6917 m_kl_max=0.0563 m_ratio_max=1.459 return=-177.4 length=200 success_rate=0.00 collisions/ep=0.00 (n=8)
update=108 global_step=221184 SPS=136 w_ev=0.857 m_ev=0.491 m_v_bias=1.7 m_adv_std=8.2234 m_kl_max=0.0163 m_ratio_max=0.766 return=-188.9 length=200 success_rate=0.00 collisions/ep=0.12 (n=16)
update=109 global_step=223232 SPS=137 w_ev=0.803 m_ev=0.300 m_v_bias=-0.1 m_adv_std=10.5428 m_kl_max=0.0134 m_ratio_max=0.572 return=-190.2 length=200 success_rate=0.00 collisions/ep=0.25 (n=8)
update=110 global_step=225280 SPS=138 w_ev=0.831 m_ev=0.865 m_v_bias=-0.4 m_adv_std=2.0457 m_kl_max=0.0272 m_ratio_max=1.365 return=-177.1 length=200 success_rate=0.00 collisions/ep=0.00 (n=8)
Evaluation at update 110: return=-180.21, length=200.00, success_rate=0.00, collisions/ep=0.00
Solved-check at update 110: solved=False worst_gap=1201.65 at p_x0=2.00 p_y0=0.50 (consecutive=0)
update=111 global_step=227328 SPS=135 w_ev=0.875 m_ev=0.949 m_v_bias=-0.0 m_adv_std=1.3340 m_kl_max=0.0255 m_ratio_max=0.721 return=-180.7 length=200 success_rate=0.00 collisions/ep=0.00 (n=16)
update=112 global_step=229376 SPS=135 w_ev=0.790 m_ev=0.930 m_v_bias=-1.1 m_adv_std=1.7146 m_kl_max=0.0546 m_ratio_max=1.249 return=-182.5 length=200 success_rate=0.00 collisions/ep=0.00 (n=8)
update=113 global_step=231424 SPS=136 w_ev=0.362 m_ev=0.043 m_v_bias=18.8 m_adv_std=68.1555 m_kl_max=0.0271 m_ratio_max=0.809 return=-261.4 length=200 success_rate=0.00 collisions/ep=1.62 (n=8)
update=114 global_step=233472 SPS=137 w_ev=0.514 m_ev=0.056 m_v_bias=2.9 m_adv_std=46.7633 m_kl_max=0.0416 m_ratio_max=1.332 return=-278.4 length=200 success_rate=0.00 collisions/ep=2.00 (n=8)
update=115 global_step=235520 SPS=138 w_ev=0.810 m_ev=0.118 m_v_bias=-4.4 m_adv_std=8.2025 m_kl_max=0.0279 m_ratio_max=1.201 return=-182.6 length=200 success_rate=0.00 collisions/ep=0.00 (n=16)
Evaluation at update 115: return=-180.82, length=200.00, success_rate=0.00, collisions/ep=0.00
Solved-check at update 115: solved=False worst_gap=1201.69 at p_x0=2.00 p_y0=1.00 (consecutive=0)
update=116 global_step=237568 SPS=135 w_ev=0.787 m_ev=0.745 m_v_bias=-4.8 m_adv_std=3.0874 m_kl_max=0.0401 m_ratio_max=1.146 return=-179.3 length=200 success_rate=0.00 collisions/ep=0.00 (n=8)
update=117 global_step=239616 SPS=135 w_ev=0.706 m_ev=0.381 m_v_bias=-1.4 m_adv_std=7.7329 m_kl_max=0.0163 m_ratio_max=0.952 return=-187.5 length=200 success_rate=0.00 collisions/ep=0.12 (n=8)
update=118 global_step=241664 SPS=136 w_ev=0.846 m_ev=0.505 m_v_bias=-1.7 m_adv_std=6.7130 m_kl_max=0.0144 m_ratio_max=0.549 return=-189.7 length=200 success_rate=0.00 collisions/ep=0.12 (n=16)
update=119 global_step=243712 SPS=137 w_ev=0.773 m_ev=0.501 m_v_bias=0.5 m_adv_std=7.9835 m_kl_max=0.0253 m_ratio_max=0.832 return=-184.4 length=200 success_rate=0.00 collisions/ep=0.12 (n=8)
update=120 global_step=245760 SPS=138 w_ev=0.782 m_ev=0.783 m_v_bias=-2.0 m_adv_std=2.4718 m_kl_max=0.0045 m_ratio_max=0.399 return=-190.0 length=200 success_rate=0.00 collisions/ep=0.12 (n=8)
Evaluation at update 120: return=-180.61, length=200.00, success_rate=0.00, collisions/ep=0.00
Solved-check at update 120: solved=False worst_gap=1201.55 at p_x0=2.00 p_y0=0.00 (consecutive=0)
update=121 global_step=247808 SPS=135 w_ev=0.763 m_ev=0.862 m_v_bias=-1.2 m_adv_std=2.1320 m_kl_max=0.0339 m_ratio_max=0.877 return=-183.3 length=200 success_rate=0.00 collisions/ep=0.00 (n=8)
update=122 global_step=249856 SPS=135 w_ev=0.876 m_ev=0.939 m_v_bias=-1.5 m_adv_std=1.6606 m_kl_max=0.0327 m_ratio_max=1.021 return=-180.1 length=200 success_rate=0.00 collisions/ep=0.00 (n=16)
update=123 global_step=251904 SPS=136 w_ev=0.770 m_ev=0.412 m_v_bias=0.4 m_adv_std=6.0117 m_kl_max=0.0080 m_ratio_max=0.689 return=-177.5 length=200 success_rate=0.00 collisions/ep=0.00 (n=8)
update=124 global_step=253952 SPS=137 w_ev=0.714 m_ev=0.889 m_v_bias=-1.2 m_adv_std=1.8333 m_kl_max=0.0175 m_ratio_max=0.866 return=-186.8 length=200 success_rate=0.00 collisions/ep=0.12 (n=8)
update=125 global_step=256000 SPS=138 w_ev=0.802 m_ev=0.279 m_v_bias=2.5 m_adv_std=10.0080 m_kl_max=0.0089 m_ratio_max=0.412 return=-189.6 length=200 success_rate=0.00 collisions/ep=0.19 (n=16)
Evaluation at update 125: return=-177.99, length=200.00, success_rate=0.00, collisions/ep=0.00
Solved-check at update 125: solved=False worst_gap=1198.59 at p_x0=2.00 p_y0=0.50 (consecutive=0)
update=126 global_step=258048 SPS=135 w_ev=0.741 m_ev=0.162 m_v_bias=5.8 m_adv_std=22.1754 m_kl_max=0.0133 m_ratio_max=0.604 return=-218.6 length=200 success_rate=0.00 collisions/ep=0.75 (n=8)
update=127 global_step=260096 SPS=135 w_ev=0.484 m_ev=0.081 m_v_bias=11.0 m_adv_std=45.9937 m_kl_max=0.0596 m_ratio_max=1.010 return=-263.0 length=200 success_rate=0.00 collisions/ep=1.62 (n=8)
update=128 global_step=262144 SPS=136 w_ev=0.720 m_ev=0.255 m_v_bias=-3.4 m_adv_std=10.9819 m_kl_max=0.0237 m_ratio_max=0.931 return=-181.4 length=200 success_rate=0.00 collisions/ep=0.00 (n=8)
update=129 global_step=264192 SPS=137 w_ev=0.869 m_ev=0.777 m_v_bias=-5.2 m_adv_std=4.0607 m_kl_max=0.0172 m_ratio_max=0.644 return=-182.8 length=200 success_rate=0.00 collisions/ep=0.06 (n=16)
update=130 global_step=266240 SPS=138 w_ev=0.698 m_ev=0.797 m_v_bias=-3.2 m_adv_std=2.6100 m_kl_max=0.0096 m_ratio_max=0.565 return=-177.2 length=200 success_rate=0.00 collisions/ep=0.00 (n=8)
Evaluation at update 130: return=-181.11, length=200.00, success_rate=0.00, collisions/ep=0.00
Solved-check at update 130: solved=False worst_gap=1201.31 at p_x0=2.00 p_y0=0.50 (consecutive=0)
update=131 global_step=268288 SPS=135 w_ev=0.805 m_ev=0.514 m_v_bias=-1.2 m_adv_std=6.0854 m_kl_max=0.0050 m_ratio_max=0.290 return=-189.4 length=200 success_rate=0.00 collisions/ep=0.12 (n=8)
update=132 global_step=270336 SPS=135 w_ev=0.735 m_ev=0.444 m_v_bias=-0.2 m_adv_std=7.6346 m_kl_max=0.0161 m_ratio_max=0.845 return=-184.7 length=200 success_rate=0.00 collisions/ep=0.12 (n=8)
update=133 global_step=272384 SPS=136 w_ev=0.607 m_ev=0.039 m_v_bias=4.8 m_adv_std=35.7934 m_kl_max=0.0169 m_ratio_max=0.652 return=-201.6 length=200 success_rate=0.00 collisions/ep=0.44 (n=16)
update=134 global_step=274432 SPS=137 w_ev=0.764 m_ev=0.363 m_v_bias=-2.6 m_adv_std=4.4641 m_kl_max=0.0095 m_ratio_max=0.663 return=-181.3 length=200 success_rate=0.00 collisions/ep=0.00 (n=8)
update=135 global_step=276480 SPS=137 w_ev=0.755 m_ev=0.915 m_v_bias=-0.9 m_adv_std=1.5684 m_kl_max=0.0302 m_ratio_max=0.933 return=-180.0 length=200 success_rate=0.00 collisions/ep=0.00 (n=8)
Evaluation at update 135: return=-181.91, length=200.00, success_rate=0.00, collisions/ep=0.00
Solved-check at update 135: solved=False worst_gap=1202.01 at p_x0=2.00 p_y0=1.00 (consecutive=0)
update=136 global_step=278528 SPS=135 w_ev=0.847 m_ev=0.498 m_v_bias=0.4 m_adv_std=6.2382 m_kl_max=0.0061 m_ratio_max=0.486 return=-183.7 length=200 success_rate=0.00 collisions/ep=0.06 (n=16)
update=137 global_step=280576 SPS=135 w_ev=0.857 m_ev=0.945 m_v_bias=-0.3 m_adv_std=1.4130 m_kl_max=0.0351 m_ratio_max=1.523 return=-179.4 length=200 success_rate=0.00 collisions/ep=0.00 (n=8)
update=138 global_step=282624 SPS=136 w_ev=0.715 m_ev=0.957 m_v_bias=-0.8 m_adv_std=1.0410 m_kl_max=0.0140 m_ratio_max=0.560 return=-180.1 length=200 success_rate=0.00 collisions/ep=0.00 (n=8)
update=139 global_step=284672 SPS=137 w_ev=0.812 m_ev=0.960 m_v_bias=-0.5 m_adv_std=1.0838 m_kl_max=0.1632 m_ratio_max=7.059 return=-182.0 length=200 success_rate=0.00 collisions/ep=0.00 (n=8)
update=140 global_step=286720 SPS=137 w_ev=0.863 m_ev=0.544 m_v_bias=0.8 m_adv_std=6.5076 m_kl_max=0.0255 m_ratio_max=1.845 return=-182.0 length=200 success_rate=0.00 collisions/ep=0.06 (n=16)
Evaluation at update 140: return=-179.25, length=200.00, success_rate=0.00, collisions/ep=0.00
Solved-check at update 140: solved=False worst_gap=1200.33 at p_x0=2.00 p_y0=0.00 (consecutive=0)
update=141 global_step=288768 SPS=135 w_ev=0.819 m_ev=0.481 m_v_bias=0.6 m_adv_std=7.9954 m_kl_max=0.0330 m_ratio_max=1.081 return=-191.2 length=200 success_rate=0.00 collisions/ep=0.25 (n=8)
update=142 global_step=290816 SPS=135 w_ev=0.833 m_ev=0.882 m_v_bias=-1.4 m_adv_std=2.1392 m_kl_max=0.0099 m_ratio_max=0.630 return=-178.3 length=200 success_rate=0.00 collisions/ep=0.00 (n=8)
update=143 global_step=292864 SPS=136 w_ev=0.672 m_ev=0.036 m_v_bias=8.4 m_adv_std=26.6870 m_kl_max=0.0169 m_ratio_max=0.820 return=-210.4 length=200 success_rate=0.00 collisions/ep=0.62 (n=16)
update=144 global_step=294912 SPS=137 w_ev=0.784 m_ev=0.641 m_v_bias=-4.9 m_adv_std=3.9927 m_kl_max=0.0145 m_ratio_max=0.575 return=-181.8 length=200 success_rate=0.00 collisions/ep=0.00 (n=8)
update=145 global_step=296960 SPS=137 w_ev=0.559 m_ev=0.090 m_v_bias=2.3 m_adv_std=23.6565 m_kl_max=0.0407 m_ratio_max=2.527 return=-207.1 length=200 success_rate=0.00 collisions/ep=0.50 (n=8)
Evaluation at update 145: return=-181.09, length=200.00, success_rate=0.00, collisions/ep=0.00
Solved-check at update 145: solved=False worst_gap=1201.74 at p_x0=2.00 p_y0=0.00 (consecutive=0)
update=146 global_step=299008 SPS=135 w_ev=0.769 m_ev=0.807 m_v_bias=-2.0 m_adv_std=3.2610 m_kl_max=0.0164 m_ratio_max=0.613 return=-183.0 length=200 success_rate=0.00 collisions/ep=0.00 (n=8)
update=147 global_step=301056 SPS=135 w_ev=0.817 m_ev=0.559 m_v_bias=-1.2 m_adv_std=6.1689 m_kl_max=0.0098 m_ratio_max=0.396 return=-182.2 length=200 success_rate=0.00 collisions/ep=0.06 (n=16)
update=148 global_step=303104 SPS=136 w_ev=0.807 m_ev=0.350 m_v_bias=1.5 m_adv_std=10.7456 m_kl_max=0.0426 m_ratio_max=1.474 return=-202.8 length=200 success_rate=0.00 collisions/ep=0.50 (n=8)
update=149 global_step=305152 SPS=137 w_ev=0.746 m_ev=0.573 m_v_bias=-1.3 m_adv_std=3.7870 m_kl_max=0.0307 m_ratio_max=1.966 return=-180.4 length=200 success_rate=0.00 collisions/ep=0.00 (n=8)
update=150 global_step=307200 SPS=137 w_ev=0.767 m_ev=0.460 m_v_bias=-0.1 m_adv_std=6.1906 m_kl_max=0.0111 m_ratio_max=0.430 return=-183.6 length=200 success_rate=0.00 collisions/ep=0.06 (n=16)
Evaluation at update 150: return=-179.60, length=200.00, success_rate=0.00, collisions/ep=0.00
Solved-check at update 150: solved=False worst_gap=1199.82 at p_x0=2.00 p_y0=0.50 (consecutive=0)
update=151 global_step=309248 SPS=135 w_ev=0.873 m_ev=0.444 m_v_bias=0.4 m_adv_std=7.9762 m_kl_max=0.0241 m_ratio_max=1.018 return=-193.8 length=200 success_rate=0.00 collisions/ep=0.25 (n=8)
update=152 global_step=311296 SPS=135 w_ev=0.722 m_ev=0.228 m_v_bias=0.8 m_adv_std=13.0038 m_kl_max=0.0079 m_ratio_max=0.449 return=-189.4 length=200 success_rate=0.00 collisions/ep=0.25 (n=8)
update=153 global_step=313344 SPS=136 w_ev=0.774 m_ev=0.136 m_v_bias=1.5 m_adv_std=13.8545 m_kl_max=0.0106 m_ratio_max=0.571 return=-177.6 length=200 success_rate=0.00 collisions/ep=0.00 (n=8)
update=154 global_step=315392 SPS=137 w_ev=0.795 m_ev=0.214 m_v_bias=4.6 m_adv_std=21.4454 m_kl_max=0.0309 m_ratio_max=0.946 return=-208.6 length=200 success_rate=0.00 collisions/ep=0.62 (n=16)
update=155 global_step=317440 SPS=137 w_ev=0.660 m_ev=0.140 m_v_bias=-0.7 m_adv_std=13.3455 m_kl_max=0.0224 m_ratio_max=0.972 return=-194.7 length=200 success_rate=0.00 collisions/ep=0.25 (n=8)
Evaluation at update 155: return=-180.32, length=200.00, success_rate=0.00, collisions/ep=0.00
Solved-check at update 155: solved=False worst_gap=1200.42 at p_x0=2.00 p_y0=0.50 (consecutive=0)
update=156 global_step=319488 SPS=135 w_ev=0.626 m_ev=0.233 m_v_bias=0.1 m_adv_std=13.6123 m_kl_max=0.0482 m_ratio_max=2.453 return=-206.3 length=200 success_rate=0.00 collisions/ep=0.50 (n=8)
update=157 global_step=321536 SPS=135 w_ev=0.673 m_ev=0.236 m_v_bias=-3.2 m_adv_std=5.9668 m_kl_max=0.0245 m_ratio_max=1.330 return=-183.2 length=200 success_rate=0.00 collisions/ep=0.00 (n=8)
update=158 global_step=323584 SPS=136 w_ev=0.812 m_ev=0.906 m_v_bias=-3.4 m_adv_std=1.9223 m_kl_max=0.0248 m_ratio_max=0.721 return=-183.5 length=200 success_rate=0.00 collisions/ep=0.06 (n=16)
update=159 global_step=325632 SPS=137 w_ev=0.757 m_ev=0.336 m_v_bias=0.2 m_adv_std=8.6232 m_kl_max=0.0090 m_ratio_max=0.427 return=-181.0 length=200 success_rate=0.00 collisions/ep=0.00 (n=8)
update=160 global_step=327680 SPS=137 w_ev=0.775 m_ev=0.846 m_v_bias=-2.0 m_adv_std=2.1551 m_kl_max=0.0329 m_ratio_max=1.115 return=-191.3 length=200 success_rate=0.00 collisions/ep=0.25 (n=8)
Evaluation at update 160: return=-179.13, length=200.00, success_rate=0.00, collisions/ep=0.00
Solved-check at update 160: solved=False worst_gap=1199.51 at p_x0=2.00 p_y0=0.50 (consecutive=0)
update=161 global_step=329728 SPS=135 w_ev=0.854 m_ev=0.444 m_v_bias=1.3 m_adv_std=8.7339 m_kl_max=0.0071 m_ratio_max=0.412 return=-185.6 length=200 success_rate=0.00 collisions/ep=0.12 (n=16)
update=162 global_step=331776 SPS=135 w_ev=0.747 m_ev=0.943 m_v_bias=-1.4 m_adv_std=1.3850 m_kl_max=0.0181 m_ratio_max=0.559 return=-179.6 length=200 success_rate=0.00 collisions/ep=0.00 (n=8)
update=163 global_step=333824 SPS=136 w_ev=0.784 m_ev=0.487 m_v_bias=0.4 m_adv_std=6.5785 m_kl_max=0.0310 m_ratio_max=1.165 return=-179.1 length=200 success_rate=0.00 collisions/ep=0.00 (n=8)
update=164 global_step=335872 SPS=137 w_ev=0.743 m_ev=0.875 m_v_bias=-1.8 m_adv_std=1.7375 m_kl_max=0.0121 m_ratio_max=0.401 return=-182.7 length=200 success_rate=0.00 collisions/ep=0.12 (n=8)
update=165 global_step=337920 SPS=137 w_ev=0.853 m_ev=0.634 m_v_bias=0.2 m_adv_std=5.8544 m_kl_max=0.0047 m_ratio_max=0.327 return=-182.6 length=200 success_rate=0.00 collisions/ep=0.06 (n=16)
Evaluation at update 165: return=-178.89, length=200.00, success_rate=0.00, collisions/ep=0.00
Solved-check at update 165: solved=False worst_gap=1199.18 at p_x0=2.00 p_y0=1.00 (consecutive=0)
update=166 global_step=339968 SPS=135 w_ev=0.726 m_ev=0.949 m_v_bias=-0.8 m_adv_std=1.1846 m_kl_max=0.0208 m_ratio_max=0.850 return=-177.8 length=200 success_rate=0.00 collisions/ep=0.00 (n=8)
update=167 global_step=342016 SPS=135 w_ev=0.645 m_ev=0.222 m_v_bias=2.1 m_adv_std=12.7787 m_kl_max=0.0154 m_ratio_max=0.556 return=-182.0 length=200 success_rate=0.00 collisions/ep=0.00 (n=8)
update=168 global_step=344064 SPS=136 w_ev=0.834 m_ev=0.518 m_v_bias=0.6 m_adv_std=6.1289 m_kl_max=0.0071 m_ratio_max=0.457 return=-189.1 length=200 success_rate=0.00 collisions/ep=0.19 (n=16)
update=169 global_step=346112 SPS=136 w_ev=0.883 m_ev=0.962 m_v_bias=0.0 m_adv_std=1.4421 m_kl_max=0.0224 m_ratio_max=0.792 return=-180.4 length=200 success_rate=0.00 collisions/ep=0.00 (n=8)
update=170 global_step=348160 SPS=137 w_ev=0.858 m_ev=0.451 m_v_bias=0.3 m_adv_std=6.2013 m_kl_max=0.0222 m_ratio_max=1.192 return=-176.0 length=200 success_rate=0.00 collisions/ep=0.00 (n=8)
Evaluation at update 170: return=-177.88, length=200.00, success_rate=0.00, collisions/ep=0.00
Solved-check at update 170: solved=False worst_gap=1198.43 at p_x0=2.00 p_y0=1.00 (consecutive=0)
update=171 global_step=350208 SPS=135 w_ev=0.844 m_ev=0.951 m_v_bias=-0.9 m_adv_std=1.3933 m_kl_max=0.0346 m_ratio_max=0.697 return=-181.6 length=200 success_rate=0.00 collisions/ep=0.12 (n=8)
update=172 global_step=352256 SPS=135 w_ev=0.906 m_ev=0.980 m_v_bias=-0.8 m_adv_std=1.0685 m_kl_max=0.0259 m_ratio_max=0.647 return=-174.9 length=200 success_rate=0.00 collisions/ep=0.00 (n=16)
update=173 global_step=354304 SPS=136 w_ev=0.888 m_ev=0.981 m_v_bias=-0.4 m_adv_std=0.8914 m_kl_max=0.0522 m_ratio_max=1.206 return=-177.9 length=200 success_rate=0.00 collisions/ep=0.00 (n=8)
update=174 global_step=356352 SPS=136 w_ev=0.745 m_ev=0.132 m_v_bias=5.6 m_adv_std=20.3020 m_kl_max=0.0262 m_ratio_max=0.989 return=-181.2 length=200 success_rate=0.00 collisions/ep=0.12 (n=8)
update=175 global_step=358400 SPS=137 w_ev=0.540 m_ev=0.018 m_v_bias=10.9 m_adv_std=43.5079 m_kl_max=0.0161 m_ratio_max=0.864 return=-218.4 length=200 success_rate=0.00 collisions/ep=0.88 (n=16)
Evaluation at update 175: return=-176.67, length=200.00, success_rate=0.00, collisions/ep=0.00
Solved-check at update 175: solved=False worst_gap=1197.67 at p_x0=2.00 p_y0=1.00 (consecutive=0)
update=176 global_step=360448 SPS=135 w_ev=0.905 m_ev=0.415 m_v_bias=-0.8 m_adv_std=12.0424 m_kl_max=0.0121 m_ratio_max=0.741 return=-192.0 length=200 success_rate=0.00 collisions/ep=0.38 (n=8)
update=177 global_step=362496 SPS=135 w_ev=0.883 m_ev=0.080 m_v_bias=-0.3 m_adv_std=13.1612 m_kl_max=0.0138 m_ratio_max=0.852 return=-192.5 length=200 success_rate=0.00 collisions/ep=0.25 (n=8)
update=178 global_step=364544 SPS=136 w_ev=0.777 m_ev=0.220 m_v_bias=-5.7 m_adv_std=8.3197 m_kl_max=0.0150 m_ratio_max=0.694 return=-198.7 length=200 success_rate=0.00 collisions/ep=0.50 (n=8)
update=179 global_step=366592 SPS=136 w_ev=0.851 m_ev=0.144 m_v_bias=3.4 m_adv_std=24.8017 m_kl_max=0.0252 m_ratio_max=0.899 return=-196.6 length=200 success_rate=0.00 collisions/ep=0.44 (n=16)
update=180 global_step=368640 SPS=137 w_ev=0.763 m_ev=0.146 m_v_bias=-2.6 m_adv_std=16.2219 m_kl_max=0.0139 m_ratio_max=0.842 return=-176.0 length=200 success_rate=0.00 collisions/ep=0.00 (n=8)
Evaluation at update 180: return=-176.25, length=200.00, success_rate=0.00, collisions/ep=0.00
Solved-check at update 180: solved=False worst_gap=1196.02 at p_x0=2.00 p_y0=0.00 (consecutive=0)
update=181 global_step=370688 SPS=135 w_ev=0.759 m_ev=0.353 m_v_bias=-3.7 m_adv_std=7.9248 m_kl_max=0.0245 m_ratio_max=1.072 return=-202.4 length=200 success_rate=0.00 collisions/ep=0.50 (n=8)
update=182 global_step=372736 SPS=135 w_ev=0.649 m_ev=0.215 m_v_bias=-0.8 m_adv_std=8.5728 m_kl_max=0.0341 m_ratio_max=1.390 return=-175.3 length=200 success_rate=0.00 collisions/ep=0.00 (n=8)
update=183 global_step=374784 SPS=136 w_ev=0.740 m_ev=0.236 m_v_bias=-0.5 m_adv_std=12.0769 m_kl_max=0.0314 m_ratio_max=1.392 return=-189.8 length=200 success_rate=0.00 collisions/ep=0.25 (n=16)
update=184 global_step=376832 SPS=136 w_ev=0.722 m_ev=0.063 m_v_bias=1.0 m_adv_std=33.9819 m_kl_max=0.0073 m_ratio_max=0.311 return=-247.5 length=200 success_rate=0.00 collisions/ep=1.38 (n=8)
update=185 global_step=378880 SPS=137 w_ev=0.821 m_ev=0.469 m_v_bias=-0.4 m_adv_std=6.1454 m_kl_max=0.0142 m_ratio_max=0.579 return=-177.9 length=200 success_rate=0.00 collisions/ep=0.00 (n=8)
Evaluation at update 185: return=-177.06, length=200.00, success_rate=0.00, collisions/ep=0.00
Solved-check at update 185: solved=False worst_gap=1197.74 at p_x0=2.00 p_y0=0.00 (consecutive=0)
update=186 global_step=380928 SPS=135 w_ev=0.916 m_ev=0.604 m_v_bias=-0.8 m_adv_std=5.8627 m_kl_max=0.0200 m_ratio_max=0.828 return=-183.2 length=200 success_rate=0.00 collisions/ep=0.12 (n=16)
update=187 global_step=382976 SPS=135 w_ev=0.891 m_ev=0.948 m_v_bias=-1.7 m_adv_std=1.5483 m_kl_max=0.0152 m_ratio_max=0.825 return=-174.6 length=200 success_rate=0.00 collisions/ep=0.00 (n=8)
update=188 global_step=385024 SPS=136 w_ev=0.459 m_ev=0.026 m_v_bias=13.5 m_adv_std=54.8844 m_kl_max=0.0250 m_ratio_max=0.883 return=-187.5 length=200 success_rate=0.00 collisions/ep=0.25 (n=8)
update=189 global_step=387072 SPS=136 w_ev=0.796 m_ev=0.521 m_v_bias=-3.6 m_adv_std=5.2105 m_kl_max=0.0215 m_ratio_max=0.811 return=-229.1 length=200 success_rate=0.00 collisions/ep=1.12 (n=8)
update=190 global_step=389120 SPS=137 w_ev=0.916 m_ev=0.595 m_v_bias=-2.7 m_adv_std=5.8522 m_kl_max=0.0151 m_ratio_max=0.713 return=-178.5 length=200 success_rate=0.00 collisions/ep=0.00 (n=16)
Evaluation at update 190: return=-176.19, length=200.00, success_rate=0.00, collisions/ep=0.00
Solved-check at update 190: solved=False worst_gap=1196.88 at p_x0=2.00 p_y0=0.00 (consecutive=0)
update=191 global_step=391168 SPS=135 w_ev=0.794 m_ev=0.916 m_v_bias=-2.7 m_adv_std=1.6170 m_kl_max=0.0165 m_ratio_max=0.616 return=-181.1 length=200 success_rate=0.00 collisions/ep=0.12 (n=8)
update=192 global_step=393216 SPS=136 w_ev=0.912 m_ev=0.731 m_v_bias=-1.6 m_adv_std=4.5876 m_kl_max=0.0356 m_ratio_max=1.554 return=-185.8 length=200 success_rate=0.00 collisions/ep=0.12 (n=8)
update=193 global_step=395264 SPS=136 w_ev=0.838 m_ev=0.263 m_v_bias=-0.7 m_adv_std=13.0564 m_kl_max=0.0215 m_ratio_max=2.008 return=-185.1 length=200 success_rate=0.00 collisions/ep=0.25 (n=16)
update=194 global_step=397312 SPS=136 w_ev=0.884 m_ev=0.926 m_v_bias=-0.6 m_adv_std=2.2623 m_kl_max=0.0316 m_ratio_max=1.234 return=-176.6 length=200 success_rate=0.00 collisions/ep=0.00 (n=8)
update=195 global_step=399360 SPS=137 w_ev=0.841 m_ev=0.216 m_v_bias=4.2 m_adv_std=13.7275 m_kl_max=0.0215 m_ratio_max=0.863 return=-199.6 length=200 success_rate=0.00 collisions/ep=0.50 (n=8)
Evaluation at update 195: return=-175.32, length=200.00, success_rate=0.00, collisions/ep=0.00
Solved-check at update 195: solved=False worst_gap=1195.92 at p_x0=2.00 p_y0=0.00 (consecutive=0)
update=196 global_step=401408 SPS=135 w_ev=0.915 m_ev=0.446 m_v_bias=1.7 m_adv_std=10.5183 m_kl_max=0.0217 m_ratio_max=1.171 return=-194.8 length=200 success_rate=0.00 collisions/ep=0.38 (n=8)
update=197 global_step=403456 SPS=136 w_ev=0.881 m_ev=0.524 m_v_bias=-0.1 m_adv_std=8.5972 m_kl_max=0.0063 m_ratio_max=0.396 return=-186.4 length=200 success_rate=0.00 collisions/ep=0.25 (n=16)
update=198 global_step=405504 SPS=136 w_ev=0.825 m_ev=0.243 m_v_bias=0.3 m_adv_std=12.1411 m_kl_max=0.0183 m_ratio_max=0.420 return=-187.0 length=200 success_rate=0.00 collisions/ep=0.25 (n=8)
update=199 global_step=407552 SPS=136 w_ev=0.781 m_ev=0.300 m_v_bias=1.0 m_adv_std=12.4385 m_kl_max=0.0382 m_ratio_max=0.820 return=-195.0 length=200 success_rate=0.00 collisions/ep=0.38 (n=8)
update=200 global_step=409600 SPS=137 w_ev=0.893 m_ev=0.798 m_v_bias=-3.0 m_adv_std=3.0113 m_kl_max=0.0172 m_ratio_max=0.798 return=-179.9 length=200 success_rate=0.00 collisions/ep=0.06 (n=16)
Evaluation at update 200: return=-176.19, length=200.00, success_rate=0.00, collisions/ep=0.00
Solved-check at update 200: solved=False worst_gap=1196.75 at p_x0=2.00 p_y0=0.00 (consecutive=0)
update=201 global_step=411648 SPS=135 w_ev=0.924 m_ev=0.959 m_v_bias=-1.9 m_adv_std=1.6141 m_kl_max=0.0188 m_ratio_max=0.801 return=-174.8 length=200 success_rate=0.00 collisions/ep=0.00 (n=8)
update=202 global_step=413696 SPS=136 w_ev=0.866 m_ev=0.592 m_v_bias=-0.4 m_adv_std=5.6679 m_kl_max=0.0109 m_ratio_max=0.446 return=-179.5 length=200 success_rate=0.00 collisions/ep=0.12 (n=8)
update=203 global_step=415744 SPS=136 w_ev=0.852 m_ev=0.568 m_v_bias=-0.3 m_adv_std=6.1299 m_kl_max=0.0124 m_ratio_max=0.643 return=-179.8 length=200 success_rate=0.00 collisions/ep=0.12 (n=8)
update=204 global_step=417792 SPS=136 w_ev=0.792 m_ev=0.114 m_v_bias=4.0 m_adv_std=23.9810 m_kl_max=0.0117 m_ratio_max=0.471 return=-188.0 length=200 success_rate=0.00 collisions/ep=0.25 (n=16)
update=205 global_step=419840 SPS=137 w_ev=0.787 m_ev=0.527 m_v_bias=-1.2 m_adv_std=6.4645 m_kl_max=0.0183 m_ratio_max=0.759 return=-182.5 length=200 success_rate=0.00 collisions/ep=0.12 (n=8)
Evaluation at update 205: return=-175.00, length=200.00, success_rate=0.00, collisions/ep=0.00
Solved-check at update 205: solved=False worst_gap=1195.26 at p_x0=2.00 p_y0=0.00 (consecutive=0)
update=206 global_step=421888 SPS=135 w_ev=0.808 m_ev=0.057 m_v_bias=-0.3 m_adv_std=11.1944 m_kl_max=0.0088 m_ratio_max=0.632 return=-176.9 length=200 success_rate=0.00 collisions/ep=0.00 (n=8)
update=207 global_step=423936 SPS=135 w_ev=0.833 m_ev=0.304 m_v_bias=0.8 m_adv_std=10.6342 m_kl_max=0.0064 m_ratio_max=0.376 return=-195.1 length=200 success_rate=0.00 collisions/ep=0.38 (n=8)
update=208 global_step=425984 SPS=136 w_ev=0.926 m_ev=0.899 m_v_bias=-2.3 m_adv_std=2.6559 m_kl_max=0.0200 m_ratio_max=0.925 return=-181.2 length=200 success_rate=0.00 collisions/ep=0.12 (n=16)
update=209 global_step=428032 SPS=136 w_ev=0.864 m_ev=0.389 m_v_bias=-0.1 m_adv_std=8.0538 m_kl_max=0.0138 m_ratio_max=0.546 return=-181.4 length=200 success_rate=0.00 collisions/ep=0.12 (n=8)
update=210 global_step=430080 SPS=137 w_ev=0.894 m_ev=0.976 m_v_bias=-1.6 m_adv_std=1.0802 m_kl_max=0.0378 m_ratio_max=0.615 return=-180.6 length=200 success_rate=0.00 collisions/ep=0.12 (n=8)
Evaluation at update 210: return=-174.12, length=200.00, success_rate=0.00, collisions/ep=0.00
Solved-check at update 210: solved=False worst_gap=1194.19 at p_x0=2.00 p_y0=0.00 (consecutive=0)
update=211 global_step=432128 SPS=135 w_ev=0.910 m_ev=0.836 m_v_bias=-1.1 m_adv_std=3.3952 m_kl_max=0.0325 m_ratio_max=0.882 return=-178.1 length=200 success_rate=0.00 collisions/ep=0.06 (n=16)
update=212 global_step=434176 SPS=136 w_ev=0.889 m_ev=0.418 m_v_bias=2.9 m_adv_std=10.3993 m_kl_max=0.0219 m_ratio_max=0.856 return=-185.1 length=200 success_rate=0.00 collisions/ep=0.25 (n=8)
update=213 global_step=436224 SPS=136 w_ev=0.897 m_ev=0.606 m_v_bias=-0.3 m_adv_std=6.1365 m_kl_max=0.0228 m_ratio_max=0.877 return=-181.9 length=200 success_rate=0.00 collisions/ep=0.25 (n=8)
update=214 global_step=438272 SPS=136 w_ev=0.882 m_ev=0.355 m_v_bias=2.7 m_adv_std=11.8008 m_kl_max=0.0237 m_ratio_max=0.842 return=-196.7 length=200 success_rate=0.00 collisions/ep=0.50 (n=8)
update=215 global_step=440320 SPS=137 w_ev=0.496 m_ev=0.041 m_v_bias=15.8 m_adv_std=66.6094 m_kl_max=0.0290 m_ratio_max=1.226 return=-229.0 length=200 success_rate=0.00 collisions/ep=1.06 (n=16)
Evaluation at update 215: return=-174.38, length=200.00, success_rate=0.00, collisions/ep=0.00
Solved-check at update 215: solved=False worst_gap=1193.97 at p_x0=2.00 p_y0=0.50 (consecutive=0)
update=216 global_step=442368 SPS=135 w_ev=0.589 m_ev=0.042 m_v_bias=-2.8 m_adv_std=19.8163 m_kl_max=0.0142 m_ratio_max=0.529 return=-209.5 length=200 success_rate=0.00 collisions/ep=0.75 (n=8)
update=217 global_step=444416 SPS=136 w_ev=0.869 m_ev=0.546 m_v_bias=-5.3 m_adv_std=6.5174 m_kl_max=0.0139 m_ratio_max=0.544 return=-176.1 length=200 success_rate=0.00 collisions/ep=0.12 (n=8)
update=218 global_step=446464 SPS=136 w_ev=0.908 m_ev=0.294 m_v_bias=-0.6 m_adv_std=12.1161 m_kl_max=0.0256 m_ratio_max=1.008 return=-186.9 length=200 success_rate=0.00 collisions/ep=0.19 (n=16)
update=219 global_step=448512 SPS=136 w_ev=0.836 m_ev=0.231 m_v_bias=1.6 m_adv_std=18.8095 m_kl_max=0.0312 m_ratio_max=1.404 return=-205.6 length=200 success_rate=0.00 collisions/ep=0.50 (n=8)
update=220 global_step=450560 SPS=137 w_ev=0.896 m_ev=0.828 m_v_bias=-3.6 m_adv_std=3.1587 m_kl_max=0.0183 m_ratio_max=0.738 return=-167.4 length=200 success_rate=0.00 collisions/ep=0.00 (n=8)
Evaluation at update 220: return=-174.38, length=200.00, success_rate=0.00, collisions/ep=0.00
Solved-check at update 220: solved=False worst_gap=1193.92 at p_x0=2.00 p_y0=0.50 (consecutive=0)
update=221 global_step=452608 SPS=135 w_ev=0.846 m_ev=0.331 m_v_bias=0.2 m_adv_std=9.8373 m_kl_max=0.0201 m_ratio_max=0.598 return=-177.0 length=200 success_rate=0.00 collisions/ep=0.12 (n=8)
update=222 global_step=454656 SPS=136 w_ev=0.919 m_ev=0.729 m_v_bias=-1.6 m_adv_std=5.1938 m_kl_max=0.0376 m_ratio_max=0.815 return=-185.5 length=200 success_rate=0.00 collisions/ep=0.19 (n=16)
update=223 global_step=456704 SPS=136 w_ev=0.650 m_ev=0.052 m_v_bias=7.1 m_adv_std=37.4618 m_kl_max=0.0737 m_ratio_max=1.936 return=-212.9 length=200 success_rate=0.00 collisions/ep=0.75 (n=8)
update=224 global_step=458752 SPS=136 w_ev=0.891 m_ev=0.779 m_v_bias=-4.8 m_adv_std=4.0799 m_kl_max=0.0154 m_ratio_max=0.470 return=-170.7 length=200 success_rate=0.00 collisions/ep=0.00 (n=8)
update=225 global_step=460800 SPS=137 w_ev=0.722 m_ev=0.045 m_v_bias=7.2 m_adv_std=31.8972 m_kl_max=0.0211 m_ratio_max=0.707 return=-193.5 length=200 success_rate=0.00 collisions/ep=0.44 (n=16)
Evaluation at update 225: return=-173.39, length=200.00, success_rate=0.00, collisions/ep=0.00
Solved-check at update 225: solved=False worst_gap=1192.85 at p_x0=2.00 p_y0=0.50 (consecutive=0)
update=226 global_step=462848 SPS=135 w_ev=0.886 m_ev=0.274 m_v_bias=2.8 m_adv_std=15.6997 m_kl_max=0.0271 m_ratio_max=1.918 return=-211.2 length=200 success_rate=0.00 collisions/ep=0.75 (n=8)
update=227 global_step=464896 SPS=136 w_ev=0.752 m_ev=0.091 m_v_bias=0.7 m_adv_std=24.9220 m_kl_max=0.0229 m_ratio_max=1.200 return=-186.8 length=200 success_rate=0.00 collisions/ep=0.25 (n=8)
update=228 global_step=466944 SPS=136 w_ev=0.882 m_ev=0.553 m_v_bias=-5.0 m_adv_std=7.0673 m_kl_max=0.0219 m_ratio_max=0.958 return=-197.6 length=200 success_rate=0.00 collisions/ep=0.50 (n=8)
update=229 global_step=468992 SPS=136 w_ev=0.936 m_ev=0.615 m_v_bias=-3.3 m_adv_std=7.0867 m_kl_max=0.0290 m_ratio_max=1.043 return=-179.2 length=200 success_rate=0.00 collisions/ep=0.12 (n=16)
update=230 global_step=471040 SPS=137 w_ev=0.890 m_ev=0.594 m_v_bias=-2.4 m_adv_std=6.4765 m_kl_max=0.0142 m_ratio_max=0.812 return=-181.3 length=200 success_rate=0.00 collisions/ep=0.12 (n=8)
Evaluation at update 230: return=-173.53, length=200.00, success_rate=0.00, collisions/ep=0.00
Solved-check at update 230: solved=False worst_gap=1193.11 at p_x0=2.00 p_y0=0.00 (consecutive=0)
update=231 global_step=473088 SPS=135 w_ev=0.888 m_ev=0.951 m_v_bias=-2.7 m_adv_std=1.6435 m_kl_max=0.0151 m_ratio_max=0.542 return=-173.1 length=200 success_rate=0.00 collisions/ep=0.00 (n=8)
update=232 global_step=475136 SPS=135 w_ev=0.892 m_ev=0.269 m_v_bias=2.4 m_adv_std=15.8634 m_kl_max=0.0131 m_ratio_max=0.575 return=-172.0 length=200 success_rate=0.00 collisions/ep=0.00 (n=8)
update=233 global_step=477184 SPS=136 w_ev=0.938 m_ev=0.661 m_v_bias=-0.4 m_adv_std=6.5637 m_kl_max=0.0311 m_ratio_max=1.360 return=-182.7 length=200 success_rate=0.00 collisions/ep=0.25 (n=16)
update=234 global_step=479232 SPS=136 w_ev=0.916 m_ev=0.948 m_v_bias=-2.0 m_adv_std=1.5481 m_kl_max=0.0157 m_ratio_max=0.668 return=-170.6 length=200 success_rate=0.00 collisions/ep=0.00 (n=8)
update=235 global_step=481280 SPS=137 w_ev=0.901 m_ev=0.955 m_v_bias=-1.7 m_adv_std=1.4362 m_kl_max=0.0191 m_ratio_max=0.659 return=-174.5 length=200 success_rate=0.00 collisions/ep=0.00 (n=8)
Evaluation at update 235: return=-172.37, length=200.00, success_rate=0.00, collisions/ep=0.00
Solved-check at update 235: solved=False worst_gap=1191.99 at p_x0=2.00 p_y0=1.00 (consecutive=0)
update=236 global_step=483328 SPS=135 w_ev=0.957 m_ev=0.715 m_v_bias=-0.1 m_adv_std=5.9008 m_kl_max=0.0293 m_ratio_max=1.218 return=-176.5 length=200 success_rate=0.00 collisions/ep=0.06 (n=16)
update=237 global_step=485376 SPS=135 w_ev=0.411 m_ev=-0.037 m_v_bias=8.7 m_adv_std=61.2601 m_kl_max=0.0341 m_ratio_max=0.992 return=-170.4 length=200 success_rate=0.00 collisions/ep=0.00 (n=8)
update=238 global_step=487424 SPS=136 w_ev=0.765 m_ev=-0.356 m_v_bias=-4.6 m_adv_std=8.4433 m_kl_max=0.0183 m_ratio_max=0.929 return=-239.4 length=200 success_rate=0.00 collisions/ep=1.38 (n=8)
update=239 global_step=489472 SPS=136 w_ev=0.881 m_ev=0.399 m_v_bias=0.1 m_adv_std=10.6926 m_kl_max=0.0120 m_ratio_max=0.649 return=-187.0 length=200 success_rate=0.00 collisions/ep=0.25 (n=8)
update=240 global_step=491520 SPS=137 w_ev=0.958 m_ev=0.971 m_v_bias=-0.4 m_adv_std=1.6239 m_kl_max=0.0208 m_ratio_max=0.643 return=-168.0 length=200 success_rate=0.00 collisions/ep=0.00 (n=16)
Evaluation at update 240: return=-171.36, length=200.00, success_rate=0.00, collisions/ep=0.00
Solved-check at update 240: solved=False worst_gap=1190.94 at p_x0=2.00 p_y0=1.00 (consecutive=0)
update=241 global_step=493568 SPS=135 w_ev=0.930 m_ev=0.947 m_v_bias=-1.1 m_adv_std=1.6016 m_kl_max=0.0626 m_ratio_max=2.332 return=-171.7 length=200 success_rate=0.00 collisions/ep=0.00 (n=8)
update=242 global_step=495616 SPS=135 w_ev=0.543 m_ev=0.033 m_v_bias=6.8 m_adv_std=45.0432 m_kl_max=0.0178 m_ratio_max=0.963 return=-229.2 length=200 success_rate=0.00 collisions/ep=1.12 (n=8)
update=243 global_step=497664 SPS=136 w_ev=0.942 m_ev=0.800 m_v_bias=-3.1 m_adv_std=4.3633 m_kl_max=0.0145 m_ratio_max=0.672 return=-169.7 length=200 success_rate=0.00 collisions/ep=0.00 (n=16)
update=244 global_step=499712 SPS=136 w_ev=0.943 m_ev=0.963 m_v_bias=-2.0 m_adv_std=1.9048 m_kl_max=0.0309 m_ratio_max=1.238 return=-169.2 length=200 success_rate=0.00 collisions/ep=0.00 (n=8)
update=245 global_step=501760 SPS=137 w_ev=0.906 m_ev=0.487 m_v_bias=0.6 m_adv_std=8.3179 m_kl_max=0.0360 m_ratio_max=1.140 return=-172.6 length=200 success_rate=0.00 collisions/ep=0.12 (n=8)
Evaluation at update 245: return=-169.62, length=200.00, success_rate=0.00, collisions/ep=0.00
Solved-check at update 245: solved=False worst_gap=1189.11 at p_x0=2.00 p_y0=1.00 (consecutive=0)
update=246 global_step=503808 SPS=135 w_ev=0.935 m_ev=0.979 m_v_bias=-1.4 m_adv_std=1.2755 m_kl_max=0.0373 m_ratio_max=0.788 return=-176.1 length=200 success_rate=0.00 collisions/ep=0.12 (n=8)
update=247 global_step=505856 SPS=135 w_ev=0.963 m_ev=0.990 m_v_bias=-1.0 m_adv_std=1.0488 m_kl_max=0.0341 m_ratio_max=0.745 return=-167.4 length=200 success_rate=0.00 collisions/ep=0.00 (n=16)
update=248 global_step=507904 SPS=136 w_ev=0.926 m_ev=0.954 m_v_bias=-0.9 m_adv_std=1.6653 m_kl_max=0.0258 m_ratio_max=0.801 return=-169.5 length=200 success_rate=0.00 collisions/ep=0.00 (n=8)
update=249 global_step=509952 SPS=136 w_ev=0.922 m_ev=0.569 m_v_bias=0.5 m_adv_std=6.5483 m_kl_max=0.0258 m_ratio_max=1.206 return=-169.9 length=200 success_rate=0.00 collisions/ep=0.00 (n=8)
update=250 global_step=512000 SPS=137 w_ev=0.938 m_ev=0.986 m_v_bias=-1.4 m_adv_std=0.9710 m_kl_max=0.0161 m_ratio_max=0.668 return=-170.1 length=200 success_rate=0.00 collisions/ep=0.06 (n=16)
Evaluation at update 250: return=-167.23, length=200.00, success_rate=0.00, collisions/ep=0.00
Solved-check at update 250: solved=False worst_gap=1186.61 at p_x0=2.00 p_y0=1.00 (consecutive=0)
update=251 global_step=514048 SPS=135 w_ev=0.932 m_ev=0.298 m_v_bias=1.2 m_adv_std=11.3775 m_kl_max=0.0150 m_ratio_max=0.673 return=-164.8 length=200 success_rate=0.00 collisions/ep=0.00 (n=8)
update=252 global_step=516096 SPS=135 w_ev=0.863 m_ev=0.297 m_v_bias=1.9 m_adv_std=14.2586 m_kl_max=0.0122 m_ratio_max=0.428 return=-209.3 length=200 success_rate=0.00 collisions/ep=0.75 (n=8)
update=253 global_step=518144 SPS=136 w_ev=0.953 m_ev=0.905 m_v_bias=-0.9 m_adv_std=2.7823 m_kl_max=0.0241 m_ratio_max=0.526 return=-165.6 length=200 success_rate=0.00 collisions/ep=0.00 (n=8)
update=254 global_step=520192 SPS=136 w_ev=0.963 m_ev=0.499 m_v_bias=2.0 m_adv_std=12.8211 m_kl_max=0.0380 m_ratio_max=1.568 return=-173.2 length=200 success_rate=0.00 collisions/ep=0.19 (n=16)
update=255 global_step=522240 SPS=137 w_ev=0.953 m_ev=0.709 m_v_bias=-1.0 m_adv_std=5.9285 m_kl_max=0.0178 m_ratio_max=0.701 return=-171.8 length=200 success_rate=0.00 collisions/ep=0.12 (n=8)
Evaluation at update 255: return=-165.35, length=200.00, success_rate=0.00, collisions/ep=0.00
Solved-check at update 255: solved=False worst_gap=1185.39 at p_x0=2.00 p_y0=0.50 (consecutive=0)
update=256 global_step=524288 SPS=135 w_ev=0.959 m_ev=0.972 m_v_bias=-2.0 m_adv_std=1.6353 m_kl_max=0.0200 m_ratio_max=0.624 return=-165.1 length=200 success_rate=0.00 collisions/ep=0.00 (n=8)
update=257 global_step=526336 SPS=135 w_ev=0.957 m_ev=0.665 m_v_bias=-0.5 m_adv_std=6.5379 m_kl_max=0.0413 m_ratio_max=2.330 return=-159.7 length=200 success_rate=0.00 collisions/ep=0.00 (n=8)
update=258 global_step=528384 SPS=136 w_ev=0.960 m_ev=0.354 m_v_bias=0.7 m_adv_std=11.6585 m_kl_max=0.0174 m_ratio_max=0.601 return=-179.4 length=200 success_rate=0.00 collisions/ep=0.25 (n=16)
update=259 global_step=530432 SPS=136 w_ev=0.784 m_ev=0.046 m_v_bias=4.5 m_adv_std=30.8056 m_kl_max=0.0211 m_ratio_max=0.715 return=-168.8 length=200 success_rate=0.00 collisions/ep=0.12 (n=8)
update=260 global_step=532480 SPS=136 w_ev=0.959 m_ev=0.885 m_v_bias=-2.9 m_adv_std=3.3052 m_kl_max=0.0238 m_ratio_max=0.759 return=-197.4 length=200 success_rate=0.00 collisions/ep=0.62 (n=8)
Evaluation at update 260: return=-164.60, length=200.00, success_rate=0.00, collisions/ep=0.00
Solved-check at update 260: solved=False worst_gap=1185.81 at p_x0=2.00 p_y0=0.00 (consecutive=0)
update=261 global_step=534528 SPS=135 w_ev=0.965 m_ev=0.589 m_v_bias=-0.5 m_adv_std=9.2553 m_kl_max=0.0091 m_ratio_max=0.609 return=-170.4 length=200 success_rate=0.00 collisions/ep=0.19 (n=16)
update=262 global_step=536576 SPS=135 w_ev=0.968 m_ev=0.960 m_v_bias=-2.0 m_adv_std=1.9766 m_kl_max=0.0454 m_ratio_max=1.989 return=-168.4 length=200 success_rate=0.00 collisions/ep=0.00 (n=8)
update=263 global_step=538624 SPS=136 w_ev=0.947 m_ev=0.669 m_v_bias=-0.8 m_adv_std=5.4599 m_kl_max=0.0462 m_ratio_max=2.472 return=-161.5 length=200 success_rate=0.00 collisions/ep=0.00 (n=8)
update=264 global_step=540672 SPS=136 w_ev=0.961 m_ev=0.397 m_v_bias=1.4 m_adv_std=12.6406 m_kl_max=0.0252 m_ratio_max=1.393 return=-182.2 length=200 success_rate=0.00 collisions/ep=0.38 (n=8)
update=265 global_step=542720 SPS=136 w_ev=0.978 m_ev=0.764 m_v_bias=-0.0 m_adv_std=6.3023 m_kl_max=0.0236 m_ratio_max=1.002 return=-168.9 length=200 success_rate=0.00 collisions/ep=0.12 (n=16)
Evaluation at update 265: return=-162.61, length=200.00, success_rate=0.00, collisions/ep=0.00
Solved-check at update 265: solved=False worst_gap=1182.03 at p_x0=2.00 p_y0=-0.50 (consecutive=0)
update=266 global_step=544768 SPS=135 w_ev=0.954 m_ev=0.439 m_v_bias=0.3 m_adv_std=8.5233 m_kl_max=0.0034 m_ratio_max=0.288 return=-167.4 length=200 success_rate=0.00 collisions/ep=0.12 (n=8)
update=267 global_step=546816 SPS=135 w_ev=0.967 m_ev=0.938 m_v_bias=-1.9 m_adv_std=2.3909 m_kl_max=0.0276 m_ratio_max=0.701 return=-172.3 length=200 success_rate=0.00 collisions/ep=0.12 (n=8)
update=268 global_step=548864 SPS=135 w_ev=0.976 m_ev=0.990 m_v_bias=-1.3 m_adv_std=0.9565 m_kl_max=0.0364 m_ratio_max=0.888 return=-161.7 length=200 success_rate=0.00 collisions/ep=0.00 (n=16)
update=269 global_step=550912 SPS=136 w_ev=0.970 m_ev=0.990 m_v_bias=-0.9 m_adv_std=1.2024 m_kl_max=0.0631 m_ratio_max=2.034 return=-161.4 length=200 success_rate=0.00 collisions/ep=0.00 (n=8)
update=270 global_step=552960 SPS=136 w_ev=0.969 m_ev=0.713 m_v_bias=0.3 m_adv_std=6.2125 m_kl_max=0.0535 m_ratio_max=1.167 return=-163.7 length=200 success_rate=0.00 collisions/ep=0.00 (n=8)
Evaluation at update 270: return=-159.93, length=200.00, success_rate=0.00, collisions/ep=0.00
Solved-check at update 270: solved=False worst_gap=1179.87 at p_x0=2.00 p_y0=-0.50 (consecutive=0)
update=271 global_step=555008 SPS=135 w_ev=0.811 m_ev=0.134 m_v_bias=1.1 m_adv_std=23.3747 m_kl_max=0.0066 m_ratio_max=0.787 return=-206.9 length=200 success_rate=0.00 collisions/ep=1.00 (n=8)
update=272 global_step=557056 SPS=135 w_ev=0.965 m_ev=0.988 m_v_bias=-1.3 m_adv_std=1.3766 m_kl_max=0.0213 m_ratio_max=1.392 return=-162.5 length=200 success_rate=0.00 collisions/ep=0.00 (n=16)
update=273 global_step=559104 SPS=135 w_ev=0.958 m_ev=0.981 m_v_bias=-0.9 m_adv_std=1.3415 m_kl_max=0.0489 m_ratio_max=1.039 return=-156.4 length=200 success_rate=0.00 collisions/ep=0.00 (n=8)
update=274 global_step=561152 SPS=136 w_ev=0.971 m_ev=0.987 m_v_bias=-0.9 m_adv_std=1.2042 m_kl_max=0.0414 m_ratio_max=1.131 return=-159.1 length=200 success_rate=0.00 collisions/ep=0.00 (n=8)
update=275 global_step=563200 SPS=136 w_ev=0.979 m_ev=0.991 m_v_bias=-1.3 m_adv_std=0.9554 m_kl_max=0.0300 m_ratio_max=1.127 return=-156.1 length=200 success_rate=0.00 collisions/ep=0.00 (n=16)
Evaluation at update 275: return=-155.16, length=200.00, success_rate=0.00, collisions/ep=0.00
Solved-check at update 275: solved=False worst_gap=1174.83 at p_x0=2.00 p_y0=-0.50 (consecutive=0)
update=276 global_step=565248 SPS=135 w_ev=0.988 m_ev=0.994 m_v_bias=-0.8 m_adv_std=1.0864 m_kl_max=0.0358 m_ratio_max=0.817 return=-153.7 length=200 success_rate=0.00 collisions/ep=0.00 (n=8)
update=277 global_step=567296 SPS=135 w_ev=0.978 m_ev=0.766 m_v_bias=0.1 m_adv_std=5.7254 m_kl_max=0.0180 m_ratio_max=0.777 return=-151.5 length=200 success_rate=0.00 collisions/ep=0.00 (n=8)
update=278 global_step=569344 SPS=135 w_ev=0.969 m_ev=0.984 m_v_bias=-1.2 m_adv_std=1.3713 m_kl_max=0.0619 m_ratio_max=1.815 return=-158.8 length=200 success_rate=0.00 collisions/ep=0.12 (n=8)
update=279 global_step=571392 SPS=136 w_ev=0.986 m_ev=0.850 m_v_bias=-0.3 m_adv_std=5.2978 m_kl_max=0.0427 m_ratio_max=0.769 return=-157.4 length=200 success_rate=0.00 collisions/ep=0.06 (n=16)
update=280 global_step=573440 SPS=136 w_ev=0.972 m_ev=0.773 m_v_bias=0.4 m_adv_std=6.4435 m_kl_max=0.0150 m_ratio_max=0.860 return=-157.0 length=200 success_rate=0.00 collisions/ep=0.12 (n=8)
Evaluation at update 280: return=-150.04, length=200.00, success_rate=0.00, collisions/ep=0.00
Solved-check at update 280: solved=False worst_gap=1169.92 at p_x0=2.00 p_y0=0.00 (consecutive=0)
update=281 global_step=575488 SPS=135 w_ev=0.972 m_ev=0.748 m_v_bias=0.1 m_adv_std=6.3483 m_kl_max=0.0276 m_ratio_max=1.396 return=-151.5 length=200 success_rate=0.00 collisions/ep=0.00 (n=8)
update=282 global_step=577536 SPS=135 w_ev=0.981 m_ev=0.666 m_v_bias=1.4 m_adv_std=8.4136 m_kl_max=0.0402 m_ratio_max=1.415 return=-159.7 length=200 success_rate=0.00 collisions/ep=0.12 (n=8)
update=283 global_step=579584 SPS=135 w_ev=0.977 m_ev=0.602 m_v_bias=0.2 m_adv_std=10.4925 m_kl_max=0.0289 m_ratio_max=1.294 return=-162.9 length=200 success_rate=0.00 collisions/ep=0.25 (n=16)
update=284 global_step=581632 SPS=135 w_ev=0.966 m_ev=0.441 m_v_bias=2.7 m_adv_std=13.9056 m_kl_max=0.0321 m_ratio_max=0.760 return=-168.1 length=200 success_rate=0.00 collisions/ep=0.38 (n=8)
update=285 global_step=583680 SPS=136 w_ev=0.979 m_ev=0.782 m_v_bias=-1.8 m_adv_std=6.7850 m_kl_max=0.0078 m_ratio_max=0.451 return=-154.6 length=200 success_rate=0.00 collisions/ep=0.12 (n=8)
Evaluation at update 285: return=-149.02, length=200.00, success_rate=0.00, collisions/ep=0.00
Solved-check at update 285: solved=False worst_gap=1169.43 at p_x0=2.00 p_y0=0.00 (consecutive=0)
update=286 global_step=585728 SPS=135 w_ev=0.986 m_ev=0.817 m_v_bias=-1.0 m_adv_std=6.4550 m_kl_max=0.0167 m_ratio_max=0.796 return=-155.7 length=200 success_rate=0.00 collisions/ep=0.12 (n=16)
update=287 global_step=587776 SPS=135 w_ev=0.987 m_ev=0.985 m_v_bias=-2.0 m_adv_std=1.6067 m_kl_max=0.0133 m_ratio_max=0.399 return=-153.6 length=200 success_rate=0.00 collisions/ep=0.00 (n=8)
update=288 global_step=589824 SPS=135 w_ev=0.978 m_ev=0.817 m_v_bias=-0.3 m_adv_std=5.9777 m_kl_max=0.0165 m_ratio_max=0.542 return=-154.1 length=200 success_rate=0.00 collisions/ep=0.12 (n=8)
update=289 global_step=591872 SPS=135 w_ev=0.974 m_ev=0.990 m_v_bias=-0.4 m_adv_std=1.0899 m_kl_max=0.0326 m_ratio_max=0.800 return=-152.9 length=200 success_rate=0.00 collisions/ep=0.00 (n=8)
update=290 global_step=593920 SPS=136 w_ev=0.966 m_ev=0.352 m_v_bias=2.1 m_adv_std=16.7897 m_kl_max=0.0191 m_ratio_max=0.563 return=-158.8 length=200 success_rate=0.00 collisions/ep=0.19 (n=16)
Evaluation at update 290: return=-148.89, length=200.00, success_rate=0.00, collisions/ep=0.00
Solved-check at update 290: solved=False worst_gap=1169.87 at p_x0=2.00 p_y0=0.00 (consecutive=0)
update=291 global_step=595968 SPS=135 w_ev=0.969 m_ev=0.946 m_v_bias=-2.1 m_adv_std=2.6328 m_kl_max=0.0481 m_ratio_max=1.391 return=-152.7 length=200 success_rate=0.00 collisions/ep=0.00 (n=8)
update=292 global_step=598016 SPS=135 w_ev=0.758 m_ev=0.099 m_v_bias=10.7 m_adv_std=53.2315 m_kl_max=0.0442 m_ratio_max=2.312 return=-207.6 length=200 success_rate=0.00 collisions/ep=1.12 (n=8)
update=293 global_step=600064 SPS=135 w_ev=0.966 m_ev=0.804 m_v_bias=-2.1 m_adv_std=5.9727 m_kl_max=0.0090 m_ratio_max=0.422 return=-150.6 length=200 success_rate=0.00 collisions/ep=0.00 (n=16)
update=294 global_step=602112 SPS=135 w_ev=0.986 m_ev=0.915 m_v_bias=-2.0 m_adv_std=4.2508 m_kl_max=0.0139 m_ratio_max=0.780 return=-152.2 length=200 success_rate=0.00 collisions/ep=0.00 (n=8)
update=295 global_step=604160 SPS=136 w_ev=0.981 m_ev=0.981 m_v_bias=-2.1 m_adv_std=1.7094 m_kl_max=0.0157 m_ratio_max=1.124 return=-149.8 length=200 success_rate=0.00 collisions/ep=0.00 (n=8)
Evaluation at update 295: return=-148.83, length=200.00, success_rate=0.00, collisions/ep=0.00
Solved-check at update 295: solved=False worst_gap=1170.33 at p_x0=2.00 p_y0=0.00 (consecutive=0)
update=296 global_step=606208 SPS=135 w_ev=0.984 m_ev=0.806 m_v_bias=-0.7 m_adv_std=6.4862 m_kl_max=0.0232 m_ratio_max=0.689 return=-151.3 length=200 success_rate=0.00 collisions/ep=0.12 (n=8)
update=297 global_step=608256 SPS=135 w_ev=0.991 m_ev=0.932 m_v_bias=-0.4 m_adv_std=4.2354 m_kl_max=0.0121 m_ratio_max=0.489 return=-152.4 length=200 success_rate=0.00 collisions/ep=0.06 (n=16)
update=298 global_step=610304 SPS=135 w_ev=0.978 m_ev=0.971 m_v_bias=-0.8 m_adv_std=2.0327 m_kl_max=0.0210 m_ratio_max=0.666 return=-150.0 length=200 success_rate=0.00 collisions/ep=0.00 (n=8)
update=299 global_step=612352 SPS=135 w_ev=0.907 m_ev=0.094 m_v_bias=5.2 m_adv_std=21.8988 m_kl_max=0.0290 m_ratio_max=0.731 return=-164.8 length=200 success_rate=0.00 collisions/ep=0.25 (n=8)
update=300 global_step=614400 SPS=136 w_ev=0.972 m_ev=0.835 m_v_bias=-3.8 m_adv_std=4.9769 m_kl_max=0.0215 m_ratio_max=0.669 return=-162.7 length=200 success_rate=0.00 collisions/ep=0.31 (n=16)
Evaluation at update 300: return=-149.35, length=200.00, success_rate=0.00, collisions/ep=0.00
Solved-check at update 300: solved=False worst_gap=1169.43 at p_x0=2.00 p_y0=-0.50 (consecutive=0)
update=301 global_step=616448 SPS=135 w_ev=0.983 m_ev=0.943 m_v_bias=-1.9 m_adv_std=3.7127 m_kl_max=0.0442 m_ratio_max=1.171 return=-151.7 length=200 success_rate=0.00 collisions/ep=0.00 (n=8)
update=302 global_step=618496 SPS=135 w_ev=0.961 m_ev=0.344 m_v_bias=2.8 m_adv_std=15.8564 m_kl_max=0.0173 m_ratio_max=0.996 return=-162.8 length=200 success_rate=0.00 collisions/ep=0.38 (n=8)
update=303 global_step=620544 SPS=135 w_ev=0.921 m_ev=0.191 m_v_bias=6.0 m_adv_std=30.8263 m_kl_max=0.0262 m_ratio_max=0.955 return=-166.7 length=200 success_rate=0.00 collisions/ep=0.38 (n=8)
update=304 global_step=622592 SPS=135 w_ev=0.990 m_ev=0.962 m_v_bias=-2.8 m_adv_std=3.2547 m_kl_max=0.0119 m_ratio_max=0.440 return=-162.9 length=200 success_rate=0.00 collisions/ep=0.31 (n=16)
update=305 global_step=624640 SPS=136 w_ev=0.982 m_ev=0.970 m_v_bias=-2.1 m_adv_std=2.2288 m_kl_max=0.0342 m_ratio_max=0.996 return=-146.4 length=200 success_rate=0.00 collisions/ep=0.00 (n=8)
Evaluation at update 305: return=-148.92, length=200.00, success_rate=0.00, collisions/ep=0.00
Solved-check at update 305: solved=False worst_gap=1168.92 at p_x0=2.00 p_y0=-0.50 (consecutive=0)
update=306 global_step=626688 SPS=135 w_ev=0.978 m_ev=0.768 m_v_bias=-0.6 m_adv_std=6.7639 m_kl_max=0.0231 m_ratio_max=1.068 return=-150.6 length=200 success_rate=0.00 collisions/ep=0.00 (n=8)
update=307 global_step=628736 SPS=135 w_ev=0.984 m_ev=0.993 m_v_bias=-1.8 m_adv_std=1.0925 m_kl_max=0.0153 m_ratio_max=0.703 return=-158.6 length=200 success_rate=0.00 collisions/ep=0.12 (n=8)
update=308 global_step=630784 SPS=135 w_ev=0.992 m_ev=0.997 m_v_bias=-1.1 m_adv_std=0.9266 m_kl_max=0.0339 m_ratio_max=0.851 return=-147.9 length=200 success_rate=0.00 collisions/ep=0.00 (n=16)
update=309 global_step=632832 SPS=135 w_ev=0.960 m_ev=0.345 m_v_bias=3.8 m_adv_std=21.9000 m_kl_max=0.0567 m_ratio_max=2.332 return=-185.2 length=200 success_rate=0.00 collisions/ep=0.75 (n=8)
update=310 global_step=634880 SPS=136 w_ev=0.984 m_ev=0.758 m_v_bias=-0.6 m_adv_std=7.4942 m_kl_max=0.0382 m_ratio_max=1.607 return=-143.4 length=200 success_rate=0.00 collisions/ep=0.00 (n=8)
Evaluation at update 310: return=-148.38, length=200.00, success_rate=0.00, collisions/ep=0.00
Solved-check at update 310: solved=False worst_gap=1168.27 at p_x0=2.00 p_y0=-0.50 (consecutive=0)
update=311 global_step=636928 SPS=135 w_ev=0.993 m_ev=0.982 m_v_bias=-2.0 m_adv_std=1.9564 m_kl_max=0.0197 m_ratio_max=0.696 return=-150.3 length=200 success_rate=0.00 collisions/ep=0.06 (n=16)
update=312 global_step=638976 SPS=135 w_ev=0.964 m_ev=0.428 m_v_bias=4.4 m_adv_std=17.9194 m_kl_max=0.0275 m_ratio_max=0.904 return=-158.7 length=200 success_rate=0.00 collisions/ep=0.25 (n=8)
update=313 global_step=641024 SPS=135 w_ev=0.982 m_ev=0.808 m_v_bias=-1.7 m_adv_std=6.2181 m_kl_max=0.0157 m_ratio_max=0.679 return=-169.2 length=200 success_rate=0.00 collisions/ep=0.38 (n=8)
update=314 global_step=643072 SPS=135 w_ev=0.723 m_ev=0.045 m_v_bias=14.5 m_adv_std=71.2937 m_kl_max=0.0211 m_ratio_max=1.182 return=-157.4 length=200 success_rate=0.00 collisions/ep=0.12 (n=8)
update=315 global_step=645120 SPS=136 w_ev=0.910 m_ev=0.154 m_v_bias=2.7 m_adv_std=43.4604 m_kl_max=0.0326 m_ratio_max=0.774 return=-212.2 length=200 success_rate=0.00 collisions/ep=1.31 (n=16)
Evaluation at update 315: return=-148.75, length=200.00, success_rate=0.00, collisions/ep=0.00
Solved-check at update 315: solved=False worst_gap=1168.44 at p_x0=2.00 p_y0=-0.50 (consecutive=0)
update=316 global_step=647168 SPS=135 w_ev=0.940 m_ev=0.843 m_v_bias=-8.1 m_adv_std=5.3049 m_kl_max=0.0139 m_ratio_max=0.422 return=-149.8 length=200 success_rate=0.00 collisions/ep=0.00 (n=8)
update=317 global_step=649216 SPS=135 w_ev=0.979 m_ev=0.950 m_v_bias=-6.0 m_adv_std=3.2047 m_kl_max=0.0212 m_ratio_max=0.676 return=-150.4 length=200 success_rate=0.00 collisions/ep=0.00 (n=8)
update=318 global_step=651264 SPS=135 w_ev=0.979 m_ev=0.589 m_v_bias=0.9 m_adv_std=13.2582 m_kl_max=0.0198 m_ratio_max=0.481 return=-153.9 length=200 success_rate=0.00 collisions/ep=0.19 (n=16)
update=319 global_step=653312 SPS=135 w_ev=0.985 m_ev=0.954 m_v_bias=-2.2 m_adv_std=3.5398 m_kl_max=0.0182 m_ratio_max=0.781 return=-147.0 length=200 success_rate=0.00 collisions/ep=0.00 (n=8)
update=320 global_step=655360 SPS=136 w_ev=0.970 m_ev=0.551 m_v_bias=-0.2 m_adv_std=11.9096 m_kl_max=0.0324 m_ratio_max=0.843 return=-147.9 length=200 success_rate=0.00 collisions/ep=0.00 (n=8)
Evaluation at update 320: return=-149.30, length=200.00, success_rate=0.00, collisions/ep=0.00
Solved-check at update 320: solved=False worst_gap=1169.32 at p_x0=2.00 p_y0=-0.50 (consecutive=0)
update=321 global_step=657408 SPS=135 w_ev=0.982 m_ev=0.985 m_v_bias=-2.0 m_adv_std=1.6867 m_kl_max=0.0220 m_ratio_max=0.854 return=-161.1 length=200 success_rate=0.00 collisions/ep=0.25 (n=8)
update=322 global_step=659456 SPS=135 w_ev=0.990 m_ev=0.861 m_v_bias=-0.0 m_adv_std=6.8967 m_kl_max=0.0066 m_ratio_max=0.388 return=-152.5 length=200 success_rate=0.00 collisions/ep=0.12 (n=16)
update=323 global_step=661504 SPS=135 w_ev=0.985 m_ev=0.980 m_v_bias=-1.5 m_adv_std=1.8564 m_kl_max=0.0238 m_ratio_max=0.867 return=-149.2 length=200 success_rate=0.00 collisions/ep=0.00 (n=8)
update=324 global_step=663552 SPS=135 w_ev=0.986 m_ev=0.994 m_v_bias=-1.5 m_adv_std=1.0576 m_kl_max=0.0270 m_ratio_max=0.504 return=-146.0 length=200 success_rate=0.00 collisions/ep=0.00 (n=8)
update=325 global_step=665600 SPS=136 w_ev=0.984 m_ev=0.994 m_v_bias=-1.0 m_adv_std=0.9643 m_kl_max=0.0267 m_ratio_max=0.827 return=-146.9 length=200 success_rate=0.00 collisions/ep=0.00 (n=16)
Evaluation at update 325: return=-148.27, length=200.00, success_rate=0.00, collisions/ep=0.00
Solved-check at update 325: solved=False worst_gap=1167.99 at p_x0=2.00 p_y0=-0.50 (consecutive=0)
update=326 global_step=667648 SPS=135 w_ev=0.984 m_ev=0.857 m_v_bias=0.5 m_adv_std=6.6268 m_kl_max=0.0234 m_ratio_max=0.691 return=-157.5 length=200 success_rate=0.00 collisions/ep=0.12 (n=8)
update=327 global_step=669696 SPS=135 w_ev=0.981 m_ev=0.792 m_v_bias=-0.2 m_adv_std=6.4450 m_kl_max=0.0186 m_ratio_max=0.558 return=-155.8 length=200 success_rate=0.00 collisions/ep=0.25 (n=8)
update=328 global_step=671744 SPS=135 w_ev=0.980 m_ev=0.894 m_v_bias=-0.4 m_adv_std=4.5055 m_kl_max=0.0159 m_ratio_max=0.723 return=-153.8 length=200 success_rate=0.00 collisions/ep=0.12 (n=8)
update=329 global_step=673792 SPS=135 w_ev=0.993 m_ev=0.996 m_v_bias=-0.9 m_adv_std=0.9769 m_kl_max=0.0116 m_ratio_max=0.434 return=-148.9 length=200 success_rate=0.00 collisions/ep=0.00 (n=16)
update=330 global_step=675840 SPS=136 w_ev=0.979 m_ev=0.487 m_v_bias=3.3 m_adv_std=11.6688 m_kl_max=0.0471 m_ratio_max=1.239 return=-152.7 length=200 success_rate=0.00 collisions/ep=0.12 (n=8)
Evaluation at update 330: return=-147.26, length=200.00, success_rate=0.00, collisions/ep=0.00
Solved-check at update 330: solved=False worst_gap=1167.38 at p_x0=2.00 p_y0=0.00 (consecutive=0)
update=331 global_step=677888 SPS=135 w_ev=0.671 m_ev=0.072 m_v_bias=9.8 m_adv_std=65.2863 m_kl_max=0.0328 m_ratio_max=1.059 return=-253.5 length=200 success_rate=0.00 collisions/ep=2.12 (n=8)
update=332 global_step=679936 SPS=135 w_ev=0.895 m_ev=0.751 m_v_bias=-6.0 m_adv_std=7.2247 m_kl_max=0.0108 m_ratio_max=0.625 return=-168.3 length=200 success_rate=0.00 collisions/ep=0.38 (n=8)
update=333 global_step=681984 SPS=135 w_ev=0.987 m_ev=0.821 m_v_bias=-1.8 m_adv_std=8.5170 m_kl_max=0.0166 m_ratio_max=0.940 return=-157.4 length=200 success_rate=0.00 collisions/ep=0.12 (n=16)
update=334 global_step=684032 SPS=135 w_ev=0.986 m_ev=0.945 m_v_bias=-4.2 m_adv_std=2.9946 m_kl_max=0.0096 m_ratio_max=0.407 return=-149.8 length=200 success_rate=0.00 collisions/ep=0.00 (n=8)
update=335 global_step=686080 SPS=136 w_ev=0.982 m_ev=0.975 m_v_bias=-2.9 m_adv_std=2.0124 m_kl_max=0.0172 m_ratio_max=0.687 return=-150.0 length=200 success_rate=0.00 collisions/ep=0.00 (n=8)
Evaluation at update 335: return=-148.08, length=200.00, success_rate=0.00, collisions/ep=0.00
Solved-check at update 335: solved=False worst_gap=1169.44 at p_x0=2.00 p_y0=0.00 (consecutive=0)
update=336 global_step=688128 SPS=135 w_ev=0.979 m_ev=0.540 m_v_bias=0.4 m_adv_std=12.4726 m_kl_max=0.0270 m_ratio_max=0.966 return=-154.7 length=200 success_rate=0.00 collisions/ep=0.12 (n=16)
update=337 global_step=690176 SPS=135 w_ev=0.987 m_ev=0.838 m_v_bias=-1.2 m_adv_std=6.3494 m_kl_max=0.0160 m_ratio_max=0.721 return=-157.4 length=200 success_rate=0.00 collisions/ep=0.12 (n=8)
update=338 global_step=692224 SPS=135 w_ev=0.981 m_ev=0.986 m_v_bias=-1.8 m_adv_std=1.4542 m_kl_max=0.0224 m_ratio_max=0.847 return=-148.5 length=200 success_rate=0.00 collisions/ep=0.00 (n=8)
update=339 global_step=694272 SPS=135 w_ev=0.966 m_ev=0.388 m_v_bias=2.3 m_adv_std=18.2103 m_kl_max=0.0571 m_ratio_max=1.385 return=-181.2 length=200 success_rate=0.00 collisions/ep=0.62 (n=8)
update=340 global_step=696320 SPS=136 w_ev=0.966 m_ev=0.343 m_v_bias=4.0 m_adv_std=23.8350 m_kl_max=0.0160 m_ratio_max=0.597 return=-160.2 length=200 success_rate=0.00 collisions/ep=0.25 (n=16)
Evaluation at update 340: return=-148.28, length=200.00, success_rate=0.00, collisions/ep=0.00
Solved-check at update 340: solved=False worst_gap=1169.04 at p_x0=2.00 p_y0=0.00 (consecutive=0)
update=341 global_step=698368 SPS=135 w_ev=0.983 m_ev=0.957 m_v_bias=-3.2 m_adv_std=2.7619 m_kl_max=0.0274 m_ratio_max=0.998 return=-149.6 length=200 success_rate=0.00 collisions/ep=0.00 (n=8)
update=342 global_step=700416 SPS=135 w_ev=0.986 m_ev=0.986 m_v_bias=-2.7 m_adv_std=1.5451 m_kl_max=0.0272 m_ratio_max=1.163 return=-144.8 length=200 success_rate=0.00 collisions/ep=0.00 (n=8)
update=343 global_step=702464 SPS=135 w_ev=0.989 m_ev=0.803 m_v_bias=-0.9 m_adv_std=5.9632 m_kl_max=0.0303 m_ratio_max=0.777 return=-151.4 length=200 success_rate=0.00 collisions/ep=0.06 (n=16)
update=344 global_step=704512 SPS=135 w_ev=0.991 m_ev=0.993 m_v_bias=-1.9 m_adv_std=1.2422 m_kl_max=0.0105 m_ratio_max=0.359 return=-147.9 length=200 success_rate=0.00 collisions/ep=0.00 (n=8)
update=345 global_step=706560 SPS=136 w_ev=0.738 m_ev=0.041 m_v_bias=18.5 m_adv_std=65.5315 m_kl_max=0.0327 m_ratio_max=2.111 return=-179.9 length=200 success_rate=0.00 collisions/ep=0.62 (n=8)
Evaluation at update 345: return=-148.06, length=200.00, success_rate=0.00, collisions/ep=0.00
Solved-check at update 345: solved=False worst_gap=1169.31 at p_x0=2.00 p_y0=0.00 (consecutive=0)
update=346 global_step=708608 SPS=135 w_ev=0.962 m_ev=0.807 m_v_bias=-7.4 m_adv_std=6.0855 m_kl_max=0.0209 m_ratio_max=0.658 return=-210.0 length=200 success_rate=0.00 collisions/ep=1.25 (n=8)
update=347 global_step=710656 SPS=135 w_ev=0.969 m_ev=0.589 m_v_bias=-1.2 m_adv_std=14.7707 m_kl_max=0.0216 m_ratio_max=0.581 return=-156.6 length=200 success_rate=0.00 collisions/ep=0.19 (n=16)
update=348 global_step=712704 SPS=135 w_ev=0.980 m_ev=0.957 m_v_bias=-3.3 m_adv_std=2.6210 m_kl_max=0.0133 m_ratio_max=0.515 return=-147.9 length=200 success_rate=0.00 collisions/ep=0.00 (n=8)
update=349 global_step=714752 SPS=135 w_ev=0.953 m_ev=0.411 m_v_bias=2.3 m_adv_std=18.6110 m_kl_max=0.0298 m_ratio_max=0.922 return=-175.2 length=200 success_rate=0.00 collisions/ep=0.50 (n=8)
update=350 global_step=716800 SPS=136 w_ev=0.980 m_ev=0.921 m_v_bias=-3.6 m_adv_std=3.9907 m_kl_max=0.0099 m_ratio_max=0.431 return=-148.8 length=200 success_rate=0.00 collisions/ep=0.00 (n=16)
Evaluation at update 350: return=-147.82, length=200.00, success_rate=0.00, collisions/ep=0.00
Solved-check at update 350: solved=False worst_gap=1168.73 at p_x0=2.00 p_y0=0.00 (consecutive=0)
update=351 global_step=718848 SPS=135 w_ev=0.989 m_ev=0.866 m_v_bias=-0.8 m_adv_std=6.4858 m_kl_max=0.0103 m_ratio_max=1.010 return=-153.8 length=200 success_rate=0.00 collisions/ep=0.12 (n=8)
update=352 global_step=720896 SPS=135 w_ev=0.982 m_ev=0.744 m_v_bias=-0.3 m_adv_std=8.0792 m_kl_max=0.0190 m_ratio_max=0.849 return=-163.5 length=200 success_rate=0.00 collisions/ep=0.25 (n=8)
update=353 global_step=722944 SPS=135 w_ev=0.973 m_ev=0.661 m_v_bias=-0.0 m_adv_std=10.7624 m_kl_max=0.0259 m_ratio_max=0.838 return=-158.9 length=200 success_rate=0.00 collisions/ep=0.25 (n=8)
update=354 global_step=724992 SPS=135 w_ev=0.991 m_ev=0.884 m_v_bias=-0.2 m_adv_std=6.4643 m_kl_max=0.0099 m_ratio_max=0.519 return=-147.9 length=200 success_rate=0.00 collisions/ep=0.06 (n=16)
update=355 global_step=727040 SPS=136 w_ev=0.980 m_ev=0.976 m_v_bias=-1.5 m_adv_std=2.0159 m_kl_max=0.0199 m_ratio_max=1.115 return=-145.1 length=200 success_rate=0.00 collisions/ep=0.00 (n=8)
Evaluation at update 355: return=-148.74, length=200.00, success_rate=0.00, collisions/ep=0.00
Solved-check at update 355: solved=False worst_gap=1169.44 at p_x0=2.00 p_y0=0.00 (consecutive=0)
update=356 global_step=729088 SPS=135 w_ev=0.989 m_ev=0.990 m_v_bias=-1.6 m_adv_std=1.2481 m_kl_max=0.0142 m_ratio_max=0.534 return=-149.6 length=200 success_rate=0.00 collisions/ep=0.00 (n=8)
update=357 global_step=731136 SPS=135 w_ev=0.985 m_ev=0.692 m_v_bias=1.9 m_adv_std=8.9704 m_kl_max=0.0082 m_ratio_max=0.445 return=-151.0 length=200 success_rate=0.00 collisions/ep=0.00 (n=8)
update=358 global_step=733184 SPS=135 w_ev=0.953 m_ev=0.295 m_v_bias=9.4 m_adv_std=31.1401 m_kl_max=0.0135 m_ratio_max=0.895 return=-178.0 length=200 success_rate=0.00 collisions/ep=0.62 (n=16)
update=359 global_step=735232 SPS=135 w_ev=0.880 m_ev=-0.203 m_v_bias=1.3 m_adv_std=27.6967 m_kl_max=0.0209 m_ratio_max=0.761 return=-157.3 length=200 success_rate=0.00 collisions/ep=0.12 (n=8)
update=360 global_step=737280 SPS=136 w_ev=0.984 m_ev=0.483 m_v_bias=-7.1 m_adv_std=9.6936 m_kl_max=0.0162 m_ratio_max=0.944 return=-192.9 length=200 success_rate=0.00 collisions/ep=0.88 (n=8)
Evaluation at update 360: return=-148.26, length=200.00, success_rate=0.00, collisions/ep=0.00
Solved-check at update 360: solved=False worst_gap=1168.70 at p_x0=2.00 p_y0=0.00 (consecutive=0)
update=361 global_step=739328 SPS=135 w_ev=0.982 m_ev=0.514 m_v_bias=2.4 m_adv_std=14.4237 m_kl_max=0.0092 m_ratio_max=0.422 return=-162.4 length=200 success_rate=0.00 collisions/ep=0.31 (n=16)
update=362 global_step=741376 SPS=135 w_ev=0.986 m_ev=0.944 m_v_bias=-3.7 m_adv_std=3.3872 m_kl_max=0.0117 m_ratio_max=0.617 return=-146.8 length=200 success_rate=0.00 collisions/ep=0.00 (n=8)
update=363 global_step=743424 SPS=135 w_ev=0.970 m_ev=0.504 m_v_bias=0.8 m_adv_std=13.1122 m_kl_max=0.0410 m_ratio_max=1.245 return=-163.8 length=200 success_rate=0.00 collisions/ep=0.25 (n=8)
update=364 global_step=745472 SPS=135 w_ev=0.979 m_ev=0.897 m_v_bias=-1.3 m_adv_std=4.0793 m_kl_max=0.0259 m_ratio_max=0.949 return=-153.6 length=200 success_rate=0.00 collisions/ep=0.00 (n=8)
update=365 global_step=747520 SPS=136 w_ev=0.993 m_ev=0.870 m_v_bias=-0.2 m_adv_std=6.8134 m_kl_max=0.0137 m_ratio_max=0.539 return=-151.7 length=200 success_rate=0.00 collisions/ep=0.12 (n=16)
Evaluation at update 365: return=-148.77, length=200.00, success_rate=0.00, collisions/ep=0.00
Solved-check at update 365: solved=False worst_gap=1168.20 at p_x0=2.00 p_y0=0.00 (consecutive=0)
update=366 global_step=749568 SPS=135 w_ev=0.984 m_ev=0.970 m_v_bias=-1.5 m_adv_std=2.1634 m_kl_max=0.0272 m_ratio_max=1.259 return=-149.0 length=200 success_rate=0.00 collisions/ep=0.00 (n=8)
update=367 global_step=751616 SPS=135 w_ev=0.984 m_ev=0.990 m_v_bias=-1.3 m_adv_std=1.2054 m_kl_max=0.0371 m_ratio_max=0.798 return=-148.9 length=200 success_rate=0.00 collisions/ep=0.00 (n=8)
update=368 global_step=753664 SPS=135 w_ev=0.990 m_ev=0.658 m_v_bias=1.3 m_adv_std=8.2986 m_kl_max=0.0225 m_ratio_max=0.834 return=-155.4 length=200 success_rate=0.00 collisions/ep=0.12 (n=16)
update=369 global_step=755712 SPS=135 w_ev=0.989 m_ev=0.978 m_v_bias=-1.9 m_adv_std=2.2228 m_kl_max=0.0180 m_ratio_max=0.831 return=-147.6 length=200 success_rate=0.00 collisions/ep=0.00 (n=8)
update=370 global_step=757760 SPS=136 w_ev=0.988 m_ev=0.992 m_v_bias=-0.8 m_adv_std=1.2182 m_kl_max=0.0277 m_ratio_max=0.564 return=-147.2 length=200 success_rate=0.00 collisions/ep=0.00 (n=8)
Evaluation at update 370: return=-148.16, length=200.00, success_rate=0.00, collisions/ep=0.00
Solved-check at update 370: solved=False worst_gap=1168.06 at p_x0=2.00 p_y0=0.00 (consecutive=0)
update=371 global_step=759808 SPS=135 w_ev=0.989 m_ev=0.995 m_v_bias=-0.5 m_adv_std=0.9078 m_kl_max=0.0282 m_ratio_max=1.007 return=-144.5 length=200 success_rate=0.00 collisions/ep=0.00 (n=8)
update=372 global_step=761856 SPS=135 w_ev=0.989 m_ev=0.904 m_v_bias=0.3 m_adv_std=4.9563 m_kl_max=0.0097 m_ratio_max=0.468 return=-152.2 length=200 success_rate=0.00 collisions/ep=0.06 (n=16)
update=373 global_step=763904 SPS=135 w_ev=0.981 m_ev=0.636 m_v_bias=3.7 m_adv_std=10.4101 m_kl_max=0.0418 m_ratio_max=1.008 return=-164.7 length=200 success_rate=0.00 collisions/ep=0.25 (n=8)
update=374 global_step=765952 SPS=135 w_ev=0.984 m_ev=0.964 m_v_bias=-1.8 m_adv_std=2.5509 m_kl_max=0.0103 m_ratio_max=0.513 return=-154.4 length=200 success_rate=0.00 collisions/ep=0.12 (n=8)
update=375 global_step=768000 SPS=136 w_ev=0.986 m_ev=0.995 m_v_bias=-0.9 m_adv_std=0.9141 m_kl_max=0.0306 m_ratio_max=1.108 return=-146.5 length=200 success_rate=0.00 collisions/ep=0.00 (n=16)
Evaluation at update 375: return=-148.08, length=200.00, success_rate=0.00, collisions/ep=0.00
Solved-check at update 375: solved=False worst_gap=1168.44 at p_x0=2.00 p_y0=0.00 (consecutive=0)
update=376 global_step=770048 SPS=135 w_ev=0.993 m_ev=0.997 m_v_bias=-0.8 m_adv_std=0.9034 m_kl_max=0.0229 m_ratio_max=0.616 return=-150.1 length=200 success_rate=0.00 collisions/ep=0.00 (n=8)
update=377 global_step=772096 SPS=135 w_ev=0.986 m_ev=0.828 m_v_bias=0.4 m_adv_std=5.9061 m_kl_max=0.0228 m_ratio_max=1.448 return=-149.3 length=200 success_rate=0.00 collisions/ep=0.12 (n=8)
update=378 global_step=774144 SPS=135 w_ev=0.981 m_ev=0.661 m_v_bias=2.7 m_adv_std=10.0138 m_kl_max=0.0274 m_ratio_max=0.594 return=-158.6 length=200 success_rate=0.00 collisions/ep=0.25 (n=8)
update=379 global_step=776192 SPS=135 w_ev=0.989 m_ev=0.835 m_v_bias=-0.4 m_adv_std=7.2457 m_kl_max=0.0138 m_ratio_max=0.551 return=-157.3 length=200 success_rate=0.00 collisions/ep=0.19 (n=16)
update=380 global_step=778240 SPS=136 w_ev=0.903 m_ev=0.006 m_v_bias=3.2 m_adv_std=28.8095 m_kl_max=0.0180 m_ratio_max=0.540 return=-186.4 length=200 success_rate=0.00 collisions/ep=0.75 (n=8)
Evaluation at update 380: return=-147.59, length=200.00, success_rate=0.00, collisions/ep=0.00
Solved-check at update 380: solved=False worst_gap=1167.85 at p_x0=2.00 p_y0=0.00 (consecutive=0)
update=381 global_step=780288 SPS=135 w_ev=0.973 m_ev=0.356 m_v_bias=-0.1 m_adv_std=15.4391 m_kl_max=0.0151 m_ratio_max=0.560 return=-167.9 length=200 success_rate=0.00 collisions/ep=0.50 (n=8)
update=382 global_step=782336 SPS=135 w_ev=0.799 m_ev=0.127 m_v_bias=14.0 m_adv_std=46.8568 m_kl_max=0.0151 m_ratio_max=0.663 return=-151.0 length=200 success_rate=0.00 collisions/ep=0.12 (n=8)
update=383 global_step=784384 SPS=135 w_ev=0.963 m_ev=0.371 m_v_bias=-2.9 m_adv_std=23.0553 m_kl_max=0.0161 m_ratio_max=0.763 return=-201.5 length=200 success_rate=0.00 collisions/ep=1.12 (n=16)
update=384 global_step=786432 SPS=135 w_ev=0.976 m_ev=0.933 m_v_bias=-3.0 m_adv_std=3.5511 m_kl_max=0.0129 m_ratio_max=0.661 return=-148.5 length=200 success_rate=0.00 collisions/ep=0.00 (n=8)
update=385 global_step=788480 SPS=136 w_ev=0.961 m_ev=0.376 m_v_bias=0.7 m_adv_std=17.3392 m_kl_max=0.0362 m_ratio_max=1.253 return=-146.1 length=200 success_rate=0.00 collisions/ep=0.00 (n=8)
Evaluation at update 385: return=-147.61, length=200.00, success_rate=0.00, collisions/ep=0.00
Solved-check at update 385: solved=False worst_gap=1167.32 at p_x0=2.00 p_y0=0.50 (consecutive=0)
update=386 global_step=790528 SPS=135 w_ev=0.991 m_ev=0.963 m_v_bias=-3.5 m_adv_std=2.9258 m_kl_max=0.0162 m_ratio_max=0.651 return=-158.3 length=200 success_rate=0.00 collisions/ep=0.19 (n=16)
update=387 global_step=792576 SPS=135 w_ev=0.781 m_ev=-0.070 m_v_bias=6.0 m_adv_std=49.4948 m_kl_max=0.0138 m_ratio_max=0.790 return=-144.4 length=200 success_rate=0.00 collisions/ep=0.00 (n=8)
update=388 global_step=794624 SPS=135 w_ev=0.983 m_ev=0.162 m_v_bias=-6.0 m_adv_std=11.1964 m_kl_max=0.0166 m_ratio_max=0.701 return=-211.2 length=200 success_rate=0.00 collisions/ep=1.25 (n=8)
update=389 global_step=796672 SPS=135 w_ev=0.987 m_ev=0.969 m_v_bias=-1.2 m_adv_std=2.2353 m_kl_max=0.0136 m_ratio_max=0.501 return=-145.5 length=200 success_rate=0.00 collisions/ep=0.00 (n=8)
update=390 global_step=798720 SPS=136 w_ev=0.984 m_ev=0.661 m_v_bias=1.4 m_adv_std=12.0066 m_kl_max=0.0250 m_ratio_max=1.464 return=-154.4 length=200 success_rate=0.00 collisions/ep=0.12 (n=16)
Evaluation at update 390: return=-147.61, length=200.00, success_rate=0.00, collisions/ep=0.00
Solved-check at update 390: solved=False worst_gap=1167.31 at p_x0=2.00 p_y0=0.00 (consecutive=0)
update=391 global_step=800768 SPS=135 w_ev=0.987 m_ev=0.984 m_v_bias=-1.3 m_adv_std=1.5647 m_kl_max=0.0268 m_ratio_max=0.825 return=-147.2 length=200 success_rate=0.00 collisions/ep=0.00 (n=8)
update=392 global_step=802816 SPS=135 w_ev=0.781 m_ev=0.024 m_v_bias=16.6 m_adv_std=60.5560 m_kl_max=0.0371 m_ratio_max=1.011 return=-149.5 length=200 success_rate=0.00 collisions/ep=0.00 (n=8)
update=393 global_step=804864 SPS=135 w_ev=0.977 m_ev=0.589 m_v_bias=-8.6 m_adv_std=10.0300 m_kl_max=0.0144 m_ratio_max=0.467 return=-195.5 length=200 success_rate=0.00 collisions/ep=0.94 (n=16)
update=394 global_step=806912 SPS=135 w_ev=0.989 m_ev=0.924 m_v_bias=-4.3 m_adv_std=4.3760 m_kl_max=0.0290 m_ratio_max=0.552 return=-146.7 length=200 success_rate=0.00 collisions/ep=0.00 (n=8)
update=395 global_step=808960 SPS=136 w_ev=0.972 m_ev=0.974 m_v_bias=-2.6 m_adv_std=2.1097 m_kl_max=0.0199 m_ratio_max=0.569 return=-148.1 length=200 success_rate=0.00 collisions/ep=0.00 (n=8)
Evaluation at update 395: return=-148.09, length=200.00, success_rate=0.00, collisions/ep=0.00
Solved-check at update 395: solved=False worst_gap=1168.64 at p_x0=2.00 p_y0=0.00 (consecutive=0)
update=396 global_step=811008 SPS=135 w_ev=0.921 m_ev=0.279 m_v_bias=1.1 m_adv_std=24.5068 m_kl_max=0.0141 m_ratio_max=1.000 return=-177.6 length=200 success_rate=0.00 collisions/ep=0.62 (n=8)
update=397 global_step=813056 SPS=135 w_ev=0.976 m_ev=0.678 m_v_bias=2.1 m_adv_std=11.9463 m_kl_max=0.0257 m_ratio_max=0.982 return=-155.1 length=200 success_rate=0.00 collisions/ep=0.12 (n=16)
update=398 global_step=815104 SPS=135 w_ev=0.983 m_ev=0.953 m_v_bias=-1.5 m_adv_std=2.9527 m_kl_max=0.0137 m_ratio_max=0.529 return=-150.4 length=200 success_rate=0.00 collisions/ep=0.00 (n=8)
update=399 global_step=817152 SPS=135 w_ev=0.986 m_ev=0.982 m_v_bias=-1.7 m_adv_std=1.6745 m_kl_max=0.0239 m_ratio_max=0.788 return=-144.6 length=200 success_rate=0.00 collisions/ep=0.00 (n=8)
update=400 global_step=819200 SPS=136 w_ev=0.980 m_ev=0.988 m_v_bias=-1.2 m_adv_std=1.3062 m_kl_max=0.0154 m_ratio_max=0.721 return=-150.6 length=200 success_rate=0.00 collisions/ep=0.00 (n=16)
Evaluation at update 400: return=-147.77, length=200.00, success_rate=0.00, collisions/ep=0.00
Solved-check at update 400: solved=False worst_gap=1168.22 at p_x0=2.00 p_y0=0.00 (consecutive=0)
update=401 global_step=821248 SPS=135 w_ev=0.992 m_ev=0.997 m_v_bias=-0.9 m_adv_std=0.8968 m_kl_max=0.0220 m_ratio_max=0.603 return=-151.0 length=200 success_rate=0.00 collisions/ep=0.00 (n=8)
update=402 global_step=823296 SPS=135 w_ev=0.971 m_ev=0.537 m_v_bias=3.2 m_adv_std=13.3104 m_kl_max=0.0182 m_ratio_max=0.684 return=-163.0 length=200 success_rate=0.00 collisions/ep=0.38 (n=8)
update=403 global_step=825344 SPS=135 w_ev=0.981 m_ev=0.967 m_v_bias=-1.3 m_adv_std=2.3141 m_kl_max=0.0315 m_ratio_max=0.904 return=-147.7 length=200 success_rate=0.00 collisions/ep=0.00 (n=8)
update=404 global_step=827392 SPS=135 w_ev=0.983 m_ev=0.640 m_v_bias=2.0 m_adv_std=12.9514 m_kl_max=0.0270 m_ratio_max=1.038 return=-159.9 length=200 success_rate=0.00 collisions/ep=0.19 (n=16)
update=405 global_step=829440 SPS=136 w_ev=0.984 m_ev=0.783 m_v_bias=-0.6 m_adv_std=6.8409 m_kl_max=0.0233 m_ratio_max=0.953 return=-144.4 length=200 success_rate=0.00 collisions/ep=0.00 (n=8)
Evaluation at update 405: return=-147.94, length=200.00, success_rate=0.00, collisions/ep=0.00
Solved-check at update 405: solved=False worst_gap=1169.16 at p_x0=2.00 p_y0=0.00 (consecutive=0)
update=406 global_step=831488 SPS=135 w_ev=0.977 m_ev=0.505 m_v_bias=0.8 m_adv_std=13.0549 m_kl_max=0.0218 m_ratio_max=0.815 return=-161.8 length=200 success_rate=0.00 collisions/ep=0.25 (n=8)
update=407 global_step=833536 SPS=135 w_ev=0.984 m_ev=0.979 m_v_bias=-2.2 m_adv_std=1.8846 m_kl_max=0.0197 m_ratio_max=0.596 return=-157.1 length=200 success_rate=0.00 collisions/ep=0.25 (n=8)
update=408 global_step=835584 SPS=135 w_ev=0.989 m_ev=0.888 m_v_bias=0.3 m_adv_std=5.9545 m_kl_max=0.0278 m_ratio_max=0.782 return=-151.1 length=200 success_rate=0.00 collisions/ep=0.06 (n=16)
update=409 global_step=837632 SPS=135 w_ev=0.979 m_ev=0.864 m_v_bias=-0.7 m_adv_std=5.0577 m_kl_max=0.0364 m_ratio_max=1.502 return=-155.4 length=200 success_rate=0.00 collisions/ep=0.12 (n=8)
update=410 global_step=839680 SPS=136 w_ev=0.983 m_ev=0.822 m_v_bias=-0.2 m_adv_std=5.8549 m_kl_max=0.0135 m_ratio_max=0.592 return=-148.3 length=200 success_rate=0.00 collisions/ep=0.00 (n=8)
Evaluation at update 410: return=-148.19, length=200.00, success_rate=0.00, collisions/ep=0.00
Solved-check at update 410: solved=False worst_gap=1168.87 at p_x0=2.00 p_y0=0.00 (consecutive=0)
update=411 global_step=841728 SPS=135 w_ev=0.991 m_ev=0.992 m_v_bias=-1.4 m_adv_std=1.2797 m_kl_max=0.0243 m_ratio_max=0.747 return=-147.8 length=200 success_rate=0.00 collisions/ep=0.06 (n=16)
update=412 global_step=843776 SPS=135 w_ev=0.986 m_ev=0.995 m_v_bias=-0.9 m_adv_std=0.9894 m_kl_max=0.0252 m_ratio_max=0.889 return=-147.4 length=200 success_rate=0.00 collisions/ep=0.00 (n=8)
update=413 global_step=845824 SPS=135 w_ev=0.981 m_ev=0.677 m_v_bias=1.4 m_adv_std=8.2840 m_kl_max=0.0080 m_ratio_max=0.448 return=-151.2 length=200 success_rate=0.00 collisions/ep=0.12 (n=8)
update=414 global_step=847872 SPS=135 w_ev=0.973 m_ev=0.794 m_v_bias=0.3 m_adv_std=6.4073 m_kl_max=0.0404 m_ratio_max=1.462 return=-157.3 length=200 success_rate=0.00 collisions/ep=0.12 (n=8)
update=415 global_step=849920 SPS=136 w_ev=0.927 m_ev=0.253 m_v_bias=11.8 m_adv_std=37.7724 m_kl_max=0.0194 m_ratio_max=0.709 return=-180.3 length=200 success_rate=0.00 collisions/ep=0.62 (n=16)
Evaluation at update 415: return=-147.64, length=200.00, success_rate=0.00, collisions/ep=0.00
Solved-check at update 415: solved=False worst_gap=1168.78 at p_x0=2.00 p_y0=0.00 (consecutive=0)
update=416 global_step=851968 SPS=135 w_ev=0.977 m_ev=0.826 m_v_bias=-3.3 m_adv_std=5.7802 m_kl_max=0.0124 m_ratio_max=0.515 return=-146.3 length=200 success_rate=0.00 collisions/ep=0.00 (n=8)
update=417 global_step=854016 SPS=135 w_ev=0.986 m_ev=0.840 m_v_bias=-2.5 m_adv_std=6.4716 m_kl_max=0.0095 m_ratio_max=0.624 return=-153.7 length=200 success_rate=0.00 collisions/ep=0.12 (n=8)
update=418 global_step=856064 SPS=135 w_ev=0.987 m_ev=0.820 m_v_bias=-1.7 m_adv_std=6.4230 m_kl_max=0.0293 m_ratio_max=1.526 return=-150.4 length=200 success_rate=0.00 collisions/ep=0.06 (n=16)
update=419 global_step=858112 SPS=135 w_ev=0.970 m_ev=0.431 m_v_bias=1.1 m_adv_std=17.6106 m_kl_max=0.0152 m_ratio_max=0.636 return=-170.6 length=200 success_rate=0.00 collisions/ep=0.38 (n=8)
update=420 global_step=860160 SPS=136 w_ev=0.982 m_ev=0.951 m_v_bias=-2.6 m_adv_std=2.6892 m_kl_max=0.0099 m_ratio_max=0.578 return=-145.3 length=200 success_rate=0.00 collisions/ep=0.00 (n=8)
Evaluation at update 420: return=-147.59, length=200.00, success_rate=0.00, collisions/ep=0.00
Solved-check at update 420: solved=False worst_gap=1167.52 at p_x0=2.00 p_y0=1.00 (consecutive=0)
update=421 global_step=862208 SPS=135 w_ev=0.980 m_ev=0.991 m_v_bias=-1.4 m_adv_std=1.1900 m_kl_max=0.0262 m_ratio_max=1.142 return=-150.9 length=200 success_rate=0.00 collisions/ep=0.00 (n=8)
update=422 global_step=864256 SPS=135 w_ev=0.993 m_ev=0.997 m_v_bias=-0.9 m_adv_std=0.9476 m_kl_max=0.0193 m_ratio_max=0.555 return=-146.9 length=200 success_rate=0.00 collisions/ep=0.00 (n=16)
update=423 global_step=866304 SPS=135 w_ev=0.820 m_ev=0.119 m_v_bias=17.5 m_adv_std=61.7674 m_kl_max=0.0197 m_ratio_max=0.502 return=-218.1 length=200 success_rate=0.00 collisions/ep=1.50 (n=8)
update=424 global_step=868352 SPS=135 w_ev=0.962 m_ev=0.595 m_v_bias=-3.5 m_adv_std=10.6918 m_kl_max=0.0277 m_ratio_max=1.032 return=-152.2 length=200 success_rate=0.00 collisions/ep=0.12 (n=8)
update=425 global_step=870400 SPS=136 w_ev=0.977 m_ev=0.810 m_v_bias=-5.2 m_adv_std=7.0036 m_kl_max=0.0222 m_ratio_max=0.618 return=-151.4 length=200 success_rate=0.00 collisions/ep=0.06 (n=16)
Evaluation at update 425: return=-146.85, length=200.00, success_rate=0.00, collisions/ep=0.00
Solved-check at update 425: solved=False worst_gap=1167.31 at p_x0=2.00 p_y0=0.00 (consecutive=0)
update=426 global_step=872448 SPS=135 w_ev=0.989 m_ev=0.972 m_v_bias=-3.8 m_adv_std=2.7362 m_kl_max=0.0123 m_ratio_max=0.461 return=-148.0 length=200 success_rate=0.00 collisions/ep=0.00 (n=8)
update=427 global_step=874496 SPS=135 w_ev=0.892 m_ev=0.191 m_v_bias=3.2 m_adv_std=28.7235 m_kl_max=0.0134 m_ratio_max=0.613 return=-180.1 length=200 success_rate=0.00 collisions/ep=0.62 (n=8)
update=428 global_step=876544 SPS=135 w_ev=0.923 m_ev=0.191 m_v_bias=6.7 m_adv_std=27.1344 m_kl_max=0.0341 m_ratio_max=1.993 return=-163.0 length=200 success_rate=0.00 collisions/ep=0.25 (n=8)
update=429 global_step=878592 SPS=135 w_ev=0.919 m_ev=0.314 m_v_bias=2.6 m_adv_std=27.2948 m_kl_max=0.0095 m_ratio_max=0.857 return=-187.3 length=200 success_rate=0.00 collisions/ep=0.81 (n=16)
update=430 global_step=880640 SPS=136 w_ev=0.961 m_ev=0.624 m_v_bias=-3.6 m_adv_std=12.7386 m_kl_max=0.0154 m_ratio_max=0.617 return=-159.1 length=200 success_rate=0.00 collisions/ep=0.25 (n=8)
Evaluation at update 430: return=-146.71, length=200.00, success_rate=0.00, collisions/ep=0.00
Solved-check at update 430: solved=False worst_gap=1167.06 at p_x0=2.00 p_y0=-0.50 (consecutive=0)
update=431 global_step=882688 SPS=135 w_ev=0.983 m_ev=0.937 m_v_bias=-5.3 m_adv_std=3.6344 m_kl_max=0.0118 m_ratio_max=0.452 return=-144.8 length=200 success_rate=0.00 collisions/ep=0.00 (n=8)
update=432 global_step=884736 SPS=135 w_ev=0.975 m_ev=0.485 m_v_bias=1.7 m_adv_std=14.7168 m_kl_max=0.0132 m_ratio_max=0.459 return=-145.7 length=200 success_rate=0.00 collisions/ep=0.00 (n=8)
update=433 global_step=886784 SPS=135 w_ev=0.991 m_ev=0.969 m_v_bias=-4.1 m_adv_std=2.8172 m_kl_max=0.0243 m_ratio_max=0.686 return=-160.2 length=200 success_rate=0.00 collisions/ep=0.25 (n=16)
update=434 global_step=888832 SPS=135 w_ev=0.980 m_ev=0.628 m_v_bias=-1.1 m_adv_std=10.2352 m_kl_max=0.0287 m_ratio_max=0.903 return=-157.4 length=200 success_rate=0.00 collisions/ep=0.25 (n=8)
update=435 global_step=890880 SPS=136 w_ev=0.979 m_ev=0.983 m_v_bias=-1.7 m_adv_std=1.6685 m_kl_max=0.0301 m_ratio_max=1.040 return=-148.6 length=200 success_rate=0.00 collisions/ep=0.00 (n=8)
Evaluation at update 435: return=-146.44, length=200.00, success_rate=0.00, collisions/ep=0.00
Solved-check at update 435: solved=False worst_gap=1166.75 at p_x0=2.00 p_y0=-0.50 (consecutive=0)
update=436 global_step=892928 SPS=135 w_ev=0.991 m_ev=0.993 m_v_bias=-1.4 m_adv_std=1.2910 m_kl_max=0.0198 m_ratio_max=0.771 return=-147.9 length=200 success_rate=0.00 collisions/ep=0.00 (n=16)
update=437 global_step=894976 SPS=135 w_ev=0.801 m_ev=0.122 m_v_bias=19.5 m_adv_std=58.6434 m_kl_max=0.0275 m_ratio_max=0.946 return=-248.3 length=200 success_rate=0.00 collisions/ep=2.12 (n=8)
update=438 global_step=897024 SPS=135 w_ev=0.938 m_ev=0.755 m_v_bias=-4.1 m_adv_std=8.8439 m_kl_max=0.0177 m_ratio_max=0.604 return=-151.1 length=200 success_rate=0.00 collisions/ep=0.12 (n=8)
update=439 global_step=899072 SPS=135 w_ev=0.979 m_ev=0.931 m_v_bias=-6.7 m_adv_std=3.9250 m_kl_max=0.0372 m_ratio_max=1.770 return=-143.9 length=200 success_rate=0.00 collisions/ep=0.00 (n=8)
update=440 global_step=901120 SPS=136 w_ev=0.993 m_ev=0.977 m_v_bias=-3.5 m_adv_std=2.6372 m_kl_max=0.0097 m_ratio_max=0.517 return=-146.5 length=200 success_rate=0.00 collisions/ep=0.00 (n=16)
Evaluation at update 440: return=-146.54, length=200.00, success_rate=0.00, collisions/ep=0.00
Solved-check at update 440: solved=False worst_gap=1167.10 at p_x0=2.00 p_y0=0.50 (consecutive=0)
update=441 global_step=903168 SPS=135 w_ev=0.989 m_ev=0.984 m_v_bias=-2.1 m_adv_std=1.6735 m_kl_max=0.0119 m_ratio_max=0.559 return=-147.4 length=200 success_rate=0.00 collisions/ep=0.00 (n=8)
update=442 global_step=905216 SPS=135 w_ev=0.931 m_ev=0.282 m_v_bias=3.0 m_adv_std=23.6426 m_kl_max=0.0178 m_ratio_max=0.727 return=-176.1 length=200 success_rate=0.00 collisions/ep=0.62 (n=8)
update=443 global_step=907264 SPS=135 w_ev=0.984 m_ev=0.967 m_v_bias=-1.8 m_adv_std=2.5388 m_kl_max=0.0164 m_ratio_max=0.766 return=-146.3 length=200 success_rate=0.00 collisions/ep=0.00 (n=16)
update=444 global_step=909312 SPS=135 w_ev=0.989 m_ev=0.993 m_v_bias=-1.0 m_adv_std=1.3928 m_kl_max=0.0247 m_ratio_max=1.176 return=-146.0 length=200 success_rate=0.00 collisions/ep=0.00 (n=8)
update=445 global_step=911360 SPS=136 w_ev=0.986 m_ev=0.996 m_v_bias=-1.2 m_adv_std=0.8564 m_kl_max=0.0315 m_ratio_max=1.071 return=-143.8 length=200 success_rate=0.00 collisions/ep=0.00 (n=8)
Evaluation at update 445: return=-145.59, length=200.00, success_rate=0.00, collisions/ep=0.00
Solved-check at update 445: solved=False worst_gap=1165.55 at p_x0=2.00 p_y0=0.00 (consecutive=0)
update=446 global_step=913408 SPS=135 w_ev=0.930 m_ev=0.369 m_v_bias=4.2 m_adv_std=19.1347 m_kl_max=0.0292 m_ratio_max=0.714 return=-182.6 length=200 success_rate=0.00 collisions/ep=0.75 (n=8)
update=447 global_step=915456 SPS=135 w_ev=0.980 m_ev=0.526 m_v_bias=4.9 m_adv_std=17.3887 m_kl_max=0.0121 m_ratio_max=0.551 return=-169.8 length=200 success_rate=0.00 collisions/ep=0.44 (n=16)
update=448 global_step=917504 SPS=135 w_ev=0.944 m_ev=0.955 m_v_bias=-2.5 m_adv_std=3.0915 m_kl_max=0.0294 m_ratio_max=0.776 return=-139.1 length=200 success_rate=0.00 collisions/ep=0.00 (n=8)
update=449 global_step=919552 SPS=135 w_ev=0.944 m_ev=0.340 m_v_bias=1.7 m_adv_std=23.2751 m_kl_max=0.0227 m_ratio_max=0.811 return=-176.3 length=200 success_rate=0.00 collisions/ep=0.62 (n=8)
update=450 global_step=921600 SPS=136 w_ev=0.970 m_ev=0.922 m_v_bias=-3.1 m_adv_std=4.1630 m_kl_max=0.0075 m_ratio_max=0.512 return=-143.3 length=200 success_rate=0.00 collisions/ep=0.00 (n=16)
Evaluation at update 450: return=-146.78, length=200.00, success_rate=0.00, collisions/ep=0.00
Solved-check at update 450: solved=False worst_gap=1166.67 at p_x0=2.00 p_y0=0.00 (consecutive=0)
update=451 global_step=923648 SPS=135 w_ev=0.990 m_ev=0.867 m_v_bias=-0.2 m_adv_std=6.5022 m_kl_max=0.0166 m_ratio_max=1.141 return=-153.0 length=200 success_rate=0.00 collisions/ep=0.12 (n=8)
update=452 global_step=925696 SPS=135 w_ev=0.984 m_ev=0.855 m_v_bias=-0.6 m_adv_std=5.7248 m_kl_max=0.0235 m_ratio_max=1.064 return=-153.1 length=200 success_rate=0.00 collisions/ep=0.12 (n=8)
update=453 global_step=927744 SPS=135 w_ev=0.987 m_ev=0.989 m_v_bias=-1.6 m_adv_std=1.4317 m_kl_max=0.0120 m_ratio_max=0.461 return=-144.4 length=200 success_rate=0.00 collisions/ep=0.00 (n=8)
update=454 global_step=929792 SPS=135 w_ev=0.989 m_ev=0.996 m_v_bias=-1.1 m_adv_std=0.9201 m_kl_max=0.0264 m_ratio_max=0.827 return=-147.6 length=200 success_rate=0.00 collisions/ep=0.00 (n=16)
update=455 global_step=931840 SPS=136 w_ev=0.976 m_ev=0.859 m_v_bias=0.5 m_adv_std=5.9342 m_kl_max=0.0113 m_ratio_max=0.524 return=-152.9 length=200 success_rate=0.00 collisions/ep=0.12 (n=8)
Evaluation at update 455: return=-146.43, length=200.00, success_rate=0.00, collisions/ep=0.00
Solved-check at update 455: solved=False worst_gap=1166.22 at p_x0=2.00 p_y0=0.00 (consecutive=0)
update=456 global_step=933888 SPS=135 w_ev=0.958 m_ev=0.436 m_v_bias=3.0 m_adv_std=18.2811 m_kl_max=0.0188 m_ratio_max=0.961 return=-164.5 length=200 success_rate=0.00 collisions/ep=0.38 (n=8)
update=457 global_step=935936 SPS=135 w_ev=0.927 m_ev=0.281 m_v_bias=2.6 m_adv_std=22.3208 m_kl_max=0.0125 m_ratio_max=0.557 return=-167.3 length=200 success_rate=0.00 collisions/ep=0.50 (n=8)
update=458 global_step=937984 SPS=135 w_ev=0.985 m_ev=0.878 m_v_bias=-0.6 m_adv_std=6.5718 m_kl_max=0.0222 m_ratio_max=0.714 return=-153.0 length=200 success_rate=0.00 collisions/ep=0.12 (n=16)
update=459 global_step=940032 SPS=135 w_ev=0.964 m_ev=0.342 m_v_bias=2.4 m_adv_std=18.7046 m_kl_max=0.0109 m_ratio_max=0.560 return=-156.1 length=200 success_rate=0.00 collisions/ep=0.12 (n=8)
update=460 global_step=942080 SPS=136 w_ev=0.962 m_ev=0.487 m_v_bias=-0.4 m_adv_std=13.1927 m_kl_max=0.0172 m_ratio_max=0.527 return=-173.3 length=200 success_rate=0.00 collisions/ep=0.62 (n=8)
Evaluation at update 460: return=-146.36, length=200.00, success_rate=0.00, collisions/ep=0.00
Solved-check at update 460: solved=False worst_gap=1166.17 at p_x0=2.00 p_y0=0.00 (consecutive=0)
update=461 global_step=944128 SPS=135 w_ev=0.973 m_ev=0.418 m_v_bias=1.9 m_adv_std=19.2452 m_kl_max=0.0100 m_ratio_max=0.770 return=-164.7 length=200 success_rate=0.00 collisions/ep=0.38 (n=16)
update=462 global_step=946176 SPS=135 w_ev=0.983 m_ev=0.972 m_v_bias=-4.2 m_adv_std=2.6090 m_kl_max=0.0184 m_ratio_max=0.700 return=-145.3 length=200 success_rate=0.00 collisions/ep=0.00 (n=8)
update=463 global_step=948224 SPS=135 w_ev=0.981 m_ev=0.980 m_v_bias=-3.1 m_adv_std=1.8261 m_kl_max=0.0155 m_ratio_max=0.532 return=-147.2 length=200 success_rate=0.00 collisions/ep=0.00 (n=8)
update=464 global_step=950272 SPS=135 w_ev=0.975 m_ev=0.819 m_v_bias=-0.5 m_adv_std=6.2270 m_kl_max=0.0117 m_ratio_max=0.587 return=-148.5 length=200 success_rate=0.00 collisions/ep=0.00 (n=8)
update=465 global_step=952320 SPS=136 w_ev=0.986 m_ev=0.796 m_v_bias=2.9 m_adv_std=9.6986 m_kl_max=0.0198 m_ratio_max=0.907 return=-158.6 length=200 success_rate=0.00 collisions/ep=0.25 (n=16)
Evaluation at update 465: return=-146.25, length=200.00, success_rate=0.00, collisions/ep=0.00
Solved-check at update 465: solved=False worst_gap=1165.89 at p_x0=2.00 p_y0=0.00 (consecutive=0)
update=466 global_step=954368 SPS=135 w_ev=0.980 m_ev=0.965 m_v_bias=-2.7 m_adv_std=2.5485 m_kl_max=0.0169 m_ratio_max=0.730 return=-144.8 length=200 success_rate=0.00 collisions/ep=0.00 (n=8)
update=467 global_step=956416 SPS=135 w_ev=0.974 m_ev=0.757 m_v_bias=-0.0 m_adv_std=8.2038 m_kl_max=0.0170 m_ratio_max=0.780 return=-151.7 length=200 success_rate=0.00 collisions/ep=0.12 (n=8)
update=468 global_step=958464 SPS=135 w_ev=0.985 m_ev=0.784 m_v_bias=-0.6 m_adv_std=6.4974 m_kl_max=0.0138 m_ratio_max=0.687 return=-154.3 length=200 success_rate=0.00 collisions/ep=0.12 (n=16)
update=469 global_step=960512 SPS=135 w_ev=0.986 m_ev=0.992 m_v_bias=-2.0 m_adv_std=1.3943 m_kl_max=0.0122 m_ratio_max=0.599 return=-145.8 length=200 success_rate=0.00 collisions/ep=0.00 (n=8)
update=470 global_step=962560 SPS=136 w_ev=0.899 m_ev=0.242 m_v_bias=5.3 m_adv_std=29.5359 m_kl_max=0.0356 m_ratio_max=1.138 return=-183.9 length=200 success_rate=0.00 collisions/ep=0.75 (n=8)
Evaluation at update 470: return=-146.76, length=200.00, success_rate=0.00, collisions/ep=0.00
Solved-check at update 470: solved=False worst_gap=1166.67 at p_x0=2.00 p_y0=0.00 (consecutive=0)
update=471 global_step=964608 SPS=135 w_ev=0.863 m_ev=-0.068 m_v_bias=2.0 m_adv_std=26.0150 m_kl_max=0.0194 m_ratio_max=0.831 return=-145.3 length=200 success_rate=0.00 collisions/ep=0.00 (n=8)
update=472 global_step=966656 SPS=135 w_ev=0.962 m_ev=0.434 m_v_bias=-3.3 m_adv_std=13.3104 m_kl_max=0.0117 m_ratio_max=0.545 return=-172.2 length=200 success_rate=0.00 collisions/ep=0.50 (n=16)
update=473 global_step=968704 SPS=135 w_ev=0.951 m_ev=0.360 m_v_bias=0.0 m_adv_std=19.1149 m_kl_max=0.0152 m_ratio_max=0.673 return=-167.3 length=200 success_rate=0.00 collisions/ep=0.38 (n=8)
update=474 global_step=970752 SPS=135 w_ev=0.969 m_ev=0.967 m_v_bias=-2.1 m_adv_std=2.5234 m_kl_max=0.0128 m_ratio_max=0.720 return=-145.2 length=200 success_rate=0.00 collisions/ep=0.00 (n=8)
update=475 global_step=972800 SPS=135 w_ev=0.971 m_ev=0.797 m_v_bias=-0.5 m_adv_std=6.3700 m_kl_max=0.0203 m_ratio_max=0.669 return=-150.2 length=200 success_rate=0.00 collisions/ep=0.06 (n=16)
Evaluation at update 475: return=-146.77, length=200.00, success_rate=0.00, collisions/ep=0.00
Solved-check at update 475: solved=False worst_gap=1166.58 at p_x0=2.00 p_y0=0.00 (consecutive=0)
update=476 global_step=974848 SPS=135 w_ev=0.983 m_ev=0.992 m_v_bias=-2.1 m_adv_std=1.4015 m_kl_max=0.0268 m_ratio_max=1.035 return=-152.1 length=200 success_rate=0.00 collisions/ep=0.00 (n=8)
update=477 global_step=976896 SPS=135 w_ev=0.929 m_ev=0.283 m_v_bias=4.3 m_adv_std=24.2637 m_kl_max=0.0396 m_ratio_max=1.291 return=-170.4 length=200 success_rate=0.00 collisions/ep=0.50 (n=8)
update=478 global_step=978944 SPS=135 w_ev=0.939 m_ev=0.433 m_v_bias=2.6 m_adv_std=18.4157 m_kl_max=0.0341 m_ratio_max=1.355 return=-166.1 length=200 success_rate=0.00 collisions/ep=0.38 (n=8)
update=479 global_step=980992 SPS=135 w_ev=0.980 m_ev=0.657 m_v_bias=-0.5 m_adv_std=11.9351 m_kl_max=0.0166 m_ratio_max=0.935 return=-156.7 length=200 success_rate=0.00 collisions/ep=0.19 (n=16)
update=480 global_step=983040 SPS=135 w_ev=0.979 m_ev=0.969 m_v_bias=-2.8 m_adv_std=2.4501 m_kl_max=0.0361 m_ratio_max=0.707 return=-145.4 length=200 success_rate=0.00 collisions/ep=0.00 (n=8)
Evaluation at update 480: return=-147.13, length=200.00, success_rate=0.00, collisions/ep=0.00
Solved-check at update 480: solved=False worst_gap=1166.96 at p_x0=2.00 p_y0=-0.50 (consecutive=0)
update=481 global_step=985088 SPS=135 w_ev=0.969 m_ev=0.989 m_v_bias=-1.9 m_adv_std=1.3776 m_kl_max=0.0118 m_ratio_max=0.474 return=-147.9 length=200 success_rate=0.00 collisions/ep=0.00 (n=8)
update=482 global_step=987136 SPS=135 w_ev=0.962 m_ev=0.852 m_v_bias=-0.3 m_adv_std=5.6243 m_kl_max=0.0281 m_ratio_max=1.137 return=-154.3 length=200 success_rate=0.00 collisions/ep=0.12 (n=8)
update=483 global_step=989184 SPS=135 w_ev=0.896 m_ev=0.071 m_v_bias=5.6 m_adv_std=32.9560 m_kl_max=0.0208 m_ratio_max=0.590 return=-167.7 length=200 success_rate=0.00 collisions/ep=0.44 (n=16)
update=484 global_step=991232 SPS=135 w_ev=0.971 m_ev=0.831 m_v_bias=-2.7 m_adv_std=5.3455 m_kl_max=0.0212 m_ratio_max=0.793 return=-149.4 length=200 success_rate=0.00 collisions/ep=0.00 (n=8)
update=485 global_step=993280 SPS=135 w_ev=0.963 m_ev=0.985 m_v_bias=-0.4 m_adv_std=1.5551 m_kl_max=0.0126 m_ratio_max=0.538 return=-144.0 length=200 success_rate=0.00 collisions/ep=0.00 (n=8)
Evaluation at update 485: return=-146.86, length=200.00, success_rate=0.00, collisions/ep=0.00
Solved-check at update 485: solved=False worst_gap=1166.91 at p_x0=2.00 p_y0=-0.50 (consecutive=0)
update=486 global_step=995328 SPS=135 w_ev=0.973 m_ev=0.997 m_v_bias=-0.1 m_adv_std=0.8068 m_kl_max=0.0180 m_ratio_max=0.879 return=-148.5 length=200 success_rate=0.00 collisions/ep=0.00 (n=16)
update=487 global_step=997376 SPS=135 w_ev=0.961 m_ev=0.646 m_v_bias=2.8 m_adv_std=12.1226 m_kl_max=0.0269 m_ratio_max=0.975 return=-159.3 length=200 success_rate=0.00 collisions/ep=0.25 (n=8)
update=488 global_step=999424 SPS=135 w_ev=0.957 m_ev=0.744 m_v_bias=-0.5 m_adv_std=6.1969 m_kl_max=0.0373 m_ratio_max=1.448 return=-148.1 length=200 success_rate=0.00 collisions/ep=0.00 (n=8)
update=489 global_step=1001472 SPS=135 w_ev=0.914 m_ev=0.206 m_v_bias=2.3 m_adv_std=15.5388 m_kl_max=0.0127 m_ratio_max=0.577 return=-160.4 length=200 success_rate=0.00 collisions/ep=0.25 (n=8)
update=490 global_step=1003520 SPS=135 w_ev=0.986 m_ev=0.911 m_v_bias=-3.7 m_adv_std=4.6285 m_kl_max=0.0206 m_ratio_max=0.642 return=-160.3 length=200 success_rate=0.00 collisions/ep=0.25 (n=16)
Evaluation at update 490: return=-147.02, length=200.00, success_rate=0.00, collisions/ep=0.00
Solved-check at update 490: solved=False worst_gap=1166.59 at p_x0=2.00 p_y0=-0.50 (consecutive=0)
update=491 global_step=1005568 SPS=135 w_ev=0.956 m_ev=0.743 m_v_bias=0.8 m_adv_std=8.0759 m_kl_max=0.0396 m_ratio_max=1.008 return=-156.1 length=200 success_rate=0.00 collisions/ep=0.25 (n=8)
update=492 global_step=1007616 SPS=135 w_ev=0.954 m_ev=0.598 m_v_bias=1.6 m_adv_std=12.4878 m_kl_max=0.0491 m_ratio_max=1.594 return=-158.6 length=200 success_rate=0.00 collisions/ep=0.25 (n=8)
update=493 global_step=1009664 SPS=135 w_ev=0.959 m_ev=0.976 m_v_bias=-1.1 m_adv_std=2.0732 m_kl_max=0.0166 m_ratio_max=0.936 return=-145.2 length=200 success_rate=0.00 collisions/ep=0.00 (n=16)
update=494 global_step=1011712 SPS=135 w_ev=0.959 m_ev=0.663 m_v_bias=1.6 m_adv_std=11.6888 m_kl_max=0.0314 m_ratio_max=1.117 return=-160.1 length=200 success_rate=0.00 collisions/ep=0.25 (n=8)
update=495 global_step=1013760 SPS=135 w_ev=0.922 m_ev=0.986 m_v_bias=-1.4 m_adv_std=1.3943 m_kl_max=0.0209 m_ratio_max=0.838 return=-148.0 length=200 success_rate=0.00 collisions/ep=0.00 (n=8)
Evaluation at update 495: return=-148.29, length=200.00, success_rate=0.00, collisions/ep=0.00
Solved-check at update 495: solved=False worst_gap=1168.10 at p_x0=2.00 p_y0=-0.50 (consecutive=0)
update=496 global_step=1015808 SPS=134 w_ev=0.925 m_ev=0.994 m_v_bias=-1.3 m_adv_std=0.9853 m_kl_max=0.0203 m_ratio_max=0.632 return=-151.3 length=200 success_rate=0.00 collisions/ep=0.00 (n=8)
update=497 global_step=1017856 SPS=135 w_ev=0.966 m_ev=0.893 m_v_bias=-0.3 m_adv_std=5.3368 m_kl_max=0.0259 m_ratio_max=0.763 return=-146.4 length=200 success_rate=0.00 collisions/ep=0.00 (n=16)
update=498 global_step=1019904 SPS=135 w_ev=0.932 m_ev=0.992 m_v_bias=-1.0 m_adv_std=1.1027 m_kl_max=0.0199 m_ratio_max=0.573 return=-151.8 length=200 success_rate=0.00 collisions/ep=0.12 (n=8)
update=499 global_step=1021952 SPS=135 w_ev=0.932 m_ev=0.814 m_v_bias=0.3 m_adv_std=5.1531 m_kl_max=0.0162 m_ratio_max=0.746 return=-149.2 length=200 success_rate=0.00 collisions/ep=0.00 (n=8)
update=500 global_step=1024000 SPS=135 w_ev=0.883 m_ev=0.350 m_v_bias=3.1 m_adv_std=18.3616 m_kl_max=0.0132 m_ratio_max=0.590 return=-159.1 length=200 success_rate=0.00 collisions/ep=0.25 (n=16)
Evaluation at update 500: return=-147.66, length=200.00, success_rate=0.00, collisions/ep=0.00
Solved-check at update 500: solved=False worst_gap=1166.78 at p_x0=2.00 p_y0=-0.50 (consecutive=0)
Saved checkpoints to C:\Users\loren\Desktop\MASTER THESIS\5_CODE\scenarios\slalom\studies\disturbed_0.01_0.1\hppo\runs\hppo_slalom_5_1791176380
