Using device: cpu
Solved-check: precomputed optimal returns for 25 fixed initial conditions (mean=1011.8, min=1007.0, max=1014.0); solved-tolerance=5.0
num_envs=8 num_steps_per_env=256 worker_batch_size=2048 worker_minibatch_size=256 num_updates=500 timesteps=1024000
update=1 global_step=2048 SPS=358 w_ev=0.003 m_ev=-0.000 m_v_bias=207.1 m_adv_std=183.3236 m_kl_max=0.0020 m_ratio_max=0.208 return=-884.1 length=200 success_rate=0.00 collisions/ep=14.00 (n=8)
update=2 global_step=4096 SPS=361 w_ev=0.313 m_ev=0.071 m_v_bias=53.3 m_adv_std=120.3399 m_kl_max=0.0027 m_ratio_max=0.337 return=-672.1 length=200 success_rate=0.00 collisions/ep=9.88 (n=8)
update=3 global_step=6144 SPS=363 w_ev=0.449 m_ev=-1.108 m_v_bias=-20.0 m_adv_std=57.2506 m_kl_max=0.0037 m_ratio_max=0.242 return=-441.1 length=200 success_rate=0.00 collisions/ep=4.50 (n=8)
update=4 global_step=8192 SPS=364 w_ev=0.384 m_ev=0.263 m_v_bias=-5.6 m_adv_std=28.3504 m_kl_max=0.0020 m_ratio_max=0.282 return=-265.8 length=200 success_rate=0.00 collisions/ep=0.94 (n=16)
update=5 global_step=10240 SPS=362 w_ev=0.254 m_ev=0.169 m_v_bias=38.5 m_adv_std=87.6256 m_kl_max=0.0063 m_ratio_max=0.457 return=-433.4 length=200 success_rate=0.00 collisions/ep=4.38 (n=8)
Evaluation at update 5: return=-223.40, length=200.00, success_rate=0.00, collisions/ep=0.05
Solved-check at update 5: solved=False worst_gap=1373.98 at p_x0=0.00 p_y0=-0.50 (consecutive=0)
update=6 global_step=12288 SPS=144 w_ev=0.604 m_ev=0.213 m_v_bias=-2.5 m_adv_std=53.7015 m_kl_max=0.0042 m_ratio_max=0.257 return=-421.4 length=200 success_rate=0.00 collisions/ep=4.12 (n=8)
update=7 global_step=14336 SPS=157 w_ev=0.239 m_ev=-3.379 m_v_bias=-21.0 m_adv_std=36.5570 m_kl_max=0.0065 m_ratio_max=0.418 return=-269.2 length=200 success_rate=0.00 collisions/ep=1.00 (n=8)
update=8 global_step=16384 SPS=169 w_ev=0.365 m_ev=0.240 m_v_bias=-10.4 m_adv_std=7.6926 m_kl_max=0.0069 m_ratio_max=0.389 return=-222.6 length=200 success_rate=0.00 collisions/ep=0.00 (n=16)
update=9 global_step=18432 SPS=180 w_ev=0.071 m_ev=0.134 m_v_bias=-4.7 m_adv_std=4.0055 m_kl_max=0.0155 m_ratio_max=0.477 return=-222.1 length=200 success_rate=0.00 collisions/ep=0.00 (n=8)
update=10 global_step=20480 SPS=190 w_ev=0.400 m_ev=0.748 m_v_bias=-3.1 m_adv_std=2.6545 m_kl_max=0.0046 m_ratio_max=0.429 return=-216.8 length=200 success_rate=0.00 collisions/ep=0.00 (n=8)
Evaluation at update 10: return=-220.93, length=200.00, success_rate=0.00, collisions/ep=0.00
Solved-check at update 10: solved=False worst_gap=1241.00 at p_x0=2.00 p_y0=0.50 (consecutive=0)
update=11 global_step=22528 SPS=136 w_ev=0.291 m_ev=0.493 m_v_bias=-0.9 m_adv_std=6.4627 m_kl_max=0.0091 m_ratio_max=0.395 return=-221.2 length=200 success_rate=0.00 collisions/ep=0.06 (n=16)
update=12 global_step=24576 SPS=144 w_ev=0.345 m_ev=0.177 m_v_bias=8.0 m_adv_std=30.3254 m_kl_max=0.0092 m_ratio_max=0.611 return=-285.5 length=200 success_rate=0.00 collisions/ep=1.25 (n=8)
update=13 global_step=26624 SPS=151 w_ev=0.437 m_ev=0.451 m_v_bias=-4.1 m_adv_std=8.0024 m_kl_max=0.0039 m_ratio_max=0.326 return=-218.3 length=200 success_rate=0.00 collisions/ep=0.00 (n=8)
update=14 global_step=28672 SPS=158 w_ev=0.213 m_ev=0.380 m_v_bias=-2.3 m_adv_std=6.0186 m_kl_max=0.0068 m_ratio_max=0.355 return=-235.6 length=200 success_rate=0.00 collisions/ep=0.25 (n=8)
update=15 global_step=30720 SPS=165 w_ev=0.266 m_ev=0.814 m_v_bias=-2.7 m_adv_std=3.1665 m_kl_max=0.0085 m_ratio_max=0.380 return=-220.3 length=200 success_rate=0.00 collisions/ep=0.00 (n=16)
Evaluation at update 15: return=-220.92, length=200.00, success_rate=0.00, collisions/ep=0.00
Solved-check at update 15: solved=False worst_gap=1240.99 at p_x0=2.00 p_y0=0.50 (consecutive=0)
update=16 global_step=32768 SPS=135 w_ev=0.308 m_ev=0.195 m_v_bias=4.0 m_adv_std=36.1533 m_kl_max=0.0031 m_ratio_max=0.249 return=-288.2 length=200 success_rate=0.00 collisions/ep=1.38 (n=8)
update=17 global_step=34816 SPS=141 w_ev=0.221 m_ev=-0.201 m_v_bias=-3.6 m_adv_std=7.8292 m_kl_max=0.0139 m_ratio_max=0.555 return=-220.7 length=200 success_rate=0.00 collisions/ep=0.00 (n=8)
update=18 global_step=36864 SPS=146 w_ev=0.126 m_ev=0.215 m_v_bias=1.7 m_adv_std=12.5152 m_kl_max=0.0105 m_ratio_max=0.469 return=-229.7 length=200 success_rate=0.00 collisions/ep=0.19 (n=16)
update=19 global_step=38912 SPS=151 w_ev=0.340 m_ev=0.226 m_v_bias=9.9 m_adv_std=44.7547 m_kl_max=0.0012 m_ratio_max=0.182 return=-283.5 length=200 success_rate=0.00 collisions/ep=1.38 (n=8)
update=20 global_step=40960 SPS=156 w_ev=0.629 m_ev=0.246 m_v_bias=-0.1 m_adv_std=48.9545 m_kl_max=0.0101 m_ratio_max=0.403 return=-269.0 length=200 success_rate=0.00 collisions/ep=1.12 (n=8)
Evaluation at update 20: return=-220.91, length=200.00, success_rate=0.00, collisions/ep=0.00
Solved-check at update 20: solved=False worst_gap=1240.98 at p_x0=2.00 p_y0=0.50 (consecutive=0)
update=21 global_step=43008 SPS=136 w_ev=0.782 m_ev=0.535 m_v_bias=-2.1 m_adv_std=34.6254 m_kl_max=0.0041 m_ratio_max=0.272 return=-275.3 length=200 success_rate=0.00 collisions/ep=1.38 (n=8)
update=22 global_step=45056 SPS=140 w_ev=0.487 m_ev=0.241 m_v_bias=23.8 m_adv_std=99.2164 m_kl_max=0.0085 m_ratio_max=0.341 return=-309.0 length=200 success_rate=0.00 collisions/ep=1.94 (n=16)
update=23 global_step=47104 SPS=144 w_ev=-0.027 m_ev=-0.181 m_v_bias=-7.7 m_adv_std=25.1415 m_kl_max=0.0259 m_ratio_max=0.896 return=-236.4 length=200 success_rate=0.00 collisions/ep=0.38 (n=8)
update=24 global_step=49152 SPS=148 w_ev=0.039 m_ev=-0.905 m_v_bias=-7.8 m_adv_std=10.5852 m_kl_max=0.0212 m_ratio_max=0.633 return=-227.7 length=200 success_rate=0.00 collisions/ep=0.12 (n=8)
update=25 global_step=51200 SPS=151 w_ev=0.045 m_ev=-0.102 m_v_bias=-2.6 m_adv_std=8.6275 m_kl_max=0.0040 m_ratio_max=0.356 return=-223.0 length=200 success_rate=0.00 collisions/ep=0.06 (n=16)
Evaluation at update 25: return=-220.92, length=200.00, success_rate=0.00, collisions/ep=0.00
Solved-check at update 25: solved=False worst_gap=1240.99 at p_x0=2.00 p_y0=0.50 (consecutive=0)
update=26 global_step=53248 SPS=136 w_ev=-0.000 m_ev=0.161 m_v_bias=4.1 m_adv_std=43.4617 m_kl_max=0.0266 m_ratio_max=0.588 return=-220.3 length=200 success_rate=0.00 collisions/ep=0.00 (n=8)
update=27 global_step=55296 SPS=139 w_ev=-0.116 m_ev=-1.783 m_v_bias=-6.2 m_adv_std=14.8586 m_kl_max=0.0116 m_ratio_max=0.732 return=-274.8 length=200 success_rate=0.00 collisions/ep=1.12 (n=8)
update=28 global_step=57344 SPS=142 w_ev=0.067 m_ev=0.466 m_v_bias=-0.6 m_adv_std=4.8484 m_kl_max=0.0168 m_ratio_max=0.814 return=-221.4 length=200 success_rate=0.00 collisions/ep=0.00 (n=8)
update=29 global_step=59392 SPS=145 w_ev=0.436 m_ev=0.321 m_v_bias=3.9 m_adv_std=33.3205 m_kl_max=0.0194 m_ratio_max=0.743 return=-243.7 length=200 success_rate=0.00 collisions/ep=0.44 (n=16)
update=30 global_step=61440 SPS=148 w_ev=0.219 m_ev=-1.049 m_v_bias=-2.6 m_adv_std=15.4007 m_kl_max=0.0057 m_ratio_max=0.497 return=-222.7 length=200 success_rate=0.00 collisions/ep=0.00 (n=8)
Evaluation at update 30: return=-220.93, length=200.00, success_rate=0.00, collisions/ep=0.00
Solved-check at update 30: solved=False worst_gap=1241.00 at p_x0=2.00 p_y0=0.50 (consecutive=0)
update=31 global_step=63488 SPS=136 w_ev=0.304 m_ev=0.401 m_v_bias=3.5 m_adv_std=19.4178 m_kl_max=0.0063 m_ratio_max=0.351 return=-222.8 length=200 success_rate=0.00 collisions/ep=0.12 (n=8)
update=32 global_step=65536 SPS=138 w_ev=0.210 m_ev=0.224 m_v_bias=-0.1 m_adv_std=20.6778 m_kl_max=0.0165 m_ratio_max=0.723 return=-270.6 length=200 success_rate=0.00 collisions/ep=1.12 (n=8)
update=33 global_step=67584 SPS=141 w_ev=0.462 m_ev=0.599 m_v_bias=-0.9 m_adv_std=10.8650 m_kl_max=0.0078 m_ratio_max=0.489 return=-225.3 length=200 success_rate=0.00 collisions/ep=0.19 (n=16)
update=34 global_step=69632 SPS=144 w_ev=0.401 m_ev=0.375 m_v_bias=2.3 m_adv_std=21.5401 m_kl_max=0.0095 m_ratio_max=0.519 return=-259.4 length=200 success_rate=0.00 collisions/ep=0.88 (n=8)
update=35 global_step=71680 SPS=146 w_ev=0.139 m_ev=0.689 m_v_bias=-1.9 m_adv_std=4.0646 m_kl_max=0.0163 m_ratio_max=0.748 return=-225.2 length=200 success_rate=0.00 collisions/ep=0.12 (n=8)
Evaluation at update 35: return=-221.07, length=200.00, success_rate=0.00, collisions/ep=0.00
Solved-check at update 35: solved=False worst_gap=1241.08 at p_x0=2.00 p_y0=0.00 (consecutive=0)
update=36 global_step=73728 SPS=136 w_ev=0.246 m_ev=0.719 m_v_bias=-1.0 m_adv_std=3.6756 m_kl_max=0.0545 m_ratio_max=2.586 return=-218.2 length=200 success_rate=0.00 collisions/ep=0.00 (n=16)
update=37 global_step=75776 SPS=138 w_ev=0.155 m_ev=0.492 m_v_bias=-2.6 m_adv_std=4.7581 m_kl_max=0.0283 m_ratio_max=0.883 return=-216.1 length=200 success_rate=0.00 collisions/ep=0.00 (n=8)
update=38 global_step=77824 SPS=140 w_ev=0.302 m_ev=0.578 m_v_bias=-4.1 m_adv_std=6.7661 m_kl_max=0.0107 m_ratio_max=0.601 return=-202.3 length=200 success_rate=0.00 collisions/ep=0.12 (n=8)
update=39 global_step=79872 SPS=143 w_ev=0.139 m_ev=0.606 m_v_bias=-4.0 m_adv_std=6.7769 m_kl_max=0.0312 m_ratio_max=0.812 return=-198.3 length=200 success_rate=0.00 collisions/ep=0.00 (n=8)
update=40 global_step=81920 SPS=145 w_ev=0.258 m_ev=0.103 m_v_bias=20.5 m_adv_std=78.6073 m_kl_max=0.0175 m_ratio_max=0.587 return=-242.2 length=200 success_rate=0.00 collisions/ep=1.06 (n=16)
Evaluation at update 40: return=-185.35, length=200.00, success_rate=0.00, collisions/ep=0.00
Solved-check at update 40: solved=False worst_gap=1204.09 at p_x0=2.00 p_y0=0.00 (consecutive=0)
update=41 global_step=83968 SPS=136 w_ev=0.601 m_ev=0.315 m_v_bias=-4.9 m_adv_std=30.0810 m_kl_max=0.0164 m_ratio_max=0.494 return=-230.1 length=200 success_rate=0.00 collisions/ep=0.62 (n=8)
update=42 global_step=86016 SPS=138 w_ev=0.537 m_ev=0.231 m_v_bias=-1.0 m_adv_std=12.2971 m_kl_max=0.0140 m_ratio_max=0.730 return=-195.8 length=200 success_rate=0.00 collisions/ep=0.12 (n=8)
update=43 global_step=88064 SPS=140 w_ev=0.511 m_ev=0.656 m_v_bias=-0.9 m_adv_std=7.0024 m_kl_max=0.0098 m_ratio_max=0.457 return=-194.4 length=200 success_rate=0.00 collisions/ep=0.06 (n=16)
update=44 global_step=90112 SPS=142 w_ev=0.452 m_ev=0.506 m_v_bias=-5.6 m_adv_std=5.9595 m_kl_max=0.0224 m_ratio_max=0.801 return=-196.3 length=200 success_rate=0.00 collisions/ep=0.00 (n=8)
update=45 global_step=92160 SPS=144 w_ev=0.543 m_ev=0.254 m_v_bias=6.0 m_adv_std=27.6893 m_kl_max=0.0126 m_ratio_max=0.386 return=-227.0 length=200 success_rate=0.00 collisions/ep=0.88 (n=8)
Evaluation at update 45: return=-196.20, length=200.00, success_rate=0.00, collisions/ep=0.00
Solved-check at update 45: solved=False worst_gap=1219.67 at p_x0=2.00 p_y0=0.00 (consecutive=0)
update=46 global_step=94208 SPS=135 w_ev=0.398 m_ev=0.637 m_v_bias=-2.7 m_adv_std=5.5220 m_kl_max=0.0128 m_ratio_max=0.574 return=-193.0 length=200 success_rate=0.00 collisions/ep=0.00 (n=8)
update=47 global_step=96256 SPS=137 w_ev=0.392 m_ev=0.789 m_v_bias=-3.3 m_adv_std=3.6943 m_kl_max=0.0088 m_ratio_max=0.487 return=-191.9 length=200 success_rate=0.00 collisions/ep=0.00 (n=16)
update=48 global_step=98304 SPS=139 w_ev=0.499 m_ev=0.604 m_v_bias=-1.0 m_adv_std=9.1442 m_kl_max=0.0151 m_ratio_max=0.440 return=-205.5 length=200 success_rate=0.00 collisions/ep=0.25 (n=8)
update=49 global_step=100352 SPS=141 w_ev=0.518 m_ev=0.204 m_v_bias=7.0 m_adv_std=44.4533 m_kl_max=0.0074 m_ratio_max=0.706 return=-232.3 length=200 success_rate=0.00 collisions/ep=1.00 (n=8)
update=50 global_step=102400 SPS=143 w_ev=0.548 m_ev=0.219 m_v_bias=9.3 m_adv_std=53.2428 m_kl_max=0.0325 m_ratio_max=1.083 return=-249.7 length=200 success_rate=0.00 collisions/ep=1.19 (n=16)
Evaluation at update 50: return=-196.28, length=200.00, success_rate=0.00, collisions/ep=0.00
Solved-check at update 50: solved=False worst_gap=1221.84 at p_x0=1.50 p_y0=1.00 (consecutive=0)
update=51 global_step=104448 SPS=135 w_ev=0.443 m_ev=0.283 m_v_bias=0.5 m_adv_std=11.2907 m_kl_max=0.0251 m_ratio_max=1.057 return=-199.5 length=200 success_rate=0.00 collisions/ep=0.00 (n=8)
update=52 global_step=106496 SPS=137 w_ev=0.554 m_ev=0.439 m_v_bias=-2.3 m_adv_std=6.4753 m_kl_max=0.0087 m_ratio_max=0.751 return=-201.5 length=200 success_rate=0.00 collisions/ep=0.00 (n=8)
update=53 global_step=108544 SPS=139 w_ev=0.557 m_ev=0.340 m_v_bias=4.5 m_adv_std=29.4514 m_kl_max=0.0040 m_ratio_max=0.297 return=-217.9 length=200 success_rate=0.00 collisions/ep=0.62 (n=8)
update=54 global_step=110592 SPS=140 w_ev=0.385 m_ev=0.510 m_v_bias=1.7 m_adv_std=7.4231 m_kl_max=0.0091 m_ratio_max=0.481 return=-197.6 length=200 success_rate=0.00 collisions/ep=0.00 (n=16)
update=55 global_step=112640 SPS=142 w_ev=0.529 m_ev=0.551 m_v_bias=-0.9 m_adv_std=5.1802 m_kl_max=0.0249 m_ratio_max=0.870 return=-201.0 length=200 success_rate=0.00 collisions/ep=0.00 (n=8)
Evaluation at update 55: return=-195.52, length=200.00, success_rate=0.00, collisions/ep=0.00
Solved-check at update 55: solved=False worst_gap=1218.56 at p_x0=1.50 p_y0=1.00 (consecutive=0)
update=56 global_step=114688 SPS=135 w_ev=0.659 m_ev=0.746 m_v_bias=-2.0 m_adv_std=4.4210 m_kl_max=0.0320 m_ratio_max=1.039 return=-197.4 length=200 success_rate=0.00 collisions/ep=0.00 (n=8)
update=57 global_step=116736 SPS=137 w_ev=0.449 m_ev=0.708 m_v_bias=-2.1 m_adv_std=3.5434 m_kl_max=0.0270 m_ratio_max=0.994 return=-187.4 length=200 success_rate=0.00 collisions/ep=0.00 (n=8)
update=58 global_step=118784 SPS=138 w_ev=0.690 m_ev=0.872 m_v_bias=-3.2 m_adv_std=3.6583 m_kl_max=0.0226 m_ratio_max=0.924 return=-186.9 length=200 success_rate=0.00 collisions/ep=0.00 (n=16)
update=59 global_step=120832 SPS=140 w_ev=0.606 m_ev=0.294 m_v_bias=3.2 m_adv_std=20.2269 m_kl_max=0.0162 m_ratio_max=0.534 return=-207.0 length=200 success_rate=0.00 collisions/ep=0.50 (n=8)
update=60 global_step=122880 SPS=141 w_ev=0.684 m_ev=0.413 m_v_bias=0.8 m_adv_std=12.6874 m_kl_max=0.0281 m_ratio_max=0.731 return=-184.5 length=200 success_rate=0.00 collisions/ep=0.00 (n=8)
Evaluation at update 60: return=-189.56, length=200.00, success_rate=0.00, collisions/ep=0.00
Solved-check at update 60: solved=False worst_gap=1210.81 at p_x0=2.00 p_y0=0.00 (consecutive=0)
update=61 global_step=124928 SPS=135 w_ev=0.620 m_ev=0.741 m_v_bias=-1.7 m_adv_std=4.5460 m_kl_max=0.0213 m_ratio_max=0.703 return=-193.3 length=200 success_rate=0.00 collisions/ep=0.12 (n=16)
update=62 global_step=126976 SPS=137 w_ev=0.598 m_ev=0.867 m_v_bias=-1.4 m_adv_std=2.2484 m_kl_max=0.0461 m_ratio_max=1.128 return=-189.3 length=200 success_rate=0.00 collisions/ep=0.00 (n=8)
update=63 global_step=129024 SPS=138 w_ev=0.795 m_ev=0.363 m_v_bias=5.4 m_adv_std=14.5802 m_kl_max=0.0080 m_ratio_max=0.385 return=-206.1 length=200 success_rate=0.00 collisions/ep=0.62 (n=8)
update=64 global_step=131072 SPS=140 w_ev=0.714 m_ev=0.343 m_v_bias=-0.6 m_adv_std=15.3965 m_kl_max=0.0252 m_ratio_max=0.683 return=-215.5 length=200 success_rate=0.00 collisions/ep=0.75 (n=8)
update=65 global_step=133120 SPS=141 w_ev=0.517 m_ev=0.099 m_v_bias=11.0 m_adv_std=58.9170 m_kl_max=0.0542 m_ratio_max=2.690 return=-221.3 length=200 success_rate=0.00 collisions/ep=0.75 (n=16)
Evaluation at update 65: return=-190.57, length=200.00, success_rate=0.00, collisions/ep=0.00
Solved-check at update 65: solved=False worst_gap=1212.55 at p_x0=2.00 p_y0=0.00 (consecutive=0)
update=66 global_step=135168 SPS=135 w_ev=0.646 m_ev=0.251 m_v_bias=-3.6 m_adv_std=9.3453 m_kl_max=0.0162 m_ratio_max=1.119 return=-178.8 length=200 success_rate=0.00 collisions/ep=0.00 (n=8)
update=67 global_step=137216 SPS=137 w_ev=0.611 m_ev=0.342 m_v_bias=-3.2 m_adv_std=11.7154 m_kl_max=0.0108 m_ratio_max=0.471 return=-189.6 length=200 success_rate=0.00 collisions/ep=0.25 (n=8)
update=68 global_step=139264 SPS=138 w_ev=0.490 m_ev=0.095 m_v_bias=1.5 m_adv_std=18.8854 m_kl_max=0.0217 m_ratio_max=0.779 return=-196.4 length=200 success_rate=0.00 collisions/ep=0.19 (n=16)
update=69 global_step=141312 SPS=139 w_ev=0.568 m_ev=0.714 m_v_bias=-3.7 m_adv_std=3.7209 m_kl_max=0.0226 m_ratio_max=0.809 return=-180.8 length=200 success_rate=0.00 collisions/ep=0.00 (n=8)
update=70 global_step=143360 SPS=141 w_ev=0.418 m_ev=0.783 m_v_bias=-2.7 m_adv_std=2.3886 m_kl_max=0.0335 m_ratio_max=0.826 return=-185.5 length=200 success_rate=0.00 collisions/ep=0.00 (n=8)
Evaluation at update 70: return=-183.16, length=200.00, success_rate=0.00, collisions/ep=0.00
Solved-check at update 70: solved=False worst_gap=1203.57 at p_x0=2.00 p_y0=0.00 (consecutive=0)
update=71 global_step=145408 SPS=135 w_ev=0.605 m_ev=0.304 m_v_bias=0.3 m_adv_std=12.5178 m_kl_max=0.0185 m_ratio_max=1.010 return=-187.5 length=200 success_rate=0.00 collisions/ep=0.00 (n=8)
update=72 global_step=147456 SPS=136 w_ev=0.784 m_ev=0.829 m_v_bias=-2.0 m_adv_std=3.9144 m_kl_max=0.0170 m_ratio_max=0.723 return=-184.4 length=200 success_rate=0.00 collisions/ep=0.12 (n=16)
update=73 global_step=149504 SPS=138 w_ev=0.308 m_ev=0.064 m_v_bias=22.6 m_adv_std=80.8756 m_kl_max=0.0184 m_ratio_max=0.551 return=-296.2 length=200 success_rate=0.00 collisions/ep=2.38 (n=8)
update=74 global_step=151552 SPS=139 w_ev=0.561 m_ev=-0.353 m_v_bias=-2.6 m_adv_std=14.5926 m_kl_max=0.0302 m_ratio_max=1.123 return=-202.9 length=200 success_rate=0.00 collisions/ep=0.38 (n=8)
update=75 global_step=153600 SPS=140 w_ev=0.647 m_ev=0.589 m_v_bias=-4.6 m_adv_std=5.7216 m_kl_max=0.0094 m_ratio_max=0.515 return=-183.4 length=200 success_rate=0.00 collisions/ep=0.00 (n=16)
Evaluation at update 75: return=-185.99, length=200.00, success_rate=0.00, collisions/ep=0.00
Solved-check at update 75: solved=False worst_gap=1205.72 at p_x0=2.00 p_y0=0.00 (consecutive=0)
update=76 global_step=155648 SPS=135 w_ev=0.609 m_ev=0.837 m_v_bias=-2.6 m_adv_std=2.4075 m_kl_max=0.0212 m_ratio_max=1.285 return=-184.2 length=200 success_rate=0.00 collisions/ep=0.00 (n=8)
update=77 global_step=157696 SPS=136 w_ev=0.692 m_ev=0.664 m_v_bias=-2.4 m_adv_std=4.5082 m_kl_max=0.0154 m_ratio_max=0.591 return=-191.0 length=200 success_rate=0.00 collisions/ep=0.12 (n=8)
update=78 global_step=159744 SPS=137 w_ev=0.710 m_ev=0.850 m_v_bias=-2.3 m_adv_std=2.2414 m_kl_max=0.0332 m_ratio_max=1.563 return=-183.7 length=200 success_rate=0.00 collisions/ep=0.00 (n=8)
update=79 global_step=161792 SPS=139 w_ev=0.695 m_ev=0.841 m_v_bias=-1.3 m_adv_std=2.5174 m_kl_max=0.0528 m_ratio_max=1.604 return=-179.6 length=200 success_rate=0.00 collisions/ep=0.00 (n=16)
update=80 global_step=163840 SPS=140 w_ev=0.695 m_ev=0.495 m_v_bias=1.3 m_adv_std=8.4911 m_kl_max=0.0209 m_ratio_max=1.614 return=-188.1 length=200 success_rate=0.00 collisions/ep=0.25 (n=8)
Evaluation at update 80: return=-179.80, length=200.00, success_rate=0.00, collisions/ep=0.00
Solved-check at update 80: solved=False worst_gap=1200.39 at p_x0=2.00 p_y0=1.00 (consecutive=0)
update=81 global_step=165888 SPS=135 w_ev=0.710 m_ev=0.403 m_v_bias=2.3 m_adv_std=12.5127 m_kl_max=0.0288 m_ratio_max=0.903 return=-199.1 length=200 success_rate=0.00 collisions/ep=0.38 (n=8)
update=82 global_step=167936 SPS=136 w_ev=0.727 m_ev=0.617 m_v_bias=0.3 m_adv_std=6.5299 m_kl_max=0.0389 m_ratio_max=0.822 return=-187.3 length=200 success_rate=0.00 collisions/ep=0.12 (n=8)
update=83 global_step=169984 SPS=137 w_ev=0.759 m_ev=0.858 m_v_bias=-0.1 m_adv_std=2.3074 m_kl_max=0.0185 m_ratio_max=0.613 return=-182.3 length=200 success_rate=0.00 collisions/ep=0.00 (n=16)
update=84 global_step=172032 SPS=138 w_ev=0.722 m_ev=0.350 m_v_bias=1.7 m_adv_std=11.3025 m_kl_max=0.0074 m_ratio_max=0.354 return=-195.0 length=200 success_rate=0.00 collisions/ep=0.25 (n=8)
update=85 global_step=174080 SPS=139 w_ev=0.510 m_ev=0.151 m_v_bias=10.9 m_adv_std=41.8472 m_kl_max=0.0116 m_ratio_max=0.478 return=-192.8 length=200 success_rate=0.00 collisions/ep=0.25 (n=8)
Evaluation at update 85: return=-186.35, length=200.00, success_rate=0.00, collisions/ep=0.00
Solved-check at update 85: solved=False worst_gap=1206.57 at p_x0=2.00 p_y0=0.00 (consecutive=0)
update=86 global_step=176128 SPS=135 w_ev=0.551 m_ev=-0.023 m_v_bias=4.4 m_adv_std=28.2466 m_kl_max=0.0258 m_ratio_max=1.206 return=-222.8 length=200 success_rate=0.00 collisions/ep=0.75 (n=16)
update=87 global_step=178176 SPS=136 w_ev=0.635 m_ev=-0.079 m_v_bias=-2.6 m_adv_std=7.9422 m_kl_max=0.0388 m_ratio_max=0.968 return=-181.9 length=200 success_rate=0.00 collisions/ep=0.00 (n=8)
update=88 global_step=180224 SPS=137 w_ev=0.677 m_ev=0.634 m_v_bias=-3.5 m_adv_std=4.0058 m_kl_max=0.0264 m_ratio_max=0.713 return=-180.5 length=200 success_rate=0.00 collisions/ep=0.00 (n=8)
update=89 global_step=182272 SPS=138 w_ev=0.677 m_ev=0.838 m_v_bias=-2.9 m_adv_std=2.1776 m_kl_max=0.0305 m_ratio_max=1.773 return=-183.4 length=200 success_rate=0.00 collisions/ep=0.00 (n=8)
update=90 global_step=184320 SPS=139 w_ev=0.555 m_ev=0.141 m_v_bias=7.6 m_adv_std=36.0322 m_kl_max=0.0109 m_ratio_max=0.527 return=-207.6 length=200 success_rate=0.00 collisions/ep=0.44 (n=16)
Evaluation at update 90: return=-183.68, length=200.00, success_rate=0.00, collisions/ep=0.00
Solved-check at update 90: solved=False worst_gap=1204.10 at p_x0=2.00 p_y0=0.00 (consecutive=0)
update=91 global_step=186368 SPS=135 w_ev=0.609 m_ev=-0.171 m_v_bias=-1.3 m_adv_std=11.2759 m_kl_max=0.0056 m_ratio_max=0.379 return=-188.3 length=200 success_rate=0.00 collisions/ep=0.12 (n=8)
update=92 global_step=188416 SPS=136 w_ev=0.655 m_ev=0.693 m_v_bias=-3.3 m_adv_std=3.5401 m_kl_max=0.0305 m_ratio_max=1.156 return=-183.5 length=200 success_rate=0.00 collisions/ep=0.00 (n=8)
update=93 global_step=190464 SPS=137 w_ev=0.737 m_ev=0.676 m_v_bias=-2.0 m_adv_std=5.9109 m_kl_max=0.0145 m_ratio_max=0.539 return=-182.3 length=200 success_rate=0.00 collisions/ep=0.06 (n=16)
update=94 global_step=192512 SPS=138 w_ev=0.740 m_ev=0.493 m_v_bias=-0.1 m_adv_std=6.4365 m_kl_max=0.0047 m_ratio_max=0.374 return=-186.8 length=200 success_rate=0.00 collisions/ep=0.12 (n=8)
update=95 global_step=194560 SPS=139 w_ev=0.758 m_ev=0.443 m_v_bias=0.2 m_adv_std=7.5684 m_kl_max=0.0377 m_ratio_max=1.262 return=-187.1 length=200 success_rate=0.00 collisions/ep=0.12 (n=8)
Evaluation at update 95: return=-183.41, length=200.00, success_rate=0.00, collisions/ep=0.00
Solved-check at update 95: solved=False worst_gap=1203.35 at p_x0=2.00 p_y0=0.00 (consecutive=0)
update=96 global_step=196608 SPS=135 w_ev=0.773 m_ev=0.859 m_v_bias=-1.7 m_adv_std=2.5038 m_kl_max=0.0529 m_ratio_max=1.948 return=-188.3 length=200 success_rate=0.00 collisions/ep=0.12 (n=8)
update=97 global_step=198656 SPS=136 w_ev=0.767 m_ev=0.926 m_v_bias=-0.5 m_adv_std=1.5838 m_kl_max=0.0725 m_ratio_max=1.914 return=-179.9 length=200 success_rate=0.00 collisions/ep=0.00 (n=16)
update=98 global_step=200704 SPS=137 w_ev=0.704 m_ev=0.877 m_v_bias=-2.0 m_adv_std=2.2393 m_kl_max=0.1022 m_ratio_max=5.991 return=-182.4 length=200 success_rate=0.00 collisions/ep=0.00 (n=8)
update=99 global_step=202752 SPS=138 w_ev=0.430 m_ev=0.056 m_v_bias=6.6 m_adv_std=35.7229 m_kl_max=0.0515 m_ratio_max=1.674 return=-178.7 length=200 success_rate=0.00 collisions/ep=0.00 (n=8)
update=100 global_step=204800 SPS=139 w_ev=0.601 m_ev=0.095 m_v_bias=1.0 m_adv_std=26.2214 m_kl_max=0.0080 m_ratio_max=0.454 return=-222.9 length=200 success_rate=0.00 collisions/ep=0.81 (n=16)
Evaluation at update 100: return=-178.64, length=200.00, success_rate=0.00, collisions/ep=0.00
Solved-check at update 100: solved=False worst_gap=1197.72 at p_x0=2.00 p_y0=0.50 (consecutive=0)
update=101 global_step=206848 SPS=135 w_ev=0.708 m_ev=0.863 m_v_bias=-0.5 m_adv_std=2.2470 m_kl_max=0.0104 m_ratio_max=0.497 return=-178.2 length=200 success_rate=0.00 collisions/ep=0.00 (n=8)
update=102 global_step=208896 SPS=136 w_ev=0.722 m_ev=0.419 m_v_bias=0.6 m_adv_std=7.4954 m_kl_max=0.0127 m_ratio_max=0.638 return=-183.5 length=200 success_rate=0.00 collisions/ep=0.00 (n=8)
update=103 global_step=210944 SPS=137 w_ev=0.721 m_ev=0.189 m_v_bias=1.0 m_adv_std=11.6373 m_kl_max=0.0264 m_ratio_max=0.880 return=-194.5 length=200 success_rate=0.00 collisions/ep=0.38 (n=8)
update=104 global_step=212992 SPS=138 w_ev=0.818 m_ev=0.858 m_v_bias=-1.9 m_adv_std=2.5564 m_kl_max=0.0155 m_ratio_max=0.657 return=-183.8 length=200 success_rate=0.00 collisions/ep=0.00 (n=16)
update=105 global_step=215040 SPS=139 w_ev=0.828 m_ev=0.514 m_v_bias=-0.6 m_adv_std=5.9684 m_kl_max=0.0148 m_ratio_max=0.771 return=-179.9 length=200 success_rate=0.00 collisions/ep=0.12 (n=8)
Evaluation at update 105: return=-177.16, length=200.00, success_rate=0.00, collisions/ep=0.00
Solved-check at update 105: solved=False worst_gap=1197.22 at p_x0=2.00 p_y0=0.50 (consecutive=0)
update=106 global_step=217088 SPS=135 w_ev=0.740 m_ev=0.170 m_v_bias=3.9 m_adv_std=15.0337 m_kl_max=0.0254 m_ratio_max=0.968 return=-184.2 length=200 success_rate=0.00 collisions/ep=0.12 (n=8)
update=107 global_step=219136 SPS=136 w_ev=0.702 m_ev=0.158 m_v_bias=0.0 m_adv_std=21.2073 m_kl_max=0.0230 m_ratio_max=1.411 return=-225.5 length=200 success_rate=0.00 collisions/ep=1.00 (n=8)
update=108 global_step=221184 SPS=137 w_ev=0.815 m_ev=0.831 m_v_bias=-1.2 m_adv_std=3.0815 m_kl_max=0.0116 m_ratio_max=1.019 return=-181.0 length=200 success_rate=0.00 collisions/ep=0.00 (n=16)
update=109 global_step=223232 SPS=138 w_ev=0.816 m_ev=0.952 m_v_bias=-1.6 m_adv_std=1.4111 m_kl_max=0.0221 m_ratio_max=0.947 return=-179.3 length=200 success_rate=0.00 collisions/ep=0.00 (n=8)
update=110 global_step=225280 SPS=138 w_ev=0.590 m_ev=0.156 m_v_bias=-0.1 m_adv_std=16.0424 m_kl_max=0.0043 m_ratio_max=0.573 return=-208.6 length=200 success_rate=0.00 collisions/ep=0.62 (n=8)
Evaluation at update 110: return=-177.63, length=200.00, success_rate=0.00, collisions/ep=0.00
Solved-check at update 110: solved=False worst_gap=1198.95 at p_x0=2.00 p_y0=0.00 (consecutive=0)
update=111 global_step=227328 SPS=135 w_ev=0.886 m_ev=0.928 m_v_bias=-1.7 m_adv_std=2.0214 m_kl_max=0.0315 m_ratio_max=0.772 return=-179.3 length=200 success_rate=0.00 collisions/ep=0.00 (n=16)
update=112 global_step=229376 SPS=136 w_ev=0.806 m_ev=0.956 m_v_bias=-1.2 m_adv_std=1.4479 m_kl_max=0.0285 m_ratio_max=0.792 return=-176.9 length=200 success_rate=0.00 collisions/ep=0.00 (n=8)
update=113 global_step=231424 SPS=137 w_ev=0.835 m_ev=0.461 m_v_bias=1.1 m_adv_std=9.0425 m_kl_max=0.0239 m_ratio_max=1.150 return=-187.1 length=200 success_rate=0.00 collisions/ep=0.25 (n=8)
update=114 global_step=233472 SPS=138 w_ev=0.458 m_ev=0.029 m_v_bias=12.9 m_adv_std=37.8910 m_kl_max=0.0164 m_ratio_max=0.859 return=-176.5 length=200 success_rate=0.00 collisions/ep=0.00 (n=8)
update=115 global_step=235520 SPS=138 w_ev=0.768 m_ev=0.190 m_v_bias=2.1 m_adv_std=26.4405 m_kl_max=0.0257 m_ratio_max=1.098 return=-229.4 length=200 success_rate=0.00 collisions/ep=1.06 (n=16)
Evaluation at update 115: return=-175.99, length=200.00, success_rate=0.00, collisions/ep=0.00
Solved-check at update 115: solved=False worst_gap=1197.19 at p_x0=2.00 p_y0=0.00 (consecutive=0)
update=116 global_step=237568 SPS=135 w_ev=0.827 m_ev=0.615 m_v_bias=-5.5 m_adv_std=5.4406 m_kl_max=0.0202 m_ratio_max=0.945 return=-175.2 length=200 success_rate=0.00 collisions/ep=0.00 (n=8)
update=117 global_step=239616 SPS=136 w_ev=0.801 m_ev=0.617 m_v_bias=-4.1 m_adv_std=5.8550 m_kl_max=0.0099 m_ratio_max=0.359 return=-180.8 length=200 success_rate=0.00 collisions/ep=0.12 (n=8)
update=118 global_step=241664 SPS=137 w_ev=0.746 m_ev=0.151 m_v_bias=2.2 m_adv_std=19.4502 m_kl_max=0.0163 m_ratio_max=0.663 return=-193.7 length=200 success_rate=0.00 collisions/ep=0.31 (n=16)
update=119 global_step=243712 SPS=137 w_ev=0.762 m_ev=0.252 m_v_bias=0.9 m_adv_std=17.6099 m_kl_max=0.0392 m_ratio_max=1.730 return=-200.7 length=200 success_rate=0.00 collisions/ep=0.38 (n=8)
update=120 global_step=245760 SPS=138 w_ev=0.691 m_ev=0.601 m_v_bias=-2.9 m_adv_std=4.2822 m_kl_max=0.0085 m_ratio_max=0.501 return=-178.1 length=200 success_rate=0.00 collisions/ep=0.00 (n=8)
Evaluation at update 120: return=-179.40, length=200.00, success_rate=0.00, collisions/ep=0.00
Solved-check at update 120: solved=False worst_gap=1199.62 at p_x0=2.00 p_y0=1.00 (consecutive=0)
update=121 global_step=247808 SPS=135 w_ev=0.723 m_ev=0.308 m_v_bias=-0.6 m_adv_std=11.5487 m_kl_max=0.0281 m_ratio_max=0.557 return=-179.7 length=200 success_rate=0.00 collisions/ep=0.00 (n=8)
update=122 global_step=249856 SPS=136 w_ev=0.801 m_ev=0.878 m_v_bias=-1.8 m_adv_std=2.4817 m_kl_max=0.0175 m_ratio_max=1.015 return=-186.4 length=200 success_rate=0.00 collisions/ep=0.12 (n=16)
update=123 global_step=251904 SPS=137 w_ev=0.727 m_ev=0.934 m_v_bias=-1.1 m_adv_std=1.4472 m_kl_max=0.0121 m_ratio_max=0.791 return=-180.0 length=200 success_rate=0.00 collisions/ep=0.00 (n=8)
update=124 global_step=253952 SPS=137 w_ev=0.671 m_ev=0.963 m_v_bias=-1.0 m_adv_std=1.0919 m_kl_max=0.0489 m_ratio_max=1.674 return=-177.4 length=200 success_rate=0.00 collisions/ep=0.00 (n=8)
update=125 global_step=256000 SPS=138 w_ev=0.759 m_ev=0.958 m_v_bias=-1.6 m_adv_std=1.2953 m_kl_max=0.0176 m_ratio_max=0.996 return=-176.7 length=200 success_rate=0.00 collisions/ep=0.00 (n=16)
Evaluation at update 125: return=-178.26, length=200.00, success_rate=0.00, collisions/ep=0.00
Solved-check at update 125: solved=False worst_gap=1199.09 at p_x0=2.00 p_y0=0.00 (consecutive=0)
update=126 global_step=258048 SPS=135 w_ev=0.788 m_ev=0.367 m_v_bias=3.8 m_adv_std=13.5349 m_kl_max=0.0175 m_ratio_max=0.738 return=-201.7 length=200 success_rate=0.00 collisions/ep=0.50 (n=8)
update=127 global_step=260096 SPS=136 w_ev=0.805 m_ev=0.431 m_v_bias=-2.4 m_adv_std=4.5005 m_kl_max=0.0240 m_ratio_max=0.955 return=-180.4 length=200 success_rate=0.00 collisions/ep=0.00 (n=8)
update=128 global_step=262144 SPS=137 w_ev=0.774 m_ev=0.916 m_v_bias=-2.1 m_adv_std=1.8159 m_kl_max=0.0143 m_ratio_max=0.465 return=-179.3 length=200 success_rate=0.00 collisions/ep=0.00 (n=8)
update=129 global_step=264192 SPS=137 w_ev=0.834 m_ev=0.262 m_v_bias=2.3 m_adv_std=12.4807 m_kl_max=0.0111 m_ratio_max=0.695 return=-184.0 length=200 success_rate=0.00 collisions/ep=0.12 (n=16)
update=130 global_step=266240 SPS=138 w_ev=0.845 m_ev=0.862 m_v_bias=-1.4 m_adv_std=2.3973 m_kl_max=0.0148 m_ratio_max=0.464 return=-181.1 length=200 success_rate=0.00 collisions/ep=0.00 (n=8)
Evaluation at update 130: return=-180.56, length=200.00, success_rate=0.00, collisions/ep=0.00
Solved-check at update 130: solved=False worst_gap=1201.25 at p_x0=2.00 p_y0=0.00 (consecutive=0)
update=131 global_step=268288 SPS=135 w_ev=0.840 m_ev=0.937 m_v_bias=-1.4 m_adv_std=1.5330 m_kl_max=0.0264 m_ratio_max=1.153 return=-176.9 length=200 success_rate=0.00 collisions/ep=0.00 (n=8)
update=132 global_step=270336 SPS=136 w_ev=0.777 m_ev=0.560 m_v_bias=0.1 m_adv_std=6.1002 m_kl_max=0.0299 m_ratio_max=0.773 return=-179.8 length=200 success_rate=0.00 collisions/ep=0.00 (n=8)
update=133 global_step=272384 SPS=136 w_ev=0.882 m_ev=0.973 m_v_bias=-0.5 m_adv_std=1.2779 m_kl_max=0.0298 m_ratio_max=0.694 return=-181.4 length=200 success_rate=0.00 collisions/ep=0.06 (n=16)
update=134 global_step=274432 SPS=137 w_ev=0.530 m_ev=0.052 m_v_bias=5.4 m_adv_std=30.7506 m_kl_max=0.0135 m_ratio_max=0.661 return=-205.2 length=200 success_rate=0.00 collisions/ep=0.62 (n=8)
update=135 global_step=276480 SPS=138 w_ev=0.829 m_ev=0.837 m_v_bias=-1.9 m_adv_std=2.8965 m_kl_max=0.0084 m_ratio_max=0.511 return=-179.3 length=200 success_rate=0.00 collisions/ep=0.00 (n=8)
Evaluation at update 135: return=-177.54, length=200.00, success_rate=0.00, collisions/ep=0.00
Solved-check at update 135: solved=False worst_gap=1199.02 at p_x0=2.00 p_y0=0.00 (consecutive=0)
update=136 global_step=278528 SPS=135 w_ev=0.889 m_ev=0.956 m_v_bias=-2.1 m_adv_std=1.5419 m_kl_max=0.0249 m_ratio_max=0.857 return=-175.8 length=200 success_rate=0.00 collisions/ep=0.00 (n=16)
update=137 global_step=280576 SPS=136 w_ev=0.874 m_ev=0.968 m_v_bias=-1.1 m_adv_std=1.2364 m_kl_max=0.0235 m_ratio_max=0.685 return=-182.0 length=200 success_rate=0.00 collisions/ep=0.00 (n=8)
update=138 global_step=282624 SPS=136 w_ev=0.765 m_ev=0.534 m_v_bias=-0.3 m_adv_std=5.2797 m_kl_max=0.0363 m_ratio_max=0.901 return=-180.7 length=200 success_rate=0.00 collisions/ep=0.12 (n=8)
update=139 global_step=284672 SPS=137 w_ev=0.842 m_ev=0.493 m_v_bias=-0.4 m_adv_std=6.2305 m_kl_max=0.0181 m_ratio_max=0.807 return=-178.6 length=200 success_rate=0.00 collisions/ep=0.00 (n=8)
update=140 global_step=286720 SPS=138 w_ev=0.913 m_ev=0.962 m_v_bias=-1.2 m_adv_std=1.5458 m_kl_max=0.0307 m_ratio_max=0.845 return=-177.7 length=200 success_rate=0.00 collisions/ep=0.06 (n=16)
Evaluation at update 140: return=-173.44, length=200.00, success_rate=0.00, collisions/ep=0.00
Solved-check at update 140: solved=False worst_gap=1193.95 at p_x0=2.00 p_y0=0.00 (consecutive=0)
update=141 global_step=288768 SPS=135 w_ev=0.246 m_ev=0.025 m_v_bias=19.8 m_adv_std=86.7610 m_kl_max=0.0181 m_ratio_max=0.775 return=-293.9 length=200 success_rate=0.00 collisions/ep=2.38 (n=8)
update=142 global_step=290816 SPS=136 w_ev=0.604 m_ev=0.118 m_v_bias=0.5 m_adv_std=20.9242 m_kl_max=0.0125 m_ratio_max=0.657 return=-191.5 length=200 success_rate=0.00 collisions/ep=0.38 (n=8)
update=143 global_step=292864 SPS=136 w_ev=0.766 m_ev=0.762 m_v_bias=-6.9 m_adv_std=4.0034 m_kl_max=0.0129 m_ratio_max=0.744 return=-176.1 length=200 success_rate=0.00 collisions/ep=0.00 (n=16)
update=144 global_step=294912 SPS=137 w_ev=0.796 m_ev=0.250 m_v_bias=1.3 m_adv_std=18.7238 m_kl_max=0.0288 m_ratio_max=1.042 return=-193.6 length=200 success_rate=0.00 collisions/ep=0.38 (n=8)
update=145 global_step=296960 SPS=137 w_ev=0.781 m_ev=0.245 m_v_bias=-0.0 m_adv_std=17.5555 m_kl_max=0.0257 m_ratio_max=1.189 return=-219.8 length=200 success_rate=0.00 collisions/ep=0.88 (n=8)
Evaluation at update 145: return=-175.17, length=200.00, success_rate=0.00, collisions/ep=0.00
Solved-check at update 145: solved=False worst_gap=1196.67 at p_x0=2.00 p_y0=0.00 (consecutive=0)
update=146 global_step=299008 SPS=135 w_ev=0.875 m_ev=0.448 m_v_bias=-1.9 m_adv_std=8.4719 m_kl_max=0.0049 m_ratio_max=0.574 return=-182.1 length=200 success_rate=0.00 collisions/ep=0.12 (n=8)
update=147 global_step=301056 SPS=136 w_ev=0.922 m_ev=0.899 m_v_bias=-3.3 m_adv_std=2.6726 m_kl_max=0.0080 m_ratio_max=0.760 return=-178.2 length=200 success_rate=0.00 collisions/ep=0.06 (n=16)
update=148 global_step=303104 SPS=136 w_ev=0.847 m_ev=0.929 m_v_bias=-2.1 m_adv_std=1.7328 m_kl_max=0.0133 m_ratio_max=0.474 return=-174.1 length=200 success_rate=0.00 collisions/ep=0.00 (n=8)
update=149 global_step=305152 SPS=137 w_ev=0.831 m_ev=0.717 m_v_bias=-1.6 m_adv_std=3.5267 m_kl_max=0.0216 m_ratio_max=0.887 return=-181.0 length=200 success_rate=0.00 collisions/ep=0.12 (n=8)
update=150 global_step=307200 SPS=137 w_ev=0.674 m_ev=0.115 m_v_bias=4.4 m_adv_std=19.5396 m_kl_max=0.0343 m_ratio_max=2.399 return=-191.2 length=200 success_rate=0.00 collisions/ep=0.25 (n=16)
Evaluation at update 150: return=-174.45, length=200.00, success_rate=0.00, collisions/ep=0.00
Solved-check at update 150: solved=False worst_gap=1195.54 at p_x0=2.00 p_y0=0.00 (consecutive=0)
update=151 global_step=309248 SPS=135 w_ev=0.922 m_ev=0.924 m_v_bias=-1.8 m_adv_std=2.2719 m_kl_max=0.0239 m_ratio_max=0.783 return=-179.0 length=200 success_rate=0.00 collisions/ep=0.00 (n=8)
update=152 global_step=311296 SPS=136 w_ev=0.886 m_ev=0.950 m_v_bias=-2.1 m_adv_std=1.4995 m_kl_max=0.0549 m_ratio_max=1.885 return=-173.5 length=200 success_rate=0.00 collisions/ep=0.00 (n=8)
update=153 global_step=313344 SPS=136 w_ev=0.836 m_ev=0.946 m_v_bias=-1.3 m_adv_std=1.5501 m_kl_max=0.0156 m_ratio_max=0.832 return=-176.1 length=200 success_rate=0.00 collisions/ep=0.00 (n=8)
update=154 global_step=315392 SPS=137 w_ev=0.920 m_ev=0.402 m_v_bias=1.7 m_adv_std=12.1591 m_kl_max=0.0185 m_ratio_max=1.089 return=-179.2 length=200 success_rate=0.00 collisions/ep=0.12 (n=16)
update=155 global_step=317440 SPS=137 w_ev=0.849 m_ev=0.551 m_v_bias=-0.3 m_adv_std=6.3070 m_kl_max=0.0325 m_ratio_max=0.621 return=-177.3 length=200 success_rate=0.00 collisions/ep=0.12 (n=8)
Evaluation at update 155: return=-171.99, length=200.00, success_rate=0.00, collisions/ep=0.00
Solved-check at update 155: solved=False worst_gap=1192.33 at p_x0=2.00 p_y0=0.50 (consecutive=0)
update=156 global_step=319488 SPS=135 w_ev=0.875 m_ev=0.478 m_v_bias=-0.7 m_adv_std=6.8809 m_kl_max=0.0161 m_ratio_max=0.646 return=-189.7 length=200 success_rate=0.00 collisions/ep=0.25 (n=8)
update=157 global_step=321536 SPS=136 w_ev=0.901 m_ev=0.526 m_v_bias=-1.1 m_adv_std=6.4038 m_kl_max=0.0101 m_ratio_max=0.413 return=-177.1 length=200 success_rate=0.00 collisions/ep=0.00 (n=8)
update=158 global_step=323584 SPS=136 w_ev=0.771 m_ev=0.082 m_v_bias=6.6 m_adv_std=31.2870 m_kl_max=0.0182 m_ratio_max=0.629 return=-194.8 length=200 success_rate=0.00 collisions/ep=0.44 (n=16)
update=159 global_step=325632 SPS=137 w_ev=0.872 m_ev=0.414 m_v_bias=-0.9 m_adv_std=8.6269 m_kl_max=0.0104 m_ratio_max=0.538 return=-183.6 length=200 success_rate=0.00 collisions/ep=0.12 (n=8)
update=160 global_step=327680 SPS=137 w_ev=0.800 m_ev=0.101 m_v_bias=9.1 m_adv_std=25.5755 m_kl_max=0.0251 m_ratio_max=0.811 return=-180.2 length=200 success_rate=0.00 collisions/ep=0.12 (n=8)
Evaluation at update 160: return=-174.00, length=200.00, success_rate=0.00, collisions/ep=0.00
Solved-check at update 160: solved=False worst_gap=1194.65 at p_x0=2.00 p_y0=0.50 (consecutive=0)
update=161 global_step=329728 SPS=135 w_ev=0.745 m_ev=0.049 m_v_bias=5.2 m_adv_std=41.9848 m_kl_max=0.0220 m_ratio_max=0.631 return=-227.6 length=200 success_rate=0.00 collisions/ep=1.12 (n=16)
update=162 global_step=331776 SPS=136 w_ev=0.893 m_ev=0.756 m_v_bias=-7.8 m_adv_std=4.5853 m_kl_max=0.0088 m_ratio_max=0.654 return=-169.5 length=200 success_rate=0.00 collisions/ep=0.00 (n=8)
update=163 global_step=333824 SPS=136 w_ev=0.913 m_ev=0.569 m_v_bias=-3.8 m_adv_std=6.7260 m_kl_max=0.0092 m_ratio_max=0.436 return=-180.0 length=200 success_rate=0.00 collisions/ep=0.12 (n=8)
update=164 global_step=335872 SPS=137 w_ev=0.923 m_ev=0.642 m_v_bias=-1.8 m_adv_std=6.0655 m_kl_max=0.0106 m_ratio_max=0.699 return=-172.7 length=200 success_rate=0.00 collisions/ep=0.00 (n=8)
update=165 global_step=337920 SPS=137 w_ev=0.954 m_ev=0.700 m_v_bias=-0.8 m_adv_std=6.2369 m_kl_max=0.0183 m_ratio_max=0.606 return=-179.3 length=200 success_rate=0.00 collisions/ep=0.12 (n=16)
Evaluation at update 165: return=-173.24, length=200.00, success_rate=0.00, collisions/ep=0.00
Solved-check at update 165: solved=False worst_gap=1193.60 at p_x0=2.00 p_y0=0.00 (consecutive=0)
update=166 global_step=339968 SPS=135 w_ev=0.941 m_ev=0.539 m_v_bias=-0.9 m_adv_std=6.3702 m_kl_max=0.0245 m_ratio_max=0.655 return=-171.8 length=200 success_rate=0.00 collisions/ep=0.00 (n=8)
update=167 global_step=342016 SPS=136 w_ev=0.927 m_ev=0.357 m_v_bias=1.4 m_adv_std=10.4285 m_kl_max=0.0272 m_ratio_max=1.247 return=-186.8 length=200 success_rate=0.00 collisions/ep=0.38 (n=8)
update=168 global_step=344064 SPS=136 w_ev=0.906 m_ev=0.503 m_v_bias=-1.3 m_adv_std=6.6047 m_kl_max=0.0131 m_ratio_max=0.621 return=-179.3 length=200 success_rate=0.00 collisions/ep=0.12 (n=16)
update=169 global_step=346112 SPS=137 w_ev=0.934 m_ev=0.965 m_v_bias=-2.3 m_adv_std=1.7306 m_kl_max=0.0070 m_ratio_max=0.372 return=-172.8 length=200 success_rate=0.00 collisions/ep=0.00 (n=8)
update=170 global_step=348160 SPS=137 w_ev=0.881 m_ev=0.442 m_v_bias=-0.4 m_adv_std=5.6580 m_kl_max=0.0286 m_ratio_max=0.939 return=-168.2 length=200 success_rate=0.00 collisions/ep=0.00 (n=8)
Evaluation at update 170: return=-172.08, length=200.00, success_rate=0.00, collisions/ep=0.00
Solved-check at update 170: solved=False worst_gap=1192.30 at p_x0=2.00 p_y0=0.00 (consecutive=0)
update=171 global_step=350208 SPS=135 w_ev=0.893 m_ev=0.616 m_v_bias=-1.0 m_adv_std=5.3674 m_kl_max=0.0295 m_ratio_max=0.856 return=-188.5 length=200 success_rate=0.00 collisions/ep=0.25 (n=8)
update=172 global_step=352256 SPS=136 w_ev=0.592 m_ev=0.045 m_v_bias=9.8 m_adv_std=49.0633 m_kl_max=0.0392 m_ratio_max=1.259 return=-199.0 length=200 success_rate=0.00 collisions/ep=0.50 (n=16)
update=173 global_step=354304 SPS=136 w_ev=0.846 m_ev=0.440 m_v_bias=-1.6 m_adv_std=7.3341 m_kl_max=0.0191 m_ratio_max=0.993 return=-181.1 length=200 success_rate=0.00 collisions/ep=0.12 (n=8)
update=174 global_step=356352 SPS=137 w_ev=0.896 m_ev=0.940 m_v_bias=-3.0 m_adv_std=1.7825 m_kl_max=0.0203 m_ratio_max=0.868 return=-176.7 length=200 success_rate=0.00 collisions/ep=0.00 (n=8)
update=175 global_step=358400 SPS=137 w_ev=0.842 m_ev=0.158 m_v_bias=0.1 m_adv_std=12.0183 m_kl_max=0.0060 m_ratio_max=0.509 return=-179.2 length=200 success_rate=0.00 collisions/ep=0.12 (n=16)
Evaluation at update 175: return=-172.33, length=200.00, success_rate=0.00, collisions/ep=0.00
Solved-check at update 175: solved=False worst_gap=1192.84 at p_x0=2.00 p_y0=0.00 (consecutive=0)
update=176 global_step=360448 SPS=135 w_ev=0.686 m_ev=0.065 m_v_bias=5.9 m_adv_std=36.0397 m_kl_max=0.0391 m_ratio_max=1.194 return=-203.1 length=200 success_rate=0.00 collisions/ep=0.62 (n=8)
update=177 global_step=362496 SPS=136 w_ev=0.877 m_ev=0.426 m_v_bias=-2.5 m_adv_std=7.8044 m_kl_max=0.0395 m_ratio_max=2.870 return=-204.2 length=200 success_rate=0.00 collisions/ep=0.62 (n=8)
update=178 global_step=364544 SPS=136 w_ev=0.884 m_ev=0.808 m_v_bias=-2.8 m_adv_std=3.2732 m_kl_max=0.0086 m_ratio_max=0.410 return=-172.2 length=200 success_rate=0.00 collisions/ep=0.00 (n=8)
update=179 global_step=366592 SPS=137 w_ev=0.953 m_ev=0.933 m_v_bias=-2.1 m_adv_std=2.3139 m_kl_max=0.0588 m_ratio_max=1.857 return=-175.9 length=200 success_rate=0.00 collisions/ep=0.00 (n=16)
update=180 global_step=368640 SPS=137 w_ev=0.894 m_ev=0.957 m_v_bias=-0.9 m_adv_std=1.4298 m_kl_max=0.0234 m_ratio_max=0.808 return=-168.7 length=200 success_rate=0.00 collisions/ep=0.00 (n=8)
Evaluation at update 180: return=-171.40, length=200.00, success_rate=0.00, collisions/ep=0.00
Solved-check at update 180: solved=False worst_gap=1192.51 at p_x0=2.00 p_y0=0.50 (consecutive=0)
update=181 global_step=370688 SPS=135 w_ev=0.890 m_ev=0.317 m_v_bias=2.7 m_adv_std=13.6500 m_kl_max=0.0120 m_ratio_max=0.554 return=-200.2 length=200 success_rate=0.00 collisions/ep=0.50 (n=8)
update=182 global_step=372736 SPS=136 w_ev=0.933 m_ev=0.912 m_v_bias=-1.6 m_adv_std=2.4993 m_kl_max=0.0079 m_ratio_max=0.415 return=-169.7 length=200 success_rate=0.00 collisions/ep=0.00 (n=8)
update=183 global_step=374784 SPS=136 w_ev=0.937 m_ev=0.976 m_v_bias=-1.6 m_adv_std=1.4696 m_kl_max=0.0232 m_ratio_max=0.633 return=-170.5 length=200 success_rate=0.00 collisions/ep=0.00 (n=16)
update=184 global_step=376832 SPS=137 w_ev=0.898 m_ev=0.659 m_v_bias=-0.3 m_adv_std=6.2441 m_kl_max=0.0396 m_ratio_max=1.803 return=-171.1 length=200 success_rate=0.00 collisions/ep=0.00 (n=8)
update=185 global_step=378880 SPS=137 w_ev=0.930 m_ev=0.977 m_v_bias=-1.3 m_adv_std=1.2023 m_kl_max=0.0469 m_ratio_max=1.446 return=-173.6 length=200 success_rate=0.00 collisions/ep=0.12 (n=8)
Evaluation at update 185: return=-169.35, length=200.00, success_rate=0.00, collisions/ep=0.00
Solved-check at update 185: solved=False worst_gap=1190.50 at p_x0=2.00 p_y0=0.50 (consecutive=0)
update=186 global_step=380928 SPS=135 w_ev=0.941 m_ev=0.989 m_v_bias=-1.1 m_adv_std=0.9741 m_kl_max=0.0418 m_ratio_max=1.152 return=-169.3 length=200 success_rate=0.00 collisions/ep=0.00 (n=16)
update=187 global_step=382976 SPS=136 w_ev=0.880 m_ev=0.349 m_v_bias=1.9 m_adv_std=12.0425 m_kl_max=0.0093 m_ratio_max=0.427 return=-170.9 length=200 success_rate=0.00 collisions/ep=0.12 (n=8)
update=188 global_step=385024 SPS=136 w_ev=0.943 m_ev=0.957 m_v_bias=-1.7 m_adv_std=1.8361 m_kl_max=0.0279 m_ratio_max=0.646 return=-182.2 length=200 success_rate=0.00 collisions/ep=0.25 (n=8)
update=189 global_step=387072 SPS=137 w_ev=0.919 m_ev=0.983 m_v_bias=-1.7 m_adv_std=1.0930 m_kl_max=0.0556 m_ratio_max=1.563 return=-164.8 length=200 success_rate=0.00 collisions/ep=0.00 (n=8)
update=190 global_step=389120 SPS=137 w_ev=0.955 m_ev=0.777 m_v_bias=0.4 m_adv_std=6.1060 m_kl_max=0.0221 m_ratio_max=0.815 return=-171.9 length=200 success_rate=0.00 collisions/ep=0.06 (n=16)
Evaluation at update 190: return=-167.22, length=200.00, success_rate=0.00, collisions/ep=0.00
Solved-check at update 190: solved=False worst_gap=1187.78 at p_x0=2.00 p_y0=0.00 (consecutive=0)
update=191 global_step=391168 SPS=135 w_ev=0.912 m_ev=0.976 m_v_bias=-0.6 m_adv_std=1.2429 m_kl_max=0.0140 m_ratio_max=0.986 return=-168.4 length=200 success_rate=0.00 collisions/ep=0.00 (n=8)
update=192 global_step=393216 SPS=136 w_ev=0.751 m_ev=0.102 m_v_bias=12.4 m_adv_std=29.5433 m_kl_max=0.0379 m_ratio_max=1.763 return=-205.1 length=200 success_rate=0.00 collisions/ep=0.75 (n=8)
update=193 global_step=395264 SPS=136 w_ev=0.918 m_ev=0.837 m_v_bias=-4.6 m_adv_std=3.9118 m_kl_max=0.0109 m_ratio_max=0.724 return=-182.2 length=200 success_rate=0.00 collisions/ep=0.31 (n=16)
update=194 global_step=397312 SPS=136 w_ev=0.940 m_ev=0.730 m_v_bias=-1.2 m_adv_std=6.5268 m_kl_max=0.0186 m_ratio_max=0.633 return=-172.0 length=200 success_rate=0.00 collisions/ep=0.12 (n=8)
update=195 global_step=399360 SPS=137 w_ev=0.941 m_ev=0.616 m_v_bias=-0.1 m_adv_std=7.8533 m_kl_max=0.0375 m_ratio_max=1.399 return=-178.7 length=200 success_rate=0.00 collisions/ep=0.25 (n=8)
Evaluation at update 195: return=-166.50, length=200.00, success_rate=0.00, collisions/ep=0.00
Solved-check at update 195: solved=False worst_gap=1186.93 at p_x0=2.00 p_y0=0.00 (consecutive=0)
update=196 global_step=401408 SPS=135 w_ev=0.918 m_ev=0.967 m_v_bias=-2.1 m_adv_std=1.7575 m_kl_max=0.0200 m_ratio_max=0.815 return=-164.8 length=200 success_rate=0.00 collisions/ep=0.00 (n=8)
update=197 global_step=403456 SPS=136 w_ev=0.962 m_ev=0.984 m_v_bias=-1.6 m_adv_std=1.3828 m_kl_max=0.0189 m_ratio_max=0.842 return=-165.6 length=200 success_rate=0.00 collisions/ep=0.00 (n=16)
update=198 global_step=405504 SPS=136 w_ev=0.933 m_ev=0.985 m_v_bias=-1.4 m_adv_std=1.1592 m_kl_max=0.0275 m_ratio_max=0.986 return=-163.5 length=200 success_rate=0.00 collisions/ep=0.00 (n=8)
update=199 global_step=407552 SPS=136 w_ev=0.894 m_ev=0.300 m_v_bias=3.0 m_adv_std=11.1472 m_kl_max=0.0230 m_ratio_max=0.779 return=-182.8 length=200 success_rate=0.00 collisions/ep=0.38 (n=8)
update=200 global_step=409600 SPS=137 w_ev=0.925 m_ev=0.666 m_v_bias=-1.3 m_adv_std=6.4129 m_kl_max=0.0084 m_ratio_max=0.371 return=-172.2 length=200 success_rate=0.00 collisions/ep=0.12 (n=16)
Evaluation at update 200: return=-164.75, length=200.00, success_rate=0.00, collisions/ep=0.00
Solved-check at update 200: solved=False worst_gap=1185.07 at p_x0=2.00 p_y0=0.00 (consecutive=0)
update=201 global_step=411648 SPS=135 w_ev=0.957 m_ev=0.629 m_v_bias=0.8 m_adv_std=8.5986 m_kl_max=0.0167 m_ratio_max=0.522 return=-176.3 length=200 success_rate=0.00 collisions/ep=0.25 (n=8)
update=202 global_step=413696 SPS=136 w_ev=0.933 m_ev=0.984 m_v_bias=-2.2 m_adv_std=1.1646 m_kl_max=0.0216 m_ratio_max=0.608 return=-168.0 length=200 success_rate=0.00 collisions/ep=0.00 (n=8)
update=203 global_step=415744 SPS=136 w_ev=0.946 m_ev=0.986 m_v_bias=-1.8 m_adv_std=1.1454 m_kl_max=0.0140 m_ratio_max=0.909 return=-161.6 length=200 success_rate=0.00 collisions/ep=0.00 (n=8)
update=204 global_step=417792 SPS=136 w_ev=0.939 m_ev=0.748 m_v_bias=-0.2 m_adv_std=6.0771 m_kl_max=0.0465 m_ratio_max=0.887 return=-165.8 length=200 success_rate=0.00 collisions/ep=0.06 (n=16)
update=205 global_step=419840 SPS=137 w_ev=0.762 m_ev=0.059 m_v_bias=2.5 m_adv_std=24.5263 m_kl_max=0.0169 m_ratio_max=0.859 return=-207.3 length=200 success_rate=0.00 collisions/ep=0.88 (n=8)
Evaluation at update 205: return=-163.15, length=200.00, success_rate=0.00, collisions/ep=0.00
Solved-check at update 205: solved=False worst_gap=1183.25 at p_x0=2.00 p_y0=0.00 (consecutive=0)
update=206 global_step=421888 SPS=135 w_ev=0.913 m_ev=0.802 m_v_bias=-2.8 m_adv_std=3.7787 m_kl_max=0.0232 m_ratio_max=0.686 return=-161.2 length=200 success_rate=0.00 collisions/ep=0.00 (n=8)
update=207 global_step=423936 SPS=136 w_ev=0.915 m_ev=0.434 m_v_bias=0.9 m_adv_std=11.4496 m_kl_max=0.0296 m_ratio_max=0.689 return=-178.0 length=200 success_rate=0.00 collisions/ep=0.25 (n=8)
update=208 global_step=425984 SPS=136 w_ev=0.962 m_ev=0.982 m_v_bias=-0.8 m_adv_std=1.5165 m_kl_max=0.0230 m_ratio_max=0.585 return=-162.8 length=200 success_rate=0.00 collisions/ep=0.00 (n=16)
update=209 global_step=428032 SPS=136 w_ev=0.940 m_ev=0.740 m_v_bias=0.1 m_adv_std=6.3952 m_kl_max=0.0338 m_ratio_max=0.966 return=-169.7 length=200 success_rate=0.00 collisions/ep=0.12 (n=8)
update=210 global_step=430080 SPS=137 w_ev=0.903 m_ev=0.593 m_v_bias=1.3 m_adv_std=8.5997 m_kl_max=0.0133 m_ratio_max=0.618 return=-169.2 length=200 success_rate=0.00 collisions/ep=0.25 (n=8)
Evaluation at update 210: return=-162.32, length=200.00, success_rate=0.00, collisions/ep=0.00
Solved-check at update 210: solved=False worst_gap=1182.70 at p_x0=2.00 p_y0=0.50 (consecutive=0)
update=211 global_step=432128 SPS=135 w_ev=0.962 m_ev=0.969 m_v_bias=-1.3 m_adv_std=1.9066 m_kl_max=0.0306 m_ratio_max=0.862 return=-164.1 length=200 success_rate=0.00 collisions/ep=0.00 (n=16)
update=212 global_step=434176 SPS=136 w_ev=0.859 m_ev=0.059 m_v_bias=1.7 m_adv_std=20.9371 m_kl_max=0.0633 m_ratio_max=2.949 return=-186.0 length=200 success_rate=0.00 collisions/ep=0.50 (n=8)
update=213 global_step=436224 SPS=136 w_ev=0.928 m_ev=0.633 m_v_bias=-1.1 m_adv_std=6.9933 m_kl_max=0.0579 m_ratio_max=2.743 return=-167.1 length=200 success_rate=0.00 collisions/ep=0.12 (n=8)
update=214 global_step=438272 SPS=136 w_ev=0.950 m_ev=0.980 m_v_bias=-1.1 m_adv_std=1.4532 m_kl_max=0.0320 m_ratio_max=1.685 return=-161.4 length=200 success_rate=0.00 collisions/ep=0.00 (n=8)
update=215 global_step=440320 SPS=137 w_ev=0.970 m_ev=0.787 m_v_bias=0.1 m_adv_std=5.9260 m_kl_max=0.0224 m_ratio_max=0.613 return=-162.8 length=200 success_rate=0.00 collisions/ep=0.06 (n=16)
Evaluation at update 215: return=-160.66, length=200.00, success_rate=0.00, collisions/ep=0.00
Solved-check at update 215: solved=False worst_gap=1181.64 at p_x0=2.00 p_y0=0.00 (consecutive=0)
update=216 global_step=442368 SPS=135 w_ev=0.944 m_ev=0.984 m_v_bias=-1.3 m_adv_std=1.2603 m_kl_max=0.0234 m_ratio_max=0.737 return=-162.6 length=200 success_rate=0.00 collisions/ep=0.00 (n=8)
update=217 global_step=444416 SPS=136 w_ev=0.934 m_ev=0.734 m_v_bias=0.2 m_adv_std=5.0445 m_kl_max=0.0334 m_ratio_max=1.243 return=-161.3 length=200 success_rate=0.00 collisions/ep=0.00 (n=8)
update=218 global_step=446464 SPS=136 w_ev=0.969 m_ev=0.728 m_v_bias=-0.8 m_adv_std=6.0984 m_kl_max=0.0498 m_ratio_max=1.453 return=-164.1 length=200 success_rate=0.00 collisions/ep=0.12 (n=16)
update=219 global_step=448512 SPS=136 w_ev=0.969 m_ev=0.989 m_v_bias=-0.9 m_adv_std=1.2747 m_kl_max=0.0681 m_ratio_max=2.349 return=-158.9 length=200 success_rate=0.00 collisions/ep=0.00 (n=8)
update=220 global_step=450560 SPS=137 w_ev=0.958 m_ev=0.991 m_v_bias=-0.8 m_adv_std=0.9208 m_kl_max=0.0758 m_ratio_max=2.227 return=-161.8 length=200 success_rate=0.00 collisions/ep=0.00 (n=8)
Evaluation at update 220: return=-156.69, length=200.00, success_rate=0.00, collisions/ep=0.00
Solved-check at update 220: solved=False worst_gap=1177.04 at p_x0=2.00 p_y0=0.00 (consecutive=0)
update=221 global_step=452608 SPS=135 w_ev=0.949 m_ev=0.991 m_v_bias=-0.8 m_adv_std=0.9473 m_kl_max=0.0507 m_ratio_max=1.007 return=-158.2 length=200 success_rate=0.00 collisions/ep=0.00 (n=8)
update=222 global_step=454656 SPS=135 w_ev=0.971 m_ev=0.995 m_v_bias=-0.4 m_adv_std=1.0371 m_kl_max=0.0874 m_ratio_max=2.866 return=-157.1 length=200 success_rate=0.00 collisions/ep=0.00 (n=16)
update=223 global_step=456704 SPS=136 w_ev=0.964 m_ev=0.991 m_v_bias=-1.1 m_adv_std=1.0863 m_kl_max=0.0481 m_ratio_max=1.068 return=-155.6 length=200 success_rate=0.00 collisions/ep=0.00 (n=8)
update=224 global_step=458752 SPS=136 w_ev=0.949 m_ev=0.991 m_v_bias=-1.2 m_adv_std=1.0699 m_kl_max=0.0470 m_ratio_max=0.983 return=-152.4 length=200 success_rate=0.00 collisions/ep=0.00 (n=8)
update=225 global_step=460800 SPS=137 w_ev=0.964 m_ev=0.772 m_v_bias=0.1 m_adv_std=6.3174 m_kl_max=0.0198 m_ratio_max=0.789 return=-158.5 length=200 success_rate=0.00 collisions/ep=0.06 (n=16)
Evaluation at update 225: return=-152.38, length=200.00, success_rate=0.00, collisions/ep=0.00
Solved-check at update 225: solved=False worst_gap=1172.36 at p_x0=2.00 p_y0=0.50 (consecutive=0)
update=226 global_step=462848 SPS=135 w_ev=0.958 m_ev=0.462 m_v_bias=4.7 m_adv_std=18.5557 m_kl_max=0.0283 m_ratio_max=1.060 return=-178.7 length=200 success_rate=0.00 collisions/ep=0.50 (n=8)
update=227 global_step=464896 SPS=135 w_ev=0.913 m_ev=0.346 m_v_bias=-0.3 m_adv_std=15.6088 m_kl_max=0.0447 m_ratio_max=2.611 return=-170.2 length=200 success_rate=0.00 collisions/ep=0.38 (n=8)
update=228 global_step=466944 SPS=136 w_ev=0.917 m_ev=0.307 m_v_bias=1.1 m_adv_std=20.5496 m_kl_max=0.0135 m_ratio_max=0.739 return=-188.2 length=200 success_rate=0.00 collisions/ep=0.62 (n=8)
update=229 global_step=468992 SPS=136 w_ev=0.957 m_ev=0.359 m_v_bias=6.2 m_adv_std=25.5423 m_kl_max=0.0335 m_ratio_max=1.037 return=-174.7 length=200 success_rate=0.00 collisions/ep=0.44 (n=16)
update=230 global_step=471040 SPS=137 w_ev=0.956 m_ev=0.725 m_v_bias=-2.3 m_adv_std=8.5424 m_kl_max=0.0225 m_ratio_max=0.715 return=-161.7 length=200 success_rate=0.00 collisions/ep=0.25 (n=8)
Evaluation at update 230: return=-153.71, length=200.00, success_rate=0.00, collisions/ep=0.00
Solved-check at update 230: solved=False worst_gap=1173.52 at p_x0=2.00 p_y0=1.00 (consecutive=0)
update=231 global_step=473088 SPS=135 w_ev=0.965 m_ev=0.961 m_v_bias=-4.0 m_adv_std=2.5596 m_kl_max=0.0326 m_ratio_max=1.117 return=-148.6 length=200 success_rate=0.00 collisions/ep=0.00 (n=8)
update=232 global_step=475136 SPS=135 w_ev=0.975 m_ev=0.985 m_v_bias=-2.5 m_adv_std=1.5112 m_kl_max=0.0218 m_ratio_max=0.506 return=-150.3 length=200 success_rate=0.00 collisions/ep=0.00 (n=8)
update=233 global_step=477184 SPS=136 w_ev=0.970 m_ev=0.990 m_v_bias=-1.4 m_adv_std=1.4229 m_kl_max=0.0163 m_ratio_max=0.636 return=-153.9 length=200 success_rate=0.00 collisions/ep=0.00 (n=16)
update=234 global_step=479232 SPS=136 w_ev=0.960 m_ev=0.988 m_v_bias=-1.5 m_adv_std=1.3508 m_kl_max=0.0349 m_ratio_max=1.104 return=-156.2 length=200 success_rate=0.00 collisions/ep=0.00 (n=8)
update=235 global_step=481280 SPS=137 w_ev=0.941 m_ev=0.505 m_v_bias=3.0 m_adv_std=13.1322 m_kl_max=0.0326 m_ratio_max=1.312 return=-151.9 length=200 success_rate=0.00 collisions/ep=0.00 (n=8)
Evaluation at update 235: return=-151.30, length=200.00, success_rate=0.00, collisions/ep=0.00
Solved-check at update 235: solved=False worst_gap=1171.44 at p_x0=2.00 p_y0=1.00 (consecutive=0)
update=236 global_step=483328 SPS=135 w_ev=0.969 m_ev=0.618 m_v_bias=2.1 m_adv_std=13.0846 m_kl_max=0.0261 m_ratio_max=1.425 return=-172.2 length=200 success_rate=0.00 collisions/ep=0.44 (n=16)
update=237 global_step=485376 SPS=135 w_ev=0.965 m_ev=0.658 m_v_bias=2.5 m_adv_std=12.3049 m_kl_max=0.0140 m_ratio_max=0.556 return=-169.5 length=200 success_rate=0.00 collisions/ep=0.38 (n=8)
update=238 global_step=487424 SPS=136 w_ev=0.967 m_ev=0.953 m_v_bias=-3.4 m_adv_std=2.8887 m_kl_max=0.0220 m_ratio_max=0.699 return=-153.1 length=200 success_rate=0.00 collisions/ep=0.00 (n=8)
update=239 global_step=489472 SPS=136 w_ev=0.967 m_ev=0.533 m_v_bias=-0.0 m_adv_std=11.8004 m_kl_max=0.0058 m_ratio_max=0.337 return=-150.9 length=200 success_rate=0.00 collisions/ep=0.00 (n=8)
update=240 global_step=491520 SPS=137 w_ev=0.987 m_ev=0.987 m_v_bias=-2.2 m_adv_std=1.7348 m_kl_max=0.0162 m_ratio_max=0.732 return=-157.8 length=200 success_rate=0.00 collisions/ep=0.12 (n=16)
Evaluation at update 240: return=-151.07, length=200.00, success_rate=0.00, collisions/ep=0.00
Solved-check at update 240: solved=False worst_gap=1171.09 at p_x0=2.00 p_y0=1.00 (consecutive=0)
update=241 global_step=493568 SPS=135 w_ev=0.974 m_ev=0.987 m_v_bias=-1.8 m_adv_std=1.3182 m_kl_max=0.0186 m_ratio_max=0.442 return=-152.2 length=200 success_rate=0.00 collisions/ep=0.00 (n=8)
update=242 global_step=495616 SPS=135 w_ev=0.964 m_ev=0.666 m_v_bias=0.4 m_adv_std=8.4018 m_kl_max=0.0235 m_ratio_max=0.857 return=-160.0 length=200 success_rate=0.00 collisions/ep=0.12 (n=8)
update=243 global_step=497664 SPS=136 w_ev=0.982 m_ev=0.985 m_v_bias=-1.5 m_adv_std=1.4112 m_kl_max=0.0186 m_ratio_max=0.481 return=-158.6 length=200 success_rate=0.00 collisions/ep=0.06 (n=16)
update=244 global_step=499712 SPS=136 w_ev=0.976 m_ev=0.866 m_v_bias=0.4 m_adv_std=6.1484 m_kl_max=0.0504 m_ratio_max=1.431 return=-156.2 length=200 success_rate=0.00 collisions/ep=0.12 (n=8)
update=245 global_step=501760 SPS=136 w_ev=0.963 m_ev=0.434 m_v_bias=2.8 m_adv_std=14.4564 m_kl_max=0.0250 m_ratio_max=1.135 return=-171.7 length=200 success_rate=0.00 collisions/ep=0.38 (n=8)
Evaluation at update 245: return=-151.06, length=200.00, success_rate=0.00, collisions/ep=0.00
Solved-check at update 245: solved=False worst_gap=1172.29 at p_x0=2.00 p_y0=0.50 (consecutive=0)
update=246 global_step=503808 SPS=135 w_ev=0.969 m_ev=0.757 m_v_bias=-1.9 m_adv_std=7.3539 m_kl_max=0.0077 m_ratio_max=0.476 return=-176.9 length=200 success_rate=0.00 collisions/ep=0.50 (n=8)
update=247 global_step=505856 SPS=135 w_ev=0.984 m_ev=0.988 m_v_bias=-1.7 m_adv_std=1.6613 m_kl_max=0.0211 m_ratio_max=0.681 return=-150.7 length=200 success_rate=0.00 collisions/ep=0.00 (n=16)
update=248 global_step=507904 SPS=136 w_ev=0.969 m_ev=0.324 m_v_bias=4.3 m_adv_std=14.9443 m_kl_max=0.0338 m_ratio_max=0.686 return=-162.6 length=200 success_rate=0.00 collisions/ep=0.25 (n=8)
update=249 global_step=509952 SPS=136 w_ev=0.800 m_ev=0.100 m_v_bias=5.8 m_adv_std=46.3420 m_kl_max=0.0331 m_ratio_max=1.323 return=-218.8 length=200 success_rate=0.00 collisions/ep=1.38 (n=8)
update=250 global_step=512000 SPS=136 w_ev=0.966 m_ev=0.826 m_v_bias=-2.0 m_adv_std=5.3984 m_kl_max=0.0169 m_ratio_max=1.155 return=-155.4 length=200 success_rate=0.00 collisions/ep=0.00 (n=16)
Evaluation at update 250: return=-151.56, length=200.00, success_rate=0.00, collisions/ep=0.00
Solved-check at update 250: solved=False worst_gap=1172.27 at p_x0=2.00 p_y0=0.50 (consecutive=0)
update=251 global_step=514048 SPS=135 w_ev=0.985 m_ev=0.853 m_v_bias=-0.1 m_adv_std=6.7071 m_kl_max=0.0191 m_ratio_max=1.148 return=-155.7 length=200 success_rate=0.00 collisions/ep=0.12 (n=8)
update=252 global_step=516096 SPS=135 w_ev=0.961 m_ev=0.704 m_v_bias=-0.9 m_adv_std=6.4697 m_kl_max=0.0156 m_ratio_max=1.175 return=-148.3 length=200 success_rate=0.00 collisions/ep=0.00 (n=8)
update=253 global_step=518144 SPS=135 w_ev=0.974 m_ev=0.963 m_v_bias=-2.4 m_adv_std=2.3534 m_kl_max=0.0279 m_ratio_max=0.747 return=-159.9 length=200 success_rate=0.00 collisions/ep=0.12 (n=8)
update=254 global_step=520192 SPS=136 w_ev=0.984 m_ev=0.991 m_v_bias=-0.9 m_adv_std=1.3465 m_kl_max=0.0227 m_ratio_max=0.680 return=-151.1 length=200 success_rate=0.00 collisions/ep=0.00 (n=16)
update=255 global_step=522240 SPS=136 w_ev=0.970 m_ev=0.788 m_v_bias=0.6 m_adv_std=6.3991 m_kl_max=0.0155 m_ratio_max=1.032 return=-147.4 length=200 success_rate=0.00 collisions/ep=0.00 (n=8)
Evaluation at update 255: return=-151.13, length=200.00, success_rate=0.00, collisions/ep=0.00
Solved-check at update 255: solved=False worst_gap=1172.44 at p_x0=2.00 p_y0=0.00 (consecutive=0)
update=256 global_step=524288 SPS=135 w_ev=0.976 m_ev=0.786 m_v_bias=0.5 m_adv_std=6.2214 m_kl_max=0.0157 m_ratio_max=0.760 return=-156.9 length=200 success_rate=0.00 collisions/ep=0.12 (n=8)
update=257 global_step=526336 SPS=135 w_ev=0.977 m_ev=0.987 m_v_bias=-1.3 m_adv_std=1.4381 m_kl_max=0.0259 m_ratio_max=1.014 return=-157.7 length=200 success_rate=0.00 collisions/ep=0.12 (n=8)
update=258 global_step=528384 SPS=135 w_ev=0.984 m_ev=0.879 m_v_bias=-0.2 m_adv_std=5.2484 m_kl_max=0.0343 m_ratio_max=0.837 return=-151.7 length=200 success_rate=0.00 collisions/ep=0.06 (n=16)
update=259 global_step=530432 SPS=136 w_ev=0.969 m_ev=0.993 m_v_bias=-0.6 m_adv_std=0.9167 m_kl_max=0.0526 m_ratio_max=1.138 return=-149.0 length=200 success_rate=0.00 collisions/ep=0.00 (n=8)
update=260 global_step=532480 SPS=136 w_ev=0.971 m_ev=0.793 m_v_bias=0.6 m_adv_std=5.8942 m_kl_max=0.0123 m_ratio_max=0.921 return=-153.8 length=200 success_rate=0.00 collisions/ep=0.00 (n=8)
Evaluation at update 260: return=-149.92, length=200.00, success_rate=0.00, collisions/ep=0.00
Solved-check at update 260: solved=False worst_gap=1170.65 at p_x0=2.00 p_y0=0.50 (consecutive=0)
update=261 global_step=534528 SPS=135 w_ev=0.983 m_ev=0.830 m_v_bias=-0.3 m_adv_std=5.8125 m_kl_max=0.0332 m_ratio_max=0.815 return=-156.6 length=200 success_rate=0.00 collisions/ep=0.12 (n=16)
update=262 global_step=536576 SPS=135 w_ev=0.982 m_ev=0.984 m_v_bias=-1.6 m_adv_std=1.7486 m_kl_max=0.0741 m_ratio_max=2.741 return=-150.6 length=200 success_rate=0.00 collisions/ep=0.00 (n=8)
update=263 global_step=538624 SPS=135 w_ev=0.841 m_ev=0.008 m_v_bias=10.8 m_adv_std=42.5877 m_kl_max=0.0151 m_ratio_max=1.014 return=-167.6 length=200 success_rate=0.00 collisions/ep=0.38 (n=8)
update=264 global_step=540672 SPS=136 w_ev=0.848 m_ev=0.079 m_v_bias=-0.9 m_adv_std=35.8889 m_kl_max=0.0175 m_ratio_max=0.719 return=-244.6 length=200 success_rate=0.00 collisions/ep=1.88 (n=8)
update=265 global_step=542720 SPS=136 w_ev=0.936 m_ev=0.464 m_v_bias=-0.5 m_adv_std=15.8859 m_kl_max=0.0117 m_ratio_max=0.581 return=-165.3 length=200 success_rate=0.00 collisions/ep=0.31 (n=16)
Evaluation at update 265: return=-148.85, length=200.00, success_rate=0.00, collisions/ep=0.00
Solved-check at update 265: solved=False worst_gap=1171.93 at p_x0=2.00 p_y0=0.00 (consecutive=0)
update=266 global_step=544768 SPS=134 w_ev=0.970 m_ev=0.832 m_v_bias=-2.9 m_adv_std=5.8501 m_kl_max=0.0145 m_ratio_max=1.168 return=-154.2 length=200 success_rate=0.00 collisions/ep=0.12 (n=8)
update=267 global_step=546816 SPS=135 w_ev=0.968 m_ev=0.967 m_v_bias=-1.3 m_adv_std=2.2271 m_kl_max=0.0221 m_ratio_max=1.018 return=-148.2 length=200 success_rate=0.00 collisions/ep=0.00 (n=8)
update=268 global_step=548864 SPS=135 w_ev=0.981 m_ev=0.878 m_v_bias=-0.8 m_adv_std=4.7090 m_kl_max=0.0119 m_ratio_max=0.561 return=-158.3 length=200 success_rate=0.00 collisions/ep=0.12 (n=16)
update=269 global_step=550912 SPS=135 w_ev=0.981 m_ev=0.781 m_v_bias=2.8 m_adv_std=8.4516 m_kl_max=0.0284 m_ratio_max=1.110 return=-165.7 length=200 success_rate=0.00 collisions/ep=0.25 (n=8)
update=270 global_step=552960 SPS=136 w_ev=0.978 m_ev=0.798 m_v_bias=-0.3 m_adv_std=7.0022 m_kl_max=0.0114 m_ratio_max=0.824 return=-169.4 length=200 success_rate=0.00 collisions/ep=0.38 (n=8)
Evaluation at update 270: return=-150.94, length=200.00, success_rate=0.00, collisions/ep=0.00
Solved-check at update 270: solved=False worst_gap=1173.61 at p_x0=2.00 p_y0=0.00 (consecutive=0)
update=271 global_step=555008 SPS=134 w_ev=0.972 m_ev=0.668 m_v_bias=3.1 m_adv_std=9.6880 m_kl_max=0.0268 m_ratio_max=0.807 return=-154.8 length=200 success_rate=0.00 collisions/ep=0.12 (n=8)
update=272 global_step=557056 SPS=135 w_ev=0.985 m_ev=0.845 m_v_bias=-0.2 m_adv_std=6.3429 m_kl_max=0.0200 m_ratio_max=1.258 return=-161.1 length=200 success_rate=0.00 collisions/ep=0.19 (n=16)
update=273 global_step=559104 SPS=135 w_ev=0.968 m_ev=0.982 m_v_bias=-1.2 m_adv_std=1.6942 m_kl_max=0.0184 m_ratio_max=0.860 return=-150.4 length=200 success_rate=0.00 collisions/ep=0.00 (n=8)
update=274 global_step=561152 SPS=135 w_ev=0.969 m_ev=0.647 m_v_bias=1.7 m_adv_std=9.0218 m_kl_max=0.0425 m_ratio_max=1.107 return=-157.5 length=200 success_rate=0.00 collisions/ep=0.12 (n=8)
update=275 global_step=563200 SPS=136 w_ev=0.968 m_ev=0.953 m_v_bias=-1.5 m_adv_std=2.7372 m_kl_max=0.0165 m_ratio_max=0.697 return=-156.7 length=200 success_rate=0.00 collisions/ep=0.12 (n=16)
Evaluation at update 275: return=-151.99, length=200.00, success_rate=0.00, collisions/ep=0.00
Solved-check at update 275: solved=False worst_gap=1172.04 at p_x0=2.00 p_y0=0.00 (consecutive=0)
update=276 global_step=565248 SPS=134 w_ev=0.982 m_ev=0.992 m_v_bias=-0.9 m_adv_std=1.3509 m_kl_max=0.0206 m_ratio_max=0.724 return=-153.8 length=200 success_rate=0.00 collisions/ep=0.00 (n=8)
update=277 global_step=567296 SPS=135 w_ev=0.972 m_ev=0.991 m_v_bias=-0.9 m_adv_std=1.1068 m_kl_max=0.0293 m_ratio_max=0.671 return=-151.5 length=200 success_rate=0.00 collisions/ep=0.00 (n=8)
update=278 global_step=569344 SPS=135 w_ev=0.968 m_ev=0.678 m_v_bias=2.1 m_adv_std=8.7913 m_kl_max=0.0177 m_ratio_max=0.749 return=-151.7 length=200 success_rate=0.00 collisions/ep=0.00 (n=8)
update=279 global_step=571392 SPS=135 w_ev=0.985 m_ev=0.956 m_v_bias=-1.3 m_adv_std=3.1971 m_kl_max=0.0195 m_ratio_max=0.674 return=-157.6 length=200 success_rate=0.00 collisions/ep=0.12 (n=16)
update=280 global_step=573440 SPS=136 w_ev=0.958 m_ev=0.485 m_v_bias=1.8 m_adv_std=12.2193 m_kl_max=0.0096 m_ratio_max=0.501 return=-162.3 length=200 success_rate=0.00 collisions/ep=0.25 (n=8)
Evaluation at update 280: return=-149.71, length=200.00, success_rate=0.00, collisions/ep=0.00
Solved-check at update 280: solved=False worst_gap=1171.49 at p_x0=2.00 p_y0=0.50 (consecutive=0)
update=281 global_step=575488 SPS=134 w_ev=0.885 m_ev=0.177 m_v_bias=4.3 m_adv_std=34.6583 m_kl_max=0.0182 m_ratio_max=0.752 return=-197.3 length=200 success_rate=0.00 collisions/ep=0.88 (n=8)
update=282 global_step=577536 SPS=135 w_ev=0.877 m_ev=0.588 m_v_bias=-1.5 m_adv_std=10.8060 m_kl_max=0.0057 m_ratio_max=0.471 return=-160.5 length=200 success_rate=0.00 collisions/ep=0.25 (n=8)
update=283 global_step=579584 SPS=135 w_ev=0.977 m_ev=0.823 m_v_bias=1.2 m_adv_std=8.1516 m_kl_max=0.0078 m_ratio_max=0.515 return=-158.4 length=200 success_rate=0.00 collisions/ep=0.12 (n=16)
update=284 global_step=581632 SPS=135 w_ev=0.885 m_ev=0.246 m_v_bias=5.0 m_adv_std=30.4718 m_kl_max=0.0157 m_ratio_max=0.991 return=-183.4 length=200 success_rate=0.00 collisions/ep=0.62 (n=8)
update=285 global_step=583680 SPS=136 w_ev=0.899 m_ev=0.811 m_v_bias=-3.9 m_adv_std=5.2058 m_kl_max=0.0218 m_ratio_max=0.938 return=-153.9 length=200 success_rate=0.00 collisions/ep=0.00 (n=8)
Evaluation at update 285: return=-151.14, length=200.00, success_rate=0.00, collisions/ep=0.00
Solved-check at update 285: solved=False worst_gap=1171.95 at p_x0=2.00 p_y0=0.00 (consecutive=0)
update=286 global_step=585728 SPS=134 w_ev=0.979 m_ev=0.973 m_v_bias=-2.8 m_adv_std=2.1979 m_kl_max=0.0157 m_ratio_max=0.628 return=-154.7 length=200 success_rate=0.00 collisions/ep=0.00 (n=16)
update=287 global_step=587776 SPS=135 w_ev=0.976 m_ev=0.984 m_v_bias=-2.1 m_adv_std=1.7914 m_kl_max=0.0169 m_ratio_max=0.968 return=-149.3 length=200 success_rate=0.00 collisions/ep=0.00 (n=8)
update=288 global_step=589824 SPS=135 w_ev=0.960 m_ev=0.990 m_v_bias=-1.0 m_adv_std=1.2168 m_kl_max=0.0261 m_ratio_max=0.593 return=-153.1 length=200 success_rate=0.00 collisions/ep=0.00 (n=8)
update=289 global_step=591872 SPS=135 w_ev=0.969 m_ev=0.994 m_v_bias=-0.9 m_adv_std=0.9322 m_kl_max=0.0150 m_ratio_max=0.895 return=-149.9 length=200 success_rate=0.00 collisions/ep=0.00 (n=8)
update=290 global_step=593920 SPS=136 w_ev=0.981 m_ev=0.810 m_v_bias=2.1 m_adv_std=8.6083 m_kl_max=0.0133 m_ratio_max=0.798 return=-154.9 length=200 success_rate=0.00 collisions/ep=0.12 (n=16)
Evaluation at update 290: return=-150.22, length=200.00, success_rate=0.00, collisions/ep=0.00
Solved-check at update 290: solved=False worst_gap=1171.73 at p_x0=2.00 p_y0=0.50 (consecutive=0)
update=291 global_step=595968 SPS=134 w_ev=0.950 m_ev=0.543 m_v_bias=1.3 m_adv_std=12.0784 m_kl_max=0.0120 m_ratio_max=0.523 return=-164.6 length=200 success_rate=0.00 collisions/ep=0.25 (n=8)
update=292 global_step=598016 SPS=135 w_ev=0.968 m_ev=0.975 m_v_bias=-1.7 m_adv_std=1.8828 m_kl_max=0.0271 m_ratio_max=1.044 return=-149.2 length=200 success_rate=0.00 collisions/ep=0.00 (n=8)
update=293 global_step=600064 SPS=135 w_ev=0.976 m_ev=0.822 m_v_bias=0.2 m_adv_std=6.4355 m_kl_max=0.0317 m_ratio_max=1.144 return=-154.4 length=200 success_rate=0.00 collisions/ep=0.06 (n=16)
update=294 global_step=602112 SPS=135 w_ev=0.901 m_ev=0.063 m_v_bias=4.0 m_adv_std=22.4330 m_kl_max=0.0271 m_ratio_max=1.328 return=-148.8 length=200 success_rate=0.00 collisions/ep=0.00 (n=8)
update=295 global_step=604160 SPS=136 w_ev=0.960 m_ev=0.846 m_v_bias=-2.8 m_adv_std=4.5344 m_kl_max=0.0250 m_ratio_max=0.802 return=-195.1 length=200 success_rate=0.00 collisions/ep=0.88 (n=8)
Evaluation at update 295: return=-151.83, length=200.00, success_rate=0.00, collisions/ep=0.00
Solved-check at update 295: solved=False worst_gap=1173.46 at p_x0=2.00 p_y0=0.50 (consecutive=0)
update=296 global_step=606208 SPS=134 w_ev=0.932 m_ev=0.144 m_v_bias=1.6 m_adv_std=16.2018 m_kl_max=0.0158 m_ratio_max=0.726 return=-150.6 length=200 success_rate=0.00 collisions/ep=0.00 (n=8)
update=297 global_step=608256 SPS=135 w_ev=0.973 m_ev=0.635 m_v_bias=-0.4 m_adv_std=10.2164 m_kl_max=0.0073 m_ratio_max=0.392 return=-163.7 length=200 success_rate=0.00 collisions/ep=0.31 (n=16)
update=298 global_step=610304 SPS=135 w_ev=0.961 m_ev=0.961 m_v_bias=-2.3 m_adv_std=2.4296 m_kl_max=0.0280 m_ratio_max=0.939 return=-154.4 length=200 success_rate=0.00 collisions/ep=0.00 (n=8)
update=299 global_step=612352 SPS=135 w_ev=0.913 m_ev=0.162 m_v_bias=1.9 m_adv_std=15.6162 m_kl_max=0.0126 m_ratio_max=0.715 return=-149.0 length=200 success_rate=0.00 collisions/ep=0.00 (n=8)
update=300 global_step=614400 SPS=136 w_ev=0.894 m_ev=0.073 m_v_bias=2.2 m_adv_std=28.6680 m_kl_max=0.0117 m_ratio_max=0.920 return=-179.2 length=200 success_rate=0.00 collisions/ep=0.56 (n=16)
Evaluation at update 300: return=-150.77, length=200.00, success_rate=0.00, collisions/ep=0.00
Solved-check at update 300: solved=False worst_gap=1171.74 at p_x0=2.00 p_y0=0.50 (consecutive=0)
update=301 global_step=616448 SPS=134 w_ev=0.976 m_ev=0.679 m_v_bias=-4.5 m_adv_std=8.6558 m_kl_max=0.0235 m_ratio_max=0.751 return=-158.9 length=200 success_rate=0.00 collisions/ep=0.12 (n=8)
update=302 global_step=618496 SPS=135 w_ev=0.955 m_ev=0.940 m_v_bias=-2.1 m_adv_std=2.9461 m_kl_max=0.0217 m_ratio_max=1.290 return=-147.3 length=200 success_rate=0.00 collisions/ep=0.00 (n=8)
update=303 global_step=620544 SPS=135 w_ev=0.967 m_ev=0.992 m_v_bias=-0.5 m_adv_std=1.1117 m_kl_max=0.0308 m_ratio_max=1.036 return=-152.1 length=200 success_rate=0.00 collisions/ep=0.00 (n=8)
update=304 global_step=622592 SPS=135 w_ev=0.975 m_ev=0.874 m_v_bias=0.5 m_adv_std=5.5258 m_kl_max=0.0154 m_ratio_max=0.639 return=-154.5 length=200 success_rate=0.00 collisions/ep=0.06 (n=16)
update=305 global_step=624640 SPS=136 w_ev=0.975 m_ev=0.828 m_v_bias=0.2 m_adv_std=6.4967 m_kl_max=0.0090 m_ratio_max=0.538 return=-153.7 length=200 success_rate=0.00 collisions/ep=0.12 (n=8)
Evaluation at update 305: return=-151.07, length=200.00, success_rate=0.00, collisions/ep=0.00
Solved-check at update 305: solved=False worst_gap=1171.47 at p_x0=2.00 p_y0=0.50 (consecutive=0)
update=306 global_step=626688 SPS=134 w_ev=0.969 m_ev=0.993 m_v_bias=-0.8 m_adv_std=1.1172 m_kl_max=0.0233 m_ratio_max=0.909 return=-149.0 length=200 success_rate=0.00 collisions/ep=0.00 (n=8)
update=307 global_step=628736 SPS=135 w_ev=0.805 m_ev=-0.066 m_v_bias=5.4 m_adv_std=33.6009 m_kl_max=0.0200 m_ratio_max=0.685 return=-147.0 length=200 success_rate=0.00 collisions/ep=0.00 (n=8)
update=308 global_step=630784 SPS=135 w_ev=0.965 m_ev=0.761 m_v_bias=-5.8 m_adv_std=6.6988 m_kl_max=0.0206 m_ratio_max=0.604 return=-170.0 length=200 success_rate=0.00 collisions/ep=0.44 (n=16)
update=309 global_step=632832 SPS=135 w_ev=0.962 m_ev=0.973 m_v_bias=-1.2 m_adv_std=1.9781 m_kl_max=0.0346 m_ratio_max=0.728 return=-148.2 length=200 success_rate=0.00 collisions/ep=0.00 (n=8)
update=310 global_step=634880 SPS=136 w_ev=0.974 m_ev=0.995 m_v_bias=-0.9 m_adv_std=0.8618 m_kl_max=0.0323 m_ratio_max=0.779 return=-148.7 length=200 success_rate=0.00 collisions/ep=0.00 (n=8)
Evaluation at update 310: return=-148.89, length=200.00, success_rate=0.00, collisions/ep=0.00
Solved-check at update 310: solved=False worst_gap=1170.33 at p_x0=2.00 p_y0=0.00 (consecutive=0)
update=311 global_step=636928 SPS=134 w_ev=0.937 m_ev=0.321 m_v_bias=4.8 m_adv_std=24.9356 m_kl_max=0.0378 m_ratio_max=1.102 return=-171.7 length=200 success_rate=0.00 collisions/ep=0.50 (n=16)
update=312 global_step=638976 SPS=135 w_ev=0.818 m_ev=-0.020 m_v_bias=6.0 m_adv_std=37.7893 m_kl_max=0.0375 m_ratio_max=1.574 return=-195.0 length=200 success_rate=0.00 collisions/ep=1.00 (n=8)
update=313 global_step=641024 SPS=135 w_ev=0.957 m_ev=0.600 m_v_bias=-4.0 m_adv_std=8.2440 m_kl_max=0.0184 m_ratio_max=0.654 return=-169.6 length=200 success_rate=0.00 collisions/ep=0.50 (n=8)
update=314 global_step=643072 SPS=135 w_ev=0.944 m_ev=0.310 m_v_bias=4.7 m_adv_std=19.2383 m_kl_max=0.0538 m_ratio_max=1.662 return=-158.6 length=200 success_rate=0.00 collisions/ep=0.12 (n=8)
update=315 global_step=645120 SPS=136 w_ev=0.975 m_ev=0.713 m_v_bias=-1.5 m_adv_std=10.2581 m_kl_max=0.0282 m_ratio_max=0.954 return=-169.9 length=200 success_rate=0.00 collisions/ep=0.38 (n=16)
Evaluation at update 315: return=-148.94, length=200.00, success_rate=0.00, collisions/ep=0.00
Solved-check at update 315: solved=False worst_gap=1170.74 at p_x0=2.00 p_y0=1.00 (consecutive=0)
update=316 global_step=647168 SPS=134 w_ev=0.969 m_ev=0.949 m_v_bias=-3.6 m_adv_std=2.7793 m_kl_max=0.0183 m_ratio_max=0.596 return=-151.4 length=200 success_rate=0.00 collisions/ep=0.00 (n=8)
update=317 global_step=649216 SPS=135 w_ev=0.962 m_ev=0.754 m_v_bias=-1.1 m_adv_std=6.1113 m_kl_max=0.0140 m_ratio_max=0.696 return=-149.7 length=200 success_rate=0.00 collisions/ep=0.00 (n=8)
update=318 global_step=651264 SPS=135 w_ev=0.978 m_ev=0.818 m_v_bias=-1.0 m_adv_std=5.7567 m_kl_max=0.0151 m_ratio_max=0.958 return=-159.6 length=200 success_rate=0.00 collisions/ep=0.12 (n=16)
update=319 global_step=653312 SPS=135 w_ev=0.977 m_ev=0.681 m_v_bias=3.2 m_adv_std=12.2054 m_kl_max=0.0258 m_ratio_max=0.594 return=-167.5 length=200 success_rate=0.00 collisions/ep=0.38 (n=8)
update=320 global_step=655360 SPS=136 w_ev=0.961 m_ev=0.963 m_v_bias=-2.1 m_adv_std=2.4267 m_kl_max=0.0142 m_ratio_max=0.424 return=-147.6 length=200 success_rate=0.00 collisions/ep=0.00 (n=8)
Evaluation at update 320: return=-148.38, length=200.00, success_rate=0.00, collisions/ep=0.00
Solved-check at update 320: solved=False worst_gap=1170.17 at p_x0=2.00 p_y0=0.00 (consecutive=0)
update=321 global_step=657408 SPS=134 w_ev=0.925 m_ev=0.267 m_v_bias=3.0 m_adv_std=20.5790 m_kl_max=0.0156 m_ratio_max=0.680 return=-162.6 length=200 success_rate=0.00 collisions/ep=0.25 (n=8)
update=322 global_step=659456 SPS=135 w_ev=0.914 m_ev=0.234 m_v_bias=5.6 m_adv_std=36.0155 m_kl_max=0.0592 m_ratio_max=2.828 return=-177.3 length=200 success_rate=0.00 collisions/ep=0.56 (n=16)
update=323 global_step=661504 SPS=135 w_ev=0.955 m_ev=0.871 m_v_bias=-4.7 m_adv_std=5.1064 m_kl_max=0.0290 m_ratio_max=0.793 return=-149.5 length=200 success_rate=0.00 collisions/ep=0.00 (n=8)
update=324 global_step=663552 SPS=135 w_ev=0.964 m_ev=0.694 m_v_bias=-1.5 m_adv_std=9.0558 m_kl_max=0.0218 m_ratio_max=0.736 return=-152.7 length=200 success_rate=0.00 collisions/ep=0.12 (n=8)
update=325 global_step=665600 SPS=136 w_ev=0.962 m_ev=0.821 m_v_bias=-1.6 m_adv_std=6.2335 m_kl_max=0.0254 m_ratio_max=0.824 return=-154.0 length=200 success_rate=0.00 collisions/ep=0.12 (n=16)
Evaluation at update 325: return=-149.96, length=200.00, success_rate=0.00, collisions/ep=0.00
Solved-check at update 325: solved=False worst_gap=1171.38 at p_x0=2.00 p_y0=0.00 (consecutive=0)
update=326 global_step=667648 SPS=134 w_ev=0.976 m_ev=0.866 m_v_bias=-0.3 m_adv_std=6.3000 m_kl_max=0.0190 m_ratio_max=0.789 return=-159.3 length=200 success_rate=0.00 collisions/ep=0.12 (n=8)
update=327 global_step=669696 SPS=135 w_ev=0.955 m_ev=0.791 m_v_bias=-0.7 m_adv_std=6.1916 m_kl_max=0.0119 m_ratio_max=0.649 return=-149.0 length=200 success_rate=0.00 collisions/ep=0.00 (n=8)
update=328 global_step=671744 SPS=135 w_ev=0.946 m_ev=0.979 m_v_bias=-1.7 m_adv_std=1.7626 m_kl_max=0.0136 m_ratio_max=0.551 return=-155.8 length=200 success_rate=0.00 collisions/ep=0.12 (n=8)
update=329 global_step=673792 SPS=135 w_ev=0.983 m_ev=0.995 m_v_bias=-1.2 m_adv_std=1.1132 m_kl_max=0.0211 m_ratio_max=0.709 return=-151.8 length=200 success_rate=0.00 collisions/ep=0.00 (n=16)
update=330 global_step=675840 SPS=136 w_ev=0.962 m_ev=0.627 m_v_bias=2.7 m_adv_std=10.1481 m_kl_max=0.0204 m_ratio_max=0.859 return=-153.4 length=200 success_rate=0.00 collisions/ep=0.12 (n=8)
Evaluation at update 330: return=-149.79, length=200.00, success_rate=0.00, collisions/ep=0.00
Solved-check at update 330: solved=False worst_gap=1170.38 at p_x0=2.00 p_y0=0.50 (consecutive=0)
update=331 global_step=677888 SPS=134 w_ev=0.939 m_ev=0.482 m_v_bias=2.2 m_adv_std=13.3862 m_kl_max=0.0268 m_ratio_max=0.893 return=-171.1 length=200 success_rate=0.00 collisions/ep=0.50 (n=8)
update=332 global_step=679936 SPS=135 w_ev=0.957 m_ev=0.635 m_v_bias=0.9 m_adv_std=9.7876 m_kl_max=0.0161 m_ratio_max=0.915 return=-169.0 length=200 success_rate=0.00 collisions/ep=0.38 (n=8)
update=333 global_step=681984 SPS=135 w_ev=0.975 m_ev=0.747 m_v_bias=-0.4 m_adv_std=8.1977 m_kl_max=0.0092 m_ratio_max=0.437 return=-162.6 length=200 success_rate=0.00 collisions/ep=0.19 (n=16)
update=334 global_step=684032 SPS=135 w_ev=0.962 m_ev=0.977 m_v_bias=-2.7 m_adv_std=1.9192 m_kl_max=0.0227 m_ratio_max=0.700 return=-155.4 length=200 success_rate=0.00 collisions/ep=0.12 (n=8)
update=335 global_step=686080 SPS=136 w_ev=0.961 m_ev=0.991 m_v_bias=-1.4 m_adv_std=1.1254 m_kl_max=0.0138 m_ratio_max=0.503 return=-149.7 length=200 success_rate=0.00 collisions/ep=0.00 (n=8)
Evaluation at update 335: return=-149.97, length=200.00, success_rate=0.00, collisions/ep=0.00
Solved-check at update 335: solved=False worst_gap=1169.97 at p_x0=2.00 p_y0=0.00 (consecutive=0)
update=336 global_step=688128 SPS=134 w_ev=0.959 m_ev=0.508 m_v_bias=0.3 m_adv_std=10.4720 m_kl_max=0.0067 m_ratio_max=0.349 return=-158.0 length=200 success_rate=0.00 collisions/ep=0.12 (n=16)
update=337 global_step=690176 SPS=135 w_ev=0.926 m_ev=0.320 m_v_bias=4.7 m_adv_std=18.0427 m_kl_max=0.0131 m_ratio_max=0.595 return=-161.2 length=200 success_rate=0.00 collisions/ep=0.25 (n=8)
update=338 global_step=692224 SPS=135 w_ev=0.964 m_ev=0.623 m_v_bias=1.0 m_adv_std=10.1099 m_kl_max=0.0232 m_ratio_max=1.053 return=-196.2 length=200 success_rate=0.00 collisions/ep=0.88 (n=8)
update=339 global_step=694272 SPS=135 w_ev=0.971 m_ev=0.979 m_v_bias=-2.5 m_adv_std=1.9884 m_kl_max=0.0155 m_ratio_max=0.619 return=-155.5 length=200 success_rate=0.00 collisions/ep=0.12 (n=8)
update=340 global_step=696320 SPS=136 w_ev=0.885 m_ev=0.031 m_v_bias=7.9 m_adv_std=31.3586 m_kl_max=0.0222 m_ratio_max=0.641 return=-172.8 length=200 success_rate=0.00 collisions/ep=0.50 (n=16)
Evaluation at update 340: return=-150.47, length=200.00, success_rate=0.00, collisions/ep=0.00
Solved-check at update 340: solved=False worst_gap=1172.06 at p_x0=2.00 p_y0=0.00 (consecutive=0)
update=341 global_step=698368 SPS=134 w_ev=0.873 m_ev=0.119 m_v_bias=-0.2 m_adv_std=22.4296 m_kl_max=0.0223 m_ratio_max=0.719 return=-201.8 length=200 success_rate=0.00 collisions/ep=1.00 (n=8)
update=342 global_step=700416 SPS=135 w_ev=0.615 m_ev=0.011 m_v_bias=3.8 m_adv_std=52.2641 m_kl_max=0.0337 m_ratio_max=0.855 return=-167.2 length=200 success_rate=0.00 collisions/ep=0.38 (n=8)
update=343 global_step=702464 SPS=135 w_ev=0.896 m_ev=-0.875 m_v_bias=-6.4 m_adv_std=16.6280 m_kl_max=0.0224 m_ratio_max=1.247 return=-185.3 length=200 success_rate=0.00 collisions/ep=0.69 (n=16)
update=344 global_step=704512 SPS=135 w_ev=0.966 m_ev=0.546 m_v_bias=-2.2 m_adv_std=10.6872 m_kl_max=0.0238 m_ratio_max=0.972 return=-150.2 length=200 success_rate=0.00 collisions/ep=0.00 (n=8)
update=345 global_step=706560 SPS=136 w_ev=0.960 m_ev=0.783 m_v_bias=-0.0 m_adv_std=6.6043 m_kl_max=0.0405 m_ratio_max=1.191 return=-152.9 length=200 success_rate=0.00 collisions/ep=0.12 (n=8)
Evaluation at update 345: return=-149.57, length=200.00, success_rate=0.00, collisions/ep=0.00
Solved-check at update 345: solved=False worst_gap=1167.63 at p_x0=2.00 p_y0=0.00 (consecutive=0)
update=346 global_step=708608 SPS=135 w_ev=0.978 m_ev=0.985 m_v_bias=-0.8 m_adv_std=1.5732 m_kl_max=0.0353 m_ratio_max=1.028 return=-152.8 length=200 success_rate=0.00 collisions/ep=0.00 (n=8)
update=347 global_step=710656 SPS=135 w_ev=0.989 m_ev=0.995 m_v_bias=-0.8 m_adv_std=1.1859 m_kl_max=0.0342 m_ratio_max=1.045 return=-148.3 length=200 success_rate=0.00 collisions/ep=0.00 (n=16)
update=348 global_step=712704 SPS=135 w_ev=0.956 m_ev=0.535 m_v_bias=5.5 m_adv_std=15.2208 m_kl_max=0.0128 m_ratio_max=0.587 return=-174.4 length=200 success_rate=0.00 collisions/ep=0.62 (n=8)
update=349 global_step=714752 SPS=135 w_ev=0.938 m_ev=0.328 m_v_bias=1.2 m_adv_std=19.9999 m_kl_max=0.0206 m_ratio_max=0.800 return=-171.8 length=200 success_rate=0.00 collisions/ep=0.50 (n=8)
update=350 global_step=716800 SPS=136 w_ev=0.905 m_ev=0.206 m_v_bias=4.6 m_adv_std=25.0844 m_kl_max=0.0340 m_ratio_max=1.254 return=-170.8 length=200 success_rate=0.00 collisions/ep=0.44 (n=16)
Evaluation at update 350: return=-148.56, length=200.00, success_rate=0.00, collisions/ep=0.00
Solved-check at update 350: solved=False worst_gap=1168.49 at p_x0=2.00 p_y0=0.00 (consecutive=0)
update=351 global_step=718848 SPS=134 w_ev=0.975 m_ev=0.841 m_v_bias=-2.5 m_adv_std=6.8663 m_kl_max=0.0212 m_ratio_max=1.015 return=-152.5 length=200 success_rate=0.00 collisions/ep=0.12 (n=8)
update=352 global_step=720896 SPS=135 w_ev=0.947 m_ev=0.318 m_v_bias=0.7 m_adv_std=18.1711 m_kl_max=0.0122 m_ratio_max=0.531 return=-155.7 length=200 success_rate=0.00 collisions/ep=0.12 (n=8)
update=353 global_step=722944 SPS=135 w_ev=0.969 m_ev=0.782 m_v_bias=-1.5 m_adv_std=6.8324 m_kl_max=0.0129 m_ratio_max=0.479 return=-167.2 length=200 success_rate=0.00 collisions/ep=0.38 (n=8)
update=354 global_step=724992 SPS=135 w_ev=0.984 m_ev=0.956 m_v_bias=-2.0 m_adv_std=3.5041 m_kl_max=0.0166 m_ratio_max=0.452 return=-153.4 length=200 success_rate=0.00 collisions/ep=0.12 (n=16)
update=355 global_step=727040 SPS=135 w_ev=0.975 m_ev=0.988 m_v_bias=-1.5 m_adv_std=1.4499 m_kl_max=0.0173 m_ratio_max=0.814 return=-148.7 length=200 success_rate=0.00 collisions/ep=0.00 (n=8)
Evaluation at update 355: return=-148.82, length=200.00, success_rate=0.00, collisions/ep=0.00
Solved-check at update 355: solved=False worst_gap=1168.53 at p_x0=2.00 p_y0=-0.50 (consecutive=0)
update=356 global_step=729088 SPS=134 w_ev=0.973 m_ev=0.994 m_v_bias=-1.2 m_adv_std=0.9732 m_kl_max=0.0106 m_ratio_max=0.797 return=-147.1 length=200 success_rate=0.00 collisions/ep=0.00 (n=8)
update=357 global_step=731136 SPS=135 w_ev=0.963 m_ev=0.381 m_v_bias=2.5 m_adv_std=17.2893 m_kl_max=0.0142 m_ratio_max=0.560 return=-166.5 length=200 success_rate=0.00 collisions/ep=0.38 (n=8)
update=358 global_step=733184 SPS=135 w_ev=0.983 m_ev=0.983 m_v_bias=-1.4 m_adv_std=1.9910 m_kl_max=0.0210 m_ratio_max=0.620 return=-153.7 length=200 success_rate=0.00 collisions/ep=0.06 (n=16)
update=359 global_step=735232 SPS=135 w_ev=0.908 m_ev=0.253 m_v_bias=4.2 m_adv_std=24.2413 m_kl_max=0.0193 m_ratio_max=0.776 return=-171.1 length=200 success_rate=0.00 collisions/ep=0.50 (n=8)
update=360 global_step=737280 SPS=135 w_ev=0.931 m_ev=0.936 m_v_bias=-1.8 m_adv_std=3.2740 m_kl_max=0.0129 m_ratio_max=0.560 return=-153.0 length=200 success_rate=0.00 collisions/ep=0.00 (n=8)
Evaluation at update 360: return=-147.88, length=200.00, success_rate=0.00, collisions/ep=0.00
Solved-check at update 360: solved=False worst_gap=1169.58 at p_x0=2.00 p_y0=0.00 (consecutive=0)
update=361 global_step=739328 SPS=135 w_ev=0.966 m_ev=0.381 m_v_bias=4.4 m_adv_std=17.5277 m_kl_max=0.0240 m_ratio_max=0.958 return=-168.0 length=200 success_rate=0.00 collisions/ep=0.38 (n=16)
update=362 global_step=741376 SPS=135 w_ev=0.920 m_ev=0.371 m_v_bias=-2.2 m_adv_std=15.8923 m_kl_max=0.0177 m_ratio_max=0.773 return=-153.8 length=200 success_rate=0.00 collisions/ep=0.12 (n=8)
update=363 global_step=743424 SPS=135 w_ev=0.971 m_ev=0.905 m_v_bias=-2.3 m_adv_std=4.0830 m_kl_max=0.0209 m_ratio_max=0.995 return=-172.2 length=200 success_rate=0.00 collisions/ep=0.38 (n=8)
update=364 global_step=745472 SPS=135 w_ev=0.959 m_ev=0.477 m_v_bias=1.9 m_adv_std=14.2634 m_kl_max=0.0354 m_ratio_max=0.844 return=-147.7 length=200 success_rate=0.00 collisions/ep=0.00 (n=8)
update=365 global_step=747520 SPS=135 w_ev=0.983 m_ev=0.903 m_v_bias=-1.4 m_adv_std=5.1676 m_kl_max=0.0115 m_ratio_max=0.530 return=-159.9 length=200 success_rate=0.00 collisions/ep=0.25 (n=16)
Evaluation at update 365: return=-149.58, length=200.00, success_rate=0.00, collisions/ep=0.00
Solved-check at update 365: solved=False worst_gap=1169.47 at p_x0=2.00 p_y0=-0.50 (consecutive=0)
update=366 global_step=749568 SPS=135 w_ev=0.970 m_ev=0.901 m_v_bias=-1.3 m_adv_std=4.2008 m_kl_max=0.0055 m_ratio_max=0.359 return=-157.9 length=200 success_rate=0.00 collisions/ep=0.12 (n=8)
update=367 global_step=751616 SPS=135 w_ev=0.950 m_ev=0.477 m_v_bias=1.5 m_adv_std=12.8503 m_kl_max=0.0290 m_ratio_max=0.979 return=-149.3 length=200 success_rate=0.00 collisions/ep=0.00 (n=8)
update=368 global_step=753664 SPS=135 w_ev=0.976 m_ev=0.979 m_v_bias=-2.1 m_adv_std=1.9589 m_kl_max=0.0236 m_ratio_max=1.061 return=-153.8 length=200 success_rate=0.00 collisions/ep=0.12 (n=16)
update=369 global_step=755712 SPS=135 w_ev=0.982 m_ev=0.872 m_v_bias=-0.1 m_adv_std=5.8237 m_kl_max=0.0274 m_ratio_max=1.000 return=-155.7 length=200 success_rate=0.00 collisions/ep=0.12 (n=8)
update=370 global_step=757760 SPS=135 w_ev=0.952 m_ev=0.435 m_v_bias=2.9 m_adv_std=14.5399 m_kl_max=0.0373 m_ratio_max=1.431 return=-173.4 length=200 success_rate=0.00 collisions/ep=0.50 (n=8)
Evaluation at update 370: return=-148.87, length=200.00, success_rate=0.00, collisions/ep=0.00
Solved-check at update 370: solved=False worst_gap=1170.62 at p_x0=2.00 p_y0=0.00 (consecutive=0)
update=371 global_step=759808 SPS=135 w_ev=0.971 m_ev=0.956 m_v_bias=-2.3 m_adv_std=2.8103 m_kl_max=0.0211 m_ratio_max=0.827 return=-162.7 length=200 success_rate=0.00 collisions/ep=0.25 (n=8)
update=372 global_step=761856 SPS=135 w_ev=0.985 m_ev=0.995 m_v_bias=-1.0 m_adv_std=1.1566 m_kl_max=0.0368 m_ratio_max=1.077 return=-146.9 length=200 success_rate=0.00 collisions/ep=0.00 (n=16)
update=373 global_step=763904 SPS=135 w_ev=0.942 m_ev=0.330 m_v_bias=5.1 m_adv_std=19.6425 m_kl_max=0.0256 m_ratio_max=0.668 return=-169.8 length=200 success_rate=0.00 collisions/ep=0.50 (n=8)
update=374 global_step=765952 SPS=135 w_ev=0.953 m_ev=0.795 m_v_bias=-0.8 m_adv_std=6.4265 m_kl_max=0.0188 m_ratio_max=0.821 return=-154.7 length=200 success_rate=0.00 collisions/ep=0.12 (n=8)
update=375 global_step=768000 SPS=135 w_ev=0.959 m_ev=0.560 m_v_bias=1.5 m_adv_std=10.6192 m_kl_max=0.0288 m_ratio_max=1.282 return=-165.6 length=200 success_rate=0.00 collisions/ep=0.31 (n=16)
Evaluation at update 375: return=-148.56, length=200.00, success_rate=0.00, collisions/ep=0.00
Solved-check at update 375: solved=False worst_gap=1170.14 at p_x0=2.00 p_y0=0.00 (consecutive=0)
update=376 global_step=770048 SPS=135 w_ev=0.981 m_ev=0.943 m_v_bias=-3.1 m_adv_std=3.5874 m_kl_max=0.0124 m_ratio_max=0.496 return=-150.4 length=200 success_rate=0.00 collisions/ep=0.00 (n=8)
update=377 global_step=772096 SPS=135 w_ev=0.951 m_ev=0.384 m_v_bias=1.6 m_adv_std=17.8074 m_kl_max=0.0252 m_ratio_max=1.424 return=-164.8 length=200 success_rate=0.00 collisions/ep=0.38 (n=8)
update=378 global_step=774144 SPS=135 w_ev=0.958 m_ev=0.705 m_v_bias=1.2 m_adv_std=8.7445 m_kl_max=0.0181 m_ratio_max=0.896 return=-154.9 length=200 success_rate=0.00 collisions/ep=0.12 (n=8)
update=379 global_step=776192 SPS=135 w_ev=0.980 m_ev=0.986 m_v_bias=-1.5 m_adv_std=1.8304 m_kl_max=0.0176 m_ratio_max=0.814 return=-154.0 length=200 success_rate=0.00 collisions/ep=0.06 (n=16)
update=380 global_step=778240 SPS=135 w_ev=0.958 m_ev=0.733 m_v_bias=1.2 m_adv_std=7.9847 m_kl_max=0.0268 m_ratio_max=1.103 return=-162.2 length=200 success_rate=0.00 collisions/ep=0.25 (n=8)
Evaluation at update 380: return=-148.73, length=200.00, success_rate=0.00, collisions/ep=0.00
Solved-check at update 380: solved=False worst_gap=1168.58 at p_x0=2.00 p_y0=0.00 (consecutive=0)
update=381 global_step=780288 SPS=135 w_ev=0.963 m_ev=0.845 m_v_bias=-0.3 m_adv_std=6.1468 m_kl_max=0.0402 m_ratio_max=1.011 return=-158.6 length=200 success_rate=0.00 collisions/ep=0.12 (n=8)
update=382 global_step=782336 SPS=135 w_ev=0.962 m_ev=0.759 m_v_bias=-0.9 m_adv_std=6.1915 m_kl_max=0.0219 m_ratio_max=0.732 return=-142.8 length=200 success_rate=0.00 collisions/ep=0.00 (n=8)
update=383 global_step=784384 SPS=135 w_ev=0.982 m_ev=0.988 m_v_bias=-1.8 m_adv_std=1.6279 m_kl_max=0.0320 m_ratio_max=0.736 return=-155.4 length=200 success_rate=0.00 collisions/ep=0.06 (n=16)
update=384 global_step=786432 SPS=135 w_ev=0.966 m_ev=0.573 m_v_bias=4.6 m_adv_std=12.8314 m_kl_max=0.0315 m_ratio_max=1.773 return=-174.0 length=200 success_rate=0.00 collisions/ep=0.50 (n=8)
update=385 global_step=788480 SPS=135 w_ev=0.971 m_ev=0.835 m_v_bias=-2.2 m_adv_std=5.9191 m_kl_max=0.0183 m_ratio_max=0.737 return=-158.0 length=200 success_rate=0.00 collisions/ep=0.25 (n=8)
Evaluation at update 385: return=-147.26, length=200.00, success_rate=0.00, collisions/ep=0.00
Solved-check at update 385: solved=False worst_gap=1169.70 at p_x0=2.00 p_y0=0.00 (consecutive=0)
update=386 global_step=790528 SPS=135 w_ev=0.967 m_ev=0.503 m_v_bias=1.7 m_adv_std=13.2124 m_kl_max=0.0145 m_ratio_max=0.554 return=-157.7 length=200 success_rate=0.00 collisions/ep=0.19 (n=16)
update=387 global_step=792576 SPS=135 w_ev=0.967 m_ev=0.752 m_v_bias=-1.2 m_adv_std=9.0741 m_kl_max=0.0198 m_ratio_max=0.782 return=-162.6 length=200 success_rate=0.00 collisions/ep=0.25 (n=8)
update=388 global_step=794624 SPS=135 w_ev=0.971 m_ev=0.979 m_v_bias=-2.1 m_adv_std=1.8443 m_kl_max=0.0260 m_ratio_max=0.832 return=-147.4 length=200 success_rate=0.00 collisions/ep=0.00 (n=8)
update=389 global_step=796672 SPS=135 w_ev=0.973 m_ev=0.674 m_v_bias=0.6 m_adv_std=8.1726 m_kl_max=0.0157 m_ratio_max=0.623 return=-149.1 length=200 success_rate=0.00 collisions/ep=0.00 (n=8)
update=390 global_step=798720 SPS=135 w_ev=0.981 m_ev=0.859 m_v_bias=-1.4 m_adv_std=6.1766 m_kl_max=0.0165 m_ratio_max=0.885 return=-155.2 length=200 success_rate=0.00 collisions/ep=0.19 (n=16)
Evaluation at update 390: return=-148.11, length=200.00, success_rate=0.00, collisions/ep=0.00
Solved-check at update 390: solved=False worst_gap=1169.92 at p_x0=2.00 p_y0=0.00 (consecutive=0)
update=391 global_step=800768 SPS=135 w_ev=0.967 m_ev=0.805 m_v_bias=-1.0 m_adv_std=5.6502 m_kl_max=0.0464 m_ratio_max=2.231 return=-149.7 length=200 success_rate=0.00 collisions/ep=0.00 (n=8)
update=392 global_step=802816 SPS=135 w_ev=0.962 m_ev=0.787 m_v_bias=0.2 m_adv_std=6.3251 m_kl_max=0.0343 m_ratio_max=1.196 return=-156.1 length=200 success_rate=0.00 collisions/ep=0.12 (n=8)
update=393 global_step=804864 SPS=135 w_ev=0.977 m_ev=0.922 m_v_bias=-0.6 m_adv_std=3.6178 m_kl_max=0.0309 m_ratio_max=1.139 return=-157.7 length=200 success_rate=0.00 collisions/ep=0.12 (n=16)
update=394 global_step=806912 SPS=135 w_ev=0.974 m_ev=0.813 m_v_bias=2.4 m_adv_std=8.4634 m_kl_max=0.0263 m_ratio_max=1.164 return=-159.8 length=200 success_rate=0.00 collisions/ep=0.25 (n=8)
update=395 global_step=808960 SPS=135 w_ev=0.964 m_ev=0.804 m_v_bias=-0.2 m_adv_std=6.1258 m_kl_max=0.0198 m_ratio_max=0.894 return=-150.8 length=200 success_rate=0.00 collisions/ep=0.00 (n=8)
Evaluation at update 395: return=-148.17, length=200.00, success_rate=0.00, collisions/ep=0.00
Solved-check at update 395: solved=False worst_gap=1168.83 at p_x0=2.00 p_y0=1.00 (consecutive=0)
update=396 global_step=811008 SPS=135 w_ev=0.966 m_ev=0.805 m_v_bias=-1.1 m_adv_std=6.0795 m_kl_max=0.0245 m_ratio_max=0.787 return=-152.1 length=200 success_rate=0.00 collisions/ep=0.12 (n=8)
update=397 global_step=813056 SPS=135 w_ev=0.987 m_ev=0.870 m_v_bias=-0.2 m_adv_std=6.2460 m_kl_max=0.0231 m_ratio_max=0.895 return=-155.3 length=200 success_rate=0.00 collisions/ep=0.12 (n=16)
update=398 global_step=815104 SPS=135 w_ev=0.974 m_ev=0.989 m_v_bias=-1.2 m_adv_std=1.3149 m_kl_max=0.0249 m_ratio_max=1.069 return=-146.3 length=200 success_rate=0.00 collisions/ep=0.00 (n=8)
update=399 global_step=817152 SPS=135 w_ev=0.916 m_ev=0.348 m_v_bias=3.7 m_adv_std=20.6012 m_kl_max=0.0243 m_ratio_max=0.774 return=-187.3 length=200 success_rate=0.00 collisions/ep=0.75 (n=8)
update=400 global_step=819200 SPS=135 w_ev=0.948 m_ev=0.537 m_v_bias=1.6 m_adv_std=13.9498 m_kl_max=0.0204 m_ratio_max=0.882 return=-159.1 length=200 success_rate=0.00 collisions/ep=0.25 (n=16)
Evaluation at update 400: return=-147.36, length=200.00, success_rate=0.00, collisions/ep=0.00
Solved-check at update 400: solved=False worst_gap=1168.82 at p_x0=2.00 p_y0=1.00 (consecutive=0)
update=401 global_step=821248 SPS=135 w_ev=0.973 m_ev=0.704 m_v_bias=2.1 m_adv_std=11.9926 m_kl_max=0.0156 m_ratio_max=0.852 return=-158.0 length=200 success_rate=0.00 collisions/ep=0.25 (n=8)
update=402 global_step=823296 SPS=135 w_ev=0.972 m_ev=0.945 m_v_bias=-2.3 m_adv_std=3.3010 m_kl_max=0.0217 m_ratio_max=0.623 return=-147.9 length=200 success_rate=0.00 collisions/ep=0.00 (n=8)
update=403 global_step=825344 SPS=135 w_ev=0.975 m_ev=0.986 m_v_bias=-2.0 m_adv_std=1.5867 m_kl_max=0.0237 m_ratio_max=0.781 return=-144.0 length=200 success_rate=0.00 collisions/ep=0.00 (n=8)
update=404 global_step=827392 SPS=135 w_ev=0.981 m_ev=0.856 m_v_bias=0.7 m_adv_std=6.3406 m_kl_max=0.0090 m_ratio_max=0.471 return=-154.3 length=200 success_rate=0.00 collisions/ep=0.06 (n=16)
update=405 global_step=829440 SPS=135 w_ev=0.970 m_ev=0.841 m_v_bias=0.3 m_adv_std=6.0615 m_kl_max=0.0131 m_ratio_max=0.572 return=-158.9 length=200 success_rate=0.00 collisions/ep=0.12 (n=8)
Evaluation at update 405: return=-148.44, length=200.00, success_rate=0.00, collisions/ep=0.00
Solved-check at update 405: solved=False worst_gap=1169.32 at p_x0=2.00 p_y0=1.00 (consecutive=0)
update=406 global_step=831488 SPS=135 w_ev=0.982 m_ev=0.984 m_v_bias=-1.2 m_adv_std=1.7715 m_kl_max=0.0287 m_ratio_max=1.434 return=-149.7 length=200 success_rate=0.00 collisions/ep=0.00 (n=8)
update=407 global_step=833536 SPS=135 w_ev=0.975 m_ev=0.783 m_v_bias=0.3 m_adv_std=6.5690 m_kl_max=0.0362 m_ratio_max=1.029 return=-150.3 length=200 success_rate=0.00 collisions/ep=0.12 (n=8)
update=408 global_step=835584 SPS=135 w_ev=0.983 m_ev=0.772 m_v_bias=3.2 m_adv_std=9.8677 m_kl_max=0.0176 m_ratio_max=0.674 return=-162.1 length=200 success_rate=0.00 collisions/ep=0.25 (n=16)
update=409 global_step=837632 SPS=135 w_ev=0.979 m_ev=0.856 m_v_bias=-1.1 m_adv_std=5.7584 m_kl_max=0.0287 m_ratio_max=1.820 return=-154.7 length=200 success_rate=0.00 collisions/ep=0.12 (n=8)
update=410 global_step=839680 SPS=135 w_ev=0.975 m_ev=0.908 m_v_bias=-1.9 m_adv_std=4.0874 m_kl_max=0.0165 m_ratio_max=1.137 return=-151.2 length=200 success_rate=0.00 collisions/ep=0.12 (n=8)
Evaluation at update 410: return=-148.83, length=200.00, success_rate=0.00, collisions/ep=0.00
Solved-check at update 410: solved=False worst_gap=1168.33 at p_x0=2.00 p_y0=0.00 (consecutive=0)
update=411 global_step=841728 SPS=135 w_ev=0.958 m_ev=0.490 m_v_bias=0.8 m_adv_std=16.4058 m_kl_max=0.0069 m_ratio_max=0.439 return=-157.5 length=200 success_rate=0.00 collisions/ep=0.19 (n=16)
update=412 global_step=843776 SPS=135 w_ev=0.973 m_ev=0.987 m_v_bias=-1.2 m_adv_std=1.6193 m_kl_max=0.0213 m_ratio_max=1.003 return=-150.8 length=200 success_rate=0.00 collisions/ep=0.00 (n=8)
update=413 global_step=845824 SPS=135 w_ev=0.975 m_ev=0.818 m_v_bias=0.2 m_adv_std=6.4498 m_kl_max=0.0238 m_ratio_max=0.868 return=-155.6 length=200 success_rate=0.00 collisions/ep=0.12 (n=8)
update=414 global_step=847872 SPS=135 w_ev=0.974 m_ev=0.991 m_v_bias=-0.9 m_adv_std=1.1860 m_kl_max=0.0104 m_ratio_max=0.599 return=-147.8 length=200 success_rate=0.00 collisions/ep=0.00 (n=8)
update=415 global_step=849920 SPS=135 w_ev=0.988 m_ev=0.994 m_v_bias=-0.8 m_adv_std=1.1639 m_kl_max=0.0250 m_ratio_max=1.206 return=-147.7 length=200 success_rate=0.00 collisions/ep=0.00 (n=16)
Evaluation at update 415: return=-148.19, length=200.00, success_rate=0.00, collisions/ep=0.00
Solved-check at update 415: solved=False worst_gap=1170.81 at p_x0=2.00 p_y0=0.00 (consecutive=0)
update=416 global_step=851968 SPS=135 w_ev=0.980 m_ev=0.997 m_v_bias=-0.6 m_adv_std=0.7107 m_kl_max=0.0194 m_ratio_max=1.157 return=-148.8 length=200 success_rate=0.00 collisions/ep=0.00 (n=8)
update=417 global_step=854016 SPS=135 w_ev=0.983 m_ev=0.998 m_v_bias=-0.4 m_adv_std=0.6198 m_kl_max=0.0453 m_ratio_max=0.747 return=-148.6 length=200 success_rate=0.00 collisions/ep=0.00 (n=8)
update=418 global_step=856064 SPS=135 w_ev=0.981 m_ev=0.997 m_v_bias=-0.5 m_adv_std=0.5936 m_kl_max=0.0736 m_ratio_max=1.920 return=-149.0 length=200 success_rate=0.00 collisions/ep=0.00 (n=16)
update=419 global_step=858112 SPS=135 w_ev=0.982 m_ev=0.780 m_v_bias=1.7 m_adv_std=8.1443 m_kl_max=0.0341 m_ratio_max=1.365 return=-159.4 length=200 success_rate=0.00 collisions/ep=0.25 (n=8)
update=420 global_step=860160 SPS=135 w_ev=0.962 m_ev=0.469 m_v_bias=3.8 m_adv_std=14.3413 m_kl_max=0.0206 m_ratio_max=0.877 return=-161.6 length=200 success_rate=0.00 collisions/ep=0.25 (n=8)
Evaluation at update 420: return=-146.85, length=200.00, success_rate=0.00, collisions/ep=0.00
Solved-check at update 420: solved=False worst_gap=1170.26 at p_x0=2.00 p_y0=0.00 (consecutive=0)
update=421 global_step=862208 SPS=135 w_ev=0.883 m_ev=0.153 m_v_bias=10.5 m_adv_std=38.3259 m_kl_max=0.0305 m_ratio_max=1.018 return=-185.3 length=200 success_rate=0.00 collisions/ep=0.75 (n=8)
update=422 global_step=864256 SPS=135 w_ev=0.973 m_ev=0.754 m_v_bias=-4.0 m_adv_std=8.5127 m_kl_max=0.0336 m_ratio_max=1.551 return=-173.0 length=200 success_rate=0.00 collisions/ep=0.50 (n=16)
update=423 global_step=866304 SPS=135 w_ev=0.976 m_ev=0.728 m_v_bias=-1.5 m_adv_std=8.3069 m_kl_max=0.0256 m_ratio_max=1.073 return=-153.1 length=200 success_rate=0.00 collisions/ep=0.12 (n=8)
update=424 global_step=868352 SPS=135 w_ev=0.973 m_ev=0.974 m_v_bias=-2.6 m_adv_std=1.9514 m_kl_max=0.0218 m_ratio_max=0.782 return=-150.4 length=200 success_rate=0.00 collisions/ep=0.12 (n=8)
update=425 global_step=870400 SPS=135 w_ev=0.979 m_ev=0.993 m_v_bias=-1.7 m_adv_std=1.0812 m_kl_max=0.0112 m_ratio_max=0.594 return=-148.1 length=200 success_rate=0.00 collisions/ep=0.00 (n=16)
Evaluation at update 425: return=-147.04, length=200.00, success_rate=0.00, collisions/ep=0.00
Solved-check at update 425: solved=False worst_gap=1167.98 at p_x0=2.00 p_y0=1.00 (consecutive=0)
update=426 global_step=872448 SPS=135 w_ev=0.990 m_ev=0.996 m_v_bias=-0.9 m_adv_std=1.0878 m_kl_max=0.0326 m_ratio_max=1.253 return=-146.0 length=200 success_rate=0.00 collisions/ep=0.00 (n=8)
update=427 global_step=874496 SPS=135 w_ev=0.979 m_ev=0.708 m_v_bias=1.5 m_adv_std=8.3940 m_kl_max=0.0255 m_ratio_max=0.949 return=-154.2 length=200 success_rate=0.00 collisions/ep=0.12 (n=8)
update=428 global_step=876544 SPS=135 w_ev=0.974 m_ev=0.992 m_v_bias=-1.1 m_adv_std=1.1052 m_kl_max=0.0272 m_ratio_max=1.428 return=-156.0 length=200 success_rate=0.00 collisions/ep=0.12 (n=8)
update=429 global_step=878592 SPS=135 w_ev=0.979 m_ev=0.872 m_v_bias=-0.1 m_adv_std=5.2340 m_kl_max=0.0280 m_ratio_max=0.820 return=-153.0 length=200 success_rate=0.00 collisions/ep=0.06 (n=16)
update=430 global_step=880640 SPS=135 w_ev=0.973 m_ev=0.716 m_v_bias=1.6 m_adv_std=8.4365 m_kl_max=0.0173 m_ratio_max=0.746 return=-164.4 length=200 success_rate=0.00 collisions/ep=0.25 (n=8)
Evaluation at update 430: return=-147.04, length=200.00, success_rate=0.00, collisions/ep=0.00
Solved-check at update 430: solved=False worst_gap=1168.46 at p_x0=2.00 p_y0=1.00 (consecutive=0)
update=431 global_step=882688 SPS=135 w_ev=0.980 m_ev=0.780 m_v_bias=0.2 m_adv_std=6.6834 m_kl_max=0.0145 m_ratio_max=0.682 return=-151.4 length=200 success_rate=0.00 collisions/ep=0.00 (n=8)
update=432 global_step=884736 SPS=135 w_ev=0.978 m_ev=0.791 m_v_bias=0.1 m_adv_std=6.3749 m_kl_max=0.0456 m_ratio_max=1.124 return=-157.2 length=200 success_rate=0.00 collisions/ep=0.12 (n=8)
update=433 global_step=886784 SPS=135 w_ev=0.988 m_ev=0.862 m_v_bias=0.1 m_adv_std=6.4691 m_kl_max=0.0100 m_ratio_max=0.445 return=-156.0 length=200 success_rate=0.00 collisions/ep=0.12 (n=16)
update=434 global_step=888832 SPS=135 w_ev=0.979 m_ev=0.793 m_v_bias=0.1 m_adv_std=6.2846 m_kl_max=0.0454 m_ratio_max=1.627 return=-155.9 length=200 success_rate=0.00 collisions/ep=0.12 (n=8)
update=435 global_step=890880 SPS=135 w_ev=0.983 m_ev=0.823 m_v_bias=0.3 m_adv_std=6.5534 m_kl_max=0.0173 m_ratio_max=0.691 return=-152.4 length=200 success_rate=0.00 collisions/ep=0.00 (n=8)
Evaluation at update 435: return=-147.85, length=200.00, success_rate=0.00, collisions/ep=0.00
Solved-check at update 435: solved=False worst_gap=1170.66 at p_x0=2.00 p_y0=0.00 (consecutive=0)
update=436 global_step=892928 SPS=135 w_ev=0.989 m_ev=0.992 m_v_bias=-1.5 m_adv_std=1.3503 m_kl_max=0.0121 m_ratio_max=0.735 return=-147.3 length=200 success_rate=0.00 collisions/ep=0.06 (n=16)
update=437 global_step=894976 SPS=135 w_ev=0.984 m_ev=0.996 m_v_bias=-0.7 m_adv_std=0.8515 m_kl_max=0.0208 m_ratio_max=0.580 return=-149.8 length=200 success_rate=0.00 collisions/ep=0.00 (n=8)
update=438 global_step=897024 SPS=135 w_ev=0.978 m_ev=0.795 m_v_bias=0.7 m_adv_std=6.4317 m_kl_max=0.0151 m_ratio_max=0.540 return=-147.3 length=200 success_rate=0.00 collisions/ep=0.00 (n=8)
update=439 global_step=899072 SPS=135 w_ev=0.948 m_ev=0.332 m_v_bias=6.0 m_adv_std=19.5759 m_kl_max=0.0232 m_ratio_max=0.678 return=-152.1 length=200 success_rate=0.00 collisions/ep=0.12 (n=8)
update=440 global_step=901120 SPS=135 w_ev=0.987 m_ev=0.862 m_v_bias=-1.2 m_adv_std=6.6364 m_kl_max=0.0103 m_ratio_max=0.510 return=-166.6 length=200 success_rate=0.00 collisions/ep=0.38 (n=16)
Evaluation at update 440: return=-148.12, length=200.00, success_rate=0.00, collisions/ep=0.00
Solved-check at update 440: solved=False worst_gap=1169.88 at p_x0=2.00 p_y0=0.50 (consecutive=0)
update=441 global_step=903168 SPS=135 w_ev=0.982 m_ev=0.976 m_v_bias=-2.6 m_adv_std=2.0639 m_kl_max=0.0144 m_ratio_max=0.547 return=-147.9 length=200 success_rate=0.00 collisions/ep=0.00 (n=8)
update=442 global_step=905216 SPS=135 w_ev=0.979 m_ev=0.816 m_v_bias=-0.4 m_adv_std=6.2695 m_kl_max=0.0285 m_ratio_max=1.121 return=-147.6 length=200 success_rate=0.00 collisions/ep=0.00 (n=8)
update=443 global_step=907264 SPS=135 w_ev=0.981 m_ev=0.990 m_v_bias=-1.7 m_adv_std=1.2959 m_kl_max=0.0435 m_ratio_max=1.942 return=-150.6 length=200 success_rate=0.00 collisions/ep=0.06 (n=16)
update=444 global_step=909312 SPS=135 w_ev=0.975 m_ev=0.684 m_v_bias=3.6 m_adv_std=12.5491 m_kl_max=0.0145 m_ratio_max=0.557 return=-165.2 length=200 success_rate=0.00 collisions/ep=0.38 (n=8)
update=445 global_step=911360 SPS=135 w_ev=0.982 m_ev=0.917 m_v_bias=-1.4 m_adv_std=4.0706 m_kl_max=0.0151 m_ratio_max=0.570 return=-146.5 length=200 success_rate=0.00 collisions/ep=0.00 (n=8)
Evaluation at update 445: return=-148.71, length=200.00, success_rate=0.00, collisions/ep=0.00
Solved-check at update 445: solved=False worst_gap=1171.54 at p_x0=2.00 p_y0=0.00 (consecutive=0)
update=446 global_step=913408 SPS=135 w_ev=0.972 m_ev=0.751 m_v_bias=0.4 m_adv_std=8.4696 m_kl_max=0.0105 m_ratio_max=0.425 return=-152.0 length=200 success_rate=0.00 collisions/ep=0.12 (n=8)
update=447 global_step=915456 SPS=135 w_ev=0.984 m_ev=0.941 m_v_bias=-1.8 m_adv_std=4.0605 m_kl_max=0.0131 m_ratio_max=0.753 return=-151.9 length=200 success_rate=0.00 collisions/ep=0.12 (n=16)
update=448 global_step=917504 SPS=135 w_ev=0.977 m_ev=0.815 m_v_bias=-0.3 m_adv_std=6.1924 m_kl_max=0.0060 m_ratio_max=0.478 return=-154.1 length=200 success_rate=0.00 collisions/ep=0.12 (n=8)
update=449 global_step=919552 SPS=135 w_ev=0.980 m_ev=0.992 m_v_bias=-1.2 m_adv_std=1.1928 m_kl_max=0.0206 m_ratio_max=0.589 return=-152.1 length=200 success_rate=0.00 collisions/ep=0.00 (n=8)
update=450 global_step=921600 SPS=135 w_ev=0.967 m_ev=0.801 m_v_bias=0.4 m_adv_std=6.1492 m_kl_max=0.0236 m_ratio_max=1.453 return=-152.5 length=200 success_rate=0.00 collisions/ep=0.06 (n=16)
Evaluation at update 450: return=-148.31, length=200.00, success_rate=0.00, collisions/ep=0.00
Solved-check at update 450: solved=False worst_gap=1171.01 at p_x0=2.00 p_y0=0.00 (consecutive=0)
update=451 global_step=923648 SPS=135 w_ev=0.984 m_ev=0.996 m_v_bias=-0.8 m_adv_std=0.9773 m_kl_max=0.0114 m_ratio_max=0.468 return=-142.3 length=200 success_rate=0.00 collisions/ep=0.00 (n=8)
update=452 global_step=925696 SPS=135 w_ev=0.973 m_ev=0.997 m_v_bias=-0.7 m_adv_std=0.6863 m_kl_max=0.0247 m_ratio_max=0.950 return=-148.7 length=200 success_rate=0.00 collisions/ep=0.00 (n=8)
update=453 global_step=927744 SPS=135 w_ev=0.975 m_ev=0.840 m_v_bias=0.3 m_adv_std=6.0160 m_kl_max=0.0422 m_ratio_max=1.416 return=-153.2 length=200 success_rate=0.00 collisions/ep=0.12 (n=8)
update=454 global_step=929792 SPS=135 w_ev=0.983 m_ev=0.883 m_v_bias=0.7 m_adv_std=5.9106 m_kl_max=0.0174 m_ratio_max=0.747 return=-149.3 length=200 success_rate=0.00 collisions/ep=0.06 (n=16)
update=455 global_step=931840 SPS=135 w_ev=0.942 m_ev=0.335 m_v_bias=5.7 m_adv_std=24.5607 m_kl_max=0.0370 m_ratio_max=1.628 return=-180.2 length=200 success_rate=0.00 collisions/ep=0.62 (n=8)
Evaluation at update 455: return=-147.02, length=200.00, success_rate=0.00, collisions/ep=0.00
Solved-check at update 455: solved=False worst_gap=1170.34 at p_x0=2.00 p_y0=0.50 (consecutive=0)
update=456 global_step=933888 SPS=135 w_ev=0.949 m_ev=0.435 m_v_bias=2.6 m_adv_std=18.8083 m_kl_max=0.0341 m_ratio_max=0.777 return=-171.4 length=200 success_rate=0.00 collisions/ep=0.50 (n=8)
update=457 global_step=935936 SPS=135 w_ev=0.962 m_ev=0.770 m_v_bias=-2.8 m_adv_std=6.5770 m_kl_max=0.0205 m_ratio_max=0.772 return=-148.1 length=200 success_rate=0.00 collisions/ep=0.00 (n=8)
update=458 global_step=937984 SPS=135 w_ev=0.983 m_ev=0.855 m_v_bias=-2.2 m_adv_std=6.2775 m_kl_max=0.0221 m_ratio_max=0.882 return=-154.2 length=200 success_rate=0.00 collisions/ep=0.12 (n=16)
update=459 global_step=940032 SPS=135 w_ev=0.960 m_ev=0.985 m_v_bias=-2.1 m_adv_std=1.5281 m_kl_max=0.0060 m_ratio_max=0.405 return=-150.6 length=200 success_rate=0.00 collisions/ep=0.00 (n=8)
update=460 global_step=942080 SPS=135 w_ev=0.966 m_ev=0.995 m_v_bias=-1.5 m_adv_std=0.9255 m_kl_max=0.0387 m_ratio_max=1.227 return=-147.8 length=200 success_rate=0.00 collisions/ep=0.00 (n=8)
Evaluation at update 460: return=-147.75, length=200.00, success_rate=0.00, collisions/ep=0.00
Solved-check at update 460: solved=False worst_gap=1168.60 at p_x0=2.00 p_y0=0.00 (consecutive=0)
update=461 global_step=944128 SPS=135 w_ev=0.966 m_ev=0.819 m_v_bias=0.7 m_adv_std=6.6235 m_kl_max=0.0245 m_ratio_max=0.740 return=-151.1 length=200 success_rate=0.00 collisions/ep=0.06 (n=16)
update=462 global_step=946176 SPS=135 w_ev=0.953 m_ev=0.605 m_v_bias=3.0 m_adv_std=10.9084 m_kl_max=0.0160 m_ratio_max=1.106 return=-170.9 length=200 success_rate=0.00 collisions/ep=0.38 (n=8)
update=463 global_step=948224 SPS=135 w_ev=0.965 m_ev=0.793 m_v_bias=-1.4 m_adv_std=6.3719 m_kl_max=0.0379 m_ratio_max=0.765 return=-157.7 length=200 success_rate=0.00 collisions/ep=0.12 (n=8)
update=464 global_step=950272 SPS=135 w_ev=0.968 m_ev=0.508 m_v_bias=3.2 m_adv_std=13.6390 m_kl_max=0.0127 m_ratio_max=0.767 return=-159.7 length=200 success_rate=0.00 collisions/ep=0.25 (n=8)
update=465 global_step=952320 SPS=135 w_ev=0.982 m_ev=0.976 m_v_bias=-2.7 m_adv_std=2.3418 m_kl_max=0.0193 m_ratio_max=0.874 return=-155.9 length=200 success_rate=0.00 collisions/ep=0.19 (n=16)
Evaluation at update 465: return=-147.30, length=200.00, success_rate=0.00, collisions/ep=0.00
Solved-check at update 465: solved=False worst_gap=1167.59 at p_x0=2.00 p_y0=-0.50 (consecutive=0)
update=466 global_step=954368 SPS=135 w_ev=0.960 m_ev=0.637 m_v_bias=2.1 m_adv_std=10.7578 m_kl_max=0.0118 m_ratio_max=0.905 return=-166.3 length=200 success_rate=0.00 collisions/ep=0.38 (n=8)
update=467 global_step=956416 SPS=135 w_ev=0.967 m_ev=0.709 m_v_bias=0.7 m_adv_std=8.8151 m_kl_max=0.0189 m_ratio_max=1.013 return=-152.4 length=200 success_rate=0.00 collisions/ep=0.00 (n=8)
update=468 global_step=958464 SPS=135 w_ev=0.969 m_ev=0.467 m_v_bias=-0.4 m_adv_std=12.7655 m_kl_max=0.0366 m_ratio_max=0.902 return=-158.5 length=200 success_rate=0.00 collisions/ep=0.25 (n=16)
update=469 global_step=960512 SPS=135 w_ev=0.972 m_ev=0.580 m_v_bias=2.0 m_adv_std=14.9939 m_kl_max=0.0207 m_ratio_max=0.724 return=-172.1 length=200 success_rate=0.00 collisions/ep=0.50 (n=8)
update=470 global_step=962560 SPS=135 w_ev=0.959 m_ev=0.941 m_v_bias=-2.5 m_adv_std=3.2041 m_kl_max=0.0141 m_ratio_max=0.802 return=-149.1 length=200 success_rate=0.00 collisions/ep=0.00 (n=8)
Evaluation at update 470: return=-148.64, length=200.00, success_rate=0.00, collisions/ep=0.00
Solved-check at update 470: solved=False worst_gap=1172.28 at p_x0=2.00 p_y0=0.50 (consecutive=0)
update=471 global_step=964608 SPS=135 w_ev=0.964 m_ev=0.772 m_v_bias=-1.0 m_adv_std=6.4068 m_kl_max=0.0231 m_ratio_max=0.673 return=-150.2 length=200 success_rate=0.00 collisions/ep=0.00 (n=8)
update=472 global_step=966656 SPS=135 w_ev=0.981 m_ev=0.971 m_v_bias=-1.9 m_adv_std=2.6993 m_kl_max=0.0436 m_ratio_max=0.744 return=-150.8 length=200 success_rate=0.00 collisions/ep=0.06 (n=16)
update=473 global_step=968704 SPS=135 w_ev=0.924 m_ev=0.386 m_v_bias=3.1 m_adv_std=18.4355 m_kl_max=0.0224 m_ratio_max=1.261 return=-169.4 length=200 success_rate=0.00 collisions/ep=0.38 (n=8)
update=474 global_step=970752 SPS=135 w_ev=0.938 m_ev=0.296 m_v_bias=1.1 m_adv_std=13.4260 m_kl_max=0.0271 m_ratio_max=0.793 return=-149.9 length=200 success_rate=0.00 collisions/ep=0.00 (n=8)
update=475 global_step=972800 SPS=135 w_ev=0.973 m_ev=0.941 m_v_bias=-3.0 m_adv_std=3.1253 m_kl_max=0.0235 m_ratio_max=0.836 return=-160.1 length=200 success_rate=0.00 collisions/ep=0.19 (n=16)
Evaluation at update 475: return=-148.28, length=200.00, success_rate=0.00, collisions/ep=0.00
Solved-check at update 475: solved=False worst_gap=1169.83 at p_x0=2.00 p_y0=1.00 (consecutive=0)
update=476 global_step=974848 SPS=134 w_ev=0.983 m_ev=0.992 m_v_bias=-1.4 m_adv_std=1.4855 m_kl_max=0.0237 m_ratio_max=1.083 return=-146.6 length=200 success_rate=0.00 collisions/ep=0.00 (n=8)
update=477 global_step=976896 SPS=135 w_ev=0.971 m_ev=0.995 m_v_bias=-0.9 m_adv_std=0.8294 m_kl_max=0.0317 m_ratio_max=1.500 return=-148.8 length=200 success_rate=0.00 collisions/ep=0.00 (n=8)
update=478 global_step=978944 SPS=135 w_ev=0.980 m_ev=0.997 m_v_bias=-0.7 m_adv_std=0.7117 m_kl_max=0.0272 m_ratio_max=1.078 return=-150.3 length=200 success_rate=0.00 collisions/ep=0.00 (n=8)
update=479 global_step=980992 SPS=135 w_ev=0.977 m_ev=0.669 m_v_bias=2.4 m_adv_std=12.0484 m_kl_max=0.0174 m_ratio_max=0.603 return=-154.2 length=200 success_rate=0.00 collisions/ep=0.12 (n=16)
update=480 global_step=983040 SPS=135 w_ev=0.927 m_ev=0.236 m_v_bias=4.1 m_adv_std=29.1827 m_kl_max=0.0073 m_ratio_max=0.530 return=-174.2 length=200 success_rate=0.00 collisions/ep=0.62 (n=8)
Evaluation at update 480: return=-147.16, length=200.00, success_rate=0.00, collisions/ep=0.00
Solved-check at update 480: solved=False worst_gap=1169.14 at p_x0=2.00 p_y0=0.50 (consecutive=0)
update=481 global_step=985088 SPS=134 w_ev=0.887 m_ev=0.150 m_v_bias=4.4 m_adv_std=23.8707 m_kl_max=0.0359 m_ratio_max=1.716 return=-163.5 length=200 success_rate=0.00 collisions/ep=0.38 (n=8)
update=482 global_step=987136 SPS=135 w_ev=0.957 m_ev=0.762 m_v_bias=-3.1 m_adv_std=6.7627 m_kl_max=0.0234 m_ratio_max=0.850 return=-176.2 length=200 success_rate=0.00 collisions/ep=0.50 (n=8)
update=483 global_step=989184 SPS=135 w_ev=0.981 m_ev=0.587 m_v_bias=2.8 m_adv_std=14.3356 m_kl_max=0.0177 m_ratio_max=0.708 return=-162.6 length=200 success_rate=0.00 collisions/ep=0.31 (n=16)
update=484 global_step=991232 SPS=135 w_ev=0.954 m_ev=0.660 m_v_bias=-1.3 m_adv_std=8.4736 m_kl_max=0.0211 m_ratio_max=1.127 return=-158.7 length=200 success_rate=0.00 collisions/ep=0.12 (n=8)
update=485 global_step=993280 SPS=135 w_ev=0.958 m_ev=0.457 m_v_bias=-0.9 m_adv_std=11.8010 m_kl_max=0.0345 m_ratio_max=1.701 return=-156.4 length=200 success_rate=0.00 collisions/ep=0.12 (n=8)
Evaluation at update 485: return=-148.23, length=200.00, success_rate=0.00, collisions/ep=0.00
Solved-check at update 485: solved=False worst_gap=1168.40 at p_x0=2.00 p_y0=0.50 (consecutive=0)
update=486 global_step=995328 SPS=134 w_ev=0.985 m_ev=0.829 m_v_bias=-1.5 m_adv_std=6.6926 m_kl_max=0.0215 m_ratio_max=1.293 return=-158.0 length=200 success_rate=0.00 collisions/ep=0.19 (n=16)
update=487 global_step=997376 SPS=135 w_ev=0.982 m_ev=0.774 m_v_bias=0.8 m_adv_std=8.6752 m_kl_max=0.0289 m_ratio_max=1.154 return=-162.7 length=200 success_rate=0.00 collisions/ep=0.25 (n=8)
update=488 global_step=999424 SPS=135 w_ev=0.975 m_ev=0.948 m_v_bias=-1.7 m_adv_std=3.0262 m_kl_max=0.0159 m_ratio_max=0.592 return=-150.3 length=200 success_rate=0.00 collisions/ep=0.00 (n=8)
update=489 global_step=1001472 SPS=135 w_ev=0.970 m_ev=0.687 m_v_bias=0.9 m_adv_std=8.3890 m_kl_max=0.0200 m_ratio_max=0.729 return=-146.6 length=200 success_rate=0.00 collisions/ep=0.00 (n=8)
update=490 global_step=1003520 SPS=135 w_ev=0.988 m_ev=0.868 m_v_bias=-0.8 m_adv_std=6.1562 m_kl_max=0.0339 m_ratio_max=1.814 return=-157.1 length=200 success_rate=0.00 collisions/ep=0.19 (n=16)
Evaluation at update 490: return=-147.75, length=200.00, success_rate=0.00, collisions/ep=0.00
Solved-check at update 490: solved=False worst_gap=1171.54 at p_x0=2.00 p_y0=1.00 (consecutive=0)
update=491 global_step=1005568 SPS=134 w_ev=0.973 m_ev=0.703 m_v_bias=0.0 m_adv_std=8.0744 m_kl_max=0.0336 m_ratio_max=0.713 return=-153.4 length=200 success_rate=0.00 collisions/ep=0.12 (n=8)
update=492 global_step=1007616 SPS=135 w_ev=0.972 m_ev=0.980 m_v_bias=-2.1 m_adv_std=1.8100 m_kl_max=0.0183 m_ratio_max=0.841 return=-153.0 length=200 success_rate=0.00 collisions/ep=0.12 (n=8)
update=493 global_step=1009664 SPS=135 w_ev=0.987 m_ev=0.996 m_v_bias=-0.8 m_adv_std=0.8353 m_kl_max=0.0538 m_ratio_max=1.434 return=-148.6 length=200 success_rate=0.00 collisions/ep=0.00 (n=16)
update=494 global_step=1011712 SPS=135 w_ev=0.989 m_ev=0.998 m_v_bias=-0.4 m_adv_std=0.7289 m_kl_max=0.0225 m_ratio_max=0.678 return=-148.7 length=200 success_rate=0.00 collisions/ep=0.00 (n=8)
update=495 global_step=1013760 SPS=135 w_ev=0.968 m_ev=0.576 m_v_bias=2.0 m_adv_std=11.7137 m_kl_max=0.0409 m_ratio_max=1.104 return=-160.7 length=200 success_rate=0.00 collisions/ep=0.25 (n=8)
Evaluation at update 495: return=-147.71, length=200.00, success_rate=0.00, collisions/ep=0.00
Solved-check at update 495: solved=False worst_gap=1169.58 at p_x0=2.00 p_y0=1.00 (consecutive=0)
update=496 global_step=1015808 SPS=134 w_ev=0.953 m_ev=0.334 m_v_bias=3.7 m_adv_std=19.1383 m_kl_max=0.0156 m_ratio_max=0.671 return=-145.7 length=200 success_rate=0.00 collisions/ep=0.00 (n=8)
update=497 global_step=1017856 SPS=135 w_ev=0.984 m_ev=0.903 m_v_bias=-1.6 m_adv_std=5.2776 m_kl_max=0.0191 m_ratio_max=0.720 return=-162.8 length=200 success_rate=0.00 collisions/ep=0.25 (n=16)
update=498 global_step=1019904 SPS=135 w_ev=0.982 m_ev=0.826 m_v_bias=0.2 m_adv_std=6.5760 m_kl_max=0.0236 m_ratio_max=1.099 return=-153.5 length=200 success_rate=0.00 collisions/ep=0.12 (n=8)
update=499 global_step=1021952 SPS=135 w_ev=0.977 m_ev=0.984 m_v_bias=-1.8 m_adv_std=1.5867 m_kl_max=0.0274 m_ratio_max=0.897 return=-145.5 length=200 success_rate=0.00 collisions/ep=0.00 (n=8)
update=500 global_step=1024000 SPS=135 w_ev=0.984 m_ev=0.800 m_v_bias=-0.1 m_adv_std=6.3300 m_kl_max=0.0382 m_ratio_max=1.005 return=-150.6 length=200 success_rate=0.00 collisions/ep=0.06 (n=16)
Evaluation at update 500: return=-148.62, length=200.00, success_rate=0.00, collisions/ep=0.00
Solved-check at update 500: solved=False worst_gap=1171.16 at p_x0=2.00 p_y0=0.00 (consecutive=0)
Saved checkpoints to C:\Users\loren\Desktop\MASTER THESIS\5_CODE\scenarios\slalom\studies\disturbed_0.01_0.1\hppo\runs\hppo_slalom_7_1791176568
