Using device: cpu
Solved-check: precomputed optimal returns for 25 fixed initial conditions (mean=1011.8, min=1007.0, max=1014.0); solved-tolerance=5.0
num_envs=8 num_steps_per_env=256 worker_batch_size=2048 worker_minibatch_size=256 num_updates=500 timesteps=1024000
update=1 global_step=2048 SPS=340 w_ev=0.029 m_ev=-0.002 m_v_bias=181.8 m_adv_std=116.7631 m_kl_max=0.0015 m_ratio_max=0.173 return=-727.6 length=200 success_rate=0.00 collisions/ep=10.62 (n=8)
update=2 global_step=4096 SPS=330 w_ev=0.122 m_ev=-0.100 m_v_bias=58.9 m_adv_std=106.1753 m_kl_max=0.0005 m_ratio_max=0.114 return=-700.3 length=200 success_rate=0.00 collisions/ep=10.25 (n=8)
update=3 global_step=6144 SPS=337 w_ev=0.227 m_ev=-0.141 m_v_bias=-5.1 m_adv_std=54.9177 m_kl_max=0.0031 m_ratio_max=0.235 return=-488.8 length=200 success_rate=0.00 collisions/ep=5.75 (n=8)
update=4 global_step=8192 SPS=341 w_ev=0.395 m_ev=0.200 m_v_bias=0.2 m_adv_std=72.7532 m_kl_max=0.0016 m_ratio_max=0.253 return=-435.0 length=200 success_rate=0.00 collisions/ep=5.25 (n=16)
update=5 global_step=10240 SPS=340 w_ev=0.328 m_ev=0.195 m_v_bias=-23.1 m_adv_std=54.5003 m_kl_max=0.0026 m_ratio_max=0.274 w_ax@goal=-0.47 w_v@goal=-4.67 return=-306.9 length=200 success_rate=0.00 collisions/ep=2.25 (n=8)
Evaluation at update 5: return=-219.73, length=200.00, success_rate=0.00, collisions/ep=0.00
Solved-check at update 5: solved=False worst_gap=1240.96 at p_x0=2.00 p_y0=0.00 (consecutive=0)
update=6 global_step=12288 SPS=135 w_ev=0.482 m_ev=0.396 m_v_bias=-3.5 m_adv_std=54.9266 m_kl_max=0.0020 m_ratio_max=0.211 w_ax@goal=-0.36 w_v@goal=-4.75 return=-377.9 length=200 success_rate=0.00 collisions/ep=3.50 (n=8)
update=7 global_step=14336 SPS=148 w_ev=0.331 m_ev=-1.517 m_v_bias=-22.8 m_adv_std=27.2159 m_kl_max=0.0023 m_ratio_max=0.270 return=-274.6 length=200 success_rate=0.00 collisions/ep=1.12 (n=8)
update=8 global_step=16384 SPS=160 w_ev=0.399 m_ev=0.250 m_v_bias=-15.2 m_adv_std=11.5509 m_kl_max=0.0014 m_ratio_max=0.197 return=-215.7 length=200 success_rate=0.00 collisions/ep=0.00 (n=16)
update=9 global_step=18432 SPS=170 w_ev=0.331 m_ev=0.538 m_v_bias=-2.8 m_adv_std=28.0974 m_kl_max=0.0020 m_ratio_max=0.180 return=-252.8 length=200 success_rate=0.00 collisions/ep=1.00 (n=8)
update=10 global_step=20480 SPS=180 w_ev=0.353 m_ev=0.483 m_v_bias=-9.2 m_adv_std=8.8279 m_kl_max=0.0187 m_ratio_max=0.616 return=-219.7 length=200 success_rate=0.00 collisions/ep=0.12 (n=8)
Evaluation at update 10: return=-208.34, length=200.00, success_rate=0.00, collisions/ep=0.00
Solved-check at update 10: solved=False worst_gap=1236.86 at p_x0=2.00 p_y0=0.50 (consecutive=0)
update=11 global_step=22528 SPS=135 w_ev=0.456 m_ev=0.325 m_v_bias=-5.9 m_adv_std=8.7433 m_kl_max=0.0226 m_ratio_max=0.498 return=-217.1 length=200 success_rate=0.00 collisions/ep=0.06 (n=16)
update=12 global_step=24576 SPS=143 w_ev=0.445 m_ev=0.397 m_v_bias=-0.0 m_adv_std=24.2237 m_kl_max=0.0069 m_ratio_max=0.456 return=-222.6 length=200 success_rate=0.00 collisions/ep=0.62 (n=8)
update=13 global_step=26624 SPS=150 w_ev=0.385 m_ev=0.176 m_v_bias=12.6 m_adv_std=71.1726 m_kl_max=0.0095 m_ratio_max=0.594 return=-237.6 length=200 success_rate=0.00 collisions/ep=0.75 (n=8)
update=14 global_step=28672 SPS=157 w_ev=0.704 m_ev=0.431 m_v_bias=-7.1 m_adv_std=28.9923 m_kl_max=0.0083 m_ratio_max=0.601 return=-282.4 length=200 success_rate=0.00 collisions/ep=1.50 (n=8)
update=15 global_step=30720 SPS=164 w_ev=0.520 m_ev=0.499 m_v_bias=-9.1 m_adv_std=10.6079 m_kl_max=0.0018 m_ratio_max=0.392 return=-207.2 length=200 success_rate=0.00 collisions/ep=0.25 (n=16)
Evaluation at update 15: return=-204.98, length=200.00, success_rate=0.00, collisions/ep=0.00
Solved-check at update 15: solved=False worst_gap=1227.18 at p_x0=2.00 p_y0=0.50 (consecutive=0)
update=16 global_step=32768 SPS=136 w_ev=0.446 m_ev=0.390 m_v_bias=-1.0 m_adv_std=12.9800 m_kl_max=0.0115 m_ratio_max=0.425 return=-202.8 length=200 success_rate=0.00 collisions/ep=0.00 (n=8)
update=17 global_step=34816 SPS=142 w_ev=0.450 m_ev=0.154 m_v_bias=11.5 m_adv_std=67.6532 m_kl_max=0.0039 m_ratio_max=0.496 return=-223.3 length=200 success_rate=0.00 collisions/ep=0.50 (n=8)
update=18 global_step=36864 SPS=147 w_ev=0.667 m_ev=0.522 m_v_bias=-0.1 m_adv_std=19.1931 m_kl_max=0.0083 m_ratio_max=0.661 return=-253.1 length=200 success_rate=0.00 collisions/ep=1.25 (n=16)
update=19 global_step=38912 SPS=152 w_ev=0.288 m_ev=0.639 m_v_bias=-2.0 m_adv_std=5.5526 m_kl_max=0.0027 m_ratio_max=0.248 return=-199.8 length=200 success_rate=0.00 collisions/ep=0.00 (n=8)
update=20 global_step=40960 SPS=157 w_ev=0.457 m_ev=0.518 m_v_bias=-0.4 m_adv_std=13.7273 m_kl_max=0.0068 m_ratio_max=0.384 return=-214.9 length=200 success_rate=0.00 collisions/ep=0.25 (n=8)
Evaluation at update 20: return=-199.76, length=200.00, success_rate=0.00, collisions/ep=0.00
Solved-check at update 20: solved=False worst_gap=1219.65 at p_x0=2.00 p_y0=0.50 (consecutive=0)
update=21 global_step=43008 SPS=137 w_ev=0.356 m_ev=0.661 m_v_bias=-2.1 m_adv_std=4.2295 m_kl_max=0.0132 m_ratio_max=0.477 return=-198.4 length=200 success_rate=0.00 collisions/ep=0.00 (n=8)
update=22 global_step=45056 SPS=141 w_ev=0.641 m_ev=0.243 m_v_bias=8.2 m_adv_std=41.9844 m_kl_max=0.0058 m_ratio_max=0.383 return=-224.2 length=200 success_rate=0.00 collisions/ep=0.56 (n=16)
update=23 global_step=47104 SPS=145 w_ev=0.527 m_ev=-0.109 m_v_bias=-1.9 m_adv_std=9.2650 m_kl_max=0.0032 m_ratio_max=0.301 return=-201.4 length=200 success_rate=0.00 collisions/ep=0.00 (n=8)
update=24 global_step=49152 SPS=149 w_ev=0.270 m_ev=0.283 m_v_bias=-2.8 m_adv_std=8.4487 m_kl_max=0.0172 m_ratio_max=0.735 return=-203.9 length=200 success_rate=0.00 collisions/ep=0.12 (n=8)
update=25 global_step=51200 SPS=153 w_ev=0.364 m_ev=0.609 m_v_bias=-1.8 m_adv_std=4.5254 m_kl_max=0.0264 m_ratio_max=0.918 return=-200.8 length=200 success_rate=0.00 collisions/ep=0.00 (n=16)
Evaluation at update 25: return=-188.94, length=200.00, success_rate=0.00, collisions/ep=0.00
Solved-check at update 25: solved=False worst_gap=1208.91 at p_x0=2.00 p_y0=0.50 (consecutive=0)
update=26 global_step=53248 SPS=137 w_ev=0.571 m_ev=0.237 m_v_bias=3.6 m_adv_std=28.8184 m_kl_max=0.0048 m_ratio_max=0.263 return=-229.0 length=200 success_rate=0.00 collisions/ep=0.62 (n=8)
update=27 global_step=55296 SPS=141 w_ev=0.458 m_ev=0.072 m_v_bias=-0.2 m_adv_std=29.2497 m_kl_max=0.0098 m_ratio_max=0.393 return=-192.0 length=200 success_rate=0.00 collisions/ep=0.00 (n=8)
update=28 global_step=57344 SPS=144 w_ev=0.517 m_ev=0.089 m_v_bias=7.5 m_adv_std=53.6334 m_kl_max=0.0120 m_ratio_max=0.521 return=-223.1 length=200 success_rate=0.00 collisions/ep=0.62 (n=8)
update=29 global_step=59392 SPS=147 w_ev=0.699 m_ev=0.545 m_v_bias=-6.3 m_adv_std=9.6373 m_kl_max=0.0125 m_ratio_max=0.672 return=-223.1 length=200 success_rate=0.00 collisions/ep=0.62 (n=16)
update=30 global_step=61440 SPS=150 w_ev=0.667 m_ev=0.523 m_v_bias=-4.5 m_adv_std=5.8017 m_kl_max=0.0202 m_ratio_max=0.513 return=-194.2 length=200 success_rate=0.00 collisions/ep=0.00 (n=8)
Evaluation at update 30: return=-189.05, length=200.00, success_rate=0.00, collisions/ep=0.00
Solved-check at update 30: solved=False worst_gap=1208.79 at p_x0=2.00 p_y0=0.50 (consecutive=0)
update=31 global_step=63488 SPS=137 w_ev=0.633 m_ev=0.751 m_v_bias=-4.8 m_adv_std=4.1314 m_kl_max=0.0140 m_ratio_max=0.437 return=-184.5 length=200 success_rate=0.00 collisions/ep=0.00 (n=8)
update=32 global_step=65536 SPS=140 w_ev=0.437 m_ev=0.113 m_v_bias=-0.0 m_adv_std=12.4384 m_kl_max=0.0229 m_ratio_max=0.646 return=-189.1 length=200 success_rate=0.00 collisions/ep=0.00 (n=8)
update=33 global_step=67584 SPS=143 w_ev=0.527 m_ev=0.245 m_v_bias=0.6 m_adv_std=18.7564 m_kl_max=0.0224 m_ratio_max=0.737 return=-203.5 length=200 success_rate=0.00 collisions/ep=0.31 (n=16)
update=34 global_step=69632 SPS=146 w_ev=0.426 m_ev=0.459 m_v_bias=-4.4 m_adv_std=5.1001 m_kl_max=0.0200 m_ratio_max=0.784 return=-183.7 length=200 success_rate=0.00 collisions/ep=0.00 (n=8)
update=35 global_step=71680 SPS=148 w_ev=0.542 m_ev=0.324 m_v_bias=3.1 m_adv_std=17.8611 m_kl_max=0.0451 m_ratio_max=1.160 return=-185.9 length=200 success_rate=0.00 collisions/ep=0.00 (n=8)
Evaluation at update 35: return=-187.79, length=200.00, success_rate=0.00, collisions/ep=0.00
Solved-check at update 35: solved=False worst_gap=1208.42 at p_x0=2.00 p_y0=0.50 (consecutive=0)
update=36 global_step=73728 SPS=137 w_ev=0.389 m_ev=0.074 m_v_bias=6.8 m_adv_std=52.7553 m_kl_max=0.0118 m_ratio_max=0.534 return=-226.5 length=200 success_rate=0.00 collisions/ep=0.81 (n=16)
update=37 global_step=75776 SPS=140 w_ev=0.298 m_ev=-2.131 m_v_bias=-0.7 m_adv_std=11.9155 m_kl_max=0.0132 m_ratio_max=0.585 return=-192.4 length=200 success_rate=0.00 collisions/ep=0.00 (n=8)
update=38 global_step=77824 SPS=142 w_ev=0.245 m_ev=0.566 m_v_bias=-1.7 m_adv_std=3.5572 m_kl_max=0.0382 m_ratio_max=0.613 return=-188.4 length=200 success_rate=0.00 collisions/ep=0.00 (n=8)
update=39 global_step=79872 SPS=145 w_ev=0.337 m_ev=0.782 m_v_bias=-2.3 m_adv_std=2.7007 m_kl_max=0.0427 m_ratio_max=0.980 return=-193.4 length=200 success_rate=0.00 collisions/ep=0.00 (n=8)
update=40 global_step=81920 SPS=147 w_ev=0.483 m_ev=0.826 m_v_bias=-1.3 m_adv_std=2.5172 m_kl_max=0.0523 m_ratio_max=1.759 return=-186.2 length=200 success_rate=0.00 collisions/ep=0.00 (n=16)
Evaluation at update 40: return=-180.66, length=200.00, success_rate=0.00, collisions/ep=0.00
Solved-check at update 40: solved=False worst_gap=1202.59 at p_x0=2.00 p_y0=0.50 (consecutive=0)
update=41 global_step=83968 SPS=137 w_ev=0.423 m_ev=0.229 m_v_bias=1.4 m_adv_std=15.6467 m_kl_max=0.0108 m_ratio_max=0.539 return=-200.9 length=200 success_rate=0.00 collisions/ep=0.38 (n=8)
update=42 global_step=86016 SPS=140 w_ev=0.605 m_ev=0.469 m_v_bias=0.6 m_adv_std=13.0404 m_kl_max=0.0163 m_ratio_max=0.590 return=-212.2 length=200 success_rate=0.00 collisions/ep=0.62 (n=8)
update=43 global_step=88064 SPS=142 w_ev=0.537 m_ev=0.216 m_v_bias=8.0 m_adv_std=35.6215 m_kl_max=0.0283 m_ratio_max=0.785 return=-210.1 length=200 success_rate=0.00 collisions/ep=0.56 (n=16)
update=44 global_step=90112 SPS=144 w_ev=0.515 m_ev=-0.352 m_v_bias=-0.6 m_adv_std=9.1786 m_kl_max=0.0101 m_ratio_max=0.644 return=-189.8 length=200 success_rate=0.00 collisions/ep=0.00 (n=8)
update=45 global_step=92160 SPS=146 w_ev=0.432 m_ev=0.752 m_v_bias=0.8 m_adv_std=2.4370 m_kl_max=0.0238 m_ratio_max=1.075 return=-183.1 length=200 success_rate=0.00 collisions/ep=0.00 (n=8)
Evaluation at update 45: return=-184.30, length=200.00, success_rate=0.00, collisions/ep=0.00
Solved-check at update 45: solved=False worst_gap=1204.16 at p_x0=2.00 p_y0=0.50 (consecutive=0)
update=46 global_step=94208 SPS=137 w_ev=0.303 m_ev=0.900 m_v_bias=-0.8 m_adv_std=1.5929 m_kl_max=0.0247 m_ratio_max=0.688 return=-185.5 length=200 success_rate=0.00 collisions/ep=0.00 (n=8)
update=47 global_step=96256 SPS=139 w_ev=0.554 m_ev=0.865 m_v_bias=-1.6 m_adv_std=2.1281 m_kl_max=0.0249 m_ratio_max=1.166 return=-187.0 length=200 success_rate=0.00 collisions/ep=0.00 (n=16)
update=48 global_step=98304 SPS=141 w_ev=0.421 m_ev=0.911 m_v_bias=-1.8 m_adv_std=1.7005 m_kl_max=0.0335 m_ratio_max=1.879 return=-182.4 length=200 success_rate=0.00 collisions/ep=0.00 (n=8)
update=49 global_step=100352 SPS=143 w_ev=0.560 m_ev=0.663 m_v_bias=-0.3 m_adv_std=5.9678 m_kl_max=0.0224 m_ratio_max=1.861 return=-185.7 length=200 success_rate=0.00 collisions/ep=0.12 (n=8)
update=50 global_step=102400 SPS=145 w_ev=0.524 m_ev=0.829 m_v_bias=-1.2 m_adv_std=2.4768 m_kl_max=0.0196 m_ratio_max=0.649 return=-180.2 length=200 success_rate=0.00 collisions/ep=0.00 (n=16)
Evaluation at update 50: return=-177.01, length=200.00, success_rate=0.00, collisions/ep=0.00
Solved-check at update 50: solved=False worst_gap=1197.16 at p_x0=2.00 p_y0=0.50 (consecutive=0)
update=51 global_step=104448 SPS=137 w_ev=0.171 m_ev=0.021 m_v_bias=56.6 m_adv_std=159.0034 m_kl_max=0.0464 m_ratio_max=1.202 return=-438.0 length=200 success_rate=0.00 collisions/ep=5.12 (n=8)
update=52 global_step=106496 SPS=139 w_ev=0.375 m_ev=-2.267 m_v_bias=-14.8 m_adv_std=23.8369 m_kl_max=0.0138 m_ratio_max=0.628 return=-183.8 length=200 success_rate=0.00 collisions/ep=0.00 (n=8)
update=53 global_step=108544 SPS=141 w_ev=0.415 m_ev=0.000 m_v_bias=-2.0 m_adv_std=40.0097 m_kl_max=0.0097 m_ratio_max=0.374 return=-183.4 length=200 success_rate=0.00 collisions/ep=0.00 (n=8)
update=54 global_step=110592 SPS=142 w_ev=0.633 m_ev=0.393 m_v_bias=-9.3 m_adv_std=8.7684 m_kl_max=0.0198 m_ratio_max=0.959 return=-205.2 length=200 success_rate=0.00 collisions/ep=0.44 (n=16)
update=55 global_step=112640 SPS=144 w_ev=0.650 m_ev=0.636 m_v_bias=-5.9 m_adv_std=6.4012 m_kl_max=0.0451 m_ratio_max=1.280 return=-188.0 length=200 success_rate=0.00 collisions/ep=0.12 (n=8)
Evaluation at update 55: return=-181.04, length=200.00, success_rate=0.00, collisions/ep=0.00
Solved-check at update 55: solved=False worst_gap=1201.18 at p_x0=2.00 p_y0=0.50 (consecutive=0)
update=56 global_step=114688 SPS=137 w_ev=0.642 m_ev=0.580 m_v_bias=-4.4 m_adv_std=5.1334 m_kl_max=0.0118 m_ratio_max=0.750 return=-185.1 length=200 success_rate=0.00 collisions/ep=0.12 (n=8)
update=57 global_step=116736 SPS=139 w_ev=0.626 m_ev=0.246 m_v_bias=-0.5 m_adv_std=11.9948 m_kl_max=0.0176 m_ratio_max=1.001 return=-182.2 length=200 success_rate=0.00 collisions/ep=0.00 (n=8)
update=58 global_step=118784 SPS=140 w_ev=0.720 m_ev=0.784 m_v_bias=-2.9 m_adv_std=3.6228 m_kl_max=0.0194 m_ratio_max=0.715 return=-187.6 length=200 success_rate=0.00 collisions/ep=0.12 (n=16)
update=59 global_step=120832 SPS=142 w_ev=0.342 m_ev=0.023 m_v_bias=10.3 m_adv_std=58.9452 m_kl_max=0.0513 m_ratio_max=3.279 return=-180.1 length=200 success_rate=0.00 collisions/ep=0.00 (n=8)
update=60 global_step=122880 SPS=143 w_ev=0.432 m_ev=-0.703 m_v_bias=-9.1 m_adv_std=9.7330 m_kl_max=0.0088 m_ratio_max=0.510 return=-244.6 length=200 success_rate=0.00 collisions/ep=1.25 (n=8)
Evaluation at update 60: return=-180.27, length=200.00, success_rate=0.00, collisions/ep=0.00
Solved-check at update 60: solved=False worst_gap=1201.12 at p_x0=2.00 p_y0=0.50 (consecutive=0)
update=61 global_step=124928 SPS=137 w_ev=0.727 m_ev=0.797 m_v_bias=-4.1 m_adv_std=3.2125 m_kl_max=0.0205 m_ratio_max=0.537 return=-179.4 length=200 success_rate=0.00 collisions/ep=0.00 (n=16)
update=62 global_step=126976 SPS=138 w_ev=0.525 m_ev=0.100 m_v_bias=7.3 m_adv_std=36.5371 m_kl_max=0.0386 m_ratio_max=1.254 return=-223.0 length=200 success_rate=0.00 collisions/ep=0.88 (n=8)
update=63 global_step=129024 SPS=139 w_ev=0.712 m_ev=0.289 m_v_bias=-0.8 m_adv_std=17.6950 m_kl_max=0.0364 m_ratio_max=0.795 return=-201.4 length=200 success_rate=0.00 collisions/ep=0.38 (n=8)
update=64 global_step=131072 SPS=141 w_ev=0.668 m_ev=0.213 m_v_bias=-1.0 m_adv_std=16.4210 m_kl_max=0.0338 m_ratio_max=1.356 return=-182.2 length=200 success_rate=0.00 collisions/ep=0.00 (n=8)
update=65 global_step=133120 SPS=142 w_ev=0.704 m_ev=0.507 m_v_bias=-3.2 m_adv_std=5.7307 m_kl_max=0.0292 m_ratio_max=0.863 return=-197.6 length=200 success_rate=0.00 collisions/ep=0.25 (n=16)
Evaluation at update 65: return=-186.40, length=200.00, success_rate=0.00, collisions/ep=0.00
Solved-check at update 65: solved=False worst_gap=1207.93 at p_x0=2.00 p_y0=0.50 (consecutive=0)
update=66 global_step=135168 SPS=136 w_ev=0.487 m_ev=0.824 m_v_bias=-1.3 m_adv_std=2.0319 m_kl_max=0.0487 m_ratio_max=1.981 return=-188.3 length=200 success_rate=0.00 collisions/ep=0.00 (n=8)
update=67 global_step=137216 SPS=137 w_ev=0.483 m_ev=0.885 m_v_bias=-1.4 m_adv_std=1.6908 m_kl_max=0.0416 m_ratio_max=1.055 return=-185.2 length=200 success_rate=0.00 collisions/ep=0.00 (n=8)
update=68 global_step=139264 SPS=139 w_ev=0.692 m_ev=0.906 m_v_bias=-1.8 m_adv_std=1.8219 m_kl_max=0.0164 m_ratio_max=0.562 return=-182.4 length=200 success_rate=0.00 collisions/ep=0.00 (n=16)
update=69 global_step=141312 SPS=140 w_ev=0.549 m_ev=0.912 m_v_bias=-1.0 m_adv_std=1.7273 m_kl_max=0.0099 m_ratio_max=0.380 return=-184.5 length=200 success_rate=0.00 collisions/ep=0.00 (n=8)
update=70 global_step=143360 SPS=141 w_ev=0.604 m_ev=0.546 m_v_bias=0.1 m_adv_std=5.9459 m_kl_max=0.0110 m_ratio_max=1.011 return=-190.7 length=200 success_rate=0.00 collisions/ep=0.12 (n=8)
Evaluation at update 70: return=-180.36, length=200.00, success_rate=0.00, collisions/ep=0.00
Solved-check at update 70: solved=False worst_gap=1201.25 at p_x0=2.00 p_y0=0.00 (consecutive=0)
update=71 global_step=145408 SPS=136 w_ev=0.679 m_ev=0.950 m_v_bias=-1.0 m_adv_std=1.4304 m_kl_max=0.0465 m_ratio_max=0.907 return=-180.2 length=200 success_rate=0.00 collisions/ep=0.00 (n=8)
update=72 global_step=147456 SPS=137 w_ev=0.590 m_ev=0.112 m_v_bias=13.4 m_adv_std=37.6996 m_kl_max=0.0193 m_ratio_max=0.631 return=-207.0 length=200 success_rate=0.00 collisions/ep=0.62 (n=16)
update=73 global_step=149504 SPS=138 w_ev=0.556 m_ev=-0.328 m_v_bias=-4.4 m_adv_std=8.8820 m_kl_max=0.0147 m_ratio_max=0.965 return=-177.9 length=200 success_rate=0.00 collisions/ep=0.00 (n=8)
update=74 global_step=151552 SPS=139 w_ev=0.577 m_ev=0.812 m_v_bias=-4.3 m_adv_std=2.7525 m_kl_max=0.0065 m_ratio_max=0.325 return=-179.3 length=200 success_rate=0.00 collisions/ep=0.00 (n=8)
update=75 global_step=153600 SPS=140 w_ev=0.521 m_ev=0.125 m_v_bias=3.3 m_adv_std=24.0556 m_kl_max=0.0140 m_ratio_max=0.686 return=-195.2 length=200 success_rate=0.00 collisions/ep=0.31 (n=16)
Evaluation at update 75: return=-180.91, length=200.00, success_rate=0.00, collisions/ep=0.00
Solved-check at update 75: solved=False worst_gap=1201.80 at p_x0=2.00 p_y0=0.50 (consecutive=0)
update=76 global_step=155648 SPS=135 w_ev=0.780 m_ev=0.706 m_v_bias=-2.7 m_adv_std=4.2501 m_kl_max=0.0234 m_ratio_max=1.046 return=-177.4 length=200 success_rate=0.00 collisions/ep=0.00 (n=8)
update=77 global_step=157696 SPS=136 w_ev=0.368 m_ev=0.038 m_v_bias=13.8 m_adv_std=75.5983 m_kl_max=0.0180 m_ratio_max=1.224 return=-264.0 length=200 success_rate=0.00 collisions/ep=1.62 (n=8)
update=78 global_step=159744 SPS=138 w_ev=0.573 m_ev=0.265 m_v_bias=-4.1 m_adv_std=9.8381 m_kl_max=0.0354 m_ratio_max=0.978 return=-183.3 length=200 success_rate=0.00 collisions/ep=0.12 (n=8)
update=79 global_step=161792 SPS=139 w_ev=0.751 m_ev=0.305 m_v_bias=2.1 m_adv_std=18.6156 m_kl_max=0.0134 m_ratio_max=0.520 return=-192.5 length=200 success_rate=0.00 collisions/ep=0.25 (n=16)
update=80 global_step=163840 SPS=140 w_ev=0.690 m_ev=0.256 m_v_bias=-3.9 m_adv_std=4.9907 m_kl_max=0.0204 m_ratio_max=0.683 return=-180.5 length=200 success_rate=0.00 collisions/ep=0.00 (n=8)
Evaluation at update 80: return=-184.68, length=200.00, success_rate=0.00, collisions/ep=0.00
Solved-check at update 80: solved=False worst_gap=1205.69 at p_x0=2.00 p_y0=0.50 (consecutive=0)
update=81 global_step=165888 SPS=135 w_ev=0.579 m_ev=0.849 m_v_bias=-2.5 m_adv_std=2.2238 m_kl_max=0.0361 m_ratio_max=1.576 return=-183.0 length=200 success_rate=0.00 collisions/ep=0.00 (n=8)
update=82 global_step=167936 SPS=136 w_ev=0.652 m_ev=0.919 m_v_bias=-1.6 m_adv_std=1.5817 m_kl_max=0.0166 m_ratio_max=1.051 return=-181.8 length=200 success_rate=0.00 collisions/ep=0.00 (n=8)
update=83 global_step=169984 SPS=137 w_ev=0.731 m_ev=0.942 m_v_bias=-1.3 m_adv_std=1.5869 m_kl_max=0.0259 m_ratio_max=1.029 return=-181.5 length=200 success_rate=0.00 collisions/ep=0.00 (n=16)
update=84 global_step=172032 SPS=138 w_ev=0.609 m_ev=0.904 m_v_bias=-1.1 m_adv_std=1.7426 m_kl_max=0.0458 m_ratio_max=1.278 return=-180.1 length=200 success_rate=0.00 collisions/ep=0.00 (n=8)
update=85 global_step=174080 SPS=139 w_ev=0.610 m_ev=0.943 m_v_bias=-1.1 m_adv_std=1.2777 m_kl_max=0.0677 m_ratio_max=1.001 return=-180.4 length=200 success_rate=0.00 collisions/ep=0.00 (n=8)
Evaluation at update 85: return=-179.38, length=200.00, success_rate=0.00, collisions/ep=0.00
Solved-check at update 85: solved=False worst_gap=1199.85 at p_x0=2.00 p_y0=0.50 (consecutive=0)
update=86 global_step=176128 SPS=135 w_ev=0.634 m_ev=0.536 m_v_bias=0.2 m_adv_std=6.2668 m_kl_max=0.0137 m_ratio_max=0.903 return=-185.4 length=200 success_rate=0.00 collisions/ep=0.06 (n=16)
update=87 global_step=178176 SPS=136 w_ev=0.587 m_ev=0.955 m_v_bias=-0.7 m_adv_std=1.3963 m_kl_max=0.0277 m_ratio_max=1.022 return=-181.4 length=200 success_rate=0.00 collisions/ep=0.00 (n=8)
update=88 global_step=180224 SPS=137 w_ev=0.581 m_ev=0.942 m_v_bias=-1.6 m_adv_std=1.3453 m_kl_max=0.0227 m_ratio_max=1.360 return=-178.1 length=200 success_rate=0.00 collisions/ep=0.00 (n=8)
update=89 global_step=182272 SPS=138 w_ev=0.580 m_ev=0.368 m_v_bias=1.3 m_adv_std=7.6422 m_kl_max=0.0335 m_ratio_max=0.800 return=-187.8 length=200 success_rate=0.00 collisions/ep=0.12 (n=8)
update=90 global_step=184320 SPS=139 w_ev=0.787 m_ev=0.959 m_v_bias=-0.7 m_adv_std=1.4316 m_kl_max=0.0612 m_ratio_max=1.156 return=-183.1 length=200 success_rate=0.00 collisions/ep=0.06 (n=16)
Evaluation at update 90: return=-178.02, length=200.00, success_rate=0.00, collisions/ep=0.00
Solved-check at update 90: solved=False worst_gap=1198.85 at p_x0=2.00 p_y0=0.50 (consecutive=0)
update=91 global_step=186368 SPS=135 w_ev=0.449 m_ev=0.007 m_v_bias=5.2 m_adv_std=28.5594 m_kl_max=0.0272 m_ratio_max=0.742 return=-181.5 length=200 success_rate=0.00 collisions/ep=0.12 (n=8)
update=92 global_step=188416 SPS=136 w_ev=0.476 m_ev=-0.004 m_v_bias=1.4 m_adv_std=18.9503 m_kl_max=0.0086 m_ratio_max=0.489 return=-212.7 length=200 success_rate=0.00 collisions/ep=0.62 (n=8)
update=93 global_step=190464 SPS=137 w_ev=0.614 m_ev=0.849 m_v_bias=-4.1 m_adv_std=2.4803 m_kl_max=0.0214 m_ratio_max=0.564 return=-190.1 length=200 success_rate=0.00 collisions/ep=0.19 (n=16)
update=94 global_step=192512 SPS=138 w_ev=0.705 m_ev=0.403 m_v_bias=1.4 m_adv_std=11.0469 m_kl_max=0.0083 m_ratio_max=0.530 return=-190.8 length=200 success_rate=0.00 collisions/ep=0.25 (n=8)
update=95 global_step=194560 SPS=139 w_ev=0.743 m_ev=0.376 m_v_bias=-0.8 m_adv_std=7.8315 m_kl_max=0.0200 m_ratio_max=0.736 return=-193.1 length=200 success_rate=0.00 collisions/ep=0.25 (n=8)
Evaluation at update 95: return=-178.53, length=200.00, success_rate=0.00, collisions/ep=0.00
Solved-check at update 95: solved=False worst_gap=1199.36 at p_x0=2.00 p_y0=0.50 (consecutive=0)
update=96 global_step=196608 SPS=135 w_ev=0.400 m_ev=0.092 m_v_bias=1.1 m_adv_std=35.4113 m_kl_max=0.0085 m_ratio_max=0.828 return=-232.5 length=200 success_rate=0.00 collisions/ep=1.12 (n=8)
update=97 global_step=198656 SPS=136 w_ev=0.713 m_ev=0.624 m_v_bias=0.8 m_adv_std=6.2745 m_kl_max=0.0182 m_ratio_max=0.883 return=-182.5 length=200 success_rate=0.00 collisions/ep=0.06 (n=16)
update=98 global_step=200704 SPS=137 w_ev=0.567 m_ev=0.793 m_v_bias=-1.4 m_adv_std=2.2226 m_kl_max=0.0116 m_ratio_max=0.535 return=-182.9 length=200 success_rate=0.00 collisions/ep=0.00 (n=8)
update=99 global_step=202752 SPS=138 w_ev=0.216 m_ev=0.039 m_v_bias=12.5 m_adv_std=64.6364 m_kl_max=0.0184 m_ratio_max=0.684 return=-259.0 length=200 success_rate=0.00 collisions/ep=1.50 (n=8)
update=100 global_step=204800 SPS=139 w_ev=0.475 m_ev=0.127 m_v_bias=-0.6 m_adv_std=9.4883 m_kl_max=0.0282 m_ratio_max=0.775 return=-185.6 length=200 success_rate=0.00 collisions/ep=0.06 (n=16)
Evaluation at update 100: return=-179.99, length=200.00, success_rate=0.00, collisions/ep=0.00
Solved-check at update 100: solved=False worst_gap=1200.21 at p_x0=2.00 p_y0=0.50 (consecutive=0)
update=101 global_step=206848 SPS=135 w_ev=0.640 m_ev=0.689 m_v_bias=-2.6 m_adv_std=4.3145 m_kl_max=0.0172 m_ratio_max=0.571 return=-178.6 length=200 success_rate=0.00 collisions/ep=0.00 (n=8)
update=102 global_step=208896 SPS=136 w_ev=0.550 m_ev=0.464 m_v_bias=-1.3 m_adv_std=6.7446 m_kl_max=0.0032 m_ratio_max=0.265 return=-179.3 length=200 success_rate=0.00 collisions/ep=0.00 (n=8)
update=103 global_step=210944 SPS=137 w_ev=0.444 m_ev=0.342 m_v_bias=-0.2 m_adv_std=7.0769 m_kl_max=0.0116 m_ratio_max=0.506 return=-188.1 length=200 success_rate=0.00 collisions/ep=0.12 (n=8)
update=104 global_step=212992 SPS=138 w_ev=0.741 m_ev=0.241 m_v_bias=-1.2 m_adv_std=13.2400 m_kl_max=0.0063 m_ratio_max=0.462 return=-195.0 length=200 success_rate=0.00 collisions/ep=0.31 (n=16)
update=105 global_step=215040 SPS=138 w_ev=0.544 m_ev=0.299 m_v_bias=2.2 m_adv_std=10.4657 m_kl_max=0.0555 m_ratio_max=1.217 return=-196.2 length=200 success_rate=0.00 collisions/ep=0.38 (n=8)
Evaluation at update 105: return=-180.42, length=200.00, success_rate=0.00, collisions/ep=0.00
Solved-check at update 105: solved=False worst_gap=1201.17 at p_x0=2.00 p_y0=0.50 (consecutive=0)
update=106 global_step=217088 SPS=135 w_ev=0.540 m_ev=0.807 m_v_bias=-1.9 m_adv_std=2.6709 m_kl_max=0.0088 m_ratio_max=0.482 return=-180.2 length=200 success_rate=0.00 collisions/ep=0.00 (n=8)
update=107 global_step=219136 SPS=136 w_ev=0.428 m_ev=0.087 m_v_bias=6.0 m_adv_std=25.7836 m_kl_max=0.0171 m_ratio_max=0.901 return=-180.3 length=200 success_rate=0.00 collisions/ep=0.00 (n=8)
update=108 global_step=221184 SPS=137 w_ev=0.666 m_ev=0.106 m_v_bias=0.9 m_adv_std=18.2535 m_kl_max=0.0160 m_ratio_max=0.672 return=-209.9 length=200 success_rate=0.00 collisions/ep=0.56 (n=16)
update=109 global_step=223232 SPS=137 w_ev=0.621 m_ev=0.849 m_v_bias=-3.6 m_adv_std=2.0456 m_kl_max=0.0107 m_ratio_max=0.437 return=-184.0 length=200 success_rate=0.00 collisions/ep=0.00 (n=8)
update=110 global_step=225280 SPS=138 w_ev=0.469 m_ev=0.471 m_v_bias=-0.8 m_adv_std=6.0445 m_kl_max=0.0091 m_ratio_max=0.433 return=-181.7 length=200 success_rate=0.00 collisions/ep=0.00 (n=8)
Evaluation at update 110: return=-181.18, length=200.00, success_rate=0.00, collisions/ep=0.00
Solved-check at update 110: solved=False worst_gap=1201.20 at p_x0=2.00 p_y0=0.50 (consecutive=0)
update=111 global_step=227328 SPS=135 w_ev=0.738 m_ev=0.590 m_v_bias=-0.1 m_adv_std=6.3017 m_kl_max=0.0575 m_ratio_max=1.246 return=-187.6 length=200 success_rate=0.00 collisions/ep=0.12 (n=16)
update=112 global_step=229376 SPS=136 w_ev=0.612 m_ev=0.915 m_v_bias=-1.7 m_adv_std=1.6411 m_kl_max=0.0176 m_ratio_max=1.040 return=-179.8 length=200 success_rate=0.00 collisions/ep=0.00 (n=8)
update=113 global_step=231424 SPS=137 w_ev=0.557 m_ev=0.969 m_v_bias=-0.8 m_adv_std=0.8882 m_kl_max=0.0276 m_ratio_max=1.263 return=-184.2 length=200 success_rate=0.00 collisions/ep=0.00 (n=8)
update=114 global_step=233472 SPS=137 w_ev=0.582 m_ev=0.966 m_v_bias=-1.2 m_adv_std=1.0195 m_kl_max=0.0383 m_ratio_max=1.018 return=-181.6 length=200 success_rate=0.00 collisions/ep=0.00 (n=8)
update=115 global_step=235520 SPS=138 w_ev=0.721 m_ev=0.980 m_v_bias=-1.0 m_adv_std=1.0876 m_kl_max=0.0351 m_ratio_max=1.657 return=-179.2 length=200 success_rate=0.00 collisions/ep=0.00 (n=16)
Evaluation at update 115: return=-177.98, length=200.00, success_rate=0.00, collisions/ep=0.00
Solved-check at update 115: solved=False worst_gap=1197.43 at p_x0=2.00 p_y0=0.00 (consecutive=0)
update=116 global_step=237568 SPS=135 w_ev=0.752 m_ev=0.566 m_v_bias=-0.0 m_adv_std=5.6085 m_kl_max=0.0244 m_ratio_max=1.062 return=-182.6 length=200 success_rate=0.00 collisions/ep=0.12 (n=8)
update=117 global_step=239616 SPS=136 w_ev=0.640 m_ev=0.369 m_v_bias=0.2 m_adv_std=6.4940 m_kl_max=0.0474 m_ratio_max=1.414 return=-175.0 length=200 success_rate=0.00 collisions/ep=0.00 (n=8)
update=118 global_step=241664 SPS=137 w_ev=0.812 m_ev=0.413 m_v_bias=0.9 m_adv_std=8.2441 m_kl_max=0.0071 m_ratio_max=0.546 return=-187.4 length=200 success_rate=0.00 collisions/ep=0.19 (n=16)
update=119 global_step=243712 SPS=137 w_ev=0.763 m_ev=0.664 m_v_bias=-0.5 m_adv_std=6.1372 m_kl_max=0.0151 m_ratio_max=0.509 return=-180.9 length=200 success_rate=0.00 collisions/ep=0.12 (n=8)
update=120 global_step=245760 SPS=138 w_ev=0.598 m_ev=0.961 m_v_bias=-1.0 m_adv_std=1.0782 m_kl_max=0.0448 m_ratio_max=1.748 return=-177.9 length=200 success_rate=0.00 collisions/ep=0.00 (n=8)
Evaluation at update 120: return=-176.82, length=200.00, success_rate=0.00, collisions/ep=0.00
Solved-check at update 120: solved=False worst_gap=1196.68 at p_x0=2.00 p_y0=0.00 (consecutive=0)
update=121 global_step=247808 SPS=135 w_ev=0.691 m_ev=0.346 m_v_bias=1.8 m_adv_std=9.7931 m_kl_max=0.0220 m_ratio_max=0.668 return=-192.8 length=200 success_rate=0.00 collisions/ep=0.25 (n=8)
update=122 global_step=249856 SPS=136 w_ev=0.810 m_ev=0.571 m_v_bias=1.0 m_adv_std=8.9792 m_kl_max=0.0408 m_ratio_max=0.934 return=-185.3 length=200 success_rate=0.00 collisions/ep=0.19 (n=16)
update=123 global_step=251904 SPS=137 w_ev=0.576 m_ev=0.161 m_v_bias=4.1 m_adv_std=23.9678 m_kl_max=0.0181 m_ratio_max=0.734 return=-203.3 length=200 success_rate=0.00 collisions/ep=0.50 (n=8)
update=124 global_step=253952 SPS=137 w_ev=0.698 m_ev=0.401 m_v_bias=-2.0 m_adv_std=4.8035 m_kl_max=0.0143 m_ratio_max=0.887 return=-179.7 length=200 success_rate=0.00 collisions/ep=0.00 (n=8)
update=125 global_step=256000 SPS=138 w_ev=0.605 m_ev=0.957 m_v_bias=-1.9 m_adv_std=1.2306 m_kl_max=0.0591 m_ratio_max=1.412 return=-179.7 length=200 success_rate=0.00 collisions/ep=0.00 (n=16)
Evaluation at update 125: return=-177.95, length=200.00, success_rate=0.00, collisions/ep=0.00
Solved-check at update 125: solved=False worst_gap=1198.07 at p_x0=2.00 p_y0=0.00 (consecutive=0)
update=126 global_step=258048 SPS=135 w_ev=0.730 m_ev=0.557 m_v_bias=0.0 m_adv_std=6.3883 m_kl_max=0.0125 m_ratio_max=0.689 return=-183.2 length=200 success_rate=0.00 collisions/ep=0.12 (n=8)
update=127 global_step=260096 SPS=136 w_ev=0.728 m_ev=0.472 m_v_bias=0.3 m_adv_std=6.4194 m_kl_max=0.0055 m_ratio_max=0.324 return=-180.6 length=200 success_rate=0.00 collisions/ep=0.00 (n=8)
update=128 global_step=262144 SPS=136 w_ev=0.538 m_ev=0.073 m_v_bias=6.6 m_adv_std=31.3373 m_kl_max=0.0227 m_ratio_max=0.756 return=-212.0 length=200 success_rate=0.00 collisions/ep=0.75 (n=8)
update=129 global_step=264192 SPS=137 w_ev=0.745 m_ev=0.735 m_v_bias=-2.5 m_adv_std=3.7762 m_kl_max=0.0143 m_ratio_max=0.592 return=-183.6 length=200 success_rate=0.00 collisions/ep=0.12 (n=16)
update=130 global_step=266240 SPS=138 w_ev=0.672 m_ev=0.483 m_v_bias=-0.6 m_adv_std=6.6236 m_kl_max=0.0155 m_ratio_max=0.922 return=-185.3 length=200 success_rate=0.00 collisions/ep=0.12 (n=8)
Evaluation at update 130: return=-178.59, length=200.00, success_rate=0.00, collisions/ep=0.00
Solved-check at update 130: solved=False worst_gap=1198.24 at p_x0=2.00 p_y0=0.00 (consecutive=0)
update=131 global_step=268288 SPS=135 w_ev=0.654 m_ev=0.946 m_v_bias=-1.4 m_adv_std=1.3689 m_kl_max=0.0438 m_ratio_max=1.761 return=-179.1 length=200 success_rate=0.00 collisions/ep=0.00 (n=8)
update=132 global_step=270336 SPS=136 w_ev=0.678 m_ev=0.976 m_v_bias=-1.3 m_adv_std=0.9343 m_kl_max=0.0312 m_ratio_max=0.764 return=-179.6 length=200 success_rate=0.00 collisions/ep=0.00 (n=8)
update=133 global_step=272384 SPS=136 w_ev=0.697 m_ev=0.259 m_v_bias=5.5 m_adv_std=17.6355 m_kl_max=0.0198 m_ratio_max=0.574 return=-194.4 length=200 success_rate=0.00 collisions/ep=0.31 (n=16)
update=134 global_step=274432 SPS=137 w_ev=0.710 m_ev=0.507 m_v_bias=-1.4 m_adv_std=6.3216 m_kl_max=0.0132 m_ratio_max=0.585 return=-183.4 length=200 success_rate=0.00 collisions/ep=0.12 (n=8)
update=135 global_step=276480 SPS=138 w_ev=0.727 m_ev=0.556 m_v_bias=-1.4 m_adv_std=5.8188 m_kl_max=0.0298 m_ratio_max=1.393 return=-182.7 length=200 success_rate=0.00 collisions/ep=0.12 (n=8)
Evaluation at update 135: return=-177.51, length=200.00, success_rate=0.00, collisions/ep=0.00
Solved-check at update 135: solved=False worst_gap=1197.49 at p_x0=2.00 p_y0=0.00 (consecutive=0)
update=136 global_step=278528 SPS=135 w_ev=0.752 m_ev=0.534 m_v_bias=-0.7 m_adv_std=6.1883 m_kl_max=0.0365 m_ratio_max=0.732 return=-181.3 length=200 success_rate=0.00 collisions/ep=0.06 (n=16)
update=137 global_step=280576 SPS=136 w_ev=0.413 m_ev=0.041 m_v_bias=5.4 m_adv_std=40.6293 m_kl_max=0.0287 m_ratio_max=0.941 return=-179.4 length=200 success_rate=0.00 collisions/ep=0.00 (n=8)
update=138 global_step=282624 SPS=136 w_ev=0.743 m_ev=0.439 m_v_bias=-1.9 m_adv_std=6.6196 m_kl_max=0.0113 m_ratio_max=0.778 return=-230.5 length=200 success_rate=0.00 collisions/ep=1.00 (n=8)
update=139 global_step=284672 SPS=137 w_ev=0.604 m_ev=0.229 m_v_bias=4.9 m_adv_std=17.5350 m_kl_max=0.0145 m_ratio_max=0.475 return=-195.9 length=200 success_rate=0.00 collisions/ep=0.38 (n=8)
update=140 global_step=286720 SPS=138 w_ev=0.808 m_ev=0.489 m_v_bias=-2.5 m_adv_std=5.8085 m_kl_max=0.0243 m_ratio_max=0.811 return=-186.8 length=200 success_rate=0.00 collisions/ep=0.19 (n=16)
Evaluation at update 140: return=-178.23, length=200.00, success_rate=0.00, collisions/ep=0.00
Solved-check at update 140: solved=False worst_gap=1198.37 at p_x0=2.00 p_y0=1.00 (consecutive=0)
update=141 global_step=288768 SPS=135 w_ev=0.717 m_ev=0.519 m_v_bias=-1.5 m_adv_std=6.3916 m_kl_max=0.0171 m_ratio_max=1.174 return=-183.3 length=200 success_rate=0.00 collisions/ep=0.12 (n=8)
update=142 global_step=290816 SPS=136 w_ev=0.633 m_ev=0.347 m_v_bias=0.1 m_adv_std=7.8396 m_kl_max=0.0285 m_ratio_max=0.922 return=-180.6 length=200 success_rate=0.00 collisions/ep=0.12 (n=8)
update=143 global_step=292864 SPS=136 w_ev=0.804 m_ev=0.182 m_v_bias=0.9 m_adv_std=12.5712 m_kl_max=0.0200 m_ratio_max=1.112 return=-187.4 length=200 success_rate=0.00 collisions/ep=0.19 (n=16)
update=144 global_step=294912 SPS=137 w_ev=0.554 m_ev=0.030 m_v_bias=4.6 m_adv_std=39.9882 m_kl_max=0.0279 m_ratio_max=1.311 return=-224.2 length=200 success_rate=0.00 collisions/ep=0.88 (n=8)
update=145 global_step=296960 SPS=138 w_ev=0.701 m_ev=-0.165 m_v_bias=-1.1 m_adv_std=12.6588 m_kl_max=0.0115 m_ratio_max=0.521 return=-174.8 length=200 success_rate=0.00 collisions/ep=0.00 (n=8)
Evaluation at update 145: return=-179.48, length=200.00, success_rate=0.00, collisions/ep=0.00
Solved-check at update 145: solved=False worst_gap=1198.76 at p_x0=2.00 p_y0=0.00 (consecutive=0)
update=146 global_step=299008 SPS=135 w_ev=0.672 m_ev=0.378 m_v_bias=0.1 m_adv_std=8.0445 m_kl_max=0.0132 m_ratio_max=0.609 return=-191.7 length=200 success_rate=0.00 collisions/ep=0.25 (n=8)
update=147 global_step=301056 SPS=136 w_ev=0.753 m_ev=0.498 m_v_bias=-0.4 m_adv_std=7.2597 m_kl_max=0.0280 m_ratio_max=1.623 return=-192.5 length=200 success_rate=0.00 collisions/ep=0.25 (n=16)
update=148 global_step=303104 SPS=136 w_ev=0.677 m_ev=0.839 m_v_bias=-1.1 m_adv_std=2.3261 m_kl_max=0.0274 m_ratio_max=0.648 return=-176.4 length=200 success_rate=0.00 collisions/ep=0.00 (n=8)
update=149 global_step=305152 SPS=137 w_ev=0.702 m_ev=0.921 m_v_bias=-0.9 m_adv_std=1.5793 m_kl_max=0.0277 m_ratio_max=0.740 return=-176.7 length=200 success_rate=0.00 collisions/ep=0.00 (n=8)
update=150 global_step=307200 SPS=138 w_ev=0.692 m_ev=0.433 m_v_bias=0.7 m_adv_std=6.6681 m_kl_max=0.0147 m_ratio_max=0.872 return=-181.9 length=200 success_rate=0.00 collisions/ep=0.06 (n=16)
Evaluation at update 150: return=-178.95, length=200.00, success_rate=0.00, collisions/ep=0.00
Solved-check at update 150: solved=False worst_gap=1199.66 at p_x0=2.00 p_y0=0.50 (consecutive=0)
update=151 global_step=309248 SPS=135 w_ev=0.758 m_ev=0.935 m_v_bias=-1.0 m_adv_std=1.6619 m_kl_max=0.0237 m_ratio_max=0.790 return=-181.9 length=200 success_rate=0.00 collisions/ep=0.00 (n=8)
update=152 global_step=311296 SPS=136 w_ev=0.734 m_ev=0.390 m_v_bias=0.8 m_adv_std=7.7948 m_kl_max=0.0130 m_ratio_max=0.573 return=-186.7 length=200 success_rate=0.00 collisions/ep=0.12 (n=8)
update=153 global_step=313344 SPS=136 w_ev=0.596 m_ev=0.055 m_v_bias=2.5 m_adv_std=19.1715 m_kl_max=0.0228 m_ratio_max=0.609 return=-196.6 length=200 success_rate=0.00 collisions/ep=0.38 (n=8)
update=154 global_step=315392 SPS=137 w_ev=0.860 m_ev=0.713 m_v_bias=-2.2 m_adv_std=3.8313 m_kl_max=0.0239 m_ratio_max=1.412 return=-187.1 length=200 success_rate=0.00 collisions/ep=0.19 (n=16)
update=155 global_step=317440 SPS=138 w_ev=0.686 m_ev=0.919 m_v_bias=-1.1 m_adv_std=1.4613 m_kl_max=0.0574 m_ratio_max=1.193 return=-179.3 length=200 success_rate=0.00 collisions/ep=0.00 (n=8)
Evaluation at update 155: return=-178.04, length=200.00, success_rate=0.00, collisions/ep=0.00
Solved-check at update 155: solved=False worst_gap=1198.54 at p_x0=2.00 p_y0=0.50 (consecutive=0)
update=156 global_step=319488 SPS=135 w_ev=0.746 m_ev=0.475 m_v_bias=0.0 m_adv_std=5.3672 m_kl_max=0.0172 m_ratio_max=0.633 return=-181.8 length=200 success_rate=0.00 collisions/ep=0.00 (n=8)
update=157 global_step=321536 SPS=136 w_ev=0.612 m_ev=0.007 m_v_bias=3.6 m_adv_std=22.7474 m_kl_max=0.0180 m_ratio_max=0.909 return=-188.3 length=200 success_rate=0.00 collisions/ep=0.25 (n=8)
update=158 global_step=323584 SPS=136 w_ev=0.821 m_ev=0.106 m_v_bias=0.1 m_adv_std=14.1487 m_kl_max=0.0228 m_ratio_max=1.376 return=-195.1 length=200 success_rate=0.00 collisions/ep=0.38 (n=16)
update=159 global_step=325632 SPS=137 w_ev=0.608 m_ev=0.011 m_v_bias=4.3 m_adv_std=30.5899 m_kl_max=0.0791 m_ratio_max=3.998 return=-188.7 length=200 success_rate=0.00 collisions/ep=0.25 (n=8)
update=160 global_step=327680 SPS=138 w_ev=0.682 m_ev=0.156 m_v_bias=-2.0 m_adv_std=9.5357 m_kl_max=0.0155 m_ratio_max=0.532 return=-216.2 length=200 success_rate=0.00 collisions/ep=0.88 (n=8)
Evaluation at update 160: return=-177.97, length=200.00, success_rate=0.00, collisions/ep=0.00
Solved-check at update 160: solved=False worst_gap=1197.77 at p_x0=2.00 p_y0=1.00 (consecutive=0)
update=161 global_step=329728 SPS=135 w_ev=0.886 m_ev=0.948 m_v_bias=-2.7 m_adv_std=1.7048 m_kl_max=0.0094 m_ratio_max=0.594 return=-177.1 length=200 success_rate=0.00 collisions/ep=0.00 (n=16)
update=162 global_step=331776 SPS=136 w_ev=0.726 m_ev=0.600 m_v_bias=-0.2 m_adv_std=6.2017 m_kl_max=0.0188 m_ratio_max=0.830 return=-183.1 length=200 success_rate=0.00 collisions/ep=0.12 (n=8)
update=163 global_step=333824 SPS=136 w_ev=0.813 m_ev=0.502 m_v_bias=-0.0 m_adv_std=7.3603 m_kl_max=0.0530 m_ratio_max=2.798 return=-189.9 length=200 success_rate=0.00 collisions/ep=0.25 (n=8)
update=164 global_step=335872 SPS=137 w_ev=0.823 m_ev=0.954 m_v_bias=-1.5 m_adv_std=1.3550 m_kl_max=0.0256 m_ratio_max=0.755 return=-175.6 length=200 success_rate=0.00 collisions/ep=0.00 (n=8)
update=165 global_step=337920 SPS=137 w_ev=0.868 m_ev=0.591 m_v_bias=0.5 m_adv_std=6.3630 m_kl_max=0.0141 m_ratio_max=0.550 return=-182.8 length=200 success_rate=0.00 collisions/ep=0.06 (n=16)
Evaluation at update 165: return=-178.09, length=200.00, success_rate=0.00, collisions/ep=0.00
Solved-check at update 165: solved=False worst_gap=1197.09 at p_x0=2.00 p_y0=0.50 (consecutive=0)
update=166 global_step=339968 SPS=135 w_ev=0.756 m_ev=0.505 m_v_bias=0.5 m_adv_std=6.6819 m_kl_max=0.0155 m_ratio_max=0.741 return=-182.7 length=200 success_rate=0.00 collisions/ep=0.12 (n=8)
update=167 global_step=342016 SPS=136 w_ev=0.617 m_ev=0.630 m_v_bias=-1.0 m_adv_std=4.4674 m_kl_max=0.0233 m_ratio_max=0.638 return=-182.3 length=200 success_rate=0.00 collisions/ep=0.12 (n=8)
update=168 global_step=344064 SPS=136 w_ev=0.753 m_ev=0.131 m_v_bias=4.6 m_adv_std=19.9787 m_kl_max=0.0164 m_ratio_max=0.581 return=-192.0 length=200 success_rate=0.00 collisions/ep=0.25 (n=16)
update=169 global_step=346112 SPS=137 w_ev=0.839 m_ev=0.485 m_v_bias=1.1 m_adv_std=9.0195 m_kl_max=0.0124 m_ratio_max=0.541 return=-188.0 length=200 success_rate=0.00 collisions/ep=0.25 (n=8)
update=170 global_step=348160 SPS=137 w_ev=0.738 m_ev=0.911 m_v_bias=-2.3 m_adv_std=1.7920 m_kl_max=0.0075 m_ratio_max=0.482 return=-176.9 length=200 success_rate=0.00 collisions/ep=0.00 (n=8)
Evaluation at update 170: return=-177.92, length=200.00, success_rate=0.00, collisions/ep=0.00
Solved-check at update 170: solved=False worst_gap=1197.35 at p_x0=2.00 p_y0=0.00 (consecutive=0)
update=171 global_step=350208 SPS=135 w_ev=0.804 m_ev=0.433 m_v_bias=-0.6 m_adv_std=6.0215 m_kl_max=0.0122 m_ratio_max=0.452 return=-177.1 length=200 success_rate=0.00 collisions/ep=0.00 (n=8)
update=172 global_step=352256 SPS=136 w_ev=0.849 m_ev=0.564 m_v_bias=-0.6 m_adv_std=6.2045 m_kl_max=0.0113 m_ratio_max=0.586 return=-185.7 length=200 success_rate=0.00 collisions/ep=0.12 (n=16)
update=173 global_step=354304 SPS=136 w_ev=0.631 m_ev=0.085 m_v_bias=3.4 m_adv_std=20.5634 m_kl_max=0.0207 m_ratio_max=0.763 return=-198.8 length=200 success_rate=0.00 collisions/ep=0.50 (n=8)
update=174 global_step=356352 SPS=137 w_ev=0.683 m_ev=0.775 m_v_bias=-2.6 m_adv_std=2.7872 m_kl_max=0.0160 m_ratio_max=1.132 return=-178.6 length=200 success_rate=0.00 collisions/ep=0.00 (n=8)
update=175 global_step=358400 SPS=137 w_ev=0.750 m_ev=0.942 m_v_bias=-1.6 m_adv_std=1.5176 m_kl_max=0.0297 m_ratio_max=1.350 return=-177.5 length=200 success_rate=0.00 collisions/ep=0.00 (n=16)
Evaluation at update 175: return=-178.33, length=200.00, success_rate=0.00, collisions/ep=0.00
Solved-check at update 175: solved=False worst_gap=1198.32 at p_x0=2.00 p_y0=1.00 (consecutive=0)
update=176 global_step=360448 SPS=135 w_ev=0.795 m_ev=0.295 m_v_bias=0.6 m_adv_std=10.8548 m_kl_max=0.0118 m_ratio_max=0.661 return=-177.6 length=200 success_rate=0.00 collisions/ep=0.00 (n=8)
update=177 global_step=362496 SPS=136 w_ev=0.767 m_ev=0.409 m_v_bias=0.8 m_adv_std=8.1186 m_kl_max=0.0394 m_ratio_max=1.774 return=-200.0 length=200 success_rate=0.00 collisions/ep=0.50 (n=8)
update=178 global_step=364544 SPS=136 w_ev=0.496 m_ev=0.079 m_v_bias=1.4 m_adv_std=26.5835 m_kl_max=0.0863 m_ratio_max=5.668 return=-211.9 length=200 success_rate=0.00 collisions/ep=0.75 (n=8)
update=179 global_step=366592 SPS=137 w_ev=0.860 m_ev=0.953 m_v_bias=-1.4 m_adv_std=1.6956 m_kl_max=0.0129 m_ratio_max=1.275 return=-178.6 length=200 success_rate=0.00 collisions/ep=0.00 (n=16)
update=180 global_step=368640 SPS=137 w_ev=0.467 m_ev=0.059 m_v_bias=7.1 m_adv_std=41.7744 m_kl_max=0.0117 m_ratio_max=0.693 return=-217.6 length=200 success_rate=0.00 collisions/ep=0.88 (n=8)
Evaluation at update 180: return=-177.74, length=200.00, success_rate=0.00, collisions/ep=0.00
Solved-check at update 180: solved=False worst_gap=1196.92 at p_x0=2.00 p_y0=0.00 (consecutive=0)
update=181 global_step=370688 SPS=135 w_ev=0.681 m_ev=0.273 m_v_bias=0.1 m_adv_std=10.7487 m_kl_max=0.0345 m_ratio_max=2.719 return=-191.0 length=200 success_rate=0.00 collisions/ep=0.25 (n=8)
update=182 global_step=372736 SPS=136 w_ev=0.792 m_ev=0.528 m_v_bias=-2.0 m_adv_std=5.8405 m_kl_max=0.0129 m_ratio_max=0.786 return=-179.6 length=200 success_rate=0.00 collisions/ep=0.00 (n=8)
update=183 global_step=374784 SPS=136 w_ev=0.899 m_ev=0.970 m_v_bias=-2.1 m_adv_std=1.4211 m_kl_max=0.0386 m_ratio_max=1.532 return=-180.2 length=200 success_rate=0.00 collisions/ep=0.06 (n=16)
update=184 global_step=376832 SPS=137 w_ev=0.555 m_ev=0.081 m_v_bias=11.4 m_adv_std=32.8984 m_kl_max=0.0192 m_ratio_max=0.751 return=-214.7 length=200 success_rate=0.00 collisions/ep=0.88 (n=8)
update=185 global_step=378880 SPS=137 w_ev=0.713 m_ev=-0.027 m_v_bias=-1.4 m_adv_std=13.8070 m_kl_max=0.0527 m_ratio_max=1.861 return=-203.7 length=200 success_rate=0.00 collisions/ep=0.50 (n=8)
Evaluation at update 185: return=-177.32, length=200.00, success_rate=0.00, collisions/ep=0.00
Solved-check at update 185: solved=False worst_gap=1197.27 at p_x0=2.00 p_y0=1.00 (consecutive=0)
update=186 global_step=380928 SPS=135 w_ev=0.843 m_ev=0.259 m_v_bias=-0.0 m_adv_std=14.2850 m_kl_max=0.0075 m_ratio_max=0.453 return=-186.1 length=200 success_rate=0.00 collisions/ep=0.19 (n=16)
update=187 global_step=382976 SPS=136 w_ev=0.639 m_ev=0.105 m_v_bias=1.4 m_adv_std=24.1262 m_kl_max=0.0221 m_ratio_max=1.520 return=-209.7 length=200 success_rate=0.00 collisions/ep=0.62 (n=8)
update=188 global_step=385024 SPS=136 w_ev=0.782 m_ev=0.648 m_v_bias=-4.2 m_adv_std=4.6148 m_kl_max=0.0201 m_ratio_max=1.142 return=-181.9 length=200 success_rate=0.00 collisions/ep=0.12 (n=8)
update=189 global_step=387072 SPS=137 w_ev=0.479 m_ev=0.011 m_v_bias=10.5 m_adv_std=50.6753 m_kl_max=0.0204 m_ratio_max=0.744 return=-194.5 length=200 success_rate=0.00 collisions/ep=0.38 (n=8)
update=190 global_step=389120 SPS=137 w_ev=0.852 m_ev=0.169 m_v_bias=-4.3 m_adv_std=14.1663 m_kl_max=0.0258 m_ratio_max=0.600 return=-205.6 length=200 success_rate=0.00 collisions/ep=0.62 (n=16)
Evaluation at update 190: return=-178.40, length=200.00, success_rate=0.00, collisions/ep=0.00
Solved-check at update 190: solved=False worst_gap=1197.35 at p_x0=2.00 p_y0=-0.50 (consecutive=0)
update=191 global_step=391168 SPS=135 w_ev=0.764 m_ev=0.743 m_v_bias=-5.9 m_adv_std=3.4472 m_kl_max=0.0400 m_ratio_max=1.699 return=-183.6 length=200 success_rate=0.00 collisions/ep=0.12 (n=8)
update=192 global_step=393216 SPS=136 w_ev=0.721 m_ev=0.894 m_v_bias=-3.7 m_adv_std=2.0941 m_kl_max=0.0260 m_ratio_max=0.643 return=-177.0 length=200 success_rate=0.00 collisions/ep=0.00 (n=8)
update=193 global_step=395264 SPS=136 w_ev=0.837 m_ev=0.949 m_v_bias=-2.2 m_adv_std=1.4963 m_kl_max=0.0177 m_ratio_max=0.528 return=-175.9 length=200 success_rate=0.00 collisions/ep=0.00 (n=16)
update=194 global_step=397312 SPS=137 w_ev=0.590 m_ev=0.046 m_v_bias=9.1 m_adv_std=36.4038 m_kl_max=0.0308 m_ratio_max=1.356 return=-234.6 length=200 success_rate=0.00 collisions/ep=1.12 (n=8)
update=195 global_step=399360 SPS=137 w_ev=0.757 m_ev=0.483 m_v_bias=-4.1 m_adv_std=4.6989 m_kl_max=0.0081 m_ratio_max=0.606 return=-175.0 length=200 success_rate=0.00 collisions/ep=0.00 (n=8)
Evaluation at update 195: return=-178.64, length=200.00, success_rate=0.00, collisions/ep=0.00
Solved-check at update 195: solved=False worst_gap=1198.68 at p_x0=2.00 p_y0=1.00 (consecutive=0)
update=196 global_step=401408 SPS=135 w_ev=0.820 m_ev=0.402 m_v_bias=-2.2 m_adv_std=6.1947 m_kl_max=0.0092 m_ratio_max=0.443 return=-176.1 length=200 success_rate=0.00 collisions/ep=0.00 (n=8)
update=197 global_step=403456 SPS=136 w_ev=0.871 m_ev=0.689 m_v_bias=-1.8 m_adv_std=5.0863 m_kl_max=0.0130 m_ratio_max=0.533 return=-179.5 length=200 success_rate=0.00 collisions/ep=0.06 (n=16)
update=198 global_step=405504 SPS=136 w_ev=0.823 m_ev=0.447 m_v_bias=0.0 m_adv_std=8.0662 m_kl_max=0.0184 m_ratio_max=1.280 return=-189.7 length=200 success_rate=0.00 collisions/ep=0.25 (n=8)
update=199 global_step=407552 SPS=137 w_ev=0.713 m_ev=0.480 m_v_bias=-0.1 m_adv_std=6.2908 m_kl_max=0.0487 m_ratio_max=2.049 return=-179.7 length=200 success_rate=0.00 collisions/ep=0.12 (n=8)
update=200 global_step=409600 SPS=137 w_ev=0.780 m_ev=0.510 m_v_bias=-0.3 m_adv_std=6.1439 m_kl_max=0.0212 m_ratio_max=0.984 return=-185.1 length=200 success_rate=0.00 collisions/ep=0.12 (n=16)
Evaluation at update 200: return=-179.14, length=200.00, success_rate=0.00, collisions/ep=0.00
Solved-check at update 200: solved=False worst_gap=1197.24 at p_x0=2.00 p_y0=0.50 (consecutive=0)
update=201 global_step=411648 SPS=136 w_ev=0.864 m_ev=0.620 m_v_bias=0.7 m_adv_std=6.4873 m_kl_max=0.0126 m_ratio_max=0.553 return=-186.7 length=200 success_rate=0.00 collisions/ep=0.12 (n=8)
update=202 global_step=413696 SPS=136 w_ev=0.796 m_ev=0.474 m_v_bias=-0.3 m_adv_std=6.7556 m_kl_max=0.0106 m_ratio_max=0.488 return=-176.8 length=200 success_rate=0.00 collisions/ep=0.00 (n=8)
update=203 global_step=415744 SPS=136 w_ev=0.743 m_ev=0.972 m_v_bias=-1.7 m_adv_std=1.2035 m_kl_max=0.0294 m_ratio_max=0.899 return=-176.6 length=200 success_rate=0.00 collisions/ep=0.12 (n=8)
update=204 global_step=417792 SPS=137 w_ev=0.843 m_ev=0.467 m_v_bias=0.6 m_adv_std=8.8913 m_kl_max=0.0283 m_ratio_max=1.020 return=-184.5 length=200 success_rate=0.00 collisions/ep=0.19 (n=16)
update=205 global_step=419840 SPS=137 w_ev=0.740 m_ev=0.261 m_v_bias=3.9 m_adv_std=14.8927 m_kl_max=0.0198 m_ratio_max=0.670 return=-200.7 length=200 success_rate=0.00 collisions/ep=0.50 (n=8)
Evaluation at update 205: return=-177.40, length=200.00, success_rate=0.00, collisions/ep=0.00
Solved-check at update 205: solved=False worst_gap=1197.24 at p_x0=2.00 p_y0=1.00 (consecutive=0)
update=206 global_step=421888 SPS=135 w_ev=0.782 m_ev=0.830 m_v_bias=-3.1 m_adv_std=2.6707 m_kl_max=0.0255 m_ratio_max=0.638 return=-181.7 length=200 success_rate=0.00 collisions/ep=0.12 (n=8)
update=207 global_step=423936 SPS=136 w_ev=0.808 m_ev=0.964 m_v_bias=-1.8 m_adv_std=1.3867 m_kl_max=0.0626 m_ratio_max=1.139 return=-179.3 length=200 success_rate=0.00 collisions/ep=0.00 (n=8)
update=208 global_step=425984 SPS=136 w_ev=0.850 m_ev=0.653 m_v_bias=-0.2 m_adv_std=6.2373 m_kl_max=0.0212 m_ratio_max=0.641 return=-174.5 length=200 success_rate=0.00 collisions/ep=0.06 (n=16)
update=209 global_step=428032 SPS=137 w_ev=0.769 m_ev=0.302 m_v_bias=0.8 m_adv_std=8.3860 m_kl_max=0.0097 m_ratio_max=0.600 return=-177.1 length=200 success_rate=0.00 collisions/ep=0.00 (n=8)
update=210 global_step=430080 SPS=137 w_ev=0.531 m_ev=0.042 m_v_bias=13.9 m_adv_std=45.6257 m_kl_max=0.0202 m_ratio_max=0.877 return=-210.9 length=200 success_rate=0.00 collisions/ep=0.75 (n=8)
Evaluation at update 210: return=-175.92, length=200.00, success_rate=0.00, collisions/ep=0.00
Solved-check at update 210: solved=False worst_gap=1196.41 at p_x0=2.00 p_y0=0.50 (consecutive=0)
update=211 global_step=432128 SPS=135 w_ev=0.737 m_ev=0.245 m_v_bias=-0.4 m_adv_std=18.7015 m_kl_max=0.0115 m_ratio_max=0.531 return=-212.4 length=200 success_rate=0.00 collisions/ep=0.75 (n=16)
update=212 global_step=434176 SPS=136 w_ev=0.686 m_ev=0.209 m_v_bias=1.2 m_adv_std=16.6609 m_kl_max=0.0102 m_ratio_max=0.778 return=-207.7 length=200 success_rate=0.00 collisions/ep=0.62 (n=8)
update=213 global_step=436224 SPS=136 w_ev=0.675 m_ev=0.178 m_v_bias=-2.7 m_adv_std=17.8403 m_kl_max=0.0200 m_ratio_max=0.854 return=-203.0 length=200 success_rate=0.00 collisions/ep=0.50 (n=8)
update=214 global_step=438272 SPS=137 w_ev=0.746 m_ev=0.604 m_v_bias=-4.6 m_adv_std=6.4400 m_kl_max=0.0177 m_ratio_max=0.707 return=-176.7 length=200 success_rate=0.00 collisions/ep=0.00 (n=8)
update=215 global_step=440320 SPS=137 w_ev=0.507 m_ev=0.017 m_v_bias=5.0 m_adv_std=48.2972 m_kl_max=0.0288 m_ratio_max=1.559 return=-214.9 length=200 success_rate=0.00 collisions/ep=0.75 (n=16)
Evaluation at update 215: return=-176.15, length=200.00, success_rate=0.00, collisions/ep=0.00
Solved-check at update 215: solved=False worst_gap=1196.16 at p_x0=2.00 p_y0=0.00 (consecutive=0)
update=216 global_step=442368 SPS=135 w_ev=0.619 m_ev=0.021 m_v_bias=-1.4 m_adv_std=19.8863 m_kl_max=0.0303 m_ratio_max=0.830 return=-192.5 length=200 success_rate=0.00 collisions/ep=0.38 (n=8)
update=217 global_step=444416 SPS=136 w_ev=0.508 m_ev=0.064 m_v_bias=1.3 m_adv_std=29.0037 m_kl_max=0.0083 m_ratio_max=0.499 return=-200.5 length=200 success_rate=0.00 collisions/ep=0.50 (n=8)
update=218 global_step=446464 SPS=136 w_ev=0.749 m_ev=0.469 m_v_bias=-5.4 m_adv_std=7.7068 m_kl_max=0.0148 m_ratio_max=0.942 return=-198.7 length=200 success_rate=0.00 collisions/ep=0.50 (n=16)
update=219 global_step=448512 SPS=137 w_ev=0.767 m_ev=0.864 m_v_bias=-4.5 m_adv_std=3.3460 m_kl_max=0.0262 m_ratio_max=0.962 return=-171.6 length=200 success_rate=0.00 collisions/ep=0.00 (n=8)
update=220 global_step=450560 SPS=137 w_ev=0.732 m_ev=0.389 m_v_bias=-1.1 m_adv_std=7.3960 m_kl_max=0.1228 m_ratio_max=3.878 return=-184.9 length=200 success_rate=0.00 collisions/ep=0.12 (n=8)
Evaluation at update 220: return=-175.53, length=200.00, success_rate=0.00, collisions/ep=0.00
Solved-check at update 220: solved=False worst_gap=1195.25 at p_x0=2.00 p_y0=0.00 (consecutive=0)
update=221 global_step=452608 SPS=135 w_ev=0.802 m_ev=0.456 m_v_bias=-0.1 m_adv_std=9.1725 m_kl_max=0.0227 m_ratio_max=0.786 return=-186.4 length=200 success_rate=0.00 collisions/ep=0.25 (n=8)
update=222 global_step=454656 SPS=136 w_ev=0.837 m_ev=0.432 m_v_bias=1.3 m_adv_std=9.5793 m_kl_max=0.0216 m_ratio_max=0.780 return=-184.5 length=200 success_rate=0.00 collisions/ep=0.25 (n=16)
update=223 global_step=456704 SPS=136 w_ev=0.782 m_ev=0.325 m_v_bias=2.3 m_adv_std=11.6301 m_kl_max=0.0164 m_ratio_max=0.677 return=-191.6 length=200 success_rate=0.00 collisions/ep=0.38 (n=8)
update=224 global_step=458752 SPS=137 w_ev=0.649 m_ev=0.068 m_v_bias=6.2 m_adv_std=28.1203 m_kl_max=0.0356 m_ratio_max=1.785 return=-216.8 length=200 success_rate=0.00 collisions/ep=0.88 (n=8)
update=225 global_step=460800 SPS=137 w_ev=0.712 m_ev=0.136 m_v_bias=1.1 m_adv_std=20.4558 m_kl_max=0.0069 m_ratio_max=0.593 return=-205.4 length=200 success_rate=0.00 collisions/ep=0.62 (n=16)
Evaluation at update 225: return=-175.12, length=200.00, success_rate=0.00, collisions/ep=0.00
Solved-check at update 225: solved=False worst_gap=1196.92 at p_x0=2.00 p_y0=0.00 (consecutive=0)
update=226 global_step=462848 SPS=135 w_ev=0.686 m_ev=0.052 m_v_bias=2.2 m_adv_std=36.1566 m_kl_max=0.0310 m_ratio_max=0.893 return=-189.2 length=200 success_rate=0.00 collisions/ep=0.38 (n=8)
update=227 global_step=464896 SPS=136 w_ev=0.652 m_ev=0.043 m_v_bias=3.3 m_adv_std=30.1099 m_kl_max=0.0192 m_ratio_max=0.937 return=-230.9 length=200 success_rate=0.00 collisions/ep=1.12 (n=8)
update=228 global_step=466944 SPS=136 w_ev=0.754 m_ev=0.338 m_v_bias=-3.4 m_adv_std=10.8074 m_kl_max=0.0121 m_ratio_max=0.797 return=-225.4 length=200 success_rate=0.00 collisions/ep=1.00 (n=8)
update=229 global_step=468992 SPS=137 w_ev=0.789 m_ev=0.193 m_v_bias=-0.0 m_adv_std=18.7721 m_kl_max=0.0276 m_ratio_max=1.101 return=-197.3 length=200 success_rate=0.00 collisions/ep=0.44 (n=16)
update=230 global_step=471040 SPS=137 w_ev=0.772 m_ev=0.586 m_v_bias=-4.4 m_adv_std=6.8046 m_kl_max=0.0287 m_ratio_max=1.637 return=-181.2 length=200 success_rate=0.00 collisions/ep=0.12 (n=8)
Evaluation at update 230: return=-175.99, length=200.00, success_rate=0.00, collisions/ep=0.00
Solved-check at update 230: solved=False worst_gap=1197.47 at p_x0=2.00 p_y0=0.00 (consecutive=0)
update=231 global_step=473088 SPS=135 w_ev=0.414 m_ev=0.022 m_v_bias=11.2 m_adv_std=58.0429 m_kl_max=0.0274 m_ratio_max=0.711 return=-227.4 length=200 success_rate=0.00 collisions/ep=1.12 (n=8)
update=232 global_step=475136 SPS=136 w_ev=0.575 m_ev=0.047 m_v_bias=-1.9 m_adv_std=32.4627 m_kl_max=0.0440 m_ratio_max=1.588 return=-207.0 length=200 success_rate=0.00 collisions/ep=0.62 (n=8)
update=233 global_step=477184 SPS=136 w_ev=0.781 m_ev=0.698 m_v_bias=-9.9 m_adv_std=5.3849 m_kl_max=0.0265 m_ratio_max=0.782 return=-190.5 length=200 success_rate=0.00 collisions/ep=0.31 (n=16)
update=234 global_step=479232 SPS=137 w_ev=0.724 m_ev=0.188 m_v_bias=-3.5 m_adv_std=22.7292 m_kl_max=0.0127 m_ratio_max=0.614 return=-219.4 length=200 success_rate=0.00 collisions/ep=0.88 (n=8)
update=235 global_step=481280 SPS=137 w_ev=0.777 m_ev=0.750 m_v_bias=-4.6 m_adv_std=3.6822 m_kl_max=0.0216 m_ratio_max=0.786 return=-174.6 length=200 success_rate=0.00 collisions/ep=0.00 (n=8)
Evaluation at update 235: return=-175.59, length=200.00, success_rate=0.00, collisions/ep=0.00
Solved-check at update 235: solved=False worst_gap=1195.84 at p_x0=2.00 p_y0=1.00 (consecutive=0)
update=236 global_step=483328 SPS=135 w_ev=0.766 m_ev=0.100 m_v_bias=6.2 m_adv_std=32.0754 m_kl_max=0.0210 m_ratio_max=0.698 return=-194.8 length=200 success_rate=0.00 collisions/ep=0.38 (n=16)
update=237 global_step=485376 SPS=136 w_ev=0.686 m_ev=0.103 m_v_bias=-1.8 m_adv_std=16.8387 m_kl_max=0.0118 m_ratio_max=0.659 return=-191.0 length=200 success_rate=0.00 collisions/ep=0.38 (n=8)
update=238 global_step=487424 SPS=136 w_ev=0.688 m_ev=0.189 m_v_bias=2.6 m_adv_std=19.3195 m_kl_max=0.0216 m_ratio_max=0.802 return=-202.7 length=200 success_rate=0.00 collisions/ep=0.50 (n=8)
update=239 global_step=489472 SPS=137 w_ev=0.627 m_ev=0.819 m_v_bias=-4.3 m_adv_std=2.7790 m_kl_max=0.0136 m_ratio_max=0.495 return=-180.8 length=200 success_rate=0.00 collisions/ep=0.12 (n=8)
update=240 global_step=491520 SPS=137 w_ev=0.828 m_ev=0.662 m_v_bias=-1.1 m_adv_std=6.5649 m_kl_max=0.0187 m_ratio_max=0.869 return=-182.4 length=200 success_rate=0.00 collisions/ep=0.06 (n=16)
Evaluation at update 240: return=-176.84, length=200.00, success_rate=0.00, collisions/ep=0.00
Solved-check at update 240: solved=False worst_gap=1197.06 at p_x0=2.00 p_y0=0.00 (consecutive=0)
update=241 global_step=493568 SPS=135 w_ev=0.680 m_ev=0.415 m_v_bias=-1.0 m_adv_std=8.5748 m_kl_max=0.0246 m_ratio_max=1.887 return=-194.0 length=200 success_rate=0.00 collisions/ep=0.38 (n=8)
update=242 global_step=495616 SPS=136 w_ev=0.722 m_ev=0.572 m_v_bias=-0.7 m_adv_std=6.4582 m_kl_max=0.0086 m_ratio_max=0.539 return=-180.9 length=200 success_rate=0.00 collisions/ep=0.12 (n=8)
update=243 global_step=497664 SPS=136 w_ev=0.598 m_ev=-0.079 m_v_bias=2.8 m_adv_std=23.9658 m_kl_max=0.0433 m_ratio_max=0.720 return=-195.5 length=200 success_rate=0.00 collisions/ep=0.38 (n=16)
update=244 global_step=499712 SPS=137 w_ev=0.706 m_ev=0.231 m_v_bias=-2.6 m_adv_std=9.1062 m_kl_max=0.0156 m_ratio_max=0.709 return=-183.1 length=200 success_rate=0.00 collisions/ep=0.12 (n=8)
update=245 global_step=501760 SPS=137 w_ev=0.637 m_ev=0.888 m_v_bias=-2.6 m_adv_std=2.2289 m_kl_max=0.0376 m_ratio_max=1.150 return=-176.9 length=200 success_rate=0.00 collisions/ep=0.00 (n=8)
Evaluation at update 245: return=-177.09, length=200.00, success_rate=0.00, collisions/ep=0.00
Solved-check at update 245: solved=False worst_gap=1198.45 at p_x0=2.00 p_y0=0.50 (consecutive=0)
update=246 global_step=503808 SPS=135 w_ev=0.647 m_ev=0.956 m_v_bias=-1.6 m_adv_std=1.1783 m_kl_max=0.0225 m_ratio_max=1.073 return=-178.7 length=200 success_rate=0.00 collisions/ep=0.00 (n=8)
update=247 global_step=505856 SPS=136 w_ev=0.843 m_ev=0.451 m_v_bias=2.4 m_adv_std=9.6198 m_kl_max=0.0155 m_ratio_max=0.892 return=-187.8 length=200 success_rate=0.00 collisions/ep=0.19 (n=16)
update=248 global_step=507904 SPS=136 w_ev=0.725 m_ev=0.135 m_v_bias=4.0 m_adv_std=19.8061 m_kl_max=0.0238 m_ratio_max=1.069 return=-179.6 length=200 success_rate=0.00 collisions/ep=0.12 (n=8)
update=249 global_step=509952 SPS=137 w_ev=0.704 m_ev=0.392 m_v_bias=-1.9 m_adv_std=7.0136 m_kl_max=0.0119 m_ratio_max=0.616 return=-203.1 length=200 success_rate=0.00 collisions/ep=0.62 (n=8)
update=250 global_step=512000 SPS=137 w_ev=0.649 m_ev=0.088 m_v_bias=5.1 m_adv_std=26.2295 m_kl_max=0.0245 m_ratio_max=1.166 return=-197.9 length=200 success_rate=0.00 collisions/ep=0.44 (n=16)
Evaluation at update 250: return=-175.99, length=200.00, success_rate=0.00, collisions/ep=0.00
Solved-check at update 250: solved=False worst_gap=1197.46 at p_x0=2.00 p_y0=1.00 (consecutive=0)
update=251 global_step=514048 SPS=135 w_ev=0.805 m_ev=0.878 m_v_bias=-3.8 m_adv_std=3.0474 m_kl_max=0.0073 m_ratio_max=0.417 return=-172.7 length=200 success_rate=0.00 collisions/ep=0.00 (n=8)
update=252 global_step=516096 SPS=136 w_ev=0.664 m_ev=0.937 m_v_bias=-2.5 m_adv_std=1.5544 m_kl_max=0.0284 m_ratio_max=1.832 return=-177.6 length=200 success_rate=0.00 collisions/ep=0.00 (n=8)
update=253 global_step=518144 SPS=136 w_ev=0.694 m_ev=0.579 m_v_bias=-0.3 m_adv_std=6.0390 m_kl_max=0.0266 m_ratio_max=0.675 return=-180.3 length=200 success_rate=0.00 collisions/ep=0.00 (n=8)
update=254 global_step=520192 SPS=137 w_ev=0.759 m_ev=0.094 m_v_bias=4.2 m_adv_std=21.1216 m_kl_max=0.0289 m_ratio_max=1.206 return=-197.2 length=200 success_rate=0.00 collisions/ep=0.44 (n=16)
update=255 global_step=522240 SPS=137 w_ev=0.691 m_ev=0.378 m_v_bias=-1.9 m_adv_std=7.0737 m_kl_max=0.0243 m_ratio_max=1.710 return=-180.0 length=200 success_rate=0.00 collisions/ep=0.12 (n=8)
Evaluation at update 255: return=-176.20, length=200.00, success_rate=0.00, collisions/ep=0.00
Solved-check at update 255: solved=False worst_gap=1197.27 at p_x0=2.00 p_y0=0.50 (consecutive=0)
update=256 global_step=524288 SPS=136 w_ev=0.808 m_ev=0.610 m_v_bias=-1.5 m_adv_std=6.1544 m_kl_max=0.0445 m_ratio_max=0.807 return=-186.9 length=200 success_rate=0.00 collisions/ep=0.12 (n=8)
update=257 global_step=526336 SPS=136 w_ev=0.773 m_ev=0.577 m_v_bias=-0.3 m_adv_std=6.1702 m_kl_max=0.0522 m_ratio_max=1.979 return=-176.2 length=200 success_rate=0.00 collisions/ep=0.00 (n=8)
update=258 global_step=528384 SPS=136 w_ev=0.865 m_ev=0.637 m_v_bias=-0.5 m_adv_std=6.0655 m_kl_max=0.0091 m_ratio_max=0.453 return=-181.0 length=200 success_rate=0.00 collisions/ep=0.12 (n=16)
update=259 global_step=530432 SPS=137 w_ev=0.844 m_ev=0.665 m_v_bias=-1.0 m_adv_std=5.1377 m_kl_max=0.0290 m_ratio_max=0.799 return=-178.5 length=200 success_rate=0.00 collisions/ep=0.12 (n=8)
update=260 global_step=532480 SPS=137 w_ev=0.850 m_ev=0.217 m_v_bias=2.2 m_adv_std=12.8703 m_kl_max=0.0170 m_ratio_max=0.598 return=-179.5 length=200 success_rate=0.00 collisions/ep=0.12 (n=8)
Evaluation at update 260: return=-175.57, length=200.00, success_rate=0.00, collisions/ep=0.00
Solved-check at update 260: solved=False worst_gap=1195.04 at p_x0=2.00 p_y0=0.50 (consecutive=0)
update=261 global_step=534528 SPS=136 w_ev=0.899 m_ev=0.517 m_v_bias=0.7 m_adv_std=8.5852 m_kl_max=0.0180 m_ratio_max=0.774 return=-185.1 length=200 success_rate=0.00 collisions/ep=0.25 (n=16)
update=262 global_step=536576 SPS=136 w_ev=0.866 m_ev=0.964 m_v_bias=-2.4 m_adv_std=1.5982 m_kl_max=0.0353 m_ratio_max=0.921 return=-170.8 length=200 success_rate=0.00 collisions/ep=0.00 (n=8)
update=263 global_step=538624 SPS=136 w_ev=0.786 m_ev=0.462 m_v_bias=1.3 m_adv_std=8.9155 m_kl_max=0.0227 m_ratio_max=0.709 return=-182.8 length=200 success_rate=0.00 collisions/ep=0.25 (n=8)
update=264 global_step=540672 SPS=137 w_ev=0.671 m_ev=0.165 m_v_bias=2.0 m_adv_std=17.2981 m_kl_max=0.0116 m_ratio_max=0.524 return=-193.3 length=200 success_rate=0.00 collisions/ep=0.38 (n=8)
update=265 global_step=542720 SPS=137 w_ev=0.875 m_ev=0.699 m_v_bias=-0.6 m_adv_std=6.4993 m_kl_max=0.0167 m_ratio_max=0.584 return=-181.9 length=200 success_rate=0.00 collisions/ep=0.12 (n=16)
Evaluation at update 265: return=-174.40, length=200.00, success_rate=0.00, collisions/ep=0.00
Solved-check at update 265: solved=False worst_gap=1194.70 at p_x0=2.00 p_y0=-0.50 (consecutive=0)
update=266 global_step=544768 SPS=136 w_ev=0.780 m_ev=0.933 m_v_bias=-2.4 m_adv_std=1.8101 m_kl_max=0.0284 m_ratio_max=1.376 return=-169.0 length=200 success_rate=0.00 collisions/ep=0.00 (n=8)
update=267 global_step=546816 SPS=136 w_ev=0.618 m_ev=0.091 m_v_bias=3.6 m_adv_std=25.2639 m_kl_max=0.0319 m_ratio_max=1.608 return=-190.5 length=200 success_rate=0.00 collisions/ep=0.25 (n=8)
update=268 global_step=548864 SPS=136 w_ev=0.660 m_ev=0.042 m_v_bias=3.1 m_adv_std=35.1086 m_kl_max=0.0246 m_ratio_max=1.877 return=-205.6 length=200 success_rate=0.00 collisions/ep=0.62 (n=16)
update=269 global_step=550912 SPS=137 w_ev=0.830 m_ev=0.334 m_v_bias=1.1 m_adv_std=14.0850 m_kl_max=0.0150 m_ratio_max=0.658 return=-199.4 length=200 success_rate=0.00 collisions/ep=0.50 (n=8)
update=270 global_step=552960 SPS=137 w_ev=0.837 m_ev=0.580 m_v_bias=-2.0 m_adv_std=6.7791 m_kl_max=0.0196 m_ratio_max=0.668 return=-175.3 length=200 success_rate=0.00 collisions/ep=0.00 (n=8)
Evaluation at update 270: return=-174.76, length=200.00, success_rate=0.00, collisions/ep=0.00
Solved-check at update 270: solved=False worst_gap=1194.79 at p_x0=2.00 p_y0=1.00 (consecutive=0)
update=271 global_step=555008 SPS=136 w_ev=0.888 m_ev=0.952 m_v_bias=-3.5 m_adv_std=1.8152 m_kl_max=0.0287 m_ratio_max=0.690 return=-177.2 length=200 success_rate=0.00 collisions/ep=0.12 (n=8)
update=272 global_step=557056 SPS=136 w_ev=0.912 m_ev=0.975 m_v_bias=-1.8 m_adv_std=1.4387 m_kl_max=0.0285 m_ratio_max=1.405 return=-172.1 length=200 success_rate=0.00 collisions/ep=0.00 (n=16)
update=273 global_step=559104 SPS=136 w_ev=0.849 m_ev=0.976 m_v_bias=-1.3 m_adv_std=1.2280 m_kl_max=0.0373 m_ratio_max=1.366 return=-170.3 length=200 success_rate=0.00 collisions/ep=0.00 (n=8)
update=274 global_step=561152 SPS=136 w_ev=0.711 m_ev=0.358 m_v_bias=2.5 m_adv_std=10.0594 m_kl_max=0.0146 m_ratio_max=0.694 return=-177.6 length=200 success_rate=0.00 collisions/ep=0.12 (n=8)
update=275 global_step=563200 SPS=137 w_ev=0.632 m_ev=0.086 m_v_bias=5.9 m_adv_std=30.6067 m_kl_max=0.0184 m_ratio_max=0.831 return=-200.1 length=200 success_rate=0.00 collisions/ep=0.50 (n=16)
Evaluation at update 275: return=-172.19, length=200.00, success_rate=0.00, collisions/ep=0.00
Solved-check at update 275: solved=False worst_gap=1195.15 at p_x0=2.00 p_y0=-0.50 (consecutive=0)
update=276 global_step=565248 SPS=136 w_ev=0.886 m_ev=0.692 m_v_bias=-2.4 m_adv_std=6.9252 m_kl_max=0.0139 m_ratio_max=0.610 return=-177.9 length=200 success_rate=0.00 collisions/ep=0.12 (n=8)
update=277 global_step=567296 SPS=136 w_ev=0.813 m_ev=0.932 m_v_bias=-3.4 m_adv_std=1.9958 m_kl_max=0.0275 m_ratio_max=0.875 return=-174.7 length=200 success_rate=0.00 collisions/ep=0.00 (n=8)
update=278 global_step=569344 SPS=136 w_ev=0.767 m_ev=0.680 m_v_bias=-1.1 m_adv_std=6.1249 m_kl_max=0.0344 m_ratio_max=1.570 return=-179.2 length=200 success_rate=0.00 collisions/ep=0.12 (n=8)
update=279 global_step=571392 SPS=136 w_ev=0.879 m_ev=0.415 m_v_bias=4.3 m_adv_std=14.6184 m_kl_max=0.0273 m_ratio_max=0.752 return=-186.1 length=200 success_rate=0.00 collisions/ep=0.31 (n=16)
update=280 global_step=573440 SPS=137 w_ev=0.812 m_ev=0.579 m_v_bias=-1.8 m_adv_std=6.7352 m_kl_max=0.0275 m_ratio_max=1.426 return=-167.1 length=200 success_rate=0.00 collisions/ep=0.00 (n=8)
Evaluation at update 280: return=-172.41, length=200.00, success_rate=0.00, collisions/ep=0.00
Solved-check at update 280: solved=False worst_gap=1192.94 at p_x0=2.00 p_y0=1.00 (consecutive=0)
update=281 global_step=575488 SPS=136 w_ev=0.826 m_ev=0.966 m_v_bias=-2.8 m_adv_std=1.6506 m_kl_max=0.0164 m_ratio_max=0.867 return=-179.4 length=200 success_rate=0.00 collisions/ep=0.12 (n=8)
update=282 global_step=577536 SPS=136 w_ev=0.811 m_ev=0.396 m_v_bias=3.7 m_adv_std=11.5174 m_kl_max=0.0222 m_ratio_max=0.877 return=-167.3 length=200 success_rate=0.00 collisions/ep=0.00 (n=8)
update=283 global_step=579584 SPS=136 w_ev=0.894 m_ev=0.939 m_v_bias=-2.8 m_adv_std=2.6124 m_kl_max=0.0216 m_ratio_max=0.846 return=-183.5 length=200 success_rate=0.00 collisions/ep=0.25 (n=16)
update=284 global_step=581632 SPS=136 w_ev=0.813 m_ev=0.606 m_v_bias=-0.1 m_adv_std=7.7658 m_kl_max=0.0194 m_ratio_max=1.259 return=-184.3 length=200 success_rate=0.00 collisions/ep=0.25 (n=8)
update=285 global_step=583680 SPS=137 w_ev=0.739 m_ev=0.167 m_v_bias=4.3 m_adv_std=23.9962 m_kl_max=0.0346 m_ratio_max=0.870 return=-178.1 length=200 success_rate=0.00 collisions/ep=0.12 (n=8)
Evaluation at update 285: return=-171.40, length=200.00, success_rate=0.00, collisions/ep=0.00
Solved-check at update 285: solved=False worst_gap=1192.69 at p_x0=2.00 p_y0=0.50 (consecutive=0)
update=286 global_step=585728 SPS=136 w_ev=0.897 m_ev=0.747 m_v_bias=-2.4 m_adv_std=6.1737 m_kl_max=0.0147 m_ratio_max=0.773 return=-189.8 length=200 success_rate=0.00 collisions/ep=0.31 (n=16)
update=287 global_step=587776 SPS=136 w_ev=0.844 m_ev=0.703 m_v_bias=-0.7 m_adv_std=6.6534 m_kl_max=0.0339 m_ratio_max=0.870 return=-176.9 length=200 success_rate=0.00 collisions/ep=0.12 (n=8)
update=288 global_step=589824 SPS=136 w_ev=0.808 m_ev=0.316 m_v_bias=-0.5 m_adv_std=11.7567 m_kl_max=0.0227 m_ratio_max=0.967 return=-167.8 length=200 success_rate=0.00 collisions/ep=0.00 (n=8)
update=289 global_step=591872 SPS=136 w_ev=0.780 m_ev=0.619 m_v_bias=-0.8 m_adv_std=7.0387 m_kl_max=0.0423 m_ratio_max=1.420 return=-183.7 length=200 success_rate=0.00 collisions/ep=0.25 (n=8)
update=290 global_step=593920 SPS=137 w_ev=0.866 m_ev=0.657 m_v_bias=0.7 m_adv_std=9.1602 m_kl_max=0.0125 m_ratio_max=0.829 return=-178.3 length=200 success_rate=0.00 collisions/ep=0.19 (n=16)
Evaluation at update 290: return=-169.61, length=200.00, success_rate=0.00, collisions/ep=0.00
Solved-check at update 290: solved=False worst_gap=1191.53 at p_x0=2.00 p_y0=-0.50 (consecutive=0)
update=291 global_step=595968 SPS=136 w_ev=0.814 m_ev=0.454 m_v_bias=-0.7 m_adv_std=8.4993 m_kl_max=0.0160 m_ratio_max=0.816 return=-161.0 length=200 success_rate=0.00 collisions/ep=0.00 (n=8)
update=292 global_step=598016 SPS=136 w_ev=0.696 m_ev=0.162 m_v_bias=5.5 m_adv_std=27.3015 m_kl_max=0.0304 m_ratio_max=1.870 return=-200.5 length=200 success_rate=0.00 collisions/ep=0.62 (n=8)
update=293 global_step=600064 SPS=136 w_ev=0.873 m_ev=0.626 m_v_bias=-2.9 m_adv_std=5.9597 m_kl_max=0.0140 m_ratio_max=0.473 return=-183.5 length=200 success_rate=0.00 collisions/ep=0.31 (n=16)
update=294 global_step=602112 SPS=136 w_ev=0.858 m_ev=0.944 m_v_bias=-2.8 m_adv_std=2.6036 m_kl_max=0.0635 m_ratio_max=2.626 return=-166.9 length=200 success_rate=0.00 collisions/ep=0.00 (n=8)
update=295 global_step=604160 SPS=137 w_ev=0.833 m_ev=0.981 m_v_bias=-1.9 m_adv_std=1.3880 m_kl_max=0.0404 m_ratio_max=1.123 return=-174.7 length=200 success_rate=0.00 collisions/ep=0.00 (n=8)
Evaluation at update 295: return=-166.74, length=200.00, success_rate=0.00, collisions/ep=0.00
Solved-check at update 295: solved=False worst_gap=1189.01 at p_x0=1.50 p_y0=0.50 (consecutive=0)
update=296 global_step=606208 SPS=136 w_ev=0.885 m_ev=0.986 m_v_bias=-1.6 m_adv_std=1.1955 m_kl_max=0.0273 m_ratio_max=1.007 return=-161.9 length=200 success_rate=0.00 collisions/ep=0.00 (n=8)
update=297 global_step=608256 SPS=136 w_ev=0.897 m_ev=0.512 m_v_bias=2.0 m_adv_std=12.2130 m_kl_max=0.0072 m_ratio_max=0.358 return=-175.7 length=200 success_rate=0.00 collisions/ep=0.12 (n=16)
update=298 global_step=610304 SPS=136 w_ev=0.549 m_ev=0.066 m_v_bias=13.6 m_adv_std=62.3410 m_kl_max=0.0233 m_ratio_max=0.882 return=-241.9 length=200 success_rate=0.00 collisions/ep=1.50 (n=8)
update=299 global_step=612352 SPS=136 w_ev=0.846 m_ev=0.387 m_v_bias=-3.7 m_adv_std=12.2170 m_kl_max=0.0245 m_ratio_max=0.993 return=-175.0 length=200 success_rate=0.00 collisions/ep=0.25 (n=8)
update=300 global_step=614400 SPS=137 w_ev=0.866 m_ev=0.665 m_v_bias=-5.3 m_adv_std=6.7743 m_kl_max=0.0163 m_ratio_max=0.554 return=-172.4 length=200 success_rate=0.00 collisions/ep=0.06 (n=16)
Evaluation at update 300: return=-164.51, length=200.00, success_rate=0.00, collisions/ep=0.00
Solved-check at update 300: solved=False worst_gap=1192.75 at p_x0=2.00 p_y0=1.00 (consecutive=0)
update=301 global_step=616448 SPS=136 w_ev=0.923 m_ev=0.937 m_v_bias=-3.7 m_adv_std=3.0128 m_kl_max=0.0198 m_ratio_max=0.864 return=-168.6 length=200 success_rate=0.00 collisions/ep=0.00 (n=8)
update=302 global_step=618496 SPS=136 w_ev=0.830 m_ev=0.433 m_v_bias=-1.2 m_adv_std=11.1673 m_kl_max=0.0376 m_ratio_max=1.074 return=-174.2 length=200 success_rate=0.00 collisions/ep=0.25 (n=8)
update=303 global_step=620544 SPS=136 w_ev=0.849 m_ev=0.485 m_v_bias=1.9 m_adv_std=12.4822 m_kl_max=0.0217 m_ratio_max=0.872 return=-165.3 length=200 success_rate=0.00 collisions/ep=0.00 (n=8)
update=304 global_step=622592 SPS=136 w_ev=0.913 m_ev=0.747 m_v_bias=-1.1 m_adv_std=6.6576 m_kl_max=0.0171 m_ratio_max=0.762 return=-178.0 length=200 success_rate=0.00 collisions/ep=0.25 (n=16)
update=305 global_step=624640 SPS=137 w_ev=0.860 m_ev=0.586 m_v_bias=-0.0 m_adv_std=8.7649 m_kl_max=0.0588 m_ratio_max=3.523 return=-180.2 length=200 success_rate=0.00 collisions/ep=0.25 (n=8)
Evaluation at update 305: return=-163.51, length=200.00, success_rate=0.00, collisions/ep=0.00
Solved-check at update 305: solved=False worst_gap=1183.07 at p_x0=2.00 p_y0=0.00 (consecutive=0)
update=306 global_step=626688 SPS=136 w_ev=0.852 m_ev=0.159 m_v_bias=2.4 m_adv_std=18.9699 m_kl_max=0.0205 m_ratio_max=1.675 return=-169.4 length=200 success_rate=0.00 collisions/ep=0.00 (n=8)
update=307 global_step=628736 SPS=136 w_ev=0.847 m_ev=0.908 m_v_bias=-4.0 m_adv_std=3.0431 m_kl_max=0.0809 m_ratio_max=1.871 return=-192.8 length=200 success_rate=0.00 collisions/ep=0.50 (n=8)
update=308 global_step=630784 SPS=136 w_ev=0.928 m_ev=0.980 m_v_bias=-1.9 m_adv_std=1.6181 m_kl_max=0.0239 m_ratio_max=0.991 return=-166.6 length=200 success_rate=0.00 collisions/ep=0.00 (n=16)
update=309 global_step=632832 SPS=136 w_ev=0.869 m_ev=0.221 m_v_bias=3.7 m_adv_std=16.7725 m_kl_max=0.0310 m_ratio_max=1.067 return=-180.5 length=200 success_rate=0.00 collisions/ep=0.25 (n=8)
update=310 global_step=634880 SPS=137 w_ev=0.875 m_ev=0.887 m_v_bias=-3.0 m_adv_std=3.3256 m_kl_max=0.0628 m_ratio_max=3.146 return=-180.1 length=200 success_rate=0.00 collisions/ep=0.38 (n=8)
Evaluation at update 310: return=-164.37, length=200.00, success_rate=0.00, collisions/ep=0.00
Solved-check at update 310: solved=False worst_gap=1186.08 at p_x0=2.00 p_y0=0.00 (consecutive=0)
update=311 global_step=636928 SPS=135 w_ev=0.910 m_ev=0.785 m_v_bias=-0.5 m_adv_std=5.7967 m_kl_max=0.0040 m_ratio_max=0.356 return=-170.1 length=200 success_rate=0.00 collisions/ep=0.06 (n=16)
update=312 global_step=638976 SPS=136 w_ev=0.896 m_ev=0.679 m_v_bias=1.0 m_adv_std=8.4874 m_kl_max=0.0171 m_ratio_max=0.871 return=-173.8 length=200 success_rate=0.00 collisions/ep=0.25 (n=8)
update=313 global_step=641024 SPS=136 w_ev=0.903 m_ev=0.759 m_v_bias=-0.4 m_adv_std=6.2599 m_kl_max=0.0077 m_ratio_max=0.641 return=-169.2 length=200 success_rate=0.00 collisions/ep=0.12 (n=8)
update=314 global_step=643072 SPS=136 w_ev=0.897 m_ev=0.888 m_v_bias=-1.2 m_adv_std=3.6903 m_kl_max=0.0175 m_ratio_max=0.940 return=-167.4 length=200 success_rate=0.00 collisions/ep=0.12 (n=8)
update=315 global_step=645120 SPS=137 w_ev=0.934 m_ev=0.777 m_v_bias=0.1 m_adv_std=6.3619 m_kl_max=0.0148 m_ratio_max=0.601 return=-168.8 length=200 success_rate=0.00 collisions/ep=0.06 (n=16)
Evaluation at update 315: return=-162.99, length=200.00, success_rate=0.00, collisions/ep=0.00
Solved-check at update 315: solved=False worst_gap=1185.85 at p_x0=2.00 p_y0=0.00 (consecutive=0)
update=316 global_step=647168 SPS=136 w_ev=0.889 m_ev=0.987 m_v_bias=-1.5 m_adv_std=1.1105 m_kl_max=0.0455 m_ratio_max=1.525 return=-162.5 length=200 success_rate=0.00 collisions/ep=0.00 (n=8)
update=317 global_step=649216 SPS=136 w_ev=0.830 m_ev=0.302 m_v_bias=3.5 m_adv_std=16.8371 m_kl_max=0.0244 m_ratio_max=0.736 return=-173.8 length=200 success_rate=0.00 collisions/ep=0.25 (n=8)
update=318 global_step=651264 SPS=136 w_ev=0.915 m_ev=0.646 m_v_bias=-0.5 m_adv_std=7.5941 m_kl_max=0.0145 m_ratio_max=0.768 return=-175.6 length=200 success_rate=0.00 collisions/ep=0.25 (n=16)
update=319 global_step=653312 SPS=136 w_ev=0.924 m_ev=0.979 m_v_bias=-1.6 m_adv_std=1.7303 m_kl_max=0.0445 m_ratio_max=1.597 return=-167.6 length=200 success_rate=0.00 collisions/ep=0.00 (n=8)
update=320 global_step=655360 SPS=137 w_ev=0.855 m_ev=0.337 m_v_bias=3.4 m_adv_std=16.4275 m_kl_max=0.0269 m_ratio_max=0.762 return=-193.5 length=200 success_rate=0.00 collisions/ep=0.62 (n=8)
Evaluation at update 320: return=-162.52, length=200.00, success_rate=0.00, collisions/ep=0.00
Solved-check at update 320: solved=False worst_gap=1187.07 at p_x0=2.00 p_y0=-0.50 (consecutive=0)
update=321 global_step=657408 SPS=136 w_ev=0.861 m_ev=0.607 m_v_bias=-1.2 m_adv_std=7.8523 m_kl_max=0.0260 m_ratio_max=0.932 return=-165.7 length=200 success_rate=0.00 collisions/ep=0.12 (n=8)
update=322 global_step=659456 SPS=136 w_ev=0.910 m_ev=0.448 m_v_bias=2.6 m_adv_std=14.6198 m_kl_max=0.0114 m_ratio_max=0.949 return=-179.3 length=200 success_rate=0.00 collisions/ep=0.31 (n=16)
update=323 global_step=661504 SPS=136 w_ev=0.895 m_ev=0.752 m_v_bias=-2.7 m_adv_std=6.3087 m_kl_max=0.0592 m_ratio_max=2.706 return=-168.5 length=200 success_rate=0.00 collisions/ep=0.12 (n=8)
update=324 global_step=663552 SPS=136 w_ev=0.850 m_ev=0.216 m_v_bias=1.6 m_adv_std=19.5092 m_kl_max=0.0173 m_ratio_max=1.226 return=-161.0 length=200 success_rate=0.00 collisions/ep=0.00 (n=8)
update=325 global_step=665600 SPS=137 w_ev=0.855 m_ev=0.341 m_v_bias=0.2 m_adv_std=15.6791 m_kl_max=0.0272 m_ratio_max=0.743 return=-185.7 length=200 success_rate=0.00 collisions/ep=0.44 (n=16)
Evaluation at update 325: return=-161.29, length=200.00, success_rate=0.00, collisions/ep=0.00
Solved-check at update 325: solved=False worst_gap=1184.90 at p_x0=2.00 p_y0=0.50 (consecutive=0)
update=326 global_step=667648 SPS=135 w_ev=0.958 m_ev=0.928 m_v_bias=-2.7 m_adv_std=3.6420 m_kl_max=0.0300 m_ratio_max=1.551 return=-160.3 length=200 success_rate=0.00 collisions/ep=0.00 (n=8)
update=327 global_step=669696 SPS=136 w_ev=0.924 m_ev=0.813 m_v_bias=-1.8 m_adv_std=5.1852 m_kl_max=0.0801 m_ratio_max=3.682 return=-167.8 length=200 success_rate=0.00 collisions/ep=0.12 (n=8)
update=328 global_step=671744 SPS=136 w_ev=0.903 m_ev=0.986 m_v_bias=-1.7 m_adv_std=1.2961 m_kl_max=0.0344 m_ratio_max=1.713 return=-163.5 length=200 success_rate=0.00 collisions/ep=0.00 (n=8)
update=329 global_step=673792 SPS=136 w_ev=0.960 m_ev=0.993 m_v_bias=-1.7 m_adv_std=1.1756 m_kl_max=0.0345 m_ratio_max=1.445 return=-158.7 length=200 success_rate=0.00 collisions/ep=0.00 (n=16)
update=330 global_step=675840 SPS=137 w_ev=0.824 m_ev=-0.023 m_v_bias=7.2 m_adv_std=21.7561 m_kl_max=0.0813 m_ratio_max=0.897 return=-183.4 length=200 success_rate=0.00 collisions/ep=0.50 (n=8)
Evaluation at update 330: return=-160.21, length=200.00, success_rate=0.00, collisions/ep=0.00
Solved-check at update 330: solved=False worst_gap=1188.63 at p_x0=2.00 p_y0=1.00 (consecutive=0)
update=331 global_step=677888 SPS=135 w_ev=0.914 m_ev=0.639 m_v_bias=-4.8 m_adv_std=6.2090 m_kl_max=0.0153 m_ratio_max=0.672 return=-193.9 length=200 success_rate=0.00 collisions/ep=0.62 (n=8)
update=332 global_step=679936 SPS=136 w_ev=0.896 m_ev=0.976 m_v_bias=-1.1 m_adv_std=1.6291 m_kl_max=0.0397 m_ratio_max=1.110 return=-160.7 length=200 success_rate=0.00 collisions/ep=0.00 (n=8)
update=333 global_step=681984 SPS=136 w_ev=0.938 m_ev=0.561 m_v_bias=3.1 m_adv_std=13.4525 m_kl_max=0.0107 m_ratio_max=0.523 return=-169.7 length=200 success_rate=0.00 collisions/ep=0.19 (n=16)
update=334 global_step=684032 SPS=136 w_ev=0.905 m_ev=0.488 m_v_bias=0.5 m_adv_std=12.2436 m_kl_max=0.0359 m_ratio_max=1.497 return=-168.3 length=200 success_rate=0.00 collisions/ep=0.25 (n=8)
update=335 global_step=686080 SPS=137 w_ev=0.906 m_ev=0.977 m_v_bias=-2.6 m_adv_std=1.7046 m_kl_max=0.0454 m_ratio_max=1.233 return=-158.1 length=200 success_rate=0.00 collisions/ep=0.00 (n=8)
Evaluation at update 335: return=-160.04, length=200.00, success_rate=0.00, collisions/ep=0.00
Solved-check at update 335: solved=False worst_gap=1180.36 at p_x0=2.00 p_y0=0.00 (consecutive=0)
update=336 global_step=688128 SPS=135 w_ev=0.959 m_ev=0.788 m_v_bias=-0.2 m_adv_std=6.7274 m_kl_max=0.0211 m_ratio_max=0.779 return=-162.9 length=200 success_rate=0.00 collisions/ep=0.06 (n=16)
update=337 global_step=690176 SPS=136 w_ev=0.926 m_ev=0.616 m_v_bias=0.4 m_adv_std=8.3613 m_kl_max=0.0328 m_ratio_max=1.158 return=-166.0 length=200 success_rate=0.00 collisions/ep=0.12 (n=8)
update=338 global_step=692224 SPS=136 w_ev=0.938 m_ev=0.977 m_v_bias=-2.3 m_adv_std=1.7488 m_kl_max=0.0292 m_ratio_max=0.874 return=-168.8 length=200 success_rate=0.00 collisions/ep=0.12 (n=8)
update=339 global_step=694272 SPS=136 w_ev=0.920 m_ev=0.985 m_v_bias=-1.9 m_adv_std=1.3902 m_kl_max=0.0499 m_ratio_max=1.637 return=-153.7 length=200 success_rate=0.00 collisions/ep=0.00 (n=8)
update=340 global_step=696320 SPS=137 w_ev=0.938 m_ev=0.261 m_v_bias=2.7 m_adv_std=17.6324 m_kl_max=0.0132 m_ratio_max=0.666 return=-166.6 length=200 success_rate=0.00 collisions/ep=0.25 (n=16)
Evaluation at update 340: return=-158.29, length=200.00, success_rate=0.00, collisions/ep=0.00
Solved-check at update 340: solved=False worst_gap=1179.77 at p_x0=2.00 p_y0=0.50 (consecutive=0)
update=341 global_step=698368 SPS=135 w_ev=0.930 m_ev=0.696 m_v_bias=-0.8 m_adv_std=7.2611 m_kl_max=0.0242 m_ratio_max=1.122 return=-168.3 length=200 success_rate=0.00 collisions/ep=0.12 (n=8)
update=342 global_step=700416 SPS=136 w_ev=0.757 m_ev=0.093 m_v_bias=5.8 m_adv_std=43.6791 m_kl_max=0.0265 m_ratio_max=0.681 return=-204.6 length=200 success_rate=0.00 collisions/ep=1.00 (n=8)
update=343 global_step=702464 SPS=136 w_ev=0.959 m_ev=0.885 m_v_bias=-3.0 m_adv_std=4.1084 m_kl_max=0.0077 m_ratio_max=0.516 return=-159.8 length=200 success_rate=0.00 collisions/ep=0.00 (n=16)
update=344 global_step=704512 SPS=136 w_ev=0.972 m_ev=0.827 m_v_bias=-0.4 m_adv_std=6.0028 m_kl_max=0.0117 m_ratio_max=0.778 return=-161.0 length=200 success_rate=0.00 collisions/ep=0.12 (n=8)
update=345 global_step=706560 SPS=137 w_ev=0.956 m_ev=0.767 m_v_bias=-0.3 m_adv_std=6.4464 m_kl_max=0.0537 m_ratio_max=2.121 return=-160.2 length=200 success_rate=0.00 collisions/ep=0.12 (n=8)
Evaluation at update 345: return=-156.36, length=200.00, success_rate=0.00, collisions/ep=0.00
Solved-check at update 345: solved=False worst_gap=1180.61 at p_x0=2.00 p_y0=0.00 (consecutive=0)
update=346 global_step=708608 SPS=135 w_ev=0.959 m_ev=0.817 m_v_bias=-0.2 m_adv_std=6.1084 m_kl_max=0.0304 m_ratio_max=1.246 return=-161.6 length=200 success_rate=0.00 collisions/ep=0.12 (n=8)
update=347 global_step=710656 SPS=136 w_ev=0.984 m_ev=0.986 m_v_bias=-0.8 m_adv_std=1.6342 m_kl_max=0.0343 m_ratio_max=1.867 return=-154.3 length=200 success_rate=0.00 collisions/ep=0.00 (n=16)
update=348 global_step=712704 SPS=136 w_ev=0.960 m_ev=0.733 m_v_bias=-0.4 m_adv_std=6.0576 m_kl_max=0.0328 m_ratio_max=1.783 return=-158.6 length=200 success_rate=0.00 collisions/ep=0.00 (n=8)
update=349 global_step=714752 SPS=136 w_ev=0.963 m_ev=0.981 m_v_bias=-1.6 m_adv_std=1.5435 m_kl_max=0.0614 m_ratio_max=1.796 return=-162.5 length=200 success_rate=0.00 collisions/ep=0.12 (n=8)
update=350 global_step=716800 SPS=137 w_ev=0.950 m_ev=0.329 m_v_bias=3.7 m_adv_std=17.9115 m_kl_max=0.0338 m_ratio_max=0.742 return=-165.4 length=200 success_rate=0.00 collisions/ep=0.19 (n=16)
Evaluation at update 350: return=-154.33, length=200.00, success_rate=0.00, collisions/ep=0.00
Solved-check at update 350: solved=False worst_gap=1177.55 at p_x0=2.00 p_y0=0.00 (consecutive=0)
update=351 global_step=718848 SPS=135 w_ev=0.971 m_ev=0.943 m_v_bias=-0.3 m_adv_std=3.1563 m_kl_max=0.0117 m_ratio_max=0.952 return=-156.8 length=200 success_rate=0.00 collisions/ep=0.00 (n=8)
update=352 global_step=720896 SPS=136 w_ev=0.965 m_ev=0.984 m_v_bias=-1.3 m_adv_std=1.3321 m_kl_max=0.0613 m_ratio_max=1.229 return=-159.0 length=200 success_rate=0.00 collisions/ep=0.00 (n=8)
update=353 global_step=722944 SPS=136 w_ev=0.920 m_ev=0.070 m_v_bias=3.3 m_adv_std=23.3425 m_kl_max=0.0248 m_ratio_max=0.661 return=-158.0 length=200 success_rate=0.00 collisions/ep=0.00 (n=8)
update=354 global_step=724992 SPS=136 w_ev=0.980 m_ev=0.787 m_v_bias=-3.4 m_adv_std=6.2368 m_kl_max=0.0314 m_ratio_max=1.732 return=-167.6 length=200 success_rate=0.00 collisions/ep=0.31 (n=16)
update=355 global_step=727040 SPS=136 w_ev=0.966 m_ev=0.583 m_v_bias=0.3 m_adv_std=11.9953 m_kl_max=0.0178 m_ratio_max=0.721 return=-159.1 length=200 success_rate=0.00 collisions/ep=0.25 (n=8)
Evaluation at update 355: return=-153.60, length=200.00, success_rate=0.00, collisions/ep=0.00
Solved-check at update 355: solved=False worst_gap=1176.51 at p_x0=2.00 p_y0=0.00 (consecutive=0)
update=356 global_step=729088 SPS=135 w_ev=0.971 m_ev=0.685 m_v_bias=0.3 m_adv_std=8.2460 m_kl_max=0.0127 m_ratio_max=0.734 return=-156.1 length=200 success_rate=0.00 collisions/ep=0.12 (n=8)
update=357 global_step=731136 SPS=136 w_ev=0.949 m_ev=0.298 m_v_bias=2.6 m_adv_std=16.4350 m_kl_max=0.0286 m_ratio_max=0.688 return=-156.5 length=200 success_rate=0.00 collisions/ep=0.12 (n=8)
update=358 global_step=733184 SPS=136 w_ev=0.979 m_ev=0.826 m_v_bias=-2.5 m_adv_std=6.7564 m_kl_max=0.0128 m_ratio_max=0.919 return=-167.2 length=200 success_rate=0.00 collisions/ep=0.31 (n=16)
update=359 global_step=735232 SPS=136 w_ev=0.968 m_ev=0.980 m_v_bias=-2.3 m_adv_std=1.6716 m_kl_max=0.0330 m_ratio_max=1.430 return=-155.7 length=200 success_rate=0.00 collisions/ep=0.00 (n=8)
update=360 global_step=737280 SPS=136 w_ev=0.969 m_ev=0.990 m_v_bias=-1.0 m_adv_std=1.1624 m_kl_max=0.0927 m_ratio_max=1.834 return=-153.2 length=200 success_rate=0.00 collisions/ep=0.00 (n=8)
Evaluation at update 360: return=-152.88, length=200.00, success_rate=0.00, collisions/ep=0.00
Solved-check at update 360: solved=False worst_gap=1174.82 at p_x0=2.00 p_y0=0.00 (consecutive=0)
update=361 global_step=739328 SPS=136 w_ev=0.981 m_ev=0.831 m_v_bias=0.6 m_adv_std=6.4269 m_kl_max=0.0359 m_ratio_max=0.850 return=-153.4 length=200 success_rate=0.00 collisions/ep=0.06 (n=16)
update=362 global_step=741376 SPS=136 w_ev=0.970 m_ev=0.553 m_v_bias=0.4 m_adv_std=11.5883 m_kl_max=0.0042 m_ratio_max=0.391 return=-151.8 length=200 success_rate=0.00 collisions/ep=0.00 (n=8)
update=363 global_step=743424 SPS=136 w_ev=0.947 m_ev=0.433 m_v_bias=2.1 m_adv_std=15.5954 m_kl_max=0.0407 m_ratio_max=1.140 return=-189.5 length=200 success_rate=0.00 collisions/ep=0.75 (n=8)
update=364 global_step=745472 SPS=136 w_ev=0.967 m_ev=0.965 m_v_bias=-1.8 m_adv_std=2.3708 m_kl_max=0.0137 m_ratio_max=0.553 return=-152.0 length=200 success_rate=0.00 collisions/ep=0.00 (n=8)
update=365 global_step=747520 SPS=136 w_ev=0.980 m_ev=0.992 m_v_bias=-1.5 m_adv_std=1.3334 m_kl_max=0.0368 m_ratio_max=2.142 return=-152.0 length=200 success_rate=0.00 collisions/ep=0.00 (n=16)
Evaluation at update 365: return=-151.16, length=200.00, success_rate=0.00, collisions/ep=0.00
Solved-check at update 365: solved=False worst_gap=1173.07 at p_x0=2.00 p_y0=1.00 (consecutive=0)
update=366 global_step=749568 SPS=136 w_ev=0.966 m_ev=0.635 m_v_bias=1.1 m_adv_std=8.6056 m_kl_max=0.0207 m_ratio_max=0.558 return=-152.3 length=200 success_rate=0.00 collisions/ep=0.00 (n=8)
update=367 global_step=751616 SPS=136 w_ev=0.975 m_ev=0.524 m_v_bias=0.1 m_adv_std=10.5729 m_kl_max=0.0284 m_ratio_max=0.959 return=-162.1 length=200 success_rate=0.00 collisions/ep=0.25 (n=8)
update=368 global_step=753664 SPS=136 w_ev=0.977 m_ev=0.982 m_v_bias=-2.2 m_adv_std=1.6150 m_kl_max=0.0389 m_ratio_max=0.824 return=-157.1 length=200 success_rate=0.00 collisions/ep=0.12 (n=16)
update=369 global_step=755712 SPS=136 w_ev=0.968 m_ev=0.855 m_v_bias=-0.1 m_adv_std=5.9894 m_kl_max=0.0148 m_ratio_max=0.762 return=-158.2 length=200 success_rate=0.00 collisions/ep=0.12 (n=8)
update=370 global_step=757760 SPS=136 w_ev=0.972 m_ev=0.539 m_v_bias=1.9 m_adv_std=9.7990 m_kl_max=0.0193 m_ratio_max=0.734 return=-159.8 length=200 success_rate=0.00 collisions/ep=0.12 (n=8)
Evaluation at update 370: return=-150.44, length=200.00, success_rate=0.00, collisions/ep=0.00
Solved-check at update 370: solved=False worst_gap=1171.32 at p_x0=2.00 p_y0=0.00 (consecutive=0)
update=371 global_step=759808 SPS=136 w_ev=0.978 m_ev=0.660 m_v_bias=0.5 m_adv_std=9.1239 m_kl_max=0.0360 m_ratio_max=1.395 return=-163.3 length=200 success_rate=0.00 collisions/ep=0.25 (n=8)
update=372 global_step=761856 SPS=136 w_ev=0.985 m_ev=0.985 m_v_bias=-1.8 m_adv_std=1.8325 m_kl_max=0.0108 m_ratio_max=0.477 return=-155.7 length=200 success_rate=0.00 collisions/ep=0.12 (n=16)
update=373 global_step=763904 SPS=136 w_ev=0.978 m_ev=0.990 m_v_bias=-1.4 m_adv_std=1.2690 m_kl_max=0.0216 m_ratio_max=0.795 return=-151.8 length=200 success_rate=0.00 collisions/ep=0.00 (n=8)
update=374 global_step=765952 SPS=136 w_ev=0.977 m_ev=0.993 m_v_bias=-1.2 m_adv_std=1.0515 m_kl_max=0.0295 m_ratio_max=1.224 return=-148.4 length=200 success_rate=0.00 collisions/ep=0.00 (n=8)
update=375 global_step=768000 SPS=136 w_ev=0.976 m_ev=0.816 m_v_bias=0.0 m_adv_std=5.5923 m_kl_max=0.0121 m_ratio_max=0.541 return=-154.9 length=200 success_rate=0.00 collisions/ep=0.06 (n=16)
Evaluation at update 375: return=-149.13, length=200.00, success_rate=0.00, collisions/ep=0.00
Solved-check at update 375: solved=False worst_gap=1169.33 at p_x0=2.00 p_y0=-0.50 (consecutive=0)
update=376 global_step=770048 SPS=136 w_ev=0.974 m_ev=0.431 m_v_bias=6.0 m_adv_std=20.8124 m_kl_max=0.0304 m_ratio_max=1.006 return=-181.5 length=200 success_rate=0.00 collisions/ep=0.62 (n=8)
update=377 global_step=772096 SPS=136 w_ev=0.977 m_ev=0.811 m_v_bias=-0.7 m_adv_std=6.3889 m_kl_max=0.0177 m_ratio_max=1.041 return=-152.1 length=200 success_rate=0.00 collisions/ep=0.12 (n=8)
update=378 global_step=774144 SPS=136 w_ev=0.977 m_ev=0.987 m_v_bias=-2.2 m_adv_std=1.6120 m_kl_max=0.0395 m_ratio_max=0.994 return=-151.9 length=200 success_rate=0.00 collisions/ep=0.00 (n=8)
update=379 global_step=776192 SPS=136 w_ev=0.987 m_ev=0.992 m_v_bias=-1.3 m_adv_std=1.2937 m_kl_max=0.0253 m_ratio_max=0.955 return=-147.8 length=200 success_rate=0.00 collisions/ep=0.00 (n=16)
update=380 global_step=778240 SPS=136 w_ev=0.982 m_ev=0.994 m_v_bias=-1.1 m_adv_std=1.0357 m_kl_max=0.0248 m_ratio_max=0.876 return=-152.4 length=200 success_rate=0.00 collisions/ep=0.00 (n=8)
Evaluation at update 380: return=-149.04, length=200.00, success_rate=0.00, collisions/ep=0.00
Solved-check at update 380: solved=False worst_gap=1172.03 at p_x0=2.00 p_y0=0.00 (consecutive=0)
update=381 global_step=780288 SPS=136 w_ev=0.942 m_ev=0.319 m_v_bias=6.6 m_adv_std=22.1220 m_kl_max=0.0276 m_ratio_max=1.180 return=-169.3 length=200 success_rate=0.00 collisions/ep=0.38 (n=8)
update=382 global_step=782336 SPS=136 w_ev=0.970 m_ev=0.816 m_v_bias=-2.4 m_adv_std=6.4652 m_kl_max=0.0162 m_ratio_max=0.592 return=-175.1 length=200 success_rate=0.00 collisions/ep=0.50 (n=8)
update=383 global_step=784384 SPS=136 w_ev=0.986 m_ev=0.871 m_v_bias=-0.4 m_adv_std=6.5798 m_kl_max=0.0161 m_ratio_max=0.589 return=-152.1 length=200 success_rate=0.00 collisions/ep=0.06 (n=16)
update=384 global_step=786432 SPS=136 w_ev=0.978 m_ev=0.601 m_v_bias=1.0 m_adv_std=10.0731 m_kl_max=0.0168 m_ratio_max=0.976 return=-155.5 length=200 success_rate=0.00 collisions/ep=0.12 (n=8)
update=385 global_step=788480 SPS=136 w_ev=0.977 m_ev=0.974 m_v_bias=-2.8 m_adv_std=1.9636 m_kl_max=0.0348 m_ratio_max=1.119 return=-161.9 length=200 success_rate=0.00 collisions/ep=0.25 (n=8)
Evaluation at update 385: return=-149.55, length=200.00, success_rate=0.00, collisions/ep=0.00
Solved-check at update 385: solved=False worst_gap=1171.49 at p_x0=2.00 p_y0=1.00 (consecutive=0)
update=386 global_step=790528 SPS=136 w_ev=0.987 m_ev=0.995 m_v_bias=-0.9 m_adv_std=1.0413 m_kl_max=0.0514 m_ratio_max=1.445 return=-151.3 length=200 success_rate=0.00 collisions/ep=0.00 (n=16)
update=387 global_step=792576 SPS=136 w_ev=0.984 m_ev=0.997 m_v_bias=-0.5 m_adv_std=0.7694 m_kl_max=0.0324 m_ratio_max=2.199 return=-146.0 length=200 success_rate=0.00 collisions/ep=0.00 (n=8)
update=388 global_step=794624 SPS=136 w_ev=0.923 m_ev=0.297 m_v_bias=5.1 m_adv_std=23.4449 m_kl_max=0.0132 m_ratio_max=0.534 return=-180.8 length=200 success_rate=0.00 collisions/ep=0.62 (n=8)
update=389 global_step=796672 SPS=136 w_ev=0.966 m_ev=0.533 m_v_bias=1.2 m_adv_std=12.4205 m_kl_max=0.0148 m_ratio_max=0.741 return=-155.1 length=200 success_rate=0.00 collisions/ep=0.12 (n=8)
update=390 global_step=798720 SPS=136 w_ev=0.984 m_ev=0.917 m_v_bias=-1.8 m_adv_std=4.8318 m_kl_max=0.0205 m_ratio_max=0.724 return=-162.5 length=200 success_rate=0.00 collisions/ep=0.19 (n=16)
Evaluation at update 390: return=-150.47, length=200.00, success_rate=0.00, collisions/ep=0.00
Solved-check at update 390: solved=False worst_gap=1171.17 at p_x0=2.00 p_y0=0.50 (consecutive=0)
update=391 global_step=800768 SPS=136 w_ev=0.979 m_ev=0.988 m_v_bias=-1.6 m_adv_std=1.3730 m_kl_max=0.0159 m_ratio_max=0.528 return=-144.9 length=200 success_rate=0.00 collisions/ep=0.00 (n=8)
update=392 global_step=802816 SPS=136 w_ev=0.986 m_ev=0.993 m_v_bias=-1.3 m_adv_std=1.0831 m_kl_max=0.0286 m_ratio_max=1.146 return=-149.9 length=200 success_rate=0.00 collisions/ep=0.00 (n=8)
update=393 global_step=804864 SPS=136 w_ev=0.990 m_ev=0.996 m_v_bias=-0.7 m_adv_std=0.8765 m_kl_max=0.0256 m_ratio_max=0.850 return=-146.7 length=200 success_rate=0.00 collisions/ep=0.00 (n=16)
update=394 global_step=806912 SPS=136 w_ev=0.981 m_ev=0.577 m_v_bias=5.7 m_adv_std=16.2745 m_kl_max=0.0257 m_ratio_max=0.853 return=-177.4 length=200 success_rate=0.00 collisions/ep=0.50 (n=8)
update=395 global_step=808960 SPS=136 w_ev=0.985 m_ev=0.950 m_v_bias=-1.9 m_adv_std=3.0133 m_kl_max=0.0272 m_ratio_max=1.063 return=-147.4 length=200 success_rate=0.00 collisions/ep=0.00 (n=8)
Evaluation at update 395: return=-149.83, length=200.00, success_rate=0.00, collisions/ep=0.00
Solved-check at update 395: solved=False worst_gap=1170.11 at p_x0=2.00 p_y0=0.50 (consecutive=0)
update=396 global_step=811008 SPS=136 w_ev=0.983 m_ev=0.988 m_v_bias=-1.6 m_adv_std=1.4292 m_kl_max=0.0185 m_ratio_max=0.575 return=-147.6 length=200 success_rate=0.00 collisions/ep=0.00 (n=8)
update=397 global_step=813056 SPS=136 w_ev=0.978 m_ev=0.656 m_v_bias=-0.0 m_adv_std=10.0845 m_kl_max=0.0121 m_ratio_max=0.576 return=-147.4 length=200 success_rate=0.00 collisions/ep=0.00 (n=16)
update=398 global_step=815104 SPS=136 w_ev=0.970 m_ev=0.595 m_v_bias=2.0 m_adv_std=10.6452 m_kl_max=0.0246 m_ratio_max=0.858 return=-181.0 length=200 success_rate=0.00 collisions/ep=0.62 (n=8)
update=399 global_step=817152 SPS=136 w_ev=0.978 m_ev=0.736 m_v_bias=-0.3 m_adv_std=7.3402 m_kl_max=0.0196 m_ratio_max=0.587 return=-159.1 length=200 success_rate=0.00 collisions/ep=0.12 (n=8)
update=400 global_step=819200 SPS=136 w_ev=0.982 m_ev=0.985 m_v_bias=-1.6 m_adv_std=1.5412 m_kl_max=0.0086 m_ratio_max=0.667 return=-151.1 length=200 success_rate=0.00 collisions/ep=0.06 (n=16)
Evaluation at update 400: return=-149.76, length=200.00, success_rate=0.00, collisions/ep=0.00
Solved-check at update 400: solved=False worst_gap=1171.26 at p_x0=2.00 p_y0=1.00 (consecutive=0)
update=401 global_step=821248 SPS=136 w_ev=0.993 m_ev=0.993 m_v_bias=-0.8 m_adv_std=1.2702 m_kl_max=0.0197 m_ratio_max=1.158 return=-147.9 length=200 success_rate=0.00 collisions/ep=0.00 (n=8)
update=402 global_step=823296 SPS=136 w_ev=0.988 m_ev=0.996 m_v_bias=-0.9 m_adv_std=0.8428 m_kl_max=0.0237 m_ratio_max=0.652 return=-151.0 length=200 success_rate=0.00 collisions/ep=0.00 (n=8)
update=403 global_step=825344 SPS=136 w_ev=0.795 m_ev=0.101 m_v_bias=7.8 m_adv_std=50.2303 m_kl_max=0.0271 m_ratio_max=0.726 return=-201.3 length=200 success_rate=0.00 collisions/ep=1.12 (n=8)
update=404 global_step=827392 SPS=136 w_ev=0.981 m_ev=0.931 m_v_bias=-1.9 m_adv_std=3.9221 m_kl_max=0.0078 m_ratio_max=0.677 return=-150.1 length=200 success_rate=0.00 collisions/ep=0.00 (n=16)
update=405 global_step=829440 SPS=136 w_ev=0.973 m_ev=0.977 m_v_bias=-1.9 m_adv_std=1.9372 m_kl_max=0.0188 m_ratio_max=0.771 return=-150.9 length=200 success_rate=0.00 collisions/ep=0.00 (n=8)
Evaluation at update 405: return=-149.67, length=200.00, success_rate=0.00, collisions/ep=0.00
Solved-check at update 405: solved=False worst_gap=1170.25 at p_x0=2.00 p_y0=-0.50 (consecutive=0)
update=406 global_step=831488 SPS=136 w_ev=0.982 m_ev=0.991 m_v_bias=-0.5 m_adv_std=1.2293 m_kl_max=0.0173 m_ratio_max=0.634 return=-152.1 length=200 success_rate=0.00 collisions/ep=0.00 (n=8)
update=407 global_step=833536 SPS=136 w_ev=0.970 m_ev=0.624 m_v_bias=1.7 m_adv_std=10.3446 m_kl_max=0.0158 m_ratio_max=0.691 return=-160.5 length=200 success_rate=0.00 collisions/ep=0.25 (n=8)
update=408 global_step=835584 SPS=136 w_ev=0.989 m_ev=0.990 m_v_bias=-0.3 m_adv_std=1.6069 m_kl_max=0.0091 m_ratio_max=0.553 return=-151.7 length=200 success_rate=0.00 collisions/ep=0.06 (n=16)
update=409 global_step=837632 SPS=136 w_ev=0.980 m_ev=0.989 m_v_bias=-0.5 m_adv_std=1.3137 m_kl_max=0.0444 m_ratio_max=1.717 return=-147.6 length=200 success_rate=0.00 collisions/ep=0.00 (n=8)
update=410 global_step=839680 SPS=136 w_ev=0.977 m_ev=0.811 m_v_bias=0.8 m_adv_std=6.2722 m_kl_max=0.0289 m_ratio_max=1.162 return=-149.4 length=200 success_rate=0.00 collisions/ep=0.00 (n=8)
Evaluation at update 410: return=-148.96, length=200.00, success_rate=0.00, collisions/ep=0.00
Solved-check at update 410: solved=False worst_gap=1170.11 at p_x0=2.00 p_y0=0.00 (consecutive=0)
update=411 global_step=841728 SPS=136 w_ev=0.967 m_ev=0.347 m_v_bias=4.9 m_adv_std=18.8331 m_kl_max=0.0184 m_ratio_max=0.451 return=-168.5 length=200 success_rate=0.00 collisions/ep=0.38 (n=16)
update=412 global_step=843776 SPS=136 w_ev=0.982 m_ev=0.966 m_v_bias=-3.3 m_adv_std=2.5385 m_kl_max=0.0080 m_ratio_max=0.451 return=-147.4 length=200 success_rate=0.00 collisions/ep=0.00 (n=8)
update=413 global_step=845824 SPS=136 w_ev=0.973 m_ev=0.796 m_v_bias=0.3 m_adv_std=6.0612 m_kl_max=0.0249 m_ratio_max=1.216 return=-157.9 length=200 success_rate=0.00 collisions/ep=0.12 (n=8)
update=414 global_step=847872 SPS=136 w_ev=0.982 m_ev=0.852 m_v_bias=-0.6 m_adv_std=5.4323 m_kl_max=0.0166 m_ratio_max=0.887 return=-156.3 length=200 success_rate=0.00 collisions/ep=0.12 (n=8)
update=415 global_step=849920 SPS=136 w_ev=0.957 m_ev=0.271 m_v_bias=5.0 m_adv_std=21.0912 m_kl_max=0.0163 m_ratio_max=0.666 return=-162.6 length=200 success_rate=0.00 collisions/ep=0.25 (n=16)
Evaluation at update 415: return=-148.63, length=200.00, success_rate=0.00, collisions/ep=0.00
Solved-check at update 415: solved=False worst_gap=1168.26 at p_x0=2.00 p_y0=-0.50 (consecutive=0)
update=416 global_step=851968 SPS=136 w_ev=0.973 m_ev=0.903 m_v_bias=-3.0 m_adv_std=3.6530 m_kl_max=0.0176 m_ratio_max=0.548 return=-156.7 length=200 success_rate=0.00 collisions/ep=0.25 (n=8)
update=417 global_step=854016 SPS=136 w_ev=0.977 m_ev=0.694 m_v_bias=0.9 m_adv_std=8.7903 m_kl_max=0.0178 m_ratio_max=0.558 return=-163.0 length=200 success_rate=0.00 collisions/ep=0.25 (n=8)
update=418 global_step=856064 SPS=136 w_ev=0.984 m_ev=0.982 m_v_bias=-1.4 m_adv_std=1.6573 m_kl_max=0.0299 m_ratio_max=1.458 return=-153.3 length=200 success_rate=0.00 collisions/ep=0.06 (n=16)
update=419 global_step=858112 SPS=136 w_ev=0.918 m_ev=0.265 m_v_bias=8.3 m_adv_std=30.5997 m_kl_max=0.0148 m_ratio_max=0.450 return=-185.4 length=200 success_rate=0.00 collisions/ep=0.75 (n=8)
update=420 global_step=860160 SPS=136 w_ev=0.801 m_ev=-0.103 m_v_bias=7.7 m_adv_std=33.3981 m_kl_max=0.0202 m_ratio_max=0.764 return=-173.6 length=200 success_rate=0.00 collisions/ep=0.50 (n=8)
Evaluation at update 420: return=-148.90, length=200.00, success_rate=0.00, collisions/ep=0.00
Solved-check at update 420: solved=False worst_gap=1170.12 at p_x0=2.00 p_y0=0.50 (consecutive=0)
update=421 global_step=862208 SPS=136 w_ev=0.859 m_ev=0.064 m_v_bias=-1.0 m_adv_std=39.8258 m_kl_max=0.0434 m_ratio_max=1.228 return=-209.4 length=200 success_rate=0.00 collisions/ep=1.12 (n=8)
update=422 global_step=864256 SPS=136 w_ev=0.975 m_ev=0.863 m_v_bias=-4.4 m_adv_std=6.6655 m_kl_max=0.0223 m_ratio_max=0.801 return=-171.5 length=200 success_rate=0.00 collisions/ep=0.44 (n=16)
update=423 global_step=866304 SPS=136 w_ev=0.979 m_ev=0.966 m_v_bias=-3.8 m_adv_std=2.3202 m_kl_max=0.0215 m_ratio_max=0.529 return=-146.1 length=200 success_rate=0.00 collisions/ep=0.00 (n=8)
update=424 global_step=868352 SPS=136 w_ev=0.983 m_ev=0.982 m_v_bias=-2.7 m_adv_std=1.8099 m_kl_max=0.0181 m_ratio_max=0.592 return=-152.1 length=200 success_rate=0.00 collisions/ep=0.00 (n=8)
update=425 global_step=870400 SPS=136 w_ev=0.967 m_ev=0.373 m_v_bias=3.4 m_adv_std=16.2410 m_kl_max=0.0139 m_ratio_max=0.682 return=-159.7 length=200 success_rate=0.00 collisions/ep=0.25 (n=16)
Evaluation at update 425: return=-149.62, length=200.00, success_rate=0.00, collisions/ep=0.00
Solved-check at update 425: solved=False worst_gap=1171.25 at p_x0=2.00 p_y0=0.50 (consecutive=0)
update=426 global_step=872448 SPS=136 w_ev=0.986 m_ev=0.756 m_v_bias=-0.5 m_adv_std=8.4432 m_kl_max=0.0167 m_ratio_max=0.648 return=-161.0 length=200 success_rate=0.00 collisions/ep=0.25 (n=8)
update=427 global_step=874496 SPS=136 w_ev=0.747 m_ev=-0.064 m_v_bias=8.7 m_adv_std=43.5841 m_kl_max=0.0180 m_ratio_max=0.709 return=-149.5 length=200 success_rate=0.00 collisions/ep=0.00 (n=8)
update=428 global_step=876544 SPS=136 w_ev=0.921 m_ev=0.011 m_v_bias=-5.9 m_adv_std=17.3498 m_kl_max=0.0281 m_ratio_max=1.204 return=-217.7 length=200 success_rate=0.00 collisions/ep=1.38 (n=8)
update=429 global_step=878592 SPS=136 w_ev=0.979 m_ev=0.750 m_v_bias=-3.0 m_adv_std=7.7738 m_kl_max=0.0322 m_ratio_max=0.723 return=-161.5 length=200 success_rate=0.00 collisions/ep=0.25 (n=16)
update=430 global_step=880640 SPS=136 w_ev=0.972 m_ev=0.803 m_v_bias=-0.7 m_adv_std=6.6895 m_kl_max=0.0126 m_ratio_max=0.582 return=-158.0 length=200 success_rate=0.00 collisions/ep=0.12 (n=8)
Evaluation at update 430: return=-149.99, length=200.00, success_rate=0.00, collisions/ep=0.00
Solved-check at update 430: solved=False worst_gap=1171.54 at p_x0=2.00 p_y0=1.00 (consecutive=0)
update=431 global_step=882688 SPS=136 w_ev=0.977 m_ev=0.977 m_v_bias=-1.0 m_adv_std=1.8745 m_kl_max=0.0127 m_ratio_max=0.446 return=-146.3 length=200 success_rate=0.00 collisions/ep=0.00 (n=8)
update=432 global_step=884736 SPS=136 w_ev=0.978 m_ev=0.992 m_v_bias=-0.9 m_adv_std=1.1768 m_kl_max=0.0363 m_ratio_max=1.432 return=-151.5 length=200 success_rate=0.00 collisions/ep=0.00 (n=8)
update=433 global_step=886784 SPS=136 w_ev=0.987 m_ev=0.997 m_v_bias=-0.6 m_adv_std=0.9318 m_kl_max=0.0235 m_ratio_max=0.935 return=-148.6 length=200 success_rate=0.00 collisions/ep=0.00 (n=16)
update=434 global_step=888832 SPS=136 w_ev=0.982 m_ev=0.996 m_v_bias=-0.5 m_adv_std=0.8359 m_kl_max=0.0214 m_ratio_max=0.987 return=-146.3 length=200 success_rate=0.00 collisions/ep=0.00 (n=8)
update=435 global_step=890880 SPS=136 w_ev=0.982 m_ev=0.996 m_v_bias=-0.5 m_adv_std=0.7833 m_kl_max=0.0428 m_ratio_max=1.779 return=-148.6 length=200 success_rate=0.00 collisions/ep=0.00 (n=8)
Evaluation at update 435: return=-148.07, length=200.00, success_rate=0.00, collisions/ep=0.00
Solved-check at update 435: solved=False worst_gap=1168.86 at p_x0=2.00 p_y0=0.50 (consecutive=0)
update=436 global_step=892928 SPS=136 w_ev=0.988 m_ev=0.998 m_v_bias=-0.5 m_adv_std=0.7255 m_kl_max=0.0498 m_ratio_max=1.583 return=-146.0 length=200 success_rate=0.00 collisions/ep=0.00 (n=16)
update=437 global_step=894976 SPS=136 w_ev=0.981 m_ev=0.639 m_v_bias=2.5 m_adv_std=12.0498 m_kl_max=0.0207 m_ratio_max=1.096 return=-162.9 length=200 success_rate=0.00 collisions/ep=0.25 (n=8)
update=438 global_step=897024 SPS=136 w_ev=0.961 m_ev=0.615 m_v_bias=0.4 m_adv_std=10.4089 m_kl_max=0.0398 m_ratio_max=0.833 return=-166.7 length=200 success_rate=0.00 collisions/ep=0.38 (n=8)
update=439 global_step=899072 SPS=136 w_ev=0.910 m_ev=0.057 m_v_bias=4.4 m_adv_std=29.7679 m_kl_max=0.0163 m_ratio_max=0.810 return=-155.8 length=200 success_rate=0.00 collisions/ep=0.12 (n=8)
update=440 global_step=901120 SPS=136 w_ev=0.978 m_ev=0.681 m_v_bias=-3.5 m_adv_std=9.3790 m_kl_max=0.0050 m_ratio_max=0.576 return=-168.3 length=200 success_rate=0.00 collisions/ep=0.44 (n=16)
Evaluation at update 440: return=-148.23, length=200.00, success_rate=0.00, collisions/ep=0.00
Solved-check at update 440: solved=False worst_gap=1167.65 at p_x0=2.00 p_y0=1.00 (consecutive=0)
update=441 global_step=903168 SPS=136 w_ev=0.970 m_ev=0.488 m_v_bias=2.7 m_adv_std=14.7919 m_kl_max=0.0054 m_ratio_max=0.370 return=-176.7 length=200 success_rate=0.00 collisions/ep=0.50 (n=8)
update=442 global_step=905216 SPS=136 w_ev=0.973 m_ev=0.962 m_v_bias=-2.9 m_adv_std=2.5229 m_kl_max=0.0177 m_ratio_max=0.774 return=-147.4 length=200 success_rate=0.00 collisions/ep=0.00 (n=8)
update=443 global_step=907264 SPS=136 w_ev=0.985 m_ev=0.986 m_v_bias=-2.2 m_adv_std=1.6420 m_kl_max=0.0420 m_ratio_max=1.224 return=-147.1 length=200 success_rate=0.00 collisions/ep=0.00 (n=16)
update=444 global_step=909312 SPS=136 w_ev=0.984 m_ev=0.803 m_v_bias=1.9 m_adv_std=8.6577 m_kl_max=0.0347 m_ratio_max=0.900 return=-159.2 length=200 success_rate=0.00 collisions/ep=0.25 (n=8)
update=445 global_step=911360 SPS=136 w_ev=0.977 m_ev=0.775 m_v_bias=-0.5 m_adv_std=6.6445 m_kl_max=0.0133 m_ratio_max=0.500 return=-146.4 length=200 success_rate=0.00 collisions/ep=0.00 (n=8)
Evaluation at update 445: return=-147.88, length=200.00, success_rate=0.00, collisions/ep=0.00
Solved-check at update 445: solved=False worst_gap=1170.32 at p_x0=2.00 p_y0=0.00 (consecutive=0)
update=446 global_step=913408 SPS=136 w_ev=0.972 m_ev=0.802 m_v_bias=-0.2 m_adv_std=6.3869 m_kl_max=0.0223 m_ratio_max=0.919 return=-157.1 length=200 success_rate=0.00 collisions/ep=0.12 (n=8)
update=447 global_step=915456 SPS=136 w_ev=0.991 m_ev=0.996 m_v_bias=-1.4 m_adv_std=1.0954 m_kl_max=0.0261 m_ratio_max=0.750 return=-150.4 length=200 success_rate=0.00 collisions/ep=0.06 (n=16)
update=448 global_step=917504 SPS=136 w_ev=0.986 m_ev=0.849 m_v_bias=0.4 m_adv_std=5.9245 m_kl_max=0.0176 m_ratio_max=0.771 return=-153.4 length=200 success_rate=0.00 collisions/ep=0.12 (n=8)
update=449 global_step=919552 SPS=136 w_ev=0.976 m_ev=0.706 m_v_bias=1.3 m_adv_std=8.0408 m_kl_max=0.0145 m_ratio_max=0.625 return=-152.6 length=200 success_rate=0.00 collisions/ep=0.12 (n=8)
update=450 global_step=921600 SPS=136 w_ev=0.979 m_ev=0.897 m_v_bias=-1.0 m_adv_std=4.5153 m_kl_max=0.0121 m_ratio_max=0.773 return=-155.4 length=200 success_rate=0.00 collisions/ep=0.12 (n=16)
Evaluation at update 450: return=-148.80, length=200.00, success_rate=0.00, collisions/ep=0.00
Solved-check at update 450: solved=False worst_gap=1166.25 at p_x0=2.00 p_y0=1.00 (consecutive=0)
update=451 global_step=923648 SPS=136 w_ev=0.970 m_ev=0.543 m_v_bias=5.1 m_adv_std=14.2488 m_kl_max=0.0097 m_ratio_max=0.438 return=-168.6 length=200 success_rate=0.00 collisions/ep=0.38 (n=8)
update=452 global_step=925696 SPS=136 w_ev=0.960 m_ev=0.697 m_v_bias=-0.9 m_adv_std=8.0958 m_kl_max=0.0363 m_ratio_max=0.698 return=-167.8 length=200 success_rate=0.00 collisions/ep=0.38 (n=8)
update=453 global_step=927744 SPS=136 w_ev=0.950 m_ev=0.442 m_v_bias=0.9 m_adv_std=13.4226 m_kl_max=0.0267 m_ratio_max=0.651 return=-156.7 length=200 success_rate=0.00 collisions/ep=0.12 (n=8)
update=454 global_step=929792 SPS=136 w_ev=0.978 m_ev=0.850 m_v_bias=-1.7 m_adv_std=6.6367 m_kl_max=0.0212 m_ratio_max=0.531 return=-161.7 length=200 success_rate=0.00 collisions/ep=0.25 (n=16)
update=455 global_step=931840 SPS=136 w_ev=0.975 m_ev=0.841 m_v_bias=-1.0 m_adv_std=6.2797 m_kl_max=0.0083 m_ratio_max=0.456 return=-156.0 length=200 success_rate=0.00 collisions/ep=0.12 (n=8)
Evaluation at update 455: return=-148.68, length=200.00, success_rate=0.00, collisions/ep=0.00
Solved-check at update 455: solved=False worst_gap=1170.56 at p_x0=2.00 p_y0=-0.50 (consecutive=0)
update=456 global_step=933888 SPS=136 w_ev=0.946 m_ev=0.361 m_v_bias=2.6 m_adv_std=18.7362 m_kl_max=0.0472 m_ratio_max=1.223 return=-173.0 length=200 success_rate=0.00 collisions/ep=0.50 (n=8)
update=457 global_step=935936 SPS=136 w_ev=0.963 m_ev=0.646 m_v_bias=0.4 m_adv_std=10.1324 m_kl_max=0.0275 m_ratio_max=0.676 return=-158.7 length=200 success_rate=0.00 collisions/ep=0.25 (n=8)
update=458 global_step=937984 SPS=136 w_ev=0.987 m_ev=0.971 m_v_bias=-2.9 m_adv_std=2.6673 m_kl_max=0.0107 m_ratio_max=0.464 return=-151.9 length=200 success_rate=0.00 collisions/ep=0.12 (n=16)
update=459 global_step=940032 SPS=136 w_ev=0.973 m_ev=0.982 m_v_bias=-2.1 m_adv_std=1.6336 m_kl_max=0.0282 m_ratio_max=1.729 return=-150.9 length=200 success_rate=0.00 collisions/ep=0.00 (n=8)
update=460 global_step=942080 SPS=136 w_ev=0.957 m_ev=0.995 m_v_bias=-0.8 m_adv_std=0.8599 m_kl_max=0.0159 m_ratio_max=0.552 return=-150.6 length=200 success_rate=0.00 collisions/ep=0.00 (n=8)
Evaluation at update 460: return=-148.90, length=200.00, success_rate=0.00, collisions/ep=0.00
Solved-check at update 460: solved=False worst_gap=1170.86 at p_x0=2.00 p_y0=0.50 (consecutive=0)
update=461 global_step=944128 SPS=136 w_ev=0.986 m_ev=0.847 m_v_bias=0.7 m_adv_std=6.5476 m_kl_max=0.0267 m_ratio_max=1.139 return=-149.7 length=200 success_rate=0.00 collisions/ep=0.06 (n=16)
update=462 global_step=946176 SPS=136 w_ev=0.972 m_ev=0.588 m_v_bias=2.8 m_adv_std=13.0907 m_kl_max=0.0144 m_ratio_max=0.852 return=-167.3 length=200 success_rate=0.00 collisions/ep=0.38 (n=8)
update=463 global_step=948224 SPS=136 w_ev=0.973 m_ev=0.968 m_v_bias=-1.5 m_adv_std=2.3616 m_kl_max=0.0205 m_ratio_max=0.634 return=-148.6 length=200 success_rate=0.00 collisions/ep=0.00 (n=8)
update=464 global_step=950272 SPS=136 w_ev=0.971 m_ev=0.991 m_v_bias=-1.5 m_adv_std=1.1850 m_kl_max=0.0295 m_ratio_max=0.938 return=-147.8 length=200 success_rate=0.00 collisions/ep=0.00 (n=8)
update=465 global_step=952320 SPS=136 w_ev=0.973 m_ev=0.591 m_v_bias=3.3 m_adv_std=12.9886 m_kl_max=0.0173 m_ratio_max=0.680 return=-160.8 length=200 success_rate=0.00 collisions/ep=0.19 (n=16)
Evaluation at update 465: return=-147.87, length=200.00, success_rate=0.00, collisions/ep=0.00
Solved-check at update 465: solved=False worst_gap=1167.70 at p_x0=2.00 p_y0=0.00 (consecutive=0)
update=466 global_step=954368 SPS=136 w_ev=0.964 m_ev=0.716 m_v_bias=0.4 m_adv_std=8.7397 m_kl_max=0.0287 m_ratio_max=0.977 return=-162.8 length=200 success_rate=0.00 collisions/ep=0.25 (n=8)
update=467 global_step=956416 SPS=136 w_ev=0.970 m_ev=0.816 m_v_bias=-1.2 m_adv_std=5.9335 m_kl_max=0.0205 m_ratio_max=1.180 return=-148.5 length=200 success_rate=0.00 collisions/ep=0.00 (n=8)
update=468 global_step=958464 SPS=136 w_ev=0.967 m_ev=0.783 m_v_bias=-0.6 m_adv_std=6.3258 m_kl_max=0.0158 m_ratio_max=0.828 return=-154.7 length=200 success_rate=0.00 collisions/ep=0.12 (n=16)
update=469 global_step=960512 SPS=136 w_ev=0.853 m_ev=0.182 m_v_bias=10.9 m_adv_std=43.8852 m_kl_max=0.0255 m_ratio_max=0.763 return=-192.8 length=200 success_rate=0.00 collisions/ep=0.88 (n=8)
update=470 global_step=962560 SPS=136 w_ev=0.956 m_ev=0.552 m_v_bias=0.5 m_adv_std=13.2325 m_kl_max=0.0239 m_ratio_max=0.629 return=-188.4 length=200 success_rate=0.00 collisions/ep=0.75 (n=8)
Evaluation at update 470: return=-148.14, length=200.00, success_rate=0.00, collisions/ep=0.00
Solved-check at update 470: solved=False worst_gap=1167.95 at p_x0=2.00 p_y0=0.00 (consecutive=0)
update=471 global_step=964608 SPS=136 w_ev=0.972 m_ev=0.784 m_v_bias=-4.4 m_adv_std=7.3903 m_kl_max=0.0193 m_ratio_max=0.543 return=-156.3 length=200 success_rate=0.00 collisions/ep=0.12 (n=8)
update=472 global_step=966656 SPS=136 w_ev=0.983 m_ev=0.857 m_v_bias=-2.4 m_adv_std=6.9053 m_kl_max=0.0308 m_ratio_max=0.893 return=-155.4 length=200 success_rate=0.00 collisions/ep=0.19 (n=16)
update=473 global_step=968704 SPS=136 w_ev=0.962 m_ev=0.841 m_v_bias=-1.6 m_adv_std=5.6301 m_kl_max=0.0238 m_ratio_max=0.722 return=-157.4 length=200 success_rate=0.00 collisions/ep=0.12 (n=8)
update=474 global_step=970752 SPS=136 w_ev=0.933 m_ev=0.321 m_v_bias=0.9 m_adv_std=18.1870 m_kl_max=0.0181 m_ratio_max=0.584 return=-168.4 length=200 success_rate=0.00 collisions/ep=0.38 (n=8)
update=475 global_step=972800 SPS=136 w_ev=0.979 m_ev=0.989 m_v_bias=-2.2 m_adv_std=1.3945 m_kl_max=0.0229 m_ratio_max=0.580 return=-148.6 length=200 success_rate=0.00 collisions/ep=0.00 (n=16)
Evaluation at update 475: return=-147.49, length=200.00, success_rate=0.00, collisions/ep=0.00
Solved-check at update 475: solved=False worst_gap=1167.22 at p_x0=2.00 p_y0=0.50 (consecutive=0)
update=476 global_step=974848 SPS=136 w_ev=0.980 m_ev=0.868 m_v_bias=0.0 m_adv_std=6.5557 m_kl_max=0.0231 m_ratio_max=1.192 return=-151.6 length=200 success_rate=0.00 collisions/ep=0.12 (n=8)
update=477 global_step=976896 SPS=136 w_ev=0.977 m_ev=0.798 m_v_bias=-0.4 m_adv_std=6.0302 m_kl_max=0.0100 m_ratio_max=0.408 return=-147.9 length=200 success_rate=0.00 collisions/ep=0.00 (n=8)
update=478 global_step=978944 SPS=136 w_ev=0.951 m_ev=0.141 m_v_bias=5.8 m_adv_std=21.4659 m_kl_max=0.0118 m_ratio_max=0.440 return=-154.8 length=200 success_rate=0.00 collisions/ep=0.12 (n=8)
update=479 global_step=980992 SPS=136 w_ev=0.982 m_ev=0.607 m_v_bias=-1.2 m_adv_std=10.9005 m_kl_max=0.0093 m_ratio_max=0.534 return=-173.8 length=200 success_rate=0.00 collisions/ep=0.50 (n=16)
update=480 global_step=983040 SPS=136 w_ev=0.980 m_ev=0.940 m_v_bias=-4.1 m_adv_std=3.1682 m_kl_max=0.0224 m_ratio_max=0.749 return=-148.0 length=200 success_rate=0.00 collisions/ep=0.00 (n=8)
Evaluation at update 480: return=-147.26, length=200.00, success_rate=0.00, collisions/ep=0.00
Solved-check at update 480: solved=False worst_gap=1167.30 at p_x0=2.00 p_y0=0.00 (consecutive=0)
update=481 global_step=985088 SPS=136 w_ev=0.977 m_ev=0.829 m_v_bias=-0.4 m_adv_std=6.1268 m_kl_max=0.0470 m_ratio_max=1.839 return=-152.7 length=200 success_rate=0.00 collisions/ep=0.00 (n=8)
update=482 global_step=987136 SPS=136 w_ev=0.972 m_ev=0.431 m_v_bias=2.0 m_adv_std=12.6052 m_kl_max=0.0222 m_ratio_max=0.860 return=-152.0 length=200 success_rate=0.00 collisions/ep=0.12 (n=8)
update=483 global_step=989184 SPS=136 w_ev=0.969 m_ev=0.501 m_v_bias=-1.2 m_adv_std=13.2112 m_kl_max=0.0137 m_ratio_max=0.538 return=-162.3 length=200 success_rate=0.00 collisions/ep=0.31 (n=16)
update=484 global_step=991232 SPS=136 w_ev=0.978 m_ev=0.879 m_v_bias=-2.1 m_adv_std=4.1955 m_kl_max=0.0138 m_ratio_max=0.691 return=-161.3 length=200 success_rate=0.00 collisions/ep=0.25 (n=8)
update=485 global_step=993280 SPS=136 w_ev=0.983 m_ev=0.818 m_v_bias=0.9 m_adv_std=6.4178 m_kl_max=0.0318 m_ratio_max=1.416 return=-150.7 length=200 success_rate=0.00 collisions/ep=0.00 (n=8)
Evaluation at update 485: return=-146.02, length=200.00, success_rate=0.00, collisions/ep=0.00
Solved-check at update 485: solved=False worst_gap=1165.99 at p_x0=2.00 p_y0=0.00 (consecutive=0)
update=486 global_step=995328 SPS=136 w_ev=0.963 m_ev=0.370 m_v_bias=6.6 m_adv_std=21.8103 m_kl_max=0.0124 m_ratio_max=0.465 return=-163.8 length=200 success_rate=0.00 collisions/ep=0.38 (n=16)
update=487 global_step=997376 SPS=136 w_ev=0.800 m_ev=0.151 m_v_bias=11.8 m_adv_std=54.7953 m_kl_max=0.0273 m_ratio_max=0.955 return=-210.5 length=200 success_rate=0.00 collisions/ep=1.25 (n=8)
update=488 global_step=999424 SPS=136 w_ev=0.936 m_ev=0.756 m_v_bias=-5.3 m_adv_std=7.4338 m_kl_max=0.0108 m_ratio_max=0.555 return=-149.8 length=200 success_rate=0.00 collisions/ep=0.00 (n=8)
update=489 global_step=1001472 SPS=136 w_ev=0.959 m_ev=0.493 m_v_bias=-3.1 m_adv_std=13.3197 m_kl_max=0.0208 m_ratio_max=0.718 return=-155.4 length=200 success_rate=0.00 collisions/ep=0.12 (n=8)
update=490 global_step=1003520 SPS=136 w_ev=0.986 m_ev=0.955 m_v_bias=-4.1 m_adv_std=3.2854 m_kl_max=0.0375 m_ratio_max=1.250 return=-156.6 length=200 success_rate=0.00 collisions/ep=0.12 (n=16)
Evaluation at update 490: return=-146.81, length=200.00, success_rate=0.00, collisions/ep=0.00
Solved-check at update 490: solved=False worst_gap=1167.26 at p_x0=2.00 p_y0=0.00 (consecutive=0)
update=491 global_step=1005568 SPS=136 w_ev=0.967 m_ev=0.554 m_v_bias=0.5 m_adv_std=13.1758 m_kl_max=0.0352 m_ratio_max=1.395 return=-165.8 length=200 success_rate=0.00 collisions/ep=0.25 (n=8)
update=492 global_step=1007616 SPS=136 w_ev=0.961 m_ev=0.453 m_v_bias=-0.5 m_adv_std=12.6660 m_kl_max=0.0239 m_ratio_max=0.766 return=-151.7 length=200 success_rate=0.00 collisions/ep=0.12 (n=8)
update=493 global_step=1009664 SPS=136 w_ev=0.979 m_ev=0.965 m_v_bias=-3.3 m_adv_std=2.4340 m_kl_max=0.0243 m_ratio_max=0.645 return=-154.1 length=200 success_rate=0.00 collisions/ep=0.12 (n=16)
update=494 global_step=1011712 SPS=136 w_ev=0.987 m_ev=0.987 m_v_bias=-1.7 m_adv_std=1.8791 m_kl_max=0.0210 m_ratio_max=0.638 return=-150.3 length=200 success_rate=0.00 collisions/ep=0.00 (n=8)
update=495 global_step=1013760 SPS=136 w_ev=0.982 m_ev=0.995 m_v_bias=-1.2 m_adv_std=0.9157 m_kl_max=0.0207 m_ratio_max=0.746 return=-143.4 length=200 success_rate=0.00 collisions/ep=0.00 (n=8)
Evaluation at update 495: return=-145.93, length=200.00, success_rate=0.00, collisions/ep=0.00
Solved-check at update 495: solved=False worst_gap=1167.47 at p_x0=2.00 p_y0=0.00 (consecutive=0)
update=496 global_step=1015808 SPS=136 w_ev=0.967 m_ev=0.720 m_v_bias=-0.1 m_adv_std=8.8934 m_kl_max=0.0299 m_ratio_max=0.804 return=-159.0 length=200 success_rate=0.00 collisions/ep=0.25 (n=8)
update=497 global_step=1017856 SPS=136 w_ev=0.981 m_ev=0.686 m_v_bias=2.0 m_adv_std=11.8683 m_kl_max=0.0106 m_ratio_max=0.701 return=-149.9 length=200 success_rate=0.00 collisions/ep=0.12 (n=16)
update=498 global_step=1019904 SPS=136 w_ev=0.917 m_ev=0.135 m_v_bias=4.2 m_adv_std=22.6998 m_kl_max=0.0094 m_ratio_max=0.535 return=-162.3 length=200 success_rate=0.00 collisions/ep=0.38 (n=8)
update=499 global_step=1021952 SPS=136 w_ev=0.964 m_ev=0.756 m_v_bias=-2.9 m_adv_std=6.9163 m_kl_max=0.0231 m_ratio_max=0.682 return=-172.4 length=200 success_rate=0.00 collisions/ep=0.50 (n=8)
update=500 global_step=1024000 SPS=136 w_ev=0.806 m_ev=0.037 m_v_bias=13.5 m_adv_std=54.5282 m_kl_max=0.0099 m_ratio_max=0.767 return=-185.9 length=200 success_rate=0.00 collisions/ep=0.75 (n=16)
Evaluation at update 500: return=-146.25, length=200.00, success_rate=0.00, collisions/ep=0.00
Solved-check at update 500: solved=False worst_gap=1165.78 at p_x0=2.00 p_y0=0.00 (consecutive=0)
Saved checkpoints to C:\Users\loren\Desktop\MASTER THESIS\5_CODE\scenarios\slalom\studies\disturbed_0.01_0.1\hppo\runs\hppo_slalom_3_1791168784
