Using device: cpu
Solved-check: precomputed optimal returns for 25 fixed initial conditions (mean=1013.0, min=1011.0, max=1015.0); solved-tolerance=5.0
num_envs=8 num_steps_per_env=256 worker_batch_size=2048 worker_minibatch_size=256 num_updates=488 timesteps=999424 (requested 1000000; 576 dropped by integer division)
update=1 global_step=2048 SPS=1479 w_ev=0.160 m_ev=-0.000 m_v_bias=67.2 m_adv_std=162.1517 m_kl_max=0.0005 m_ratio_max=0.146 w_ax@goal=-0.25 w_v@goal=-0.09 return=-319.1 length=200 success_rate=0.12 collisions/ep=5.62 (n=8)
update=2 global_step=4096 SPS=1471 w_ev=-0.088 m_ev=0.320 m_v_bias=57.9 m_adv_std=145.5951 m_kl_max=0.0044 m_ratio_max=0.335 w_ax@goal=-0.09 w_v@goal=-0.46 return=-324.8 length=190 success_rate=0.12 collisions/ep=5.62 (n=8)
update=3 global_step=6144 SPS=1486 w_ev=0.066 m_ev=-0.027 m_v_bias=27.2 m_adv_std=123.0655 m_kl_max=0.0076 m_ratio_max=0.377 return=-534.1 length=200 success_rate=0.00 collisions/ep=6.44 (n=9)
update=4 global_step=8192 SPS=1470 w_ev=-0.011 m_ev=-0.185 m_v_bias=35.1 m_adv_std=118.8840 m_kl_max=0.0034 m_ratio_max=0.343 return=-519.6 length=200 success_rate=0.00 collisions/ep=6.53 (n=15)
update=5 global_step=10240 SPS=1465 w_ev=0.034 m_ev=0.155 m_v_bias=61.6 m_adv_std=159.9941 m_kl_max=0.0091 m_ratio_max=0.459 return=-728.1 length=200 success_rate=0.00 collisions/ep=10.25 (n=8)
Evaluation at update 5: return=-1748.38, length=200.00, success_rate=0.00, collisions/ep=30.55
Solved-check at update 5: solved=False worst_gap=5825.01 at p_x0=0.00 p_y0=1.00 (consecutive=0)
update=6 global_step=12288 SPS=675 w_ev=0.131 m_ev=-0.386 m_v_bias=32.2 m_adv_std=135.0403 m_kl_max=0.0041 m_ratio_max=0.384 return=-519.9 length=200 success_rate=0.00 collisions/ep=6.44 (n=9)
update=7 global_step=14336 SPS=733 w_ev=0.198 m_ev=-0.028 m_v_bias=30.6 m_adv_std=128.0879 m_kl_max=0.0144 m_ratio_max=0.938 return=-618.5 length=200 success_rate=0.00 collisions/ep=8.38 (n=8)
update=8 global_step=16384 SPS=784 w_ev=0.216 m_ev=-0.045 m_v_bias=-50.3 m_adv_std=68.5098 m_kl_max=0.0224 m_ratio_max=0.882 return=-501.2 length=200 success_rate=0.00 collisions/ep=5.87 (n=15)
update=9 global_step=18432 SPS=826 w_ev=0.233 m_ev=-0.042 m_v_bias=-22.9 m_adv_std=90.2529 m_kl_max=0.0225 m_ratio_max=0.975 return=-338.4 length=200 success_rate=0.00 collisions/ep=3.12 (n=8)
update=10 global_step=20480 SPS=864 w_ev=0.108 m_ev=0.090 m_v_bias=-12.7 m_adv_std=110.5986 m_kl_max=0.0090 m_ratio_max=0.507 return=-413.7 length=200 success_rate=0.00 collisions/ep=4.78 (n=9)
Evaluation at update 10: return=-180.55, length=200.00, success_rate=0.00, collisions/ep=0.00
Solved-check at update 10: solved=False worst_gap=1200.23 at p_x0=2.00 p_y0=-1.00 (consecutive=0)
update=11 global_step=22528 SPS=644 w_ev=0.218 m_ev=0.332 m_v_bias=-2.4 m_adv_std=91.4426 m_kl_max=0.0081 m_ratio_max=0.520 return=-293.4 length=200 success_rate=0.00 collisions/ep=2.20 (n=15)
update=12 global_step=24576 SPS=674 w_ev=0.108 m_ev=0.041 m_v_bias=-3.6 m_adv_std=84.5445 m_kl_max=0.0216 m_ratio_max=0.962 return=-310.4 length=200 success_rate=0.00 collisions/ep=2.38 (n=8)
update=13 global_step=26624 SPS=702 w_ev=0.091 m_ev=0.256 m_v_bias=29.5 m_adv_std=114.9646 m_kl_max=0.0234 m_ratio_max=0.628 return=-497.6 length=200 success_rate=0.00 collisions/ep=6.22 (n=9)
update=14 global_step=28672 SPS=730 w_ev=0.115 m_ev=0.210 m_v_bias=-0.8 m_adv_std=80.0145 m_kl_max=0.0176 m_ratio_max=0.553 return=-207.6 length=200 success_rate=0.00 collisions/ep=0.38 (n=8)
update=15 global_step=30720 SPS=756 w_ev=0.150 m_ev=0.156 m_v_bias=6.2 m_adv_std=153.3366 m_kl_max=0.0269 m_ratio_max=0.755 return=-353.7 length=200 success_rate=0.00 collisions/ep=3.27 (n=15)
Evaluation at update 15: return=-202.71, length=200.00, success_rate=0.00, collisions/ep=0.00
Solved-check at update 15: solved=False worst_gap=1219.70 at p_x0=0.00 p_y0=-1.00 (consecutive=0)
update=16 global_step=32768 SPS=626 w_ev=0.157 m_ev=-0.500 m_v_bias=-26.8 m_adv_std=43.2801 m_kl_max=0.0148 m_ratio_max=1.053 return=-199.8 length=200 success_rate=0.00 collisions/ep=0.00 (n=8)
update=17 global_step=34816 SPS=649 w_ev=0.138 m_ev=-0.987 m_v_bias=-8.9 m_adv_std=17.0345 m_kl_max=0.0105 m_ratio_max=0.508 return=-215.5 length=200 success_rate=0.00 collisions/ep=0.00 (n=9)
update=18 global_step=36864 SPS=671 w_ev=0.139 m_ev=0.669 m_v_bias=-5.6 m_adv_std=16.0019 m_kl_max=0.0118 m_ratio_max=0.451 return=-208.5 length=200 success_rate=0.00 collisions/ep=0.07 (n=15)
update=19 global_step=38912 SPS=692 w_ev=0.155 m_ev=-0.010 m_v_bias=-5.1 m_adv_std=13.6162 m_kl_max=0.0056 m_ratio_max=0.401 return=-205.8 length=200 success_rate=0.00 collisions/ep=0.00 (n=8)
update=20 global_step=40960 SPS=709 w_ev=0.140 m_ev=0.245 m_v_bias=-1.3 m_adv_std=7.2588 m_kl_max=0.0258 m_ratio_max=0.590 return=-209.9 length=200 success_rate=0.00 collisions/ep=0.00 (n=9)
Evaluation at update 20: return=-212.89, length=200.00, success_rate=0.00, collisions/ep=0.00
Solved-check at update 20: solved=False worst_gap=1228.32 at p_x0=0.50 p_y0=-1.00 (consecutive=0)
update=21 global_step=43008 SPS=622 w_ev=0.088 m_ev=0.254 m_v_bias=0.7 m_adv_std=6.5821 m_kl_max=0.0223 m_ratio_max=1.041 return=-208.8 length=200 success_rate=0.00 collisions/ep=0.00 (n=8)
update=22 global_step=45056 SPS=639 w_ev=0.175 m_ev=0.551 m_v_bias=-0.4 m_adv_std=4.1827 m_kl_max=0.0191 m_ratio_max=0.861 return=-207.6 length=200 success_rate=0.00 collisions/ep=0.00 (n=15)
update=23 global_step=47104 SPS=656 w_ev=0.182 m_ev=0.577 m_v_bias=-1.7 m_adv_std=4.5080 m_kl_max=0.0375 m_ratio_max=0.650 return=-201.4 length=200 success_rate=0.00 collisions/ep=0.00 (n=8)
update=24 global_step=49152 SPS=672 w_ev=0.216 m_ev=0.090 m_v_bias=20.9 m_adv_std=105.6807 m_kl_max=0.0135 m_ratio_max=0.441 return=-291.4 length=200 success_rate=0.00 collisions/ep=2.11 (n=9)
update=25 global_step=51200 SPS=687 w_ev=0.146 m_ev=0.155 m_v_bias=38.8 m_adv_std=134.4639 m_kl_max=0.0188 m_ratio_max=0.630 return=-320.0 length=200 success_rate=0.00 collisions/ep=2.60 (n=15)
Evaluation at update 25: return=-192.30, length=200.00, success_rate=0.00, collisions/ep=0.00
Solved-check at update 25: solved=False worst_gap=1210.27 at p_x0=2.00 p_y0=-1.00 (consecutive=0)
update=26 global_step=53248 SPS=622 w_ev=0.180 m_ev=0.070 m_v_bias=-1.5 m_adv_std=28.9485 m_kl_max=0.0252 m_ratio_max=0.698 return=-198.9 length=200 success_rate=0.00 collisions/ep=0.12 (n=8)
update=27 global_step=55296 SPS=637 w_ev=0.151 m_ev=0.695 m_v_bias=1.3 m_adv_std=26.7554 m_kl_max=0.0160 m_ratio_max=0.508 return=-250.9 length=200 success_rate=0.00 collisions/ep=1.00 (n=8)
update=28 global_step=57344 SPS=649 w_ev=0.183 m_ev=0.155 m_v_bias=-2.2 m_adv_std=14.3384 m_kl_max=0.0279 m_ratio_max=1.285 return=-203.2 length=200 success_rate=0.00 collisions/ep=0.00 (n=9)
update=29 global_step=59392 SPS=663 w_ev=0.209 m_ev=-0.152 m_v_bias=13.1 m_adv_std=67.8915 m_kl_max=0.0255 m_ratio_max=0.551 return=-242.3 length=200 success_rate=0.00 collisions/ep=0.67 (n=15)
update=30 global_step=61440 SPS=675 w_ev=0.135 m_ev=-0.422 m_v_bias=2.0 m_adv_std=12.9757 m_kl_max=0.0218 m_ratio_max=0.853 return=-212.5 length=200 success_rate=0.00 collisions/ep=0.00 (n=8)
Evaluation at update 30: return=-216.29, length=200.00, success_rate=0.00, collisions/ep=0.00
Solved-check at update 30: solved=False worst_gap=1234.01 at p_x0=2.00 p_y0=-1.00 (consecutive=0)
update=31 global_step=63488 SPS=621 w_ev=0.153 m_ev=0.458 m_v_bias=-3.2 m_adv_std=7.6257 m_kl_max=0.0403 m_ratio_max=0.739 return=-209.4 length=200 success_rate=0.00 collisions/ep=0.00 (n=9)
update=32 global_step=65536 SPS=633 w_ev=0.205 m_ev=0.344 m_v_bias=-0.0 m_adv_std=3.9918 m_kl_max=0.0416 m_ratio_max=1.200 return=-209.1 length=200 success_rate=0.00 collisions/ep=0.00 (n=8)
update=33 global_step=67584 SPS=645 w_ev=0.142 m_ev=0.750 m_v_bias=-2.4 m_adv_std=3.5339 m_kl_max=0.0584 m_ratio_max=0.924 return=-198.7 length=200 success_rate=0.00 collisions/ep=0.00 (n=15)
update=34 global_step=69632 SPS=657 w_ev=0.197 m_ev=0.716 m_v_bias=-0.1 m_adv_std=9.3074 m_kl_max=0.0133 m_ratio_max=0.705 return=-205.8 length=200 success_rate=0.00 collisions/ep=0.25 (n=8)
update=35 global_step=71680 SPS=668 w_ev=0.239 m_ev=0.709 m_v_bias=-4.0 m_adv_std=3.3795 m_kl_max=0.0307 m_ratio_max=0.943 return=-192.9 length=200 success_rate=0.00 collisions/ep=0.00 (n=9)
Evaluation at update 35: return=-187.11, length=200.00, success_rate=0.00, collisions/ep=0.00
Solved-check at update 35: solved=False worst_gap=1206.38 at p_x0=2.00 p_y0=-1.00 (consecutive=0)
update=36 global_step=73728 SPS=620 w_ev=0.230 m_ev=0.699 m_v_bias=-4.4 m_adv_std=4.7928 m_kl_max=0.0101 m_ratio_max=0.537 return=-187.6 length=200 success_rate=0.00 collisions/ep=0.00 (n=15)
update=37 global_step=75776 SPS=630 w_ev=0.158 m_ev=0.095 m_v_bias=12.0 m_adv_std=58.8318 m_kl_max=0.0176 m_ratio_max=0.544 return=-249.2 length=200 success_rate=0.00 collisions/ep=1.25 (n=8)
update=38 global_step=77824 SPS=640 w_ev=0.223 m_ev=-0.615 m_v_bias=-5.9 m_adv_std=12.0236 m_kl_max=0.0090 m_ratio_max=0.539 return=-190.0 length=200 success_rate=0.00 collisions/ep=0.00 (n=9)
update=39 global_step=79872 SPS=649 w_ev=0.182 m_ev=0.551 m_v_bias=-1.7 m_adv_std=5.3636 m_kl_max=0.0388 m_ratio_max=1.567 return=-191.1 length=200 success_rate=0.00 collisions/ep=0.00 (n=8)
update=40 global_step=81920 SPS=658 w_ev=0.245 m_ev=0.367 m_v_bias=-5.9 m_adv_std=5.9790 m_kl_max=0.0178 m_ratio_max=1.005 return=-195.1 length=200 success_rate=0.00 collisions/ep=0.00 (n=15)
Evaluation at update 40: return=-186.55, length=200.00, success_rate=0.00, collisions/ep=0.00
Solved-check at update 40: solved=False worst_gap=1206.27 at p_x0=2.00 p_y0=-1.00 (consecutive=0)
update=41 global_step=83968 SPS=617 w_ev=0.254 m_ev=0.110 m_v_bias=-2.3 m_adv_std=9.3548 m_kl_max=0.0172 m_ratio_max=1.176 return=-185.2 length=200 success_rate=0.00 collisions/ep=0.00 (n=8)
update=42 global_step=86016 SPS=625 w_ev=0.183 m_ev=0.694 m_v_bias=-3.3 m_adv_std=3.4815 m_kl_max=0.0298 m_ratio_max=0.852 return=-195.3 length=200 success_rate=0.00 collisions/ep=0.22 (n=9)
update=43 global_step=88064 SPS=633 w_ev=0.254 m_ev=0.060 m_v_bias=33.1 m_adv_std=122.6847 m_kl_max=0.0136 m_ratio_max=0.552 return=-275.8 length=200 success_rate=0.00 collisions/ep=1.93 (n=15)
update=44 global_step=90112 SPS=641 w_ev=0.204 m_ev=-0.446 m_v_bias=-6.8 m_adv_std=32.8326 m_kl_max=0.0207 m_ratio_max=1.053 return=-181.7 length=200 success_rate=0.00 collisions/ep=0.12 (n=8)
update=45 global_step=92160 SPS=649 w_ev=0.196 m_ev=0.140 m_v_bias=8.6 m_adv_std=64.2964 m_kl_max=0.0124 m_ratio_max=0.685 return=-246.0 length=200 success_rate=0.00 collisions/ep=1.22 (n=9)
Evaluation at update 45: return=-183.64, length=200.00, success_rate=0.00, collisions/ep=0.00
Solved-check at update 45: solved=False worst_gap=1203.47 at p_x0=2.00 p_y0=-1.00 (consecutive=0)
update=46 global_step=94208 SPS=614 w_ev=0.151 m_ev=0.327 m_v_bias=-8.3 m_adv_std=14.7662 m_kl_max=0.0143 m_ratio_max=0.453 return=-183.0 length=200 success_rate=0.00 collisions/ep=0.00 (n=8)
update=47 global_step=96256 SPS=621 w_ev=0.187 m_ev=0.706 m_v_bias=-3.5 m_adv_std=8.2071 m_kl_max=0.0276 m_ratio_max=0.762 return=-188.0 length=200 success_rate=0.00 collisions/ep=0.07 (n=15)
update=48 global_step=98304 SPS=629 w_ev=0.157 m_ev=0.344 m_v_bias=-4.5 m_adv_std=7.1827 m_kl_max=0.0119 m_ratio_max=0.402 return=-188.0 length=200 success_rate=0.00 collisions/ep=0.00 (n=8)
update=49 global_step=100352 SPS=637 w_ev=0.234 m_ev=0.361 m_v_bias=-2.3 m_adv_std=6.8107 m_kl_max=0.0083 m_ratio_max=0.467 return=-186.2 length=200 success_rate=0.00 collisions/ep=0.00 (n=9)
update=50 global_step=102400 SPS=644 w_ev=0.170 m_ev=-0.025 m_v_bias=6.4 m_adv_std=42.9082 m_kl_max=0.0240 m_ratio_max=0.818 return=-212.0 length=200 success_rate=0.00 collisions/ep=0.53 (n=15)
Evaluation at update 50: return=-185.17, length=200.00, success_rate=0.00, collisions/ep=0.00
Solved-check at update 50: solved=False worst_gap=1205.17 at p_x0=2.00 p_y0=-1.00 (consecutive=0)
update=51 global_step=104448 SPS=611 w_ev=0.217 m_ev=-0.511 m_v_bias=-6.5 m_adv_std=7.5385 m_kl_max=0.0189 m_ratio_max=0.843 return=-187.7 length=200 success_rate=0.00 collisions/ep=0.00 (n=8)
update=52 global_step=106496 SPS=618 w_ev=0.196 m_ev=0.395 m_v_bias=-5.2 m_adv_std=4.4981 m_kl_max=0.0384 m_ratio_max=0.952 return=-183.4 length=200 success_rate=0.00 collisions/ep=0.00 (n=8)
update=53 global_step=108544 SPS=625 w_ev=0.207 m_ev=0.195 m_v_bias=-0.4 m_adv_std=17.2488 m_kl_max=0.0177 m_ratio_max=0.928 return=-197.5 length=200 success_rate=0.00 collisions/ep=0.33 (n=9)
update=54 global_step=110592 SPS=633 w_ev=0.250 m_ev=0.860 m_v_bias=-3.4 m_adv_std=2.6334 m_kl_max=0.0278 m_ratio_max=0.673 return=-179.7 length=200 success_rate=0.00 collisions/ep=0.00 (n=15)
update=55 global_step=112640 SPS=639 w_ev=0.172 m_ev=0.582 m_v_bias=-0.2 m_adv_std=6.5039 m_kl_max=0.0112 m_ratio_max=0.481 return=-181.0 length=200 success_rate=0.00 collisions/ep=0.00 (n=8)
Evaluation at update 55: return=-180.08, length=200.00, success_rate=0.00, collisions/ep=0.00
Solved-check at update 55: solved=False worst_gap=1200.18 at p_x0=2.00 p_y0=-1.00 (consecutive=0)
update=56 global_step=114688 SPS=609 w_ev=0.239 m_ev=0.177 m_v_bias=0.3 m_adv_std=16.4479 m_kl_max=0.0116 m_ratio_max=0.511 return=-201.9 length=200 success_rate=0.00 collisions/ep=0.44 (n=9)
update=57 global_step=116736 SPS=616 w_ev=0.286 m_ev=0.043 m_v_bias=16.5 m_adv_std=81.9046 m_kl_max=0.0171 m_ratio_max=0.875 return=-183.7 length=200 success_rate=0.00 collisions/ep=0.00 (n=8)
update=58 global_step=118784 SPS=623 w_ev=0.297 m_ev=-1.311 m_v_bias=-6.3 m_adv_std=13.2081 m_kl_max=0.0100 m_ratio_max=0.532 return=-232.6 length=200 success_rate=0.00 collisions/ep=1.00 (n=15)
update=59 global_step=120832 SPS=628 w_ev=0.264 m_ev=0.102 m_v_bias=0.8 m_adv_std=23.7580 m_kl_max=0.0196 m_ratio_max=1.668 return=-218.9 length=200 success_rate=0.00 collisions/ep=0.62 (n=8)
update=60 global_step=122880 SPS=634 w_ev=0.281 m_ev=0.411 m_v_bias=-4.0 m_adv_std=5.0536 m_kl_max=0.0300 m_ratio_max=0.911 return=-183.0 length=200 success_rate=0.00 collisions/ep=0.00 (n=9)
Evaluation at update 60: return=-183.17, length=200.00, success_rate=0.00, collisions/ep=0.00
Solved-check at update 60: solved=False worst_gap=1203.28 at p_x0=2.00 p_y0=-1.00 (consecutive=0)
update=61 global_step=124928 SPS=606 w_ev=0.139 m_ev=0.722 m_v_bias=-1.9 m_adv_std=3.1890 m_kl_max=0.0219 m_ratio_max=0.652 return=-181.7 length=200 success_rate=0.00 collisions/ep=0.00 (n=15)
update=62 global_step=126976 SPS=612 w_ev=0.207 m_ev=0.077 m_v_bias=11.5 m_adv_std=47.4367 m_kl_max=0.0255 m_ratio_max=1.054 return=-235.0 length=200 success_rate=0.00 collisions/ep=1.12 (n=8)
update=63 global_step=129024 SPS=618 w_ev=0.210 m_ev=0.419 m_v_bias=-4.9 m_adv_std=8.1086 m_kl_max=0.0212 m_ratio_max=0.799 return=-190.5 length=200 success_rate=0.00 collisions/ep=0.11 (n=9)
update=64 global_step=131072 SPS=623 w_ev=0.230 m_ev=0.688 m_v_bias=-4.7 m_adv_std=4.0568 m_kl_max=0.0093 m_ratio_max=0.536 return=-185.6 length=200 success_rate=0.00 collisions/ep=0.00 (n=8)
update=65 global_step=133120 SPS=629 w_ev=0.315 m_ev=0.865 m_v_bias=-1.3 m_adv_std=2.2703 m_kl_max=0.0445 m_ratio_max=1.177 return=-182.0 length=200 success_rate=0.00 collisions/ep=0.00 (n=15)
Evaluation at update 65: return=-181.57, length=200.00, success_rate=0.00, collisions/ep=0.00
Solved-check at update 65: solved=False worst_gap=1201.68 at p_x0=2.00 p_y0=-1.00 (consecutive=0)
update=66 global_step=135168 SPS=605 w_ev=0.373 m_ev=0.889 m_v_bias=-1.8 m_adv_std=1.9945 m_kl_max=0.0907 m_ratio_max=4.188 return=-182.8 length=200 success_rate=0.00 collisions/ep=0.00 (n=8)
update=67 global_step=137216 SPS=611 w_ev=0.287 m_ev=0.878 m_v_bias=-2.4 m_adv_std=2.1306 m_kl_max=0.0411 m_ratio_max=1.782 return=-177.0 length=200 success_rate=0.00 collisions/ep=0.00 (n=9)
update=68 global_step=139264 SPS=617 w_ev=0.345 m_ev=0.505 m_v_bias=-0.3 m_adv_std=6.5876 m_kl_max=0.0110 m_ratio_max=0.598 return=-180.8 length=200 success_rate=0.00 collisions/ep=0.07 (n=15)
update=69 global_step=141312 SPS=622 w_ev=0.201 m_ev=0.379 m_v_bias=4.0 m_adv_std=13.8749 m_kl_max=0.0231 m_ratio_max=0.871 return=-199.0 length=200 success_rate=0.00 collisions/ep=0.50 (n=8)
update=70 global_step=143360 SPS=628 w_ev=0.287 m_ev=0.206 m_v_bias=0.8 m_adv_std=21.4540 m_kl_max=0.0381 m_ratio_max=1.122 return=-203.8 length=200 success_rate=0.00 collisions/ep=0.44 (n=9)
Evaluation at update 70: return=-181.46, length=200.00, success_rate=0.00, collisions/ep=0.00
Solved-check at update 70: solved=False worst_gap=1201.59 at p_x0=2.00 p_y0=-1.00 (consecutive=0)
update=71 global_step=145408 SPS=606 w_ev=0.259 m_ev=0.582 m_v_bias=-1.9 m_adv_std=4.3284 m_kl_max=0.0193 m_ratio_max=0.644 return=-180.1 length=200 success_rate=0.00 collisions/ep=0.00 (n=8)
update=72 global_step=147456 SPS=612 w_ev=0.358 m_ev=0.881 m_v_bias=-1.4 m_adv_std=2.0889 m_kl_max=0.0268 m_ratio_max=0.860 return=-182.2 length=200 success_rate=0.00 collisions/ep=0.00 (n=15)
update=73 global_step=149504 SPS=617 w_ev=0.230 m_ev=0.895 m_v_bias=-1.5 m_adv_std=1.8976 m_kl_max=0.0301 m_ratio_max=0.648 return=-179.2 length=200 success_rate=0.00 collisions/ep=0.00 (n=8)
update=74 global_step=151552 SPS=622 w_ev=0.322 m_ev=0.447 m_v_bias=-0.5 m_adv_std=5.6136 m_kl_max=0.0087 m_ratio_max=0.545 return=-177.3 length=200 success_rate=0.00 collisions/ep=0.00 (n=9)
update=75 global_step=153600 SPS=627 w_ev=0.347 m_ev=0.867 m_v_bias=-1.2 m_adv_std=1.9618 m_kl_max=0.0445 m_ratio_max=1.389 return=-182.9 length=200 success_rate=0.00 collisions/ep=0.07 (n=15)
Evaluation at update 75: return=-177.72, length=200.00, success_rate=0.00, collisions/ep=0.00
Solved-check at update 75: solved=False worst_gap=1197.86 at p_x0=2.00 p_y0=-1.00 (consecutive=0)
update=76 global_step=155648 SPS=606 w_ev=0.296 m_ev=0.924 m_v_bias=-1.7 m_adv_std=1.9492 m_kl_max=0.0627 m_ratio_max=1.296 return=-175.2 length=200 success_rate=0.00 collisions/ep=0.00 (n=8)
update=77 global_step=157696 SPS=610 w_ev=0.287 m_ev=0.460 m_v_bias=1.7 m_adv_std=8.4193 m_kl_max=0.0506 m_ratio_max=3.185 return=-183.2 length=200 success_rate=0.00 collisions/ep=0.12 (n=8)
update=78 global_step=159744 SPS=615 w_ev=0.328 m_ev=0.428 m_v_bias=1.4 m_adv_std=8.3703 m_kl_max=0.0299 m_ratio_max=0.865 return=-185.4 length=200 success_rate=0.00 collisions/ep=0.22 (n=9)
update=79 global_step=161792 SPS=620 w_ev=0.275 m_ev=0.696 m_v_bias=-1.4 m_adv_std=4.8357 m_kl_max=0.0199 m_ratio_max=0.866 return=-183.1 length=200 success_rate=0.00 collisions/ep=0.13 (n=15)
update=80 global_step=163840 SPS=625 w_ev=0.310 m_ev=0.580 m_v_bias=0.4 m_adv_std=5.6853 m_kl_max=0.0139 m_ratio_max=0.639 return=-188.5 length=200 success_rate=0.00 collisions/ep=0.12 (n=8)
Evaluation at update 80: return=-178.38, length=200.00, success_rate=0.00, collisions/ep=0.00
Solved-check at update 80: solved=False worst_gap=1198.52 at p_x0=2.00 p_y0=1.00 (consecutive=0)
update=81 global_step=165888 SPS=606 w_ev=0.303 m_ev=0.941 m_v_bias=-0.9 m_adv_std=1.5349 m_kl_max=0.0181 m_ratio_max=0.651 return=-176.6 length=200 success_rate=0.00 collisions/ep=0.00 (n=9)
update=82 global_step=167936 SPS=611 w_ev=0.320 m_ev=0.610 m_v_bias=-1.0 m_adv_std=5.5029 m_kl_max=0.0201 m_ratio_max=0.677 return=-184.2 length=200 success_rate=0.00 collisions/ep=0.12 (n=8)
update=83 global_step=169984 SPS=615 w_ev=0.424 m_ev=0.329 m_v_bias=1.7 m_adv_std=9.7519 m_kl_max=0.0222 m_ratio_max=1.093 return=-183.9 length=200 success_rate=0.00 collisions/ep=0.13 (n=15)
update=84 global_step=172032 SPS=620 w_ev=0.374 m_ev=0.754 m_v_bias=-1.5 m_adv_std=3.2610 m_kl_max=0.0115 m_ratio_max=0.550 return=-180.8 length=200 success_rate=0.00 collisions/ep=0.12 (n=8)
update=85 global_step=174080 SPS=624 w_ev=0.291 m_ev=0.337 m_v_bias=1.7 m_adv_std=8.5759 m_kl_max=0.0250 m_ratio_max=1.239 return=-175.6 length=200 success_rate=0.00 collisions/ep=0.00 (n=9)
Evaluation at update 85: return=-178.18, length=200.00, success_rate=0.00, collisions/ep=0.00
Solved-check at update 85: solved=False worst_gap=1199.03 at p_x0=2.00 p_y0=1.00 (consecutive=0)
update=86 global_step=176128 SPS=605 w_ev=0.418 m_ev=0.202 m_v_bias=3.3 m_adv_std=16.4005 m_kl_max=0.0189 m_ratio_max=0.851 return=-201.3 length=200 success_rate=0.00 collisions/ep=0.47 (n=15)
update=87 global_step=178176 SPS=609 w_ev=0.382 m_ev=0.793 m_v_bias=-1.5 m_adv_std=2.8380 m_kl_max=0.0495 m_ratio_max=2.037 return=-179.8 length=200 success_rate=0.00 collisions/ep=0.00 (n=8)
update=88 global_step=180224 SPS=613 w_ev=0.275 m_ev=0.499 m_v_bias=-0.8 m_adv_std=6.4992 m_kl_max=0.0135 m_ratio_max=0.917 return=-176.5 length=200 success_rate=0.00 collisions/ep=0.00 (n=9)
update=89 global_step=182272 SPS=617 w_ev=0.342 m_ev=0.193 m_v_bias=3.4 m_adv_std=15.4637 m_kl_max=0.0191 m_ratio_max=0.554 return=-185.5 length=200 success_rate=0.00 collisions/ep=0.12 (n=8)
update=90 global_step=184320 SPS=621 w_ev=0.334 m_ev=0.891 m_v_bias=-2.2 m_adv_std=2.4070 m_kl_max=0.0276 m_ratio_max=0.909 return=-187.3 length=200 success_rate=0.00 collisions/ep=0.27 (n=15)
Evaluation at update 90: return=-177.82, length=200.00, success_rate=0.00, collisions/ep=0.00
Solved-check at update 90: solved=False worst_gap=1197.95 at p_x0=2.00 p_y0=1.00 (consecutive=0)
update=91 global_step=186368 SPS=604 w_ev=0.285 m_ev=0.216 m_v_bias=0.6 m_adv_std=11.7200 m_kl_max=0.0233 m_ratio_max=0.894 return=-181.4 length=200 success_rate=0.00 collisions/ep=0.00 (n=8)
update=92 global_step=188416 SPS=608 w_ev=0.371 m_ev=0.507 m_v_bias=-0.9 m_adv_std=6.2596 m_kl_max=0.0185 m_ratio_max=1.049 return=-190.3 length=200 success_rate=0.00 collisions/ep=0.22 (n=9)
update=93 global_step=190464 SPS=612 w_ev=0.124 m_ev=0.119 m_v_bias=5.2 m_adv_std=20.8716 m_kl_max=0.0173 m_ratio_max=0.495 return=-195.8 length=200 success_rate=0.00 collisions/ep=0.40 (n=15)
update=94 global_step=192512 SPS=616 w_ev=0.296 m_ev=0.340 m_v_bias=0.6 m_adv_std=12.0976 m_kl_max=0.0191 m_ratio_max=0.621 return=-197.5 length=200 success_rate=0.00 collisions/ep=0.38 (n=8)
update=95 global_step=194560 SPS=620 w_ev=0.319 m_ev=0.783 m_v_bias=-3.2 m_adv_std=2.8130 m_kl_max=0.0156 m_ratio_max=1.017 return=-176.6 length=200 success_rate=0.00 collisions/ep=0.00 (n=9)
Evaluation at update 95: return=-178.04, length=200.00, success_rate=0.00, collisions/ep=0.00
Solved-check at update 95: solved=False worst_gap=1198.26 at p_x0=2.00 p_y0=1.00 (consecutive=0)
update=96 global_step=196608 SPS=604 w_ev=0.297 m_ev=0.353 m_v_bias=0.3 m_adv_std=9.9684 m_kl_max=0.0259 m_ratio_max=0.836 return=-188.9 length=200 success_rate=0.00 collisions/ep=0.25 (n=8)
update=97 global_step=198656 SPS=608 w_ev=0.334 m_ev=0.871 m_v_bias=-1.8 m_adv_std=2.4201 m_kl_max=0.0245 m_ratio_max=1.226 return=-182.1 length=200 success_rate=0.00 collisions/ep=0.07 (n=15)
update=98 global_step=200704 SPS=612 w_ev=0.275 m_ev=0.527 m_v_bias=-0.5 m_adv_std=6.3454 m_kl_max=0.0134 m_ratio_max=0.509 return=-182.2 length=200 success_rate=0.00 collisions/ep=0.12 (n=8)
update=99 global_step=202752 SPS=616 w_ev=0.235 m_ev=0.544 m_v_bias=-0.3 m_adv_std=5.8366 m_kl_max=0.0120 m_ratio_max=0.377 return=-178.3 length=200 success_rate=0.00 collisions/ep=0.00 (n=9)
update=100 global_step=204800 SPS=620 w_ev=0.244 m_ev=0.956 m_v_bias=-1.5 m_adv_std=1.3528 m_kl_max=0.0876 m_ratio_max=5.070 return=-177.4 length=200 success_rate=0.00 collisions/ep=0.07 (n=15)
Evaluation at update 100: return=-176.51, length=200.00, success_rate=0.00, collisions/ep=0.00
Solved-check at update 100: solved=False worst_gap=1196.68 at p_x0=2.00 p_y0=1.00 (consecutive=0)
update=101 global_step=206848 SPS=605 w_ev=0.292 m_ev=0.973 m_v_bias=-1.6 m_adv_std=1.2119 m_kl_max=0.0142 m_ratio_max=0.516 return=-173.8 length=200 success_rate=0.00 collisions/ep=0.00 (n=8)
update=102 global_step=208896 SPS=609 w_ev=0.190 m_ev=0.083 m_v_bias=8.0 m_adv_std=31.0346 m_kl_max=0.0099 m_ratio_max=0.513 return=-213.4 length=200 success_rate=0.00 collisions/ep=0.75 (n=8)
update=103 global_step=210944 SPS=612 w_ev=0.233 m_ev=0.513 m_v_bias=0.6 m_adv_std=8.2647 m_kl_max=0.0239 m_ratio_max=0.803 return=-186.2 length=200 success_rate=0.00 collisions/ep=0.22 (n=9)
update=104 global_step=212992 SPS=616 w_ev=0.263 m_ev=0.450 m_v_bias=-0.3 m_adv_std=8.4892 m_kl_max=0.0153 m_ratio_max=0.764 return=-184.0 length=200 success_rate=0.00 collisions/ep=0.13 (n=15)
update=105 global_step=215040 SPS=619 w_ev=0.158 m_ev=0.906 m_v_bias=-2.9 m_adv_std=1.8704 m_kl_max=0.0436 m_ratio_max=0.922 return=-181.3 length=200 success_rate=0.00 collisions/ep=0.12 (n=8)
Evaluation at update 105: return=-176.06, length=200.00, success_rate=0.00, collisions/ep=0.00
Solved-check at update 105: solved=False worst_gap=1196.25 at p_x0=2.00 p_y0=0.00 (consecutive=0)
update=106 global_step=217088 SPS=605 w_ev=0.244 m_ev=0.110 m_v_bias=11.4 m_adv_std=30.9667 m_kl_max=0.0268 m_ratio_max=0.903 return=-237.5 length=200 success_rate=0.00 collisions/ep=1.22 (n=9)
update=107 global_step=219136 SPS=608 w_ev=0.208 m_ev=0.528 m_v_bias=-3.0 m_adv_std=7.1182 m_kl_max=0.0219 m_ratio_max=0.970 return=-174.5 length=200 success_rate=0.00 collisions/ep=0.00 (n=8)
update=108 global_step=221184 SPS=612 w_ev=0.173 m_ev=0.308 m_v_bias=-1.9 m_adv_std=10.9669 m_kl_max=0.0094 m_ratio_max=0.616 return=-186.0 length=200 success_rate=0.00 collisions/ep=0.20 (n=15)
update=109 global_step=223232 SPS=615 w_ev=0.244 m_ev=0.908 m_v_bias=-3.2 m_adv_std=2.0340 m_kl_max=0.0386 m_ratio_max=1.368 return=-177.4 length=200 success_rate=0.00 collisions/ep=0.00 (n=8)
update=110 global_step=225280 SPS=619 w_ev=0.220 m_ev=0.215 m_v_bias=2.0 m_adv_std=13.8171 m_kl_max=0.0081 m_ratio_max=0.862 return=-174.5 length=200 success_rate=0.00 collisions/ep=0.00 (n=9)
Evaluation at update 110: return=-177.82, length=200.00, success_rate=0.00, collisions/ep=0.00
Solved-check at update 110: solved=False worst_gap=1198.07 at p_x0=2.00 p_y0=0.00 (consecutive=0)
update=111 global_step=227328 SPS=605 w_ev=0.250 m_ev=0.629 m_v_bias=-1.2 m_adv_std=6.4169 m_kl_max=0.0133 m_ratio_max=0.658 return=-189.5 length=200 success_rate=0.00 collisions/ep=0.27 (n=15)
update=112 global_step=229376 SPS=609 w_ev=0.145 m_ev=0.185 m_v_bias=0.7 m_adv_std=15.5916 m_kl_max=0.0057 m_ratio_max=0.372 return=-176.3 length=200 success_rate=0.00 collisions/ep=0.00 (n=8)
update=113 global_step=231424 SPS=612 w_ev=0.255 m_ev=0.878 m_v_bias=-2.3 m_adv_std=2.3851 m_kl_max=0.0279 m_ratio_max=1.161 return=-195.9 length=200 success_rate=0.00 collisions/ep=0.33 (n=9)
update=114 global_step=233472 SPS=615 w_ev=0.246 m_ev=0.944 m_v_bias=-1.5 m_adv_std=1.5326 m_kl_max=0.0312 m_ratio_max=1.181 return=-171.1 length=200 success_rate=0.00 collisions/ep=0.00 (n=8)
update=115 global_step=235520 SPS=618 w_ev=0.259 m_ev=0.628 m_v_bias=-0.1 m_adv_std=5.8124 m_kl_max=0.0230 m_ratio_max=1.330 return=-176.0 length=200 success_rate=0.00 collisions/ep=0.07 (n=15)
Evaluation at update 115: return=-175.85, length=200.00, success_rate=0.00, collisions/ep=0.00
Solved-check at update 115: solved=False worst_gap=1196.12 at p_x0=2.00 p_y0=1.00 (consecutive=0)
update=116 global_step=237568 SPS=605 w_ev=0.226 m_ev=0.550 m_v_bias=0.5 m_adv_std=7.2190 m_kl_max=0.0267 m_ratio_max=1.181 return=-185.0 length=200 success_rate=0.00 collisions/ep=0.25 (n=8)
update=117 global_step=239616 SPS=608 w_ev=0.263 m_ev=0.030 m_v_bias=14.5 m_adv_std=66.6707 m_kl_max=0.0281 m_ratio_max=0.579 return=-173.1 length=200 success_rate=0.00 collisions/ep=0.00 (n=9)
update=118 global_step=241664 SPS=612 w_ev=0.228 m_ev=0.039 m_v_bias=26.3 m_adv_std=88.2283 m_kl_max=0.0235 m_ratio_max=0.636 return=-300.6 length=200 success_rate=0.00 collisions/ep=2.47 (n=15)
update=119 global_step=243712 SPS=615 w_ev=0.284 m_ev=-0.024 m_v_bias=-1.8 m_adv_std=29.8672 m_kl_max=0.0119 m_ratio_max=0.624 return=-239.8 length=200 success_rate=0.00 collisions/ep=1.25 (n=8)
update=120 global_step=245760 SPS=618 w_ev=0.230 m_ev=0.097 m_v_bias=-0.9 m_adv_std=50.6884 m_kl_max=0.0446 m_ratio_max=1.120 return=-225.6 length=200 success_rate=0.00 collisions/ep=1.00 (n=9)
Evaluation at update 120: return=-177.51, length=200.00, success_rate=0.00, collisions/ep=0.00
Solved-check at update 120: solved=False worst_gap=1197.70 at p_x0=2.00 p_y0=-0.50 (consecutive=0)
update=121 global_step=247808 SPS=606 w_ev=0.242 m_ev=0.004 m_v_bias=-7.6 m_adv_std=12.7766 m_kl_max=0.0255 m_ratio_max=0.623 return=-185.0 length=200 success_rate=0.00 collisions/ep=0.12 (n=8)
update=122 global_step=249856 SPS=610 w_ev=0.249 m_ev=0.316 m_v_bias=-5.3 m_adv_std=8.6892 m_kl_max=0.0175 m_ratio_max=0.622 return=-178.7 length=200 success_rate=0.00 collisions/ep=0.00 (n=15)
update=123 global_step=251904 SPS=612 w_ev=0.214 m_ev=0.235 m_v_bias=-3.5 m_adv_std=10.3455 m_kl_max=0.0030 m_ratio_max=0.312 return=-196.6 length=200 success_rate=0.00 collisions/ep=0.38 (n=8)
update=124 global_step=253952 SPS=615 w_ev=0.253 m_ev=0.919 m_v_bias=-3.3 m_adv_std=1.8426 m_kl_max=0.0245 m_ratio_max=0.753 return=-178.0 length=200 success_rate=0.00 collisions/ep=0.00 (n=9)
update=125 global_step=256000 SPS=618 w_ev=0.187 m_ev=0.033 m_v_bias=8.9 m_adv_std=37.5689 m_kl_max=0.0202 m_ratio_max=0.728 return=-204.6 length=200 success_rate=0.00 collisions/ep=0.53 (n=15)
Evaluation at update 125: return=-178.43, length=200.00, success_rate=0.00, collisions/ep=0.00
Solved-check at update 125: solved=False worst_gap=1198.64 at p_x0=2.00 p_y0=-0.50 (consecutive=0)
update=126 global_step=258048 SPS=607 w_ev=0.281 m_ev=0.607 m_v_bias=-4.8 m_adv_std=4.9471 m_kl_max=0.0137 m_ratio_max=0.521 return=-178.7 length=200 success_rate=0.00 collisions/ep=0.00 (n=8)
update=127 global_step=260096 SPS=609 w_ev=0.299 m_ev=0.872 m_v_bias=-3.5 m_adv_std=2.5598 m_kl_max=0.0111 m_ratio_max=0.452 return=-176.6 length=200 success_rate=0.00 collisions/ep=0.00 (n=8)
update=128 global_step=262144 SPS=612 w_ev=0.247 m_ev=0.208 m_v_bias=3.3 m_adv_std=19.0009 m_kl_max=0.0210 m_ratio_max=0.697 return=-176.3 length=200 success_rate=0.00 collisions/ep=0.11 (n=9)
update=129 global_step=264192 SPS=615 w_ev=0.255 m_ev=0.762 m_v_bias=-1.8 m_adv_std=4.4318 m_kl_max=0.0061 m_ratio_max=0.357 return=-191.9 length=200 success_rate=0.00 collisions/ep=0.27 (n=15)
update=130 global_step=266240 SPS=618 w_ev=0.232 m_ev=0.930 m_v_bias=-1.9 m_adv_std=1.8644 m_kl_max=0.0193 m_ratio_max=0.981 return=-171.8 length=200 success_rate=0.00 collisions/ep=0.00 (n=8)
Evaluation at update 130: return=-177.62, length=200.00, success_rate=0.00, collisions/ep=0.00
Solved-check at update 130: solved=False worst_gap=1198.07 at p_x0=2.00 p_y0=-1.00 (consecutive=0)
update=131 global_step=268288 SPS=606 w_ev=0.295 m_ev=0.393 m_v_bias=1.1 m_adv_std=8.4179 m_kl_max=0.0211 m_ratio_max=0.971 return=-181.2 length=200 success_rate=0.00 collisions/ep=0.22 (n=9)
update=132 global_step=270336 SPS=609 w_ev=0.267 m_ev=0.922 m_v_bias=-1.6 m_adv_std=1.9799 m_kl_max=0.0214 m_ratio_max=0.601 return=-176.4 length=200 success_rate=0.00 collisions/ep=0.00 (n=8)
update=133 global_step=272384 SPS=612 w_ev=0.279 m_ev=0.325 m_v_bias=1.8 m_adv_std=12.6186 m_kl_max=0.0142 m_ratio_max=0.575 return=-179.6 length=200 success_rate=0.00 collisions/ep=0.13 (n=15)
update=134 global_step=274432 SPS=614 w_ev=0.252 m_ev=0.936 m_v_bias=-1.3 m_adv_std=1.5891 m_kl_max=0.0386 m_ratio_max=0.702 return=-179.1 length=200 success_rate=0.00 collisions/ep=0.00 (n=8)
update=135 global_step=276480 SPS=617 w_ev=0.311 m_ev=0.953 m_v_bias=-1.7 m_adv_std=1.4797 m_kl_max=0.0301 m_ratio_max=0.621 return=-174.2 length=200 success_rate=0.00 collisions/ep=0.00 (n=9)
Evaluation at update 135: return=-175.61, length=200.00, success_rate=0.00, collisions/ep=0.00
Solved-check at update 135: solved=False worst_gap=1197.09 at p_x0=2.00 p_y0=0.50 (consecutive=0)
update=136 global_step=278528 SPS=607 w_ev=0.412 m_ev=0.504 m_v_bias=0.3 m_adv_std=7.8052 m_kl_max=0.0166 m_ratio_max=0.620 return=-181.3 length=200 success_rate=0.00 collisions/ep=0.13 (n=15)
update=137 global_step=280576 SPS=609 w_ev=0.379 m_ev=0.963 m_v_bias=-1.4 m_adv_std=1.3237 m_kl_max=0.0272 m_ratio_max=0.775 return=-175.6 length=200 success_rate=0.00 collisions/ep=0.00 (n=8)
update=138 global_step=282624 SPS=612 w_ev=0.348 m_ev=0.114 m_v_bias=2.0 m_adv_std=13.0097 m_kl_max=0.0186 m_ratio_max=0.764 return=-175.7 length=200 success_rate=0.00 collisions/ep=0.00 (n=9)
update=139 global_step=284672 SPS=615 w_ev=0.424 m_ev=0.478 m_v_bias=-1.4 m_adv_std=5.9162 m_kl_max=0.0300 m_ratio_max=1.303 return=-198.1 length=200 success_rate=0.00 collisions/ep=0.38 (n=8)
update=140 global_step=286720 SPS=617 w_ev=0.438 m_ev=0.494 m_v_bias=-0.6 m_adv_std=8.2794 m_kl_max=0.0229 m_ratio_max=0.980 return=-184.4 length=200 success_rate=0.00 collisions/ep=0.20 (n=15)
Evaluation at update 140: return=-174.87, length=200.00, success_rate=0.00, collisions/ep=0.00
Solved-check at update 140: solved=False worst_gap=1195.70 at p_x0=2.00 p_y0=0.50 (consecutive=0)
update=141 global_step=288768 SPS=607 w_ev=0.293 m_ev=0.368 m_v_bias=1.0 m_adv_std=8.8105 m_kl_max=0.0149 m_ratio_max=0.497 return=-178.2 length=200 success_rate=0.00 collisions/ep=0.12 (n=8)
update=142 global_step=290816 SPS=609 w_ev=0.405 m_ev=0.107 m_v_bias=-1.1 m_adv_std=23.0039 m_kl_max=0.0076 m_ratio_max=0.757 return=-217.3 length=200 success_rate=0.00 collisions/ep=0.89 (n=9)
update=143 global_step=292864 SPS=612 w_ev=0.381 m_ev=0.138 m_v_bias=3.5 m_adv_std=23.9145 m_kl_max=0.0168 m_ratio_max=0.938 return=-187.4 length=200 success_rate=0.00 collisions/ep=0.27 (n=15)
update=144 global_step=294912 SPS=614 w_ev=0.407 m_ev=0.704 m_v_bias=-0.4 m_adv_std=6.4238 m_kl_max=0.0259 m_ratio_max=0.666 return=-178.7 length=200 success_rate=0.00 collisions/ep=0.12 (n=8)
update=145 global_step=296960 SPS=617 w_ev=0.476 m_ev=0.134 m_v_bias=2.7 m_adv_std=12.0100 m_kl_max=0.0142 m_ratio_max=0.610 return=-171.6 length=200 success_rate=0.00 collisions/ep=0.00 (n=9)
Evaluation at update 145: return=-173.65, length=200.00, success_rate=0.00, collisions/ep=0.00
Solved-check at update 145: solved=False worst_gap=1194.30 at p_x0=2.00 p_y0=0.50 (consecutive=0)
update=146 global_step=299008 SPS=606 w_ev=0.542 m_ev=0.116 m_v_bias=5.3 m_adv_std=30.8854 m_kl_max=0.0193 m_ratio_max=0.568 return=-244.2 length=200 success_rate=0.00 collisions/ep=1.50 (n=8)
update=147 global_step=301056 SPS=608 w_ev=0.428 m_ev=0.574 m_v_bias=-3.3 m_adv_std=6.4386 m_kl_max=0.0168 m_ratio_max=0.579 return=-182.6 length=200 success_rate=0.00 collisions/ep=0.20 (n=15)
update=148 global_step=303104 SPS=610 w_ev=0.484 m_ev=0.409 m_v_bias=-1.3 m_adv_std=7.2583 m_kl_max=0.0122 m_ratio_max=0.719 return=-179.4 length=200 success_rate=0.00 collisions/ep=0.12 (n=8)
update=149 global_step=305152 SPS=613 w_ev=0.545 m_ev=0.533 m_v_bias=-1.7 m_adv_std=6.7996 m_kl_max=0.0173 m_ratio_max=0.588 return=-173.6 length=200 success_rate=0.00 collisions/ep=0.00 (n=9)
update=150 global_step=307200 SPS=615 w_ev=0.537 m_ev=0.246 m_v_bias=1.3 m_adv_std=12.8181 m_kl_max=0.0116 m_ratio_max=0.504 return=-186.9 length=200 success_rate=0.00 collisions/ep=0.27 (n=15)
Evaluation at update 150: return=-174.89, length=200.00, success_rate=0.00, collisions/ep=0.00
Solved-check at update 150: solved=False worst_gap=1195.65 at p_x0=2.00 p_y0=1.00 (consecutive=0)
update=151 global_step=309248 SPS=605 w_ev=0.475 m_ev=0.506 m_v_bias=1.8 m_adv_std=10.3407 m_kl_max=0.0215 m_ratio_max=1.229 return=-194.8 length=200 success_rate=0.00 collisions/ep=0.38 (n=8)
update=152 global_step=311296 SPS=607 w_ev=0.548 m_ev=0.877 m_v_bias=-3.0 m_adv_std=2.4072 m_kl_max=0.0301 m_ratio_max=1.298 return=-176.9 length=200 success_rate=0.00 collisions/ep=0.00 (n=8)
update=153 global_step=313344 SPS=610 w_ev=0.561 m_ev=0.594 m_v_bias=-1.7 m_adv_std=6.1213 m_kl_max=0.0168 m_ratio_max=1.200 return=-176.8 length=200 success_rate=0.00 collisions/ep=0.11 (n=9)
update=154 global_step=315392 SPS=612 w_ev=0.516 m_ev=0.354 m_v_bias=0.4 m_adv_std=11.3554 m_kl_max=0.0188 m_ratio_max=1.427 return=-178.2 length=200 success_rate=0.00 collisions/ep=0.13 (n=15)
update=155 global_step=317440 SPS=614 w_ev=0.464 m_ev=0.558 m_v_bias=-0.7 m_adv_std=6.3177 m_kl_max=0.0082 m_ratio_max=0.742 return=-174.3 length=200 success_rate=0.00 collisions/ep=0.00 (n=8)
Evaluation at update 155: return=-174.18, length=200.00, success_rate=0.00, collisions/ep=0.00
Solved-check at update 155: solved=False worst_gap=1195.08 at p_x0=2.00 p_y0=1.00 (consecutive=0)
update=156 global_step=319488 SPS=605 w_ev=0.543 m_ev=0.441 m_v_bias=2.9 m_adv_std=10.1960 m_kl_max=0.0106 m_ratio_max=0.633 return=-194.1 length=200 success_rate=0.00 collisions/ep=0.44 (n=9)
update=157 global_step=321536 SPS=607 w_ev=0.578 m_ev=0.608 m_v_bias=-2.0 m_adv_std=4.9954 m_kl_max=0.0107 m_ratio_max=0.851 return=-181.8 length=200 success_rate=0.00 collisions/ep=0.12 (n=8)
update=158 global_step=323584 SPS=609 w_ev=0.605 m_ev=0.292 m_v_bias=7.0 m_adv_std=21.1621 m_kl_max=0.0470 m_ratio_max=0.917 return=-195.2 length=200 success_rate=0.00 collisions/ep=0.40 (n=15)
update=159 global_step=325632 SPS=612 w_ev=0.469 m_ev=0.499 m_v_bias=-1.6 m_adv_std=7.5665 m_kl_max=0.0283 m_ratio_max=0.889 return=-183.9 length=200 success_rate=0.00 collisions/ep=0.12 (n=8)
update=160 global_step=327680 SPS=614 w_ev=0.521 m_ev=0.511 m_v_bias=-1.9 m_adv_std=6.6101 m_kl_max=0.0345 m_ratio_max=0.962 return=-173.0 length=200 success_rate=0.00 collisions/ep=0.00 (n=9)
Evaluation at update 160: return=-175.40, length=200.00, success_rate=0.00, collisions/ep=0.00
Solved-check at update 160: solved=False worst_gap=1196.76 at p_x0=2.00 p_y0=1.00 (consecutive=0)
update=161 global_step=329728 SPS=605 w_ev=0.419 m_ev=0.830 m_v_bias=-2.1 m_adv_std=3.5560 m_kl_max=0.0196 m_ratio_max=0.609 return=-181.7 length=200 success_rate=0.00 collisions/ep=0.13 (n=15)
update=162 global_step=331776 SPS=607 w_ev=0.519 m_ev=0.488 m_v_bias=0.8 m_adv_std=8.4915 m_kl_max=0.0091 m_ratio_max=0.562 return=-185.2 length=200 success_rate=0.00 collisions/ep=0.25 (n=8)
update=163 global_step=333824 SPS=609 w_ev=0.499 m_ev=0.502 m_v_bias=-0.5 m_adv_std=8.6397 m_kl_max=0.0285 m_ratio_max=0.870 return=-191.8 length=200 success_rate=0.00 collisions/ep=0.44 (n=9)
update=164 global_step=335872 SPS=611 w_ev=0.366 m_ev=0.078 m_v_bias=7.5 m_adv_std=46.3061 m_kl_max=0.0587 m_ratio_max=1.307 return=-225.1 length=200 success_rate=0.00 collisions/ep=1.00 (n=8)
update=165 global_step=337920 SPS=614 w_ev=0.457 m_ev=0.251 m_v_bias=2.3 m_adv_std=10.4607 m_kl_max=0.0289 m_ratio_max=1.005 return=-185.9 length=200 success_rate=0.00 collisions/ep=0.20 (n=15)
Evaluation at update 165: return=-176.36, length=200.00, success_rate=0.00, collisions/ep=0.00
Solved-check at update 165: solved=False worst_gap=1197.88 at p_x0=2.00 p_y0=-1.00 (consecutive=0)
update=166 global_step=339968 SPS=605 w_ev=0.380 m_ev=0.117 m_v_bias=-2.3 m_adv_std=13.3806 m_kl_max=0.0102 m_ratio_max=0.563 return=-195.3 length=200 success_rate=0.00 collisions/ep=0.38 (n=8)
update=167 global_step=342016 SPS=607 w_ev=0.423 m_ev=0.832 m_v_bias=-2.9 m_adv_std=2.7742 m_kl_max=0.0168 m_ratio_max=0.614 return=-175.5 length=200 success_rate=0.00 collisions/ep=0.00 (n=9)
update=168 global_step=344064 SPS=609 w_ev=0.461 m_ev=0.377 m_v_bias=1.0 m_adv_std=8.8296 m_kl_max=0.0055 m_ratio_max=0.379 return=-181.2 length=200 success_rate=0.00 collisions/ep=0.13 (n=15)
update=169 global_step=346112 SPS=611 w_ev=0.486 m_ev=0.599 m_v_bias=-0.2 m_adv_std=6.0359 m_kl_max=0.0215 m_ratio_max=1.076 return=-182.4 length=200 success_rate=0.00 collisions/ep=0.12 (n=8)
update=170 global_step=348160 SPS=613 w_ev=0.376 m_ev=0.350 m_v_bias=0.6 m_adv_std=11.4738 m_kl_max=0.0125 m_ratio_max=0.452 return=-192.0 length=200 success_rate=0.00 collisions/ep=0.33 (n=9)
Evaluation at update 170: return=-176.79, length=200.00, success_rate=0.00, collisions/ep=0.00
Solved-check at update 170: solved=False worst_gap=1198.27 at p_x0=2.00 p_y0=0.50 (consecutive=0)
update=171 global_step=350208 SPS=605 w_ev=0.412 m_ev=0.936 m_v_bias=-1.0 m_adv_std=1.9179 m_kl_max=0.0139 m_ratio_max=0.583 return=-170.2 length=200 success_rate=0.00 collisions/ep=0.00 (n=8)
update=172 global_step=352256 SPS=607 w_ev=0.438 m_ev=0.221 m_v_bias=2.7 m_adv_std=18.2249 m_kl_max=0.0280 m_ratio_max=1.279 return=-184.7 length=200 success_rate=0.00 collisions/ep=0.20 (n=15)
update=173 global_step=354304 SPS=609 w_ev=0.288 m_ev=0.852 m_v_bias=-1.3 m_adv_std=2.9147 m_kl_max=0.0270 m_ratio_max=1.428 return=-176.7 length=200 success_rate=0.00 collisions/ep=0.00 (n=8)
update=174 global_step=356352 SPS=611 w_ev=0.399 m_ev=0.309 m_v_bias=0.4 m_adv_std=8.6415 m_kl_max=0.0118 m_ratio_max=0.990 return=-177.9 length=200 success_rate=0.00 collisions/ep=0.11 (n=9)
update=175 global_step=358400 SPS=613 w_ev=0.375 m_ev=0.664 m_v_bias=-1.8 m_adv_std=3.8140 m_kl_max=0.0727 m_ratio_max=1.386 return=-187.2 length=200 success_rate=0.00 collisions/ep=0.13 (n=15)
Evaluation at update 175: return=-175.49, length=200.00, success_rate=0.00, collisions/ep=0.00
Solved-check at update 175: solved=False worst_gap=1196.77 at p_x0=2.00 p_y0=-0.50 (consecutive=0)
update=176 global_step=360448 SPS=605 w_ev=0.416 m_ev=0.610 m_v_bias=-0.4 m_adv_std=6.2911 m_kl_max=0.0162 m_ratio_max=0.627 return=-177.9 length=200 success_rate=0.00 collisions/ep=0.12 (n=8)
update=177 global_step=362496 SPS=607 w_ev=0.382 m_ev=0.255 m_v_bias=1.0 m_adv_std=9.5429 m_kl_max=0.0156 m_ratio_max=0.660 return=-180.2 length=200 success_rate=0.00 collisions/ep=0.12 (n=8)
update=178 global_step=364544 SPS=609 w_ev=0.379 m_ev=0.850 m_v_bias=-2.1 m_adv_std=2.5322 m_kl_max=0.0189 m_ratio_max=0.612 return=-187.3 length=200 success_rate=0.00 collisions/ep=0.22 (n=9)
update=179 global_step=366592 SPS=611 w_ev=0.527 m_ev=0.665 m_v_bias=-0.1 m_adv_std=5.7917 m_kl_max=0.0424 m_ratio_max=1.885 return=-175.7 length=200 success_rate=0.00 collisions/ep=0.07 (n=15)
update=180 global_step=368640 SPS=613 w_ev=0.440 m_ev=0.205 m_v_bias=4.2 m_adv_std=14.7257 m_kl_max=0.0182 m_ratio_max=0.732 return=-203.6 length=200 success_rate=0.00 collisions/ep=0.62 (n=8)
Evaluation at update 180: return=-174.75, length=200.00, success_rate=0.00, collisions/ep=0.00
Solved-check at update 180: solved=False worst_gap=1196.39 at p_x0=2.00 p_y0=-0.50 (consecutive=0)
update=181 global_step=370688 SPS=605 w_ev=0.346 m_ev=0.871 m_v_bias=-2.0 m_adv_std=2.5984 m_kl_max=0.0230 m_ratio_max=0.850 return=-177.3 length=200 success_rate=0.00 collisions/ep=0.00 (n=9)
update=182 global_step=372736 SPS=607 w_ev=0.404 m_ev=0.971 m_v_bias=-1.9 m_adv_std=1.2872 m_kl_max=0.0367 m_ratio_max=0.683 return=-173.2 length=200 success_rate=0.00 collisions/ep=0.00 (n=8)
update=183 global_step=374784 SPS=609 w_ev=0.449 m_ev=0.250 m_v_bias=1.9 m_adv_std=12.3286 m_kl_max=0.0121 m_ratio_max=0.639 return=-173.1 length=200 success_rate=0.00 collisions/ep=0.07 (n=15)
update=184 global_step=376832 SPS=611 w_ev=0.459 m_ev=0.318 m_v_bias=0.4 m_adv_std=11.4462 m_kl_max=0.0552 m_ratio_max=3.872 return=-204.1 length=200 success_rate=0.00 collisions/ep=0.62 (n=8)
update=185 global_step=378880 SPS=613 w_ev=0.320 m_ev=0.371 m_v_bias=0.1 m_adv_std=7.8841 m_kl_max=0.0616 m_ratio_max=2.437 return=-175.0 length=200 success_rate=0.00 collisions/ep=0.00 (n=9)
Evaluation at update 185: return=-174.54, length=200.00, success_rate=0.00, collisions/ep=0.00
Solved-check at update 185: solved=False worst_gap=1195.99 at p_x0=2.00 p_y0=-0.50 (consecutive=0)
update=186 global_step=380928 SPS=605 w_ev=0.386 m_ev=0.040 m_v_bias=15.8 m_adv_std=56.9622 m_kl_max=0.0253 m_ratio_max=0.951 return=-224.4 length=200 success_rate=0.00 collisions/ep=1.00 (n=15)
update=187 global_step=382976 SPS=607 w_ev=0.450 m_ev=0.162 m_v_bias=-3.0 m_adv_std=18.3856 m_kl_max=0.0359 m_ratio_max=1.050 return=-190.7 length=200 success_rate=0.00 collisions/ep=0.38 (n=8)
update=188 global_step=385024 SPS=609 w_ev=0.377 m_ev=0.267 m_v_bias=-3.4 m_adv_std=13.1383 m_kl_max=0.0276 m_ratio_max=1.533 return=-183.0 length=200 success_rate=0.00 collisions/ep=0.22 (n=9)
update=189 global_step=387072 SPS=611 w_ev=0.475 m_ev=0.339 m_v_bias=-2.4 m_adv_std=10.5256 m_kl_max=0.0104 m_ratio_max=0.432 return=-190.0 length=200 success_rate=0.00 collisions/ep=0.38 (n=8)
update=190 global_step=389120 SPS=612 w_ev=0.492 m_ev=0.632 m_v_bias=-3.5 m_adv_std=6.7159 m_kl_max=0.0143 m_ratio_max=0.720 return=-179.6 length=200 success_rate=0.00 collisions/ep=0.20 (n=15)
Evaluation at update 190: return=-175.21, length=200.00, success_rate=0.00, collisions/ep=0.00
Solved-check at update 190: solved=False worst_gap=1196.61 at p_x0=2.00 p_y0=-1.00 (consecutive=0)
update=191 global_step=391168 SPS=605 w_ev=0.409 m_ev=0.828 m_v_bias=-2.6 m_adv_std=2.6749 m_kl_max=0.0445 m_ratio_max=0.973 return=-170.8 length=200 success_rate=0.00 collisions/ep=0.00 (n=8)
update=192 global_step=393216 SPS=607 w_ev=0.405 m_ev=0.571 m_v_bias=-0.2 m_adv_std=6.7053 m_kl_max=0.0173 m_ratio_max=0.992 return=-186.0 length=200 success_rate=0.00 collisions/ep=0.22 (n=9)
update=193 global_step=395264 SPS=609 w_ev=0.542 m_ev=0.210 m_v_bias=4.8 m_adv_std=15.4085 m_kl_max=0.0237 m_ratio_max=0.719 return=-187.4 length=200 success_rate=0.00 collisions/ep=0.33 (n=15)
update=194 global_step=397312 SPS=611 w_ev=0.439 m_ev=0.512 m_v_bias=-0.1 m_adv_std=8.9231 m_kl_max=0.0048 m_ratio_max=0.364 return=-186.6 length=200 success_rate=0.00 collisions/ep=0.25 (n=8)
update=195 global_step=399360 SPS=613 w_ev=0.349 m_ev=0.406 m_v_bias=-0.8 m_adv_std=8.6332 m_kl_max=0.0042 m_ratio_max=0.398 return=-185.0 length=200 success_rate=0.00 collisions/ep=0.22 (n=9)
Evaluation at update 195: return=-174.30, length=200.00, success_rate=0.00, collisions/ep=0.00
Solved-check at update 195: solved=False worst_gap=1195.86 at p_x0=2.00 p_y0=0.50 (consecutive=0)
update=196 global_step=401408 SPS=605 w_ev=0.343 m_ev=0.922 m_v_bias=-3.1 m_adv_std=2.0075 m_kl_max=0.0387 m_ratio_max=1.288 return=-174.9 length=200 success_rate=0.00 collisions/ep=0.00 (n=8)
update=197 global_step=403456 SPS=607 w_ev=0.393 m_ev=0.266 m_v_bias=-1.0 m_adv_std=15.9152 m_kl_max=0.0142 m_ratio_max=0.708 return=-188.9 length=200 success_rate=0.00 collisions/ep=0.33 (n=15)
update=198 global_step=405504 SPS=609 w_ev=0.334 m_ev=0.230 m_v_bias=4.0 m_adv_std=20.9502 m_kl_max=0.0517 m_ratio_max=2.140 return=-203.9 length=200 success_rate=0.00 collisions/ep=0.62 (n=8)
update=199 global_step=407552 SPS=611 w_ev=0.369 m_ev=0.024 m_v_bias=7.3 m_adv_std=36.3166 m_kl_max=0.0410 m_ratio_max=1.296 return=-180.5 length=200 success_rate=0.00 collisions/ep=0.22 (n=9)
update=200 global_step=409600 SPS=613 w_ev=0.387 m_ev=0.344 m_v_bias=-3.8 m_adv_std=11.0845 m_kl_max=0.0092 m_ratio_max=0.540 return=-197.7 length=200 success_rate=0.00 collisions/ep=0.53 (n=15)
Evaluation at update 200: return=-174.73, length=200.00, success_rate=0.00, collisions/ep=0.00
Solved-check at update 200: solved=False worst_gap=1196.37 at p_x0=2.00 p_y0=0.00 (consecutive=0)
update=201 global_step=411648 SPS=606 w_ev=0.351 m_ev=0.413 m_v_bias=0.7 m_adv_std=10.5518 m_kl_max=0.0154 m_ratio_max=0.684 return=-184.3 length=200 success_rate=0.00 collisions/ep=0.25 (n=8)
update=202 global_step=413696 SPS=607 w_ev=0.222 m_ev=0.076 m_v_bias=7.0 m_adv_std=43.1752 m_kl_max=0.0310 m_ratio_max=1.003 return=-228.5 length=200 success_rate=0.00 collisions/ep=1.12 (n=8)
update=203 global_step=415744 SPS=609 w_ev=0.356 m_ev=0.538 m_v_bias=-4.1 m_adv_std=5.9259 m_kl_max=0.0072 m_ratio_max=0.446 return=-173.6 length=200 success_rate=0.00 collisions/ep=0.00 (n=9)
update=204 global_step=417792 SPS=612 w_ev=0.398 m_ev=0.350 m_v_bias=1.1 m_adv_std=13.6225 m_kl_max=0.0169 m_ratio_max=0.985 return=-182.0 length=200 success_rate=0.00 collisions/ep=0.20 (n=15)
update=205 global_step=419840 SPS=613 w_ev=0.445 m_ev=0.463 m_v_bias=-1.5 m_adv_std=8.3387 m_kl_max=0.0155 m_ratio_max=0.683 return=-181.8 length=200 success_rate=0.00 collisions/ep=0.25 (n=8)
Evaluation at update 205: return=-174.67, length=200.00, success_rate=0.00, collisions/ep=0.00
Solved-check at update 205: solved=False worst_gap=1196.11 at p_x0=2.00 p_y0=1.00 (consecutive=0)
update=206 global_step=421888 SPS=606 w_ev=0.425 m_ev=0.184 m_v_bias=0.5 m_adv_std=17.6173 m_kl_max=0.0222 m_ratio_max=0.972 return=-173.5 length=200 success_rate=0.00 collisions/ep=0.00 (n=9)
update=207 global_step=423936 SPS=608 w_ev=0.446 m_ev=0.598 m_v_bias=-2.8 m_adv_std=6.3440 m_kl_max=0.0235 m_ratio_max=0.915 return=-189.2 length=200 success_rate=0.00 collisions/ep=0.38 (n=8)
update=208 global_step=425984 SPS=609 w_ev=0.470 m_ev=0.927 m_v_bias=-2.5 m_adv_std=2.3903 m_kl_max=0.0241 m_ratio_max=0.923 return=-178.3 length=200 success_rate=0.00 collisions/ep=0.07 (n=15)
update=209 global_step=428032 SPS=611 w_ev=0.369 m_ev=0.639 m_v_bias=-0.8 m_adv_std=6.2524 m_kl_max=0.0125 m_ratio_max=0.497 return=-178.1 length=200 success_rate=0.00 collisions/ep=0.12 (n=8)
update=210 global_step=430080 SPS=613 w_ev=0.349 m_ev=0.551 m_v_bias=-0.2 m_adv_std=6.4173 m_kl_max=0.0523 m_ratio_max=1.568 return=-176.6 length=200 success_rate=0.00 collisions/ep=0.11 (n=9)
Evaluation at update 210: return=-173.50, length=200.00, success_rate=0.00, collisions/ep=0.00
Solved-check at update 210: solved=False worst_gap=1195.07 at p_x0=2.00 p_y0=0.00 (consecutive=0)
update=211 global_step=432128 SPS=606 w_ev=0.459 m_ev=0.963 m_v_bias=-1.8 m_adv_std=1.4219 m_kl_max=0.0175 m_ratio_max=0.864 return=-174.1 length=200 success_rate=0.00 collisions/ep=0.00 (n=15)
update=212 global_step=434176 SPS=608 w_ev=0.503 m_ev=0.613 m_v_bias=0.1 m_adv_std=6.1981 m_kl_max=0.0080 m_ratio_max=0.472 return=-179.8 length=200 success_rate=0.00 collisions/ep=0.12 (n=8)
update=213 global_step=436224 SPS=609 w_ev=0.315 m_ev=0.646 m_v_bias=-0.1 m_adv_std=6.2430 m_kl_max=0.1320 m_ratio_max=4.053 return=-178.4 length=200 success_rate=0.00 collisions/ep=0.11 (n=9)
update=214 global_step=438272 SPS=611 w_ev=0.239 m_ev=0.608 m_v_bias=0.1 m_adv_std=6.4655 m_kl_max=0.1064 m_ratio_max=2.589 return=-179.2 length=200 success_rate=0.00 collisions/ep=0.12 (n=8)
update=215 global_step=440320 SPS=613 w_ev=0.446 m_ev=0.696 m_v_bias=0.0 m_adv_std=6.0531 m_kl_max=0.0131 m_ratio_max=0.869 return=-170.5 length=200 success_rate=0.00 collisions/ep=0.07 (n=15)
Evaluation at update 215: return=-172.78, length=200.00, success_rate=0.00, collisions/ep=0.00
Solved-check at update 215: solved=False worst_gap=1193.30 at p_x0=2.00 p_y0=-0.50 (consecutive=0)
update=216 global_step=442368 SPS=606 w_ev=0.303 m_ev=0.365 m_v_bias=1.4 m_adv_std=12.1020 m_kl_max=0.0176 m_ratio_max=0.541 return=-176.2 length=200 success_rate=0.00 collisions/ep=0.12 (n=8)
update=217 global_step=444416 SPS=607 w_ev=0.390 m_ev=0.238 m_v_bias=1.7 m_adv_std=13.0222 m_kl_max=0.0097 m_ratio_max=0.456 return=-194.3 length=200 success_rate=0.00 collisions/ep=0.56 (n=9)
update=218 global_step=446464 SPS=609 w_ev=0.455 m_ev=0.525 m_v_bias=-1.7 m_adv_std=6.3486 m_kl_max=0.0194 m_ratio_max=0.691 return=-172.7 length=200 success_rate=0.00 collisions/ep=0.00 (n=15)
update=219 global_step=448512 SPS=611 w_ev=0.427 m_ev=0.592 m_v_bias=0.6 m_adv_std=8.6023 m_kl_max=0.0165 m_ratio_max=0.727 return=-188.8 length=200 success_rate=0.00 collisions/ep=0.38 (n=8)
update=220 global_step=450560 SPS=612 w_ev=0.414 m_ev=0.528 m_v_bias=-0.9 m_adv_std=6.1035 m_kl_max=0.0204 m_ratio_max=0.534 return=-171.2 length=200 success_rate=0.00 collisions/ep=0.00 (n=9)
Evaluation at update 220: return=-173.94, length=200.00, success_rate=0.00, collisions/ep=0.00
Solved-check at update 220: solved=False worst_gap=1194.41 at p_x0=2.00 p_y0=0.50 (consecutive=0)
update=221 global_step=452608 SPS=605 w_ev=0.354 m_ev=0.404 m_v_bias=0.1 m_adv_std=8.5566 m_kl_max=0.0290 m_ratio_max=0.745 return=-186.5 length=200 success_rate=0.00 collisions/ep=0.25 (n=8)
update=222 global_step=454656 SPS=607 w_ev=0.449 m_ev=0.684 m_v_bias=-0.1 m_adv_std=6.5140 m_kl_max=0.0083 m_ratio_max=0.412 return=-178.8 length=200 success_rate=0.00 collisions/ep=0.13 (n=15)
update=223 global_step=456704 SPS=608 w_ev=0.321 m_ev=0.925 m_v_bias=-1.4 m_adv_std=1.7699 m_kl_max=0.0226 m_ratio_max=0.950 return=-175.0 length=200 success_rate=0.00 collisions/ep=0.00 (n=8)
update=224 global_step=458752 SPS=610 w_ev=0.323 m_ev=0.968 m_v_bias=-1.6 m_adv_std=1.1403 m_kl_max=0.0330 m_ratio_max=1.340 return=-172.9 length=200 success_rate=0.00 collisions/ep=0.00 (n=9)
update=225 global_step=460800 SPS=611 w_ev=0.368 m_ev=0.609 m_v_bias=0.5 m_adv_std=6.0008 m_kl_max=0.0321 m_ratio_max=1.475 return=-178.5 length=200 success_rate=0.00 collisions/ep=0.07 (n=15)
Evaluation at update 225: return=-172.72, length=200.00, success_rate=0.00, collisions/ep=0.00
Solved-check at update 225: solved=False worst_gap=1193.25 at p_x0=2.00 p_y0=0.50 (consecutive=0)
update=226 global_step=462848 SPS=605 w_ev=0.418 m_ev=0.569 m_v_bias=0.6 m_adv_std=6.6247 m_kl_max=0.0445 m_ratio_max=1.471 return=-180.9 length=200 success_rate=0.00 collisions/ep=0.12 (n=8)
update=227 global_step=464896 SPS=606 w_ev=0.447 m_ev=0.958 m_v_bias=-1.6 m_adv_std=1.6488 m_kl_max=0.0231 m_ratio_max=1.096 return=-172.0 length=200 success_rate=0.00 collisions/ep=0.00 (n=8)
update=228 global_step=466944 SPS=608 w_ev=0.478 m_ev=0.619 m_v_bias=0.4 m_adv_std=6.1718 m_kl_max=0.0106 m_ratio_max=0.497 return=-172.9 length=200 success_rate=0.00 collisions/ep=0.11 (n=9)
update=229 global_step=468992 SPS=610 w_ev=0.536 m_ev=0.669 m_v_bias=-0.9 m_adv_std=6.6699 m_kl_max=0.0308 m_ratio_max=0.998 return=-176.9 length=200 success_rate=0.00 collisions/ep=0.13 (n=15)
update=230 global_step=471040 SPS=611 w_ev=0.447 m_ev=0.407 m_v_bias=1.5 m_adv_std=9.4288 m_kl_max=0.0130 m_ratio_max=0.695 return=-181.1 length=200 success_rate=0.00 collisions/ep=0.25 (n=8)
Evaluation at update 230: return=-169.93, length=200.00, success_rate=0.00, collisions/ep=0.00
Solved-check at update 230: solved=False worst_gap=1192.48 at p_x0=2.00 p_y0=0.00 (consecutive=0)
update=231 global_step=473088 SPS=605 w_ev=0.458 m_ev=0.624 m_v_bias=-0.6 m_adv_std=5.7520 m_kl_max=0.0262 m_ratio_max=0.697 return=-181.0 length=200 success_rate=0.00 collisions/ep=0.22 (n=9)
update=232 global_step=475136 SPS=606 w_ev=0.491 m_ev=0.567 m_v_bias=-0.0 m_adv_std=6.7465 m_kl_max=0.0375 m_ratio_max=0.767 return=-168.8 length=200 success_rate=0.00 collisions/ep=0.00 (n=8)
update=233 global_step=477184 SPS=608 w_ev=0.566 m_ev=0.392 m_v_bias=2.1 m_adv_std=10.2398 m_kl_max=0.0101 m_ratio_max=0.489 return=-185.3 length=200 success_rate=0.00 collisions/ep=0.27 (n=15)
update=234 global_step=479232 SPS=609 w_ev=0.291 m_ev=0.574 m_v_bias=-1.2 m_adv_std=6.6551 m_kl_max=0.0154 m_ratio_max=0.590 return=-176.9 length=200 success_rate=0.00 collisions/ep=0.12 (n=8)
update=235 global_step=481280 SPS=611 w_ev=0.424 m_ev=0.532 m_v_bias=-0.7 m_adv_std=6.0633 m_kl_max=0.0475 m_ratio_max=1.226 return=-171.3 length=200 success_rate=0.00 collisions/ep=0.00 (n=9)
Evaluation at update 235: return=-167.62, length=200.00, success_rate=0.00, collisions/ep=0.00
Solved-check at update 235: solved=False worst_gap=1190.60 at p_x0=2.00 p_y0=0.00 (consecutive=0)
update=236 global_step=483328 SPS=604 w_ev=0.544 m_ev=0.062 m_v_bias=9.8 m_adv_std=37.5191 m_kl_max=0.0275 m_ratio_max=1.097 return=-206.3 length=200 success_rate=0.00 collisions/ep=0.67 (n=15)
update=237 global_step=485376 SPS=606 w_ev=0.416 m_ev=0.210 m_v_bias=-3.2 m_adv_std=12.3025 m_kl_max=0.0218 m_ratio_max=0.829 return=-166.6 length=200 success_rate=0.00 collisions/ep=0.00 (n=8)
update=238 global_step=487424 SPS=608 w_ev=0.487 m_ev=0.572 m_v_bias=-3.0 m_adv_std=7.8796 m_kl_max=0.0148 m_ratio_max=0.530 return=-191.0 length=200 success_rate=0.00 collisions/ep=0.44 (n=9)
update=239 global_step=489472 SPS=609 w_ev=0.510 m_ev=0.163 m_v_bias=2.8 m_adv_std=24.5875 m_kl_max=0.0255 m_ratio_max=0.790 return=-167.2 length=200 success_rate=0.00 collisions/ep=0.00 (n=8)
update=240 global_step=491520 SPS=611 w_ev=0.555 m_ev=0.502 m_v_bias=-0.9 m_adv_std=8.9040 m_kl_max=0.0138 m_ratio_max=0.813 return=-189.7 length=200 success_rate=0.00 collisions/ep=0.40 (n=15)
Evaluation at update 240: return=-168.10, length=200.00, success_rate=0.00, collisions/ep=0.00
Solved-check at update 240: solved=False worst_gap=1190.09 at p_x0=2.00 p_y0=1.00 (consecutive=0)
update=241 global_step=493568 SPS=604 w_ev=0.420 m_ev=0.625 m_v_bias=-1.7 m_adv_std=6.3466 m_kl_max=0.0050 m_ratio_max=0.318 return=-172.5 length=200 success_rate=0.00 collisions/ep=0.12 (n=8)
update=242 global_step=495616 SPS=606 w_ev=0.551 m_ev=0.424 m_v_bias=0.9 m_adv_std=9.9659 m_kl_max=0.0346 m_ratio_max=0.938 return=-173.2 length=200 success_rate=0.00 collisions/ep=0.11 (n=9)
update=243 global_step=497664 SPS=607 w_ev=0.558 m_ev=0.067 m_v_bias=3.8 m_adv_std=25.1922 m_kl_max=0.0094 m_ratio_max=0.513 return=-195.0 length=200 success_rate=0.00 collisions/ep=0.53 (n=15)
update=244 global_step=499712 SPS=609 w_ev=0.614 m_ev=0.700 m_v_bias=-4.1 m_adv_std=5.8070 m_kl_max=0.0231 m_ratio_max=0.654 return=-175.4 length=200 success_rate=0.00 collisions/ep=0.12 (n=8)
update=245 global_step=501760 SPS=610 w_ev=0.473 m_ev=0.951 m_v_bias=-2.8 m_adv_std=1.6939 m_kl_max=0.0262 m_ratio_max=1.610 return=-167.3 length=200 success_rate=0.00 collisions/ep=0.00 (n=9)
Evaluation at update 245: return=-167.98, length=200.00, success_rate=0.00, collisions/ep=0.00
Solved-check at update 245: solved=False worst_gap=1189.65 at p_x0=2.00 p_y0=0.00 (consecutive=0)
update=246 global_step=503808 SPS=604 w_ev=0.505 m_ev=0.649 m_v_bias=-0.1 m_adv_std=6.4852 m_kl_max=0.0395 m_ratio_max=1.658 return=-169.4 length=200 success_rate=0.00 collisions/ep=0.00 (n=8)
update=247 global_step=505856 SPS=605 w_ev=0.520 m_ev=0.602 m_v_bias=2.0 m_adv_std=8.5192 m_kl_max=0.0301 m_ratio_max=1.765 return=-179.3 length=200 success_rate=0.00 collisions/ep=0.20 (n=15)
update=248 global_step=507904 SPS=607 w_ev=0.353 m_ev=0.192 m_v_bias=5.8 m_adv_std=18.4793 m_kl_max=0.0173 m_ratio_max=1.543 return=-199.5 length=200 success_rate=0.00 collisions/ep=0.62 (n=8)
update=249 global_step=509952 SPS=608 w_ev=0.575 m_ev=0.665 m_v_bias=-3.5 m_adv_std=5.8309 m_kl_max=0.0209 m_ratio_max=0.830 return=-176.4 length=200 success_rate=0.00 collisions/ep=0.22 (n=9)
update=250 global_step=512000 SPS=610 w_ev=0.581 m_ev=0.708 m_v_bias=-2.7 m_adv_std=5.9307 m_kl_max=0.0343 m_ratio_max=0.803 return=-171.5 length=200 success_rate=0.00 collisions/ep=0.13 (n=15)
Evaluation at update 250: return=-165.86, length=200.00, success_rate=0.00, collisions/ep=0.00
Solved-check at update 250: solved=False worst_gap=1187.84 at p_x0=2.00 p_y0=0.00 (consecutive=0)
update=251 global_step=514048 SPS=604 w_ev=0.607 m_ev=0.408 m_v_bias=3.2 m_adv_std=13.8170 m_kl_max=0.0081 m_ratio_max=0.461 return=-181.4 length=200 success_rate=0.00 collisions/ep=0.38 (n=8)
update=252 global_step=516096 SPS=605 w_ev=0.577 m_ev=0.585 m_v_bias=-1.0 m_adv_std=8.4532 m_kl_max=0.0243 m_ratio_max=0.721 return=-179.9 length=200 success_rate=0.00 collisions/ep=0.25 (n=8)
update=253 global_step=518144 SPS=607 w_ev=0.593 m_ev=0.615 m_v_bias=-1.9 m_adv_std=6.2800 m_kl_max=0.0249 m_ratio_max=0.678 return=-168.4 length=200 success_rate=0.00 collisions/ep=0.11 (n=9)
update=254 global_step=520192 SPS=608 w_ev=0.618 m_ev=0.560 m_v_bias=-0.1 m_adv_std=8.8115 m_kl_max=0.0226 m_ratio_max=0.998 return=-173.4 length=200 success_rate=0.00 collisions/ep=0.20 (n=15)
update=255 global_step=522240 SPS=610 w_ev=0.597 m_ev=0.961 m_v_bias=-2.6 m_adv_std=1.8557 m_kl_max=0.0464 m_ratio_max=0.812 return=-164.5 length=200 success_rate=0.00 collisions/ep=0.00 (n=8)
Evaluation at update 255: return=-163.18, length=200.00, success_rate=0.00, collisions/ep=0.00
Solved-check at update 255: solved=False worst_gap=1185.72 at p_x0=2.00 p_y0=0.00 (consecutive=0)
update=256 global_step=524288 SPS=604 w_ev=0.485 m_ev=0.972 m_v_bias=-1.4 m_adv_std=1.5445 m_kl_max=0.0615 m_ratio_max=1.370 return=-163.6 length=200 success_rate=0.00 collisions/ep=0.00 (n=9)
update=257 global_step=526336 SPS=606 w_ev=0.629 m_ev=0.604 m_v_bias=-0.3 m_adv_std=6.2678 m_kl_max=0.0161 m_ratio_max=0.507 return=-166.1 length=200 success_rate=0.00 collisions/ep=0.00 (n=8)
update=258 global_step=528384 SPS=607 w_ev=0.618 m_ev=0.962 m_v_bias=-1.9 m_adv_std=2.0068 m_kl_max=0.0309 m_ratio_max=1.143 return=-166.9 length=200 success_rate=0.00 collisions/ep=0.07 (n=15)
update=259 global_step=530432 SPS=609 w_ev=0.621 m_ev=0.732 m_v_bias=-0.5 m_adv_std=5.8985 m_kl_max=0.0318 m_ratio_max=1.455 return=-173.5 length=200 success_rate=0.00 collisions/ep=0.25 (n=8)
update=260 global_step=532480 SPS=610 w_ev=0.571 m_ev=0.982 m_v_bias=-1.3 m_adv_std=1.1696 m_kl_max=0.1527 m_ratio_max=1.294 return=-160.9 length=200 success_rate=0.00 collisions/ep=0.00 (n=9)
Evaluation at update 260: return=-158.49, length=200.00, success_rate=0.00, collisions/ep=0.00
Solved-check at update 260: solved=False worst_gap=1180.79 at p_x0=2.00 p_y0=0.00 (consecutive=0)
update=261 global_step=534528 SPS=604 w_ev=0.521 m_ev=0.770 m_v_bias=0.4 m_adv_std=6.3983 m_kl_max=0.0231 m_ratio_max=0.799 return=-165.7 length=200 success_rate=0.00 collisions/ep=0.07 (n=15)
update=262 global_step=536576 SPS=606 w_ev=0.543 m_ev=0.791 m_v_bias=0.6 m_adv_std=6.3405 m_kl_max=0.0324 m_ratio_max=1.611 return=-161.1 length=200 success_rate=0.00 collisions/ep=0.12 (n=8)
update=263 global_step=538624 SPS=607 w_ev=0.590 m_ev=0.985 m_v_bias=-1.5 m_adv_std=1.3608 m_kl_max=0.0892 m_ratio_max=0.953 return=-160.0 length=200 success_rate=0.00 collisions/ep=0.00 (n=9)
update=264 global_step=540672 SPS=608 w_ev=0.630 m_ev=0.468 m_v_bias=-0.2 m_adv_std=9.5695 m_kl_max=0.0325 m_ratio_max=0.965 return=-154.5 length=200 success_rate=0.00 collisions/ep=0.00 (n=8)
update=265 global_step=542720 SPS=610 w_ev=0.657 m_ev=0.826 m_v_bias=-1.7 m_adv_std=5.1975 m_kl_max=0.0645 m_ratio_max=1.509 return=-167.8 length=200 success_rate=0.00 collisions/ep=0.20 (n=15)
Evaluation at update 265: return=-156.32, length=200.00, success_rate=0.00, collisions/ep=0.00
Solved-check at update 265: solved=False worst_gap=1178.40 at p_x0=2.00 p_y0=1.00 (consecutive=0)
update=266 global_step=544768 SPS=604 w_ev=0.469 m_ev=0.978 m_v_bias=-1.4 m_adv_std=1.5684 m_kl_max=0.1351 m_ratio_max=5.332 return=-156.0 length=200 success_rate=0.00 collisions/ep=0.00 (n=8)
update=267 global_step=546816 SPS=606 w_ev=0.532 m_ev=0.451 m_v_bias=1.3 m_adv_std=9.1414 m_kl_max=0.0206 m_ratio_max=1.107 return=-162.8 length=200 success_rate=0.00 collisions/ep=0.11 (n=9)
update=268 global_step=548864 SPS=607 w_ev=0.585 m_ev=0.914 m_v_bias=-2.2 m_adv_std=3.2658 m_kl_max=0.0949 m_ratio_max=2.085 return=-165.9 length=200 success_rate=0.00 collisions/ep=0.13 (n=15)
update=269 global_step=550912 SPS=608 w_ev=0.552 m_ev=0.826 m_v_bias=-0.8 m_adv_std=5.6990 m_kl_max=0.0363 m_ratio_max=0.862 return=-159.3 length=200 success_rate=0.00 collisions/ep=0.12 (n=8)
update=270 global_step=552960 SPS=610 w_ev=0.545 m_ev=0.249 m_v_bias=1.4 m_adv_std=22.5854 m_kl_max=0.0271 m_ratio_max=0.993 return=-176.8 length=200 success_rate=0.00 collisions/ep=0.56 (n=9)
Evaluation at update 270: return=-152.90, length=200.00, success_rate=0.00, collisions/ep=0.00
Solved-check at update 270: solved=False worst_gap=1174.72 at p_x0=2.00 p_y0=0.00 (consecutive=0)
update=271 global_step=555008 SPS=604 w_ev=0.571 m_ev=0.448 m_v_bias=0.6 m_adv_std=8.9384 m_kl_max=0.0282 m_ratio_max=0.789 return=-156.0 length=200 success_rate=0.00 collisions/ep=0.12 (n=8)
update=272 global_step=557056 SPS=606 w_ev=0.623 m_ev=0.933 m_v_bias=-3.1 m_adv_std=3.3729 m_kl_max=0.0548 m_ratio_max=0.894 return=-158.9 length=200 success_rate=0.00 collisions/ep=0.13 (n=15)
update=273 global_step=559104 SPS=607 w_ev=0.520 m_ev=0.973 m_v_bias=-1.7 m_adv_std=2.0465 m_kl_max=0.0621 m_ratio_max=1.180 return=-147.7 length=200 success_rate=0.00 collisions/ep=0.00 (n=8)
update=274 global_step=561152 SPS=608 w_ev=0.475 m_ev=0.081 m_v_bias=32.5 m_adv_std=89.8983 m_kl_max=0.0287 m_ratio_max=1.416 return=-299.3 length=200 success_rate=0.00 collisions/ep=3.00 (n=9)
update=275 global_step=563200 SPS=610 w_ev=0.486 m_ev=0.078 m_v_bias=61.2 m_adv_std=159.4028 m_kl_max=0.0326 m_ratio_max=0.753 return=-354.2 length=200 success_rate=0.00 collisions/ep=4.13 (n=15)
Evaluation at update 275: return=-150.88, length=200.00, success_rate=0.00, collisions/ep=0.00
Solved-check at update 275: solved=False worst_gap=1171.78 at p_x0=2.00 p_y0=1.00 (consecutive=0)
update=276 global_step=565248 SPS=604 w_ev=0.614 m_ev=-0.426 m_v_bias=-17.8 m_adv_std=37.3609 m_kl_max=0.0141 m_ratio_max=0.688 return=-159.9 length=200 success_rate=0.00 collisions/ep=0.25 (n=8)
update=277 global_step=567296 SPS=606 w_ev=0.469 m_ev=0.427 m_v_bias=-24.5 m_adv_std=13.8437 m_kl_max=0.0261 m_ratio_max=0.697 return=-147.6 length=200 success_rate=0.00 collisions/ep=0.00 (n=8)
update=278 global_step=569344 SPS=607 w_ev=0.516 m_ev=0.303 m_v_bias=-7.2 m_adv_std=37.2693 m_kl_max=0.0272 m_ratio_max=0.705 return=-198.3 length=200 success_rate=0.00 collisions/ep=0.89 (n=9)
update=279 global_step=571392 SPS=608 w_ev=0.502 m_ev=0.190 m_v_bias=6.2 m_adv_std=57.5552 m_kl_max=0.0201 m_ratio_max=0.697 return=-200.7 length=200 success_rate=0.00 collisions/ep=0.93 (n=15)
update=280 global_step=573440 SPS=610 w_ev=0.460 m_ev=0.558 m_v_bias=-10.3 m_adv_std=10.9486 m_kl_max=0.0161 m_ratio_max=0.608 return=-151.0 length=200 success_rate=0.00 collisions/ep=0.00 (n=8)
Evaluation at update 280: return=-152.48, length=200.00, success_rate=0.00, collisions/ep=0.00
Solved-check at update 280: solved=False worst_gap=1173.27 at p_x0=2.00 p_y0=0.50 (consecutive=0)
update=281 global_step=575488 SPS=604 w_ev=0.588 m_ev=0.549 m_v_bias=-6.6 m_adv_std=13.5020 m_kl_max=0.0596 m_ratio_max=1.866 return=-161.0 length=200 success_rate=0.00 collisions/ep=0.22 (n=9)
update=282 global_step=577536 SPS=606 w_ev=0.503 m_ev=0.186 m_v_bias=2.8 m_adv_std=40.7459 m_kl_max=0.0200 m_ratio_max=0.818 return=-151.4 length=200 success_rate=0.00 collisions/ep=0.00 (n=8)
update=283 global_step=579584 SPS=607 w_ev=0.578 m_ev=0.891 m_v_bias=-7.1 m_adv_std=5.1589 m_kl_max=0.0122 m_ratio_max=0.669 return=-175.3 length=200 success_rate=0.00 collisions/ep=0.47 (n=15)
update=284 global_step=581632 SPS=608 w_ev=0.477 m_ev=0.945 m_v_bias=-4.9 m_adv_std=2.8727 m_kl_max=0.0152 m_ratio_max=0.843 return=-146.5 length=200 success_rate=0.00 collisions/ep=0.00 (n=8)
update=285 global_step=583680 SPS=610 w_ev=0.479 m_ev=0.979 m_v_bias=-2.6 m_adv_std=1.8053 m_kl_max=0.0219 m_ratio_max=0.527 return=-152.6 length=200 success_rate=0.00 collisions/ep=0.00 (n=9)
Evaluation at update 285: return=-152.44, length=200.00, success_rate=0.00, collisions/ep=0.00
Solved-check at update 285: solved=False worst_gap=1173.63 at p_x0=2.00 p_y0=0.00 (consecutive=0)
update=286 global_step=585728 SPS=604 w_ev=0.623 m_ev=0.780 m_v_bias=-0.5 m_adv_std=6.6112 m_kl_max=0.0185 m_ratio_max=0.616 return=-154.2 length=200 success_rate=0.00 collisions/ep=0.07 (n=15)
update=287 global_step=587776 SPS=606 w_ev=0.526 m_ev=0.076 m_v_bias=18.8 m_adv_std=72.3498 m_kl_max=0.0246 m_ratio_max=1.072 return=-185.4 length=200 success_rate=0.00 collisions/ep=0.75 (n=8)
update=288 global_step=589824 SPS=607 w_ev=0.475 m_ev=0.683 m_v_bias=-6.5 m_adv_std=8.3702 m_kl_max=0.0157 m_ratio_max=1.019 return=-219.9 length=200 success_rate=0.00 collisions/ep=1.44 (n=9)
update=289 global_step=591872 SPS=608 w_ev=0.481 m_ev=0.918 m_v_bias=-6.4 m_adv_std=3.8748 m_kl_max=0.0854 m_ratio_max=0.961 return=-153.6 length=200 success_rate=0.00 collisions/ep=0.00 (n=8)
update=290 global_step=593920 SPS=609 w_ev=0.583 m_ev=0.732 m_v_bias=-2.6 m_adv_std=7.8501 m_kl_max=0.0166 m_ratio_max=0.885 return=-154.7 length=200 success_rate=0.00 collisions/ep=0.07 (n=15)
Evaluation at update 290: return=-150.42, length=200.00, success_rate=0.00, collisions/ep=0.00
Solved-check at update 290: solved=False worst_gap=1171.66 at p_x0=2.00 p_y0=0.50 (consecutive=0)
update=291 global_step=595968 SPS=604 w_ev=0.512 m_ev=0.131 m_v_bias=9.4 m_adv_std=42.1886 m_kl_max=0.0188 m_ratio_max=1.253 return=-211.5 length=200 success_rate=0.00 collisions/ep=1.25 (n=8)
update=292 global_step=598016 SPS=605 w_ev=0.544 m_ev=0.197 m_v_bias=1.1 m_adv_std=42.9540 m_kl_max=0.0234 m_ratio_max=1.102 return=-212.7 length=200 success_rate=0.00 collisions/ep=1.22 (n=9)
update=293 global_step=600064 SPS=607 w_ev=0.545 m_ev=0.459 m_v_bias=-3.2 m_adv_std=14.1368 m_kl_max=0.0087 m_ratio_max=0.549 return=-159.9 length=200 success_rate=0.00 collisions/ep=0.20 (n=15)
update=294 global_step=602112 SPS=608 w_ev=0.583 m_ev=0.318 m_v_bias=2.9 m_adv_std=25.9340 m_kl_max=0.0294 m_ratio_max=1.490 return=-180.6 length=200 success_rate=0.00 collisions/ep=0.62 (n=8)
update=295 global_step=604160 SPS=609 w_ev=0.367 m_ev=0.891 m_v_bias=-5.5 m_adv_std=4.2117 m_kl_max=0.0156 m_ratio_max=0.837 return=-149.3 length=200 success_rate=0.00 collisions/ep=0.00 (n=9)
Evaluation at update 295: return=-150.71, length=200.00, success_rate=0.00, collisions/ep=0.00
Solved-check at update 295: solved=False worst_gap=1171.96 at p_x0=2.00 p_y0=0.00 (consecutive=0)
update=296 global_step=606208 SPS=604 w_ev=0.525 m_ev=0.068 m_v_bias=8.6 m_adv_std=59.1767 m_kl_max=0.0129 m_ratio_max=0.893 return=-151.1 length=200 success_rate=0.00 collisions/ep=0.00 (n=8)
update=297 global_step=608256 SPS=606 w_ev=0.606 m_ev=0.162 m_v_bias=-1.5 m_adv_std=27.8829 m_kl_max=0.0085 m_ratio_max=0.512 return=-204.3 length=200 success_rate=0.00 collisions/ep=1.07 (n=15)
update=298 global_step=610304 SPS=607 w_ev=0.500 m_ev=0.831 m_v_bias=-6.2 m_adv_std=5.1869 m_kl_max=0.0221 m_ratio_max=0.756 return=-148.9 length=200 success_rate=0.00 collisions/ep=0.00 (n=8)
update=299 global_step=612352 SPS=608 w_ev=0.536 m_ev=0.778 m_v_bias=-2.9 m_adv_std=6.2733 m_kl_max=0.0271 m_ratio_max=0.627 return=-157.9 length=200 success_rate=0.00 collisions/ep=0.11 (n=9)
update=300 global_step=614400 SPS=609 w_ev=0.562 m_ev=0.970 m_v_bias=-2.6 m_adv_std=2.1425 m_kl_max=0.0372 m_ratio_max=2.005 return=-148.0 length=200 success_rate=0.00 collisions/ep=0.00 (n=15)
Evaluation at update 300: return=-149.92, length=200.00, success_rate=0.00, collisions/ep=0.00
Solved-check at update 300: solved=False worst_gap=1171.02 at p_x0=2.00 p_y0=0.00 (consecutive=0)
update=301 global_step=616448 SPS=605 w_ev=0.652 m_ev=0.981 m_v_bias=-1.4 m_adv_std=2.0796 m_kl_max=0.0629 m_ratio_max=1.019 return=-150.9 length=200 success_rate=0.00 collisions/ep=0.00 (n=8)
update=302 global_step=618496 SPS=606 w_ev=0.394 m_ev=0.116 m_v_bias=23.3 m_adv_std=81.7022 m_kl_max=0.0128 m_ratio_max=0.649 return=-274.2 length=200 success_rate=0.00 collisions/ep=2.50 (n=8)
update=303 global_step=620544 SPS=607 w_ev=0.505 m_ev=0.122 m_v_bias=46.0 m_adv_std=117.8921 m_kl_max=0.0334 m_ratio_max=1.978 return=-203.4 length=200 success_rate=0.00 collisions/ep=1.00 (n=9)
update=304 global_step=622592 SPS=608 w_ev=0.561 m_ev=0.241 m_v_bias=15.4 m_adv_std=80.2643 m_kl_max=0.0359 m_ratio_max=1.603 return=-348.4 length=200 success_rate=0.00 collisions/ep=4.00 (n=15)
update=305 global_step=624640 SPS=609 w_ev=0.445 m_ev=0.084 m_v_bias=-25.1 m_adv_std=22.0734 m_kl_max=0.0060 m_ratio_max=0.422 return=-151.1 length=200 success_rate=0.00 collisions/ep=0.00 (n=8)
Evaluation at update 305: return=-150.27, length=200.00, success_rate=0.00, collisions/ep=0.00
Solved-check at update 305: solved=False worst_gap=1171.96 at p_x0=2.00 p_y0=1.00 (consecutive=0)
update=306 global_step=626688 SPS=605 w_ev=0.566 m_ev=0.591 m_v_bias=-18.7 m_adv_std=11.8226 m_kl_max=0.0521 m_ratio_max=1.559 return=-149.8 length=200 success_rate=0.00 collisions/ep=0.00 (n=9)
update=307 global_step=628736 SPS=606 w_ev=0.495 m_ev=0.154 m_v_bias=3.2 m_adv_std=43.0135 m_kl_max=0.0209 m_ratio_max=1.121 return=-149.2 length=200 success_rate=0.00 collisions/ep=0.12 (n=8)
update=308 global_step=630784 SPS=607 w_ev=0.626 m_ev=0.186 m_v_bias=4.2 m_adv_std=61.7172 m_kl_max=0.0554 m_ratio_max=1.845 return=-220.2 length=200 success_rate=0.00 collisions/ep=1.40 (n=15)
update=309 global_step=632832 SPS=608 w_ev=0.497 m_ev=0.448 m_v_bias=-12.7 m_adv_std=10.7544 m_kl_max=0.0211 m_ratio_max=0.574 return=-148.8 length=200 success_rate=0.00 collisions/ep=0.00 (n=8)
update=310 global_step=634880 SPS=609 w_ev=0.631 m_ev=0.752 m_v_bias=-5.8 m_adv_std=7.1396 m_kl_max=0.0274 m_ratio_max=1.054 return=-151.4 length=200 success_rate=0.00 collisions/ep=0.00 (n=9)
Evaluation at update 310: return=-151.03, length=200.00, success_rate=0.00, collisions/ep=0.00
Solved-check at update 310: solved=False worst_gap=1173.19 at p_x0=2.00 p_y0=-0.50 (consecutive=0)
update=311 global_step=636928 SPS=604 w_ev=0.704 m_ev=0.960 m_v_bias=-4.3 m_adv_std=2.9362 m_kl_max=0.0790 m_ratio_max=1.574 return=-152.6 length=200 success_rate=0.00 collisions/ep=0.07 (n=15)
update=312 global_step=638976 SPS=606 w_ev=0.600 m_ev=0.860 m_v_bias=-2.1 m_adv_std=5.1516 m_kl_max=0.0187 m_ratio_max=0.867 return=-158.3 length=200 success_rate=0.00 collisions/ep=0.12 (n=8)
update=313 global_step=641024 SPS=607 w_ev=0.571 m_ev=0.289 m_v_bias=3.8 m_adv_std=29.0471 m_kl_max=0.0224 m_ratio_max=0.904 return=-178.7 length=200 success_rate=0.00 collisions/ep=0.56 (n=9)
update=314 global_step=643072 SPS=608 w_ev=0.598 m_ev=0.784 m_v_bias=-0.7 m_adv_std=7.1137 m_kl_max=0.0749 m_ratio_max=2.244 return=-158.0 length=200 success_rate=0.00 collisions/ep=0.12 (n=8)
update=315 global_step=645120 SPS=609 w_ev=0.650 m_ev=0.609 m_v_bias=0.9 m_adv_std=11.7571 m_kl_max=0.0562 m_ratio_max=3.699 return=-160.0 length=200 success_rate=0.00 collisions/ep=0.20 (n=15)
Evaluation at update 315: return=-149.29, length=200.00, success_rate=0.00, collisions/ep=0.00
Solved-check at update 315: solved=False worst_gap=1171.66 at p_x0=2.00 p_y0=-0.50 (consecutive=0)
update=316 global_step=647168 SPS=605 w_ev=0.551 m_ev=0.585 m_v_bias=-1.0 m_adv_std=8.7235 m_kl_max=0.0113 m_ratio_max=0.693 return=-150.5 length=200 success_rate=0.00 collisions/ep=0.00 (n=8)
update=317 global_step=649216 SPS=606 w_ev=0.547 m_ev=0.180 m_v_bias=21.0 m_adv_std=59.8182 m_kl_max=0.0394 m_ratio_max=1.329 return=-243.4 length=200 success_rate=0.00 collisions/ep=1.89 (n=9)
update=318 global_step=651264 SPS=607 w_ev=0.596 m_ev=0.710 m_v_bias=-8.5 m_adv_std=8.4982 m_kl_max=0.0415 m_ratio_max=0.959 return=-175.4 length=200 success_rate=0.00 collisions/ep=0.53 (n=15)
update=319 global_step=653312 SPS=608 w_ev=0.601 m_ev=0.946 m_v_bias=-4.9 m_adv_std=3.4556 m_kl_max=0.0482 m_ratio_max=1.083 return=-149.2 length=200 success_rate=0.00 collisions/ep=0.00 (n=8)
update=320 global_step=655360 SPS=609 w_ev=0.470 m_ev=0.217 m_v_bias=1.6 m_adv_std=45.6780 m_kl_max=0.0281 m_ratio_max=1.293 return=-215.2 length=200 success_rate=0.00 collisions/ep=1.22 (n=9)
Evaluation at update 320: return=-150.42, length=200.00, success_rate=0.00, collisions/ep=0.00
Solved-check at update 320: solved=False worst_gap=1172.61 at p_x0=2.00 p_y0=-0.50 (consecutive=0)
update=321 global_step=657408 SPS=605 w_ev=0.597 m_ev=0.253 m_v_bias=8.2 m_adv_std=38.3959 m_kl_max=0.0148 m_ratio_max=0.554 return=-227.5 length=200 success_rate=0.00 collisions/ep=1.50 (n=8)
update=322 global_step=659456 SPS=606 w_ev=0.656 m_ev=0.698 m_v_bias=-4.8 m_adv_std=8.5922 m_kl_max=0.0143 m_ratio_max=0.643 return=-151.3 length=200 success_rate=0.00 collisions/ep=0.00 (n=15)
update=323 global_step=661504 SPS=607 w_ev=0.645 m_ev=0.692 m_v_bias=-2.6 m_adv_std=6.7389 m_kl_max=0.0058 m_ratio_max=0.535 return=-153.0 length=200 success_rate=0.00 collisions/ep=0.00 (n=8)
update=324 global_step=663552 SPS=609 w_ev=0.529 m_ev=0.964 m_v_bias=-2.7 m_adv_std=2.2933 m_kl_max=0.0223 m_ratio_max=0.750 return=-158.9 length=200 success_rate=0.00 collisions/ep=0.11 (n=9)
update=325 global_step=665600 SPS=610 w_ev=0.524 m_ev=0.986 m_v_bias=-1.6 m_adv_std=1.3775 m_kl_max=0.0573 m_ratio_max=0.879 return=-152.7 length=200 success_rate=0.00 collisions/ep=0.00 (n=15)
Evaluation at update 325: return=-148.95, length=200.00, success_rate=0.00, collisions/ep=0.00
Solved-check at update 325: solved=False worst_gap=1171.62 at p_x0=2.00 p_y0=1.00 (consecutive=0)
update=326 global_step=667648 SPS=605 w_ev=0.644 m_ev=0.994 m_v_bias=-0.9 m_adv_std=1.1022 m_kl_max=0.0236 m_ratio_max=1.479 return=-151.9 length=200 success_rate=0.00 collisions/ep=0.00 (n=8)
update=327 global_step=669696 SPS=606 w_ev=0.554 m_ev=0.242 m_v_bias=8.6 m_adv_std=35.7162 m_kl_max=0.0307 m_ratio_max=0.935 return=-206.9 length=200 success_rate=0.00 collisions/ep=1.12 (n=8)
update=328 global_step=671744 SPS=607 w_ev=0.593 m_ev=0.347 m_v_bias=0.6 m_adv_std=32.0652 m_kl_max=0.0219 m_ratio_max=1.249 return=-203.5 length=200 success_rate=0.00 collisions/ep=1.00 (n=9)
update=329 global_step=673792 SPS=608 w_ev=0.683 m_ev=0.806 m_v_bias=-1.4 m_adv_std=7.3196 m_kl_max=0.0174 m_ratio_max=0.904 return=-152.3 length=200 success_rate=0.00 collisions/ep=0.07 (n=15)
update=330 global_step=675840 SPS=609 w_ev=0.626 m_ev=0.976 m_v_bias=-1.7 m_adv_std=1.9400 m_kl_max=0.0137 m_ratio_max=0.837 return=-151.6 length=200 success_rate=0.00 collisions/ep=0.00 (n=8)
Evaluation at update 330: return=-149.22, length=200.00, success_rate=0.00, collisions/ep=0.00
Solved-check at update 330: solved=False worst_gap=1171.54 at p_x0=2.00 p_y0=0.00 (consecutive=0)
update=331 global_step=677888 SPS=605 w_ev=0.522 m_ev=0.243 m_v_bias=4.7 m_adv_std=26.0517 m_kl_max=0.0316 m_ratio_max=1.212 return=-171.7 length=200 success_rate=0.00 collisions/ep=0.44 (n=9)
update=332 global_step=679936 SPS=606 w_ev=0.516 m_ev=0.678 m_v_bias=-1.6 m_adv_std=7.9543 m_kl_max=0.0214 m_ratio_max=0.583 return=-165.9 length=200 success_rate=0.00 collisions/ep=0.25 (n=8)
update=333 global_step=681984 SPS=607 w_ev=0.612 m_ev=0.189 m_v_bias=6.6 m_adv_std=42.4536 m_kl_max=0.0217 m_ratio_max=0.953 return=-183.3 length=200 success_rate=0.00 collisions/ep=0.60 (n=15)
update=334 global_step=684032 SPS=608 w_ev=0.575 m_ev=0.182 m_v_bias=5.7 m_adv_std=47.4865 m_kl_max=0.0076 m_ratio_max=0.605 return=-200.0 length=200 success_rate=0.00 collisions/ep=1.00 (n=8)
update=335 global_step=686080 SPS=609 w_ev=0.556 m_ev=0.879 m_v_bias=-5.9 m_adv_std=5.2770 m_kl_max=0.0261 m_ratio_max=1.025 return=-148.1 length=200 success_rate=0.00 collisions/ep=0.00 (n=9)
Evaluation at update 335: return=-149.71, length=200.00, success_rate=0.00, collisions/ep=0.00
Solved-check at update 335: solved=False worst_gap=1171.56 at p_x0=2.00 p_y0=1.00 (consecutive=0)
update=336 global_step=688128 SPS=605 w_ev=0.581 m_ev=0.941 m_v_bias=-5.4 m_adv_std=3.5711 m_kl_max=0.0230 m_ratio_max=0.818 return=-150.5 length=200 success_rate=0.00 collisions/ep=0.00 (n=15)
update=337 global_step=690176 SPS=606 w_ev=0.518 m_ev=0.977 m_v_bias=-2.2 m_adv_std=2.2392 m_kl_max=0.0193 m_ratio_max=0.788 return=-141.2 length=200 success_rate=0.00 collisions/ep=0.00 (n=8)
update=338 global_step=692224 SPS=607 w_ev=0.533 m_ev=0.106 m_v_bias=19.5 m_adv_std=96.3226 m_kl_max=0.0243 m_ratio_max=0.969 return=-281.8 length=200 success_rate=0.00 collisions/ep=2.67 (n=9)
update=339 global_step=694272 SPS=608 w_ev=0.514 m_ev=0.253 m_v_bias=7.9 m_adv_std=54.2267 m_kl_max=0.0189 m_ratio_max=1.307 return=-239.2 length=200 success_rate=0.00 collisions/ep=1.88 (n=8)
update=340 global_step=696320 SPS=609 w_ev=0.537 m_ev=0.165 m_v_bias=21.0 m_adv_std=70.1644 m_kl_max=0.0141 m_ratio_max=0.532 return=-217.1 length=200 success_rate=0.00 collisions/ep=1.33 (n=15)
Evaluation at update 340: return=-150.42, length=200.00, success_rate=0.00, collisions/ep=0.00
Solved-check at update 340: solved=False worst_gap=1171.99 at p_x0=2.00 p_y0=1.00 (consecutive=0)
update=341 global_step=698368 SPS=604 w_ev=0.531 m_ev=-0.313 m_v_bias=-14.9 m_adv_std=20.9590 m_kl_max=0.0094 m_ratio_max=0.355 return=-153.8 length=200 success_rate=0.00 collisions/ep=0.00 (n=8)
update=342 global_step=700416 SPS=605 w_ev=0.548 m_ev=0.811 m_v_bias=-11.8 m_adv_std=6.9962 m_kl_max=0.0124 m_ratio_max=0.604 return=-149.1 length=200 success_rate=0.00 collisions/ep=0.00 (n=9)
update=343 global_step=702464 SPS=606 w_ev=0.577 m_ev=0.925 m_v_bias=-6.7 m_adv_std=3.9722 m_kl_max=0.0256 m_ratio_max=1.605 return=-147.7 length=200 success_rate=0.00 collisions/ep=0.00 (n=15)
update=344 global_step=704512 SPS=607 w_ev=0.585 m_ev=0.964 m_v_bias=-3.2 m_adv_std=2.9349 m_kl_max=0.0171 m_ratio_max=0.653 return=-151.5 length=200 success_rate=0.00 collisions/ep=0.00 (n=8)
update=345 global_step=706560 SPS=608 w_ev=0.569 m_ev=0.980 m_v_bias=-2.5 m_adv_std=1.8038 m_kl_max=0.0153 m_ratio_max=1.024 return=-144.5 length=200 success_rate=0.00 collisions/ep=0.00 (n=9)
Evaluation at update 345: return=-149.41, length=200.00, success_rate=0.00, collisions/ep=0.00
Solved-check at update 345: solved=False worst_gap=1171.22 at p_x0=2.00 p_y0=1.00 (consecutive=0)
update=346 global_step=708608 SPS=604 w_ev=0.512 m_ev=0.411 m_v_bias=1.9 m_adv_std=19.2449 m_kl_max=0.0717 m_ratio_max=1.451 return=-166.0 length=200 success_rate=0.00 collisions/ep=0.38 (n=8)
update=347 global_step=710656 SPS=605 w_ev=0.617 m_ev=0.967 m_v_bias=-1.1 m_adv_std=2.8981 m_kl_max=0.0154 m_ratio_max=0.732 return=-149.4 length=200 success_rate=0.00 collisions/ep=0.00 (n=15)
update=348 global_step=712704 SPS=606 w_ev=0.508 m_ev=0.981 m_v_bias=-0.6 m_adv_std=1.6344 m_kl_max=0.0112 m_ratio_max=0.488 return=-147.7 length=200 success_rate=0.00 collisions/ep=0.00 (n=8)
update=349 global_step=714752 SPS=607 w_ev=0.558 m_ev=0.064 m_v_bias=7.1 m_adv_std=43.3545 m_kl_max=0.0397 m_ratio_max=0.929 return=-152.9 length=200 success_rate=0.00 collisions/ep=0.00 (n=9)
update=350 global_step=716800 SPS=608 w_ev=0.523 m_ev=0.408 m_v_bias=-1.1 m_adv_std=15.4740 m_kl_max=0.0400 m_ratio_max=1.405 return=-184.6 length=200 success_rate=0.00 collisions/ep=0.67 (n=15)
Evaluation at update 350: return=-151.13, length=200.00, success_rate=0.00, collisions/ep=0.00
Solved-check at update 350: solved=False worst_gap=1169.80 at p_x0=2.00 p_y0=-1.00 (consecutive=0)
update=351 global_step=718848 SPS=603 w_ev=0.586 m_ev=0.961 m_v_bias=-3.0 m_adv_std=3.0183 m_kl_max=0.0168 m_ratio_max=0.979 return=-155.1 length=200 success_rate=0.00 collisions/ep=0.00 (n=8)
update=352 global_step=720896 SPS=604 w_ev=0.508 m_ev=0.977 m_v_bias=-2.0 m_adv_std=1.8069 m_kl_max=0.0505 m_ratio_max=0.835 return=-147.8 length=200 success_rate=0.00 collisions/ep=0.00 (n=8)
update=353 global_step=722944 SPS=605 w_ev=0.500 m_ev=0.101 m_v_bias=0.6 m_adv_std=15.9881 m_kl_max=0.0220 m_ratio_max=0.750 return=-151.0 length=200 success_rate=0.00 collisions/ep=0.00 (n=9)
update=354 global_step=724992 SPS=606 w_ev=0.581 m_ev=0.863 m_v_bias=-3.7 m_adv_std=4.6161 m_kl_max=0.0506 m_ratio_max=0.760 return=-160.8 length=200 success_rate=0.00 collisions/ep=0.20 (n=15)
update=355 global_step=727040 SPS=607 w_ev=0.381 m_ev=0.156 m_v_bias=6.5 m_adv_std=28.7106 m_kl_max=0.0292 m_ratio_max=1.570 return=-172.7 length=200 success_rate=0.00 collisions/ep=0.50 (n=8)
Evaluation at update 355: return=-150.55, length=200.00, success_rate=0.00, collisions/ep=0.00
Solved-check at update 355: solved=False worst_gap=1171.73 at p_x0=2.00 p_y0=0.00 (consecutive=0)
update=356 global_step=729088 SPS=603 w_ev=0.434 m_ev=0.519 m_v_bias=-1.1 m_adv_std=12.4306 m_kl_max=0.0322 m_ratio_max=1.031 return=-179.6 length=200 success_rate=0.00 collisions/ep=0.56 (n=9)
update=357 global_step=731136 SPS=604 w_ev=0.469 m_ev=0.936 m_v_bias=-2.3 m_adv_std=3.1946 m_kl_max=0.0142 m_ratio_max=0.575 return=-155.6 length=200 success_rate=0.00 collisions/ep=0.00 (n=8)
update=358 global_step=733184 SPS=605 w_ev=0.563 m_ev=0.856 m_v_bias=-1.6 m_adv_std=5.6992 m_kl_max=0.0142 m_ratio_max=0.556 return=-148.5 length=200 success_rate=0.00 collisions/ep=0.00 (n=15)
update=359 global_step=735232 SPS=606 w_ev=0.461 m_ev=0.991 m_v_bias=-1.3 m_adv_std=1.0517 m_kl_max=0.0192 m_ratio_max=0.825 return=-156.5 length=200 success_rate=0.00 collisions/ep=0.12 (n=8)
update=360 global_step=737280 SPS=607 w_ev=0.433 m_ev=0.993 m_v_bias=-0.8 m_adv_std=1.0069 m_kl_max=0.0250 m_ratio_max=1.010 return=-154.3 length=200 success_rate=0.00 collisions/ep=0.00 (n=9)
Evaluation at update 360: return=-150.82, length=200.00, success_rate=0.00, collisions/ep=0.00
Solved-check at update 360: solved=False worst_gap=1171.82 at p_x0=2.00 p_y0=1.00 (consecutive=0)
update=361 global_step=739328 SPS=603 w_ev=0.547 m_ev=0.995 m_v_bias=-0.7 m_adv_std=0.9719 m_kl_max=0.1591 m_ratio_max=2.423 return=-148.1 length=200 success_rate=0.00 collisions/ep=0.00 (n=15)
update=362 global_step=741376 SPS=604 w_ev=0.527 m_ev=0.153 m_v_bias=10.6 m_adv_std=47.3851 m_kl_max=0.0450 m_ratio_max=1.351 return=-152.4 length=200 success_rate=0.00 collisions/ep=0.12 (n=8)
update=363 global_step=743424 SPS=605 w_ev=0.474 m_ev=0.742 m_v_bias=-2.9 m_adv_std=6.8521 m_kl_max=0.0376 m_ratio_max=0.808 return=-194.2 length=200 success_rate=0.00 collisions/ep=0.89 (n=9)
update=364 global_step=745472 SPS=606 w_ev=0.465 m_ev=0.289 m_v_bias=0.5 m_adv_std=24.0709 m_kl_max=0.0184 m_ratio_max=1.812 return=-177.3 length=200 success_rate=0.00 collisions/ep=0.62 (n=8)
update=365 global_step=747520 SPS=607 w_ev=0.570 m_ev=0.960 m_v_bias=-1.7 m_adv_std=3.1119 m_kl_max=0.0103 m_ratio_max=0.858 return=-149.6 length=200 success_rate=0.00 collisions/ep=0.00 (n=15)
Evaluation at update 365: return=-150.07, length=200.00, success_rate=0.00, collisions/ep=0.00
Solved-check at update 365: solved=False worst_gap=1171.80 at p_x0=2.00 p_y0=0.50 (consecutive=0)
update=366 global_step=749568 SPS=602 w_ev=0.422 m_ev=0.973 m_v_bias=-1.5 m_adv_std=2.0002 m_kl_max=0.0207 m_ratio_max=1.080 return=-149.6 length=200 success_rate=0.00 collisions/ep=0.00 (n=8)
update=367 global_step=751616 SPS=603 w_ev=0.481 m_ev=0.985 m_v_bias=-1.4 m_adv_std=1.4165 m_kl_max=0.0297 m_ratio_max=1.353 return=-150.3 length=200 success_rate=0.00 collisions/ep=0.00 (n=9)
update=368 global_step=753664 SPS=604 w_ev=0.516 m_ev=0.241 m_v_bias=6.1 m_adv_std=35.1083 m_kl_max=0.0250 m_ratio_max=1.240 return=-172.0 length=200 success_rate=0.00 collisions/ep=0.40 (n=15)
update=369 global_step=755712 SPS=605 w_ev=0.518 m_ev=0.936 m_v_bias=-0.8 m_adv_std=3.7715 m_kl_max=0.0141 m_ratio_max=0.477 return=-147.2 length=200 success_rate=0.00 collisions/ep=0.00 (n=8)
update=370 global_step=757760 SPS=606 w_ev=0.371 m_ev=0.131 m_v_bias=8.2 m_adv_std=59.0171 m_kl_max=0.0159 m_ratio_max=0.791 return=-210.0 length=200 success_rate=0.00 collisions/ep=1.22 (n=9)
Evaluation at update 370: return=-150.42, length=200.00, success_rate=0.00, collisions/ep=0.00
Solved-check at update 370: solved=False worst_gap=1171.16 at p_x0=2.00 p_y0=0.00 (consecutive=0)
update=371 global_step=759808 SPS=602 w_ev=0.528 m_ev=0.489 m_v_bias=-0.9 m_adv_std=15.0397 m_kl_max=0.0184 m_ratio_max=0.729 return=-176.4 length=200 success_rate=0.00 collisions/ep=0.50 (n=8)
update=372 global_step=761856 SPS=603 w_ev=0.597 m_ev=0.931 m_v_bias=-2.6 m_adv_std=4.0645 m_kl_max=0.0291 m_ratio_max=1.336 return=-145.5 length=200 success_rate=0.00 collisions/ep=0.00 (n=15)
update=373 global_step=763904 SPS=604 w_ev=0.429 m_ev=0.979 m_v_bias=-1.8 m_adv_std=1.7878 m_kl_max=0.0127 m_ratio_max=0.631 return=-151.1 length=200 success_rate=0.00 collisions/ep=0.00 (n=8)
update=374 global_step=765952 SPS=605 w_ev=0.421 m_ev=0.099 m_v_bias=3.2 m_adv_std=24.5899 m_kl_max=0.0389 m_ratio_max=1.441 return=-150.5 length=200 success_rate=0.00 collisions/ep=0.00 (n=9)
update=375 global_step=768000 SPS=606 w_ev=0.431 m_ev=0.823 m_v_bias=-4.2 m_adv_std=4.8931 m_kl_max=0.0308 m_ratio_max=0.747 return=-163.7 length=200 success_rate=0.00 collisions/ep=0.27 (n=15)
Evaluation at update 375: return=-149.80, length=200.00, success_rate=0.00, collisions/ep=0.00
Solved-check at update 375: solved=False worst_gap=1171.97 at p_x0=2.00 p_y0=1.00 (consecutive=0)
update=376 global_step=770048 SPS=602 w_ev=0.527 m_ev=0.215 m_v_bias=11.6 m_adv_std=41.8252 m_kl_max=0.0423 m_ratio_max=0.744 return=-211.4 length=200 success_rate=0.00 collisions/ep=1.25 (n=8)
update=377 global_step=772096 SPS=603 w_ev=0.441 m_ev=0.619 m_v_bias=-4.7 m_adv_std=8.7019 m_kl_max=0.0086 m_ratio_max=0.511 return=-148.3 length=200 success_rate=0.00 collisions/ep=0.00 (n=8)
update=378 global_step=774144 SPS=604 w_ev=0.514 m_ev=0.825 m_v_bias=-3.6 m_adv_std=5.8660 m_kl_max=0.0113 m_ratio_max=0.788 return=-147.5 length=200 success_rate=0.00 collisions/ep=0.00 (n=9)
update=379 global_step=776192 SPS=605 w_ev=0.547 m_ev=0.393 m_v_bias=1.2 m_adv_std=33.5193 m_kl_max=0.0095 m_ratio_max=0.693 return=-190.6 length=200 success_rate=0.00 collisions/ep=0.80 (n=15)
update=380 global_step=778240 SPS=605 w_ev=0.577 m_ev=0.719 m_v_bias=-0.9 m_adv_std=7.3787 m_kl_max=0.0121 m_ratio_max=0.747 return=-154.9 length=200 success_rate=0.00 collisions/ep=0.12 (n=8)
Evaluation at update 380: return=-150.40, length=200.00, success_rate=0.00, collisions/ep=0.00
Solved-check at update 380: solved=False worst_gap=1169.19 at p_x0=1.50 p_y0=-1.00 (consecutive=0)
update=381 global_step=780288 SPS=601 w_ev=0.513 m_ev=0.967 m_v_bias=-2.1 m_adv_std=2.2760 m_kl_max=0.0188 m_ratio_max=0.995 return=-150.1 length=200 success_rate=0.00 collisions/ep=0.00 (n=9)
update=382 global_step=782336 SPS=602 w_ev=0.519 m_ev=0.993 m_v_bias=-1.2 m_adv_std=1.1228 m_kl_max=0.0491 m_ratio_max=2.183 return=-148.1 length=200 success_rate=0.00 collisions/ep=0.00 (n=8)
update=383 global_step=784384 SPS=603 w_ev=0.563 m_ev=0.167 m_v_bias=10.2 m_adv_std=40.3912 m_kl_max=0.0295 m_ratio_max=0.934 return=-170.2 length=200 success_rate=0.00 collisions/ep=0.47 (n=15)
update=384 global_step=786432 SPS=604 w_ev=0.424 m_ev=0.055 m_v_bias=4.3 m_adv_std=53.6717 m_kl_max=0.0074 m_ratio_max=0.577 return=-206.3 length=200 success_rate=0.00 collisions/ep=1.25 (n=8)
update=385 global_step=788480 SPS=605 w_ev=0.454 m_ev=0.168 m_v_bias=5.7 m_adv_std=53.0498 m_kl_max=0.0177 m_ratio_max=0.710 return=-208.2 length=200 success_rate=0.00 collisions/ep=1.11 (n=9)
Evaluation at update 385: return=-150.03, length=200.00, success_rate=0.00, collisions/ep=0.00
Solved-check at update 385: solved=False worst_gap=1171.54 at p_x0=2.00 p_y0=0.00 (consecutive=0)
update=386 global_step=790528 SPS=601 w_ev=0.506 m_ev=0.294 m_v_bias=-1.0 m_adv_std=26.4631 m_kl_max=0.0208 m_ratio_max=1.189 return=-174.7 length=200 success_rate=0.00 collisions/ep=0.53 (n=15)
update=387 global_step=792576 SPS=602 w_ev=0.465 m_ev=0.890 m_v_bias=-6.1 m_adv_std=4.7626 m_kl_max=0.0225 m_ratio_max=0.788 return=-150.5 length=200 success_rate=0.00 collisions/ep=0.00 (n=8)
update=388 global_step=794624 SPS=603 w_ev=0.510 m_ev=0.198 m_v_bias=-0.6 m_adv_std=24.5996 m_kl_max=0.0369 m_ratio_max=0.881 return=-177.2 length=200 success_rate=0.00 collisions/ep=0.56 (n=9)
update=389 global_step=796672 SPS=604 w_ev=0.542 m_ev=0.786 m_v_bias=-3.7 m_adv_std=6.2455 m_kl_max=0.0301 m_ratio_max=0.714 return=-163.3 length=200 success_rate=0.00 collisions/ep=0.25 (n=8)
update=390 global_step=798720 SPS=605 w_ev=0.492 m_ev=0.258 m_v_bias=4.5 m_adv_std=30.8333 m_kl_max=0.0095 m_ratio_max=0.685 return=-168.9 length=200 success_rate=0.00 collisions/ep=0.40 (n=15)
Evaluation at update 390: return=-150.37, length=200.00, success_rate=0.00, collisions/ep=0.00
Solved-check at update 390: solved=False worst_gap=1170.57 at p_x0=2.00 p_y0=0.50 (consecutive=0)
update=391 global_step=800768 SPS=601 w_ev=0.389 m_ev=0.890 m_v_bias=-2.6 m_adv_std=4.1175 m_kl_max=0.0256 m_ratio_max=0.770 return=-153.4 length=200 success_rate=0.00 collisions/ep=0.00 (n=8)
update=392 global_step=802816 SPS=602 w_ev=0.409 m_ev=0.521 m_v_bias=-0.5 m_adv_std=10.1148 m_kl_max=0.0221 m_ratio_max=0.873 return=-149.4 length=200 success_rate=0.00 collisions/ep=0.00 (n=9)
update=393 global_step=804864 SPS=603 w_ev=0.458 m_ev=0.925 m_v_bias=-3.1 m_adv_std=3.5009 m_kl_max=0.0297 m_ratio_max=0.779 return=-155.5 length=200 success_rate=0.00 collisions/ep=0.13 (n=15)
update=394 global_step=806912 SPS=604 w_ev=0.475 m_ev=0.964 m_v_bias=-0.9 m_adv_std=2.7357 m_kl_max=0.0456 m_ratio_max=0.725 return=-149.5 length=200 success_rate=0.00 collisions/ep=0.00 (n=8)
update=395 global_step=808960 SPS=605 w_ev=0.459 m_ev=0.988 m_v_bias=-0.5 m_adv_std=1.3113 m_kl_max=0.0276 m_ratio_max=0.698 return=-148.9 length=200 success_rate=0.00 collisions/ep=0.00 (n=9)
Evaluation at update 395: return=-149.99, length=200.00, success_rate=0.00, collisions/ep=0.00
Solved-check at update 395: solved=False worst_gap=1167.51 at p_x0=2.00 p_y0=-0.50 (consecutive=0)
update=396 global_step=811008 SPS=601 w_ev=0.406 m_ev=-0.042 m_v_bias=3.9 m_adv_std=28.2820 m_kl_max=0.0244 m_ratio_max=0.904 return=-150.2 length=200 success_rate=0.00 collisions/ep=0.00 (n=8)
update=397 global_step=813056 SPS=602 w_ev=0.596 m_ev=0.261 m_v_bias=-0.0 m_adv_std=20.8019 m_kl_max=0.0381 m_ratio_max=0.917 return=-175.7 length=200 success_rate=0.00 collisions/ep=0.53 (n=15)
update=398 global_step=815104 SPS=603 w_ev=0.410 m_ev=0.633 m_v_bias=0.9 m_adv_std=9.1539 m_kl_max=0.0312 m_ratio_max=0.874 return=-156.2 length=200 success_rate=0.00 collisions/ep=0.12 (n=8)
update=399 global_step=817152 SPS=603 w_ev=0.410 m_ev=0.816 m_v_bias=-1.9 m_adv_std=6.6875 m_kl_max=0.0212 m_ratio_max=1.078 return=-152.9 length=200 success_rate=0.00 collisions/ep=0.11 (n=9)
update=400 global_step=819200 SPS=604 w_ev=0.380 m_ev=0.967 m_v_bias=-2.1 m_adv_std=2.1562 m_kl_max=0.0217 m_ratio_max=0.989 return=-150.3 length=200 success_rate=0.00 collisions/ep=0.00 (n=15)
Evaluation at update 400: return=-149.85, length=200.00, success_rate=0.00, collisions/ep=0.00
Solved-check at update 400: solved=False worst_gap=1171.05 at p_x0=2.00 p_y0=0.00 (consecutive=0)
update=401 global_step=821248 SPS=601 w_ev=0.470 m_ev=0.992 m_v_bias=-0.8 m_adv_std=1.2823 m_kl_max=0.0442 m_ratio_max=1.600 return=-150.4 length=200 success_rate=0.00 collisions/ep=0.00 (n=8)
update=402 global_step=823296 SPS=601 w_ev=0.456 m_ev=0.089 m_v_bias=6.9 m_adv_std=37.4587 m_kl_max=0.0318 m_ratio_max=2.092 return=-149.1 length=200 success_rate=0.00 collisions/ep=0.00 (n=8)
update=403 global_step=825344 SPS=602 w_ev=0.454 m_ev=0.219 m_v_bias=0.6 m_adv_std=28.8629 m_kl_max=0.0122 m_ratio_max=0.810 return=-210.0 length=200 success_rate=0.00 collisions/ep=1.22 (n=9)
update=404 global_step=827392 SPS=603 w_ev=0.494 m_ev=0.847 m_v_bias=-2.4 m_adv_std=5.7558 m_kl_max=0.0241 m_ratio_max=0.970 return=-153.2 length=200 success_rate=0.00 collisions/ep=0.07 (n=15)
update=405 global_step=829440 SPS=604 w_ev=0.498 m_ev=0.149 m_v_bias=14.6 m_adv_std=54.4138 m_kl_max=0.0158 m_ratio_max=0.675 return=-224.4 length=200 success_rate=0.00 collisions/ep=1.50 (n=8)
Evaluation at update 405: return=-149.51, length=200.00, success_rate=0.00, collisions/ep=0.00
Solved-check at update 405: solved=False worst_gap=1170.46 at p_x0=2.00 p_y0=0.00 (consecutive=0)
update=406 global_step=831488 SPS=600 w_ev=0.421 m_ev=0.547 m_v_bias=-1.6 m_adv_std=11.3223 m_kl_max=0.0383 m_ratio_max=1.744 return=-149.8 length=200 success_rate=0.00 collisions/ep=0.00 (n=9)
update=407 global_step=833536 SPS=601 w_ev=0.453 m_ev=0.653 m_v_bias=-5.8 m_adv_std=7.8241 m_kl_max=0.0153 m_ratio_max=0.628 return=-149.1 length=200 success_rate=0.00 collisions/ep=0.00 (n=8)
update=408 global_step=835584 SPS=602 w_ev=0.551 m_ev=0.342 m_v_bias=1.6 m_adv_std=25.4934 m_kl_max=0.0270 m_ratio_max=0.712 return=-168.1 length=200 success_rate=0.00 collisions/ep=0.33 (n=15)
update=409 global_step=837632 SPS=603 w_ev=0.432 m_ev=0.745 m_v_bias=-1.8 m_adv_std=8.1777 m_kl_max=0.0128 m_ratio_max=0.610 return=-153.1 length=200 success_rate=0.00 collisions/ep=0.12 (n=8)
update=410 global_step=839680 SPS=604 w_ev=0.520 m_ev=0.247 m_v_bias=2.4 m_adv_std=25.1476 m_kl_max=0.0175 m_ratio_max=1.071 return=-171.3 length=200 success_rate=0.00 collisions/ep=0.44 (n=9)
Evaluation at update 410: return=-149.97, length=200.00, success_rate=0.00, collisions/ep=0.00
Solved-check at update 410: solved=False worst_gap=1171.62 at p_x0=2.00 p_y0=-1.00 (consecutive=0)
update=411 global_step=841728 SPS=600 w_ev=0.548 m_ev=0.534 m_v_bias=-2.3 m_adv_std=12.7646 m_kl_max=0.0186 m_ratio_max=0.734 return=-160.5 length=200 success_rate=0.00 collisions/ep=0.20 (n=15)
update=412 global_step=843776 SPS=601 w_ev=0.489 m_ev=0.119 m_v_bias=2.9 m_adv_std=31.0931 m_kl_max=0.0210 m_ratio_max=0.887 return=-195.4 length=200 success_rate=0.00 collisions/ep=0.88 (n=8)
update=413 global_step=845824 SPS=602 w_ev=0.494 m_ev=0.215 m_v_bias=5.7 m_adv_std=45.5789 m_kl_max=0.0229 m_ratio_max=0.911 return=-196.2 length=200 success_rate=0.00 collisions/ep=0.89 (n=9)
update=414 global_step=847872 SPS=603 w_ev=0.499 m_ev=0.376 m_v_bias=-2.2 m_adv_std=24.2700 m_kl_max=0.0378 m_ratio_max=1.025 return=-170.5 length=200 success_rate=0.00 collisions/ep=0.50 (n=8)
update=415 global_step=849920 SPS=603 w_ev=0.530 m_ev=0.852 m_v_bias=-4.9 m_adv_std=6.3999 m_kl_max=0.0149 m_ratio_max=1.264 return=-148.7 length=200 success_rate=0.00 collisions/ep=0.00 (n=15)
Evaluation at update 415: return=-149.94, length=200.00, success_rate=0.00, collisions/ep=0.00
Solved-check at update 415: solved=False worst_gap=1173.14 at p_x0=2.00 p_y0=0.00 (consecutive=0)
update=416 global_step=851968 SPS=600 w_ev=0.420 m_ev=0.721 m_v_bias=-2.0 m_adv_std=6.6200 m_kl_max=0.0169 m_ratio_max=0.598 return=-151.1 length=200 success_rate=0.00 collisions/ep=0.00 (n=8)
update=417 global_step=854016 SPS=601 w_ev=0.460 m_ev=0.815 m_v_bias=-2.0 m_adv_std=4.9952 m_kl_max=0.0258 m_ratio_max=0.700 return=-157.3 length=200 success_rate=0.00 collisions/ep=0.11 (n=9)
update=418 global_step=856064 SPS=602 w_ev=0.539 m_ev=0.161 m_v_bias=10.2 m_adv_std=48.5517 m_kl_max=0.0278 m_ratio_max=0.826 return=-192.4 length=200 success_rate=0.00 collisions/ep=0.80 (n=15)
update=419 global_step=858112 SPS=603 w_ev=0.594 m_ev=0.934 m_v_bias=-5.0 m_adv_std=3.8876 m_kl_max=0.0150 m_ratio_max=0.967 return=-149.8 length=200 success_rate=0.00 collisions/ep=0.00 (n=8)
update=420 global_step=860160 SPS=603 w_ev=0.513 m_ev=0.955 m_v_bias=-2.4 m_adv_std=2.5638 m_kl_max=0.0216 m_ratio_max=0.604 return=-147.2 length=200 success_rate=0.00 collisions/ep=0.00 (n=9)
Evaluation at update 420: return=-150.21, length=200.00, success_rate=0.00, collisions/ep=0.00
Solved-check at update 420: solved=False worst_gap=1173.71 at p_x0=2.00 p_y0=0.00 (consecutive=0)
update=421 global_step=862208 SPS=600 w_ev=0.537 m_ev=0.824 m_v_bias=-0.8 m_adv_std=5.7587 m_kl_max=0.0124 m_ratio_max=0.590 return=-152.4 length=200 success_rate=0.00 collisions/ep=0.00 (n=8)
update=422 global_step=864256 SPS=601 w_ev=0.586 m_ev=0.080 m_v_bias=28.6 m_adv_std=113.0947 m_kl_max=0.0196 m_ratio_max=1.200 return=-220.2 length=200 success_rate=0.00 collisions/ep=1.47 (n=15)
update=423 global_step=866304 SPS=602 w_ev=0.462 m_ev=0.589 m_v_bias=-11.8 m_adv_std=9.9379 m_kl_max=0.0086 m_ratio_max=0.528 return=-154.0 length=200 success_rate=0.00 collisions/ep=0.00 (n=8)
update=424 global_step=868352 SPS=603 w_ev=0.527 m_ev=0.263 m_v_bias=-3.9 m_adv_std=28.0729 m_kl_max=0.0185 m_ratio_max=0.842 return=-145.2 length=200 success_rate=0.00 collisions/ep=0.00 (n=9)
update=425 global_step=870400 SPS=603 w_ev=0.458 m_ev=0.141 m_v_bias=-2.4 m_adv_std=30.2560 m_kl_max=0.0220 m_ratio_max=0.769 return=-163.6 length=200 success_rate=0.00 collisions/ep=0.33 (n=15)
Evaluation at update 425: return=-150.99, length=200.00, success_rate=0.00, collisions/ep=0.00
Solved-check at update 425: solved=False worst_gap=1168.51 at p_x0=2.00 p_y0=0.50 (consecutive=0)
update=426 global_step=872448 SPS=600 w_ev=0.585 m_ev=0.843 m_v_bias=-6.7 m_adv_std=6.1902 m_kl_max=0.0093 m_ratio_max=0.402 return=-180.6 length=200 success_rate=0.00 collisions/ep=0.62 (n=8)
update=427 global_step=874496 SPS=601 w_ev=0.514 m_ev=0.932 m_v_bias=-2.9 m_adv_std=3.1596 m_kl_max=0.0482 m_ratio_max=1.375 return=-146.5 length=200 success_rate=0.00 collisions/ep=0.00 (n=8)
update=428 global_step=876544 SPS=602 w_ev=0.528 m_ev=0.787 m_v_bias=-1.2 m_adv_std=6.0551 m_kl_max=0.0187 m_ratio_max=0.613 return=-148.4 length=200 success_rate=0.00 collisions/ep=0.00 (n=9)
update=429 global_step=878592 SPS=603 w_ev=0.506 m_ev=0.848 m_v_bias=-1.1 m_adv_std=5.4580 m_kl_max=0.0420 m_ratio_max=1.144 return=-153.4 length=200 success_rate=0.00 collisions/ep=0.13 (n=15)
update=430 global_step=880640 SPS=604 w_ev=0.457 m_ev=0.275 m_v_bias=7.5 m_adv_std=36.4589 m_kl_max=0.0225 m_ratio_max=0.640 return=-190.0 length=200 success_rate=0.00 collisions/ep=0.88 (n=8)
Evaluation at update 430: return=-149.44, length=200.00, success_rate=0.00, collisions/ep=0.00
Solved-check at update 430: solved=False worst_gap=1168.87 at p_x0=2.00 p_y0=-1.00 (consecutive=0)
update=431 global_step=882688 SPS=600 w_ev=0.533 m_ev=0.322 m_v_bias=6.5 m_adv_std=35.3009 m_kl_max=0.0183 m_ratio_max=1.145 return=-183.9 length=200 success_rate=0.00 collisions/ep=0.67 (n=9)
update=432 global_step=884736 SPS=601 w_ev=0.437 m_ev=0.730 m_v_bias=-3.9 m_adv_std=8.0931 m_kl_max=0.0086 m_ratio_max=0.435 return=-148.6 length=200 success_rate=0.00 collisions/ep=0.00 (n=8)
update=433 global_step=886784 SPS=602 w_ev=0.608 m_ev=0.805 m_v_bias=-3.8 m_adv_std=7.1854 m_kl_max=0.0201 m_ratio_max=0.751 return=-154.0 length=200 success_rate=0.00 collisions/ep=0.07 (n=15)
update=434 global_step=888832 SPS=603 w_ev=0.452 m_ev=0.191 m_v_bias=1.2 m_adv_std=24.0379 m_kl_max=0.0291 m_ratio_max=0.782 return=-151.5 length=200 success_rate=0.00 collisions/ep=0.12 (n=8)
update=435 global_step=890880 SPS=604 w_ev=0.556 m_ev=0.421 m_v_bias=-1.2 m_adv_std=18.0722 m_kl_max=0.0206 m_ratio_max=1.104 return=-188.9 length=200 success_rate=0.00 collisions/ep=0.78 (n=9)
Evaluation at update 435: return=-148.89, length=200.00, success_rate=0.00, collisions/ep=0.00
Solved-check at update 435: solved=False worst_gap=1168.57 at p_x0=2.00 p_y0=0.50 (consecutive=0)
update=436 global_step=892928 SPS=600 w_ev=0.549 m_ev=0.295 m_v_bias=3.4 m_adv_std=26.7395 m_kl_max=0.0227 m_ratio_max=0.922 return=-162.3 length=200 success_rate=0.00 collisions/ep=0.27 (n=15)
update=437 global_step=894976 SPS=601 w_ev=0.537 m_ev=0.153 m_v_bias=16.8 m_adv_std=70.9575 m_kl_max=0.0352 m_ratio_max=1.367 return=-241.9 length=200 success_rate=0.00 collisions/ep=1.88 (n=8)
update=438 global_step=897024 SPS=602 w_ev=0.522 m_ev=0.355 m_v_bias=-2.9 m_adv_std=31.9153 m_kl_max=0.0248 m_ratio_max=0.904 return=-205.3 length=200 success_rate=0.00 collisions/ep=1.11 (n=9)
update=439 global_step=899072 SPS=603 w_ev=0.512 m_ev=0.255 m_v_bias=-5.1 m_adv_std=25.4920 m_kl_max=0.0113 m_ratio_max=0.631 return=-185.1 length=200 success_rate=0.00 collisions/ep=0.75 (n=8)
update=440 global_step=901120 SPS=604 w_ev=0.540 m_ev=0.910 m_v_bias=-5.8 m_adv_std=4.6544 m_kl_max=0.0097 m_ratio_max=0.767 return=-151.5 length=200 success_rate=0.00 collisions/ep=0.00 (n=15)
Evaluation at update 440: return=-148.17, length=200.00, success_rate=0.00, collisions/ep=0.00
Solved-check at update 440: solved=False worst_gap=1169.62 at p_x0=2.00 p_y0=0.00 (consecutive=0)
update=441 global_step=903168 SPS=601 w_ev=0.534 m_ev=0.349 m_v_bias=-2.0 m_adv_std=14.8096 m_kl_max=0.0743 m_ratio_max=2.792 return=-164.4 length=200 success_rate=0.00 collisions/ep=0.25 (n=8)
update=442 global_step=905216 SPS=601 w_ev=0.553 m_ev=0.144 m_v_bias=5.6 m_adv_std=38.1736 m_kl_max=0.0277 m_ratio_max=1.333 return=-145.6 length=200 success_rate=0.00 collisions/ep=0.00 (n=9)
update=443 global_step=907264 SPS=602 w_ev=0.504 m_ev=0.056 m_v_bias=8.3 m_adv_std=63.7309 m_kl_max=0.0195 m_ratio_max=0.961 return=-204.5 length=200 success_rate=0.00 collisions/ep=1.13 (n=15)
update=444 global_step=909312 SPS=603 w_ev=0.560 m_ev=0.101 m_v_bias=-8.2 m_adv_std=21.9142 m_kl_max=0.0161 m_ratio_max=0.788 return=-169.7 length=200 success_rate=0.00 collisions/ep=0.38 (n=8)
update=445 global_step=911360 SPS=604 w_ev=0.546 m_ev=0.110 m_v_bias=29.2 m_adv_std=154.5152 m_kl_max=0.0167 m_ratio_max=0.807 return=-308.4 length=200 success_rate=0.00 collisions/ep=3.22 (n=9)
Evaluation at update 445: return=-150.77, length=200.00, success_rate=0.00, collisions/ep=0.00
Solved-check at update 445: solved=False worst_gap=1174.44 at p_x0=2.00 p_y0=0.50 (consecutive=0)
update=446 global_step=913408 SPS=601 w_ev=0.564 m_ev=-0.137 m_v_bias=-12.9 m_adv_std=30.5916 m_kl_max=0.0228 m_ratio_max=0.744 return=-173.5 length=200 success_rate=0.00 collisions/ep=0.50 (n=8)
update=447 global_step=915456 SPS=602 w_ev=0.660 m_ev=0.785 m_v_bias=-8.0 m_adv_std=6.6434 m_kl_max=0.0246 m_ratio_max=1.619 return=-157.8 length=200 success_rate=0.00 collisions/ep=0.13 (n=15)
update=448 global_step=917504 SPS=602 w_ev=0.475 m_ev=0.705 m_v_bias=-4.1 m_adv_std=7.6566 m_kl_max=0.0252 m_ratio_max=0.690 return=-156.9 length=200 success_rate=0.00 collisions/ep=0.12 (n=8)
update=449 global_step=919552 SPS=603 w_ev=0.585 m_ev=0.752 m_v_bias=-2.7 m_adv_std=7.5237 m_kl_max=0.0137 m_ratio_max=0.692 return=-161.3 length=200 success_rate=0.00 collisions/ep=0.22 (n=9)
update=450 global_step=921600 SPS=604 w_ev=0.478 m_ev=0.826 m_v_bias=-1.4 m_adv_std=5.2090 m_kl_max=0.0160 m_ratio_max=0.598 return=-152.1 length=200 success_rate=0.00 collisions/ep=0.07 (n=15)
Evaluation at update 450: return=-149.34, length=200.00, success_rate=0.00, collisions/ep=0.00
Solved-check at update 450: solved=False worst_gap=1167.70 at p_x0=2.00 p_y0=0.00 (consecutive=0)
update=451 global_step=923648 SPS=601 w_ev=0.590 m_ev=0.991 m_v_bias=-1.6 m_adv_std=1.4341 m_kl_max=0.0109 m_ratio_max=0.576 return=-147.4 length=200 success_rate=0.00 collisions/ep=0.00 (n=8)
update=452 global_step=925696 SPS=602 w_ev=0.478 m_ev=0.995 m_v_bias=-0.6 m_adv_std=0.8607 m_kl_max=0.0259 m_ratio_max=0.971 return=-148.3 length=200 success_rate=0.00 collisions/ep=0.00 (n=8)
update=453 global_step=927744 SPS=602 w_ev=0.489 m_ev=0.806 m_v_bias=0.9 m_adv_std=6.5303 m_kl_max=0.0226 m_ratio_max=0.962 return=-150.4 length=200 success_rate=0.00 collisions/ep=0.00 (n=9)
update=454 global_step=929792 SPS=603 w_ev=0.528 m_ev=0.162 m_v_bias=25.2 m_adv_std=89.5360 m_kl_max=0.0236 m_ratio_max=1.037 return=-250.7 length=200 success_rate=0.00 collisions/ep=2.00 (n=15)
update=455 global_step=931840 SPS=604 w_ev=0.499 m_ev=0.491 m_v_bias=-6.8 m_adv_std=10.5177 m_kl_max=0.0174 m_ratio_max=0.672 return=-148.1 length=200 success_rate=0.00 collisions/ep=0.00 (n=8)
Evaluation at update 455: return=-149.50, length=200.00, success_rate=0.00, collisions/ep=0.00
Solved-check at update 455: solved=False worst_gap=1171.09 at p_x0=2.00 p_y0=0.50 (consecutive=0)
update=456 global_step=933888 SPS=601 w_ev=0.545 m_ev=0.870 m_v_bias=-7.1 m_adv_std=4.8691 m_kl_max=0.0459 m_ratio_max=1.135 return=-153.1 length=200 success_rate=0.00 collisions/ep=0.00 (n=9)
update=457 global_step=935936 SPS=602 w_ev=0.474 m_ev=0.865 m_v_bias=-3.6 m_adv_std=5.2888 m_kl_max=0.0227 m_ratio_max=0.641 return=-154.3 length=200 success_rate=0.00 collisions/ep=0.12 (n=8)
update=458 global_step=937984 SPS=603 w_ev=0.594 m_ev=0.945 m_v_bias=-2.0 m_adv_std=3.7945 m_kl_max=0.0272 m_ratio_max=1.408 return=-153.0 length=200 success_rate=0.00 collisions/ep=0.07 (n=15)
update=459 global_step=940032 SPS=603 w_ev=0.520 m_ev=0.811 m_v_bias=-0.1 m_adv_std=6.5673 m_kl_max=0.0049 m_ratio_max=0.458 return=-154.6 length=200 success_rate=0.00 collisions/ep=0.12 (n=8)
update=460 global_step=942080 SPS=604 w_ev=0.576 m_ev=0.086 m_v_bias=15.3 m_adv_std=45.0273 m_kl_max=0.0395 m_ratio_max=0.918 return=-147.8 length=200 success_rate=0.00 collisions/ep=0.00 (n=9)
Evaluation at update 460: return=-150.52, length=200.00, success_rate=0.00, collisions/ep=0.00
Solved-check at update 460: solved=False worst_gap=1167.73 at p_x0=2.00 p_y0=-0.50 (consecutive=0)
update=461 global_step=944128 SPS=601 w_ev=0.607 m_ev=0.626 m_v_bias=-6.2 m_adv_std=9.5275 m_kl_max=0.0152 m_ratio_max=0.590 return=-188.7 length=200 success_rate=0.00 collisions/ep=0.80 (n=15)
update=462 global_step=946176 SPS=602 w_ev=0.597 m_ev=0.927 m_v_bias=-4.8 m_adv_std=3.9792 m_kl_max=0.0097 m_ratio_max=0.493 return=-146.6 length=200 success_rate=0.00 collisions/ep=0.00 (n=8)
update=463 global_step=948224 SPS=603 w_ev=0.377 m_ev=0.186 m_v_bias=-0.9 m_adv_std=16.2295 m_kl_max=0.0564 m_ratio_max=2.038 return=-149.1 length=200 success_rate=0.00 collisions/ep=0.00 (n=9)
update=464 global_step=950272 SPS=603 w_ev=0.372 m_ev=0.983 m_v_bias=-2.5 m_adv_std=1.6604 m_kl_max=0.0331 m_ratio_max=1.250 return=-161.0 length=200 success_rate=0.00 collisions/ep=0.25 (n=8)
update=465 global_step=952320 SPS=604 w_ev=0.590 m_ev=0.845 m_v_bias=-0.8 m_adv_std=5.9200 m_kl_max=0.0212 m_ratio_max=0.731 return=-149.7 length=200 success_rate=0.00 collisions/ep=0.00 (n=15)
Evaluation at update 465: return=-149.37, length=200.00, success_rate=0.00, collisions/ep=0.00
Solved-check at update 465: solved=False worst_gap=1170.73 at p_x0=2.00 p_y0=0.00 (consecutive=0)
update=466 global_step=954368 SPS=601 w_ev=0.426 m_ev=0.179 m_v_bias=3.1 m_adv_std=34.3986 m_kl_max=0.0236 m_ratio_max=1.234 return=-194.5 length=200 success_rate=0.00 collisions/ep=1.00 (n=8)
update=467 global_step=956416 SPS=602 w_ev=0.525 m_ev=0.329 m_v_bias=1.8 m_adv_std=22.3673 m_kl_max=0.0186 m_ratio_max=1.093 return=-169.1 length=200 success_rate=0.00 collisions/ep=0.44 (n=9)
update=468 global_step=958464 SPS=603 w_ev=0.550 m_ev=0.857 m_v_bias=-2.8 m_adv_std=4.7182 m_kl_max=0.0288 m_ratio_max=1.061 return=-151.2 length=200 success_rate=0.00 collisions/ep=0.00 (n=15)
update=469 global_step=960512 SPS=604 w_ev=0.492 m_ev=0.871 m_v_bias=-0.2 m_adv_std=6.1039 m_kl_max=0.0339 m_ratio_max=0.788 return=-153.6 length=200 success_rate=0.00 collisions/ep=0.12 (n=8)
update=470 global_step=962560 SPS=604 w_ev=0.508 m_ev=0.828 m_v_bias=-0.3 m_adv_std=6.4822 m_kl_max=0.0092 m_ratio_max=0.490 return=-153.9 length=200 success_rate=0.00 collisions/ep=0.11 (n=9)
Evaluation at update 470: return=-148.93, length=200.00, success_rate=0.00, collisions/ep=0.00
Solved-check at update 470: solved=False worst_gap=1172.12 at p_x0=2.00 p_y0=0.00 (consecutive=0)
update=471 global_step=964608 SPS=601 w_ev=0.538 m_ev=0.385 m_v_bias=2.3 m_adv_std=15.0048 m_kl_max=0.0379 m_ratio_max=2.124 return=-156.8 length=200 success_rate=0.00 collisions/ep=0.25 (n=8)
update=472 global_step=966656 SPS=602 w_ev=0.528 m_ev=0.266 m_v_bias=4.5 m_adv_std=31.2774 m_kl_max=0.0190 m_ratio_max=1.098 return=-171.2 length=200 success_rate=0.00 collisions/ep=0.47 (n=15)
update=473 global_step=968704 SPS=603 w_ev=0.388 m_ev=0.642 m_v_bias=-2.7 m_adv_std=8.2811 m_kl_max=0.0257 m_ratio_max=0.675 return=-148.8 length=200 success_rate=0.00 collisions/ep=0.00 (n=8)
update=474 global_step=970752 SPS=604 w_ev=0.499 m_ev=0.279 m_v_bias=0.6 m_adv_std=28.8767 m_kl_max=0.0265 m_ratio_max=0.988 return=-182.1 length=200 success_rate=0.00 collisions/ep=0.67 (n=9)
update=475 global_step=972800 SPS=604 w_ev=0.507 m_ev=0.939 m_v_bias=-2.5 m_adv_std=3.5076 m_kl_max=0.0235 m_ratio_max=0.718 return=-146.4 length=200 success_rate=0.00 collisions/ep=0.00 (n=15)
Evaluation at update 475: return=-150.31, length=200.00, success_rate=0.00, collisions/ep=0.00
Solved-check at update 475: solved=False worst_gap=1171.30 at p_x0=2.00 p_y0=0.50 (consecutive=0)
update=476 global_step=974848 SPS=601 w_ev=0.515 m_ev=0.814 m_v_bias=-0.3 m_adv_std=6.5621 m_kl_max=0.0160 m_ratio_max=0.697 return=-146.8 length=200 success_rate=0.00 collisions/ep=0.00 (n=8)
update=477 global_step=976896 SPS=602 w_ev=0.462 m_ev=0.730 m_v_bias=-0.8 m_adv_std=5.5669 m_kl_max=0.0288 m_ratio_max=0.719 return=-155.0 length=200 success_rate=0.00 collisions/ep=0.12 (n=8)
update=478 global_step=978944 SPS=603 w_ev=0.529 m_ev=0.188 m_v_bias=6.6 m_adv_std=30.5309 m_kl_max=0.0231 m_ratio_max=0.993 return=-186.4 length=200 success_rate=0.00 collisions/ep=0.67 (n=9)
update=479 global_step=980992 SPS=604 w_ev=0.562 m_ev=0.816 m_v_bias=-4.6 m_adv_std=5.4732 m_kl_max=0.0582 m_ratio_max=0.997 return=-156.8 length=200 success_rate=0.00 collisions/ep=0.13 (n=15)
update=480 global_step=983040 SPS=604 w_ev=0.537 m_ev=0.935 m_v_bias=-2.0 m_adv_std=3.2101 m_kl_max=0.0229 m_ratio_max=0.642 return=-147.8 length=200 success_rate=0.00 collisions/ep=0.00 (n=8)
Evaluation at update 480: return=-149.58, length=200.00, success_rate=0.00, collisions/ep=0.00
Solved-check at update 480: solved=False worst_gap=1171.07 at p_x0=2.00 p_y0=1.00 (consecutive=0)
update=481 global_step=985088 SPS=601 w_ev=0.517 m_ev=0.993 m_v_bias=-0.4 m_adv_std=1.0437 m_kl_max=0.0406 m_ratio_max=0.745 return=-152.1 length=200 success_rate=0.00 collisions/ep=0.00 (n=9)
update=482 global_step=987136 SPS=602 w_ev=0.438 m_ev=0.761 m_v_bias=0.3 m_adv_std=5.8010 m_kl_max=0.0196 m_ratio_max=0.837 return=-147.6 length=200 success_rate=0.00 collisions/ep=0.00 (n=8)
update=483 global_step=989184 SPS=603 w_ev=0.581 m_ev=0.983 m_v_bias=-1.7 m_adv_std=1.9206 m_kl_max=0.0371 m_ratio_max=1.009 return=-150.4 length=200 success_rate=0.00 collisions/ep=0.07 (n=15)
update=484 global_step=991232 SPS=604 w_ev=0.451 m_ev=0.235 m_v_bias=5.0 m_adv_std=28.5429 m_kl_max=0.0303 m_ratio_max=1.392 return=-150.1 length=200 success_rate=0.00 collisions/ep=0.00 (n=8)
update=485 global_step=993280 SPS=604 w_ev=0.540 m_ev=0.875 m_v_bias=-3.0 m_adv_std=4.3760 m_kl_max=0.0322 m_ratio_max=0.873 return=-172.1 length=200 success_rate=0.00 collisions/ep=0.56 (n=9)
Evaluation at update 485: return=-148.49, length=200.00, success_rate=0.00, collisions/ep=0.00
Solved-check at update 485: solved=False worst_gap=1169.70 at p_x0=2.00 p_y0=-1.00 (consecutive=0)
update=486 global_step=995328 SPS=602 w_ev=0.608 m_ev=0.395 m_v_bias=4.7 m_adv_std=19.8298 m_kl_max=0.0301 m_ratio_max=1.757 return=-163.1 length=200 success_rate=0.00 collisions/ep=0.27 (n=15)
update=487 global_step=997376 SPS=603 w_ev=0.615 m_ev=0.813 m_v_bias=-1.4 m_adv_std=7.0385 m_kl_max=0.0371 m_ratio_max=0.841 return=-150.4 length=200 success_rate=0.00 collisions/ep=0.12 (n=8)
update=488 global_step=999424 SPS=603 w_ev=0.421 m_ev=0.211 m_v_bias=5.8 m_adv_std=29.4036 m_kl_max=0.0602 m_ratio_max=4.298 return=-158.8 length=200 success_rate=0.00 collisions/ep=0.22 (n=9)
Saved checkpoints to C:\Users\loren\Desktop\MASTER THESIS\5_CODE\scenarios\slalom\studies\blind_worker_box1.8\coef_0\runs\hppo_slalom_7_1790585255
