Using device: cpu
Solved-check: precomputed optimal returns for 25 fixed initial conditions (mean=1013.0, min=1011.0, max=1015.0); solved-tolerance=5.0
num_envs=8 num_steps_per_env=256 worker_batch_size=2048 worker_minibatch_size=256 num_updates=488 timesteps=999424 (requested 1000000; 576 dropped by integer division)
update=1 global_step=2048 SPS=1418 w_ev=0.033 m_ev=-0.001 m_v_bias=144.8 m_adv_std=96.0258 m_kl_max=0.0015 m_ratio_max=0.201 return=-579.9 length=200 success_rate=0.00 collisions/ep=7.62 (n=8)
update=2 global_step=4096 SPS=1345 w_ev=0.021 m_ev=-0.113 m_v_bias=31.6 m_adv_std=247.9414 m_kl_max=0.0028 m_ratio_max=0.261 w_ax@goal=-0.09 w_v@goal=-0.26 return=-377.4 length=179 success_rate=0.20 collisions/ep=8.70 (n=10)
update=3 global_step=6144 SPS=1437 w_ev=0.013 m_ev=0.292 m_v_bias=12.4 m_adv_std=195.3862 m_kl_max=0.0021 m_ratio_max=0.226 w_ax@goal=+0.21 w_v@goal=-0.45 return=-470.3 length=188 success_rate=0.20 collisions/ep=10.10 (n=10)
update=4 global_step=8192 SPS=1433 w_ev=-0.068 m_ev=-0.075 m_v_bias=73.6 m_adv_std=176.4634 m_kl_max=0.0152 m_ratio_max=0.935 return=-681.1 length=200 success_rate=0.00 collisions/ep=9.42 (n=12)
update=5 global_step=10240 SPS=1426 w_ev=0.049 m_ev=-0.215 m_v_bias=-39.0 m_adv_std=119.2897 m_kl_max=0.0085 m_ratio_max=0.511 return=-468.8 length=200 success_rate=0.00 collisions/ep=5.25 (n=8)
Evaluation at update 5: return=-193.04, length=200.00, success_rate=0.00, collisions/ep=0.00
Solved-check at update 5: solved=False worst_gap=1215.03 at p_x0=0.00 p_y0=-1.00 (consecutive=0)
update=6 global_step=12288 SPS=654 w_ev=0.102 m_ev=-0.194 m_v_bias=38.8 m_adv_std=183.5650 m_kl_max=0.0118 m_ratio_max=0.451 w_ax@goal=-0.16 w_v@goal=-0.04 return=-732.2 length=200 success_rate=0.00 collisions/ep=10.82 (n=11)
update=7 global_step=14336 SPS=707 w_ev=0.203 m_ev=0.149 m_v_bias=-99.9 m_adv_std=230.0855 m_kl_max=0.0137 m_ratio_max=0.378 w_ax@goal=-0.11 w_v@goal=0.17 return=-185.7 length=197 success_rate=0.20 collisions/ep=4.10 (n=10)
update=8 global_step=16384 SPS=761 w_ev=0.157 m_ev=0.074 m_v_bias=-45.0 m_adv_std=94.8492 m_kl_max=0.0111 m_ratio_max=0.532 w_ax@goal=-1.14 w_v@goal=0.33 return=-485.0 length=200 success_rate=0.00 collisions/ep=6.09 (n=11)
update=9 global_step=18432 SPS=805 w_ev=0.189 m_ev=-0.077 m_v_bias=-38.5 m_adv_std=102.1391 m_kl_max=0.0159 m_ratio_max=0.895 return=-344.9 length=200 success_rate=0.00 collisions/ep=2.90 (n=10)
update=10 global_step=20480 SPS=841 w_ev=0.141 m_ev=-0.543 m_v_bias=-14.3 m_adv_std=126.0518 m_kl_max=0.0084 m_ratio_max=0.496 return=-280.4 length=200 success_rate=0.00 collisions/ep=1.90 (n=10)
Evaluation at update 10: return=-200.18, length=200.00, success_rate=0.00, collisions/ep=0.00
Solved-check at update 10: solved=False worst_gap=1220.87 at p_x0=0.00 p_y0=-0.50 (consecutive=0)
update=11 global_step=22528 SPS=623 w_ev=0.228 m_ev=-0.223 m_v_bias=-1.4 m_adv_std=80.3462 m_kl_max=0.0060 m_ratio_max=0.317 return=-450.4 length=200 success_rate=0.00 collisions/ep=5.33 (n=12)
update=12 global_step=24576 SPS=656 w_ev=0.171 m_ev=0.322 m_v_bias=-6.0 m_adv_std=60.2529 m_kl_max=0.0149 m_ratio_max=0.473 return=-245.2 length=200 success_rate=0.00 collisions/ep=1.25 (n=8)
update=13 global_step=26624 SPS=681 w_ev=0.140 m_ev=0.238 m_v_bias=-24.1 m_adv_std=33.7742 m_kl_max=0.0072 m_ratio_max=0.464 return=-311.4 length=200 success_rate=0.00 collisions/ep=2.30 (n=10)
update=14 global_step=28672 SPS=708 w_ev=0.180 m_ev=0.302 m_v_bias=15.7 m_adv_std=87.8924 m_kl_max=0.0054 m_ratio_max=0.260 return=-246.0 length=200 success_rate=0.00 collisions/ep=0.91 (n=11)
update=15 global_step=30720 SPS=732 w_ev=0.134 m_ev=0.558 m_v_bias=-13.5 m_adv_std=36.6498 m_kl_max=0.0143 m_ratio_max=0.558 return=-259.6 length=200 success_rate=0.00 collisions/ep=1.27 (n=11)
Evaluation at update 15: return=-221.20, length=200.00, success_rate=0.00, collisions/ep=0.00
Solved-check at update 15: solved=False worst_gap=1241.01 at p_x0=2.00 p_y0=-0.50 (consecutive=0)
update=16 global_step=32768 SPS=610 w_ev=0.133 m_ev=-0.521 m_v_bias=-32.0 m_adv_std=177.1589 m_kl_max=0.0061 m_ratio_max=0.315 w_ax@goal=-0.59 w_v@goal=2.44 return=-230.3 length=197 success_rate=0.10 collisions/ep=2.60 (n=10)
update=17 global_step=34816 SPS=632 w_ev=0.187 m_ev=-0.029 m_v_bias=11.1 m_adv_std=53.1508 m_kl_max=0.0072 m_ratio_max=0.357 return=-277.5 length=200 success_rate=0.00 collisions/ep=1.40 (n=10)
update=18 global_step=36864 SPS=654 w_ev=0.189 m_ev=-0.003 m_v_bias=-6.6 m_adv_std=13.5520 m_kl_max=0.0143 m_ratio_max=0.596 return=-220.3 length=200 success_rate=0.00 collisions/ep=0.33 (n=12)
update=19 global_step=38912 SPS=673 w_ev=0.148 m_ev=0.220 m_v_bias=-3.5 m_adv_std=7.1434 m_kl_max=0.0211 m_ratio_max=0.518 return=-212.3 length=200 success_rate=0.00 collisions/ep=0.00 (n=8)
update=20 global_step=40960 SPS=692 w_ev=0.145 m_ev=0.052 m_v_bias=36.4 m_adv_std=115.3222 m_kl_max=0.0042 m_ratio_max=0.343 return=-288.4 length=200 success_rate=0.00 collisions/ep=1.64 (n=11)
Evaluation at update 20: return=-203.37, length=200.00, success_rate=0.00, collisions/ep=0.00
Solved-check at update 20: solved=False worst_gap=1223.20 at p_x0=0.00 p_y0=1.00 (consecutive=0)
update=21 global_step=43008 SPS=606 w_ev=0.102 m_ev=0.117 m_v_bias=16.1 m_adv_std=83.2369 m_kl_max=0.0147 m_ratio_max=0.713 return=-408.6 length=200 success_rate=0.00 collisions/ep=4.22 (n=9)
update=22 global_step=45056 SPS=622 w_ev=0.186 m_ev=0.228 m_v_bias=-19.5 m_adv_std=18.8074 m_kl_max=0.0157 m_ratio_max=0.991 return=-219.1 length=200 success_rate=0.00 collisions/ep=0.42 (n=12)
update=23 global_step=47104 SPS=639 w_ev=0.187 m_ev=0.358 m_v_bias=-13.1 m_adv_std=21.0283 m_kl_max=0.0098 m_ratio_max=0.611 return=-198.0 length=200 success_rate=0.00 collisions/ep=0.00 (n=9)
update=24 global_step=49152 SPS=655 w_ev=0.055 m_ev=-0.340 m_v_bias=-23.0 m_adv_std=139.3519 m_kl_max=0.0089 m_ratio_max=0.364 w_ax@goal=+0.11 w_v@goal=3.60 return=-168.2 length=198 success_rate=0.10 collisions/ep=1.60 (n=10)
update=25 global_step=51200 SPS=669 w_ev=0.192 m_ev=-0.472 m_v_bias=3.6 m_adv_std=35.2378 m_kl_max=0.0104 m_ratio_max=0.584 return=-223.0 length=200 success_rate=0.00 collisions/ep=0.31 (n=13)
Evaluation at update 25: return=-214.42, length=200.00, success_rate=0.00, collisions/ep=0.00
Solved-check at update 25: solved=False worst_gap=1230.37 at p_x0=1.00 p_y0=1.00 (consecutive=0)
update=26 global_step=53248 SPS=605 w_ev=0.145 m_ev=-0.035 m_v_bias=11.1 m_adv_std=69.8735 m_kl_max=0.0105 m_ratio_max=0.572 return=-276.4 length=200 success_rate=0.00 collisions/ep=1.50 (n=8)
update=27 global_step=55296 SPS=618 w_ev=0.264 m_ev=-0.003 m_v_bias=11.7 m_adv_std=76.9821 m_kl_max=0.0092 m_ratio_max=0.425 return=-307.7 length=200 success_rate=0.00 collisions/ep=2.27 (n=11)
update=28 global_step=57344 SPS=631 w_ev=0.226 m_ev=0.115 m_v_bias=42.8 m_adv_std=138.8567 m_kl_max=0.0054 m_ratio_max=0.451 w_ax@goal=-0.80 w_v@goal=4.10 return=-439.6 length=200 success_rate=0.00 collisions/ep=5.22 (n=9)
update=29 global_step=59392 SPS=642 w_ev=0.147 m_ev=-0.689 m_v_bias=-14.3 m_adv_std=37.4069 m_kl_max=0.0171 m_ratio_max=0.554 return=-210.2 length=200 success_rate=0.00 collisions/ep=0.08 (n=12)
update=30 global_step=61440 SPS=655 w_ev=0.185 m_ev=0.524 m_v_bias=2.6 m_adv_std=27.7997 m_kl_max=0.0123 m_ratio_max=0.706 return=-236.7 length=200 success_rate=0.00 collisions/ep=0.62 (n=8)
Evaluation at update 30: return=-221.20, length=200.00, success_rate=0.00, collisions/ep=0.00
Solved-check at update 30: solved=False worst_gap=1241.01 at p_x0=2.00 p_y0=-1.00 (consecutive=0)
update=31 global_step=63488 SPS=604 w_ev=0.161 m_ev=-0.198 m_v_bias=-5.4 m_adv_std=14.8190 m_kl_max=0.0149 m_ratio_max=0.557 return=-219.2 length=200 success_rate=0.00 collisions/ep=0.00 (n=11)
update=32 global_step=65536 SPS=615 w_ev=0.141 m_ev=0.253 m_v_bias=-1.1 m_adv_std=9.2622 m_kl_max=0.0136 m_ratio_max=0.622 return=-218.2 length=200 success_rate=0.00 collisions/ep=0.00 (n=11)
update=33 global_step=67584 SPS=627 w_ev=0.200 m_ev=0.305 m_v_bias=-0.2 m_adv_std=7.5876 m_kl_max=0.0089 m_ratio_max=0.491 return=-216.9 length=200 success_rate=0.00 collisions/ep=0.00 (n=10)
update=34 global_step=69632 SPS=638 w_ev=0.299 m_ev=0.478 m_v_bias=0.6 m_adv_std=7.0650 m_kl_max=0.0221 m_ratio_max=0.980 return=-217.5 length=200 success_rate=0.00 collisions/ep=0.00 (n=10)
update=35 global_step=71680 SPS=647 w_ev=0.117 m_ev=0.658 m_v_bias=-0.1 m_adv_std=4.7768 m_kl_max=0.0213 m_ratio_max=1.173 return=-213.4 length=200 success_rate=0.00 collisions/ep=0.00 (n=10)
Evaluation at update 35: return=-221.01, length=200.00, success_rate=0.00, collisions/ep=0.00
Solved-check at update 35: solved=False worst_gap=1238.46 at p_x0=2.00 p_y0=1.00 (consecutive=0)
update=36 global_step=73728 SPS=603 w_ev=0.197 m_ev=0.128 m_v_bias=67.3 m_adv_std=197.7704 m_kl_max=0.0337 m_ratio_max=2.052 return=-433.8 length=200 success_rate=0.00 collisions/ep=4.50 (n=12)
update=37 global_step=75776 SPS=612 w_ev=0.150 m_ev=0.424 m_v_bias=-15.6 m_adv_std=72.5174 m_kl_max=0.0158 m_ratio_max=0.418 return=-274.2 length=200 success_rate=0.00 collisions/ep=1.38 (n=8)
update=38 global_step=77824 SPS=622 w_ev=0.148 m_ev=0.681 m_v_bias=-5.4 m_adv_std=47.8330 m_kl_max=0.0197 m_ratio_max=0.475 return=-270.6 length=200 success_rate=0.00 collisions/ep=1.36 (n=11)
update=39 global_step=79872 SPS=631 w_ev=0.205 m_ev=-2.046 m_v_bias=-4.2 m_adv_std=29.1126 m_kl_max=0.0180 m_ratio_max=0.921 return=-217.7 length=200 success_rate=0.00 collisions/ep=0.00 (n=11)
update=40 global_step=81920 SPS=641 w_ev=0.258 m_ev=-1.536 m_v_bias=-3.7 m_adv_std=18.7541 m_kl_max=0.0081 m_ratio_max=0.481 return=-217.3 length=200 success_rate=0.00 collisions/ep=0.00 (n=10)
Evaluation at update 40: return=-221.20, length=200.00, success_rate=0.00, collisions/ep=0.00
Solved-check at update 40: solved=False worst_gap=1241.01 at p_x0=2.00 p_y0=-0.50 (consecutive=0)
update=41 global_step=83968 SPS=598 w_ev=0.295 m_ev=0.491 m_v_bias=2.8 m_adv_std=4.8602 m_kl_max=0.0308 m_ratio_max=0.706 return=-218.2 length=200 success_rate=0.00 collisions/ep=0.00 (n=10)
update=42 global_step=86016 SPS=607 w_ev=0.313 m_ev=0.354 m_v_bias=-0.6 m_adv_std=10.1157 m_kl_max=0.0183 m_ratio_max=0.631 return=-212.3 length=200 success_rate=0.00 collisions/ep=0.00 (n=10)
update=43 global_step=88064 SPS=614 w_ev=0.190 m_ev=0.721 m_v_bias=0.5 m_adv_std=4.6170 m_kl_max=0.0202 m_ratio_max=0.642 return=-213.4 length=200 success_rate=0.00 collisions/ep=0.00 (n=12)
update=44 global_step=90112 SPS=622 w_ev=0.234 m_ev=0.185 m_v_bias=-6.1 m_adv_std=8.3325 m_kl_max=0.0097 m_ratio_max=0.432 return=-208.2 length=200 success_rate=0.00 collisions/ep=0.00 (n=8)
update=45 global_step=92160 SPS=630 w_ev=0.204 m_ev=0.238 m_v_bias=2.9 m_adv_std=11.7237 m_kl_max=0.0119 m_ratio_max=0.565 return=-210.8 length=200 success_rate=0.00 collisions/ep=0.00 (n=11)
Evaluation at update 45: return=-201.78, length=200.00, success_rate=0.00, collisions/ep=0.00
Solved-check at update 45: solved=False worst_gap=1220.67 at p_x0=0.00 p_y0=1.00 (consecutive=0)
update=46 global_step=94208 SPS=597 w_ev=0.241 m_ev=0.372 m_v_bias=8.4 m_adv_std=37.4826 m_kl_max=0.0216 m_ratio_max=1.002 return=-271.3 length=200 success_rate=0.00 collisions/ep=1.56 (n=9)
update=47 global_step=96256 SPS=604 w_ev=0.191 m_ev=0.169 m_v_bias=15.3 m_adv_std=48.0169 m_kl_max=0.0139 m_ratio_max=0.514 return=-291.0 length=200 success_rate=0.00 collisions/ep=1.92 (n=12)
update=48 global_step=98304 SPS=612 w_ev=0.223 m_ev=0.402 m_v_bias=-5.3 m_adv_std=25.4281 m_kl_max=0.0052 m_ratio_max=0.451 return=-248.5 length=200 success_rate=0.00 collisions/ep=1.11 (n=9)
update=49 global_step=100352 SPS=618 w_ev=0.171 m_ev=0.708 m_v_bias=-4.2 m_adv_std=13.2294 m_kl_max=0.0133 m_ratio_max=0.503 return=-211.4 length=200 success_rate=0.00 collisions/ep=0.20 (n=10)
update=50 global_step=102400 SPS=625 w_ev=0.163 m_ev=0.362 m_v_bias=7.3 m_adv_std=66.2293 m_kl_max=0.0138 m_ratio_max=0.472 return=-265.9 length=200 success_rate=0.00 collisions/ep=1.15 (n=13)
Evaluation at update 50: return=-216.83, length=200.00, success_rate=0.00, collisions/ep=0.00
Solved-check at update 50: solved=False worst_gap=1233.33 at p_x0=1.50 p_y0=1.00 (consecutive=0)
update=51 global_step=104448 SPS=594 w_ev=0.142 m_ev=0.565 m_v_bias=3.4 m_adv_std=33.0574 m_kl_max=0.0269 m_ratio_max=0.575 return=-251.8 length=200 success_rate=0.00 collisions/ep=0.75 (n=8)
update=52 global_step=106496 SPS=601 w_ev=0.199 m_ev=-1.171 m_v_bias=-9.4 m_adv_std=34.2178 m_kl_max=0.0345 m_ratio_max=0.840 return=-216.6 length=200 success_rate=0.00 collisions/ep=0.09 (n=11)
update=53 global_step=108544 SPS=608 w_ev=0.310 m_ev=-0.016 m_v_bias=5.4 m_adv_std=49.0153 m_kl_max=0.0070 m_ratio_max=0.499 return=-256.3 length=200 success_rate=0.00 collisions/ep=0.89 (n=9)
update=54 global_step=110592 SPS=614 w_ev=0.252 m_ev=-0.771 m_v_bias=-3.4 m_adv_std=9.8671 m_kl_max=0.0181 m_ratio_max=0.617 return=-223.0 length=200 success_rate=0.00 collisions/ep=0.08 (n=12)
update=55 global_step=112640 SPS=621 w_ev=0.324 m_ev=0.207 m_v_bias=28.6 m_adv_std=146.3738 m_kl_max=0.0115 m_ratio_max=0.834 return=-401.1 length=200 success_rate=0.00 collisions/ep=3.88 (n=8)
Evaluation at update 55: return=-221.20, length=200.00, success_rate=0.00, collisions/ep=0.00
Solved-check at update 55: solved=False worst_gap=1241.01 at p_x0=2.00 p_y0=-0.50 (consecutive=0)
update=56 global_step=114688 SPS=594 w_ev=0.228 m_ev=0.502 m_v_bias=-4.2 m_adv_std=37.7724 m_kl_max=0.0270 m_ratio_max=0.634 return=-211.4 length=200 success_rate=0.00 collisions/ep=0.00 (n=11)
update=57 global_step=116736 SPS=600 w_ev=0.276 m_ev=0.160 m_v_bias=-23.2 m_adv_std=48.4139 m_kl_max=0.0188 m_ratio_max=0.772 return=-246.9 length=200 success_rate=0.00 collisions/ep=0.73 (n=11)
update=58 global_step=118784 SPS=606 w_ev=0.213 m_ev=-1.184 m_v_bias=-4.8 m_adv_std=14.2389 m_kl_max=0.0327 m_ratio_max=0.729 return=-214.9 length=200 success_rate=0.00 collisions/ep=0.00 (n=10)
update=59 global_step=120832 SPS=612 w_ev=0.280 m_ev=0.580 m_v_bias=-2.4 m_adv_std=4.8954 m_kl_max=0.0247 m_ratio_max=0.854 return=-214.2 length=200 success_rate=0.00 collisions/ep=0.00 (n=10)
update=60 global_step=122880 SPS=618 w_ev=0.141 m_ev=0.763 m_v_bias=0.4 m_adv_std=10.4824 m_kl_max=0.0189 m_ratio_max=1.303 return=-211.8 length=200 success_rate=0.00 collisions/ep=0.00 (n=10)
Evaluation at update 60: return=-221.20, length=200.00, success_rate=0.00, collisions/ep=0.00
Solved-check at update 60: solved=False worst_gap=1241.01 at p_x0=2.00 p_y0=-0.50 (consecutive=0)
update=61 global_step=124928 SPS=592 w_ev=0.179 m_ev=0.494 m_v_bias=-2.2 m_adv_std=20.8562 m_kl_max=0.0051 m_ratio_max=0.367 return=-234.0 length=200 success_rate=0.00 collisions/ep=0.50 (n=12)
update=62 global_step=126976 SPS=598 w_ev=0.180 m_ev=0.448 m_v_bias=-0.7 m_adv_std=5.3183 m_kl_max=0.0238 m_ratio_max=1.018 return=-213.9 length=200 success_rate=0.00 collisions/ep=0.00 (n=8)
update=63 global_step=129024 SPS=603 w_ev=0.266 m_ev=0.229 m_v_bias=0.5 m_adv_std=9.4487 m_kl_max=0.0427 m_ratio_max=1.220 return=-215.3 length=200 success_rate=0.00 collisions/ep=0.09 (n=11)
update=64 global_step=131072 SPS=609 w_ev=0.076 m_ev=0.280 m_v_bias=24.7 m_adv_std=92.5931 m_kl_max=0.0053 m_ratio_max=0.274 return=-213.8 length=200 success_rate=0.00 collisions/ep=0.27 (n=11)
update=65 global_step=133120 SPS=614 w_ev=0.152 m_ev=0.638 m_v_bias=-3.6 m_adv_std=28.2400 m_kl_max=0.0244 m_ratio_max=0.701 return=-304.5 length=200 success_rate=0.00 collisions/ep=2.10 (n=10)
Evaluation at update 65: return=-221.20, length=200.00, success_rate=0.00, collisions/ep=0.00
Solved-check at update 65: solved=False worst_gap=1241.01 at p_x0=2.00 p_y0=0.50 (consecutive=0)
update=66 global_step=135168 SPS=592 w_ev=0.163 m_ev=0.181 m_v_bias=-2.2 m_adv_std=16.9002 m_kl_max=0.0224 m_ratio_max=0.738 return=-208.3 length=200 success_rate=0.00 collisions/ep=0.00 (n=10)
update=67 global_step=137216 SPS=597 w_ev=0.168 m_ev=0.654 m_v_bias=-0.5 m_adv_std=3.8993 m_kl_max=0.0124 m_ratio_max=0.627 return=-223.9 length=200 success_rate=0.00 collisions/ep=0.20 (n=10)
update=68 global_step=139264 SPS=602 w_ev=0.142 m_ev=0.499 m_v_bias=-2.3 m_adv_std=6.4337 m_kl_max=0.0294 m_ratio_max=1.145 return=-205.6 length=200 success_rate=0.00 collisions/ep=0.00 (n=12)
update=69 global_step=141312 SPS=607 w_ev=0.167 m_ev=0.271 m_v_bias=-0.3 m_adv_std=20.0788 m_kl_max=0.0126 m_ratio_max=0.992 return=-202.2 length=200 success_rate=0.00 collisions/ep=0.12 (n=8)
update=70 global_step=143360 SPS=612 w_ev=0.109 m_ev=0.230 m_v_bias=-1.4 m_adv_std=12.7167 m_kl_max=0.0065 m_ratio_max=0.469 return=-215.2 length=200 success_rate=0.00 collisions/ep=0.36 (n=11)
Evaluation at update 70: return=-183.61, length=200.00, success_rate=0.00, collisions/ep=0.00
Solved-check at update 70: solved=False worst_gap=1197.49 at p_x0=2.00 p_y0=1.00 (consecutive=0)
update=71 global_step=145408 SPS=591 w_ev=0.189 m_ev=0.415 m_v_bias=-1.7 m_adv_std=15.8607 m_kl_max=0.0284 m_ratio_max=0.937 return=-200.0 length=200 success_rate=0.00 collisions/ep=0.22 (n=9)
update=72 global_step=147456 SPS=596 w_ev=0.118 m_ev=0.272 m_v_bias=21.6 m_adv_std=122.1822 m_kl_max=0.0178 m_ratio_max=0.640 return=-301.1 length=200 success_rate=0.00 collisions/ep=2.33 (n=12)
update=73 global_step=149504 SPS=601 w_ev=0.161 m_ev=0.284 m_v_bias=9.3 m_adv_std=61.2124 m_kl_max=0.0377 m_ratio_max=1.388 return=-252.2 length=200 success_rate=0.00 collisions/ep=1.33 (n=9)
update=74 global_step=151552 SPS=606 w_ev=0.158 m_ev=0.460 m_v_bias=1.0 m_adv_std=13.7906 m_kl_max=0.0181 m_ratio_max=0.606 return=-239.5 length=200 success_rate=0.00 collisions/ep=0.70 (n=10)
update=75 global_step=153600 SPS=610 w_ev=0.151 m_ev=0.451 m_v_bias=7.8 m_adv_std=52.3050 m_kl_max=0.0140 m_ratio_max=0.516 return=-241.4 length=200 success_rate=0.00 collisions/ep=0.85 (n=13)
Evaluation at update 75: return=-210.88, length=200.00, success_rate=0.00, collisions/ep=0.00
Solved-check at update 75: solved=False worst_gap=1225.36 at p_x0=2.00 p_y0=1.00 (consecutive=0)
update=76 global_step=155648 SPS=592 w_ev=0.140 m_ev=0.552 m_v_bias=0.5 m_adv_std=46.5754 m_kl_max=0.0195 m_ratio_max=1.071 return=-285.7 length=200 success_rate=0.00 collisions/ep=1.88 (n=8)
update=77 global_step=157696 SPS=596 w_ev=0.156 m_ev=0.024 m_v_bias=-4.3 m_adv_std=13.0937 m_kl_max=0.0263 m_ratio_max=0.679 return=-206.1 length=200 success_rate=0.00 collisions/ep=0.00 (n=11)
update=78 global_step=159744 SPS=601 w_ev=0.228 m_ev=0.767 m_v_bias=1.4 m_adv_std=4.0161 m_kl_max=0.0415 m_ratio_max=1.413 return=-217.0 length=200 success_rate=0.00 collisions/ep=0.00 (n=9)
update=79 global_step=161792 SPS=606 w_ev=0.134 m_ev=0.412 m_v_bias=-3.7 m_adv_std=7.6242 m_kl_max=0.0253 m_ratio_max=0.898 return=-203.6 length=200 success_rate=0.00 collisions/ep=0.00 (n=12)
update=80 global_step=163840 SPS=610 w_ev=0.236 m_ev=0.535 m_v_bias=1.0 m_adv_std=19.5296 m_kl_max=0.0113 m_ratio_max=0.490 return=-231.3 length=200 success_rate=0.00 collisions/ep=0.62 (n=8)
Evaluation at update 80: return=-195.54, length=200.00, success_rate=0.00, collisions/ep=0.00
Solved-check at update 80: solved=False worst_gap=1212.18 at p_x0=2.00 p_y0=1.00 (consecutive=0)
update=81 global_step=165888 SPS=593 w_ev=0.261 m_ev=0.691 m_v_bias=-2.2 m_adv_std=5.6639 m_kl_max=0.0224 m_ratio_max=0.578 return=-201.0 length=200 success_rate=0.00 collisions/ep=0.00 (n=11)
update=82 global_step=167936 SPS=597 w_ev=0.219 m_ev=0.459 m_v_bias=-0.5 m_adv_std=8.5850 m_kl_max=0.0158 m_ratio_max=0.718 return=-198.5 length=200 success_rate=0.00 collisions/ep=0.09 (n=11)
update=83 global_step=169984 SPS=601 w_ev=0.309 m_ev=0.660 m_v_bias=-1.1 m_adv_std=7.0388 m_kl_max=0.0134 m_ratio_max=0.514 return=-194.4 length=200 success_rate=0.00 collisions/ep=0.00 (n=10)
update=84 global_step=172032 SPS=605 w_ev=0.293 m_ev=0.199 m_v_bias=23.2 m_adv_std=74.1496 m_kl_max=0.0194 m_ratio_max=0.725 return=-237.0 length=200 success_rate=0.00 collisions/ep=1.00 (n=10)
update=85 global_step=174080 SPS=609 w_ev=0.312 m_ev=0.176 m_v_bias=6.3 m_adv_std=110.6158 m_kl_max=0.0268 m_ratio_max=1.421 return=-408.8 length=200 success_rate=0.00 collisions/ep=4.50 (n=10)
Evaluation at update 85: return=-197.66, length=200.00, success_rate=0.00, collisions/ep=0.00
Solved-check at update 85: solved=False worst_gap=1215.91 at p_x0=2.00 p_y0=1.00 (consecutive=0)
update=86 global_step=176128 SPS=591 w_ev=0.384 m_ev=0.448 m_v_bias=0.5 m_adv_std=13.5049 m_kl_max=0.0152 m_ratio_max=0.572 return=-199.8 length=200 success_rate=0.00 collisions/ep=0.00 (n=12)
update=87 global_step=178176 SPS=595 w_ev=0.373 m_ev=-0.630 m_v_bias=-2.9 m_adv_std=14.4657 m_kl_max=0.0203 m_ratio_max=0.747 return=-208.3 length=200 success_rate=0.00 collisions/ep=0.12 (n=8)
update=88 global_step=180224 SPS=599 w_ev=0.308 m_ev=0.372 m_v_bias=-0.4 m_adv_std=5.0081 m_kl_max=0.0309 m_ratio_max=0.735 return=-202.3 length=200 success_rate=0.00 collisions/ep=0.00 (n=11)
update=89 global_step=182272 SPS=603 w_ev=0.194 m_ev=0.592 m_v_bias=2.8 m_adv_std=14.0270 m_kl_max=0.0161 m_ratio_max=0.609 return=-211.9 length=200 success_rate=0.00 collisions/ep=0.36 (n=11)
update=90 global_step=184320 SPS=607 w_ev=0.351 m_ev=0.329 m_v_bias=-3.2 m_adv_std=6.3234 m_kl_max=0.0259 m_ratio_max=1.097 return=-197.0 length=200 success_rate=0.00 collisions/ep=0.00 (n=10)
Evaluation at update 90: return=-185.42, length=200.00, success_rate=0.00, collisions/ep=0.00
Solved-check at update 90: solved=False worst_gap=1204.69 at p_x0=2.00 p_y0=1.00 (consecutive=0)
update=91 global_step=186368 SPS=591 w_ev=0.352 m_ev=0.302 m_v_bias=29.4 m_adv_std=122.8326 m_kl_max=0.0152 m_ratio_max=0.606 return=-306.8 length=200 success_rate=0.00 collisions/ep=2.40 (n=10)
update=92 global_step=188416 SPS=595 w_ev=0.352 m_ev=0.649 m_v_bias=-0.1 m_adv_std=31.1154 m_kl_max=0.0199 m_ratio_max=0.581 return=-188.6 length=200 success_rate=0.00 collisions/ep=0.10 (n=10)
update=93 global_step=190464 SPS=598 w_ev=0.325 m_ev=0.025 m_v_bias=-0.2 m_adv_std=17.6201 m_kl_max=0.0133 m_ratio_max=0.526 return=-203.2 length=200 success_rate=0.00 collisions/ep=0.17 (n=12)
update=94 global_step=192512 SPS=602 w_ev=0.289 m_ev=0.728 m_v_bias=0.9 m_adv_std=7.4257 m_kl_max=0.0189 m_ratio_max=0.480 return=-203.5 length=200 success_rate=0.00 collisions/ep=0.00 (n=8)
update=95 global_step=194560 SPS=606 w_ev=0.395 m_ev=-2.201 m_v_bias=-6.6 m_adv_std=16.6451 m_kl_max=0.0246 m_ratio_max=1.195 return=-199.3 length=200 success_rate=0.00 collisions/ep=0.09 (n=11)
Evaluation at update 95: return=-193.44, length=200.00, success_rate=0.00, collisions/ep=0.00
Solved-check at update 95: solved=False worst_gap=1212.80 at p_x0=2.00 p_y0=1.00 (consecutive=0)
update=96 global_step=196608 SPS=592 w_ev=0.272 m_ev=0.564 m_v_bias=-3.1 m_adv_std=4.1681 m_kl_max=0.0540 m_ratio_max=2.027 return=-191.7 length=200 success_rate=0.00 collisions/ep=0.00 (n=9)
update=97 global_step=198656 SPS=596 w_ev=0.365 m_ev=0.716 m_v_bias=-2.2 m_adv_std=3.3368 m_kl_max=0.0321 m_ratio_max=0.809 return=-188.8 length=200 success_rate=0.00 collisions/ep=0.00 (n=12)
update=98 global_step=200704 SPS=599 w_ev=0.277 m_ev=0.783 m_v_bias=-0.2 m_adv_std=11.4022 m_kl_max=0.0153 m_ratio_max=0.534 return=-183.6 length=200 success_rate=0.00 collisions/ep=0.00 (n=9)
update=99 global_step=202752 SPS=603 w_ev=0.252 m_ev=0.446 m_v_bias=-1.0 m_adv_std=13.2802 m_kl_max=0.0185 m_ratio_max=0.759 return=-213.9 length=200 success_rate=0.00 collisions/ep=0.60 (n=10)
update=100 global_step=204800 SPS=606 w_ev=0.318 m_ev=0.634 m_v_bias=-0.3 m_adv_std=6.2573 m_kl_max=0.0110 m_ratio_max=0.503 return=-189.5 length=200 success_rate=0.00 collisions/ep=0.08 (n=13)
Evaluation at update 100: return=-180.99, length=200.00, success_rate=0.00, collisions/ep=0.00
Solved-check at update 100: solved=False worst_gap=1201.04 at p_x0=2.00 p_y0=-0.50 (consecutive=0)
update=101 global_step=206848 SPS=592 w_ev=0.356 m_ev=0.434 m_v_bias=3.8 m_adv_std=17.5785 m_kl_max=0.0451 m_ratio_max=1.525 return=-188.7 length=200 success_rate=0.00 collisions/ep=0.12 (n=8)
update=102 global_step=208896 SPS=595 w_ev=0.391 m_ev=0.493 m_v_bias=-1.6 m_adv_std=9.3607 m_kl_max=0.0130 m_ratio_max=0.819 return=-200.8 length=200 success_rate=0.00 collisions/ep=0.36 (n=11)
update=103 global_step=210944 SPS=599 w_ev=0.259 m_ev=0.782 m_v_bias=0.4 m_adv_std=6.1108 m_kl_max=0.0134 m_ratio_max=0.701 return=-198.6 length=200 success_rate=0.00 collisions/ep=0.22 (n=9)
update=104 global_step=212992 SPS=602 w_ev=0.282 m_ev=0.854 m_v_bias=-1.3 m_adv_std=2.7165 m_kl_max=0.0285 m_ratio_max=0.959 return=-191.1 length=200 success_rate=0.00 collisions/ep=0.00 (n=12)
update=105 global_step=215040 SPS=605 w_ev=0.297 m_ev=0.791 m_v_bias=-2.6 m_adv_std=3.3356 m_kl_max=0.0243 m_ratio_max=0.820 return=-185.0 length=200 success_rate=0.00 collisions/ep=0.00 (n=8)
Evaluation at update 105: return=-181.11, length=200.00, success_rate=0.00, collisions/ep=0.00
Solved-check at update 105: solved=False worst_gap=1200.92 at p_x0=2.00 p_y0=-0.50 (consecutive=0)
update=106 global_step=217088 SPS=591 w_ev=0.389 m_ev=0.237 m_v_bias=6.5 m_adv_std=23.8508 m_kl_max=0.0405 m_ratio_max=0.895 return=-187.9 length=200 success_rate=0.00 collisions/ep=0.18 (n=11)
update=107 global_step=219136 SPS=595 w_ev=0.386 m_ev=0.227 m_v_bias=6.7 m_adv_std=54.8452 m_kl_max=0.0227 m_ratio_max=0.835 return=-260.6 length=200 success_rate=0.00 collisions/ep=1.55 (n=11)
update=108 global_step=221184 SPS=598 w_ev=0.452 m_ev=0.544 m_v_bias=0.6 m_adv_std=9.4673 m_kl_max=0.0168 m_ratio_max=0.491 return=-194.7 length=200 success_rate=0.00 collisions/ep=0.10 (n=10)
update=109 global_step=223232 SPS=601 w_ev=0.461 m_ev=0.442 m_v_bias=-0.1 m_adv_std=7.6754 m_kl_max=0.0086 m_ratio_max=0.430 return=-187.8 length=200 success_rate=0.00 collisions/ep=0.10 (n=10)
update=110 global_step=225280 SPS=605 w_ev=0.372 m_ev=0.397 m_v_bias=3.7 m_adv_std=12.6768 m_kl_max=0.0146 m_ratio_max=0.433 return=-197.9 length=200 success_rate=0.00 collisions/ep=0.20 (n=10)
Evaluation at update 110: return=-189.70, length=200.00, success_rate=0.00, collisions/ep=0.00
Solved-check at update 110: solved=False worst_gap=1209.87 at p_x0=2.00 p_y0=0.00 (consecutive=0)
update=111 global_step=227328 SPS=591 w_ev=0.456 m_ev=0.155 m_v_bias=1.4 m_adv_std=22.0568 m_kl_max=0.0153 m_ratio_max=1.084 return=-201.8 length=200 success_rate=0.00 collisions/ep=0.25 (n=12)
update=112 global_step=229376 SPS=594 w_ev=0.443 m_ev=0.115 m_v_bias=-1.7 m_adv_std=9.6187 m_kl_max=0.0273 m_ratio_max=0.932 return=-221.8 length=200 success_rate=0.00 collisions/ep=0.75 (n=8)
update=113 global_step=231424 SPS=597 w_ev=0.447 m_ev=0.597 m_v_bias=-2.1 m_adv_std=6.0170 m_kl_max=0.0192 m_ratio_max=0.600 return=-197.6 length=200 success_rate=0.00 collisions/ep=0.18 (n=11)
update=114 global_step=233472 SPS=600 w_ev=0.402 m_ev=0.267 m_v_bias=-0.3 m_adv_std=11.9031 m_kl_max=0.0192 m_ratio_max=1.031 return=-199.0 length=200 success_rate=0.00 collisions/ep=0.18 (n=11)
update=115 global_step=235520 SPS=603 w_ev=0.369 m_ev=0.275 m_v_bias=0.2 m_adv_std=8.4062 m_kl_max=0.0066 m_ratio_max=0.407 return=-196.3 length=200 success_rate=0.00 collisions/ep=0.20 (n=10)
Evaluation at update 115: return=-186.07, length=200.00, success_rate=0.00, collisions/ep=0.00
Solved-check at update 115: solved=False worst_gap=1206.49 at p_x0=2.00 p_y0=0.00 (consecutive=0)
update=116 global_step=237568 SPS=591 w_ev=0.433 m_ev=0.838 m_v_bias=-1.4 m_adv_std=2.2375 m_kl_max=0.0497 m_ratio_max=1.217 return=-181.9 length=200 success_rate=0.00 collisions/ep=0.00 (n=10)
update=117 global_step=239616 SPS=594 w_ev=0.469 m_ev=0.807 m_v_bias=-1.1 m_adv_std=4.4828 m_kl_max=0.0120 m_ratio_max=0.511 return=-179.5 length=200 success_rate=0.00 collisions/ep=0.00 (n=10)
update=118 global_step=241664 SPS=597 w_ev=0.420 m_ev=0.209 m_v_bias=0.6 m_adv_std=13.0612 m_kl_max=0.0202 m_ratio_max=0.937 return=-198.9 length=200 success_rate=0.00 collisions/ep=0.33 (n=12)
update=119 global_step=243712 SPS=600 w_ev=0.339 m_ev=0.727 m_v_bias=-2.7 m_adv_std=3.5913 m_kl_max=0.0287 m_ratio_max=0.737 return=-186.3 length=200 success_rate=0.00 collisions/ep=0.00 (n=8)
update=120 global_step=245760 SPS=602 w_ev=0.381 m_ev=0.831 m_v_bias=-2.4 m_adv_std=2.4280 m_kl_max=0.0539 m_ratio_max=1.391 return=-178.8 length=200 success_rate=0.00 collisions/ep=0.00 (n=11)
Evaluation at update 120: return=-176.58, length=200.00, success_rate=0.00, collisions/ep=0.00
Solved-check at update 120: solved=False worst_gap=1196.48 at p_x0=2.00 p_y0=1.00 (consecutive=0)
update=121 global_step=247808 SPS=591 w_ev=0.458 m_ev=0.355 m_v_bias=3.1 m_adv_std=13.4983 m_kl_max=0.0118 m_ratio_max=0.429 return=-195.6 length=200 success_rate=0.00 collisions/ep=0.44 (n=9)
update=122 global_step=249856 SPS=594 w_ev=0.420 m_ev=0.556 m_v_bias=1.3 m_adv_std=9.8305 m_kl_max=0.0550 m_ratio_max=1.481 return=-187.4 length=200 success_rate=0.00 collisions/ep=0.17 (n=12)
update=123 global_step=251904 SPS=597 w_ev=0.354 m_ev=0.310 m_v_bias=-0.2 m_adv_std=13.4691 m_kl_max=0.0140 m_ratio_max=0.491 return=-196.3 length=200 success_rate=0.00 collisions/ep=0.44 (n=9)
update=124 global_step=253952 SPS=600 w_ev=0.379 m_ev=0.500 m_v_bias=1.1 m_adv_std=10.7354 m_kl_max=0.0298 m_ratio_max=0.828 return=-179.9 length=200 success_rate=0.00 collisions/ep=0.00 (n=10)
update=125 global_step=256000 SPS=602 w_ev=0.389 m_ev=0.211 m_v_bias=0.0 m_adv_std=13.6371 m_kl_max=0.0231 m_ratio_max=1.102 return=-206.2 length=200 success_rate=0.00 collisions/ep=0.46 (n=13)
Evaluation at update 125: return=-178.91, length=200.00, success_rate=0.00, collisions/ep=0.00
Solved-check at update 125: solved=False worst_gap=1198.72 at p_x0=2.00 p_y0=1.00 (consecutive=0)
update=126 global_step=258048 SPS=591 w_ev=0.405 m_ev=0.118 m_v_bias=8.2 m_adv_std=31.3933 m_kl_max=0.0202 m_ratio_max=0.941 return=-218.5 length=200 success_rate=0.00 collisions/ep=0.88 (n=8)
update=127 global_step=260096 SPS=594 w_ev=0.286 m_ev=0.033 m_v_bias=8.7 m_adv_std=42.3759 m_kl_max=0.0187 m_ratio_max=0.581 return=-240.7 length=200 success_rate=0.00 collisions/ep=1.18 (n=11)
update=128 global_step=262144 SPS=596 w_ev=0.339 m_ev=0.535 m_v_bias=-6.7 m_adv_std=8.1881 m_kl_max=0.0101 m_ratio_max=0.545 return=-183.0 length=200 success_rate=0.00 collisions/ep=0.00 (n=9)
update=129 global_step=264192 SPS=599 w_ev=0.402 m_ev=0.349 m_v_bias=-2.6 m_adv_std=12.4128 m_kl_max=0.0165 m_ratio_max=0.613 return=-195.6 length=200 success_rate=0.00 collisions/ep=0.33 (n=12)
update=130 global_step=266240 SPS=602 w_ev=0.330 m_ev=0.512 m_v_bias=-2.6 m_adv_std=10.5786 m_kl_max=0.0258 m_ratio_max=1.517 return=-193.6 length=200 success_rate=0.00 collisions/ep=0.25 (n=8)
Evaluation at update 130: return=-181.50, length=200.00, success_rate=0.00, collisions/ep=0.00
Solved-check at update 130: solved=False worst_gap=1201.31 at p_x0=2.00 p_y0=1.00 (consecutive=0)
update=131 global_step=268288 SPS=590 w_ev=0.347 m_ev=0.770 m_v_bias=-2.6 m_adv_std=3.4493 m_kl_max=0.0180 m_ratio_max=0.739 return=-182.2 length=200 success_rate=0.00 collisions/ep=0.00 (n=11)
update=132 global_step=270336 SPS=593 w_ev=0.309 m_ev=0.397 m_v_bias=-0.8 m_adv_std=7.2722 m_kl_max=0.0274 m_ratio_max=1.469 return=-185.6 length=200 success_rate=0.00 collisions/ep=0.00 (n=11)
update=133 global_step=272384 SPS=595 w_ev=0.351 m_ev=0.459 m_v_bias=0.4 m_adv_std=7.4884 m_kl_max=0.0205 m_ratio_max=0.610 return=-192.8 length=200 success_rate=0.00 collisions/ep=0.30 (n=10)
update=134 global_step=274432 SPS=598 w_ev=0.274 m_ev=0.896 m_v_bias=-2.6 m_adv_std=2.3205 m_kl_max=0.0356 m_ratio_max=1.255 return=-182.0 length=200 success_rate=0.00 collisions/ep=0.00 (n=10)
update=135 global_step=276480 SPS=600 w_ev=0.399 m_ev=0.506 m_v_bias=-0.1 m_adv_std=7.2152 m_kl_max=0.0259 m_ratio_max=0.868 return=-188.0 length=200 success_rate=0.00 collisions/ep=0.20 (n=10)
Evaluation at update 135: return=-179.40, length=200.00, success_rate=0.00, collisions/ep=0.00
Solved-check at update 135: solved=False worst_gap=1199.21 at p_x0=2.00 p_y0=0.50 (consecutive=0)
update=136 global_step=278528 SPS=590 w_ev=0.431 m_ev=0.381 m_v_bias=1.1 m_adv_std=10.5421 m_kl_max=0.0138 m_ratio_max=0.539 return=-186.6 length=200 success_rate=0.00 collisions/ep=0.17 (n=12)
update=137 global_step=280576 SPS=592 w_ev=0.300 m_ev=0.281 m_v_bias=2.3 m_adv_std=13.5211 m_kl_max=0.0107 m_ratio_max=0.589 return=-193.2 length=200 success_rate=0.00 collisions/ep=0.38 (n=8)
update=138 global_step=282624 SPS=595 w_ev=0.404 m_ev=0.555 m_v_bias=-3.0 m_adv_std=5.9831 m_kl_max=0.0143 m_ratio_max=0.634 return=-190.7 length=200 success_rate=0.00 collisions/ep=0.27 (n=11)
update=139 global_step=284672 SPS=597 w_ev=0.398 m_ev=0.061 m_v_bias=0.9 m_adv_std=23.5781 m_kl_max=0.0194 m_ratio_max=0.762 return=-176.3 length=200 success_rate=0.00 collisions/ep=0.00 (n=11)
update=140 global_step=286720 SPS=600 w_ev=0.318 m_ev=0.575 m_v_bias=-2.0 m_adv_std=6.5910 m_kl_max=0.0123 m_ratio_max=0.452 return=-197.0 length=200 success_rate=0.00 collisions/ep=0.40 (n=10)
Evaluation at update 140: return=-178.44, length=200.00, success_rate=0.00, collisions/ep=0.00
Solved-check at update 140: solved=False worst_gap=1198.24 at p_x0=2.00 p_y0=-1.00 (consecutive=0)
update=141 global_step=288768 SPS=589 w_ev=0.154 m_ev=0.105 m_v_bias=0.5 m_adv_std=17.1850 m_kl_max=0.0191 m_ratio_max=0.560 return=-183.3 length=200 success_rate=0.00 collisions/ep=0.10 (n=10)
update=142 global_step=290816 SPS=591 w_ev=0.222 m_ev=0.467 m_v_bias=-2.1 m_adv_std=6.7896 m_kl_max=0.0214 m_ratio_max=0.603 return=-190.0 length=200 success_rate=0.00 collisions/ep=0.30 (n=10)
update=143 global_step=292864 SPS=594 w_ev=0.291 m_ev=0.334 m_v_bias=2.9 m_adv_std=15.4389 m_kl_max=0.0232 m_ratio_max=0.705 return=-206.3 length=200 success_rate=0.00 collisions/ep=0.58 (n=12)
update=144 global_step=294912 SPS=596 w_ev=0.286 m_ev=0.283 m_v_bias=0.9 m_adv_std=9.6110 m_kl_max=0.0171 m_ratio_max=0.566 return=-188.9 length=200 success_rate=0.00 collisions/ep=0.25 (n=8)
update=145 global_step=296960 SPS=599 w_ev=0.243 m_ev=0.833 m_v_bias=-2.7 m_adv_std=2.8639 m_kl_max=0.0225 m_ratio_max=0.599 return=-180.1 length=200 success_rate=0.00 collisions/ep=0.00 (n=11)
Evaluation at update 145: return=-178.99, length=200.00, success_rate=0.00, collisions/ep=0.00
Solved-check at update 145: solved=False worst_gap=1198.80 at p_x0=2.00 p_y0=-1.00 (consecutive=0)
update=146 global_step=299008 SPS=588 w_ev=0.280 m_ev=0.913 m_v_bias=-2.0 m_adv_std=2.1104 m_kl_max=0.0325 m_ratio_max=1.034 return=-176.1 length=200 success_rate=0.00 collisions/ep=0.00 (n=9)
update=147 global_step=301056 SPS=591 w_ev=0.255 m_ev=0.936 m_v_bias=-1.9 m_adv_std=1.7577 m_kl_max=0.0366 m_ratio_max=1.147 return=-176.7 length=200 success_rate=0.00 collisions/ep=0.00 (n=12)
update=148 global_step=303104 SPS=593 w_ev=0.314 m_ev=0.246 m_v_bias=5.5 m_adv_std=14.9502 m_kl_max=0.0456 m_ratio_max=1.410 return=-204.8 length=200 success_rate=0.00 collisions/ep=0.56 (n=9)
update=149 global_step=305152 SPS=595 w_ev=0.294 m_ev=0.533 m_v_bias=-2.2 m_adv_std=6.7456 m_kl_max=0.0171 m_ratio_max=0.621 return=-184.0 length=200 success_rate=0.00 collisions/ep=0.10 (n=10)
update=150 global_step=307200 SPS=598 w_ev=0.214 m_ev=0.416 m_v_bias=1.0 m_adv_std=9.7787 m_kl_max=0.0168 m_ratio_max=1.101 return=-194.7 length=200 success_rate=0.00 collisions/ep=0.31 (n=13)
Evaluation at update 150: return=-178.17, length=200.00, success_rate=0.00, collisions/ep=0.00
Solved-check at update 150: solved=False worst_gap=1198.00 at p_x0=2.00 p_y0=-0.50 (consecutive=0)
update=151 global_step=309248 SPS=588 w_ev=0.308 m_ev=0.373 m_v_bias=0.0 m_adv_std=9.1921 m_kl_max=0.0405 m_ratio_max=1.543 return=-185.5 length=200 success_rate=0.00 collisions/ep=0.12 (n=8)
update=152 global_step=311296 SPS=590 w_ev=0.161 m_ev=0.172 m_v_bias=3.5 m_adv_std=18.8654 m_kl_max=0.0094 m_ratio_max=0.413 return=-211.8 length=200 success_rate=0.00 collisions/ep=0.73 (n=11)
update=153 global_step=313344 SPS=593 w_ev=0.253 m_ev=0.452 m_v_bias=-3.0 m_adv_std=8.4121 m_kl_max=0.0113 m_ratio_max=0.715 return=-191.0 length=200 success_rate=0.00 collisions/ep=0.22 (n=9)
update=154 global_step=315392 SPS=595 w_ev=0.234 m_ev=0.437 m_v_bias=-0.4 m_adv_std=11.4162 m_kl_max=0.0094 m_ratio_max=0.748 return=-187.0 length=200 success_rate=0.00 collisions/ep=0.17 (n=12)
update=155 global_step=317440 SPS=597 w_ev=0.132 m_ev=0.716 m_v_bias=-2.3 m_adv_std=3.3177 m_kl_max=0.0291 m_ratio_max=0.984 return=-177.0 length=200 success_rate=0.00 collisions/ep=0.00 (n=8)
Evaluation at update 155: return=-179.15, length=200.00, success_rate=0.00, collisions/ep=0.00
Solved-check at update 155: solved=False worst_gap=1198.95 at p_x0=2.00 p_y0=-1.00 (consecutive=0)
update=156 global_step=319488 SPS=587 w_ev=0.194 m_ev=0.930 m_v_bias=-1.8 m_adv_std=1.8814 m_kl_max=0.0304 m_ratio_max=0.631 return=-181.0 length=200 success_rate=0.00 collisions/ep=0.00 (n=11)
update=157 global_step=321536 SPS=589 w_ev=0.273 m_ev=0.498 m_v_bias=-0.7 m_adv_std=5.7481 m_kl_max=0.0269 m_ratio_max=0.844 return=-174.1 length=200 success_rate=0.00 collisions/ep=0.00 (n=11)
update=158 global_step=323584 SPS=592 w_ev=0.274 m_ev=0.081 m_v_bias=3.5 m_adv_std=26.3546 m_kl_max=0.0239 m_ratio_max=0.898 return=-191.4 length=200 success_rate=0.00 collisions/ep=0.30 (n=10)
update=159 global_step=325632 SPS=594 w_ev=0.267 m_ev=0.714 m_v_bias=-1.7 m_adv_std=3.7782 m_kl_max=0.0160 m_ratio_max=0.683 return=-200.3 length=200 success_rate=0.00 collisions/ep=0.50 (n=10)
update=160 global_step=327680 SPS=596 w_ev=0.243 m_ev=0.169 m_v_bias=8.9 m_adv_std=21.4602 m_kl_max=0.0193 m_ratio_max=0.756 return=-212.2 length=200 success_rate=0.00 collisions/ep=0.80 (n=10)
Evaluation at update 160: return=-177.26, length=200.00, success_rate=0.00, collisions/ep=0.00
Solved-check at update 160: solved=False worst_gap=1197.13 at p_x0=2.00 p_y0=0.50 (consecutive=0)
update=161 global_step=329728 SPS=587 w_ev=0.237 m_ev=0.379 m_v_bias=-1.8 m_adv_std=8.9879 m_kl_max=0.0197 m_ratio_max=0.969 return=-188.8 length=200 success_rate=0.00 collisions/ep=0.25 (n=12)
update=162 global_step=331776 SPS=589 w_ev=0.313 m_ev=0.534 m_v_bias=-2.3 m_adv_std=7.8734 m_kl_max=0.0539 m_ratio_max=1.204 return=-184.5 length=200 success_rate=0.00 collisions/ep=0.25 (n=8)
update=163 global_step=333824 SPS=591 w_ev=0.302 m_ev=0.232 m_v_bias=1.6 m_adv_std=15.9642 m_kl_max=0.0180 m_ratio_max=0.842 return=-205.0 length=200 success_rate=0.00 collisions/ep=0.64 (n=11)
update=164 global_step=335872 SPS=593 w_ev=0.299 m_ev=0.515 m_v_bias=-2.2 m_adv_std=7.5552 m_kl_max=0.0218 m_ratio_max=0.515 return=-187.2 length=200 success_rate=0.00 collisions/ep=0.18 (n=11)
update=165 global_step=337920 SPS=596 w_ev=0.313 m_ev=0.246 m_v_bias=2.1 m_adv_std=12.1588 m_kl_max=0.0238 m_ratio_max=1.789 return=-200.8 length=200 success_rate=0.00 collisions/ep=0.40 (n=10)
Evaluation at update 165: return=-178.73, length=200.00, success_rate=0.00, collisions/ep=0.00
Solved-check at update 165: solved=False worst_gap=1198.54 at p_x0=2.00 p_y0=-1.00 (consecutive=0)
update=166 global_step=339968 SPS=588 w_ev=0.341 m_ev=0.112 m_v_bias=2.2 m_adv_std=18.9539 m_kl_max=0.0143 m_ratio_max=0.492 return=-193.4 length=200 success_rate=0.00 collisions/ep=0.20 (n=10)
update=167 global_step=342016 SPS=590 w_ev=0.289 m_ev=0.583 m_v_bias=-2.8 m_adv_std=5.9474 m_kl_max=0.0264 m_ratio_max=0.743 return=-200.2 length=200 success_rate=0.00 collisions/ep=0.40 (n=10)
update=168 global_step=344064 SPS=591 w_ev=0.277 m_ev=0.587 m_v_bias=-1.8 m_adv_std=6.6362 m_kl_max=0.0211 m_ratio_max=0.681 return=-183.8 length=200 success_rate=0.00 collisions/ep=0.08 (n=12)
update=169 global_step=346112 SPS=593 w_ev=0.346 m_ev=0.939 m_v_bias=-2.4 m_adv_std=1.7411 m_kl_max=0.0435 m_ratio_max=0.791 return=-175.3 length=200 success_rate=0.00 collisions/ep=0.00 (n=8)
update=170 global_step=348160 SPS=595 w_ev=0.251 m_ev=0.210 m_v_bias=5.0 m_adv_std=19.4899 m_kl_max=0.0236 m_ratio_max=1.311 return=-218.0 length=200 success_rate=0.00 collisions/ep=0.82 (n=11)
Evaluation at update 170: return=-177.29, length=200.00, success_rate=0.00, collisions/ep=0.00
Solved-check at update 170: solved=False worst_gap=1197.10 at p_x0=2.00 p_y0=-1.00 (consecutive=0)
update=171 global_step=350208 SPS=587 w_ev=0.295 m_ev=0.393 m_v_bias=-1.1 m_adv_std=7.0843 m_kl_max=0.0129 m_ratio_max=0.638 return=-184.7 length=200 success_rate=0.00 collisions/ep=0.11 (n=9)
update=172 global_step=352256 SPS=589 w_ev=0.393 m_ev=0.597 m_v_bias=-1.8 m_adv_std=5.7255 m_kl_max=0.0101 m_ratio_max=0.602 return=-182.2 length=200 success_rate=0.00 collisions/ep=0.08 (n=12)
update=173 global_step=354304 SPS=591 w_ev=0.240 m_ev=0.183 m_v_bias=1.2 m_adv_std=12.4952 m_kl_max=0.0154 m_ratio_max=0.617 return=-182.7 length=200 success_rate=0.00 collisions/ep=0.11 (n=9)
update=174 global_step=356352 SPS=593 w_ev=0.270 m_ev=0.141 m_v_bias=5.8 m_adv_std=20.4533 m_kl_max=0.0240 m_ratio_max=1.003 return=-186.2 length=200 success_rate=0.00 collisions/ep=0.20 (n=10)
update=175 global_step=358400 SPS=595 w_ev=0.263 m_ev=0.029 m_v_bias=0.3 m_adv_std=19.0053 m_kl_max=0.0119 m_ratio_max=0.555 return=-200.1 length=200 success_rate=0.00 collisions/ep=0.46 (n=13)
Evaluation at update 175: return=-178.09, length=200.00, success_rate=0.00, collisions/ep=0.00
Solved-check at update 175: solved=False worst_gap=1197.90 at p_x0=2.00 p_y0=0.00 (consecutive=0)
update=176 global_step=360448 SPS=587 w_ev=0.274 m_ev=0.516 m_v_bias=-2.8 m_adv_std=6.6098 m_kl_max=0.0138 m_ratio_max=0.565 return=-207.7 length=200 success_rate=0.00 collisions/ep=0.62 (n=8)
update=177 global_step=362496 SPS=589 w_ev=0.280 m_ev=0.102 m_v_bias=6.0 m_adv_std=33.0561 m_kl_max=0.0157 m_ratio_max=0.680 return=-207.3 length=200 success_rate=0.00 collisions/ep=0.73 (n=11)
update=178 global_step=364544 SPS=591 w_ev=0.257 m_ev=0.321 m_v_bias=-0.7 m_adv_std=9.3122 m_kl_max=0.0404 m_ratio_max=1.025 return=-177.0 length=200 success_rate=0.00 collisions/ep=0.00 (n=9)
update=179 global_step=366592 SPS=593 w_ev=0.257 m_ev=0.551 m_v_bias=-2.5 m_adv_std=6.3043 m_kl_max=0.0180 m_ratio_max=0.613 return=-191.8 length=200 success_rate=0.00 collisions/ep=0.25 (n=12)
update=180 global_step=368640 SPS=594 w_ev=0.170 m_ev=0.903 m_v_bias=-3.0 m_adv_std=1.9069 m_kl_max=0.0363 m_ratio_max=1.054 return=-179.8 length=200 success_rate=0.00 collisions/ep=0.00 (n=8)
Evaluation at update 180: return=-178.72, length=200.00, success_rate=0.00, collisions/ep=0.00
Solved-check at update 180: solved=False worst_gap=1198.53 at p_x0=2.00 p_y0=-0.50 (consecutive=0)
update=181 global_step=370688 SPS=587 w_ev=0.255 m_ev=0.175 m_v_bias=4.1 m_adv_std=17.7008 m_kl_max=0.0384 m_ratio_max=1.823 return=-183.7 length=200 success_rate=0.00 collisions/ep=0.09 (n=11)
update=182 global_step=372736 SPS=588 w_ev=0.292 m_ev=0.893 m_v_bias=-3.5 m_adv_std=2.1760 m_kl_max=0.0212 m_ratio_max=0.759 return=-195.4 length=200 success_rate=0.00 collisions/ep=0.36 (n=11)
update=183 global_step=374784 SPS=590 w_ev=0.302 m_ev=0.931 m_v_bias=-2.2 m_adv_std=1.7790 m_kl_max=0.0514 m_ratio_max=3.243 return=-175.9 length=200 success_rate=0.00 collisions/ep=0.00 (n=10)
update=184 global_step=376832 SPS=592 w_ev=0.287 m_ev=0.062 m_v_bias=3.4 m_adv_std=20.6331 m_kl_max=0.0179 m_ratio_max=0.516 return=-193.4 length=200 success_rate=0.00 collisions/ep=0.30 (n=10)
update=185 global_step=378880 SPS=594 w_ev=0.309 m_ev=0.860 m_v_bias=-3.5 m_adv_std=2.5680 m_kl_max=0.0359 m_ratio_max=1.321 return=-184.4 length=200 success_rate=0.00 collisions/ep=0.20 (n=10)
Evaluation at update 185: return=-178.19, length=200.00, success_rate=0.00, collisions/ep=0.00
Solved-check at update 185: solved=False worst_gap=1198.00 at p_x0=2.00 p_y0=-1.00 (consecutive=0)
update=186 global_step=380928 SPS=587 w_ev=0.325 m_ev=0.355 m_v_bias=2.9 m_adv_std=11.1199 m_kl_max=0.0174 m_ratio_max=0.555 return=-191.1 length=200 success_rate=0.00 collisions/ep=0.25 (n=12)
update=187 global_step=382976 SPS=588 w_ev=0.261 m_ev=0.594 m_v_bias=-1.7 m_adv_std=5.9350 m_kl_max=0.0304 m_ratio_max=0.975 return=-185.3 length=200 success_rate=0.00 collisions/ep=0.12 (n=8)
update=188 global_step=385024 SPS=590 w_ev=0.314 m_ev=0.905 m_v_bias=-2.5 m_adv_std=2.0736 m_kl_max=0.0189 m_ratio_max=0.629 return=-180.1 length=200 success_rate=0.00 collisions/ep=0.09 (n=11)
update=189 global_step=387072 SPS=592 w_ev=0.326 m_ev=0.266 m_v_bias=-0.1 m_adv_std=10.4466 m_kl_max=0.0129 m_ratio_max=0.659 return=-187.0 length=200 success_rate=0.00 collisions/ep=0.18 (n=11)
update=190 global_step=389120 SPS=594 w_ev=0.332 m_ev=0.423 m_v_bias=-0.1 m_adv_std=9.9757 m_kl_max=0.0255 m_ratio_max=1.016 return=-190.5 length=200 success_rate=0.00 collisions/ep=0.30 (n=10)
Evaluation at update 190: return=-178.33, length=200.00, success_rate=0.00, collisions/ep=0.00
Solved-check at update 190: solved=False worst_gap=1198.14 at p_x0=2.00 p_y0=0.50 (consecutive=0)
update=191 global_step=391168 SPS=586 w_ev=0.278 m_ev=0.264 m_v_bias=2.2 m_adv_std=12.2391 m_kl_max=0.0229 m_ratio_max=0.570 return=-193.5 length=200 success_rate=0.00 collisions/ep=0.30 (n=10)
update=192 global_step=393216 SPS=588 w_ev=0.262 m_ev=0.265 m_v_bias=2.2 m_adv_std=13.6785 m_kl_max=0.0239 m_ratio_max=0.717 return=-194.3 length=200 success_rate=0.00 collisions/ep=0.20 (n=10)
update=193 global_step=395264 SPS=590 w_ev=0.328 m_ev=0.738 m_v_bias=-3.6 m_adv_std=3.4895 m_kl_max=0.0177 m_ratio_max=0.542 return=-181.3 length=200 success_rate=0.00 collisions/ep=0.17 (n=12)
update=194 global_step=397312 SPS=592 w_ev=0.264 m_ev=0.530 m_v_bias=-0.6 m_adv_std=6.2881 m_kl_max=0.0124 m_ratio_max=0.757 return=-179.4 length=200 success_rate=0.00 collisions/ep=0.00 (n=8)
update=195 global_step=399360 SPS=594 w_ev=0.239 m_ev=0.353 m_v_bias=1.7 m_adv_std=10.0138 m_kl_max=0.0151 m_ratio_max=0.723 return=-192.9 length=200 success_rate=0.00 collisions/ep=0.36 (n=11)
Evaluation at update 195: return=-178.15, length=200.00, success_rate=0.00, collisions/ep=0.00
Solved-check at update 195: solved=False worst_gap=1197.96 at p_x0=2.00 p_y0=-0.50 (consecutive=0)
update=196 global_step=401408 SPS=587 w_ev=0.225 m_ev=0.856 m_v_bias=-3.0 m_adv_std=2.2980 m_kl_max=0.0320 m_ratio_max=0.672 return=-176.0 length=200 success_rate=0.00 collisions/ep=0.00 (n=9)
update=197 global_step=403456 SPS=589 w_ev=0.353 m_ev=0.632 m_v_bias=-1.2 m_adv_std=5.6242 m_kl_max=0.0362 m_ratio_max=1.938 return=-179.7 length=200 success_rate=0.00 collisions/ep=0.08 (n=12)
update=198 global_step=405504 SPS=591 w_ev=0.342 m_ev=0.013 m_v_bias=12.9 m_adv_std=72.3786 m_kl_max=0.0166 m_ratio_max=0.788 return=-176.0 length=200 success_rate=0.00 collisions/ep=0.00 (n=9)
update=199 global_step=407552 SPS=592 w_ev=0.285 m_ev=0.120 m_v_bias=0.3 m_adv_std=19.2779 m_kl_max=0.0187 m_ratio_max=0.830 return=-259.2 length=200 success_rate=0.00 collisions/ep=1.60 (n=10)
update=200 global_step=409600 SPS=594 w_ev=0.279 m_ev=0.797 m_v_bias=-5.2 m_adv_std=3.1112 m_kl_max=0.0219 m_ratio_max=0.719 return=-179.1 length=200 success_rate=0.00 collisions/ep=0.00 (n=13)
Evaluation at update 200: return=-177.12, length=200.00, success_rate=0.00, collisions/ep=0.00
Solved-check at update 200: solved=False worst_gap=1197.09 at p_x0=2.00 p_y0=1.00 (consecutive=0)
update=201 global_step=411648 SPS=587 w_ev=0.240 m_ev=0.001 m_v_bias=2.6 m_adv_std=32.2567 m_kl_max=0.0161 m_ratio_max=0.995 return=-218.1 length=200 success_rate=0.00 collisions/ep=0.75 (n=8)
update=202 global_step=413696 SPS=589 w_ev=0.280 m_ev=0.285 m_v_bias=-3.4 m_adv_std=10.5910 m_kl_max=0.0204 m_ratio_max=0.717 return=-197.8 length=200 success_rate=0.00 collisions/ep=0.45 (n=11)
update=203 global_step=415744 SPS=591 w_ev=0.259 m_ev=0.552 m_v_bias=-1.9 m_adv_std=6.2046 m_kl_max=0.0162 m_ratio_max=0.897 return=-180.0 length=200 success_rate=0.00 collisions/ep=0.11 (n=9)
update=204 global_step=417792 SPS=593 w_ev=0.366 m_ev=0.540 m_v_bias=-0.0 m_adv_std=7.7200 m_kl_max=0.0324 m_ratio_max=0.828 return=-184.5 length=200 success_rate=0.00 collisions/ep=0.17 (n=12)
update=205 global_step=419840 SPS=594 w_ev=0.349 m_ev=0.109 m_v_bias=3.8 m_adv_std=19.9983 m_kl_max=0.0295 m_ratio_max=0.833 return=-180.3 length=200 success_rate=0.00 collisions/ep=0.12 (n=8)
Evaluation at update 205: return=-177.76, length=200.00, success_rate=0.00, collisions/ep=0.00
Solved-check at update 205: solved=False worst_gap=1197.56 at p_x0=2.00 p_y0=0.00 (consecutive=0)
update=206 global_step=421888 SPS=588 w_ev=0.324 m_ev=0.661 m_v_bias=-1.4 m_adv_std=6.1004 m_kl_max=0.0148 m_ratio_max=0.506 return=-198.4 length=200 success_rate=0.00 collisions/ep=0.45 (n=11)
update=207 global_step=423936 SPS=589 w_ev=0.300 m_ev=0.147 m_v_bias=8.6 m_adv_std=26.6805 m_kl_max=0.0223 m_ratio_max=0.853 return=-200.4 length=200 success_rate=0.00 collisions/ep=0.55 (n=11)
update=208 global_step=425984 SPS=591 w_ev=0.285 m_ev=0.324 m_v_bias=-4.6 m_adv_std=7.5693 m_kl_max=0.0123 m_ratio_max=0.749 return=-196.4 length=200 success_rate=0.00 collisions/ep=0.40 (n=10)
update=209 global_step=428032 SPS=593 w_ev=0.338 m_ev=0.879 m_v_bias=-4.1 m_adv_std=2.4607 m_kl_max=0.0364 m_ratio_max=2.495 return=-174.5 length=200 success_rate=0.00 collisions/ep=0.00 (n=10)
update=210 global_step=430080 SPS=595 w_ev=0.210 m_ev=0.210 m_v_bias=-1.4 m_adv_std=10.8543 m_kl_max=0.0196 m_ratio_max=0.589 return=-174.5 length=200 success_rate=0.00 collisions/ep=0.00 (n=10)
Evaluation at update 210: return=-177.15, length=200.00, success_rate=0.00, collisions/ep=0.00
Solved-check at update 210: solved=False worst_gap=1196.93 at p_x0=2.00 p_y0=0.00 (consecutive=0)
update=211 global_step=432128 SPS=587 w_ev=0.362 m_ev=0.405 m_v_bias=1.3 m_adv_std=9.9695 m_kl_max=0.0221 m_ratio_max=0.637 return=-188.5 length=200 success_rate=0.00 collisions/ep=0.25 (n=12)
update=212 global_step=434176 SPS=589 w_ev=0.329 m_ev=0.083 m_v_bias=9.2 m_adv_std=39.7829 m_kl_max=0.0489 m_ratio_max=2.129 return=-202.9 length=200 success_rate=0.00 collisions/ep=0.62 (n=8)
update=213 global_step=436224 SPS=590 w_ev=0.409 m_ev=0.364 m_v_bias=-2.5 m_adv_std=9.2500 m_kl_max=0.0197 m_ratio_max=0.637 return=-214.6 length=200 success_rate=0.00 collisions/ep=0.73 (n=11)
update=214 global_step=438272 SPS=592 w_ev=0.312 m_ev=0.849 m_v_bias=-4.0 m_adv_std=2.6757 m_kl_max=0.0098 m_ratio_max=0.615 return=-179.5 length=200 success_rate=0.00 collisions/ep=0.00 (n=11)
update=215 global_step=440320 SPS=593 w_ev=0.385 m_ev=0.275 m_v_bias=-0.4 m_adv_std=11.7794 m_kl_max=0.0192 m_ratio_max=0.732 return=-186.1 length=200 success_rate=0.00 collisions/ep=0.20 (n=10)
Evaluation at update 215: return=-177.94, length=200.00, success_rate=0.00, collisions/ep=0.00
Solved-check at update 215: solved=False worst_gap=1197.74 at p_x0=2.00 p_y0=0.00 (consecutive=0)
update=216 global_step=442368 SPS=586 w_ev=0.363 m_ev=0.021 m_v_bias=4.8 m_adv_std=35.3381 m_kl_max=0.0149 m_ratio_max=0.658 return=-207.1 length=200 success_rate=0.00 collisions/ep=0.70 (n=10)
update=217 global_step=444416 SPS=588 w_ev=0.403 m_ev=0.224 m_v_bias=-0.4 m_adv_std=12.7418 m_kl_max=0.0097 m_ratio_max=0.868 return=-192.0 length=200 success_rate=0.00 collisions/ep=0.20 (n=10)
update=218 global_step=446464 SPS=590 w_ev=0.415 m_ev=0.201 m_v_bias=-0.6 m_adv_std=11.5370 m_kl_max=0.0147 m_ratio_max=0.692 return=-195.4 length=200 success_rate=0.00 collisions/ep=0.33 (n=12)
update=219 global_step=448512 SPS=591 w_ev=0.239 m_ev=0.436 m_v_bias=-0.5 m_adv_std=8.5124 m_kl_max=0.0390 m_ratio_max=1.279 return=-187.2 length=200 success_rate=0.00 collisions/ep=0.25 (n=8)
update=220 global_step=450560 SPS=593 w_ev=0.315 m_ev=0.715 m_v_bias=-2.5 m_adv_std=4.0747 m_kl_max=0.0428 m_ratio_max=1.128 return=-183.9 length=200 success_rate=0.00 collisions/ep=0.09 (n=11)
Evaluation at update 220: return=-177.34, length=200.00, success_rate=0.00, collisions/ep=0.00
Solved-check at update 220: solved=False worst_gap=1197.18 at p_x0=2.00 p_y0=-0.50 (consecutive=0)
update=221 global_step=452608 SPS=586 w_ev=0.332 m_ev=0.348 m_v_bias=1.3 m_adv_std=9.4165 m_kl_max=0.0118 m_ratio_max=0.705 return=-191.0 length=200 success_rate=0.00 collisions/ep=0.33 (n=9)
update=222 global_step=454656 SPS=587 w_ev=0.351 m_ev=0.056 m_v_bias=10.6 m_adv_std=55.6819 m_kl_max=0.0176 m_ratio_max=1.202 return=-218.6 length=200 success_rate=0.00 collisions/ep=0.83 (n=12)
update=223 global_step=456704 SPS=589 w_ev=0.246 m_ev=0.066 m_v_bias=-4.1 m_adv_std=7.4752 m_kl_max=0.0313 m_ratio_max=0.633 return=-175.2 length=200 success_rate=0.00 collisions/ep=0.00 (n=9)
update=224 global_step=458752 SPS=591 w_ev=0.276 m_ev=0.396 m_v_bias=0.3 m_adv_std=9.9862 m_kl_max=0.0133 m_ratio_max=0.442 return=-179.5 length=200 success_rate=0.00 collisions/ep=0.10 (n=10)
update=225 global_step=460800 SPS=592 w_ev=0.322 m_ev=0.923 m_v_bias=-3.5 m_adv_std=1.9233 m_kl_max=0.0275 m_ratio_max=0.600 return=-184.8 length=200 success_rate=0.00 collisions/ep=0.15 (n=13)
Evaluation at update 225: return=-177.69, length=200.00, success_rate=0.00, collisions/ep=0.00
Solved-check at update 225: solved=False worst_gap=1197.52 at p_x0=2.00 p_y0=-1.00 (consecutive=0)
update=226 global_step=462848 SPS=586 w_ev=0.341 m_ev=0.939 m_v_bias=-2.4 m_adv_std=1.5578 m_kl_max=0.0139 m_ratio_max=0.677 return=-178.6 length=200 success_rate=0.00 collisions/ep=0.00 (n=8)
update=227 global_step=464896 SPS=587 w_ev=0.258 m_ev=0.465 m_v_bias=-0.5 m_adv_std=6.3341 m_kl_max=0.0445 m_ratio_max=0.812 return=-178.5 length=200 success_rate=0.00 collisions/ep=0.00 (n=11)
update=228 global_step=466944 SPS=589 w_ev=0.347 m_ev=0.953 m_v_bias=-1.8 m_adv_std=1.3520 m_kl_max=0.0574 m_ratio_max=0.898 return=-184.5 length=200 success_rate=0.00 collisions/ep=0.11 (n=9)
update=229 global_step=468992 SPS=591 w_ev=0.364 m_ev=0.481 m_v_bias=0.7 m_adv_std=8.1305 m_kl_max=0.0335 m_ratio_max=1.209 return=-180.7 length=200 success_rate=0.00 collisions/ep=0.08 (n=12)
update=230 global_step=471040 SPS=592 w_ev=0.302 m_ev=0.192 m_v_bias=3.6 m_adv_std=12.9465 m_kl_max=0.0175 m_ratio_max=0.874 return=-206.5 length=200 success_rate=0.00 collisions/ep=0.62 (n=8)
Evaluation at update 230: return=-177.41, length=200.00, success_rate=0.00, collisions/ep=0.00
Solved-check at update 230: solved=False worst_gap=1197.77 at p_x0=2.00 p_y0=0.00 (consecutive=0)
update=231 global_step=473088 SPS=586 w_ev=0.344 m_ev=0.349 m_v_bias=-1.4 m_adv_std=8.5119 m_kl_max=0.0176 m_ratio_max=1.255 return=-192.8 length=200 success_rate=0.00 collisions/ep=0.36 (n=11)
update=232 global_step=475136 SPS=587 w_ev=0.394 m_ev=0.488 m_v_bias=-1.1 m_adv_std=7.4127 m_kl_max=0.0297 m_ratio_max=0.817 return=-182.8 length=200 success_rate=0.00 collisions/ep=0.18 (n=11)
update=233 global_step=477184 SPS=589 w_ev=0.473 m_ev=0.327 m_v_bias=2.2 m_adv_std=13.0299 m_kl_max=0.0164 m_ratio_max=0.879 return=-190.2 length=200 success_rate=0.00 collisions/ep=0.30 (n=10)
update=234 global_step=479232 SPS=590 w_ev=0.259 m_ev=0.592 m_v_bias=-3.2 m_adv_std=5.2892 m_kl_max=0.0186 m_ratio_max=0.705 return=-171.6 length=200 success_rate=0.00 collisions/ep=0.00 (n=10)
update=235 global_step=481280 SPS=592 w_ev=0.312 m_ev=0.638 m_v_bias=-1.5 m_adv_std=5.4689 m_kl_max=0.0190 m_ratio_max=0.812 return=-177.6 length=200 success_rate=0.00 collisions/ep=0.10 (n=10)
Evaluation at update 235: return=-176.10, length=200.00, success_rate=0.00, collisions/ep=0.00
Solved-check at update 235: solved=False worst_gap=1196.40 at p_x0=2.00 p_y0=1.00 (consecutive=0)
update=236 global_step=483328 SPS=586 w_ev=0.377 m_ev=0.341 m_v_bias=4.5 m_adv_std=12.4987 m_kl_max=0.0239 m_ratio_max=0.789 return=-196.8 length=200 success_rate=0.00 collisions/ep=0.42 (n=12)
update=237 global_step=485376 SPS=587 w_ev=0.401 m_ev=0.474 m_v_bias=-2.1 m_adv_std=7.0752 m_kl_max=0.0146 m_ratio_max=0.575 return=-182.9 length=200 success_rate=0.00 collisions/ep=0.12 (n=8)
update=238 global_step=487424 SPS=589 w_ev=0.341 m_ev=0.286 m_v_bias=1.0 m_adv_std=13.8303 m_kl_max=0.0293 m_ratio_max=1.076 return=-181.7 length=200 success_rate=0.00 collisions/ep=0.18 (n=11)
update=239 global_step=489472 SPS=590 w_ev=0.365 m_ev=0.464 m_v_bias=-1.2 m_adv_std=8.3728 m_kl_max=0.0182 m_ratio_max=0.829 return=-183.7 length=200 success_rate=0.00 collisions/ep=0.18 (n=11)
update=240 global_step=491520 SPS=592 w_ev=0.383 m_ev=0.944 m_v_bias=-3.0 m_adv_std=1.7574 m_kl_max=0.0124 m_ratio_max=0.484 return=-179.7 length=200 success_rate=0.00 collisions/ep=0.10 (n=10)
Evaluation at update 240: return=-176.47, length=200.00, success_rate=0.00, collisions/ep=0.00
Solved-check at update 240: solved=False worst_gap=1196.74 at p_x0=2.00 p_y0=1.00 (consecutive=0)
update=241 global_step=493568 SPS=586 w_ev=0.434 m_ev=0.082 m_v_bias=3.6 m_adv_std=14.6505 m_kl_max=0.0231 m_ratio_max=0.928 return=-195.6 length=200 success_rate=0.00 collisions/ep=0.40 (n=10)
update=242 global_step=495616 SPS=587 w_ev=0.304 m_ev=0.022 m_v_bias=8.4 m_adv_std=43.8793 m_kl_max=0.0364 m_ratio_max=0.543 return=-221.5 length=200 success_rate=0.00 collisions/ep=0.90 (n=10)
update=243 global_step=497664 SPS=589 w_ev=0.427 m_ev=0.479 m_v_bias=-4.6 m_adv_std=8.6323 m_kl_max=0.0141 m_ratio_max=0.743 return=-182.8 length=200 success_rate=0.00 collisions/ep=0.17 (n=12)
update=244 global_step=499712 SPS=590 w_ev=0.338 m_ev=0.606 m_v_bias=-3.5 m_adv_std=6.7374 m_kl_max=0.0071 m_ratio_max=0.543 return=-177.3 length=200 success_rate=0.00 collisions/ep=0.12 (n=8)
update=245 global_step=501760 SPS=591 w_ev=0.361 m_ev=0.616 m_v_bias=-2.8 m_adv_std=6.0840 m_kl_max=0.0275 m_ratio_max=1.120 return=-173.6 length=200 success_rate=0.00 collisions/ep=0.00 (n=11)
Evaluation at update 245: return=-176.65, length=200.00, success_rate=0.00, collisions/ep=0.00
Solved-check at update 245: solved=False worst_gap=1197.02 at p_x0=2.00 p_y0=0.50 (consecutive=0)
update=246 global_step=503808 SPS=585 w_ev=0.352 m_ev=0.387 m_v_bias=0.4 m_adv_std=9.9156 m_kl_max=0.0136 m_ratio_max=0.560 return=-192.3 length=200 success_rate=0.00 collisions/ep=0.33 (n=9)
update=247 global_step=505856 SPS=587 w_ev=0.428 m_ev=0.932 m_v_bias=-3.3 m_adv_std=2.2033 m_kl_max=0.0396 m_ratio_max=1.716 return=-179.7 length=200 success_rate=0.00 collisions/ep=0.08 (n=12)
update=248 global_step=507904 SPS=588 w_ev=0.445 m_ev=0.119 m_v_bias=3.7 m_adv_std=25.7632 m_kl_max=0.0241 m_ratio_max=0.960 return=-197.9 length=200 success_rate=0.00 collisions/ep=0.44 (n=9)
update=249 global_step=509952 SPS=590 w_ev=0.469 m_ev=0.236 m_v_bias=1.1 m_adv_std=11.0229 m_kl_max=0.0343 m_ratio_max=0.708 return=-188.5 length=200 success_rate=0.00 collisions/ep=0.30 (n=10)
update=250 global_step=512000 SPS=591 w_ev=0.461 m_ev=0.097 m_v_bias=3.4 m_adv_std=25.8230 m_kl_max=0.0246 m_ratio_max=1.351 return=-200.6 length=200 success_rate=0.00 collisions/ep=0.46 (n=13)
Evaluation at update 250: return=-177.31, length=200.00, success_rate=0.00, collisions/ep=0.00
Solved-check at update 250: solved=False worst_gap=1197.28 at p_x0=2.00 p_y0=1.00 (consecutive=0)
update=251 global_step=514048 SPS=586 w_ev=0.399 m_ev=0.836 m_v_bias=-5.1 m_adv_std=3.0059 m_kl_max=0.0289 m_ratio_max=1.486 return=-175.7 length=200 success_rate=0.00 collisions/ep=0.00 (n=8)
update=252 global_step=516096 SPS=587 w_ev=0.471 m_ev=0.267 m_v_bias=0.4 m_adv_std=13.6384 m_kl_max=0.0441 m_ratio_max=1.339 return=-179.2 length=200 success_rate=0.00 collisions/ep=0.09 (n=11)
update=253 global_step=518144 SPS=588 w_ev=0.395 m_ev=0.450 m_v_bias=0.4 m_adv_std=10.1787 m_kl_max=0.0206 m_ratio_max=0.836 return=-197.2 length=200 success_rate=0.00 collisions/ep=0.44 (n=9)
update=254 global_step=520192 SPS=590 w_ev=0.375 m_ev=0.253 m_v_bias=0.5 m_adv_std=13.1386 m_kl_max=0.0136 m_ratio_max=0.444 return=-188.9 length=200 success_rate=0.00 collisions/ep=0.33 (n=12)
update=255 global_step=522240 SPS=591 w_ev=0.400 m_ev=0.900 m_v_bias=-3.0 m_adv_std=2.2602 m_kl_max=0.0229 m_ratio_max=0.873 return=-174.7 length=200 success_rate=0.00 collisions/ep=0.00 (n=8)
Evaluation at update 255: return=-176.94, length=200.00, success_rate=0.00, collisions/ep=0.00
Solved-check at update 255: solved=False worst_gap=1197.30 at p_x0=2.00 p_y0=-1.00 (consecutive=0)
update=256 global_step=524288 SPS=586 w_ev=0.469 m_ev=0.333 m_v_bias=1.0 m_adv_std=9.7165 m_kl_max=0.0112 m_ratio_max=0.821 return=-186.2 length=200 success_rate=0.00 collisions/ep=0.27 (n=11)
update=257 global_step=526336 SPS=587 w_ev=0.507 m_ev=0.082 m_v_bias=7.5 m_adv_std=29.2906 m_kl_max=0.0332 m_ratio_max=1.347 return=-211.8 length=200 success_rate=0.00 collisions/ep=0.73 (n=11)
update=258 global_step=528384 SPS=589 w_ev=0.441 m_ev=0.472 m_v_bias=-5.2 m_adv_std=5.5845 m_kl_max=0.0105 m_ratio_max=0.649 return=-190.1 length=200 success_rate=0.00 collisions/ep=0.30 (n=10)
update=259 global_step=530432 SPS=590 w_ev=0.509 m_ev=0.559 m_v_bias=-2.3 m_adv_std=6.0688 m_kl_max=0.0116 m_ratio_max=0.602 return=-182.0 length=200 success_rate=0.00 collisions/ep=0.10 (n=10)
update=260 global_step=532480 SPS=591 w_ev=0.488 m_ev=0.715 m_v_bias=-1.6 m_adv_std=4.4187 m_kl_max=0.0128 m_ratio_max=0.465 return=-180.7 length=200 success_rate=0.00 collisions/ep=0.10 (n=10)
Evaluation at update 260: return=-176.32, length=200.00, success_rate=0.00, collisions/ep=0.00
Solved-check at update 260: solved=False worst_gap=1197.49 at p_x0=2.00 p_y0=-0.50 (consecutive=0)
update=261 global_step=534528 SPS=586 w_ev=0.543 m_ev=0.968 m_v_bias=-1.4 m_adv_std=1.2047 m_kl_max=0.0178 m_ratio_max=0.680 return=-173.9 length=200 success_rate=0.00 collisions/ep=0.00 (n=12)
update=262 global_step=536576 SPS=587 w_ev=0.516 m_ev=0.174 m_v_bias=1.3 m_adv_std=12.0671 m_kl_max=0.0224 m_ratio_max=0.699 return=-173.4 length=200 success_rate=0.00 collisions/ep=0.00 (n=8)
update=263 global_step=538624 SPS=589 w_ev=0.587 m_ev=0.905 m_v_bias=-2.1 m_adv_std=2.1734 m_kl_max=0.0432 m_ratio_max=0.837 return=-187.2 length=200 success_rate=0.00 collisions/ep=0.27 (n=11)
update=264 global_step=540672 SPS=590 w_ev=0.531 m_ev=0.554 m_v_bias=-0.2 m_adv_std=6.3894 m_kl_max=0.0199 m_ratio_max=0.615 return=-175.4 length=200 success_rate=0.00 collisions/ep=0.09 (n=11)
update=265 global_step=542720 SPS=592 w_ev=0.579 m_ev=0.075 m_v_bias=4.5 m_adv_std=24.0713 m_kl_max=0.0233 m_ratio_max=1.371 return=-188.8 length=200 success_rate=0.00 collisions/ep=0.40 (n=10)
Evaluation at update 265: return=-174.86, length=200.00, success_rate=0.00, collisions/ep=0.00
Solved-check at update 265: solved=False worst_gap=1195.95 at p_x0=2.00 p_y0=-1.00 (consecutive=0)
update=266 global_step=544768 SPS=586 w_ev=0.525 m_ev=0.471 m_v_bias=-0.2 m_adv_std=9.0964 m_kl_max=0.0110 m_ratio_max=0.647 return=-185.4 length=200 success_rate=0.00 collisions/ep=0.30 (n=10)
update=267 global_step=546816 SPS=588 w_ev=0.548 m_ev=0.249 m_v_bias=3.1 m_adv_std=14.8008 m_kl_max=0.0293 m_ratio_max=2.103 return=-200.8 length=200 success_rate=0.00 collisions/ep=0.50 (n=10)
update=268 global_step=548864 SPS=589 w_ev=0.475 m_ev=0.149 m_v_bias=-1.8 m_adv_std=19.8131 m_kl_max=0.0137 m_ratio_max=0.892 return=-201.0 length=200 success_rate=0.00 collisions/ep=0.58 (n=12)
update=269 global_step=550912 SPS=591 w_ev=0.490 m_ev=0.918 m_v_bias=-2.7 m_adv_std=2.3156 m_kl_max=0.0269 m_ratio_max=0.686 return=-174.3 length=200 success_rate=0.00 collisions/ep=0.00 (n=8)
update=270 global_step=552960 SPS=592 w_ev=0.400 m_ev=0.629 m_v_bias=-0.4 m_adv_std=6.1081 m_kl_max=0.0300 m_ratio_max=1.117 return=-176.6 length=200 success_rate=0.00 collisions/ep=0.09 (n=11)
Evaluation at update 270: return=-174.62, length=200.00, success_rate=0.00, collisions/ep=0.00
Solved-check at update 270: solved=False worst_gap=1196.06 at p_x0=2.00 p_y0=1.00 (consecutive=0)
update=271 global_step=555008 SPS=586 w_ev=0.538 m_ev=0.932 m_v_bias=-1.8 m_adv_std=1.9501 m_kl_max=0.0277 m_ratio_max=0.822 return=-175.2 length=200 success_rate=0.00 collisions/ep=0.00 (n=9)
update=272 global_step=557056 SPS=588 w_ev=0.542 m_ev=0.624 m_v_bias=-0.3 m_adv_std=5.8299 m_kl_max=0.0189 m_ratio_max=0.942 return=-169.6 length=200 success_rate=0.00 collisions/ep=0.00 (n=12)
update=273 global_step=559104 SPS=589 w_ev=0.583 m_ev=0.338 m_v_bias=5.1 m_adv_std=13.1272 m_kl_max=0.0173 m_ratio_max=0.601 return=-202.2 length=200 success_rate=0.00 collisions/ep=0.56 (n=9)
update=274 global_step=561152 SPS=590 w_ev=0.632 m_ev=0.480 m_v_bias=-1.2 m_adv_std=8.3967 m_kl_max=0.0502 m_ratio_max=2.928 return=-192.0 length=200 success_rate=0.00 collisions/ep=0.40 (n=10)
update=275 global_step=563200 SPS=592 w_ev=0.480 m_ev=0.574 m_v_bias=-1.4 m_adv_std=6.7699 m_kl_max=0.0052 m_ratio_max=0.357 return=-179.9 length=200 success_rate=0.00 collisions/ep=0.08 (n=13)
Evaluation at update 275: return=-173.45, length=200.00, success_rate=0.00, collisions/ep=0.00
Solved-check at update 275: solved=False worst_gap=1195.42 at p_x0=2.00 p_y0=1.00 (consecutive=0)
update=276 global_step=565248 SPS=586 w_ev=0.521 m_ev=0.247 m_v_bias=0.9 m_adv_std=11.8124 m_kl_max=0.0109 m_ratio_max=0.732 return=-178.7 length=200 success_rate=0.00 collisions/ep=0.12 (n=8)
update=277 global_step=567296 SPS=588 w_ev=0.480 m_ev=0.933 m_v_bias=-3.4 m_adv_std=2.0451 m_kl_max=0.0157 m_ratio_max=0.603 return=-185.3 length=200 success_rate=0.00 collisions/ep=0.18 (n=11)
update=278 global_step=569344 SPS=589 w_ev=0.558 m_ev=0.455 m_v_bias=-0.4 m_adv_std=8.0688 m_kl_max=0.0195 m_ratio_max=0.809 return=-174.6 length=200 success_rate=0.00 collisions/ep=0.11 (n=9)
update=279 global_step=571392 SPS=590 w_ev=0.576 m_ev=0.259 m_v_bias=0.5 m_adv_std=14.2088 m_kl_max=0.0076 m_ratio_max=0.464 return=-189.5 length=200 success_rate=0.00 collisions/ep=0.33 (n=12)
update=280 global_step=573440 SPS=591 w_ev=0.426 m_ev=0.626 m_v_bias=-0.8 m_adv_std=6.5781 m_kl_max=0.0148 m_ratio_max=0.670 return=-177.2 length=200 success_rate=0.00 collisions/ep=0.12 (n=8)
Evaluation at update 280: return=-171.02, length=200.00, success_rate=0.00, collisions/ep=0.00
Solved-check at update 280: solved=False worst_gap=1193.41 at p_x0=2.00 p_y0=1.00 (consecutive=0)
update=281 global_step=575488 SPS=587 w_ev=0.471 m_ev=0.376 m_v_bias=1.3 m_adv_std=13.0145 m_kl_max=0.0170 m_ratio_max=0.813 return=-187.0 length=200 success_rate=0.00 collisions/ep=0.36 (n=11)
update=282 global_step=577536 SPS=588 w_ev=0.570 m_ev=0.379 m_v_bias=1.6 m_adv_std=10.4999 m_kl_max=0.0241 m_ratio_max=0.647 return=-177.6 length=200 success_rate=0.00 collisions/ep=0.18 (n=11)
update=283 global_step=579584 SPS=589 w_ev=0.570 m_ev=0.378 m_v_bias=2.0 m_adv_std=12.0389 m_kl_max=0.0190 m_ratio_max=0.706 return=-198.5 length=200 success_rate=0.00 collisions/ep=0.50 (n=10)
update=284 global_step=581632 SPS=590 w_ev=0.491 m_ev=0.661 m_v_bias=-2.4 m_adv_std=6.6227 m_kl_max=0.0175 m_ratio_max=0.595 return=-182.5 length=200 success_rate=0.00 collisions/ep=0.20 (n=10)
update=285 global_step=583680 SPS=592 w_ev=0.477 m_ev=0.381 m_v_bias=1.5 m_adv_std=13.5599 m_kl_max=0.0354 m_ratio_max=0.970 return=-190.9 length=200 success_rate=0.00 collisions/ep=0.40 (n=10)
Evaluation at update 285: return=-172.59, length=200.00, success_rate=0.00, collisions/ep=0.00
Solved-check at update 285: solved=False worst_gap=1194.65 at p_x0=2.00 p_y0=1.00 (consecutive=0)
update=286 global_step=585728 SPS=587 w_ev=0.508 m_ev=0.486 m_v_bias=-0.4 m_adv_std=9.2625 m_kl_max=0.0223 m_ratio_max=0.750 return=-177.7 length=200 success_rate=0.00 collisions/ep=0.08 (n=12)
update=287 global_step=587776 SPS=588 w_ev=0.401 m_ev=0.652 m_v_bias=-2.1 m_adv_std=6.0761 m_kl_max=0.0271 m_ratio_max=1.014 return=-181.6 length=200 success_rate=0.00 collisions/ep=0.25 (n=8)
update=288 global_step=589824 SPS=589 w_ev=0.517 m_ev=0.261 m_v_bias=-0.5 m_adv_std=10.9040 m_kl_max=0.0292 m_ratio_max=1.127 return=-179.9 length=200 success_rate=0.00 collisions/ep=0.09 (n=11)
update=289 global_step=591872 SPS=590 w_ev=0.523 m_ev=0.243 m_v_bias=2.1 m_adv_std=13.7262 m_kl_max=0.0319 m_ratio_max=0.808 return=-197.0 length=200 success_rate=0.00 collisions/ep=0.45 (n=11)
update=290 global_step=593920 SPS=592 w_ev=0.634 m_ev=0.255 m_v_bias=-0.5 m_adv_std=11.2026 m_kl_max=0.0108 m_ratio_max=0.526 return=-187.9 length=200 success_rate=0.00 collisions/ep=0.30 (n=10)
Evaluation at update 290: return=-172.86, length=200.00, success_rate=0.00, collisions/ep=0.00
Solved-check at update 290: solved=False worst_gap=1194.79 at p_x0=2.00 p_y0=-1.00 (consecutive=0)
update=291 global_step=595968 SPS=587 w_ev=0.485 m_ev=0.276 m_v_bias=1.8 m_adv_std=11.0657 m_kl_max=0.0126 m_ratio_max=0.592 return=-187.3 length=200 success_rate=0.00 collisions/ep=0.30 (n=10)
update=292 global_step=598016 SPS=589 w_ev=0.550 m_ev=0.602 m_v_bias=-1.7 m_adv_std=7.3467 m_kl_max=0.0135 m_ratio_max=0.564 return=-182.1 length=200 success_rate=0.00 collisions/ep=0.20 (n=10)
update=293 global_step=600064 SPS=590 w_ev=0.593 m_ev=0.913 m_v_bias=-2.7 m_adv_std=2.2866 m_kl_max=0.0145 m_ratio_max=0.495 return=-175.2 length=200 success_rate=0.00 collisions/ep=0.08 (n=12)
update=294 global_step=602112 SPS=591 w_ev=0.521 m_ev=0.470 m_v_bias=-0.0 m_adv_std=8.3617 m_kl_max=0.0152 m_ratio_max=0.564 return=-169.5 length=200 success_rate=0.00 collisions/ep=0.00 (n=8)
update=295 global_step=604160 SPS=592 w_ev=0.490 m_ev=0.894 m_v_bias=-2.5 m_adv_std=2.5201 m_kl_max=0.0436 m_ratio_max=1.173 return=-181.6 length=200 success_rate=0.00 collisions/ep=0.18 (n=11)
Evaluation at update 295: return=-170.49, length=200.00, success_rate=0.00, collisions/ep=0.00
Solved-check at update 295: solved=False worst_gap=1192.74 at p_x0=2.00 p_y0=1.00 (consecutive=0)
update=296 global_step=606208 SPS=587 w_ev=0.574 m_ev=0.499 m_v_bias=-0.2 m_adv_std=7.6350 m_kl_max=0.0123 m_ratio_max=0.701 return=-178.6 length=200 success_rate=0.00 collisions/ep=0.11 (n=9)
update=297 global_step=608256 SPS=589 w_ev=0.568 m_ev=0.671 m_v_bias=-0.8 m_adv_std=6.1765 m_kl_max=0.0140 m_ratio_max=0.664 return=-180.9 length=200 success_rate=0.00 collisions/ep=0.17 (n=12)
update=298 global_step=610304 SPS=590 w_ev=0.500 m_ev=0.527 m_v_bias=-0.7 m_adv_std=6.5423 m_kl_max=0.0485 m_ratio_max=1.670 return=-166.9 length=200 success_rate=0.00 collisions/ep=0.00 (n=9)
update=299 global_step=612352 SPS=591 w_ev=0.447 m_ev=0.562 m_v_bias=-0.8 m_adv_std=6.4204 m_kl_max=0.0448 m_ratio_max=0.914 return=-175.8 length=200 success_rate=0.00 collisions/ep=0.10 (n=10)
update=300 global_step=614400 SPS=592 w_ev=0.512 m_ev=0.957 m_v_bias=-2.3 m_adv_std=1.8182 m_kl_max=0.0278 m_ratio_max=0.869 return=-173.1 length=200 success_rate=0.00 collisions/ep=0.08 (n=13)
Evaluation at update 300: return=-167.72, length=200.00, success_rate=0.00, collisions/ep=0.00
Solved-check at update 300: solved=False worst_gap=1190.24 at p_x0=2.00 p_y0=1.00 (consecutive=0)
update=301 global_step=616448 SPS=587 w_ev=0.513 m_ev=0.779 m_v_bias=-0.9 m_adv_std=4.7421 m_kl_max=0.0332 m_ratio_max=1.059 return=-176.5 length=200 success_rate=0.00 collisions/ep=0.12 (n=8)
update=302 global_step=618496 SPS=588 w_ev=0.555 m_ev=0.406 m_v_bias=2.7 m_adv_std=12.6781 m_kl_max=0.0101 m_ratio_max=0.617 return=-181.0 length=200 success_rate=0.00 collisions/ep=0.27 (n=11)
update=303 global_step=620544 SPS=590 w_ev=0.543 m_ev=0.626 m_v_bias=-1.2 m_adv_std=6.9397 m_kl_max=0.0100 m_ratio_max=0.590 return=-171.6 length=200 success_rate=0.00 collisions/ep=0.11 (n=9)
update=304 global_step=622592 SPS=591 w_ev=0.531 m_ev=0.634 m_v_bias=-0.8 m_adv_std=6.4809 m_kl_max=0.0379 m_ratio_max=0.953 return=-176.4 length=200 success_rate=0.00 collisions/ep=0.17 (n=12)
update=305 global_step=624640 SPS=592 w_ev=0.608 m_ev=0.411 m_v_bias=2.9 m_adv_std=12.4047 m_kl_max=0.0340 m_ratio_max=1.458 return=-186.2 length=200 success_rate=0.00 collisions/ep=0.38 (n=8)
Evaluation at update 305: return=-166.27, length=200.00, success_rate=0.00, collisions/ep=0.00
Solved-check at update 305: solved=False worst_gap=1188.83 at p_x0=2.00 p_y0=1.00 (consecutive=0)
update=306 global_step=626688 SPS=587 w_ev=0.402 m_ev=0.750 m_v_bias=-0.9 m_adv_std=5.7898 m_kl_max=0.0270 m_ratio_max=0.712 return=-171.9 length=200 success_rate=0.00 collisions/ep=0.09 (n=11)
update=307 global_step=628736 SPS=588 w_ev=0.571 m_ev=0.567 m_v_bias=1.1 m_adv_std=9.2404 m_kl_max=0.0227 m_ratio_max=1.500 return=-177.0 length=200 success_rate=0.00 collisions/ep=0.27 (n=11)
update=308 global_step=630784 SPS=589 w_ev=0.411 m_ev=0.402 m_v_bias=1.3 m_adv_std=11.4095 m_kl_max=0.0363 m_ratio_max=0.929 return=-177.0 length=200 success_rate=0.00 collisions/ep=0.30 (n=10)
update=309 global_step=632832 SPS=590 w_ev=0.545 m_ev=0.682 m_v_bias=-1.1 m_adv_std=6.4975 m_kl_max=0.0157 m_ratio_max=0.639 return=-185.5 length=200 success_rate=0.00 collisions/ep=0.30 (n=10)
update=310 global_step=634880 SPS=592 w_ev=0.522 m_ev=0.601 m_v_bias=-1.0 m_adv_std=7.2346 m_kl_max=0.0059 m_ratio_max=0.364 return=-170.2 length=200 success_rate=0.00 collisions/ep=0.10 (n=10)
Evaluation at update 310: return=-166.59, length=200.00, success_rate=0.00, collisions/ep=0.00
Solved-check at update 310: solved=False worst_gap=1188.54 at p_x0=2.00 p_y0=1.00 (consecutive=0)
update=311 global_step=636928 SPS=587 w_ev=0.601 m_ev=0.584 m_v_bias=-0.5 m_adv_std=8.1725 m_kl_max=0.0274 m_ratio_max=1.404 return=-175.2 length=200 success_rate=0.00 collisions/ep=0.17 (n=12)
update=312 global_step=638976 SPS=588 w_ev=0.497 m_ev=0.899 m_v_bias=-2.8 m_adv_std=2.9093 m_kl_max=0.0421 m_ratio_max=1.430 return=-169.2 length=200 success_rate=0.00 collisions/ep=0.12 (n=8)
update=313 global_step=641024 SPS=589 w_ev=0.500 m_ev=0.721 m_v_bias=-0.3 m_adv_std=6.5601 m_kl_max=0.0376 m_ratio_max=1.634 return=-168.7 length=200 success_rate=0.00 collisions/ep=0.09 (n=11)
update=314 global_step=643072 SPS=590 w_ev=0.508 m_ev=0.185 m_v_bias=5.3 m_adv_std=24.9424 m_kl_max=0.0246 m_ratio_max=1.018 return=-183.7 length=200 success_rate=0.00 collisions/ep=0.45 (n=11)
update=315 global_step=645120 SPS=591 w_ev=0.653 m_ev=0.518 m_v_bias=-1.1 m_adv_std=9.9675 m_kl_max=0.0271 m_ratio_max=1.199 return=-171.7 length=200 success_rate=0.00 collisions/ep=0.20 (n=10)
Evaluation at update 315: return=-161.23, length=200.00, success_rate=0.00, collisions/ep=0.00
Solved-check at update 315: solved=False worst_gap=1182.49 at p_x0=2.00 p_y0=1.00 (consecutive=0)
update=316 global_step=647168 SPS=587 w_ev=0.476 m_ev=0.758 m_v_bias=-2.7 m_adv_std=5.8578 m_kl_max=0.0293 m_ratio_max=1.255 return=-170.3 length=200 success_rate=0.00 collisions/ep=0.20 (n=10)
update=317 global_step=649216 SPS=588 w_ev=0.530 m_ev=0.771 m_v_bias=-1.7 m_adv_std=5.6641 m_kl_max=0.0327 m_ratio_max=1.573 return=-169.3 length=200 success_rate=0.00 collisions/ep=0.10 (n=10)
update=318 global_step=651264 SPS=589 w_ev=0.573 m_ev=0.644 m_v_bias=0.5 m_adv_std=8.5886 m_kl_max=0.0127 m_ratio_max=0.430 return=-170.3 length=200 success_rate=0.00 collisions/ep=0.17 (n=12)
update=319 global_step=653312 SPS=590 w_ev=0.436 m_ev=0.694 m_v_bias=0.5 m_adv_std=7.9762 m_kl_max=0.0143 m_ratio_max=0.492 return=-162.5 length=200 success_rate=0.00 collisions/ep=0.00 (n=8)
update=320 global_step=655360 SPS=591 w_ev=0.599 m_ev=0.123 m_v_bias=3.2 m_adv_std=24.8875 m_kl_max=0.0410 m_ratio_max=0.805 return=-174.4 length=200 success_rate=0.00 collisions/ep=0.27 (n=11)
Evaluation at update 320: return=-159.56, length=200.00, success_rate=0.00, collisions/ep=0.00
Solved-check at update 320: solved=False worst_gap=1181.13 at p_x0=2.00 p_y0=-1.00 (consecutive=0)
update=321 global_step=657408 SPS=586 w_ev=0.523 m_ev=0.632 m_v_bias=-2.0 m_adv_std=7.4107 m_kl_max=0.0201 m_ratio_max=0.843 return=-184.6 length=200 success_rate=0.00 collisions/ep=0.44 (n=9)
update=322 global_step=659456 SPS=587 w_ev=0.519 m_ev=0.482 m_v_bias=1.4 m_adv_std=11.1764 m_kl_max=0.0297 m_ratio_max=0.727 return=-174.3 length=200 success_rate=0.00 collisions/ep=0.25 (n=12)
update=323 global_step=661504 SPS=588 w_ev=0.479 m_ev=0.715 m_v_bias=-3.6 m_adv_std=6.4185 m_kl_max=0.0246 m_ratio_max=0.552 return=-174.7 length=200 success_rate=0.00 collisions/ep=0.33 (n=9)
update=324 global_step=663552 SPS=589 w_ev=0.547 m_ev=0.930 m_v_bias=-2.8 m_adv_std=3.0080 m_kl_max=0.0321 m_ratio_max=0.816 return=-155.0 length=200 success_rate=0.00 collisions/ep=0.00 (n=10)
update=325 global_step=665600 SPS=591 w_ev=0.632 m_ev=0.487 m_v_bias=3.3 m_adv_std=13.9605 m_kl_max=0.0262 m_ratio_max=1.302 return=-167.5 length=200 success_rate=0.00 collisions/ep=0.23 (n=13)
Evaluation at update 325: return=-155.28, length=200.00, success_rate=0.00, collisions/ep=0.00
Solved-check at update 325: solved=False worst_gap=1176.83 at p_x0=2.00 p_y0=-1.00 (consecutive=0)
update=326 global_step=667648 SPS=586 w_ev=0.609 m_ev=0.429 m_v_bias=1.5 m_adv_std=16.5168 m_kl_max=0.0286 m_ratio_max=1.630 return=-186.1 length=200 success_rate=0.00 collisions/ep=0.62 (n=8)
update=327 global_step=669696 SPS=587 w_ev=0.436 m_ev=0.916 m_v_bias=-3.7 m_adv_std=3.6061 m_kl_max=0.0179 m_ratio_max=0.809 return=-159.1 length=200 success_rate=0.00 collisions/ep=0.00 (n=11)
update=328 global_step=671744 SPS=588 w_ev=0.528 m_ev=0.671 m_v_bias=0.2 m_adv_std=8.9949 m_kl_max=0.0170 m_ratio_max=0.577 return=-155.5 length=200 success_rate=0.00 collisions/ep=0.00 (n=9)
update=329 global_step=673792 SPS=589 w_ev=0.598 m_ev=0.010 m_v_bias=1.3 m_adv_std=27.7533 m_kl_max=0.0193 m_ratio_max=0.785 return=-163.2 length=200 success_rate=0.00 collisions/ep=0.17 (n=12)
update=330 global_step=675840 SPS=590 w_ev=0.582 m_ev=0.793 m_v_bias=-4.2 m_adv_std=5.0894 m_kl_max=0.0284 m_ratio_max=0.717 return=-185.1 length=200 success_rate=0.00 collisions/ep=0.62 (n=8)
Evaluation at update 330: return=-155.62, length=200.00, success_rate=0.00, collisions/ep=0.00
Solved-check at update 330: solved=False worst_gap=1176.91 at p_x0=2.00 p_y0=-1.00 (consecutive=0)
update=331 global_step=677888 SPS=586 w_ev=0.514 m_ev=0.746 m_v_bias=-0.0 m_adv_std=7.4205 m_kl_max=0.0242 m_ratio_max=0.941 return=-161.0 length=200 success_rate=0.00 collisions/ep=0.18 (n=11)
update=332 global_step=679936 SPS=587 w_ev=0.585 m_ev=0.778 m_v_bias=-0.5 m_adv_std=6.2483 m_kl_max=0.0349 m_ratio_max=1.699 return=-158.4 length=200 success_rate=0.00 collisions/ep=0.09 (n=11)
update=333 global_step=681984 SPS=588 w_ev=0.636 m_ev=0.774 m_v_bias=-0.4 m_adv_std=6.4256 m_kl_max=0.0151 m_ratio_max=0.695 return=-160.9 length=200 success_rate=0.00 collisions/ep=0.10 (n=10)
update=334 global_step=684032 SPS=589 w_ev=0.541 m_ev=0.413 m_v_bias=3.6 m_adv_std=16.2256 m_kl_max=0.0239 m_ratio_max=0.786 return=-158.0 length=200 success_rate=0.00 collisions/ep=0.10 (n=10)
update=335 global_step=686080 SPS=590 w_ev=0.588 m_ev=0.653 m_v_bias=-0.7 m_adv_std=8.3038 m_kl_max=0.0128 m_ratio_max=0.462 return=-180.6 length=200 success_rate=0.00 collisions/ep=0.50 (n=10)
Evaluation at update 335: return=-155.69, length=200.00, success_rate=0.00, collisions/ep=0.00
Solved-check at update 335: solved=False worst_gap=1177.21 at p_x0=2.00 p_y0=-1.00 (consecutive=0)
update=336 global_step=688128 SPS=585 w_ev=0.664 m_ev=0.789 m_v_bias=-1.0 m_adv_std=6.6027 m_kl_max=0.0315 m_ratio_max=0.717 return=-157.4 length=200 success_rate=0.00 collisions/ep=0.08 (n=12)
update=337 global_step=690176 SPS=586 w_ev=0.502 m_ev=0.720 m_v_bias=0.5 m_adv_std=8.3568 m_kl_max=0.0101 m_ratio_max=0.451 return=-162.9 length=200 success_rate=0.00 collisions/ep=0.25 (n=8)
update=338 global_step=692224 SPS=587 w_ev=0.539 m_ev=0.775 m_v_bias=-1.4 m_adv_std=6.1182 m_kl_max=0.0583 m_ratio_max=3.159 return=-157.2 length=200 success_rate=0.00 collisions/ep=0.09 (n=11)
update=339 global_step=694272 SPS=588 w_ev=0.549 m_ev=0.392 m_v_bias=4.1 m_adv_std=16.2106 m_kl_max=0.0266 m_ratio_max=1.313 return=-177.2 length=200 success_rate=0.00 collisions/ep=0.45 (n=11)
update=340 global_step=696320 SPS=589 w_ev=0.572 m_ev=0.792 m_v_bias=-2.4 m_adv_std=6.4690 m_kl_max=0.0073 m_ratio_max=0.591 return=-151.7 length=200 success_rate=0.00 collisions/ep=0.00 (n=10)
Evaluation at update 340: return=-154.83, length=200.00, success_rate=0.00, collisions/ep=0.00
Solved-check at update 340: solved=False worst_gap=1175.92 at p_x0=2.00 p_y0=-1.00 (consecutive=0)
update=341 global_step=698368 SPS=584 w_ev=0.542 m_ev=0.110 m_v_bias=15.2 m_adv_std=73.3530 m_kl_max=0.0346 m_ratio_max=0.924 return=-215.7 length=200 success_rate=0.00 collisions/ep=1.30 (n=10)
update=342 global_step=700416 SPS=585 w_ev=0.624 m_ev=0.624 m_v_bias=-1.5 m_adv_std=10.4572 m_kl_max=0.0160 m_ratio_max=0.568 return=-155.6 length=200 success_rate=0.00 collisions/ep=0.00 (n=10)
update=343 global_step=702464 SPS=586 w_ev=0.595 m_ev=0.232 m_v_bias=7.8 m_adv_std=47.3083 m_kl_max=0.0305 m_ratio_max=1.188 return=-191.2 length=200 success_rate=0.00 collisions/ep=0.83 (n=12)
update=344 global_step=704512 SPS=587 w_ev=0.509 m_ev=0.412 m_v_bias=-4.1 m_adv_std=10.2954 m_kl_max=0.0298 m_ratio_max=0.582 return=-152.5 length=200 success_rate=0.00 collisions/ep=0.00 (n=8)
update=345 global_step=706560 SPS=588 w_ev=0.614 m_ev=0.899 m_v_bias=-5.9 m_adv_std=3.9752 m_kl_max=0.0100 m_ratio_max=0.729 return=-160.6 length=200 success_rate=0.00 collisions/ep=0.09 (n=11)
Evaluation at update 345: return=-156.95, length=200.00, success_rate=0.00, collisions/ep=0.00
Solved-check at update 345: solved=False worst_gap=1177.72 at p_x0=2.00 p_y0=1.00 (consecutive=0)
update=346 global_step=708608 SPS=584 w_ev=0.681 m_ev=0.961 m_v_bias=-3.3 m_adv_std=2.4588 m_kl_max=0.0171 m_ratio_max=0.736 return=-153.6 length=200 success_rate=0.00 collisions/ep=0.00 (n=9)
update=347 global_step=710656 SPS=585 w_ev=0.600 m_ev=0.984 m_v_bias=-1.9 m_adv_std=1.8213 m_kl_max=0.0228 m_ratio_max=1.015 return=-151.0 length=200 success_rate=0.00 collisions/ep=0.00 (n=12)
update=348 global_step=712704 SPS=586 w_ev=0.584 m_ev=-0.039 m_v_bias=17.1 m_adv_std=86.5865 m_kl_max=0.0410 m_ratio_max=1.120 return=-166.7 length=200 success_rate=0.00 collisions/ep=0.33 (n=9)
update=349 global_step=714752 SPS=587 w_ev=0.662 m_ev=0.078 m_v_bias=0.8 m_adv_std=43.3370 m_kl_max=0.0206 m_ratio_max=0.952 return=-277.2 length=200 success_rate=0.00 collisions/ep=2.40 (n=10)
update=350 global_step=716800 SPS=588 w_ev=0.652 m_ev=0.723 m_v_bias=-9.4 m_adv_std=7.1672 m_kl_max=0.0132 m_ratio_max=0.612 return=-156.1 length=200 success_rate=0.00 collisions/ep=0.00 (n=13)
Evaluation at update 350: return=-156.67, length=200.00, success_rate=0.00, collisions/ep=0.00
Solved-check at update 350: solved=False worst_gap=1177.77 at p_x0=2.00 p_y0=1.00 (consecutive=0)
update=351 global_step=718848 SPS=584 w_ev=0.560 m_ev=0.908 m_v_bias=-6.4 m_adv_std=3.7248 m_kl_max=0.0262 m_ratio_max=0.588 return=-158.3 length=200 success_rate=0.00 collisions/ep=0.00 (n=8)
update=352 global_step=720896 SPS=585 w_ev=0.592 m_ev=0.962 m_v_bias=-3.8 m_adv_std=2.2429 m_kl_max=0.0336 m_ratio_max=0.898 return=-155.2 length=200 success_rate=0.00 collisions/ep=0.00 (n=11)
update=353 global_step=722944 SPS=586 w_ev=0.644 m_ev=0.479 m_v_bias=0.4 m_adv_std=12.2114 m_kl_max=0.0289 m_ratio_max=0.905 return=-158.3 length=200 success_rate=0.00 collisions/ep=0.00 (n=9)
update=354 global_step=724992 SPS=587 w_ev=0.495 m_ev=0.979 m_v_bias=-2.6 m_adv_std=1.9132 m_kl_max=0.0216 m_ratio_max=0.700 return=-162.6 length=200 success_rate=0.00 collisions/ep=0.17 (n=12)
update=355 global_step=727040 SPS=588 w_ev=0.610 m_ev=0.986 m_v_bias=-2.1 m_adv_std=1.4920 m_kl_max=0.0306 m_ratio_max=0.604 return=-154.1 length=200 success_rate=0.00 collisions/ep=0.00 (n=8)
Evaluation at update 355: return=-152.16, length=200.00, success_rate=0.00, collisions/ep=0.00
Solved-check at update 355: solved=False worst_gap=1172.88 at p_x0=2.00 p_y0=-0.50 (consecutive=0)
update=356 global_step=729088 SPS=584 w_ev=0.648 m_ev=0.122 m_v_bias=19.6 m_adv_std=71.6369 m_kl_max=0.0141 m_ratio_max=0.613 return=-196.8 length=200 success_rate=0.00 collisions/ep=1.00 (n=11)
update=357 global_step=731136 SPS=584 w_ev=0.651 m_ev=0.228 m_v_bias=5.0 m_adv_std=50.0548 m_kl_max=0.0197 m_ratio_max=0.627 return=-195.7 length=200 success_rate=0.00 collisions/ep=0.82 (n=11)
update=358 global_step=733184 SPS=586 w_ev=0.599 m_ev=0.485 m_v_bias=-5.1 m_adv_std=14.8460 m_kl_max=0.0308 m_ratio_max=0.708 return=-209.5 length=200 success_rate=0.00 collisions/ep=1.20 (n=10)
update=359 global_step=735232 SPS=586 w_ev=0.719 m_ev=0.836 m_v_bias=-8.4 m_adv_std=5.0271 m_kl_max=0.0138 m_ratio_max=0.642 return=-162.1 length=200 success_rate=0.00 collisions/ep=0.10 (n=10)
update=360 global_step=737280 SPS=587 w_ev=0.588 m_ev=0.729 m_v_bias=-4.5 m_adv_std=6.5929 m_kl_max=0.0123 m_ratio_max=0.568 return=-155.9 length=200 success_rate=0.00 collisions/ep=0.00 (n=10)
Evaluation at update 360: return=-155.81, length=200.00, success_rate=0.00, collisions/ep=0.00
Solved-check at update 360: solved=False worst_gap=1176.05 at p_x0=2.00 p_y0=-1.00 (consecutive=0)
update=361 global_step=739328 SPS=583 w_ev=0.684 m_ev=0.964 m_v_bias=-4.0 m_adv_std=2.4321 m_kl_max=0.0365 m_ratio_max=0.995 return=-161.5 length=200 success_rate=0.00 collisions/ep=0.08 (n=12)
update=362 global_step=741376 SPS=584 w_ev=0.623 m_ev=0.739 m_v_bias=-1.6 m_adv_std=5.9801 m_kl_max=0.0237 m_ratio_max=0.833 return=-153.2 length=200 success_rate=0.00 collisions/ep=0.00 (n=8)
update=363 global_step=743424 SPS=585 w_ev=0.668 m_ev=-0.054 m_v_bias=3.6 m_adv_std=28.2267 m_kl_max=0.0241 m_ratio_max=0.756 return=-163.6 length=200 success_rate=0.00 collisions/ep=0.18 (n=11)
update=364 global_step=745472 SPS=586 w_ev=0.647 m_ev=0.296 m_v_bias=-2.1 m_adv_std=13.2829 m_kl_max=0.0253 m_ratio_max=0.637 return=-180.8 length=200 success_rate=0.00 collisions/ep=0.55 (n=11)
update=365 global_step=747520 SPS=587 w_ev=0.597 m_ev=0.436 m_v_bias=-1.7 m_adv_std=14.0027 m_kl_max=0.0243 m_ratio_max=0.556 return=-170.9 length=200 success_rate=0.00 collisions/ep=0.40 (n=10)
Evaluation at update 365: return=-154.06, length=200.00, success_rate=0.00, collisions/ep=0.00
Solved-check at update 365: solved=False worst_gap=1174.18 at p_x0=2.00 p_y0=-1.00 (consecutive=0)
update=366 global_step=749568 SPS=583 w_ev=0.603 m_ev=0.731 m_v_bias=-1.4 m_adv_std=5.8190 m_kl_max=0.0280 m_ratio_max=1.174 return=-156.5 length=200 success_rate=0.00 collisions/ep=0.10 (n=10)
update=367 global_step=751616 SPS=584 w_ev=0.627 m_ev=0.270 m_v_bias=7.2 m_adv_std=36.4823 m_kl_max=0.0289 m_ratio_max=0.694 return=-157.4 length=200 success_rate=0.00 collisions/ep=0.00 (n=10)
update=368 global_step=753664 SPS=585 w_ev=0.624 m_ev=0.718 m_v_bias=-0.4 m_adv_std=7.8709 m_kl_max=0.0178 m_ratio_max=0.832 return=-183.7 length=200 success_rate=0.00 collisions/ep=0.58 (n=12)
update=369 global_step=755712 SPS=586 w_ev=0.651 m_ev=0.957 m_v_bias=-1.9 m_adv_std=2.6710 m_kl_max=0.0332 m_ratio_max=0.676 return=-152.6 length=200 success_rate=0.00 collisions/ep=0.00 (n=8)
update=370 global_step=757760 SPS=587 w_ev=0.605 m_ev=0.985 m_v_bias=-1.6 m_adv_std=1.5329 m_kl_max=0.0359 m_ratio_max=0.884 return=-149.9 length=200 success_rate=0.00 collisions/ep=0.00 (n=11)
Evaluation at update 370: return=-153.59, length=200.00, success_rate=0.00, collisions/ep=0.00
Solved-check at update 370: solved=False worst_gap=1173.07 at p_x0=2.00 p_y0=1.00 (consecutive=0)
update=371 global_step=759808 SPS=583 w_ev=0.548 m_ev=0.209 m_v_bias=3.2 m_adv_std=24.2430 m_kl_max=0.0245 m_ratio_max=0.844 return=-175.8 length=200 success_rate=0.00 collisions/ep=0.44 (n=9)
update=372 global_step=761856 SPS=584 w_ev=0.659 m_ev=0.950 m_v_bias=-2.9 m_adv_std=2.9030 m_kl_max=0.0074 m_ratio_max=0.337 return=-151.0 length=200 success_rate=0.00 collisions/ep=0.00 (n=12)
update=373 global_step=763904 SPS=585 w_ev=0.545 m_ev=0.975 m_v_bias=-2.0 m_adv_std=1.8446 m_kl_max=0.0242 m_ratio_max=0.803 return=-151.8 length=200 success_rate=0.00 collisions/ep=0.00 (n=9)
update=374 global_step=765952 SPS=586 w_ev=0.624 m_ev=0.820 m_v_bias=0.1 m_adv_std=6.0763 m_kl_max=0.0179 m_ratio_max=0.751 return=-151.6 length=200 success_rate=0.00 collisions/ep=0.00 (n=10)
update=375 global_step=768000 SPS=586 w_ev=0.644 m_ev=0.984 m_v_bias=-1.0 m_adv_std=1.4372 m_kl_max=0.0270 m_ratio_max=0.723 return=-157.6 length=200 success_rate=0.00 collisions/ep=0.08 (n=13)
Evaluation at update 375: return=-153.36, length=200.00, success_rate=0.00, collisions/ep=0.00
Solved-check at update 375: solved=False worst_gap=1174.05 at p_x0=2.00 p_y0=-0.50 (consecutive=0)
update=376 global_step=770048 SPS=583 w_ev=0.649 m_ev=0.088 m_v_bias=9.3 m_adv_std=34.6106 m_kl_max=0.0308 m_ratio_max=1.113 return=-166.7 length=200 success_rate=0.00 collisions/ep=0.25 (n=8)
update=377 global_step=772096 SPS=583 w_ev=0.633 m_ev=0.489 m_v_bias=-3.8 m_adv_std=14.0400 m_kl_max=0.0609 m_ratio_max=1.713 return=-190.7 length=200 success_rate=0.00 collisions/ep=0.73 (n=11)
update=378 global_step=774144 SPS=584 w_ev=0.566 m_ev=0.183 m_v_bias=10.6 m_adv_std=50.5494 m_kl_max=0.0195 m_ratio_max=0.698 return=-147.1 length=200 success_rate=0.00 collisions/ep=0.00 (n=9)
update=379 global_step=776192 SPS=585 w_ev=0.665 m_ev=0.676 m_v_bias=-6.4 m_adv_std=7.8124 m_kl_max=0.0212 m_ratio_max=1.267 return=-206.0 length=200 success_rate=0.00 collisions/ep=1.08 (n=12)
update=380 global_step=778240 SPS=586 w_ev=0.582 m_ev=0.242 m_v_bias=5.2 m_adv_std=45.7554 m_kl_max=0.0416 m_ratio_max=1.748 return=-203.0 length=200 success_rate=0.00 collisions/ep=1.00 (n=8)
Evaluation at update 380: return=-151.85, length=200.00, success_rate=0.00, collisions/ep=0.00
Solved-check at update 380: solved=False worst_gap=1172.49 at p_x0=2.00 p_y0=-1.00 (consecutive=0)
update=381 global_step=780288 SPS=582 w_ev=0.569 m_ev=0.659 m_v_bias=-2.9 m_adv_std=8.9263 m_kl_max=0.0200 m_ratio_max=0.736 return=-148.0 length=200 success_rate=0.00 collisions/ep=0.00 (n=11)
update=382 global_step=782336 SPS=583 w_ev=0.632 m_ev=0.956 m_v_bias=-4.4 m_adv_std=2.6617 m_kl_max=0.0168 m_ratio_max=0.624 return=-153.1 length=200 success_rate=0.00 collisions/ep=0.09 (n=11)
update=383 global_step=784384 SPS=584 w_ev=0.662 m_ev=0.982 m_v_bias=-3.0 m_adv_std=1.7987 m_kl_max=0.0231 m_ratio_max=1.300 return=-149.5 length=200 success_rate=0.00 collisions/ep=0.00 (n=10)
update=384 global_step=786432 SPS=585 w_ev=0.627 m_ev=0.982 m_v_bias=-1.6 m_adv_std=1.6928 m_kl_max=0.0187 m_ratio_max=0.681 return=-152.4 length=200 success_rate=0.00 collisions/ep=0.00 (n=10)
update=385 global_step=788480 SPS=586 w_ev=0.577 m_ev=0.089 m_v_bias=15.6 m_adv_std=81.2439 m_kl_max=0.0198 m_ratio_max=0.832 return=-151.1 length=200 success_rate=0.00 collisions/ep=0.00 (n=10)
Evaluation at update 385: return=-151.48, length=200.00, success_rate=0.00, collisions/ep=0.00
Solved-check at update 385: solved=False worst_gap=1172.18 at p_x0=2.00 p_y0=1.00 (consecutive=0)
update=386 global_step=790528 SPS=582 w_ev=0.672 m_ev=0.789 m_v_bias=-7.3 m_adv_std=6.4362 m_kl_max=0.0141 m_ratio_max=0.599 return=-210.1 length=200 success_rate=0.00 collisions/ep=1.17 (n=12)
update=387 global_step=792576 SPS=583 w_ev=0.588 m_ev=0.731 m_v_bias=-3.4 m_adv_std=6.3957 m_kl_max=0.0087 m_ratio_max=0.442 return=-149.7 length=200 success_rate=0.00 collisions/ep=0.00 (n=8)
update=388 global_step=794624 SPS=584 w_ev=0.683 m_ev=0.969 m_v_bias=-3.1 m_adv_std=2.2877 m_kl_max=0.0224 m_ratio_max=0.780 return=-155.1 length=200 success_rate=0.00 collisions/ep=0.09 (n=11)
update=389 global_step=796672 SPS=584 w_ev=0.631 m_ev=0.130 m_v_bias=13.8 m_adv_std=69.0533 m_kl_max=0.0384 m_ratio_max=1.535 return=-245.5 length=200 success_rate=0.00 collisions/ep=1.91 (n=11)
update=390 global_step=798720 SPS=585 w_ev=0.637 m_ev=0.686 m_v_bias=-4.2 m_adv_std=8.4574 m_kl_max=0.0108 m_ratio_max=0.551 return=-149.5 length=200 success_rate=0.00 collisions/ep=0.00 (n=10)
Evaluation at update 390: return=-151.46, length=200.00, success_rate=0.00, collisions/ep=0.00
Solved-check at update 390: solved=False worst_gap=1171.76 at p_x0=2.00 p_y0=0.50 (consecutive=0)
update=391 global_step=800768 SPS=582 w_ev=0.648 m_ev=0.734 m_v_bias=-2.3 m_adv_std=7.2098 m_kl_max=0.0166 m_ratio_max=0.906 return=-159.0 length=200 success_rate=0.00 collisions/ep=0.10 (n=10)
update=392 global_step=802816 SPS=582 w_ev=0.567 m_ev=0.983 m_v_bias=-2.5 m_adv_std=1.7723 m_kl_max=0.0197 m_ratio_max=0.637 return=-149.2 length=200 success_rate=0.00 collisions/ep=0.00 (n=10)
update=393 global_step=804864 SPS=583 w_ev=0.593 m_ev=0.987 m_v_bias=-1.8 m_adv_std=1.4600 m_kl_max=0.0304 m_ratio_max=0.760 return=-149.2 length=200 success_rate=0.00 collisions/ep=0.00 (n=12)
update=394 global_step=806912 SPS=584 w_ev=0.594 m_ev=0.334 m_v_bias=7.9 m_adv_std=23.2320 m_kl_max=0.0264 m_ratio_max=0.779 return=-175.4 length=200 success_rate=0.00 collisions/ep=0.50 (n=8)
update=395 global_step=808960 SPS=585 w_ev=0.620 m_ev=0.885 m_v_bias=-3.0 m_adv_std=5.0477 m_kl_max=0.0081 m_ratio_max=0.376 return=-159.5 length=200 success_rate=0.00 collisions/ep=0.27 (n=11)
Evaluation at update 395: return=-150.84, length=200.00, success_rate=0.00, collisions/ep=0.00
Solved-check at update 395: solved=False worst_gap=1172.27 at p_x0=2.00 p_y0=-1.00 (consecutive=0)
update=396 global_step=811008 SPS=582 w_ev=0.628 m_ev=0.118 m_v_bias=4.6 m_adv_std=38.5297 m_kl_max=0.0182 m_ratio_max=0.752 return=-185.8 length=200 success_rate=0.00 collisions/ep=0.78 (n=9)
update=397 global_step=813056 SPS=582 w_ev=0.604 m_ev=0.647 m_v_bias=-3.4 m_adv_std=9.8217 m_kl_max=0.0550 m_ratio_max=1.069 return=-151.0 length=200 success_rate=0.00 collisions/ep=0.08 (n=12)
update=398 global_step=815104 SPS=583 w_ev=0.491 m_ev=0.934 m_v_bias=-3.9 m_adv_std=2.9248 m_kl_max=0.0246 m_ratio_max=1.036 return=-154.6 length=200 success_rate=0.00 collisions/ep=0.11 (n=9)
update=399 global_step=817152 SPS=584 w_ev=0.486 m_ev=0.194 m_v_bias=41.1 m_adv_std=80.6556 m_kl_max=0.0306 m_ratio_max=0.929 return=-239.2 length=200 success_rate=0.00 collisions/ep=1.80 (n=10)
update=400 global_step=819200 SPS=585 w_ev=0.577 m_ev=0.355 m_v_bias=-8.9 m_adv_std=31.2915 m_kl_max=0.0288 m_ratio_max=1.070 return=-224.7 length=200 success_rate=0.00 collisions/ep=1.54 (n=13)
Evaluation at update 400: return=-149.94, length=200.00, success_rate=0.00, collisions/ep=0.00
Solved-check at update 400: solved=False worst_gap=1170.87 at p_x0=2.00 p_y0=1.00 (consecutive=0)
update=401 global_step=821248 SPS=582 w_ev=0.567 m_ev=0.436 m_v_bias=-11.8 m_adv_std=12.0002 m_kl_max=0.0269 m_ratio_max=1.615 return=-150.0 length=200 success_rate=0.00 collisions/ep=0.00 (n=8)
update=402 global_step=823296 SPS=583 w_ev=0.637 m_ev=0.902 m_v_bias=-9.3 m_adv_std=4.4516 m_kl_max=0.0125 m_ratio_max=0.619 return=-155.1 length=200 success_rate=0.00 collisions/ep=0.09 (n=11)
update=403 global_step=825344 SPS=584 w_ev=0.586 m_ev=0.349 m_v_bias=-0.5 m_adv_std=18.8738 m_kl_max=0.0334 m_ratio_max=0.943 return=-147.7 length=200 success_rate=0.00 collisions/ep=0.00 (n=9)
update=404 global_step=827392 SPS=584 w_ev=0.645 m_ev=0.895 m_v_bias=-4.2 m_adv_std=4.7139 m_kl_max=0.0250 m_ratio_max=1.286 return=-167.3 length=200 success_rate=0.00 collisions/ep=0.33 (n=12)
update=405 global_step=829440 SPS=585 w_ev=0.639 m_ev=0.899 m_v_bias=-2.8 m_adv_std=4.0389 m_kl_max=0.0319 m_ratio_max=0.810 return=-149.3 length=200 success_rate=0.00 collisions/ep=0.00 (n=8)
Evaluation at update 405: return=-151.92, length=200.00, success_rate=0.00, collisions/ep=0.00
Solved-check at update 405: solved=False worst_gap=1172.50 at p_x0=2.00 p_y0=-0.50 (consecutive=0)
update=406 global_step=831488 SPS=582 w_ev=0.653 m_ev=0.809 m_v_bias=-1.5 m_adv_std=6.6105 m_kl_max=0.0339 m_ratio_max=1.776 return=-155.4 length=200 success_rate=0.00 collisions/ep=0.09 (n=11)
update=407 global_step=833536 SPS=582 w_ev=0.690 m_ev=0.777 m_v_bias=-1.3 m_adv_std=5.6466 m_kl_max=0.0158 m_ratio_max=0.472 return=-152.2 length=200 success_rate=0.00 collisions/ep=0.00 (n=11)
update=408 global_step=835584 SPS=583 w_ev=0.622 m_ev=0.259 m_v_bias=3.6 m_adv_std=26.4459 m_kl_max=0.0370 m_ratio_max=1.102 return=-177.1 length=200 success_rate=0.00 collisions/ep=0.50 (n=10)
update=409 global_step=837632 SPS=584 w_ev=0.634 m_ev=0.944 m_v_bias=-2.0 m_adv_std=2.8523 m_kl_max=0.0332 m_ratio_max=1.500 return=-161.3 length=200 success_rate=0.00 collisions/ep=0.20 (n=10)
update=410 global_step=839680 SPS=585 w_ev=0.567 m_ev=0.981 m_v_bias=-1.8 m_adv_std=1.8377 m_kl_max=0.0395 m_ratio_max=1.230 return=-151.5 length=200 success_rate=0.00 collisions/ep=0.00 (n=10)
Evaluation at update 410: return=-152.62, length=200.00, success_rate=0.00, collisions/ep=0.00
Solved-check at update 410: solved=False worst_gap=1173.18 at p_x0=2.00 p_y0=-1.00 (consecutive=0)
update=411 global_step=841728 SPS=582 w_ev=0.643 m_ev=0.987 m_v_bias=-1.7 m_adv_std=1.5437 m_kl_max=0.0425 m_ratio_max=1.230 return=-150.4 length=200 success_rate=0.00 collisions/ep=0.00 (n=12)
update=412 global_step=843776 SPS=583 w_ev=0.563 m_ev=0.994 m_v_bias=-0.9 m_adv_std=0.9595 m_kl_max=0.0197 m_ratio_max=0.705 return=-149.3 length=200 success_rate=0.00 collisions/ep=0.00 (n=8)
update=413 global_step=845824 SPS=583 w_ev=0.674 m_ev=0.995 m_v_bias=-0.8 m_adv_std=0.9284 m_kl_max=0.0182 m_ratio_max=0.601 return=-148.9 length=200 success_rate=0.00 collisions/ep=0.00 (n=11)
update=414 global_step=847872 SPS=584 w_ev=0.635 m_ev=0.992 m_v_bias=-0.5 m_adv_std=1.1835 m_kl_max=0.0201 m_ratio_max=0.834 return=-146.7 length=200 success_rate=0.00 collisions/ep=0.00 (n=11)
update=415 global_step=849920 SPS=585 w_ev=0.661 m_ev=0.996 m_v_bias=-0.5 m_adv_std=0.8710 m_kl_max=0.0475 m_ratio_max=0.956 return=-145.9 length=200 success_rate=0.00 collisions/ep=0.00 (n=10)
Evaluation at update 415: return=-150.12, length=200.00, success_rate=0.00, collisions/ep=0.00
Solved-check at update 415: solved=False worst_gap=1170.44 at p_x0=2.00 p_y0=0.00 (consecutive=0)
update=416 global_step=851968 SPS=582 w_ev=0.656 m_ev=0.161 m_v_bias=22.8 m_adv_std=69.4945 m_kl_max=0.0236 m_ratio_max=0.744 return=-254.0 length=200 success_rate=0.00 collisions/ep=2.20 (n=10)
update=417 global_step=854016 SPS=583 w_ev=0.627 m_ev=0.482 m_v_bias=-6.8 m_adv_std=10.6053 m_kl_max=0.0325 m_ratio_max=0.796 return=-150.7 length=200 success_rate=0.00 collisions/ep=0.00 (n=10)
update=418 global_step=856064 SPS=583 w_ev=0.729 m_ev=0.948 m_v_bias=-5.6 m_adv_std=3.2278 m_kl_max=0.0177 m_ratio_max=0.777 return=-151.8 length=200 success_rate=0.00 collisions/ep=0.00 (n=12)
update=419 global_step=858112 SPS=584 w_ev=0.618 m_ev=0.970 m_v_bias=-3.3 m_adv_std=2.1678 m_kl_max=0.0230 m_ratio_max=1.046 return=-152.1 length=200 success_rate=0.00 collisions/ep=0.00 (n=8)
update=420 global_step=860160 SPS=585 w_ev=0.628 m_ev=0.987 m_v_bias=-2.3 m_adv_std=1.5151 m_kl_max=0.0163 m_ratio_max=0.727 return=-151.9 length=200 success_rate=0.00 collisions/ep=0.00 (n=11)
Evaluation at update 420: return=-150.35, length=200.00, success_rate=0.00, collisions/ep=0.00
Solved-check at update 420: solved=False worst_gap=1171.00 at p_x0=2.00 p_y0=-1.00 (consecutive=0)
update=421 global_step=862208 SPS=582 w_ev=0.586 m_ev=0.992 m_v_bias=-1.3 m_adv_std=1.1414 m_kl_max=0.0240 m_ratio_max=0.782 return=-147.6 length=200 success_rate=0.00 collisions/ep=0.00 (n=9)
update=422 global_step=864256 SPS=583 w_ev=0.711 m_ev=0.169 m_v_bias=8.6 m_adv_std=50.5778 m_kl_max=0.0528 m_ratio_max=1.207 return=-148.5 length=200 success_rate=0.00 collisions/ep=0.00 (n=12)
update=423 global_step=866304 SPS=584 w_ev=0.648 m_ev=0.916 m_v_bias=-4.4 m_adv_std=3.5887 m_kl_max=0.0084 m_ratio_max=0.449 return=-197.5 length=200 success_rate=0.00 collisions/ep=1.00 (n=9)
update=424 global_step=868352 SPS=584 w_ev=0.648 m_ev=0.190 m_v_bias=11.7 m_adv_std=58.6709 m_kl_max=0.0170 m_ratio_max=0.848 return=-197.7 length=200 success_rate=0.00 collisions/ep=1.00 (n=10)
update=425 global_step=870400 SPS=585 w_ev=0.616 m_ev=0.406 m_v_bias=-2.2 m_adv_std=11.4798 m_kl_max=0.0279 m_ratio_max=1.197 return=-151.8 length=200 success_rate=0.00 collisions/ep=0.08 (n=13)
Evaluation at update 425: return=-150.33, length=200.00, success_rate=0.00, collisions/ep=0.00
Solved-check at update 425: solved=False worst_gap=1171.64 at p_x0=2.00 p_y0=0.50 (consecutive=0)
update=426 global_step=872448 SPS=582 w_ev=0.670 m_ev=0.970 m_v_bias=-3.3 m_adv_std=2.3000 m_kl_max=0.0329 m_ratio_max=0.930 return=-156.3 length=200 success_rate=0.00 collisions/ep=0.12 (n=8)
update=427 global_step=874496 SPS=583 w_ev=0.642 m_ev=0.113 m_v_bias=7.9 m_adv_std=45.6001 m_kl_max=0.0377 m_ratio_max=1.784 return=-153.2 length=200 success_rate=0.00 collisions/ep=0.09 (n=11)
update=428 global_step=876544 SPS=584 w_ev=0.589 m_ev=0.534 m_v_bias=-5.7 m_adv_std=10.2896 m_kl_max=0.0067 m_ratio_max=0.420 return=-201.3 length=200 success_rate=0.00 collisions/ep=1.11 (n=9)
update=429 global_step=878592 SPS=584 w_ev=0.639 m_ev=0.239 m_v_bias=4.7 m_adv_std=31.1555 m_kl_max=0.0287 m_ratio_max=1.063 return=-169.4 length=200 success_rate=0.00 collisions/ep=0.42 (n=12)
update=430 global_step=880640 SPS=585 w_ev=0.555 m_ev=0.915 m_v_bias=-3.9 m_adv_std=3.8926 m_kl_max=0.0190 m_ratio_max=0.754 return=-150.8 length=200 success_rate=0.00 collisions/ep=0.00 (n=8)
Evaluation at update 430: return=-151.46, length=200.00, success_rate=0.00, collisions/ep=0.00
Solved-check at update 430: solved=False worst_gap=1171.49 at p_x0=2.00 p_y0=-1.00 (consecutive=0)
update=431 global_step=882688 SPS=582 w_ev=0.600 m_ev=0.980 m_v_bias=-2.7 m_adv_std=1.9053 m_kl_max=0.0167 m_ratio_max=0.583 return=-150.3 length=200 success_rate=0.00 collisions/ep=0.00 (n=11)
update=432 global_step=884736 SPS=583 w_ev=0.684 m_ev=0.991 m_v_bias=-1.7 m_adv_std=1.1675 m_kl_max=0.0386 m_ratio_max=1.020 return=-150.6 length=200 success_rate=0.00 collisions/ep=0.00 (n=11)
update=433 global_step=886784 SPS=584 w_ev=0.582 m_ev=0.361 m_v_bias=2.4 m_adv_std=20.4711 m_kl_max=0.0770 m_ratio_max=4.993 return=-176.7 length=200 success_rate=0.00 collisions/ep=0.50 (n=10)
update=434 global_step=888832 SPS=584 w_ev=0.579 m_ev=0.601 m_v_bias=0.1 m_adv_std=7.6009 m_kl_max=0.0129 m_ratio_max=0.597 return=-154.2 length=200 success_rate=0.00 collisions/ep=0.10 (n=10)
update=435 global_step=890880 SPS=585 w_ev=0.603 m_ev=0.258 m_v_bias=1.1 m_adv_std=22.5960 m_kl_max=0.0303 m_ratio_max=1.378 return=-175.5 length=200 success_rate=0.00 collisions/ep=0.50 (n=10)
Evaluation at update 435: return=-151.62, length=200.00, success_rate=0.00, collisions/ep=0.00
Solved-check at update 435: solved=False worst_gap=1172.07 at p_x0=2.00 p_y0=1.00 (consecutive=0)
update=436 global_step=892928 SPS=582 w_ev=0.663 m_ev=0.781 m_v_bias=-1.4 m_adv_std=6.3887 m_kl_max=0.0208 m_ratio_max=0.596 return=-148.6 length=200 success_rate=0.00 collisions/ep=0.00 (n=12)
update=437 global_step=894976 SPS=583 w_ev=0.538 m_ev=0.822 m_v_bias=-1.4 m_adv_std=4.9205 m_kl_max=0.0372 m_ratio_max=0.692 return=-154.5 length=200 success_rate=0.00 collisions/ep=0.12 (n=8)
update=438 global_step=897024 SPS=584 w_ev=0.604 m_ev=0.809 m_v_bias=-0.7 m_adv_std=5.4980 m_kl_max=0.0160 m_ratio_max=0.814 return=-157.4 length=200 success_rate=0.00 collisions/ep=0.09 (n=11)
update=439 global_step=899072 SPS=585 w_ev=0.528 m_ev=0.215 m_v_bias=7.4 m_adv_std=40.1366 m_kl_max=0.0101 m_ratio_max=0.806 return=-214.4 length=200 success_rate=0.00 collisions/ep=1.36 (n=11)
update=440 global_step=901120 SPS=585 w_ev=0.647 m_ev=0.465 m_v_bias=-1.3 m_adv_std=20.7363 m_kl_max=0.0147 m_ratio_max=0.483 return=-180.9 length=200 success_rate=0.00 collisions/ep=0.60 (n=10)
Evaluation at update 440: return=-150.03, length=200.00, success_rate=0.00, collisions/ep=0.00
Solved-check at update 440: solved=False worst_gap=1170.77 at p_x0=2.00 p_y0=1.00 (consecutive=0)
update=441 global_step=903168 SPS=582 w_ev=0.581 m_ev=0.331 m_v_bias=0.8 m_adv_std=13.9356 m_kl_max=0.0168 m_ratio_max=0.687 return=-149.4 length=200 success_rate=0.00 collisions/ep=0.00 (n=10)
update=442 global_step=905216 SPS=583 w_ev=0.681 m_ev=0.284 m_v_bias=1.3 m_adv_std=25.7459 m_kl_max=0.0439 m_ratio_max=1.748 return=-182.7 length=200 success_rate=0.00 collisions/ep=0.70 (n=10)
update=443 global_step=907264 SPS=584 w_ev=0.615 m_ev=0.755 m_v_bias=0.2 m_adv_std=7.8035 m_kl_max=0.0320 m_ratio_max=1.564 return=-144.1 length=200 success_rate=0.00 collisions/ep=0.00 (n=12)
update=444 global_step=909312 SPS=585 w_ev=0.636 m_ev=0.686 m_v_bias=-1.0 m_adv_std=7.2499 m_kl_max=0.0229 m_ratio_max=0.776 return=-159.4 length=200 success_rate=0.00 collisions/ep=0.25 (n=8)
update=445 global_step=911360 SPS=586 w_ev=0.679 m_ev=0.738 m_v_bias=-1.0 m_adv_std=6.6972 m_kl_max=0.0361 m_ratio_max=1.259 return=-151.7 length=200 success_rate=0.00 collisions/ep=0.09 (n=11)
Evaluation at update 445: return=-149.57, length=200.00, success_rate=0.00, collisions/ep=0.00
Solved-check at update 445: solved=False worst_gap=1169.31 at p_x0=2.00 p_y0=0.00 (consecutive=0)
update=446 global_step=913408 SPS=582 w_ev=0.567 m_ev=0.182 m_v_bias=6.4 m_adv_std=36.8701 m_kl_max=0.0251 m_ratio_max=0.977 return=-206.5 length=200 success_rate=0.00 collisions/ep=1.11 (n=9)
update=447 global_step=915456 SPS=583 w_ev=0.626 m_ev=0.361 m_v_bias=4.4 m_adv_std=26.4963 m_kl_max=0.0630 m_ratio_max=2.119 return=-177.4 length=200 success_rate=0.00 collisions/ep=0.58 (n=12)
update=448 global_step=917504 SPS=584 w_ev=0.600 m_ev=0.831 m_v_bias=-3.4 m_adv_std=5.5089 m_kl_max=0.0208 m_ratio_max=0.744 return=-146.2 length=200 success_rate=0.00 collisions/ep=0.00 (n=9)
update=449 global_step=919552 SPS=585 w_ev=0.705 m_ev=0.971 m_v_bias=-3.1 m_adv_std=2.2612 m_kl_max=0.0223 m_ratio_max=0.726 return=-147.7 length=200 success_rate=0.00 collisions/ep=0.00 (n=10)
update=450 global_step=921600 SPS=585 w_ev=0.619 m_ev=0.843 m_v_bias=-1.1 m_adv_std=5.1800 m_kl_max=0.0187 m_ratio_max=0.813 return=-149.9 length=200 success_rate=0.00 collisions/ep=0.00 (n=13)
Evaluation at update 450: return=-150.03, length=200.00, success_rate=0.00, collisions/ep=0.00
Solved-check at update 450: solved=False worst_gap=1169.87 at p_x0=2.00 p_y0=-0.50 (consecutive=0)
update=451 global_step=923648 SPS=582 w_ev=0.657 m_ev=0.823 m_v_bias=-0.9 m_adv_std=5.9539 m_kl_max=0.0524 m_ratio_max=1.384 return=-154.9 length=200 success_rate=0.00 collisions/ep=0.12 (n=8)
update=452 global_step=925696 SPS=583 w_ev=0.686 m_ev=0.232 m_v_bias=5.5 m_adv_std=45.8585 m_kl_max=0.0127 m_ratio_max=0.522 return=-193.5 length=200 success_rate=0.00 collisions/ep=0.91 (n=11)
update=453 global_step=927744 SPS=584 w_ev=0.600 m_ev=0.922 m_v_bias=-2.4 m_adv_std=3.8651 m_kl_max=0.0110 m_ratio_max=0.524 return=-151.5 length=200 success_rate=0.00 collisions/ep=0.00 (n=9)
update=454 global_step=929792 SPS=585 w_ev=0.748 m_ev=0.106 m_v_bias=7.2 m_adv_std=39.7630 m_kl_max=0.0210 m_ratio_max=0.883 return=-173.5 length=200 success_rate=0.00 collisions/ep=0.50 (n=12)
update=455 global_step=931840 SPS=585 w_ev=0.625 m_ev=0.830 m_v_bias=-6.2 m_adv_std=5.1982 m_kl_max=0.0299 m_ratio_max=1.442 return=-170.8 length=200 success_rate=0.00 collisions/ep=0.50 (n=8)
Evaluation at update 455: return=-150.15, length=200.00, success_rate=0.00, collisions/ep=0.00
Solved-check at update 455: solved=False worst_gap=1170.21 at p_x0=2.00 p_y0=1.00 (consecutive=0)
update=456 global_step=933888 SPS=582 w_ev=0.655 m_ev=0.974 m_v_bias=-2.2 m_adv_std=2.2670 m_kl_max=0.0264 m_ratio_max=0.637 return=-148.9 length=200 success_rate=0.00 collisions/ep=0.00 (n=11)
update=457 global_step=935936 SPS=583 w_ev=0.594 m_ev=0.985 m_v_bias=-2.0 m_adv_std=1.5079 m_kl_max=0.0446 m_ratio_max=1.498 return=-148.5 length=200 success_rate=0.00 collisions/ep=0.00 (n=11)
update=458 global_step=937984 SPS=584 w_ev=0.634 m_ev=0.054 m_v_bias=14.3 m_adv_std=57.7052 m_kl_max=0.0248 m_ratio_max=0.722 return=-215.5 length=200 success_rate=0.00 collisions/ep=1.30 (n=10)
update=459 global_step=940032 SPS=585 w_ev=0.609 m_ev=0.815 m_v_bias=-6.3 m_adv_std=6.0452 m_kl_max=0.0299 m_ratio_max=0.984 return=-151.2 length=200 success_rate=0.00 collisions/ep=0.10 (n=10)
update=460 global_step=942080 SPS=586 w_ev=0.631 m_ev=0.979 m_v_bias=-3.8 m_adv_std=2.0377 m_kl_max=0.0394 m_ratio_max=0.711 return=-147.6 length=200 success_rate=0.00 collisions/ep=0.00 (n=10)
Evaluation at update 460: return=-150.15, length=200.00, success_rate=0.00, collisions/ep=0.00
Solved-check at update 460: solved=False worst_gap=1169.97 at p_x0=2.00 p_y0=1.00 (consecutive=0)
update=461 global_step=944128 SPS=583 w_ev=0.631 m_ev=0.988 m_v_bias=-1.9 m_adv_std=1.4395 m_kl_max=0.0418 m_ratio_max=1.258 return=-148.4 length=200 success_rate=0.00 collisions/ep=0.00 (n=12)
update=462 global_step=946176 SPS=583 w_ev=0.649 m_ev=0.992 m_v_bias=-1.3 m_adv_std=1.1417 m_kl_max=0.0407 m_ratio_max=1.599 return=-150.7 length=200 success_rate=0.00 collisions/ep=0.00 (n=8)
update=463 global_step=948224 SPS=584 w_ev=0.611 m_ev=0.123 m_v_bias=17.8 m_adv_std=64.2146 m_kl_max=0.0200 m_ratio_max=0.813 return=-170.4 length=200 success_rate=0.00 collisions/ep=0.45 (n=11)
update=464 global_step=950272 SPS=585 w_ev=0.566 m_ev=0.783 m_v_bias=-6.5 m_adv_std=6.4331 m_kl_max=0.0251 m_ratio_max=0.662 return=-200.9 length=200 success_rate=0.00 collisions/ep=1.00 (n=11)
update=465 global_step=952320 SPS=586 w_ev=0.679 m_ev=0.230 m_v_bias=5.6 m_adv_std=42.2365 m_kl_max=0.0457 m_ratio_max=1.134 return=-202.5 length=200 success_rate=0.00 collisions/ep=1.10 (n=10)
Evaluation at update 465: return=-149.37, length=200.00, success_rate=0.00, collisions/ep=0.00
Solved-check at update 465: solved=False worst_gap=1167.97 at p_x0=2.00 p_y0=1.00 (consecutive=0)
update=466 global_step=954368 SPS=583 w_ev=0.605 m_ev=0.560 m_v_bias=-3.5 m_adv_std=9.4278 m_kl_max=0.0136 m_ratio_max=0.590 return=-144.0 length=200 success_rate=0.00 collisions/ep=0.00 (n=10)
update=467 global_step=956416 SPS=584 w_ev=0.566 m_ev=0.169 m_v_bias=3.3 m_adv_std=27.1963 m_kl_max=0.0304 m_ratio_max=1.058 return=-153.4 length=200 success_rate=0.00 collisions/ep=0.10 (n=10)
update=468 global_step=958464 SPS=584 w_ev=0.569 m_ev=0.797 m_v_bias=-5.2 m_adv_std=7.2083 m_kl_max=0.0147 m_ratio_max=0.632 return=-176.4 length=200 success_rate=0.00 collisions/ep=0.58 (n=12)
update=469 global_step=960512 SPS=585 w_ev=0.560 m_ev=0.220 m_v_bias=5.9 m_adv_std=34.9929 m_kl_max=0.0154 m_ratio_max=0.649 return=-202.1 length=200 success_rate=0.00 collisions/ep=1.12 (n=8)
update=470 global_step=962560 SPS=586 w_ev=0.557 m_ev=0.219 m_v_bias=4.2 m_adv_std=36.4604 m_kl_max=0.0367 m_ratio_max=1.663 return=-174.6 length=200 success_rate=0.00 collisions/ep=0.55 (n=11)
Evaluation at update 470: return=-149.40, length=200.00, success_rate=0.00, collisions/ep=0.00
Solved-check at update 470: solved=False worst_gap=1168.75 at p_x0=2.00 p_y0=1.00 (consecutive=0)
update=471 global_step=964608 SPS=583 w_ev=0.560 m_ev=0.889 m_v_bias=-6.6 m_adv_std=5.1191 m_kl_max=0.0189 m_ratio_max=0.928 return=-150.8 length=200 success_rate=0.00 collisions/ep=0.00 (n=9)
update=472 global_step=966656 SPS=584 w_ev=0.612 m_ev=0.946 m_v_bias=-4.2 m_adv_std=3.6538 m_kl_max=0.0115 m_ratio_max=0.647 return=-144.9 length=200 success_rate=0.00 collisions/ep=0.00 (n=12)
update=473 global_step=968704 SPS=585 w_ev=0.518 m_ev=0.368 m_v_bias=0.1 m_adv_std=17.6462 m_kl_max=0.0298 m_ratio_max=0.844 return=-162.7 length=200 success_rate=0.00 collisions/ep=0.33 (n=9)
update=474 global_step=970752 SPS=585 w_ev=0.593 m_ev=0.771 m_v_bias=-2.7 m_adv_std=6.2551 m_kl_max=0.0241 m_ratio_max=0.813 return=-156.7 length=200 success_rate=0.00 collisions/ep=0.20 (n=10)
update=475 global_step=972800 SPS=586 w_ev=0.653 m_ev=0.185 m_v_bias=5.9 m_adv_std=53.1053 m_kl_max=0.0269 m_ratio_max=0.811 return=-187.7 length=200 success_rate=0.00 collisions/ep=0.77 (n=13)
Evaluation at update 475: return=-149.88, length=200.00, success_rate=0.00, collisions/ep=0.00
Solved-check at update 475: solved=False worst_gap=1169.49 at p_x0=2.00 p_y0=-1.00 (consecutive=0)
update=476 global_step=974848 SPS=584 w_ev=0.494 m_ev=0.969 m_v_bias=-3.5 m_adv_std=2.5014 m_kl_max=0.0311 m_ratio_max=0.851 return=-148.9 length=200 success_rate=0.00 collisions/ep=0.00 (n=8)
update=477 global_step=976896 SPS=585 w_ev=0.510 m_ev=0.561 m_v_bias=-0.0 m_adv_std=11.8942 m_kl_max=0.0282 m_ratio_max=1.181 return=-155.5 length=200 success_rate=0.00 collisions/ep=0.18 (n=11)
update=478 global_step=978944 SPS=586 w_ev=0.538 m_ev=0.153 m_v_bias=6.4 m_adv_std=36.5851 m_kl_max=0.0365 m_ratio_max=1.157 return=-186.9 length=200 success_rate=0.00 collisions/ep=0.78 (n=9)
update=479 global_step=980992 SPS=587 w_ev=0.584 m_ev=0.764 m_v_bias=-4.4 m_adv_std=7.3566 m_kl_max=0.0329 m_ratio_max=0.728 return=-148.9 length=200 success_rate=0.00 collisions/ep=0.00 (n=12)
update=480 global_step=983040 SPS=587 w_ev=0.509 m_ev=0.785 m_v_bias=-2.6 m_adv_std=5.6226 m_kl_max=0.0199 m_ratio_max=0.795 return=-149.1 length=200 success_rate=0.00 collisions/ep=0.00 (n=8)
Evaluation at update 480: return=-150.11, length=200.00, success_rate=0.00, collisions/ep=0.00
Solved-check at update 480: solved=False worst_gap=1169.35 at p_x0=2.00 p_y0=0.00 (consecutive=0)
update=481 global_step=985088 SPS=586 w_ev=0.598 m_ev=0.985 m_v_bias=-2.4 m_adv_std=1.7538 m_kl_max=0.0269 m_ratio_max=0.743 return=-155.3 length=200 success_rate=0.00 collisions/ep=0.09 (n=11)
update=482 global_step=987136 SPS=587 w_ev=0.567 m_ev=0.076 m_v_bias=7.1 m_adv_std=37.6815 m_kl_max=0.0263 m_ratio_max=0.810 return=-146.8 length=200 success_rate=0.00 collisions/ep=0.00 (n=11)
update=483 global_step=989184 SPS=588 w_ev=0.610 m_ev=0.929 m_v_bias=-5.0 m_adv_std=6.9662 m_kl_max=0.0645 m_ratio_max=2.315 return=-192.7 length=200 success_rate=0.00 collisions/ep=0.90 (n=10)
update=484 global_step=991232 SPS=589 w_ev=0.592 m_ev=0.972 m_v_bias=-2.5 m_adv_std=2.1685 m_kl_max=0.0142 m_ratio_max=0.734 return=-146.5 length=200 success_rate=0.00 collisions/ep=0.00 (n=10)
update=485 global_step=993280 SPS=590 w_ev=0.621 m_ev=0.968 m_v_bias=-1.6 m_adv_std=2.5410 m_kl_max=0.0519 m_ratio_max=1.312 return=-148.6 length=200 success_rate=0.00 collisions/ep=0.00 (n=10)
Evaluation at update 485: return=-149.40, length=200.00, success_rate=0.00, collisions/ep=0.00
Solved-check at update 485: solved=False worst_gap=1168.72 at p_x0=2.00 p_y0=0.00 (consecutive=0)
update=486 global_step=995328 SPS=589 w_ev=0.563 m_ev=0.240 m_v_bias=4.8 m_adv_std=31.7324 m_kl_max=0.0265 m_ratio_max=1.555 return=-164.4 length=200 success_rate=0.00 collisions/ep=0.42 (n=12)
update=487 global_step=997376 SPS=590 w_ev=0.574 m_ev=0.938 m_v_bias=-2.2 m_adv_std=3.4376 m_kl_max=0.0151 m_ratio_max=0.583 return=-148.7 length=200 success_rate=0.00 collisions/ep=0.00 (n=8)
update=488 global_step=999424 SPS=591 w_ev=0.646 m_ev=0.986 m_v_bias=-2.2 m_adv_std=1.6307 m_kl_max=0.0195 m_ratio_max=0.607 return=-146.8 length=200 success_rate=0.00 collisions/ep=0.00 (n=11)
Saved checkpoints to C:\Users\loren\Desktop\MASTER THESIS\5_CODE\scenarios\slalom\studies\blind_worker_box1.8\coef_0\runs\hppo_slalom_1_1790585255
