Using device: cpu
Solved-check: precomputed optimal returns for 25 fixed initial conditions (mean=1011.8, min=1007.0, max=1014.0); solved-tolerance=5.0
batch_size=1024 minibatch_size=256 num_updates=1000 timesteps=1024000
update=1 global_step=1024 SPS=1607 ev=-0.000 v_bias=48.2
update=2 global_step=2048 SPS=1633 ev=0.314 v_bias=23.4 return=-556.9 length=200 success_rate=0.00 collisions/ep=7.38 (n=8)
update=3 global_step=3072 SPS=1684 ev=0.340 v_bias=28.1
update=4 global_step=4096 SPS=1694 ev=0.034 v_bias=21.0 return=-546.1 length=200 success_rate=0.00 collisions/ep=6.88 (n=8)
update=5 global_step=5120 SPS=1657 ev=0.596 v_bias=5.9 return=-384.2 length=200 success_rate=0.00 collisions/ep=3.50 (n=8)
update=6 global_step=6144 SPS=1567 ev=0.387 v_bias=10.8
update=7 global_step=7168 SPS=1500 ev=0.785 v_bias=-0.8 return=-345.6 length=200 success_rate=0.00 collisions/ep=2.50 (n=8)
update=8 global_step=8192 SPS=1467 ev=0.299 v_bias=4.3 return=-252.2 length=200 success_rate=0.00 collisions/ep=0.62 (n=8)
update=9 global_step=9216 SPS=1467 ev=0.619 v_bias=1.6
update=10 global_step=10240 SPS=1475 ev=0.910 v_bias=1.8 return=-220.6 length=200 success_rate=0.00 collisions/ep=0.00 (n=8)
Evaluation at update 10: return=-220.94, length=200.00, success_rate=0.00, collisions/ep=0.00
Solved-check at update 10: solved=False worst_gap=1240.97 at p_x0=2.00 p_y0=0.50 (consecutive=0)
update=11 global_step=11264 SPS=526 ev=0.925 v_bias=1.2 return=-220.3 length=200 success_rate=0.00 collisions/ep=0.00 (n=8)
update=12 global_step=12288 SPS=555 ev=0.869 v_bias=1.6
update=13 global_step=13312 SPS=587 ev=0.916 v_bias=1.2 return=-220.6 length=200 success_rate=0.00 collisions/ep=0.00 (n=8)
update=14 global_step=14336 SPS=614 ev=-0.579 v_bias=0.9
update=15 global_step=15360 SPS=642 ev=0.931 v_bias=1.2 return=-220.8 length=200 success_rate=0.00 collisions/ep=0.00 (n=8)
update=16 global_step=16384 SPS=665 ev=0.963 v_bias=0.9 return=-220.5 length=200 success_rate=0.00 collisions/ep=0.00 (n=8)
update=17 global_step=17408 SPS=687 ev=-1.101 v_bias=0.5
update=18 global_step=18432 SPS=705 ev=0.949 v_bias=0.4 return=-220.4 length=200 success_rate=0.00 collisions/ep=0.00 (n=8)
update=19 global_step=19456 SPS=726 ev=0.960 v_bias=0.6 return=-220.8 length=200 success_rate=0.00 collisions/ep=0.00 (n=8)
update=20 global_step=20480 SPS=747 ev=0.641 v_bias=1.7
Evaluation at update 20: return=-220.93, length=200.00, success_rate=0.00, collisions/ep=0.00
Solved-check at update 20: solved=False worst_gap=1240.96 at p_x0=2.00 p_y0=0.50 (consecutive=0)
update=21 global_step=21504 SPS=519 ev=0.646 v_bias=4.6 return=-238.6 length=200 success_rate=0.00 collisions/ep=0.50 (n=8)
update=22 global_step=22528 SPS=535 ev=0.883 v_bias=-1.1 return=-251.0 length=200 success_rate=0.00 collisions/ep=0.62 (n=8)
update=23 global_step=23552 SPS=551 ev=0.908 v_bias=2.4
update=24 global_step=24576 SPS=567 ev=0.858 v_bias=0.7 return=-262.9 length=200 success_rate=0.00 collisions/ep=1.25 (n=8)
update=25 global_step=25600 SPS=582 ev=0.807 v_bias=-1.4 return=-220.6 length=200 success_rate=0.00 collisions/ep=0.00 (n=8)
update=26 global_step=26624 SPS=594 ev=0.907 v_bias=0.3
update=27 global_step=27648 SPS=606 ev=0.921 v_bias=-0.3 return=-210.1 length=200 success_rate=0.00 collisions/ep=0.00 (n=8)
update=28 global_step=28672 SPS=620 ev=0.952 v_bias=0.1
update=29 global_step=29696 SPS=632 ev=0.938 v_bias=-0.2 return=-219.0 length=200 success_rate=0.00 collisions/ep=0.12 (n=8)
update=30 global_step=30720 SPS=645 ev=0.682 v_bias=1.6 return=-264.5 length=200 success_rate=0.00 collisions/ep=1.25 (n=8)
Evaluation at update 30: return=-220.94, length=200.00, success_rate=0.00, collisions/ep=0.00
Solved-check at update 30: solved=False worst_gap=1240.96 at p_x0=2.00 p_y0=0.00 (consecutive=0)
update=31 global_step=31744 SPS=515 ev=0.836 v_bias=0.3
update=32 global_step=32768 SPS=525 ev=0.894 v_bias=-0.6 return=-220.8 length=200 success_rate=0.00 collisions/ep=0.00 (n=8)
update=33 global_step=33792 SPS=536 ev=0.797 v_bias=-1.1 return=-213.9 length=200 success_rate=0.00 collisions/ep=0.00 (n=8)
update=34 global_step=34816 SPS=546 ev=0.794 v_bias=0.4
update=35 global_step=35840 SPS=555 ev=0.931 v_bias=-1.1 return=-211.0 length=200 success_rate=0.00 collisions/ep=0.00 (n=8)
update=36 global_step=36864 SPS=566 ev=0.921 v_bias=-2.7 return=-175.5 length=200 success_rate=0.00 collisions/ep=0.00 (n=8)
update=37 global_step=37888 SPS=577 ev=0.885 v_bias=-1.0
update=38 global_step=38912 SPS=587 ev=0.905 v_bias=-1.3 return=-194.3 length=200 success_rate=0.00 collisions/ep=0.12 (n=8)
update=39 global_step=39936 SPS=597 ev=0.801 v_bias=-1.2
update=40 global_step=40960 SPS=607 ev=0.964 v_bias=-1.7 return=-183.7 length=200 success_rate=0.00 collisions/ep=0.38 (n=8)
Evaluation at update 40: return=-170.01, length=200.00, success_rate=0.00, collisions/ep=0.00
Solved-check at update 40: solved=False worst_gap=1189.53 at p_x0=2.00 p_y0=0.00 (consecutive=0)
update=41 global_step=41984 SPS=516 ev=0.959 v_bias=-2.5 return=-169.5 length=200 success_rate=0.00 collisions/ep=0.00 (n=8)
update=42 global_step=43008 SPS=524 ev=0.923 v_bias=-2.6
update=43 global_step=44032 SPS=531 ev=0.972 v_bias=-1.7 return=-181.4 length=200 success_rate=0.00 collisions/ep=0.00 (n=8)
update=44 global_step=45056 SPS=540 ev=0.975 v_bias=-2.2 return=-170.0 length=200 success_rate=0.00 collisions/ep=0.00 (n=8)
update=45 global_step=46080 SPS=547 ev=0.967 v_bias=-2.0
update=46 global_step=47104 SPS=554 ev=0.987 v_bias=-1.7 return=-172.2 length=200 success_rate=0.00 collisions/ep=0.00 (n=8)
update=47 global_step=48128 SPS=561 ev=0.751 v_bias=-1.7 return=-176.6 length=200 success_rate=0.00 collisions/ep=0.12 (n=8)
update=48 global_step=49152 SPS=568 ev=0.975 v_bias=-1.6
update=49 global_step=50176 SPS=574 ev=0.985 v_bias=-1.8 return=-170.1 length=200 success_rate=0.00 collisions/ep=0.00 (n=8)
update=50 global_step=51200 SPS=580 ev=0.941 v_bias=-2.2 return=-167.4 length=200 success_rate=0.00 collisions/ep=0.00 (n=8)
Evaluation at update 50: return=-166.86, length=200.00, success_rate=0.00, collisions/ep=0.00
Solved-check at update 50: solved=False worst_gap=1186.85 at p_x0=2.00 p_y0=0.50 (consecutive=0)
update=51 global_step=52224 SPS=504 ev=0.990 v_bias=-2.0
update=52 global_step=53248 SPS=511 ev=0.992 v_bias=-1.8 return=-165.2 length=200 success_rate=0.00 collisions/ep=0.00 (n=8)
update=53 global_step=54272 SPS=518 ev=0.947 v_bias=-2.0
update=54 global_step=55296 SPS=524 ev=0.991 v_bias=-2.1 return=-163.8 length=200 success_rate=0.00 collisions/ep=0.00 (n=8)
update=55 global_step=56320 SPS=530 ev=0.994 v_bias=-1.9 return=-159.8 length=200 success_rate=0.00 collisions/ep=0.00 (n=8)
update=56 global_step=57344 SPS=536 ev=0.973 v_bias=-2.6
update=57 global_step=58368 SPS=543 ev=0.995 v_bias=-2.0 return=-154.3 length=200 success_rate=0.00 collisions/ep=0.00 (n=8)
update=58 global_step=59392 SPS=549 ev=0.716 v_bias=-0.5 return=-163.7 length=200 success_rate=0.00 collisions/ep=0.25 (n=8)
update=59 global_step=60416 SPS=556 ev=-0.038 v_bias=9.8
update=60 global_step=61440 SPS=563 ev=0.384 v_bias=-5.0 return=-278.7 length=200 success_rate=0.00 collisions/ep=2.50 (n=8)
Evaluation at update 60: return=-149.42, length=200.00, success_rate=0.00, collisions/ep=0.00
Solved-check at update 60: solved=False worst_gap=1169.44 at p_x0=2.00 p_y0=0.00 (consecutive=0)
update=61 global_step=62464 SPS=509 ev=0.235 v_bias=-1.9 return=-155.6 length=200 success_rate=0.00 collisions/ep=0.12 (n=8)
update=62 global_step=63488 SPS=514 ev=0.877 v_bias=-2.9
update=63 global_step=64512 SPS=519 ev=0.939 v_bias=-2.2 return=-147.0 length=200 success_rate=0.00 collisions/ep=0.00 (n=8)
update=64 global_step=65536 SPS=525 ev=0.042 v_bias=20.5
update=65 global_step=66560 SPS=530 ev=0.756 v_bias=0.8 return=-331.8 length=200 success_rate=0.00 collisions/ep=3.75 (n=8)
update=66 global_step=67584 SPS=536 ev=0.947 v_bias=-1.6 return=-157.1 length=200 success_rate=0.00 collisions/ep=0.12 (n=8)
update=67 global_step=68608 SPS=542 ev=0.656 v_bias=-2.0
update=68 global_step=69632 SPS=547 ev=0.988 v_bias=-1.1 return=-151.3 length=200 success_rate=0.00 collisions/ep=0.00 (n=8)
update=69 global_step=70656 SPS=553 ev=0.994 v_bias=-1.2 return=-153.8 length=200 success_rate=0.00 collisions/ep=0.00 (n=8)
update=70 global_step=71680 SPS=558 ev=0.312 v_bias=-0.6
Evaluation at update 70: return=-154.61, length=200.00, success_rate=0.00, collisions/ep=0.00
Solved-check at update 70: solved=False worst_gap=1270.66 at p_x0=2.00 p_y0=-1.00 (consecutive=0)
update=71 global_step=72704 SPS=509 ev=0.842 v_bias=-0.4 return=-170.7 length=200 success_rate=0.00 collisions/ep=0.25 (n=8)
update=72 global_step=73728 SPS=514 ev=0.992 v_bias=-0.9 return=-160.3 length=200 success_rate=0.00 collisions/ep=0.12 (n=8)
update=73 global_step=74752 SPS=518 ev=0.025 v_bias=1.1
update=74 global_step=75776 SPS=522 ev=0.881 v_bias=-2.7 return=-178.1 length=200 success_rate=0.00 collisions/ep=0.50 (n=8)
update=75 global_step=76800 SPS=527 ev=0.720 v_bias=-0.8 return=-149.2 length=200 success_rate=0.00 collisions/ep=0.00 (n=8)
update=76 global_step=77824 SPS=532 ev=0.879 v_bias=-1.4
update=77 global_step=78848 SPS=536 ev=0.994 v_bias=-0.8 return=-155.2 length=200 success_rate=0.00 collisions/ep=0.12 (n=8)
update=78 global_step=79872 SPS=541 ev=0.949 v_bias=-0.5
update=79 global_step=80896 SPS=546 ev=0.996 v_bias=-0.9 return=-148.8 length=200 success_rate=0.00 collisions/ep=0.00 (n=8)
update=80 global_step=81920 SPS=550 ev=0.571 v_bias=3.8 return=-182.1 length=200 success_rate=0.00 collisions/ep=0.75 (n=8)
Evaluation at update 80: return=-145.97, length=200.00, success_rate=0.00, collisions/ep=0.00
Solved-check at update 80: solved=False worst_gap=1165.99 at p_x0=2.00 p_y0=0.00 (consecutive=0)
update=81 global_step=82944 SPS=511 ev=0.630 v_bias=-1.5
update=82 global_step=83968 SPS=515 ev=0.995 v_bias=-0.4 return=-146.1 length=200 success_rate=0.00 collisions/ep=0.00 (n=8)
update=83 global_step=84992 SPS=519 ev=0.998 v_bias=-0.7 return=-148.3 length=200 success_rate=0.00 collisions/ep=0.00 (n=8)
update=84 global_step=86016 SPS=523 ev=0.993 v_bias=-0.4
update=85 global_step=87040 SPS=527 ev=0.998 v_bias=-0.5 return=-149.1 length=200 success_rate=0.00 collisions/ep=0.00 (n=8)
update=86 global_step=88064 SPS=532 ev=0.841 v_bias=0.1 return=-152.8 length=200 success_rate=0.00 collisions/ep=0.12 (n=8)
update=87 global_step=89088 SPS=536 ev=0.996 v_bias=-0.3
update=88 global_step=90112 SPS=539 ev=0.999 v_bias=-0.4 return=-147.9 length=200 success_rate=0.00 collisions/ep=0.00 (n=8)
update=89 global_step=91136 SPS=544 ev=0.382 v_bias=0.2
update=90 global_step=92160 SPS=548 ev=0.997 v_bias=-0.0 return=-152.6 length=200 success_rate=0.00 collisions/ep=0.12 (n=8)
Evaluation at update 90: return=-148.23, length=200.00, success_rate=0.00, collisions/ep=0.00
Solved-check at update 90: solved=False worst_gap=1168.25 at p_x0=2.00 p_y0=0.50 (consecutive=0)
update=91 global_step=93184 SPS=511 ev=0.999 v_bias=-0.1 return=-147.5 length=200 success_rate=0.00 collisions/ep=0.00 (n=8)
update=92 global_step=94208 SPS=515 ev=0.980 v_bias=-0.3
update=93 global_step=95232 SPS=518 ev=0.998 v_bias=-0.4 return=-146.2 length=200 success_rate=0.00 collisions/ep=0.00 (n=8)
update=94 global_step=96256 SPS=522 ev=0.788 v_bias=0.5 return=-156.9 length=200 success_rate=0.00 collisions/ep=0.25 (n=8)
update=95 global_step=97280 SPS=525 ev=0.974 v_bias=-0.5
update=96 global_step=98304 SPS=529 ev=0.999 v_bias=-0.4 return=-145.4 length=200 success_rate=0.00 collisions/ep=0.00 (n=8)
update=97 global_step=99328 SPS=533 ev=0.666 v_bias=1.8 return=-164.2 length=200 success_rate=0.00 collisions/ep=0.38 (n=8)
update=98 global_step=100352 SPS=537 ev=0.619 v_bias=1.5
update=99 global_step=101376 SPS=540 ev=0.984 v_bias=0.6 return=-160.9 length=200 success_rate=0.00 collisions/ep=0.25 (n=8)
update=100 global_step=102400 SPS=544 ev=0.850 v_bias=-0.3 return=-149.4 length=200 success_rate=0.00 collisions/ep=0.00 (n=8)
Evaluation at update 100: return=-148.90, length=200.00, success_rate=0.00, collisions/ep=0.00
Solved-check at update 100: solved=False worst_gap=1168.92 at p_x0=2.00 p_y0=0.00 (consecutive=0)
update=101 global_step=103424 SPS=511 ev=0.997 v_bias=0.3
update=102 global_step=104448 SPS=514 ev=0.998 v_bias=-0.1 return=-148.9 length=200 success_rate=0.00 collisions/ep=0.00 (n=8)
update=103 global_step=105472 SPS=517 ev=0.972 v_bias=-0.2
update=104 global_step=106496 SPS=521 ev=0.894 v_bias=0.4 return=-147.7 length=200 success_rate=0.00 collisions/ep=0.00 (n=8)
update=105 global_step=107520 SPS=524 ev=0.997 v_bias=-0.6 return=-151.6 length=200 success_rate=0.00 collisions/ep=0.12 (n=8)
update=106 global_step=108544 SPS=527 ev=0.990 v_bias=-0.4
update=107 global_step=109568 SPS=531 ev=0.997 v_bias=-0.6 return=-144.8 length=200 success_rate=0.00 collisions/ep=0.00 (n=8)
update=108 global_step=110592 SPS=534 ev=0.275 v_bias=10.4 return=-237.3 length=200 success_rate=0.00 collisions/ep=1.88 (n=8)
update=109 global_step=111616 SPS=538 ev=0.206 v_bias=0.3
update=110 global_step=112640 SPS=541 ev=0.967 v_bias=-0.6 return=-170.9 length=200 success_rate=0.00 collisions/ep=0.50 (n=8)
Evaluation at update 110: return=-146.97, length=200.00, success_rate=0.00, collisions/ep=0.00
Solved-check at update 110: solved=False worst_gap=1166.99 at p_x0=2.00 p_y0=0.00 (consecutive=0)
update=111 global_step=113664 SPS=514 ev=0.968 v_bias=-1.2 return=-146.5 length=200 success_rate=0.00 collisions/ep=0.00 (n=8)
update=112 global_step=114688 SPS=517 ev=0.994 v_bias=-0.7
update=113 global_step=115712 SPS=520 ev=0.995 v_bias=-0.7 return=-147.7 length=200 success_rate=0.00 collisions/ep=0.00 (n=8)
update=114 global_step=116736 SPS=523 ev=0.852 v_bias=-0.5
update=115 global_step=117760 SPS=525 ev=0.995 v_bias=-0.5 return=-149.8 length=200 success_rate=0.00 collisions/ep=0.00 (n=8)
update=116 global_step=118784 SPS=528 ev=0.999 v_bias=-0.4 return=-148.0 length=200 success_rate=0.00 collisions/ep=0.00 (n=8)
update=117 global_step=119808 SPS=531 ev=0.960 v_bias=-0.3
update=118 global_step=120832 SPS=534 ev=0.997 v_bias=-0.3 return=-148.8 length=200 success_rate=0.00 collisions/ep=0.00 (n=8)
update=119 global_step=121856 SPS=537 ev=0.999 v_bias=-0.4 return=-147.0 length=200 success_rate=0.00 collisions/ep=0.00 (n=8)
update=120 global_step=122880 SPS=540 ev=0.994 v_bias=-0.2
Evaluation at update 120: return=-146.73, length=200.00, success_rate=0.00, collisions/ep=0.00
Solved-check at update 120: solved=False worst_gap=1166.75 at p_x0=2.00 p_y0=0.00 (consecutive=0)
update=121 global_step=123904 SPS=515 ev=0.998 v_bias=-0.4 return=-146.5 length=200 success_rate=0.00 collisions/ep=0.00 (n=8)
update=122 global_step=124928 SPS=518 ev=0.999 v_bias=-0.6 return=-145.4 length=200 success_rate=0.00 collisions/ep=0.00 (n=8)
update=123 global_step=125952 SPS=521 ev=0.999 v_bias=-0.4
update=124 global_step=126976 SPS=523 ev=0.999 v_bias=-0.5 return=-144.6 length=200 success_rate=0.00 collisions/ep=0.00 (n=8)
update=125 global_step=128000 SPS=526 ev=0.016 v_bias=9.3 return=-224.5 length=200 success_rate=0.00 collisions/ep=1.62 (n=8)
update=126 global_step=129024 SPS=529 ev=0.705 v_bias=2.7
update=127 global_step=130048 SPS=532 ev=0.959 v_bias=-0.1 return=-145.2 length=200 success_rate=0.00 collisions/ep=0.00 (n=8)
update=128 global_step=131072 SPS=534 ev=0.506 v_bias=-0.7
update=129 global_step=132096 SPS=537 ev=0.992 v_bias=-0.8 return=-146.5 length=200 success_rate=0.00 collisions/ep=0.00 (n=8)
update=130 global_step=133120 SPS=540 ev=0.995 v_bias=-0.6 return=-146.9 length=200 success_rate=0.00 collisions/ep=0.00 (n=8)
Evaluation at update 130: return=-147.15, length=200.00, success_rate=0.00, collisions/ep=0.00
Solved-check at update 130: solved=False worst_gap=1167.18 at p_x0=2.00 p_y0=0.00 (consecutive=0)
update=131 global_step=134144 SPS=515 ev=0.941 v_bias=-0.1
update=132 global_step=135168 SPS=518 ev=0.994 v_bias=-0.3 return=-147.0 length=200 success_rate=0.00 collisions/ep=0.00 (n=8)
update=133 global_step=136192 SPS=521 ev=0.998 v_bias=-0.2 return=-147.4 length=200 success_rate=0.00 collisions/ep=0.00 (n=8)
update=134 global_step=137216 SPS=523 ev=0.611 v_bias=0.7
update=135 global_step=138240 SPS=526 ev=0.992 v_bias=-0.6 return=-152.3 length=200 success_rate=0.00 collisions/ep=0.12 (n=8)
update=136 global_step=139264 SPS=529 ev=0.998 v_bias=-0.1 return=-146.3 length=200 success_rate=0.00 collisions/ep=0.00 (n=8)
update=137 global_step=140288 SPS=531 ev=0.999 v_bias=-0.3
update=138 global_step=141312 SPS=534 ev=0.999 v_bias=-0.3 return=-145.0 length=200 success_rate=0.00 collisions/ep=0.00 (n=8)
update=139 global_step=142336 SPS=536 ev=0.119 v_bias=1.3
update=140 global_step=143360 SPS=538 ev=0.994 v_bias=0.4 return=-156.9 length=200 success_rate=0.00 collisions/ep=0.25 (n=8)
Evaluation at update 140: return=-146.44, length=200.00, success_rate=0.00, collisions/ep=0.00
Solved-check at update 140: solved=False worst_gap=1166.46 at p_x0=2.00 p_y0=0.50 (consecutive=0)
update=141 global_step=144384 SPS=516 ev=0.998 v_bias=0.2 return=-145.7 length=200 success_rate=0.00 collisions/ep=0.00 (n=8)
update=142 global_step=145408 SPS=518 ev=0.962 v_bias=0.2
update=143 global_step=146432 SPS=521 ev=0.999 v_bias=0.0 return=-146.6 length=200 success_rate=0.00 collisions/ep=0.00 (n=8)
update=144 global_step=147456 SPS=523 ev=1.000 v_bias=-0.0 return=-146.6 length=200 success_rate=0.00 collisions/ep=0.00 (n=8)
update=145 global_step=148480 SPS=525 ev=0.995 v_bias=0.2
update=146 global_step=149504 SPS=527 ev=0.999 v_bias=-0.1 return=-146.5 length=200 success_rate=0.00 collisions/ep=0.00 (n=8)
update=147 global_step=150528 SPS=530 ev=0.999 v_bias=-0.1 return=-146.8 length=200 success_rate=0.00 collisions/ep=0.00 (n=8)
update=148 global_step=151552 SPS=532 ev=0.999 v_bias=-0.1
update=149 global_step=152576 SPS=534 ev=0.999 v_bias=-0.2 return=-145.5 length=200 success_rate=0.00 collisions/ep=0.00 (n=8)
update=150 global_step=153600 SPS=536 ev=0.059 v_bias=2.1 return=-161.4 length=200 success_rate=0.00 collisions/ep=0.38 (n=8)
Evaluation at update 150: return=-144.93, length=200.00, success_rate=0.00, collisions/ep=0.00
Solved-check at update 150: solved=False worst_gap=1164.96 at p_x0=2.00 p_y0=0.50 (consecutive=0)
update=151 global_step=154624 SPS=514 ev=0.976 v_bias=0.9
update=152 global_step=155648 SPS=516 ev=0.793 v_bias=2.0 return=-158.0 length=200 success_rate=0.00 collisions/ep=0.25 (n=8)
update=153 global_step=156672 SPS=518 ev=0.577 v_bias=-0.5
update=154 global_step=157696 SPS=521 ev=0.998 v_bias=-0.0 return=-145.6 length=200 success_rate=0.00 collisions/ep=0.00 (n=8)
update=155 global_step=158720 SPS=523 ev=0.999 v_bias=0.0 return=-147.3 length=200 success_rate=0.00 collisions/ep=0.00 (n=8)
update=156 global_step=159744 SPS=526 ev=0.974 v_bias=-0.1
update=157 global_step=160768 SPS=528 ev=0.998 v_bias=-0.2 return=-150.0 length=200 success_rate=0.00 collisions/ep=0.00 (n=8)
update=158 global_step=161792 SPS=530 ev=0.892 v_bias=0.7 return=-150.3 length=200 success_rate=0.00 collisions/ep=0.00 (n=8)
update=159 global_step=162816 SPS=532 ev=-0.042 v_bias=89.9
update=160 global_step=163840 SPS=535 ev=0.165 v_bias=-0.3 return=-1227.4 length=200 success_rate=0.00 collisions/ep=21.50 (n=8)
Evaluation at update 160: return=-150.51, length=200.00, success_rate=0.00, collisions/ep=0.00
Solved-check at update 160: solved=False worst_gap=1170.54 at p_x0=2.00 p_y0=0.50 (consecutive=0)
update=161 global_step=164864 SPS=515 ev=-3.230 v_bias=-15.5 return=-150.8 length=200 success_rate=0.00 collisions/ep=0.00 (n=8)
update=162 global_step=165888 SPS=517 ev=0.516 v_bias=-6.7
update=163 global_step=166912 SPS=519 ev=-0.087 v_bias=-11.1 return=-147.0 length=200 success_rate=0.00 collisions/ep=0.00 (n=8)
update=164 global_step=167936 SPS=521 ev=-0.398 v_bias=-4.8
update=165 global_step=168960 SPS=524 ev=0.141 v_bias=71.9 return=-145.4 length=200 success_rate=0.00 collisions/ep=0.00 (n=8)
update=166 global_step=169984 SPS=526 ev=0.504 v_bias=22.4 return=-1253.6 length=200 success_rate=0.00 collisions/ep=22.12 (n=8)
update=167 global_step=171008 SPS=528 ev=-2.897 v_bias=3.2
update=168 global_step=172032 SPS=530 ev=-0.878 v_bias=5.6 return=-243.9 length=200 success_rate=0.00 collisions/ep=2.00 (n=8)
update=169 global_step=173056 SPS=533 ev=0.503 v_bias=-4.7 return=-270.4 length=200 success_rate=0.00 collisions/ep=2.50 (n=8)
update=170 global_step=174080 SPS=535 ev=-0.740 v_bias=-5.2
Evaluation at update 170: return=-146.74, length=200.00, success_rate=0.00, collisions/ep=0.00
Solved-check at update 170: solved=False worst_gap=1166.77 at p_x0=2.00 p_y0=0.50 (consecutive=0)
update=171 global_step=175104 SPS=516 ev=0.485 v_bias=-4.0 return=-178.2 length=200 success_rate=0.00 collisions/ep=0.62 (n=8)
update=172 global_step=176128 SPS=518 ev=0.779 v_bias=-4.6 return=-147.3 length=200 success_rate=0.00 collisions/ep=0.00 (n=8)
update=173 global_step=177152 SPS=520 ev=0.059 v_bias=-2.2
update=174 global_step=178176 SPS=522 ev=0.686 v_bias=-3.5 return=-180.7 length=200 success_rate=0.00 collisions/ep=0.62 (n=8)
update=175 global_step=179200 SPS=524 ev=-1.757 v_bias=-4.4 return=-147.8 length=200 success_rate=0.00 collisions/ep=0.00 (n=8)
update=176 global_step=180224 SPS=526 ev=0.423 v_bias=69.7
update=177 global_step=181248 SPS=528 ev=0.829 v_bias=19.0 return=-1139.8 length=200 success_rate=0.00 collisions/ep=19.75 (n=8)
update=178 global_step=182272 SPS=530 ev=-0.687 v_bias=-0.5
update=179 global_step=183296 SPS=532 ev=-1.649 v_bias=-4.9 return=-172.2 length=200 success_rate=0.00 collisions/ep=0.50 (n=8)
update=180 global_step=184320 SPS=534 ev=0.386 v_bias=-3.1 return=-153.8 length=200 success_rate=0.00 collisions/ep=0.12 (n=8)
Evaluation at update 180: return=-145.81, length=200.00, success_rate=0.00, collisions/ep=0.00
Solved-check at update 180: solved=False worst_gap=1211.87 at p_x0=2.00 p_y0=-1.00 (consecutive=0)
update=181 global_step=185344 SPS=517 ev=-1.704 v_bias=-1.3
update=182 global_step=186368 SPS=519 ev=0.148 v_bias=11.0 return=-145.4 length=200 success_rate=0.00 collisions/ep=0.00 (n=8)
update=183 global_step=187392 SPS=520 ev=0.602 v_bias=0.5 return=-258.0 length=200 success_rate=0.00 collisions/ep=2.25 (n=8)
update=184 global_step=188416 SPS=522 ev=-2.775 v_bias=-4.8
update=185 global_step=189440 SPS=524 ev=0.396 v_bias=-1.2 return=-154.8 length=200 success_rate=0.00 collisions/ep=0.12 (n=8)
update=186 global_step=190464 SPS=526 ev=0.547 v_bias=-2.2 return=-144.6 length=200 success_rate=0.00 collisions/ep=0.00 (n=8)
update=187 global_step=191488 SPS=528 ev=0.260 v_bias=1.2
update=188 global_step=192512 SPS=530 ev=0.529 v_bias=-1.2 return=-189.9 length=200 success_rate=0.00 collisions/ep=0.88 (n=8)
update=189 global_step=193536 SPS=532 ev=0.213 v_bias=-0.2
update=190 global_step=194560 SPS=534 ev=0.450 v_bias=-3.5 return=-175.6 length=200 success_rate=0.00 collisions/ep=0.62 (n=8)
Evaluation at update 190: return=-144.66, length=200.00, success_rate=0.00, collisions/ep=0.00
Solved-check at update 190: solved=False worst_gap=10087.65 at p_x0=2.00 p_y0=-1.00 (consecutive=0)
update=191 global_step=195584 SPS=516 ev=0.799 v_bias=0.5 return=-145.1 length=200 success_rate=0.00 collisions/ep=0.00 (n=8)
update=192 global_step=196608 SPS=518 ev=-5.014 v_bias=-2.5
update=193 global_step=197632 SPS=520 ev=0.657 v_bias=-2.2 return=-144.4 length=200 success_rate=0.00 collisions/ep=0.00 (n=8)
update=194 global_step=198656 SPS=521 ev=0.962 v_bias=-1.8 return=-147.7 length=200 success_rate=0.00 collisions/ep=0.12 (n=8)
update=195 global_step=199680 SPS=523 ev=0.790 v_bias=-1.1
update=196 global_step=200704 SPS=525 ev=0.946 v_bias=-1.6 return=-141.9 length=200 success_rate=0.00 collisions/ep=0.00 (n=8)
update=197 global_step=201728 SPS=527 ev=0.985 v_bias=-0.8 return=-140.4 length=200 success_rate=0.00 collisions/ep=0.00 (n=8)
update=198 global_step=202752 SPS=528 ev=0.976 v_bias=-0.7
update=199 global_step=203776 SPS=530 ev=0.976 v_bias=-0.6 return=-140.6 length=200 success_rate=0.00 collisions/ep=0.00 (n=8)
update=200 global_step=204800 SPS=532 ev=0.045 v_bias=1.0 return=-154.0 length=200 success_rate=0.00 collisions/ep=0.25 (n=8)
Evaluation at update 200: return=-142.07, length=200.00, success_rate=0.00, collisions/ep=0.00
Solved-check at update 200: solved=False worst_gap=1162.10 at p_x0=2.00 p_y0=0.50 (consecutive=0)
update=201 global_step=205824 SPS=516 ev=0.979 v_bias=-0.6
update=202 global_step=206848 SPS=517 ev=0.978 v_bias=-0.1 return=-141.0 length=200 success_rate=0.00 collisions/ep=0.00 (n=8)
update=203 global_step=207872 SPS=519 ev=0.152 v_bias=-0.6
update=204 global_step=208896 SPS=521 ev=0.983 v_bias=-0.8 return=-141.3 length=200 success_rate=0.00 collisions/ep=0.00 (n=8)
update=205 global_step=209920 SPS=523 ev=0.987 v_bias=-0.0 return=-141.8 length=200 success_rate=0.00 collisions/ep=0.00 (n=8)
update=206 global_step=210944 SPS=524 ev=0.902 v_bias=-0.4
update=207 global_step=211968 SPS=526 ev=0.981 v_bias=-0.6 return=-140.7 length=200 success_rate=0.00 collisions/ep=0.00 (n=8)
update=208 global_step=212992 SPS=528 ev=0.997 v_bias=-0.4 return=-139.7 length=200 success_rate=0.00 collisions/ep=0.00 (n=8)
update=209 global_step=214016 SPS=530 ev=0.976 v_bias=-0.5
update=210 global_step=215040 SPS=532 ev=0.996 v_bias=-0.4 return=-137.5 length=200 success_rate=0.00 collisions/ep=0.00 (n=8)
Evaluation at update 210: return=-137.82, length=200.00, success_rate=0.00, collisions/ep=0.00
Solved-check at update 210: solved=False worst_gap=1157.85 at p_x0=2.00 p_y0=0.00 (consecutive=0)
update=211 global_step=216064 SPS=517 ev=0.997 v_bias=-0.5 return=-137.2 length=200 success_rate=0.00 collisions/ep=0.00 (n=8)
update=212 global_step=217088 SPS=518 ev=0.994 v_bias=-0.5
update=213 global_step=218112 SPS=520 ev=0.937 v_bias=0.3 return=-141.6 length=200 success_rate=0.00 collisions/ep=0.12 (n=8)
update=214 global_step=219136 SPS=521 ev=0.147 v_bias=1.7
update=215 global_step=220160 SPS=523 ev=0.992 v_bias=-0.0 return=-153.8 length=200 success_rate=0.00 collisions/ep=0.38 (n=8)
update=216 global_step=221184 SPS=525 ev=0.920 v_bias=1.1 return=-146.1 length=200 success_rate=0.00 collisions/ep=0.25 (n=8)
update=217 global_step=222208 SPS=526 ev=0.596 v_bias=-1.0
update=218 global_step=223232 SPS=528 ev=0.996 v_bias=-0.8 return=-140.6 length=200 success_rate=0.00 collisions/ep=0.12 (n=8)
update=219 global_step=224256 SPS=530 ev=0.998 v_bias=-0.8 return=-132.8 length=200 success_rate=0.00 collisions/ep=0.00 (n=8)
update=220 global_step=225280 SPS=531 ev=0.993 v_bias=-1.1
Evaluation at update 220: return=-130.07, length=200.00, success_rate=0.00, collisions/ep=0.00
Solved-check at update 220: solved=False worst_gap=1150.10 at p_x0=2.00 p_y0=0.00 (consecutive=0)
update=221 global_step=226304 SPS=517 ev=0.998 v_bias=-1.0 return=-130.1 length=200 success_rate=0.00 collisions/ep=0.00 (n=8)
update=222 global_step=227328 SPS=519 ev=0.999 v_bias=-1.1 return=-128.3 length=200 success_rate=0.00 collisions/ep=0.00 (n=8)
update=223 global_step=228352 SPS=520 ev=0.660 v_bias=2.1
update=224 global_step=229376 SPS=522 ev=0.964 v_bias=-0.4 return=-159.1 length=200 success_rate=0.00 collisions/ep=0.62 (n=8)
update=225 global_step=230400 SPS=524 ev=0.594 v_bias=-1.3 return=-127.7 length=200 success_rate=0.00 collisions/ep=0.00 (n=8)
update=226 global_step=231424 SPS=525 ev=0.447 v_bias=3.6
update=227 global_step=232448 SPS=527 ev=0.968 v_bias=0.2 return=-165.0 length=200 success_rate=0.00 collisions/ep=0.75 (n=8)
update=228 global_step=233472 SPS=528 ev=0.145 v_bias=0.0
update=229 global_step=234496 SPS=530 ev=0.979 v_bias=-1.8 return=-138.8 length=200 success_rate=0.00 collisions/ep=0.25 (n=8)
update=230 global_step=235520 SPS=532 ev=0.638 v_bias=4.1 return=-170.3 length=200 success_rate=0.00 collisions/ep=0.88 (n=8)
Evaluation at update 230: return=-127.73, length=200.00, success_rate=0.00, collisions/ep=0.00
Solved-check at update 230: solved=False worst_gap=1147.76 at p_x0=2.00 p_y0=0.00 (consecutive=0)
update=231 global_step=236544 SPS=519 ev=0.785 v_bias=-2.0
update=232 global_step=237568 SPS=520 ev=0.988 v_bias=-1.5 return=-127.9 length=200 success_rate=0.00 collisions/ep=0.00 (n=8)
update=233 global_step=238592 SPS=521 ev=0.995 v_bias=-0.9 return=-129.4 length=200 success_rate=0.00 collisions/ep=0.00 (n=8)
update=234 global_step=239616 SPS=523 ev=0.987 v_bias=-1.3
update=235 global_step=240640 SPS=524 ev=0.932 v_bias=-0.4 return=-126.8 length=200 success_rate=0.00 collisions/ep=0.00 (n=8)
update=236 global_step=241664 SPS=526 ev=0.998 v_bias=-0.9 return=-130.5 length=200 success_rate=0.00 collisions/ep=0.12 (n=8)
update=237 global_step=242688 SPS=527 ev=0.995 v_bias=-1.4
update=238 global_step=243712 SPS=529 ev=0.998 v_bias=-1.1 return=-122.4 length=200 success_rate=0.00 collisions/ep=0.00 (n=8)
update=239 global_step=244736 SPS=530 ev=0.299 v_bias=0.4
update=240 global_step=245760 SPS=532 ev=0.996 v_bias=-0.7 return=-133.1 length=200 success_rate=0.00 collisions/ep=0.25 (n=8)
Evaluation at update 240: return=-121.58, length=200.00, success_rate=0.00, collisions/ep=0.00
Solved-check at update 240: solved=False worst_gap=1141.60 at p_x0=2.00 p_y0=0.00 (consecutive=0)
update=241 global_step=246784 SPS=518 ev=0.953 v_bias=-0.1 return=-121.6 length=200 success_rate=0.00 collisions/ep=0.00 (n=8)
update=242 global_step=247808 SPS=519 ev=0.167 v_bias=-0.7
update=243 global_step=248832 SPS=521 ev=0.939 v_bias=-1.3 return=-144.9 length=200 success_rate=0.00 collisions/ep=0.50 (n=8)
update=244 global_step=249856 SPS=522 ev=0.997 v_bias=-0.5 return=-121.0 length=200 success_rate=0.00 collisions/ep=0.00 (n=8)
update=245 global_step=250880 SPS=524 ev=0.817 v_bias=-1.1
update=246 global_step=251904 SPS=525 ev=0.851 v_bias=-1.1 return=-141.8 length=200 success_rate=0.00 collisions/ep=0.50 (n=8)
update=247 global_step=252928 SPS=527 ev=0.998 v_bias=-0.7 return=-119.9 length=200 success_rate=0.00 collisions/ep=0.00 (n=8)
update=248 global_step=253952 SPS=528 ev=0.723 v_bias=0.5
update=249 global_step=254976 SPS=530 ev=0.995 v_bias=-0.9 return=-130.5 length=200 success_rate=0.00 collisions/ep=0.25 (n=8)
update=250 global_step=256000 SPS=531 ev=0.981 v_bias=-0.7 return=-116.9 length=200 success_rate=0.00 collisions/ep=0.00 (n=8)
Evaluation at update 250: return=-114.46, length=200.00, success_rate=0.00, collisions/ep=0.00
Solved-check at update 250: solved=False worst_gap=1134.43 at p_x0=2.00 p_y0=0.00 (consecutive=0)
update=251 global_step=257024 SPS=519 ev=0.994 v_bias=-1.6
update=252 global_step=258048 SPS=520 ev=0.066 v_bias=37.3 return=-263.8 length=200 success_rate=0.00 collisions/ep=3.00 (n=8)
update=253 global_step=259072 SPS=522 ev=0.484 v_bias=84.6
update=254 global_step=260096 SPS=523 ev=-0.137 v_bias=-8.7 return=-1195.2 length=200 success_rate=0.00 collisions/ep=21.50 (n=8)
update=255 global_step=261120 SPS=524 ev=0.836 v_bias=-7.2 return=-146.3 length=200 success_rate=0.00 collisions/ep=0.62 (n=8)
update=256 global_step=262144 SPS=526 ev=0.508 v_bias=-1.9
update=257 global_step=263168 SPS=527 ev=0.824 v_bias=0.8 return=-118.1 length=200 success_rate=0.00 collisions/ep=0.00 (n=8)
update=258 global_step=264192 SPS=528 ev=0.950 v_bias=-2.6 return=-119.2 length=200 success_rate=0.00 collisions/ep=0.00 (n=8)
update=259 global_step=265216 SPS=530 ev=0.766 v_bias=-1.5
update=260 global_step=266240 SPS=531 ev=0.821 v_bias=-0.8 return=-121.4 length=200 success_rate=0.00 collisions/ep=0.00 (n=8)
Evaluation at update 260: return=-121.19, length=200.00, success_rate=0.00, collisions/ep=0.00
Solved-check at update 260: solved=False worst_gap=1141.18 at p_x0=2.00 p_y0=0.00 (consecutive=0)
update=261 global_step=267264 SPS=519 ev=0.956 v_bias=-0.9 return=-128.3 length=200 success_rate=0.00 collisions/ep=0.12 (n=8)
update=262 global_step=268288 SPS=520 ev=0.542 v_bias=0.5
update=263 global_step=269312 SPS=521 ev=0.939 v_bias=-1.4 return=-140.7 length=200 success_rate=0.00 collisions/ep=0.38 (n=8)
update=264 global_step=270336 SPS=523 ev=0.870 v_bias=-1.0
update=265 global_step=271360 SPS=524 ev=0.702 v_bias=-0.6 return=-121.5 length=200 success_rate=0.00 collisions/ep=0.00 (n=8)
update=266 global_step=272384 SPS=525 ev=0.959 v_bias=-1.6 return=-131.9 length=200 success_rate=0.00 collisions/ep=0.25 (n=8)
update=267 global_step=273408 SPS=527 ev=0.916 v_bias=-1.0
update=268 global_step=274432 SPS=528 ev=0.964 v_bias=-1.9 return=-118.1 length=200 success_rate=0.00 collisions/ep=0.00 (n=8)
update=269 global_step=275456 SPS=529 ev=0.986 v_bias=-1.2 return=-117.0 length=200 success_rate=0.00 collisions/ep=0.00 (n=8)
update=270 global_step=276480 SPS=531 ev=-0.009 v_bias=5.7
Evaluation at update 270: return=-116.07, length=200.00, success_rate=0.00, collisions/ep=0.00
Solved-check at update 270: solved=False worst_gap=1136.04 at p_x0=2.00 p_y0=0.00 (consecutive=0)
update=271 global_step=277504 SPS=519 ev=0.666 v_bias=-3.5 return=-178.7 length=200 success_rate=0.00 collisions/ep=1.25 (n=8)
update=272 global_step=278528 SPS=520 ev=0.982 v_bias=-0.5 return=-116.5 length=200 success_rate=0.00 collisions/ep=0.00 (n=8)
update=273 global_step=279552 SPS=522 ev=0.365 v_bias=-1.9
update=274 global_step=280576 SPS=523 ev=-0.037 v_bias=-34.7 return=251.2 length=187 success_rate=0.38 collisions/ep=0.50 (n=8)
update=275 global_step=281600 SPS=524 ev=0.058 v_bias=-45.6 return=253.6 length=191 success_rate=0.38 collisions/ep=0.38 (n=8)
update=276 global_step=282624 SPS=525 ev=0.219 v_bias=-70.0 return=944.8 length=146 success_rate=1.00 collisions/ep=0.00 (n=4)
update=277 global_step=283648 SPS=527 ev=0.422 v_bias=-55.8 return=930.4 length=149 success_rate=1.00 collisions/ep=0.20 (n=5)
update=278 global_step=284672 SPS=528 ev=0.623 v_bias=-101.4 return=925.4 length=143 success_rate=1.00 collisions/ep=0.44 (n=9)
update=279 global_step=285696 SPS=529 ev=0.875 v_bias=-83.3 return=939.6 length=132 success_rate=1.00 collisions/ep=0.38 (n=8)
update=280 global_step=286720 SPS=530 ev=0.948 v_bias=-87.3 return=965.7 length=126 success_rate=1.00 collisions/ep=0.00 (n=9)
Evaluation at update 280: return=975.97, length=114.05, success_rate=1.00, collisions/ep=0.00
Solved-check at update 280: solved=False worst_gap=39.01 at p_x0=0.00 p_y0=-1.00 (consecutive=0)
update=281 global_step=287744 SPS=525 ev=0.964 v_bias=-64.7 return=970.3 length=119 success_rate=1.00 collisions/ep=0.00 (n=9)
update=282 global_step=288768 SPS=526 ev=0.982 v_bias=-65.8 return=978.4 length=111 success_rate=1.00 collisions/ep=0.00 (n=9)
update=283 global_step=289792 SPS=527 ev=0.982 v_bias=-59.0 return=980.1 length=105 success_rate=1.00 collisions/ep=0.11 (n=9)
update=284 global_step=290816 SPS=528 ev=0.981 v_bias=-44.1 return=970.0 length=106 success_rate=1.00 collisions/ep=0.30 (n=10)
update=285 global_step=291840 SPS=529 ev=0.988 v_bias=-38.8 return=985.1 length=97 success_rate=1.00 collisions/ep=0.38 (n=13)
update=286 global_step=292864 SPS=530 ev=0.970 v_bias=-32.8 return=971.2 length=97 success_rate=1.00 collisions/ep=0.67 (n=9)
update=287 global_step=293888 SPS=532 ev=0.969 v_bias=-15.1 return=947.2 length=94 success_rate=1.00 collisions/ep=1.33 (n=9)
update=288 global_step=294912 SPS=533 ev=0.993 v_bias=-18.7 return=978.5 length=94 success_rate=1.00 collisions/ep=0.43 (n=14)
update=289 global_step=295936 SPS=534 ev=0.985 v_bias=-10.3 return=976.6 length=92 success_rate=1.00 collisions/ep=0.67 (n=9)
update=290 global_step=296960 SPS=535 ev=0.989 v_bias=-7.5 return=986.0 length=91 success_rate=1.00 collisions/ep=0.40 (n=15)
Evaluation at update 290: return=1004.63, length=85.40, success_rate=1.00, collisions/ep=0.00
Solved-check at update 290: solved=False worst_gap=10.01 at p_x0=0.00 p_y0=-1.00 (consecutive=0)
update=291 global_step=297984 SPS=531 ev=0.945 v_bias=-10.0 return=979.3 length=89 success_rate=1.00 collisions/ep=0.67 (n=9)
update=292 global_step=299008 SPS=532 ev=0.992 v_bias=-6.9 return=991.3 length=89 success_rate=1.00 collisions/ep=0.18 (n=11)
update=293 global_step=300032 SPS=533 ev=0.993 v_bias=-9.5 return=1000.9 length=91 success_rate=1.00 collisions/ep=0.00 (n=12)
update=294 global_step=301056 SPS=534 ev=0.996 v_bias=-6.3 return=1001.9 length=90 success_rate=1.00 collisions/ep=0.00 (n=9)
update=295 global_step=302080 SPS=536 ev=0.995 v_bias=-3.4 return=1002.8 length=88 success_rate=1.00 collisions/ep=0.00 (n=15)
update=296 global_step=303104 SPS=537 ev=0.987 v_bias=-1.8 return=975.5 length=87 success_rate=1.00 collisions/ep=0.56 (n=9)
update=297 global_step=304128 SPS=538 ev=0.995 v_bias=-1.8 return=1003.7 length=87 success_rate=1.00 collisions/ep=0.00 (n=15)
update=298 global_step=305152 SPS=539 ev=0.996 v_bias=-1.9 return=1003.9 length=88 success_rate=1.00 collisions/ep=0.00 (n=9)
update=299 global_step=306176 SPS=541 ev=0.995 v_bias=-1.0 return=1000.5 length=86 success_rate=1.00 collisions/ep=0.07 (n=15)
update=300 global_step=307200 SPS=542 ev=0.997 v_bias=-2.0 return=998.5 length=86 success_rate=1.00 collisions/ep=0.12 (n=8)
Evaluation at update 300: return=1006.33, length=83.70, success_rate=1.00, collisions/ep=0.00
Solved-check at update 300: solved=False worst_gap=8.01 at p_x0=0.00 p_y0=-1.00 (consecutive=0)
update=301 global_step=308224 SPS=537 ev=0.998 v_bias=-0.9 return=1004.2 length=87 success_rate=1.00 collisions/ep=0.00 (n=16)
update=302 global_step=309248 SPS=538 ev=0.940 v_bias=2.0 return=1004.2 length=86 success_rate=1.00 collisions/ep=0.00 (n=8)
update=303 global_step=310272 SPS=540 ev=0.997 v_bias=-0.4 return=981.9 length=87 success_rate=1.00 collisions/ep=0.44 (n=16)
update=304 global_step=311296 SPS=541 ev=0.995 v_bias=-2.0 return=1003.9 length=87 success_rate=1.00 collisions/ep=0.00 (n=8)
update=305 global_step=312320 SPS=542 ev=0.997 v_bias=0.1 return=1000.9 length=86 success_rate=1.00 collisions/ep=0.07 (n=15)
update=306 global_step=313344 SPS=543 ev=0.998 v_bias=-1.7 return=1004.3 length=87 success_rate=1.00 collisions/ep=0.00 (n=9)
update=307 global_step=314368 SPS=544 ev=0.996 v_bias=2.0 return=998.2 length=86 success_rate=1.00 collisions/ep=0.12 (n=16)
update=308 global_step=315392 SPS=546 ev=0.998 v_bias=-1.9 return=1004.7 length=86 success_rate=1.00 collisions/ep=0.00 (n=8)
update=309 global_step=316416 SPS=547 ev=0.999 v_bias=-1.7 return=1001.9 length=85 success_rate=1.00 collisions/ep=0.07 (n=14)
update=310 global_step=317440 SPS=548 ev=0.999 v_bias=-1.3 return=1005.0 length=87 success_rate=1.00 collisions/ep=0.00 (n=10)
Evaluation at update 310: return=1006.93, length=83.10, success_rate=1.00, collisions/ep=0.00
Solved-check at update 310: solved=False worst_gap=7.01 at p_x0=0.00 p_y0=-1.00 (consecutive=0)
update=311 global_step=318464 SPS=544 ev=0.997 v_bias=-0.3 return=999.8 length=85 success_rate=1.00 collisions/ep=0.12 (n=16)
update=312 global_step=319488 SPS=545 ev=0.992 v_bias=0.1 return=992.9 length=85 success_rate=1.00 collisions/ep=0.25 (n=8)
update=313 global_step=320512 SPS=546 ev=0.999 v_bias=0.2 return=1004.9 length=85 success_rate=1.00 collisions/ep=0.00 (n=15)
update=314 global_step=321536 SPS=547 ev=0.993 v_bias=0.3 return=994.3 length=87 success_rate=1.00 collisions/ep=0.22 (n=9)
update=315 global_step=322560 SPS=549 ev=0.999 v_bias=-0.8 return=1005.8 length=85 success_rate=1.00 collisions/ep=0.00 (n=16)
update=316 global_step=323584 SPS=550 ev=0.999 v_bias=-1.3 return=1006.2 length=84 success_rate=1.00 collisions/ep=0.00 (n=8)
update=317 global_step=324608 SPS=551 ev=0.999 v_bias=-0.8 return=1006.3 length=85 success_rate=1.00 collisions/ep=0.00 (n=16)
update=318 global_step=325632 SPS=552 ev=0.999 v_bias=-0.4 return=1006.0 length=85 success_rate=1.00 collisions/ep=0.00 (n=8)
update=319 global_step=326656 SPS=553 ev=0.999 v_bias=0.0 return=1003.1 length=85 success_rate=1.00 collisions/ep=0.06 (n=16)
update=320 global_step=327680 SPS=554 ev=0.999 v_bias=-1.7 return=1006.3 length=84 success_rate=1.00 collisions/ep=0.00 (n=8)
Evaluation at update 320: return=1007.73, length=82.30, success_rate=1.00, collisions/ep=0.00
Solved-check at update 320: solved=False worst_gap=309.08 at p_x0=2.00 p_y0=-1.00 (consecutive=0)
update=321 global_step=328704 SPS=550 ev=0.999 v_bias=0.0 return=1004.0 length=84 success_rate=1.00 collisions/ep=0.06 (n=16)
update=322 global_step=329728 SPS=551 ev=0.999 v_bias=-0.3 return=1000.5 length=85 success_rate=1.00 collisions/ep=0.12 (n=8)
update=323 global_step=330752 SPS=552 ev=0.999 v_bias=0.0 return=1006.7 length=84 success_rate=1.00 collisions/ep=0.00 (n=16)
update=324 global_step=331776 SPS=553 ev=0.987 v_bias=0.9 return=987.0 length=85 success_rate=1.00 collisions/ep=0.38 (n=8)
update=325 global_step=332800 SPS=555 ev=0.993 v_bias=1.0 return=991.6 length=84 success_rate=1.00 collisions/ep=0.31 (n=16)
update=326 global_step=333824 SPS=556 ev=0.997 v_bias=-3.6 return=1000.8 length=84 success_rate=1.00 collisions/ep=0.12 (n=8)
update=327 global_step=334848 SPS=557 ev=0.999 v_bias=-1.1 return=1006.9 length=84 success_rate=1.00 collisions/ep=0.00 (n=16)
update=328 global_step=335872 SPS=558 ev=0.999 v_bias=-1.2 return=1006.0 length=85 success_rate=1.00 collisions/ep=0.00 (n=8)
update=329 global_step=336896 SPS=559 ev=0.999 v_bias=-0.9 return=1006.9 length=84 success_rate=1.00 collisions/ep=0.00 (n=16)
update=330 global_step=337920 SPS=560 ev=1.000 v_bias=-0.2 return=1007.2 length=84 success_rate=1.00 collisions/ep=0.00 (n=8)
Evaluation at update 330: return=1008.03, length=82.00, success_rate=1.00, collisions/ep=0.00
Solved-check at update 330: solved=False worst_gap=207.07 at p_x0=2.00 p_y0=-1.00 (consecutive=0)
update=331 global_step=338944 SPS=556 ev=0.999 v_bias=0.0 return=1006.7 length=84 success_rate=1.00 collisions/ep=0.00 (n=16)
update=332 global_step=339968 SPS=558 ev=1.000 v_bias=-0.3 return=1007.5 length=83 success_rate=1.00 collisions/ep=0.00 (n=10)
update=333 global_step=340992 SPS=559 ev=0.927 v_bias=10.1 return=986.1 length=83 success_rate=1.00 collisions/ep=0.43 (n=14)
update=334 global_step=342016 SPS=560 ev=0.988 v_bias=-2.8 return=976.1 length=84 success_rate=1.00 collisions/ep=0.62 (n=13)
update=335 global_step=343040 SPS=561 ev=0.985 v_bias=1.7 return=998.2 length=84 success_rate=1.00 collisions/ep=0.18 (n=11)
update=336 global_step=344064 SPS=562 ev=0.999 v_bias=-0.4 return=990.4 length=83 success_rate=1.00 collisions/ep=0.33 (n=15)
update=337 global_step=345088 SPS=563 ev=0.995 v_bias=0.9 return=996.2 length=84 success_rate=1.00 collisions/ep=0.22 (n=9)
update=338 global_step=346112 SPS=564 ev=0.998 v_bias=0.3 return=997.7 length=84 success_rate=1.00 collisions/ep=0.19 (n=16)
update=339 global_step=347136 SPS=565 ev=0.999 v_bias=-1.4 return=1006.5 length=84 success_rate=1.00 collisions/ep=0.00 (n=8)
update=340 global_step=348160 SPS=566 ev=1.000 v_bias=0.5 return=1007.1 length=84 success_rate=1.00 collisions/ep=0.00 (n=16)
Evaluation at update 340: return=1003.33, length=81.70, success_rate=1.00, collisions/ep=0.10
Solved-check at update 340: solved=False worst_gap=10138.16 at p_x0=2.00 p_y0=-1.00 (consecutive=0)
update=341 global_step=349184 SPS=562 ev=0.967 v_bias=5.1 return=956.3 length=84 success_rate=1.00 collisions/ep=1.00 (n=8)
update=342 global_step=350208 SPS=563 ev=0.997 v_bias=-1.3 return=998.3 length=83 success_rate=1.00 collisions/ep=0.19 (n=16)
update=343 global_step=351232 SPS=564 ev=0.999 v_bias=-0.2 return=1007.2 length=85 success_rate=1.00 collisions/ep=0.00 (n=8)
update=344 global_step=352256 SPS=565 ev=0.999 v_bias=-0.3 return=1004.2 length=83 success_rate=1.00 collisions/ep=0.06 (n=16)
update=345 global_step=353280 SPS=566 ev=0.984 v_bias=0.9 return=974.6 length=85 success_rate=1.00 collisions/ep=0.62 (n=8)
update=346 global_step=354304 SPS=567 ev=0.999 v_bias=0.7 return=1006.9 length=84 success_rate=1.00 collisions/ep=0.00 (n=16)
update=347 global_step=355328 SPS=568 ev=0.999 v_bias=-0.6 return=1007.1 length=84 success_rate=1.00 collisions/ep=0.00 (n=8)
update=348 global_step=356352 SPS=569 ev=0.999 v_bias=0.1 return=1006.5 length=84 success_rate=1.00 collisions/ep=0.00 (n=16)
update=349 global_step=357376 SPS=570 ev=1.000 v_bias=-0.3 return=1006.7 length=84 success_rate=1.00 collisions/ep=0.00 (n=8)
update=350 global_step=358400 SPS=571 ev=0.999 v_bias=-0.2 return=1006.6 length=84 success_rate=1.00 collisions/ep=0.00 (n=16)
Evaluation at update 350: return=1008.17, length=81.85, success_rate=1.00, collisions/ep=0.00
Solved-check at update 350: solved=False worst_gap=6.01 at p_x0=0.00 p_y0=-0.50 (consecutive=0)
update=351 global_step=359424 SPS=567 ev=1.000 v_bias=0.3 return=1007.1 length=84 success_rate=1.00 collisions/ep=0.00 (n=9)
update=352 global_step=360448 SPS=568 ev=0.988 v_bias=2.6 return=1007.0 length=84 success_rate=1.00 collisions/ep=0.00 (n=15)
update=353 global_step=361472 SPS=569 ev=0.998 v_bias=1.1 return=986.2 length=83 success_rate=1.00 collisions/ep=0.42 (n=12)
update=354 global_step=362496 SPS=570 ev=0.999 v_bias=-0.8 return=998.2 length=85 success_rate=1.00 collisions/ep=0.17 (n=12)
update=355 global_step=363520 SPS=572 ev=0.996 v_bias=1.2 return=999.5 length=83 success_rate=1.00 collisions/ep=0.14 (n=14)
update=356 global_step=364544 SPS=573 ev=0.999 v_bias=-0.3 return=1006.7 length=86 success_rate=1.00 collisions/ep=0.00 (n=10)
update=357 global_step=365568 SPS=574 ev=0.998 v_bias=-0.6 return=1003.5 length=83 success_rate=1.00 collisions/ep=0.07 (n=15)
update=358 global_step=366592 SPS=575 ev=0.999 v_bias=-2.0 return=1007.5 length=84 success_rate=1.00 collisions/ep=0.00 (n=9)
update=359 global_step=367616 SPS=576 ev=0.999 v_bias=-0.2 return=1003.9 length=84 success_rate=1.00 collisions/ep=0.06 (n=16)
update=360 global_step=368640 SPS=577 ev=0.999 v_bias=-1.4 return=1007.3 length=84 success_rate=1.00 collisions/ep=0.00 (n=8)
Evaluation at update 360: return=1008.07, length=81.95, success_rate=1.00, collisions/ep=0.00
Solved-check at update 360: solved=False worst_gap=6.01 at p_x0=0.00 p_y0=-0.50 (consecutive=0)
update=361 global_step=369664 SPS=573 ev=1.000 v_bias=-0.7 return=1007.1 length=84 success_rate=1.00 collisions/ep=0.00 (n=16)
update=362 global_step=370688 SPS=574 ev=0.997 v_bias=0.6 return=994.9 length=83 success_rate=1.00 collisions/ep=0.25 (n=8)
update=363 global_step=371712 SPS=575 ev=1.000 v_bias=-0.4 return=1007.3 length=83 success_rate=1.00 collisions/ep=0.00 (n=16)
update=364 global_step=372736 SPS=576 ev=0.995 v_bias=1.8 return=1001.1 length=84 success_rate=1.00 collisions/ep=0.12 (n=8)
update=365 global_step=373760 SPS=577 ev=0.999 v_bias=-0.9 return=997.5 length=84 success_rate=1.00 collisions/ep=0.19 (n=16)
update=366 global_step=374784 SPS=578 ev=0.999 v_bias=-0.3 return=1006.6 length=84 success_rate=1.00 collisions/ep=0.00 (n=8)
update=367 global_step=375808 SPS=579 ev=1.000 v_bias=-0.2 return=1007.1 length=84 success_rate=1.00 collisions/ep=0.00 (n=16)
update=368 global_step=376832 SPS=580 ev=1.000 v_bias=-0.6 return=1007.1 length=83 success_rate=1.00 collisions/ep=0.00 (n=9)
update=369 global_step=377856 SPS=581 ev=1.000 v_bias=-0.7 return=1007.8 length=83 success_rate=1.00 collisions/ep=0.00 (n=15)
update=370 global_step=378880 SPS=582 ev=1.000 v_bias=-0.4 return=1007.8 length=83 success_rate=1.00 collisions/ep=0.00 (n=11)
Evaluation at update 370: return=1006.27, length=81.25, success_rate=1.00, collisions/ep=0.05
Solved-check at update 370: solved=False worst_gap=257.07 at p_x0=2.00 p_y0=-1.00 (consecutive=0)
update=371 global_step=379904 SPS=578 ev=1.000 v_bias=-0.9 return=1008.0 length=83 success_rate=1.00 collisions/ep=0.00 (n=13)
update=372 global_step=380928 SPS=579 ev=0.985 v_bias=4.6 return=984.6 length=83 success_rate=1.00 collisions/ep=0.47 (n=15)
update=373 global_step=381952 SPS=580 ev=0.996 v_bias=-4.6 return=1007.8 length=83 success_rate=1.00 collisions/ep=0.00 (n=9)
update=374 global_step=382976 SPS=581 ev=1.000 v_bias=-1.4 return=1008.0 length=83 success_rate=1.00 collisions/ep=0.00 (n=16)
update=375 global_step=384000 SPS=582 ev=0.997 v_bias=0.2 return=995.5 length=82 success_rate=1.00 collisions/ep=0.25 (n=8)
update=376 global_step=385024 SPS=583 ev=1.000 v_bias=-0.9 return=1007.6 length=83 success_rate=1.00 collisions/ep=0.00 (n=16)
update=377 global_step=386048 SPS=583 ev=0.999 v_bias=-0.7 return=1008.2 length=83 success_rate=1.00 collisions/ep=0.00 (n=8)
update=378 global_step=387072 SPS=584 ev=1.000 v_bias=0.0 return=1007.7 length=83 success_rate=1.00 collisions/ep=0.00 (n=16)
update=379 global_step=388096 SPS=585 ev=1.000 v_bias=-0.2 return=1007.5 length=83 success_rate=1.00 collisions/ep=0.00 (n=8)
update=380 global_step=389120 SPS=586 ev=0.998 v_bias=0.6 return=1004.6 length=83 success_rate=1.00 collisions/ep=0.06 (n=16)
Evaluation at update 380: return=1008.67, length=81.35, success_rate=1.00, collisions/ep=0.00
Solved-check at update 380: solved=False worst_gap=5.01 at p_x0=0.00 p_y0=-0.50 (consecutive=0)
update=381 global_step=390144 SPS=583 ev=0.998 v_bias=-0.1 return=1003.1 length=83 success_rate=1.00 collisions/ep=0.10 (n=10)
update=382 global_step=391168 SPS=584 ev=0.990 v_bias=2.4 return=993.5 length=83 success_rate=1.00 collisions/ep=0.29 (n=14)
update=383 global_step=392192 SPS=585 ev=0.999 v_bias=-0.7 return=1008.2 length=81 success_rate=1.00 collisions/ep=0.00 (n=13)
update=384 global_step=393216 SPS=586 ev=0.998 v_bias=-0.5 return=1003.5 length=84 success_rate=1.00 collisions/ep=0.09 (n=11)
update=385 global_step=394240 SPS=587 ev=1.000 v_bias=-1.3 return=1008.2 length=83 success_rate=1.00 collisions/ep=0.00 (n=16)
update=386 global_step=395264 SPS=588 ev=0.999 v_bias=0.0 return=1001.6 length=83 success_rate=1.00 collisions/ep=0.12 (n=8)
update=387 global_step=396288 SPS=589 ev=0.998 v_bias=0.4 return=1005.1 length=83 success_rate=1.00 collisions/ep=0.06 (n=16)
update=388 global_step=397312 SPS=590 ev=0.991 v_bias=2.4 return=1002.0 length=82 success_rate=1.00 collisions/ep=0.12 (n=8)
update=389 global_step=398336 SPS=591 ev=0.996 v_bias=1.7 return=992.4 length=83 success_rate=1.00 collisions/ep=0.31 (n=16)
update=390 global_step=399360 SPS=592 ev=0.998 v_bias=-0.1 return=995.8 length=83 success_rate=1.00 collisions/ep=0.25 (n=8)
Evaluation at update 390: return=1008.72, length=81.30, success_rate=1.00, collisions/ep=0.00
Solved-check at update 390: solved=False worst_gap=55.05 at p_x0=2.00 p_y0=-1.00 (consecutive=0)
update=391 global_step=400384 SPS=588 ev=0.999 v_bias=-0.7 return=1005.0 length=83 success_rate=1.00 collisions/ep=0.06 (n=16)
update=392 global_step=401408 SPS=589 ev=1.000 v_bias=-0.6 return=1008.3 length=82 success_rate=1.00 collisions/ep=0.00 (n=10)
update=393 global_step=402432 SPS=590 ev=0.980 v_bias=2.5 return=989.8 length=83 success_rate=1.00 collisions/ep=0.36 (n=14)
update=394 global_step=403456 SPS=591 ev=0.996 v_bias=-0.2 return=1008.2 length=82 success_rate=1.00 collisions/ep=0.00 (n=14)
update=395 global_step=404480 SPS=592 ev=0.997 v_bias=0.5 return=997.8 length=85 success_rate=1.00 collisions/ep=0.20 (n=10)
update=396 global_step=405504 SPS=593 ev=0.999 v_bias=-0.7 return=1005.0 length=82 success_rate=1.00 collisions/ep=0.06 (n=16)
update=397 global_step=406528 SPS=593 ev=0.994 v_bias=2.0 return=995.5 length=83 success_rate=1.00 collisions/ep=0.25 (n=8)
update=398 global_step=407552 SPS=594 ev=0.999 v_bias=-0.3 return=998.8 length=83 success_rate=1.00 collisions/ep=0.19 (n=16)
update=399 global_step=408576 SPS=595 ev=0.999 v_bias=0.2 return=1007.5 length=84 success_rate=1.00 collisions/ep=0.00 (n=8)
update=400 global_step=409600 SPS=596 ev=1.000 v_bias=-0.4 return=1007.9 length=83 success_rate=1.00 collisions/ep=0.00 (n=16)
Evaluation at update 400: return=1008.77, length=81.25, success_rate=1.00, collisions/ep=0.00
Solved-check at update 400: solved=False worst_gap=5.01 at p_x0=0.00 p_y0=-0.50 (consecutive=0)
update=401 global_step=410624 SPS=593 ev=0.998 v_bias=1.4 return=1007.7 length=83 success_rate=1.00 collisions/ep=0.00 (n=8)
update=402 global_step=411648 SPS=594 ev=0.999 v_bias=-0.6 return=1001.9 length=83 success_rate=1.00 collisions/ep=0.12 (n=16)
update=403 global_step=412672 SPS=594 ev=1.000 v_bias=-0.8 return=1008.3 length=83 success_rate=1.00 collisions/ep=0.00 (n=11)
update=404 global_step=413696 SPS=595 ev=1.000 v_bias=-0.1 return=1007.8 length=83 success_rate=1.00 collisions/ep=0.00 (n=13)
update=405 global_step=414720 SPS=596 ev=0.998 v_bias=-0.1 return=1004.7 length=82 success_rate=1.00 collisions/ep=0.07 (n=14)
update=406 global_step=415744 SPS=597 ev=0.999 v_bias=0.4 return=1008.5 length=84 success_rate=1.00 collisions/ep=0.00 (n=10)
update=407 global_step=416768 SPS=598 ev=1.000 v_bias=-0.3 return=1005.3 length=82 success_rate=1.00 collisions/ep=0.06 (n=16)
update=408 global_step=417792 SPS=599 ev=0.689 v_bias=23.7 return=1008.9 length=83 success_rate=1.00 collisions/ep=0.00 (n=8)
update=409 global_step=418816 SPS=600 ev=0.959 v_bias=-3.8 return=902.7 length=85 success_rate=1.00 collisions/ep=2.07 (n=15)
update=410 global_step=419840 SPS=601 ev=0.993 v_bias=1.8 return=1007.9 length=82 success_rate=1.00 collisions/ep=0.00 (n=9)
Evaluation at update 410: return=1008.77, length=81.25, success_rate=1.00, collisions/ep=0.00
Solved-check at update 410: solved=False worst_gap=5.01 at p_x0=0.00 p_y0=-0.50 (consecutive=0)
update=411 global_step=420864 SPS=597 ev=0.997 v_bias=-0.2 return=1008.0 length=83 success_rate=1.00 collisions/ep=0.00 (n=16)
update=412 global_step=421888 SPS=598 ev=0.996 v_bias=1.6 return=1001.5 length=83 success_rate=1.00 collisions/ep=0.12 (n=8)
update=413 global_step=422912 SPS=599 ev=0.999 v_bias=-0.2 return=1008.3 length=83 success_rate=1.00 collisions/ep=0.00 (n=16)
update=414 global_step=423936 SPS=600 ev=0.999 v_bias=-0.0 return=1008.5 length=82 success_rate=1.00 collisions/ep=0.00 (n=10)
update=415 global_step=424960 SPS=601 ev=0.999 v_bias=-0.9 return=1008.2 length=82 success_rate=1.00 collisions/ep=0.00 (n=14)
update=416 global_step=425984 SPS=601 ev=1.000 v_bias=0.1 return=1008.6 length=82 success_rate=1.00 collisions/ep=0.00 (n=14)
update=417 global_step=427008 SPS=602 ev=0.998 v_bias=0.5 return=1003.5 length=83 success_rate=1.00 collisions/ep=0.10 (n=10)
update=418 global_step=428032 SPS=603 ev=0.999 v_bias=0.7 return=1005.2 length=83 success_rate=1.00 collisions/ep=0.06 (n=16)
update=419 global_step=429056 SPS=604 ev=0.998 v_bias=0.2 return=1008.3 length=82 success_rate=1.00 collisions/ep=0.00 (n=8)
update=420 global_step=430080 SPS=605 ev=1.000 v_bias=0.1 return=1005.1 length=83 success_rate=1.00 collisions/ep=0.06 (n=16)
Evaluation at update 420: return=1008.87, length=81.15, success_rate=1.00, collisions/ep=0.00
Solved-check at update 420: solved=False worst_gap=106.06 at p_x0=2.00 p_y0=-1.00 (consecutive=0)
update=421 global_step=431104 SPS=601 ev=0.999 v_bias=0.9 return=1008.2 length=83 success_rate=1.00 collisions/ep=0.00 (n=8)
update=422 global_step=432128 SPS=602 ev=1.000 v_bias=-0.2 return=1005.0 length=83 success_rate=1.00 collisions/ep=0.06 (n=16)
update=423 global_step=433152 SPS=603 ev=1.000 v_bias=-0.1 return=1008.1 length=82 success_rate=1.00 collisions/ep=0.00 (n=8)
update=424 global_step=434176 SPS=604 ev=0.960 v_bias=5.8 return=985.9 length=83 success_rate=1.00 collisions/ep=0.44 (n=16)
update=425 global_step=435200 SPS=605 ev=0.992 v_bias=-0.3 return=989.8 length=82 success_rate=1.00 collisions/ep=0.36 (n=11)
update=426 global_step=436224 SPS=606 ev=0.998 v_bias=-2.4 return=1004.4 length=83 success_rate=1.00 collisions/ep=0.08 (n=13)
update=427 global_step=437248 SPS=607 ev=0.999 v_bias=-0.7 return=1007.8 length=82 success_rate=1.00 collisions/ep=0.00 (n=15)
update=428 global_step=438272 SPS=608 ev=0.999 v_bias=-1.6 return=1008.1 length=83 success_rate=1.00 collisions/ep=0.00 (n=9)
update=429 global_step=439296 SPS=608 ev=1.000 v_bias=0.1 return=1008.3 length=83 success_rate=1.00 collisions/ep=0.00 (n=16)
update=430 global_step=440320 SPS=609 ev=0.999 v_bias=-1.1 return=1008.5 length=82 success_rate=1.00 collisions/ep=0.00 (n=8)
Evaluation at update 430: return=1009.12, length=80.90, success_rate=1.00, collisions/ep=0.00
Solved-check at update 430: solved=False worst_gap=156.07 at p_x0=2.00 p_y0=-1.00 (consecutive=0)
update=431 global_step=441344 SPS=605 ev=1.000 v_bias=-0.9 return=1008.7 length=82 success_rate=1.00 collisions/ep=0.00 (n=16)
update=432 global_step=442368 SPS=606 ev=1.000 v_bias=0.3 return=1008.8 length=82 success_rate=1.00 collisions/ep=0.00 (n=8)
update=433 global_step=443392 SPS=607 ev=0.989 v_bias=2.4 return=995.9 length=82 success_rate=1.00 collisions/ep=0.25 (n=16)
update=434 global_step=444416 SPS=608 ev=0.999 v_bias=0.3 return=1009.2 length=82 success_rate=1.00 collisions/ep=0.00 (n=11)
update=435 global_step=445440 SPS=609 ev=0.999 v_bias=-0.5 return=1000.9 length=82 success_rate=1.00 collisions/ep=0.15 (n=13)
update=436 global_step=446464 SPS=610 ev=0.999 v_bias=-1.3 return=1008.7 length=82 success_rate=1.00 collisions/ep=0.00 (n=15)
update=437 global_step=447488 SPS=611 ev=0.985 v_bias=3.2 return=980.1 length=84 success_rate=1.00 collisions/ep=0.56 (n=9)
update=438 global_step=448512 SPS=612 ev=0.998 v_bias=0.6 return=1005.4 length=82 success_rate=1.00 collisions/ep=0.06 (n=16)
update=439 global_step=449536 SPS=613 ev=0.997 v_bias=-1.9 return=1008.6 length=83 success_rate=1.00 collisions/ep=0.00 (n=8)
update=440 global_step=450560 SPS=613 ev=1.000 v_bias=0.4 return=1008.5 length=82 success_rate=1.00 collisions/ep=0.00 (n=16)
Evaluation at update 440: return=1008.82, length=81.20, success_rate=1.00, collisions/ep=0.00
Solved-check at update 440: solved=False worst_gap=5.01 at p_x0=0.00 p_y0=-0.50 (consecutive=0)
update=441 global_step=451584 SPS=609 ev=0.998 v_bias=-0.3 return=1008.1 length=82 success_rate=1.00 collisions/ep=0.00 (n=8)
update=442 global_step=452608 SPS=610 ev=0.999 v_bias=1.0 return=1008.6 length=82 success_rate=1.00 collisions/ep=0.00 (n=16)
update=443 global_step=453632 SPS=611 ev=0.999 v_bias=0.5 return=1002.0 length=83 success_rate=1.00 collisions/ep=0.12 (n=8)
update=444 global_step=454656 SPS=612 ev=0.999 v_bias=-0.6 return=1005.8 length=82 success_rate=1.00 collisions/ep=0.06 (n=16)
update=445 global_step=455680 SPS=612 ev=0.999 v_bias=0.3 return=1005.1 length=82 success_rate=1.00 collisions/ep=0.07 (n=15)
update=446 global_step=456704 SPS=613 ev=1.000 v_bias=-0.8 return=1008.8 length=83 success_rate=1.00 collisions/ep=0.00 (n=9)
update=447 global_step=457728 SPS=614 ev=1.000 v_bias=-1.2 return=1008.7 length=83 success_rate=1.00 collisions/ep=0.00 (n=16)
update=448 global_step=458752 SPS=615 ev=1.000 v_bias=-0.4 return=1008.6 length=82 success_rate=1.00 collisions/ep=0.00 (n=8)
update=449 global_step=459776 SPS=615 ev=1.000 v_bias=-0.2 return=1008.8 length=82 success_rate=1.00 collisions/ep=0.00 (n=16)
update=450 global_step=460800 SPS=616 ev=0.997 v_bias=0.7 return=996.2 length=82 success_rate=1.00 collisions/ep=0.25 (n=8)
Evaluation at update 450: return=1009.37, length=80.65, success_rate=1.00, collisions/ep=0.00
Solved-check at update 450: solved=False worst_gap=155.07 at p_x0=2.00 p_y0=-1.00 (consecutive=0)
update=451 global_step=461824 SPS=613 ev=0.999 v_bias=1.1 return=1005.8 length=82 success_rate=1.00 collisions/ep=0.06 (n=16)
update=452 global_step=462848 SPS=614 ev=0.996 v_bias=1.6 return=1000.0 length=82 success_rate=1.00 collisions/ep=0.18 (n=11)
update=453 global_step=463872 SPS=614 ev=0.999 v_bias=-0.4 return=1000.4 length=83 success_rate=1.00 collisions/ep=0.15 (n=13)
update=454 global_step=464896 SPS=615 ev=1.000 v_bias=-0.4 return=1008.5 length=82 success_rate=1.00 collisions/ep=0.00 (n=15)
update=455 global_step=465920 SPS=616 ev=1.000 v_bias=-0.1 return=1009.0 length=83 success_rate=1.00 collisions/ep=0.00 (n=9)
update=456 global_step=466944 SPS=617 ev=0.941 v_bias=6.7 return=976.7 length=83 success_rate=1.00 collisions/ep=0.62 (n=16)
update=457 global_step=467968 SPS=618 ev=0.975 v_bias=-3.5 return=1009.1 length=83 success_rate=1.00 collisions/ep=0.00 (n=8)
update=458 global_step=468992 SPS=619 ev=0.998 v_bias=-2.9 return=1008.7 length=82 success_rate=1.00 collisions/ep=0.00 (n=16)
update=459 global_step=470016 SPS=619 ev=0.999 v_bias=-0.2 return=1008.7 length=82 success_rate=1.00 collisions/ep=0.00 (n=8)
update=460 global_step=471040 SPS=620 ev=1.000 v_bias=0.2 return=1008.9 length=82 success_rate=1.00 collisions/ep=0.00 (n=16)
Evaluation at update 460: return=1009.42, length=80.60, success_rate=1.00, collisions/ep=0.00
Solved-check at update 460: solved=False worst_gap=258.08 at p_x0=2.00 p_y0=-1.00 (consecutive=0)
update=461 global_step=472064 SPS=617 ev=0.997 v_bias=0.8 return=1008.8 length=82 success_rate=1.00 collisions/ep=0.00 (n=11)
update=462 global_step=473088 SPS=618 ev=1.000 v_bias=-0.4 return=1004.6 length=83 success_rate=1.00 collisions/ep=0.08 (n=13)
update=463 global_step=474112 SPS=618 ev=1.000 v_bias=0.1 return=1008.6 length=81 success_rate=1.00 collisions/ep=0.00 (n=15)
update=464 global_step=475136 SPS=619 ev=0.999 v_bias=-0.5 return=1008.9 length=83 success_rate=1.00 collisions/ep=0.00 (n=9)
update=465 global_step=476160 SPS=620 ev=0.999 v_bias=-0.3 return=1006.0 length=82 success_rate=1.00 collisions/ep=0.06 (n=16)
update=466 global_step=477184 SPS=621 ev=0.930 v_bias=4.8 return=951.5 length=83 success_rate=1.00 collisions/ep=1.12 (n=8)
update=467 global_step=478208 SPS=622 ev=0.991 v_bias=-1.6 return=1008.6 length=83 success_rate=1.00 collisions/ep=0.00 (n=16)
update=468 global_step=479232 SPS=623 ev=0.999 v_bias=0.7 return=1008.3 length=82 success_rate=1.00 collisions/ep=0.00 (n=8)
update=469 global_step=480256 SPS=623 ev=0.999 v_bias=0.5 return=1008.2 length=82 success_rate=1.00 collisions/ep=0.00 (n=16)
update=470 global_step=481280 SPS=624 ev=0.999 v_bias=0.1 return=1008.4 length=83 success_rate=1.00 collisions/ep=0.00 (n=10)
Evaluation at update 470: return=1008.67, length=81.35, success_rate=1.00, collisions/ep=0.00
Solved-check at update 470: solved=False worst_gap=5.01 at p_x0=0.50 p_y0=-0.50 (consecutive=0)
update=471 global_step=482304 SPS=621 ev=1.000 v_bias=0.4 return=1008.0 length=83 success_rate=1.00 collisions/ep=0.00 (n=14)
update=472 global_step=483328 SPS=621 ev=0.998 v_bias=1.0 return=1003.9 length=82 success_rate=1.00 collisions/ep=0.07 (n=14)
update=473 global_step=484352 SPS=622 ev=1.000 v_bias=-0.6 return=1008.6 length=84 success_rate=1.00 collisions/ep=0.00 (n=10)
update=474 global_step=485376 SPS=623 ev=1.000 v_bias=-0.7 return=1008.8 length=82 success_rate=1.00 collisions/ep=0.00 (n=16)
update=475 global_step=486400 SPS=623 ev=1.000 v_bias=-0.7 return=1008.7 length=83 success_rate=1.00 collisions/ep=0.00 (n=8)
update=476 global_step=487424 SPS=624 ev=1.000 v_bias=-0.4 return=1009.1 length=82 success_rate=1.00 collisions/ep=0.00 (n=16)
update=477 global_step=488448 SPS=625 ev=0.995 v_bias=-0.5 return=996.0 length=82 success_rate=1.00 collisions/ep=0.25 (n=8)
update=478 global_step=489472 SPS=626 ev=1.000 v_bias=-0.5 return=1009.0 length=82 success_rate=1.00 collisions/ep=0.00 (n=16)
update=479 global_step=490496 SPS=627 ev=1.000 v_bias=-0.6 return=1009.3 length=80 success_rate=1.00 collisions/ep=0.00 (n=12)
update=480 global_step=491520 SPS=627 ev=0.999 v_bias=-0.0 return=1009.3 length=83 success_rate=1.00 collisions/ep=0.00 (n=12)
Evaluation at update 480: return=1009.77, length=80.25, success_rate=1.00, collisions/ep=0.00
Solved-check at update 480: solved=False worst_gap=206.08 at p_x0=2.00 p_y0=-1.00 (consecutive=0)
update=481 global_step=492544 SPS=624 ev=1.000 v_bias=0.5 return=1006.0 length=82 success_rate=1.00 collisions/ep=0.06 (n=16)
update=482 global_step=493568 SPS=625 ev=0.996 v_bias=0.9 return=1009.6 length=81 success_rate=1.00 collisions/ep=0.00 (n=8)
update=483 global_step=494592 SPS=626 ev=0.979 v_bias=3.6 return=983.8 length=82 success_rate=1.00 collisions/ep=0.50 (n=16)
update=484 global_step=495616 SPS=626 ev=0.993 v_bias=-1.7 return=1009.2 length=82 success_rate=1.00 collisions/ep=0.00 (n=8)
update=485 global_step=496640 SPS=627 ev=0.989 v_bias=1.6 return=999.2 length=83 success_rate=1.00 collisions/ep=0.19 (n=16)
update=486 global_step=497664 SPS=628 ev=0.999 v_bias=-0.8 return=1009.2 length=81 success_rate=1.00 collisions/ep=0.00 (n=8)
update=487 global_step=498688 SPS=629 ev=0.999 v_bias=0.3 return=1005.9 length=82 success_rate=1.00 collisions/ep=0.06 (n=16)
update=488 global_step=499712 SPS=629 ev=1.000 v_bias=-1.2 return=1009.1 length=81 success_rate=1.00 collisions/ep=0.00 (n=14)
update=489 global_step=500736 SPS=630 ev=0.999 v_bias=0.1 return=1009.1 length=82 success_rate=1.00 collisions/ep=0.00 (n=10)
update=490 global_step=501760 SPS=631 ev=1.000 v_bias=-0.1 return=1005.9 length=82 success_rate=1.00 collisions/ep=0.06 (n=16)
Evaluation at update 490: return=1009.37, length=80.65, success_rate=1.00, collisions/ep=0.00
Solved-check at update 490: solved=True worst_gap=4.01 at p_x0=0.50 p_y0=-0.50 (consecutive=0)
update=491 global_step=502784 SPS=627 ev=1.000 v_bias=-0.2 return=1008.4 length=82 success_rate=1.00 collisions/ep=0.00 (n=8)
update=492 global_step=503808 SPS=628 ev=1.000 v_bias=-0.7 return=1009.1 length=82 success_rate=1.00 collisions/ep=0.00 (n=16)
update=493 global_step=504832 SPS=629 ev=0.999 v_bias=0.4 return=1002.9 length=82 success_rate=1.00 collisions/ep=0.12 (n=8)
update=494 global_step=505856 SPS=629 ev=1.000 v_bias=0.2 return=1008.9 length=82 success_rate=1.00 collisions/ep=0.00 (n=16)
update=495 global_step=506880 SPS=630 ev=1.000 v_bias=-0.2 return=1009.1 length=81 success_rate=1.00 collisions/ep=0.00 (n=11)
update=496 global_step=507904 SPS=631 ev=0.999 v_bias=-0.3 return=1005.1 length=83 success_rate=1.00 collisions/ep=0.08 (n=13)
update=497 global_step=508928 SPS=632 ev=0.999 v_bias=-0.2 return=1006.5 length=81 success_rate=1.00 collisions/ep=0.06 (n=16)
update=498 global_step=509952 SPS=632 ev=0.995 v_bias=1.2 return=1009.5 length=82 success_rate=1.00 collisions/ep=0.00 (n=8)
update=499 global_step=510976 SPS=633 ev=1.000 v_bias=-0.7 return=1002.5 length=82 success_rate=1.00 collisions/ep=0.12 (n=16)
update=500 global_step=512000 SPS=634 ev=0.996 v_bias=0.2 return=1009.3 length=81 success_rate=1.00 collisions/ep=0.00 (n=8)
Evaluation at update 500: return=1009.82, length=80.20, success_rate=1.00, collisions/ep=0.00
Solved-check at update 500: solved=False worst_gap=206.08 at p_x0=2.00 p_y0=-1.00 (consecutive=1)
update=501 global_step=513024 SPS=630 ev=1.000 v_bias=-1.2 return=1003.2 length=82 success_rate=1.00 collisions/ep=0.12 (n=16)
update=502 global_step=514048 SPS=631 ev=0.690 v_bias=28.9 return=1004.2 length=82 success_rate=1.00 collisions/ep=0.10 (n=10)
update=503 global_step=515072 SPS=632 ev=0.957 v_bias=-0.6 return=877.6 length=85 success_rate=1.00 collisions/ep=2.57 (n=14)
update=504 global_step=516096 SPS=632 ev=0.995 v_bias=-0.2 return=1008.8 length=82 success_rate=1.00 collisions/ep=0.00 (n=13)
update=505 global_step=517120 SPS=633 ev=0.988 v_bias=-0.5 return=1008.6 length=82 success_rate=1.00 collisions/ep=0.00 (n=11)
update=506 global_step=518144 SPS=634 ev=0.998 v_bias=-0.4 return=1008.9 length=82 success_rate=1.00 collisions/ep=0.00 (n=16)
update=507 global_step=519168 SPS=635 ev=0.999 v_bias=-0.5 return=1009.0 length=82 success_rate=1.00 collisions/ep=0.00 (n=8)
update=508 global_step=520192 SPS=635 ev=0.999 v_bias=-0.0 return=1009.0 length=82 success_rate=1.00 collisions/ep=0.00 (n=16)
update=509 global_step=521216 SPS=636 ev=0.995 v_bias=1.8 return=996.2 length=82 success_rate=1.00 collisions/ep=0.25 (n=8)
update=510 global_step=522240 SPS=637 ev=0.999 v_bias=-0.5 return=1009.0 length=82 success_rate=1.00 collisions/ep=0.00 (n=16)
Evaluation at update 510: return=1009.62, length=80.40, success_rate=1.00, collisions/ep=0.00
Solved-check at update 510: solved=False worst_gap=155.07 at p_x0=2.00 p_y0=-1.00 (consecutive=0)
update=511 global_step=523264 SPS=633 ev=0.999 v_bias=-1.1 return=1009.3 length=82 success_rate=1.00 collisions/ep=0.00 (n=10)
update=512 global_step=524288 SPS=634 ev=0.999 v_bias=-0.0 return=1008.9 length=82 success_rate=1.00 collisions/ep=0.00 (n=14)
update=513 global_step=525312 SPS=634 ev=1.000 v_bias=0.3 return=1009.1 length=82 success_rate=1.00 collisions/ep=0.00 (n=16)
update=514 global_step=526336 SPS=635 ev=1.000 v_bias=-0.2 return=1009.2 length=82 success_rate=1.00 collisions/ep=0.00 (n=8)
update=515 global_step=527360 SPS=636 ev=0.998 v_bias=1.2 return=1006.2 length=81 success_rate=1.00 collisions/ep=0.06 (n=16)
update=516 global_step=528384 SPS=636 ev=0.996 v_bias=0.7 return=990.5 length=82 success_rate=1.00 collisions/ep=0.38 (n=8)
update=517 global_step=529408 SPS=637 ev=1.000 v_bias=-0.1 return=1009.4 length=81 success_rate=1.00 collisions/ep=0.00 (n=16)
update=518 global_step=530432 SPS=638 ev=0.999 v_bias=-0.6 return=1008.9 length=82 success_rate=1.00 collisions/ep=0.00 (n=9)
update=519 global_step=531456 SPS=639 ev=1.000 v_bias=-1.0 return=1009.5 length=81 success_rate=1.00 collisions/ep=0.00 (n=15)
update=520 global_step=532480 SPS=639 ev=0.968 v_bias=3.2 return=1009.5 length=82 success_rate=1.00 collisions/ep=0.00 (n=15)
Evaluation at update 520: return=1009.72, length=80.30, success_rate=1.00, collisions/ep=0.00
Solved-check at update 520: solved=False worst_gap=155.07 at p_x0=2.00 p_y0=-1.00 (consecutive=0)
update=521 global_step=533504 SPS=636 ev=0.996 v_bias=-0.7 return=974.8 length=82 success_rate=1.00 collisions/ep=0.67 (n=9)
update=522 global_step=534528 SPS=637 ev=0.998 v_bias=0.9 return=1005.8 length=82 success_rate=1.00 collisions/ep=0.06 (n=16)
update=523 global_step=535552 SPS=637 ev=0.999 v_bias=0.1 return=1009.2 length=81 success_rate=1.00 collisions/ep=0.00 (n=8)
update=524 global_step=536576 SPS=638 ev=0.999 v_bias=-1.1 return=1009.2 length=82 success_rate=1.00 collisions/ep=0.00 (n=16)
update=525 global_step=537600 SPS=639 ev=0.999 v_bias=-0.7 return=1009.3 length=82 success_rate=1.00 collisions/ep=0.00 (n=8)
update=526 global_step=538624 SPS=639 ev=0.995 v_bias=0.9 return=1003.0 length=82 success_rate=1.00 collisions/ep=0.12 (n=16)
update=527 global_step=539648 SPS=640 ev=1.000 v_bias=-0.7 return=1009.2 length=80 success_rate=1.00 collisions/ep=0.00 (n=13)
update=528 global_step=540672 SPS=641 ev=0.640 v_bias=37.1 return=791.4 length=87 success_rate=1.00 collisions/ep=4.27 (n=11)
update=529 global_step=541696 SPS=642 ev=0.973 v_bias=-5.2 return=1009.6 length=82 success_rate=1.00 collisions/ep=0.00 (n=15)
update=530 global_step=542720 SPS=642 ev=0.983 v_bias=-3.5 return=1009.0 length=81 success_rate=1.00 collisions/ep=0.00 (n=9)
Evaluation at update 530: return=1009.57, length=80.45, success_rate=1.00, collisions/ep=0.00
Solved-check at update 530: solved=True worst_gap=4.01 at p_x0=0.00 p_y0=-0.50 (consecutive=0)
update=531 global_step=543744 SPS=639 ev=0.998 v_bias=-0.2 return=1009.5 length=82 success_rate=1.00 collisions/ep=0.00 (n=16)
update=532 global_step=544768 SPS=639 ev=0.998 v_bias=1.1 return=1008.9 length=82 success_rate=1.00 collisions/ep=0.00 (n=8)
update=533 global_step=545792 SPS=640 ev=0.998 v_bias=0.8 return=1008.6 length=82 success_rate=1.00 collisions/ep=0.00 (n=16)
update=534 global_step=546816 SPS=641 ev=0.999 v_bias=-0.2 return=1008.9 length=82 success_rate=1.00 collisions/ep=0.00 (n=9)
update=535 global_step=547840 SPS=641 ev=0.996 v_bias=0.9 return=1005.2 length=82 success_rate=1.00 collisions/ep=0.07 (n=15)
update=536 global_step=548864 SPS=642 ev=0.997 v_bias=1.0 return=1004.9 length=81 success_rate=1.00 collisions/ep=0.08 (n=13)
update=537 global_step=549888 SPS=643 ev=0.998 v_bias=-1.7 return=1008.9 length=84 success_rate=1.00 collisions/ep=0.00 (n=11)
update=538 global_step=550912 SPS=643 ev=0.999 v_bias=0.3 return=1008.9 length=82 success_rate=1.00 collisions/ep=0.00 (n=16)
update=539 global_step=551936 SPS=644 ev=0.999 v_bias=-0.1 return=1009.2 length=82 success_rate=1.00 collisions/ep=0.00 (n=8)
update=540 global_step=552960 SPS=645 ev=1.000 v_bias=-0.3 return=1006.2 length=81 success_rate=1.00 collisions/ep=0.06 (n=16)
Evaluation at update 540: return=1009.67, length=80.35, success_rate=1.00, collisions/ep=0.00
Solved-check at update 540: solved=True worst_gap=4.01 at p_x0=0.00 p_y0=-0.50 (consecutive=1)
Solved criterion held for 2 consecutive evals (tolerance=5.0) at global_step=552960.
update=541 global_step=553984 SPS=642 ev=1.000 v_bias=-0.4 return=1009.0 length=82 success_rate=1.00 collisions/ep=0.00 (n=8)
update=542 global_step=555008 SPS=642 ev=0.995 v_bias=-0.1 return=1005.9 length=82 success_rate=1.00 collisions/ep=0.06 (n=16)
update=543 global_step=556032 SPS=643 ev=0.999 v_bias=0.5 return=1004.8 length=81 success_rate=1.00 collisions/ep=0.09 (n=11)
update=544 global_step=557056 SPS=644 ev=0.999 v_bias=-1.0 return=1009.5 length=82 success_rate=1.00 collisions/ep=0.00 (n=13)
update=545 global_step=558080 SPS=645 ev=1.000 v_bias=-0.7 return=1009.3 length=81 success_rate=1.00 collisions/ep=0.00 (n=16)
update=546 global_step=559104 SPS=645 ev=1.000 v_bias=-0.4 return=1009.5 length=81 success_rate=1.00 collisions/ep=0.00 (n=8)
update=547 global_step=560128 SPS=646 ev=1.000 v_bias=-0.5 return=1009.4 length=82 success_rate=1.00 collisions/ep=0.00 (n=16)
update=548 global_step=561152 SPS=647 ev=0.999 v_bias=0.4 return=1009.7 length=81 success_rate=1.00 collisions/ep=0.00 (n=8)
update=549 global_step=562176 SPS=647 ev=0.991 v_bias=2.2 return=1003.3 length=82 success_rate=1.00 collisions/ep=0.12 (n=16)
update=550 global_step=563200 SPS=648 ev=0.999 v_bias=-1.1 return=1004.7 length=80 success_rate=1.00 collisions/ep=0.09 (n=11)
Evaluation at update 550: return=1009.87, length=80.15, success_rate=1.00, collisions/ep=0.00
Solved-check at update 550: solved=False worst_gap=54.05 at p_x0=2.00 p_y0=-1.00 (consecutive=2)
update=551 global_step=564224 SPS=645 ev=0.999 v_bias=-0.3 return=1009.4 length=82 success_rate=1.00 collisions/ep=0.00 (n=13)
update=552 global_step=565248 SPS=645 ev=0.998 v_bias=1.2 return=1006.3 length=82 success_rate=1.00 collisions/ep=0.06 (n=16)
update=553 global_step=566272 SPS=646 ev=1.000 v_bias=-0.8 return=1009.3 length=82 success_rate=1.00 collisions/ep=0.00 (n=8)
update=554 global_step=567296 SPS=647 ev=1.000 v_bias=-0.6 return=1009.6 length=81 success_rate=1.00 collisions/ep=0.00 (n=16)
update=555 global_step=568320 SPS=648 ev=1.000 v_bias=-0.1 return=1009.3 length=81 success_rate=1.00 collisions/ep=0.00 (n=8)
update=556 global_step=569344 SPS=648 ev=0.998 v_bias=0.5 return=1006.4 length=81 success_rate=1.00 collisions/ep=0.06 (n=16)
update=557 global_step=570368 SPS=649 ev=0.990 v_bias=2.9 return=1001.5 length=81 success_rate=1.00 collisions/ep=0.17 (n=12)
update=558 global_step=571392 SPS=650 ev=0.999 v_bias=-1.7 return=992.4 length=82 success_rate=1.00 collisions/ep=0.33 (n=12)
update=559 global_step=572416 SPS=650 ev=1.000 v_bias=-0.0 return=1009.4 length=82 success_rate=1.00 collisions/ep=0.00 (n=16)
update=560 global_step=573440 SPS=651 ev=1.000 v_bias=-0.7 return=1009.3 length=81 success_rate=1.00 collisions/ep=0.00 (n=8)
Evaluation at update 560: return=1009.82, length=80.20, success_rate=1.00, collisions/ep=0.00
Solved-check at update 560: solved=False worst_gap=54.06 at p_x0=2.00 p_y0=-1.00 (consecutive=0)
update=561 global_step=574464 SPS=648 ev=1.000 v_bias=-0.0 return=1009.6 length=81 success_rate=1.00 collisions/ep=0.00 (n=16)
update=562 global_step=575488 SPS=648 ev=1.000 v_bias=-0.4 return=1009.5 length=82 success_rate=1.00 collisions/ep=0.00 (n=8)
update=563 global_step=576512 SPS=649 ev=0.999 v_bias=0.9 return=1003.5 length=81 success_rate=1.00 collisions/ep=0.12 (n=16)
update=564 global_step=577536 SPS=650 ev=1.000 v_bias=-0.1 return=1009.2 length=81 success_rate=1.00 collisions/ep=0.00 (n=12)
update=565 global_step=578560 SPS=651 ev=1.000 v_bias=-0.4 return=1009.6 length=82 success_rate=1.00 collisions/ep=0.00 (n=12)
update=566 global_step=579584 SPS=651 ev=1.000 v_bias=0.1 return=1009.1 length=82 success_rate=1.00 collisions/ep=0.00 (n=16)
update=567 global_step=580608 SPS=652 ev=0.997 v_bias=0.9 return=1002.9 length=82 success_rate=1.00 collisions/ep=0.12 (n=8)
update=568 global_step=581632 SPS=653 ev=1.000 v_bias=-0.3 return=1009.5 length=81 success_rate=1.00 collisions/ep=0.00 (n=16)
update=569 global_step=582656 SPS=653 ev=1.000 v_bias=-0.6 return=1009.8 length=81 success_rate=1.00 collisions/ep=0.00 (n=8)
update=570 global_step=583680 SPS=654 ev=0.992 v_bias=1.0 return=1003.3 length=82 success_rate=1.00 collisions/ep=0.12 (n=16)
Evaluation at update 570: return=1010.07, length=79.95, success_rate=1.00, collisions/ep=0.00
Solved-check at update 570: solved=False worst_gap=105.06 at p_x0=2.00 p_y0=-1.00 (consecutive=0)
update=571 global_step=584704 SPS=650 ev=0.998 v_bias=-0.0 return=1005.6 length=80 success_rate=1.00 collisions/ep=0.08 (n=13)
update=572 global_step=585728 SPS=651 ev=1.000 v_bias=-0.1 return=1010.0 length=83 success_rate=1.00 collisions/ep=0.00 (n=11)
update=573 global_step=586752 SPS=652 ev=1.000 v_bias=-0.2 return=1009.6 length=81 success_rate=1.00 collisions/ep=0.00 (n=16)
update=574 global_step=587776 SPS=652 ev=0.999 v_bias=0.8 return=1009.9 length=80 success_rate=1.00 collisions/ep=0.00 (n=8)
update=575 global_step=588800 SPS=653 ev=0.999 v_bias=0.2 return=1003.5 length=81 success_rate=1.00 collisions/ep=0.12 (n=16)
update=576 global_step=589824 SPS=654 ev=0.997 v_bias=0.0 return=1003.2 length=81 success_rate=1.00 collisions/ep=0.12 (n=8)
update=577 global_step=590848 SPS=654 ev=1.000 v_bias=-0.7 return=1010.0 length=81 success_rate=1.00 collisions/ep=0.00 (n=16)
update=578 global_step=591872 SPS=655 ev=0.999 v_bias=0.6 return=1006.2 length=81 success_rate=1.00 collisions/ep=0.07 (n=15)
update=579 global_step=592896 SPS=656 ev=0.997 v_bias=0.7 return=1010.1 length=81 success_rate=1.00 collisions/ep=0.00 (n=9)
update=580 global_step=593920 SPS=656 ev=1.000 v_bias=-0.4 return=1003.6 length=81 success_rate=1.00 collisions/ep=0.12 (n=16)
Evaluation at update 580: return=1010.07, length=79.95, success_rate=1.00, collisions/ep=0.00
Solved-check at update 580: solved=False worst_gap=54.06 at p_x0=2.00 p_y0=-1.00 (consecutive=0)
update=581 global_step=594944 SPS=653 ev=0.973 v_bias=2.4 return=1009.7 length=81 success_rate=1.00 collisions/ep=0.00 (n=8)
update=582 global_step=595968 SPS=653 ev=0.999 v_bias=-0.8 return=996.9 length=82 success_rate=1.00 collisions/ep=0.25 (n=16)
update=583 global_step=596992 SPS=654 ev=0.951 v_bias=4.1 return=943.0 length=82 success_rate=1.00 collisions/ep=1.30 (n=10)
update=584 global_step=598016 SPS=655 ev=0.998 v_bias=1.0 return=1005.6 length=82 success_rate=1.00 collisions/ep=0.07 (n=14)
update=585 global_step=599040 SPS=655 ev=0.992 v_bias=1.7 return=1000.6 length=82 success_rate=1.00 collisions/ep=0.15 (n=13)
update=586 global_step=600064 SPS=656 ev=0.999 v_bias=-1.4 return=1004.7 length=82 success_rate=1.00 collisions/ep=0.09 (n=11)
update=587 global_step=601088 SPS=657 ev=1.000 v_bias=-0.9 return=1009.6 length=82 success_rate=1.00 collisions/ep=0.00 (n=16)
update=588 global_step=602112 SPS=657 ev=0.999 v_bias=-1.3 return=1009.8 length=81 success_rate=1.00 collisions/ep=0.00 (n=8)
update=589 global_step=603136 SPS=658 ev=1.000 v_bias=-0.7 return=1009.5 length=81 success_rate=1.00 collisions/ep=0.00 (n=16)
update=590 global_step=604160 SPS=659 ev=1.000 v_bias=-0.3 return=1009.8 length=82 success_rate=1.00 collisions/ep=0.00 (n=8)
Evaluation at update 590: return=1010.07, length=79.95, success_rate=1.00, collisions/ep=0.00
Solved-check at update 590: solved=False worst_gap=54.06 at p_x0=2.00 p_y0=-1.00 (consecutive=0)
update=591 global_step=605184 SPS=656 ev=1.000 v_bias=0.4 return=1009.7 length=81 success_rate=1.00 collisions/ep=0.00 (n=16)
update=592 global_step=606208 SPS=656 ev=1.000 v_bias=-0.6 return=1009.8 length=80 success_rate=1.00 collisions/ep=0.00 (n=14)
update=593 global_step=607232 SPS=657 ev=0.996 v_bias=2.7 return=999.9 length=83 success_rate=1.00 collisions/ep=0.20 (n=10)
update=594 global_step=608256 SPS=657 ev=0.956 v_bias=5.6 return=980.7 length=82 success_rate=1.00 collisions/ep=0.56 (n=16)
update=595 global_step=609280 SPS=658 ev=0.978 v_bias=2.7 return=990.0 length=83 success_rate=1.00 collisions/ep=0.38 (n=8)
update=596 global_step=610304 SPS=659 ev=0.999 v_bias=-1.2 return=1006.1 length=82 success_rate=1.00 collisions/ep=0.06 (n=16)
update=597 global_step=611328 SPS=659 ev=0.999 v_bias=-1.1 return=1009.3 length=81 success_rate=1.00 collisions/ep=0.00 (n=8)
update=598 global_step=612352 SPS=660 ev=0.999 v_bias=-1.0 return=1009.3 length=82 success_rate=1.00 collisions/ep=0.00 (n=16)
update=599 global_step=613376 SPS=661 ev=1.000 v_bias=-0.6 return=1009.6 length=80 success_rate=1.00 collisions/ep=0.00 (n=14)
update=600 global_step=614400 SPS=661 ev=0.999 v_bias=0.5 return=1009.9 length=83 success_rate=1.00 collisions/ep=0.00 (n=10)
Evaluation at update 600: return=1010.02, length=80.00, success_rate=1.00, collisions/ep=0.00
Solved-check at update 600: solved=True worst_gap=4.01 at p_x0=0.00 p_y0=-1.00 (consecutive=0)
update=601 global_step=615424 SPS=658 ev=1.000 v_bias=-1.1 return=1006.7 length=81 success_rate=1.00 collisions/ep=0.06 (n=16)
update=602 global_step=616448 SPS=659 ev=1.000 v_bias=-0.3 return=1009.6 length=81 success_rate=1.00 collisions/ep=0.00 (n=8)
update=603 global_step=617472 SPS=659 ev=1.000 v_bias=-0.1 return=1009.7 length=81 success_rate=1.00 collisions/ep=0.00 (n=16)
update=604 global_step=618496 SPS=660 ev=0.999 v_bias=1.2 return=1003.2 length=82 success_rate=1.00 collisions/ep=0.12 (n=8)
update=605 global_step=619520 SPS=661 ev=1.000 v_bias=0.1 return=1006.3 length=82 success_rate=1.00 collisions/ep=0.06 (n=16)
update=606 global_step=620544 SPS=661 ev=1.000 v_bias=0.2 return=1009.5 length=81 success_rate=1.00 collisions/ep=0.00 (n=15)
update=607 global_step=621568 SPS=662 ev=0.989 v_bias=3.0 return=981.1 length=83 success_rate=1.00 collisions/ep=0.56 (n=9)
update=608 global_step=622592 SPS=663 ev=0.998 v_bias=-0.2 return=1003.2 length=82 success_rate=1.00 collisions/ep=0.12 (n=16)
update=609 global_step=623616 SPS=663 ev=0.998 v_bias=-0.4 return=1003.4 length=81 success_rate=1.00 collisions/ep=0.12 (n=8)
update=610 global_step=624640 SPS=664 ev=1.000 v_bias=-0.4 return=1009.7 length=82 success_rate=1.00 collisions/ep=0.00 (n=16)
Evaluation at update 610: return=1010.07, length=79.95, success_rate=1.00, collisions/ep=0.00
Solved-check at update 610: solved=False worst_gap=54.06 at p_x0=2.00 p_y0=-1.00 (consecutive=1)
update=611 global_step=625664 SPS=661 ev=1.000 v_bias=-0.5 return=1009.5 length=81 success_rate=1.00 collisions/ep=0.00 (n=8)
update=612 global_step=626688 SPS=661 ev=1.000 v_bias=-0.4 return=1009.4 length=81 success_rate=1.00 collisions/ep=0.00 (n=16)
update=613 global_step=627712 SPS=662 ev=0.999 v_bias=-1.0 return=1010.0 length=81 success_rate=1.00 collisions/ep=0.00 (n=15)
update=614 global_step=628736 SPS=663 ev=0.999 v_bias=1.0 return=1004.1 length=82 success_rate=1.00 collisions/ep=0.11 (n=9)
update=615 global_step=629760 SPS=663 ev=1.000 v_bias=-0.0 return=1009.7 length=81 success_rate=1.00 collisions/ep=0.00 (n=16)
update=616 global_step=630784 SPS=664 ev=0.999 v_bias=-0.0 return=1003.3 length=81 success_rate=1.00 collisions/ep=0.12 (n=8)
update=617 global_step=631808 SPS=665 ev=1.000 v_bias=0.2 return=1009.7 length=81 success_rate=1.00 collisions/ep=0.00 (n=16)
update=618 global_step=632832 SPS=665 ev=1.000 v_bias=-0.3 return=1009.8 length=82 success_rate=1.00 collisions/ep=0.00 (n=10)
update=619 global_step=633856 SPS=666 ev=0.996 v_bias=1.4 return=1009.6 length=81 success_rate=1.00 collisions/ep=0.00 (n=14)
update=620 global_step=634880 SPS=667 ev=1.000 v_bias=-0.1 return=1002.7 length=81 success_rate=1.00 collisions/ep=0.13 (n=15)
Evaluation at update 620: return=1010.07, length=79.95, success_rate=1.00, collisions/ep=0.00
Solved-check at update 620: solved=True worst_gap=4.01 at p_x0=0.00 p_y0=-1.00 (consecutive=0)
update=621 global_step=635904 SPS=664 ev=0.999 v_bias=-1.0 return=1009.6 length=82 success_rate=1.00 collisions/ep=0.00 (n=9)
update=622 global_step=636928 SPS=664 ev=1.000 v_bias=-0.5 return=1009.8 length=81 success_rate=1.00 collisions/ep=0.00 (n=16)
update=623 global_step=637952 SPS=665 ev=0.993 v_bias=0.9 return=990.9 length=82 success_rate=1.00 collisions/ep=0.38 (n=8)
update=624 global_step=638976 SPS=666 ev=1.000 v_bias=0.2 return=1009.7 length=81 success_rate=1.00 collisions/ep=0.00 (n=16)
update=625 global_step=640000 SPS=666 ev=0.998 v_bias=1.1 return=1004.7 length=81 success_rate=1.00 collisions/ep=0.09 (n=11)
update=626 global_step=641024 SPS=667 ev=1.000 v_bias=0.8 return=1009.5 length=82 success_rate=1.00 collisions/ep=0.00 (n=13)
update=627 global_step=642048 SPS=667 ev=1.000 v_bias=-0.3 return=1009.3 length=81 success_rate=1.00 collisions/ep=0.00 (n=16)
update=628 global_step=643072 SPS=668 ev=0.990 v_bias=1.5 return=1009.9 length=82 success_rate=1.00 collisions/ep=0.00 (n=8)
update=629 global_step=644096 SPS=669 ev=0.997 v_bias=1.9 return=993.1 length=82 success_rate=1.00 collisions/ep=0.31 (n=16)
update=630 global_step=645120 SPS=669 ev=0.999 v_bias=-0.9 return=1009.4 length=81 success_rate=1.00 collisions/ep=0.00 (n=8)
Evaluation at update 630: return=1009.82, length=80.20, success_rate=1.00, collisions/ep=0.00
Solved-check at update 630: solved=True worst_gap=4.01 at p_x0=0.00 p_y0=-0.50 (consecutive=1)
update=631 global_step=646144 SPS=666 ev=1.000 v_bias=-0.1 return=1009.4 length=82 success_rate=1.00 collisions/ep=0.00 (n=16)
update=632 global_step=647168 SPS=667 ev=0.997 v_bias=-0.3 return=1005.2 length=80 success_rate=1.00 collisions/ep=0.08 (n=12)
update=633 global_step=648192 SPS=668 ev=1.000 v_bias=-0.1 return=1009.3 length=83 success_rate=1.00 collisions/ep=0.00 (n=12)
update=634 global_step=649216 SPS=668 ev=1.000 v_bias=-0.3 return=1009.5 length=81 success_rate=1.00 collisions/ep=0.00 (n=16)
update=635 global_step=650240 SPS=669 ev=0.999 v_bias=0.9 return=1009.6 length=81 success_rate=1.00 collisions/ep=0.00 (n=8)
update=636 global_step=651264 SPS=669 ev=1.000 v_bias=-0.5 return=1006.2 length=82 success_rate=1.00 collisions/ep=0.06 (n=16)
update=637 global_step=652288 SPS=670 ev=1.000 v_bias=-0.3 return=1009.6 length=81 success_rate=1.00 collisions/ep=0.00 (n=8)
update=638 global_step=653312 SPS=670 ev=1.000 v_bias=-0.2 return=1009.5 length=82 success_rate=1.00 collisions/ep=0.00 (n=16)
update=639 global_step=654336 SPS=671 ev=1.000 v_bias=0.3 return=1009.6 length=81 success_rate=1.00 collisions/ep=0.00 (n=11)
update=640 global_step=655360 SPS=671 ev=0.991 v_bias=1.9 return=1009.6 length=81 success_rate=1.00 collisions/ep=0.00 (n=13)
Evaluation at update 640: return=1009.87, length=80.15, success_rate=1.00, collisions/ep=0.00
Solved-check at update 640: solved=True worst_gap=4.01 at p_x0=0.00 p_y0=-0.50 (consecutive=2)
update=641 global_step=656384 SPS=668 ev=1.000 v_bias=-0.2 return=1000.2 length=82 success_rate=1.00 collisions/ep=0.19 (n=16)
update=642 global_step=657408 SPS=669 ev=1.000 v_bias=-0.4 return=1009.1 length=81 success_rate=1.00 collisions/ep=0.00 (n=8)
update=643 global_step=658432 SPS=669 ev=1.000 v_bias=0.0 return=1009.4 length=82 success_rate=1.00 collisions/ep=0.00 (n=16)
update=644 global_step=659456 SPS=670 ev=1.000 v_bias=-0.1 return=1009.1 length=81 success_rate=1.00 collisions/ep=0.00 (n=8)
update=645 global_step=660480 SPS=671 ev=1.000 v_bias=-0.3 return=1009.3 length=82 success_rate=1.00 collisions/ep=0.00 (n=16)
update=646 global_step=661504 SPS=671 ev=1.000 v_bias=0.2 return=1009.7 length=81 success_rate=1.00 collisions/ep=0.00 (n=11)
update=647 global_step=662528 SPS=672 ev=1.000 v_bias=-0.1 return=1009.5 length=82 success_rate=1.00 collisions/ep=0.00 (n=13)
update=648 global_step=663552 SPS=672 ev=1.000 v_bias=-0.2 return=1009.6 length=82 success_rate=1.00 collisions/ep=0.00 (n=16)
update=649 global_step=664576 SPS=673 ev=0.997 v_bias=1.7 return=997.2 length=81 success_rate=1.00 collisions/ep=0.25 (n=8)
update=650 global_step=665600 SPS=674 ev=1.000 v_bias=-0.3 return=1006.3 length=81 success_rate=1.00 collisions/ep=0.06 (n=16)
Evaluation at update 650: return=1010.07, length=79.95, success_rate=1.00, collisions/ep=0.00
Solved-check at update 650: solved=True worst_gap=4.01 at p_x0=0.00 p_y0=-1.00 (consecutive=3)
update=651 global_step=666624 SPS=670 ev=1.000 v_bias=-0.6 return=1009.9 length=82 success_rate=1.00 collisions/ep=0.00 (n=8)
update=652 global_step=667648 SPS=671 ev=0.998 v_bias=1.4 return=1003.0 length=81 success_rate=1.00 collisions/ep=0.12 (n=16)
update=653 global_step=668672 SPS=672 ev=1.000 v_bias=-1.6 return=1009.9 length=80 success_rate=1.00 collisions/ep=0.00 (n=12)
update=654 global_step=669696 SPS=672 ev=1.000 v_bias=-0.5 return=1009.8 length=82 success_rate=1.00 collisions/ep=0.00 (n=12)
update=655 global_step=670720 SPS=673 ev=1.000 v_bias=-0.1 return=1009.4 length=81 success_rate=1.00 collisions/ep=0.00 (n=16)
update=656 global_step=671744 SPS=673 ev=1.000 v_bias=-0.8 return=1009.9 length=82 success_rate=1.00 collisions/ep=0.00 (n=8)
update=657 global_step=672768 SPS=674 ev=1.000 v_bias=0.0 return=1009.8 length=81 success_rate=1.00 collisions/ep=0.00 (n=16)
update=658 global_step=673792 SPS=675 ev=0.981 v_bias=1.5 return=971.2 length=82 success_rate=1.00 collisions/ep=0.75 (n=8)
update=659 global_step=674816 SPS=675 ev=0.995 v_bias=1.3 return=1003.3 length=82 success_rate=1.00 collisions/ep=0.12 (n=16)
update=660 global_step=675840 SPS=676 ev=0.999 v_bias=-1.8 return=1009.6 length=80 success_rate=1.00 collisions/ep=0.00 (n=14)
Evaluation at update 660: return=1010.12, length=79.90, success_rate=1.00, collisions/ep=0.00
Solved-check at update 660: solved=True worst_gap=4.01 at p_x0=0.00 p_y0=-1.00 (consecutive=4)
update=661 global_step=676864 SPS=673 ev=0.999 v_bias=-0.7 return=1009.8 length=83 success_rate=1.00 collisions/ep=0.00 (n=10)
update=662 global_step=677888 SPS=673 ev=1.000 v_bias=-0.5 return=1009.7 length=81 success_rate=1.00 collisions/ep=0.00 (n=16)
update=663 global_step=678912 SPS=674 ev=1.000 v_bias=-0.8 return=1009.7 length=81 success_rate=1.00 collisions/ep=0.00 (n=8)
update=664 global_step=679936 SPS=674 ev=1.000 v_bias=-0.8 return=1009.9 length=81 success_rate=1.00 collisions/ep=0.00 (n=16)
update=665 global_step=680960 SPS=675 ev=0.998 v_bias=1.5 return=1003.6 length=81 success_rate=1.00 collisions/ep=0.12 (n=8)
update=666 global_step=681984 SPS=676 ev=1.000 v_bias=-0.6 return=1006.7 length=81 success_rate=1.00 collisions/ep=0.06 (n=16)
update=667 global_step=683008 SPS=676 ev=0.997 v_bias=1.7 return=999.9 length=80 success_rate=1.00 collisions/ep=0.20 (n=15)
update=668 global_step=684032 SPS=677 ev=0.997 v_bias=0.5 return=1004.5 length=82 success_rate=1.00 collisions/ep=0.11 (n=9)
update=669 global_step=685056 SPS=677 ev=1.000 v_bias=-1.1 return=1006.7 length=81 success_rate=1.00 collisions/ep=0.06 (n=16)
update=670 global_step=686080 SPS=678 ev=0.997 v_bias=0.2 return=997.4 length=81 success_rate=1.00 collisions/ep=0.25 (n=8)
Evaluation at update 670: return=1010.12, length=79.90, success_rate=1.00, collisions/ep=0.00
Solved-check at update 670: solved=True worst_gap=4.01 at p_x0=0.00 p_y0=-1.00 (consecutive=5)
update=671 global_step=687104 SPS=675 ev=1.000 v_bias=-0.5 return=1009.8 length=82 success_rate=1.00 collisions/ep=0.00 (n=16)
update=672 global_step=688128 SPS=675 ev=1.000 v_bias=-0.1 return=1009.4 length=81 success_rate=1.00 collisions/ep=0.00 (n=10)
update=673 global_step=689152 SPS=676 ev=0.999 v_bias=-0.1 return=1006.1 length=81 success_rate=1.00 collisions/ep=0.07 (n=14)
update=674 global_step=690176 SPS=676 ev=0.998 v_bias=0.4 return=1010.0 length=81 success_rate=1.00 collisions/ep=0.00 (n=15)
update=675 global_step=691200 SPS=677 ev=0.999 v_bias=-0.1 return=1004.2 length=82 success_rate=1.00 collisions/ep=0.11 (n=9)
update=676 global_step=692224 SPS=678 ev=1.000 v_bias=-0.3 return=1006.7 length=81 success_rate=1.00 collisions/ep=0.06 (n=16)
update=677 global_step=693248 SPS=678 ev=1.000 v_bias=-0.7 return=1010.0 length=81 success_rate=1.00 collisions/ep=0.00 (n=8)
update=678 global_step=694272 SPS=679 ev=0.998 v_bias=0.2 return=1006.8 length=81 success_rate=1.00 collisions/ep=0.06 (n=16)
update=679 global_step=695296 SPS=679 ev=0.998 v_bias=0.4 return=1010.1 length=80 success_rate=1.00 collisions/ep=0.00 (n=14)
update=680 global_step=696320 SPS=680 ev=0.992 v_bias=3.5 return=994.3 length=82 success_rate=1.00 collisions/ep=0.30 (n=10)
Evaluation at update 680: return=1010.32, length=79.70, success_rate=1.00, collisions/ep=0.00
Solved-check at update 680: solved=False worst_gap=105.06 at p_x0=2.00 p_y0=-1.00 (consecutive=6)
update=681 global_step=697344 SPS=677 ev=1.000 v_bias=-0.3 return=1000.8 length=81 success_rate=1.00 collisions/ep=0.19 (n=16)
update=682 global_step=698368 SPS=677 ev=0.997 v_bias=-0.4 return=1003.2 length=81 success_rate=1.00 collisions/ep=0.12 (n=8)
update=683 global_step=699392 SPS=678 ev=1.000 v_bias=-1.0 return=1010.2 length=80 success_rate=1.00 collisions/ep=0.00 (n=16)
update=684 global_step=700416 SPS=678 ev=1.000 v_bias=-0.7 return=1010.3 length=81 success_rate=1.00 collisions/ep=0.00 (n=10)
update=685 global_step=701440 SPS=679 ev=1.000 v_bias=0.2 return=1009.7 length=81 success_rate=1.00 collisions/ep=0.00 (n=14)
update=686 global_step=702464 SPS=680 ev=0.996 v_bias=0.7 return=1002.9 length=81 success_rate=1.00 collisions/ep=0.13 (n=15)
update=687 global_step=703488 SPS=680 ev=0.998 v_bias=1.6 return=999.2 length=81 success_rate=1.00 collisions/ep=0.22 (n=9)
update=688 global_step=704512 SPS=681 ev=1.000 v_bias=-0.1 return=1009.8 length=81 success_rate=1.00 collisions/ep=0.00 (n=16)
update=689 global_step=705536 SPS=681 ev=0.985 v_bias=4.4 return=1010.4 length=81 success_rate=1.00 collisions/ep=0.00 (n=8)
update=690 global_step=706560 SPS=682 ev=0.998 v_bias=-2.0 return=987.7 length=81 success_rate=1.00 collisions/ep=0.44 (n=16)
Evaluation at update 690: return=1010.12, length=79.90, success_rate=1.00, collisions/ep=0.00
Solved-check at update 690: solved=False worst_gap=54.06 at p_x0=2.00 p_y0=-1.00 (consecutive=0)
update=691 global_step=707584 SPS=679 ev=0.999 v_bias=0.2 return=1010.1 length=81 success_rate=1.00 collisions/ep=0.00 (n=10)
update=692 global_step=708608 SPS=680 ev=0.995 v_bias=1.6 return=995.6 length=81 success_rate=1.00 collisions/ep=0.29 (n=14)
update=693 global_step=709632 SPS=680 ev=0.987 v_bias=4.0 return=987.4 length=81 success_rate=1.00 collisions/ep=0.44 (n=16)
update=694 global_step=710656 SPS=681 ev=0.995 v_bias=-0.9 return=1009.8 length=82 success_rate=1.00 collisions/ep=0.00 (n=8)
update=695 global_step=711680 SPS=681 ev=0.998 v_bias=0.7 return=1006.2 length=81 success_rate=1.00 collisions/ep=0.06 (n=16)
update=696 global_step=712704 SPS=682 ev=1.000 v_bias=-0.0 return=1009.6 length=81 success_rate=1.00 collisions/ep=0.00 (n=8)
update=697 global_step=713728 SPS=682 ev=1.000 v_bias=0.3 return=1009.1 length=82 success_rate=1.00 collisions/ep=0.00 (n=16)
update=698 global_step=714752 SPS=683 ev=0.993 v_bias=3.9 return=999.3 length=81 success_rate=1.00 collisions/ep=0.18 (n=11)
update=699 global_step=715776 SPS=683 ev=0.999 v_bias=0.2 return=1001.3 length=83 success_rate=1.00 collisions/ep=0.15 (n=13)
update=700 global_step=716800 SPS=684 ev=1.000 v_bias=-1.0 return=1009.4 length=81 success_rate=1.00 collisions/ep=0.00 (n=16)
Evaluation at update 700: return=1009.67, length=80.35, success_rate=1.00, collisions/ep=0.00
Solved-check at update 700: solved=True worst_gap=4.01 at p_x0=0.00 p_y0=-0.50 (consecutive=0)
update=701 global_step=717824 SPS=681 ev=1.000 v_bias=-1.0 return=1008.9 length=82 success_rate=1.00 collisions/ep=0.00 (n=8)
update=702 global_step=718848 SPS=682 ev=1.000 v_bias=-0.6 return=1009.3 length=82 success_rate=1.00 collisions/ep=0.00 (n=16)
update=703 global_step=719872 SPS=682 ev=1.000 v_bias=-0.3 return=1009.6 length=81 success_rate=1.00 collisions/ep=0.00 (n=8)
update=704 global_step=720896 SPS=683 ev=1.000 v_bias=-0.2 return=1009.5 length=82 success_rate=1.00 collisions/ep=0.00 (n=16)
update=705 global_step=721920 SPS=683 ev=1.000 v_bias=0.2 return=1009.9 length=81 success_rate=1.00 collisions/ep=0.00 (n=10)
update=706 global_step=722944 SPS=684 ev=1.000 v_bias=-0.2 return=1009.5 length=81 success_rate=1.00 collisions/ep=0.00 (n=14)
update=707 global_step=723968 SPS=684 ev=1.000 v_bias=-0.3 return=1009.9 length=81 success_rate=1.00 collisions/ep=0.00 (n=16)
update=708 global_step=724992 SPS=685 ev=0.982 v_bias=4.9 return=1003.3 length=81 success_rate=1.00 collisions/ep=0.12 (n=8)
update=709 global_step=726016 SPS=685 ev=0.999 v_bias=0.1 return=993.9 length=82 success_rate=1.00 collisions/ep=0.31 (n=16)
update=710 global_step=727040 SPS=686 ev=0.998 v_bias=-1.2 return=1009.8 length=81 success_rate=1.00 collisions/ep=0.00 (n=8)
Evaluation at update 710: return=1010.12, length=79.90, success_rate=1.00, collisions/ep=0.00
Solved-check at update 710: solved=True worst_gap=4.01 at p_x0=0.00 p_y0=-1.00 (consecutive=1)
update=711 global_step=728064 SPS=683 ev=1.000 v_bias=-0.2 return=1009.8 length=81 success_rate=1.00 collisions/ep=0.00 (n=16)
update=712 global_step=729088 SPS=683 ev=0.998 v_bias=0.8 return=1005.5 length=81 success_rate=1.00 collisions/ep=0.08 (n=13)
update=713 global_step=730112 SPS=684 ev=1.000 v_bias=0.2 return=1009.6 length=82 success_rate=1.00 collisions/ep=0.00 (n=11)
update=714 global_step=731136 SPS=685 ev=1.000 v_bias=0.1 return=1010.0 length=81 success_rate=1.00 collisions/ep=0.00 (n=16)
update=715 global_step=732160 SPS=685 ev=0.999 v_bias=-0.5 return=1009.5 length=81 success_rate=1.00 collisions/ep=0.00 (n=8)
update=716 global_step=733184 SPS=686 ev=1.000 v_bias=-0.1 return=1009.7 length=81 success_rate=1.00 collisions/ep=0.00 (n=16)
update=717 global_step=734208 SPS=686 ev=0.999 v_bias=0.1 return=1003.9 length=81 success_rate=1.00 collisions/ep=0.12 (n=8)
update=718 global_step=735232 SPS=687 ev=1.000 v_bias=-0.6 return=1009.8 length=81 success_rate=1.00 collisions/ep=0.00 (n=16)
update=719 global_step=736256 SPS=687 ev=1.000 v_bias=0.2 return=1010.0 length=80 success_rate=1.00 collisions/ep=0.00 (n=13)
update=720 global_step=737280 SPS=688 ev=0.998 v_bias=1.1 return=1005.1 length=83 success_rate=1.00 collisions/ep=0.09 (n=11)
Evaluation at update 720: return=1010.17, length=79.85, success_rate=1.00, collisions/ep=0.00
Solved-check at update 720: solved=True worst_gap=4.01 at p_x0=0.00 p_y0=-1.00 (consecutive=2)
update=721 global_step=738304 SPS=685 ev=1.000 v_bias=-0.1 return=1009.7 length=81 success_rate=1.00 collisions/ep=0.00 (n=16)
update=722 global_step=739328 SPS=686 ev=0.980 v_bias=2.8 return=1010.4 length=81 success_rate=1.00 collisions/ep=0.00 (n=8)
update=723 global_step=740352 SPS=686 ev=0.999 v_bias=0.2 return=994.4 length=80 success_rate=1.00 collisions/ep=0.31 (n=16)
update=724 global_step=741376 SPS=687 ev=0.999 v_bias=0.3 return=1009.9 length=81 success_rate=1.00 collisions/ep=0.00 (n=9)
update=725 global_step=742400 SPS=687 ev=0.999 v_bias=0.0 return=1009.8 length=81 success_rate=1.00 collisions/ep=0.00 (n=15)
update=726 global_step=743424 SPS=688 ev=1.000 v_bias=0.3 return=1009.9 length=81 success_rate=1.00 collisions/ep=0.00 (n=16)
update=727 global_step=744448 SPS=688 ev=1.000 v_bias=0.0 return=1009.9 length=82 success_rate=1.00 collisions/ep=0.00 (n=8)
update=728 global_step=745472 SPS=689 ev=0.998 v_bias=1.3 return=1003.2 length=81 success_rate=1.00 collisions/ep=0.12 (n=16)
update=729 global_step=746496 SPS=689 ev=0.999 v_bias=-1.0 return=1009.7 length=81 success_rate=1.00 collisions/ep=0.00 (n=8)
update=730 global_step=747520 SPS=690 ev=1.000 v_bias=-0.2 return=1010.1 length=81 success_rate=1.00 collisions/ep=0.00 (n=16)
Evaluation at update 730: return=1010.22, length=79.80, success_rate=1.00, collisions/ep=0.00
Solved-check at update 730: solved=False worst_gap=54.06 at p_x0=2.00 p_y0=-1.00 (consecutive=3)
update=731 global_step=748544 SPS=687 ev=1.000 v_bias=0.5 return=1005.8 length=80 success_rate=1.00 collisions/ep=0.08 (n=13)
update=732 global_step=749568 SPS=687 ev=1.000 v_bias=-0.5 return=1010.0 length=83 success_rate=1.00 collisions/ep=0.00 (n=11)
update=733 global_step=750592 SPS=688 ev=1.000 v_bias=-0.1 return=1009.8 length=81 success_rate=1.00 collisions/ep=0.00 (n=16)
update=734 global_step=751616 SPS=688 ev=1.000 v_bias=0.3 return=1010.1 length=80 success_rate=1.00 collisions/ep=0.00 (n=8)
update=735 global_step=752640 SPS=689 ev=1.000 v_bias=-0.2 return=1010.0 length=81 success_rate=1.00 collisions/ep=0.00 (n=16)
update=736 global_step=753664 SPS=689 ev=1.000 v_bias=-0.7 return=1010.5 length=80 success_rate=1.00 collisions/ep=0.00 (n=8)
update=737 global_step=754688 SPS=690 ev=1.000 v_bias=-0.5 return=1010.2 length=81 success_rate=1.00 collisions/ep=0.00 (n=16)
update=738 global_step=755712 SPS=690 ev=1.000 v_bias=0.1 return=1010.2 length=81 success_rate=1.00 collisions/ep=0.00 (n=16)
update=739 global_step=756736 SPS=691 ev=1.000 v_bias=-0.0 return=1010.0 length=80 success_rate=1.00 collisions/ep=0.00 (n=8)
update=740 global_step=757760 SPS=691 ev=0.998 v_bias=1.2 return=1006.9 length=81 success_rate=1.00 collisions/ep=0.06 (n=16)
Evaluation at update 740: return=1010.52, length=79.50, success_rate=1.00, collisions/ep=0.00
Solved-check at update 740: solved=False worst_gap=105.06 at p_x0=2.00 p_y0=-1.00 (consecutive=0)
update=741 global_step=758784 SPS=688 ev=0.996 v_bias=0.6 return=1004.3 length=80 success_rate=1.00 collisions/ep=0.12 (n=8)
update=742 global_step=759808 SPS=689 ev=0.999 v_bias=0.8 return=1003.7 length=81 success_rate=1.00 collisions/ep=0.12 (n=16)
update=743 global_step=760832 SPS=689 ev=1.000 v_bias=-0.1 return=1009.9 length=80 success_rate=1.00 collisions/ep=0.00 (n=12)
update=744 global_step=761856 SPS=690 ev=1.000 v_bias=-1.0 return=1010.5 length=81 success_rate=1.00 collisions/ep=0.00 (n=12)
update=745 global_step=762880 SPS=690 ev=1.000 v_bias=-0.3 return=1010.0 length=81 success_rate=1.00 collisions/ep=0.00 (n=16)
update=746 global_step=763904 SPS=691 ev=0.659 v_bias=29.3 return=1004.2 length=80 success_rate=1.00 collisions/ep=0.12 (n=8)
update=747 global_step=764928 SPS=692 ev=0.942 v_bias=-6.5 return=850.2 length=85 success_rate=1.00 collisions/ep=3.13 (n=15)
update=748 global_step=765952 SPS=692 ev=0.993 v_bias=-0.4 return=1000.0 length=80 success_rate=1.00 collisions/ep=0.20 (n=10)
update=749 global_step=766976 SPS=693 ev=0.997 v_bias=0.6 return=1009.9 length=81 success_rate=1.00 collisions/ep=0.00 (n=15)
update=750 global_step=768000 SPS=693 ev=0.995 v_bias=-1.4 return=1010.2 length=81 success_rate=1.00 collisions/ep=0.00 (n=13)
Evaluation at update 750: return=1010.17, length=79.85, success_rate=1.00, collisions/ep=0.00
Solved-check at update 750: solved=True worst_gap=3.01 at p_x0=0.50 p_y0=-0.50 (consecutive=0)
update=751 global_step=769024 SPS=690 ev=0.999 v_bias=0.5 return=1009.8 length=81 success_rate=1.00 collisions/ep=0.00 (n=11)
update=752 global_step=770048 SPS=691 ev=0.996 v_bias=2.3 return=1003.3 length=82 success_rate=1.00 collisions/ep=0.12 (n=16)
update=753 global_step=771072 SPS=691 ev=0.999 v_bias=-1.0 return=1010.1 length=80 success_rate=1.00 collisions/ep=0.00 (n=8)
update=754 global_step=772096 SPS=692 ev=0.999 v_bias=-0.3 return=1009.9 length=81 success_rate=1.00 collisions/ep=0.00 (n=16)
update=755 global_step=773120 SPS=692 ev=0.999 v_bias=-0.4 return=1010.3 length=81 success_rate=1.00 collisions/ep=0.00 (n=8)
update=756 global_step=774144 SPS=693 ev=0.998 v_bias=0.7 return=1006.4 length=81 success_rate=1.00 collisions/ep=0.06 (n=16)
update=757 global_step=775168 SPS=693 ev=1.000 v_bias=-0.2 return=1010.2 length=81 success_rate=1.00 collisions/ep=0.00 (n=16)
update=758 global_step=776192 SPS=694 ev=0.999 v_bias=-0.8 return=1009.7 length=81 success_rate=1.00 collisions/ep=0.00 (n=8)
update=759 global_step=777216 SPS=694 ev=1.000 v_bias=0.4 return=1010.1 length=81 success_rate=1.00 collisions/ep=0.00 (n=16)
update=760 global_step=778240 SPS=695 ev=0.999 v_bias=-0.4 return=1010.2 length=82 success_rate=1.00 collisions/ep=0.00 (n=8)
Evaluation at update 760: return=1010.37, length=79.65, success_rate=1.00, collisions/ep=0.00
Solved-check at update 760: solved=False worst_gap=105.06 at p_x0=2.00 p_y0=-1.00 (consecutive=1)
update=761 global_step=779264 SPS=692 ev=1.000 v_bias=-0.0 return=1010.1 length=81 success_rate=1.00 collisions/ep=0.00 (n=16)
update=762 global_step=780288 SPS=692 ev=1.000 v_bias=-0.1 return=1010.3 length=80 success_rate=1.00 collisions/ep=0.00 (n=12)
update=763 global_step=781312 SPS=693 ev=0.984 v_bias=2.8 return=989.7 length=81 success_rate=1.00 collisions/ep=0.42 (n=12)
update=764 global_step=782336 SPS=694 ev=1.000 v_bias=-0.4 return=1009.9 length=81 success_rate=1.00 collisions/ep=0.00 (n=16)
update=765 global_step=783360 SPS=694 ev=0.999 v_bias=-0.5 return=1010.5 length=81 success_rate=1.00 collisions/ep=0.00 (n=8)
update=766 global_step=784384 SPS=695 ev=1.000 v_bias=-0.1 return=1009.9 length=81 success_rate=1.00 collisions/ep=0.00 (n=16)
update=767 global_step=785408 SPS=695 ev=1.000 v_bias=0.3 return=1010.2 length=81 success_rate=1.00 collisions/ep=0.00 (n=9)
update=768 global_step=786432 SPS=696 ev=0.998 v_bias=0.8 return=1006.6 length=81 success_rate=1.00 collisions/ep=0.07 (n=15)
update=769 global_step=787456 SPS=696 ev=1.000 v_bias=-0.2 return=1010.3 length=80 success_rate=1.00 collisions/ep=0.00 (n=16)
update=770 global_step=788480 SPS=697 ev=1.000 v_bias=-0.9 return=1010.4 length=81 success_rate=1.00 collisions/ep=0.00 (n=8)
Evaluation at update 770: return=1010.52, length=79.50, success_rate=1.00, collisions/ep=0.00
Solved-check at update 770: solved=False worst_gap=105.06 at p_x0=2.00 p_y0=-1.00 (consecutive=0)
update=771 global_step=789504 SPS=694 ev=1.000 v_bias=0.3 return=1010.2 length=80 success_rate=1.00 collisions/ep=0.00 (n=16)
update=772 global_step=790528 SPS=694 ev=0.996 v_bias=1.6 return=1003.3 length=81 success_rate=1.00 collisions/ep=0.12 (n=8)
update=773 global_step=791552 SPS=695 ev=1.000 v_bias=-0.6 return=1007.1 length=81 success_rate=1.00 collisions/ep=0.06 (n=16)
update=774 global_step=792576 SPS=695 ev=1.000 v_bias=-0.1 return=1010.0 length=80 success_rate=1.00 collisions/ep=0.00 (n=14)
update=775 global_step=793600 SPS=696 ev=1.000 v_bias=-0.5 return=1010.6 length=82 success_rate=1.00 collisions/ep=0.00 (n=10)
update=776 global_step=794624 SPS=696 ev=1.000 v_bias=-0.0 return=1010.4 length=80 success_rate=1.00 collisions/ep=0.00 (n=16)
update=777 global_step=795648 SPS=697 ev=0.999 v_bias=0.7 return=1003.8 length=80 success_rate=1.00 collisions/ep=0.12 (n=8)
update=778 global_step=796672 SPS=697 ev=1.000 v_bias=-0.2 return=1010.4 length=81 success_rate=1.00 collisions/ep=0.00 (n=16)
update=779 global_step=797696 SPS=698 ev=0.999 v_bias=0.7 return=1010.3 length=80 success_rate=1.00 collisions/ep=0.00 (n=12)
update=780 global_step=798720 SPS=698 ev=1.000 v_bias=-0.5 return=1006.0 length=82 success_rate=1.00 collisions/ep=0.08 (n=12)
Evaluation at update 780: return=1010.57, length=79.45, success_rate=1.00, collisions/ep=0.00
Solved-check at update 780: solved=False worst_gap=105.06 at p_x0=2.00 p_y0=-1.00 (consecutive=0)
update=781 global_step=799744 SPS=696 ev=1.000 v_bias=-0.1 return=1010.2 length=80 success_rate=1.00 collisions/ep=0.00 (n=16)
update=782 global_step=800768 SPS=696 ev=0.999 v_bias=0.9 return=1003.9 length=80 success_rate=1.00 collisions/ep=0.12 (n=8)
update=783 global_step=801792 SPS=697 ev=0.998 v_bias=0.8 return=1006.9 length=81 success_rate=1.00 collisions/ep=0.06 (n=16)
update=784 global_step=802816 SPS=697 ev=1.000 v_bias=-0.6 return=1010.1 length=80 success_rate=1.00 collisions/ep=0.00 (n=8)
update=785 global_step=803840 SPS=698 ev=0.882 v_bias=9.8 return=1010.2 length=81 success_rate=1.00 collisions/ep=0.00 (n=16)
update=786 global_step=804864 SPS=698 ev=0.985 v_bias=-4.1 return=967.1 length=81 success_rate=1.00 collisions/ep=0.85 (n=13)
update=787 global_step=805888 SPS=699 ev=0.996 v_bias=-0.3 return=1010.2 length=81 success_rate=1.00 collisions/ep=0.00 (n=11)
update=788 global_step=806912 SPS=700 ev=0.995 v_bias=0.1 return=1006.6 length=81 success_rate=1.00 collisions/ep=0.06 (n=16)
update=789 global_step=807936 SPS=700 ev=0.976 v_bias=7.2 return=997.2 length=81 success_rate=1.00 collisions/ep=0.25 (n=8)
update=790 global_step=808960 SPS=701 ev=0.998 v_bias=0.4 return=993.8 length=82 success_rate=1.00 collisions/ep=0.31 (n=16)
Evaluation at update 790: return=1010.17, length=79.85, success_rate=1.00, collisions/ep=0.00
Solved-check at update 790: solved=True worst_gap=3.01 at p_x0=0.50 p_y0=-0.50 (consecutive=0)
update=791 global_step=809984 SPS=698 ev=0.999 v_bias=-1.5 return=1010.4 length=80 success_rate=1.00 collisions/ep=0.00 (n=10)
update=792 global_step=811008 SPS=698 ev=0.999 v_bias=-1.5 return=1009.9 length=81 success_rate=1.00 collisions/ep=0.00 (n=14)
update=793 global_step=812032 SPS=699 ev=0.999 v_bias=-0.3 return=1010.0 length=81 success_rate=1.00 collisions/ep=0.00 (n=16)
update=794 global_step=813056 SPS=699 ev=1.000 v_bias=-0.3 return=1010.0 length=80 success_rate=1.00 collisions/ep=0.00 (n=8)
update=795 global_step=814080 SPS=700 ev=1.000 v_bias=0.4 return=1010.2 length=81 success_rate=1.00 collisions/ep=0.00 (n=16)
update=796 global_step=815104 SPS=700 ev=0.999 v_bias=1.0 return=1010.1 length=81 success_rate=1.00 collisions/ep=0.00 (n=8)
update=797 global_step=816128 SPS=701 ev=1.000 v_bias=-0.4 return=1006.9 length=81 success_rate=1.00 collisions/ep=0.06 (n=16)
update=798 global_step=817152 SPS=701 ev=0.998 v_bias=0.7 return=1006.2 length=80 success_rate=1.00 collisions/ep=0.07 (n=14)
update=799 global_step=818176 SPS=702 ev=1.000 v_bias=-0.1 return=1010.4 length=82 success_rate=1.00 collisions/ep=0.00 (n=10)
update=800 global_step=819200 SPS=702 ev=1.000 v_bias=-0.2 return=1010.4 length=81 success_rate=1.00 collisions/ep=0.00 (n=16)
Evaluation at update 800: return=1010.57, length=79.45, success_rate=1.00, collisions/ep=0.00
Solved-check at update 800: solved=False worst_gap=54.06 at p_x0=2.00 p_y0=-1.00 (consecutive=1)
update=801 global_step=820224 SPS=699 ev=0.995 v_bias=0.7 return=1003.2 length=81 success_rate=1.00 collisions/ep=0.12 (n=8)
update=802 global_step=821248 SPS=700 ev=0.999 v_bias=0.3 return=1007.3 length=80 success_rate=1.00 collisions/ep=0.06 (n=16)
update=803 global_step=822272 SPS=700 ev=0.999 v_bias=-1.0 return=1005.9 length=81 success_rate=1.00 collisions/ep=0.09 (n=11)
update=804 global_step=823296 SPS=701 ev=1.000 v_bias=-0.1 return=1009.9 length=81 success_rate=1.00 collisions/ep=0.00 (n=13)
update=805 global_step=824320 SPS=701 ev=1.000 v_bias=0.1 return=1010.2 length=81 success_rate=1.00 collisions/ep=0.00 (n=16)
update=806 global_step=825344 SPS=702 ev=0.999 v_bias=0.7 return=1010.5 length=80 success_rate=1.00 collisions/ep=0.00 (n=8)
update=807 global_step=826368 SPS=702 ev=1.000 v_bias=0.1 return=1007.0 length=81 success_rate=1.00 collisions/ep=0.06 (n=16)
update=808 global_step=827392 SPS=703 ev=0.999 v_bias=0.6 return=1010.4 length=80 success_rate=1.00 collisions/ep=0.00 (n=9)
update=809 global_step=828416 SPS=703 ev=0.998 v_bias=0.1 return=1007.0 length=81 success_rate=1.00 collisions/ep=0.07 (n=15)
update=810 global_step=829440 SPS=704 ev=0.998 v_bias=0.7 return=1003.1 length=81 success_rate=1.00 collisions/ep=0.13 (n=15)
Evaluation at update 810: return=1010.62, length=79.40, success_rate=1.00, collisions/ep=0.00
Solved-check at update 810: solved=False worst_gap=104.06 at p_x0=2.00 p_y0=-1.00 (consecutive=0)
update=811 global_step=830464 SPS=701 ev=0.976 v_bias=2.3 return=987.4 length=82 success_rate=1.00 collisions/ep=0.44 (n=9)
update=812 global_step=831488 SPS=701 ev=1.000 v_bias=-0.4 return=1010.2 length=80 success_rate=1.00 collisions/ep=0.00 (n=16)
update=813 global_step=832512 SPS=702 ev=0.997 v_bias=0.8 return=1010.0 length=82 success_rate=1.00 collisions/ep=0.00 (n=8)
update=814 global_step=833536 SPS=702 ev=0.999 v_bias=-0.2 return=1007.1 length=80 success_rate=1.00 collisions/ep=0.06 (n=16)
update=815 global_step=834560 SPS=703 ev=1.000 v_bias=-0.1 return=1005.8 length=80 success_rate=1.00 collisions/ep=0.08 (n=12)
update=816 global_step=835584 SPS=703 ev=0.999 v_bias=-0.5 return=1006.0 length=82 success_rate=1.00 collisions/ep=0.08 (n=12)
update=817 global_step=836608 SPS=704 ev=1.000 v_bias=-0.3 return=1010.1 length=81 success_rate=1.00 collisions/ep=0.00 (n=16)
update=818 global_step=837632 SPS=704 ev=0.998 v_bias=1.4 return=1004.0 length=81 success_rate=1.00 collisions/ep=0.12 (n=8)
update=819 global_step=838656 SPS=705 ev=1.000 v_bias=-0.6 return=1007.2 length=80 success_rate=1.00 collisions/ep=0.06 (n=16)
update=820 global_step=839680 SPS=705 ev=1.000 v_bias=-0.3 return=1010.2 length=80 success_rate=1.00 collisions/ep=0.00 (n=8)
Evaluation at update 820: return=1010.62, length=79.40, success_rate=1.00, collisions/ep=0.00
Solved-check at update 820: solved=False worst_gap=53.06 at p_x0=2.00 p_y0=-1.00 (consecutive=0)
update=821 global_step=840704 SPS=702 ev=0.999 v_bias=0.3 return=1010.3 length=81 success_rate=1.00 collisions/ep=0.00 (n=16)
update=822 global_step=841728 SPS=703 ev=0.997 v_bias=0.8 return=1000.8 length=80 success_rate=1.00 collisions/ep=0.19 (n=16)
update=823 global_step=842752 SPS=703 ev=1.000 v_bias=-0.9 return=1010.1 length=82 success_rate=1.00 collisions/ep=0.00 (n=8)
update=824 global_step=843776 SPS=704 ev=1.000 v_bias=-0.3 return=1010.1 length=80 success_rate=1.00 collisions/ep=0.00 (n=16)
update=825 global_step=844800 SPS=704 ev=1.000 v_bias=-0.8 return=1010.8 length=80 success_rate=1.00 collisions/ep=0.00 (n=8)
update=826 global_step=845824 SPS=705 ev=1.000 v_bias=-0.2 return=1010.1 length=81 success_rate=1.00 collisions/ep=0.00 (n=16)
update=827 global_step=846848 SPS=705 ev=0.996 v_bias=1.5 return=1005.9 length=80 success_rate=1.00 collisions/ep=0.08 (n=12)
update=828 global_step=847872 SPS=706 ev=1.000 v_bias=-0.1 return=1005.6 length=82 success_rate=1.00 collisions/ep=0.08 (n=12)
update=829 global_step=848896 SPS=706 ev=1.000 v_bias=0.1 return=1010.2 length=80 success_rate=1.00 collisions/ep=0.00 (n=16)
update=830 global_step=849920 SPS=707 ev=1.000 v_bias=-0.5 return=1009.9 length=81 success_rate=1.00 collisions/ep=0.00 (n=8)
Evaluation at update 830: return=1010.57, length=79.45, success_rate=1.00, collisions/ep=0.00
Solved-check at update 830: solved=False worst_gap=53.06 at p_x0=2.00 p_y0=-1.00 (consecutive=0)
update=831 global_step=850944 SPS=704 ev=1.000 v_bias=-0.1 return=1010.3 length=81 success_rate=1.00 collisions/ep=0.00 (n=16)
update=832 global_step=851968 SPS=704 ev=1.000 v_bias=-0.2 return=1010.2 length=80 success_rate=1.00 collisions/ep=0.00 (n=11)
update=833 global_step=852992 SPS=704 ev=0.995 v_bias=3.9 return=1006.5 length=81 success_rate=1.00 collisions/ep=0.08 (n=13)
update=834 global_step=854016 SPS=705 ev=1.000 v_bias=-0.5 return=997.7 length=80 success_rate=1.00 collisions/ep=0.25 (n=16)
update=835 global_step=855040 SPS=705 ev=0.999 v_bias=-0.3 return=1003.5 length=81 success_rate=1.00 collisions/ep=0.12 (n=8)
update=836 global_step=856064 SPS=706 ev=1.000 v_bias=-0.6 return=1010.3 length=81 success_rate=1.00 collisions/ep=0.00 (n=16)
update=837 global_step=857088 SPS=706 ev=0.997 v_bias=1.5 return=1003.8 length=81 success_rate=1.00 collisions/ep=0.12 (n=8)
update=838 global_step=858112 SPS=707 ev=1.000 v_bias=-0.0 return=1007.0 length=81 success_rate=1.00 collisions/ep=0.06 (n=16)
update=839 global_step=859136 SPS=707 ev=1.000 v_bias=0.0 return=1009.9 length=81 success_rate=1.00 collisions/ep=0.00 (n=13)
update=840 global_step=860160 SPS=707 ev=1.000 v_bias=-0.6 return=1009.9 length=81 success_rate=1.00 collisions/ep=0.00 (n=11)
Evaluation at update 840: return=1010.52, length=79.50, success_rate=1.00, collisions/ep=0.00
Solved-check at update 840: solved=True worst_gap=3.01 at p_x0=0.00 p_y0=-1.00 (consecutive=0)
update=841 global_step=861184 SPS=705 ev=1.000 v_bias=-0.1 return=1010.3 length=81 success_rate=1.00 collisions/ep=0.00 (n=16)
update=842 global_step=862208 SPS=705 ev=1.000 v_bias=0.4 return=1009.6 length=81 success_rate=1.00 collisions/ep=0.00 (n=8)
update=843 global_step=863232 SPS=705 ev=1.000 v_bias=-0.5 return=1010.3 length=81 success_rate=1.00 collisions/ep=0.00 (n=16)
update=844 global_step=864256 SPS=706 ev=1.000 v_bias=-0.2 return=1010.6 length=80 success_rate=1.00 collisions/ep=0.00 (n=10)
update=845 global_step=865280 SPS=706 ev=0.999 v_bias=0.4 return=1010.1 length=81 success_rate=1.00 collisions/ep=0.00 (n=14)
update=846 global_step=866304 SPS=707 ev=0.997 v_bias=2.1 return=1000.7 length=81 success_rate=1.00 collisions/ep=0.19 (n=16)
update=847 global_step=867328 SPS=707 ev=1.000 v_bias=-0.8 return=1010.1 length=81 success_rate=1.00 collisions/ep=0.00 (n=8)
update=848 global_step=868352 SPS=708 ev=1.000 v_bias=-0.4 return=1010.5 length=81 success_rate=1.00 collisions/ep=0.00 (n=16)
update=849 global_step=869376 SPS=708 ev=1.000 v_bias=-0.6 return=1010.3 length=80 success_rate=1.00 collisions/ep=0.00 (n=8)
update=850 global_step=870400 SPS=708 ev=1.000 v_bias=-0.4 return=1010.4 length=80 success_rate=1.00 collisions/ep=0.00 (n=16)
Evaluation at update 850: return=1010.62, length=79.40, success_rate=1.00, collisions/ep=0.00
Solved-check at update 850: solved=False worst_gap=53.06 at p_x0=2.00 p_y0=-1.00 (consecutive=1)
update=851 global_step=871424 SPS=706 ev=1.000 v_bias=-0.2 return=1010.5 length=81 success_rate=1.00 collisions/ep=0.00 (n=16)
update=852 global_step=872448 SPS=706 ev=0.822 v_bias=16.1 return=991.8 length=80 success_rate=1.00 collisions/ep=0.38 (n=8)
update=853 global_step=873472 SPS=707 ev=0.997 v_bias=-1.2 return=943.7 length=82 success_rate=1.00 collisions/ep=1.31 (n=16)
update=854 global_step=874496 SPS=707 ev=0.966 v_bias=0.3 return=984.1 length=82 success_rate=1.00 collisions/ep=0.50 (n=8)
update=855 global_step=875520 SPS=707 ev=0.997 v_bias=-1.8 return=1003.7 length=80 success_rate=1.00 collisions/ep=0.12 (n=16)
update=856 global_step=876544 SPS=708 ev=0.997 v_bias=0.9 return=1005.5 length=81 success_rate=1.00 collisions/ep=0.08 (n=12)
update=857 global_step=877568 SPS=708 ev=0.999 v_bias=-0.1 return=1010.2 length=82 success_rate=1.00 collisions/ep=0.00 (n=12)
update=858 global_step=878592 SPS=709 ev=1.000 v_bias=-1.0 return=1010.2 length=81 success_rate=1.00 collisions/ep=0.00 (n=16)
update=859 global_step=879616 SPS=709 ev=1.000 v_bias=0.0 return=1009.9 length=81 success_rate=1.00 collisions/ep=0.00 (n=8)
update=860 global_step=880640 SPS=710 ev=0.999 v_bias=-1.0 return=1009.8 length=81 success_rate=1.00 collisions/ep=0.00 (n=16)
Evaluation at update 860: return=1010.27, length=79.75, success_rate=1.00, collisions/ep=0.00
Solved-check at update 860: solved=True worst_gap=3.01 at p_x0=0.50 p_y0=-0.50 (consecutive=0)
update=861 global_step=881664 SPS=707 ev=0.997 v_bias=1.3 return=1010.2 length=82 success_rate=1.00 collisions/ep=0.00 (n=8)
update=862 global_step=882688 SPS=708 ev=1.000 v_bias=0.1 return=1006.5 length=81 success_rate=1.00 collisions/ep=0.06 (n=16)
update=863 global_step=883712 SPS=708 ev=1.000 v_bias=-0.6 return=1010.2 length=80 success_rate=1.00 collisions/ep=0.00 (n=14)
update=864 global_step=884736 SPS=709 ev=1.000 v_bias=-0.3 return=1010.2 length=82 success_rate=1.00 collisions/ep=0.00 (n=10)
update=865 global_step=885760 SPS=709 ev=1.000 v_bias=-0.7 return=1010.0 length=81 success_rate=1.00 collisions/ep=0.00 (n=16)
update=866 global_step=886784 SPS=710 ev=0.999 v_bias=0.5 return=1003.8 length=82 success_rate=1.00 collisions/ep=0.12 (n=8)
update=867 global_step=887808 SPS=710 ev=0.998 v_bias=1.1 return=1006.6 length=81 success_rate=1.00 collisions/ep=0.06 (n=16)
update=868 global_step=888832 SPS=710 ev=1.000 v_bias=-0.6 return=1010.1 length=80 success_rate=1.00 collisions/ep=0.00 (n=11)
update=869 global_step=889856 SPS=711 ev=0.999 v_bias=-1.0 return=1010.0 length=82 success_rate=1.00 collisions/ep=0.00 (n=13)
update=870 global_step=890880 SPS=711 ev=1.000 v_bias=-0.8 return=1010.1 length=81 success_rate=1.00 collisions/ep=0.00 (n=16)
Evaluation at update 870: return=1010.52, length=79.50, success_rate=1.00, collisions/ep=0.00
Solved-check at update 870: solved=True worst_gap=3.01 at p_x0=0.00 p_y0=-1.00 (consecutive=1)
update=871 global_step=891904 SPS=709 ev=0.996 v_bias=0.7 return=1010.1 length=82 success_rate=1.00 collisions/ep=0.00 (n=8)
update=872 global_step=892928 SPS=709 ev=1.000 v_bias=-0.2 return=1004.1 length=80 success_rate=1.00 collisions/ep=0.12 (n=16)
update=873 global_step=893952 SPS=710 ev=0.998 v_bias=1.0 return=1003.0 length=81 success_rate=1.00 collisions/ep=0.12 (n=8)
update=874 global_step=894976 SPS=710 ev=1.000 v_bias=-1.1 return=1010.3 length=81 success_rate=1.00 collisions/ep=0.00 (n=16)
update=875 global_step=896000 SPS=711 ev=1.000 v_bias=-0.5 return=1010.1 length=80 success_rate=1.00 collisions/ep=0.00 (n=14)
update=876 global_step=897024 SPS=711 ev=1.000 v_bias=-0.3 return=1010.3 length=82 success_rate=1.00 collisions/ep=0.00 (n=10)
update=877 global_step=898048 SPS=712 ev=1.000 v_bias=0.0 return=1010.3 length=80 success_rate=1.00 collisions/ep=0.00 (n=16)
update=878 global_step=899072 SPS=712 ev=1.000 v_bias=-0.7 return=1010.1 length=80 success_rate=1.00 collisions/ep=0.00 (n=8)
update=879 global_step=900096 SPS=712 ev=1.000 v_bias=-0.1 return=1010.4 length=81 success_rate=1.00 collisions/ep=0.00 (n=16)
update=880 global_step=901120 SPS=713 ev=1.000 v_bias=-0.1 return=1009.7 length=80 success_rate=1.00 collisions/ep=0.00 (n=13)
Evaluation at update 880: return=1010.57, length=79.45, success_rate=1.00, collisions/ep=0.00
Solved-check at update 880: solved=True worst_gap=3.01 at p_x0=0.00 p_y0=-1.00 (consecutive=2)
update=881 global_step=902144 SPS=710 ev=1.000 v_bias=-0.3 return=1010.5 length=82 success_rate=1.00 collisions/ep=0.00 (n=11)
update=882 global_step=903168 SPS=711 ev=1.000 v_bias=0.1 return=1010.1 length=81 success_rate=1.00 collisions/ep=0.00 (n=16)
update=883 global_step=904192 SPS=711 ev=0.999 v_bias=0.4 return=1010.4 length=80 success_rate=1.00 collisions/ep=0.00 (n=8)
update=884 global_step=905216 SPS=712 ev=0.977 v_bias=3.6 return=988.0 length=81 success_rate=1.00 collisions/ep=0.44 (n=16)
update=885 global_step=906240 SPS=712 ev=0.991 v_bias=1.1 return=1010.3 length=80 success_rate=1.00 collisions/ep=0.00 (n=9)
update=886 global_step=907264 SPS=713 ev=0.997 v_bias=0.5 return=999.8 length=82 success_rate=1.00 collisions/ep=0.20 (n=15)
update=887 global_step=908288 SPS=713 ev=0.999 v_bias=-0.1 return=1006.9 length=81 success_rate=1.00 collisions/ep=0.06 (n=16)
update=888 global_step=909312 SPS=713 ev=0.997 v_bias=-0.3 return=1003.3 length=81 success_rate=1.00 collisions/ep=0.12 (n=8)
update=889 global_step=910336 SPS=714 ev=1.000 v_bias=-0.9 return=1010.1 length=81 success_rate=1.00 collisions/ep=0.00 (n=16)
update=890 global_step=911360 SPS=714 ev=1.000 v_bias=-1.3 return=1010.2 length=81 success_rate=1.00 collisions/ep=0.00 (n=8)
Evaluation at update 890: return=1010.27, length=79.75, success_rate=1.00, collisions/ep=0.00
Solved-check at update 890: solved=True worst_gap=3.01 at p_x0=0.00 p_y0=-0.50 (consecutive=3)
update=891 global_step=912384 SPS=711 ev=0.995 v_bias=1.6 return=1003.6 length=81 success_rate=1.00 collisions/ep=0.12 (n=16)
update=892 global_step=913408 SPS=712 ev=1.000 v_bias=-1.6 return=1010.0 length=80 success_rate=1.00 collisions/ep=0.00 (n=12)
update=893 global_step=914432 SPS=712 ev=1.000 v_bias=-0.6 return=1010.1 length=82 success_rate=1.00 collisions/ep=0.00 (n=12)
update=894 global_step=915456 SPS=713 ev=1.000 v_bias=-0.1 return=1006.6 length=82 success_rate=1.00 collisions/ep=0.06 (n=16)
update=895 global_step=916480 SPS=713 ev=1.000 v_bias=-1.0 return=1010.0 length=80 success_rate=1.00 collisions/ep=0.00 (n=8)
update=896 global_step=917504 SPS=713 ev=1.000 v_bias=-0.7 return=1010.3 length=81 success_rate=1.00 collisions/ep=0.00 (n=16)
update=897 global_step=918528 SPS=714 ev=1.000 v_bias=-0.1 return=1010.0 length=81 success_rate=1.00 collisions/ep=0.00 (n=9)
update=898 global_step=919552 SPS=714 ev=1.000 v_bias=-0.2 return=1010.0 length=81 success_rate=1.00 collisions/ep=0.00 (n=15)
update=899 global_step=920576 SPS=715 ev=1.000 v_bias=-0.2 return=1010.0 length=80 success_rate=1.00 collisions/ep=0.00 (n=14)
update=900 global_step=921600 SPS=715 ev=0.997 v_bias=0.9 return=1004.9 length=82 success_rate=1.00 collisions/ep=0.10 (n=10)
Evaluation at update 900: return=1010.52, length=79.50, success_rate=1.00, collisions/ep=0.00
Solved-check at update 900: solved=True worst_gap=3.01 at p_x0=0.00 p_y0=-1.00 (consecutive=4)
update=901 global_step=922624 SPS=713 ev=1.000 v_bias=-0.6 return=1010.2 length=81 success_rate=1.00 collisions/ep=0.00 (n=16)
update=902 global_step=923648 SPS=713 ev=0.997 v_bias=0.5 return=1003.6 length=81 success_rate=1.00 collisions/ep=0.12 (n=8)
update=903 global_step=924672 SPS=713 ev=0.999 v_bias=0.2 return=1006.8 length=81 success_rate=1.00 collisions/ep=0.06 (n=16)
update=904 global_step=925696 SPS=714 ev=1.000 v_bias=-0.5 return=1010.3 length=81 success_rate=1.00 collisions/ep=0.00 (n=12)
update=905 global_step=926720 SPS=714 ev=0.993 v_bias=0.5 return=1010.4 length=80 success_rate=1.00 collisions/ep=0.00 (n=12)
update=906 global_step=927744 SPS=715 ev=1.000 v_bias=-0.1 return=1003.6 length=81 success_rate=1.00 collisions/ep=0.12 (n=16)
update=907 global_step=928768 SPS=715 ev=1.000 v_bias=-1.1 return=1010.2 length=80 success_rate=1.00 collisions/ep=0.00 (n=8)
update=908 global_step=929792 SPS=716 ev=0.998 v_bias=1.1 return=1006.8 length=81 success_rate=1.00 collisions/ep=0.06 (n=16)
update=909 global_step=930816 SPS=716 ev=1.000 v_bias=-1.0 return=1010.2 length=81 success_rate=1.00 collisions/ep=0.00 (n=9)
update=910 global_step=931840 SPS=716 ev=1.000 v_bias=-0.5 return=1010.1 length=81 success_rate=1.00 collisions/ep=0.00 (n=15)
Evaluation at update 910: return=1010.37, length=79.65, success_rate=1.00, collisions/ep=0.00
Solved-check at update 910: solved=True worst_gap=3.01 at p_x0=0.00 p_y0=-0.50 (consecutive=5)
update=911 global_step=932864 SPS=714 ev=1.000 v_bias=-0.3 return=1010.2 length=81 success_rate=1.00 collisions/ep=0.00 (n=16)
update=912 global_step=933888 SPS=714 ev=1.000 v_bias=-0.2 return=1010.2 length=80 success_rate=1.00 collisions/ep=0.00 (n=8)
update=913 global_step=934912 SPS=715 ev=1.000 v_bias=-0.8 return=1010.2 length=80 success_rate=1.00 collisions/ep=0.00 (n=16)
update=914 global_step=935936 SPS=715 ev=1.000 v_bias=-0.3 return=1010.5 length=81 success_rate=1.00 collisions/ep=0.00 (n=8)
update=915 global_step=936960 SPS=716 ev=1.000 v_bias=-0.1 return=1010.0 length=81 success_rate=1.00 collisions/ep=0.00 (n=16)
update=916 global_step=937984 SPS=716 ev=1.000 v_bias=-0.3 return=1010.3 length=79 success_rate=1.00 collisions/ep=0.00 (n=13)
update=917 global_step=939008 SPS=716 ev=1.000 v_bias=-0.0 return=1010.7 length=82 success_rate=1.00 collisions/ep=0.00 (n=11)
update=918 global_step=940032 SPS=717 ev=1.000 v_bias=-0.1 return=1010.1 length=81 success_rate=1.00 collisions/ep=0.00 (n=16)
update=919 global_step=941056 SPS=717 ev=1.000 v_bias=-0.9 return=1010.8 length=81 success_rate=1.00 collisions/ep=0.00 (n=8)
update=920 global_step=942080 SPS=718 ev=1.000 v_bias=0.2 return=1010.2 length=80 success_rate=1.00 collisions/ep=0.00 (n=16)
Evaluation at update 920: return=1010.57, length=79.45, success_rate=1.00, collisions/ep=0.00
Solved-check at update 920: solved=True worst_gap=3.01 at p_x0=0.00 p_y0=-1.00 (consecutive=6)
update=921 global_step=943104 SPS=715 ev=0.999 v_bias=0.6 return=1005.4 length=80 success_rate=1.00 collisions/ep=0.10 (n=10)
update=922 global_step=944128 SPS=716 ev=1.000 v_bias=-0.5 return=1010.4 length=81 success_rate=1.00 collisions/ep=0.00 (n=14)
update=923 global_step=945152 SPS=716 ev=0.998 v_bias=1.0 return=1003.9 length=80 success_rate=1.00 collisions/ep=0.12 (n=16)
update=924 global_step=946176 SPS=716 ev=1.000 v_bias=-1.1 return=1010.4 length=81 success_rate=1.00 collisions/ep=0.00 (n=8)
update=925 global_step=947200 SPS=717 ev=1.000 v_bias=-0.6 return=1010.0 length=80 success_rate=1.00 collisions/ep=0.00 (n=16)
update=926 global_step=948224 SPS=717 ev=1.000 v_bias=-0.3 return=1010.4 length=80 success_rate=1.00 collisions/ep=0.00 (n=8)
update=927 global_step=949248 SPS=718 ev=1.000 v_bias=-0.5 return=1010.3 length=81 success_rate=1.00 collisions/ep=0.00 (n=16)
update=928 global_step=950272 SPS=718 ev=1.000 v_bias=-0.4 return=1010.4 length=80 success_rate=1.00 collisions/ep=0.00 (n=16)
update=929 global_step=951296 SPS=718 ev=1.000 v_bias=0.4 return=1010.4 length=81 success_rate=1.00 collisions/ep=0.00 (n=8)
update=930 global_step=952320 SPS=719 ev=1.000 v_bias=-0.2 return=1010.4 length=80 success_rate=1.00 collisions/ep=0.00 (n=16)
Evaluation at update 930: return=1010.62, length=79.40, success_rate=1.00, collisions/ep=0.00
Solved-check at update 930: solved=True worst_gap=3.00 at p_x0=0.00 p_y0=-1.00 (consecutive=7)
update=931 global_step=953344 SPS=716 ev=1.000 v_bias=0.1 return=1010.2 length=80 success_rate=1.00 collisions/ep=0.00 (n=8)
update=932 global_step=954368 SPS=717 ev=1.000 v_bias=-0.9 return=1010.4 length=81 success_rate=1.00 collisions/ep=0.00 (n=16)
update=933 global_step=955392 SPS=717 ev=1.000 v_bias=-0.0 return=1010.3 length=80 success_rate=1.00 collisions/ep=0.00 (n=14)
update=934 global_step=956416 SPS=717 ev=0.996 v_bias=1.9 return=1000.7 length=82 success_rate=1.00 collisions/ep=0.20 (n=10)
update=935 global_step=957440 SPS=718 ev=1.000 v_bias=-0.6 return=1007.5 length=80 success_rate=1.00 collisions/ep=0.06 (n=16)
update=936 global_step=958464 SPS=718 ev=1.000 v_bias=-0.7 return=1010.2 length=80 success_rate=1.00 collisions/ep=0.00 (n=8)
update=937 global_step=959488 SPS=719 ev=1.000 v_bias=-0.3 return=1010.5 length=81 success_rate=1.00 collisions/ep=0.00 (n=16)
update=938 global_step=960512 SPS=719 ev=0.998 v_bias=0.8 return=1010.6 length=80 success_rate=1.00 collisions/ep=0.00 (n=14)
update=939 global_step=961536 SPS=719 ev=1.000 v_bias=0.0 return=1005.3 length=82 success_rate=1.00 collisions/ep=0.10 (n=10)
update=940 global_step=962560 SPS=720 ev=1.000 v_bias=-0.2 return=1010.4 length=80 success_rate=1.00 collisions/ep=0.00 (n=16)
Evaluation at update 940: return=1010.72, length=79.30, success_rate=1.00, collisions/ep=0.00
Solved-check at update 940: solved=False worst_gap=53.06 at p_x0=2.00 p_y0=-1.00 (consecutive=8)
update=941 global_step=963584 SPS=717 ev=1.000 v_bias=-0.3 return=1010.4 length=80 success_rate=1.00 collisions/ep=0.00 (n=8)
update=942 global_step=964608 SPS=718 ev=1.000 v_bias=-0.0 return=1010.5 length=81 success_rate=1.00 collisions/ep=0.00 (n=16)
update=943 global_step=965632 SPS=718 ev=0.998 v_bias=1.5 return=1005.2 length=80 success_rate=1.00 collisions/ep=0.10 (n=10)
update=944 global_step=966656 SPS=718 ev=0.999 v_bias=-0.5 return=1003.6 length=81 success_rate=1.00 collisions/ep=0.14 (n=14)
update=945 global_step=967680 SPS=719 ev=0.998 v_bias=0.9 return=1004.0 length=80 success_rate=1.00 collisions/ep=0.12 (n=16)
update=946 global_step=968704 SPS=719 ev=0.999 v_bias=-0.6 return=1004.3 length=80 success_rate=1.00 collisions/ep=0.12 (n=8)
update=947 global_step=969728 SPS=719 ev=0.998 v_bias=0.8 return=1007.2 length=81 success_rate=1.00 collisions/ep=0.06 (n=16)
update=948 global_step=970752 SPS=720 ev=1.000 v_bias=-1.2 return=1010.4 length=81 success_rate=1.00 collisions/ep=0.00 (n=8)
update=949 global_step=971776 SPS=720 ev=0.998 v_bias=0.8 return=1010.5 length=81 success_rate=1.00 collisions/ep=0.00 (n=16)
update=950 global_step=972800 SPS=721 ev=1.000 v_bias=-0.2 return=1004.4 length=80 success_rate=1.00 collisions/ep=0.12 (n=16)
Evaluation at update 950: return=1010.72, length=79.30, success_rate=1.00, collisions/ep=0.00
Solved-check at update 950: solved=False worst_gap=53.06 at p_x0=2.00 p_y0=-1.00 (consecutive=0)
update=951 global_step=973824 SPS=718 ev=0.998 v_bias=0.2 return=1004.0 length=80 success_rate=1.00 collisions/ep=0.12 (n=8)
update=952 global_step=974848 SPS=718 ev=1.000 v_bias=-0.6 return=1007.6 length=80 success_rate=1.00 collisions/ep=0.06 (n=16)
update=953 global_step=975872 SPS=719 ev=1.000 v_bias=-0.7 return=1010.7 length=80 success_rate=1.00 collisions/ep=0.00 (n=8)
update=954 global_step=976896 SPS=719 ev=1.000 v_bias=-0.3 return=1010.6 length=81 success_rate=1.00 collisions/ep=0.00 (n=16)
update=955 global_step=977920 SPS=720 ev=1.000 v_bias=0.1 return=1010.5 length=79 success_rate=1.00 collisions/ep=0.00 (n=15)
update=956 global_step=978944 SPS=720 ev=0.943 v_bias=7.0 return=954.3 length=82 success_rate=1.00 collisions/ep=1.11 (n=9)
update=957 global_step=979968 SPS=721 ev=0.987 v_bias=1.3 return=997.5 length=81 success_rate=1.00 collisions/ep=0.25 (n=16)
update=958 global_step=980992 SPS=721 ev=0.997 v_bias=-1.6 return=1004.3 length=80 success_rate=1.00 collisions/ep=0.12 (n=8)
update=959 global_step=982016 SPS=721 ev=0.999 v_bias=-1.5 return=1004.3 length=80 success_rate=1.00 collisions/ep=0.12 (n=16)
update=960 global_step=983040 SPS=722 ev=0.997 v_bias=0.1 return=1006.0 length=80 success_rate=1.00 collisions/ep=0.08 (n=12)
Evaluation at update 960: return=1010.67, length=79.35, success_rate=1.00, collisions/ep=0.00
Solved-check at update 960: solved=True worst_gap=3.00 at p_x0=0.00 p_y0=-1.00 (consecutive=0)
update=961 global_step=984064 SPS=719 ev=0.996 v_bias=1.8 return=1006.3 length=81 success_rate=1.00 collisions/ep=0.08 (n=12)
update=962 global_step=985088 SPS=720 ev=0.998 v_bias=0.3 return=1000.8 length=81 success_rate=1.00 collisions/ep=0.19 (n=16)
update=963 global_step=986112 SPS=720 ev=0.999 v_bias=-1.4 return=1010.4 length=80 success_rate=1.00 collisions/ep=0.00 (n=8)
update=964 global_step=987136 SPS=720 ev=0.999 v_bias=0.1 return=1007.3 length=81 success_rate=1.00 collisions/ep=0.06 (n=16)
update=965 global_step=988160 SPS=721 ev=1.000 v_bias=-0.8 return=1010.5 length=80 success_rate=1.00 collisions/ep=0.00 (n=10)
update=966 global_step=989184 SPS=721 ev=0.999 v_bias=0.1 return=1010.2 length=80 success_rate=1.00 collisions/ep=0.00 (n=14)
update=967 global_step=990208 SPS=722 ev=1.000 v_bias=-0.5 return=1007.1 length=81 success_rate=1.00 collisions/ep=0.06 (n=16)
update=968 global_step=991232 SPS=722 ev=0.991 v_bias=2.8 return=1003.7 length=81 success_rate=1.00 collisions/ep=0.12 (n=8)
update=969 global_step=992256 SPS=722 ev=0.999 v_bias=-0.5 return=1000.8 length=81 success_rate=1.00 collisions/ep=0.19 (n=16)
update=970 global_step=993280 SPS=723 ev=1.000 v_bias=-1.2 return=1010.0 length=80 success_rate=1.00 collisions/ep=0.00 (n=8)
Evaluation at update 970: return=1010.62, length=79.40, success_rate=1.00, collisions/ep=0.00
Solved-check at update 970: solved=True worst_gap=3.00 at p_x0=0.00 p_y0=-1.00 (consecutive=1)
update=971 global_step=994304 SPS=720 ev=0.995 v_bias=1.8 return=1003.8 length=81 success_rate=1.00 collisions/ep=0.12 (n=16)
update=972 global_step=995328 SPS=721 ev=1.000 v_bias=-1.8 return=1010.4 length=80 success_rate=1.00 collisions/ep=0.00 (n=14)
update=973 global_step=996352 SPS=721 ev=1.000 v_bias=-0.9 return=1010.3 length=82 success_rate=1.00 collisions/ep=0.00 (n=10)
update=974 global_step=997376 SPS=721 ev=0.999 v_bias=0.2 return=1007.0 length=81 success_rate=1.00 collisions/ep=0.06 (n=16)
update=975 global_step=998400 SPS=722 ev=1.000 v_bias=-1.0 return=1010.4 length=80 success_rate=1.00 collisions/ep=0.00 (n=8)
update=976 global_step=999424 SPS=722 ev=0.999 v_bias=0.3 return=1007.4 length=80 success_rate=1.00 collisions/ep=0.06 (n=16)
update=977 global_step=1000448 SPS=722 ev=0.993 v_bias=1.8 return=1010.0 length=81 success_rate=1.00 collisions/ep=0.00 (n=11)
update=978 global_step=1001472 SPS=723 ev=1.000 v_bias=-1.0 return=1002.7 length=81 success_rate=1.00 collisions/ep=0.15 (n=13)
update=979 global_step=1002496 SPS=723 ev=0.999 v_bias=-0.5 return=1007.0 length=81 success_rate=1.00 collisions/ep=0.06 (n=16)
update=980 global_step=1003520 SPS=724 ev=0.991 v_bias=2.7 return=990.8 length=81 success_rate=1.00 collisions/ep=0.38 (n=8)
Evaluation at update 980: return=1010.62, length=79.40, success_rate=1.00, collisions/ep=0.00
Solved-check at update 980: solved=True worst_gap=3.00 at p_x0=0.00 p_y0=-1.00 (consecutive=2)
update=981 global_step=1004544 SPS=721 ev=1.000 v_bias=-0.8 return=1010.3 length=80 success_rate=1.00 collisions/ep=0.00 (n=16)
update=982 global_step=1005568 SPS=722 ev=1.000 v_bias=-1.2 return=1010.7 length=81 success_rate=1.00 collisions/ep=0.00 (n=8)
update=983 global_step=1006592 SPS=722 ev=1.000 v_bias=-0.5 return=1010.2 length=80 success_rate=1.00 collisions/ep=0.00 (n=16)
update=984 global_step=1007616 SPS=722 ev=0.999 v_bias=0.8 return=1007.2 length=81 success_rate=1.00 collisions/ep=0.06 (n=16)
update=985 global_step=1008640 SPS=723 ev=0.997 v_bias=0.3 return=1003.6 length=81 success_rate=1.00 collisions/ep=0.12 (n=8)
update=986 global_step=1009664 SPS=723 ev=1.000 v_bias=-0.8 return=1010.2 length=80 success_rate=1.00 collisions/ep=0.00 (n=16)
update=987 global_step=1010688 SPS=723 ev=1.000 v_bias=-0.7 return=1010.7 length=81 success_rate=1.00 collisions/ep=0.00 (n=8)
update=988 global_step=1011712 SPS=724 ev=1.000 v_bias=-0.2 return=1010.3 length=80 success_rate=1.00 collisions/ep=0.00 (n=16)
update=989 global_step=1012736 SPS=724 ev=1.000 v_bias=-0.1 return=1010.5 length=79 success_rate=1.00 collisions/ep=0.00 (n=14)
update=990 global_step=1013760 SPS=724 ev=1.000 v_bias=-0.3 return=1010.3 length=82 success_rate=1.00 collisions/ep=0.00 (n=10)
Evaluation at update 990: return=1010.62, length=79.40, success_rate=1.00, collisions/ep=0.00
Solved-check at update 990: solved=True worst_gap=3.00 at p_x0=0.00 p_y0=-1.00 (consecutive=3)
update=991 global_step=1014784 SPS=722 ev=1.000 v_bias=0.2 return=1010.2 length=80 success_rate=1.00 collisions/ep=0.00 (n=16)
update=992 global_step=1015808 SPS=723 ev=1.000 v_bias=0.1 return=1010.6 length=81 success_rate=1.00 collisions/ep=0.00 (n=8)
update=993 global_step=1016832 SPS=723 ev=1.000 v_bias=-0.1 return=1010.4 length=80 success_rate=1.00 collisions/ep=0.00 (n=16)
update=994 global_step=1017856 SPS=724 ev=0.994 v_bias=2.0 return=1000.7 length=80 success_rate=1.00 collisions/ep=0.18 (n=11)
update=995 global_step=1018880 SPS=724 ev=1.000 v_bias=-0.1 return=1006.6 length=81 success_rate=1.00 collisions/ep=0.08 (n=13)
update=996 global_step=1019904 SPS=724 ev=0.998 v_bias=0.9 return=1006.9 length=80 success_rate=1.00 collisions/ep=0.06 (n=16)
update=997 global_step=1020928 SPS=725 ev=0.998 v_bias=0.4 return=1010.3 length=81 success_rate=1.00 collisions/ep=0.00 (n=8)
update=998 global_step=1021952 SPS=725 ev=1.000 v_bias=-0.6 return=1007.2 length=80 success_rate=1.00 collisions/ep=0.06 (n=16)
update=999 global_step=1022976 SPS=726 ev=1.000 v_bias=-0.9 return=1009.8 length=81 success_rate=1.00 collisions/ep=0.00 (n=8)
update=1000 global_step=1024000 SPS=726 ev=0.999 v_bias=0.9 return=1010.5 length=81 success_rate=1.00 collisions/ep=0.00 (n=16)
Evaluation at update 1000: return=1010.62, length=79.40, success_rate=1.00, collisions/ep=0.00
Solved-check at update 1000: solved=True worst_gap=3.00 at p_x0=0.00 p_y0=-1.00 (consecutive=4)
Saved checkpoints to C:\Users\loren\Desktop\MASTER THESIS\5_CODE\scenarios\slalom\studies\init_sampler\ppo_sobol\runs\ppo_slalom_6_1791240691
