Using device: cpu
Solved-check: precomputed optimal returns for 25 fixed initial conditions (mean=1013.0, min=1011.0, max=1015.0); solved-tolerance=5.0
num_envs=8 num_steps_per_env=256 worker_batch_size=2048 worker_minibatch_size=256 num_updates=488 timesteps=999424 (requested 1000000; 576 dropped by integer division)
update=1 global_step=2048 SPS=1372 w_ev=-0.057 m_ev=-0.000 m_v_bias=73.5 m_adv_std=209.1022 m_kl_max=0.0023 m_ratio_max=0.238 w_ax@goal=+0.53 w_v@goal=-0.00 return=-305.8 length=181 success_rate=0.22 collisions/ep=7.33 (n=9)
update=2 global_step=4096 SPS=1325 w_ev=0.011 m_ev=0.172 m_v_bias=43.8 m_adv_std=171.1617 m_kl_max=0.0045 m_ratio_max=0.393 w_ax@goal=+0.23 w_v@goal=-0.13 return=-445.1 length=190 success_rate=0.12 collisions/ep=7.88 (n=8)
update=3 global_step=6144 SPS=1316 w_ev=-0.008 m_ev=0.392 m_v_bias=-1.8 m_adv_std=150.1761 m_kl_max=0.0009 m_ratio_max=0.191 w_ax@goal=-0.07 w_v@goal=-0.00 return=-314.8 length=194 success_rate=0.20 collisions/ep=6.80 (n=10)
update=4 global_step=8192 SPS=1371 w_ev=0.109 m_ev=0.184 m_v_bias=72.3 m_adv_std=116.2435 m_kl_max=0.0026 m_ratio_max=0.300 return=-516.3 length=200 success_rate=0.00 collisions/ep=6.29 (n=14)
update=5 global_step=10240 SPS=1359 w_ev=0.203 m_ev=0.317 m_v_bias=42.4 m_adv_std=168.1578 m_kl_max=0.0042 m_ratio_max=0.499 w_ax@goal=-0.44 w_v@goal=0.12 return=-583.3 length=195 success_rate=0.12 collisions/ep=10.50 (n=8)
Evaluation at update 5: return=-5104.69, length=200.00, success_rate=0.00, collisions/ep=97.65
Solved-check at update 5: solved=False worst_gap=7141.01 at p_x0=2.00 p_y0=1.00 (consecutive=0)
update=6 global_step=12288 SPS=615 w_ev=0.220 m_ev=-0.001 m_v_bias=80.4 m_adv_std=159.5793 m_kl_max=0.0081 m_ratio_max=0.643 w_ax@goal=-0.68 w_v@goal=0.23 return=-863.2 length=200 success_rate=0.00 collisions/ep=13.50 (n=8)
update=7 global_step=14336 SPS=665 w_ev=0.198 m_ev=0.351 m_v_bias=-65.9 m_adv_std=217.4454 m_kl_max=0.0049 m_ratio_max=0.420 w_ax@goal=+0.04 w_v@goal=0.47 return=-537.1 length=186 success_rate=0.15 collisions/ep=10.62 (n=13)
update=8 global_step=16384 SPS=706 w_ev=0.178 m_ev=0.424 m_v_bias=36.0 m_adv_std=185.3094 m_kl_max=0.0088 m_ratio_max=0.392 w_ax@goal=+0.71 w_v@goal=1.00 return=-579.3 length=193 success_rate=0.09 collisions/ep=9.82 (n=11)
update=9 global_step=18432 SPS=735 w_ev=0.023 m_ev=-0.389 m_v_bias=2.4 m_adv_std=190.2913 m_kl_max=0.0269 m_ratio_max=0.665 w_ax@goal=-0.34 w_v@goal=0.68 return=-804.6 length=200 success_rate=0.00 collisions/ep=12.56 (n=9)
update=10 global_step=20480 SPS=763 w_ev=0.189 m_ev=-0.277 m_v_bias=10.1 m_adv_std=136.7812 m_kl_max=0.0187 m_ratio_max=0.768 w_ax@goal=-0.25 w_v@goal=0.96 return=-615.0 length=200 success_rate=0.00 collisions/ep=8.46 (n=13)
Evaluation at update 10: return=-221.84, length=200.00, success_rate=0.00, collisions/ep=0.00
Solved-check at update 10: solved=False worst_gap=1241.01 at p_x0=2.00 p_y0=0.00 (consecutive=0)
update=11 global_step=22528 SPS=555 w_ev=0.068 m_ev=0.074 m_v_bias=-76.5 m_adv_std=228.0758 m_kl_max=0.0154 m_ratio_max=0.519 w_ax@goal=+0.22 w_v@goal=1.44 return=-306.4 length=198 success_rate=0.20 collisions/ep=6.40 (n=10)
update=12 global_step=24576 SPS=583 w_ev=0.230 m_ev=0.305 m_v_bias=-52.0 m_adv_std=184.5542 m_kl_max=0.0092 m_ratio_max=0.445 w_ax@goal=+0.38 w_v@goal=1.44 return=-264.9 length=192 success_rate=0.25 collisions/ep=7.25 (n=8)
update=13 global_step=26624 SPS=610 w_ev=0.221 m_ev=0.403 m_v_bias=-12.1 m_adv_std=148.8786 m_kl_max=0.0223 m_ratio_max=0.717 w_ax@goal=+0.41 w_v@goal=1.98 return=-339.4 length=192 success_rate=0.08 collisions/ep=4.92 (n=13)
update=14 global_step=28672 SPS=634 w_ev=0.123 m_ev=0.294 m_v_bias=8.8 m_adv_std=241.1281 m_kl_max=0.0242 m_ratio_max=0.681 w_ax@goal=-0.08 w_v@goal=2.08 return=-371.0 length=178 success_rate=0.27 collisions/ep=10.00 (n=11)
update=15 global_step=30720 SPS=658 w_ev=0.064 m_ev=0.696 m_v_bias=-133.7 m_adv_std=210.0056 m_kl_max=0.0204 m_ratio_max=0.681 w_ax@goal=+0.32 w_v@goal=2.47 return=230.0 length=152 success_rate=0.71 collisions/ep=8.07 (n=14)
Evaluation at update 15: return=570.38, length=91.70, success_rate=1.00, collisions/ep=8.55
Solved-check at update 15: solved=False worst_gap=704.19 at p_x0=2.00 p_y0=-1.00 (consecutive=0)
update=16 global_step=32768 SPS=608 w_ev=0.089 m_ev=0.564 m_v_bias=-78.3 m_adv_std=238.9131 m_kl_max=0.0249 m_ratio_max=0.936 w_ax@goal=+0.56 w_v@goal=2.71 return=298.6 length=144 success_rate=0.71 collisions/ep=7.07 (n=14)
update=17 global_step=34816 SPS=627 w_ev=0.084 m_ev=0.832 m_v_bias=-79.4 m_adv_std=129.9238 m_kl_max=0.0180 m_ratio_max=0.587 w_ax@goal=+0.74 w_v@goal=3.13 return=397.1 length=125 success_rate=0.89 collisions/ep=9.06 (n=18)
update=18 global_step=36864 SPS=645 w_ev=0.116 m_ev=0.848 m_v_bias=-19.1 m_adv_std=124.2254 m_kl_max=0.0292 m_ratio_max=0.617 w_ax@goal=+0.54 w_v@goal=3.40 return=523.3 length=105 success_rate=0.95 collisions/ep=8.21 (n=19)
update=19 global_step=38912 SPS=662 w_ev=0.059 m_ev=0.811 m_v_bias=-27.2 m_adv_std=122.9780 m_kl_max=0.0110 m_ratio_max=0.561 w_ax@goal=+0.57 w_v@goal=3.47 return=635.1 length=103 success_rate=1.00 collisions/ep=7.05 (n=20)
update=20 global_step=40960 SPS=678 w_ev=0.017 m_ev=0.900 m_v_bias=-35.6 m_adv_std=86.9538 m_kl_max=0.0172 m_ratio_max=0.567 w_ax@goal=+0.69 w_v@goal=3.84 return=721.6 length=93 success_rate=1.00 collisions/ep=5.54 (n=24)
Evaluation at update 20: return=573.47, length=78.30, success_rate=1.00, collisions/ep=8.75
Solved-check at update 20: solved=False worst_gap=501.71 at p_x0=0.00 p_y0=-1.00 (consecutive=0)
update=21 global_step=43008 SPS=641 w_ev=0.059 m_ev=0.873 m_v_bias=15.7 m_adv_std=97.4186 m_kl_max=0.0252 m_ratio_max=0.736 w_ax@goal=+0.71 w_v@goal=3.75 return=641.9 length=94 success_rate=1.00 collisions/ep=7.14 (n=21)
update=22 global_step=45056 SPS=656 w_ev=0.026 m_ev=0.822 m_v_bias=-9.1 m_adv_std=116.2571 m_kl_max=0.0126 m_ratio_max=0.578 w_ax@goal=+0.93 w_v@goal=3.90 return=672.4 length=88 success_rate=1.00 collisions/ep=6.62 (n=24)
update=23 global_step=47104 SPS=668 w_ev=0.015 m_ev=0.819 m_v_bias=-10.5 m_adv_std=111.3014 m_kl_max=0.0203 m_ratio_max=0.538 w_ax@goal=+0.90 w_v@goal=4.03 return=704.9 length=84 success_rate=1.00 collisions/ep=6.04 (n=25)
update=24 global_step=49152 SPS=683 w_ev=0.040 m_ev=0.885 m_v_bias=-0.6 m_adv_std=87.4657 m_kl_max=0.0135 m_ratio_max=0.612 w_ax@goal=+1.02 w_v@goal=4.00 return=708.4 length=84 success_rate=1.00 collisions/ep=6.00 (n=24)
update=25 global_step=51200 SPS=696 w_ev=0.070 m_ev=0.881 m_v_bias=-19.4 m_adv_std=82.8719 m_kl_max=0.0137 m_ratio_max=0.689 w_ax@goal=+1.17 w_v@goal=4.07 return=747.4 length=83 success_rate=1.00 collisions/ep=5.21 (n=24)
Evaluation at update 25: return=596.55, length=77.85, success_rate=1.00, collisions/ep=8.30
Solved-check at update 25: solved=False worst_gap=500.93 at p_x0=1.50 p_y0=-1.00 (consecutive=0)
update=26 global_step=53248 SPS=664 w_ev=0.044 m_ev=0.921 m_v_bias=-11.6 m_adv_std=64.0569 m_kl_max=0.0138 m_ratio_max=0.496 w_ax@goal=+0.98 w_v@goal=4.13 return=788.3 length=82 success_rate=1.00 collisions/ep=4.40 (n=25)
update=27 global_step=55296 SPS=677 w_ev=0.053 m_ev=0.894 m_v_bias=19.7 m_adv_std=79.4474 m_kl_max=0.0037 m_ratio_max=0.307 w_ax@goal=+0.93 w_v@goal=4.32 return=749.0 length=83 success_rate=1.00 collisions/ep=5.19 (n=26)
update=28 global_step=57344 SPS=689 w_ev=0.037 m_ev=0.906 m_v_bias=-22.4 m_adv_std=70.7360 m_kl_max=0.0105 m_ratio_max=0.392 w_ax@goal=+1.19 w_v@goal=4.31 return=819.5 length=83 success_rate=1.00 collisions/ep=3.79 (n=24)
update=29 global_step=59392 SPS=701 w_ev=0.016 m_ev=0.896 m_v_bias=20.2 m_adv_std=74.0780 m_kl_max=0.0106 m_ratio_max=0.448 w_ax@goal=+0.81 w_v@goal=4.48 return=763.5 length=85 success_rate=1.00 collisions/ep=4.87 (n=23)
update=30 global_step=61440 SPS=711 w_ev=0.073 m_ev=0.871 m_v_bias=-0.7 m_adv_std=84.7116 m_kl_max=0.0146 m_ratio_max=0.438 w_ax@goal=+1.11 w_v@goal=4.40 return=781.5 length=83 success_rate=1.00 collisions/ep=4.50 (n=26)
Evaluation at update 30: return=598.92, length=78.00, success_rate=1.00, collisions/ep=8.25
Solved-check at update 30: solved=False worst_gap=500.92 at p_x0=2.00 p_y0=-1.00 (consecutive=0)
update=31 global_step=63488 SPS=683 w_ev=0.039 m_ev=0.879 m_v_bias=-4.6 m_adv_std=80.0381 m_kl_max=0.0151 m_ratio_max=0.417 w_ax@goal=+0.67 w_v@goal=4.48 return=802.3 length=85 success_rate=1.00 collisions/ep=4.12 (n=24)
update=32 global_step=65536 SPS=693 w_ev=0.053 m_ev=0.901 m_v_bias=-16.6 m_adv_std=68.1575 m_kl_max=0.0204 m_ratio_max=1.192 w_ax@goal=+1.07 w_v@goal=4.42 return=848.4 length=81 success_rate=1.00 collisions/ep=3.20 (n=25)
update=33 global_step=67584 SPS=703 w_ev=0.111 m_ev=0.885 m_v_bias=17.1 m_adv_std=75.7994 m_kl_max=0.0098 m_ratio_max=0.510 w_ax@goal=+0.90 w_v@goal=4.39 return=812.6 length=83 success_rate=1.00 collisions/ep=3.92 (n=25)
update=34 global_step=69632 SPS=713 w_ev=0.079 m_ev=0.900 m_v_bias=0.9 m_adv_std=71.5077 m_kl_max=0.0176 m_ratio_max=0.549 w_ax@goal=+1.03 w_v@goal=4.55 return=821.0 length=82 success_rate=1.00 collisions/ep=3.76 (n=25)
update=35 global_step=71680 SPS=723 w_ev=0.150 m_ev=0.923 m_v_bias=-6.3 m_adv_std=60.0538 m_kl_max=0.0610 m_ratio_max=1.517 w_ax@goal=+1.18 w_v@goal=4.30 return=838.6 length=81 success_rate=1.00 collisions/ep=3.42 (n=24)
Evaluation at update 35: return=961.57, length=77.70, success_rate=1.00, collisions/ep=1.00
Solved-check at update 35: solved=False worst_gap=100.94 at p_x0=1.50 p_y0=-1.00 (consecutive=0)
update=36 global_step=73728 SPS=699 w_ev=0.155 m_ev=0.929 m_v_bias=-8.7 m_adv_std=57.7641 m_kl_max=0.0095 m_ratio_max=0.564 w_ax@goal=+1.34 w_v@goal=4.28 return=848.8 length=82 success_rate=1.00 collisions/ep=3.24 (n=25)
update=37 global_step=75776 SPS=708 w_ev=0.171 m_ev=0.954 m_v_bias=-10.9 m_adv_std=43.4755 m_kl_max=0.0196 m_ratio_max=0.652 w_ax@goal=+1.20 w_v@goal=4.36 return=880.5 length=82 success_rate=1.00 collisions/ep=2.60 (n=25)
update=38 global_step=77824 SPS=718 w_ev=0.246 m_ev=0.913 m_v_bias=12.9 m_adv_std=64.0080 m_kl_max=0.0057 m_ratio_max=0.459 w_ax@goal=+1.27 w_v@goal=4.41 return=834.0 length=82 success_rate=1.00 collisions/ep=3.52 (n=27)
update=39 global_step=79872 SPS=726 w_ev=0.274 m_ev=0.891 m_v_bias=33.0 m_adv_std=76.1624 m_kl_max=0.0159 m_ratio_max=0.525 w_ax@goal=+1.15 w_v@goal=4.13 return=778.8 length=82 success_rate=1.00 collisions/ep=4.60 (n=25)
update=40 global_step=81920 SPS=737 w_ev=0.133 m_ev=0.885 m_v_bias=-20.0 m_adv_std=73.2164 m_kl_max=0.0171 m_ratio_max=0.653 w_ax@goal=+0.92 w_v@goal=4.20 return=847.4 length=84 success_rate=1.00 collisions/ep=3.21 (n=24)
Evaluation at update 40: return=796.18, length=78.30, success_rate=1.00, collisions/ep=4.30
Solved-check at update 40: solved=False worst_gap=401.97 at p_x0=0.00 p_y0=0.50 (consecutive=0)
update=41 global_step=83968 SPS=718 w_ev=0.197 m_ev=0.903 m_v_bias=2.9 m_adv_std=68.6548 m_kl_max=0.0168 m_ratio_max=0.621 w_ax@goal=+0.99 w_v@goal=4.20 return=841.5 length=83 success_rate=1.00 collisions/ep=3.33 (n=24)
update=42 global_step=86016 SPS=727 w_ev=0.180 m_ev=0.936 m_v_bias=-11.2 m_adv_std=52.5606 m_kl_max=0.0174 m_ratio_max=0.783 w_ax@goal=+0.74 w_v@goal=4.25 return=864.9 length=84 success_rate=1.00 collisions/ep=2.83 (n=24)
update=43 global_step=88064 SPS=736 w_ev=0.128 m_ev=0.900 m_v_bias=11.2 m_adv_std=68.9509 m_kl_max=0.0134 m_ratio_max=0.506 w_ax@goal=+1.24 w_v@goal=4.25 return=824.3 length=83 success_rate=1.00 collisions/ep=3.67 (n=24)
update=44 global_step=90112 SPS=744 w_ev=0.189 m_ev=0.906 m_v_bias=8.5 m_adv_std=67.2107 m_kl_max=0.0213 m_ratio_max=0.754 w_ax@goal=+1.23 w_v@goal=4.12 return=822.4 length=85 success_rate=1.00 collisions/ep=3.68 (n=25)
update=45 global_step=92160 SPS=751 w_ev=0.145 m_ev=0.918 m_v_bias=-16.9 m_adv_std=58.9909 m_kl_max=0.0034 m_ratio_max=0.305 w_ax@goal=+1.06 w_v@goal=4.09 return=862.5 length=85 success_rate=1.00 collisions/ep=2.91 (n=22)
Evaluation at update 45: return=776.71, length=77.60, success_rate=1.00, collisions/ep=4.70
Solved-check at update 45: solved=False worst_gap=401.28 at p_x0=0.00 p_y0=0.50 (consecutive=0)
update=46 global_step=94208 SPS=733 w_ev=0.228 m_ev=0.923 m_v_bias=15.6 m_adv_std=63.9747 m_kl_max=0.0319 m_ratio_max=1.174 w_ax@goal=+1.13 w_v@goal=4.18 return=814.4 length=85 success_rate=1.00 collisions/ep=3.83 (n=24)
update=47 global_step=96256 SPS=740 w_ev=0.209 m_ev=0.907 m_v_bias=11.9 m_adv_std=69.5337 m_kl_max=0.0066 m_ratio_max=0.378 w_ax@goal=+1.06 w_v@goal=4.14 return=804.2 length=88 success_rate=1.00 collisions/ep=4.04 (n=26)
update=48 global_step=98304 SPS=747 w_ev=0.175 m_ev=0.953 m_v_bias=-12.8 m_adv_std=47.2659 m_kl_max=0.0015 m_ratio_max=0.185 w_ax@goal=+1.02 w_v@goal=4.01 return=833.1 length=84 success_rate=1.00 collisions/ep=3.50 (n=24)
update=49 global_step=100352 SPS=754 w_ev=0.177 m_ev=0.929 m_v_bias=-5.1 m_adv_std=57.4024 m_kl_max=0.0088 m_ratio_max=0.419 w_ax@goal=+1.31 w_v@goal=3.94 return=842.6 length=82 success_rate=1.00 collisions/ep=3.31 (n=26)
update=50 global_step=102400 SPS=761 w_ev=0.215 m_ev=0.928 m_v_bias=-20.0 m_adv_std=54.7684 m_kl_max=0.0050 m_ratio_max=0.392 w_ax@goal=+1.20 w_v@goal=3.87 return=910.9 length=82 success_rate=1.00 collisions/ep=1.96 (n=23)
Evaluation at update 50: return=962.03, length=77.35, success_rate=1.00, collisions/ep=1.00
Solved-check at update 50: solved=False worst_gap=50.88 at p_x0=0.00 p_y0=-1.00 (consecutive=0)
update=51 global_step=104448 SPS=746 w_ev=0.188 m_ev=0.907 m_v_bias=1.4 m_adv_std=65.0001 m_kl_max=0.0176 m_ratio_max=0.659 w_ax@goal=+1.08 w_v@goal=4.05 return=901.8 length=85 success_rate=1.00 collisions/ep=2.08 (n=24)
update=52 global_step=106496 SPS=754 w_ev=0.245 m_ev=0.892 m_v_bias=1.9 m_adv_std=66.6281 m_kl_max=0.0096 m_ratio_max=0.874 w_ax@goal=+1.29 w_v@goal=3.96 return=869.6 length=83 success_rate=1.00 collisions/ep=2.80 (n=25)
update=53 global_step=108544 SPS=760 w_ev=0.233 m_ev=0.952 m_v_bias=-10.3 m_adv_std=43.8784 m_kl_max=0.0089 m_ratio_max=0.787 w_ax@goal=+1.32 w_v@goal=3.97 return=887.1 length=82 success_rate=1.00 collisions/ep=2.46 (n=24)
update=54 global_step=110592 SPS=767 w_ev=0.272 m_ev=0.879 m_v_bias=5.4 m_adv_std=76.0915 m_kl_max=0.0086 m_ratio_max=0.405 w_ax@goal=+1.27 w_v@goal=4.04 return=850.3 length=82 success_rate=1.00 collisions/ep=3.19 (n=26)
update=55 global_step=112640 SPS=773 w_ev=0.316 m_ev=0.891 m_v_bias=-8.3 m_adv_std=67.6300 m_kl_max=0.0074 m_ratio_max=0.497 w_ax@goal=+1.34 w_v@goal=3.81 return=897.0 length=81 success_rate=1.00 collisions/ep=2.25 (n=24)
Evaluation at update 55: return=962.05, length=77.35, success_rate=1.00, collisions/ep=1.00
Solved-check at update 55: solved=False worst_gap=50.88 at p_x0=0.50 p_y0=1.00 (consecutive=0)
update=56 global_step=114688 SPS=757 w_ev=0.227 m_ev=0.945 m_v_bias=-14.9 m_adv_std=46.7071 m_kl_max=0.0184 m_ratio_max=0.648 w_ax@goal=+1.09 w_v@goal=4.15 return=915.0 length=84 success_rate=1.00 collisions/ep=1.88 (n=25)
update=57 global_step=116736 SPS=763 w_ev=0.270 m_ev=0.918 m_v_bias=11.0 m_adv_std=57.4250 m_kl_max=0.0092 m_ratio_max=0.467 w_ax@goal=+1.03 w_v@goal=4.06 return=884.9 length=83 success_rate=1.00 collisions/ep=2.48 (n=25)
update=58 global_step=118784 SPS=770 w_ev=0.239 m_ev=0.853 m_v_bias=23.2 m_adv_std=81.6503 m_kl_max=0.0128 m_ratio_max=0.709 w_ax@goal=+1.07 w_v@goal=4.07 return=867.7 length=84 success_rate=1.00 collisions/ep=2.80 (n=25)
update=59 global_step=120832 SPS=776 w_ev=0.217 m_ev=0.901 m_v_bias=-8.5 m_adv_std=65.1710 m_kl_max=0.0193 m_ratio_max=0.756 w_ax@goal=+1.01 w_v@goal=4.11 return=904.4 length=85 success_rate=1.00 collisions/ep=2.04 (n=23)
update=60 global_step=122880 SPS=782 w_ev=0.260 m_ev=0.956 m_v_bias=-5.7 m_adv_std=43.8638 m_kl_max=0.0083 m_ratio_max=0.659 w_ax@goal=+0.80 w_v@goal=4.08 return=866.7 length=84 success_rate=1.00 collisions/ep=2.81 (n=26)
Evaluation at update 60: return=961.83, length=77.60, success_rate=1.00, collisions/ep=1.00
Solved-check at update 60: solved=False worst_gap=51.15 at p_x0=0.00 p_y0=1.00 (consecutive=0)
update=61 global_step=124928 SPS=767 w_ev=0.220 m_ev=0.877 m_v_bias=27.5 m_adv_std=76.9287 m_kl_max=0.0469 m_ratio_max=1.004 w_ax@goal=+0.85 w_v@goal=4.12 return=849.9 length=84 success_rate=1.00 collisions/ep=3.12 (n=25)
update=62 global_step=126976 SPS=772 w_ev=0.237 m_ev=0.889 m_v_bias=-4.3 m_adv_std=72.8118 m_kl_max=0.0168 m_ratio_max=0.772 w_ax@goal=+0.85 w_v@goal=4.04 return=871.0 length=84 success_rate=1.00 collisions/ep=2.71 (n=24)
update=63 global_step=129024 SPS=778 w_ev=0.202 m_ev=0.898 m_v_bias=-3.6 m_adv_std=68.1968 m_kl_max=0.0273 m_ratio_max=0.964 w_ax@goal=+0.78 w_v@goal=3.94 return=883.0 length=87 success_rate=1.00 collisions/ep=2.46 (n=24)
update=64 global_step=131072 SPS=783 w_ev=0.219 m_ev=0.945 m_v_bias=-25.7 m_adv_std=46.7971 m_kl_max=0.0063 m_ratio_max=0.513 w_ax@goal=+1.02 w_v@goal=3.95 return=934.5 length=85 success_rate=1.00 collisions/ep=1.43 (n=23)
update=65 global_step=133120 SPS=788 w_ev=0.303 m_ev=0.909 m_v_bias=-2.6 m_adv_std=58.7402 m_kl_max=0.0076 m_ratio_max=0.446 w_ax@goal=+0.76 w_v@goal=3.93 return=914.1 length=86 success_rate=1.00 collisions/ep=1.83 (n=24)
Evaluation at update 65: return=974.52, length=77.40, success_rate=1.00, collisions/ep=0.75
Solved-check at update 65: solved=False worst_gap=50.84 at p_x0=0.00 p_y0=-1.00 (consecutive=0)
update=66 global_step=135168 SPS=775 w_ev=0.323 m_ev=0.863 m_v_bias=24.1 m_adv_std=78.9768 m_kl_max=0.0092 m_ratio_max=0.478 w_ax@goal=+1.10 w_v@goal=3.83 return=884.8 length=86 success_rate=1.00 collisions/ep=2.42 (n=24)
update=67 global_step=137216 SPS=781 w_ev=0.225 m_ev=0.923 m_v_bias=-2.1 m_adv_std=56.2884 m_kl_max=0.0262 m_ratio_max=0.912 w_ax@goal=+0.82 w_v@goal=3.81 return=882.6 length=87 success_rate=1.00 collisions/ep=2.50 (n=24)
update=68 global_step=139264 SPS=785 w_ev=0.221 m_ev=0.914 m_v_bias=2.9 m_adv_std=60.6003 m_kl_max=0.0298 m_ratio_max=0.999 w_ax@goal=+1.09 w_v@goal=3.88 return=880.2 length=84 success_rate=1.00 collisions/ep=2.58 (n=24)
update=69 global_step=141312 SPS=791 w_ev=0.206 m_ev=0.902 m_v_bias=-15.2 m_adv_std=63.7085 m_kl_max=0.0128 m_ratio_max=0.765 w_ax@goal=+0.93 w_v@goal=3.90 return=925.1 length=85 success_rate=1.00 collisions/ep=1.65 (n=23)
update=70 global_step=143360 SPS=795 w_ev=0.247 m_ev=0.901 m_v_bias=7.0 m_adv_std=66.8685 m_kl_max=0.0132 m_ratio_max=0.569 w_ax@goal=+0.95 w_v@goal=3.99 return=899.1 length=88 success_rate=1.00 collisions/ep=2.17 (n=24)
Evaluation at update 70: return=962.06, length=77.25, success_rate=1.00, collisions/ep=1.00
Solved-check at update 70: solved=False worst_gap=50.99 at p_x0=0.50 p_y0=1.00 (consecutive=0)
update=71 global_step=145408 SPS=783 w_ev=0.254 m_ev=0.889 m_v_bias=7.0 m_adv_std=71.7428 m_kl_max=0.0085 m_ratio_max=0.512 w_ax@goal=+0.89 w_v@goal=3.96 return=881.3 length=86 success_rate=1.00 collisions/ep=2.62 (n=24)
update=72 global_step=147456 SPS=788 w_ev=0.230 m_ev=0.933 m_v_bias=-17.3 m_adv_std=52.3813 m_kl_max=0.0307 m_ratio_max=0.683 w_ax@goal=+0.79 w_v@goal=4.06 return=910.3 length=85 success_rate=1.00 collisions/ep=1.92 (n=25)
update=73 global_step=149504 SPS=793 w_ev=0.224 m_ev=0.919 m_v_bias=10.5 m_adv_std=59.7629 m_kl_max=0.0203 m_ratio_max=1.345 w_ax@goal=+0.74 w_v@goal=4.07 return=897.3 length=87 success_rate=1.00 collisions/ep=2.12 (n=24)
update=74 global_step=151552 SPS=798 w_ev=0.225 m_ev=0.900 m_v_bias=6.4 m_adv_std=69.7783 m_kl_max=0.0115 m_ratio_max=0.660 w_ax@goal=+0.61 w_v@goal=3.99 return=888.4 length=86 success_rate=1.00 collisions/ep=2.33 (n=24)
update=75 global_step=153600 SPS=802 w_ev=0.223 m_ev=0.942 m_v_bias=-0.3 m_adv_std=48.1764 m_kl_max=0.0157 m_ratio_max=0.856 w_ax@goal=+0.71 w_v@goal=3.99 return=898.0 length=90 success_rate=1.00 collisions/ep=2.10 (n=21)
Evaluation at update 75: return=962.34, length=77.10, success_rate=1.00, collisions/ep=1.00
Solved-check at update 75: solved=False worst_gap=50.72 at p_x0=0.00 p_y0=1.00 (consecutive=0)
update=76 global_step=155648 SPS=791 w_ev=0.201 m_ev=0.910 m_v_bias=11.8 m_adv_std=63.7948 m_kl_max=0.0282 m_ratio_max=1.469 w_ax@goal=+0.56 w_v@goal=4.16 return=873.0 length=89 success_rate=1.00 collisions/ep=2.59 (n=22)
update=77 global_step=157696 SPS=795 w_ev=0.151 m_ev=0.884 m_v_bias=30.0 m_adv_std=77.2702 m_kl_max=0.0666 m_ratio_max=4.602 w_ax@goal=+0.38 w_v@goal=4.18 return=855.3 length=89 success_rate=1.00 collisions/ep=2.91 (n=22)
update=78 global_step=159744 SPS=799 w_ev=0.211 m_ev=0.957 m_v_bias=-37.0 m_adv_std=43.4542 m_kl_max=0.0055 m_ratio_max=0.677 w_ax@goal=+0.51 w_v@goal=4.06 return=891.4 length=92 success_rate=1.00 collisions/ep=2.17 (n=23)
update=79 global_step=161792 SPS=803 w_ev=0.189 m_ev=0.925 m_v_bias=19.9 m_adv_std=59.1605 m_kl_max=0.0047 m_ratio_max=0.582 w_ax@goal=+0.52 w_v@goal=4.16 return=859.2 length=94 success_rate=1.00 collisions/ep=2.78 (n=23)
update=80 global_step=163840 SPS=808 w_ev=0.241 m_ev=0.942 m_v_bias=-4.1 m_adv_std=50.5876 m_kl_max=0.0080 m_ratio_max=0.450 w_ax@goal=+0.55 w_v@goal=4.05 return=895.3 length=94 success_rate=1.00 collisions/ep=2.04 (n=23)
Evaluation at update 80: return=853.80, length=78.10, success_rate=1.00, collisions/ep=3.15
Solved-check at update 80: solved=False worst_gap=253.85 at p_x0=0.00 p_y0=-0.50 (consecutive=0)
update=81 global_step=165888 SPS=796 w_ev=0.177 m_ev=0.915 m_v_bias=11.3 m_adv_std=62.0386 m_kl_max=0.0071 m_ratio_max=0.591 w_ax@goal=+0.51 w_v@goal=3.95 return=856.4 length=93 success_rate=1.00 collisions/ep=2.85 (n=20)
update=82 global_step=167936 SPS=800 w_ev=0.194 m_ev=0.887 m_v_bias=9.5 m_adv_std=73.7170 m_kl_max=0.0059 m_ratio_max=0.313 w_ax@goal=+0.34 w_v@goal=3.94 return=827.9 length=89 success_rate=1.00 collisions/ep=3.43 (n=21)
update=83 global_step=169984 SPS=804 w_ev=0.193 m_ev=0.896 m_v_bias=25.3 m_adv_std=80.6766 m_kl_max=0.0172 m_ratio_max=0.599 w_ax@goal=+0.52 w_v@goal=4.06 return=804.9 length=93 success_rate=1.00 collisions/ep=3.88 (n=24)
update=84 global_step=172032 SPS=809 w_ev=0.112 m_ev=0.892 m_v_bias=-9.1 m_adv_std=76.3444 m_kl_max=0.0109 m_ratio_max=0.468 w_ax@goal=+0.35 w_v@goal=3.95 return=814.2 length=98 success_rate=1.00 collisions/ep=3.58 (n=19)
update=85 global_step=174080 SPS=812 w_ev=0.178 m_ev=0.907 m_v_bias=0.6 m_adv_std=74.8201 m_kl_max=0.0135 m_ratio_max=0.524 w_ax@goal=+0.38 w_v@goal=3.99 return=787.8 length=95 success_rate=1.00 collisions/ep=4.17 (n=24)
Evaluation at update 85: return=775.41, length=79.05, success_rate=1.00, collisions/ep=4.70
Solved-check at update 85: solved=False worst_gap=452.69 at p_x0=1.50 p_y0=-0.50 (consecutive=0)
update=86 global_step=176128 SPS=801 w_ev=0.186 m_ev=0.885 m_v_bias=-15.0 m_adv_std=78.6411 m_kl_max=0.0041 m_ratio_max=0.420 w_ax@goal=+0.59 w_v@goal=3.83 return=817.6 length=97 success_rate=1.00 collisions/ep=3.57 (n=21)
update=87 global_step=178176 SPS=805 w_ev=0.232 m_ev=0.937 m_v_bias=6.5 m_adv_std=57.7717 m_kl_max=0.0195 m_ratio_max=0.602 w_ax@goal=+0.62 w_v@goal=3.73 return=805.8 length=91 success_rate=1.00 collisions/ep=3.87 (n=23)
update=88 global_step=180224 SPS=809 w_ev=0.168 m_ev=0.930 m_v_bias=9.3 m_adv_std=62.9580 m_kl_max=0.0052 m_ratio_max=0.309 w_ax@goal=+0.38 w_v@goal=3.92 return=794.2 length=95 success_rate=1.00 collisions/ep=4.05 (n=21)
update=89 global_step=182272 SPS=813 w_ev=0.146 m_ev=0.906 m_v_bias=13.4 m_adv_std=72.7995 m_kl_max=0.0178 m_ratio_max=0.742 w_ax@goal=+0.43 w_v@goal=3.94 return=782.8 length=102 success_rate=1.00 collisions/ep=4.20 (n=20)
update=90 global_step=184320 SPS=817 w_ev=0.040 m_ev=0.882 m_v_bias=20.4 m_adv_std=88.6098 m_kl_max=0.0126 m_ratio_max=0.538 w_ax@goal=+0.12 w_v@goal=3.89 return=721.2 length=98 success_rate=1.00 collisions/ep=5.43 (n=21)
Evaluation at update 90: return=546.53, length=85.30, success_rate=1.00, collisions/ep=9.15
Solved-check at update 90: solved=False worst_gap=514.00 at p_x0=0.00 p_y0=-0.50 (consecutive=0)
update=91 global_step=186368 SPS=805 w_ev=0.045 m_ev=0.933 m_v_bias=-11.1 m_adv_std=62.2275 m_kl_max=0.0059 m_ratio_max=0.446 w_ax@goal=+0.28 w_v@goal=3.79 return=734.9 length=94 success_rate=1.00 collisions/ep=5.25 (n=20)
update=92 global_step=188416 SPS=808 w_ev=0.141 m_ev=0.931 m_v_bias=5.7 m_adv_std=67.4393 m_kl_max=0.0101 m_ratio_max=0.776 w_ax@goal=+0.28 w_v@goal=3.89 return=759.7 length=98 success_rate=1.00 collisions/ep=4.68 (n=22)
update=93 global_step=190464 SPS=812 w_ev=0.094 m_ev=0.929 m_v_bias=-1.9 m_adv_std=64.5159 m_kl_max=0.0139 m_ratio_max=0.713 w_ax@goal=+0.22 w_v@goal=3.83 return=771.2 length=100 success_rate=1.00 collisions/ep=4.43 (n=21)
update=94 global_step=192512 SPS=816 w_ev=0.148 m_ev=0.906 m_v_bias=-0.9 m_adv_std=73.8950 m_kl_max=0.0069 m_ratio_max=0.361 w_ax@goal=+0.26 w_v@goal=3.69 return=760.2 length=94 success_rate=1.00 collisions/ep=4.75 (n=20)
update=95 global_step=194560 SPS=819 w_ev=0.113 m_ev=0.901 m_v_bias=-9.8 m_adv_std=77.0918 m_kl_max=0.0059 m_ratio_max=0.358 w_ax@goal=+0.30 w_v@goal=3.84 return=784.3 length=91 success_rate=1.00 collisions/ep=4.33 (n=24)
Evaluation at update 95: return=596.55, length=77.90, success_rate=1.00, collisions/ep=8.30
Solved-check at update 95: solved=False worst_gap=453.82 at p_x0=0.00 p_y0=0.50 (consecutive=0)
update=96 global_step=196608 SPS=810 w_ev=0.132 m_ev=0.935 m_v_bias=-19.8 m_adv_std=60.2302 m_kl_max=0.0051 m_ratio_max=0.361 w_ax@goal=+0.33 w_v@goal=3.87 return=795.1 length=90 success_rate=1.00 collisions/ep=4.12 (n=24)
update=97 global_step=198656 SPS=813 w_ev=0.155 m_ev=0.906 m_v_bias=9.0 m_adv_std=75.8034 m_kl_max=0.0096 m_ratio_max=0.388 w_ax@goal=+0.27 w_v@goal=3.80 return=759.8 length=88 success_rate=1.00 collisions/ep=4.86 (n=22)
update=98 global_step=200704 SPS=816 w_ev=0.144 m_ev=0.887 m_v_bias=4.6 m_adv_std=84.0048 m_kl_max=0.0322 m_ratio_max=0.659 w_ax@goal=+0.52 w_v@goal=3.85 return=783.4 length=93 success_rate=1.00 collisions/ep=4.35 (n=23)
update=99 global_step=202752 SPS=819 w_ev=0.177 m_ev=0.926 m_v_bias=-34.7 m_adv_std=61.4821 m_kl_max=0.0084 m_ratio_max=0.499 w_ax@goal=+0.46 w_v@goal=3.80 return=855.4 length=94 success_rate=1.00 collisions/ep=2.86 (n=22)
update=100 global_step=204800 SPS=823 w_ev=0.054 m_ev=0.901 m_v_bias=1.1 m_adv_std=69.3424 m_kl_max=0.0095 m_ratio_max=0.535 w_ax@goal=+0.36 w_v@goal=3.81 return=847.0 length=91 success_rate=1.00 collisions/ep=3.09 (n=22)
Evaluation at update 100: return=771.55, length=80.30, success_rate=1.00, collisions/ep=4.75
Solved-check at update 100: solved=False worst_gap=455.86 at p_x0=0.50 p_y0=1.00 (consecutive=0)
update=101 global_step=206848 SPS=812 w_ev=0.115 m_ev=0.867 m_v_bias=24.1 m_adv_std=86.3534 m_kl_max=0.0137 m_ratio_max=0.583 w_ax@goal=+0.26 w_v@goal=3.89 return=778.8 length=95 success_rate=1.00 collisions/ep=4.40 (n=20)
update=102 global_step=208896 SPS=815 w_ev=0.178 m_ev=0.893 m_v_bias=-5.7 m_adv_std=80.1011 m_kl_max=0.0054 m_ratio_max=0.549 w_ax@goal=+0.42 w_v@goal=3.89 return=799.2 length=90 success_rate=1.00 collisions/ep=4.04 (n=25)
update=103 global_step=210944 SPS=819 w_ev=0.181 m_ev=0.922 m_v_bias=-34.6 m_adv_std=60.6859 m_kl_max=0.0056 m_ratio_max=0.427 w_ax@goal=+0.46 w_v@goal=3.75 return=877.5 length=89 success_rate=1.00 collisions/ep=2.48 (n=23)
update=104 global_step=212992 SPS=822 w_ev=0.184 m_ev=0.906 m_v_bias=-1.4 m_adv_std=67.0894 m_kl_max=0.0051 m_ratio_max=0.577 w_ax@goal=+0.56 w_v@goal=3.66 return=868.0 length=87 success_rate=1.00 collisions/ep=2.70 (n=23)
update=105 global_step=215040 SPS=824 w_ev=0.153 m_ev=0.897 m_v_bias=9.4 m_adv_std=73.5003 m_kl_max=0.0276 m_ratio_max=0.723 w_ax@goal=+0.41 w_v@goal=3.87 return=834.7 length=86 success_rate=1.00 collisions/ep=3.38 (n=24)
Evaluation at update 105: return=777.32, length=77.00, success_rate=1.00, collisions/ep=4.70
Solved-check at update 105: solved=False worst_gap=450.84 at p_x0=0.00 p_y0=1.00 (consecutive=0)
update=106 global_step=217088 SPS=814 w_ev=0.150 m_ev=0.893 m_v_bias=15.5 m_adv_std=72.2302 m_kl_max=0.0087 m_ratio_max=0.572 w_ax@goal=+0.58 w_v@goal=3.89 return=804.4 length=89 success_rate=1.00 collisions/ep=4.00 (n=22)
update=107 global_step=219136 SPS=817 w_ev=0.171 m_ev=0.941 m_v_bias=-12.8 m_adv_std=52.0032 m_kl_max=0.0300 m_ratio_max=1.910 w_ax@goal=+0.51 w_v@goal=3.94 return=876.0 length=88 success_rate=1.00 collisions/ep=2.58 (n=24)
update=108 global_step=221184 SPS=820 w_ev=0.155 m_ev=0.917 m_v_bias=-9.8 m_adv_std=61.6581 m_kl_max=0.0073 m_ratio_max=0.449 w_ax@goal=+0.74 w_v@goal=3.94 return=859.7 length=87 success_rate=1.00 collisions/ep=2.86 (n=22)
update=109 global_step=223232 SPS=823 w_ev=0.194 m_ev=0.908 m_v_bias=16.5 m_adv_std=67.2801 m_kl_max=0.0082 m_ratio_max=0.539 w_ax@goal=+0.62 w_v@goal=4.09 return=852.1 length=89 success_rate=1.00 collisions/ep=3.04 (n=24)
update=110 global_step=225280 SPS=826 w_ev=0.172 m_ev=0.943 m_v_bias=-7.8 m_adv_std=51.6119 m_kl_max=0.0226 m_ratio_max=1.026 w_ax@goal=+0.28 w_v@goal=3.95 return=856.0 length=88 success_rate=1.00 collisions/ep=2.96 (n=24)
Evaluation at update 110: return=782.18, length=77.20, success_rate=1.00, collisions/ep=4.60
Solved-check at update 110: solved=False worst_gap=450.86 at p_x0=0.00 p_y0=0.50 (consecutive=0)
update=111 global_step=227328 SPS=818 w_ev=0.132 m_ev=0.907 m_v_bias=11.5 m_adv_std=67.5415 m_kl_max=0.0123 m_ratio_max=1.262 w_ax@goal=+0.52 w_v@goal=3.97 return=834.9 length=87 success_rate=1.00 collisions/ep=3.43 (n=23)
update=112 global_step=229376 SPS=822 w_ev=0.126 m_ev=0.911 m_v_bias=18.4 m_adv_std=67.5690 m_kl_max=0.0095 m_ratio_max=0.465 w_ax@goal=+0.19 w_v@goal=4.05 return=826.7 length=89 success_rate=1.00 collisions/ep=3.50 (n=22)
update=113 global_step=231424 SPS=825 w_ev=0.192 m_ev=0.859 m_v_bias=-10.5 m_adv_std=88.2074 m_kl_max=0.0173 m_ratio_max=1.208 w_ax@goal=+0.61 w_v@goal=3.99 return=842.5 length=88 success_rate=1.00 collisions/ep=3.25 (n=24)
update=114 global_step=233472 SPS=828 w_ev=0.198 m_ev=0.920 m_v_bias=-16.9 m_adv_std=61.6070 m_kl_max=0.0246 m_ratio_max=0.779 w_ax@goal=+0.49 w_v@goal=3.90 return=871.0 length=85 success_rate=1.00 collisions/ep=2.68 (n=25)
update=115 global_step=235520 SPS=831 w_ev=0.231 m_ev=0.948 m_v_bias=-10.0 m_adv_std=45.8743 m_kl_max=0.0078 m_ratio_max=0.520 w_ax@goal=+0.71 w_v@goal=3.86 return=883.2 length=86 success_rate=1.00 collisions/ep=2.43 (n=23)
Evaluation at update 115: return=762.15, length=77.20, success_rate=1.00, collisions/ep=5.00
Solved-check at update 115: solved=False worst_gap=450.88 at p_x0=0.00 p_y0=0.50 (consecutive=0)
update=116 global_step=237568 SPS=822 w_ev=0.134 m_ev=0.932 m_v_bias=12.4 m_adv_std=55.4502 m_kl_max=0.0101 m_ratio_max=0.542 w_ax@goal=+0.38 w_v@goal=4.01 return=863.7 length=88 success_rate=1.00 collisions/ep=2.83 (n=24)
update=117 global_step=239616 SPS=825 w_ev=0.151 m_ev=0.872 m_v_bias=14.8 m_adv_std=79.2995 m_kl_max=0.0140 m_ratio_max=0.973 w_ax@goal=+0.49 w_v@goal=4.02 return=811.8 length=85 success_rate=1.00 collisions/ep=3.87 (n=23)
update=118 global_step=241664 SPS=828 w_ev=0.179 m_ev=0.907 m_v_bias=14.1 m_adv_std=69.7590 m_kl_max=0.0130 m_ratio_max=0.716 w_ax@goal=+0.68 w_v@goal=4.03 return=822.9 length=85 success_rate=1.00 collisions/ep=3.64 (n=25)
update=119 global_step=243712 SPS=831 w_ev=0.191 m_ev=0.920 m_v_bias=14.8 m_adv_std=67.8017 m_kl_max=0.0034 m_ratio_max=0.485 w_ax@goal=+0.39 w_v@goal=4.07 return=758.2 length=86 success_rate=1.00 collisions/ep=4.92 (n=24)
update=120 global_step=245760 SPS=833 w_ev=0.154 m_ev=0.874 m_v_bias=-5.5 m_adv_std=86.8841 m_kl_max=0.0194 m_ratio_max=0.592 w_ax@goal=+0.56 w_v@goal=3.98 return=771.2 length=87 success_rate=1.00 collisions/ep=4.64 (n=22)
Evaluation at update 120: return=649.75, length=77.10, success_rate=1.00, collisions/ep=7.25
Solved-check at update 120: solved=False worst_gap=450.84 at p_x0=0.00 p_y0=1.00 (consecutive=0)
update=121 global_step=247808 SPS=824 w_ev=0.184 m_ev=0.930 m_v_bias=-30.0 m_adv_std=60.1201 m_kl_max=0.0312 m_ratio_max=0.987 w_ax@goal=+0.65 w_v@goal=4.00 return=836.8 length=85 success_rate=1.00 collisions/ep=3.38 (n=26)
update=122 global_step=249856 SPS=827 w_ev=0.180 m_ev=0.875 m_v_bias=22.3 m_adv_std=87.8241 m_kl_max=0.0202 m_ratio_max=0.718 w_ax@goal=+0.49 w_v@goal=3.95 return=780.9 length=89 success_rate=1.00 collisions/ep=4.43 (n=23)
update=123 global_step=251904 SPS=829 w_ev=0.184 m_ev=0.905 m_v_bias=-1.0 m_adv_std=69.2614 m_kl_max=0.0183 m_ratio_max=0.772 w_ax@goal=+0.50 w_v@goal=3.83 return=842.6 length=91 success_rate=1.00 collisions/ep=3.17 (n=23)
update=124 global_step=253952 SPS=831 w_ev=0.197 m_ev=0.913 m_v_bias=-14.0 m_adv_std=65.5451 m_kl_max=0.0089 m_ratio_max=0.446 w_ax@goal=+0.55 w_v@goal=3.85 return=872.8 length=91 success_rate=1.00 collisions/ep=2.57 (n=21)
update=125 global_step=256000 SPS=834 w_ev=0.106 m_ev=0.886 m_v_bias=22.6 m_adv_std=81.1414 m_kl_max=0.0089 m_ratio_max=0.750 w_ax@goal=+0.35 w_v@goal=4.01 return=830.9 length=94 success_rate=1.00 collisions/ep=3.36 (n=22)
Evaluation at update 125: return=767.08, length=77.25, success_rate=1.00, collisions/ep=4.90
Solved-check at update 125: solved=False worst_gap=450.84 at p_x0=0.00 p_y0=0.50 (consecutive=0)
update=126 global_step=258048 SPS=826 w_ev=0.145 m_ev=0.868 m_v_bias=-3.0 m_adv_std=89.1778 m_kl_max=0.0439 m_ratio_max=2.216 w_ax@goal=+0.42 w_v@goal=3.94 return=780.8 length=92 success_rate=1.00 collisions/ep=4.42 (n=24)
update=127 global_step=260096 SPS=828 w_ev=0.127 m_ev=0.910 m_v_bias=-15.6 m_adv_std=66.3335 m_kl_max=0.0230 m_ratio_max=0.847 w_ax@goal=+0.39 w_v@goal=3.84 return=835.8 length=92 success_rate=1.00 collisions/ep=3.30 (n=20)
update=128 global_step=262144 SPS=831 w_ev=0.099 m_ev=0.904 m_v_bias=-8.3 m_adv_std=68.1449 m_kl_max=0.0088 m_ratio_max=0.496 w_ax@goal=+0.24 w_v@goal=4.08 return=877.6 length=94 success_rate=1.00 collisions/ep=2.39 (n=23)
update=129 global_step=264192 SPS=833 w_ev=0.079 m_ev=0.950 m_v_bias=-6.1 m_adv_std=45.7420 m_kl_max=0.0071 m_ratio_max=0.350 w_ax@goal=+0.51 w_v@goal=3.94 return=907.7 length=94 success_rate=1.00 collisions/ep=1.80 (n=20)
update=130 global_step=266240 SPS=836 w_ev=0.134 m_ev=0.888 m_v_bias=15.3 m_adv_std=74.4431 m_kl_max=0.0092 m_ratio_max=0.782 w_ax@goal=+0.58 w_v@goal=3.82 return=825.0 length=94 success_rate=1.00 collisions/ep=3.41 (n=22)
Evaluation at update 130: return=862.28, length=87.05, success_rate=1.00, collisions/ep=2.80
Solved-check at update 130: solved=False worst_gap=264.00 at p_x0=0.00 p_y0=-0.50 (consecutive=0)
update=131 global_step=268288 SPS=827 w_ev=0.145 m_ev=0.866 m_v_bias=22.1 m_adv_std=91.4684 m_kl_max=0.0087 m_ratio_max=0.577 w_ax@goal=+0.42 w_v@goal=3.86 return=848.9 length=96 success_rate=1.00 collisions/ep=2.95 (n=22)
update=132 global_step=270336 SPS=829 w_ev=0.152 m_ev=0.908 m_v_bias=-7.1 m_adv_std=67.6805 m_kl_max=0.0110 m_ratio_max=0.722 w_ax@goal=+0.32 w_v@goal=3.87 return=821.9 length=100 success_rate=1.00 collisions/ep=3.40 (n=20)
update=133 global_step=272384 SPS=832 w_ev=0.142 m_ev=0.913 m_v_bias=6.9 m_adv_std=71.9774 m_kl_max=0.0112 m_ratio_max=0.572 w_ax@goal=+0.33 w_v@goal=3.92 return=852.9 length=97 success_rate=1.00 collisions/ep=2.83 (n=23)
update=134 global_step=274432 SPS=835 w_ev=0.081 m_ev=0.906 m_v_bias=-21.6 m_adv_std=65.1863 m_kl_max=0.0109 m_ratio_max=0.541 w_ax@goal=+0.38 w_v@goal=3.80 return=873.4 length=93 success_rate=1.00 collisions/ep=2.48 (n=21)
update=135 global_step=276480 SPS=837 w_ev=0.143 m_ev=0.908 m_v_bias=-7.4 m_adv_std=65.4724 m_kl_max=0.0191 m_ratio_max=1.008 w_ax@goal=+0.48 w_v@goal=3.79 return=897.9 length=94 success_rate=1.00 collisions/ep=2.05 (n=20)
Evaluation at update 135: return=961.02, length=78.40, success_rate=1.00, collisions/ep=1.00
Solved-check at update 135: solved=False worst_gap=200.46 at p_x0=2.00 p_y0=-1.00 (consecutive=0)
update=136 global_step=278528 SPS=830 w_ev=0.092 m_ev=0.849 m_v_bias=22.2 m_adv_std=93.5831 m_kl_max=0.0358 m_ratio_max=1.517 w_ax@goal=+0.57 w_v@goal=3.99 return=817.9 length=94 success_rate=1.00 collisions/ep=3.59 (n=22)
update=137 global_step=280576 SPS=832 w_ev=0.181 m_ev=0.913 m_v_bias=-29.1 m_adv_std=64.0182 m_kl_max=0.0314 m_ratio_max=0.730 w_ax@goal=+0.75 w_v@goal=3.96 return=871.6 length=89 success_rate=1.00 collisions/ep=2.62 (n=24)
update=138 global_step=282624 SPS=834 w_ev=0.176 m_ev=0.910 m_v_bias=-20.5 m_adv_std=64.6492 m_kl_max=0.0159 m_ratio_max=0.529 w_ax@goal=+0.75 w_v@goal=3.87 return=928.7 length=88 success_rate=1.00 collisions/ep=1.50 (n=24)
update=139 global_step=284672 SPS=837 w_ev=0.163 m_ev=0.908 m_v_bias=15.3 m_adv_std=66.6973 m_kl_max=0.0235 m_ratio_max=0.781 w_ax@goal=+0.74 w_v@goal=3.80 return=853.0 length=93 success_rate=1.00 collisions/ep=3.00 (n=22)
update=140 global_step=286720 SPS=839 w_ev=0.134 m_ev=0.916 m_v_bias=-6.9 m_adv_std=61.1205 m_kl_max=0.0056 m_ratio_max=0.340 w_ax@goal=+0.72 w_v@goal=3.84 return=891.1 length=90 success_rate=1.00 collisions/ep=2.22 (n=23)
Evaluation at update 140: return=962.07, length=77.25, success_rate=1.00, collisions/ep=1.00
Solved-check at update 140: solved=False worst_gap=99.85 at p_x0=2.00 p_y0=-1.00 (consecutive=0)
update=141 global_step=288768 SPS=831 w_ev=0.160 m_ev=0.930 m_v_bias=-21.8 m_adv_std=53.0596 m_kl_max=0.0141 m_ratio_max=0.673 w_ax@goal=+0.62 w_v@goal=3.90 return=945.4 length=86 success_rate=1.00 collisions/ep=1.21 (n=24)
update=142 global_step=290816 SPS=834 w_ev=0.222 m_ev=0.898 m_v_bias=6.6 m_adv_std=65.0258 m_kl_max=0.0194 m_ratio_max=0.570 w_ax@goal=+0.56 w_v@goal=3.95 return=877.2 length=88 success_rate=1.00 collisions/ep=2.59 (n=22)
update=143 global_step=292864 SPS=836 w_ev=0.163 m_ev=0.877 m_v_bias=8.4 m_adv_std=73.1781 m_kl_max=0.0090 m_ratio_max=0.490 w_ax@goal=+0.72 w_v@goal=3.93 return=905.7 length=87 success_rate=1.00 collisions/ep=2.04 (n=25)
update=144 global_step=294912 SPS=839 w_ev=0.192 m_ev=0.921 m_v_bias=-2.6 m_adv_std=57.5931 m_kl_max=0.0217 m_ratio_max=1.085 w_ax@goal=+0.99 w_v@goal=3.97 return=890.2 length=84 success_rate=1.00 collisions/ep=2.42 (n=24)
update=145 global_step=296960 SPS=841 w_ev=0.237 m_ev=0.915 m_v_bias=-3.4 m_adv_std=63.5590 m_kl_max=0.0103 m_ratio_max=0.468 w_ax@goal=+0.70 w_v@goal=3.90 return=886.0 length=85 success_rate=1.00 collisions/ep=2.46 (n=24)
Evaluation at update 145: return=979.62, length=77.20, success_rate=1.00, collisions/ep=0.65
Solved-check at update 145: solved=False worst_gap=500.68 at p_x0=0.50 p_y0=-1.00 (consecutive=0)
update=146 global_step=299008 SPS=834 w_ev=0.277 m_ev=0.855 m_v_bias=-1.2 m_adv_std=79.1822 m_kl_max=0.0033 m_ratio_max=0.270 w_ax@goal=+0.91 w_v@goal=3.84 return=869.7 length=82 success_rate=1.00 collisions/ep=2.88 (n=24)
update=147 global_step=301056 SPS=836 w_ev=0.298 m_ev=0.848 m_v_bias=15.1 m_adv_std=86.7425 m_kl_max=0.0157 m_ratio_max=0.696 w_ax@goal=+0.91 w_v@goal=3.85 return=864.8 length=83 success_rate=1.00 collisions/ep=2.92 (n=25)
update=148 global_step=303104 SPS=838 w_ev=0.342 m_ev=0.909 m_v_bias=-10.9 m_adv_std=69.1632 m_kl_max=0.0332 m_ratio_max=1.463 w_ax@goal=+1.01 w_v@goal=3.86 return=801.9 length=82 success_rate=1.00 collisions/ep=4.24 (n=25)
update=149 global_step=305152 SPS=840 w_ev=0.222 m_ev=0.881 m_v_bias=-7.8 m_adv_std=70.3532 m_kl_max=0.0152 m_ratio_max=0.603 w_ax@goal=+1.24 w_v@goal=3.85 return=885.5 length=80 success_rate=1.00 collisions/ep=2.54 (n=26)
update=150 global_step=307200 SPS=842 w_ev=0.302 m_ev=0.870 m_v_bias=2.2 m_adv_std=78.7224 m_kl_max=0.0062 m_ratio_max=0.452 w_ax@goal=+1.22 w_v@goal=3.77 return=858.5 length=81 success_rate=1.00 collisions/ep=3.17 (n=24)
Evaluation at update 150: return=932.41, length=77.00, success_rate=1.00, collisions/ep=1.60
Solved-check at update 150: solved=False worst_gap=500.00 at p_x0=2.00 p_y0=-1.00 (consecutive=0)
update=151 global_step=309248 SPS=835 w_ev=0.207 m_ev=0.858 m_v_bias=-2.6 m_adv_std=82.6798 m_kl_max=0.0127 m_ratio_max=0.548 w_ax@goal=+1.30 w_v@goal=3.91 return=869.8 length=79 success_rate=1.00 collisions/ep=2.93 (n=28)
update=152 global_step=311296 SPS=837 w_ev=0.209 m_ev=0.926 m_v_bias=2.5 m_adv_std=59.2873 m_kl_max=0.0079 m_ratio_max=0.462 w_ax@goal=+1.15 w_v@goal=3.81 return=860.5 length=81 success_rate=1.00 collisions/ep=3.00 (n=25)
update=153 global_step=313344 SPS=839 w_ev=0.256 m_ev=0.889 m_v_bias=6.8 m_adv_std=66.8290 m_kl_max=0.0156 m_ratio_max=0.651 w_ax@goal=+1.19 w_v@goal=3.94 return=862.5 length=82 success_rate=1.00 collisions/ep=3.04 (n=26)
update=154 global_step=315392 SPS=842 w_ev=0.284 m_ev=0.904 m_v_bias=-3.3 m_adv_std=64.8714 m_kl_max=0.0147 m_ratio_max=0.564 w_ax@goal=+1.25 w_v@goal=3.89 return=884.1 length=82 success_rate=1.00 collisions/ep=2.62 (n=24)
update=155 global_step=317440 SPS=843 w_ev=0.364 m_ev=0.907 m_v_bias=-5.6 m_adv_std=58.8559 m_kl_max=0.0116 m_ratio_max=0.648 w_ax@goal=+1.17 w_v@goal=3.82 return=874.1 length=81 success_rate=1.00 collisions/ep=2.80 (n=25)
Evaluation at update 155: return=952.14, length=77.25, success_rate=1.00, collisions/ep=1.20
Solved-check at update 155: solved=False worst_gap=100.76 at p_x0=0.50 p_y0=-1.00 (consecutive=0)
update=156 global_step=319488 SPS=836 w_ev=0.394 m_ev=0.954 m_v_bias=-8.8 m_adv_std=41.6277 m_kl_max=0.0075 m_ratio_max=0.855 w_ax@goal=+1.19 w_v@goal=3.90 return=914.7 length=81 success_rate=1.00 collisions/ep=1.92 (n=25)
update=157 global_step=321536 SPS=839 w_ev=0.300 m_ev=0.936 m_v_bias=16.0 m_adv_std=51.6126 m_kl_max=0.0161 m_ratio_max=0.741 w_ax@goal=+0.95 w_v@goal=3.95 return=871.5 length=80 success_rate=1.00 collisions/ep=2.81 (n=26)
update=158 global_step=323584 SPS=841 w_ev=0.360 m_ev=0.933 m_v_bias=-2.9 m_adv_std=56.5226 m_kl_max=0.0100 m_ratio_max=0.417 w_ax@goal=+1.28 w_v@goal=3.85 return=866.3 length=81 success_rate=1.00 collisions/ep=2.92 (n=25)
update=159 global_step=325632 SPS=843 w_ev=0.217 m_ev=0.922 m_v_bias=-0.0 m_adv_std=56.0451 m_kl_max=0.0099 m_ratio_max=0.604 w_ax@goal=+1.27 w_v@goal=3.87 return=857.7 length=80 success_rate=1.00 collisions/ep=3.08 (n=25)
update=160 global_step=327680 SPS=845 w_ev=0.288 m_ev=0.865 m_v_bias=7.4 m_adv_std=80.8413 m_kl_max=0.0080 m_ratio_max=0.481 w_ax@goal=+1.10 w_v@goal=3.97 return=851.8 length=80 success_rate=1.00 collisions/ep=3.26 (n=27)
Evaluation at update 160: return=946.88, length=77.55, success_rate=1.00, collisions/ep=1.30
Solved-check at update 160: solved=False worst_gap=350.42 at p_x0=2.00 p_y0=0.00 (consecutive=0)
update=161 global_step=329728 SPS=838 w_ev=0.331 m_ev=0.919 m_v_bias=-0.3 m_adv_std=59.6560 m_kl_max=0.0096 m_ratio_max=0.665 w_ax@goal=+1.06 w_v@goal=3.86 return=844.5 length=83 success_rate=1.00 collisions/ep=3.60 (n=25)
update=162 global_step=331776 SPS=840 w_ev=0.241 m_ev=0.903 m_v_bias=-1.4 m_adv_std=63.1415 m_kl_max=0.0099 m_ratio_max=0.608 w_ax@goal=+1.23 w_v@goal=4.08 return=859.9 length=81 success_rate=1.00 collisions/ep=3.04 (n=25)
update=163 global_step=333824 SPS=842 w_ev=0.215 m_ev=0.862 m_v_bias=10.4 m_adv_std=79.9020 m_kl_max=0.0116 m_ratio_max=0.798 w_ax@goal=+1.00 w_v@goal=3.99 return=811.8 length=81 success_rate=1.00 collisions/ep=4.00 (n=24)
update=164 global_step=335872 SPS=844 w_ev=0.266 m_ev=0.909 m_v_bias=2.9 m_adv_std=68.3195 m_kl_max=0.0324 m_ratio_max=0.812 w_ax@goal=+1.09 w_v@goal=3.94 return=864.6 length=81 success_rate=1.00 collisions/ep=3.00 (n=25)
update=165 global_step=337920 SPS=847 w_ev=0.315 m_ev=0.881 m_v_bias=-13.3 m_adv_std=69.8760 m_kl_max=0.0061 m_ratio_max=0.302 w_ax@goal=+1.08 w_v@goal=3.87 return=791.7 length=81 success_rate=1.00 collisions/ep=4.42 (n=26)
Evaluation at update 165: return=899.25, length=77.60, success_rate=1.00, collisions/ep=3.05
Solved-check at update 165: solved=False worst_gap=450.78 at p_x0=1.50 p_y0=0.00 (consecutive=0)
update=166 global_step=339968 SPS=839 w_ev=0.283 m_ev=0.881 m_v_bias=28.7 m_adv_std=74.9851 m_kl_max=0.0248 m_ratio_max=1.339 w_ax@goal=+1.13 w_v@goal=3.82 return=795.9 length=81 success_rate=1.00 collisions/ep=4.48 (n=25)
update=167 global_step=342016 SPS=841 w_ev=0.304 m_ev=0.890 m_v_bias=-8.0 m_adv_std=75.6851 m_kl_max=0.0127 m_ratio_max=0.581 w_ax@goal=+0.89 w_v@goal=3.99 return=820.8 length=80 success_rate=1.00 collisions/ep=3.89 (n=27)
update=168 global_step=344064 SPS=843 w_ev=0.269 m_ev=0.913 m_v_bias=-2.5 m_adv_std=62.1646 m_kl_max=0.0093 m_ratio_max=0.400 w_ax@goal=+0.98 w_v@goal=4.02 return=827.2 length=82 success_rate=1.00 collisions/ep=3.76 (n=25)
update=169 global_step=346112 SPS=845 w_ev=0.333 m_ev=0.925 m_v_bias=-15.3 m_adv_std=58.3275 m_kl_max=0.0144 m_ratio_max=0.802 w_ax@goal=+0.86 w_v@goal=3.85 return=866.1 length=83 success_rate=1.00 collisions/ep=2.96 (n=24)
update=170 global_step=348160 SPS=847 w_ev=0.258 m_ev=0.911 m_v_bias=16.9 m_adv_std=63.6061 m_kl_max=0.0285 m_ratio_max=1.524 w_ax@goal=+1.11 w_v@goal=3.95 return=794.8 length=84 success_rate=1.00 collisions/ep=4.46 (n=24)
Evaluation at update 170: return=939.39, length=77.55, success_rate=1.00, collisions/ep=1.45
Solved-check at update 170: solved=False worst_gap=101.06 at p_x0=0.00 p_y0=-1.00 (consecutive=0)
update=171 global_step=350208 SPS=840 w_ev=0.338 m_ev=0.899 m_v_bias=-7.2 m_adv_std=69.4409 m_kl_max=0.0129 m_ratio_max=0.556 w_ax@goal=+1.11 w_v@goal=3.96 return=850.8 length=83 success_rate=1.00 collisions/ep=3.35 (n=23)
update=172 global_step=352256 SPS=842 w_ev=0.351 m_ev=0.896 m_v_bias=21.3 m_adv_std=72.2926 m_kl_max=0.0104 m_ratio_max=0.932 w_ax@goal=+1.16 w_v@goal=3.94 return=790.0 length=84 success_rate=1.00 collisions/ep=4.50 (n=24)
update=173 global_step=354304 SPS=844 w_ev=0.413 m_ev=0.915 m_v_bias=-9.4 m_adv_std=66.8512 m_kl_max=0.0155 m_ratio_max=1.134 w_ax@goal=+0.90 w_v@goal=3.88 return=790.4 length=84 success_rate=1.00 collisions/ep=4.52 (n=25)
update=174 global_step=356352 SPS=845 w_ev=0.443 m_ev=0.950 m_v_bias=-8.4 m_adv_std=46.2900 m_kl_max=0.0104 m_ratio_max=0.763 w_ax@goal=+0.88 w_v@goal=3.73 return=822.0 length=84 success_rate=1.00 collisions/ep=3.80 (n=25)
update=175 global_step=358400 SPS=847 w_ev=0.346 m_ev=0.934 m_v_bias=-6.4 m_adv_std=51.3435 m_kl_max=0.0330 m_ratio_max=1.763 w_ax@goal=+1.00 w_v@goal=3.70 return=856.4 length=82 success_rate=1.00 collisions/ep=3.15 (n=26)
Evaluation at update 175: return=939.15, length=77.60, success_rate=1.00, collisions/ep=1.45
Solved-check at update 175: solved=False worst_gap=101.34 at p_x0=0.00 p_y0=-1.00 (consecutive=0)
update=176 global_step=360448 SPS=841 w_ev=0.355 m_ev=0.897 m_v_bias=10.8 m_adv_std=71.6313 m_kl_max=0.0112 m_ratio_max=0.696 w_ax@goal=+0.82 w_v@goal=3.80 return=818.9 length=85 success_rate=1.00 collisions/ep=3.80 (n=25)
update=177 global_step=362496 SPS=843 w_ev=0.368 m_ev=0.923 m_v_bias=3.7 m_adv_std=58.9342 m_kl_max=0.0145 m_ratio_max=0.776 w_ax@goal=+0.75 w_v@goal=3.80 return=826.3 length=83 success_rate=1.00 collisions/ep=3.72 (n=25)
update=178 global_step=364544 SPS=845 w_ev=0.420 m_ev=0.850 m_v_bias=-1.0 m_adv_std=85.5501 m_kl_max=0.0133 m_ratio_max=0.604 w_ax@goal=+0.94 w_v@goal=3.66 return=810.4 length=85 success_rate=1.00 collisions/ep=4.13 (n=23)
update=179 global_step=366592 SPS=846 w_ev=0.298 m_ev=0.952 m_v_bias=-14.4 m_adv_std=45.8767 m_kl_max=0.0181 m_ratio_max=0.743 w_ax@goal=+0.88 w_v@goal=3.83 return=854.8 length=84 success_rate=1.00 collisions/ep=3.04 (n=23)
update=180 global_step=368640 SPS=847 w_ev=0.363 m_ev=0.906 m_v_bias=10.1 m_adv_std=65.1394 m_kl_max=0.0171 m_ratio_max=0.769 w_ax@goal=+0.86 w_v@goal=3.94 return=846.3 length=85 success_rate=1.00 collisions/ep=3.28 (n=25)
Evaluation at update 180: return=906.15, length=78.20, success_rate=1.00, collisions/ep=2.10
Solved-check at update 180: solved=False worst_gap=401.37 at p_x0=1.50 p_y0=1.00 (consecutive=0)
update=181 global_step=370688 SPS=842 w_ev=0.321 m_ev=0.925 m_v_bias=-1.5 m_adv_std=59.9353 m_kl_max=0.0078 m_ratio_max=0.470 w_ax@goal=+0.61 w_v@goal=3.86 return=823.6 length=84 success_rate=1.00 collisions/ep=3.67 (n=24)
update=182 global_step=372736 SPS=843 w_ev=0.309 m_ev=0.933 m_v_bias=-8.7 m_adv_std=56.2861 m_kl_max=0.0082 m_ratio_max=0.399 w_ax@goal=+0.76 w_v@goal=3.97 return=833.4 length=85 success_rate=1.00 collisions/ep=3.56 (n=25)
update=183 global_step=374784 SPS=845 w_ev=0.235 m_ev=0.923 m_v_bias=9.7 m_adv_std=59.8434 m_kl_max=0.0223 m_ratio_max=0.731 w_ax@goal=+0.97 w_v@goal=4.01 return=834.1 length=86 success_rate=1.00 collisions/ep=3.54 (n=24)
update=184 global_step=376832 SPS=847 w_ev=0.287 m_ev=0.866 m_v_bias=15.5 m_adv_std=83.2637 m_kl_max=0.0139 m_ratio_max=0.982 w_ax@goal=+0.62 w_v@goal=3.90 return=760.4 length=86 success_rate=1.00 collisions/ep=4.96 (n=23)
update=185 global_step=378880 SPS=849 w_ev=0.409 m_ev=0.898 m_v_bias=3.6 m_adv_std=72.9144 m_kl_max=0.0163 m_ratio_max=1.008 w_ax@goal=+1.00 w_v@goal=3.64 return=793.4 length=86 success_rate=1.00 collisions/ep=4.42 (n=24)
Evaluation at update 185: return=939.18, length=77.80, success_rate=1.00, collisions/ep=1.45
Solved-check at update 185: solved=False worst_gap=101.11 at p_x0=0.00 p_y0=-1.00 (consecutive=0)
update=186 global_step=380928 SPS=843 w_ev=0.315 m_ev=0.904 m_v_bias=-19.2 m_adv_std=67.6788 m_kl_max=0.0027 m_ratio_max=0.561 w_ax@goal=+0.63 w_v@goal=3.91 return=865.9 length=85 success_rate=1.00 collisions/ep=2.83 (n=24)
update=187 global_step=382976 SPS=845 w_ev=0.263 m_ev=0.926 m_v_bias=8.0 m_adv_std=56.4284 m_kl_max=0.0121 m_ratio_max=0.611 w_ax@goal=+0.91 w_v@goal=3.92 return=811.8 length=83 success_rate=1.00 collisions/ep=3.92 (n=24)
update=188 global_step=385024 SPS=846 w_ev=0.285 m_ev=0.904 m_v_bias=0.1 m_adv_std=66.5998 m_kl_max=0.0181 m_ratio_max=0.783 w_ax@goal=+0.88 w_v@goal=3.79 return=849.0 length=87 success_rate=1.00 collisions/ep=3.17 (n=24)
update=189 global_step=387072 SPS=848 w_ev=0.271 m_ev=0.879 m_v_bias=6.6 m_adv_std=79.9664 m_kl_max=0.0037 m_ratio_max=0.310 w_ax@goal=+0.76 w_v@goal=3.76 return=804.2 length=84 success_rate=1.00 collisions/ep=4.12 (n=24)
update=190 global_step=389120 SPS=850 w_ev=0.260 m_ev=0.907 m_v_bias=-8.8 m_adv_std=68.7789 m_kl_max=0.0078 m_ratio_max=0.383 w_ax@goal=+0.75 w_v@goal=3.82 return=787.9 length=86 success_rate=1.00 collisions/ep=4.46 (n=24)
Evaluation at update 190: return=936.75, length=77.60, success_rate=1.00, collisions/ep=1.50
Solved-check at update 190: solved=False worst_gap=101.18 at p_x0=0.00 p_y0=-1.00 (consecutive=0)
update=191 global_step=391168 SPS=844 w_ev=0.317 m_ev=0.895 m_v_bias=1.4 m_adv_std=72.4340 m_kl_max=0.0204 m_ratio_max=0.783 w_ax@goal=+0.81 w_v@goal=3.69 return=781.2 length=85 success_rate=1.00 collisions/ep=4.67 (n=24)
update=192 global_step=393216 SPS=846 w_ev=0.302 m_ev=0.952 m_v_bias=-8.6 m_adv_std=45.1192 m_kl_max=0.0075 m_ratio_max=0.686 w_ax@goal=+0.64 w_v@goal=3.76 return=860.6 length=87 success_rate=1.00 collisions/ep=2.92 (n=24)
update=193 global_step=395264 SPS=848 w_ev=0.336 m_ev=0.905 m_v_bias=-8.3 m_adv_std=68.6622 m_kl_max=0.0125 m_ratio_max=0.995 w_ax@goal=+0.82 w_v@goal=3.78 return=850.2 length=88 success_rate=1.00 collisions/ep=3.17 (n=24)
update=194 global_step=397312 SPS=850 w_ev=0.275 m_ev=0.921 m_v_bias=-3.3 m_adv_std=57.3342 m_kl_max=0.0195 m_ratio_max=0.614 w_ax@goal=+0.92 w_v@goal=3.71 return=853.3 length=83 success_rate=1.00 collisions/ep=3.17 (n=24)
update=195 global_step=399360 SPS=851 w_ev=0.252 m_ev=0.916 m_v_bias=3.8 m_adv_std=62.7196 m_kl_max=0.0148 m_ratio_max=0.527 w_ax@goal=+0.99 w_v@goal=3.87 return=818.0 length=85 success_rate=1.00 collisions/ep=3.83 (n=24)
Evaluation at update 195: return=944.31, length=77.60, success_rate=1.00, collisions/ep=1.35
Solved-check at update 195: solved=False worst_gap=101.11 at p_x0=0.00 p_y0=-1.00 (consecutive=0)
update=196 global_step=401408 SPS=846 w_ev=0.156 m_ev=0.919 m_v_bias=20.0 m_adv_std=62.5718 m_kl_max=0.0087 m_ratio_max=0.583 w_ax@goal=+0.91 w_v@goal=4.09 return=802.9 length=84 success_rate=1.00 collisions/ep=4.19 (n=26)
update=197 global_step=403456 SPS=847 w_ev=0.165 m_ev=0.934 m_v_bias=-14.9 m_adv_std=52.7652 m_kl_max=0.0189 m_ratio_max=0.888 w_ax@goal=+0.94 w_v@goal=4.05 return=837.9 length=83 success_rate=1.00 collisions/ep=3.50 (n=24)
update=198 global_step=405504 SPS=849 w_ev=0.270 m_ev=0.888 m_v_bias=7.2 m_adv_std=74.2226 m_kl_max=0.0234 m_ratio_max=0.836 w_ax@goal=+0.94 w_v@goal=3.98 return=827.9 length=84 success_rate=1.00 collisions/ep=3.64 (n=25)
update=199 global_step=407552 SPS=851 w_ev=0.304 m_ev=0.927 m_v_bias=-4.3 m_adv_std=57.7672 m_kl_max=0.0123 m_ratio_max=0.886 w_ax@goal=+0.82 w_v@goal=4.04 return=833.4 length=84 success_rate=1.00 collisions/ep=3.54 (n=24)
update=200 global_step=409600 SPS=852 w_ev=0.285 m_ev=0.869 m_v_bias=7.8 m_adv_std=78.2392 m_kl_max=0.0053 m_ratio_max=0.354 w_ax@goal=+0.84 w_v@goal=3.92 return=817.7 length=85 success_rate=1.00 collisions/ep=3.92 (n=24)
Evaluation at update 200: return=936.53, length=77.95, success_rate=1.00, collisions/ep=1.50
Solved-check at update 200: solved=False worst_gap=101.43 at p_x0=0.00 p_y0=-1.00 (consecutive=0)
update=201 global_step=411648 SPS=847 w_ev=0.346 m_ev=0.938 m_v_bias=-5.0 m_adv_std=52.6864 m_kl_max=0.0161 m_ratio_max=0.555 w_ax@goal=+0.92 w_v@goal=3.78 return=838.7 length=82 success_rate=1.00 collisions/ep=3.46 (n=24)
update=202 global_step=413696 SPS=849 w_ev=0.298 m_ev=0.874 m_v_bias=14.5 m_adv_std=79.8327 m_kl_max=0.0087 m_ratio_max=0.470 w_ax@goal=+0.99 w_v@goal=3.80 return=841.2 length=86 success_rate=1.00 collisions/ep=3.36 (n=22)
update=203 global_step=415744 SPS=850 w_ev=0.095 m_ev=0.915 m_v_bias=0.1 m_adv_std=61.4265 m_kl_max=0.0135 m_ratio_max=0.504 w_ax@goal=+0.80 w_v@goal=4.27 return=836.9 length=83 success_rate=1.00 collisions/ep=3.40 (n=25)
update=204 global_step=417792 SPS=852 w_ev=0.287 m_ev=0.945 m_v_bias=0.5 m_adv_std=53.5005 m_kl_max=0.0132 m_ratio_max=0.660 w_ax@goal=+0.59 w_v@goal=4.00 return=813.9 length=86 success_rate=1.00 collisions/ep=3.85 (n=26)
update=205 global_step=419840 SPS=854 w_ev=0.235 m_ev=0.918 m_v_bias=-11.5 m_adv_std=58.5097 m_kl_max=0.0269 m_ratio_max=0.647 w_ax@goal=+0.91 w_v@goal=3.91 return=841.8 length=88 success_rate=1.00 collisions/ep=3.48 (n=23)
Evaluation at update 205: return=936.51, length=77.95, success_rate=1.00, collisions/ep=1.50
Solved-check at update 205: solved=False worst_gap=101.46 at p_x0=0.00 p_y0=-1.00 (consecutive=0)
update=206 global_step=421888 SPS=848 w_ev=0.297 m_ev=0.899 m_v_bias=5.9 m_adv_std=71.7007 m_kl_max=0.0083 m_ratio_max=0.429 w_ax@goal=+0.95 w_v@goal=3.85 return=821.1 length=85 success_rate=1.00 collisions/ep=3.74 (n=23)
update=207 global_step=423936 SPS=850 w_ev=0.212 m_ev=0.907 m_v_bias=9.1 m_adv_std=73.2062 m_kl_max=0.0150 m_ratio_max=0.550 w_ax@goal=+0.55 w_v@goal=4.20 return=806.8 length=85 success_rate=1.00 collisions/ep=3.96 (n=25)
update=208 global_step=425984 SPS=852 w_ev=0.317 m_ev=0.942 m_v_bias=-13.4 m_adv_std=53.5427 m_kl_max=0.0157 m_ratio_max=0.474 w_ax@goal=+0.74 w_v@goal=3.97 return=825.4 length=84 success_rate=1.00 collisions/ep=3.71 (n=24)
update=209 global_step=428032 SPS=853 w_ev=0.258 m_ev=0.901 m_v_bias=-1.1 m_adv_std=72.9236 m_kl_max=0.0119 m_ratio_max=0.704 w_ax@goal=+1.07 w_v@goal=4.01 return=801.5 length=85 success_rate=1.00 collisions/ep=4.28 (n=25)
update=210 global_step=430080 SPS=855 w_ev=0.325 m_ev=0.850 m_v_bias=11.5 m_adv_std=93.5075 m_kl_max=0.0114 m_ratio_max=0.569 w_ax@goal=+0.87 w_v@goal=3.82 return=786.9 length=85 success_rate=1.00 collisions/ep=4.48 (n=25)
Evaluation at update 210: return=949.14, length=77.90, success_rate=1.00, collisions/ep=1.25
Solved-check at update 210: solved=False worst_gap=101.22 at p_x0=0.00 p_y0=-1.00 (consecutive=0)
update=211 global_step=432128 SPS=850 w_ev=0.209 m_ev=0.931 m_v_bias=-28.8 m_adv_std=55.8557 m_kl_max=0.0140 m_ratio_max=0.753 w_ax@goal=+0.48 w_v@goal=3.85 return=874.0 length=85 success_rate=1.00 collisions/ep=2.77 (n=22)
update=212 global_step=434176 SPS=852 w_ev=0.330 m_ev=0.898 m_v_bias=20.0 m_adv_std=69.7018 m_kl_max=0.0176 m_ratio_max=0.845 w_ax@goal=+0.96 w_v@goal=3.82 return=828.6 length=88 success_rate=1.00 collisions/ep=3.60 (n=25)
update=213 global_step=436224 SPS=853 w_ev=0.306 m_ev=0.900 m_v_bias=6.8 m_adv_std=66.7692 m_kl_max=0.0205 m_ratio_max=0.821 w_ax@goal=+0.79 w_v@goal=3.57 return=804.0 length=86 success_rate=1.00 collisions/ep=4.17 (n=24)
update=214 global_step=438272 SPS=855 w_ev=0.243 m_ev=0.852 m_v_bias=19.1 m_adv_std=83.5448 m_kl_max=0.0254 m_ratio_max=0.952 w_ax@goal=+0.81 w_v@goal=3.75 return=783.9 length=87 success_rate=1.00 collisions/ep=4.68 (n=22)
update=215 global_step=440320 SPS=856 w_ev=0.238 m_ev=0.903 m_v_bias=-12.1 m_adv_std=71.1535 m_kl_max=0.0102 m_ratio_max=0.923 w_ax@goal=+0.64 w_v@goal=3.90 return=814.9 length=87 success_rate=1.00 collisions/ep=3.83 (n=23)
Evaluation at update 215: return=935.74, length=78.65, success_rate=1.00, collisions/ep=1.50
Solved-check at update 215: solved=False worst_gap=102.06 at p_x0=0.50 p_y0=0.00 (consecutive=0)
update=216 global_step=442368 SPS=851 w_ev=0.288 m_ev=0.874 m_v_bias=-1.8 m_adv_std=80.9869 m_kl_max=0.0154 m_ratio_max=0.574 w_ax@goal=+0.54 w_v@goal=3.96 return=831.4 length=87 success_rate=1.00 collisions/ep=3.58 (n=24)
update=217 global_step=444416 SPS=852 w_ev=0.297 m_ev=0.908 m_v_bias=-1.3 m_adv_std=66.8674 m_kl_max=0.0163 m_ratio_max=0.675 w_ax@goal=+0.79 w_v@goal=3.89 return=799.4 length=84 success_rate=1.00 collisions/ep=4.26 (n=23)
update=218 global_step=446464 SPS=853 w_ev=0.171 m_ev=0.891 m_v_bias=6.1 m_adv_std=74.6971 m_kl_max=0.0174 m_ratio_max=0.522 w_ax@goal=+0.71 w_v@goal=4.15 return=806.2 length=86 success_rate=1.00 collisions/ep=4.04 (n=25)
update=219 global_step=448512 SPS=855 w_ev=0.289 m_ev=0.935 m_v_bias=-2.0 m_adv_std=60.4647 m_kl_max=0.0075 m_ratio_max=0.348 w_ax@goal=+0.72 w_v@goal=4.08 return=808.3 length=84 success_rate=1.00 collisions/ep=3.96 (n=25)
update=220 global_step=450560 SPS=856 w_ev=0.163 m_ev=0.909 m_v_bias=-6.6 m_adv_std=65.9485 m_kl_max=0.0178 m_ratio_max=0.816 w_ax@goal=+1.00 w_v@goal=4.17 return=816.6 length=84 success_rate=1.00 collisions/ep=3.88 (n=25)
Evaluation at update 220: return=934.46, length=77.45, success_rate=1.00, collisions/ep=1.55
Solved-check at update 220: solved=False worst_gap=100.92 at p_x0=0.50 p_y0=0.00 (consecutive=0)
update=221 global_step=452608 SPS=851 w_ev=0.303 m_ev=0.949 m_v_bias=-13.9 m_adv_std=47.5616 m_kl_max=0.0082 m_ratio_max=0.499 w_ax@goal=+1.12 w_v@goal=3.97 return=844.1 length=85 success_rate=1.00 collisions/ep=3.29 (n=24)
update=222 global_step=454656 SPS=852 w_ev=0.359 m_ev=0.875 m_v_bias=10.1 m_adv_std=83.0440 m_kl_max=0.0122 m_ratio_max=0.675 w_ax@goal=+0.94 w_v@goal=3.83 return=801.7 length=84 success_rate=1.00 collisions/ep=4.17 (n=24)
update=223 global_step=456704 SPS=854 w_ev=0.368 m_ev=0.920 m_v_bias=6.7 m_adv_std=63.5048 m_kl_max=0.0179 m_ratio_max=1.234 w_ax@goal=+1.18 w_v@goal=3.67 return=803.8 length=83 success_rate=1.00 collisions/ep=4.25 (n=24)
update=224 global_step=458752 SPS=855 w_ev=0.383 m_ev=0.899 m_v_bias=-13.6 m_adv_std=66.8232 m_kl_max=0.0237 m_ratio_max=0.656 w_ax@goal=+1.24 w_v@goal=3.83 return=823.8 length=85 success_rate=1.00 collisions/ep=3.75 (n=24)
update=225 global_step=460800 SPS=857 w_ev=0.310 m_ev=0.885 m_v_bias=8.9 m_adv_std=76.0705 m_kl_max=0.0200 m_ratio_max=0.680 w_ax@goal=+0.69 w_v@goal=3.97 return=811.4 length=86 success_rate=1.00 collisions/ep=3.92 (n=25)
Evaluation at update 225: return=922.00, length=77.45, success_rate=1.00, collisions/ep=1.80
Solved-check at update 225: solved=False worst_gap=401.30 at p_x0=0.00 p_y0=0.50 (consecutive=0)
update=226 global_step=462848 SPS=852 w_ev=0.218 m_ev=0.940 m_v_bias=-14.9 m_adv_std=51.0685 m_kl_max=0.0106 m_ratio_max=0.641 w_ax@goal=+0.96 w_v@goal=3.89 return=846.5 length=85 success_rate=1.00 collisions/ep=3.26 (n=23)
update=227 global_step=464896 SPS=853 w_ev=0.257 m_ev=0.920 m_v_bias=12.0 m_adv_std=63.3033 m_kl_max=0.0114 m_ratio_max=0.497 w_ax@goal=+1.00 w_v@goal=3.97 return=789.9 length=86 success_rate=1.00 collisions/ep=4.42 (n=24)
update=228 global_step=466944 SPS=855 w_ev=0.322 m_ev=0.942 m_v_bias=-0.2 m_adv_std=54.5860 m_kl_max=0.0080 m_ratio_max=0.480 w_ax@goal=+0.92 w_v@goal=3.84 return=822.3 length=86 success_rate=1.00 collisions/ep=3.71 (n=24)
update=229 global_step=468992 SPS=856 w_ev=0.286 m_ev=0.910 m_v_bias=-13.3 m_adv_std=62.5502 m_kl_max=0.0251 m_ratio_max=0.769 w_ax@goal=+0.99 w_v@goal=3.63 return=847.1 length=86 success_rate=1.00 collisions/ep=3.27 (n=22)
update=230 global_step=471040 SPS=857 w_ev=0.317 m_ev=0.896 m_v_bias=18.9 m_adv_std=75.3379 m_kl_max=0.0110 m_ratio_max=0.684 w_ax@goal=+0.88 w_v@goal=3.68 return=808.5 length=86 success_rate=1.00 collisions/ep=3.96 (n=26)
Evaluation at update 230: return=921.80, length=80.10, success_rate=1.00, collisions/ep=1.75
Solved-check at update 230: solved=False worst_gap=403.53 at p_x0=1.50 p_y0=1.00 (consecutive=0)
update=231 global_step=473088 SPS=852 w_ev=0.360 m_ev=0.929 m_v_bias=-16.0 m_adv_std=55.7722 m_kl_max=0.0066 m_ratio_max=0.365 w_ax@goal=+0.95 w_v@goal=3.76 return=815.2 length=87 success_rate=1.00 collisions/ep=3.92 (n=24)
update=232 global_step=475136 SPS=853 w_ev=0.331 m_ev=0.880 m_v_bias=29.0 m_adv_std=77.4179 m_kl_max=0.0113 m_ratio_max=0.445 w_ax@goal=+1.01 w_v@goal=3.61 return=776.7 length=87 success_rate=1.00 collisions/ep=4.60 (n=25)
update=233 global_step=477184 SPS=855 w_ev=0.433 m_ev=0.895 m_v_bias=14.6 m_adv_std=77.3773 m_kl_max=0.0205 m_ratio_max=0.618 w_ax@goal=+0.73 w_v@goal=3.57 return=742.3 length=89 success_rate=1.00 collisions/ep=5.30 (n=20)
update=234 global_step=479232 SPS=856 w_ev=0.261 m_ev=0.933 m_v_bias=-23.7 m_adv_std=59.8140 m_kl_max=0.0123 m_ratio_max=0.589 w_ax@goal=+0.87 w_v@goal=3.75 return=808.9 length=86 success_rate=1.00 collisions/ep=4.00 (n=24)
update=235 global_step=481280 SPS=858 w_ev=0.255 m_ev=0.878 m_v_bias=0.7 m_adv_std=78.5587 m_kl_max=0.0128 m_ratio_max=0.671 w_ax@goal=+0.69 w_v@goal=3.85 return=763.7 length=84 success_rate=1.00 collisions/ep=4.88 (n=25)
Evaluation at update 235: return=934.67, length=77.20, success_rate=1.00, collisions/ep=1.55
Solved-check at update 235: solved=False worst_gap=100.89 at p_x0=0.00 p_y0=1.00 (consecutive=0)
update=236 global_step=483328 SPS=853 w_ev=0.371 m_ev=0.932 m_v_bias=-15.0 m_adv_std=56.0635 m_kl_max=0.0166 m_ratio_max=0.512 w_ax@goal=+0.95 w_v@goal=3.66 return=848.9 length=85 success_rate=1.00 collisions/ep=3.25 (n=24)
update=237 global_step=485376 SPS=855 w_ev=0.361 m_ev=0.916 m_v_bias=0.7 m_adv_std=65.8015 m_kl_max=0.0161 m_ratio_max=1.143 w_ax@goal=+1.05 w_v@goal=3.69 return=800.2 length=84 success_rate=1.00 collisions/ep=4.33 (n=24)
update=238 global_step=487424 SPS=856 w_ev=0.393 m_ev=0.907 m_v_bias=4.2 m_adv_std=72.5048 m_kl_max=0.0128 m_ratio_max=0.422 w_ax@goal=+1.01 w_v@goal=3.58 return=816.5 length=83 success_rate=1.00 collisions/ep=3.84 (n=25)
update=239 global_step=489472 SPS=858 w_ev=0.280 m_ev=0.931 m_v_bias=-8.3 m_adv_std=57.2340 m_kl_max=0.0106 m_ratio_max=0.521 w_ax@goal=+0.80 w_v@goal=3.97 return=804.9 length=85 success_rate=1.00 collisions/ep=4.08 (n=24)
update=240 global_step=491520 SPS=859 w_ev=0.353 m_ev=0.877 m_v_bias=7.3 m_adv_std=81.4338 m_kl_max=0.0232 m_ratio_max=1.157 w_ax@goal=+0.96 w_v@goal=3.72 return=794.6 length=84 success_rate=1.00 collisions/ep=4.40 (n=25)
Evaluation at update 240: return=919.44, length=77.50, success_rate=1.00, collisions/ep=1.85
Solved-check at update 240: solved=False worst_gap=350.86 at p_x0=1.00 p_y0=1.00 (consecutive=0)
update=241 global_step=493568 SPS=854 w_ev=0.285 m_ev=0.908 m_v_bias=-6.2 m_adv_std=67.6140 m_kl_max=0.0125 m_ratio_max=0.957 w_ax@goal=+0.80 w_v@goal=3.89 return=800.6 length=85 success_rate=1.00 collisions/ep=4.21 (n=24)
update=242 global_step=495616 SPS=856 w_ev=0.302 m_ev=0.940 m_v_bias=-12.7 m_adv_std=52.8530 m_kl_max=0.0199 m_ratio_max=0.520 w_ax@goal=+0.90 w_v@goal=3.81 return=837.1 length=84 success_rate=1.00 collisions/ep=3.48 (n=25)
update=243 global_step=497664 SPS=858 w_ev=0.319 m_ev=0.941 m_v_bias=15.8 m_adv_std=53.6074 m_kl_max=0.0101 m_ratio_max=0.459 w_ax@goal=+1.12 w_v@goal=3.82 return=795.8 length=83 success_rate=1.00 collisions/ep=4.33 (n=24)
update=244 global_step=499712 SPS=859 w_ev=0.295 m_ev=0.941 m_v_bias=-9.0 m_adv_std=50.8551 m_kl_max=0.0207 m_ratio_max=0.619 w_ax@goal=+1.12 w_v@goal=3.77 return=811.1 length=83 success_rate=1.00 collisions/ep=4.04 (n=25)
update=245 global_step=501760 SPS=860 w_ev=0.317 m_ev=0.935 m_v_bias=-2.6 m_adv_std=54.9710 m_kl_max=0.0095 m_ratio_max=0.455 w_ax@goal=+1.02 w_v@goal=3.79 return=844.9 length=83 success_rate=1.00 collisions/ep=3.32 (n=25)
Evaluation at update 245: return=934.50, length=77.40, success_rate=1.00, collisions/ep=1.55
Solved-check at update 245: solved=False worst_gap=400.88 at p_x0=0.00 p_y0=0.50 (consecutive=0)
update=246 global_step=503808 SPS=855 w_ev=0.336 m_ev=0.909 m_v_bias=-3.0 m_adv_std=64.5018 m_kl_max=0.0102 m_ratio_max=0.596 w_ax@goal=+1.15 w_v@goal=3.84 return=808.7 length=83 success_rate=1.00 collisions/ep=4.17 (n=23)
update=247 global_step=505856 SPS=856 w_ev=0.375 m_ev=0.904 m_v_bias=16.1 m_adv_std=70.1009 m_kl_max=0.0192 m_ratio_max=0.728 w_ax@goal=+1.08 w_v@goal=3.81 return=791.2 length=84 success_rate=1.00 collisions/ep=4.33 (n=24)
update=248 global_step=507904 SPS=857 w_ev=0.287 m_ev=0.921 m_v_bias=-16.2 m_adv_std=61.3810 m_kl_max=0.0048 m_ratio_max=0.341 w_ax@goal=+1.07 w_v@goal=3.72 return=858.7 length=83 success_rate=1.00 collisions/ep=3.04 (n=26)
update=249 global_step=509952 SPS=859 w_ev=0.266 m_ev=0.899 m_v_bias=17.7 m_adv_std=70.0194 m_kl_max=0.0133 m_ratio_max=0.684 w_ax@goal=+0.96 w_v@goal=3.84 return=823.9 length=84 success_rate=1.00 collisions/ep=3.71 (n=24)
update=250 global_step=512000 SPS=860 w_ev=0.264 m_ev=0.917 m_v_bias=-4.3 m_adv_std=63.8696 m_kl_max=0.0170 m_ratio_max=0.567 w_ax@goal=+1.27 w_v@goal=3.84 return=803.1 length=85 success_rate=1.00 collisions/ep=4.29 (n=24)
Evaluation at update 250: return=869.57, length=77.30, success_rate=1.00, collisions/ep=2.85
Solved-check at update 250: solved=False worst_gap=400.82 at p_x0=0.00 p_y0=0.50 (consecutive=0)
update=251 global_step=514048 SPS=856 w_ev=0.234 m_ev=0.902 m_v_bias=0.2 m_adv_std=68.1387 m_kl_max=0.0120 m_ratio_max=0.810 w_ax@goal=+0.94 w_v@goal=3.98 return=801.7 length=84 success_rate=1.00 collisions/ep=4.12 (n=25)
update=252 global_step=516096 SPS=857 w_ev=0.190 m_ev=0.935 m_v_bias=-6.4 m_adv_std=55.9234 m_kl_max=0.0203 m_ratio_max=0.789 w_ax@goal=+1.13 w_v@goal=3.90 return=838.3 length=83 success_rate=1.00 collisions/ep=3.46 (n=26)
update=253 global_step=518144 SPS=858 w_ev=0.241 m_ev=0.888 m_v_bias=-14.3 m_adv_std=71.2270 m_kl_max=0.0171 m_ratio_max=0.626 w_ax@goal=+1.27 w_v@goal=3.83 return=865.1 length=82 success_rate=1.00 collisions/ep=2.96 (n=24)
update=254 global_step=520192 SPS=859 w_ev=0.262 m_ev=0.877 m_v_bias=13.2 m_adv_std=76.4093 m_kl_max=0.0083 m_ratio_max=0.445 w_ax@goal=+1.17 w_v@goal=3.89 return=808.4 length=84 success_rate=1.00 collisions/ep=4.04 (n=27)
update=255 global_step=522240 SPS=861 w_ev=0.269 m_ev=0.902 m_v_bias=35.3 m_adv_std=73.9237 m_kl_max=0.0092 m_ratio_max=0.394 w_ax@goal=+1.01 w_v@goal=3.76 return=764.2 length=82 success_rate=1.00 collisions/ep=4.96 (n=23)
Evaluation at update 255: return=931.90, length=77.60, success_rate=1.00, collisions/ep=1.60
Solved-check at update 255: solved=False worst_gap=150.91 at p_x0=1.00 p_y0=1.00 (consecutive=0)
update=256 global_step=524288 SPS=856 w_ev=0.326 m_ev=0.922 m_v_bias=-10.4 m_adv_std=64.1294 m_kl_max=0.0204 m_ratio_max=0.752 w_ax@goal=+1.07 w_v@goal=3.89 return=781.4 length=83 success_rate=1.00 collisions/ep=4.62 (n=24)
update=257 global_step=526336 SPS=858 w_ev=0.293 m_ev=0.887 m_v_bias=-0.3 m_adv_std=77.7351 m_kl_max=0.0397 m_ratio_max=0.903 w_ax@goal=+1.03 w_v@goal=4.03 return=771.3 length=86 success_rate=1.00 collisions/ep=4.71 (n=24)
update=258 global_step=528384 SPS=859 w_ev=0.226 m_ev=0.898 m_v_bias=6.1 m_adv_std=75.4453 m_kl_max=0.0128 m_ratio_max=0.540 w_ax@goal=+0.94 w_v@goal=3.91 return=811.5 length=87 success_rate=1.00 collisions/ep=3.88 (n=24)
update=259 global_step=530432 SPS=860 w_ev=0.231 m_ev=0.900 m_v_bias=-2.3 m_adv_std=75.5989 m_kl_max=0.0065 m_ratio_max=0.420 w_ax@goal=+0.92 w_v@goal=3.90 return=748.0 length=84 success_rate=1.00 collisions/ep=5.24 (n=25)
update=260 global_step=532480 SPS=861 w_ev=0.290 m_ev=0.937 m_v_bias=-17.3 m_adv_std=54.5563 m_kl_max=0.0156 m_ratio_max=0.995 w_ax@goal=+1.04 w_v@goal=3.81 return=808.2 length=84 success_rate=1.00 collisions/ep=4.22 (n=23)
Evaluation at update 260: return=939.41, length=77.50, success_rate=1.00, collisions/ep=1.45
Solved-check at update 260: solved=False worst_gap=400.98 at p_x0=0.00 p_y0=0.50 (consecutive=0)
update=261 global_step=534528 SPS=857 w_ev=0.183 m_ev=0.858 m_v_bias=9.3 m_adv_std=86.1725 m_kl_max=0.0112 m_ratio_max=0.556 w_ax@goal=+1.06 w_v@goal=3.72 return=766.8 length=83 success_rate=1.00 collisions/ep=4.88 (n=25)
update=262 global_step=536576 SPS=858 w_ev=0.214 m_ev=0.882 m_v_bias=-27.9 m_adv_std=76.0765 m_kl_max=0.0168 m_ratio_max=0.599 w_ax@goal=+0.93 w_v@goal=3.86 return=850.5 length=87 success_rate=1.00 collisions/ep=3.17 (n=24)
update=263 global_step=538624 SPS=860 w_ev=0.272 m_ev=0.883 m_v_bias=21.5 m_adv_std=74.5126 m_kl_max=0.0106 m_ratio_max=0.539 w_ax@goal=+1.21 w_v@goal=3.89 return=796.7 length=83 success_rate=1.00 collisions/ep=4.25 (n=24)
update=264 global_step=540672 SPS=861 w_ev=0.279 m_ev=0.859 m_v_bias=8.4 m_adv_std=84.6456 m_kl_max=0.0150 m_ratio_max=0.497 w_ax@goal=+1.11 w_v@goal=3.75 return=786.2 length=83 success_rate=1.00 collisions/ep=4.56 (n=25)
update=265 global_step=542720 SPS=862 w_ev=0.247 m_ev=0.892 m_v_bias=2.9 m_adv_std=74.1436 m_kl_max=0.0169 m_ratio_max=0.563 w_ax@goal=+1.12 w_v@goal=3.87 return=747.5 length=84 success_rate=1.00 collisions/ep=5.28 (n=25)
Evaluation at update 265: return=899.43, length=77.50, success_rate=1.00, collisions/ep=2.25
Solved-check at update 265: solved=False worst_gap=400.99 at p_x0=0.00 p_y0=1.00 (consecutive=0)
update=266 global_step=544768 SPS=858 w_ev=0.208 m_ev=0.922 m_v_bias=-19.4 m_adv_std=65.0549 m_kl_max=0.0113 m_ratio_max=0.478 w_ax@goal=+0.86 w_v@goal=3.77 return=825.6 length=82 success_rate=1.00 collisions/ep=3.64 (n=25)
update=267 global_step=546816 SPS=859 w_ev=0.266 m_ev=0.897 m_v_bias=17.4 m_adv_std=71.5027 m_kl_max=0.0086 m_ratio_max=0.493 w_ax@goal=+1.08 w_v@goal=3.97 return=758.8 length=86 success_rate=1.00 collisions/ep=5.12 (n=24)
update=268 global_step=548864 SPS=860 w_ev=0.231 m_ev=0.907 m_v_bias=-13.8 m_adv_std=65.9376 m_kl_max=0.0195 m_ratio_max=0.851 w_ax@goal=+1.17 w_v@goal=3.76 return=826.0 length=82 success_rate=1.00 collisions/ep=3.67 (n=24)
update=269 global_step=550912 SPS=861 w_ev=0.176 m_ev=0.905 m_v_bias=8.4 m_adv_std=68.7547 m_kl_max=0.0204 m_ratio_max=0.676 w_ax@goal=+0.89 w_v@goal=3.79 return=803.3 length=84 success_rate=1.00 collisions/ep=4.21 (n=24)
update=270 global_step=552960 SPS=862 w_ev=0.393 m_ev=0.923 m_v_bias=0.7 m_adv_std=64.4360 m_kl_max=0.0043 m_ratio_max=0.262 w_ax@goal=+1.12 w_v@goal=3.83 return=789.9 length=82 success_rate=1.00 collisions/ep=4.41 (n=27)
Evaluation at update 270: return=889.28, length=77.60, success_rate=1.00, collisions/ep=2.45
Solved-check at update 270: solved=False worst_gap=401.13 at p_x0=0.00 p_y0=0.50 (consecutive=0)
update=271 global_step=555008 SPS=857 w_ev=0.367 m_ev=0.914 m_v_bias=-8.2 m_adv_std=65.7647 m_kl_max=0.0071 m_ratio_max=0.711 w_ax@goal=+0.90 w_v@goal=3.70 return=820.9 length=82 success_rate=1.00 collisions/ep=3.83 (n=23)
update=272 global_step=557056 SPS=858 w_ev=0.277 m_ev=0.936 m_v_bias=-0.5 m_adv_std=57.3068 m_kl_max=0.0136 m_ratio_max=0.507 w_ax@goal=+0.94 w_v@goal=3.91 return=778.9 length=84 success_rate=1.00 collisions/ep=4.58 (n=24)
update=273 global_step=559104 SPS=860 w_ev=0.206 m_ev=0.853 m_v_bias=31.7 m_adv_std=86.3518 m_kl_max=0.0118 m_ratio_max=0.650 w_ax@goal=+1.17 w_v@goal=3.96 return=750.3 length=84 success_rate=1.00 collisions/ep=5.28 (n=25)
update=274 global_step=561152 SPS=861 w_ev=0.274 m_ev=0.925 m_v_bias=-26.3 m_adv_std=60.5046 m_kl_max=0.0108 m_ratio_max=1.076 w_ax@goal=+1.19 w_v@goal=3.91 return=815.6 length=82 success_rate=1.00 collisions/ep=3.96 (n=26)
update=275 global_step=563200 SPS=862 w_ev=0.202 m_ev=0.902 m_v_bias=16.0 m_adv_std=73.9910 m_kl_max=0.0142 m_ratio_max=0.670 w_ax@goal=+0.99 w_v@goal=3.98 return=780.6 length=84 success_rate=1.00 collisions/ep=4.57 (n=23)
Evaluation at update 275: return=909.06, length=77.75, success_rate=1.00, collisions/ep=2.05
Solved-check at update 275: solved=False worst_gap=101.47 at p_x0=0.00 p_y0=-1.00 (consecutive=0)
update=276 global_step=565248 SPS=857 w_ev=0.224 m_ev=0.890 m_v_bias=-18.4 m_adv_std=71.3331 m_kl_max=0.0392 m_ratio_max=1.417 w_ax@goal=+1.07 w_v@goal=3.94 return=813.4 length=83 success_rate=1.00 collisions/ep=4.00 (n=26)
update=277 global_step=567296 SPS=859 w_ev=0.282 m_ev=0.905 m_v_bias=9.9 m_adv_std=68.4676 m_kl_max=0.0154 m_ratio_max=1.011 w_ax@goal=+1.11 w_v@goal=3.78 return=792.2 length=82 success_rate=1.00 collisions/ep=4.42 (n=24)
update=278 global_step=569344 SPS=860 w_ev=0.268 m_ev=0.921 m_v_bias=-5.4 m_adv_std=65.9882 m_kl_max=0.0185 m_ratio_max=0.967 w_ax@goal=+0.99 w_v@goal=3.88 return=792.8 length=85 success_rate=1.00 collisions/ep=4.36 (n=25)
update=279 global_step=571392 SPS=861 w_ev=0.213 m_ev=0.935 m_v_bias=-3.4 m_adv_std=56.8004 m_kl_max=0.0230 m_ratio_max=0.611 w_ax@goal=+1.01 w_v@goal=3.87 return=789.9 length=84 success_rate=1.00 collisions/ep=4.54 (n=24)
update=280 global_step=573440 SPS=862 w_ev=0.209 m_ev=0.897 m_v_bias=4.7 m_adv_std=69.2325 m_kl_max=0.0265 m_ratio_max=0.848 w_ax@goal=+1.10 w_v@goal=3.96 return=793.7 length=82 success_rate=1.00 collisions/ep=4.38 (n=24)
Evaluation at update 280: return=918.77, length=78.20, success_rate=1.00, collisions/ep=1.85
Solved-check at update 280: solved=False worst_gap=201.35 at p_x0=1.50 p_y0=-1.00 (consecutive=0)
update=281 global_step=575488 SPS=857 w_ev=0.229 m_ev=0.910 m_v_bias=2.9 m_adv_std=65.3438 m_kl_max=0.0102 m_ratio_max=0.631 w_ax@goal=+1.02 w_v@goal=4.02 return=794.6 length=81 success_rate=1.00 collisions/ep=4.44 (n=27)
update=282 global_step=577536 SPS=859 w_ev=0.240 m_ev=0.894 m_v_bias=-1.3 m_adv_std=68.8977 m_kl_max=0.0083 m_ratio_max=0.793 w_ax@goal=+1.22 w_v@goal=3.64 return=822.5 length=83 success_rate=1.00 collisions/ep=3.88 (n=24)
update=283 global_step=579584 SPS=860 w_ev=0.198 m_ev=0.904 m_v_bias=-6.0 m_adv_std=70.7941 m_kl_max=0.0109 m_ratio_max=0.540 w_ax@goal=+1.21 w_v@goal=3.91 return=804.7 length=83 success_rate=1.00 collisions/ep=4.21 (n=24)
update=284 global_step=581632 SPS=861 w_ev=0.162 m_ev=0.908 m_v_bias=-11.5 m_adv_std=61.8932 m_kl_max=0.0174 m_ratio_max=0.659 w_ax@goal=+0.93 w_v@goal=4.06 return=820.7 length=81 success_rate=1.00 collisions/ep=3.84 (n=25)
update=285 global_step=583680 SPS=862 w_ev=0.215 m_ev=0.902 m_v_bias=6.0 m_adv_std=67.2272 m_kl_max=0.0097 m_ratio_max=0.711 w_ax@goal=+1.15 w_v@goal=3.75 return=812.7 length=84 success_rate=1.00 collisions/ep=3.96 (n=24)
Evaluation at update 285: return=913.70, length=78.30, success_rate=1.00, collisions/ep=1.95
Solved-check at update 285: solved=False worst_gap=451.48 at p_x0=1.50 p_y0=-1.00 (consecutive=0)
update=286 global_step=585728 SPS=858 w_ev=0.247 m_ev=0.910 m_v_bias=-2.8 m_adv_std=66.3691 m_kl_max=0.0126 m_ratio_max=1.093 w_ax@goal=+1.21 w_v@goal=3.82 return=817.2 length=82 success_rate=1.00 collisions/ep=3.88 (n=24)
update=287 global_step=587776 SPS=860 w_ev=0.261 m_ev=0.910 m_v_bias=-2.1 m_adv_std=64.1770 m_kl_max=0.0341 m_ratio_max=1.636 w_ax@goal=+1.03 w_v@goal=3.91 return=818.9 length=83 success_rate=1.00 collisions/ep=3.92 (n=26)
update=288 global_step=589824 SPS=861 w_ev=0.174 m_ev=0.891 m_v_bias=3.6 m_adv_std=67.1887 m_kl_max=0.0127 m_ratio_max=0.518 w_ax@goal=+1.14 w_v@goal=3.86 return=815.6 length=82 success_rate=1.00 collisions/ep=4.12 (n=25)
update=289 global_step=591872 SPS=862 w_ev=0.096 m_ev=0.894 m_v_bias=16.8 m_adv_std=75.5794 m_kl_max=0.0255 m_ratio_max=1.682 w_ax@goal=+1.01 w_v@goal=4.16 return=800.4 length=82 success_rate=1.00 collisions/ep=4.24 (n=25)
update=290 global_step=593920 SPS=863 w_ev=0.252 m_ev=0.904 m_v_bias=-4.6 m_adv_std=70.2784 m_kl_max=0.0074 m_ratio_max=0.466 w_ax@goal=+1.17 w_v@goal=3.66 return=806.1 length=81 success_rate=1.00 collisions/ep=4.19 (n=26)
Evaluation at update 290: return=916.53, length=77.75, success_rate=1.00, collisions/ep=1.90
Solved-check at update 290: solved=False worst_gap=101.54 at p_x0=0.00 p_y0=-1.00 (consecutive=0)
update=291 global_step=595968 SPS=859 w_ev=0.146 m_ev=0.902 m_v_bias=7.1 m_adv_std=66.7575 m_kl_max=0.0097 m_ratio_max=0.443 w_ax@goal=+1.27 w_v@goal=4.06 return=798.5 length=80 success_rate=1.00 collisions/ep=4.40 (n=25)
update=292 global_step=598016 SPS=860 w_ev=0.240 m_ev=0.901 m_v_bias=11.0 m_adv_std=68.0775 m_kl_max=0.0147 m_ratio_max=0.896 w_ax@goal=+1.18 w_v@goal=3.91 return=787.5 length=81 success_rate=1.00 collisions/ep=4.58 (n=24)
update=293 global_step=600064 SPS=861 w_ev=0.183 m_ev=0.943 m_v_bias=-34.2 m_adv_std=49.1586 m_kl_max=0.0107 m_ratio_max=0.633 w_ax@goal=+1.19 w_v@goal=3.86 return=857.6 length=84 success_rate=1.00 collisions/ep=3.08 (n=26)
update=294 global_step=602112 SPS=862 w_ev=0.322 m_ev=0.880 m_v_bias=38.0 m_adv_std=83.4477 m_kl_max=0.0132 m_ratio_max=0.471 w_ax@goal=+0.98 w_v@goal=3.83 return=751.9 length=82 success_rate=1.00 collisions/ep=5.20 (n=25)
update=295 global_step=604160 SPS=863 w_ev=0.222 m_ev=0.874 m_v_bias=1.5 m_adv_std=79.9535 m_kl_max=0.0243 m_ratio_max=0.867 w_ax@goal=+1.16 w_v@goal=3.92 return=778.8 length=82 success_rate=1.00 collisions/ep=4.79 (n=24)
Evaluation at update 295: return=915.97, length=78.50, success_rate=1.00, collisions/ep=1.90
Solved-check at update 295: solved=False worst_gap=401.48 at p_x0=1.50 p_y0=0.50 (consecutive=0)
update=296 global_step=606208 SPS=859 w_ev=0.077 m_ev=0.868 m_v_bias=4.7 m_adv_std=78.8878 m_kl_max=0.0206 m_ratio_max=1.339 w_ax@goal=+0.93 w_v@goal=4.00 return=761.0 length=83 success_rate=1.00 collisions/ep=5.16 (n=25)
update=297 global_step=608256 SPS=860 w_ev=0.138 m_ev=0.918 m_v_bias=-7.2 m_adv_std=65.1653 m_kl_max=0.0076 m_ratio_max=0.557 w_ax@goal=+0.97 w_v@goal=4.04 return=787.3 length=83 success_rate=1.00 collisions/ep=4.56 (n=25)
update=298 global_step=610304 SPS=861 w_ev=0.183 m_ev=0.913 m_v_bias=7.0 m_adv_std=69.0640 m_kl_max=0.0067 m_ratio_max=0.429 w_ax@goal=+0.97 w_v@goal=3.92 return=783.6 length=82 success_rate=1.00 collisions/ep=4.64 (n=25)
update=299 global_step=612352 SPS=862 w_ev=0.257 m_ev=0.914 m_v_bias=-3.2 m_adv_std=67.7450 m_kl_max=0.0138 m_ratio_max=0.556 w_ax@goal=+1.03 w_v@goal=3.93 return=787.5 length=81 success_rate=1.00 collisions/ep=4.52 (n=25)
update=300 global_step=614400 SPS=864 w_ev=0.162 m_ev=0.929 m_v_bias=-17.5 m_adv_std=58.1532 m_kl_max=0.0129 m_ratio_max=0.410 w_ax@goal=+1.04 w_v@goal=4.00 return=805.5 length=81 success_rate=1.00 collisions/ep=4.16 (n=25)
Evaluation at update 300: return=836.26, length=78.30, success_rate=1.00, collisions/ep=3.50
Solved-check at update 300: solved=False worst_gap=401.59 at p_x0=0.00 p_y0=1.00 (consecutive=0)
update=301 global_step=616448 SPS=860 w_ev=0.212 m_ev=0.921 m_v_bias=-0.5 m_adv_std=61.2864 m_kl_max=0.0158 m_ratio_max=0.578 w_ax@goal=+1.10 w_v@goal=3.91 return=825.2 length=84 success_rate=1.00 collisions/ep=3.79 (n=24)
update=302 global_step=618496 SPS=861 w_ev=0.244 m_ev=0.903 m_v_bias=-3.1 m_adv_std=68.0334 m_kl_max=0.0052 m_ratio_max=0.403 w_ax@goal=+1.04 w_v@goal=3.96 return=807.5 length=81 success_rate=1.00 collisions/ep=4.15 (n=26)
update=303 global_step=620544 SPS=862 w_ev=0.300 m_ev=0.921 m_v_bias=-6.3 m_adv_std=63.5934 m_kl_max=0.0131 m_ratio_max=0.833 w_ax@goal=+0.98 w_v@goal=3.76 return=851.5 length=82 success_rate=1.00 collisions/ep=3.24 (n=25)
update=304 global_step=622592 SPS=863 w_ev=0.273 m_ev=0.911 m_v_bias=3.0 m_adv_std=66.5526 m_kl_max=0.0128 m_ratio_max=0.902 w_ax@goal=+1.34 w_v@goal=4.01 return=769.9 length=82 success_rate=1.00 collisions/ep=4.92 (n=25)
update=305 global_step=624640 SPS=864 w_ev=0.318 m_ev=0.938 m_v_bias=-5.1 m_adv_std=55.6804 m_kl_max=0.0101 m_ratio_max=0.610 w_ax@goal=+1.01 w_v@goal=3.82 return=832.7 length=84 success_rate=1.00 collisions/ep=3.56 (n=25)
Evaluation at update 305: return=665.92, length=78.50, success_rate=1.00, collisions/ep=6.90
Solved-check at update 305: solved=False worst_gap=452.21 at p_x0=0.50 p_y0=-1.00 (consecutive=0)
update=306 global_step=626688 SPS=860 w_ev=0.196 m_ev=0.947 m_v_bias=0.6 m_adv_std=51.0783 m_kl_max=0.0088 m_ratio_max=0.412 w_ax@goal=+0.86 w_v@goal=3.93 return=812.4 length=81 success_rate=1.00 collisions/ep=3.96 (n=26)
update=307 global_step=628736 SPS=862 w_ev=0.304 m_ev=0.910 m_v_bias=11.3 m_adv_std=68.6673 m_kl_max=0.0110 m_ratio_max=0.549 w_ax@goal=+1.00 w_v@goal=3.62 return=767.6 length=81 success_rate=1.00 collisions/ep=4.96 (n=24)
update=308 global_step=630784 SPS=863 w_ev=0.263 m_ev=0.946 m_v_bias=-6.1 m_adv_std=48.8688 m_kl_max=0.0220 m_ratio_max=1.108 w_ax@goal=+0.99 w_v@goal=3.81 return=815.4 length=83 success_rate=1.00 collisions/ep=4.08 (n=24)
update=309 global_step=632832 SPS=864 w_ev=0.302 m_ev=0.906 m_v_bias=11.2 m_adv_std=70.5892 m_kl_max=0.0190 m_ratio_max=1.289 w_ax@goal=+1.15 w_v@goal=3.67 return=771.6 length=84 success_rate=1.00 collisions/ep=4.79 (n=24)
update=310 global_step=634880 SPS=865 w_ev=0.268 m_ev=0.897 m_v_bias=6.7 m_adv_std=73.0742 m_kl_max=0.0161 m_ratio_max=0.925 w_ax@goal=+1.08 w_v@goal=3.65 return=772.5 length=83 success_rate=1.00 collisions/ep=4.76 (n=25)
Evaluation at update 310: return=580.58, length=78.95, success_rate=1.00, collisions/ep=8.60
Solved-check at update 310: solved=False worst_gap=503.00 at p_x0=0.50 p_y0=-0.50 (consecutive=0)
update=311 global_step=636928 SPS=861 w_ev=0.299 m_ev=0.933 m_v_bias=3.0 m_adv_std=59.0676 m_kl_max=0.0168 m_ratio_max=0.627 w_ax@goal=+0.89 w_v@goal=3.78 return=775.2 length=84 success_rate=1.00 collisions/ep=4.70 (n=23)
update=312 global_step=638976 SPS=862 w_ev=0.221 m_ev=0.935 m_v_bias=-10.7 m_adv_std=59.3323 m_kl_max=0.0085 m_ratio_max=0.392 w_ax@goal=+1.05 w_v@goal=3.74 return=798.5 length=83 success_rate=1.00 collisions/ep=4.23 (n=26)
update=313 global_step=641024 SPS=863 w_ev=0.236 m_ev=0.933 m_v_bias=-4.3 m_adv_std=60.2309 m_kl_max=0.0042 m_ratio_max=0.291 w_ax@goal=+0.87 w_v@goal=3.66 return=788.7 length=83 success_rate=1.00 collisions/ep=4.56 (n=25)
update=314 global_step=643072 SPS=864 w_ev=0.218 m_ev=0.896 m_v_bias=7.3 m_adv_std=72.9106 m_kl_max=0.0164 m_ratio_max=0.673 w_ax@goal=+1.02 w_v@goal=3.84 return=815.1 length=85 success_rate=1.00 collisions/ep=3.84 (n=25)
update=315 global_step=645120 SPS=865 w_ev=0.254 m_ev=0.915 m_v_bias=-8.6 m_adv_std=63.8111 m_kl_max=0.0151 m_ratio_max=0.575 w_ax@goal=+0.91 w_v@goal=3.70 return=839.1 length=84 success_rate=1.00 collisions/ep=3.42 (n=24)
Evaluation at update 315: return=572.99, length=78.95, success_rate=1.00, collisions/ep=8.75
Solved-check at update 315: solved=False worst_gap=503.01 at p_x0=1.00 p_y0=-0.50 (consecutive=0)
update=316 global_step=647168 SPS=861 w_ev=0.264 m_ev=0.889 m_v_bias=40.8 m_adv_std=84.5246 m_kl_max=0.0228 m_ratio_max=1.091 w_ax@goal=+0.97 w_v@goal=3.69 return=747.2 length=87 success_rate=1.00 collisions/ep=5.26 (n=23)
update=317 global_step=649216 SPS=862 w_ev=0.226 m_ev=0.929 m_v_bias=-16.1 m_adv_std=64.2781 m_kl_max=0.0083 m_ratio_max=0.464 w_ax@goal=+0.75 w_v@goal=3.83 return=784.7 length=88 success_rate=1.00 collisions/ep=4.43 (n=23)
update=318 global_step=651264 SPS=863 w_ev=0.280 m_ev=0.908 m_v_bias=1.6 m_adv_std=70.7490 m_kl_max=0.0118 m_ratio_max=0.464 w_ax@goal=+0.63 w_v@goal=3.64 return=769.8 length=88 success_rate=1.00 collisions/ep=4.78 (n=23)
update=319 global_step=653312 SPS=864 w_ev=0.244 m_ev=0.903 m_v_bias=16.1 m_adv_std=77.5646 m_kl_max=0.0190 m_ratio_max=0.896 w_ax@goal=+0.62 w_v@goal=3.81 return=747.0 length=88 success_rate=1.00 collisions/ep=5.16 (n=25)
update=320 global_step=655360 SPS=865 w_ev=0.180 m_ev=0.906 m_v_bias=-25.5 m_adv_std=67.9791 m_kl_max=0.0070 m_ratio_max=0.401 w_ax@goal=+0.78 w_v@goal=3.74 return=795.7 length=85 success_rate=1.00 collisions/ep=4.32 (n=22)
Evaluation at update 320: return=670.59, length=78.70, success_rate=1.00, collisions/ep=6.80
Solved-check at update 320: solved=False worst_gap=502.97 at p_x0=0.50 p_y0=-1.00 (consecutive=0)
update=321 global_step=657408 SPS=862 w_ev=0.288 m_ev=0.944 m_v_bias=-3.8 m_adv_std=52.9961 m_kl_max=0.0090 m_ratio_max=0.712 w_ax@goal=+0.65 w_v@goal=3.74 return=831.0 length=87 success_rate=1.00 collisions/ep=3.54 (n=24)
update=322 global_step=659456 SPS=863 w_ev=0.352 m_ev=0.919 m_v_bias=10.3 m_adv_std=66.3356 m_kl_max=0.0051 m_ratio_max=0.317 w_ax@goal=+0.82 w_v@goal=3.68 return=786.3 length=86 success_rate=1.00 collisions/ep=4.48 (n=23)
update=323 global_step=661504 SPS=864 w_ev=0.278 m_ev=0.925 m_v_bias=-11.4 m_adv_std=62.4176 m_kl_max=0.0145 m_ratio_max=0.714 w_ax@goal=+0.78 w_v@goal=3.65 return=817.7 length=85 success_rate=1.00 collisions/ep=3.84 (n=25)
update=324 global_step=663552 SPS=865 w_ev=0.194 m_ev=0.897 m_v_bias=-2.4 m_adv_std=69.6343 m_kl_max=0.0191 m_ratio_max=0.631 w_ax@goal=+0.92 w_v@goal=3.70 return=814.2 length=83 success_rate=1.00 collisions/ep=3.96 (n=25)
update=325 global_step=665600 SPS=866 w_ev=0.272 m_ev=0.924 m_v_bias=-0.4 m_adv_std=59.5658 m_kl_max=0.0132 m_ratio_max=0.515 w_ax@goal=+0.75 w_v@goal=3.61 return=832.3 length=83 success_rate=1.00 collisions/ep=3.60 (n=25)
Evaluation at update 325: return=718.68, length=78.15, success_rate=1.00, collisions/ep=5.85
Solved-check at update 325: solved=False worst_gap=452.43 at p_x0=0.50 p_y0=-1.00 (consecutive=0)
update=326 global_step=667648 SPS=862 w_ev=0.251 m_ev=0.905 m_v_bias=3.0 m_adv_std=69.0812 m_kl_max=0.0108 m_ratio_max=0.590 w_ax@goal=+1.04 w_v@goal=3.81 return=802.1 length=81 success_rate=1.00 collisions/ep=4.20 (n=25)
update=327 global_step=669696 SPS=863 w_ev=0.293 m_ev=0.907 m_v_bias=20.7 m_adv_std=74.7603 m_kl_max=0.0161 m_ratio_max=1.037 w_ax@goal=+0.95 w_v@goal=3.71 return=770.7 length=83 success_rate=1.00 collisions/ep=4.72 (n=25)
update=328 global_step=671744 SPS=864 w_ev=0.325 m_ev=0.879 m_v_bias=2.4 m_adv_std=86.2572 m_kl_max=0.0305 m_ratio_max=0.801 w_ax@goal=+1.06 w_v@goal=3.57 return=727.2 length=86 success_rate=1.00 collisions/ep=5.74 (n=23)
update=329 global_step=673792 SPS=865 w_ev=0.277 m_ev=0.901 m_v_bias=-11.6 m_adv_std=72.8632 m_kl_max=0.0093 m_ratio_max=0.418 w_ax@goal=+1.01 w_v@goal=3.70 return=818.4 length=84 success_rate=1.00 collisions/ep=3.88 (n=24)
update=330 global_step=675840 SPS=866 w_ev=0.269 m_ev=0.935 m_v_bias=-15.5 m_adv_std=53.3171 m_kl_max=0.0166 m_ratio_max=0.470 w_ax@goal=+0.84 w_v@goal=3.66 return=842.5 length=84 success_rate=1.00 collisions/ep=3.28 (n=25)
Evaluation at update 330: return=718.53, length=78.25, success_rate=1.00, collisions/ep=5.85
Solved-check at update 330: solved=False worst_gap=502.71 at p_x0=0.50 p_y0=-0.50 (consecutive=0)
update=331 global_step=677888 SPS=862 w_ev=0.318 m_ev=0.922 m_v_bias=0.9 m_adv_std=63.9128 m_kl_max=0.0162 m_ratio_max=1.280 w_ax@goal=+0.96 w_v@goal=3.70 return=827.1 length=85 success_rate=1.00 collisions/ep=3.58 (n=24)
update=332 global_step=679936 SPS=863 w_ev=0.194 m_ev=0.919 m_v_bias=12.6 m_adv_std=64.2939 m_kl_max=0.0106 m_ratio_max=0.500 w_ax@goal=+0.84 w_v@goal=3.99 return=767.5 length=86 success_rate=1.00 collisions/ep=4.77 (n=22)
update=333 global_step=681984 SPS=864 w_ev=0.249 m_ev=0.912 m_v_bias=10.7 m_adv_std=73.9725 m_kl_max=0.0077 m_ratio_max=0.480 w_ax@goal=+0.93 w_v@goal=3.96 return=785.5 length=84 success_rate=1.00 collisions/ep=4.52 (n=27)
update=334 global_step=684032 SPS=865 w_ev=0.213 m_ev=0.898 m_v_bias=13.5 m_adv_std=77.4739 m_kl_max=0.0233 m_ratio_max=2.039 w_ax@goal=+0.95 w_v@goal=3.96 return=767.4 length=85 success_rate=1.00 collisions/ep=4.87 (n=23)
update=335 global_step=686080 SPS=866 w_ev=0.156 m_ev=0.891 m_v_bias=5.1 m_adv_std=76.6171 m_kl_max=0.0107 m_ratio_max=0.701 w_ax@goal=+0.75 w_v@goal=3.97 return=786.4 length=84 success_rate=1.00 collisions/ep=4.44 (n=25)
Evaluation at update 335: return=906.20, length=78.35, success_rate=1.00, collisions/ep=2.10
Solved-check at update 335: solved=False worst_gap=401.63 at p_x0=0.00 p_y0=0.50 (consecutive=0)
update=336 global_step=688128 SPS=863 w_ev=0.205 m_ev=0.859 m_v_bias=4.8 m_adv_std=92.2121 m_kl_max=0.0064 m_ratio_max=0.594 w_ax@goal=+0.84 w_v@goal=3.99 return=735.1 length=86 success_rate=1.00 collisions/ep=5.52 (n=25)
update=337 global_step=690176 SPS=864 w_ev=0.173 m_ev=0.919 m_v_bias=-29.2 m_adv_std=63.9992 m_kl_max=0.0102 m_ratio_max=0.564 w_ax@goal=+0.73 w_v@goal=4.00 return=848.3 length=83 success_rate=1.00 collisions/ep=3.17 (n=24)
update=338 global_step=692224 SPS=865 w_ev=0.230 m_ev=0.918 m_v_bias=1.3 m_adv_std=62.8295 m_kl_max=0.0155 m_ratio_max=0.777 w_ax@goal=+0.78 w_v@goal=3.90 return=799.5 length=86 success_rate=1.00 collisions/ep=4.12 (n=24)
update=339 global_step=694272 SPS=866 w_ev=0.216 m_ev=0.890 m_v_bias=19.9 m_adv_std=80.3042 m_kl_max=0.0056 m_ratio_max=0.373 w_ax@goal=+0.83 w_v@goal=3.86 return=786.3 length=85 success_rate=1.00 collisions/ep=4.44 (n=25)
update=340 global_step=696320 SPS=867 w_ev=0.233 m_ev=0.899 m_v_bias=-7.9 m_adv_std=70.3911 m_kl_max=0.0042 m_ratio_max=0.315 w_ax@goal=+0.72 w_v@goal=3.85 return=842.2 length=84 success_rate=1.00 collisions/ep=3.35 (n=23)
Evaluation at update 340: return=891.30, length=78.35, success_rate=1.00, collisions/ep=2.40
Solved-check at update 340: solved=False worst_gap=401.63 at p_x0=0.00 p_y0=0.50 (consecutive=0)
update=341 global_step=698368 SPS=863 w_ev=0.162 m_ev=0.918 m_v_bias=-1.7 m_adv_std=64.0991 m_kl_max=0.0080 m_ratio_max=0.521 w_ax@goal=+0.88 w_v@goal=4.00 return=804.9 length=84 success_rate=1.00 collisions/ep=4.12 (n=25)
update=342 global_step=700416 SPS=864 w_ev=0.140 m_ev=0.886 m_v_bias=15.5 m_adv_std=81.1162 m_kl_max=0.0263 m_ratio_max=0.925 w_ax@goal=+0.88 w_v@goal=3.90 return=795.4 length=85 success_rate=1.00 collisions/ep=4.25 (n=24)
update=343 global_step=702464 SPS=865 w_ev=0.121 m_ev=0.881 m_v_bias=10.0 m_adv_std=86.5877 m_kl_max=0.0199 m_ratio_max=0.539 w_ax@goal=+0.70 w_v@goal=3.82 return=761.4 length=86 success_rate=1.00 collisions/ep=5.04 (n=24)
update=344 global_step=704512 SPS=866 w_ev=0.189 m_ev=0.898 m_v_bias=-4.9 m_adv_std=78.8362 m_kl_max=0.0137 m_ratio_max=0.518 w_ax@goal=+0.76 w_v@goal=3.76 return=768.5 length=86 success_rate=1.00 collisions/ep=4.75 (n=24)
update=345 global_step=706560 SPS=867 w_ev=0.139 m_ev=0.925 m_v_bias=-19.8 m_adv_std=62.8079 m_kl_max=0.0289 m_ratio_max=1.715 w_ax@goal=+0.64 w_v@goal=3.86 return=823.4 length=87 success_rate=1.00 collisions/ep=3.71 (n=24)
Evaluation at update 345: return=898.53, length=78.45, success_rate=1.00, collisions/ep=2.25
Solved-check at update 345: solved=False worst_gap=251.21 at p_x0=1.50 p_y0=1.00 (consecutive=0)
update=346 global_step=708608 SPS=863 w_ev=0.150 m_ev=0.900 m_v_bias=20.1 m_adv_std=75.5081 m_kl_max=0.0099 m_ratio_max=0.592 w_ax@goal=+0.67 w_v@goal=3.91 return=743.5 length=87 success_rate=1.00 collisions/ep=5.50 (n=24)
update=347 global_step=710656 SPS=865 w_ev=0.184 m_ev=0.900 m_v_bias=-15.0 m_adv_std=74.6634 m_kl_max=0.0095 m_ratio_max=0.700 w_ax@goal=+0.85 w_v@goal=3.84 return=807.8 length=85 success_rate=1.00 collisions/ep=4.17 (n=24)
update=348 global_step=712704 SPS=866 w_ev=0.190 m_ev=0.901 m_v_bias=4.2 m_adv_std=74.6740 m_kl_max=0.0165 m_ratio_max=0.843 w_ax@goal=+0.83 w_v@goal=4.02 return=749.4 length=84 success_rate=1.00 collisions/ep=5.22 (n=23)
update=349 global_step=714752 SPS=866 w_ev=0.176 m_ev=0.908 m_v_bias=-5.5 m_adv_std=68.1910 m_kl_max=0.0127 m_ratio_max=0.532 w_ax@goal=+0.66 w_v@goal=3.99 return=813.4 length=86 success_rate=1.00 collisions/ep=3.88 (n=24)
update=350 global_step=716800 SPS=867 w_ev=0.125 m_ev=0.913 m_v_bias=-5.8 m_adv_std=63.2847 m_kl_max=0.0099 m_ratio_max=0.525 w_ax@goal=+0.81 w_v@goal=3.97 return=841.7 length=84 success_rate=1.00 collisions/ep=3.46 (n=24)
Evaluation at update 350: return=821.21, length=78.25, success_rate=1.00, collisions/ep=3.80
Solved-check at update 350: solved=False worst_gap=501.81 at p_x0=0.00 p_y0=0.00 (consecutive=0)
update=351 global_step=718848 SPS=864 w_ev=0.178 m_ev=0.906 m_v_bias=-9.7 m_adv_std=68.3963 m_kl_max=0.0058 m_ratio_max=0.359 w_ax@goal=+0.87 w_v@goal=4.09 return=833.9 length=85 success_rate=1.00 collisions/ep=3.58 (n=24)
update=352 global_step=720896 SPS=865 w_ev=0.223 m_ev=0.943 m_v_bias=-2.5 m_adv_std=52.3475 m_kl_max=0.0157 m_ratio_max=0.505 w_ax@goal=+0.80 w_v@goal=4.02 return=833.2 length=83 success_rate=1.00 collisions/ep=3.75 (n=24)
update=353 global_step=722944 SPS=866 w_ev=0.171 m_ev=0.934 m_v_bias=11.8 m_adv_std=61.7607 m_kl_max=0.0130 m_ratio_max=0.543 w_ax@goal=+0.75 w_v@goal=4.06 return=816.0 length=83 success_rate=1.00 collisions/ep=3.88 (n=24)
update=354 global_step=724992 SPS=867 w_ev=0.226 m_ev=0.905 m_v_bias=-7.1 m_adv_std=69.6766 m_kl_max=0.0366 m_ratio_max=0.863 w_ax@goal=+0.82 w_v@goal=4.14 return=777.2 length=83 success_rate=1.00 collisions/ep=4.62 (n=26)
update=355 global_step=727040 SPS=868 w_ev=0.281 m_ev=0.894 m_v_bias=16.1 m_adv_std=79.2090 m_kl_max=0.0299 m_ratio_max=0.605 w_ax@goal=+1.02 w_v@goal=3.84 return=773.1 length=83 success_rate=1.00 collisions/ep=4.71 (n=24)
Evaluation at update 355: return=723.87, length=77.95, success_rate=1.00, collisions/ep=5.75
Solved-check at update 355: solved=False worst_gap=502.68 at p_x0=0.00 p_y0=-1.00 (consecutive=0)
update=356 global_step=729088 SPS=864 w_ev=0.199 m_ev=0.902 m_v_bias=-20.8 m_adv_std=66.6493 m_kl_max=0.0119 m_ratio_max=0.645 w_ax@goal=+1.04 w_v@goal=4.01 return=828.6 length=81 success_rate=1.00 collisions/ep=3.60 (n=25)
update=357 global_step=731136 SPS=865 w_ev=0.120 m_ev=0.877 m_v_bias=4.2 m_adv_std=74.1507 m_kl_max=0.0149 m_ratio_max=1.235 w_ax@goal=+1.01 w_v@goal=4.22 return=830.7 length=85 success_rate=1.00 collisions/ep=3.64 (n=25)
update=358 global_step=733184 SPS=866 w_ev=0.091 m_ev=0.904 m_v_bias=0.6 m_adv_std=69.7337 m_kl_max=0.0086 m_ratio_max=0.551 w_ax@goal=+0.78 w_v@goal=4.32 return=801.9 length=81 success_rate=1.00 collisions/ep=4.19 (n=26)
update=359 global_step=735232 SPS=867 w_ev=0.137 m_ev=0.925 m_v_bias=1.3 m_adv_std=65.7364 m_kl_max=0.0105 m_ratio_max=0.479 w_ax@goal=+0.62 w_v@goal=4.10 return=765.3 length=85 success_rate=1.00 collisions/ep=4.88 (n=24)
update=360 global_step=737280 SPS=868 w_ev=0.114 m_ev=0.933 m_v_bias=-13.8 m_adv_std=55.3701 m_kl_max=0.0119 m_ratio_max=0.666 w_ax@goal=+0.72 w_v@goal=4.03 return=850.1 length=85 success_rate=1.00 collisions/ep=3.17 (n=24)
Evaluation at update 360: return=726.29, length=78.10, success_rate=1.00, collisions/ep=5.70
Solved-check at update 360: solved=False worst_gap=501.79 at p_x0=0.50 p_y0=-1.00 (consecutive=0)
update=361 global_step=739328 SPS=864 w_ev=0.154 m_ev=0.917 m_v_bias=-2.6 m_adv_std=58.8240 m_kl_max=0.0211 m_ratio_max=1.592 w_ax@goal=+0.74 w_v@goal=4.03 return=835.7 length=82 success_rate=1.00 collisions/ep=3.48 (n=25)
update=362 global_step=741376 SPS=865 w_ev=0.131 m_ev=0.906 m_v_bias=24.5 m_adv_std=68.2620 m_kl_max=0.0095 m_ratio_max=0.644 w_ax@goal=+0.77 w_v@goal=4.09 return=794.6 length=84 success_rate=1.00 collisions/ep=4.33 (n=24)
update=363 global_step=743424 SPS=866 w_ev=0.167 m_ev=0.892 m_v_bias=26.4 m_adv_std=74.6414 m_kl_max=0.0149 m_ratio_max=0.915 w_ax@goal=+0.57 w_v@goal=4.08 return=768.0 length=86 success_rate=1.00 collisions/ep=4.75 (n=24)
update=364 global_step=745472 SPS=867 w_ev=0.214 m_ev=0.895 m_v_bias=-13.1 m_adv_std=77.8529 m_kl_max=0.0120 m_ratio_max=0.652 w_ax@goal=+1.00 w_v@goal=4.10 return=787.8 length=86 success_rate=1.00 collisions/ep=4.42 (n=24)
update=365 global_step=747520 SPS=868 w_ev=0.229 m_ev=0.873 m_v_bias=1.7 m_adv_std=79.4006 m_kl_max=0.0085 m_ratio_max=0.421 w_ax@goal=+0.87 w_v@goal=3.86 return=769.9 length=85 success_rate=1.00 collisions/ep=4.75 (n=24)
Evaluation at update 365: return=738.95, length=77.90, success_rate=1.00, collisions/ep=5.45
Solved-check at update 365: solved=False worst_gap=501.68 at p_x0=0.00 p_y0=-1.00 (consecutive=0)
update=366 global_step=749568 SPS=865 w_ev=0.262 m_ev=0.885 m_v_bias=-15.6 m_adv_std=79.0046 m_kl_max=0.0100 m_ratio_max=0.557 w_ax@goal=+0.85 w_v@goal=3.99 return=835.1 length=85 success_rate=1.00 collisions/ep=3.52 (n=25)
update=367 global_step=751616 SPS=866 w_ev=0.192 m_ev=0.907 m_v_bias=3.6 m_adv_std=68.6852 m_kl_max=0.0122 m_ratio_max=0.582 w_ax@goal=+0.73 w_v@goal=3.84 return=812.5 length=85 success_rate=1.00 collisions/ep=3.91 (n=23)
update=368 global_step=753664 SPS=866 w_ev=0.262 m_ev=0.888 m_v_bias=3.2 m_adv_std=82.4065 m_kl_max=0.0137 m_ratio_max=0.617 w_ax@goal=+0.81 w_v@goal=3.77 return=771.1 length=85 success_rate=1.00 collisions/ep=4.83 (n=23)
update=369 global_step=755712 SPS=867 w_ev=0.230 m_ev=0.909 m_v_bias=-13.9 m_adv_std=67.0019 m_kl_max=0.0130 m_ratio_max=0.486 w_ax@goal=+0.69 w_v@goal=3.93 return=813.9 length=86 success_rate=1.00 collisions/ep=3.88 (n=24)
update=370 global_step=757760 SPS=868 w_ev=0.221 m_ev=0.905 m_v_bias=13.9 m_adv_std=72.1563 m_kl_max=0.0067 m_ratio_max=0.557 w_ax@goal=+0.50 w_v@goal=3.80 return=802.6 length=87 success_rate=1.00 collisions/ep=4.12 (n=25)
Evaluation at update 370: return=736.34, length=78.05, success_rate=1.00, collisions/ep=5.50
Solved-check at update 370: solved=False worst_gap=501.86 at p_x0=1.00 p_y0=-1.00 (consecutive=0)
update=371 global_step=759808 SPS=865 w_ev=0.283 m_ev=0.883 m_v_bias=-3.9 m_adv_std=78.9047 m_kl_max=0.0075 m_ratio_max=0.575 w_ax@goal=+0.67 w_v@goal=3.82 return=786.9 length=86 success_rate=1.00 collisions/ep=4.38 (n=24)
update=372 global_step=761856 SPS=866 w_ev=0.158 m_ev=0.896 m_v_bias=10.2 m_adv_std=75.7563 m_kl_max=0.0148 m_ratio_max=0.987 w_ax@goal=+0.63 w_v@goal=3.84 return=808.0 length=88 success_rate=1.00 collisions/ep=4.05 (n=22)
update=373 global_step=763904 SPS=867 w_ev=0.152 m_ev=0.860 m_v_bias=7.4 m_adv_std=90.6844 m_kl_max=0.0036 m_ratio_max=0.345 w_ax@goal=+0.69 w_v@goal=4.02 return=737.6 length=86 success_rate=1.00 collisions/ep=5.35 (n=23)
update=374 global_step=765952 SPS=867 w_ev=0.169 m_ev=0.902 m_v_bias=-17.8 m_adv_std=75.3397 m_kl_max=0.0041 m_ratio_max=0.624 w_ax@goal=+0.64 w_v@goal=4.22 return=792.1 length=88 success_rate=1.00 collisions/ep=4.35 (n=23)
update=375 global_step=768000 SPS=868 w_ev=0.180 m_ev=0.926 m_v_bias=-15.7 m_adv_std=62.5306 m_kl_max=0.0130 m_ratio_max=0.623 w_ax@goal=+0.67 w_v@goal=4.23 return=815.2 length=86 success_rate=1.00 collisions/ep=3.79 (n=24)
Evaluation at update 375: return=728.60, length=78.30, success_rate=1.00, collisions/ep=5.65
Solved-check at update 375: solved=False worst_gap=501.94 at p_x0=1.00 p_y0=-1.00 (consecutive=0)
update=376 global_step=770048 SPS=865 w_ev=0.143 m_ev=0.896 m_v_bias=22.3 m_adv_std=72.3016 m_kl_max=0.0117 m_ratio_max=0.889 w_ax@goal=+0.63 w_v@goal=4.15 return=765.3 length=88 success_rate=1.00 collisions/ep=5.04 (n=24)
update=377 global_step=772096 SPS=866 w_ev=0.156 m_ev=0.922 m_v_bias=-5.9 m_adv_std=62.4537 m_kl_max=0.0084 m_ratio_max=0.437 w_ax@goal=+0.69 w_v@goal=4.06 return=799.5 length=85 success_rate=1.00 collisions/ep=4.17 (n=24)
update=378 global_step=774144 SPS=867 w_ev=0.124 m_ev=0.927 m_v_bias=-5.2 m_adv_std=61.3509 m_kl_max=0.0116 m_ratio_max=0.566 w_ax@goal=+0.55 w_v@goal=4.21 return=797.5 length=85 success_rate=1.00 collisions/ep=4.21 (n=24)
update=379 global_step=776192 SPS=868 w_ev=0.176 m_ev=0.915 m_v_bias=-7.6 m_adv_std=64.3125 m_kl_max=0.0187 m_ratio_max=0.546 w_ax@goal=+0.57 w_v@goal=4.14 return=834.5 length=86 success_rate=1.00 collisions/ep=3.50 (n=24)
update=380 global_step=778240 SPS=869 w_ev=0.206 m_ev=0.870 m_v_bias=11.6 m_adv_std=83.2585 m_kl_max=0.0213 m_ratio_max=0.639 w_ax@goal=+0.48 w_v@goal=4.14 return=813.3 length=88 success_rate=1.00 collisions/ep=3.87 (n=23)
Evaluation at update 380: return=850.28, length=79.20, success_rate=1.00, collisions/ep=3.20
Solved-check at update 380: solved=False worst_gap=501.77 at p_x0=1.00 p_y0=-1.00 (consecutive=0)
update=381 global_step=780288 SPS=865 w_ev=0.225 m_ev=0.875 m_v_bias=13.3 m_adv_std=85.3520 m_kl_max=0.0029 m_ratio_max=0.301 w_ax@goal=+0.38 w_v@goal=4.04 return=753.3 length=91 success_rate=1.00 collisions/ep=5.00 (n=22)
update=382 global_step=782336 SPS=866 w_ev=0.253 m_ev=0.922 m_v_bias=11.0 m_adv_std=70.5103 m_kl_max=0.0142 m_ratio_max=0.422 w_ax@goal=+0.51 w_v@goal=4.17 return=758.0 length=90 success_rate=1.00 collisions/ep=5.00 (n=24)
update=383 global_step=784384 SPS=867 w_ev=0.132 m_ev=0.900 m_v_bias=-2.8 m_adv_std=74.2249 m_kl_max=0.0259 m_ratio_max=0.917 w_ax@goal=+0.31 w_v@goal=4.10 return=785.4 length=91 success_rate=1.00 collisions/ep=4.30 (n=23)
update=384 global_step=786432 SPS=868 w_ev=0.191 m_ev=0.935 m_v_bias=-2.5 m_adv_std=59.1232 m_kl_max=0.0139 m_ratio_max=0.920 w_ax@goal=+0.21 w_v@goal=3.90 return=810.3 length=92 success_rate=1.00 collisions/ep=3.91 (n=23)
update=385 global_step=788480 SPS=869 w_ev=0.240 m_ev=0.876 m_v_bias=35.6 m_adv_std=84.9094 m_kl_max=0.0168 m_ratio_max=0.609 w_ax@goal=+0.33 w_v@goal=3.91 return=762.6 length=97 success_rate=1.00 collisions/ep=4.76 (n=21)
Evaluation at update 385: return=932.41, length=79.50, success_rate=1.00, collisions/ep=1.55
Solved-check at update 385: solved=False worst_gap=102.96 at p_x0=0.00 p_y0=-1.00 (consecutive=0)
update=386 global_step=790528 SPS=866 w_ev=0.178 m_ev=0.898 m_v_bias=-6.0 m_adv_std=78.5977 m_kl_max=0.0122 m_ratio_max=0.719 w_ax@goal=+0.37 w_v@goal=3.85 return=734.4 length=90 success_rate=1.00 collisions/ep=5.36 (n=22)
update=387 global_step=792576 SPS=866 w_ev=0.106 m_ev=0.877 m_v_bias=20.0 m_adv_std=89.1238 m_kl_max=0.0140 m_ratio_max=1.147 w_ax@goal=+0.23 w_v@goal=3.98 return=733.1 length=95 success_rate=1.00 collisions/ep=5.29 (n=21)
update=388 global_step=794624 SPS=867 w_ev=0.203 m_ev=0.908 m_v_bias=-25.3 m_adv_std=71.4100 m_kl_max=0.0064 m_ratio_max=0.439 w_ax@goal=+0.24 w_v@goal=3.89 return=800.5 length=94 success_rate=1.00 collisions/ep=4.00 (n=22)
update=389 global_step=796672 SPS=868 w_ev=0.035 m_ev=0.919 m_v_bias=8.8 m_adv_std=67.3449 m_kl_max=0.0242 m_ratio_max=1.102 w_ax@goal=+0.29 w_v@goal=4.03 return=800.8 length=95 success_rate=1.00 collisions/ep=3.90 (n=21)
update=390 global_step=798720 SPS=869 w_ev=0.145 m_ev=0.933 m_v_bias=-5.2 m_adv_std=66.3810 m_kl_max=0.0158 m_ratio_max=0.927 w_ax@goal=+0.07 w_v@goal=3.99 return=756.3 length=96 success_rate=1.00 collisions/ep=4.91 (n=22)
Evaluation at update 390: return=929.91, length=81.90, success_rate=1.00, collisions/ep=1.55
Solved-check at update 390: solved=False worst_gap=104.43 at p_x0=1.50 p_y0=-1.00 (consecutive=0)
update=391 global_step=800768 SPS=866 w_ev=0.234 m_ev=0.878 m_v_bias=36.5 m_adv_std=96.4250 m_kl_max=0.0079 m_ratio_max=0.489 w_ax@goal=+0.25 w_v@goal=3.88 return=687.2 length=96 success_rate=1.00 collisions/ep=6.19 (n=21)
update=392 global_step=802816 SPS=867 w_ev=0.144 m_ev=0.925 m_v_bias=-32.4 m_adv_std=66.7290 m_kl_max=0.0197 m_ratio_max=0.693 w_ax@goal=+0.02 w_v@goal=3.92 return=781.7 length=93 success_rate=1.00 collisions/ep=4.39 (n=23)
update=393 global_step=804864 SPS=868 w_ev=0.243 m_ev=0.917 m_v_bias=-8.5 m_adv_std=68.6008 m_kl_max=0.0072 m_ratio_max=0.351 w_ax@goal=+0.21 w_v@goal=3.81 return=802.8 length=94 success_rate=1.00 collisions/ep=4.00 (n=21)
update=394 global_step=806912 SPS=868 w_ev=0.148 m_ev=0.896 m_v_bias=3.9 m_adv_std=73.5602 m_kl_max=0.0113 m_ratio_max=0.698 w_ax@goal=+0.23 w_v@goal=3.86 return=761.6 length=93 success_rate=1.00 collisions/ep=4.77 (n=22)
update=395 global_step=808960 SPS=869 w_ev=0.284 m_ev=0.915 m_v_bias=-6.3 m_adv_std=71.3299 m_kl_max=0.0063 m_ratio_max=0.465 w_ax@goal=+0.34 w_v@goal=3.86 return=773.7 length=90 success_rate=1.00 collisions/ep=4.61 (n=23)
Evaluation at update 395: return=932.82, length=79.05, success_rate=1.00, collisions/ep=1.55
Solved-check at update 395: solved=False worst_gap=102.34 at p_x0=0.00 p_y0=-1.00 (consecutive=0)
update=396 global_step=811008 SPS=866 w_ev=0.222 m_ev=0.922 m_v_bias=4.0 m_adv_std=65.8530 m_kl_max=0.0257 m_ratio_max=1.425 w_ax@goal=+0.39 w_v@goal=3.80 return=758.3 length=87 success_rate=1.00 collisions/ep=4.96 (n=24)
update=397 global_step=813056 SPS=867 w_ev=0.230 m_ev=0.889 m_v_bias=9.4 m_adv_std=80.4833 m_kl_max=0.0122 m_ratio_max=0.559 w_ax@goal=+0.27 w_v@goal=3.73 return=783.5 length=91 success_rate=1.00 collisions/ep=4.32 (n=22)
update=398 global_step=815104 SPS=868 w_ev=0.171 m_ev=0.864 m_v_bias=2.8 m_adv_std=86.8921 m_kl_max=0.0152 m_ratio_max=0.804 w_ax@goal=+0.26 w_v@goal=3.85 return=723.5 length=89 success_rate=1.00 collisions/ep=5.59 (n=22)
update=399 global_step=817152 SPS=869 w_ev=0.213 m_ev=0.922 m_v_bias=-36.2 m_adv_std=62.2324 m_kl_max=0.0086 m_ratio_max=0.407 w_ax@goal=+0.29 w_v@goal=3.82 return=859.5 length=90 success_rate=1.00 collisions/ep=2.92 (n=24)
update=400 global_step=819200 SPS=869 w_ev=0.316 m_ev=0.886 m_v_bias=23.8 m_adv_std=83.8750 m_kl_max=0.0135 m_ratio_max=0.672 w_ax@goal=+0.20 w_v@goal=3.88 return=773.5 length=92 success_rate=1.00 collisions/ep=4.59 (n=22)
Evaluation at update 400: return=922.42, length=79.40, success_rate=1.00, collisions/ep=1.75
Solved-check at update 400: solved=False worst_gap=151.81 at p_x0=0.50 p_y0=-1.00 (consecutive=0)
update=401 global_step=821248 SPS=866 w_ev=0.197 m_ev=0.937 m_v_bias=-16.5 m_adv_std=59.0018 m_kl_max=0.0151 m_ratio_max=0.648 w_ax@goal=+0.26 w_v@goal=3.89 return=823.2 length=90 success_rate=1.00 collisions/ep=3.61 (n=23)
update=402 global_step=823296 SPS=867 w_ev=0.255 m_ev=0.944 m_v_bias=-1.9 m_adv_std=52.9330 m_kl_max=0.0272 m_ratio_max=0.944 w_ax@goal=+0.32 w_v@goal=3.79 return=788.4 length=89 success_rate=1.00 collisions/ep=4.32 (n=22)
update=403 global_step=825344 SPS=868 w_ev=0.105 m_ev=0.879 m_v_bias=33.6 m_adv_std=81.5821 m_kl_max=0.0094 m_ratio_max=0.443 w_ax@goal=+0.30 w_v@goal=3.88 return=793.2 length=93 success_rate=1.00 collisions/ep=4.09 (n=22)
update=404 global_step=827392 SPS=869 w_ev=0.186 m_ev=0.927 m_v_bias=7.8 m_adv_std=65.6953 m_kl_max=0.0083 m_ratio_max=0.535 w_ax@goal=+0.07 w_v@goal=3.75 return=772.3 length=93 success_rate=1.00 collisions/ep=4.57 (n=23)
update=405 global_step=829440 SPS=870 w_ev=0.190 m_ev=0.867 m_v_bias=-17.5 m_adv_std=86.3394 m_kl_max=0.0083 m_ratio_max=0.457 w_ax@goal=+0.21 w_v@goal=3.82 return=809.3 length=91 success_rate=1.00 collisions/ep=3.81 (n=21)
Evaluation at update 405: return=932.11, length=79.80, success_rate=1.00, collisions/ep=1.55
Solved-check at update 405: solved=False worst_gap=102.13 at p_x0=0.00 p_y0=0.00 (consecutive=0)
update=406 global_step=831488 SPS=867 w_ev=0.181 m_ev=0.933 m_v_bias=-1.8 m_adv_std=63.0361 m_kl_max=0.0049 m_ratio_max=0.355 w_ax@goal=+0.22 w_v@goal=4.00 return=784.8 length=92 success_rate=1.00 collisions/ep=4.35 (n=23)
update=407 global_step=833536 SPS=867 w_ev=0.195 m_ev=0.887 m_v_bias=-1.2 m_adv_std=83.2707 m_kl_max=0.0088 m_ratio_max=0.451 w_ax@goal=+0.18 w_v@goal=3.95 return=752.7 length=91 success_rate=1.00 collisions/ep=5.04 (n=23)
update=408 global_step=835584 SPS=868 w_ev=0.252 m_ev=0.930 m_v_bias=-18.4 m_adv_std=63.9508 m_kl_max=0.0093 m_ratio_max=0.387 w_ax@goal=+0.19 w_v@goal=3.80 return=805.7 length=90 success_rate=1.00 collisions/ep=4.00 (n=22)
update=409 global_step=837632 SPS=869 w_ev=0.166 m_ev=0.942 m_v_bias=-15.7 m_adv_std=55.6273 m_kl_max=0.0089 m_ratio_max=0.535 w_ax@goal=+0.32 w_v@goal=3.96 return=828.6 length=90 success_rate=1.00 collisions/ep=3.50 (n=24)
update=410 global_step=839680 SPS=870 w_ev=0.156 m_ev=0.916 m_v_bias=11.5 m_adv_std=64.5701 m_kl_max=0.0124 m_ratio_max=1.194 w_ax@goal=+0.41 w_v@goal=3.96 return=807.5 length=88 success_rate=1.00 collisions/ep=3.96 (n=23)
Evaluation at update 410: return=915.85, length=78.60, success_rate=1.00, collisions/ep=1.90
Solved-check at update 410: solved=False worst_gap=102.10 at p_x0=0.00 p_y0=-1.00 (consecutive=0)
update=411 global_step=841728 SPS=867 w_ev=0.185 m_ev=0.910 m_v_bias=9.6 m_adv_std=69.7410 m_kl_max=0.0139 m_ratio_max=1.151 w_ax@goal=+0.25 w_v@goal=3.93 return=790.4 length=90 success_rate=1.00 collisions/ep=4.29 (n=24)
update=412 global_step=843776 SPS=868 w_ev=0.279 m_ev=0.913 m_v_bias=-10.1 m_adv_std=69.8750 m_kl_max=0.0130 m_ratio_max=0.786 w_ax@goal=+0.38 w_v@goal=3.83 return=785.5 length=91 success_rate=1.00 collisions/ep=4.35 (n=20)
update=413 global_step=845824 SPS=868 w_ev=0.257 m_ev=0.918 m_v_bias=-0.5 m_adv_std=66.7110 m_kl_max=0.0103 m_ratio_max=0.450 w_ax@goal=+0.37 w_v@goal=3.94 return=816.3 length=88 success_rate=1.00 collisions/ep=3.74 (n=23)
update=414 global_step=847872 SPS=869 w_ev=0.148 m_ev=0.851 m_v_bias=35.4 m_adv_std=93.9987 m_kl_max=0.0188 m_ratio_max=0.662 w_ax@goal=+0.42 w_v@goal=4.08 return=731.9 length=91 success_rate=1.00 collisions/ep=5.43 (n=23)
update=415 global_step=849920 SPS=870 w_ev=0.154 m_ev=0.918 m_v_bias=7.6 m_adv_std=68.7782 m_kl_max=0.0126 m_ratio_max=0.583 w_ax@goal=+0.23 w_v@goal=3.90 return=758.7 length=92 success_rate=1.00 collisions/ep=4.91 (n=22)
Evaluation at update 415: return=933.46, length=78.40, success_rate=1.00, collisions/ep=1.55
Solved-check at update 415: solved=False worst_gap=102.00 at p_x0=0.00 p_y0=-1.00 (consecutive=0)
update=416 global_step=851968 SPS=867 w_ev=0.223 m_ev=0.934 m_v_bias=-47.3 m_adv_std=60.9829 m_kl_max=0.0364 m_ratio_max=0.882 w_ax@goal=+0.37 w_v@goal=3.95 return=795.1 length=88 success_rate=1.00 collisions/ep=4.17 (n=24)
update=417 global_step=854016 SPS=868 w_ev=0.305 m_ev=0.906 m_v_bias=11.3 m_adv_std=70.0854 m_kl_max=0.0113 m_ratio_max=0.398 w_ax@goal=+0.38 w_v@goal=3.91 return=809.8 length=87 success_rate=1.00 collisions/ep=3.96 (n=25)
update=418 global_step=856064 SPS=869 w_ev=0.297 m_ev=0.883 m_v_bias=12.5 m_adv_std=83.0710 m_kl_max=0.0086 m_ratio_max=0.555 w_ax@goal=+0.42 w_v@goal=3.74 return=737.4 length=90 success_rate=1.00 collisions/ep=5.29 (n=21)
update=419 global_step=858112 SPS=869 w_ev=0.229 m_ev=0.937 m_v_bias=-28.7 m_adv_std=56.0207 m_kl_max=0.0172 m_ratio_max=0.724 w_ax@goal=+0.27 w_v@goal=3.86 return=864.2 length=89 success_rate=1.00 collisions/ep=2.87 (n=23)
update=420 global_step=860160 SPS=870 w_ev=0.246 m_ev=0.940 m_v_bias=10.1 m_adv_std=53.3273 m_kl_max=0.0185 m_ratio_max=0.581 w_ax@goal=+0.36 w_v@goal=3.90 return=813.3 length=95 success_rate=1.00 collisions/ep=3.71 (n=21)
Evaluation at update 420: return=932.88, length=79.05, success_rate=1.00, collisions/ep=1.55
Solved-check at update 420: solved=False worst_gap=102.12 at p_x0=0.00 p_y0=0.00 (consecutive=0)
update=421 global_step=862208 SPS=867 w_ev=0.225 m_ev=0.918 m_v_bias=11.8 m_adv_std=68.2396 m_kl_max=0.0158 m_ratio_max=1.053 w_ax@goal=+0.11 w_v@goal=4.04 return=803.3 length=94 success_rate=1.00 collisions/ep=4.05 (n=22)
update=422 global_step=864256 SPS=868 w_ev=0.353 m_ev=0.946 m_v_bias=8.3 m_adv_std=55.4064 m_kl_max=0.0259 m_ratio_max=1.195 w_ax@goal=+0.31 w_v@goal=3.78 return=760.0 length=92 success_rate=1.00 collisions/ep=4.91 (n=23)
update=423 global_step=866304 SPS=868 w_ev=0.284 m_ev=0.916 m_v_bias=31.4 m_adv_std=71.7689 m_kl_max=0.0140 m_ratio_max=0.945 w_ax@goal=+0.36 w_v@goal=3.89 return=717.2 length=95 success_rate=1.00 collisions/ep=5.68 (n=22)
update=424 global_step=868352 SPS=869 w_ev=0.224 m_ev=0.928 m_v_bias=-12.4 m_adv_std=67.2495 m_kl_max=0.0094 m_ratio_max=0.784 w_ax@goal=+0.16 w_v@goal=3.69 return=739.0 length=94 success_rate=1.00 collisions/ep=5.15 (n=20)
update=425 global_step=870400 SPS=870 w_ev=0.170 m_ev=0.901 m_v_bias=12.2 m_adv_std=80.1339 m_kl_max=0.0082 m_ratio_max=0.448 w_ax@goal=+0.33 w_v@goal=4.01 return=746.7 length=94 success_rate=1.00 collisions/ep=5.00 (n=23)
Evaluation at update 425: return=931.38, length=80.60, success_rate=1.00, collisions/ep=1.55
Solved-check at update 425: solved=False worst_gap=103.13 at p_x0=0.00 p_y0=-1.00 (consecutive=0)
update=426 global_step=872448 SPS=867 w_ev=0.285 m_ev=0.906 m_v_bias=9.9 m_adv_std=78.7978 m_kl_max=0.0100 m_ratio_max=0.466 w_ax@goal=+0.14 w_v@goal=3.81 return=693.1 length=97 success_rate=1.00 collisions/ep=6.29 (n=21)
update=427 global_step=874496 SPS=868 w_ev=0.239 m_ev=0.889 m_v_bias=-8.3 m_adv_std=78.7052 m_kl_max=0.0200 m_ratio_max=1.184 w_ax@goal=+0.15 w_v@goal=3.85 return=777.5 length=104 success_rate=1.00 collisions/ep=4.37 (n=19)
update=428 global_step=876544 SPS=869 w_ev=0.255 m_ev=0.913 m_v_bias=22.3 m_adv_std=78.6458 m_kl_max=0.0147 m_ratio_max=0.629 w_ax@goal=+0.11 w_v@goal=4.02 return=735.9 length=100 success_rate=1.00 collisions/ep=5.19 (n=21)
update=429 global_step=878592 SPS=870 w_ev=0.186 m_ev=0.943 m_v_bias=-17.0 m_adv_std=62.5148 m_kl_max=0.0111 m_ratio_max=0.690 w_ax@goal=+0.22 w_v@goal=3.81 return=728.1 length=99 success_rate=1.00 collisions/ep=5.33 (n=21)
update=430 global_step=880640 SPS=871 w_ev=0.323 m_ev=0.908 m_v_bias=-10.1 m_adv_std=75.2671 m_kl_max=0.0097 m_ratio_max=0.511 w_ax@goal=+0.18 w_v@goal=3.79 return=713.0 length=93 success_rate=1.00 collisions/ep=5.77 (n=22)
Evaluation at update 430: return=932.38, length=79.55, success_rate=1.00, collisions/ep=1.55
Solved-check at update 430: solved=False worst_gap=102.62 at p_x0=0.00 p_y0=-1.00 (consecutive=0)
update=431 global_step=882688 SPS=868 w_ev=0.298 m_ev=0.928 m_v_bias=-17.4 m_adv_std=67.4878 m_kl_max=0.0174 m_ratio_max=0.597 w_ax@goal=+0.31 w_v@goal=3.61 return=779.0 length=90 success_rate=1.00 collisions/ep=4.41 (n=22)
update=432 global_step=884736 SPS=869 w_ev=0.328 m_ev=0.905 m_v_bias=8.4 m_adv_std=76.5929 m_kl_max=0.0152 m_ratio_max=0.590 w_ax@goal=+0.26 w_v@goal=3.71 return=689.0 length=93 success_rate=1.00 collisions/ep=6.27 (n=22)
update=433 global_step=886784 SPS=869 w_ev=0.381 m_ev=0.916 m_v_bias=-22.5 m_adv_std=71.6208 m_kl_max=0.0170 m_ratio_max=0.519 w_ax@goal=+0.24 w_v@goal=3.64 return=789.8 length=92 success_rate=1.00 collisions/ep=4.25 (n=24)
update=434 global_step=888832 SPS=870 w_ev=0.189 m_ev=0.922 m_v_bias=-2.8 m_adv_std=64.8919 m_kl_max=0.0181 m_ratio_max=0.709 w_ax@goal=+0.22 w_v@goal=3.63 return=803.0 length=95 success_rate=1.00 collisions/ep=3.90 (n=21)
update=435 global_step=890880 SPS=871 w_ev=0.185 m_ev=0.874 m_v_bias=33.9 m_adv_std=85.2739 m_kl_max=0.0054 m_ratio_max=0.476 w_ax@goal=+0.16 w_v@goal=3.95 return=749.8 length=95 success_rate=1.00 collisions/ep=4.95 (n=21)
Evaluation at update 435: return=930.81, length=81.10, success_rate=1.00, collisions/ep=1.55
Solved-check at update 435: solved=False worst_gap=103.88 at p_x0=0.00 p_y0=-1.00 (consecutive=0)
update=436 global_step=892928 SPS=868 w_ev=0.053 m_ev=0.872 m_v_bias=20.0 m_adv_std=86.6343 m_kl_max=0.0194 m_ratio_max=0.883 w_ax@goal=+0.26 w_v@goal=4.04 return=697.6 length=95 success_rate=1.00 collisions/ep=6.04 (n=23)
update=437 global_step=894976 SPS=869 w_ev=0.195 m_ev=0.907 m_v_bias=-16.4 m_adv_std=75.5962 m_kl_max=0.0091 m_ratio_max=0.523 w_ax@goal=+0.26 w_v@goal=3.90 return=735.4 length=94 success_rate=1.00 collisions/ep=5.32 (n=19)
update=438 global_step=897024 SPS=870 w_ev=0.152 m_ev=0.919 m_v_bias=-20.7 m_adv_std=71.0712 m_kl_max=0.0221 m_ratio_max=1.141 w_ax@goal=+0.37 w_v@goal=4.08 return=773.1 length=93 success_rate=1.00 collisions/ep=4.55 (n=22)
update=439 global_step=899072 SPS=870 w_ev=0.277 m_ev=0.926 m_v_bias=-14.9 m_adv_std=67.4573 m_kl_max=0.0101 m_ratio_max=0.966 w_ax@goal=+0.33 w_v@goal=3.92 return=746.2 length=93 success_rate=1.00 collisions/ep=5.04 (n=24)
update=440 global_step=901120 SPS=871 w_ev=0.224 m_ev=0.919 m_v_bias=1.9 m_adv_std=64.4996 m_kl_max=0.0114 m_ratio_max=0.511 w_ax@goal=+0.18 w_v@goal=3.80 return=785.4 length=92 success_rate=1.00 collisions/ep=4.29 (n=21)
Evaluation at update 440: return=932.70, length=79.20, success_rate=1.00, collisions/ep=1.55
Solved-check at update 440: solved=False worst_gap=102.70 at p_x0=0.00 p_y0=-1.00 (consecutive=0)
update=441 global_step=903168 SPS=868 w_ev=0.170 m_ev=0.929 m_v_bias=20.7 m_adv_std=65.4855 m_kl_max=0.0053 m_ratio_max=0.504 w_ax@goal=+0.35 w_v@goal=3.96 return=746.4 length=90 success_rate=1.00 collisions/ep=5.09 (n=23)
update=442 global_step=905216 SPS=868 w_ev=0.248 m_ev=0.879 m_v_bias=-2.8 m_adv_std=85.7461 m_kl_max=0.0059 m_ratio_max=0.568 w_ax@goal=+0.39 w_v@goal=3.90 return=727.9 length=88 success_rate=1.00 collisions/ep=5.54 (n=24)
update=443 global_step=907264 SPS=869 w_ev=0.138 m_ev=0.914 m_v_bias=-14.3 m_adv_std=70.6126 m_kl_max=0.0129 m_ratio_max=0.556 w_ax@goal=+0.43 w_v@goal=3.92 return=821.9 length=89 success_rate=1.00 collisions/ep=3.71 (n=24)
update=444 global_step=909312 SPS=870 w_ev=0.234 m_ev=0.915 m_v_bias=13.6 m_adv_std=73.1895 m_kl_max=0.0118 m_ratio_max=0.559 w_ax@goal=+0.31 w_v@goal=3.85 return=750.1 length=90 success_rate=1.00 collisions/ep=5.08 (n=24)
update=445 global_step=911360 SPS=871 w_ev=0.242 m_ev=0.861 m_v_bias=14.9 m_adv_std=88.2142 m_kl_max=0.0070 m_ratio_max=0.396 w_ax@goal=+0.34 w_v@goal=3.79 return=743.3 length=89 success_rate=1.00 collisions/ep=5.23 (n=22)
Evaluation at update 445: return=933.42, length=78.60, success_rate=1.00, collisions/ep=1.55
Solved-check at update 445: solved=False worst_gap=102.00 at p_x0=0.00 p_y0=-1.00 (consecutive=0)
update=446 global_step=913408 SPS=868 w_ev=0.221 m_ev=0.921 m_v_bias=-11.9 m_adv_std=68.1982 m_kl_max=0.0137 m_ratio_max=0.558 w_ax@goal=+0.39 w_v@goal=3.73 return=751.9 length=89 success_rate=1.00 collisions/ep=5.05 (n=21)
update=447 global_step=915456 SPS=869 w_ev=0.216 m_ev=0.935 m_v_bias=-19.2 m_adv_std=58.5093 m_kl_max=0.0136 m_ratio_max=0.432 w_ax@goal=+0.34 w_v@goal=4.15 return=834.7 length=89 success_rate=1.00 collisions/ep=3.39 (n=23)
update=448 global_step=917504 SPS=870 w_ev=0.247 m_ev=0.923 m_v_bias=2.8 m_adv_std=64.1130 m_kl_max=0.0118 m_ratio_max=0.634 w_ax@goal=+0.37 w_v@goal=4.08 return=781.1 length=87 success_rate=1.00 collisions/ep=4.50 (n=24)
update=449 global_step=919552 SPS=870 w_ev=0.305 m_ev=0.913 m_v_bias=-3.5 m_adv_std=69.8974 m_kl_max=0.0228 m_ratio_max=1.328 w_ax@goal=+0.35 w_v@goal=3.92 return=783.7 length=89 success_rate=1.00 collisions/ep=4.46 (n=24)
update=450 global_step=921600 SPS=871 w_ev=0.185 m_ev=0.923 m_v_bias=-5.9 m_adv_std=63.0006 m_kl_max=0.0185 m_ratio_max=0.779 w_ax@goal=+0.34 w_v@goal=4.11 return=813.1 length=87 success_rate=1.00 collisions/ep=3.87 (n=23)
Evaluation at update 450: return=933.56, length=78.35, success_rate=1.00, collisions/ep=1.55
Solved-check at update 450: solved=False worst_gap=101.96 at p_x0=0.00 p_y0=-0.50 (consecutive=0)
update=451 global_step=923648 SPS=869 w_ev=0.274 m_ev=0.899 m_v_bias=15.0 m_adv_std=79.2304 m_kl_max=0.0085 m_ratio_max=0.344 w_ax@goal=+0.31 w_v@goal=3.80 return=776.5 length=88 success_rate=1.00 collisions/ep=4.62 (n=24)
update=452 global_step=925696 SPS=870 w_ev=0.230 m_ev=0.898 m_v_bias=-2.8 m_adv_std=75.8199 m_kl_max=0.0106 m_ratio_max=0.858 w_ax@goal=+0.39 w_v@goal=3.85 return=780.7 length=83 success_rate=1.00 collisions/ep=4.50 (n=24)
update=453 global_step=927744 SPS=870 w_ev=0.360 m_ev=0.943 m_v_bias=-6.7 m_adv_std=55.6419 m_kl_max=0.0087 m_ratio_max=0.472 w_ax@goal=+0.27 w_v@goal=3.66 return=799.4 length=85 success_rate=1.00 collisions/ep=4.21 (n=24)
update=454 global_step=929792 SPS=871 w_ev=0.282 m_ev=0.930 m_v_bias=14.3 m_adv_std=63.8117 m_kl_max=0.0146 m_ratio_max=0.578 w_ax@goal=+0.37 w_v@goal=3.81 return=769.2 length=85 success_rate=1.00 collisions/ep=4.75 (n=24)
update=455 global_step=931840 SPS=872 w_ev=0.203 m_ev=0.916 m_v_bias=-0.3 m_adv_std=71.8810 m_kl_max=0.0222 m_ratio_max=0.700 w_ax@goal=+0.33 w_v@goal=3.82 return=766.1 length=88 success_rate=1.00 collisions/ep=4.78 (n=23)
Evaluation at update 455: return=633.64, length=78.15, success_rate=1.00, collisions/ep=7.55
Solved-check at update 455: solved=False worst_gap=501.71 at p_x0=0.00 p_y0=-1.00 (consecutive=0)
update=456 global_step=933888 SPS=869 w_ev=0.248 m_ev=0.889 m_v_bias=8.6 m_adv_std=84.1984 m_kl_max=0.0160 m_ratio_max=0.677 w_ax@goal=+0.34 w_v@goal=3.83 return=749.2 length=87 success_rate=1.00 collisions/ep=5.17 (n=24)
update=457 global_step=935936 SPS=870 w_ev=0.304 m_ev=0.917 m_v_bias=-2.6 m_adv_std=71.0908 m_kl_max=0.0080 m_ratio_max=0.362 w_ax@goal=+0.36 w_v@goal=3.73 return=730.3 length=86 success_rate=1.00 collisions/ep=5.52 (n=23)
update=458 global_step=937984 SPS=871 w_ev=0.307 m_ev=0.940 m_v_bias=-12.9 m_adv_std=59.7730 m_kl_max=0.0070 m_ratio_max=0.501 w_ax@goal=+0.38 w_v@goal=3.78 return=785.3 length=87 success_rate=1.00 collisions/ep=4.42 (n=24)
update=459 global_step=940032 SPS=871 w_ev=0.221 m_ev=0.920 m_v_bias=16.9 m_adv_std=68.6337 m_kl_max=0.0163 m_ratio_max=0.656 w_ax@goal=+0.54 w_v@goal=3.88 return=736.0 length=85 success_rate=1.00 collisions/ep=5.44 (n=25)
update=460 global_step=942080 SPS=872 w_ev=0.150 m_ev=0.927 m_v_bias=-3.9 m_adv_std=66.2828 m_kl_max=0.0044 m_ratio_max=0.568 w_ax@goal=+0.41 w_v@goal=3.88 return=754.3 length=88 success_rate=1.00 collisions/ep=5.04 (n=23)
Evaluation at update 460: return=658.82, length=78.05, success_rate=1.00, collisions/ep=7.05
Solved-check at update 460: solved=False worst_gap=500.94 at p_x0=2.00 p_y0=-1.00 (consecutive=0)
update=461 global_step=944128 SPS=869 w_ev=0.147 m_ev=0.928 m_v_bias=-0.1 m_adv_std=60.4361 m_kl_max=0.0171 m_ratio_max=0.673 w_ax@goal=+0.36 w_v@goal=4.04 return=772.9 length=87 success_rate=1.00 collisions/ep=4.78 (n=23)
update=462 global_step=946176 SPS=870 w_ev=0.110 m_ev=0.912 m_v_bias=-5.7 m_adv_std=69.3546 m_kl_max=0.0148 m_ratio_max=1.008 w_ax@goal=+0.43 w_v@goal=4.04 return=796.8 length=87 success_rate=1.00 collisions/ep=4.21 (n=24)
update=463 global_step=948224 SPS=871 w_ev=0.125 m_ev=0.889 m_v_bias=2.0 m_adv_std=81.4220 m_kl_max=0.0094 m_ratio_max=0.583 w_ax@goal=+0.35 w_v@goal=4.09 return=777.3 length=87 success_rate=1.00 collisions/ep=4.65 (n=23)
update=464 global_step=950272 SPS=871 w_ev=0.120 m_ev=0.892 m_v_bias=4.2 m_adv_std=75.1231 m_kl_max=0.0124 m_ratio_max=0.497 w_ax@goal=+0.41 w_v@goal=3.94 return=783.0 length=86 success_rate=1.00 collisions/ep=4.42 (n=24)
update=465 global_step=952320 SPS=872 w_ev=0.164 m_ev=0.932 m_v_bias=-3.1 m_adv_std=59.1268 m_kl_max=0.0075 m_ratio_max=0.552 w_ax@goal=+0.51 w_v@goal=3.95 return=779.4 length=86 success_rate=1.00 collisions/ep=4.54 (n=24)
Evaluation at update 465: return=763.99, length=78.00, success_rate=1.00, collisions/ep=4.95
Solved-check at update 465: solved=False worst_gap=500.68 at p_x0=1.50 p_y0=-1.00 (consecutive=0)
update=466 global_step=954368 SPS=869 w_ev=0.183 m_ev=0.891 m_v_bias=0.2 m_adv_std=79.8459 m_kl_max=0.0186 m_ratio_max=0.712 w_ax@goal=+0.47 w_v@goal=3.76 return=791.9 length=87 success_rate=1.00 collisions/ep=4.29 (n=24)
update=467 global_step=956416 SPS=869 w_ev=0.227 m_ev=0.934 m_v_bias=-0.4 m_adv_std=62.5539 m_kl_max=0.0095 m_ratio_max=0.443 w_ax@goal=+0.47 w_v@goal=3.72 return=752.2 length=87 success_rate=1.00 collisions/ep=5.22 (n=23)
update=468 global_step=958464 SPS=870 w_ev=0.206 m_ev=0.918 m_v_bias=-9.2 m_adv_std=63.7126 m_kl_max=0.0381 m_ratio_max=2.618 w_ax@goal=+0.56 w_v@goal=3.87 return=807.0 length=86 success_rate=1.00 collisions/ep=4.04 (n=23)
update=469 global_step=960512 SPS=870 w_ev=0.156 m_ev=0.941 m_v_bias=-12.0 m_adv_std=53.8014 m_kl_max=0.0135 m_ratio_max=0.694 w_ax@goal=+0.50 w_v@goal=3.87 return=829.8 length=84 success_rate=1.00 collisions/ep=3.58 (n=24)
update=470 global_step=962560 SPS=871 w_ev=0.200 m_ev=0.918 m_v_bias=-2.1 m_adv_std=65.8710 m_kl_max=0.0119 m_ratio_max=0.580 w_ax@goal=+0.68 w_v@goal=4.00 return=808.2 length=82 success_rate=1.00 collisions/ep=4.00 (n=27)
Evaluation at update 470: return=931.80, length=77.75, success_rate=1.00, collisions/ep=1.60
Solved-check at update 470: solved=False worst_gap=200.66 at p_x0=1.50 p_y0=-1.00 (consecutive=0)
update=471 global_step=964608 SPS=868 w_ev=0.195 m_ev=0.912 m_v_bias=14.7 m_adv_std=70.8358 m_kl_max=0.0090 m_ratio_max=0.391 w_ax@goal=+0.60 w_v@goal=3.90 return=753.3 length=86 success_rate=1.00 collisions/ep=5.09 (n=23)
update=472 global_step=966656 SPS=869 w_ev=0.255 m_ev=0.927 m_v_bias=-2.8 m_adv_std=64.7538 m_kl_max=0.0153 m_ratio_max=0.630 w_ax@goal=+0.67 w_v@goal=3.85 return=792.8 length=83 success_rate=1.00 collisions/ep=4.36 (n=25)
update=473 global_step=968704 SPS=870 w_ev=0.177 m_ev=0.893 m_v_bias=1.6 m_adv_std=75.4499 m_kl_max=0.0079 m_ratio_max=0.444 w_ax@goal=+0.54 w_v@goal=3.94 return=802.6 length=84 success_rate=1.00 collisions/ep=4.12 (n=24)
update=474 global_step=970752 SPS=870 w_ev=0.061 m_ev=0.932 m_v_bias=-10.1 m_adv_std=59.8417 m_kl_max=0.0083 m_ratio_max=0.442 w_ax@goal=+0.49 w_v@goal=3.99 return=814.3 length=84 success_rate=1.00 collisions/ep=3.88 (n=25)
update=475 global_step=972800 SPS=871 w_ev=0.117 m_ev=0.883 m_v_bias=4.6 m_adv_std=81.3410 m_kl_max=0.0096 m_ratio_max=0.401 w_ax@goal=+0.37 w_v@goal=3.91 return=792.3 length=87 success_rate=1.00 collisions/ep=4.33 (n=24)
Evaluation at update 475: return=934.02, length=77.85, success_rate=1.00, collisions/ep=1.55
Solved-check at update 475: solved=False worst_gap=150.87 at p_x0=1.50 p_y0=-1.00 (consecutive=0)
update=476 global_step=974848 SPS=868 w_ev=0.150 m_ev=0.881 m_v_bias=-3.1 m_adv_std=80.0536 m_kl_max=0.0148 m_ratio_max=0.522 w_ax@goal=+0.52 w_v@goal=3.91 return=780.9 length=86 success_rate=1.00 collisions/ep=4.54 (n=24)
update=477 global_step=976896 SPS=869 w_ev=0.102 m_ev=0.923 m_v_bias=-4.2 m_adv_std=66.7367 m_kl_max=0.0189 m_ratio_max=1.325 w_ax@goal=+0.60 w_v@goal=4.05 return=781.7 length=84 success_rate=1.00 collisions/ep=4.58 (n=24)
update=478 global_step=978944 SPS=870 w_ev=0.153 m_ev=0.923 m_v_bias=-2.3 m_adv_std=64.5019 m_kl_max=0.0105 m_ratio_max=0.657 w_ax@goal=+0.52 w_v@goal=4.05 return=785.3 length=86 success_rate=1.00 collisions/ep=4.43 (n=23)
update=479 global_step=980992 SPS=870 w_ev=0.079 m_ev=0.886 m_v_bias=5.5 m_adv_std=78.6742 m_kl_max=0.0134 m_ratio_max=0.750 w_ax@goal=+0.55 w_v@goal=4.10 return=792.1 length=85 success_rate=1.00 collisions/ep=4.28 (n=25)
update=480 global_step=983040 SPS=871 w_ev=0.165 m_ev=0.888 m_v_bias=20.4 m_adv_std=79.1374 m_kl_max=0.0202 m_ratio_max=0.811 w_ax@goal=+0.40 w_v@goal=4.01 return=776.9 length=86 success_rate=1.00 collisions/ep=4.65 (n=23)
Evaluation at update 480: return=933.31, length=78.50, success_rate=1.00, collisions/ep=1.55
Solved-check at update 480: solved=False worst_gap=101.75 at p_x0=0.00 p_y0=-1.00 (consecutive=0)
update=481 global_step=985088 SPS=869 w_ev=0.103 m_ev=0.901 m_v_bias=-4.3 m_adv_std=72.9266 m_kl_max=0.0181 m_ratio_max=0.606 w_ax@goal=+0.53 w_v@goal=4.20 return=795.9 length=87 success_rate=1.00 collisions/ep=4.17 (n=23)
update=482 global_step=987136 SPS=869 w_ev=0.197 m_ev=0.899 m_v_bias=4.5 m_adv_std=77.5547 m_kl_max=0.0319 m_ratio_max=1.031 w_ax@goal=+0.36 w_v@goal=4.03 return=773.6 length=87 success_rate=1.00 collisions/ep=4.61 (n=23)
update=483 global_step=989184 SPS=870 w_ev=0.104 m_ev=0.872 m_v_bias=11.2 m_adv_std=92.6236 m_kl_max=0.0160 m_ratio_max=0.767 w_ax@goal=+0.67 w_v@goal=4.26 return=751.7 length=87 success_rate=1.00 collisions/ep=5.05 (n=22)
update=484 global_step=991232 SPS=870 w_ev=0.094 m_ev=0.869 m_v_bias=2.3 m_adv_std=94.2395 m_kl_max=0.0293 m_ratio_max=0.654 w_ax@goal=+0.45 w_v@goal=4.19 return=724.8 length=91 success_rate=1.00 collisions/ep=5.58 (n=24)
update=485 global_step=993280 SPS=871 w_ev=0.137 m_ev=0.916 m_v_bias=-6.9 m_adv_std=70.7909 m_kl_max=0.0222 m_ratio_max=0.922 w_ax@goal=+0.41 w_v@goal=4.06 return=766.3 length=88 success_rate=1.00 collisions/ep=4.75 (n=24)
Evaluation at update 485: return=930.70, length=81.15, success_rate=1.00, collisions/ep=1.55
Solved-check at update 485: solved=False worst_gap=104.05 at p_x0=0.00 p_y0=-1.00 (consecutive=0)
update=486 global_step=995328 SPS=869 w_ev=0.081 m_ev=0.906 m_v_bias=-5.8 m_adv_std=71.3837 m_kl_max=0.0318 m_ratio_max=0.920 w_ax@goal=+0.39 w_v@goal=4.10 return=785.6 length=87 success_rate=1.00 collisions/ep=4.38 (n=24)
update=487 global_step=997376 SPS=870 w_ev=0.148 m_ev=0.921 m_v_bias=-0.4 m_adv_std=66.5318 m_kl_max=0.0078 m_ratio_max=0.458 w_ax@goal=+0.41 w_v@goal=3.93 return=779.7 length=86 success_rate=1.00 collisions/ep=4.61 (n=23)
update=488 global_step=999424 SPS=871 w_ev=0.162 m_ev=0.918 m_v_bias=7.3 m_adv_std=68.3588 m_kl_max=0.0182 m_ratio_max=0.904 w_ax@goal=+0.52 w_v@goal=3.96 return=739.3 length=87 success_rate=1.00 collisions/ep=5.42 (n=24)
Saved checkpoints to C:\Users\loren\Desktop\MASTER THESIS\5_CODE\scenarios\slalom\studies\blind_worker_boxy2.5\coef_0\runs\hppo_slalom_4_1790588327
