Using device: cpu
Solved-check: precomputed optimal returns for 25 fixed initial conditions (mean=1013.0, min=1011.0, max=1015.0); solved-tolerance=5.0
num_envs=8 num_steps_per_env=256 worker_batch_size=2048 worker_minibatch_size=256 num_updates=488 timesteps=999424 (requested 1000000; 576 dropped by integer division)
update=1 global_step=2048 SPS=1284 w_ev=-0.134 m_ev=0.001 m_v_bias=64.8 m_adv_std=215.0390 m_kl_max=0.0016 m_ratio_max=0.205 w_ax@goal=-0.24 w_v@goal=0.04 return=-317.6 length=194 success_rate=0.25 collisions/ep=8.00 (n=8)
update=2 global_step=4096 SPS=1269 w_ev=0.101 m_ev=0.344 m_v_bias=39.0 m_adv_std=256.3995 m_kl_max=0.0028 m_ratio_max=0.412 w_ax@goal=-0.05 w_v@goal=0.08 return=-154.2 length=167 success_rate=0.40 collisions/ep=8.80 (n=10)
update=3 global_step=6144 SPS=1268 w_ev=0.111 m_ev=0.583 m_v_bias=-141.2 m_adv_std=227.2306 m_kl_max=0.0036 m_ratio_max=0.328 w_ax@goal=+0.17 w_v@goal=0.24 return=152.2 length=146 success_rate=0.71 collisions/ep=9.71 (n=17)
update=4 global_step=8192 SPS=1261 w_ev=0.098 m_ev=0.553 m_v_bias=40.4 m_adv_std=263.9459 m_kl_max=0.0041 m_ratio_max=0.406 w_ax@goal=-0.02 w_v@goal=-0.00 return=60.2 length=164 success_rate=0.58 collisions/ep=8.50 (n=12)
update=5 global_step=10240 SPS=1249 w_ev=0.205 m_ev=0.750 m_v_bias=-10.3 m_adv_std=211.1123 m_kl_max=0.0176 m_ratio_max=0.561 w_ax@goal=+0.35 w_v@goal=0.13 return=4.7 length=157 success_rate=0.69 collisions/ep=12.00 (n=13)
Evaluation at update 5: return=511.06, length=101.35, success_rate=1.00, collisions/ep=9.55
Solved-check at update 5: solved=False worst_gap=577.57 at p_x0=0.00 p_y0=-1.00 (consecutive=0)
update=6 global_step=12288 SPS=770 w_ev=0.239 m_ev=0.772 m_v_bias=-70.8 m_adv_std=180.1253 m_kl_max=0.0164 m_ratio_max=0.470 w_ax@goal=+0.14 w_v@goal=0.20 return=229.4 length=152 success_rate=0.71 collisions/ep=8.14 (n=14)
update=7 global_step=14336 SPS=823 w_ev=0.233 m_ev=0.613 m_v_bias=24.3 m_adv_std=226.6117 m_kl_max=0.0131 m_ratio_max=0.511 w_ax@goal=+0.04 w_v@goal=0.28 return=315.7 length=131 success_rate=0.77 collisions/ep=7.92 (n=13)
update=8 global_step=16384 SPS=864 w_ev=0.223 m_ev=0.550 m_v_bias=-34.6 m_adv_std=228.4056 m_kl_max=0.0248 m_ratio_max=0.498 w_ax@goal=+0.15 w_v@goal=0.74 return=369.9 length=136 success_rate=0.83 collisions/ep=8.28 (n=18)
update=9 global_step=18432 SPS=907 w_ev=0.202 m_ev=0.807 m_v_bias=-5.4 m_adv_std=152.4834 m_kl_max=0.0260 m_ratio_max=0.659 w_ax@goal=+0.46 w_v@goal=1.31 return=543.4 length=106 success_rate=1.00 collisions/ep=9.00 (n=17)
update=10 global_step=20480 SPS=935 w_ev=0.142 m_ev=0.858 m_v_bias=-85.5 m_adv_std=111.5570 m_kl_max=0.0411 m_ratio_max=0.676 w_ax@goal=+0.34 w_v@goal=1.38 return=577.6 length=107 success_rate=0.95 collisions/ep=7.27 (n=22)
Evaluation at update 10: return=189.38, length=80.65, success_rate=1.00, collisions/ep=17.40
Solved-check at update 10: solved=False worst_gap=1353.74 at p_x0=0.00 p_y0=-1.00 (consecutive=0)
update=11 global_step=22528 SPS=809 w_ev=0.168 m_ev=0.616 m_v_bias=22.9 m_adv_std=199.8206 m_kl_max=0.0235 m_ratio_max=0.642 w_ax@goal=+0.52 w_v@goal=1.83 return=521.3 length=104 success_rate=0.95 collisions/ep=8.45 (n=20)
update=12 global_step=24576 SPS=831 w_ev=0.174 m_ev=0.845 m_v_bias=-5.7 m_adv_std=126.3878 m_kl_max=0.0225 m_ratio_max=0.653 w_ax@goal=+0.66 w_v@goal=2.30 return=601.2 length=89 success_rate=1.00 collisions/ep=8.41 (n=22)
update=13 global_step=26624 SPS=854 w_ev=0.135 m_ev=0.879 m_v_bias=-53.5 m_adv_std=93.9701 m_kl_max=0.0206 m_ratio_max=0.634 w_ax@goal=+0.92 w_v@goal=2.69 return=617.4 length=87 success_rate=1.00 collisions/ep=7.79 (n=24)
update=14 global_step=28672 SPS=876 w_ev=0.154 m_ev=0.922 m_v_bias=-6.3 m_adv_std=74.0529 m_kl_max=0.0122 m_ratio_max=0.437 w_ax@goal=+0.89 w_v@goal=2.95 return=689.6 length=85 success_rate=1.00 collisions/ep=6.42 (n=24)
update=15 global_step=30720 SPS=893 w_ev=0.112 m_ev=0.890 m_v_bias=-0.9 m_adv_std=87.0749 m_kl_max=0.0228 m_ratio_max=0.789 w_ax@goal=+0.93 w_v@goal=3.29 return=741.3 length=84 success_rate=1.00 collisions/ep=5.31 (n=26)
Evaluation at update 15: return=546.08, length=78.95, success_rate=1.00, collisions/ep=9.30
Solved-check at update 15: solved=False worst_gap=551.89 at p_x0=0.00 p_y0=-1.00 (consecutive=0)
update=16 global_step=32768 SPS=801 w_ev=0.122 m_ev=0.884 m_v_bias=8.6 m_adv_std=90.7804 m_kl_max=0.0075 m_ratio_max=0.358 w_ax@goal=+0.96 w_v@goal=3.30 return=676.4 length=85 success_rate=1.00 collisions/ep=6.67 (n=24)
update=17 global_step=34816 SPS=821 w_ev=0.089 m_ev=0.890 m_v_bias=-33.4 m_adv_std=84.3160 m_kl_max=0.0213 m_ratio_max=0.466 w_ax@goal=+1.12 w_v@goal=3.54 return=738.0 length=84 success_rate=1.00 collisions/ep=5.54 (n=24)
update=18 global_step=36864 SPS=837 w_ev=0.134 m_ev=0.889 m_v_bias=-11.8 m_adv_std=78.7281 m_kl_max=0.0161 m_ratio_max=0.658 w_ax@goal=+1.05 w_v@goal=3.63 return=789.0 length=84 success_rate=1.00 collisions/ep=4.43 (n=23)
update=19 global_step=38912 SPS=852 w_ev=0.134 m_ev=0.847 m_v_bias=28.7 m_adv_std=103.3947 m_kl_max=0.0047 m_ratio_max=0.530 w_ax@goal=+0.88 w_v@goal=3.71 return=748.3 length=86 success_rate=1.00 collisions/ep=5.21 (n=24)
update=20 global_step=40960 SPS=868 w_ev=0.134 m_ev=0.825 m_v_bias=32.2 m_adv_std=112.4837 m_kl_max=0.0171 m_ratio_max=0.542 w_ax@goal=+0.84 w_v@goal=3.98 return=693.4 length=85 success_rate=1.00 collisions/ep=6.25 (n=24)
Evaluation at update 20: return=576.24, length=78.70, success_rate=1.00, collisions/ep=8.70
Solved-check at update 20: solved=False worst_gap=801.97 at p_x0=0.00 p_y0=1.00 (consecutive=0)
update=21 global_step=43008 SPS=801 w_ev=0.168 m_ev=0.929 m_v_bias=-16.8 m_adv_std=67.3676 m_kl_max=0.0080 m_ratio_max=0.364 w_ax@goal=+1.09 w_v@goal=4.02 return=694.0 length=83 success_rate=1.00 collisions/ep=6.30 (n=27)
update=22 global_step=45056 SPS=814 w_ev=0.088 m_ev=0.899 m_v_bias=18.9 m_adv_std=89.6377 m_kl_max=0.0089 m_ratio_max=0.529 w_ax@goal=+1.04 w_v@goal=3.99 return=679.2 length=86 success_rate=1.00 collisions/ep=6.55 (n=22)
update=23 global_step=47104 SPS=824 w_ev=0.035 m_ev=0.921 m_v_bias=-25.8 m_adv_std=71.0048 m_kl_max=0.0152 m_ratio_max=0.855 w_ax@goal=+1.18 w_v@goal=4.18 return=674.5 length=82 success_rate=1.00 collisions/ep=6.69 (n=26)
update=24 global_step=49152 SPS=837 w_ev=0.063 m_ev=0.877 m_v_bias=27.3 m_adv_std=94.6689 m_kl_max=0.0134 m_ratio_max=0.477 w_ax@goal=+1.21 w_v@goal=4.06 return=690.5 length=84 success_rate=1.00 collisions/ep=6.33 (n=24)
update=25 global_step=51200 SPS=849 w_ev=0.056 m_ev=0.887 m_v_bias=-21.2 m_adv_std=87.8489 m_kl_max=0.0217 m_ratio_max=0.979 w_ax@goal=+1.06 w_v@goal=3.82 return=703.3 length=89 success_rate=1.00 collisions/ep=5.96 (n=24)
Evaluation at update 25: return=535.98, length=78.95, success_rate=1.00, collisions/ep=9.50
Solved-check at update 25: solved=False worst_gap=801.88 at p_x0=0.50 p_y0=-1.00 (consecutive=0)
update=26 global_step=53248 SPS=795 w_ev=0.075 m_ev=0.920 m_v_bias=-0.8 m_adv_std=69.5236 m_kl_max=0.0105 m_ratio_max=0.516 w_ax@goal=+0.75 w_v@goal=3.74 return=766.8 length=87 success_rate=1.00 collisions/ep=4.77 (n=22)
update=27 global_step=55296 SPS=802 w_ev=0.116 m_ev=0.877 m_v_bias=15.6 m_adv_std=93.3329 m_kl_max=0.0193 m_ratio_max=0.546 w_ax@goal=+0.86 w_v@goal=3.66 return=722.7 length=86 success_rate=1.00 collisions/ep=5.62 (n=24)
update=28 global_step=57344 SPS=811 w_ev=0.092 m_ev=0.836 m_v_bias=0.5 m_adv_std=105.4558 m_kl_max=0.0063 m_ratio_max=0.344 w_ax@goal=+0.93 w_v@goal=3.66 return=716.6 length=88 success_rate=1.00 collisions/ep=5.70 (n=23)
update=29 global_step=59392 SPS=822 w_ev=0.071 m_ev=0.899 m_v_bias=-12.2 m_adv_std=81.8005 m_kl_max=0.0100 m_ratio_max=0.587 w_ax@goal=+1.02 w_v@goal=3.70 return=756.7 length=86 success_rate=1.00 collisions/ep=4.96 (n=24)
update=30 global_step=61440 SPS=832 w_ev=0.135 m_ev=0.906 m_v_bias=-19.1 m_adv_std=76.7039 m_kl_max=0.0141 m_ratio_max=0.590 w_ax@goal=+0.96 w_v@goal=3.69 return=778.8 length=87 success_rate=1.00 collisions/ep=4.50 (n=24)
Evaluation at update 30: return=540.99, length=79.10, success_rate=1.00, collisions/ep=9.40
Solved-check at update 30: solved=False worst_gap=801.38 at p_x0=2.00 p_y0=-0.50 (consecutive=0)
update=31 global_step=63488 SPS=788 w_ev=0.083 m_ev=0.913 m_v_bias=7.2 m_adv_std=68.5432 m_kl_max=0.0186 m_ratio_max=0.656 w_ax@goal=+0.88 w_v@goal=3.68 return=755.4 length=89 success_rate=1.00 collisions/ep=5.00 (n=23)
update=32 global_step=65536 SPS=798 w_ev=0.003 m_ev=0.876 m_v_bias=-8.2 m_adv_std=83.0552 m_kl_max=0.0178 m_ratio_max=0.598 w_ax@goal=+1.01 w_v@goal=3.89 return=795.0 length=86 success_rate=1.00 collisions/ep=4.17 (n=24)
update=33 global_step=67584 SPS=809 w_ev=0.094 m_ev=0.882 m_v_bias=9.2 m_adv_std=85.7005 m_kl_max=0.0065 m_ratio_max=0.483 w_ax@goal=+1.04 w_v@goal=3.80 return=789.1 length=85 success_rate=1.00 collisions/ep=4.36 (n=22)
update=34 global_step=69632 SPS=813 w_ev=0.085 m_ev=0.896 m_v_bias=5.3 m_adv_std=83.3310 m_kl_max=0.0125 m_ratio_max=0.492 w_ax@goal=+0.93 w_v@goal=3.96 return=747.2 length=85 success_rate=1.00 collisions/ep=5.20 (n=25)
update=35 global_step=71680 SPS=823 w_ev=0.076 m_ev=0.875 m_v_bias=10.8 m_adv_std=93.4592 m_kl_max=0.0118 m_ratio_max=0.584 w_ax@goal=+0.91 w_v@goal=3.98 return=743.8 length=87 success_rate=1.00 collisions/ep=5.22 (n=23)
Evaluation at update 35: return=622.99, length=79.55, success_rate=1.00, collisions/ep=7.75
Solved-check at update 35: solved=False worst_gap=701.96 at p_x0=1.50 p_y0=0.00 (consecutive=0)
update=36 global_step=73728 SPS=787 w_ev=0.067 m_ev=0.902 m_v_bias=-5.2 m_adv_std=73.2481 m_kl_max=0.0123 m_ratio_max=0.551 w_ax@goal=+0.83 w_v@goal=4.04 return=772.5 length=86 success_rate=1.00 collisions/ep=4.67 (n=24)
update=37 global_step=75776 SPS=794 w_ev=0.033 m_ev=0.875 m_v_bias=22.7 m_adv_std=90.0217 m_kl_max=0.0071 m_ratio_max=0.335 w_ax@goal=+0.77 w_v@goal=4.15 return=756.1 length=86 success_rate=1.00 collisions/ep=5.00 (n=25)
update=38 global_step=77824 SPS=802 w_ev=0.095 m_ev=0.924 m_v_bias=-29.2 m_adv_std=63.2502 m_kl_max=0.0094 m_ratio_max=0.532 w_ax@goal=+0.94 w_v@goal=4.01 return=819.3 length=88 success_rate=1.00 collisions/ep=3.71 (n=24)
update=39 global_step=79872 SPS=813 w_ev=0.050 m_ev=0.890 m_v_bias=-6.5 m_adv_std=74.4828 m_kl_max=0.0126 m_ratio_max=0.450 w_ax@goal=+0.81 w_v@goal=4.03 return=838.3 length=90 success_rate=1.00 collisions/ep=3.30 (n=23)
update=40 global_step=81920 SPS=821 w_ev=0.035 m_ev=0.885 m_v_bias=27.2 m_adv_std=80.0256 m_kl_max=0.0159 m_ratio_max=0.458 w_ax@goal=+0.78 w_v@goal=4.03 return=786.6 length=88 success_rate=1.00 collisions/ep=4.39 (n=23)
Evaluation at update 40: return=660.63, length=79.50, success_rate=1.00, collisions/ep=7.00
Solved-check at update 40: solved=False worst_gap=501.87 at p_x0=2.00 p_y0=-1.00 (consecutive=0)
update=41 global_step=83968 SPS=791 w_ev=0.042 m_ev=0.919 m_v_bias=-13.4 m_adv_std=68.5129 m_kl_max=0.0181 m_ratio_max=0.533 w_ax@goal=+0.74 w_v@goal=3.96 return=770.8 length=84 success_rate=1.00 collisions/ep=4.75 (n=24)
update=42 global_step=86016 SPS=799 w_ev=0.090 m_ev=0.896 m_v_bias=5.1 m_adv_std=73.5906 m_kl_max=0.0204 m_ratio_max=0.710 w_ax@goal=+0.81 w_v@goal=4.10 return=811.2 length=83 success_rate=1.00 collisions/ep=3.95 (n=22)
update=43 global_step=88064 SPS=806 w_ev=0.108 m_ev=0.918 m_v_bias=3.5 m_adv_std=69.3492 m_kl_max=0.0122 m_ratio_max=0.668 w_ax@goal=+0.75 w_v@goal=4.21 return=797.8 length=88 success_rate=1.00 collisions/ep=4.17 (n=24)
update=44 global_step=90112 SPS=813 w_ev=0.124 m_ev=0.903 m_v_bias=-18.2 m_adv_std=70.2058 m_kl_max=0.0134 m_ratio_max=0.626 w_ax@goal=+0.76 w_v@goal=4.25 return=813.3 length=83 success_rate=1.00 collisions/ep=3.88 (n=25)
update=45 global_step=92160 SPS=821 w_ev=0.122 m_ev=0.904 m_v_bias=8.8 m_adv_std=71.5966 m_kl_max=0.0080 m_ratio_max=0.366 w_ax@goal=+0.65 w_v@goal=4.41 return=820.5 length=84 success_rate=1.00 collisions/ep=3.73 (n=26)
Evaluation at update 45: return=583.04, length=79.45, success_rate=1.00, collisions/ep=8.55
Solved-check at update 45: solved=False worst_gap=452.80 at p_x0=0.00 p_y0=-1.00 (consecutive=0)
update=46 global_step=94208 SPS=797 w_ev=0.073 m_ev=0.913 m_v_bias=17.3 m_adv_std=67.8688 m_kl_max=0.0092 m_ratio_max=0.403 w_ax@goal=+0.84 w_v@goal=4.22 return=782.9 length=90 success_rate=1.00 collisions/ep=4.41 (n=22)
update=47 global_step=96256 SPS=804 w_ev=0.116 m_ev=0.904 m_v_bias=-15.6 m_adv_std=73.0092 m_kl_max=0.0131 m_ratio_max=0.463 w_ax@goal=+0.73 w_v@goal=4.09 return=834.8 length=87 success_rate=1.00 collisions/ep=3.44 (n=25)
update=48 global_step=98304 SPS=811 w_ev=0.107 m_ev=0.882 m_v_bias=11.6 m_adv_std=83.6834 m_kl_max=0.0065 m_ratio_max=0.294 w_ax@goal=+0.91 w_v@goal=4.07 return=769.6 length=86 success_rate=1.00 collisions/ep=4.75 (n=24)
update=49 global_step=100352 SPS=818 w_ev=0.069 m_ev=0.926 m_v_bias=-17.0 m_adv_std=60.8640 m_kl_max=0.0240 m_ratio_max=0.580 w_ax@goal=+0.79 w_v@goal=4.10 return=852.3 length=89 success_rate=1.00 collisions/ep=3.05 (n=22)
update=50 global_step=102400 SPS=825 w_ev=0.065 m_ev=0.889 m_v_bias=18.2 m_adv_std=77.6162 m_kl_max=0.0071 m_ratio_max=0.615 w_ax@goal=+0.71 w_v@goal=4.28 return=798.7 length=85 success_rate=1.00 collisions/ep=4.16 (n=25)
Evaluation at update 50: return=587.78, length=79.70, success_rate=1.00, collisions/ep=8.45
Solved-check at update 50: solved=False worst_gap=602.15 at p_x0=2.00 p_y0=-1.00 (consecutive=0)
update=51 global_step=104448 SPS=803 w_ev=0.064 m_ev=0.840 m_v_bias=-1.3 m_adv_std=92.3694 m_kl_max=0.0216 m_ratio_max=0.841 w_ax@goal=+0.72 w_v@goal=4.13 return=804.3 length=84 success_rate=1.00 collisions/ep=4.04 (n=23)
update=52 global_step=106496 SPS=809 w_ev=0.073 m_ev=0.931 m_v_bias=-0.5 m_adv_std=60.9044 m_kl_max=0.0042 m_ratio_max=0.357 w_ax@goal=+0.68 w_v@goal=4.17 return=790.3 length=86 success_rate=1.00 collisions/ep=4.29 (n=24)
update=53 global_step=108544 SPS=814 w_ev=0.110 m_ev=0.917 m_v_bias=2.1 m_adv_std=67.0166 m_kl_max=0.0115 m_ratio_max=0.796 w_ax@goal=+0.77 w_v@goal=3.92 return=771.1 length=84 success_rate=1.00 collisions/ep=4.71 (n=24)
update=54 global_step=110592 SPS=820 w_ev=0.003 m_ev=0.880 m_v_bias=2.1 m_adv_std=80.2293 m_kl_max=0.0106 m_ratio_max=0.533 w_ax@goal=+0.74 w_v@goal=4.18 return=782.3 length=87 success_rate=1.00 collisions/ep=4.48 (n=23)
update=55 global_step=112640 SPS=826 w_ev=0.078 m_ev=0.908 m_v_bias=-4.9 m_adv_std=69.4003 m_kl_max=0.0027 m_ratio_max=0.281 w_ax@goal=+0.92 w_v@goal=4.10 return=786.3 length=85 success_rate=1.00 collisions/ep=4.42 (n=24)
Evaluation at update 55: return=585.48, length=79.50, success_rate=1.00, collisions/ep=8.50
Solved-check at update 55: solved=False worst_gap=452.86 at p_x0=0.00 p_y0=-1.00 (consecutive=0)
update=56 global_step=114688 SPS=806 w_ev=0.127 m_ev=0.918 m_v_bias=-3.2 m_adv_std=63.7333 m_kl_max=0.0126 m_ratio_max=0.433 w_ax@goal=+0.88 w_v@goal=4.10 return=823.6 length=85 success_rate=1.00 collisions/ep=3.67 (n=24)
update=57 global_step=116736 SPS=812 w_ev=0.123 m_ev=0.933 m_v_bias=-30.3 m_adv_std=56.6826 m_kl_max=0.0107 m_ratio_max=0.530 w_ax@goal=+1.02 w_v@goal=3.90 return=852.9 length=85 success_rate=1.00 collisions/ep=3.08 (n=26)
update=58 global_step=118784 SPS=817 w_ev=0.132 m_ev=0.890 m_v_bias=41.1 m_adv_std=75.4664 m_kl_max=0.0035 m_ratio_max=0.366 w_ax@goal=+0.92 w_v@goal=3.93 return=783.5 length=83 success_rate=1.00 collisions/ep=4.48 (n=23)
update=59 global_step=120832 SPS=823 w_ev=0.135 m_ev=0.915 m_v_bias=-18.1 m_adv_std=65.8712 m_kl_max=0.0055 m_ratio_max=0.306 w_ax@goal=+0.56 w_v@goal=4.04 return=834.2 length=88 success_rate=1.00 collisions/ep=3.42 (n=24)
update=60 global_step=122880 SPS=828 w_ev=0.188 m_ev=0.918 m_v_bias=-12.2 m_adv_std=60.9886 m_kl_max=0.0082 m_ratio_max=0.554 w_ax@goal=+0.75 w_v@goal=4.03 return=837.6 length=86 success_rate=1.00 collisions/ep=3.38 (n=24)
Evaluation at update 60: return=590.29, length=79.75, success_rate=1.00, collisions/ep=8.40
Solved-check at update 60: solved=False worst_gap=453.00 at p_x0=0.00 p_y0=-1.00 (consecutive=0)
update=61 global_step=124928 SPS=810 w_ev=0.085 m_ev=0.909 m_v_bias=13.8 m_adv_std=69.5813 m_kl_max=0.0085 m_ratio_max=0.362 w_ax@goal=+0.70 w_v@goal=4.22 return=822.1 length=89 success_rate=1.00 collisions/ep=3.62 (n=24)
update=62 global_step=126976 SPS=816 w_ev=0.132 m_ev=0.898 m_v_bias=7.4 m_adv_std=73.0162 m_kl_max=0.0097 m_ratio_max=0.475 w_ax@goal=+0.68 w_v@goal=3.98 return=830.7 length=87 success_rate=1.00 collisions/ep=3.48 (n=23)
update=63 global_step=129024 SPS=821 w_ev=0.124 m_ev=0.901 m_v_bias=5.9 m_adv_std=72.3347 m_kl_max=0.0066 m_ratio_max=0.385 w_ax@goal=+0.60 w_v@goal=3.87 return=830.4 length=90 success_rate=1.00 collisions/ep=3.50 (n=22)
update=64 global_step=131072 SPS=825 w_ev=0.120 m_ev=0.885 m_v_bias=2.5 m_adv_std=77.8535 m_kl_max=0.0151 m_ratio_max=0.574 w_ax@goal=+0.68 w_v@goal=4.05 return=774.4 length=86 success_rate=1.00 collisions/ep=4.61 (n=23)
update=65 global_step=133120 SPS=831 w_ev=0.164 m_ev=0.899 m_v_bias=-4.8 m_adv_std=73.9315 m_kl_max=0.0108 m_ratio_max=0.369 w_ax@goal=+0.70 w_v@goal=3.95 return=827.4 length=86 success_rate=1.00 collisions/ep=3.54 (n=24)
Evaluation at update 65: return=793.16, length=79.45, success_rate=1.00, collisions/ep=4.35
Solved-check at update 65: solved=False worst_gap=401.87 at p_x0=1.50 p_y0=1.00 (consecutive=0)
update=66 global_step=135168 SPS=814 w_ev=0.180 m_ev=0.902 m_v_bias=8.8 m_adv_std=70.2383 m_kl_max=0.0237 m_ratio_max=0.856 w_ax@goal=+0.71 w_v@goal=3.98 return=799.2 length=86 success_rate=1.00 collisions/ep=4.13 (n=23)
update=67 global_step=137216 SPS=820 w_ev=0.139 m_ev=0.943 m_v_bias=-8.7 m_adv_std=52.7006 m_kl_max=0.0077 m_ratio_max=0.373 w_ax@goal=+0.77 w_v@goal=4.15 return=814.6 length=86 success_rate=1.00 collisions/ep=3.83 (n=24)
update=68 global_step=139264 SPS=825 w_ev=0.143 m_ev=0.932 m_v_bias=-2.8 m_adv_std=57.9259 m_kl_max=0.0096 m_ratio_max=0.425 w_ax@goal=+0.64 w_v@goal=4.06 return=832.1 length=86 success_rate=1.00 collisions/ep=3.46 (n=24)
update=69 global_step=141312 SPS=830 w_ev=0.142 m_ev=0.922 m_v_bias=-6.1 m_adv_std=62.4666 m_kl_max=0.0103 m_ratio_max=0.560 w_ax@goal=+0.62 w_v@goal=4.08 return=849.0 length=86 success_rate=1.00 collisions/ep=3.12 (n=24)
update=70 global_step=143360 SPS=835 w_ev=0.167 m_ev=0.904 m_v_bias=14.4 m_adv_std=70.9595 m_kl_max=0.0184 m_ratio_max=0.639 w_ax@goal=+0.79 w_v@goal=3.94 return=833.9 length=88 success_rate=1.00 collisions/ep=3.38 (n=24)
Evaluation at update 70: return=840.53, length=79.50, success_rate=1.00, collisions/ep=3.40
Solved-check at update 70: solved=False worst_gap=501.99 at p_x0=2.00 p_y0=-0.50 (consecutive=0)
update=71 global_step=145408 SPS=817 w_ev=0.200 m_ev=0.891 m_v_bias=14.9 m_adv_std=79.0394 m_kl_max=0.0048 m_ratio_max=0.331 w_ax@goal=+0.96 w_v@goal=3.86 return=774.8 length=88 success_rate=1.00 collisions/ep=4.57 (n=23)
update=72 global_step=147456 SPS=822 w_ev=0.267 m_ev=0.929 m_v_bias=-15.7 m_adv_std=58.5324 m_kl_max=0.0126 m_ratio_max=0.419 w_ax@goal=+0.81 w_v@goal=3.76 return=854.6 length=85 success_rate=1.00 collisions/ep=3.04 (n=23)
update=73 global_step=149504 SPS=827 w_ev=0.193 m_ev=0.901 m_v_bias=14.0 m_adv_std=74.2146 m_kl_max=0.0212 m_ratio_max=0.608 w_ax@goal=+0.47 w_v@goal=4.02 return=799.0 length=88 success_rate=1.00 collisions/ep=4.12 (n=24)
update=74 global_step=151552 SPS=832 w_ev=0.140 m_ev=0.925 m_v_bias=9.0 m_adv_std=63.7034 m_kl_max=0.0181 m_ratio_max=0.495 w_ax@goal=+0.72 w_v@goal=3.89 return=792.0 length=87 success_rate=1.00 collisions/ep=4.26 (n=23)
update=75 global_step=153600 SPS=836 w_ev=0.177 m_ev=0.927 m_v_bias=-9.8 m_adv_std=62.2394 m_kl_max=0.0182 m_ratio_max=1.293 w_ax@goal=+0.75 w_v@goal=3.90 return=822.7 length=88 success_rate=1.00 collisions/ep=3.60 (n=25)
Evaluation at update 75: return=590.52, length=79.50, success_rate=1.00, collisions/ep=8.40
Solved-check at update 75: solved=False worst_gap=501.99 at p_x0=2.00 p_y0=-1.00 (consecutive=0)
update=76 global_step=155648 SPS=823 w_ev=0.158 m_ev=0.893 m_v_bias=-6.0 m_adv_std=71.7707 m_kl_max=0.0183 m_ratio_max=0.562 w_ax@goal=+0.92 w_v@goal=3.88 return=836.7 length=88 success_rate=1.00 collisions/ep=3.36 (n=22)
update=77 global_step=157696 SPS=827 w_ev=0.232 m_ev=0.935 m_v_bias=1.3 m_adv_std=56.5941 m_kl_max=0.0181 m_ratio_max=0.618 w_ax@goal=+0.77 w_v@goal=3.85 return=811.9 length=83 success_rate=1.00 collisions/ep=3.92 (n=24)
update=78 global_step=159744 SPS=831 w_ev=0.195 m_ev=0.931 m_v_bias=-13.3 m_adv_std=56.5863 m_kl_max=0.0103 m_ratio_max=0.355 w_ax@goal=+0.83 w_v@goal=3.80 return=860.5 length=83 success_rate=1.00 collisions/ep=2.93 (n=27)
update=79 global_step=161792 SPS=835 w_ev=0.258 m_ev=0.914 m_v_bias=-0.8 m_adv_std=66.1971 m_kl_max=0.0396 m_ratio_max=1.122 w_ax@goal=+0.78 w_v@goal=3.82 return=831.3 length=83 success_rate=1.00 collisions/ep=3.54 (n=24)
update=80 global_step=163840 SPS=839 w_ev=0.210 m_ev=0.923 m_v_bias=-11.1 m_adv_std=60.6694 m_kl_max=0.0145 m_ratio_max=1.015 w_ax@goal=+1.12 w_v@goal=3.78 return=876.3 length=85 success_rate=1.00 collisions/ep=2.67 (n=24)
Evaluation at update 80: return=776.07, length=78.95, success_rate=1.00, collisions/ep=4.70
Solved-check at update 80: solved=False worst_gap=501.93 at p_x0=0.50 p_y0=-1.00 (consecutive=0)
update=81 global_step=165888 SPS=825 w_ev=0.211 m_ev=0.935 m_v_bias=-1.1 m_adv_std=54.6738 m_kl_max=0.0498 m_ratio_max=2.818 w_ax@goal=+1.07 w_v@goal=3.78 return=807.2 length=82 success_rate=1.00 collisions/ep=4.04 (n=24)
update=82 global_step=167936 SPS=830 w_ev=0.322 m_ev=0.928 m_v_bias=-6.4 m_adv_std=59.2189 m_kl_max=0.0170 m_ratio_max=0.881 w_ax@goal=+0.91 w_v@goal=3.86 return=857.0 length=80 success_rate=1.00 collisions/ep=3.04 (n=27)
update=83 global_step=169984 SPS=834 w_ev=0.262 m_ev=0.951 m_v_bias=4.0 m_adv_std=45.7550 m_kl_max=0.0352 m_ratio_max=1.089 w_ax@goal=+0.81 w_v@goal=3.85 return=832.6 length=82 success_rate=1.00 collisions/ep=3.50 (n=24)
update=84 global_step=172032 SPS=837 w_ev=0.225 m_ev=0.952 m_v_bias=-13.4 m_adv_std=44.3153 m_kl_max=0.0115 m_ratio_max=0.604 w_ax@goal=+0.79 w_v@goal=3.92 return=894.1 length=82 success_rate=1.00 collisions/ep=2.28 (n=25)
update=85 global_step=174080 SPS=840 w_ev=0.296 m_ev=0.949 m_v_bias=2.0 m_adv_std=46.9104 m_kl_max=0.0361 m_ratio_max=0.995 w_ax@goal=+0.94 w_v@goal=3.86 return=863.4 length=84 success_rate=1.00 collisions/ep=2.92 (n=25)
Evaluation at update 85: return=910.67, length=79.25, success_rate=1.00, collisions/ep=2.00
Solved-check at update 85: solved=False worst_gap=452.07 at p_x0=1.00 p_y0=-0.50 (consecutive=0)
update=86 global_step=176128 SPS=826 w_ev=0.272 m_ev=0.910 m_v_bias=20.3 m_adv_std=63.8375 m_kl_max=0.0168 m_ratio_max=1.562 w_ax@goal=+1.02 w_v@goal=3.86 return=845.3 length=84 success_rate=1.00 collisions/ep=3.25 (n=24)
update=87 global_step=178176 SPS=830 w_ev=0.318 m_ev=0.929 m_v_bias=-3.6 m_adv_std=58.0015 m_kl_max=0.0129 m_ratio_max=0.821 w_ax@goal=+1.05 w_v@goal=3.85 return=849.6 length=84 success_rate=1.00 collisions/ep=3.17 (n=24)
update=88 global_step=180224 SPS=833 w_ev=0.352 m_ev=0.929 m_v_bias=5.0 m_adv_std=58.7681 m_kl_max=0.0139 m_ratio_max=0.469 w_ax@goal=+1.07 w_v@goal=3.78 return=822.9 length=81 success_rate=1.00 collisions/ep=3.73 (n=26)
update=89 global_step=182272 SPS=837 w_ev=0.295 m_ev=0.924 m_v_bias=5.5 m_adv_std=60.8412 m_kl_max=0.0171 m_ratio_max=0.506 w_ax@goal=+1.13 w_v@goal=3.76 return=833.3 length=82 success_rate=1.00 collisions/ep=3.52 (n=25)
update=90 global_step=184320 SPS=840 w_ev=0.362 m_ev=0.946 m_v_bias=-27.2 m_adv_std=48.4338 m_kl_max=0.0183 m_ratio_max=0.698 w_ax@goal=+0.94 w_v@goal=3.92 return=875.4 length=83 success_rate=1.00 collisions/ep=2.67 (n=24)
Evaluation at update 90: return=930.77, length=79.10, success_rate=1.00, collisions/ep=1.60
Solved-check at update 90: solved=False worst_gap=501.70 at p_x0=2.00 p_y0=-0.50 (consecutive=0)
update=91 global_step=186368 SPS=827 w_ev=0.242 m_ev=0.946 m_v_bias=12.0 m_adv_std=48.2454 m_kl_max=0.0118 m_ratio_max=0.425 w_ax@goal=+0.65 w_v@goal=3.93 return=871.0 length=84 success_rate=1.00 collisions/ep=2.71 (n=24)
update=92 global_step=188416 SPS=831 w_ev=0.269 m_ev=0.940 m_v_bias=6.7 m_adv_std=52.6607 m_kl_max=0.0068 m_ratio_max=0.540 w_ax@goal=+0.90 w_v@goal=3.65 return=841.0 length=85 success_rate=1.00 collisions/ep=3.33 (n=24)
update=93 global_step=190464 SPS=835 w_ev=0.184 m_ev=0.909 m_v_bias=9.2 m_adv_std=63.8704 m_kl_max=0.0036 m_ratio_max=0.286 w_ax@goal=+0.85 w_v@goal=3.92 return=865.4 length=85 success_rate=1.00 collisions/ep=2.83 (n=24)
update=94 global_step=192512 SPS=837 w_ev=0.307 m_ev=0.922 m_v_bias=-8.6 m_adv_std=57.9014 m_kl_max=0.0132 m_ratio_max=0.550 w_ax@goal=+0.95 w_v@goal=3.84 return=831.6 length=85 success_rate=1.00 collisions/ep=3.52 (n=25)
update=95 global_step=194560 SPS=840 w_ev=0.365 m_ev=0.940 m_v_bias=-1.1 m_adv_std=50.7961 m_kl_max=0.0128 m_ratio_max=0.680 w_ax@goal=+0.71 w_v@goal=3.76 return=880.1 length=84 success_rate=1.00 collisions/ep=2.54 (n=24)
Evaluation at update 95: return=933.04, length=79.50, success_rate=1.00, collisions/ep=1.55
Solved-check at update 95: solved=False worst_gap=102.53 at p_x0=0.00 p_y0=-1.00 (consecutive=0)
update=96 global_step=196608 SPS=829 w_ev=0.389 m_ev=0.911 m_v_bias=21.1 m_adv_std=65.7453 m_kl_max=0.0047 m_ratio_max=0.313 w_ax@goal=+0.72 w_v@goal=3.53 return=840.9 length=86 success_rate=1.00 collisions/ep=3.29 (n=24)
update=97 global_step=198656 SPS=833 w_ev=0.447 m_ev=0.944 m_v_bias=4.4 m_adv_std=51.4484 m_kl_max=0.0137 m_ratio_max=0.470 w_ax@goal=+0.51 w_v@goal=3.43 return=842.1 length=86 success_rate=1.00 collisions/ep=3.24 (n=25)
update=98 global_step=200704 SPS=836 w_ev=0.395 m_ev=0.915 m_v_bias=2.4 m_adv_std=63.9537 m_kl_max=0.0204 m_ratio_max=0.583 w_ax@goal=+0.43 w_v@goal=3.30 return=846.2 length=86 success_rate=1.00 collisions/ep=3.17 (n=24)
update=99 global_step=202752 SPS=840 w_ev=0.435 m_ev=0.932 m_v_bias=2.6 m_adv_std=58.0946 m_kl_max=0.0589 m_ratio_max=4.111 w_ax@goal=+0.39 w_v@goal=3.36 return=848.9 length=87 success_rate=1.00 collisions/ep=3.10 (n=21)
update=100 global_step=204800 SPS=843 w_ev=0.372 m_ev=0.948 m_v_bias=11.1 m_adv_std=52.8436 m_kl_max=0.0253 m_ratio_max=1.210 w_ax@goal=+0.33 w_v@goal=3.71 return=801.8 length=92 success_rate=1.00 collisions/ep=4.00 (n=24)
Evaluation at update 100: return=585.72, length=79.35, success_rate=1.00, collisions/ep=8.50
Solved-check at update 100: solved=False worst_gap=501.85 at p_x0=1.50 p_y0=-0.50 (consecutive=0)
update=101 global_step=206848 SPS=833 w_ev=0.414 m_ev=0.898 m_v_bias=5.7 m_adv_std=76.4957 m_kl_max=0.0256 m_ratio_max=1.146 w_ax@goal=+0.67 w_v@goal=3.49 return=783.0 length=88 success_rate=1.00 collisions/ep=4.46 (n=24)
update=102 global_step=208896 SPS=836 w_ev=0.310 m_ev=0.889 m_v_bias=24.0 m_adv_std=83.3553 m_kl_max=0.0090 m_ratio_max=0.553 w_ax@goal=+0.43 w_v@goal=3.47 return=752.5 length=89 success_rate=1.00 collisions/ep=5.00 (n=22)
update=103 global_step=210944 SPS=839 w_ev=0.234 m_ev=0.891 m_v_bias=11.1 m_adv_std=88.0294 m_kl_max=0.0138 m_ratio_max=0.593 w_ax@goal=+0.53 w_v@goal=3.46 return=749.3 length=93 success_rate=1.00 collisions/ep=5.00 (n=21)
update=104 global_step=212992 SPS=843 w_ev=0.277 m_ev=0.856 m_v_bias=7.0 m_adv_std=105.1927 m_kl_max=0.0165 m_ratio_max=0.751 w_ax@goal=+0.49 w_v@goal=3.65 return=648.1 length=90 success_rate=1.00 collisions/ep=7.08 (n=24)
update=105 global_step=215040 SPS=846 w_ev=0.299 m_ev=0.850 m_v_bias=-11.9 m_adv_std=99.3281 m_kl_max=0.0027 m_ratio_max=0.268 w_ax@goal=+0.57 w_v@goal=3.53 return=749.8 length=86 success_rate=1.00 collisions/ep=5.09 (n=22)
Evaluation at update 105: return=556.10, length=78.85, success_rate=1.00, collisions/ep=9.10
Solved-check at update 105: solved=False worst_gap=802.01 at p_x0=0.00 p_y0=1.00 (consecutive=0)
update=106 global_step=217088 SPS=836 w_ev=0.427 m_ev=0.878 m_v_bias=28.1 m_adv_std=92.0341 m_kl_max=0.0150 m_ratio_max=0.560 w_ax@goal=+0.46 w_v@goal=3.53 return=699.8 length=90 success_rate=1.00 collisions/ep=6.08 (n=24)
update=107 global_step=219136 SPS=839 w_ev=0.387 m_ev=0.888 m_v_bias=-38.0 m_adv_std=82.2138 m_kl_max=0.0091 m_ratio_max=0.422 w_ax@goal=+0.42 w_v@goal=3.38 return=777.0 length=87 success_rate=1.00 collisions/ep=4.57 (n=23)
update=108 global_step=221184 SPS=842 w_ev=0.391 m_ev=0.896 m_v_bias=-18.0 m_adv_std=79.7665 m_kl_max=0.0125 m_ratio_max=0.358 w_ax@goal=+0.53 w_v@goal=3.39 return=780.6 length=83 success_rate=1.00 collisions/ep=4.50 (n=26)
update=109 global_step=223232 SPS=845 w_ev=0.425 m_ev=0.862 m_v_bias=3.7 m_adv_std=88.2010 m_kl_max=0.0253 m_ratio_max=1.733 w_ax@goal=+0.60 w_v@goal=3.39 return=784.0 length=84 success_rate=1.00 collisions/ep=4.46 (n=24)
update=110 global_step=225280 SPS=848 w_ev=0.503 m_ev=0.905 m_v_bias=18.8 m_adv_std=76.5408 m_kl_max=0.0152 m_ratio_max=0.730 w_ax@goal=+0.65 w_v@goal=3.27 return=705.7 length=86 success_rate=1.00 collisions/ep=6.00 (n=24)
Evaluation at update 110: return=426.24, length=78.70, success_rate=1.00, collisions/ep=11.70
Solved-check at update 110: solved=False worst_gap=801.68 at p_x0=0.50 p_y0=0.50 (consecutive=0)
update=111 global_step=227328 SPS=838 w_ev=0.461 m_ev=0.932 m_v_bias=-7.7 m_adv_std=64.9412 m_kl_max=0.0062 m_ratio_max=0.333 w_ax@goal=+0.50 w_v@goal=3.40 return=751.7 length=83 success_rate=1.00 collisions/ep=5.12 (n=25)
update=112 global_step=229376 SPS=841 w_ev=0.495 m_ev=0.881 m_v_bias=15.8 m_adv_std=92.7128 m_kl_max=0.0191 m_ratio_max=0.672 w_ax@goal=+0.50 w_v@goal=3.33 return=699.6 length=82 success_rate=1.00 collisions/ep=6.17 (n=24)
update=113 global_step=231424 SPS=844 w_ev=0.518 m_ev=0.936 m_v_bias=-18.0 m_adv_std=66.3027 m_kl_max=0.0144 m_ratio_max=0.607 w_ax@goal=+0.75 w_v@goal=3.19 return=719.1 length=85 success_rate=1.00 collisions/ep=5.75 (n=24)
update=114 global_step=233472 SPS=847 w_ev=0.505 m_ev=0.860 m_v_bias=20.9 m_adv_std=102.7942 m_kl_max=0.0118 m_ratio_max=1.015 w_ax@goal=+0.67 w_v@goal=3.16 return=645.4 length=83 success_rate=1.00 collisions/ep=7.25 (n=24)
update=115 global_step=235520 SPS=850 w_ev=0.422 m_ev=0.815 m_v_bias=19.2 m_adv_std=127.2373 m_kl_max=0.0120 m_ratio_max=0.634 w_ax@goal=+0.55 w_v@goal=3.13 return=631.8 length=85 success_rate=1.00 collisions/ep=7.50 (n=24)
Evaluation at update 115: return=488.47, length=79.15, success_rate=1.00, collisions/ep=10.45
Solved-check at update 115: solved=False worst_gap=1051.84 at p_x0=0.00 p_y0=-1.00 (consecutive=0)
update=116 global_step=237568 SPS=840 w_ev=0.477 m_ev=0.896 m_v_bias=-15.4 m_adv_std=93.4125 m_kl_max=0.0087 m_ratio_max=0.634 w_ax@goal=+0.58 w_v@goal=3.19 return=665.4 length=84 success_rate=1.00 collisions/ep=6.83 (n=24)
update=117 global_step=239616 SPS=843 w_ev=0.455 m_ev=0.914 m_v_bias=-23.4 m_adv_std=76.4596 m_kl_max=0.0122 m_ratio_max=0.454 w_ax@goal=+0.82 w_v@goal=3.30 return=682.9 length=84 success_rate=1.00 collisions/ep=6.50 (n=24)
update=118 global_step=241664 SPS=846 w_ev=0.331 m_ev=0.806 m_v_bias=25.2 m_adv_std=128.1166 m_kl_max=0.0073 m_ratio_max=0.521 w_ax@goal=+0.72 w_v@goal=3.49 return=689.9 length=85 success_rate=1.00 collisions/ep=6.36 (n=25)
update=119 global_step=243712 SPS=849 w_ev=0.358 m_ev=0.807 m_v_bias=11.9 m_adv_std=142.0935 m_kl_max=0.0079 m_ratio_max=0.441 w_ax@goal=+0.47 w_v@goal=3.34 return=584.2 length=87 success_rate=1.00 collisions/ep=8.43 (n=23)
update=120 global_step=245760 SPS=851 w_ev=0.416 m_ev=0.868 m_v_bias=-20.8 m_adv_std=105.0390 m_kl_max=0.0308 m_ratio_max=1.207 w_ax@goal=+0.58 w_v@goal=3.21 return=688.0 length=83 success_rate=1.00 collisions/ep=6.40 (n=25)
Evaluation at update 120: return=471.39, length=78.65, success_rate=1.00, collisions/ep=10.80
Solved-check at update 120: solved=False worst_gap=1101.71 at p_x0=0.50 p_y0=1.00 (consecutive=0)
update=121 global_step=247808 SPS=842 w_ev=0.320 m_ev=0.846 m_v_bias=37.4 m_adv_std=130.4298 m_kl_max=0.0574 m_ratio_max=1.581 w_ax@goal=+0.78 w_v@goal=3.24 return=583.3 length=83 success_rate=1.00 collisions/ep=8.48 (n=25)
update=122 global_step=249856 SPS=844 w_ev=0.474 m_ev=0.829 m_v_bias=-5.8 m_adv_std=112.3735 m_kl_max=0.0133 m_ratio_max=0.428 w_ax@goal=+0.87 w_v@goal=3.35 return=614.1 length=84 success_rate=1.00 collisions/ep=7.88 (n=25)
update=123 global_step=251904 SPS=846 w_ev=0.437 m_ev=0.859 m_v_bias=-25.0 m_adv_std=104.0737 m_kl_max=0.0287 m_ratio_max=1.014 w_ax@goal=+0.47 w_v@goal=3.05 return=711.6 length=82 success_rate=1.00 collisions/ep=5.92 (n=25)
update=124 global_step=253952 SPS=849 w_ev=0.475 m_ev=0.861 m_v_bias=11.5 m_adv_std=111.9385 m_kl_max=0.0092 m_ratio_max=0.591 w_ax@goal=+0.73 w_v@goal=3.24 return=612.5 length=84 success_rate=1.00 collisions/ep=7.92 (n=25)
update=125 global_step=256000 SPS=851 w_ev=0.392 m_ev=0.894 m_v_bias=-29.5 m_adv_std=86.0715 m_kl_max=0.0071 m_ratio_max=0.316 w_ax@goal=+0.71 w_v@goal=3.35 return=723.6 length=82 success_rate=1.00 collisions/ep=5.69 (n=26)
Evaluation at update 125: return=478.81, length=78.65, success_rate=1.00, collisions/ep=10.65
Solved-check at update 125: solved=False worst_gap=951.78 at p_x0=0.00 p_y0=-1.00 (consecutive=0)
update=126 global_step=258048 SPS=842 w_ev=0.432 m_ev=0.887 m_v_bias=11.6 m_adv_std=93.0862 m_kl_max=0.0089 m_ratio_max=0.447 w_ax@goal=+0.88 w_v@goal=3.15 return=683.5 length=86 success_rate=1.00 collisions/ep=6.50 (n=24)
update=127 global_step=260096 SPS=844 w_ev=0.093 m_ev=0.872 m_v_bias=-13.4 m_adv_std=97.2566 m_kl_max=0.0160 m_ratio_max=0.680 w_ax@goal=+0.84 w_v@goal=3.81 return=702.6 length=83 success_rate=1.00 collisions/ep=6.21 (n=24)
update=128 global_step=262144 SPS=847 w_ev=0.151 m_ev=0.945 m_v_bias=-23.1 m_adv_std=58.2172 m_kl_max=0.0041 m_ratio_max=0.811 w_ax@goal=+0.67 w_v@goal=3.76 return=749.7 length=84 success_rate=1.00 collisions/ep=5.25 (n=24)
update=129 global_step=264192 SPS=850 w_ev=0.171 m_ev=0.888 m_v_bias=33.0 m_adv_std=89.1011 m_kl_max=0.0198 m_ratio_max=0.771 w_ax@goal=+0.67 w_v@goal=3.92 return=699.9 length=84 success_rate=1.00 collisions/ep=6.19 (n=26)
update=130 global_step=266240 SPS=852 w_ev=0.064 m_ev=0.919 m_v_bias=-30.1 m_adv_std=68.9663 m_kl_max=0.0109 m_ratio_max=0.414 w_ax@goal=+0.88 w_v@goal=3.83 return=768.4 length=80 success_rate=1.00 collisions/ep=4.80 (n=25)
Evaluation at update 130: return=790.82, length=79.10, success_rate=1.00, collisions/ep=4.40
Solved-check at update 130: solved=False worst_gap=502.00 at p_x0=1.00 p_y0=0.00 (consecutive=0)
update=131 global_step=268288 SPS=844 w_ev=0.100 m_ev=0.891 m_v_bias=7.2 m_adv_std=82.1731 m_kl_max=0.0063 m_ratio_max=0.553 w_ax@goal=+0.74 w_v@goal=3.92 return=787.7 length=84 success_rate=1.00 collisions/ep=4.39 (n=23)
update=132 global_step=270336 SPS=848 w_ev=0.109 m_ev=0.923 m_v_bias=-11.5 m_adv_std=62.4624 m_kl_max=0.0106 m_ratio_max=0.419 w_ax@goal=+0.56 w_v@goal=4.09 return=801.2 length=85 success_rate=1.00 collisions/ep=4.12 (n=24)
update=133 global_step=272384 SPS=851 w_ev=0.064 m_ev=0.860 m_v_bias=20.1 m_adv_std=89.8896 m_kl_max=0.0191 m_ratio_max=0.499 w_ax@goal=+0.88 w_v@goal=3.98 return=777.4 length=85 success_rate=1.00 collisions/ep=4.62 (n=24)
update=134 global_step=274432 SPS=853 w_ev=0.058 m_ev=0.931 m_v_bias=-9.7 m_adv_std=60.2387 m_kl_max=0.0101 m_ratio_max=0.500 w_ax@goal=+0.79 w_v@goal=4.08 return=770.4 length=86 success_rate=1.00 collisions/ep=4.75 (n=24)
update=135 global_step=276480 SPS=856 w_ev=0.017 m_ev=0.883 m_v_bias=30.4 m_adv_std=90.3187 m_kl_max=0.0042 m_ratio_max=0.320 w_ax@goal=+0.88 w_v@goal=4.23 return=731.2 length=85 success_rate=1.00 collisions/ep=5.50 (n=24)
Evaluation at update 135: return=743.15, length=79.50, success_rate=1.00, collisions/ep=5.35
Solved-check at update 135: solved=False worst_gap=752.27 at p_x0=0.50 p_y0=1.00 (consecutive=0)
update=136 global_step=278528 SPS=847 w_ev=0.050 m_ev=0.867 m_v_bias=33.2 m_adv_std=106.5923 m_kl_max=0.0082 m_ratio_max=0.335 w_ax@goal=+0.77 w_v@goal=4.25 return=652.5 length=84 success_rate=1.00 collisions/ep=7.08 (n=25)
update=137 global_step=280576 SPS=850 w_ev=0.051 m_ev=0.885 m_v_bias=-19.0 m_adv_std=94.8749 m_kl_max=0.0241 m_ratio_max=0.567 w_ax@goal=+0.79 w_v@goal=4.23 return=656.7 length=87 success_rate=1.00 collisions/ep=7.00 (n=24)
update=138 global_step=282624 SPS=853 w_ev=0.048 m_ev=0.876 m_v_bias=-36.5 m_adv_std=85.0245 m_kl_max=0.0206 m_ratio_max=0.629 w_ax@goal=+0.58 w_v@goal=4.27 return=800.8 length=85 success_rate=1.00 collisions/ep=4.12 (n=24)
update=139 global_step=284672 SPS=855 w_ev=0.082 m_ev=0.923 m_v_bias=-13.1 m_adv_std=62.8264 m_kl_max=0.0140 m_ratio_max=0.677 w_ax@goal=+0.61 w_v@goal=4.27 return=803.6 length=82 success_rate=1.00 collisions/ep=4.08 (n=25)
update=140 global_step=286720 SPS=857 w_ev=0.022 m_ev=0.903 m_v_bias=15.6 m_adv_std=77.9969 m_kl_max=0.0135 m_ratio_max=0.433 w_ax@goal=+0.88 w_v@goal=4.43 return=749.0 length=84 success_rate=1.00 collisions/ep=5.17 (n=23)
Evaluation at update 140: return=683.87, length=78.65, success_rate=1.00, collisions/ep=6.55
Solved-check at update 140: solved=False worst_gap=501.76 at p_x0=0.00 p_y0=-0.50 (consecutive=0)
update=141 global_step=288768 SPS=849 w_ev=0.057 m_ev=0.912 m_v_bias=-5.3 m_adv_std=73.4329 m_kl_max=0.0253 m_ratio_max=0.844 w_ax@goal=+0.68 w_v@goal=4.30 return=805.0 length=84 success_rate=1.00 collisions/ep=4.08 (n=25)
update=142 global_step=290816 SPS=852 w_ev=0.055 m_ev=0.915 m_v_bias=-1.2 m_adv_std=72.0558 m_kl_max=0.0250 m_ratio_max=1.182 w_ax@goal=+0.77 w_v@goal=4.34 return=759.3 length=82 success_rate=1.00 collisions/ep=5.00 (n=25)
update=143 global_step=292864 SPS=854 w_ev=0.122 m_ev=0.889 m_v_bias=22.6 m_adv_std=90.2936 m_kl_max=0.0164 m_ratio_max=0.634 w_ax@goal=+0.96 w_v@goal=4.40 return=688.6 length=81 success_rate=1.00 collisions/ep=6.40 (n=25)
update=144 global_step=294912 SPS=856 w_ev=0.124 m_ev=0.866 m_v_bias=20.8 m_adv_std=107.2178 m_kl_max=0.0218 m_ratio_max=0.603 w_ax@goal=+0.91 w_v@goal=4.29 return=638.4 length=82 success_rate=1.00 collisions/ep=7.42 (n=24)
update=145 global_step=296960 SPS=858 w_ev=0.100 m_ev=0.890 m_v_bias=1.1 m_adv_std=92.7940 m_kl_max=0.0137 m_ratio_max=0.494 w_ax@goal=+0.86 w_v@goal=4.45 return=649.1 length=83 success_rate=1.00 collisions/ep=7.21 (n=24)
Evaluation at update 145: return=131.50, length=78.60, success_rate=1.00, collisions/ep=17.60
Solved-check at update 145: solved=False worst_gap=1751.64 at p_x0=0.00 p_y0=1.00 (consecutive=0)
update=146 global_step=299008 SPS=850 w_ev=0.110 m_ev=0.868 m_v_bias=16.8 m_adv_std=119.3719 m_kl_max=0.0190 m_ratio_max=0.780 w_ax@goal=+0.95 w_v@goal=4.58 return=598.6 length=83 success_rate=1.00 collisions/ep=8.22 (n=27)
update=147 global_step=301056 SPS=852 w_ev=0.081 m_ev=0.884 m_v_bias=26.0 m_adv_std=110.8817 m_kl_max=0.0308 m_ratio_max=0.874 w_ax@goal=+0.94 w_v@goal=4.56 return=569.6 length=81 success_rate=1.00 collisions/ep=8.80 (n=25)
update=148 global_step=303104 SPS=854 w_ev=0.148 m_ev=0.881 m_v_bias=34.7 m_adv_std=112.4616 m_kl_max=0.0032 m_ratio_max=0.361 w_ax@goal=+1.15 w_v@goal=4.41 return=469.5 length=80 success_rate=1.00 collisions/ep=10.81 (n=26)
update=149 global_step=305152 SPS=857 w_ev=0.094 m_ev=0.885 m_v_bias=21.5 m_adv_std=129.5094 m_kl_max=0.0144 m_ratio_max=0.611 w_ax@goal=+1.17 w_v@goal=4.34 return=419.4 length=84 success_rate=1.00 collisions/ep=11.79 (n=24)
update=150 global_step=307200 SPS=859 w_ev=0.064 m_ev=0.902 m_v_bias=14.9 m_adv_std=118.9184 m_kl_max=0.0025 m_ratio_max=0.314 w_ax@goal=+0.99 w_v@goal=4.22 return=359.2 length=82 success_rate=1.00 collisions/ep=13.00 (n=24)
Evaluation at update 150: return=34.03, length=78.50, success_rate=1.00, collisions/ep=19.55
Solved-check at update 150: solved=False worst_gap=1851.58 at p_x0=0.00 p_y0=1.00 (consecutive=0)
update=151 global_step=309248 SPS=851 w_ev=0.065 m_ev=0.872 m_v_bias=-44.3 m_adv_std=117.8350 m_kl_max=0.0037 m_ratio_max=0.240 w_ax@goal=+1.09 w_v@goal=4.20 return=494.6 length=81 success_rate=1.00 collisions/ep=10.31 (n=26)
update=152 global_step=311296 SPS=853 w_ev=0.046 m_ev=0.902 m_v_bias=11.0 m_adv_std=107.0467 m_kl_max=0.0071 m_ratio_max=0.410 w_ax@goal=+0.90 w_v@goal=4.20 return=453.4 length=82 success_rate=1.00 collisions/ep=11.12 (n=26)
update=153 global_step=313344 SPS=855 w_ev=0.058 m_ev=0.907 m_v_bias=27.6 m_adv_std=108.0251 m_kl_max=0.0132 m_ratio_max=0.793 w_ax@goal=+1.12 w_v@goal=4.31 return=368.2 length=82 success_rate=1.00 collisions/ep=12.83 (n=24)
update=154 global_step=315392 SPS=857 w_ev=0.073 m_ev=0.913 m_v_bias=-3.5 m_adv_std=110.3192 m_kl_max=0.0043 m_ratio_max=0.269 w_ax@goal=+1.05 w_v@goal=4.22 return=457.8 length=81 success_rate=1.00 collisions/ep=11.04 (n=25)
update=155 global_step=317440 SPS=860 w_ev=0.093 m_ev=0.905 m_v_bias=-26.1 m_adv_std=104.2836 m_kl_max=0.0101 m_ratio_max=0.501 w_ax@goal=+1.02 w_v@goal=4.12 return=411.5 length=80 success_rate=1.00 collisions/ep=11.96 (n=26)
Evaluation at update 155: return=-35.79, length=78.40, success_rate=1.00, collisions/ep=20.95
Solved-check at update 155: solved=False worst_gap=1851.39 at p_x0=0.00 p_y0=1.00 (consecutive=0)
update=156 global_step=319488 SPS=852 w_ev=0.063 m_ev=0.905 m_v_bias=-9.6 m_adv_std=108.7124 m_kl_max=0.0092 m_ratio_max=0.394 w_ax@goal=+1.17 w_v@goal=4.10 return=466.8 length=82 success_rate=1.00 collisions/ep=10.88 (n=25)
update=157 global_step=321536 SPS=854 w_ev=0.076 m_ev=0.923 m_v_bias=18.1 m_adv_std=101.2136 m_kl_max=0.0215 m_ratio_max=0.638 w_ax@goal=+1.33 w_v@goal=4.23 return=403.1 length=83 success_rate=1.00 collisions/ep=12.12 (n=24)
update=158 global_step=323584 SPS=856 w_ev=0.134 m_ev=0.881 m_v_bias=-29.2 m_adv_std=116.7896 m_kl_max=0.0136 m_ratio_max=0.636 w_ax@goal=+1.24 w_v@goal=4.04 return=469.6 length=83 success_rate=1.00 collisions/ep=10.80 (n=25)
update=159 global_step=325632 SPS=858 w_ev=-0.003 m_ev=0.874 m_v_bias=52.0 m_adv_std=142.5082 m_kl_max=0.0058 m_ratio_max=0.356 w_ax@goal=+0.99 w_v@goal=4.27 return=326.4 length=83 success_rate=1.00 collisions/ep=13.62 (n=24)
update=160 global_step=327680 SPS=861 w_ev=0.115 m_ev=0.940 m_v_bias=4.6 m_adv_std=93.8313 m_kl_max=0.0054 m_ratio_max=0.367 w_ax@goal=+1.11 w_v@goal=4.08 return=336.3 length=82 success_rate=1.00 collisions/ep=13.46 (n=24)
Evaluation at update 160: return=-43.36, length=78.45, success_rate=1.00, collisions/ep=21.10
Solved-check at update 160: solved=False worst_gap=1901.47 at p_x0=0.00 p_y0=1.00 (consecutive=0)
update=161 global_step=329728 SPS=854 w_ev=0.085 m_ev=0.903 m_v_bias=-26.4 m_adv_std=119.1089 m_kl_max=0.0062 m_ratio_max=0.482 w_ax@goal=+1.23 w_v@goal=3.98 return=391.2 length=82 success_rate=1.00 collisions/ep=12.36 (n=25)
update=162 global_step=331776 SPS=856 w_ev=0.130 m_ev=0.921 m_v_bias=15.7 m_adv_std=111.6736 m_kl_max=0.0090 m_ratio_max=0.532 w_ax@goal=+1.15 w_v@goal=4.08 return=293.8 length=83 success_rate=1.00 collisions/ep=14.31 (n=26)
update=163 global_step=333824 SPS=858 w_ev=0.002 m_ev=0.912 m_v_bias=-31.2 m_adv_std=107.5923 m_kl_max=0.0052 m_ratio_max=0.274 w_ax@goal=+1.04 w_v@goal=4.18 return=367.0 length=83 success_rate=1.00 collisions/ep=12.84 (n=25)
update=164 global_step=335872 SPS=860 w_ev=0.090 m_ev=0.894 m_v_bias=39.4 m_adv_std=134.4957 m_kl_max=0.0090 m_ratio_max=0.958 w_ax@goal=+1.04 w_v@goal=3.99 return=316.0 length=85 success_rate=1.00 collisions/ep=13.84 (n=25)
update=165 global_step=337920 SPS=862 w_ev=0.113 m_ev=0.919 m_v_bias=-48.5 m_adv_std=109.2757 m_kl_max=0.0088 m_ratio_max=0.396 w_ax@goal=+0.82 w_v@goal=4.00 return=370.0 length=87 success_rate=1.00 collisions/ep=12.73 (n=22)
Evaluation at update 165: return=-273.85, length=78.85, success_rate=1.00, collisions/ep=25.70
Solved-check at update 165: solved=False worst_gap=2151.90 at p_x0=0.00 p_y0=1.00 (consecutive=0)
update=166 global_step=339968 SPS=855 w_ev=0.123 m_ev=0.887 m_v_bias=24.8 m_adv_std=125.5751 m_kl_max=0.0129 m_ratio_max=0.745 w_ax@goal=+0.93 w_v@goal=3.93 return=329.1 length=86 success_rate=1.00 collisions/ep=13.54 (n=24)
update=167 global_step=342016 SPS=856 w_ev=0.168 m_ev=0.891 m_v_bias=-40.3 m_adv_std=116.3493 m_kl_max=0.0231 m_ratio_max=0.860 w_ax@goal=+0.80 w_v@goal=3.74 return=461.0 length=86 success_rate=1.00 collisions/ep=10.91 (n=23)
update=168 global_step=344064 SPS=859 w_ev=0.171 m_ev=0.875 m_v_bias=-6.8 m_adv_std=128.8458 m_kl_max=0.0171 m_ratio_max=0.827 w_ax@goal=+0.79 w_v@goal=3.96 return=512.0 length=85 success_rate=1.00 collisions/ep=9.84 (n=25)
update=169 global_step=346112 SPS=861 w_ev=0.158 m_ev=0.885 m_v_bias=12.9 m_adv_std=132.5237 m_kl_max=0.0166 m_ratio_max=0.545 w_ax@goal=+0.52 w_v@goal=3.84 return=343.2 length=88 success_rate=1.00 collisions/ep=13.22 (n=23)
update=170 global_step=348160 SPS=863 w_ev=0.142 m_ev=0.878 m_v_bias=-18.8 m_adv_std=123.9729 m_kl_max=0.0278 m_ratio_max=0.720 w_ax@goal=+0.59 w_v@goal=3.73 return=399.9 length=91 success_rate=1.00 collisions/ep=12.04 (n=23)
Evaluation at update 170: return=-101.70, length=79.20, success_rate=1.00, collisions/ep=22.25
Solved-check at update 170: solved=False worst_gap=1902.41 at p_x0=0.00 p_y0=1.00 (consecutive=0)
update=171 global_step=350208 SPS=856 w_ev=0.131 m_ev=0.917 m_v_bias=-5.1 m_adv_std=97.9640 m_kl_max=0.0139 m_ratio_max=0.512 w_ax@goal=+0.74 w_v@goal=3.80 return=429.3 length=87 success_rate=1.00 collisions/ep=11.52 (n=23)
update=172 global_step=352256 SPS=858 w_ev=0.056 m_ev=0.907 m_v_bias=1.2 m_adv_std=100.6334 m_kl_max=0.0149 m_ratio_max=0.813 w_ax@goal=+0.45 w_v@goal=3.91 return=514.8 length=88 success_rate=1.00 collisions/ep=9.75 (n=24)
update=173 global_step=354304 SPS=860 w_ev=0.081 m_ev=0.869 m_v_bias=-3.9 m_adv_std=124.0946 m_kl_max=0.0113 m_ratio_max=0.611 w_ax@goal=+0.54 w_v@goal=3.93 return=457.3 length=90 success_rate=1.00 collisions/ep=10.91 (n=22)
update=174 global_step=356352 SPS=862 w_ev=0.085 m_ev=0.888 m_v_bias=-42.8 m_adv_std=98.7422 m_kl_max=0.0159 m_ratio_max=0.943 w_ax@goal=+0.75 w_v@goal=4.05 return=641.6 length=89 success_rate=1.00 collisions/ep=7.23 (n=22)
update=175 global_step=358400 SPS=864 w_ev=0.082 m_ev=0.920 m_v_bias=16.2 m_adv_std=83.7948 m_kl_max=0.0197 m_ratio_max=0.973 w_ax@goal=+0.53 w_v@goal=3.98 return=543.3 length=90 success_rate=1.00 collisions/ep=9.16 (n=25)
Evaluation at update 175: return=315.85, length=79.15, success_rate=1.00, collisions/ep=13.90
Solved-check at update 175: solved=False worst_gap=1402.39 at p_x0=0.00 p_y0=1.00 (consecutive=0)
update=176 global_step=360448 SPS=857 w_ev=0.072 m_ev=0.891 m_v_bias=-15.7 m_adv_std=95.1879 m_kl_max=0.0019 m_ratio_max=0.196 w_ax@goal=+0.56 w_v@goal=3.93 return=655.6 length=89 success_rate=1.00 collisions/ep=6.95 (n=22)
update=177 global_step=362496 SPS=859 w_ev=0.045 m_ev=0.914 m_v_bias=4.2 m_adv_std=86.0349 m_kl_max=0.0313 m_ratio_max=0.834 w_ax@goal=+0.61 w_v@goal=4.08 return=613.3 length=86 success_rate=1.00 collisions/ep=7.84 (n=25)
update=178 global_step=364544 SPS=861 w_ev=0.108 m_ev=0.928 m_v_bias=-15.8 m_adv_std=74.4960 m_kl_max=0.0209 m_ratio_max=0.616 w_ax@goal=+0.49 w_v@goal=3.99 return=677.9 length=91 success_rate=1.00 collisions/ep=6.45 (n=22)
update=179 global_step=366592 SPS=863 w_ev=0.151 m_ev=0.923 m_v_bias=30.0 m_adv_std=79.9873 m_kl_max=0.0038 m_ratio_max=0.284 w_ax@goal=+0.67 w_v@goal=4.12 return=606.2 length=88 success_rate=1.00 collisions/ep=7.91 (n=23)
update=180 global_step=368640 SPS=865 w_ev=0.109 m_ev=0.887 m_v_bias=13.1 m_adv_std=108.4422 m_kl_max=0.0207 m_ratio_max=0.931 w_ax@goal=+0.75 w_v@goal=3.96 return=538.4 length=87 success_rate=1.00 collisions/ep=9.32 (n=25)
Evaluation at update 180: return=48.60, length=78.90, success_rate=1.00, collisions/ep=19.25
Solved-check at update 180: solved=False worst_gap=1802.05 at p_x0=0.00 p_y0=1.00 (consecutive=0)
update=181 global_step=370688 SPS=857 w_ev=0.108 m_ev=0.863 m_v_bias=0.5 m_adv_std=125.1714 m_kl_max=0.0136 m_ratio_max=0.710 w_ax@goal=+0.60 w_v@goal=3.82 return=516.0 length=84 success_rate=1.00 collisions/ep=9.83 (n=23)
update=182 global_step=372736 SPS=858 w_ev=0.089 m_ev=0.897 m_v_bias=-21.7 m_adv_std=97.9997 m_kl_max=0.0179 m_ratio_max=0.626 w_ax@goal=+0.93 w_v@goal=3.89 return=582.3 length=87 success_rate=1.00 collisions/ep=8.48 (n=23)
update=183 global_step=374784 SPS=860 w_ev=0.084 m_ev=0.898 m_v_bias=-24.9 m_adv_std=95.4291 m_kl_max=0.0149 m_ratio_max=0.967 w_ax@goal=+0.64 w_v@goal=4.01 return=630.6 length=87 success_rate=1.00 collisions/ep=7.50 (n=24)
update=184 global_step=376832 SPS=862 w_ev=0.065 m_ev=0.903 m_v_bias=14.8 m_adv_std=91.7412 m_kl_max=0.0174 m_ratio_max=0.597 w_ax@goal=+0.87 w_v@goal=4.10 return=635.4 length=87 success_rate=1.00 collisions/ep=7.40 (n=25)
update=185 global_step=378880 SPS=863 w_ev=0.038 m_ev=0.907 m_v_bias=11.5 m_adv_std=97.2639 m_kl_max=0.0297 m_ratio_max=0.741 w_ax@goal=+0.67 w_v@goal=4.06 return=558.2 length=86 success_rate=1.00 collisions/ep=8.96 (n=23)
Evaluation at update 185: return=523.75, length=78.70, success_rate=1.00, collisions/ep=9.75
Solved-check at update 185: solved=False worst_gap=1002.00 at p_x0=0.00 p_y0=1.00 (consecutive=0)
update=186 global_step=380928 SPS=857 w_ev=0.042 m_ev=0.874 m_v_bias=-33.3 m_adv_std=96.3433 m_kl_max=0.0029 m_ratio_max=0.478 w_ax@goal=+0.78 w_v@goal=4.06 return=688.7 length=91 success_rate=1.00 collisions/ep=6.26 (n=23)
update=187 global_step=382976 SPS=858 w_ev=0.096 m_ev=0.897 m_v_bias=-0.6 m_adv_std=85.0101 m_kl_max=0.0022 m_ratio_max=0.241 w_ax@goal=+0.71 w_v@goal=3.96 return=686.4 length=88 success_rate=1.00 collisions/ep=6.32 (n=22)
update=188 global_step=385024 SPS=860 w_ev=0.059 m_ev=0.906 m_v_bias=-1.0 m_adv_std=84.9374 m_kl_max=0.0134 m_ratio_max=0.416 w_ax@goal=+0.40 w_v@goal=4.08 return=696.6 length=86 success_rate=1.00 collisions/ep=6.17 (n=24)
update=189 global_step=387072 SPS=862 w_ev=0.046 m_ev=0.862 m_v_bias=26.6 m_adv_std=105.5385 m_kl_max=0.0037 m_ratio_max=0.264 w_ax@goal=+0.74 w_v@goal=4.16 return=605.2 length=87 success_rate=1.00 collisions/ep=7.95 (n=22)
update=190 global_step=389120 SPS=863 w_ev=0.085 m_ev=0.864 m_v_bias=-31.8 m_adv_std=99.0332 m_kl_max=0.0107 m_ratio_max=0.426 w_ax@goal=+0.78 w_v@goal=4.03 return=717.5 length=86 success_rate=1.00 collisions/ep=5.75 (n=24)
Evaluation at update 190: return=583.20, length=79.35, success_rate=1.00, collisions/ep=8.55
Solved-check at update 190: solved=False worst_gap=701.70 at p_x0=1.50 p_y0=-1.00 (consecutive=0)
update=191 global_step=391168 SPS=857 w_ev=0.092 m_ev=0.901 m_v_bias=-13.8 m_adv_std=83.6416 m_kl_max=0.0082 m_ratio_max=0.548 w_ax@goal=+0.60 w_v@goal=4.19 return=698.6 length=90 success_rate=1.00 collisions/ep=6.08 (n=24)
update=192 global_step=393216 SPS=859 w_ev=0.069 m_ev=0.918 m_v_bias=-11.0 m_adv_std=71.0881 m_kl_max=0.0082 m_ratio_max=0.464 w_ax@goal=+0.69 w_v@goal=3.99 return=754.0 length=87 success_rate=1.00 collisions/ep=5.04 (n=23)
update=193 global_step=395264 SPS=860 w_ev=0.068 m_ev=0.916 m_v_bias=2.3 m_adv_std=71.9627 m_kl_max=0.0050 m_ratio_max=0.441 w_ax@goal=+0.86 w_v@goal=4.07 return=728.7 length=82 success_rate=1.00 collisions/ep=5.58 (n=24)
update=194 global_step=397312 SPS=862 w_ev=0.137 m_ev=0.901 m_v_bias=-29.4 m_adv_std=75.8754 m_kl_max=0.0178 m_ratio_max=0.614 w_ax@goal=+0.66 w_v@goal=4.05 return=771.4 length=84 success_rate=1.00 collisions/ep=4.71 (n=24)
update=195 global_step=399360 SPS=864 w_ev=0.196 m_ev=0.882 m_v_bias=3.4 m_adv_std=84.5961 m_kl_max=0.0162 m_ratio_max=0.477 w_ax@goal=+0.75 w_v@goal=3.91 return=800.1 length=85 success_rate=1.00 collisions/ep=4.15 (n=26)
Evaluation at update 195: return=673.81, length=78.65, success_rate=1.00, collisions/ep=6.75
Solved-check at update 195: solved=False worst_gap=551.11 at p_x0=1.50 p_y0=-0.50 (consecutive=0)
update=196 global_step=401408 SPS=858 w_ev=0.185 m_ev=0.938 m_v_bias=1.5 m_adv_std=59.2318 m_kl_max=0.0095 m_ratio_max=0.344 w_ax@goal=+0.89 w_v@goal=3.97 return=783.7 length=86 success_rate=1.00 collisions/ep=4.48 (n=25)
update=197 global_step=403456 SPS=859 w_ev=0.143 m_ev=0.892 m_v_bias=-5.3 m_adv_std=78.1356 m_kl_max=0.0196 m_ratio_max=1.116 w_ax@goal=+0.54 w_v@goal=4.00 return=810.2 length=85 success_rate=1.00 collisions/ep=3.91 (n=23)
update=198 global_step=405504 SPS=861 w_ev=0.144 m_ev=0.872 m_v_bias=12.3 m_adv_std=89.0562 m_kl_max=0.0195 m_ratio_max=0.760 w_ax@goal=+0.75 w_v@goal=4.08 return=776.7 length=85 success_rate=1.00 collisions/ep=4.58 (n=24)
update=199 global_step=407552 SPS=863 w_ev=0.114 m_ev=0.910 m_v_bias=15.0 m_adv_std=75.8329 m_kl_max=0.0166 m_ratio_max=1.162 w_ax@goal=+0.65 w_v@goal=4.30 return=711.0 length=86 success_rate=1.00 collisions/ep=5.91 (n=22)
update=200 global_step=409600 SPS=865 w_ev=0.138 m_ev=0.840 m_v_bias=47.4 m_adv_std=118.8511 m_kl_max=0.0248 m_ratio_max=0.560 w_ax@goal=+0.73 w_v@goal=4.16 return=688.6 length=88 success_rate=1.00 collisions/ep=6.32 (n=25)
Evaluation at update 200: return=588.89, length=78.65, success_rate=1.00, collisions/ep=8.45
Solved-check at update 200: solved=False worst_gap=502.02 at p_x0=0.00 p_y0=1.00 (consecutive=0)
update=201 global_step=411648 SPS=859 w_ev=0.134 m_ev=0.884 m_v_bias=-48.1 m_adv_std=88.2978 m_kl_max=0.0198 m_ratio_max=0.687 w_ax@goal=+0.85 w_v@goal=4.08 return=675.5 length=85 success_rate=1.00 collisions/ep=6.60 (n=25)
update=202 global_step=413696 SPS=861 w_ev=0.131 m_ev=0.834 m_v_bias=14.1 m_adv_std=106.8014 m_kl_max=0.0096 m_ratio_max=0.634 w_ax@goal=+0.79 w_v@goal=3.95 return=695.0 length=86 success_rate=1.00 collisions/ep=6.22 (n=23)
update=203 global_step=415744 SPS=863 w_ev=0.091 m_ev=0.919 m_v_bias=15.8 m_adv_std=73.7922 m_kl_max=0.0065 m_ratio_max=0.438 w_ax@goal=+1.01 w_v@goal=4.08 return=710.6 length=87 success_rate=1.00 collisions/ep=5.91 (n=22)
update=204 global_step=417792 SPS=864 w_ev=0.075 m_ev=0.918 m_v_bias=-20.0 m_adv_std=73.5619 m_kl_max=0.0207 m_ratio_max=0.762 w_ax@goal=+0.67 w_v@goal=4.15 return=737.3 length=89 success_rate=1.00 collisions/ep=5.30 (n=23)
update=205 global_step=419840 SPS=866 w_ev=0.060 m_ev=0.905 m_v_bias=-1.2 m_adv_std=77.3387 m_kl_max=0.0086 m_ratio_max=0.566 w_ax@goal=+0.90 w_v@goal=4.10 return=753.7 length=85 success_rate=1.00 collisions/ep=5.04 (n=25)
Evaluation at update 205: return=596.41, length=78.60, success_rate=1.00, collisions/ep=8.30
Solved-check at update 205: solved=False worst_gap=500.99 at p_x0=1.50 p_y0=-1.00 (consecutive=0)
update=206 global_step=421888 SPS=860 w_ev=0.155 m_ev=0.929 m_v_bias=7.9 m_adv_std=68.6762 m_kl_max=0.0101 m_ratio_max=0.653 w_ax@goal=+0.86 w_v@goal=4.13 return=721.4 length=89 success_rate=1.00 collisions/ep=5.62 (n=24)
update=207 global_step=423936 SPS=862 w_ev=0.100 m_ev=0.876 m_v_bias=5.7 m_adv_std=94.4107 m_kl_max=0.0173 m_ratio_max=0.479 w_ax@goal=+0.83 w_v@goal=3.94 return=676.4 length=88 success_rate=1.00 collisions/ep=6.54 (n=24)
update=208 global_step=425984 SPS=863 w_ev=0.052 m_ev=0.910 m_v_bias=-14.7 m_adv_std=74.4410 m_kl_max=0.0091 m_ratio_max=0.532 w_ax@goal=+0.58 w_v@goal=4.18 return=752.6 length=88 success_rate=1.00 collisions/ep=5.00 (n=21)
update=209 global_step=428032 SPS=865 w_ev=0.037 m_ev=0.887 m_v_bias=2.0 m_adv_std=84.7069 m_kl_max=0.0087 m_ratio_max=0.370 w_ax@goal=+0.50 w_v@goal=4.13 return=736.6 length=88 success_rate=1.00 collisions/ep=5.32 (n=22)
update=210 global_step=430080 SPS=867 w_ev=0.116 m_ev=0.918 m_v_bias=-1.0 m_adv_std=75.8476 m_kl_max=0.0102 m_ratio_max=0.342 w_ax@goal=+0.85 w_v@goal=4.04 return=704.4 length=87 success_rate=1.00 collisions/ep=6.00 (n=26)
Evaluation at update 210: return=591.24, length=78.80, success_rate=1.00, collisions/ep=8.40
Solved-check at update 210: solved=False worst_gap=500.88 at p_x0=2.00 p_y0=-1.00 (consecutive=0)
update=211 global_step=432128 SPS=861 w_ev=0.121 m_ev=0.916 m_v_bias=-2.8 m_adv_std=70.2808 m_kl_max=0.0212 m_ratio_max=0.488 w_ax@goal=+0.82 w_v@goal=3.94 return=769.4 length=89 success_rate=1.00 collisions/ep=4.70 (n=23)
update=212 global_step=434176 SPS=862 w_ev=0.108 m_ev=0.916 m_v_bias=-16.2 m_adv_std=68.4742 m_kl_max=0.0134 m_ratio_max=0.597 w_ax@goal=+0.69 w_v@goal=3.96 return=788.1 length=87 success_rate=1.00 collisions/ep=4.33 (n=24)
update=213 global_step=436224 SPS=864 w_ev=0.172 m_ev=0.888 m_v_bias=3.3 m_adv_std=79.3354 m_kl_max=0.0175 m_ratio_max=0.469 w_ax@goal=+0.67 w_v@goal=3.98 return=788.5 length=90 success_rate=1.00 collisions/ep=4.24 (n=21)
update=214 global_step=438272 SPS=866 w_ev=0.135 m_ev=0.901 m_v_bias=14.2 m_adv_std=78.5175 m_kl_max=0.0212 m_ratio_max=0.522 w_ax@goal=+0.58 w_v@goal=3.97 return=748.4 length=90 success_rate=1.00 collisions/ep=5.08 (n=24)
update=215 global_step=440320 SPS=868 w_ev=0.115 m_ev=0.910 m_v_bias=-4.5 m_adv_std=73.1764 m_kl_max=0.0112 m_ratio_max=0.439 w_ax@goal=+0.66 w_v@goal=3.88 return=749.5 length=92 success_rate=1.00 collisions/ep=5.00 (n=22)
Evaluation at update 215: return=586.15, length=78.85, success_rate=1.00, collisions/ep=8.50
Solved-check at update 215: solved=False worst_gap=650.82 at p_x0=1.50 p_y0=-1.00 (consecutive=0)
update=216 global_step=442368 SPS=862 w_ev=0.110 m_ev=0.897 m_v_bias=9.7 m_adv_std=80.9974 m_kl_max=0.0091 m_ratio_max=0.507 w_ax@goal=+0.77 w_v@goal=3.89 return=765.6 length=88 success_rate=1.00 collisions/ep=4.74 (n=23)
update=217 global_step=444416 SPS=863 w_ev=0.138 m_ev=0.923 m_v_bias=-18.5 m_adv_std=66.5112 m_kl_max=0.0098 m_ratio_max=0.466 w_ax@goal=+0.60 w_v@goal=3.87 return=791.8 length=90 success_rate=1.00 collisions/ep=4.17 (n=23)
update=218 global_step=446464 SPS=865 w_ev=0.088 m_ev=0.928 m_v_bias=-26.6 m_adv_std=61.9718 m_kl_max=0.0037 m_ratio_max=0.285 w_ax@goal=+0.72 w_v@goal=3.81 return=848.3 length=90 success_rate=1.00 collisions/ep=3.09 (n=23)
update=219 global_step=448512 SPS=866 w_ev=0.059 m_ev=0.924 m_v_bias=13.2 m_adv_std=64.0151 m_kl_max=0.0114 m_ratio_max=0.524 w_ax@goal=+0.49 w_v@goal=3.88 return=790.5 length=89 success_rate=1.00 collisions/ep=4.25 (n=24)
update=220 global_step=450560 SPS=868 w_ev=0.093 m_ev=0.913 m_v_bias=-1.8 m_adv_std=67.3631 m_kl_max=0.0161 m_ratio_max=0.556 w_ax@goal=+0.51 w_v@goal=3.99 return=826.3 length=89 success_rate=1.00 collisions/ep=3.50 (n=24)
Evaluation at update 220: return=599.01, length=78.50, success_rate=1.00, collisions/ep=8.25
Solved-check at update 220: solved=False worst_gap=452.65 at p_x0=0.00 p_y0=1.00 (consecutive=0)
update=221 global_step=452608 SPS=863 w_ev=0.058 m_ev=0.886 m_v_bias=34.6 m_adv_std=86.1496 m_kl_max=0.0172 m_ratio_max=0.737 w_ax@goal=+0.57 w_v@goal=3.99 return=738.9 length=89 success_rate=1.00 collisions/ep=5.27 (n=22)
update=222 global_step=454656 SPS=864 w_ev=0.023 m_ev=0.947 m_v_bias=-24.0 m_adv_std=52.7458 m_kl_max=0.0096 m_ratio_max=0.370 w_ax@goal=+0.58 w_v@goal=4.01 return=797.3 length=86 success_rate=1.00 collisions/ep=4.13 (n=23)
update=223 global_step=456704 SPS=866 w_ev=0.030 m_ev=0.894 m_v_bias=5.2 m_adv_std=74.4859 m_kl_max=0.0036 m_ratio_max=0.477 w_ax@goal=+0.67 w_v@goal=4.06 return=791.2 length=90 success_rate=1.00 collisions/ep=4.27 (n=22)
update=224 global_step=458752 SPS=868 w_ev=0.062 m_ev=0.917 m_v_bias=-13.2 m_adv_std=63.9629 m_kl_max=0.0104 m_ratio_max=0.493 w_ax@goal=+0.73 w_v@goal=4.07 return=833.8 length=90 success_rate=1.00 collisions/ep=3.39 (n=23)
update=225 global_step=460800 SPS=869 w_ev=0.049 m_ev=0.940 m_v_bias=18.5 m_adv_std=58.1644 m_kl_max=0.0095 m_ratio_max=0.792 w_ax@goal=+0.65 w_v@goal=4.16 return=779.3 length=86 success_rate=1.00 collisions/ep=4.52 (n=25)
Evaluation at update 225: return=834.20, length=78.35, success_rate=1.00, collisions/ep=3.55
Solved-check at update 225: solved=False worst_gap=301.55 at p_x0=1.50 p_y0=1.00 (consecutive=0)
update=226 global_step=462848 SPS=863 w_ev=0.052 m_ev=0.890 m_v_bias=-8.2 m_adv_std=77.7811 m_kl_max=0.0050 m_ratio_max=0.363 w_ax@goal=+0.60 w_v@goal=4.10 return=804.8 length=88 success_rate=1.00 collisions/ep=4.00 (n=22)
update=227 global_step=464896 SPS=865 w_ev=0.106 m_ev=0.902 m_v_bias=28.6 m_adv_std=77.0559 m_kl_max=0.0070 m_ratio_max=0.668 w_ax@goal=+0.59 w_v@goal=4.10 return=764.9 length=86 success_rate=1.00 collisions/ep=4.80 (n=25)
update=228 global_step=466944 SPS=866 w_ev=0.129 m_ev=0.886 m_v_bias=-51.9 m_adv_std=75.5477 m_kl_max=0.0072 m_ratio_max=0.405 w_ax@goal=+0.74 w_v@goal=3.98 return=846.9 length=85 success_rate=1.00 collisions/ep=3.17 (n=23)
update=229 global_step=468992 SPS=868 w_ev=0.154 m_ev=0.933 m_v_bias=-2.2 m_adv_std=55.5803 m_kl_max=0.0055 m_ratio_max=0.330 w_ax@goal=+0.61 w_v@goal=4.03 return=847.2 length=86 success_rate=1.00 collisions/ep=3.17 (n=23)
update=230 global_step=471040 SPS=869 w_ev=0.039 m_ev=0.909 m_v_bias=12.5 m_adv_std=68.7039 m_kl_max=0.0030 m_ratio_max=0.339 w_ax@goal=+0.58 w_v@goal=4.24 return=829.5 length=89 success_rate=1.00 collisions/ep=3.50 (n=24)
Evaluation at update 230: return=961.56, length=78.45, success_rate=1.00, collisions/ep=1.00
Solved-check at update 230: solved=False worst_gap=500.78 at p_x0=2.00 p_y0=-1.00 (consecutive=0)
update=231 global_step=473088 SPS=864 w_ev=0.069 m_ev=0.884 m_v_bias=-3.5 m_adv_std=78.4902 m_kl_max=0.0188 m_ratio_max=0.585 w_ax@goal=+0.73 w_v@goal=4.12 return=814.0 length=89 success_rate=1.00 collisions/ep=3.82 (n=22)
update=232 global_step=475136 SPS=865 w_ev=0.138 m_ev=0.911 m_v_bias=5.7 m_adv_std=66.4351 m_kl_max=0.0081 m_ratio_max=0.486 w_ax@goal=+0.80 w_v@goal=4.01 return=858.2 length=86 success_rate=1.00 collisions/ep=2.96 (n=24)
update=233 global_step=477184 SPS=867 w_ev=0.072 m_ev=0.910 m_v_bias=-22.7 m_adv_std=69.8348 m_kl_max=0.0085 m_ratio_max=0.535 w_ax@goal=+0.71 w_v@goal=4.17 return=872.5 length=89 success_rate=1.00 collisions/ep=2.65 (n=23)
update=234 global_step=479232 SPS=868 w_ev=0.011 m_ev=0.890 m_v_bias=-0.5 m_adv_std=72.6841 m_kl_max=0.0096 m_ratio_max=0.608 w_ax@goal=+0.74 w_v@goal=4.14 return=851.3 length=85 success_rate=1.00 collisions/ep=3.12 (n=24)
update=235 global_step=481280 SPS=869 w_ev=0.040 m_ev=0.915 m_v_bias=3.6 m_adv_std=63.3369 m_kl_max=0.0150 m_ratio_max=0.517 w_ax@goal=+0.73 w_v@goal=4.11 return=864.0 length=85 success_rate=1.00 collisions/ep=2.84 (n=25)
Evaluation at update 235: return=916.93, length=78.10, success_rate=1.00, collisions/ep=1.90
Solved-check at update 235: solved=False worst_gap=501.01 at p_x0=0.50 p_y0=-1.00 (consecutive=0)
update=236 global_step=483328 SPS=864 w_ev=0.050 m_ev=0.855 m_v_bias=12.6 m_adv_std=86.2290 m_kl_max=0.0062 m_ratio_max=0.486 w_ax@goal=+0.87 w_v@goal=4.06 return=838.5 length=84 success_rate=1.00 collisions/ep=3.38 (n=24)
update=237 global_step=485376 SPS=866 w_ev=0.136 m_ev=0.910 m_v_bias=-12.8 m_adv_std=64.2501 m_kl_max=0.0182 m_ratio_max=0.652 w_ax@goal=+0.63 w_v@goal=3.98 return=884.0 length=87 success_rate=1.00 collisions/ep=2.39 (n=23)
update=238 global_step=487424 SPS=867 w_ev=0.103 m_ev=0.903 m_v_bias=26.7 m_adv_std=71.5170 m_kl_max=0.0068 m_ratio_max=0.645 w_ax@goal=+0.67 w_v@goal=3.99 return=823.1 length=88 success_rate=1.00 collisions/ep=3.61 (n=23)
update=239 global_step=489472 SPS=869 w_ev=0.147 m_ev=0.934 m_v_bias=-26.2 m_adv_std=56.6234 m_kl_max=0.0088 m_ratio_max=0.472 w_ax@goal=+0.70 w_v@goal=3.99 return=862.3 length=86 success_rate=1.00 collisions/ep=2.85 (n=26)
update=240 global_step=491520 SPS=870 w_ev=0.124 m_ev=0.921 m_v_bias=3.8 m_adv_std=61.9856 m_kl_max=0.0235 m_ratio_max=0.930 w_ax@goal=+0.73 w_v@goal=3.94 return=848.6 length=85 success_rate=1.00 collisions/ep=3.17 (n=24)
Evaluation at update 240: return=867.05, length=77.90, success_rate=1.00, collisions/ep=2.90
Solved-check at update 240: solved=False worst_gap=500.91 at p_x0=0.50 p_y0=-0.50 (consecutive=0)
update=241 global_step=493568 SPS=865 w_ev=0.178 m_ev=0.931 m_v_bias=-5.7 m_adv_std=59.2217 m_kl_max=0.0041 m_ratio_max=0.435 w_ax@goal=+0.77 w_v@goal=3.92 return=858.6 length=83 success_rate=1.00 collisions/ep=3.08 (n=24)
update=242 global_step=495616 SPS=867 w_ev=0.357 m_ev=0.941 m_v_bias=-7.3 m_adv_std=53.8520 m_kl_max=0.0065 m_ratio_max=0.418 w_ax@goal=+0.85 w_v@goal=3.67 return=867.3 length=85 success_rate=1.00 collisions/ep=2.79 (n=24)
update=243 global_step=497664 SPS=869 w_ev=0.145 m_ev=0.926 m_v_bias=-1.9 m_adv_std=57.3814 m_kl_max=0.0118 m_ratio_max=0.580 w_ax@goal=+0.97 w_v@goal=3.88 return=886.3 length=87 success_rate=1.00 collisions/ep=2.46 (n=24)
update=244 global_step=499712 SPS=870 w_ev=0.250 m_ev=0.855 m_v_bias=33.3 m_adv_std=86.0384 m_kl_max=0.0102 m_ratio_max=0.615 w_ax@goal=+0.86 w_v@goal=3.89 return=807.8 length=85 success_rate=1.00 collisions/ep=3.96 (n=23)
update=245 global_step=501760 SPS=872 w_ev=0.076 m_ev=0.931 m_v_bias=6.4 m_adv_std=57.5762 m_kl_max=0.0143 m_ratio_max=0.485 w_ax@goal=+0.64 w_v@goal=4.04 return=840.1 length=84 success_rate=1.00 collisions/ep=3.30 (n=23)
Evaluation at update 245: return=939.62, length=77.90, success_rate=1.00, collisions/ep=1.45
Solved-check at update 245: solved=False worst_gap=500.84 at p_x0=0.50 p_y0=-1.00 (consecutive=0)
update=246 global_step=503808 SPS=867 w_ev=0.153 m_ev=0.908 m_v_bias=-1.8 m_adv_std=67.5169 m_kl_max=0.0042 m_ratio_max=0.337 w_ax@goal=+0.56 w_v@goal=4.05 return=847.3 length=83 success_rate=1.00 collisions/ep=3.22 (n=27)
update=247 global_step=505856 SPS=868 w_ev=0.204 m_ev=0.940 m_v_bias=-17.1 m_adv_std=51.5083 m_kl_max=0.0079 m_ratio_max=0.451 w_ax@goal=+0.57 w_v@goal=3.88 return=853.5 length=83 success_rate=1.00 collisions/ep=3.08 (n=25)
update=248 global_step=507904 SPS=870 w_ev=0.206 m_ev=0.932 m_v_bias=9.7 m_adv_std=55.5983 m_kl_max=0.0114 m_ratio_max=0.396 w_ax@goal=+0.82 w_v@goal=3.85 return=867.6 length=84 success_rate=1.00 collisions/ep=2.80 (n=25)
update=249 global_step=509952 SPS=871 w_ev=0.234 m_ev=0.896 m_v_bias=10.8 m_adv_std=69.2898 m_kl_max=0.0083 m_ratio_max=0.433 w_ax@goal=+0.44 w_v@goal=3.86 return=856.4 length=88 success_rate=1.00 collisions/ep=3.00 (n=23)
update=250 global_step=512000 SPS=872 w_ev=0.277 m_ev=0.949 m_v_bias=-7.6 m_adv_std=49.3020 m_kl_max=0.0082 m_ratio_max=0.629 w_ax@goal=+0.48 w_v@goal=3.77 return=854.9 length=86 success_rate=1.00 collisions/ep=3.00 (n=24)
Evaluation at update 250: return=959.67, length=77.75, success_rate=1.00, collisions/ep=1.05
Solved-check at update 250: solved=False worst_gap=100.57 at p_x0=1.00 p_y0=-1.00 (consecutive=0)
update=251 global_step=514048 SPS=867 w_ev=0.293 m_ev=0.937 m_v_bias=-4.7 m_adv_std=52.2096 m_kl_max=0.0195 m_ratio_max=0.625 w_ax@goal=+0.68 w_v@goal=3.51 return=896.2 length=85 success_rate=1.00 collisions/ep=2.17 (n=23)
update=252 global_step=516096 SPS=869 w_ev=0.234 m_ev=0.906 m_v_bias=6.8 m_adv_std=68.2631 m_kl_max=0.0185 m_ratio_max=1.285 w_ax@goal=+0.60 w_v@goal=3.70 return=852.3 length=88 success_rate=1.00 collisions/ep=3.04 (n=23)
update=253 global_step=518144 SPS=870 w_ev=0.246 m_ev=0.909 m_v_bias=-3.4 m_adv_std=67.3883 m_kl_max=0.0101 m_ratio_max=0.574 w_ax@goal=+0.70 w_v@goal=3.76 return=862.3 length=88 success_rate=1.00 collisions/ep=2.86 (n=22)
update=254 global_step=520192 SPS=871 w_ev=0.237 m_ev=0.935 m_v_bias=-2.8 m_adv_std=52.3617 m_kl_max=0.0236 m_ratio_max=0.822 w_ax@goal=+0.54 w_v@goal=3.74 return=890.7 length=88 success_rate=1.00 collisions/ep=2.29 (n=24)
update=255 global_step=522240 SPS=873 w_ev=0.219 m_ev=0.933 m_v_bias=-2.8 m_adv_std=53.5499 m_kl_max=0.0061 m_ratio_max=0.353 w_ax@goal=+0.57 w_v@goal=3.78 return=891.4 length=88 success_rate=1.00 collisions/ep=2.26 (n=23)
Evaluation at update 255: return=961.85, length=78.10, success_rate=1.00, collisions/ep=1.00
Solved-check at update 255: solved=False worst_gap=100.46 at p_x0=2.00 p_y0=-1.00 (consecutive=0)
update=256 global_step=524288 SPS=868 w_ev=0.196 m_ev=0.936 m_v_bias=18.3 m_adv_std=54.4110 m_kl_max=0.0032 m_ratio_max=0.413 w_ax@goal=+0.42 w_v@goal=3.94 return=853.2 length=86 success_rate=1.00 collisions/ep=3.00 (n=25)
update=257 global_step=526336 SPS=869 w_ev=0.188 m_ev=0.919 m_v_bias=-11.1 m_adv_std=61.1597 m_kl_max=0.0032 m_ratio_max=0.333 w_ax@goal=+0.57 w_v@goal=3.74 return=894.2 length=90 success_rate=1.00 collisions/ep=2.21 (n=24)
update=258 global_step=528384 SPS=871 w_ev=0.231 m_ev=0.919 m_v_bias=1.9 m_adv_std=60.0260 m_kl_max=0.0123 m_ratio_max=0.538 w_ax@goal=+0.58 w_v@goal=3.59 return=880.8 length=86 success_rate=1.00 collisions/ep=2.46 (n=24)
update=259 global_step=530432 SPS=872 w_ev=0.142 m_ev=0.936 m_v_bias=-4.3 m_adv_std=48.8127 m_kl_max=0.0131 m_ratio_max=0.705 w_ax@goal=+0.41 w_v@goal=3.80 return=892.6 length=93 success_rate=1.00 collisions/ep=2.11 (n=18)
update=260 global_step=532480 SPS=873 w_ev=0.170 m_ev=0.923 m_v_bias=10.4 m_adv_std=62.5758 m_kl_max=0.0107 m_ratio_max=0.462 w_ax@goal=+0.43 w_v@goal=3.91 return=865.1 length=87 success_rate=1.00 collisions/ep=2.76 (n=25)
Evaluation at update 260: return=961.78, length=78.10, success_rate=1.00, collisions/ep=1.00
Solved-check at update 260: solved=False worst_gap=300.61 at p_x0=2.00 p_y0=-1.00 (consecutive=0)
update=261 global_step=534528 SPS=869 w_ev=0.221 m_ev=0.949 m_v_bias=-14.4 m_adv_std=47.9554 m_kl_max=0.0033 m_ratio_max=0.289 w_ax@goal=+0.62 w_v@goal=3.87 return=892.6 length=87 success_rate=1.00 collisions/ep=2.29 (n=24)
update=262 global_step=536576 SPS=870 w_ev=0.285 m_ev=0.920 m_v_bias=2.0 m_adv_std=58.4974 m_kl_max=0.0252 m_ratio_max=0.643 w_ax@goal=+0.58 w_v@goal=3.75 return=894.5 length=86 success_rate=1.00 collisions/ep=2.21 (n=24)
update=263 global_step=538624 SPS=871 w_ev=0.274 m_ev=0.856 m_v_bias=31.1 m_adv_std=89.2840 m_kl_max=0.0373 m_ratio_max=2.121 w_ax@goal=+0.42 w_v@goal=3.69 return=822.5 length=91 success_rate=1.00 collisions/ep=3.57 (n=23)
update=264 global_step=540672 SPS=872 w_ev=0.186 m_ev=0.908 m_v_bias=-10.0 m_adv_std=67.6672 m_kl_max=0.0261 m_ratio_max=1.109 w_ax@goal=+0.19 w_v@goal=3.90 return=854.2 length=88 success_rate=1.00 collisions/ep=2.95 (n=22)
update=265 global_step=542720 SPS=873 w_ev=0.219 m_ev=0.939 m_v_bias=-26.3 m_adv_std=51.3221 m_kl_max=0.0078 m_ratio_max=0.393 w_ax@goal=+0.48 w_v@goal=3.76 return=887.9 length=88 success_rate=1.00 collisions/ep=2.29 (n=24)
Evaluation at update 265: return=973.94, length=78.60, success_rate=1.00, collisions/ep=0.75
Solved-check at update 265: solved=False worst_gap=450.47 at p_x0=2.00 p_y0=-1.00 (consecutive=0)
update=266 global_step=544768 SPS=868 w_ev=0.189 m_ev=0.910 m_v_bias=18.7 m_adv_std=65.5257 m_kl_max=0.0055 m_ratio_max=0.480 w_ax@goal=+0.40 w_v@goal=3.80 return=871.1 length=90 success_rate=1.00 collisions/ep=2.74 (n=23)
update=267 global_step=546816 SPS=870 w_ev=0.136 m_ev=0.922 m_v_bias=-4.0 m_adv_std=57.8935 m_kl_max=0.0218 m_ratio_max=0.793 w_ax@goal=+0.40 w_v@goal=3.89 return=876.9 length=89 success_rate=1.00 collisions/ep=2.52 (n=23)
update=268 global_step=548864 SPS=871 w_ev=0.178 m_ev=0.924 m_v_bias=-1.1 m_adv_std=59.5180 m_kl_max=0.0067 m_ratio_max=0.458 w_ax@goal=+0.47 w_v@goal=3.85 return=876.0 length=88 success_rate=1.00 collisions/ep=2.52 (n=23)
update=269 global_step=550912 SPS=872 w_ev=0.227 m_ev=0.955 m_v_bias=-4.3 m_adv_std=44.1891 m_kl_max=0.0147 m_ratio_max=0.580 w_ax@goal=+0.40 w_v@goal=3.78 return=911.7 length=90 success_rate=1.00 collisions/ep=1.79 (n=24)
update=270 global_step=552960 SPS=873 w_ev=0.200 m_ev=0.889 m_v_bias=9.7 m_adv_std=71.8669 m_kl_max=0.0252 m_ratio_max=1.001 w_ax@goal=+0.42 w_v@goal=3.70 return=877.2 length=88 success_rate=1.00 collisions/ep=2.55 (n=22)
Evaluation at update 270: return=996.80, length=78.15, success_rate=1.00, collisions/ep=0.30
Solved-check at update 270: solved=False worst_gap=250.38 at p_x0=2.00 p_y0=-1.00 (consecutive=0)
update=271 global_step=555008 SPS=869 w_ev=0.174 m_ev=0.935 m_v_bias=-14.6 m_adv_std=51.5527 m_kl_max=0.0120 m_ratio_max=0.659 w_ax@goal=+0.41 w_v@goal=3.75 return=891.3 length=90 success_rate=1.00 collisions/ep=2.22 (n=23)
update=272 global_step=557056 SPS=870 w_ev=0.131 m_ev=0.932 m_v_bias=3.8 m_adv_std=53.0646 m_kl_max=0.0122 m_ratio_max=0.519 w_ax@goal=+0.52 w_v@goal=3.94 return=901.0 length=88 success_rate=1.00 collisions/ep=2.04 (n=24)
update=273 global_step=559104 SPS=871 w_ev=0.168 m_ev=0.939 m_v_bias=-7.2 m_adv_std=49.9315 m_kl_max=0.0164 m_ratio_max=0.575 w_ax@goal=+0.54 w_v@goal=3.81 return=921.8 length=87 success_rate=1.00 collisions/ep=1.65 (n=23)
update=274 global_step=561152 SPS=872 w_ev=0.078 m_ev=0.946 m_v_bias=-16.5 m_adv_std=43.6139 m_kl_max=0.0033 m_ratio_max=0.324 w_ax@goal=+0.74 w_v@goal=3.91 return=949.6 length=86 success_rate=1.00 collisions/ep=1.12 (n=24)
update=275 global_step=563200 SPS=873 w_ev=0.209 m_ev=0.943 m_v_bias=4.1 m_adv_std=45.2312 m_kl_max=0.0092 m_ratio_max=0.515 w_ax@goal=+0.61 w_v@goal=3.98 return=927.3 length=85 success_rate=1.00 collisions/ep=1.58 (n=24)
Evaluation at update 275: return=967.21, length=77.70, success_rate=1.00, collisions/ep=0.90
Solved-check at update 275: solved=False worst_gap=300.52 at p_x0=1.00 p_y0=-1.00 (consecutive=0)
update=276 global_step=565248 SPS=869 w_ev=0.232 m_ev=0.946 m_v_bias=0.2 m_adv_std=46.1500 m_kl_max=0.0075 m_ratio_max=0.567 w_ax@goal=+0.53 w_v@goal=3.94 return=940.0 length=84 success_rate=1.00 collisions/ep=1.35 (n=26)
update=277 global_step=567296 SPS=870 w_ev=0.206 m_ev=0.913 m_v_bias=9.8 m_adv_std=61.6912 m_kl_max=0.0101 m_ratio_max=0.509 w_ax@goal=+0.52 w_v@goal=3.93 return=925.4 length=89 success_rate=1.00 collisions/ep=1.61 (n=23)
update=278 global_step=569344 SPS=871 w_ev=0.207 m_ev=0.922 m_v_bias=-9.1 m_adv_std=54.9078 m_kl_max=0.0053 m_ratio_max=0.426 w_ax@goal=+0.95 w_v@goal=4.05 return=915.7 length=86 success_rate=1.00 collisions/ep=1.83 (n=23)
update=279 global_step=571392 SPS=872 w_ev=0.284 m_ev=0.942 m_v_bias=-6.9 m_adv_std=46.4478 m_kl_max=0.0118 m_ratio_max=0.814 w_ax@goal=+0.81 w_v@goal=3.85 return=937.2 length=83 success_rate=1.00 collisions/ep=1.48 (n=23)
update=280 global_step=573440 SPS=873 w_ev=0.229 m_ev=0.863 m_v_bias=30.3 m_adv_std=78.5691 m_kl_max=0.0257 m_ratio_max=1.104 w_ax@goal=+0.72 w_v@goal=4.06 return=885.7 length=87 success_rate=1.00 collisions/ep=2.54 (n=24)
Evaluation at update 280: return=999.43, length=78.10, success_rate=1.00, collisions/ep=0.25
Solved-check at update 280: solved=False worst_gap=100.41 at p_x0=1.50 p_y0=-1.00 (consecutive=0)
update=281 global_step=575488 SPS=869 w_ev=0.333 m_ev=0.954 m_v_bias=-13.0 m_adv_std=42.2142 m_kl_max=0.0119 m_ratio_max=0.440 w_ax@goal=+0.66 w_v@goal=3.92 return=908.0 length=84 success_rate=1.00 collisions/ep=1.96 (n=25)
update=282 global_step=577536 SPS=871 w_ev=0.199 m_ev=0.932 m_v_bias=12.8 m_adv_std=52.3483 m_kl_max=0.0340 m_ratio_max=0.841 w_ax@goal=+0.64 w_v@goal=3.95 return=902.4 length=84 success_rate=1.00 collisions/ep=2.09 (n=23)
update=283 global_step=579584 SPS=872 w_ev=0.239 m_ev=0.940 m_v_bias=11.7 m_adv_std=51.9187 m_kl_max=0.0024 m_ratio_max=0.249 w_ax@goal=+0.68 w_v@goal=3.95 return=882.6 length=89 success_rate=1.00 collisions/ep=2.42 (n=24)
update=284 global_step=581632 SPS=873 w_ev=0.210 m_ev=0.905 m_v_bias=1.7 m_adv_std=65.5571 m_kl_max=0.0150 m_ratio_max=0.477 w_ax@goal=+0.57 w_v@goal=3.84 return=901.4 length=88 success_rate=1.00 collisions/ep=2.05 (n=22)
update=285 global_step=583680 SPS=874 w_ev=0.255 m_ev=0.900 m_v_bias=-3.3 m_adv_std=73.9020 m_kl_max=0.0126 m_ratio_max=0.650 w_ax@goal=+0.52 w_v@goal=3.85 return=867.2 length=92 success_rate=1.00 collisions/ep=2.71 (n=24)
Evaluation at update 285: return=1003.27, length=79.20, success_rate=1.00, collisions/ep=0.15
Solved-check at update 285: solved=False worst_gap=52.74 at p_x0=1.00 p_y0=-1.00 (consecutive=0)
update=286 global_step=585728 SPS=869 w_ev=0.177 m_ev=0.934 m_v_bias=-8.3 m_adv_std=52.0647 m_kl_max=0.0146 m_ratio_max=0.808 w_ax@goal=+0.66 w_v@goal=3.88 return=912.1 length=89 success_rate=1.00 collisions/ep=1.82 (n=22)
update=287 global_step=587776 SPS=870 w_ev=0.213 m_ev=0.968 m_v_bias=2.4 m_adv_std=37.6710 m_kl_max=0.0093 m_ratio_max=0.870 w_ax@goal=+0.70 w_v@goal=3.81 return=897.4 length=89 success_rate=1.00 collisions/ep=2.17 (n=23)
update=288 global_step=589824 SPS=871 w_ev=0.241 m_ev=0.956 m_v_bias=5.6 m_adv_std=42.5703 m_kl_max=0.0108 m_ratio_max=0.451 w_ax@goal=+0.64 w_v@goal=3.82 return=890.3 length=90 success_rate=1.00 collisions/ep=2.26 (n=23)
update=289 global_step=591872 SPS=872 w_ev=0.238 m_ev=0.923 m_v_bias=8.2 m_adv_std=57.5929 m_kl_max=0.0221 m_ratio_max=0.511 w_ax@goal=+0.62 w_v@goal=3.82 return=881.4 length=87 success_rate=1.00 collisions/ep=2.42 (n=24)
update=290 global_step=593920 SPS=874 w_ev=0.243 m_ev=0.931 m_v_bias=6.2 m_adv_std=57.1777 m_kl_max=0.0090 m_ratio_max=0.604 w_ax@goal=+0.56 w_v@goal=3.76 return=847.6 length=91 success_rate=1.00 collisions/ep=3.09 (n=23)
Evaluation at update 290: return=961.33, length=78.85, success_rate=1.00, collisions/ep=1.00
Solved-check at update 290: solved=False worst_gap=100.62 at p_x0=1.50 p_y0=-1.00 (consecutive=0)
update=291 global_step=595968 SPS=869 w_ev=0.163 m_ev=0.946 m_v_bias=-11.1 m_adv_std=47.7404 m_kl_max=0.0114 m_ratio_max=0.537 w_ax@goal=+0.53 w_v@goal=3.68 return=905.1 length=91 success_rate=1.00 collisions/ep=1.91 (n=23)
update=292 global_step=598016 SPS=870 w_ev=0.223 m_ev=0.922 m_v_bias=4.1 m_adv_std=57.8910 m_kl_max=0.0082 m_ratio_max=0.418 w_ax@goal=+0.55 w_v@goal=3.73 return=892.2 length=86 success_rate=1.00 collisions/ep=2.25 (n=24)
update=293 global_step=600064 SPS=872 w_ev=0.168 m_ev=0.921 m_v_bias=-0.6 m_adv_std=57.1567 m_kl_max=0.0179 m_ratio_max=0.516 w_ax@goal=+0.54 w_v@goal=3.76 return=899.5 length=86 success_rate=1.00 collisions/ep=2.05 (n=21)
update=294 global_step=602112 SPS=872 w_ev=0.206 m_ev=0.924 m_v_bias=3.1 m_adv_std=60.4020 m_kl_max=0.0101 m_ratio_max=0.700 w_ax@goal=+0.72 w_v@goal=3.79 return=873.1 length=86 success_rate=1.00 collisions/ep=2.62 (n=26)
update=295 global_step=604160 SPS=874 w_ev=0.187 m_ev=0.938 m_v_bias=-7.7 m_adv_std=52.6107 m_kl_max=0.0111 m_ratio_max=1.204 w_ax@goal=+0.51 w_v@goal=3.82 return=899.0 length=86 success_rate=1.00 collisions/ep=2.09 (n=23)
Evaluation at update 295: return=966.86, length=78.10, success_rate=1.00, collisions/ep=0.90
Solved-check at update 295: solved=False worst_gap=100.46 at p_x0=1.50 p_y0=-1.00 (consecutive=0)
update=296 global_step=606208 SPS=870 w_ev=0.211 m_ev=0.942 m_v_bias=-10.9 m_adv_std=49.9306 m_kl_max=0.0144 m_ratio_max=0.681 w_ax@goal=+0.68 w_v@goal=3.72 return=890.9 length=86 success_rate=1.00 collisions/ep=2.28 (n=25)
update=297 global_step=608256 SPS=871 w_ev=0.226 m_ev=0.901 m_v_bias=5.7 m_adv_std=66.8143 m_kl_max=0.0087 m_ratio_max=0.753 w_ax@goal=+0.59 w_v@goal=3.71 return=886.2 length=88 success_rate=1.00 collisions/ep=2.38 (n=24)
update=298 global_step=610304 SPS=872 w_ev=0.096 m_ev=0.938 m_v_bias=-9.2 m_adv_std=48.4880 m_kl_max=0.0153 m_ratio_max=0.596 w_ax@goal=+0.53 w_v@goal=3.95 return=938.2 length=87 success_rate=1.00 collisions/ep=1.32 (n=22)
update=299 global_step=612352 SPS=873 w_ev=0.170 m_ev=0.930 m_v_bias=-1.5 m_adv_std=54.1764 m_kl_max=0.0119 m_ratio_max=0.586 w_ax@goal=+0.66 w_v@goal=3.74 return=905.9 length=86 success_rate=1.00 collisions/ep=2.00 (n=24)
update=300 global_step=614400 SPS=874 w_ev=0.218 m_ev=0.951 m_v_bias=-1.3 m_adv_std=43.8920 m_kl_max=0.0136 m_ratio_max=0.525 w_ax@goal=+0.75 w_v@goal=3.82 return=905.3 length=85 success_rate=1.00 collisions/ep=2.04 (n=25)
Evaluation at update 300: return=979.49, length=78.00, success_rate=1.00, collisions/ep=0.65
Solved-check at update 300: solved=False worst_gap=300.27 at p_x0=2.00 p_y0=-0.50 (consecutive=0)
update=301 global_step=616448 SPS=870 w_ev=0.194 m_ev=0.918 m_v_bias=18.3 m_adv_std=61.3780 m_kl_max=0.0130 m_ratio_max=0.438 w_ax@goal=+0.62 w_v@goal=3.67 return=885.9 length=86 success_rate=1.00 collisions/ep=2.39 (n=23)
update=302 global_step=618496 SPS=871 w_ev=0.263 m_ev=0.919 m_v_bias=6.1 m_adv_std=60.9579 m_kl_max=0.0035 m_ratio_max=0.290 w_ax@goal=+0.45 w_v@goal=3.76 return=855.1 length=89 success_rate=1.00 collisions/ep=3.00 (n=22)
update=303 global_step=620544 SPS=873 w_ev=0.135 m_ev=0.925 m_v_bias=-7.5 m_adv_std=56.6835 m_kl_max=0.0231 m_ratio_max=0.721 w_ax@goal=+0.80 w_v@goal=4.04 return=891.1 length=88 success_rate=1.00 collisions/ep=2.27 (n=22)
update=304 global_step=622592 SPS=874 w_ev=0.219 m_ev=0.936 m_v_bias=6.1 m_adv_std=52.9076 m_kl_max=0.0074 m_ratio_max=0.404 w_ax@goal=+0.58 w_v@goal=4.03 return=909.8 length=89 success_rate=1.00 collisions/ep=1.83 (n=23)
update=305 global_step=624640 SPS=875 w_ev=0.237 m_ev=0.956 m_v_bias=-0.5 m_adv_std=45.0712 m_kl_max=0.0133 m_ratio_max=0.450 w_ax@goal=+0.62 w_v@goal=3.91 return=898.4 length=93 success_rate=1.00 collisions/ep=2.04 (n=23)
Evaluation at update 305: return=957.20, length=77.75, success_rate=1.00, collisions/ep=1.10
Solved-check at update 305: solved=False worst_gap=300.01 at p_x0=2.00 p_y0=-0.50 (consecutive=0)
update=306 global_step=626688 SPS=871 w_ev=0.204 m_ev=0.927 m_v_bias=-9.4 m_adv_std=55.7849 m_kl_max=0.0107 m_ratio_max=0.445 w_ax@goal=+0.66 w_v@goal=3.74 return=883.0 length=85 success_rate=1.00 collisions/ep=2.46 (n=24)
update=307 global_step=628736 SPS=872 w_ev=0.237 m_ev=0.920 m_v_bias=-4.5 m_adv_std=59.5355 m_kl_max=0.0188 m_ratio_max=1.102 w_ax@goal=+0.86 w_v@goal=3.69 return=883.9 length=84 success_rate=1.00 collisions/ep=2.46 (n=24)
update=308 global_step=630784 SPS=873 w_ev=0.247 m_ev=0.936 m_v_bias=10.4 m_adv_std=54.0152 m_kl_max=0.0142 m_ratio_max=0.884 w_ax@goal=+0.67 w_v@goal=3.75 return=900.6 length=87 success_rate=1.00 collisions/ep=2.08 (n=24)
update=309 global_step=632832 SPS=874 w_ev=0.246 m_ev=0.949 m_v_bias=-3.6 m_adv_std=45.2090 m_kl_max=0.0246 m_ratio_max=1.509 w_ax@goal=+0.65 w_v@goal=3.69 return=886.2 length=87 success_rate=1.00 collisions/ep=2.38 (n=24)
update=310 global_step=634880 SPS=875 w_ev=0.209 m_ev=0.936 m_v_bias=9.1 m_adv_std=54.2579 m_kl_max=0.0114 m_ratio_max=0.673 w_ax@goal=+0.82 w_v@goal=3.71 return=887.7 length=89 success_rate=1.00 collisions/ep=2.29 (n=24)
Evaluation at update 310: return=944.22, length=78.30, success_rate=1.00, collisions/ep=1.35
Solved-check at update 310: solved=False worst_gap=200.23 at p_x0=2.00 p_y0=-0.50 (consecutive=0)
update=311 global_step=636928 SPS=872 w_ev=0.180 m_ev=0.928 m_v_bias=-3.4 m_adv_std=56.6450 m_kl_max=0.0057 m_ratio_max=0.310 w_ax@goal=+0.43 w_v@goal=3.87 return=902.6 length=87 success_rate=1.00 collisions/ep=2.04 (n=24)
update=312 global_step=638976 SPS=873 w_ev=0.206 m_ev=0.919 m_v_bias=-3.7 m_adv_std=60.2616 m_kl_max=0.0059 m_ratio_max=0.465 w_ax@goal=+0.72 w_v@goal=3.70 return=878.4 length=86 success_rate=1.00 collisions/ep=2.57 (n=23)
update=313 global_step=641024 SPS=874 w_ev=0.241 m_ev=0.939 m_v_bias=10.3 m_adv_std=51.9817 m_kl_max=0.0040 m_ratio_max=0.355 w_ax@goal=+0.49 w_v@goal=3.80 return=886.3 length=88 success_rate=1.00 collisions/ep=2.30 (n=23)
update=314 global_step=643072 SPS=875 w_ev=0.317 m_ev=0.956 m_v_bias=-5.3 m_adv_std=43.1807 m_kl_max=0.0090 m_ratio_max=0.581 w_ax@goal=+0.36 w_v@goal=3.57 return=895.3 length=88 success_rate=1.00 collisions/ep=2.17 (n=23)
update=315 global_step=645120 SPS=876 w_ev=0.233 m_ev=0.926 m_v_bias=3.9 m_adv_std=55.3101 m_kl_max=0.0069 m_ratio_max=0.733 w_ax@goal=+0.41 w_v@goal=3.69 return=895.9 length=89 success_rate=1.00 collisions/ep=2.14 (n=22)
Evaluation at update 315: return=907.31, length=80.10, success_rate=1.00, collisions/ep=2.05
Solved-check at update 315: solved=False worst_gap=253.21 at p_x0=0.50 p_y0=0.00 (consecutive=0)
update=316 global_step=647168 SPS=872 w_ev=0.271 m_ev=0.918 m_v_bias=25.2 m_adv_std=62.7234 m_kl_max=0.0119 m_ratio_max=0.462 w_ax@goal=+0.74 w_v@goal=3.61 return=829.5 length=89 success_rate=1.00 collisions/ep=3.48 (n=23)
update=317 global_step=649216 SPS=873 w_ev=0.252 m_ev=0.907 m_v_bias=-0.5 m_adv_std=68.3287 m_kl_max=0.0091 m_ratio_max=0.361 w_ax@goal=+0.59 w_v@goal=3.51 return=829.8 length=90 success_rate=1.00 collisions/ep=3.43 (n=23)
update=318 global_step=651264 SPS=874 w_ev=0.225 m_ev=0.939 m_v_bias=-20.9 m_adv_std=54.2783 m_kl_max=0.0075 m_ratio_max=0.400 w_ax@goal=+0.61 w_v@goal=3.52 return=859.5 length=88 success_rate=1.00 collisions/ep=2.88 (n=24)
update=319 global_step=653312 SPS=875 w_ev=0.195 m_ev=0.935 m_v_bias=16.2 m_adv_std=58.1269 m_kl_max=0.0054 m_ratio_max=0.466 w_ax@goal=+0.52 w_v@goal=3.56 return=834.1 length=88 success_rate=1.00 collisions/ep=3.39 (n=23)
update=320 global_step=655360 SPS=876 w_ev=0.262 m_ev=0.928 m_v_bias=-0.5 m_adv_std=59.8792 m_kl_max=0.0192 m_ratio_max=0.824 w_ax@goal=+0.63 w_v@goal=3.45 return=825.4 length=87 success_rate=1.00 collisions/ep=3.61 (n=23)
Evaluation at update 320: return=910.40, length=79.55, success_rate=1.00, collisions/ep=2.00
Solved-check at update 320: solved=False worst_gap=501.10 at p_x0=0.50 p_y0=-1.00 (consecutive=0)
update=321 global_step=657408 SPS=872 w_ev=0.230 m_ev=0.914 m_v_bias=-2.4 m_adv_std=64.9079 m_kl_max=0.0158 m_ratio_max=0.731 w_ax@goal=+0.44 w_v@goal=3.60 return=866.3 length=91 success_rate=1.00 collisions/ep=2.70 (n=23)
update=322 global_step=659456 SPS=873 w_ev=0.273 m_ev=0.914 m_v_bias=-13.5 m_adv_std=64.6272 m_kl_max=0.0094 m_ratio_max=0.764 w_ax@goal=+0.51 w_v@goal=3.52 return=851.8 length=88 success_rate=1.00 collisions/ep=3.04 (n=23)
update=323 global_step=661504 SPS=874 w_ev=0.303 m_ev=0.946 m_v_bias=-11.3 m_adv_std=48.1487 m_kl_max=0.0107 m_ratio_max=0.884 w_ax@goal=+0.59 w_v@goal=3.39 return=873.3 length=89 success_rate=1.00 collisions/ep=2.62 (n=24)
update=324 global_step=663552 SPS=875 w_ev=0.310 m_ev=0.940 m_v_bias=-2.2 m_adv_std=51.1485 m_kl_max=0.0206 m_ratio_max=1.659 w_ax@goal=+0.45 w_v@goal=3.45 return=903.9 length=89 success_rate=1.00 collisions/ep=2.00 (n=23)
update=325 global_step=665600 SPS=876 w_ev=0.197 m_ev=0.901 m_v_bias=16.5 m_adv_std=71.3199 m_kl_max=0.0168 m_ratio_max=0.632 w_ax@goal=+0.54 w_v@goal=3.63 return=854.6 length=89 success_rate=1.00 collisions/ep=3.00 (n=24)
Evaluation at update 325: return=880.67, length=79.30, success_rate=1.00, collisions/ep=2.60
Solved-check at update 325: solved=False worst_gap=500.85 at p_x0=1.50 p_y0=-0.50 (consecutive=0)
update=326 global_step=667648 SPS=873 w_ev=0.189 m_ev=0.927 m_v_bias=-7.3 m_adv_std=57.6642 m_kl_max=0.0142 m_ratio_max=0.514 w_ax@goal=+0.51 w_v@goal=3.52 return=875.9 length=89 success_rate=1.00 collisions/ep=2.55 (n=22)
update=327 global_step=669696 SPS=874 w_ev=0.242 m_ev=0.930 m_v_bias=5.6 m_adv_std=58.1839 m_kl_max=0.0025 m_ratio_max=0.281 w_ax@goal=+0.75 w_v@goal=3.57 return=868.9 length=87 success_rate=1.00 collisions/ep=2.70 (n=23)
update=328 global_step=671744 SPS=875 w_ev=0.207 m_ev=0.926 m_v_bias=-9.5 m_adv_std=57.0982 m_kl_max=0.0225 m_ratio_max=1.444 w_ax@goal=+0.72 w_v@goal=3.61 return=876.5 length=85 success_rate=1.00 collisions/ep=2.62 (n=24)
update=329 global_step=673792 SPS=876 w_ev=0.199 m_ev=0.930 m_v_bias=15.5 m_adv_std=58.7848 m_kl_max=0.0107 m_ratio_max=0.755 w_ax@goal=+0.62 w_v@goal=3.79 return=854.4 length=86 success_rate=1.00 collisions/ep=3.00 (n=23)
update=330 global_step=675840 SPS=877 w_ev=0.223 m_ev=0.950 m_v_bias=-17.2 m_adv_std=46.2696 m_kl_max=0.0107 m_ratio_max=0.417 w_ax@goal=+0.32 w_v@goal=3.82 return=872.2 length=88 success_rate=1.00 collisions/ep=2.62 (n=24)
Evaluation at update 330: return=905.89, length=81.55, success_rate=1.00, collisions/ep=2.05
Solved-check at update 330: solved=False worst_gap=155.88 at p_x0=0.50 p_y0=0.50 (consecutive=0)
update=331 global_step=677888 SPS=873 w_ev=0.172 m_ev=0.914 m_v_bias=31.2 m_adv_std=67.6690 m_kl_max=0.0088 m_ratio_max=0.600 w_ax@goal=+0.47 w_v@goal=3.88 return=810.1 length=90 success_rate=1.00 collisions/ep=3.86 (n=22)
update=332 global_step=679936 SPS=874 w_ev=0.202 m_ev=0.934 m_v_bias=0.7 m_adv_std=56.5349 m_kl_max=0.0103 m_ratio_max=0.410 w_ax@goal=+0.37 w_v@goal=3.75 return=850.6 length=92 success_rate=1.00 collisions/ep=3.00 (n=24)
update=333 global_step=681984 SPS=875 w_ev=0.241 m_ev=0.935 m_v_bias=-0.6 m_adv_std=57.0131 m_kl_max=0.0247 m_ratio_max=0.928 w_ax@goal=+0.21 w_v@goal=3.64 return=794.9 length=89 success_rate=1.00 collisions/ep=4.14 (n=22)
update=334 global_step=684032 SPS=876 w_ev=0.217 m_ev=0.914 m_v_bias=-14.2 m_adv_std=66.9784 m_kl_max=0.0053 m_ratio_max=0.330 w_ax@goal=+0.45 w_v@goal=3.73 return=856.7 length=87 success_rate=1.00 collisions/ep=2.92 (n=24)
update=335 global_step=686080 SPS=877 w_ev=0.179 m_ev=0.949 m_v_bias=-9.3 m_adv_std=48.7352 m_kl_max=0.0157 m_ratio_max=0.590 w_ax@goal=+0.23 w_v@goal=3.73 return=862.3 length=87 success_rate=1.00 collisions/ep=2.83 (n=23)
Evaluation at update 335: return=953.47, length=79.05, success_rate=1.00, collisions/ep=1.15
Solved-check at update 335: solved=False worst_gap=101.49 at p_x0=0.00 p_y0=-1.00 (consecutive=0)
update=336 global_step=688128 SPS=873 w_ev=0.205 m_ev=0.905 m_v_bias=5.1 m_adv_std=67.4944 m_kl_max=0.0058 m_ratio_max=0.517 w_ax@goal=+0.40 w_v@goal=3.71 return=861.0 length=89 success_rate=1.00 collisions/ep=2.86 (n=22)
update=337 global_step=690176 SPS=874 w_ev=0.204 m_ev=0.965 m_v_bias=-3.2 m_adv_std=39.9350 m_kl_max=0.0044 m_ratio_max=0.315 w_ax@goal=+0.29 w_v@goal=3.74 return=889.5 length=90 success_rate=1.00 collisions/ep=2.26 (n=23)
update=338 global_step=692224 SPS=875 w_ev=0.230 m_ev=0.924 m_v_bias=-0.7 m_adv_std=59.3937 m_kl_max=0.0016 m_ratio_max=0.258 w_ax@goal=+0.49 w_v@goal=3.72 return=857.3 length=85 success_rate=1.00 collisions/ep=2.96 (n=24)
update=339 global_step=694272 SPS=876 w_ev=0.259 m_ev=0.955 m_v_bias=-13.6 m_adv_std=44.0752 m_kl_max=0.0064 m_ratio_max=0.489 w_ax@goal=+0.46 w_v@goal=3.73 return=882.5 length=85 success_rate=1.00 collisions/ep=2.48 (n=25)
update=340 global_step=696320 SPS=877 w_ev=0.234 m_ev=0.951 m_v_bias=4.7 m_adv_std=46.0433 m_kl_max=0.0193 m_ratio_max=0.716 w_ax@goal=+0.61 w_v@goal=3.72 return=846.8 length=83 success_rate=1.00 collisions/ep=3.21 (n=24)
Evaluation at update 340: return=954.53, length=78.05, success_rate=1.00, collisions/ep=1.15
Solved-check at update 340: solved=False worst_gap=100.99 at p_x0=0.00 p_y0=-1.00 (consecutive=0)
update=341 global_step=698368 SPS=873 w_ev=0.216 m_ev=0.953 m_v_bias=5.4 m_adv_std=46.5012 m_kl_max=0.0131 m_ratio_max=0.469 w_ax@goal=+0.56 w_v@goal=3.68 return=866.1 length=86 success_rate=1.00 collisions/ep=2.83 (n=24)
update=342 global_step=700416 SPS=874 w_ev=0.226 m_ev=0.902 m_v_bias=7.0 m_adv_std=70.9376 m_kl_max=0.0201 m_ratio_max=1.194 w_ax@goal=+0.48 w_v@goal=3.60 return=848.2 length=86 success_rate=1.00 collisions/ep=3.17 (n=24)
update=343 global_step=702464 SPS=875 w_ev=0.364 m_ev=0.939 m_v_bias=-23.4 m_adv_std=51.4594 m_kl_max=0.0063 m_ratio_max=0.519 w_ax@goal=+0.49 w_v@goal=3.40 return=884.9 length=86 success_rate=1.00 collisions/ep=2.46 (n=24)
update=344 global_step=704512 SPS=876 w_ev=0.195 m_ev=0.929 m_v_bias=-0.8 m_adv_std=54.5861 m_kl_max=0.0190 m_ratio_max=0.598 w_ax@goal=+0.69 w_v@goal=3.90 return=890.2 length=84 success_rate=1.00 collisions/ep=2.35 (n=23)
update=345 global_step=706560 SPS=877 w_ev=0.301 m_ev=0.944 m_v_bias=5.7 m_adv_std=52.4924 m_kl_max=0.0035 m_ratio_max=0.302 w_ax@goal=+0.51 w_v@goal=3.81 return=876.2 length=82 success_rate=1.00 collisions/ep=2.63 (n=27)
Evaluation at update 345: return=782.05, length=78.00, success_rate=1.00, collisions/ep=4.60
Solved-check at update 345: solved=False worst_gap=500.95 at p_x0=0.50 p_y0=-1.00 (consecutive=0)
update=346 global_step=708608 SPS=873 w_ev=0.260 m_ev=0.918 m_v_bias=4.5 m_adv_std=66.2001 m_kl_max=0.0099 m_ratio_max=0.492 w_ax@goal=+0.71 w_v@goal=3.77 return=827.0 length=82 success_rate=1.00 collisions/ep=3.62 (n=26)
update=347 global_step=710656 SPS=874 w_ev=0.304 m_ev=0.921 m_v_bias=-0.2 m_adv_std=61.8863 m_kl_max=0.0117 m_ratio_max=0.447 w_ax@goal=+0.60 w_v@goal=3.57 return=843.2 length=83 success_rate=1.00 collisions/ep=3.29 (n=24)
update=348 global_step=712704 SPS=875 w_ev=0.281 m_ev=0.931 m_v_bias=-1.7 m_adv_std=57.4185 m_kl_max=0.0078 m_ratio_max=0.455 w_ax@goal=+0.68 w_v@goal=3.76 return=863.5 length=82 success_rate=1.00 collisions/ep=2.88 (n=25)
update=349 global_step=714752 SPS=876 w_ev=0.231 m_ev=0.930 m_v_bias=9.2 m_adv_std=59.3513 m_kl_max=0.0113 m_ratio_max=0.593 w_ax@goal=+0.75 w_v@goal=3.71 return=832.5 length=82 success_rate=1.00 collisions/ep=3.52 (n=25)
update=350 global_step=716800 SPS=877 w_ev=0.234 m_ev=0.892 m_v_bias=1.3 m_adv_std=72.2071 m_kl_max=0.0290 m_ratio_max=0.809 w_ax@goal=+0.64 w_v@goal=3.84 return=856.2 length=84 success_rate=1.00 collisions/ep=3.08 (n=24)
Evaluation at update 350: return=839.71, length=77.75, success_rate=1.00, collisions/ep=3.45
Solved-check at update 350: solved=False worst_gap=500.96 at p_x0=0.00 p_y0=-1.00 (consecutive=0)
update=351 global_step=718848 SPS=873 w_ev=0.266 m_ev=0.941 m_v_bias=-17.4 m_adv_std=51.6353 m_kl_max=0.0355 m_ratio_max=2.098 w_ax@goal=+0.96 w_v@goal=3.85 return=892.9 length=81 success_rate=1.00 collisions/ep=2.33 (n=24)
update=352 global_step=720896 SPS=874 w_ev=0.280 m_ev=0.926 m_v_bias=-10.6 m_adv_std=52.9537 m_kl_max=0.0133 m_ratio_max=0.691 w_ax@goal=+0.97 w_v@goal=3.70 return=903.6 length=82 success_rate=1.00 collisions/ep=2.12 (n=25)
update=353 global_step=722944 SPS=875 w_ev=0.324 m_ev=0.904 m_v_bias=20.6 m_adv_std=64.7604 m_kl_max=0.0119 m_ratio_max=0.612 w_ax@goal=+0.83 w_v@goal=3.81 return=881.0 length=82 success_rate=1.00 collisions/ep=2.56 (n=27)
update=354 global_step=724992 SPS=876 w_ev=0.296 m_ev=0.921 m_v_bias=-6.9 m_adv_std=57.2060 m_kl_max=0.0096 m_ratio_max=0.397 w_ax@goal=+0.71 w_v@goal=3.62 return=888.5 length=84 success_rate=1.00 collisions/ep=2.38 (n=24)
update=355 global_step=727040 SPS=877 w_ev=0.257 m_ev=0.932 m_v_bias=18.5 m_adv_std=55.3754 m_kl_max=0.0030 m_ratio_max=0.277 w_ax@goal=+0.93 w_v@goal=3.90 return=887.3 length=83 success_rate=1.00 collisions/ep=2.42 (n=26)
Evaluation at update 355: return=929.74, length=77.70, success_rate=1.00, collisions/ep=1.65
Solved-check at update 355: solved=False worst_gap=100.91 at p_x0=0.00 p_y0=-1.00 (consecutive=0)
update=356 global_step=729088 SPS=874 w_ev=0.244 m_ev=0.896 m_v_bias=-6.1 m_adv_std=69.4729 m_kl_max=0.0121 m_ratio_max=0.683 w_ax@goal=+0.59 w_v@goal=3.76 return=866.9 length=85 success_rate=1.00 collisions/ep=2.86 (n=22)
update=357 global_step=731136 SPS=875 w_ev=0.291 m_ev=0.935 m_v_bias=0.7 m_adv_std=56.6905 m_kl_max=0.0151 m_ratio_max=0.506 w_ax@goal=+0.85 w_v@goal=3.89 return=822.2 length=82 success_rate=1.00 collisions/ep=3.73 (n=26)
update=358 global_step=733184 SPS=875 w_ev=0.279 m_ev=0.947 m_v_bias=-16.2 m_adv_std=48.2339 m_kl_max=0.0046 m_ratio_max=0.275 w_ax@goal=+0.79 w_v@goal=3.82 return=906.2 length=84 success_rate=1.00 collisions/ep=2.04 (n=26)
update=359 global_step=735232 SPS=876 w_ev=0.235 m_ev=0.945 m_v_bias=-2.6 m_adv_std=46.8082 m_kl_max=0.0164 m_ratio_max=0.625 w_ax@goal=+0.82 w_v@goal=3.92 return=899.9 length=85 success_rate=1.00 collisions/ep=2.13 (n=23)
update=360 global_step=737280 SPS=877 w_ev=0.189 m_ev=0.939 m_v_bias=7.7 m_adv_std=51.9064 m_kl_max=0.0102 m_ratio_max=0.496 w_ax@goal=+0.64 w_v@goal=3.95 return=878.3 length=85 success_rate=1.00 collisions/ep=2.58 (n=24)
Evaluation at update 360: return=927.12, length=77.85, success_rate=1.00, collisions/ep=1.70
Solved-check at update 360: solved=False worst_gap=350.59 at p_x0=1.00 p_y0=-1.00 (consecutive=0)
update=361 global_step=739328 SPS=874 w_ev=0.227 m_ev=0.913 m_v_bias=1.6 m_adv_std=62.7079 m_kl_max=0.0098 m_ratio_max=0.496 w_ax@goal=+0.69 w_v@goal=3.85 return=887.8 length=85 success_rate=1.00 collisions/ep=2.39 (n=23)
update=362 global_step=741376 SPS=875 w_ev=0.292 m_ev=0.924 m_v_bias=-3.0 m_adv_std=56.2023 m_kl_max=0.0126 m_ratio_max=0.593 w_ax@goal=+0.68 w_v@goal=3.89 return=896.1 length=83 success_rate=1.00 collisions/ep=2.23 (n=26)
update=363 global_step=743424 SPS=875 w_ev=0.265 m_ev=0.953 m_v_bias=-6.9 m_adv_std=42.2572 m_kl_max=0.0213 m_ratio_max=0.727 w_ax@goal=+0.89 w_v@goal=3.93 return=912.1 length=82 success_rate=1.00 collisions/ep=1.92 (n=24)
update=364 global_step=745472 SPS=877 w_ev=0.253 m_ev=0.928 m_v_bias=7.0 m_adv_std=56.0228 m_kl_max=0.0179 m_ratio_max=0.929 w_ax@goal=+0.79 w_v@goal=3.95 return=906.2 length=86 success_rate=1.00 collisions/ep=2.00 (n=24)
update=365 global_step=747520 SPS=877 w_ev=0.168 m_ev=0.907 m_v_bias=-0.6 m_adv_std=62.6625 m_kl_max=0.0093 m_ratio_max=0.577 w_ax@goal=+0.85 w_v@goal=4.04 return=910.9 length=87 success_rate=1.00 collisions/ep=1.92 (n=24)
Evaluation at update 365: return=958.96, length=78.50, success_rate=1.00, collisions/ep=1.05
Solved-check at update 365: solved=False worst_gap=401.49 at p_x0=1.50 p_y0=-0.50 (consecutive=0)
update=366 global_step=749568 SPS=873 w_ev=0.172 m_ev=0.930 m_v_bias=-5.2 m_adv_std=52.8254 m_kl_max=0.0076 m_ratio_max=0.418 w_ax@goal=+0.88 w_v@goal=3.75 return=896.7 length=84 success_rate=1.00 collisions/ep=2.21 (n=24)
update=367 global_step=751616 SPS=874 w_ev=0.166 m_ev=0.915 m_v_bias=2.3 m_adv_std=61.9651 m_kl_max=0.0119 m_ratio_max=0.767 w_ax@goal=+0.59 w_v@goal=3.89 return=903.9 length=85 success_rate=1.00 collisions/ep=2.04 (n=24)
update=368 global_step=753664 SPS=875 w_ev=0.271 m_ev=0.917 m_v_bias=-11.3 m_adv_std=57.6272 m_kl_max=0.0141 m_ratio_max=0.471 w_ax@goal=+0.64 w_v@goal=3.63 return=904.2 length=84 success_rate=1.00 collisions/ep=2.08 (n=24)
update=369 global_step=755712 SPS=876 w_ev=0.200 m_ev=0.937 m_v_bias=9.4 m_adv_std=51.5357 m_kl_max=0.0081 m_ratio_max=0.460 w_ax@goal=+0.86 w_v@goal=3.80 return=891.0 length=83 success_rate=1.00 collisions/ep=2.33 (n=24)
update=370 global_step=757760 SPS=877 w_ev=0.236 m_ev=0.948 m_v_bias=-8.9 m_adv_std=45.3171 m_kl_max=0.0120 m_ratio_max=0.438 w_ax@goal=+0.63 w_v@goal=3.98 return=895.6 length=83 success_rate=1.00 collisions/ep=2.27 (n=26)
Evaluation at update 370: return=915.75, length=79.30, success_rate=1.00, collisions/ep=1.90
Solved-check at update 370: solved=False worst_gap=452.00 at p_x0=1.50 p_y0=0.00 (consecutive=0)
update=371 global_step=759808 SPS=874 w_ev=0.172 m_ev=0.898 m_v_bias=23.0 m_adv_std=66.8926 m_kl_max=0.0152 m_ratio_max=0.630 w_ax@goal=+0.62 w_v@goal=3.93 return=840.6 length=85 success_rate=1.00 collisions/ep=3.30 (n=23)
update=372 global_step=761856 SPS=875 w_ev=0.221 m_ev=0.937 m_v_bias=-16.8 m_adv_std=52.1103 m_kl_max=0.0186 m_ratio_max=0.975 w_ax@goal=+0.73 w_v@goal=3.63 return=908.1 length=86 success_rate=1.00 collisions/ep=1.96 (n=23)
update=373 global_step=763904 SPS=876 w_ev=0.148 m_ev=0.935 m_v_bias=-2.5 m_adv_std=52.0676 m_kl_max=0.0085 m_ratio_max=0.536 w_ax@goal=+0.67 w_v@goal=3.78 return=910.4 length=86 success_rate=1.00 collisions/ep=1.96 (n=23)
update=374 global_step=765952 SPS=876 w_ev=0.176 m_ev=0.915 m_v_bias=1.6 m_adv_std=59.9737 m_kl_max=0.0092 m_ratio_max=0.558 w_ax@goal=+0.68 w_v@goal=3.78 return=897.2 length=86 success_rate=1.00 collisions/ep=2.17 (n=24)
update=375 global_step=768000 SPS=877 w_ev=0.184 m_ev=0.914 m_v_bias=3.8 m_adv_std=60.1702 m_kl_max=0.0047 m_ratio_max=0.356 w_ax@goal=+0.57 w_v@goal=3.81 return=887.0 length=87 success_rate=1.00 collisions/ep=2.38 (n=24)
Evaluation at update 375: return=941.62, length=78.30, success_rate=1.00, collisions/ep=1.40
Solved-check at update 375: solved=False worst_gap=450.55 at p_x0=2.00 p_y0=-0.50 (consecutive=0)
update=376 global_step=770048 SPS=874 w_ev=0.178 m_ev=0.916 m_v_bias=2.0 m_adv_std=61.3212 m_kl_max=0.0081 m_ratio_max=0.433 w_ax@goal=+0.57 w_v@goal=3.79 return=885.6 length=87 success_rate=1.00 collisions/ep=2.42 (n=24)
update=377 global_step=772096 SPS=875 w_ev=0.242 m_ev=0.945 m_v_bias=-6.8 m_adv_std=46.9539 m_kl_max=0.0036 m_ratio_max=0.261 w_ax@goal=+0.54 w_v@goal=3.69 return=893.2 length=85 success_rate=1.00 collisions/ep=2.28 (n=25)
update=378 global_step=774144 SPS=876 w_ev=0.253 m_ev=0.917 m_v_bias=9.7 m_adv_std=60.7940 m_kl_max=0.0128 m_ratio_max=0.517 w_ax@goal=+0.53 w_v@goal=3.65 return=875.4 length=84 success_rate=1.00 collisions/ep=2.62 (n=24)
update=379 global_step=776192 SPS=877 w_ev=0.170 m_ev=0.914 m_v_bias=1.2 m_adv_std=60.7463 m_kl_max=0.0201 m_ratio_max=0.570 w_ax@goal=+0.66 w_v@goal=3.84 return=884.1 length=83 success_rate=1.00 collisions/ep=2.46 (n=24)
update=380 global_step=778240 SPS=878 w_ev=0.253 m_ev=0.918 m_v_bias=-3.9 m_adv_std=60.0201 m_kl_max=0.0136 m_ratio_max=0.479 w_ax@goal=+0.41 w_v@goal=3.81 return=898.2 length=86 success_rate=1.00 collisions/ep=2.13 (n=23)
Evaluation at update 380: return=854.22, length=80.85, success_rate=1.00, collisions/ep=3.10
Solved-check at update 380: solved=False worst_gap=354.07 at p_x0=0.50 p_y0=0.50 (consecutive=0)
update=381 global_step=780288 SPS=874 w_ev=0.276 m_ev=0.920 m_v_bias=6.5 m_adv_std=59.8853 m_kl_max=0.0192 m_ratio_max=0.592 w_ax@goal=+0.41 w_v@goal=3.77 return=912.1 length=87 success_rate=1.00 collisions/ep=1.84 (n=25)
update=382 global_step=782336 SPS=875 w_ev=0.221 m_ev=0.939 m_v_bias=-1.0 m_adv_std=49.7874 m_kl_max=0.0162 m_ratio_max=0.617 w_ax@goal=+0.47 w_v@goal=3.80 return=887.1 length=90 success_rate=1.00 collisions/ep=2.32 (n=22)
update=383 global_step=784384 SPS=876 w_ev=0.225 m_ev=0.954 m_v_bias=-10.3 m_adv_std=43.0452 m_kl_max=0.0110 m_ratio_max=0.598 w_ax@goal=+0.51 w_v@goal=3.80 return=911.0 length=88 success_rate=1.00 collisions/ep=1.88 (n=24)
update=384 global_step=786432 SPS=877 w_ev=0.161 m_ev=0.934 m_v_bias=-12.7 m_adv_std=50.3443 m_kl_max=0.0171 m_ratio_max=0.976 w_ax@goal=+0.52 w_v@goal=3.61 return=950.8 length=85 success_rate=1.00 collisions/ep=1.08 (n=24)
update=385 global_step=788480 SPS=878 w_ev=0.180 m_ev=0.952 m_v_bias=10.5 m_adv_std=43.9010 m_kl_max=0.0165 m_ratio_max=0.523 w_ax@goal=+0.54 w_v@goal=3.63 return=927.3 length=88 success_rate=1.00 collisions/ep=1.56 (n=25)
Evaluation at update 385: return=1000.78, length=79.15, success_rate=1.00, collisions/ep=0.20
Solved-check at update 385: solved=False worst_gap=402.40 at p_x0=1.50 p_y0=-0.50 (consecutive=0)
update=386 global_step=790528 SPS=875 w_ev=0.225 m_ev=0.958 m_v_bias=-9.5 m_adv_std=39.6819 m_kl_max=0.0098 m_ratio_max=0.492 w_ax@goal=+0.82 w_v@goal=3.39 return=949.3 length=86 success_rate=1.00 collisions/ep=1.13 (n=23)
update=387 global_step=792576 SPS=876 w_ev=0.080 m_ev=0.972 m_v_bias=3.2 m_adv_std=31.7912 m_kl_max=0.0249 m_ratio_max=0.641 w_ax@goal=+0.37 w_v@goal=3.87 return=926.7 length=86 success_rate=1.00 collisions/ep=1.62 (n=24)
update=388 global_step=794624 SPS=877 w_ev=0.136 m_ev=0.934 m_v_bias=8.1 m_adv_std=51.5154 m_kl_max=0.0256 m_ratio_max=1.271 w_ax@goal=+0.52 w_v@goal=3.88 return=931.4 length=87 success_rate=1.00 collisions/ep=1.45 (n=22)
update=389 global_step=796672 SPS=878 w_ev=0.102 m_ev=0.932 m_v_bias=-1.5 m_adv_std=51.2197 m_kl_max=0.0146 m_ratio_max=0.647 w_ax@goal=+0.51 w_v@goal=3.92 return=932.0 length=91 success_rate=1.00 collisions/ep=1.39 (n=23)
update=390 global_step=798720 SPS=878 w_ev=0.150 m_ev=0.944 m_v_bias=9.9 m_adv_std=48.8657 m_kl_max=0.0063 m_ratio_max=0.419 w_ax@goal=+0.39 w_v@goal=3.89 return=892.1 length=90 success_rate=1.00 collisions/ep=2.22 (n=23)
Evaluation at update 390: return=1005.97, length=81.45, success_rate=1.00, collisions/ep=0.05
Solved-check at update 390: solved=False worst_gap=351.28 at p_x0=2.00 p_y0=-1.00 (consecutive=0)
update=391 global_step=800768 SPS=875 w_ev=0.098 m_ev=0.909 m_v_bias=-5.3 m_adv_std=61.0333 m_kl_max=0.0062 m_ratio_max=0.399 w_ax@goal=+0.54 w_v@goal=3.94 return=934.4 length=87 success_rate=1.00 collisions/ep=1.38 (n=24)
update=392 global_step=802816 SPS=876 w_ev=0.168 m_ev=0.902 m_v_bias=20.3 m_adv_std=65.7257 m_kl_max=0.0203 m_ratio_max=0.662 w_ax@goal=+0.42 w_v@goal=3.88 return=886.6 length=88 success_rate=1.00 collisions/ep=2.33 (n=24)
update=393 global_step=804864 SPS=877 w_ev=0.073 m_ev=0.925 m_v_bias=2.5 m_adv_std=57.5425 m_kl_max=0.0089 m_ratio_max=0.469 w_ax@goal=+0.47 w_v@goal=3.78 return=908.4 length=93 success_rate=1.00 collisions/ep=1.85 (n=20)
update=394 global_step=806912 SPS=878 w_ev=0.111 m_ev=0.865 m_v_bias=19.4 m_adv_std=82.3128 m_kl_max=0.0056 m_ratio_max=0.535 w_ax@goal=+0.23 w_v@goal=3.89 return=877.3 length=92 success_rate=1.00 collisions/ep=2.45 (n=22)
update=395 global_step=808960 SPS=879 w_ev=0.124 m_ev=0.914 m_v_bias=-11.2 m_adv_std=62.8854 m_kl_max=0.0099 m_ratio_max=0.451 w_ax@goal=+0.14 w_v@goal=4.02 return=892.6 length=93 success_rate=1.00 collisions/ep=2.14 (n=22)
Evaluation at update 395: return=1008.41, length=81.65, success_rate=1.00, collisions/ep=0.00
Solved-check at update 395: solved=False worst_gap=52.91 at p_x0=2.00 p_y0=-1.00 (consecutive=0)
update=396 global_step=811008 SPS=876 w_ev=0.235 m_ev=0.899 m_v_bias=5.0 m_adv_std=71.3636 m_kl_max=0.0259 m_ratio_max=1.237 w_ax@goal=+0.33 w_v@goal=3.84 return=904.0 length=92 success_rate=1.00 collisions/ep=1.91 (n=23)
update=397 global_step=813056 SPS=876 w_ev=0.131 m_ev=0.949 m_v_bias=-19.7 m_adv_std=44.6681 m_kl_max=0.0057 m_ratio_max=0.367 w_ax@goal=+0.23 w_v@goal=3.88 return=941.5 length=91 success_rate=1.00 collisions/ep=1.17 (n=23)
update=398 global_step=815104 SPS=877 w_ev=0.233 m_ev=0.949 m_v_bias=3.7 m_adv_std=45.8396 m_kl_max=0.0140 m_ratio_max=0.487 w_ax@goal=+0.14 w_v@goal=3.82 return=917.2 length=90 success_rate=1.00 collisions/ep=1.65 (n=23)
update=399 global_step=817152 SPS=878 w_ev=0.201 m_ev=0.926 m_v_bias=-1.8 m_adv_std=53.9874 m_kl_max=0.0192 m_ratio_max=0.863 w_ax@goal=+0.42 w_v@goal=3.75 return=933.7 length=93 success_rate=1.00 collisions/ep=1.33 (n=21)
update=400 global_step=819200 SPS=879 w_ev=0.151 m_ev=0.956 m_v_bias=-3.4 m_adv_std=42.3925 m_kl_max=0.0108 m_ratio_max=0.414 w_ax@goal=+0.36 w_v@goal=3.77 return=922.8 length=88 success_rate=1.00 collisions/ep=1.61 (n=23)
Evaluation at update 400: return=997.07, length=80.60, success_rate=1.00, collisions/ep=0.25
Solved-check at update 400: solved=False worst_gap=402.32 at p_x0=2.00 p_y0=-0.50 (consecutive=0)
update=401 global_step=821248 SPS=875 w_ev=0.138 m_ev=0.924 m_v_bias=3.9 m_adv_std=59.5936 m_kl_max=0.0118 m_ratio_max=0.450 w_ax@goal=+0.26 w_v@goal=4.00 return=940.8 length=88 success_rate=1.00 collisions/ep=1.21 (n=24)
update=402 global_step=823296 SPS=876 w_ev=0.186 m_ev=0.913 m_v_bias=-11.1 m_adv_std=58.3983 m_kl_max=0.0120 m_ratio_max=0.874 w_ax@goal=+0.28 w_v@goal=3.76 return=925.0 length=90 success_rate=1.00 collisions/ep=1.59 (n=22)
update=403 global_step=825344 SPS=877 w_ev=0.210 m_ev=0.979 m_v_bias=-9.5 m_adv_std=26.7396 m_kl_max=0.0068 m_ratio_max=0.564 w_ax@goal=+0.39 w_v@goal=3.88 return=961.8 length=87 success_rate=1.00 collisions/ep=0.88 (n=24)
update=404 global_step=827392 SPS=878 w_ev=0.224 m_ev=0.964 m_v_bias=9.6 m_adv_std=36.8922 m_kl_max=0.0106 m_ratio_max=0.526 w_ax@goal=+0.33 w_v@goal=3.98 return=935.2 length=86 success_rate=1.00 collisions/ep=1.42 (n=24)
update=405 global_step=829440 SPS=879 w_ev=0.132 m_ev=0.958 m_v_bias=-2.5 m_adv_std=39.8242 m_kl_max=0.0136 m_ratio_max=0.767 w_ax@goal=+0.33 w_v@goal=4.15 return=953.4 length=90 success_rate=1.00 collisions/ep=1.00 (n=24)
Evaluation at update 405: return=1010.81, length=79.20, success_rate=1.00, collisions/ep=0.00
Solved-check at update 405: solved=False worst_gap=51.68 at p_x0=1.50 p_y0=-1.00 (consecutive=0)
update=406 global_step=831488 SPS=876 w_ev=0.220 m_ev=0.976 m_v_bias=-15.0 m_adv_std=29.2473 m_kl_max=0.0113 m_ratio_max=0.672 w_ax@goal=+0.70 w_v@goal=3.99 return=974.0 length=87 success_rate=1.00 collisions/ep=0.62 (n=24)
update=407 global_step=833536 SPS=877 w_ev=0.172 m_ev=0.967 m_v_bias=7.8 m_adv_std=34.4435 m_kl_max=0.0053 m_ratio_max=0.407 w_ax@goal=+0.41 w_v@goal=3.83 return=944.1 length=88 success_rate=1.00 collisions/ep=1.25 (n=24)
update=408 global_step=835584 SPS=878 w_ev=0.174 m_ev=0.938 m_v_bias=11.6 m_adv_std=48.3456 m_kl_max=0.0082 m_ratio_max=0.430 w_ax@goal=+0.37 w_v@goal=3.84 return=932.3 length=91 success_rate=1.00 collisions/ep=1.43 (n=21)
update=409 global_step=837632 SPS=879 w_ev=0.140 m_ev=0.959 m_v_bias=-7.8 m_adv_std=38.1450 m_kl_max=0.0247 m_ratio_max=1.575 w_ax@goal=+0.38 w_v@goal=4.07 return=963.7 length=90 success_rate=1.00 collisions/ep=0.81 (n=21)
update=410 global_step=839680 SPS=879 w_ev=0.070 m_ev=0.948 m_v_bias=-5.0 m_adv_std=45.1512 m_kl_max=0.0133 m_ratio_max=0.722 w_ax@goal=+0.38 w_v@goal=4.13 return=950.1 length=88 success_rate=1.00 collisions/ep=1.08 (n=25)
Evaluation at update 410: return=1010.69, length=79.25, success_rate=1.00, collisions/ep=0.00
Solved-check at update 410: solved=False worst_gap=51.91 at p_x0=1.50 p_y0=-1.00 (consecutive=0)
update=411 global_step=841728 SPS=877 w_ev=0.087 m_ev=0.936 m_v_bias=11.3 m_adv_std=50.5630 m_kl_max=0.0122 m_ratio_max=1.002 w_ax@goal=+0.38 w_v@goal=4.11 return=947.3 length=85 success_rate=1.00 collisions/ep=1.16 (n=25)
update=412 global_step=843776 SPS=877 w_ev=0.135 m_ev=0.934 m_v_bias=-7.7 m_adv_std=49.0258 m_kl_max=0.0414 m_ratio_max=1.128 w_ax@goal=+0.44 w_v@goal=4.04 return=920.9 length=85 success_rate=1.00 collisions/ep=1.70 (n=23)
update=413 global_step=845824 SPS=878 w_ev=0.206 m_ev=0.949 m_v_bias=2.1 m_adv_std=44.2484 m_kl_max=0.0232 m_ratio_max=0.655 w_ax@goal=+0.35 w_v@goal=4.03 return=943.2 length=87 success_rate=1.00 collisions/ep=1.21 (n=24)
update=414 global_step=847872 SPS=879 w_ev=0.193 m_ev=0.947 m_v_bias=5.0 m_adv_std=45.4144 m_kl_max=0.0097 m_ratio_max=0.537 w_ax@goal=+0.37 w_v@goal=4.17 return=935.5 length=87 success_rate=1.00 collisions/ep=1.35 (n=23)
update=415 global_step=849920 SPS=880 w_ev=0.246 m_ev=0.945 m_v_bias=-3.8 m_adv_std=45.5527 m_kl_max=0.0071 m_ratio_max=0.514 w_ax@goal=+0.40 w_v@goal=3.92 return=940.8 length=89 success_rate=1.00 collisions/ep=1.27 (n=22)
Evaluation at update 415: return=1007.79, length=82.30, success_rate=1.00, collisions/ep=0.00
Solved-check at update 415: solved=False worst_gap=53.10 at p_x0=2.00 p_y0=-1.00 (consecutive=0)
update=416 global_step=851968 SPS=877 w_ev=0.165 m_ev=0.952 m_v_bias=5.6 m_adv_std=42.4105 m_kl_max=0.0052 m_ratio_max=0.331 w_ax@goal=+0.24 w_v@goal=4.14 return=942.1 length=93 success_rate=1.00 collisions/ep=1.13 (n=23)
update=417 global_step=854016 SPS=877 w_ev=0.107 m_ev=0.949 m_v_bias=-2.0 m_adv_std=44.7979 m_kl_max=0.0156 m_ratio_max=0.594 w_ax@goal=+0.25 w_v@goal=3.92 return=948.2 length=94 success_rate=1.00 collisions/ep=1.05 (n=22)
update=418 global_step=856064 SPS=878 w_ev=0.157 m_ev=0.968 m_v_bias=-5.3 m_adv_std=33.8638 m_kl_max=0.0157 m_ratio_max=0.648 w_ax@goal=+0.29 w_v@goal=3.88 return=968.2 length=92 success_rate=1.00 collisions/ep=0.64 (n=22)
update=419 global_step=858112 SPS=879 w_ev=0.122 m_ev=0.963 m_v_bias=7.5 m_adv_std=36.9546 m_kl_max=0.0050 m_ratio_max=0.612 w_ax@goal=+0.30 w_v@goal=3.90 return=949.7 length=90 success_rate=1.00 collisions/ep=1.00 (n=22)
update=420 global_step=860160 SPS=880 w_ev=0.121 m_ev=0.931 m_v_bias=13.8 m_adv_std=54.0515 m_kl_max=0.0054 m_ratio_max=0.377 w_ax@goal=+0.26 w_v@goal=3.95 return=906.3 length=91 success_rate=1.00 collisions/ep=1.86 (n=21)
Evaluation at update 420: return=1005.76, length=84.20, success_rate=1.00, collisions/ep=0.00
Solved-check at update 420: solved=False worst_gap=205.49 at p_x0=1.50 p_y0=-1.00 (consecutive=0)
update=421 global_step=862208 SPS=876 w_ev=0.169 m_ev=0.948 m_v_bias=-3.7 m_adv_std=47.7075 m_kl_max=0.0107 m_ratio_max=0.828 w_ax@goal=+0.42 w_v@goal=3.98 return=923.0 length=91 success_rate=1.00 collisions/ep=1.58 (n=24)
update=422 global_step=864256 SPS=877 w_ev=0.090 m_ev=0.962 m_v_bias=1.6 m_adv_std=39.7252 m_kl_max=0.0121 m_ratio_max=0.627 w_ax@goal=+0.41 w_v@goal=3.85 return=922.8 length=93 success_rate=1.00 collisions/ep=1.52 (n=23)
update=423 global_step=866304 SPS=878 w_ev=0.107 m_ev=0.954 m_v_bias=-7.0 m_adv_std=43.1170 m_kl_max=0.0118 m_ratio_max=0.642 w_ax@goal=+0.23 w_v@goal=3.97 return=936.5 length=94 success_rate=1.00 collisions/ep=1.23 (n=22)
update=424 global_step=868352 SPS=879 w_ev=0.087 m_ev=0.953 m_v_bias=0.4 m_adv_std=43.4994 m_kl_max=0.0064 m_ratio_max=0.442 w_ax@goal=+0.33 w_v@goal=4.03 return=940.8 length=90 success_rate=1.00 collisions/ep=1.17 (n=23)
update=425 global_step=870400 SPS=880 w_ev=0.039 m_ev=0.940 m_v_bias=8.0 m_adv_std=48.4461 m_kl_max=0.0147 m_ratio_max=0.859 w_ax@goal=+0.24 w_v@goal=4.07 return=945.1 length=95 success_rate=1.00 collisions/ep=1.05 (n=20)
Evaluation at update 425: return=1004.00, length=86.00, success_rate=1.00, collisions/ep=0.00
Solved-check at update 425: solved=False worst_gap=56.88 at p_x0=2.00 p_y0=-1.00 (consecutive=0)
update=426 global_step=872448 SPS=876 w_ev=0.125 m_ev=0.976 m_v_bias=-5.0 m_adv_std=30.5143 m_kl_max=0.0080 m_ratio_max=0.405 w_ax@goal=+0.20 w_v@goal=4.03 return=955.3 length=95 success_rate=1.00 collisions/ep=0.82 (n=22)
update=427 global_step=874496 SPS=877 w_ev=0.211 m_ev=0.961 m_v_bias=1.6 m_adv_std=38.2464 m_kl_max=0.0110 m_ratio_max=0.605 w_ax@goal=+0.32 w_v@goal=3.65 return=944.6 length=96 success_rate=1.00 collisions/ep=1.05 (n=21)
update=428 global_step=876544 SPS=878 w_ev=0.074 m_ev=0.958 m_v_bias=4.3 m_adv_std=40.6316 m_kl_max=0.0134 m_ratio_max=1.144 w_ax@goal=+0.16 w_v@goal=3.85 return=938.8 length=96 success_rate=1.00 collisions/ep=1.18 (n=22)
update=429 global_step=878592 SPS=879 w_ev=0.106 m_ev=0.970 m_v_bias=-0.2 m_adv_std=34.9450 m_kl_max=0.0077 m_ratio_max=0.571 w_ax@goal=+0.29 w_v@goal=3.92 return=942.2 length=94 success_rate=1.00 collisions/ep=1.10 (n=21)
update=430 global_step=880640 SPS=880 w_ev=0.080 m_ev=0.939 m_v_bias=9.8 m_adv_std=52.5022 m_kl_max=0.0209 m_ratio_max=0.811 w_ax@goal=+0.26 w_v@goal=4.05 return=926.8 length=94 success_rate=1.00 collisions/ep=1.43 (n=23)
Evaluation at update 430: return=1004.08, length=85.85, success_rate=1.00, collisions/ep=0.00
Solved-check at update 430: solved=False worst_gap=55.09 at p_x0=2.00 p_y0=-1.00 (consecutive=0)
update=431 global_step=882688 SPS=876 w_ev=0.019 m_ev=0.954 m_v_bias=-12.7 m_adv_std=43.3857 m_kl_max=0.0186 m_ratio_max=0.893 w_ax@goal=+0.19 w_v@goal=4.08 return=942.8 length=95 success_rate=1.00 collisions/ep=1.14 (n=21)
update=432 global_step=884736 SPS=877 w_ev=0.105 m_ev=0.948 m_v_bias=3.5 m_adv_std=44.8352 m_kl_max=0.0115 m_ratio_max=0.471 w_ax@goal=+0.38 w_v@goal=4.06 return=940.5 length=92 success_rate=1.00 collisions/ep=1.18 (n=22)
update=433 global_step=886784 SPS=878 w_ev=0.101 m_ev=0.977 m_v_bias=-10.0 m_adv_std=29.8664 m_kl_max=0.0085 m_ratio_max=0.479 w_ax@goal=+0.39 w_v@goal=4.17 return=940.9 length=91 success_rate=1.00 collisions/ep=1.21 (n=24)
update=434 global_step=888832 SPS=879 w_ev=0.141 m_ev=0.945 m_v_bias=10.4 m_adv_std=47.8067 m_kl_max=0.0064 m_ratio_max=0.453 w_ax@goal=+0.40 w_v@goal=3.95 return=935.3 length=91 success_rate=1.00 collisions/ep=1.30 (n=23)
update=435 global_step=890880 SPS=879 w_ev=0.075 m_ev=0.949 m_v_bias=3.6 m_adv_std=44.2161 m_kl_max=0.0119 m_ratio_max=0.684 w_ax@goal=+0.36 w_v@goal=3.76 return=919.9 length=93 success_rate=1.00 collisions/ep=1.60 (n=20)
Evaluation at update 435: return=943.52, length=86.50, success_rate=1.00, collisions/ep=1.20
Solved-check at update 435: solved=False worst_gap=404.00 at p_x0=2.00 p_y0=-1.00 (consecutive=0)
update=436 global_step=892928 SPS=876 w_ev=0.147 m_ev=0.940 m_v_bias=-7.0 m_adv_std=48.0029 m_kl_max=0.0117 m_ratio_max=0.565 w_ax@goal=+0.46 w_v@goal=3.83 return=932.3 length=90 success_rate=1.00 collisions/ep=1.36 (n=22)
update=437 global_step=894976 SPS=877 w_ev=0.103 m_ev=0.932 m_v_bias=2.6 m_adv_std=52.6457 m_kl_max=0.0194 m_ratio_max=0.647 w_ax@goal=+0.49 w_v@goal=3.93 return=921.4 length=89 success_rate=1.00 collisions/ep=1.65 (n=23)
update=438 global_step=897024 SPS=878 w_ev=0.099 m_ev=0.974 m_v_bias=-9.1 m_adv_std=31.8908 m_kl_max=0.0074 m_ratio_max=0.391 w_ax@goal=+0.57 w_v@goal=4.08 return=926.4 length=87 success_rate=1.00 collisions/ep=1.54 (n=24)
update=439 global_step=899072 SPS=878 w_ev=0.075 m_ev=0.958 m_v_bias=3.1 m_adv_std=39.3247 m_kl_max=0.0178 m_ratio_max=0.693 w_ax@goal=+0.49 w_v@goal=4.10 return=923.5 length=88 success_rate=1.00 collisions/ep=1.58 (n=24)
update=440 global_step=901120 SPS=879 w_ev=0.176 m_ev=0.937 m_v_bias=9.8 m_adv_std=49.2028 m_kl_max=0.0166 m_ratio_max=0.774 w_ax@goal=+0.49 w_v@goal=3.93 return=913.8 length=87 success_rate=1.00 collisions/ep=1.79 (n=24)
Evaluation at update 440: return=957.22, length=82.75, success_rate=1.00, collisions/ep=1.00
Solved-check at update 440: solved=False worst_gap=57.25 at p_x0=0.00 p_y0=1.00 (consecutive=0)
update=441 global_step=903168 SPS=876 w_ev=0.173 m_ev=0.976 m_v_bias=-11.0 m_adv_std=31.1259 m_kl_max=0.0096 m_ratio_max=0.511 w_ax@goal=+0.66 w_v@goal=3.93 return=922.6 length=89 success_rate=1.00 collisions/ep=1.71 (n=24)
update=442 global_step=905216 SPS=876 w_ev=0.164 m_ev=0.976 m_v_bias=0.2 m_adv_std=29.9124 m_kl_max=0.0095 m_ratio_max=0.460 w_ax@goal=+0.41 w_v@goal=4.11 return=937.9 length=88 success_rate=1.00 collisions/ep=1.30 (n=23)
update=443 global_step=907264 SPS=877 w_ev=0.169 m_ev=0.959 m_v_bias=7.0 m_adv_std=40.5154 m_kl_max=0.0061 m_ratio_max=0.377 w_ax@goal=+0.55 w_v@goal=3.78 return=897.4 length=87 success_rate=1.00 collisions/ep=2.13 (n=23)
update=444 global_step=909312 SPS=878 w_ev=0.190 m_ev=0.949 m_v_bias=1.2 m_adv_std=43.5330 m_kl_max=0.0329 m_ratio_max=0.804 w_ax@goal=+0.51 w_v@goal=3.80 return=911.6 length=88 success_rate=1.00 collisions/ep=1.87 (n=23)
update=445 global_step=911360 SPS=878 w_ev=0.168 m_ev=0.939 m_v_bias=10.6 m_adv_std=49.7019 m_kl_max=0.0057 m_ratio_max=0.391 w_ax@goal=+0.44 w_v@goal=3.87 return=873.1 length=86 success_rate=1.00 collisions/ep=2.64 (n=25)
Evaluation at update 445: return=959.54, length=80.40, success_rate=1.00, collisions/ep=1.00
Solved-check at update 445: solved=False worst_gap=404.00 at p_x0=2.00 p_y0=-1.00 (consecutive=0)
update=446 global_step=913408 SPS=875 w_ev=0.175 m_ev=0.931 m_v_bias=0.9 m_adv_std=52.5300 m_kl_max=0.0033 m_ratio_max=0.365 w_ax@goal=+0.49 w_v@goal=3.68 return=880.8 length=85 success_rate=1.00 collisions/ep=2.48 (n=23)
update=447 global_step=915456 SPS=876 w_ev=0.144 m_ev=0.956 m_v_bias=-5.8 m_adv_std=43.0094 m_kl_max=0.0101 m_ratio_max=0.585 w_ax@goal=+0.40 w_v@goal=4.04 return=897.2 length=88 success_rate=1.00 collisions/ep=2.21 (n=24)
update=448 global_step=917504 SPS=876 w_ev=0.188 m_ev=0.968 m_v_bias=-4.1 m_adv_std=35.7083 m_kl_max=0.0165 m_ratio_max=0.825 w_ax@goal=+0.36 w_v@goal=4.09 return=893.1 length=86 success_rate=1.00 collisions/ep=2.30 (n=23)
update=449 global_step=919552 SPS=877 w_ev=0.228 m_ev=0.950 m_v_bias=3.5 m_adv_std=45.4136 m_kl_max=0.0146 m_ratio_max=0.721 w_ax@goal=+0.65 w_v@goal=4.14 return=884.0 length=85 success_rate=1.00 collisions/ep=2.44 (n=25)
update=450 global_step=921600 SPS=878 w_ev=0.218 m_ev=0.943 m_v_bias=-4.4 m_adv_std=47.0375 m_kl_max=0.0038 m_ratio_max=0.424 w_ax@goal=+0.43 w_v@goal=3.80 return=881.5 length=86 success_rate=1.00 collisions/ep=2.50 (n=22)
Evaluation at update 450: return=953.84, length=81.15, success_rate=1.00, collisions/ep=1.10
Solved-check at update 450: solved=False worst_gap=152.83 at p_x0=0.50 p_y0=1.00 (consecutive=0)
update=451 global_step=923648 SPS=875 w_ev=0.237 m_ev=0.977 m_v_bias=-6.4 m_adv_std=29.4873 m_kl_max=0.0115 m_ratio_max=0.607 w_ax@goal=+0.32 w_v@goal=3.78 return=934.7 length=90 success_rate=1.00 collisions/ep=1.38 (n=24)
update=452 global_step=925696 SPS=876 w_ev=0.300 m_ev=0.965 m_v_bias=1.4 m_adv_std=37.1404 m_kl_max=0.0165 m_ratio_max=0.972 w_ax@goal=+0.43 w_v@goal=3.69 return=916.1 length=86 success_rate=1.00 collisions/ep=1.79 (n=24)
update=453 global_step=927744 SPS=877 w_ev=0.197 m_ev=0.941 m_v_bias=10.4 m_adv_std=48.8892 m_kl_max=0.0074 m_ratio_max=0.706 w_ax@goal=+0.34 w_v@goal=3.68 return=885.4 length=90 success_rate=1.00 collisions/ep=2.41 (n=22)
update=454 global_step=929792 SPS=877 w_ev=0.216 m_ev=0.961 m_v_bias=3.2 m_adv_std=40.3085 m_kl_max=0.0142 m_ratio_max=0.641 w_ax@goal=+0.52 w_v@goal=3.76 return=896.6 length=91 success_rate=1.00 collisions/ep=2.09 (n=22)
update=455 global_step=931840 SPS=878 w_ev=0.200 m_ev=0.979 m_v_bias=-6.4 m_adv_std=29.6604 m_kl_max=0.0123 m_ratio_max=0.555 w_ax@goal=+0.31 w_v@goal=3.93 return=894.5 length=92 success_rate=1.00 collisions/ep=2.14 (n=22)
Evaluation at update 455: return=943.51, length=83.85, success_rate=1.00, collisions/ep=1.25
Solved-check at update 455: solved=False worst_gap=105.65 at p_x0=0.00 p_y0=0.50 (consecutive=0)
update=456 global_step=933888 SPS=875 w_ev=0.156 m_ev=0.964 m_v_bias=-5.1 m_adv_std=36.6643 m_kl_max=0.0131 m_ratio_max=0.701 w_ax@goal=+0.31 w_v@goal=3.92 return=920.9 length=89 success_rate=1.00 collisions/ep=1.61 (n=23)
update=457 global_step=935936 SPS=876 w_ev=0.129 m_ev=0.976 m_v_bias=2.7 m_adv_std=31.6974 m_kl_max=0.0054 m_ratio_max=0.427 w_ax@goal=+0.39 w_v@goal=3.85 return=918.2 length=92 success_rate=1.00 collisions/ep=1.67 (n=21)
update=458 global_step=937984 SPS=877 w_ev=0.161 m_ev=0.946 m_v_bias=17.1 m_adv_std=49.3081 m_kl_max=0.0029 m_ratio_max=0.249 w_ax@goal=+0.20 w_v@goal=3.82 return=880.7 length=96 success_rate=1.00 collisions/ep=2.39 (n=23)
update=459 global_step=940032 SPS=877 w_ev=0.281 m_ev=0.964 m_v_bias=2.6 m_adv_std=40.1674 m_kl_max=0.0135 m_ratio_max=1.186 w_ax@goal=+0.35 w_v@goal=3.51 return=893.9 length=96 success_rate=1.00 collisions/ep=2.05 (n=22)
update=460 global_step=942080 SPS=878 w_ev=0.077 m_ev=0.966 m_v_bias=-4.0 m_adv_std=36.7602 m_kl_max=0.0133 m_ratio_max=0.732 w_ax@goal=+0.12 w_v@goal=4.10 return=923.4 length=92 success_rate=1.00 collisions/ep=1.47 (n=19)
Evaluation at update 460: return=925.96, length=86.50, success_rate=1.00, collisions/ep=1.55
Solved-check at update 460: solved=False worst_gap=505.13 at p_x0=0.50 p_y0=0.50 (consecutive=0)
update=461 global_step=944128 SPS=875 w_ev=0.171 m_ev=0.957 m_v_bias=-3.9 m_adv_std=42.3257 m_kl_max=0.0088 m_ratio_max=0.571 w_ax@goal=+0.24 w_v@goal=3.68 return=896.7 length=95 success_rate=1.00 collisions/ep=2.04 (n=24)
update=462 global_step=946176 SPS=876 w_ev=0.214 m_ev=0.961 m_v_bias=6.8 m_adv_std=41.9492 m_kl_max=0.0090 m_ratio_max=0.528 w_ax@goal=+0.27 w_v@goal=3.77 return=899.2 length=93 success_rate=1.00 collisions/ep=2.00 (n=22)
update=463 global_step=948224 SPS=876 w_ev=0.197 m_ev=0.964 m_v_bias=-2.0 m_adv_std=38.6431 m_kl_max=0.0147 m_ratio_max=1.116 w_ax@goal=+0.29 w_v@goal=3.77 return=908.7 length=93 success_rate=1.00 collisions/ep=1.78 (n=23)
update=464 global_step=950272 SPS=877 w_ev=0.160 m_ev=0.961 m_v_bias=9.9 m_adv_std=40.6637 m_kl_max=0.0205 m_ratio_max=1.314 w_ax@goal=+0.42 w_v@goal=3.89 return=869.0 length=92 success_rate=1.00 collisions/ep=2.60 (n=20)
update=465 global_step=952320 SPS=878 w_ev=0.139 m_ev=0.943 m_v_bias=5.8 m_adv_std=50.4064 m_kl_max=0.0048 m_ratio_max=0.362 w_ax@goal=+0.61 w_v@goal=3.99 return=863.7 length=93 success_rate=1.00 collisions/ep=2.67 (n=24)
Evaluation at update 465: return=890.32, length=87.15, success_rate=1.00, collisions/ep=2.25
Solved-check at update 465: solved=False worst_gap=459.58 at p_x0=0.00 p_y0=-0.50 (consecutive=0)
update=466 global_step=954368 SPS=875 w_ev=0.208 m_ev=0.959 m_v_bias=9.4 m_adv_std=44.6494 m_kl_max=0.0259 m_ratio_max=1.975 w_ax@goal=+0.38 w_v@goal=3.68 return=870.9 length=97 success_rate=1.00 collisions/ep=2.48 (n=21)
update=467 global_step=956416 SPS=875 w_ev=0.177 m_ev=0.967 m_v_bias=-4.0 m_adv_std=39.1532 m_kl_max=0.0097 m_ratio_max=0.670 w_ax@goal=+0.16 w_v@goal=3.73 return=845.3 length=91 success_rate=1.00 collisions/ep=3.05 (n=21)
update=468 global_step=958464 SPS=876 w_ev=0.234 m_ev=0.972 m_v_bias=-15.7 m_adv_std=34.4693 m_kl_max=0.0130 m_ratio_max=0.643 w_ax@goal=+0.32 w_v@goal=3.69 return=881.6 length=92 success_rate=1.00 collisions/ep=2.39 (n=23)
update=469 global_step=960512 SPS=876 w_ev=0.262 m_ev=0.915 m_v_bias=13.5 m_adv_std=59.9588 m_kl_max=0.0114 m_ratio_max=0.451 w_ax@goal=+0.41 w_v@goal=3.38 return=848.8 length=91 success_rate=1.00 collisions/ep=3.14 (n=22)
update=470 global_step=962560 SPS=877 w_ev=0.331 m_ev=0.939 m_v_bias=1.1 m_adv_std=51.2144 m_kl_max=0.0027 m_ratio_max=0.259 w_ax@goal=+0.31 w_v@goal=3.49 return=850.0 length=93 success_rate=1.00 collisions/ep=3.13 (n=23)
Evaluation at update 470: return=955.90, length=83.95, success_rate=1.00, collisions/ep=1.00
Solved-check at update 470: solved=False worst_gap=60.89 at p_x0=0.00 p_y0=-1.00 (consecutive=0)
update=471 global_step=964608 SPS=873 w_ev=0.254 m_ev=0.909 m_v_bias=0.2 m_adv_std=64.3355 m_kl_max=0.0082 m_ratio_max=0.444 w_ax@goal=+0.20 w_v@goal=3.64 return=859.6 length=89 success_rate=1.00 collisions/ep=2.82 (n=22)
update=472 global_step=966656 SPS=874 w_ev=0.165 m_ev=0.863 m_v_bias=-15.1 m_adv_std=74.7588 m_kl_max=0.0086 m_ratio_max=0.403 w_ax@goal=+0.34 w_v@goal=3.89 return=867.4 length=91 success_rate=1.00 collisions/ep=2.68 (n=22)
update=473 global_step=968704 SPS=875 w_ev=0.197 m_ev=0.942 m_v_bias=-11.4 m_adv_std=49.5601 m_kl_max=0.0101 m_ratio_max=0.618 w_ax@goal=+0.69 w_v@goal=3.89 return=894.7 length=88 success_rate=1.00 collisions/ep=2.17 (n=24)
update=474 global_step=970752 SPS=875 w_ev=0.272 m_ev=0.954 m_v_bias=-4.3 m_adv_std=44.0901 m_kl_max=0.0087 m_ratio_max=0.467 w_ax@goal=+0.57 w_v@goal=3.61 return=907.3 length=88 success_rate=1.00 collisions/ep=1.96 (n=24)
update=475 global_step=972800 SPS=876 w_ev=0.267 m_ev=0.908 m_v_bias=13.1 m_adv_std=63.4554 m_kl_max=0.0179 m_ratio_max=0.487 w_ax@goal=+0.40 w_v@goal=3.56 return=855.1 length=87 success_rate=1.00 collisions/ep=3.04 (n=23)
Evaluation at update 475: return=956.29, length=83.85, success_rate=1.00, collisions/ep=1.00
Solved-check at update 475: solved=False worst_gap=59.97 at p_x0=0.00 p_y0=-1.00 (consecutive=0)
update=476 global_step=974848 SPS=873 w_ev=0.351 m_ev=0.957 m_v_bias=-8.1 m_adv_std=41.4773 m_kl_max=0.0104 m_ratio_max=0.929 w_ax@goal=+0.45 w_v@goal=3.44 return=890.4 length=90 success_rate=1.00 collisions/ep=2.25 (n=24)
update=477 global_step=976896 SPS=874 w_ev=0.126 m_ev=0.953 m_v_bias=13.4 m_adv_std=44.2800 m_kl_max=0.0090 m_ratio_max=0.609 w_ax@goal=+0.31 w_v@goal=3.93 return=876.9 length=91 success_rate=1.00 collisions/ep=2.45 (n=22)
update=478 global_step=978944 SPS=874 w_ev=0.190 m_ev=0.914 m_v_bias=13.2 m_adv_std=64.1907 m_kl_max=0.0159 m_ratio_max=0.880 w_ax@goal=+0.25 w_v@goal=3.83 return=823.3 length=91 success_rate=1.00 collisions/ep=3.62 (n=21)
update=479 global_step=980992 SPS=875 w_ev=0.226 m_ev=0.951 m_v_bias=-8.4 m_adv_std=45.4896 m_kl_max=0.0196 m_ratio_max=0.999 w_ax@goal=+0.45 w_v@goal=3.87 return=880.5 length=91 success_rate=1.00 collisions/ep=2.45 (n=22)
update=480 global_step=983040 SPS=876 w_ev=0.064 m_ev=0.957 m_v_bias=-4.1 m_adv_std=45.1050 m_kl_max=0.0026 m_ratio_max=0.349 w_ax@goal=+0.27 w_v@goal=3.99 return=875.9 length=94 success_rate=1.00 collisions/ep=2.41 (n=22)
Evaluation at update 480: return=954.80, length=85.25, success_rate=1.00, collisions/ep=1.00
Solved-check at update 480: solved=False worst_gap=62.00 at p_x0=0.50 p_y0=-1.00 (consecutive=0)
update=481 global_step=985088 SPS=873 w_ev=0.193 m_ev=0.953 m_v_bias=-0.0 m_adv_std=44.7205 m_kl_max=0.0128 m_ratio_max=0.617 w_ax@goal=+0.14 w_v@goal=3.66 return=876.8 length=94 success_rate=1.00 collisions/ep=2.45 (n=22)
update=482 global_step=987136 SPS=873 w_ev=0.290 m_ev=0.957 m_v_bias=-22.0 m_adv_std=40.4264 m_kl_max=0.0084 m_ratio_max=0.629 w_ax@goal=+0.49 w_v@goal=3.49 return=923.4 length=91 success_rate=1.00 collisions/ep=1.57 (n=23)
update=483 global_step=989184 SPS=874 w_ev=0.216 m_ev=0.928 m_v_bias=27.4 m_adv_std=52.6561 m_kl_max=0.0194 m_ratio_max=1.591 w_ax@goal=+0.25 w_v@goal=3.74 return=862.5 length=92 success_rate=1.00 collisions/ep=2.77 (n=22)
update=484 global_step=991232 SPS=875 w_ev=0.243 m_ev=0.951 m_v_bias=-0.3 m_adv_std=45.5990 m_kl_max=0.0098 m_ratio_max=0.573 w_ax@goal=+0.16 w_v@goal=3.61 return=862.4 length=95 success_rate=1.00 collisions/ep=2.71 (n=21)
update=485 global_step=993280 SPS=875 w_ev=0.169 m_ev=0.887 m_v_bias=15.9 m_adv_std=78.0363 m_kl_max=0.0092 m_ratio_max=0.624 w_ax@goal=+0.27 w_v@goal=3.57 return=847.0 length=94 success_rate=1.00 collisions/ep=3.04 (n=24)
Evaluation at update 485: return=955.01, length=85.00, success_rate=1.00, collisions/ep=1.00
Solved-check at update 485: solved=False worst_gap=61.23 at p_x0=0.50 p_y0=-1.00 (consecutive=0)
update=486 global_step=995328 SPS=873 w_ev=0.240 m_ev=0.954 m_v_bias=-38.5 m_adv_std=42.7507 m_kl_max=0.0115 m_ratio_max=0.711 w_ax@goal=+0.30 w_v@goal=3.47 return=918.1 length=92 success_rate=1.00 collisions/ep=1.62 (n=21)
update=487 global_step=997376 SPS=874 w_ev=0.217 m_ev=0.912 m_v_bias=13.4 m_adv_std=62.6452 m_kl_max=0.0277 m_ratio_max=0.856 w_ax@goal=+0.24 w_v@goal=3.58 return=886.3 length=95 success_rate=1.00 collisions/ep=2.24 (n=21)
update=488 global_step=999424 SPS=874 w_ev=0.102 m_ev=0.949 m_v_bias=-1.7 m_adv_std=46.1501 m_kl_max=0.0222 m_ratio_max=0.829 w_ax@goal=+0.23 w_v@goal=3.93 return=895.6 length=96 success_rate=1.00 collisions/ep=2.14 (n=22)
Saved checkpoints to C:\Users\loren\Desktop\MASTER THESIS\5_CODE\scenarios\slalom\studies\blind_worker_boxy2.5\coef_0\runs\hppo_slalom_3_1790588327
