Using device: cpu
Solved-check: precomputed optimal returns for 25 fixed initial conditions (mean=1013.0, min=1011.0, max=1015.0); solved-tolerance=5.0
num_envs=8 num_steps_per_env=256 worker_batch_size=2048 worker_minibatch_size=256 num_updates=488 timesteps=999424 (requested 1000000; 576 dropped by integer division)
update=1 global_step=2048 SPS=1359 w_ev=-0.045 m_ev=0.000 m_v_bias=33.0 m_adv_std=252.4876 m_kl_max=0.0010 m_ratio_max=0.147 w_ax@goal=-0.32 w_v@goal=-0.21 return=-171.7 length=181 success_rate=0.38 collisions/ep=8.25 (n=8)
update=2 global_step=4096 SPS=1352 w_ev=-0.013 m_ev=0.375 m_v_bias=94.3 m_adv_std=241.7571 m_kl_max=0.0038 m_ratio_max=0.441 w_ax@goal=-0.09 w_v@goal=-0.20 return=-311.9 length=178 success_rate=0.33 collisions/ep=9.89 (n=9)
update=3 global_step=6144 SPS=1336 w_ev=0.091 m_ev=0.307 m_v_bias=23.7 m_adv_std=224.6819 m_kl_max=0.0022 m_ratio_max=0.338 w_ax@goal=+0.25 w_v@goal=0.01 return=-334.5 length=195 success_rate=0.17 collisions/ep=6.75 (n=12)
update=4 global_step=8192 SPS=1334 w_ev=0.143 m_ev=0.514 m_v_bias=-51.4 m_adv_std=175.4281 m_kl_max=0.0039 m_ratio_max=0.367 w_ax@goal=+0.15 w_v@goal=0.02 return=-273.8 length=198 success_rate=0.25 collisions/ep=7.58 (n=12)
update=5 global_step=10240 SPS=1325 w_ev=0.175 m_ev=0.437 m_v_bias=62.8 m_adv_std=172.7496 m_kl_max=0.0011 m_ratio_max=0.167 w_ax@goal=-0.29 w_v@goal=-0.04 return=-531.2 length=197 success_rate=0.12 collisions/ep=9.62 (n=8)
Evaluation at update 5: return=-1325.38, length=200.00, success_rate=0.00, collisions/ep=22.10
Solved-check at update 5: solved=False worst_gap=5875.01 at p_x0=0.00 p_y0=1.00 (consecutive=0)
update=6 global_step=12288 SPS=596 w_ev=0.052 m_ev=0.541 m_v_bias=-4.1 m_adv_std=165.3407 m_kl_max=0.0093 m_ratio_max=0.416 w_ax@goal=+0.46 w_v@goal=0.20 return=-341.8 length=190 success_rate=0.18 collisions/ep=7.00 (n=11)
update=7 global_step=14336 SPS=645 w_ev=0.291 m_ev=-0.073 m_v_bias=97.4 m_adv_std=151.1822 m_kl_max=0.0076 m_ratio_max=0.610 w_ax@goal=+0.52 w_v@goal=1.03 return=-649.7 length=200 success_rate=0.00 collisions/ep=9.50 (n=10)
update=8 global_step=16384 SPS=687 w_ev=0.149 m_ev=0.152 m_v_bias=21.7 m_adv_std=137.3194 m_kl_max=0.0082 m_ratio_max=0.435 w_ax@goal=+0.95 w_v@goal=1.56 return=-570.1 length=200 success_rate=0.08 collisions/ep=9.67 (n=12)
update=9 global_step=18432 SPS=723 w_ev=0.195 m_ev=0.257 m_v_bias=-27.4 m_adv_std=212.0951 m_kl_max=0.0142 m_ratio_max=0.543 w_ax@goal=-0.18 w_v@goal=0.85 return=-407.4 length=190 success_rate=0.22 collisions/ep=9.78 (n=9)
update=10 global_step=20480 SPS=757 w_ev=0.237 m_ev=0.468 m_v_bias=-118.7 m_adv_std=235.6891 m_kl_max=0.0220 m_ratio_max=0.559 w_ax@goal=+0.06 w_v@goal=1.07 return=-89.5 length=187 success_rate=0.38 collisions/ep=6.85 (n=13)
Evaluation at update 10: return=209.59, length=128.35, success_rate=1.00, collisions/ep=15.05
Solved-check at update 10: solved=False worst_gap=1203.94 at p_x0=1.00 p_y0=0.50 (consecutive=0)
update=11 global_step=22528 SPS=628 w_ev=0.141 m_ev=0.686 m_v_bias=-65.3 m_adv_std=201.1238 m_kl_max=0.0702 m_ratio_max=0.761 w_ax@goal=+0.14 w_v@goal=1.60 return=-263.8 length=173 success_rate=0.45 collisions/ep=12.36 (n=11)
update=12 global_step=24576 SPS=655 w_ev=0.099 m_ev=0.771 m_v_bias=-115.3 m_adv_std=171.7860 m_kl_max=0.0648 m_ratio_max=0.849 w_ax@goal=+0.16 w_v@goal=2.17 return=353.9 length=136 success_rate=0.80 collisions/ep=7.87 (n=15)
update=13 global_step=26624 SPS=680 w_ev=0.070 m_ev=0.803 m_v_bias=-111.5 m_adv_std=141.1733 m_kl_max=0.0276 m_ratio_max=0.651 w_ax@goal=+0.34 w_v@goal=2.44 return=586.7 length=119 success_rate=0.94 collisions/ep=6.61 (n=18)
update=14 global_step=28672 SPS=704 w_ev=0.082 m_ev=0.813 m_v_bias=-47.0 m_adv_std=125.7353 m_kl_max=0.0591 m_ratio_max=0.830 w_ax@goal=+0.37 w_v@goal=2.81 return=659.5 length=103 success_rate=1.00 collisions/ep=6.65 (n=20)
update=15 global_step=30720 SPS=724 w_ev=0.036 m_ev=0.882 m_v_bias=-22.8 m_adv_std=94.6917 m_kl_max=0.0187 m_ratio_max=0.544 w_ax@goal=+0.53 w_v@goal=3.24 return=687.1 length=95 success_rate=1.00 collisions/ep=6.21 (n=24)
Evaluation at update 15: return=605.21, length=80.40, success_rate=1.00, collisions/ep=8.10
Solved-check at update 15: solved=False worst_gap=502.96 at p_x0=0.50 p_y0=0.50 (consecutive=0)
update=16 global_step=32768 SPS=666 w_ev=0.038 m_ev=0.895 m_v_bias=-12.6 m_adv_std=89.9029 m_kl_max=0.0258 m_ratio_max=0.564 w_ax@goal=+0.46 w_v@goal=3.48 return=704.1 length=88 success_rate=1.00 collisions/ep=6.00 (n=23)
update=17 global_step=34816 SPS=684 w_ev=0.059 m_ev=0.889 m_v_bias=20.7 m_adv_std=94.5877 m_kl_max=0.0304 m_ratio_max=1.205 w_ax@goal=+0.59 w_v@goal=3.61 return=661.5 length=88 success_rate=1.00 collisions/ep=6.79 (n=24)
update=18 global_step=36864 SPS=702 w_ev=0.083 m_ev=0.876 m_v_bias=7.3 m_adv_std=96.1174 m_kl_max=0.0055 m_ratio_max=0.398 w_ax@goal=+0.86 w_v@goal=3.70 return=723.9 length=86 success_rate=1.00 collisions/ep=5.64 (n=22)
update=19 global_step=38912 SPS=718 w_ev=0.077 m_ev=0.854 m_v_bias=-9.1 m_adv_std=105.5264 m_kl_max=0.0204 m_ratio_max=0.572 w_ax@goal=+0.72 w_v@goal=3.93 return=639.8 length=88 success_rate=1.00 collisions/ep=7.35 (n=23)
update=20 global_step=40960 SPS=731 w_ev=0.114 m_ev=0.877 m_v_bias=-32.3 m_adv_std=87.3679 m_kl_max=0.0187 m_ratio_max=0.666 w_ax@goal=+0.91 w_v@goal=4.02 return=764.9 length=85 success_rate=1.00 collisions/ep=4.85 (n=26)
Evaluation at update 20: return=501.29, length=79.35, success_rate=1.00, collisions/ep=10.20
Solved-check at update 20: solved=False worst_gap=801.20 at p_x0=2.00 p_y0=0.00 (consecutive=0)
update=21 global_step=43008 SPS=690 w_ev=-0.048 m_ev=0.857 m_v_bias=25.0 m_adv_std=99.3357 m_kl_max=0.0071 m_ratio_max=0.443 w_ax@goal=+0.77 w_v@goal=4.42 return=712.4 length=82 success_rate=1.00 collisions/ep=5.92 (n=25)
update=22 global_step=45056 SPS=702 w_ev=0.031 m_ev=0.900 m_v_bias=-4.4 m_adv_std=81.9808 m_kl_max=0.0099 m_ratio_max=0.469 w_ax@goal=+0.85 w_v@goal=4.29 return=702.4 length=85 success_rate=1.00 collisions/ep=6.17 (n=24)
update=23 global_step=47104 SPS=715 w_ev=0.055 m_ev=0.921 m_v_bias=-10.6 m_adv_std=72.7108 m_kl_max=0.0035 m_ratio_max=0.390 w_ax@goal=+0.90 w_v@goal=4.32 return=732.9 length=85 success_rate=1.00 collisions/ep=5.50 (n=24)
update=24 global_step=49152 SPS=728 w_ev=0.070 m_ev=0.828 m_v_bias=48.8 m_adv_std=119.8664 m_kl_max=0.0190 m_ratio_max=0.500 w_ax@goal=+0.87 w_v@goal=4.39 return=639.5 length=84 success_rate=1.00 collisions/ep=7.38 (n=24)
update=25 global_step=51200 SPS=739 w_ev=0.025 m_ev=0.865 m_v_bias=-13.5 m_adv_std=99.7811 m_kl_max=0.0059 m_ratio_max=0.451 w_ax@goal=+0.72 w_v@goal=4.43 return=670.1 length=85 success_rate=1.00 collisions/ep=6.75 (n=24)
Evaluation at update 25: return=528.77, length=79.45, success_rate=1.00, collisions/ep=9.65
Solved-check at update 25: solved=False worst_gap=801.22 at p_x0=2.00 p_y0=-0.50 (consecutive=0)
update=26 global_step=53248 SPS=704 w_ev=0.084 m_ev=0.883 m_v_bias=-23.2 m_adv_std=86.4570 m_kl_max=0.0148 m_ratio_max=0.546 w_ax@goal=+0.83 w_v@goal=4.33 return=736.3 length=81 success_rate=1.00 collisions/ep=5.44 (n=25)
update=27 global_step=55296 SPS=715 w_ev=0.101 m_ev=0.915 m_v_bias=2.2 m_adv_std=73.6968 m_kl_max=0.0109 m_ratio_max=0.459 w_ax@goal=+0.86 w_v@goal=4.33 return=754.1 length=82 success_rate=1.00 collisions/ep=5.08 (n=25)
update=28 global_step=57344 SPS=726 w_ev=0.098 m_ev=0.898 m_v_bias=9.5 m_adv_std=83.9471 m_kl_max=0.0088 m_ratio_max=0.553 w_ax@goal=+1.11 w_v@goal=4.43 return=694.6 length=81 success_rate=1.00 collisions/ep=6.33 (n=27)
update=29 global_step=59392 SPS=736 w_ev=0.130 m_ev=0.902 m_v_bias=-21.5 m_adv_std=76.1331 m_kl_max=0.0158 m_ratio_max=0.449 w_ax@goal=+0.80 w_v@goal=4.22 return=748.1 length=82 success_rate=1.00 collisions/ep=5.21 (n=24)
update=30 global_step=61440 SPS=746 w_ev=0.036 m_ev=0.897 m_v_bias=8.0 m_adv_std=80.7789 m_kl_max=0.0142 m_ratio_max=0.673 w_ax@goal=+0.78 w_v@goal=4.39 return=742.9 length=83 success_rate=1.00 collisions/ep=5.31 (n=26)
Evaluation at update 30: return=576.68, length=79.05, success_rate=1.00, collisions/ep=8.70
Solved-check at update 30: solved=False worst_gap=900.91 at p_x0=2.00 p_y0=-1.00 (consecutive=0)
update=31 global_step=63488 SPS=716 w_ev=0.093 m_ev=0.874 m_v_bias=7.3 m_adv_std=88.5591 m_kl_max=0.0136 m_ratio_max=0.606 w_ax@goal=+0.81 w_v@goal=4.32 return=737.5 length=81 success_rate=1.00 collisions/ep=5.44 (n=25)
update=32 global_step=65536 SPS=725 w_ev=0.072 m_ev=0.860 m_v_bias=21.7 m_adv_std=102.4038 m_kl_max=0.0213 m_ratio_max=0.581 w_ax@goal=+0.94 w_v@goal=4.41 return=663.7 length=82 success_rate=1.00 collisions/ep=6.92 (n=24)
update=33 global_step=67584 SPS=735 w_ev=0.055 m_ev=0.802 m_v_bias=-16.3 m_adv_std=126.1675 m_kl_max=0.0279 m_ratio_max=0.571 w_ax@goal=+0.95 w_v@goal=4.30 return=701.0 length=85 success_rate=1.00 collisions/ep=6.17 (n=23)
update=34 global_step=69632 SPS=743 w_ev=0.051 m_ev=0.858 m_v_bias=42.1 m_adv_std=106.4946 m_kl_max=0.0019 m_ratio_max=0.327 w_ax@goal=+0.71 w_v@goal=4.34 return=665.1 length=82 success_rate=1.00 collisions/ep=6.85 (n=26)
update=35 global_step=71680 SPS=750 w_ev=0.059 m_ev=0.879 m_v_bias=-18.4 m_adv_std=90.7463 m_kl_max=0.0115 m_ratio_max=0.402 w_ax@goal=+0.70 w_v@goal=4.38 return=688.0 length=84 success_rate=1.00 collisions/ep=6.40 (n=25)
Evaluation at update 35: return=614.04, length=79.15, success_rate=1.00, collisions/ep=7.95
Solved-check at update 35: solved=False worst_gap=851.62 at p_x0=0.00 p_y0=-0.50 (consecutive=0)
update=36 global_step=73728 SPS=730 w_ev=0.079 m_ev=0.898 m_v_bias=-12.4 m_adv_std=79.5635 m_kl_max=0.0049 m_ratio_max=0.299 w_ax@goal=+0.74 w_v@goal=4.20 return=728.6 length=83 success_rate=1.00 collisions/ep=5.56 (n=25)
update=37 global_step=75776 SPS=738 w_ev=0.036 m_ev=0.927 m_v_bias=-0.3 m_adv_std=68.5629 m_kl_max=0.0076 m_ratio_max=0.356 w_ax@goal=+0.46 w_v@goal=4.17 return=766.6 length=86 success_rate=1.00 collisions/ep=4.78 (n=23)
update=38 global_step=77824 SPS=746 w_ev=0.051 m_ev=0.889 m_v_bias=-11.1 m_adv_std=80.7496 m_kl_max=0.0078 m_ratio_max=0.474 w_ax@goal=+0.69 w_v@goal=4.25 return=751.6 length=84 success_rate=1.00 collisions/ep=5.12 (n=24)
update=39 global_step=79872 SPS=754 w_ev=0.097 m_ev=0.940 m_v_bias=7.7 m_adv_std=57.1989 m_kl_max=0.0016 m_ratio_max=0.236 w_ax@goal=+0.71 w_v@goal=4.24 return=759.8 length=83 success_rate=1.00 collisions/ep=4.96 (n=24)
update=40 global_step=81920 SPS=764 w_ev=0.094 m_ev=0.939 m_v_bias=7.8 m_adv_std=57.8402 m_kl_max=0.0143 m_ratio_max=0.574 w_ax@goal=+0.64 w_v@goal=4.27 return=790.7 length=82 success_rate=1.00 collisions/ep=4.32 (n=25)
Evaluation at update 40: return=601.70, length=79.05, success_rate=1.00, collisions/ep=8.20
Solved-check at update 40: solved=False worst_gap=850.87 at p_x0=2.00 p_y0=-0.50 (consecutive=0)
update=41 global_step=83968 SPS=745 w_ev=0.090 m_ev=0.910 m_v_bias=-19.9 m_adv_std=70.4035 m_kl_max=0.0116 m_ratio_max=0.758 w_ax@goal=+0.87 w_v@goal=4.28 return=808.9 length=83 success_rate=1.00 collisions/ep=4.00 (n=25)
update=42 global_step=86016 SPS=754 w_ev=0.073 m_ev=0.905 m_v_bias=0.3 m_adv_std=72.0247 m_kl_max=0.0070 m_ratio_max=0.385 w_ax@goal=+0.68 w_v@goal=4.42 return=820.4 length=83 success_rate=1.00 collisions/ep=3.75 (n=24)
update=43 global_step=88064 SPS=763 w_ev=0.094 m_ev=0.891 m_v_bias=18.8 m_adv_std=79.7726 m_kl_max=0.0053 m_ratio_max=0.634 w_ax@goal=+0.69 w_v@goal=4.36 return=749.7 length=82 success_rate=1.00 collisions/ep=5.19 (n=27)
update=44 global_step=90112 SPS=770 w_ev=0.128 m_ev=0.878 m_v_bias=3.8 m_adv_std=89.1503 m_kl_max=0.0253 m_ratio_max=0.911 w_ax@goal=+0.81 w_v@goal=4.19 return=780.2 length=81 success_rate=1.00 collisions/ep=4.58 (n=26)
update=45 global_step=92160 SPS=778 w_ev=0.194 m_ev=0.887 m_v_bias=-15.5 m_adv_std=81.1670 m_kl_max=0.0063 m_ratio_max=0.411 w_ax@goal=+0.63 w_v@goal=4.10 return=767.5 length=84 success_rate=1.00 collisions/ep=4.83 (n=23)
Evaluation at update 45: return=594.03, length=79.20, success_rate=1.00, collisions/ep=8.35
Solved-check at update 45: solved=False worst_gap=800.85 at p_x0=2.00 p_y0=-1.00 (consecutive=0)
update=46 global_step=94208 SPS=758 w_ev=0.166 m_ev=0.892 m_v_bias=-7.5 m_adv_std=80.4365 m_kl_max=0.0060 m_ratio_max=0.363 w_ax@goal=+0.89 w_v@goal=4.30 return=746.6 length=83 success_rate=1.00 collisions/ep=5.24 (n=25)
update=47 global_step=96256 SPS=765 w_ev=0.165 m_ev=0.884 m_v_bias=34.9 m_adv_std=95.6202 m_kl_max=0.0113 m_ratio_max=0.578 w_ax@goal=+0.84 w_v@goal=4.22 return=688.3 length=85 success_rate=1.00 collisions/ep=6.42 (n=24)
update=48 global_step=98304 SPS=772 w_ev=0.187 m_ev=0.873 m_v_bias=23.6 m_adv_std=102.5508 m_kl_max=0.0152 m_ratio_max=0.704 w_ax@goal=+0.86 w_v@goal=4.12 return=575.5 length=83 success_rate=1.00 collisions/ep=8.67 (n=24)
update=49 global_step=100352 SPS=780 w_ev=0.024 m_ev=0.883 m_v_bias=40.7 m_adv_std=110.3748 m_kl_max=0.0039 m_ratio_max=0.360 w_ax@goal=+0.92 w_v@goal=4.49 return=519.6 length=84 success_rate=1.00 collisions/ep=9.77 (n=26)
update=50 global_step=102400 SPS=787 w_ev=0.076 m_ev=0.911 m_v_bias=1.4 m_adv_std=93.6518 m_kl_max=0.0407 m_ratio_max=1.408 w_ax@goal=+0.74 w_v@goal=4.26 return=558.6 length=83 success_rate=1.00 collisions/ep=8.96 (n=23)
Evaluation at update 50: return=131.01, length=79.75, success_rate=1.00, collisions/ep=17.60
Solved-check at update 50: solved=False worst_gap=1652.47 at p_x0=0.00 p_y0=1.00 (consecutive=0)
update=51 global_step=104448 SPS=772 w_ev=0.056 m_ev=0.897 m_v_bias=-16.3 m_adv_std=98.2143 m_kl_max=0.0287 m_ratio_max=0.650 w_ax@goal=+0.53 w_v@goal=4.20 return=545.7 length=89 success_rate=1.00 collisions/ep=9.17 (n=23)
update=52 global_step=106496 SPS=779 w_ev=-0.002 m_ev=0.863 m_v_bias=62.0 m_adv_std=135.4706 m_kl_max=0.0301 m_ratio_max=0.584 w_ax@goal=+0.40 w_v@goal=4.22 return=400.0 length=88 success_rate=1.00 collisions/ep=12.09 (n=23)
update=53 global_step=108544 SPS=786 w_ev=0.028 m_ev=0.892 m_v_bias=-30.9 m_adv_std=110.7572 m_kl_max=0.0086 m_ratio_max=0.620 w_ax@goal=+0.41 w_v@goal=4.12 return=514.6 length=89 success_rate=1.00 collisions/ep=9.78 (n=23)
update=54 global_step=110592 SPS=792 w_ev=0.017 m_ev=0.850 m_v_bias=-49.5 m_adv_std=111.3767 m_kl_max=0.0182 m_ratio_max=0.538 w_ax@goal=+0.44 w_v@goal=4.15 return=578.9 length=89 success_rate=1.00 collisions/ep=8.48 (n=21)
update=55 global_step=112640 SPS=799 w_ev=0.008 m_ev=0.888 m_v_bias=-3.2 m_adv_std=92.5453 m_kl_max=0.0132 m_ratio_max=0.479 w_ax@goal=+0.25 w_v@goal=4.27 return=655.1 length=91 success_rate=1.00 collisions/ep=6.91 (n=23)
Evaluation at update 55: return=566.21, length=79.55, success_rate=1.00, collisions/ep=8.90
Solved-check at update 55: solved=False worst_gap=800.94 at p_x0=2.00 p_y0=-1.00 (consecutive=0)
update=56 global_step=114688 SPS=780 w_ev=0.022 m_ev=0.805 m_v_bias=-39.7 m_adv_std=118.2420 m_kl_max=0.0152 m_ratio_max=0.503 w_ax@goal=+0.66 w_v@goal=4.20 return=739.1 length=91 success_rate=1.00 collisions/ep=5.25 (n=24)
update=57 global_step=116736 SPS=785 w_ev=0.046 m_ev=0.893 m_v_bias=-24.8 m_adv_std=80.1928 m_kl_max=0.0189 m_ratio_max=0.681 w_ax@goal=+0.64 w_v@goal=4.07 return=759.4 length=86 success_rate=1.00 collisions/ep=4.92 (n=25)
update=58 global_step=118784 SPS=790 w_ev=0.108 m_ev=0.893 m_v_bias=13.2 m_adv_std=83.6862 m_kl_max=0.0158 m_ratio_max=0.505 w_ax@goal=+0.53 w_v@goal=3.88 return=776.2 length=87 success_rate=1.00 collisions/ep=4.55 (n=22)
update=59 global_step=120832 SPS=796 w_ev=0.091 m_ev=0.854 m_v_bias=8.5 m_adv_std=96.7784 m_kl_max=0.0104 m_ratio_max=0.466 w_ax@goal=+0.40 w_v@goal=3.95 return=767.4 length=92 success_rate=1.00 collisions/ep=4.68 (n=22)
update=60 global_step=122880 SPS=801 w_ev=0.024 m_ev=0.887 m_v_bias=15.9 m_adv_std=86.3252 m_kl_max=0.0146 m_ratio_max=0.468 w_ax@goal=+0.52 w_v@goal=4.16 return=735.6 length=90 success_rate=1.00 collisions/ep=5.32 (n=25)
Evaluation at update 60: return=921.07, length=79.60, success_rate=1.00, collisions/ep=1.80
Solved-check at update 60: solved=False worst_gap=451.22 at p_x0=1.50 p_y0=-1.00 (consecutive=0)
update=61 global_step=124928 SPS=786 w_ev=-0.012 m_ev=0.895 m_v_bias=-13.8 m_adv_std=80.2617 m_kl_max=0.0049 m_ratio_max=0.361 w_ax@goal=+0.31 w_v@goal=4.14 return=771.7 length=88 success_rate=1.00 collisions/ep=4.64 (n=22)
update=62 global_step=126976 SPS=792 w_ev=0.050 m_ev=0.919 m_v_bias=-27.7 m_adv_std=65.7711 m_kl_max=0.0205 m_ratio_max=0.661 w_ax@goal=+0.60 w_v@goal=4.03 return=817.4 length=87 success_rate=1.00 collisions/ep=3.79 (n=24)
update=63 global_step=129024 SPS=797 w_ev=0.054 m_ev=0.907 m_v_bias=5.8 m_adv_std=70.1850 m_kl_max=0.0125 m_ratio_max=0.502 w_ax@goal=+0.55 w_v@goal=4.14 return=795.4 length=89 success_rate=1.00 collisions/ep=4.17 (n=24)
update=64 global_step=131072 SPS=802 w_ev=0.083 m_ev=0.915 m_v_bias=-9.5 m_adv_std=67.1888 m_kl_max=0.0140 m_ratio_max=0.456 w_ax@goal=+0.76 w_v@goal=3.95 return=807.2 length=86 success_rate=1.00 collisions/ep=3.95 (n=22)
update=65 global_step=133120 SPS=807 w_ev=0.087 m_ev=0.876 m_v_bias=-10.7 m_adv_std=84.2376 m_kl_max=0.0110 m_ratio_max=0.453 w_ax@goal=+0.55 w_v@goal=4.00 return=820.0 length=92 success_rate=1.00 collisions/ep=3.65 (n=23)
Evaluation at update 65: return=586.38, length=79.35, success_rate=1.00, collisions/ep=8.50
Solved-check at update 65: solved=False worst_gap=501.88 at p_x0=0.00 p_y0=0.50 (consecutive=0)
update=66 global_step=135168 SPS=792 w_ev=0.076 m_ev=0.888 m_v_bias=22.2 m_adv_std=79.4520 m_kl_max=0.0235 m_ratio_max=0.803 w_ax@goal=+0.84 w_v@goal=3.96 return=803.5 length=91 success_rate=1.00 collisions/ep=4.00 (n=20)
update=67 global_step=137216 SPS=797 w_ev=0.089 m_ev=0.901 m_v_bias=-5.6 m_adv_std=76.8032 m_kl_max=0.0133 m_ratio_max=0.694 w_ax@goal=+0.63 w_v@goal=4.17 return=774.6 length=88 success_rate=1.00 collisions/ep=4.64 (n=25)
update=68 global_step=139264 SPS=801 w_ev=0.098 m_ev=0.943 m_v_bias=-22.3 m_adv_std=52.8972 m_kl_max=0.0206 m_ratio_max=0.935 w_ax@goal=+0.55 w_v@goal=4.24 return=863.0 length=91 success_rate=1.00 collisions/ep=2.77 (n=22)
update=69 global_step=141312 SPS=806 w_ev=0.156 m_ev=0.904 m_v_bias=22.3 m_adv_std=72.6132 m_kl_max=0.0040 m_ratio_max=0.326 w_ax@goal=+0.46 w_v@goal=4.14 return=809.9 length=85 success_rate=1.00 collisions/ep=3.88 (n=26)
update=70 global_step=143360 SPS=811 w_ev=0.129 m_ev=0.878 m_v_bias=-3.3 m_adv_std=83.9941 m_kl_max=0.0161 m_ratio_max=0.631 w_ax@goal=+0.55 w_v@goal=4.00 return=800.2 length=87 success_rate=1.00 collisions/ep=4.09 (n=23)
Evaluation at update 70: return=969.12, length=79.05, success_rate=1.00, collisions/ep=0.85
Solved-check at update 70: solved=False worst_gap=500.89 at p_x0=1.50 p_y0=-1.00 (consecutive=0)
update=71 global_step=145408 SPS=797 w_ev=0.106 m_ev=0.898 m_v_bias=-10.2 m_adv_std=77.2517 m_kl_max=0.0096 m_ratio_max=0.614 w_ax@goal=+0.81 w_v@goal=4.09 return=840.3 length=89 success_rate=1.00 collisions/ep=3.30 (n=23)
update=72 global_step=147456 SPS=801 w_ev=0.129 m_ev=0.920 m_v_bias=-11.3 m_adv_std=64.0339 m_kl_max=0.0069 m_ratio_max=0.441 w_ax@goal=+0.83 w_v@goal=4.08 return=816.7 length=87 success_rate=1.00 collisions/ep=3.77 (n=22)
update=73 global_step=149504 SPS=806 w_ev=0.162 m_ev=0.884 m_v_bias=29.8 m_adv_std=84.9388 m_kl_max=0.0066 m_ratio_max=0.385 w_ax@goal=+0.72 w_v@goal=4.06 return=754.9 length=84 success_rate=1.00 collisions/ep=5.04 (n=25)
update=74 global_step=151552 SPS=811 w_ev=0.157 m_ev=0.888 m_v_bias=-1.7 m_adv_std=78.7409 m_kl_max=0.0063 m_ratio_max=0.385 w_ax@goal=+0.65 w_v@goal=4.15 return=804.5 length=85 success_rate=1.00 collisions/ep=4.04 (n=24)
update=75 global_step=153600 SPS=815 w_ev=0.121 m_ev=0.885 m_v_bias=10.8 m_adv_std=85.7567 m_kl_max=0.0203 m_ratio_max=0.668 w_ax@goal=+0.68 w_v@goal=4.23 return=771.8 length=86 success_rate=1.00 collisions/ep=4.71 (n=24)
Evaluation at update 75: return=893.85, length=79.25, success_rate=1.00, collisions/ep=2.35
Solved-check at update 75: solved=False worst_gap=401.24 at p_x0=1.50 p_y0=0.00 (consecutive=0)
update=76 global_step=155648 SPS=801 w_ev=0.142 m_ev=0.889 m_v_bias=-0.5 m_adv_std=81.0717 m_kl_max=0.0111 m_ratio_max=0.404 w_ax@goal=+0.82 w_v@goal=4.18 return=767.4 length=85 success_rate=1.00 collisions/ep=4.78 (n=23)
update=77 global_step=157696 SPS=805 w_ev=0.223 m_ev=0.911 m_v_bias=-6.9 m_adv_std=72.7421 m_kl_max=0.0232 m_ratio_max=1.274 w_ax@goal=+0.58 w_v@goal=4.10 return=762.5 length=88 success_rate=1.00 collisions/ep=4.83 (n=24)
update=78 global_step=159744 SPS=810 w_ev=0.142 m_ev=0.904 m_v_bias=15.4 m_adv_std=74.7194 m_kl_max=0.0177 m_ratio_max=0.586 w_ax@goal=+0.45 w_v@goal=4.05 return=775.2 length=91 success_rate=1.00 collisions/ep=4.58 (n=24)
update=79 global_step=161792 SPS=814 w_ev=0.110 m_ev=0.888 m_v_bias=-8.7 m_adv_std=82.3664 m_kl_max=0.0138 m_ratio_max=0.538 w_ax@goal=+0.77 w_v@goal=4.08 return=745.1 length=88 success_rate=1.00 collisions/ep=5.17 (n=23)
update=80 global_step=163840 SPS=819 w_ev=0.065 m_ev=0.908 m_v_bias=5.0 m_adv_std=74.1047 m_kl_max=0.0375 m_ratio_max=0.860 w_ax@goal=+0.46 w_v@goal=4.04 return=754.3 length=88 success_rate=1.00 collisions/ep=5.00 (n=23)
Evaluation at update 80: return=636.93, length=81.15, success_rate=1.00, collisions/ep=7.45
Solved-check at update 80: solved=False worst_gap=554.78 at p_x0=0.00 p_y0=0.00 (consecutive=0)
update=81 global_step=165888 SPS=805 w_ev=0.140 m_ev=0.886 m_v_bias=-10.2 m_adv_std=81.3372 m_kl_max=0.0166 m_ratio_max=0.593 w_ax@goal=+0.78 w_v@goal=3.97 return=809.8 length=88 success_rate=1.00 collisions/ep=3.87 (n=23)
update=82 global_step=167936 SPS=809 w_ev=0.106 m_ev=0.919 m_v_bias=3.1 m_adv_std=67.3043 m_kl_max=0.0043 m_ratio_max=0.424 w_ax@goal=+0.46 w_v@goal=3.88 return=787.4 length=92 success_rate=1.00 collisions/ep=4.27 (n=22)
update=83 global_step=169984 SPS=813 w_ev=0.043 m_ev=0.877 m_v_bias=4.2 m_adv_std=84.5185 m_kl_max=0.0256 m_ratio_max=0.736 w_ax@goal=+0.67 w_v@goal=4.07 return=759.3 length=87 success_rate=1.00 collisions/ep=4.91 (n=23)
update=84 global_step=172032 SPS=817 w_ev=0.142 m_ev=0.918 m_v_bias=-1.4 m_adv_std=67.4521 m_kl_max=0.0194 m_ratio_max=0.643 w_ax@goal=+0.67 w_v@goal=3.92 return=795.5 length=88 success_rate=1.00 collisions/ep=4.13 (n=23)
update=85 global_step=174080 SPS=820 w_ev=0.166 m_ev=0.900 m_v_bias=-4.2 m_adv_std=74.3179 m_kl_max=0.0196 m_ratio_max=1.072 w_ax@goal=+0.54 w_v@goal=3.89 return=804.6 length=88 success_rate=1.00 collisions/ep=3.96 (n=24)
Evaluation at update 85: return=973.53, length=82.20, success_rate=1.00, collisions/ep=0.70
Solved-check at update 85: solved=False worst_gap=305.78 at p_x0=2.00 p_y0=-1.00 (consecutive=0)
update=86 global_step=176128 SPS=809 w_ev=0.144 m_ev=0.946 m_v_bias=-22.7 m_adv_std=50.4333 m_kl_max=0.0123 m_ratio_max=0.556 w_ax@goal=+0.52 w_v@goal=3.75 return=864.9 length=90 success_rate=1.00 collisions/ep=2.73 (n=22)
update=87 global_step=178176 SPS=813 w_ev=0.103 m_ev=0.926 m_v_bias=9.9 m_adv_std=60.8995 m_kl_max=0.0232 m_ratio_max=0.872 w_ax@goal=+0.46 w_v@goal=3.76 return=841.2 length=91 success_rate=1.00 collisions/ep=3.25 (n=24)
update=88 global_step=180224 SPS=816 w_ev=0.105 m_ev=0.914 m_v_bias=3.0 m_adv_std=64.8994 m_kl_max=0.0171 m_ratio_max=0.561 w_ax@goal=+0.41 w_v@goal=3.76 return=846.6 length=92 success_rate=1.00 collisions/ep=3.05 (n=22)
update=89 global_step=182272 SPS=820 w_ev=0.047 m_ev=0.904 m_v_bias=29.8 m_adv_std=72.7566 m_kl_max=0.0224 m_ratio_max=0.589 w_ax@goal=+0.46 w_v@goal=3.85 return=795.8 length=91 success_rate=1.00 collisions/ep=4.14 (n=22)
update=90 global_step=184320 SPS=824 w_ev=0.093 m_ev=0.870 m_v_bias=-10.8 m_adv_std=86.6541 m_kl_max=0.0284 m_ratio_max=1.092 w_ax@goal=+0.83 w_v@goal=3.80 return=845.3 length=91 success_rate=1.00 collisions/ep=3.14 (n=22)
Evaluation at update 90: return=973.48, length=79.80, success_rate=1.00, collisions/ep=0.75
Solved-check at update 90: solved=False worst_gap=402.41 at p_x0=1.50 p_y0=-1.00 (consecutive=0)
update=91 global_step=186368 SPS=812 w_ev=0.166 m_ev=0.915 m_v_bias=-8.8 m_adv_std=68.6978 m_kl_max=0.0233 m_ratio_max=0.856 w_ax@goal=+0.62 w_v@goal=3.86 return=804.2 length=94 success_rate=1.00 collisions/ep=3.96 (n=23)
update=92 global_step=188416 SPS=816 w_ev=0.171 m_ev=0.908 m_v_bias=7.3 m_adv_std=75.0405 m_kl_max=0.0152 m_ratio_max=0.744 w_ax@goal=+0.45 w_v@goal=3.68 return=793.8 length=87 success_rate=1.00 collisions/ep=4.17 (n=23)
update=93 global_step=190464 SPS=820 w_ev=0.215 m_ev=0.905 m_v_bias=-11.1 m_adv_std=68.8411 m_kl_max=0.0186 m_ratio_max=0.950 w_ax@goal=+0.76 w_v@goal=3.32 return=811.2 length=86 success_rate=1.00 collisions/ep=3.96 (n=24)
update=94 global_step=192512 SPS=823 w_ev=0.147 m_ev=0.947 m_v_bias=-20.6 m_adv_std=51.2748 m_kl_max=0.0486 m_ratio_max=2.373 w_ax@goal=+0.54 w_v@goal=3.80 return=873.5 length=88 success_rate=1.00 collisions/ep=2.70 (n=23)
update=95 global_step=194560 SPS=827 w_ev=0.208 m_ev=0.910 m_v_bias=12.7 m_adv_std=66.2757 m_kl_max=0.0187 m_ratio_max=0.988 w_ax@goal=+0.84 w_v@goal=3.63 return=818.5 length=85 success_rate=1.00 collisions/ep=3.74 (n=23)
Evaluation at update 95: return=953.99, length=79.20, success_rate=1.00, collisions/ep=1.15
Solved-check at update 95: solved=False worst_gap=451.72 at p_x0=0.00 p_y0=0.50 (consecutive=0)
update=96 global_step=196608 SPS=816 w_ev=0.163 m_ev=0.892 m_v_bias=4.7 m_adv_std=75.6366 m_kl_max=0.0178 m_ratio_max=0.594 w_ax@goal=+0.57 w_v@goal=3.90 return=792.6 length=87 success_rate=1.00 collisions/ep=4.22 (n=23)
update=97 global_step=198656 SPS=819 w_ev=0.113 m_ev=0.897 m_v_bias=-3.6 m_adv_std=74.6548 m_kl_max=0.0053 m_ratio_max=0.413 w_ax@goal=+0.50 w_v@goal=3.97 return=862.1 length=89 success_rate=1.00 collisions/ep=2.80 (n=25)
update=98 global_step=200704 SPS=823 w_ev=0.182 m_ev=0.906 m_v_bias=14.0 m_adv_std=69.1740 m_kl_max=0.0062 m_ratio_max=0.373 w_ax@goal=+0.35 w_v@goal=3.86 return=823.1 length=90 success_rate=1.00 collisions/ep=3.57 (n=21)
update=99 global_step=202752 SPS=826 w_ev=0.107 m_ev=0.903 m_v_bias=-6.8 m_adv_std=73.4223 m_kl_max=0.0062 m_ratio_max=0.368 w_ax@goal=+0.64 w_v@goal=4.05 return=847.2 length=87 success_rate=1.00 collisions/ep=3.12 (n=25)
update=100 global_step=204800 SPS=829 w_ev=0.154 m_ev=0.863 m_v_bias=0.9 m_adv_std=79.8791 m_kl_max=0.0083 m_ratio_max=0.410 w_ax@goal=+0.44 w_v@goal=3.88 return=856.2 length=90 success_rate=1.00 collisions/ep=2.91 (n=23)
Evaluation at update 100: return=977.86, length=80.35, success_rate=1.00, collisions/ep=0.65
Solved-check at update 100: solved=False worst_gap=402.41 at p_x0=1.50 p_y0=-0.50 (consecutive=0)
update=101 global_step=206848 SPS=818 w_ev=0.053 m_ev=0.880 m_v_bias=4.0 m_adv_std=80.5743 m_kl_max=0.0156 m_ratio_max=0.487 w_ax@goal=+0.35 w_v@goal=4.10 return=816.3 length=87 success_rate=1.00 collisions/ep=3.74 (n=23)
update=102 global_step=208896 SPS=821 w_ev=0.139 m_ev=0.930 m_v_bias=-29.8 m_adv_std=58.1638 m_kl_max=0.0101 m_ratio_max=0.824 w_ax@goal=+0.67 w_v@goal=3.84 return=867.2 length=88 success_rate=1.00 collisions/ep=2.83 (n=24)
update=103 global_step=210944 SPS=824 w_ev=0.086 m_ev=0.893 m_v_bias=3.0 m_adv_std=70.4314 m_kl_max=0.0142 m_ratio_max=0.798 w_ax@goal=+0.68 w_v@goal=4.01 return=872.9 length=85 success_rate=1.00 collisions/ep=2.65 (n=23)
update=104 global_step=212992 SPS=827 w_ev=0.164 m_ev=0.905 m_v_bias=10.4 m_adv_std=66.0768 m_kl_max=0.0091 m_ratio_max=0.513 w_ax@goal=+0.55 w_v@goal=3.78 return=838.5 length=87 success_rate=1.00 collisions/ep=3.38 (n=24)
update=105 global_step=215040 SPS=830 w_ev=0.166 m_ev=0.911 m_v_bias=1.0 m_adv_std=67.1334 m_kl_max=0.0131 m_ratio_max=0.467 w_ax@goal=+0.58 w_v@goal=3.84 return=867.1 length=86 success_rate=1.00 collisions/ep=2.75 (n=24)
Evaluation at update 105: return=921.42, length=79.25, success_rate=1.00, collisions/ep=1.80
Solved-check at update 105: solved=False worst_gap=351.62 at p_x0=0.00 p_y0=0.00 (consecutive=0)
update=106 global_step=217088 SPS=819 w_ev=0.133 m_ev=0.900 m_v_bias=-3.7 m_adv_std=73.2915 m_kl_max=0.0255 m_ratio_max=1.532 w_ax@goal=+0.65 w_v@goal=3.82 return=838.2 length=89 success_rate=1.00 collisions/ep=3.35 (n=23)
update=107 global_step=219136 SPS=823 w_ev=0.219 m_ev=0.847 m_v_bias=3.9 m_adv_std=84.9134 m_kl_max=0.0210 m_ratio_max=0.832 w_ax@goal=+0.75 w_v@goal=3.68 return=852.9 length=86 success_rate=1.00 collisions/ep=3.04 (n=25)
update=108 global_step=221184 SPS=826 w_ev=0.139 m_ev=0.904 m_v_bias=0.6 m_adv_std=66.1827 m_kl_max=0.0150 m_ratio_max=0.828 w_ax@goal=+0.56 w_v@goal=3.64 return=859.7 length=87 success_rate=1.00 collisions/ep=3.00 (n=21)
update=109 global_step=223232 SPS=829 w_ev=0.189 m_ev=0.933 m_v_bias=-17.5 m_adv_std=54.9372 m_kl_max=0.0276 m_ratio_max=0.975 w_ax@goal=+0.63 w_v@goal=3.74 return=860.1 length=85 success_rate=1.00 collisions/ep=2.92 (n=25)
update=110 global_step=225280 SPS=831 w_ev=0.243 m_ev=0.924 m_v_bias=9.7 m_adv_std=58.8031 m_kl_max=0.0313 m_ratio_max=1.322 w_ax@goal=+0.44 w_v@goal=3.83 return=880.2 length=87 success_rate=1.00 collisions/ep=2.50 (n=24)
Evaluation at update 110: return=851.39, length=79.20, success_rate=1.00, collisions/ep=3.20
Solved-check at update 110: solved=False worst_gap=501.83 at p_x0=0.00 p_y0=0.50 (consecutive=0)
update=111 global_step=227328 SPS=822 w_ev=0.239 m_ev=0.924 m_v_bias=2.8 m_adv_std=59.2031 m_kl_max=0.0278 m_ratio_max=1.073 w_ax@goal=+0.75 w_v@goal=3.79 return=851.1 length=85 success_rate=1.00 collisions/ep=3.16 (n=25)
update=112 global_step=229376 SPS=825 w_ev=0.167 m_ev=0.916 m_v_bias=9.4 m_adv_std=65.0356 m_kl_max=0.0176 m_ratio_max=0.822 w_ax@goal=+0.79 w_v@goal=3.79 return=848.7 length=86 success_rate=1.00 collisions/ep=3.17 (n=23)
update=113 global_step=231424 SPS=828 w_ev=0.225 m_ev=0.925 m_v_bias=-10.3 m_adv_std=59.0906 m_kl_max=0.0226 m_ratio_max=0.699 w_ax@goal=+0.60 w_v@goal=3.95 return=846.3 length=83 success_rate=1.00 collisions/ep=3.20 (n=25)
update=114 global_step=233472 SPS=831 w_ev=0.254 m_ev=0.905 m_v_bias=18.4 m_adv_std=68.0605 m_kl_max=0.0093 m_ratio_max=0.692 w_ax@goal=+0.55 w_v@goal=3.70 return=844.2 length=87 success_rate=1.00 collisions/ep=3.23 (n=22)
update=115 global_step=235520 SPS=834 w_ev=0.199 m_ev=0.926 m_v_bias=-15.9 m_adv_std=54.9503 m_kl_max=0.0100 m_ratio_max=0.983 w_ax@goal=+0.55 w_v@goal=3.93 return=884.2 length=86 success_rate=1.00 collisions/ep=2.54 (n=26)
Evaluation at update 115: return=993.49, length=79.60, success_rate=1.00, collisions/ep=0.35
Solved-check at update 115: solved=False worst_gap=451.91 at p_x0=1.50 p_y0=-1.00 (consecutive=0)
update=116 global_step=237568 SPS=825 w_ev=0.209 m_ev=0.905 m_v_bias=-8.2 m_adv_std=63.8865 m_kl_max=0.0226 m_ratio_max=0.849 w_ax@goal=+0.60 w_v@goal=3.98 return=920.6 length=84 success_rate=1.00 collisions/ep=1.75 (n=24)
update=117 global_step=239616 SPS=828 w_ev=0.199 m_ev=0.929 m_v_bias=11.8 m_adv_std=58.4907 m_kl_max=0.0293 m_ratio_max=0.892 w_ax@goal=+0.50 w_v@goal=3.83 return=849.2 length=84 success_rate=1.00 collisions/ep=3.16 (n=25)
update=118 global_step=241664 SPS=831 w_ev=0.177 m_ev=0.923 m_v_bias=-8.8 m_adv_std=57.1834 m_kl_max=0.0092 m_ratio_max=0.484 w_ax@goal=+0.63 w_v@goal=3.86 return=889.4 length=83 success_rate=1.00 collisions/ep=2.36 (n=25)
update=119 global_step=243712 SPS=834 w_ev=0.283 m_ev=0.923 m_v_bias=-6.0 m_adv_std=56.6433 m_kl_max=0.0093 m_ratio_max=0.366 w_ax@goal=+0.48 w_v@goal=3.63 return=896.5 length=83 success_rate=1.00 collisions/ep=2.26 (n=23)
update=120 global_step=245760 SPS=837 w_ev=0.227 m_ev=0.954 m_v_bias=-5.4 m_adv_std=45.1727 m_kl_max=0.0080 m_ratio_max=0.401 w_ax@goal=+0.45 w_v@goal=3.92 return=894.3 length=85 success_rate=1.00 collisions/ep=2.28 (n=25)
Evaluation at update 120: return=996.27, length=79.45, success_rate=1.00, collisions/ep=0.30
Solved-check at update 120: solved=False worst_gap=151.64 at p_x0=0.50 p_y0=1.00 (consecutive=0)
update=121 global_step=247808 SPS=828 w_ev=0.263 m_ev=0.943 m_v_bias=-12.8 m_adv_std=48.4141 m_kl_max=0.0126 m_ratio_max=0.626 w_ax@goal=+0.67 w_v@goal=3.83 return=929.7 length=84 success_rate=1.00 collisions/ep=1.61 (n=23)
update=122 global_step=249856 SPS=830 w_ev=0.246 m_ev=0.920 m_v_bias=-4.9 m_adv_std=56.5981 m_kl_max=0.0158 m_ratio_max=1.080 w_ax@goal=+0.60 w_v@goal=3.97 return=916.7 length=84 success_rate=1.00 collisions/ep=1.85 (n=26)
update=123 global_step=251904 SPS=833 w_ev=0.148 m_ev=0.911 m_v_bias=26.2 m_adv_std=64.7744 m_kl_max=0.0071 m_ratio_max=0.357 w_ax@goal=+0.38 w_v@goal=3.93 return=874.2 length=84 success_rate=1.00 collisions/ep=2.70 (n=23)
update=124 global_step=253952 SPS=836 w_ev=0.224 m_ev=0.925 m_v_bias=-9.7 m_adv_std=59.4830 m_kl_max=0.0159 m_ratio_max=0.596 w_ax@goal=+0.69 w_v@goal=3.93 return=880.1 length=83 success_rate=1.00 collisions/ep=2.58 (n=26)
update=125 global_step=256000 SPS=838 w_ev=0.206 m_ev=0.940 m_v_bias=-3.8 m_adv_std=49.2189 m_kl_max=0.0095 m_ratio_max=0.602 w_ax@goal=+0.49 w_v@goal=4.06 return=908.1 length=84 success_rate=1.00 collisions/ep=2.04 (n=25)
Evaluation at update 125: return=986.53, length=79.25, success_rate=1.00, collisions/ep=0.50
Solved-check at update 125: solved=False worst_gap=151.24 at p_x0=0.50 p_y0=1.00 (consecutive=0)
update=126 global_step=258048 SPS=829 w_ev=0.312 m_ev=0.914 m_v_bias=-6.8 m_adv_std=56.8802 m_kl_max=0.0293 m_ratio_max=0.701 w_ax@goal=+0.64 w_v@goal=3.86 return=902.6 length=81 success_rate=1.00 collisions/ep=2.12 (n=24)
update=127 global_step=260096 SPS=832 w_ev=0.220 m_ev=0.908 m_v_bias=11.4 m_adv_std=59.3329 m_kl_max=0.0154 m_ratio_max=1.038 w_ax@goal=+0.76 w_v@goal=3.87 return=881.2 length=83 success_rate=1.00 collisions/ep=2.56 (n=25)
update=128 global_step=262144 SPS=835 w_ev=0.225 m_ev=0.899 m_v_bias=0.8 m_adv_std=66.2463 m_kl_max=0.0167 m_ratio_max=1.340 w_ax@goal=+0.82 w_v@goal=4.10 return=911.3 length=82 success_rate=1.00 collisions/ep=1.96 (n=25)
update=129 global_step=264192 SPS=837 w_ev=0.256 m_ev=0.933 m_v_bias=-12.7 m_adv_std=51.5148 m_kl_max=0.0222 m_ratio_max=0.511 w_ax@goal=+0.64 w_v@goal=3.89 return=889.0 length=82 success_rate=1.00 collisions/ep=2.44 (n=25)
update=130 global_step=266240 SPS=840 w_ev=0.258 m_ev=0.949 m_v_bias=-0.5 m_adv_std=44.3368 m_kl_max=0.0102 m_ratio_max=0.461 w_ax@goal=+0.65 w_v@goal=3.80 return=924.7 length=81 success_rate=1.00 collisions/ep=1.68 (n=25)
Evaluation at update 130: return=1011.07, length=79.65, success_rate=1.00, collisions/ep=0.00
Solved-check at update 130: solved=True worst_gap=2.66 at p_x0=0.00 p_y0=-1.00 (consecutive=0)
update=131 global_step=268288 SPS=831 w_ev=0.246 m_ev=0.946 m_v_bias=2.5 m_adv_std=45.0324 m_kl_max=0.0150 m_ratio_max=0.482 w_ax@goal=+0.89 w_v@goal=3.79 return=909.1 length=83 success_rate=1.00 collisions/ep=2.00 (n=24)
update=132 global_step=270336 SPS=833 w_ev=0.090 m_ev=0.924 m_v_bias=-3.7 m_adv_std=52.5212 m_kl_max=0.0235 m_ratio_max=0.668 w_ax@goal=+0.72 w_v@goal=4.18 return=956.5 length=82 success_rate=1.00 collisions/ep=1.04 (n=25)
update=133 global_step=272384 SPS=836 w_ev=0.130 m_ev=0.905 m_v_bias=4.7 m_adv_std=60.1660 m_kl_max=0.0237 m_ratio_max=0.610 w_ax@goal=+0.68 w_v@goal=3.97 return=927.1 length=81 success_rate=1.00 collisions/ep=1.63 (n=27)
update=134 global_step=274432 SPS=838 w_ev=0.222 m_ev=0.942 m_v_bias=-3.8 m_adv_std=46.2745 m_kl_max=0.0150 m_ratio_max=0.629 w_ax@goal=+0.67 w_v@goal=3.72 return=922.6 length=83 success_rate=1.00 collisions/ep=1.75 (n=24)
update=135 global_step=276480 SPS=840 w_ev=0.191 m_ev=0.958 m_v_bias=-3.3 m_adv_std=38.8102 m_kl_max=0.0356 m_ratio_max=0.834 w_ax@goal=+0.80 w_v@goal=3.95 return=942.5 length=82 success_rate=1.00 collisions/ep=1.35 (n=26)
Evaluation at update 135: return=978.75, length=79.45, success_rate=1.00, collisions/ep=0.65
Solved-check at update 135: solved=False worst_gap=151.67 at p_x0=0.50 p_y0=0.50 (consecutive=1)
update=136 global_step=278528 SPS=833 w_ev=0.219 m_ev=0.950 m_v_bias=-0.9 m_adv_std=43.7604 m_kl_max=0.0295 m_ratio_max=0.810 w_ax@goal=+0.87 w_v@goal=3.94 return=945.8 length=82 success_rate=1.00 collisions/ep=1.29 (n=24)
update=137 global_step=280576 SPS=835 w_ev=0.235 m_ev=0.908 m_v_bias=9.0 m_adv_std=60.1449 m_kl_max=0.0129 m_ratio_max=0.841 w_ax@goal=+0.86 w_v@goal=4.04 return=907.2 length=82 success_rate=1.00 collisions/ep=2.08 (n=24)
update=138 global_step=282624 SPS=838 w_ev=0.204 m_ev=0.945 m_v_bias=1.4 m_adv_std=44.7135 m_kl_max=0.0210 m_ratio_max=0.926 w_ax@goal=+0.85 w_v@goal=4.05 return=930.1 length=82 success_rate=1.00 collisions/ep=1.60 (n=25)
update=139 global_step=284672 SPS=841 w_ev=0.245 m_ev=0.914 m_v_bias=9.8 m_adv_std=58.0757 m_kl_max=0.0252 m_ratio_max=0.814 w_ax@goal=+0.68 w_v@goal=3.91 return=911.1 length=83 success_rate=1.00 collisions/ep=1.96 (n=24)
update=140 global_step=286720 SPS=843 w_ev=0.245 m_ev=0.943 m_v_bias=-2.2 m_adv_std=47.0824 m_kl_max=0.0211 m_ratio_max=0.835 w_ax@goal=+0.95 w_v@goal=3.92 return=923.0 length=82 success_rate=1.00 collisions/ep=1.74 (n=27)
Evaluation at update 140: return=1011.58, length=79.15, success_rate=1.00, collisions/ep=0.00
Solved-check at update 140: solved=True worst_gap=1.84 at p_x0=0.00 p_y0=-1.00 (consecutive=0)
update=141 global_step=288768 SPS=835 w_ev=0.243 m_ev=0.920 m_v_bias=12.7 m_adv_std=56.3175 m_kl_max=0.0191 m_ratio_max=0.650 w_ax@goal=+0.87 w_v@goal=3.88 return=929.7 length=82 success_rate=1.00 collisions/ep=1.58 (n=24)
update=142 global_step=290816 SPS=838 w_ev=0.226 m_ev=0.926 m_v_bias=-6.8 m_adv_std=51.7789 m_kl_max=0.0135 m_ratio_max=0.582 w_ax@goal=+0.70 w_v@goal=3.81 return=907.9 length=85 success_rate=1.00 collisions/ep=2.00 (n=22)
update=143 global_step=292864 SPS=840 w_ev=0.089 m_ev=0.947 m_v_bias=-5.3 m_adv_std=44.8041 m_kl_max=0.0223 m_ratio_max=1.171 w_ax@goal=+0.67 w_v@goal=4.21 return=937.5 length=86 success_rate=1.00 collisions/ep=1.42 (n=24)
update=144 global_step=294912 SPS=842 w_ev=0.202 m_ev=0.931 m_v_bias=2.5 m_adv_std=51.0037 m_kl_max=0.0165 m_ratio_max=0.953 w_ax@goal=+0.81 w_v@goal=4.13 return=944.3 length=83 success_rate=1.00 collisions/ep=1.30 (n=27)
update=145 global_step=296960 SPS=845 w_ev=0.250 m_ev=0.944 m_v_bias=-8.8 m_adv_std=43.6212 m_kl_max=0.0234 m_ratio_max=1.267 w_ax@goal=+0.81 w_v@goal=3.85 return=950.7 length=83 success_rate=1.00 collisions/ep=1.17 (n=24)
Evaluation at update 145: return=1011.59, length=79.15, success_rate=1.00, collisions/ep=0.00
Solved-check at update 145: solved=True worst_gap=1.86 at p_x0=0.00 p_y0=-1.00 (consecutive=1)
Solved criterion held for 2 consecutive evals (tolerance=5.0) at global_step=296960.
update=146 global_step=299008 SPS=837 w_ev=0.251 m_ev=0.947 m_v_bias=12.1 m_adv_std=44.6050 m_kl_max=0.0173 m_ratio_max=1.006 w_ax@goal=+0.75 w_v@goal=3.99 return=930.6 length=85 success_rate=1.00 collisions/ep=1.58 (n=24)
update=147 global_step=301056 SPS=839 w_ev=0.241 m_ev=0.941 m_v_bias=-1.2 m_adv_std=46.0512 m_kl_max=0.0217 m_ratio_max=0.569 w_ax@goal=+0.75 w_v@goal=4.00 return=927.6 length=84 success_rate=1.00 collisions/ep=1.67 (n=24)
update=148 global_step=303104 SPS=841 w_ev=0.244 m_ev=0.947 m_v_bias=19.1 m_adv_std=45.8678 m_kl_max=0.0131 m_ratio_max=0.666 w_ax@goal=+0.79 w_v@goal=4.00 return=914.9 length=84 success_rate=1.00 collisions/ep=1.88 (n=25)
update=149 global_step=305152 SPS=843 w_ev=0.249 m_ev=0.916 m_v_bias=-3.0 m_adv_std=57.6913 m_kl_max=0.0089 m_ratio_max=0.519 w_ax@goal=+0.62 w_v@goal=3.82 return=901.6 length=84 success_rate=1.00 collisions/ep=2.12 (n=25)
update=150 global_step=307200 SPS=845 w_ev=0.133 m_ev=0.898 m_v_bias=7.2 m_adv_std=65.3657 m_kl_max=0.0201 m_ratio_max=0.947 w_ax@goal=+0.54 w_v@goal=4.06 return=909.7 length=85 success_rate=1.00 collisions/ep=1.96 (n=24)
Evaluation at update 150: return=1011.37, length=79.45, success_rate=1.00, collisions/ep=0.00
Solved-check at update 150: solved=False worst_gap=151.54 at p_x0=2.00 p_y0=-1.00 (consecutive=2)
update=151 global_step=309248 SPS=839 w_ev=0.232 m_ev=0.959 m_v_bias=-15.1 m_adv_std=39.2463 m_kl_max=0.0186 m_ratio_max=0.592 w_ax@goal=+0.71 w_v@goal=3.85 return=919.7 length=83 success_rate=1.00 collisions/ep=1.76 (n=25)
update=152 global_step=311296 SPS=841 w_ev=0.301 m_ev=0.933 m_v_bias=9.7 m_adv_std=53.7227 m_kl_max=0.0193 m_ratio_max=0.688 w_ax@goal=+0.75 w_v@goal=3.62 return=893.1 length=83 success_rate=1.00 collisions/ep=2.32 (n=25)
update=153 global_step=313344 SPS=843 w_ev=0.176 m_ev=0.960 m_v_bias=-13.5 m_adv_std=39.0536 m_kl_max=0.0081 m_ratio_max=0.386 w_ax@goal=+0.45 w_v@goal=3.95 return=926.9 length=86 success_rate=1.00 collisions/ep=1.58 (n=24)
update=154 global_step=315392 SPS=846 w_ev=0.118 m_ev=0.959 m_v_bias=10.3 m_adv_std=39.5249 m_kl_max=0.0129 m_ratio_max=0.627 w_ax@goal=+0.33 w_v@goal=4.02 return=904.7 length=85 success_rate=1.00 collisions/ep=2.00 (n=22)
update=155 global_step=317440 SPS=848 w_ev=0.207 m_ev=0.937 m_v_bias=0.7 m_adv_std=49.3723 m_kl_max=0.0511 m_ratio_max=0.921 w_ax@goal=+0.51 w_v@goal=3.98 return=916.2 length=86 success_rate=1.00 collisions/ep=1.76 (n=25)
Evaluation at update 155: return=1005.46, length=80.35, success_rate=1.00, collisions/ep=0.10
Solved-check at update 155: solved=False worst_gap=53.54 at p_x0=2.00 p_y0=1.00 (consecutive=0)
update=156 global_step=319488 SPS=840 w_ev=0.122 m_ev=0.892 m_v_bias=-1.3 m_adv_std=68.6080 m_kl_max=0.0312 m_ratio_max=1.335 w_ax@goal=+0.53 w_v@goal=4.02 return=924.7 length=87 success_rate=1.00 collisions/ep=1.61 (n=23)
update=157 global_step=321536 SPS=842 w_ev=0.196 m_ev=0.941 m_v_bias=-13.3 m_adv_std=45.5026 m_kl_max=0.0255 m_ratio_max=1.411 w_ax@goal=+0.52 w_v@goal=3.87 return=950.6 length=90 success_rate=1.00 collisions/ep=1.05 (n=22)
update=158 global_step=323584 SPS=845 w_ev=0.164 m_ev=0.942 m_v_bias=12.5 m_adv_std=47.5776 m_kl_max=0.0141 m_ratio_max=0.558 w_ax@goal=+0.57 w_v@goal=3.95 return=934.6 length=88 success_rate=1.00 collisions/ep=1.44 (n=25)
update=159 global_step=325632 SPS=847 w_ev=0.196 m_ev=0.941 m_v_bias=-5.1 m_adv_std=47.7284 m_kl_max=0.0116 m_ratio_max=0.464 w_ax@goal=+0.48 w_v@goal=4.07 return=952.9 length=85 success_rate=1.00 collisions/ep=1.04 (n=24)
update=160 global_step=327680 SPS=849 w_ev=0.207 m_ev=0.943 m_v_bias=-0.2 m_adv_std=45.7634 m_kl_max=0.0100 m_ratio_max=0.748 w_ax@goal=+0.69 w_v@goal=3.96 return=937.7 length=86 success_rate=1.00 collisions/ep=1.40 (n=25)
Evaluation at update 160: return=1008.81, length=79.35, success_rate=1.00, collisions/ep=0.05
Solved-check at update 160: solved=False worst_gap=52.10 at p_x0=0.00 p_y0=0.00 (consecutive=0)
update=161 global_step=329728 SPS=842 w_ev=0.143 m_ev=0.944 m_v_bias=3.7 m_adv_std=45.4639 m_kl_max=0.0090 m_ratio_max=0.477 w_ax@goal=+0.71 w_v@goal=4.05 return=937.0 length=86 success_rate=1.00 collisions/ep=1.45 (n=22)
update=162 global_step=331776 SPS=844 w_ev=0.172 m_ev=0.934 m_v_bias=19.3 m_adv_std=53.9888 m_kl_max=0.0121 m_ratio_max=0.682 w_ax@goal=+0.50 w_v@goal=4.05 return=907.7 length=87 success_rate=1.00 collisions/ep=2.04 (n=24)
update=163 global_step=333824 SPS=846 w_ev=0.177 m_ev=0.917 m_v_bias=0.7 m_adv_std=59.1326 m_kl_max=0.0378 m_ratio_max=0.811 w_ax@goal=+0.65 w_v@goal=4.01 return=891.5 length=89 success_rate=1.00 collisions/ep=2.25 (n=24)
update=164 global_step=335872 SPS=848 w_ev=0.094 m_ev=0.949 m_v_bias=-1.8 m_adv_std=44.5031 m_kl_max=0.0184 m_ratio_max=0.796 w_ax@goal=+0.40 w_v@goal=4.13 return=923.7 length=88 success_rate=1.00 collisions/ep=1.62 (n=21)
update=165 global_step=337920 SPS=850 w_ev=0.154 m_ev=0.930 m_v_bias=-3.0 m_adv_std=54.5475 m_kl_max=0.0224 m_ratio_max=0.753 w_ax@goal=+0.56 w_v@goal=3.98 return=925.4 length=89 success_rate=1.00 collisions/ep=1.58 (n=24)
Evaluation at update 165: return=1002.55, length=83.20, success_rate=1.00, collisions/ep=0.10
Solved-check at update 165: solved=False worst_gap=54.61 at p_x0=1.00 p_y0=1.00 (consecutive=0)
update=166 global_step=339968 SPS=842 w_ev=0.205 m_ev=0.876 m_v_bias=24.0 m_adv_std=78.3463 m_kl_max=0.0145 m_ratio_max=1.002 w_ax@goal=+0.64 w_v@goal=3.77 return=900.4 length=93 success_rate=1.00 collisions/ep=2.00 (n=22)
update=167 global_step=342016 SPS=844 w_ev=0.071 m_ev=0.893 m_v_bias=-0.3 m_adv_std=66.5857 m_kl_max=0.0132 m_ratio_max=0.569 w_ax@goal=+0.25 w_v@goal=4.11 return=898.8 length=92 success_rate=1.00 collisions/ep=2.09 (n=22)
update=168 global_step=344064 SPS=846 w_ev=0.152 m_ev=0.948 m_v_bias=-23.5 m_adv_std=43.1817 m_kl_max=0.0091 m_ratio_max=0.439 w_ax@goal=+0.44 w_v@goal=3.94 return=935.5 length=89 success_rate=1.00 collisions/ep=1.43 (n=23)
update=169 global_step=346112 SPS=848 w_ev=0.125 m_ev=0.945 m_v_bias=9.8 m_adv_std=48.0197 m_kl_max=0.0203 m_ratio_max=1.852 w_ax@goal=+0.31 w_v@goal=3.97 return=909.2 length=89 success_rate=1.00 collisions/ep=1.87 (n=23)
update=170 global_step=348160 SPS=850 w_ev=0.055 m_ev=0.961 m_v_bias=-14.6 m_adv_std=39.2388 m_kl_max=0.0098 m_ratio_max=0.422 w_ax@goal=+0.40 w_v@goal=4.24 return=945.9 length=88 success_rate=1.00 collisions/ep=1.29 (n=24)
Evaluation at update 170: return=968.56, length=79.70, success_rate=1.00, collisions/ep=0.85
Solved-check at update 170: solved=False worst_gap=103.26 at p_x0=0.50 p_y0=-1.00 (consecutive=0)
update=171 global_step=350208 SPS=844 w_ev=0.157 m_ev=0.969 m_v_bias=-17.3 m_adv_std=32.7306 m_kl_max=0.0134 m_ratio_max=0.772 w_ax@goal=+0.80 w_v@goal=4.11 return=961.5 length=87 success_rate=1.00 collisions/ep=0.96 (n=23)
update=172 global_step=352256 SPS=846 w_ev=0.167 m_ev=0.945 m_v_bias=5.4 m_adv_std=45.3120 m_kl_max=0.0124 m_ratio_max=0.534 w_ax@goal=+0.62 w_v@goal=4.00 return=943.8 length=87 success_rate=1.00 collisions/ep=1.29 (n=24)
update=173 global_step=354304 SPS=848 w_ev=0.124 m_ev=0.895 m_v_bias=19.6 m_adv_std=65.5576 m_kl_max=0.0196 m_ratio_max=1.140 w_ax@goal=+0.63 w_v@goal=3.93 return=881.4 length=86 success_rate=1.00 collisions/ep=2.54 (n=24)
update=174 global_step=356352 SPS=850 w_ev=0.169 m_ev=0.950 m_v_bias=-11.1 m_adv_std=43.9689 m_kl_max=0.0312 m_ratio_max=1.413 w_ax@goal=+0.66 w_v@goal=3.93 return=924.8 length=87 success_rate=1.00 collisions/ep=1.59 (n=22)
update=175 global_step=358400 SPS=852 w_ev=0.202 m_ev=0.951 m_v_bias=-6.0 m_adv_std=42.0019 m_kl_max=0.0170 m_ratio_max=0.792 w_ax@goal=+0.64 w_v@goal=4.11 return=955.2 length=85 success_rate=1.00 collisions/ep=1.08 (n=24)
Evaluation at update 175: return=1005.90, length=79.85, success_rate=1.00, collisions/ep=0.10
Solved-check at update 175: solved=False worst_gap=52.81 at p_x0=0.00 p_y0=-1.00 (consecutive=0)
update=176 global_step=360448 SPS=846 w_ev=0.172 m_ev=0.964 m_v_bias=-1.7 m_adv_std=37.4976 m_kl_max=0.0114 m_ratio_max=0.508 w_ax@goal=+0.87 w_v@goal=3.94 return=929.3 length=86 success_rate=1.00 collisions/ep=1.52 (n=23)
update=177 global_step=362496 SPS=847 w_ev=0.179 m_ev=0.953 m_v_bias=-5.4 m_adv_std=40.3558 m_kl_max=0.0136 m_ratio_max=0.705 w_ax@goal=+0.60 w_v@goal=4.10 return=945.7 length=86 success_rate=1.00 collisions/ep=1.21 (n=24)
update=178 global_step=364544 SPS=849 w_ev=0.184 m_ev=0.949 m_v_bias=7.3 m_adv_std=43.6728 m_kl_max=0.0147 m_ratio_max=1.397 w_ax@goal=+0.36 w_v@goal=4.20 return=948.3 length=87 success_rate=1.00 collisions/ep=1.17 (n=24)
update=179 global_step=366592 SPS=851 w_ev=0.229 m_ev=0.973 m_v_bias=1.3 m_adv_std=31.4285 m_kl_max=0.0175 m_ratio_max=0.734 w_ax@goal=+0.68 w_v@goal=4.09 return=951.0 length=89 success_rate=1.00 collisions/ep=1.04 (n=24)
update=180 global_step=368640 SPS=853 w_ev=0.170 m_ev=0.971 m_v_bias=1.3 m_adv_std=33.0920 m_kl_max=0.0111 m_ratio_max=0.508 w_ax@goal=+0.50 w_v@goal=4.04 return=947.8 length=86 success_rate=1.00 collisions/ep=1.22 (n=23)
Evaluation at update 180: return=1008.80, length=81.80, success_rate=1.00, collisions/ep=0.00
Solved-check at update 180: solved=False worst_gap=52.95 at p_x0=0.00 p_y0=1.00 (consecutive=0)
update=181 global_step=370688 SPS=845 w_ev=0.205 m_ev=0.963 m_v_bias=1.2 m_adv_std=37.7836 m_kl_max=0.0066 m_ratio_max=0.479 w_ax@goal=+0.51 w_v@goal=3.85 return=934.8 length=89 success_rate=1.00 collisions/ep=1.42 (n=24)
update=182 global_step=372736 SPS=847 w_ev=0.172 m_ev=0.943 m_v_bias=-1.5 m_adv_std=47.1748 m_kl_max=0.0063 m_ratio_max=0.396 w_ax@goal=+0.60 w_v@goal=4.01 return=946.4 length=87 success_rate=1.00 collisions/ep=1.17 (n=23)
update=183 global_step=374784 SPS=849 w_ev=0.182 m_ev=0.948 m_v_bias=4.8 m_adv_std=42.5248 m_kl_max=0.0133 m_ratio_max=0.519 w_ax@goal=+0.67 w_v@goal=4.09 return=943.7 length=88 success_rate=1.00 collisions/ep=1.33 (n=24)
update=184 global_step=376832 SPS=851 w_ev=0.270 m_ev=0.954 m_v_bias=0.1 m_adv_std=41.2784 m_kl_max=0.0077 m_ratio_max=0.485 w_ax@goal=+0.56 w_v@goal=3.80 return=949.4 length=87 success_rate=1.00 collisions/ep=1.09 (n=22)
update=185 global_step=378880 SPS=852 w_ev=0.198 m_ev=0.976 m_v_bias=-10.7 m_adv_std=29.2106 m_kl_max=0.0109 m_ratio_max=0.665 w_ax@goal=+0.62 w_v@goal=4.01 return=968.4 length=88 success_rate=1.00 collisions/ep=0.70 (n=23)
Evaluation at update 185: return=1006.59, length=84.00, success_rate=1.00, collisions/ep=0.00
Solved-check at update 185: solved=False worst_gap=55.49 at p_x0=0.00 p_y0=0.50 (consecutive=0)
update=186 global_step=380928 SPS=847 w_ev=0.203 m_ev=0.934 m_v_bias=12.5 m_adv_std=51.5678 m_kl_max=0.0085 m_ratio_max=0.432 w_ax@goal=+0.63 w_v@goal=4.03 return=943.9 length=89 success_rate=1.00 collisions/ep=1.21 (n=24)
update=187 global_step=382976 SPS=849 w_ev=0.235 m_ev=0.969 m_v_bias=-9.7 m_adv_std=33.9192 m_kl_max=0.0246 m_ratio_max=1.089 w_ax@goal=+0.44 w_v@goal=3.95 return=940.3 length=88 success_rate=1.00 collisions/ep=1.32 (n=22)
update=188 global_step=385024 SPS=851 w_ev=0.209 m_ev=0.950 m_v_bias=12.1 m_adv_std=45.6878 m_kl_max=0.0197 m_ratio_max=0.709 w_ax@goal=+0.80 w_v@goal=3.98 return=909.1 length=90 success_rate=1.00 collisions/ep=1.88 (n=24)
update=189 global_step=387072 SPS=852 w_ev=0.155 m_ev=0.936 m_v_bias=4.1 m_adv_std=50.3573 m_kl_max=0.0149 m_ratio_max=0.582 w_ax@goal=+0.53 w_v@goal=4.23 return=928.2 length=89 success_rate=1.00 collisions/ep=1.48 (n=23)
update=190 global_step=389120 SPS=854 w_ev=0.161 m_ev=0.964 m_v_bias=-12.4 m_adv_std=36.3632 m_kl_max=0.0105 m_ratio_max=0.416 w_ax@goal=+0.67 w_v@goal=4.10 return=963.8 length=92 success_rate=1.00 collisions/ep=0.73 (n=22)
Evaluation at update 190: return=1006.92, length=83.70, success_rate=1.00, collisions/ep=0.00
Solved-check at update 190: solved=False worst_gap=54.05 at p_x0=0.00 p_y0=1.00 (consecutive=0)
update=191 global_step=391168 SPS=849 w_ev=0.110 m_ev=0.927 m_v_bias=4.6 m_adv_std=50.7773 m_kl_max=0.0196 m_ratio_max=0.648 w_ax@goal=+0.52 w_v@goal=4.22 return=956.0 length=88 success_rate=1.00 collisions/ep=0.91 (n=22)
update=192 global_step=393216 SPS=851 w_ev=0.124 m_ev=0.971 m_v_bias=-3.7 m_adv_std=33.2561 m_kl_max=0.0099 m_ratio_max=0.401 w_ax@goal=+0.64 w_v@goal=4.31 return=957.0 length=89 success_rate=1.00 collisions/ep=0.91 (n=23)
update=193 global_step=395264 SPS=853 w_ev=0.188 m_ev=0.959 m_v_bias=-1.7 m_adv_std=37.9451 m_kl_max=0.0061 m_ratio_max=0.327 w_ax@goal=+0.61 w_v@goal=4.31 return=960.0 length=88 success_rate=1.00 collisions/ep=0.87 (n=23)
update=194 global_step=397312 SPS=855 w_ev=0.176 m_ev=0.939 m_v_bias=-2.7 m_adv_std=45.8640 m_kl_max=0.0152 m_ratio_max=0.544 w_ax@goal=+0.73 w_v@goal=4.26 return=964.3 length=87 success_rate=1.00 collisions/ep=0.79 (n=24)
update=195 global_step=399360 SPS=857 w_ev=0.189 m_ev=0.967 m_v_bias=3.4 m_adv_std=35.8668 m_kl_max=0.0304 m_ratio_max=0.773 w_ax@goal=+0.46 w_v@goal=4.22 return=954.0 length=90 success_rate=1.00 collisions/ep=0.96 (n=24)
Evaluation at update 195: return=1008.82, length=81.80, success_rate=1.00, collisions/ep=0.00
Solved-check at update 195: solved=False worst_gap=6.28 at p_x0=1.50 p_y0=-1.00 (consecutive=0)
update=196 global_step=401408 SPS=852 w_ev=0.169 m_ev=0.948 m_v_bias=8.8 m_adv_std=46.6170 m_kl_max=0.0373 m_ratio_max=0.997 w_ax@goal=+0.60 w_v@goal=3.99 return=921.0 length=88 success_rate=1.00 collisions/ep=1.71 (n=24)
update=197 global_step=403456 SPS=853 w_ev=0.181 m_ev=0.948 m_v_bias=7.3 m_adv_std=46.2373 m_kl_max=0.0188 m_ratio_max=0.762 w_ax@goal=+0.61 w_v@goal=3.87 return=910.2 length=88 success_rate=1.00 collisions/ep=1.87 (n=23)
update=198 global_step=405504 SPS=855 w_ev=0.177 m_ev=0.960 m_v_bias=-1.3 m_adv_std=40.8166 m_kl_max=0.0219 m_ratio_max=1.231 w_ax@goal=+0.50 w_v@goal=3.86 return=946.0 length=92 success_rate=1.00 collisions/ep=1.10 (n=21)
update=199 global_step=407552 SPS=857 w_ev=0.174 m_ev=0.974 m_v_bias=-2.1 m_adv_std=31.8085 m_kl_max=0.0082 m_ratio_max=0.487 w_ax@goal=+0.47 w_v@goal=4.07 return=948.7 length=95 success_rate=1.00 collisions/ep=1.00 (n=22)
update=200 global_step=409600 SPS=858 w_ev=0.101 m_ev=0.915 m_v_bias=23.8 m_adv_std=63.8872 m_kl_max=0.0103 m_ratio_max=0.646 w_ax@goal=+0.19 w_v@goal=4.26 return=915.6 length=95 success_rate=1.00 collisions/ep=1.71 (n=21)
Evaluation at update 200: return=996.02, length=87.20, success_rate=1.00, collisions/ep=0.15
Solved-check at update 200: solved=False worst_gap=61.61 at p_x0=0.00 p_y0=-0.50 (consecutive=0)
update=201 global_step=411648 SPS=852 w_ev=0.122 m_ev=0.943 m_v_bias=-8.9 m_adv_std=47.6191 m_kl_max=0.0136 m_ratio_max=0.850 w_ax@goal=+0.33 w_v@goal=4.22 return=918.7 length=93 success_rate=1.00 collisions/ep=1.57 (n=23)
update=202 global_step=413696 SPS=853 w_ev=0.070 m_ev=0.908 m_v_bias=3.0 m_adv_std=61.8187 m_kl_max=0.0144 m_ratio_max=0.669 w_ax@goal=+0.55 w_v@goal=4.01 return=895.0 length=93 success_rate=1.00 collisions/ep=2.10 (n=21)
update=203 global_step=415744 SPS=855 w_ev=0.067 m_ev=0.940 m_v_bias=6.9 m_adv_std=52.6428 m_kl_max=0.0040 m_ratio_max=0.446 w_ax@goal=+0.33 w_v@goal=4.36 return=919.9 length=90 success_rate=1.00 collisions/ep=1.67 (n=24)
update=204 global_step=417792 SPS=857 w_ev=0.114 m_ev=0.958 m_v_bias=-14.7 m_adv_std=40.5974 m_kl_max=0.0147 m_ratio_max=0.963 w_ax@goal=+0.36 w_v@goal=4.21 return=952.2 length=91 success_rate=1.00 collisions/ep=1.00 (n=24)
update=205 global_step=419840 SPS=858 w_ev=0.157 m_ev=0.956 m_v_bias=0.5 m_adv_std=40.6719 m_kl_max=0.0142 m_ratio_max=0.540 w_ax@goal=+0.25 w_v@goal=4.06 return=947.4 length=89 success_rate=1.00 collisions/ep=1.09 (n=22)
Evaluation at update 205: return=1011.38, length=79.25, success_rate=1.00, collisions/ep=0.00
Solved-check at update 205: solved=True worst_gap=3.27 at p_x0=2.00 p_y0=-1.00 (consecutive=0)
update=206 global_step=421888 SPS=853 w_ev=0.148 m_ev=0.955 m_v_bias=-3.1 m_adv_std=39.8532 m_kl_max=0.0157 m_ratio_max=0.662 w_ax@goal=+0.44 w_v@goal=3.97 return=935.7 length=88 success_rate=1.00 collisions/ep=1.36 (n=22)
update=207 global_step=423936 SPS=855 w_ev=0.186 m_ev=0.923 m_v_bias=-4.3 m_adv_std=55.0849 m_kl_max=0.0192 m_ratio_max=0.679 w_ax@goal=+0.61 w_v@goal=4.00 return=955.1 length=89 success_rate=1.00 collisions/ep=0.96 (n=23)
update=208 global_step=425984 SPS=856 w_ev=0.119 m_ev=0.964 m_v_bias=0.5 m_adv_std=35.1875 m_kl_max=0.0148 m_ratio_max=0.858 w_ax@goal=+0.41 w_v@goal=4.32 return=955.4 length=87 success_rate=1.00 collisions/ep=0.96 (n=23)
update=209 global_step=428032 SPS=858 w_ev=0.127 m_ev=0.944 m_v_bias=6.9 m_adv_std=47.3506 m_kl_max=0.0181 m_ratio_max=1.016 w_ax@goal=+0.56 w_v@goal=4.30 return=956.4 length=89 success_rate=1.00 collisions/ep=0.96 (n=25)
update=210 global_step=430080 SPS=860 w_ev=0.142 m_ev=0.945 m_v_bias=-12.2 m_adv_std=44.0509 m_kl_max=0.0059 m_ratio_max=0.383 w_ax@goal=+0.61 w_v@goal=4.11 return=977.6 length=83 success_rate=1.00 collisions/ep=0.62 (n=24)
Evaluation at update 210: return=1011.20, length=79.60, success_rate=1.00, collisions/ep=0.00
Solved-check at update 210: solved=True worst_gap=3.73 at p_x0=2.00 p_y0=-1.00 (consecutive=1)
update=211 global_step=432128 SPS=854 w_ev=0.167 m_ev=0.918 m_v_bias=17.5 m_adv_std=55.2791 m_kl_max=0.0154 m_ratio_max=0.527 w_ax@goal=+0.59 w_v@goal=4.10 return=943.8 length=88 success_rate=1.00 collisions/ep=1.22 (n=23)
update=212 global_step=434176 SPS=856 w_ev=0.168 m_ev=0.960 m_v_bias=6.7 m_adv_std=39.6748 m_kl_max=0.0141 m_ratio_max=0.814 w_ax@goal=+0.25 w_v@goal=4.08 return=941.5 length=91 success_rate=1.00 collisions/ep=1.22 (n=23)
update=213 global_step=436224 SPS=857 w_ev=0.194 m_ev=0.977 m_v_bias=-13.2 m_adv_std=28.2933 m_kl_max=0.0076 m_ratio_max=0.461 w_ax@goal=+0.60 w_v@goal=3.93 return=970.5 length=86 success_rate=1.00 collisions/ep=0.67 (n=24)
update=214 global_step=438272 SPS=859 w_ev=0.183 m_ev=0.955 m_v_bias=9.4 m_adv_std=39.4985 m_kl_max=0.0294 m_ratio_max=0.849 w_ax@goal=+0.49 w_v@goal=4.05 return=955.7 length=90 success_rate=1.00 collisions/ep=0.91 (n=23)
update=215 global_step=440320 SPS=860 w_ev=0.076 m_ev=0.966 m_v_bias=1.8 m_adv_std=34.7166 m_kl_max=0.0151 m_ratio_max=0.678 w_ax@goal=+0.31 w_v@goal=4.31 return=976.3 length=90 success_rate=1.00 collisions/ep=0.55 (n=22)
Evaluation at update 215: return=1009.35, length=81.40, success_rate=1.00, collisions/ep=0.00
Solved-check at update 215: solved=True worst_gap=4.92 at p_x0=2.00 p_y0=-1.00 (consecutive=2)
update=216 global_step=442368 SPS=854 w_ev=0.112 m_ev=0.915 m_v_bias=15.3 m_adv_std=61.0292 m_kl_max=0.0170 m_ratio_max=1.105 w_ax@goal=+0.10 w_v@goal=4.42 return=936.2 length=92 success_rate=1.00 collisions/ep=1.27 (n=22)
update=217 global_step=444416 SPS=856 w_ev=0.160 m_ev=0.953 m_v_bias=0.4 m_adv_std=42.8342 m_kl_max=0.0135 m_ratio_max=0.575 w_ax@goal=+0.22 w_v@goal=4.19 return=924.6 length=93 success_rate=1.00 collisions/ep=1.55 (n=22)
update=218 global_step=446464 SPS=857 w_ev=0.183 m_ev=0.938 m_v_bias=7.2 m_adv_std=51.9582 m_kl_max=0.0194 m_ratio_max=0.641 w_ax@goal=+0.40 w_v@goal=4.00 return=919.0 length=90 success_rate=1.00 collisions/ep=1.70 (n=23)
update=219 global_step=448512 SPS=859 w_ev=0.193 m_ev=0.943 m_v_bias=2.5 m_adv_std=49.9638 m_kl_max=0.0169 m_ratio_max=0.802 w_ax@goal=+0.37 w_v@goal=4.00 return=926.0 length=91 success_rate=1.00 collisions/ep=1.48 (n=23)
update=220 global_step=450560 SPS=861 w_ev=0.229 m_ev=0.946 m_v_bias=2.0 m_adv_std=45.7318 m_kl_max=0.0204 m_ratio_max=0.590 w_ax@goal=+0.16 w_v@goal=3.97 return=943.6 length=92 success_rate=1.00 collisions/ep=1.10 (n=21)
Evaluation at update 220: return=1005.51, length=82.70, success_rate=1.00, collisions/ep=0.05
Solved-check at update 220: solved=False worst_gap=54.84 at p_x0=0.00 p_y0=0.00 (consecutive=3)
update=221 global_step=452608 SPS=855 w_ev=0.230 m_ev=0.938 m_v_bias=-5.2 m_adv_std=50.6138 m_kl_max=0.0192 m_ratio_max=0.537 w_ax@goal=+0.27 w_v@goal=3.92 return=919.5 length=93 success_rate=1.00 collisions/ep=1.59 (n=22)
update=222 global_step=454656 SPS=856 w_ev=0.186 m_ev=0.966 m_v_bias=-22.2 m_adv_std=34.8545 m_kl_max=0.0199 m_ratio_max=0.883 w_ax@goal=+0.23 w_v@goal=4.04 return=975.5 length=89 success_rate=1.00 collisions/ep=0.58 (n=24)
update=223 global_step=456704 SPS=858 w_ev=0.173 m_ev=0.947 m_v_bias=0.1 m_adv_std=42.0453 m_kl_max=0.0241 m_ratio_max=0.634 w_ax@goal=+0.26 w_v@goal=4.02 return=956.9 length=87 success_rate=1.00 collisions/ep=1.04 (n=23)
update=224 global_step=458752 SPS=860 w_ev=0.180 m_ev=0.951 m_v_bias=-7.1 m_adv_std=40.8940 m_kl_max=0.0174 m_ratio_max=0.967 w_ax@goal=+0.57 w_v@goal=3.90 return=952.6 length=86 success_rate=1.00 collisions/ep=1.12 (n=25)
update=225 global_step=460800 SPS=861 w_ev=0.251 m_ev=0.976 m_v_bias=-6.6 m_adv_std=28.4089 m_kl_max=0.0141 m_ratio_max=0.976 w_ax@goal=+0.58 w_v@goal=3.86 return=985.4 length=86 success_rate=1.00 collisions/ep=0.46 (n=24)
Evaluation at update 225: return=1012.18, length=78.50, success_rate=1.00, collisions/ep=0.00
Solved-check at update 225: solved=True worst_gap=1.24 at p_x0=2.00 p_y0=-1.00 (consecutive=0)
update=226 global_step=462848 SPS=855 w_ev=0.263 m_ev=0.919 m_v_bias=6.0 m_adv_std=54.5120 m_kl_max=0.0141 m_ratio_max=0.577 w_ax@goal=+0.71 w_v@goal=3.95 return=942.5 length=86 success_rate=1.00 collisions/ep=1.29 (n=24)
update=227 global_step=464896 SPS=857 w_ev=0.171 m_ev=0.965 m_v_bias=1.6 m_adv_std=34.9867 m_kl_max=0.0079 m_ratio_max=0.487 w_ax@goal=+0.59 w_v@goal=3.93 return=962.9 length=85 success_rate=1.00 collisions/ep=0.88 (n=24)
update=228 global_step=466944 SPS=859 w_ev=0.257 m_ev=0.982 m_v_bias=-10.0 m_adv_std=24.7310 m_kl_max=0.0140 m_ratio_max=0.516 w_ax@goal=+0.52 w_v@goal=4.06 return=980.5 length=85 success_rate=1.00 collisions/ep=0.52 (n=25)
update=229 global_step=468992 SPS=860 w_ev=0.232 m_ev=0.966 m_v_bias=8.4 m_adv_std=35.1204 m_kl_max=0.0139 m_ratio_max=0.858 w_ax@goal=+0.67 w_v@goal=3.94 return=950.3 length=86 success_rate=1.00 collisions/ep=1.14 (n=22)
update=230 global_step=471040 SPS=861 w_ev=0.204 m_ev=0.979 m_v_bias=-2.2 m_adv_std=26.7056 m_kl_max=0.0096 m_ratio_max=0.828 w_ax@goal=+0.49 w_v@goal=4.11 return=968.1 length=89 success_rate=1.00 collisions/ep=0.74 (n=23)
Evaluation at update 230: return=1011.90, length=78.75, success_rate=1.00, collisions/ep=0.00
Solved-check at update 230: solved=True worst_gap=2.14 at p_x0=2.00 p_y0=-1.00 (consecutive=1)
update=231 global_step=473088 SPS=857 w_ev=0.254 m_ev=0.960 m_v_bias=9.3 m_adv_std=36.7496 m_kl_max=0.0099 m_ratio_max=0.530 w_ax@goal=+0.54 w_v@goal=3.88 return=968.9 length=86 success_rate=1.00 collisions/ep=0.70 (n=23)
update=232 global_step=475136 SPS=858 w_ev=0.201 m_ev=0.955 m_v_bias=3.2 m_adv_std=41.5912 m_kl_max=0.0112 m_ratio_max=0.444 w_ax@goal=+0.38 w_v@goal=4.07 return=941.7 length=86 success_rate=1.00 collisions/ep=1.25 (n=24)
update=233 global_step=477184 SPS=860 w_ev=0.233 m_ev=0.970 m_v_bias=-7.7 m_adv_std=31.2146 m_kl_max=0.0108 m_ratio_max=0.551 w_ax@goal=+0.53 w_v@goal=3.97 return=966.2 length=87 success_rate=1.00 collisions/ep=0.78 (n=23)
update=234 global_step=479232 SPS=861 w_ev=0.188 m_ev=0.973 m_v_bias=-3.3 m_adv_std=30.0965 m_kl_max=0.0159 m_ratio_max=0.619 w_ax@goal=+0.68 w_v@goal=4.06 return=956.6 length=85 success_rate=1.00 collisions/ep=0.96 (n=24)
update=235 global_step=481280 SPS=862 w_ev=0.173 m_ev=0.925 m_v_bias=11.3 m_adv_std=53.9260 m_kl_max=0.0190 m_ratio_max=0.707 w_ax@goal=+0.67 w_v@goal=3.97 return=941.2 length=88 success_rate=1.00 collisions/ep=1.30 (n=23)
Evaluation at update 235: return=1011.90, length=78.70, success_rate=1.00, collisions/ep=0.00
Solved-check at update 235: solved=True worst_gap=2.83 at p_x0=1.50 p_y0=-1.00 (consecutive=2)
update=236 global_step=483328 SPS=857 w_ev=0.104 m_ev=0.950 m_v_bias=-3.3 m_adv_std=42.2323 m_kl_max=0.0111 m_ratio_max=0.452 w_ax@goal=+0.37 w_v@goal=4.21 return=944.3 length=86 success_rate=1.00 collisions/ep=1.22 (n=23)
update=237 global_step=485376 SPS=859 w_ev=0.214 m_ev=0.971 m_v_bias=-9.6 m_adv_std=31.6885 m_kl_max=0.0130 m_ratio_max=0.480 w_ax@goal=+0.67 w_v@goal=4.03 return=963.9 length=85 success_rate=1.00 collisions/ep=0.92 (n=25)
update=238 global_step=487424 SPS=860 w_ev=0.269 m_ev=0.972 m_v_bias=-2.4 m_adv_std=31.1184 m_kl_max=0.0088 m_ratio_max=0.593 w_ax@goal=+0.65 w_v@goal=3.91 return=966.3 length=85 success_rate=1.00 collisions/ep=0.79 (n=24)
update=239 global_step=489472 SPS=862 w_ev=0.176 m_ev=0.870 m_v_bias=26.6 m_adv_std=78.1839 m_kl_max=0.0124 m_ratio_max=0.483 w_ax@goal=+0.58 w_v@goal=4.07 return=920.5 length=85 success_rate=1.00 collisions/ep=1.72 (n=25)
update=240 global_step=491520 SPS=863 w_ev=0.219 m_ev=0.950 m_v_bias=-13.0 m_adv_std=43.3844 m_kl_max=0.0326 m_ratio_max=0.761 w_ax@goal=+0.55 w_v@goal=4.04 return=954.2 length=85 success_rate=1.00 collisions/ep=1.04 (n=23)
Evaluation at update 240: return=1012.06, length=78.65, success_rate=1.00, collisions/ep=0.00
Solved-check at update 240: solved=True worst_gap=1.80 at p_x0=2.00 p_y0=-1.00 (consecutive=3)
update=241 global_step=493568 SPS=858 w_ev=0.291 m_ev=0.965 m_v_bias=-12.1 m_adv_std=35.2526 m_kl_max=0.0206 m_ratio_max=0.916 w_ax@goal=+0.69 w_v@goal=3.86 return=955.4 length=86 success_rate=1.00 collisions/ep=1.04 (n=25)
update=242 global_step=495616 SPS=859 w_ev=0.241 m_ev=0.979 m_v_bias=-3.2 m_adv_std=26.8130 m_kl_max=0.0149 m_ratio_max=0.497 w_ax@goal=+0.51 w_v@goal=3.91 return=967.9 length=88 success_rate=1.00 collisions/ep=0.79 (n=24)
update=243 global_step=497664 SPS=860 w_ev=0.166 m_ev=0.972 m_v_bias=-8.6 m_adv_std=29.4928 m_kl_max=0.0051 m_ratio_max=0.417 w_ax@goal=+0.76 w_v@goal=3.96 return=978.7 length=84 success_rate=1.00 collisions/ep=0.58 (n=24)
update=244 global_step=499712 SPS=862 w_ev=0.161 m_ev=0.963 m_v_bias=2.6 m_adv_std=34.9873 m_kl_max=0.0276 m_ratio_max=0.912 w_ax@goal=+0.65 w_v@goal=3.82 return=964.3 length=83 success_rate=1.00 collisions/ep=0.88 (n=24)
update=245 global_step=501760 SPS=863 w_ev=0.129 m_ev=0.959 m_v_bias=7.2 m_adv_std=37.7896 m_kl_max=0.0076 m_ratio_max=0.565 w_ax@goal=+0.76 w_v@goal=3.89 return=962.7 length=83 success_rate=1.00 collisions/ep=0.92 (n=26)
Evaluation at update 245: return=1012.24, length=78.45, success_rate=1.00, collisions/ep=0.00
Solved-check at update 245: solved=True worst_gap=0.96 at p_x0=0.50 p_y0=-1.00 (consecutive=4)
update=246 global_step=503808 SPS=858 w_ev=0.143 m_ev=0.979 m_v_bias=-10.3 m_adv_std=26.1347 m_kl_max=0.0089 m_ratio_max=0.632 w_ax@goal=+0.77 w_v@goal=3.88 return=970.1 length=84 success_rate=1.00 collisions/ep=0.83 (n=24)
update=247 global_step=505856 SPS=859 w_ev=0.147 m_ev=0.963 m_v_bias=0.9 m_adv_std=33.8939 m_kl_max=0.0196 m_ratio_max=0.618 w_ax@goal=+0.80 w_v@goal=4.10 return=974.9 length=82 success_rate=1.00 collisions/ep=0.69 (n=26)
update=248 global_step=507904 SPS=860 w_ev=0.152 m_ev=0.984 m_v_bias=-5.4 m_adv_std=22.6031 m_kl_max=0.0210 m_ratio_max=0.804 w_ax@goal=+0.76 w_v@goal=4.07 return=977.6 length=83 success_rate=1.00 collisions/ep=0.62 (n=24)
update=249 global_step=509952 SPS=862 w_ev=0.213 m_ev=0.959 m_v_bias=4.7 m_adv_std=34.4446 m_kl_max=0.0063 m_ratio_max=0.352 w_ax@goal=+0.66 w_v@goal=4.07 return=987.7 length=82 success_rate=1.00 collisions/ep=0.42 (n=24)
update=250 global_step=512000 SPS=863 w_ev=0.150 m_ev=0.984 m_v_bias=-0.9 m_adv_std=22.1812 m_kl_max=0.0193 m_ratio_max=0.626 w_ax@goal=+0.53 w_v@goal=4.12 return=977.7 length=82 success_rate=1.00 collisions/ep=0.60 (n=25)
Evaluation at update 250: return=1011.89, length=78.65, success_rate=1.00, collisions/ep=0.00
Solved-check at update 250: solved=True worst_gap=1.47 at p_x0=0.00 p_y0=-1.00 (consecutive=5)
update=251 global_step=514048 SPS=858 w_ev=0.283 m_ev=0.921 m_v_bias=20.5 m_adv_std=53.9968 m_kl_max=0.0298 m_ratio_max=0.796 w_ax@goal=+0.73 w_v@goal=3.87 return=937.6 length=84 success_rate=1.00 collisions/ep=1.42 (n=24)
update=252 global_step=516096 SPS=860 w_ev=0.277 m_ev=0.971 m_v_bias=-15.2 m_adv_std=30.6343 m_kl_max=0.0141 m_ratio_max=0.695 w_ax@goal=+0.54 w_v@goal=3.77 return=970.3 length=84 success_rate=1.00 collisions/ep=0.75 (n=24)
update=253 global_step=518144 SPS=861 w_ev=0.202 m_ev=0.946 m_v_bias=9.9 m_adv_std=42.1525 m_kl_max=0.0293 m_ratio_max=0.972 w_ax@goal=+0.53 w_v@goal=3.87 return=967.5 length=83 success_rate=1.00 collisions/ep=0.81 (n=26)
update=254 global_step=520192 SPS=862 w_ev=0.252 m_ev=0.981 m_v_bias=-8.5 m_adv_std=25.2863 m_kl_max=0.0216 m_ratio_max=0.794 w_ax@goal=+0.59 w_v@goal=3.80 return=977.0 length=84 success_rate=1.00 collisions/ep=0.60 (n=25)
update=255 global_step=522240 SPS=864 w_ev=0.190 m_ev=0.974 m_v_bias=4.6 m_adv_std=29.5586 m_kl_max=0.0091 m_ratio_max=0.507 w_ax@goal=+0.58 w_v@goal=3.64 return=970.8 length=86 success_rate=1.00 collisions/ep=0.74 (n=23)
Evaluation at update 255: return=1012.25, length=78.50, success_rate=1.00, collisions/ep=0.00
Solved-check at update 255: solved=True worst_gap=0.95 at p_x0=0.50 p_y0=-1.00 (consecutive=6)
update=256 global_step=524288 SPS=859 w_ev=0.194 m_ev=0.933 m_v_bias=-0.8 m_adv_std=49.9068 m_kl_max=0.0168 m_ratio_max=0.853 w_ax@goal=+0.81 w_v@goal=3.78 return=944.3 length=83 success_rate=1.00 collisions/ep=1.28 (n=25)
update=257 global_step=526336 SPS=861 w_ev=0.214 m_ev=0.983 m_v_bias=-17.8 m_adv_std=22.8888 m_kl_max=0.0140 m_ratio_max=1.074 w_ax@goal=+0.75 w_v@goal=3.84 return=986.2 length=83 success_rate=1.00 collisions/ep=0.46 (n=24)
update=258 global_step=528384 SPS=862 w_ev=0.276 m_ev=0.990 m_v_bias=-7.2 m_adv_std=17.4284 m_kl_max=0.0213 m_ratio_max=0.698 w_ax@goal=+0.61 w_v@goal=3.73 return=991.3 length=84 success_rate=1.00 collisions/ep=0.36 (n=25)
update=259 global_step=530432 SPS=863 w_ev=0.197 m_ev=0.991 m_v_bias=-4.2 m_adv_std=15.9781 m_kl_max=0.0177 m_ratio_max=0.708 w_ax@goal=+0.59 w_v@goal=3.81 return=994.6 length=81 success_rate=1.00 collisions/ep=0.29 (n=24)
update=260 global_step=532480 SPS=864 w_ev=0.204 m_ev=0.986 m_v_bias=2.9 m_adv_std=20.6884 m_kl_max=0.0164 m_ratio_max=0.497 w_ax@goal=+0.87 w_v@goal=3.74 return=990.6 length=82 success_rate=1.00 collisions/ep=0.42 (n=26)
Evaluation at update 260: return=1011.80, length=78.80, success_rate=1.00, collisions/ep=0.00
Solved-check at update 260: solved=True worst_gap=1.57 at p_x0=0.00 p_y0=-1.00 (consecutive=7)
update=261 global_step=534528 SPS=860 w_ev=0.317 m_ev=0.978 m_v_bias=3.6 m_adv_std=26.2135 m_kl_max=0.0113 m_ratio_max=0.602 w_ax@goal=+0.78 w_v@goal=3.68 return=973.9 length=82 success_rate=1.00 collisions/ep=0.71 (n=24)
update=262 global_step=536576 SPS=861 w_ev=0.193 m_ev=0.972 m_v_bias=3.5 m_adv_std=29.6299 m_kl_max=0.0082 m_ratio_max=0.428 w_ax@goal=+0.73 w_v@goal=3.72 return=984.0 length=83 success_rate=1.00 collisions/ep=0.54 (n=26)
update=263 global_step=538624 SPS=862 w_ev=0.281 m_ev=0.964 m_v_bias=-1.8 m_adv_std=34.2122 m_kl_max=0.0094 m_ratio_max=0.635 w_ax@goal=+0.68 w_v@goal=3.86 return=976.3 length=84 success_rate=1.00 collisions/ep=0.67 (n=24)
update=264 global_step=540672 SPS=863 w_ev=0.234 m_ev=0.984 m_v_bias=4.3 m_adv_std=22.1348 m_kl_max=0.0148 m_ratio_max=0.644 w_ax@goal=+0.49 w_v@goal=4.01 return=982.6 length=83 success_rate=1.00 collisions/ep=0.50 (n=26)
update=265 global_step=542720 SPS=864 w_ev=0.185 m_ev=0.983 m_v_bias=-2.0 m_adv_std=22.5276 m_kl_max=0.0127 m_ratio_max=0.563 w_ax@goal=+0.40 w_v@goal=4.08 return=993.6 length=83 success_rate=1.00 collisions/ep=0.29 (n=24)
Evaluation at update 265: return=1011.29, length=79.35, success_rate=1.00, collisions/ep=0.00
Solved-check at update 265: solved=True worst_gap=2.11 at p_x0=0.00 p_y0=-1.00 (consecutive=8)
update=266 global_step=544768 SPS=859 w_ev=0.103 m_ev=0.951 m_v_bias=13.8 m_adv_std=40.7178 m_kl_max=0.0105 m_ratio_max=0.598 w_ax@goal=+0.59 w_v@goal=3.90 return=946.4 length=85 success_rate=1.00 collisions/ep=1.22 (n=23)
update=267 global_step=546816 SPS=861 w_ev=0.268 m_ev=0.984 m_v_bias=-10.4 m_adv_std=22.0637 m_kl_max=0.0206 m_ratio_max=0.645 w_ax@goal=+0.61 w_v@goal=3.71 return=987.3 length=83 success_rate=1.00 collisions/ep=0.42 (n=26)
update=268 global_step=548864 SPS=862 w_ev=0.144 m_ev=0.985 m_v_bias=-3.2 m_adv_std=21.4679 m_kl_max=0.0099 m_ratio_max=0.531 w_ax@goal=+0.62 w_v@goal=3.95 return=988.3 length=82 success_rate=1.00 collisions/ep=0.42 (n=24)
update=269 global_step=550912 SPS=863 w_ev=0.157 m_ev=0.987 m_v_bias=-5.0 m_adv_std=19.4802 m_kl_max=0.0082 m_ratio_max=0.954 w_ax@goal=+0.60 w_v@goal=3.90 return=985.5 length=83 success_rate=1.00 collisions/ep=0.48 (n=25)
update=270 global_step=552960 SPS=865 w_ev=0.271 m_ev=0.975 m_v_bias=3.3 m_adv_std=27.7705 m_kl_max=0.0028 m_ratio_max=0.233 w_ax@goal=+0.55 w_v@goal=3.77 return=973.4 length=84 success_rate=1.00 collisions/ep=0.72 (n=25)
Evaluation at update 270: return=1011.26, length=79.45, success_rate=1.00, collisions/ep=0.00
Solved-check at update 270: solved=True worst_gap=2.57 at p_x0=0.00 p_y0=-1.00 (consecutive=9)
update=271 global_step=555008 SPS=860 w_ev=0.237 m_ev=0.955 m_v_bias=7.6 m_adv_std=39.6775 m_kl_max=0.0031 m_ratio_max=0.352 w_ax@goal=+0.74 w_v@goal=3.72 return=968.1 length=81 success_rate=1.00 collisions/ep=0.83 (n=24)
update=272 global_step=557056 SPS=861 w_ev=0.311 m_ev=0.977 m_v_bias=-9.4 m_adv_std=27.7124 m_kl_max=0.0278 m_ratio_max=1.515 w_ax@goal=+0.86 w_v@goal=3.66 return=966.4 length=84 success_rate=1.00 collisions/ep=0.88 (n=25)
update=273 global_step=559104 SPS=863 w_ev=0.291 m_ev=0.951 m_v_bias=1.5 m_adv_std=40.5507 m_kl_max=0.0128 m_ratio_max=0.707 w_ax@goal=+0.78 w_v@goal=3.43 return=962.2 length=82 success_rate=1.00 collisions/ep=0.96 (n=25)
update=274 global_step=561152 SPS=864 w_ev=0.246 m_ev=0.988 m_v_bias=-8.3 m_adv_std=18.7654 m_kl_max=0.0289 m_ratio_max=0.651 w_ax@goal=+0.81 w_v@goal=3.76 return=986.8 length=82 success_rate=1.00 collisions/ep=0.44 (n=25)
update=275 global_step=563200 SPS=865 w_ev=0.192 m_ev=0.983 m_v_bias=-0.8 m_adv_std=23.1297 m_kl_max=0.0044 m_ratio_max=0.339 w_ax@goal=+0.63 w_v@goal=3.79 return=982.3 length=83 success_rate=1.00 collisions/ep=0.54 (n=24)
Evaluation at update 275: return=1010.93, length=79.70, success_rate=1.00, collisions/ep=0.00
Solved-check at update 275: solved=True worst_gap=2.96 at p_x0=0.50 p_y0=-1.00 (consecutive=10)
update=276 global_step=565248 SPS=860 w_ev=0.231 m_ev=0.939 m_v_bias=10.3 m_adv_std=44.7947 m_kl_max=0.0090 m_ratio_max=0.380 w_ax@goal=+0.59 w_v@goal=3.79 return=963.2 length=83 success_rate=1.00 collisions/ep=1.04 (n=26)
update=277 global_step=567296 SPS=862 w_ev=0.231 m_ev=0.971 m_v_bias=-5.2 m_adv_std=30.6353 m_kl_max=0.0069 m_ratio_max=0.639 w_ax@goal=+0.77 w_v@goal=3.73 return=973.4 length=82 success_rate=1.00 collisions/ep=0.76 (n=25)
update=278 global_step=569344 SPS=863 w_ev=0.206 m_ev=0.982 m_v_bias=-7.0 m_adv_std=23.6126 m_kl_max=0.0100 m_ratio_max=0.422 w_ax@goal=+0.66 w_v@goal=3.88 return=976.0 length=81 success_rate=1.00 collisions/ep=0.67 (n=24)
update=279 global_step=571392 SPS=864 w_ev=0.226 m_ev=0.994 m_v_bias=-7.0 m_adv_std=13.1521 m_kl_max=0.0072 m_ratio_max=0.803 w_ax@goal=+0.72 w_v@goal=3.70 return=996.4 length=82 success_rate=1.00 collisions/ep=0.28 (n=25)
update=280 global_step=573440 SPS=865 w_ev=0.171 m_ev=0.965 m_v_bias=6.4 m_adv_std=31.4636 m_kl_max=0.0118 m_ratio_max=0.493 w_ax@goal=+0.68 w_v@goal=4.00 return=984.6 length=82 success_rate=1.00 collisions/ep=0.54 (n=26)
Evaluation at update 280: return=1011.44, length=79.40, success_rate=1.00, collisions/ep=0.00
Solved-check at update 280: solved=True worst_gap=2.73 at p_x0=0.00 p_y0=-1.00 (consecutive=11)
update=281 global_step=575488 SPS=860 w_ev=0.174 m_ev=0.946 m_v_bias=1.1 m_adv_std=41.5672 m_kl_max=0.0173 m_ratio_max=0.535 w_ax@goal=+0.73 w_v@goal=4.00 return=990.9 length=80 success_rate=1.00 collisions/ep=0.38 (n=24)
update=282 global_step=577536 SPS=861 w_ev=0.140 m_ev=0.967 m_v_bias=0.3 m_adv_std=33.8086 m_kl_max=0.0412 m_ratio_max=0.693 w_ax@goal=+0.71 w_v@goal=3.99 return=956.6 length=83 success_rate=1.00 collisions/ep=1.07 (n=28)
update=283 global_step=579584 SPS=863 w_ev=0.158 m_ev=0.976 m_v_bias=-2.6 m_adv_std=26.4375 m_kl_max=0.0042 m_ratio_max=0.710 w_ax@goal=+0.83 w_v@goal=3.70 return=991.9 length=81 success_rate=1.00 collisions/ep=0.38 (n=24)
update=284 global_step=581632 SPS=864 w_ev=0.193 m_ev=0.984 m_v_bias=-3.3 m_adv_std=21.1086 m_kl_max=0.0103 m_ratio_max=0.480 w_ax@goal=+0.78 w_v@goal=3.66 return=988.3 length=79 success_rate=1.00 collisions/ep=0.44 (n=25)
update=285 global_step=583680 SPS=865 w_ev=0.214 m_ev=0.983 m_v_bias=2.0 m_adv_std=22.6852 m_kl_max=0.0097 m_ratio_max=0.441 w_ax@goal=+0.85 w_v@goal=3.71 return=986.9 length=83 success_rate=1.00 collisions/ep=0.46 (n=24)
Evaluation at update 285: return=1011.76, length=78.75, success_rate=1.00, collisions/ep=0.00
Solved-check at update 285: solved=True worst_gap=1.96 at p_x0=0.00 p_y0=-1.00 (consecutive=12)
update=286 global_step=585728 SPS=860 w_ev=0.171 m_ev=0.985 m_v_bias=0.0 m_adv_std=21.5595 m_kl_max=0.0102 m_ratio_max=0.591 w_ax@goal=+0.84 w_v@goal=3.84 return=989.3 length=82 success_rate=1.00 collisions/ep=0.42 (n=26)
update=287 global_step=587776 SPS=862 w_ev=0.094 m_ev=0.908 m_v_bias=14.7 m_adv_std=56.9232 m_kl_max=0.0065 m_ratio_max=0.282 w_ax@goal=+0.85 w_v@goal=4.00 return=964.6 length=81 success_rate=1.00 collisions/ep=0.96 (n=24)
update=288 global_step=589824 SPS=863 w_ev=0.099 m_ev=0.986 m_v_bias=-19.8 m_adv_std=20.6486 m_kl_max=0.0214 m_ratio_max=0.676 w_ax@goal=+0.90 w_v@goal=4.04 return=982.1 length=82 success_rate=1.00 collisions/ep=0.58 (n=26)
update=289 global_step=591872 SPS=864 w_ev=0.174 m_ev=0.951 m_v_bias=6.0 m_adv_std=40.7625 m_kl_max=0.0072 m_ratio_max=0.459 w_ax@goal=+0.89 w_v@goal=4.06 return=991.8 length=81 success_rate=1.00 collisions/ep=0.42 (n=26)
update=290 global_step=593920 SPS=865 w_ev=0.250 m_ev=0.982 m_v_bias=-1.9 m_adv_std=22.8983 m_kl_max=0.0328 m_ratio_max=1.248 w_ax@goal=+0.90 w_v@goal=3.92 return=978.6 length=80 success_rate=1.00 collisions/ep=0.68 (n=25)
Evaluation at update 290: return=1011.86, length=78.75, success_rate=1.00, collisions/ep=0.00
Solved-check at update 290: solved=False worst_gap=51.11 at p_x0=0.00 p_y0=1.00 (consecutive=13)
update=291 global_step=595968 SPS=861 w_ev=0.239 m_ev=0.979 m_v_bias=2.3 m_adv_std=25.2730 m_kl_max=0.0414 m_ratio_max=1.117 w_ax@goal=+0.80 w_v@goal=3.99 return=973.1 length=81 success_rate=1.00 collisions/ep=0.80 (n=25)
update=292 global_step=598016 SPS=862 w_ev=0.297 m_ev=0.990 m_v_bias=-4.3 m_adv_std=16.9077 m_kl_max=0.0171 m_ratio_max=0.682 w_ax@goal=+1.04 w_v@goal=3.80 return=983.2 length=82 success_rate=1.00 collisions/ep=0.56 (n=25)
update=293 global_step=600064 SPS=863 w_ev=0.203 m_ev=0.951 m_v_bias=8.6 m_adv_std=40.8416 m_kl_max=0.0261 m_ratio_max=0.871 w_ax@goal=+0.90 w_v@goal=3.91 return=956.5 length=79 success_rate=1.00 collisions/ep=1.08 (n=24)
update=294 global_step=602112 SPS=864 w_ev=0.178 m_ev=0.984 m_v_bias=-7.8 m_adv_std=22.1053 m_kl_max=0.0051 m_ratio_max=0.354 w_ax@goal=+1.05 w_v@goal=3.90 return=984.2 length=83 success_rate=1.00 collisions/ep=0.54 (n=26)
update=295 global_step=604160 SPS=866 w_ev=0.156 m_ev=0.948 m_v_bias=6.1 m_adv_std=40.1897 m_kl_max=0.0203 m_ratio_max=0.844 w_ax@goal=+0.99 w_v@goal=3.88 return=983.5 length=80 success_rate=1.00 collisions/ep=0.60 (n=25)
Evaluation at update 295: return=1012.23, length=78.45, success_rate=1.00, collisions/ep=0.00
Solved-check at update 295: solved=True worst_gap=1.27 at p_x0=0.00 p_y0=-1.00 (consecutive=0)
update=296 global_step=606208 SPS=861 w_ev=0.204 m_ev=0.974 m_v_bias=-8.1 m_adv_std=26.9186 m_kl_max=0.0102 m_ratio_max=0.611 w_ax@goal=+1.12 w_v@goal=3.90 return=968.7 length=79 success_rate=1.00 collisions/ep=0.85 (n=27)
update=297 global_step=608256 SPS=862 w_ev=0.121 m_ev=0.978 m_v_bias=-5.3 m_adv_std=25.7691 m_kl_max=0.0102 m_ratio_max=0.600 w_ax@goal=+0.91 w_v@goal=4.16 return=1000.8 length=78 success_rate=1.00 collisions/ep=0.20 (n=25)
update=298 global_step=610304 SPS=863 w_ev=0.213 m_ev=0.993 m_v_bias=-4.0 m_adv_std=14.1799 m_kl_max=0.0112 m_ratio_max=0.458 w_ax@goal=+0.95 w_v@goal=4.01 return=997.0 length=81 success_rate=1.00 collisions/ep=0.30 (n=27)
update=299 global_step=612352 SPS=864 w_ev=0.226 m_ev=0.975 m_v_bias=9.4 m_adv_std=27.9538 m_kl_max=0.0068 m_ratio_max=0.616 w_ax@goal=+1.11 w_v@goal=3.95 return=979.6 length=80 success_rate=1.00 collisions/ep=0.62 (n=24)
update=300 global_step=614400 SPS=865 w_ev=0.291 m_ev=0.979 m_v_bias=-2.1 m_adv_std=25.2660 m_kl_max=0.0101 m_ratio_max=0.514 w_ax@goal=+0.87 w_v@goal=3.94 return=978.5 length=80 success_rate=1.00 collisions/ep=0.65 (n=26)
Evaluation at update 300: return=1012.22, length=78.50, success_rate=1.00, collisions/ep=0.00
Solved-check at update 300: solved=True worst_gap=1.13 at p_x0=0.00 p_y0=-1.00 (consecutive=1)
update=301 global_step=616448 SPS=861 w_ev=0.202 m_ev=0.972 m_v_bias=5.3 m_adv_std=29.4878 m_kl_max=0.0294 m_ratio_max=1.364 w_ax@goal=+0.99 w_v@goal=3.79 return=961.3 length=80 success_rate=1.00 collisions/ep=1.04 (n=26)
update=302 global_step=618496 SPS=862 w_ev=0.089 m_ev=0.918 m_v_bias=4.4 m_adv_std=53.0726 m_kl_max=0.0141 m_ratio_max=0.665 w_ax@goal=+0.99 w_v@goal=4.34 return=953.0 length=80 success_rate=1.00 collisions/ep=1.21 (n=24)
update=303 global_step=620544 SPS=864 w_ev=0.239 m_ev=0.971 m_v_bias=-9.2 m_adv_std=29.3006 m_kl_max=0.0164 m_ratio_max=0.727 w_ax@goal=+1.04 w_v@goal=4.11 return=988.7 length=80 success_rate=1.00 collisions/ep=0.48 (n=27)
update=304 global_step=622592 SPS=864 w_ev=0.221 m_ev=0.984 m_v_bias=-3.9 m_adv_std=21.2388 m_kl_max=0.0537 m_ratio_max=3.158 w_ax@goal=+1.00 w_v@goal=3.87 return=971.5 length=79 success_rate=1.00 collisions/ep=0.79 (n=24)
update=305 global_step=624640 SPS=866 w_ev=0.281 m_ev=0.985 m_v_bias=2.6 m_adv_std=21.7040 m_kl_max=0.0067 m_ratio_max=0.650 w_ax@goal=+1.01 w_v@goal=4.14 return=980.4 length=81 success_rate=1.00 collisions/ep=0.61 (n=28)
Evaluation at update 305: return=1012.18, length=78.45, success_rate=1.00, collisions/ep=0.00
Solved-check at update 305: solved=False worst_gap=50.82 at p_x0=0.00 p_y0=1.00 (consecutive=2)
update=306 global_step=626688 SPS=861 w_ev=0.217 m_ev=0.981 m_v_bias=-3.8 m_adv_std=24.3678 m_kl_max=0.0286 m_ratio_max=0.863 w_ax@goal=+0.69 w_v@goal=3.93 return=982.5 length=81 success_rate=1.00 collisions/ep=0.56 (n=25)
update=307 global_step=628736 SPS=863 w_ev=0.188 m_ev=0.975 m_v_bias=0.0 m_adv_std=27.7320 m_kl_max=0.0168 m_ratio_max=0.840 w_ax@goal=+0.70 w_v@goal=4.23 return=982.6 length=81 success_rate=1.00 collisions/ep=0.56 (n=25)
update=308 global_step=630784 SPS=864 w_ev=0.270 m_ev=0.958 m_v_bias=-0.5 m_adv_std=36.9596 m_kl_max=0.0089 m_ratio_max=0.712 w_ax@goal=+0.82 w_v@goal=3.93 return=980.8 length=82 success_rate=1.00 collisions/ep=0.60 (n=25)
update=309 global_step=632832 SPS=865 w_ev=0.334 m_ev=0.972 m_v_bias=2.7 m_adv_std=28.4626 m_kl_max=0.0069 m_ratio_max=0.417 w_ax@goal=+0.82 w_v@goal=3.74 return=985.6 length=81 success_rate=1.00 collisions/ep=0.50 (n=24)
update=310 global_step=634880 SPS=866 w_ev=0.122 m_ev=0.990 m_v_bias=-3.0 m_adv_std=16.6281 m_kl_max=0.0086 m_ratio_max=0.446 w_ax@goal=+0.84 w_v@goal=4.10 return=984.6 length=82 success_rate=1.00 collisions/ep=0.52 (n=25)
Evaluation at update 310: return=1012.21, length=78.55, success_rate=1.00, collisions/ep=0.00
Solved-check at update 310: solved=True worst_gap=1.24 at p_x0=0.00 p_y0=-1.00 (consecutive=0)
update=311 global_step=636928 SPS=862 w_ev=0.262 m_ev=0.987 m_v_bias=-0.7 m_adv_std=19.5467 m_kl_max=0.0060 m_ratio_max=0.648 w_ax@goal=+0.75 w_v@goal=3.90 return=997.1 length=80 success_rate=1.00 collisions/ep=0.27 (n=26)
update=312 global_step=638976 SPS=863 w_ev=0.272 m_ev=0.977 m_v_bias=5.7 m_adv_std=27.2382 m_kl_max=0.0080 m_ratio_max=0.452 w_ax@goal=+0.63 w_v@goal=3.75 return=972.0 length=83 success_rate=1.00 collisions/ep=0.78 (n=27)
update=313 global_step=641024 SPS=864 w_ev=0.326 m_ev=0.988 m_v_bias=-1.4 m_adv_std=19.0804 m_kl_max=0.0131 m_ratio_max=0.815 w_ax@goal=+0.56 w_v@goal=3.63 return=988.5 length=82 success_rate=1.00 collisions/ep=0.44 (n=25)
update=314 global_step=643072 SPS=865 w_ev=0.236 m_ev=0.960 m_v_bias=7.9 m_adv_std=36.3371 m_kl_max=0.0049 m_ratio_max=0.438 w_ax@goal=+0.67 w_v@goal=3.99 return=968.8 length=79 success_rate=1.00 collisions/ep=0.84 (n=25)
update=315 global_step=645120 SPS=866 w_ev=0.377 m_ev=0.926 m_v_bias=3.9 m_adv_std=51.7385 m_kl_max=0.0173 m_ratio_max=0.790 w_ax@goal=+0.74 w_v@goal=3.72 return=947.9 length=81 success_rate=1.00 collisions/ep=1.25 (n=24)
Evaluation at update 315: return=1012.07, length=78.60, success_rate=1.00, collisions/ep=0.00
Solved-check at update 315: solved=True worst_gap=1.25 at p_x0=0.00 p_y0=-1.00 (consecutive=1)
update=316 global_step=647168 SPS=862 w_ev=0.254 m_ev=0.961 m_v_bias=-4.3 m_adv_std=36.7313 m_kl_max=0.0222 m_ratio_max=0.701 w_ax@goal=+0.64 w_v@goal=4.04 return=956.9 length=81 success_rate=1.00 collisions/ep=1.08 (n=25)
update=317 global_step=649216 SPS=863 w_ev=0.294 m_ev=0.946 m_v_bias=0.3 m_adv_std=44.5292 m_kl_max=0.0356 m_ratio_max=1.350 w_ax@goal=+0.74 w_v@goal=3.88 return=972.4 length=81 success_rate=1.00 collisions/ep=0.77 (n=26)
update=318 global_step=651264 SPS=864 w_ev=0.244 m_ev=0.967 m_v_bias=-4.3 m_adv_std=32.2787 m_kl_max=0.0120 m_ratio_max=0.669 w_ax@goal=+0.56 w_v@goal=3.97 return=957.2 length=82 success_rate=1.00 collisions/ep=1.08 (n=25)
update=319 global_step=653312 SPS=866 w_ev=0.274 m_ev=0.958 m_v_bias=6.3 m_adv_std=39.7210 m_kl_max=0.0376 m_ratio_max=1.029 w_ax@goal=+0.53 w_v@goal=4.06 return=964.5 length=83 success_rate=1.00 collisions/ep=0.92 (n=26)
update=320 global_step=655360 SPS=867 w_ev=0.264 m_ev=0.948 m_v_bias=-4.9 m_adv_std=42.4225 m_kl_max=0.0491 m_ratio_max=1.535 w_ax@goal=+0.74 w_v@goal=3.77 return=950.6 length=78 success_rate=1.00 collisions/ep=1.21 (n=24)
Evaluation at update 320: return=1012.08, length=78.60, success_rate=1.00, collisions/ep=0.00
Solved-check at update 320: solved=True worst_gap=1.33 at p_x0=0.00 p_y0=-1.00 (consecutive=2)
update=321 global_step=657408 SPS=863 w_ev=0.317 m_ev=0.972 m_v_bias=-1.0 m_adv_std=29.6736 m_kl_max=0.0340 m_ratio_max=1.283 w_ax@goal=+0.41 w_v@goal=3.74 return=979.9 length=80 success_rate=1.00 collisions/ep=0.59 (n=27)
update=322 global_step=659456 SPS=864 w_ev=0.214 m_ev=0.970 m_v_bias=-3.6 m_adv_std=30.6935 m_kl_max=0.0181 m_ratio_max=0.855 w_ax@goal=+0.71 w_v@goal=3.76 return=984.4 length=81 success_rate=1.00 collisions/ep=0.52 (n=25)
update=323 global_step=661504 SPS=865 w_ev=0.205 m_ev=0.986 m_v_bias=-5.6 m_adv_std=19.7793 m_kl_max=0.0159 m_ratio_max=0.595 w_ax@goal=+1.12 w_v@goal=3.93 return=992.9 length=80 success_rate=1.00 collisions/ep=0.36 (n=25)
update=324 global_step=663552 SPS=866 w_ev=0.195 m_ev=0.985 m_v_bias=-0.3 m_adv_std=21.6143 m_kl_max=0.0119 m_ratio_max=0.560 w_ax@goal=+0.98 w_v@goal=4.05 return=985.8 length=79 success_rate=1.00 collisions/ep=0.50 (n=26)
update=325 global_step=665600 SPS=867 w_ev=0.256 m_ev=0.986 m_v_bias=-1.0 m_adv_std=20.4332 m_kl_max=0.0100 m_ratio_max=0.447 w_ax@goal=+0.70 w_v@goal=4.12 return=992.7 length=81 success_rate=1.00 collisions/ep=0.36 (n=25)
Evaluation at update 325: return=1011.94, length=78.65, success_rate=1.00, collisions/ep=0.00
Solved-check at update 325: solved=True worst_gap=1.46 at p_x0=0.00 p_y0=-1.00 (consecutive=3)
update=326 global_step=667648 SPS=863 w_ev=0.290 m_ev=0.987 m_v_bias=0.3 m_adv_std=19.2820 m_kl_max=0.0213 m_ratio_max=1.780 w_ax@goal=+0.63 w_v@goal=3.92 return=993.5 length=81 success_rate=1.00 collisions/ep=0.33 (n=27)
update=327 global_step=669696 SPS=864 w_ev=0.194 m_ev=0.980 m_v_bias=8.6 m_adv_std=24.2958 m_kl_max=0.0255 m_ratio_max=1.266 w_ax@goal=+0.47 w_v@goal=4.17 return=982.3 length=80 success_rate=1.00 collisions/ep=0.56 (n=25)
update=328 global_step=671744 SPS=865 w_ev=0.164 m_ev=0.989 m_v_bias=-8.2 m_adv_std=17.5470 m_kl_max=0.0281 m_ratio_max=0.804 w_ax@goal=+0.88 w_v@goal=4.03 return=998.3 length=83 success_rate=1.00 collisions/ep=0.29 (n=24)
update=329 global_step=673792 SPS=866 w_ev=0.228 m_ev=0.973 m_v_bias=1.1 m_adv_std=28.7207 m_kl_max=0.0040 m_ratio_max=0.388 w_ax@goal=+0.80 w_v@goal=3.98 return=988.6 length=81 success_rate=1.00 collisions/ep=0.48 (n=25)
update=330 global_step=675840 SPS=867 w_ev=0.232 m_ev=0.989 m_v_bias=-0.6 m_adv_std=17.8464 m_kl_max=0.0385 m_ratio_max=2.631 w_ax@goal=+0.75 w_v@goal=4.04 return=990.9 length=82 success_rate=1.00 collisions/ep=0.38 (n=26)
Evaluation at update 330: return=1011.60, length=79.10, success_rate=1.00, collisions/ep=0.00
Solved-check at update 330: solved=True worst_gap=1.94 at p_x0=0.00 p_y0=-1.00 (consecutive=4)
update=331 global_step=677888 SPS=863 w_ev=0.174 m_ev=0.982 m_v_bias=3.9 m_adv_std=22.8893 m_kl_max=0.0140 m_ratio_max=0.518 w_ax@goal=+0.81 w_v@goal=4.14 return=989.6 length=80 success_rate=1.00 collisions/ep=0.42 (n=24)
update=332 global_step=679936 SPS=864 w_ev=0.235 m_ev=0.990 m_v_bias=-2.5 m_adv_std=17.6409 m_kl_max=0.0184 m_ratio_max=0.656 w_ax@goal=+0.74 w_v@goal=3.95 return=992.9 length=80 success_rate=1.00 collisions/ep=0.33 (n=27)
update=333 global_step=681984 SPS=865 w_ev=0.267 m_ev=0.971 m_v_bias=1.9 m_adv_std=30.1542 m_kl_max=0.0153 m_ratio_max=0.818 w_ax@goal=+0.91 w_v@goal=3.94 return=983.3 length=83 success_rate=1.00 collisions/ep=0.54 (n=26)
update=334 global_step=684032 SPS=866 w_ev=0.171 m_ev=0.992 m_v_bias=-0.9 m_adv_std=15.1521 m_kl_max=0.0166 m_ratio_max=0.716 w_ax@goal=+0.75 w_v@goal=4.03 return=1001.4 length=82 success_rate=1.00 collisions/ep=0.17 (n=24)
update=335 global_step=686080 SPS=867 w_ev=0.171 m_ev=0.995 m_v_bias=-2.7 m_adv_std=11.2564 m_kl_max=0.0159 m_ratio_max=0.649 w_ax@goal=+0.77 w_v@goal=4.17 return=1003.4 length=80 success_rate=1.00 collisions/ep=0.12 (n=24)
Evaluation at update 335: return=1011.70, length=78.85, success_rate=1.00, collisions/ep=0.00
Solved-check at update 335: solved=True worst_gap=1.94 at p_x0=0.00 p_y0=-1.00 (consecutive=5)
update=336 global_step=688128 SPS=864 w_ev=0.179 m_ev=0.990 m_v_bias=1.0 m_adv_std=16.8603 m_kl_max=0.0156 m_ratio_max=0.833 w_ax@goal=+0.95 w_v@goal=4.16 return=996.7 length=82 success_rate=1.00 collisions/ep=0.28 (n=25)
update=337 global_step=690176 SPS=865 w_ev=0.199 m_ev=0.982 m_v_bias=-0.8 m_adv_std=22.8870 m_kl_max=0.0123 m_ratio_max=0.563 w_ax@goal=+0.83 w_v@goal=4.05 return=999.4 length=81 success_rate=1.00 collisions/ep=0.22 (n=27)
update=338 global_step=692224 SPS=865 w_ev=0.205 m_ev=0.946 m_v_bias=6.9 m_adv_std=41.1028 m_kl_max=0.0085 m_ratio_max=0.555 w_ax@goal=+1.08 w_v@goal=4.08 return=986.0 length=80 success_rate=1.00 collisions/ep=0.48 (n=25)
update=339 global_step=694272 SPS=867 w_ev=0.268 m_ev=0.971 m_v_bias=-2.7 m_adv_std=29.8272 m_kl_max=0.0073 m_ratio_max=0.463 w_ax@goal=+1.01 w_v@goal=4.16 return=989.8 length=81 success_rate=1.00 collisions/ep=0.42 (n=26)
update=340 global_step=696320 SPS=868 w_ev=0.251 m_ev=0.992 m_v_bias=-0.8 m_adv_std=15.4266 m_kl_max=0.0114 m_ratio_max=0.532 w_ax@goal=+1.14 w_v@goal=4.00 return=993.0 length=80 success_rate=1.00 collisions/ep=0.36 (n=25)
Evaluation at update 340: return=1011.85, length=78.75, success_rate=1.00, collisions/ep=0.00
Solved-check at update 340: solved=False worst_gap=51.22 at p_x0=0.00 p_y0=0.50 (consecutive=6)
update=341 global_step=698368 SPS=864 w_ev=0.266 m_ev=0.991 m_v_bias=1.5 m_adv_std=16.0274 m_kl_max=0.0244 m_ratio_max=0.968 w_ax@goal=+1.03 w_v@goal=4.07 return=990.5 length=82 success_rate=1.00 collisions/ep=0.40 (n=25)
update=342 global_step=700416 SPS=865 w_ev=0.270 m_ev=0.977 m_v_bias=2.5 m_adv_std=27.3500 m_kl_max=0.0334 m_ratio_max=1.673 w_ax@goal=+0.89 w_v@goal=3.98 return=996.7 length=81 success_rate=1.00 collisions/ep=0.28 (n=25)
update=343 global_step=702464 SPS=866 w_ev=0.245 m_ev=0.990 m_v_bias=-4.0 m_adv_std=16.5986 m_kl_max=0.0226 m_ratio_max=1.495 w_ax@goal=+1.07 w_v@goal=4.00 return=980.7 length=82 success_rate=1.00 collisions/ep=0.60 (n=25)
update=344 global_step=704512 SPS=867 w_ev=0.265 m_ev=0.994 m_v_bias=-2.2 m_adv_std=13.0582 m_kl_max=0.0117 m_ratio_max=0.466 w_ax@goal=+0.89 w_v@goal=3.99 return=994.1 length=82 success_rate=1.00 collisions/ep=0.35 (n=26)
update=345 global_step=706560 SPS=868 w_ev=0.184 m_ev=0.990 m_v_bias=4.6 m_adv_std=16.8973 m_kl_max=0.0192 m_ratio_max=0.906 w_ax@goal=+0.76 w_v@goal=4.08 return=990.1 length=82 success_rate=1.00 collisions/ep=0.42 (n=24)
Evaluation at update 345: return=1011.92, length=78.70, success_rate=1.00, collisions/ep=0.00
Solved-check at update 345: solved=False worst_gap=51.12 at p_x0=0.00 p_y0=0.50 (consecutive=0)
update=346 global_step=708608 SPS=865 w_ev=0.230 m_ev=0.962 m_v_bias=4.1 m_adv_std=35.8287 m_kl_max=0.0191 m_ratio_max=0.847 w_ax@goal=+0.70 w_v@goal=4.16 return=969.1 length=82 success_rate=1.00 collisions/ep=0.84 (n=25)
update=347 global_step=710656 SPS=866 w_ev=0.187 m_ev=0.990 m_v_bias=-4.0 m_adv_std=17.2390 m_kl_max=0.0180 m_ratio_max=0.958 w_ax@goal=+0.80 w_v@goal=4.13 return=985.5 length=80 success_rate=1.00 collisions/ep=0.50 (n=26)
update=348 global_step=712704 SPS=867 w_ev=0.161 m_ev=0.988 m_v_bias=-3.6 m_adv_std=19.1287 m_kl_max=0.0101 m_ratio_max=0.599 w_ax@goal=+0.84 w_v@goal=4.21 return=993.5 length=82 success_rate=1.00 collisions/ep=0.38 (n=26)
update=349 global_step=714752 SPS=868 w_ev=0.155 m_ev=0.982 m_v_bias=5.3 m_adv_std=23.1017 m_kl_max=0.0242 m_ratio_max=0.928 w_ax@goal=+0.83 w_v@goal=4.15 return=977.0 length=81 success_rate=1.00 collisions/ep=0.67 (n=24)
update=350 global_step=716800 SPS=869 w_ev=0.107 m_ev=0.957 m_v_bias=8.4 m_adv_std=38.9233 m_kl_max=0.0100 m_ratio_max=0.441 w_ax@goal=+0.80 w_v@goal=4.31 return=974.1 length=82 success_rate=1.00 collisions/ep=0.73 (n=26)
Evaluation at update 350: return=1011.66, length=78.95, success_rate=1.00, collisions/ep=0.00
Solved-check at update 350: solved=True worst_gap=1.92 at p_x0=0.00 p_y0=-1.00 (consecutive=0)
update=351 global_step=718848 SPS=865 w_ev=0.156 m_ev=0.980 m_v_bias=-11.3 m_adv_std=25.0376 m_kl_max=0.0167 m_ratio_max=0.806 w_ax@goal=+0.87 w_v@goal=4.07 return=983.7 length=81 success_rate=1.00 collisions/ep=0.54 (n=26)
update=352 global_step=720896 SPS=867 w_ev=0.165 m_ev=0.975 m_v_bias=1.3 m_adv_std=27.6015 m_kl_max=0.0167 m_ratio_max=0.482 w_ax@goal=+0.68 w_v@goal=4.04 return=979.0 length=83 success_rate=1.00 collisions/ep=0.64 (n=25)
update=353 global_step=722944 SPS=868 w_ev=0.159 m_ev=0.987 m_v_bias=-0.8 m_adv_std=19.4275 m_kl_max=0.0062 m_ratio_max=0.342 w_ax@goal=+1.09 w_v@goal=4.26 return=987.4 length=81 success_rate=1.00 collisions/ep=0.46 (n=24)
update=354 global_step=724992 SPS=869 w_ev=0.210 m_ev=0.965 m_v_bias=6.5 m_adv_std=32.5773 m_kl_max=0.0181 m_ratio_max=0.584 w_ax@goal=+0.73 w_v@goal=3.95 return=971.9 length=80 success_rate=1.00 collisions/ep=0.80 (n=25)
update=355 global_step=727040 SPS=870 w_ev=0.246 m_ev=0.961 m_v_bias=1.9 m_adv_std=36.1943 m_kl_max=0.0069 m_ratio_max=0.374 w_ax@goal=+0.74 w_v@goal=4.02 return=959.8 length=80 success_rate=1.00 collisions/ep=1.00 (n=26)
Evaluation at update 355: return=1011.56, length=79.20, success_rate=1.00, collisions/ep=0.00
Solved-check at update 355: solved=True worst_gap=1.96 at p_x0=0.50 p_y0=-1.00 (consecutive=1)
update=356 global_step=729088 SPS=866 w_ev=0.242 m_ev=0.954 m_v_bias=-2.8 m_adv_std=40.1571 m_kl_max=0.0087 m_ratio_max=0.444 w_ax@goal=+0.70 w_v@goal=3.74 return=977.3 length=80 success_rate=1.00 collisions/ep=0.65 (n=26)
update=357 global_step=731136 SPS=868 w_ev=0.256 m_ev=0.979 m_v_bias=-2.6 m_adv_std=25.7950 m_kl_max=0.0272 m_ratio_max=1.509 w_ax@goal=+0.76 w_v@goal=3.83 return=979.8 length=82 success_rate=1.00 collisions/ep=0.60 (n=25)
update=358 global_step=733184 SPS=869 w_ev=0.227 m_ev=0.966 m_v_bias=-6.5 m_adv_std=33.0025 m_kl_max=0.0154 m_ratio_max=0.901 w_ax@goal=+0.78 w_v@goal=3.65 return=979.0 length=83 success_rate=1.00 collisions/ep=0.62 (n=24)
update=359 global_step=735232 SPS=869 w_ev=0.236 m_ev=0.983 m_v_bias=2.7 m_adv_std=22.9503 m_kl_max=0.0223 m_ratio_max=0.741 w_ax@goal=+0.67 w_v@goal=3.74 return=986.0 length=81 success_rate=1.00 collisions/ep=0.48 (n=25)
update=360 global_step=737280 SPS=871 w_ev=0.205 m_ev=0.990 m_v_bias=-7.7 m_adv_std=17.3201 m_kl_max=0.0151 m_ratio_max=0.687 w_ax@goal=+0.91 w_v@goal=4.05 return=984.7 length=81 success_rate=1.00 collisions/ep=0.56 (n=27)
Evaluation at update 360: return=1011.67, length=78.95, success_rate=1.00, collisions/ep=0.00
Solved-check at update 360: solved=True worst_gap=2.24 at p_x0=2.00 p_y0=-1.00 (consecutive=2)
update=361 global_step=739328 SPS=868 w_ev=0.063 m_ev=0.963 m_v_bias=4.5 m_adv_std=33.6652 m_kl_max=0.0165 m_ratio_max=0.556 w_ax@goal=+0.77 w_v@goal=4.20 return=978.0 length=80 success_rate=1.00 collisions/ep=0.62 (n=24)
update=362 global_step=741376 SPS=869 w_ev=0.171 m_ev=0.967 m_v_bias=-0.7 m_adv_std=32.4521 m_kl_max=0.0121 m_ratio_max=0.548 w_ax@goal=+0.75 w_v@goal=4.11 return=995.7 length=82 success_rate=1.00 collisions/ep=0.29 (n=24)
update=363 global_step=743424 SPS=870 w_ev=0.237 m_ev=0.990 m_v_bias=-2.7 m_adv_std=17.5760 m_kl_max=0.0266 m_ratio_max=1.261 w_ax@goal=+0.67 w_v@goal=3.97 return=990.8 length=81 success_rate=1.00 collisions/ep=0.42 (n=26)
update=364 global_step=745472 SPS=871 w_ev=0.298 m_ev=0.974 m_v_bias=4.8 m_adv_std=29.0061 m_kl_max=0.0179 m_ratio_max=0.990 w_ax@goal=+0.86 w_v@goal=3.89 return=978.3 length=82 success_rate=1.00 collisions/ep=0.64 (n=28)
update=365 global_step=747520 SPS=872 w_ev=0.269 m_ev=0.984 m_v_bias=1.4 m_adv_std=22.1763 m_kl_max=0.0231 m_ratio_max=0.675 w_ax@goal=+0.83 w_v@goal=3.85 return=981.7 length=82 success_rate=1.00 collisions/ep=0.58 (n=24)
Evaluation at update 365: return=1011.64, length=78.85, success_rate=1.00, collisions/ep=0.00
Solved-check at update 365: solved=True worst_gap=1.96 at p_x0=0.00 p_y0=-1.00 (consecutive=3)
update=366 global_step=749568 SPS=869 w_ev=0.270 m_ev=0.987 m_v_bias=-2.1 m_adv_std=19.5562 m_kl_max=0.0139 m_ratio_max=0.492 w_ax@goal=+0.81 w_v@goal=3.94 return=995.5 length=79 success_rate=1.00 collisions/ep=0.36 (n=25)
update=367 global_step=751616 SPS=870 w_ev=0.209 m_ev=0.989 m_v_bias=-0.9 m_adv_std=17.9299 m_kl_max=0.0149 m_ratio_max=0.562 w_ax@goal=+0.75 w_v@goal=3.91 return=989.0 length=82 success_rate=1.00 collisions/ep=0.46 (n=24)
update=368 global_step=753664 SPS=871 w_ev=0.287 m_ev=0.972 m_v_bias=3.1 m_adv_std=28.9592 m_kl_max=0.0216 m_ratio_max=0.691 w_ax@goal=+0.74 w_v@goal=3.93 return=985.6 length=82 success_rate=1.00 collisions/ep=0.48 (n=25)
update=369 global_step=755712 SPS=872 w_ev=0.285 m_ev=0.976 m_v_bias=0.2 m_adv_std=26.9551 m_kl_max=0.0145 m_ratio_max=0.760 w_ax@goal=+0.59 w_v@goal=3.65 return=981.4 length=82 success_rate=1.00 collisions/ep=0.56 (n=25)
update=370 global_step=757760 SPS=873 w_ev=0.357 m_ev=0.977 m_v_bias=-3.0 m_adv_std=26.0120 m_kl_max=0.0102 m_ratio_max=0.740 w_ax@goal=+0.88 w_v@goal=3.59 return=996.0 length=81 success_rate=1.00 collisions/ep=0.27 (n=26)
Evaluation at update 370: return=1011.28, length=79.45, success_rate=1.00, collisions/ep=0.00
Solved-check at update 370: solved=False worst_gap=51.57 at p_x0=0.00 p_y0=1.00 (consecutive=4)
update=371 global_step=759808 SPS=869 w_ev=0.311 m_ev=0.986 m_v_bias=-3.0 m_adv_std=20.8354 m_kl_max=0.0378 m_ratio_max=1.712 w_ax@goal=+0.67 w_v@goal=3.74 return=975.2 length=82 success_rate=1.00 collisions/ep=0.68 (n=25)
update=372 global_step=761856 SPS=870 w_ev=0.290 m_ev=0.979 m_v_bias=1.6 m_adv_std=25.7833 m_kl_max=0.0740 m_ratio_max=1.170 w_ax@goal=+0.55 w_v@goal=3.61 return=971.8 length=83 success_rate=1.00 collisions/ep=0.76 (n=25)
update=373 global_step=763904 SPS=871 w_ev=0.245 m_ev=0.994 m_v_bias=-6.7 m_adv_std=12.9970 m_kl_max=0.0168 m_ratio_max=1.322 w_ax@goal=+0.77 w_v@goal=3.85 return=996.1 length=81 success_rate=1.00 collisions/ep=0.28 (n=25)
update=374 global_step=765952 SPS=872 w_ev=0.263 m_ev=0.982 m_v_bias=6.5 m_adv_std=23.1404 m_kl_max=0.0170 m_ratio_max=0.831 w_ax@goal=+0.63 w_v@goal=3.57 return=982.1 length=81 success_rate=1.00 collisions/ep=0.60 (n=25)
update=375 global_step=768000 SPS=873 w_ev=0.303 m_ev=0.968 m_v_bias=11.1 m_adv_std=31.9833 m_kl_max=0.0096 m_ratio_max=0.642 w_ax@goal=+0.36 w_v@goal=3.73 return=948.2 length=83 success_rate=1.00 collisions/ep=1.21 (n=24)
Evaluation at update 375: return=991.07, length=79.60, success_rate=1.00, collisions/ep=0.40
Solved-check at update 375: solved=False worst_gap=101.85 at p_x0=0.00 p_y0=0.50 (consecutive=0)
update=376 global_step=770048 SPS=870 w_ev=0.252 m_ev=0.978 m_v_bias=-0.7 m_adv_std=27.1249 m_kl_max=0.0175 m_ratio_max=0.785 w_ax@goal=+0.60 w_v@goal=3.95 return=968.4 length=84 success_rate=1.00 collisions/ep=0.84 (n=25)
update=377 global_step=772096 SPS=871 w_ev=0.257 m_ev=0.987 m_v_bias=-1.9 m_adv_std=20.5678 m_kl_max=0.0087 m_ratio_max=0.527 w_ax@goal=+0.43 w_v@goal=3.97 return=966.2 length=84 success_rate=1.00 collisions/ep=0.83 (n=24)
update=378 global_step=774144 SPS=872 w_ev=0.319 m_ev=0.968 m_v_bias=3.5 m_adv_std=33.7555 m_kl_max=0.0264 m_ratio_max=1.403 w_ax@goal=+0.46 w_v@goal=3.71 return=952.1 length=84 success_rate=1.00 collisions/ep=1.12 (n=25)
update=379 global_step=776192 SPS=872 w_ev=0.195 m_ev=0.982 m_v_bias=-4.6 m_adv_std=24.9920 m_kl_max=0.0194 m_ratio_max=0.949 w_ax@goal=+0.42 w_v@goal=4.03 return=975.0 length=82 success_rate=1.00 collisions/ep=0.64 (n=25)
update=380 global_step=778240 SPS=873 w_ev=0.174 m_ev=0.970 m_v_bias=3.2 m_adv_std=31.5380 m_kl_max=0.0138 m_ratio_max=0.666 w_ax@goal=+0.41 w_v@goal=4.00 return=947.3 length=84 success_rate=1.00 collisions/ep=1.25 (n=24)
Evaluation at update 380: return=985.44, length=80.10, success_rate=1.00, collisions/ep=0.50
Solved-check at update 380: solved=False worst_gap=152.20 at p_x0=0.00 p_y0=0.50 (consecutive=0)
update=381 global_step=780288 SPS=870 w_ev=0.150 m_ev=0.985 m_v_bias=-9.8 m_adv_std=20.9847 m_kl_max=0.0162 m_ratio_max=0.437 w_ax@goal=+0.48 w_v@goal=4.15 return=977.0 length=84 success_rate=1.00 collisions/ep=0.62 (n=24)
update=382 global_step=782336 SPS=871 w_ev=0.132 m_ev=0.986 m_v_bias=2.6 m_adv_std=21.0236 m_kl_max=0.0140 m_ratio_max=0.495 w_ax@goal=+0.68 w_v@goal=4.14 return=989.5 length=83 success_rate=1.00 collisions/ep=0.38 (n=26)
update=383 global_step=784384 SPS=872 w_ev=0.217 m_ev=0.949 m_v_bias=5.8 m_adv_std=42.5573 m_kl_max=0.0197 m_ratio_max=0.630 w_ax@goal=+0.73 w_v@goal=3.82 return=971.6 length=83 success_rate=1.00 collisions/ep=0.75 (n=24)
update=384 global_step=786432 SPS=873 w_ev=0.216 m_ev=0.978 m_v_bias=-0.7 m_adv_std=26.7107 m_kl_max=0.0218 m_ratio_max=0.866 w_ax@goal=+0.45 w_v@goal=4.01 return=946.3 length=84 success_rate=1.00 collisions/ep=1.29 (n=24)
update=385 global_step=788480 SPS=874 w_ev=0.195 m_ev=0.984 m_v_bias=-6.0 m_adv_std=22.5745 m_kl_max=0.0110 m_ratio_max=1.055 w_ax@goal=+0.58 w_v@goal=3.84 return=985.9 length=82 success_rate=1.00 collisions/ep=0.50 (n=24)
Evaluation at update 385: return=1010.37, length=80.25, success_rate=1.00, collisions/ep=0.00
Solved-check at update 385: solved=False worst_gap=51.91 at p_x0=0.00 p_y0=0.50 (consecutive=0)
update=386 global_step=790528 SPS=871 w_ev=0.280 m_ev=0.933 m_v_bias=13.2 m_adv_std=50.6291 m_kl_max=0.0147 m_ratio_max=0.999 w_ax@goal=+0.30 w_v@goal=3.83 return=959.7 length=85 success_rate=1.00 collisions/ep=0.96 (n=25)
update=387 global_step=792576 SPS=872 w_ev=0.192 m_ev=0.965 m_v_bias=-6.8 m_adv_std=34.8394 m_kl_max=0.0124 m_ratio_max=0.539 w_ax@goal=+0.63 w_v@goal=3.83 return=950.8 length=82 success_rate=1.00 collisions/ep=1.16 (n=25)
update=388 global_step=794624 SPS=873 w_ev=0.251 m_ev=0.984 m_v_bias=-8.4 m_adv_std=21.7946 m_kl_max=0.0320 m_ratio_max=0.721 w_ax@goal=+0.54 w_v@goal=3.77 return=979.2 length=84 success_rate=1.00 collisions/ep=0.58 (n=24)
update=389 global_step=796672 SPS=874 w_ev=0.201 m_ev=0.956 m_v_bias=3.5 m_adv_std=37.5689 m_kl_max=0.0338 m_ratio_max=2.227 w_ax@goal=+0.64 w_v@goal=3.73 return=977.6 length=84 success_rate=1.00 collisions/ep=0.62 (n=24)
update=390 global_step=798720 SPS=875 w_ev=0.135 m_ev=0.971 m_v_bias=1.9 m_adv_std=31.0621 m_kl_max=0.0282 m_ratio_max=1.109 w_ax@goal=+0.51 w_v@goal=4.16 return=987.2 length=82 success_rate=1.00 collisions/ep=0.41 (n=27)
Evaluation at update 390: return=1007.05, length=81.20, success_rate=1.00, collisions/ep=0.05
Solved-check at update 390: solved=False worst_gap=101.74 at p_x0=0.50 p_y0=1.00 (consecutive=0)
update=391 global_step=800768 SPS=871 w_ev=0.180 m_ev=0.948 m_v_bias=12.9 m_adv_std=44.2788 m_kl_max=0.0130 m_ratio_max=0.537 w_ax@goal=+0.53 w_v@goal=3.86 return=943.0 length=87 success_rate=1.00 collisions/ep=1.29 (n=24)
update=392 global_step=802816 SPS=872 w_ev=0.134 m_ev=0.958 m_v_bias=6.4 m_adv_std=40.5483 m_kl_max=0.0357 m_ratio_max=2.446 w_ax@goal=+0.35 w_v@goal=4.06 return=940.2 length=86 success_rate=1.00 collisions/ep=1.33 (n=24)
update=393 global_step=804864 SPS=873 w_ev=0.130 m_ev=0.964 m_v_bias=-12.1 m_adv_std=35.6349 m_kl_max=0.0313 m_ratio_max=0.677 w_ax@goal=+0.66 w_v@goal=4.08 return=964.5 length=84 success_rate=1.00 collisions/ep=0.87 (n=23)
update=394 global_step=806912 SPS=874 w_ev=0.247 m_ev=0.930 m_v_bias=10.8 m_adv_std=51.3917 m_kl_max=0.0179 m_ratio_max=0.746 w_ax@goal=+0.56 w_v@goal=3.72 return=921.3 length=81 success_rate=1.00 collisions/ep=1.78 (n=27)
update=395 global_step=808960 SPS=875 w_ev=0.319 m_ev=0.943 m_v_bias=4.4 m_adv_std=45.7432 m_kl_max=0.0119 m_ratio_max=0.554 w_ax@goal=+0.32 w_v@goal=3.39 return=946.2 length=86 success_rate=1.00 collisions/ep=1.23 (n=22)
Evaluation at update 395: return=1009.60, length=80.95, success_rate=1.00, collisions/ep=0.00
Solved-check at update 395: solved=False worst_gap=6.59 at p_x0=2.00 p_y0=-1.00 (consecutive=0)
update=396 global_step=811008 SPS=872 w_ev=0.151 m_ev=0.957 m_v_bias=-6.2 m_adv_std=39.7299 m_kl_max=0.0187 m_ratio_max=0.783 w_ax@goal=+0.52 w_v@goal=4.13 return=948.5 length=85 success_rate=1.00 collisions/ep=1.15 (n=26)
update=397 global_step=813056 SPS=873 w_ev=0.159 m_ev=0.930 m_v_bias=-1.5 m_adv_std=51.9403 m_kl_max=0.0165 m_ratio_max=0.791 w_ax@goal=+0.31 w_v@goal=4.12 return=971.3 length=86 success_rate=1.00 collisions/ep=0.74 (n=23)
update=398 global_step=815104 SPS=873 w_ev=0.228 m_ev=0.935 m_v_bias=10.5 m_adv_std=50.2512 m_kl_max=0.0190 m_ratio_max=0.686 w_ax@goal=+0.35 w_v@goal=3.79 return=889.7 length=87 success_rate=1.00 collisions/ep=2.32 (n=22)
update=399 global_step=817152 SPS=874 w_ev=0.213 m_ev=0.941 m_v_bias=12.7 m_adv_std=49.4460 m_kl_max=0.0233 m_ratio_max=1.012 w_ax@goal=+0.26 w_v@goal=3.70 return=917.2 length=87 success_rate=1.00 collisions/ep=1.79 (n=24)
update=400 global_step=819200 SPS=875 w_ev=0.238 m_ev=0.983 m_v_bias=-20.4 m_adv_std=24.5529 m_kl_max=0.0235 m_ratio_max=1.077 w_ax@goal=+0.45 w_v@goal=3.97 return=977.5 length=86 success_rate=1.00 collisions/ep=0.54 (n=24)
Evaluation at update 400: return=1008.24, length=82.20, success_rate=1.00, collisions/ep=0.00
Solved-check at update 400: solved=False worst_gap=10.00 at p_x0=0.00 p_y0=-1.00 (consecutive=0)
update=401 global_step=821248 SPS=872 w_ev=0.290 m_ev=0.968 m_v_bias=-1.9 m_adv_std=33.0876 m_kl_max=0.0127 m_ratio_max=1.000 w_ax@goal=+0.26 w_v@goal=3.68 return=945.3 length=87 success_rate=1.00 collisions/ep=1.17 (n=24)
update=402 global_step=823296 SPS=873 w_ev=0.218 m_ev=0.967 m_v_bias=-1.9 m_adv_std=33.4721 m_kl_max=0.0216 m_ratio_max=0.649 w_ax@goal=+0.41 w_v@goal=3.52 return=959.8 length=85 success_rate=1.00 collisions/ep=0.92 (n=24)
update=403 global_step=825344 SPS=874 w_ev=0.151 m_ev=0.956 m_v_bias=-0.9 m_adv_std=39.1794 m_kl_max=0.0276 m_ratio_max=1.074 w_ax@goal=+0.57 w_v@goal=3.83 return=976.9 length=85 success_rate=1.00 collisions/ep=0.58 (n=24)
update=404 global_step=827392 SPS=875 w_ev=0.127 m_ev=0.963 m_v_bias=-0.1 m_adv_std=36.6072 m_kl_max=0.0107 m_ratio_max=0.524 w_ax@goal=+0.40 w_v@goal=3.88 return=934.4 length=85 success_rate=1.00 collisions/ep=1.46 (n=24)
update=405 global_step=829440 SPS=875 w_ev=0.157 m_ev=0.959 m_v_bias=-5.2 m_adv_std=37.4831 m_kl_max=0.0326 m_ratio_max=1.568 w_ax@goal=+0.54 w_v@goal=4.07 return=973.5 length=86 success_rate=1.00 collisions/ep=0.71 (n=24)
Evaluation at update 405: return=1008.71, length=81.75, success_rate=1.00, collisions/ep=0.00
Solved-check at update 405: solved=False worst_gap=8.73 at p_x0=0.00 p_y0=-1.00 (consecutive=0)
update=406 global_step=831488 SPS=872 w_ev=0.286 m_ev=0.977 m_v_bias=0.6 m_adv_std=28.8374 m_kl_max=0.0102 m_ratio_max=0.421 w_ax@goal=+0.44 w_v@goal=3.78 return=953.5 length=87 success_rate=1.00 collisions/ep=1.08 (n=24)
update=407 global_step=833536 SPS=873 w_ev=0.274 m_ev=0.990 m_v_bias=-11.1 m_adv_std=17.5442 m_kl_max=0.0158 m_ratio_max=0.730 w_ax@goal=+0.62 w_v@goal=3.70 return=992.6 length=85 success_rate=1.00 collisions/ep=0.29 (n=24)
update=408 global_step=835584 SPS=874 w_ev=0.119 m_ev=0.958 m_v_bias=12.0 m_adv_std=38.0928 m_kl_max=0.0127 m_ratio_max=0.627 w_ax@goal=+0.52 w_v@goal=3.95 return=946.0 length=86 success_rate=1.00 collisions/ep=1.21 (n=24)
update=409 global_step=837632 SPS=875 w_ev=0.256 m_ev=0.968 m_v_bias=-3.4 m_adv_std=32.5044 m_kl_max=0.0266 m_ratio_max=0.813 w_ax@goal=+0.50 w_v@goal=3.57 return=954.8 length=83 success_rate=1.00 collisions/ep=1.08 (n=24)
update=410 global_step=839680 SPS=876 w_ev=0.186 m_ev=0.961 m_v_bias=2.2 m_adv_std=35.6046 m_kl_max=0.0146 m_ratio_max=1.181 w_ax@goal=+0.58 w_v@goal=3.96 return=976.0 length=85 success_rate=1.00 collisions/ep=0.62 (n=24)
Evaluation at update 410: return=1009.36, length=81.25, success_rate=1.00, collisions/ep=0.00
Solved-check at update 410: solved=False worst_gap=6.90 at p_x0=0.00 p_y0=-1.00 (consecutive=0)
update=411 global_step=841728 SPS=873 w_ev=0.218 m_ev=0.974 m_v_bias=-2.8 m_adv_std=28.8962 m_kl_max=0.0133 m_ratio_max=0.670 w_ax@goal=+0.56 w_v@goal=3.91 return=963.6 length=85 success_rate=1.00 collisions/ep=0.88 (n=24)
update=412 global_step=843776 SPS=874 w_ev=0.229 m_ev=0.971 m_v_bias=0.9 m_adv_std=30.2573 m_kl_max=0.0098 m_ratio_max=0.555 w_ax@goal=+0.50 w_v@goal=3.83 return=978.3 length=86 success_rate=1.00 collisions/ep=0.57 (n=23)
update=413 global_step=845824 SPS=875 w_ev=0.302 m_ev=0.988 m_v_bias=-4.9 m_adv_std=19.8577 m_kl_max=0.0162 m_ratio_max=0.803 w_ax@goal=+0.53 w_v@goal=3.73 return=988.7 length=83 success_rate=1.00 collisions/ep=0.40 (n=25)
update=414 global_step=847872 SPS=875 w_ev=0.203 m_ev=0.958 m_v_bias=-2.9 m_adv_std=38.3310 m_kl_max=0.0218 m_ratio_max=0.924 w_ax@goal=+0.74 w_v@goal=3.70 return=962.9 length=84 success_rate=1.00 collisions/ep=0.92 (n=24)
update=415 global_step=849920 SPS=876 w_ev=0.238 m_ev=0.962 m_v_bias=6.7 m_adv_std=35.4097 m_kl_max=0.0079 m_ratio_max=0.622 w_ax@goal=+0.69 w_v@goal=3.91 return=965.8 length=82 success_rate=1.00 collisions/ep=0.84 (n=25)
Evaluation at update 415: return=1009.91, length=80.75, success_rate=1.00, collisions/ep=0.00
Solved-check at update 415: solved=False worst_gap=5.74 at p_x0=0.00 p_y0=-1.00 (consecutive=0)
update=416 global_step=851968 SPS=873 w_ev=0.283 m_ev=0.949 m_v_bias=-3.6 m_adv_std=41.2663 m_kl_max=0.0246 m_ratio_max=1.224 w_ax@goal=+0.50 w_v@goal=3.64 return=967.9 length=84 success_rate=1.00 collisions/ep=0.80 (n=25)
update=417 global_step=854016 SPS=873 w_ev=0.133 m_ev=0.980 m_v_bias=-3.7 m_adv_std=24.1720 m_kl_max=0.0249 m_ratio_max=0.716 w_ax@goal=+0.72 w_v@goal=3.94 return=983.5 length=83 success_rate=1.00 collisions/ep=0.50 (n=24)
update=418 global_step=856064 SPS=874 w_ev=0.176 m_ev=0.972 m_v_bias=0.8 m_adv_std=30.3724 m_kl_max=0.0135 m_ratio_max=0.672 w_ax@goal=+0.51 w_v@goal=3.96 return=966.8 length=84 success_rate=1.00 collisions/ep=0.88 (n=24)
update=419 global_step=858112 SPS=875 w_ev=0.177 m_ev=0.959 m_v_bias=9.7 m_adv_std=38.3606 m_kl_max=0.0060 m_ratio_max=0.466 w_ax@goal=+0.62 w_v@goal=3.94 return=960.7 length=83 success_rate=1.00 collisions/ep=0.96 (n=27)
update=420 global_step=860160 SPS=876 w_ev=0.267 m_ev=0.973 m_v_bias=-5.6 m_adv_std=30.0461 m_kl_max=0.0172 m_ratio_max=0.902 w_ax@goal=+0.69 w_v@goal=3.79 return=973.2 length=84 success_rate=1.00 collisions/ep=0.68 (n=25)
Evaluation at update 420: return=1010.64, length=80.05, success_rate=1.00, collisions/ep=0.00
Solved-check at update 420: solved=False worst_gap=5.81 at p_x0=0.00 p_y0=-1.00 (consecutive=0)
update=421 global_step=862208 SPS=873 w_ev=0.211 m_ev=0.960 m_v_bias=-4.7 m_adv_std=36.0733 m_kl_max=0.0246 m_ratio_max=0.649 w_ax@goal=+0.67 w_v@goal=3.55 return=965.2 length=84 success_rate=1.00 collisions/ep=0.83 (n=23)
update=422 global_step=864256 SPS=873 w_ev=0.231 m_ev=0.964 m_v_bias=5.1 m_adv_std=35.3471 m_kl_max=0.0276 m_ratio_max=0.732 w_ax@goal=+0.54 w_v@goal=3.69 return=957.7 length=83 success_rate=1.00 collisions/ep=1.00 (n=25)
update=423 global_step=866304 SPS=874 w_ev=0.220 m_ev=0.973 m_v_bias=2.5 m_adv_std=29.8977 m_kl_max=0.0240 m_ratio_max=0.961 w_ax@goal=+0.42 w_v@goal=3.98 return=966.3 length=83 success_rate=1.00 collisions/ep=0.80 (n=25)
update=424 global_step=868352 SPS=875 w_ev=0.207 m_ev=0.896 m_v_bias=1.8 m_adv_std=62.6059 m_kl_max=0.0196 m_ratio_max=0.553 w_ax@goal=+0.72 w_v@goal=3.89 return=947.2 length=84 success_rate=1.00 collisions/ep=1.25 (n=24)
update=425 global_step=870400 SPS=876 w_ev=0.201 m_ev=0.963 m_v_bias=-1.9 m_adv_std=34.5691 m_kl_max=0.0141 m_ratio_max=0.690 w_ax@goal=+0.60 w_v@goal=3.84 return=978.6 length=82 success_rate=1.00 collisions/ep=0.58 (n=24)
Evaluation at update 425: return=1010.11, length=80.40, success_rate=1.00, collisions/ep=0.00
Solved-check at update 425: solved=False worst_gap=5.86 at p_x0=2.00 p_y0=-1.00 (consecutive=0)
update=426 global_step=872448 SPS=873 w_ev=0.283 m_ev=0.978 m_v_bias=0.0 m_adv_std=26.1601 m_kl_max=0.0103 m_ratio_max=0.702 w_ax@goal=+0.46 w_v@goal=3.83 return=965.3 length=84 success_rate=1.00 collisions/ep=0.88 (n=24)
update=427 global_step=874496 SPS=873 w_ev=0.305 m_ev=0.991 m_v_bias=-7.4 m_adv_std=17.1203 m_kl_max=0.0246 m_ratio_max=0.883 w_ax@goal=+0.79 w_v@goal=3.71 return=989.0 length=85 success_rate=1.00 collisions/ep=0.38 (n=26)
update=428 global_step=876544 SPS=874 w_ev=0.165 m_ev=0.964 m_v_bias=6.2 m_adv_std=34.6471 m_kl_max=0.0145 m_ratio_max=0.555 w_ax@goal=+0.58 w_v@goal=4.02 return=960.5 length=83 success_rate=1.00 collisions/ep=1.00 (n=25)
update=429 global_step=878592 SPS=875 w_ev=0.206 m_ev=0.983 m_v_bias=0.2 m_adv_std=23.4742 m_kl_max=0.0069 m_ratio_max=0.570 w_ax@goal=+0.58 w_v@goal=3.93 return=989.0 length=85 success_rate=1.00 collisions/ep=0.38 (n=24)
update=430 global_step=880640 SPS=876 w_ev=0.311 m_ev=0.922 m_v_bias=4.5 m_adv_std=50.4012 m_kl_max=0.0123 m_ratio_max=0.465 w_ax@goal=+0.61 w_v@goal=3.73 return=968.0 length=85 success_rate=1.00 collisions/ep=0.78 (n=23)
Evaluation at update 430: return=1010.85, length=79.80, success_rate=1.00, collisions/ep=0.00
Solved-check at update 430: solved=True worst_gap=3.97 at p_x0=1.50 p_y0=-1.00 (consecutive=0)
update=431 global_step=882688 SPS=873 w_ev=0.393 m_ev=0.972 m_v_bias=-0.3 m_adv_std=30.2202 m_kl_max=0.0116 m_ratio_max=0.487 w_ax@goal=+0.50 w_v@goal=3.45 return=980.7 length=86 success_rate=1.00 collisions/ep=0.54 (n=24)
update=432 global_step=884736 SPS=874 w_ev=0.294 m_ev=0.969 m_v_bias=-1.6 m_adv_std=31.3299 m_kl_max=0.0113 m_ratio_max=0.492 w_ax@goal=+0.59 w_v@goal=3.48 return=982.8 length=82 success_rate=1.00 collisions/ep=0.52 (n=25)
update=433 global_step=886784 SPS=875 w_ev=0.230 m_ev=0.990 m_v_bias=-5.4 m_adv_std=17.5997 m_kl_max=0.0125 m_ratio_max=0.593 w_ax@goal=+0.53 w_v@goal=3.83 return=983.7 length=84 success_rate=1.00 collisions/ep=0.50 (n=24)
update=434 global_step=888832 SPS=875 w_ev=0.228 m_ev=0.982 m_v_bias=-5.3 m_adv_std=23.4423 m_kl_max=0.0261 m_ratio_max=1.032 w_ax@goal=+0.60 w_v@goal=3.66 return=992.2 length=82 success_rate=1.00 collisions/ep=0.32 (n=25)
update=435 global_step=890880 SPS=876 w_ev=0.263 m_ev=0.972 m_v_bias=1.6 m_adv_std=28.9641 m_kl_max=0.0140 m_ratio_max=0.497 w_ax@goal=+0.66 w_v@goal=3.58 return=990.1 length=82 success_rate=1.00 collisions/ep=0.38 (n=26)
Evaluation at update 435: return=1011.01, length=79.70, success_rate=1.00, collisions/ep=0.00
Solved-check at update 435: solved=True worst_gap=3.40 at p_x0=0.00 p_y0=-1.00 (consecutive=1)
update=436 global_step=892928 SPS=874 w_ev=0.207 m_ev=0.949 m_v_bias=12.8 m_adv_std=40.8185 m_kl_max=0.0343 m_ratio_max=0.736 w_ax@goal=+0.48 w_v@goal=3.64 return=944.1 length=83 success_rate=1.00 collisions/ep=1.28 (n=25)
update=437 global_step=894976 SPS=874 w_ev=0.194 m_ev=0.989 m_v_bias=-13.8 m_adv_std=18.1874 m_kl_max=0.0217 m_ratio_max=0.991 w_ax@goal=+0.71 w_v@goal=3.89 return=996.3 length=81 success_rate=1.00 collisions/ep=0.24 (n=25)
update=438 global_step=897024 SPS=875 w_ev=0.265 m_ev=0.965 m_v_bias=8.2 m_adv_std=33.2009 m_kl_max=0.0486 m_ratio_max=0.936 w_ax@goal=+0.61 w_v@goal=3.92 return=974.5 length=85 success_rate=1.00 collisions/ep=0.68 (n=25)
update=439 global_step=899072 SPS=876 w_ev=0.196 m_ev=0.977 m_v_bias=0.5 m_adv_std=26.6218 m_kl_max=0.0161 m_ratio_max=0.732 w_ax@goal=+0.67 w_v@goal=3.82 return=977.6 length=82 success_rate=1.00 collisions/ep=0.67 (n=24)
update=440 global_step=901120 SPS=877 w_ev=0.287 m_ev=0.981 m_v_bias=-5.9 m_adv_std=23.7560 m_kl_max=0.0087 m_ratio_max=0.473 w_ax@goal=+0.59 w_v@goal=3.62 return=977.9 length=82 success_rate=1.00 collisions/ep=0.62 (n=26)
Evaluation at update 440: return=1010.96, length=79.70, success_rate=1.00, collisions/ep=0.00
Solved-check at update 440: solved=False worst_gap=53.32 at p_x0=0.00 p_y0=-1.00 (consecutive=2)
update=441 global_step=903168 SPS=873 w_ev=0.194 m_ev=0.986 m_v_bias=1.0 m_adv_std=21.1057 m_kl_max=0.0152 m_ratio_max=0.866 w_ax@goal=+0.49 w_v@goal=3.63 return=983.4 length=84 success_rate=1.00 collisions/ep=0.50 (n=24)
update=442 global_step=905216 SPS=874 w_ev=0.202 m_ev=0.981 m_v_bias=3.1 m_adv_std=24.5138 m_kl_max=0.0117 m_ratio_max=0.687 w_ax@goal=+0.57 w_v@goal=3.55 return=974.7 length=84 success_rate=1.00 collisions/ep=0.71 (n=24)
update=443 global_step=907264 SPS=875 w_ev=0.247 m_ev=0.982 m_v_bias=-0.8 m_adv_std=23.4326 m_kl_max=0.0063 m_ratio_max=0.455 w_ax@goal=+0.57 w_v@goal=3.63 return=978.7 length=82 success_rate=1.00 collisions/ep=0.58 (n=24)
update=444 global_step=909312 SPS=876 w_ev=0.328 m_ev=0.962 m_v_bias=0.1 m_adv_std=34.9205 m_kl_max=0.0095 m_ratio_max=0.474 w_ax@goal=+0.47 w_v@goal=3.38 return=975.9 length=84 success_rate=1.00 collisions/ep=0.64 (n=25)
update=445 global_step=911360 SPS=876 w_ev=0.292 m_ev=0.956 m_v_bias=3.2 m_adv_std=39.5509 m_kl_max=0.0210 m_ratio_max=0.860 w_ax@goal=+0.65 w_v@goal=3.60 return=976.3 length=84 success_rate=1.00 collisions/ep=0.64 (n=25)
Evaluation at update 445: return=1011.11, length=79.65, success_rate=1.00, collisions/ep=0.00
Solved-check at update 445: solved=False worst_gap=51.91 at p_x0=1.50 p_y0=0.00 (consecutive=0)
update=446 global_step=913408 SPS=874 w_ev=0.205 m_ev=0.985 m_v_bias=-7.6 m_adv_std=21.8972 m_kl_max=0.0073 m_ratio_max=0.359 w_ax@goal=+0.65 w_v@goal=3.78 return=972.5 length=83 success_rate=1.00 collisions/ep=0.75 (n=24)
update=447 global_step=915456 SPS=875 w_ev=0.246 m_ev=0.940 m_v_bias=11.7 m_adv_std=48.0169 m_kl_max=0.0338 m_ratio_max=1.346 w_ax@goal=+0.42 w_v@goal=3.66 return=957.0 length=85 success_rate=1.00 collisions/ep=1.00 (n=24)
update=448 global_step=917504 SPS=875 w_ev=0.264 m_ev=0.935 m_v_bias=-4.6 m_adv_std=48.2585 m_kl_max=0.0110 m_ratio_max=0.553 w_ax@goal=+0.69 w_v@goal=3.58 return=958.3 length=84 success_rate=1.00 collisions/ep=1.00 (n=25)
update=449 global_step=919552 SPS=876 w_ev=0.154 m_ev=0.970 m_v_bias=-4.0 m_adv_std=31.6845 m_kl_max=0.0136 m_ratio_max=0.559 w_ax@goal=+0.36 w_v@goal=3.59 return=963.0 length=85 success_rate=1.00 collisions/ep=0.92 (n=24)
update=450 global_step=921600 SPS=877 w_ev=0.174 m_ev=0.981 m_v_bias=-4.2 m_adv_std=24.7592 m_kl_max=0.0099 m_ratio_max=0.456 w_ax@goal=+0.67 w_v@goal=3.52 return=970.8 length=82 success_rate=1.00 collisions/ep=0.81 (n=26)
Evaluation at update 450: return=989.07, length=79.05, success_rate=1.00, collisions/ep=0.45
Solved-check at update 450: solved=False worst_gap=151.29 at p_x0=0.00 p_y0=1.00 (consecutive=0)
update=451 global_step=923648 SPS=874 w_ev=0.246 m_ev=0.979 m_v_bias=4.2 m_adv_std=27.7430 m_kl_max=0.0242 m_ratio_max=1.158 w_ax@goal=+0.71 w_v@goal=3.67 return=952.4 length=82 success_rate=1.00 collisions/ep=1.12 (n=24)
update=452 global_step=925696 SPS=875 w_ev=0.227 m_ev=0.984 m_v_bias=-9.4 m_adv_std=22.0109 m_kl_max=0.0298 m_ratio_max=1.494 w_ax@goal=+0.66 w_v@goal=3.82 return=975.9 length=85 success_rate=1.00 collisions/ep=0.67 (n=24)
update=453 global_step=927744 SPS=876 w_ev=0.270 m_ev=0.959 m_v_bias=5.3 m_adv_std=37.7711 m_kl_max=0.0179 m_ratio_max=0.996 w_ax@goal=+0.62 w_v@goal=3.50 return=957.1 length=84 success_rate=1.00 collisions/ep=1.04 (n=24)
update=454 global_step=929792 SPS=876 w_ev=0.272 m_ev=0.984 m_v_bias=-3.0 m_adv_std=22.1102 m_kl_max=0.0081 m_ratio_max=0.759 w_ax@goal=+0.62 w_v@goal=3.45 return=983.4 length=80 success_rate=1.00 collisions/ep=0.50 (n=26)
update=455 global_step=931840 SPS=877 w_ev=0.183 m_ev=0.964 m_v_bias=3.1 m_adv_std=33.3446 m_kl_max=0.0154 m_ratio_max=0.922 w_ax@goal=+0.61 w_v@goal=3.43 return=951.0 length=82 success_rate=1.00 collisions/ep=1.17 (n=24)
Evaluation at update 455: return=1011.17, length=79.50, success_rate=1.00, collisions/ep=0.00
Solved-check at update 455: solved=False worst_gap=53.00 at p_x0=0.00 p_y0=-1.00 (consecutive=0)
update=456 global_step=933888 SPS=874 w_ev=0.182 m_ev=0.983 m_v_bias=-5.5 m_adv_std=22.7348 m_kl_max=0.0149 m_ratio_max=0.548 w_ax@goal=+0.85 w_v@goal=3.68 return=978.4 length=83 success_rate=1.00 collisions/ep=0.71 (n=24)
update=457 global_step=935936 SPS=875 w_ev=0.242 m_ev=0.969 m_v_bias=6.7 m_adv_std=32.0966 m_kl_max=0.0115 m_ratio_max=0.607 w_ax@goal=+0.64 w_v@goal=3.63 return=971.8 length=81 success_rate=1.00 collisions/ep=0.79 (n=28)
update=458 global_step=937984 SPS=876 w_ev=0.199 m_ev=0.958 m_v_bias=-0.6 m_adv_std=36.2392 m_kl_max=0.0305 m_ratio_max=0.907 w_ax@goal=+0.87 w_v@goal=3.57 return=967.6 length=80 success_rate=1.00 collisions/ep=0.83 (n=24)
update=459 global_step=940032 SPS=877 w_ev=0.094 m_ev=0.904 m_v_bias=19.0 m_adv_std=63.6550 m_kl_max=0.0294 m_ratio_max=1.090 w_ax@goal=+0.72 w_v@goal=3.82 return=902.8 length=82 success_rate=1.00 collisions/ep=2.17 (n=24)
update=460 global_step=942080 SPS=877 w_ev=0.122 m_ev=0.958 m_v_bias=-17.0 m_adv_std=38.0827 m_kl_max=0.0234 m_ratio_max=0.623 w_ax@goal=+0.80 w_v@goal=3.84 return=957.9 length=83 success_rate=1.00 collisions/ep=1.04 (n=25)
Evaluation at update 460: return=1008.48, length=79.80, success_rate=1.00, collisions/ep=0.05
Solved-check at update 460: solved=False worst_gap=51.70 at p_x0=0.00 p_y0=1.00 (consecutive=0)
update=461 global_step=944128 SPS=874 w_ev=0.184 m_ev=0.953 m_v_bias=4.9 m_adv_std=41.8823 m_kl_max=0.0234 m_ratio_max=0.628 w_ax@goal=+0.86 w_v@goal=3.92 return=950.7 length=83 success_rate=1.00 collisions/ep=1.25 (n=24)
update=462 global_step=946176 SPS=875 w_ev=0.153 m_ev=0.942 m_v_bias=2.3 m_adv_std=42.7969 m_kl_max=0.0225 m_ratio_max=0.732 w_ax@goal=+0.69 w_v@goal=4.07 return=933.3 length=83 success_rate=1.00 collisions/ep=1.54 (n=26)
update=463 global_step=948224 SPS=876 w_ev=0.190 m_ev=0.946 m_v_bias=3.5 m_adv_std=41.9008 m_kl_max=0.0160 m_ratio_max=0.871 w_ax@goal=+0.62 w_v@goal=4.07 return=949.1 length=83 success_rate=1.00 collisions/ep=1.19 (n=26)
update=464 global_step=950272 SPS=876 w_ev=0.220 m_ev=0.970 m_v_bias=-7.8 m_adv_std=31.0070 m_kl_max=0.0238 m_ratio_max=1.227 w_ax@goal=+0.70 w_v@goal=4.05 return=974.6 length=81 success_rate=1.00 collisions/ep=0.68 (n=25)
update=465 global_step=952320 SPS=877 w_ev=0.250 m_ev=0.977 m_v_bias=0.2 m_adv_std=26.9909 m_kl_max=0.0167 m_ratio_max=0.663 w_ax@goal=+0.79 w_v@goal=3.81 return=963.0 length=82 success_rate=1.00 collisions/ep=1.04 (n=24)
Evaluation at update 465: return=1007.75, length=80.40, success_rate=1.00, collisions/ep=0.05
Solved-check at update 465: solved=False worst_gap=101.90 at p_x0=0.50 p_y0=1.00 (consecutive=0)
update=466 global_step=954368 SPS=874 w_ev=0.236 m_ev=0.982 m_v_bias=-3.3 m_adv_std=24.4392 m_kl_max=0.0136 m_ratio_max=0.689 w_ax@goal=+0.76 w_v@goal=3.98 return=974.8 length=84 success_rate=1.00 collisions/ep=0.75 (n=24)
update=467 global_step=956416 SPS=875 w_ev=0.154 m_ev=0.946 m_v_bias=4.3 m_adv_std=43.0910 m_kl_max=0.0186 m_ratio_max=0.896 w_ax@goal=+0.65 w_v@goal=3.94 return=956.1 length=83 success_rate=1.00 collisions/ep=1.04 (n=24)
update=468 global_step=958464 SPS=875 w_ev=0.136 m_ev=0.981 m_v_bias=-8.7 m_adv_std=24.7008 m_kl_max=0.0095 m_ratio_max=0.523 w_ax@goal=+0.86 w_v@goal=4.06 return=969.0 length=83 success_rate=1.00 collisions/ep=0.80 (n=25)
update=469 global_step=960512 SPS=876 w_ev=0.179 m_ev=0.958 m_v_bias=4.7 m_adv_std=37.4044 m_kl_max=0.0241 m_ratio_max=1.363 w_ax@goal=+0.70 w_v@goal=3.95 return=973.3 length=83 success_rate=1.00 collisions/ep=0.72 (n=25)
update=470 global_step=962560 SPS=876 w_ev=0.092 m_ev=0.956 m_v_bias=1.8 m_adv_std=37.8660 m_kl_max=0.0253 m_ratio_max=1.005 w_ax@goal=+0.68 w_v@goal=4.15 return=957.2 length=80 success_rate=1.00 collisions/ep=1.12 (n=26)
Evaluation at update 470: return=1006.36, length=79.45, success_rate=1.00, collisions/ep=0.10
Solved-check at update 470: solved=False worst_gap=450.91 at p_x0=1.50 p_y0=1.00 (consecutive=0)
update=471 global_step=964608 SPS=873 w_ev=0.127 m_ev=0.977 m_v_bias=-5.1 m_adv_std=27.2583 m_kl_max=0.0128 m_ratio_max=0.522 w_ax@goal=+0.64 w_v@goal=4.11 return=975.5 length=82 success_rate=1.00 collisions/ep=0.68 (n=25)
update=472 global_step=966656 SPS=874 w_ev=0.221 m_ev=0.903 m_v_bias=2.9 m_adv_std=58.1955 m_kl_max=0.0046 m_ratio_max=0.375 w_ax@goal=+0.63 w_v@goal=3.99 return=960.0 length=81 success_rate=1.00 collisions/ep=1.00 (n=26)
update=473 global_step=968704 SPS=875 w_ev=0.226 m_ev=0.969 m_v_bias=-5.7 m_adv_std=31.9922 m_kl_max=0.0193 m_ratio_max=0.682 w_ax@goal=+0.85 w_v@goal=4.03 return=977.4 length=83 success_rate=1.00 collisions/ep=0.70 (n=23)
update=474 global_step=970752 SPS=875 w_ev=0.246 m_ev=0.976 m_v_bias=-3.9 m_adv_std=27.6898 m_kl_max=0.0378 m_ratio_max=1.839 w_ax@goal=+0.71 w_v@goal=3.83 return=970.0 length=82 success_rate=1.00 collisions/ep=0.84 (n=25)
update=475 global_step=972800 SPS=876 w_ev=0.249 m_ev=0.984 m_v_bias=-3.1 m_adv_std=22.1835 m_kl_max=0.0147 m_ratio_max=0.539 w_ax@goal=+0.77 w_v@goal=3.96 return=984.3 length=81 success_rate=1.00 collisions/ep=0.50 (n=26)
Evaluation at update 475: return=1011.48, length=79.20, success_rate=1.00, collisions/ep=0.00
Solved-check at update 475: solved=False worst_gap=51.79 at p_x0=0.00 p_y0=0.00 (consecutive=0)
update=476 global_step=974848 SPS=873 w_ev=0.221 m_ev=0.985 m_v_bias=-0.5 m_adv_std=21.7875 m_kl_max=0.0077 m_ratio_max=0.466 w_ax@goal=+0.72 w_v@goal=3.74 return=981.6 length=81 success_rate=1.00 collisions/ep=0.56 (n=25)
update=477 global_step=976896 SPS=874 w_ev=0.339 m_ev=0.979 m_v_bias=0.2 m_adv_std=25.8067 m_kl_max=0.0216 m_ratio_max=1.103 w_ax@goal=+0.76 w_v@goal=3.56 return=998.9 length=80 success_rate=1.00 collisions/ep=0.26 (n=27)
update=478 global_step=978944 SPS=875 w_ev=0.106 m_ev=0.981 m_v_bias=0.3 m_adv_std=23.6260 m_kl_max=0.0180 m_ratio_max=0.879 w_ax@goal=+0.76 w_v@goal=3.67 return=980.5 length=82 success_rate=1.00 collisions/ep=0.58 (n=24)
update=479 global_step=980992 SPS=875 w_ev=0.208 m_ev=0.980 m_v_bias=-4.0 m_adv_std=23.7293 m_kl_max=0.0080 m_ratio_max=0.722 w_ax@goal=+0.71 w_v@goal=3.79 return=991.2 length=82 success_rate=1.00 collisions/ep=0.38 (n=24)
update=480 global_step=983040 SPS=876 w_ev=0.281 m_ev=0.995 m_v_bias=-3.1 m_adv_std=11.9064 m_kl_max=0.0077 m_ratio_max=0.375 w_ax@goal=+0.81 w_v@goal=3.63 return=1002.0 length=81 success_rate=1.00 collisions/ep=0.17 (n=24)
Evaluation at update 480: return=1011.59, length=78.95, success_rate=1.00, collisions/ep=0.00
Solved-check at update 480: solved=False worst_gap=51.77 at p_x0=0.00 p_y0=-0.50 (consecutive=0)
update=481 global_step=985088 SPS=873 w_ev=0.188 m_ev=0.982 m_v_bias=2.7 m_adv_std=23.6944 m_kl_max=0.0176 m_ratio_max=0.546 w_ax@goal=+0.76 w_v@goal=3.97 return=1000.3 length=81 success_rate=1.00 collisions/ep=0.22 (n=27)
update=482 global_step=987136 SPS=874 w_ev=0.202 m_ev=0.988 m_v_bias=-1.1 m_adv_std=18.4025 m_kl_max=0.0267 m_ratio_max=0.995 w_ax@goal=+0.86 w_v@goal=3.84 return=994.0 length=81 success_rate=1.00 collisions/ep=0.42 (n=24)
update=483 global_step=989184 SPS=874 w_ev=0.220 m_ev=0.930 m_v_bias=10.7 m_adv_std=49.9404 m_kl_max=0.0228 m_ratio_max=0.969 w_ax@goal=+0.67 w_v@goal=3.68 return=977.5 length=82 success_rate=1.00 collisions/ep=0.64 (n=28)
update=484 global_step=991232 SPS=875 w_ev=0.255 m_ev=0.987 m_v_bias=-7.0 m_adv_std=19.2184 m_kl_max=0.0245 m_ratio_max=0.708 w_ax@goal=+0.60 w_v@goal=3.82 return=976.8 length=82 success_rate=1.00 collisions/ep=0.67 (n=24)
update=485 global_step=993280 SPS=876 w_ev=0.185 m_ev=0.979 m_v_bias=1.9 m_adv_std=25.7353 m_kl_max=0.0096 m_ratio_max=0.598 w_ax@goal=+0.87 w_v@goal=4.01 return=990.9 length=82 success_rate=1.00 collisions/ep=0.36 (n=25)
Evaluation at update 485: return=1010.95, length=79.65, success_rate=1.00, collisions/ep=0.00
Solved-check at update 485: solved=False worst_gap=51.80 at p_x0=0.00 p_y0=1.00 (consecutive=0)
update=486 global_step=995328 SPS=873 w_ev=0.273 m_ev=0.985 m_v_bias=0.1 m_adv_std=21.0418 m_kl_max=0.0171 m_ratio_max=0.815 w_ax@goal=+0.67 w_v@goal=3.80 return=982.4 length=82 success_rate=1.00 collisions/ep=0.54 (n=24)
update=487 global_step=997376 SPS=874 w_ev=0.254 m_ev=0.989 m_v_bias=-3.0 m_adv_std=18.5494 m_kl_max=0.0113 m_ratio_max=0.500 w_ax@goal=+0.69 w_v@goal=3.67 return=974.3 length=81 success_rate=1.00 collisions/ep=0.69 (n=26)
update=488 global_step=999424 SPS=875 w_ev=0.218 m_ev=0.977 m_v_bias=-1.9 m_adv_std=25.5073 m_kl_max=0.0124 m_ratio_max=0.869 w_ax@goal=+0.80 w_v@goal=3.72 return=988.0 length=82 success_rate=1.00 collisions/ep=0.44 (n=25)
Saved checkpoints to C:\Users\loren\Desktop\MASTER THESIS\5_CODE\scenarios\slalom\studies\blind_worker_boxy2.5\coef_0\runs\hppo_slalom_6_1790588327
