Using device: cpu
Solved-check: precomputed optimal returns for 25 fixed initial conditions (mean=1013.0, min=1011.0, max=1015.0); solved-tolerance=5.0
num_envs=8 num_steps_per_env=256 worker_batch_size=2048 worker_minibatch_size=256 num_updates=488 timesteps=999424 (requested 1000000; 576 dropped by integer division)
update=1 global_step=2048 SPS=1439 w_ev=0.034 m_ev=-0.000 m_v_bias=85.4 m_adv_std=262.4082 m_kl_max=0.0011 m_ratio_max=0.186 w_ax@goal=+0.42 w_v@goal=-0.17 return=-375.6 length=175 success_rate=0.38 collisions/ep=12.50 (n=8)
update=2 global_step=4096 SPS=1387 w_ev=0.135 m_ev=0.409 m_v_bias=-25.9 m_adv_std=194.5976 m_kl_max=0.0022 m_ratio_max=0.364 w_ax@goal=+0.03 w_v@goal=-0.26 return=-212.8 length=187 success_rate=0.30 collisions/ep=7.40 (n=10)
update=3 global_step=6144 SPS=1361 w_ev=-0.187 m_ev=0.236 m_v_bias=94.8 m_adv_std=151.0838 m_kl_max=0.0077 m_ratio_max=0.500 return=-539.6 length=200 success_rate=0.00 collisions/ep=6.70 (n=10)
update=4 global_step=8192 SPS=1376 w_ev=0.030 m_ev=0.423 m_v_bias=2.5 m_adv_std=146.6277 m_kl_max=0.0111 m_ratio_max=0.490 w_ax@goal=+0.16 w_v@goal=-0.04 return=-593.3 length=197 success_rate=0.08 collisions/ep=9.50 (n=12)
update=5 global_step=10240 SPS=1392 w_ev=0.068 m_ev=0.165 m_v_bias=8.4 m_adv_std=96.8494 m_kl_max=0.0053 m_ratio_max=0.328 return=-496.0 length=200 success_rate=0.00 collisions/ep=5.88 (n=8)
Evaluation at update 5: return=-6354.74, length=200.00, success_rate=0.00, collisions/ep=123.40
Solved-check at update 5: solved=False worst_gap=8748.38 at p_x0=2.00 p_y0=1.00 (consecutive=0)
update=6 global_step=12288 SPS=607 w_ev=0.190 m_ev=0.269 m_v_bias=13.0 m_adv_std=220.4115 m_kl_max=0.0092 m_ratio_max=0.584 w_ax@goal=-0.29 w_v@goal=0.06 return=-600.0 length=193 success_rate=0.08 collisions/ep=10.00 (n=12)
update=7 global_step=14336 SPS=657 w_ev=0.208 m_ev=0.274 m_v_bias=68.6 m_adv_std=227.0905 m_kl_max=0.0159 m_ratio_max=0.509 w_ax@goal=+0.18 w_v@goal=0.30 return=-804.2 length=198 success_rate=0.09 collisions/ep=14.55 (n=11)
update=8 global_step=16384 SPS=699 w_ev=0.165 m_ev=-0.022 m_v_bias=-15.5 m_adv_std=249.5481 m_kl_max=0.0163 m_ratio_max=0.875 w_ax@goal=+0.04 w_v@goal=0.37 return=-739.9 length=198 success_rate=0.11 collisions/ep=13.67 (n=9)
update=9 global_step=18432 SPS=740 w_ev=0.213 m_ev=0.018 m_v_bias=-28.1 m_adv_std=195.4756 m_kl_max=0.0164 m_ratio_max=0.746 w_ax@goal=+0.83 w_v@goal=1.23 return=-475.0 length=190 success_rate=0.10 collisions/ep=8.30 (n=10)
update=10 global_step=20480 SPS=778 w_ev=0.276 m_ev=0.187 m_v_bias=-101.0 m_adv_std=278.3375 m_kl_max=0.0121 m_ratio_max=0.581 w_ax@goal=-0.07 w_v@goal=1.01 return=-203.1 length=186 success_rate=0.31 collisions/ep=7.77 (n=13)
Evaluation at update 10: return=344.39, length=89.00, success_rate=1.00, collisions/ep=13.15
Solved-check at update 10: solved=False worst_gap=916.97 at p_x0=2.00 p_y0=-1.00 (consecutive=0)
update=11 global_step=22528 SPS=681 w_ev=0.228 m_ev=0.367 m_v_bias=-110.9 m_adv_std=248.2357 m_kl_max=0.0097 m_ratio_max=0.377 w_ax@goal=-0.02 w_v@goal=1.67 return=-11.5 length=169 success_rate=0.42 collisions/ep=6.75 (n=12)
update=12 global_step=24576 SPS=703 w_ev=0.122 m_ev=0.523 m_v_bias=-127.2 m_adv_std=237.4867 m_kl_max=0.0444 m_ratio_max=0.836 w_ax@goal=+0.05 w_v@goal=2.22 return=125.9 length=161 success_rate=0.62 collisions/ep=8.23 (n=13)
update=13 global_step=26624 SPS=725 w_ev=0.079 m_ev=0.861 m_v_bias=-169.0 m_adv_std=120.9639 m_kl_max=0.0257 m_ratio_max=0.696 w_ax@goal=+0.53 w_v@goal=2.56 return=518.1 length=125 success_rate=1.00 collisions/ep=8.94 (n=17)
update=14 global_step=28672 SPS=747 w_ev=0.024 m_ev=0.741 m_v_bias=-43.1 m_adv_std=167.3504 m_kl_max=0.0147 m_ratio_max=0.555 w_ax@goal=+0.39 w_v@goal=2.96 return=613.4 length=114 success_rate=0.95 collisions/ep=6.21 (n=19)
update=15 global_step=30720 SPS=767 w_ev=0.016 m_ev=0.802 m_v_bias=-29.4 m_adv_std=132.8518 m_kl_max=0.0142 m_ratio_max=0.492 w_ax@goal=+0.76 w_v@goal=3.32 return=634.6 length=97 success_rate=1.00 collisions/ep=7.19 (n=21)
Evaluation at update 15: return=440.66, length=80.25, success_rate=1.00, collisions/ep=11.40
Solved-check at update 15: solved=False worst_gap=902.97 at p_x0=1.50 p_y0=-1.00 (consecutive=0)
update=16 global_step=32768 SPS=706 w_ev=0.049 m_ev=0.737 m_v_bias=-4.5 m_adv_std=153.5108 m_kl_max=0.0246 m_ratio_max=0.727 w_ax@goal=+0.58 w_v@goal=3.58 return=709.3 length=100 success_rate=1.00 collisions/ep=5.65 (n=20)
update=17 global_step=34816 SPS=724 w_ev=-0.000 m_ev=0.880 m_v_bias=-48.6 m_adv_std=91.5650 m_kl_max=0.0115 m_ratio_max=0.579 w_ax@goal=+0.96 w_v@goal=3.81 return=703.7 length=100 success_rate=1.00 collisions/ep=5.76 (n=21)
update=18 global_step=36864 SPS=739 w_ev=0.041 m_ev=0.910 m_v_bias=-16.9 m_adv_std=73.0928 m_kl_max=0.0168 m_ratio_max=0.524 w_ax@goal=+0.91 w_v@goal=3.97 return=789.9 length=85 success_rate=1.00 collisions/ep=4.29 (n=24)
update=19 global_step=38912 SPS=757 w_ev=0.069 m_ev=0.871 m_v_bias=42.3 m_adv_std=101.5714 m_kl_max=0.0089 m_ratio_max=0.623 w_ax@goal=+0.85 w_v@goal=4.04 return=690.7 length=88 success_rate=1.00 collisions/ep=6.28 (n=25)
update=20 global_step=40960 SPS=772 w_ev=0.089 m_ev=0.850 m_v_bias=-31.8 m_adv_std=97.6536 m_kl_max=0.0156 m_ratio_max=0.420 w_ax@goal=+0.92 w_v@goal=4.08 return=767.6 length=85 success_rate=1.00 collisions/ep=4.78 (n=23)
Evaluation at update 20: return=636.44, length=79.75, success_rate=1.00, collisions/ep=7.50
Solved-check at update 20: solved=False worst_gap=651.93 at p_x0=2.00 p_y0=-1.00 (consecutive=0)
update=21 global_step=43008 SPS=724 w_ev=0.024 m_ev=0.861 m_v_bias=0.2 m_adv_std=91.3927 m_kl_max=0.0110 m_ratio_max=0.479 w_ax@goal=+1.10 w_v@goal=4.21 return=781.5 length=85 success_rate=1.00 collisions/ep=4.52 (n=23)
update=22 global_step=45056 SPS=739 w_ev=0.019 m_ev=0.865 m_v_bias=28.8 m_adv_std=98.0437 m_kl_max=0.0115 m_ratio_max=0.455 w_ax@goal=+1.07 w_v@goal=4.25 return=722.6 length=82 success_rate=1.00 collisions/ep=5.70 (n=27)
update=23 global_step=47104 SPS=755 w_ev=0.085 m_ev=0.898 m_v_bias=-24.1 m_adv_std=79.3463 m_kl_max=0.0153 m_ratio_max=0.465 w_ax@goal=+1.12 w_v@goal=4.28 return=794.2 length=86 success_rate=1.00 collisions/ep=4.25 (n=24)
update=24 global_step=49152 SPS=765 w_ev=0.081 m_ev=0.887 m_v_bias=4.7 m_adv_std=76.1590 m_kl_max=0.0215 m_ratio_max=0.546 w_ax@goal=+0.86 w_v@goal=4.28 return=791.3 length=84 success_rate=1.00 collisions/ep=4.28 (n=25)
update=25 global_step=51200 SPS=776 w_ev=0.068 m_ev=0.862 m_v_bias=20.0 m_adv_std=89.6805 m_kl_max=0.0156 m_ratio_max=0.570 w_ax@goal=+1.00 w_v@goal=4.23 return=762.7 length=85 success_rate=1.00 collisions/ep=4.88 (n=24)
Evaluation at update 25: return=608.96, length=79.75, success_rate=1.00, collisions/ep=8.05
Solved-check at update 25: solved=False worst_gap=901.83 at p_x0=2.00 p_y0=-1.00 (consecutive=0)
update=26 global_step=53248 SPS=736 w_ev=0.098 m_ev=0.918 m_v_bias=-33.1 m_adv_std=65.0473 m_kl_max=0.0174 m_ratio_max=0.557 w_ax@goal=+0.96 w_v@goal=4.17 return=834.7 length=86 success_rate=1.00 collisions/ep=3.46 (n=24)
update=27 global_step=55296 SPS=748 w_ev=0.116 m_ev=0.870 m_v_bias=39.0 m_adv_std=89.3891 m_kl_max=0.0074 m_ratio_max=0.354 w_ax@goal=+0.84 w_v@goal=4.27 return=743.4 length=89 success_rate=1.00 collisions/ep=5.24 (n=21)
update=28 global_step=57344 SPS=758 w_ev=0.123 m_ev=0.897 m_v_bias=-11.8 m_adv_std=78.1125 m_kl_max=0.0090 m_ratio_max=0.388 w_ax@goal=+1.19 w_v@goal=4.36 return=779.6 length=84 success_rate=1.00 collisions/ep=4.56 (n=25)
update=29 global_step=59392 SPS=767 w_ev=0.168 m_ev=0.848 m_v_bias=-5.5 m_adv_std=96.3181 m_kl_max=0.0068 m_ratio_max=0.492 w_ax@goal=+1.26 w_v@goal=4.17 return=791.8 length=84 success_rate=1.00 collisions/ep=4.36 (n=25)
update=30 global_step=61440 SPS=777 w_ev=0.223 m_ev=0.877 m_v_bias=24.5 m_adv_std=83.3177 m_kl_max=0.0211 m_ratio_max=1.137 w_ax@goal=+1.09 w_v@goal=4.19 return=763.1 length=81 success_rate=1.00 collisions/ep=4.92 (n=24)
Evaluation at update 30: return=584.24, length=79.15, success_rate=1.00, collisions/ep=8.55
Solved-check at update 30: solved=False worst_gap=801.45 at p_x0=0.00 p_y0=1.00 (consecutive=0)
update=31 global_step=63488 SPS=745 w_ev=0.085 m_ev=0.905 m_v_bias=22.8 m_adv_std=79.8455 m_kl_max=0.0121 m_ratio_max=0.534 w_ax@goal=+0.96 w_v@goal=4.38 return=714.9 length=82 success_rate=1.00 collisions/ep=5.88 (n=25)
update=32 global_step=65536 SPS=754 w_ev=0.135 m_ev=0.890 m_v_bias=15.0 m_adv_std=92.7317 m_kl_max=0.0173 m_ratio_max=0.580 w_ax@goal=+0.97 w_v@goal=4.35 return=679.1 length=83 success_rate=1.00 collisions/ep=6.59 (n=27)
update=33 global_step=67584 SPS=763 w_ev=0.113 m_ev=0.826 m_v_bias=1.8 m_adv_std=116.8198 m_kl_max=0.0254 m_ratio_max=0.695 w_ax@goal=+1.03 w_v@goal=4.11 return=711.5 length=82 success_rate=1.00 collisions/ep=5.96 (n=24)
update=34 global_step=69632 SPS=770 w_ev=0.076 m_ev=0.897 m_v_bias=12.9 m_adv_std=84.5828 m_kl_max=0.0080 m_ratio_max=0.640 w_ax@goal=+1.07 w_v@goal=4.21 return=658.7 length=82 success_rate=1.00 collisions/ep=7.00 (n=24)
update=35 global_step=71680 SPS=779 w_ev=0.033 m_ev=0.881 m_v_bias=-24.6 m_adv_std=81.6187 m_kl_max=0.0062 m_ratio_max=0.530 w_ax@goal=+0.97 w_v@goal=4.20 return=774.9 length=81 success_rate=1.00 collisions/ep=4.68 (n=25)
Evaluation at update 35: return=606.46, length=79.70, success_rate=1.00, collisions/ep=8.10
Solved-check at update 35: solved=False worst_gap=501.77 at p_x0=2.00 p_y0=-1.00 (consecutive=0)
update=36 global_step=73728 SPS=753 w_ev=0.065 m_ev=0.850 m_v_bias=9.8 m_adv_std=95.1269 m_kl_max=0.0098 m_ratio_max=0.428 w_ax@goal=+1.03 w_v@goal=4.15 return=736.8 length=82 success_rate=1.00 collisions/ep=5.44 (n=25)
update=37 global_step=75776 SPS=762 w_ev=0.093 m_ev=0.920 m_v_bias=-23.2 m_adv_std=65.6854 m_kl_max=0.0036 m_ratio_max=0.282 w_ax@goal=+0.89 w_v@goal=4.12 return=792.9 length=82 success_rate=1.00 collisions/ep=4.32 (n=25)
update=38 global_step=77824 SPS=770 w_ev=0.060 m_ev=0.873 m_v_bias=-9.3 m_adv_std=84.1779 m_kl_max=0.0011 m_ratio_max=0.138 w_ax@goal=+1.06 w_v@goal=4.23 return=790.4 length=83 success_rate=1.00 collisions/ep=4.37 (n=27)
update=39 global_step=79872 SPS=777 w_ev=0.093 m_ev=0.887 m_v_bias=-11.7 m_adv_std=74.9969 m_kl_max=0.0132 m_ratio_max=0.832 w_ax@goal=+0.91 w_v@goal=4.18 return=832.2 length=83 success_rate=1.00 collisions/ep=3.52 (n=23)
update=40 global_step=81920 SPS=787 w_ev=0.126 m_ev=0.909 m_v_bias=-12.7 m_adv_std=67.5555 m_kl_max=0.0058 m_ratio_max=0.499 w_ax@goal=+1.05 w_v@goal=4.08 return=835.8 length=84 success_rate=1.00 collisions/ep=3.48 (n=25)
Evaluation at update 40: return=766.85, length=79.15, success_rate=1.00, collisions/ep=4.90
Solved-check at update 40: solved=False worst_gap=401.98 at p_x0=0.00 p_y0=-1.00 (consecutive=0)
update=41 global_step=83968 SPS=760 w_ev=0.137 m_ev=0.918 m_v_bias=25.9 m_adv_std=63.5038 m_kl_max=0.0083 m_ratio_max=0.583 w_ax@goal=+1.09 w_v@goal=4.13 return=763.8 length=82 success_rate=1.00 collisions/ep=4.92 (n=24)
update=42 global_step=86016 SPS=767 w_ev=0.154 m_ev=0.878 m_v_bias=17.0 m_adv_std=82.8828 m_kl_max=0.0120 m_ratio_max=0.605 w_ax@goal=+0.96 w_v@goal=4.18 return=793.1 length=82 success_rate=1.00 collisions/ep=4.32 (n=25)
update=43 global_step=88064 SPS=777 w_ev=0.182 m_ev=0.892 m_v_bias=-6.8 m_adv_std=77.4429 m_kl_max=0.0073 m_ratio_max=0.432 w_ax@goal=+1.14 w_v@goal=4.09 return=798.3 length=83 success_rate=1.00 collisions/ep=4.24 (n=25)
update=44 global_step=90112 SPS=784 w_ev=0.155 m_ev=0.914 m_v_bias=-2.9 m_adv_std=66.3461 m_kl_max=0.0170 m_ratio_max=0.615 w_ax@goal=+1.12 w_v@goal=4.04 return=799.8 length=83 success_rate=1.00 collisions/ep=4.17 (n=24)
update=45 global_step=92160 SPS=793 w_ev=0.127 m_ev=0.876 m_v_bias=25.3 m_adv_std=90.2013 m_kl_max=0.0087 m_ratio_max=0.479 w_ax@goal=+1.26 w_v@goal=4.15 return=739.0 length=81 success_rate=1.00 collisions/ep=5.42 (n=26)
Evaluation at update 45: return=589.36, length=79.15, success_rate=1.00, collisions/ep=8.45
Solved-check at update 45: solved=False worst_gap=551.45 at p_x0=0.00 p_y0=0.00 (consecutive=0)
update=46 global_step=94208 SPS=775 w_ev=0.196 m_ev=0.907 m_v_bias=-24.9 m_adv_std=74.6731 m_kl_max=0.0176 m_ratio_max=0.952 w_ax@goal=+1.13 w_v@goal=4.07 return=772.2 length=82 success_rate=1.00 collisions/ep=4.76 (n=25)
update=47 global_step=96256 SPS=782 w_ev=0.243 m_ev=0.919 m_v_bias=5.2 m_adv_std=71.4389 m_kl_max=0.0159 m_ratio_max=0.875 w_ax@goal=+1.05 w_v@goal=3.96 return=758.6 length=80 success_rate=1.00 collisions/ep=5.04 (n=26)
update=48 global_step=98304 SPS=789 w_ev=0.117 m_ev=0.882 m_v_bias=22.3 m_adv_std=88.4316 m_kl_max=0.0267 m_ratio_max=1.100 w_ax@goal=+0.84 w_v@goal=4.02 return=671.7 length=84 success_rate=1.00 collisions/ep=6.75 (n=24)
update=49 global_step=100352 SPS=796 w_ev=0.059 m_ev=0.873 m_v_bias=7.9 m_adv_std=95.7093 m_kl_max=0.0036 m_ratio_max=0.465 w_ax@goal=+1.18 w_v@goal=4.18 return=710.8 length=81 success_rate=1.00 collisions/ep=5.96 (n=25)
update=50 global_step=102400 SPS=802 w_ev=0.053 m_ev=0.906 m_v_bias=23.3 m_adv_std=88.3501 m_kl_max=0.0034 m_ratio_max=0.334 w_ax@goal=+0.96 w_v@goal=4.22 return=564.4 length=86 success_rate=1.00 collisions/ep=8.88 (n=24)
Evaluation at update 50: return=257.24, length=78.75, success_rate=1.00, collisions/ep=15.10
Solved-check at update 50: solved=False worst_gap=1150.87 at p_x0=0.00 p_y0=1.00 (consecutive=0)
update=51 global_step=104448 SPS=782 w_ev=0.052 m_ev=0.912 m_v_bias=6.3 m_adv_std=88.6617 m_kl_max=0.0047 m_ratio_max=0.359 w_ax@goal=+1.16 w_v@goal=4.08 return=604.1 length=83 success_rate=1.00 collisions/ep=8.08 (n=25)
update=52 global_step=106496 SPS=789 w_ev=0.080 m_ev=0.935 m_v_bias=-20.6 m_adv_std=68.8161 m_kl_max=0.0170 m_ratio_max=0.972 w_ax@goal=+1.10 w_v@goal=3.95 return=662.0 length=84 success_rate=1.00 collisions/ep=6.92 (n=24)
update=53 global_step=108544 SPS=795 w_ev=0.053 m_ev=0.876 m_v_bias=-18.1 m_adv_std=93.1098 m_kl_max=0.0120 m_ratio_max=0.503 w_ax@goal=+0.97 w_v@goal=3.95 return=709.1 length=85 success_rate=1.00 collisions/ep=5.96 (n=25)
update=54 global_step=110592 SPS=801 w_ev=0.055 m_ev=0.909 m_v_bias=6.2 m_adv_std=74.4404 m_kl_max=0.0230 m_ratio_max=0.577 w_ax@goal=+1.11 w_v@goal=3.91 return=727.0 length=83 success_rate=1.00 collisions/ep=5.62 (n=24)
update=55 global_step=112640 SPS=807 w_ev=0.038 m_ev=0.896 m_v_bias=24.7 m_adv_std=84.0127 m_kl_max=0.0063 m_ratio_max=0.779 w_ax@goal=+1.03 w_v@goal=4.01 return=686.7 length=84 success_rate=1.00 collisions/ep=6.42 (n=24)
Evaluation at update 55: return=602.19, length=78.85, success_rate=1.00, collisions/ep=8.20
Solved-check at update 55: solved=False worst_gap=450.91 at p_x0=0.50 p_y0=0.50 (consecutive=0)
update=56 global_step=114688 SPS=792 w_ev=0.018 m_ev=0.882 m_v_bias=-4.7 m_adv_std=93.9003 m_kl_max=0.0173 m_ratio_max=0.530 w_ax@goal=+0.92 w_v@goal=3.91 return=704.0 length=86 success_rate=1.00 collisions/ep=6.00 (n=24)
update=57 global_step=116736 SPS=799 w_ev=0.025 m_ev=0.856 m_v_bias=-13.7 m_adv_std=99.7598 m_kl_max=0.0144 m_ratio_max=0.679 w_ax@goal=+0.86 w_v@goal=3.95 return=790.7 length=89 success_rate=1.00 collisions/ep=4.27 (n=22)
update=58 global_step=118784 SPS=805 w_ev=0.051 m_ev=0.879 m_v_bias=15.3 m_adv_std=88.6047 m_kl_max=0.0133 m_ratio_max=0.714 w_ax@goal=+0.94 w_v@goal=3.99 return=690.6 length=87 success_rate=1.00 collisions/ep=6.29 (n=24)
update=59 global_step=120832 SPS=810 w_ev=0.086 m_ev=0.879 m_v_bias=-17.8 m_adv_std=85.3704 m_kl_max=0.0104 m_ratio_max=0.500 w_ax@goal=+0.90 w_v@goal=3.99 return=784.9 length=86 success_rate=1.00 collisions/ep=4.42 (n=24)
update=60 global_step=122880 SPS=815 w_ev=0.090 m_ev=0.872 m_v_bias=-2.7 m_adv_std=88.4561 m_kl_max=0.0245 m_ratio_max=0.790 w_ax@goal=+1.28 w_v@goal=3.99 return=792.6 length=86 success_rate=1.00 collisions/ep=4.25 (n=24)
Evaluation at update 60: return=547.33, length=78.60, success_rate=1.00, collisions/ep=9.30
Solved-check at update 60: solved=False worst_gap=750.55 at p_x0=1.00 p_y0=0.00 (consecutive=0)
update=61 global_step=124928 SPS=800 w_ev=0.063 m_ev=0.911 m_v_bias=11.3 m_adv_std=71.7667 m_kl_max=0.0224 m_ratio_max=0.707 w_ax@goal=+0.90 w_v@goal=4.12 return=750.3 length=85 success_rate=1.00 collisions/ep=5.17 (n=24)
update=62 global_step=126976 SPS=806 w_ev=0.052 m_ev=0.895 m_v_bias=34.5 m_adv_std=84.2372 m_kl_max=0.0061 m_ratio_max=0.418 w_ax@goal=+0.85 w_v@goal=4.11 return=707.0 length=85 success_rate=1.00 collisions/ep=6.00 (n=24)
update=63 global_step=129024 SPS=811 w_ev=0.079 m_ev=0.899 m_v_bias=0.1 m_adv_std=83.6839 m_kl_max=0.0274 m_ratio_max=0.633 w_ax@goal=+1.21 w_v@goal=4.22 return=735.8 length=83 success_rate=1.00 collisions/ep=5.42 (n=26)
update=64 global_step=131072 SPS=816 w_ev=0.052 m_ev=0.911 m_v_bias=-12.1 m_adv_std=71.3003 m_kl_max=0.0169 m_ratio_max=0.727 w_ax@goal=+0.98 w_v@goal=3.99 return=768.1 length=87 success_rate=1.00 collisions/ep=4.74 (n=23)
update=65 global_step=133120 SPS=821 w_ev=0.092 m_ev=0.873 m_v_bias=11.1 m_adv_std=91.1345 m_kl_max=0.0039 m_ratio_max=0.626 w_ax@goal=+0.83 w_v@goal=4.15 return=738.9 length=85 success_rate=1.00 collisions/ep=5.32 (n=25)
Evaluation at update 65: return=587.46, length=78.40, success_rate=1.00, collisions/ep=8.50
Solved-check at update 65: solved=False worst_gap=450.94 at p_x0=0.50 p_y0=-1.00 (consecutive=0)
update=66 global_step=135168 SPS=808 w_ev=0.051 m_ev=0.919 m_v_bias=-17.2 m_adv_std=69.6697 m_kl_max=0.0061 m_ratio_max=0.452 w_ax@goal=+1.07 w_v@goal=3.94 return=781.4 length=85 success_rate=1.00 collisions/ep=4.52 (n=25)
update=67 global_step=137216 SPS=813 w_ev=0.046 m_ev=0.894 m_v_bias=19.1 m_adv_std=85.3836 m_kl_max=0.0152 m_ratio_max=0.437 w_ax@goal=+0.96 w_v@goal=4.01 return=712.8 length=85 success_rate=1.00 collisions/ep=5.88 (n=24)
update=68 global_step=139264 SPS=819 w_ev=0.086 m_ev=0.870 m_v_bias=10.9 m_adv_std=91.8203 m_kl_max=0.0079 m_ratio_max=0.369 w_ax@goal=+1.24 w_v@goal=3.93 return=687.8 length=84 success_rate=1.00 collisions/ep=6.39 (n=23)
update=69 global_step=141312 SPS=824 w_ev=0.065 m_ev=0.904 m_v_bias=-3.3 m_adv_std=81.0801 m_kl_max=0.0157 m_ratio_max=0.628 w_ax@goal=+1.20 w_v@goal=4.02 return=694.7 length=83 success_rate=1.00 collisions/ep=6.25 (n=24)
update=70 global_step=143360 SPS=828 w_ev=0.050 m_ev=0.882 m_v_bias=-23.1 m_adv_std=87.5503 m_kl_max=0.0062 m_ratio_max=0.342 w_ax@goal=+1.22 w_v@goal=3.91 return=754.3 length=87 success_rate=1.00 collisions/ep=5.04 (n=24)
Evaluation at update 70: return=584.71, length=78.65, success_rate=1.00, collisions/ep=8.55
Solved-check at update 70: solved=False worst_gap=502.12 at p_x0=0.00 p_y0=-1.00 (consecutive=0)
update=71 global_step=145408 SPS=813 w_ev=0.071 m_ev=0.914 m_v_bias=34.0 m_adv_std=74.9610 m_kl_max=0.0306 m_ratio_max=0.644 w_ax@goal=+1.13 w_v@goal=3.84 return=692.8 length=88 success_rate=1.00 collisions/ep=6.22 (n=23)
update=72 global_step=147456 SPS=818 w_ev=0.027 m_ev=0.884 m_v_bias=13.4 m_adv_std=88.1393 m_kl_max=0.0053 m_ratio_max=0.578 w_ax@goal=+0.76 w_v@goal=4.00 return=729.6 length=91 success_rate=1.00 collisions/ep=5.45 (n=22)
update=73 global_step=149504 SPS=822 w_ev=-0.019 m_ev=0.902 m_v_bias=-4.1 m_adv_std=80.8645 m_kl_max=0.0159 m_ratio_max=0.670 w_ax@goal=+1.01 w_v@goal=3.99 return=715.9 length=88 success_rate=1.00 collisions/ep=5.75 (n=24)
update=74 global_step=151552 SPS=827 w_ev=-0.002 m_ev=0.918 m_v_bias=-39.3 m_adv_std=65.3698 m_kl_max=0.0063 m_ratio_max=0.431 w_ax@goal=+1.20 w_v@goal=3.87 return=764.6 length=89 success_rate=1.00 collisions/ep=4.77 (n=22)
update=75 global_step=153600 SPS=831 w_ev=0.007 m_ev=0.898 m_v_bias=15.5 m_adv_std=81.9961 m_kl_max=0.0097 m_ratio_max=0.370 w_ax@goal=+1.04 w_v@goal=3.85 return=709.9 length=83 success_rate=1.00 collisions/ep=5.96 (n=24)
Evaluation at update 75: return=652.46, length=78.40, success_rate=1.00, collisions/ep=7.20
Solved-check at update 75: solved=False worst_gap=649.95 at p_x0=2.00 p_y0=-0.50 (consecutive=0)
update=76 global_step=155648 SPS=818 w_ev=0.043 m_ev=0.896 m_v_bias=-28.6 m_adv_std=75.2673 m_kl_max=0.0212 m_ratio_max=0.628 w_ax@goal=+1.15 w_v@goal=3.91 return=809.2 length=85 success_rate=1.00 collisions/ep=3.96 (n=25)
update=77 global_step=157696 SPS=823 w_ev=0.041 m_ev=0.889 m_v_bias=-0.7 m_adv_std=80.6407 m_kl_max=0.0149 m_ratio_max=0.564 w_ax@goal=+1.28 w_v@goal=3.94 return=763.6 length=86 success_rate=1.00 collisions/ep=4.87 (n=23)
update=78 global_step=159744 SPS=827 w_ev=0.051 m_ev=0.896 m_v_bias=-16.1 m_adv_std=76.3448 m_kl_max=0.0223 m_ratio_max=0.901 w_ax@goal=+1.29 w_v@goal=3.99 return=812.7 length=83 success_rate=1.00 collisions/ep=3.88 (n=25)
update=79 global_step=161792 SPS=831 w_ev=0.088 m_ev=0.906 m_v_bias=-13.4 m_adv_std=70.4150 m_kl_max=0.0194 m_ratio_max=1.096 w_ax@goal=+1.18 w_v@goal=3.90 return=821.1 length=83 success_rate=1.00 collisions/ep=3.75 (n=24)
update=80 global_step=163840 SPS=835 w_ev=0.112 m_ev=0.883 m_v_bias=4.8 m_adv_std=78.4615 m_kl_max=0.0083 m_ratio_max=0.683 w_ax@goal=+1.17 w_v@goal=3.87 return=808.6 length=82 success_rate=1.00 collisions/ep=4.04 (n=25)
Evaluation at update 80: return=817.35, length=78.60, success_rate=1.00, collisions/ep=3.90
Solved-check at update 80: solved=False worst_gap=450.88 at p_x0=0.00 p_y0=0.50 (consecutive=0)
update=81 global_step=165888 SPS=822 w_ev=0.142 m_ev=0.857 m_v_bias=16.7 m_adv_std=93.5295 m_kl_max=0.0244 m_ratio_max=0.666 w_ax@goal=+1.29 w_v@goal=4.00 return=801.4 length=85 success_rate=1.00 collisions/ep=4.12 (n=25)
update=82 global_step=167936 SPS=827 w_ev=0.160 m_ev=0.868 m_v_bias=-7.3 m_adv_std=84.5208 m_kl_max=0.0486 m_ratio_max=1.619 w_ax@goal=+0.96 w_v@goal=4.04 return=854.6 length=86 success_rate=1.00 collisions/ep=3.04 (n=23)
update=83 global_step=169984 SPS=831 w_ev=0.102 m_ev=0.926 m_v_bias=-10.4 m_adv_std=61.2426 m_kl_max=0.0115 m_ratio_max=0.523 w_ax@goal=+0.89 w_v@goal=4.17 return=790.2 length=84 success_rate=1.00 collisions/ep=4.32 (n=25)
update=84 global_step=172032 SPS=836 w_ev=0.138 m_ev=0.857 m_v_bias=10.9 m_adv_std=87.8531 m_kl_max=0.0128 m_ratio_max=0.773 w_ax@goal=+1.03 w_v@goal=4.03 return=804.5 length=84 success_rate=1.00 collisions/ep=4.04 (n=24)
update=85 global_step=174080 SPS=840 w_ev=0.064 m_ev=0.930 m_v_bias=11.1 m_adv_std=63.4773 m_kl_max=0.0030 m_ratio_max=0.333 w_ax@goal=+1.22 w_v@goal=4.13 return=784.5 length=84 success_rate=1.00 collisions/ep=4.44 (n=25)
Evaluation at update 85: return=592.51, length=78.40, success_rate=1.00, collisions/ep=8.40
Solved-check at update 85: solved=False worst_gap=451.00 at p_x0=0.00 p_y0=-1.00 (consecutive=0)
update=86 global_step=176128 SPS=828 w_ev=0.112 m_ev=0.864 m_v_bias=4.3 m_adv_std=93.2819 m_kl_max=0.0164 m_ratio_max=1.208 w_ax@goal=+1.24 w_v@goal=4.03 return=748.6 length=84 success_rate=1.00 collisions/ep=5.16 (n=25)
update=87 global_step=178176 SPS=832 w_ev=0.117 m_ev=0.868 m_v_bias=-8.0 m_adv_std=83.0856 m_kl_max=0.0040 m_ratio_max=0.423 w_ax@goal=+1.09 w_v@goal=3.72 return=810.4 length=87 success_rate=1.00 collisions/ep=3.87 (n=23)
update=88 global_step=180224 SPS=835 w_ev=0.051 m_ev=0.917 m_v_bias=9.3 m_adv_std=69.2319 m_kl_max=0.0123 m_ratio_max=0.757 w_ax@goal=+1.00 w_v@goal=3.78 return=800.0 length=88 success_rate=1.00 collisions/ep=4.12 (n=24)
update=89 global_step=182272 SPS=838 w_ev=0.093 m_ev=0.904 m_v_bias=-40.0 m_adv_std=66.9330 m_kl_max=0.0127 m_ratio_max=0.442 w_ax@goal=+1.36 w_v@goal=3.81 return=878.8 length=88 success_rate=1.00 collisions/ep=2.55 (n=22)
update=90 global_step=184320 SPS=842 w_ev=0.081 m_ev=0.912 m_v_bias=-0.0 m_adv_std=64.4256 m_kl_max=0.0145 m_ratio_max=0.517 w_ax@goal=+1.21 w_v@goal=3.91 return=853.4 length=87 success_rate=1.00 collisions/ep=3.04 (n=24)
Evaluation at update 90: return=800.22, length=78.25, success_rate=1.00, collisions/ep=4.25
Solved-check at update 90: solved=False worst_gap=749.94 at p_x0=2.00 p_y0=-0.50 (consecutive=0)
update=91 global_step=186368 SPS=830 w_ev=0.108 m_ev=0.923 m_v_bias=8.3 m_adv_std=62.4345 m_kl_max=0.0050 m_ratio_max=0.419 w_ax@goal=+1.02 w_v@goal=4.03 return=836.9 length=85 success_rate=1.00 collisions/ep=3.38 (n=24)
update=92 global_step=188416 SPS=834 w_ev=0.074 m_ev=0.931 m_v_bias=10.8 m_adv_std=61.9350 m_kl_max=0.0139 m_ratio_max=0.818 w_ax@goal=+1.13 w_v@goal=3.95 return=811.6 length=84 success_rate=1.00 collisions/ep=3.92 (n=25)
update=93 global_step=190464 SPS=839 w_ev=0.171 m_ev=0.919 m_v_bias=-8.3 m_adv_std=65.5918 m_kl_max=0.0066 m_ratio_max=0.493 w_ax@goal=+1.26 w_v@goal=3.90 return=852.9 length=82 success_rate=1.00 collisions/ep=3.16 (n=25)
update=94 global_step=192512 SPS=842 w_ev=0.126 m_ev=0.916 m_v_bias=0.1 m_adv_std=64.6317 m_kl_max=0.0127 m_ratio_max=0.497 w_ax@goal=+1.16 w_v@goal=3.99 return=837.9 length=84 success_rate=1.00 collisions/ep=3.38 (n=24)
update=95 global_step=194560 SPS=846 w_ev=0.157 m_ev=0.886 m_v_bias=9.2 m_adv_std=75.8743 m_kl_max=0.0203 m_ratio_max=0.696 w_ax@goal=+1.22 w_v@goal=3.89 return=804.5 length=84 success_rate=1.00 collisions/ep=4.04 (n=25)
Evaluation at update 95: return=775.12, length=78.40, success_rate=1.00, collisions/ep=4.75
Solved-check at update 95: solved=False worst_gap=450.83 at p_x0=0.00 p_y0=-1.00 (consecutive=0)
update=96 global_step=196608 SPS=834 w_ev=0.168 m_ev=0.898 m_v_bias=-7.3 m_adv_std=72.0582 m_kl_max=0.0070 m_ratio_max=0.367 w_ax@goal=+1.23 w_v@goal=3.88 return=838.2 length=82 success_rate=1.00 collisions/ep=3.40 (n=25)
update=97 global_step=198656 SPS=838 w_ev=0.112 m_ev=0.909 m_v_bias=8.2 m_adv_std=66.8725 m_kl_max=0.0166 m_ratio_max=0.470 w_ax@goal=+0.74 w_v@goal=3.87 return=807.7 length=86 success_rate=1.00 collisions/ep=3.96 (n=23)
update=98 global_step=200704 SPS=841 w_ev=0.046 m_ev=0.929 m_v_bias=-23.2 m_adv_std=56.0072 m_kl_max=0.0039 m_ratio_max=0.355 w_ax@goal=+0.92 w_v@goal=3.95 return=863.0 length=84 success_rate=1.00 collisions/ep=2.87 (n=23)
update=99 global_step=202752 SPS=844 w_ev=0.136 m_ev=0.914 m_v_bias=5.5 m_adv_std=63.4811 m_kl_max=0.0106 m_ratio_max=0.670 w_ax@goal=+1.28 w_v@goal=3.85 return=883.1 length=84 success_rate=1.00 collisions/ep=2.50 (n=24)
update=100 global_step=204800 SPS=848 w_ev=0.203 m_ev=0.909 m_v_bias=2.6 m_adv_std=68.2315 m_kl_max=0.0080 m_ratio_max=0.535 w_ax@goal=+1.03 w_v@goal=3.84 return=816.6 length=86 success_rate=1.00 collisions/ep=3.80 (n=25)
Evaluation at update 100: return=779.96, length=78.50, success_rate=1.00, collisions/ep=4.65
Solved-check at update 100: solved=False worst_gap=450.94 at p_x0=0.00 p_y0=-0.50 (consecutive=0)
update=101 global_step=206848 SPS=836 w_ev=0.162 m_ev=0.908 m_v_bias=-0.2 m_adv_std=66.2345 m_kl_max=0.0124 m_ratio_max=0.525 w_ax@goal=+1.07 w_v@goal=3.86 return=868.4 length=83 success_rate=1.00 collisions/ep=2.77 (n=26)
update=102 global_step=208896 SPS=840 w_ev=0.134 m_ev=0.899 m_v_bias=12.0 m_adv_std=71.4072 m_kl_max=0.0144 m_ratio_max=0.701 w_ax@goal=+1.08 w_v@goal=3.84 return=849.3 length=86 success_rate=1.00 collisions/ep=3.12 (n=24)
update=103 global_step=210944 SPS=843 w_ev=0.206 m_ev=0.950 m_v_bias=-19.4 m_adv_std=47.2786 m_kl_max=0.0039 m_ratio_max=0.417 w_ax@goal=+0.95 w_v@goal=3.77 return=873.2 length=82 success_rate=1.00 collisions/ep=2.68 (n=25)
update=104 global_step=212992 SPS=846 w_ev=0.245 m_ev=0.889 m_v_bias=35.2 m_adv_std=80.8091 m_kl_max=0.0210 m_ratio_max=0.494 w_ax@goal=+1.04 w_v@goal=3.74 return=770.6 length=86 success_rate=1.00 collisions/ep=4.71 (n=24)
update=105 global_step=215040 SPS=849 w_ev=0.221 m_ev=0.904 m_v_bias=11.8 m_adv_std=75.9966 m_kl_max=0.0152 m_ratio_max=0.621 w_ax@goal=+0.78 w_v@goal=3.68 return=774.5 length=88 success_rate=1.00 collisions/ep=4.59 (n=22)
Evaluation at update 105: return=563.06, length=80.40, success_rate=1.00, collisions/ep=8.95
Solved-check at update 105: solved=False worst_gap=504.97 at p_x0=0.50 p_y0=-1.00 (consecutive=0)
update=106 global_step=217088 SPS=839 w_ev=0.156 m_ev=0.901 m_v_bias=19.6 m_adv_std=82.4246 m_kl_max=0.0276 m_ratio_max=0.556 w_ax@goal=+0.81 w_v@goal=3.81 return=742.7 length=91 success_rate=1.00 collisions/ep=5.17 (n=23)
update=107 global_step=219136 SPS=842 w_ev=0.162 m_ev=0.873 m_v_bias=-22.0 m_adv_std=84.5943 m_kl_max=0.0110 m_ratio_max=0.613 w_ax@goal=+0.58 w_v@goal=3.84 return=783.7 length=93 success_rate=1.00 collisions/ep=4.32 (n=22)
update=108 global_step=221184 SPS=845 w_ev=0.222 m_ev=0.899 m_v_bias=14.6 m_adv_std=75.5482 m_kl_max=0.0149 m_ratio_max=0.516 w_ax@goal=+0.59 w_v@goal=3.76 return=748.4 length=94 success_rate=1.00 collisions/ep=4.95 (n=22)
update=109 global_step=223232 SPS=849 w_ev=0.178 m_ev=0.873 m_v_bias=-19.1 m_adv_std=85.2324 m_kl_max=0.0050 m_ratio_max=0.415 w_ax@goal=+0.76 w_v@goal=3.49 return=829.6 length=95 success_rate=1.00 collisions/ep=3.38 (n=21)
update=110 global_step=225280 SPS=851 w_ev=0.075 m_ev=0.901 m_v_bias=-5.7 m_adv_std=76.9110 m_kl_max=0.0201 m_ratio_max=0.667 w_ax@goal=+0.67 w_v@goal=3.72 return=834.0 length=93 success_rate=1.00 collisions/ep=3.30 (n=23)
Evaluation at update 110: return=1007.22, length=81.30, success_rate=1.00, collisions/ep=0.05
Solved-check at update 110: solved=False worst_gap=406.54 at p_x0=2.00 p_y0=-1.00 (consecutive=0)
update=111 global_step=227328 SPS=840 w_ev=0.069 m_ev=0.919 m_v_bias=-28.5 m_adv_std=60.9367 m_kl_max=0.0161 m_ratio_max=0.705 w_ax@goal=+0.78 w_v@goal=3.71 return=877.1 length=92 success_rate=1.00 collisions/ep=2.43 (n=23)
update=112 global_step=229376 SPS=843 w_ev=0.087 m_ev=0.904 m_v_bias=0.7 m_adv_std=66.2579 m_kl_max=0.0153 m_ratio_max=1.046 w_ax@goal=+0.59 w_v@goal=3.78 return=896.3 length=93 success_rate=1.00 collisions/ep=2.05 (n=19)
update=113 global_step=231424 SPS=846 w_ev=0.092 m_ev=0.862 m_v_bias=29.8 m_adv_std=86.2462 m_kl_max=0.0085 m_ratio_max=0.613 w_ax@goal=+0.76 w_v@goal=3.86 return=837.4 length=92 success_rate=1.00 collisions/ep=3.22 (n=23)
update=114 global_step=233472 SPS=849 w_ev=0.088 m_ev=0.872 m_v_bias=-10.0 m_adv_std=82.7288 m_kl_max=0.0130 m_ratio_max=0.521 w_ax@goal=+0.79 w_v@goal=3.98 return=873.4 length=91 success_rate=1.00 collisions/ep=2.52 (n=23)
update=115 global_step=235520 SPS=852 w_ev=0.048 m_ev=0.889 m_v_bias=-15.8 m_adv_std=74.9279 m_kl_max=0.0105 m_ratio_max=0.456 w_ax@goal=+0.66 w_v@goal=3.90 return=860.3 length=89 success_rate=1.00 collisions/ep=2.88 (n=24)
Evaluation at update 115: return=962.19, length=78.80, success_rate=1.00, collisions/ep=1.00
Solved-check at update 115: solved=False worst_gap=51.08 at p_x0=0.00 p_y0=-1.00 (consecutive=0)
update=116 global_step=237568 SPS=841 w_ev=0.173 m_ev=0.897 m_v_bias=-5.9 m_adv_std=68.4993 m_kl_max=0.0083 m_ratio_max=0.433 w_ax@goal=+0.74 w_v@goal=3.85 return=893.8 length=87 success_rate=1.00 collisions/ep=2.21 (n=24)
update=117 global_step=239616 SPS=844 w_ev=0.163 m_ev=0.892 m_v_bias=2.1 m_adv_std=76.5956 m_kl_max=0.0140 m_ratio_max=0.587 w_ax@goal=+0.74 w_v@goal=3.70 return=841.3 length=86 success_rate=1.00 collisions/ep=3.25 (n=24)
update=118 global_step=241664 SPS=847 w_ev=0.222 m_ev=0.902 m_v_bias=-21.6 m_adv_std=65.9036 m_kl_max=0.0098 m_ratio_max=0.729 w_ax@goal=+0.87 w_v@goal=3.61 return=887.6 length=84 success_rate=1.00 collisions/ep=2.39 (n=23)
update=119 global_step=243712 SPS=850 w_ev=0.208 m_ev=0.926 m_v_bias=10.5 m_adv_std=58.3127 m_kl_max=0.0173 m_ratio_max=0.862 w_ax@goal=+0.79 w_v@goal=3.80 return=895.2 length=86 success_rate=1.00 collisions/ep=2.25 (n=24)
update=120 global_step=245760 SPS=853 w_ev=0.213 m_ev=0.926 m_v_bias=-5.8 m_adv_std=57.7225 m_kl_max=0.0120 m_ratio_max=0.661 w_ax@goal=+0.85 w_v@goal=3.86 return=880.9 length=86 success_rate=1.00 collisions/ep=2.48 (n=25)
Evaluation at update 120: return=962.18, length=78.85, success_rate=1.00, collisions/ep=1.00
Solved-check at update 120: solved=False worst_gap=51.03 at p_x0=0.00 p_y0=1.00 (consecutive=0)
update=121 global_step=247808 SPS=844 w_ev=0.219 m_ev=0.877 m_v_bias=15.8 m_adv_std=76.2756 m_kl_max=0.0065 m_ratio_max=0.411 w_ax@goal=+0.56 w_v@goal=3.76 return=864.2 length=88 success_rate=1.00 collisions/ep=2.77 (n=22)
update=122 global_step=249856 SPS=846 w_ev=0.180 m_ev=0.877 m_v_bias=-3.5 m_adv_std=75.4891 m_kl_max=0.0289 m_ratio_max=1.683 w_ax@goal=+0.84 w_v@goal=3.87 return=868.0 length=86 success_rate=1.00 collisions/ep=2.79 (n=24)
update=123 global_step=251904 SPS=849 w_ev=0.177 m_ev=0.904 m_v_bias=-5.9 m_adv_std=65.5870 m_kl_max=0.0101 m_ratio_max=0.518 w_ax@goal=+0.95 w_v@goal=3.91 return=896.0 length=86 success_rate=1.00 collisions/ep=2.17 (n=24)
update=124 global_step=253952 SPS=852 w_ev=0.166 m_ev=0.906 m_v_bias=2.5 m_adv_std=60.8229 m_kl_max=0.0113 m_ratio_max=0.616 w_ax@goal=+0.80 w_v@goal=3.90 return=912.6 length=87 success_rate=1.00 collisions/ep=1.87 (n=23)
update=125 global_step=256000 SPS=854 w_ev=0.164 m_ev=0.913 m_v_bias=5.5 m_adv_std=62.8326 m_kl_max=0.0111 m_ratio_max=0.611 w_ax@goal=+0.79 w_v@goal=3.93 return=893.1 length=87 success_rate=1.00 collisions/ep=2.22 (n=23)
Evaluation at update 125: return=962.23, length=78.65, success_rate=1.00, collisions/ep=1.00
Solved-check at update 125: solved=False worst_gap=50.95 at p_x0=0.50 p_y0=1.00 (consecutive=0)
update=126 global_step=258048 SPS=845 w_ev=0.227 m_ev=0.893 m_v_bias=2.0 m_adv_std=71.2437 m_kl_max=0.0102 m_ratio_max=0.593 w_ax@goal=+0.71 w_v@goal=3.77 return=841.1 length=87 success_rate=1.00 collisions/ep=3.33 (n=24)
update=127 global_step=260096 SPS=848 w_ev=0.149 m_ev=0.948 m_v_bias=-19.9 m_adv_std=44.3359 m_kl_max=0.0201 m_ratio_max=0.641 w_ax@goal=+0.68 w_v@goal=3.96 return=947.6 length=85 success_rate=1.00 collisions/ep=1.17 (n=24)
update=128 global_step=262144 SPS=850 w_ev=0.156 m_ev=0.915 m_v_bias=12.6 m_adv_std=60.6395 m_kl_max=0.0120 m_ratio_max=0.792 w_ax@goal=+0.76 w_v@goal=3.83 return=903.0 length=87 success_rate=1.00 collisions/ep=2.04 (n=23)
update=129 global_step=264192 SPS=853 w_ev=0.172 m_ev=0.880 m_v_bias=0.9 m_adv_std=74.3341 m_kl_max=0.0085 m_ratio_max=0.452 w_ax@goal=+0.70 w_v@goal=3.92 return=897.9 length=85 success_rate=1.00 collisions/ep=2.15 (n=26)
update=130 global_step=266240 SPS=856 w_ev=0.217 m_ev=0.913 m_v_bias=-21.3 m_adv_std=55.9326 m_kl_max=0.0083 m_ratio_max=0.551 w_ax@goal=+0.99 w_v@goal=3.74 return=928.6 length=83 success_rate=1.00 collisions/ep=1.62 (n=24)
Evaluation at update 130: return=1009.82, length=78.60, success_rate=1.00, collisions/ep=0.05
Solved-check at update 130: solved=False worst_gap=50.66 at p_x0=1.00 p_y0=-1.00 (consecutive=0)
update=131 global_step=268288 SPS=848 w_ev=0.168 m_ev=0.961 m_v_bias=0.5 m_adv_std=36.4803 m_kl_max=0.0110 m_ratio_max=0.859 w_ax@goal=+0.80 w_v@goal=3.83 return=937.0 length=84 success_rate=1.00 collisions/ep=1.42 (n=24)
update=132 global_step=270336 SPS=850 w_ev=0.112 m_ev=0.928 m_v_bias=15.2 m_adv_std=54.2340 m_kl_max=0.0074 m_ratio_max=0.554 w_ax@goal=+0.90 w_v@goal=4.03 return=937.5 length=87 success_rate=1.00 collisions/ep=1.42 (n=24)
update=133 global_step=272384 SPS=853 w_ev=0.122 m_ev=0.923 m_v_bias=6.5 m_adv_std=58.0809 m_kl_max=0.0307 m_ratio_max=1.934 w_ax@goal=+0.71 w_v@goal=4.00 return=914.5 length=86 success_rate=1.00 collisions/ep=1.83 (n=24)
update=134 global_step=274432 SPS=855 w_ev=0.194 m_ev=0.928 m_v_bias=-13.0 m_adv_std=53.4299 m_kl_max=0.0176 m_ratio_max=0.753 w_ax@goal=+0.93 w_v@goal=3.83 return=927.1 length=85 success_rate=1.00 collisions/ep=1.60 (n=25)
update=135 global_step=276480 SPS=858 w_ev=0.240 m_ev=0.946 m_v_bias=-9.1 m_adv_std=43.2731 m_kl_max=0.0239 m_ratio_max=0.711 w_ax@goal=+0.85 w_v@goal=3.85 return=943.5 length=83 success_rate=1.00 collisions/ep=1.27 (n=22)
Evaluation at update 135: return=982.35, length=78.55, success_rate=1.00, collisions/ep=0.60
Solved-check at update 135: solved=False worst_gap=50.96 at p_x0=0.00 p_y0=0.00 (consecutive=0)
update=136 global_step=278528 SPS=849 w_ev=0.204 m_ev=0.920 m_v_bias=9.1 m_adv_std=55.8190 m_kl_max=0.0180 m_ratio_max=0.700 w_ax@goal=+0.65 w_v@goal=3.95 return=941.0 length=83 success_rate=1.00 collisions/ep=1.31 (n=26)
update=137 global_step=280576 SPS=851 w_ev=0.301 m_ev=0.947 m_v_bias=-7.0 m_adv_std=42.9296 m_kl_max=0.0127 m_ratio_max=0.701 w_ax@goal=+0.82 w_v@goal=3.76 return=943.7 length=85 success_rate=1.00 collisions/ep=1.27 (n=26)
update=138 global_step=282624 SPS=854 w_ev=0.188 m_ev=0.920 m_v_bias=17.3 m_adv_std=55.6440 m_kl_max=0.0177 m_ratio_max=1.035 w_ax@goal=+0.75 w_v@goal=3.79 return=932.2 length=86 success_rate=1.00 collisions/ep=1.45 (n=22)
update=139 global_step=284672 SPS=856 w_ev=0.197 m_ev=0.891 m_v_bias=12.4 m_adv_std=71.4189 m_kl_max=0.0182 m_ratio_max=0.599 w_ax@goal=+0.75 w_v@goal=3.85 return=899.6 length=88 success_rate=1.00 collisions/ep=2.09 (n=22)
update=140 global_step=286720 SPS=858 w_ev=0.177 m_ev=0.932 m_v_bias=-12.6 m_adv_std=50.5568 m_kl_max=0.0165 m_ratio_max=1.108 w_ax@goal=+0.91 w_v@goal=3.84 return=921.6 length=86 success_rate=1.00 collisions/ep=1.70 (n=23)
Evaluation at update 140: return=998.79, length=79.65, success_rate=1.00, collisions/ep=0.25
Solved-check at update 140: solved=False worst_gap=53.25 at p_x0=1.50 p_y0=-1.00 (consecutive=0)
update=141 global_step=288768 SPS=850 w_ev=0.197 m_ev=0.953 m_v_bias=5.8 m_adv_std=42.4198 m_kl_max=0.0534 m_ratio_max=2.418 w_ax@goal=+0.82 w_v@goal=4.01 return=925.7 length=88 success_rate=1.00 collisions/ep=1.54 (n=24)
update=142 global_step=290816 SPS=853 w_ev=0.146 m_ev=0.911 m_v_bias=7.9 m_adv_std=61.8755 m_kl_max=0.0244 m_ratio_max=0.681 w_ax@goal=+0.58 w_v@goal=3.92 return=928.9 length=89 success_rate=1.00 collisions/ep=1.54 (n=24)
update=143 global_step=292864 SPS=855 w_ev=0.175 m_ev=0.926 m_v_bias=8.2 m_adv_std=56.8685 m_kl_max=0.0076 m_ratio_max=0.546 w_ax@goal=+0.85 w_v@goal=3.87 return=923.1 length=91 success_rate=1.00 collisions/ep=1.61 (n=23)
update=144 global_step=294912 SPS=857 w_ev=0.138 m_ev=0.931 m_v_bias=1.2 m_adv_std=54.0857 m_kl_max=0.0091 m_ratio_max=0.339 w_ax@goal=+0.47 w_v@goal=3.99 return=931.8 length=91 success_rate=1.00 collisions/ep=1.46 (n=24)
update=145 global_step=296960 SPS=859 w_ev=0.149 m_ev=0.882 m_v_bias=21.3 m_adv_std=76.5105 m_kl_max=0.0387 m_ratio_max=0.962 w_ax@goal=+0.40 w_v@goal=4.02 return=843.0 length=88 success_rate=1.00 collisions/ep=3.17 (n=23)
Evaluation at update 145: return=1011.73, length=79.25, success_rate=1.00, collisions/ep=0.00
Solved-check at update 145: solved=True worst_gap=2.84 at p_x0=0.00 p_y0=-1.00 (consecutive=0)
update=146 global_step=299008 SPS=850 w_ev=0.143 m_ev=0.912 m_v_bias=-26.6 m_adv_std=60.5130 m_kl_max=0.0102 m_ratio_max=0.580 w_ax@goal=+0.66 w_v@goal=3.93 return=932.9 length=85 success_rate=1.00 collisions/ep=1.52 (n=25)
update=147 global_step=301056 SPS=853 w_ev=0.158 m_ev=0.916 m_v_bias=0.1 m_adv_std=55.4939 m_kl_max=0.0158 m_ratio_max=0.556 w_ax@goal=+0.58 w_v@goal=3.95 return=928.9 length=87 success_rate=1.00 collisions/ep=1.48 (n=23)
update=148 global_step=303104 SPS=855 w_ev=0.164 m_ev=0.952 m_v_bias=-7.8 m_adv_std=42.2399 m_kl_max=0.0038 m_ratio_max=0.329 w_ax@goal=+0.70 w_v@goal=3.94 return=938.3 length=87 success_rate=1.00 collisions/ep=1.41 (n=22)
update=149 global_step=305152 SPS=857 w_ev=0.178 m_ev=0.818 m_v_bias=34.7 m_adv_std=97.4385 m_kl_max=0.0280 m_ratio_max=1.202 w_ax@goal=+0.72 w_v@goal=4.01 return=889.7 length=90 success_rate=1.00 collisions/ep=2.30 (n=23)
update=150 global_step=307200 SPS=859 w_ev=0.174 m_ev=0.935 m_v_bias=-39.7 m_adv_std=48.3726 m_kl_max=0.0210 m_ratio_max=1.279 w_ax@goal=+0.55 w_v@goal=4.06 return=929.8 length=88 success_rate=1.00 collisions/ep=1.50 (n=22)
Evaluation at update 150: return=1012.44, length=78.50, success_rate=1.00, collisions/ep=0.00
Solved-check at update 150: solved=True worst_gap=0.96 at p_x0=0.00 p_y0=-1.00 (consecutive=1)
Solved criterion held for 2 consecutive evals (tolerance=5.0) at global_step=307200.
update=151 global_step=309248 SPS=852 w_ev=0.173 m_ev=0.950 m_v_bias=-7.8 m_adv_std=40.1616 m_kl_max=0.0087 m_ratio_max=0.497 w_ax@goal=+0.73 w_v@goal=4.10 return=962.8 length=85 success_rate=1.00 collisions/ep=0.96 (n=24)
update=152 global_step=311296 SPS=854 w_ev=0.213 m_ev=0.924 m_v_bias=13.6 m_adv_std=55.2639 m_kl_max=0.0083 m_ratio_max=0.387 w_ax@goal=+0.56 w_v@goal=4.02 return=925.4 length=87 success_rate=1.00 collisions/ep=1.60 (n=25)
update=153 global_step=313344 SPS=856 w_ev=0.223 m_ev=0.889 m_v_bias=13.7 m_adv_std=68.3291 m_kl_max=0.0098 m_ratio_max=0.434 w_ax@goal=+0.97 w_v@goal=3.94 return=899.1 length=83 success_rate=1.00 collisions/ep=2.15 (n=26)
update=154 global_step=315392 SPS=858 w_ev=0.190 m_ev=0.936 m_v_bias=0.2 m_adv_std=50.7497 m_kl_max=0.0130 m_ratio_max=0.842 w_ax@goal=+0.65 w_v@goal=3.96 return=909.4 length=89 success_rate=1.00 collisions/ep=1.91 (n=23)
update=155 global_step=317440 SPS=861 w_ev=0.186 m_ev=0.957 m_v_bias=-8.7 m_adv_std=39.8813 m_kl_max=0.0302 m_ratio_max=0.897 w_ax@goal=+0.55 w_v@goal=4.06 return=931.5 length=89 success_rate=1.00 collisions/ep=1.45 (n=22)
Evaluation at update 155: return=1012.14, length=78.75, success_rate=1.00, collisions/ep=0.00
Solved-check at update 155: solved=True worst_gap=1.55 at p_x0=0.00 p_y0=-1.00 (consecutive=2)
update=156 global_step=319488 SPS=854 w_ev=0.176 m_ev=0.952 m_v_bias=-18.4 m_adv_std=40.9966 m_kl_max=0.0163 m_ratio_max=0.462 w_ax@goal=+0.58 w_v@goal=4.06 return=967.2 length=85 success_rate=1.00 collisions/ep=0.75 (n=24)
update=157 global_step=321536 SPS=856 w_ev=0.196 m_ev=0.919 m_v_bias=14.9 m_adv_std=56.9566 m_kl_max=0.0189 m_ratio_max=0.771 w_ax@goal=+0.78 w_v@goal=3.98 return=935.6 length=88 success_rate=1.00 collisions/ep=1.39 (n=23)
update=158 global_step=323584 SPS=858 w_ev=0.175 m_ev=0.913 m_v_bias=3.4 m_adv_std=59.6033 m_kl_max=0.0072 m_ratio_max=0.420 w_ax@goal=+0.38 w_v@goal=4.09 return=939.1 length=89 success_rate=1.00 collisions/ep=1.32 (n=22)
update=159 global_step=325632 SPS=860 w_ev=0.170 m_ev=0.960 m_v_bias=-10.7 m_adv_std=39.0819 m_kl_max=0.0179 m_ratio_max=0.744 w_ax@goal=+0.72 w_v@goal=4.07 return=954.8 length=88 success_rate=1.00 collisions/ep=1.00 (n=24)
update=160 global_step=327680 SPS=863 w_ev=0.124 m_ev=0.858 m_v_bias=31.2 m_adv_std=81.2140 m_kl_max=0.0099 m_ratio_max=0.449 w_ax@goal=+0.59 w_v@goal=4.20 return=901.5 length=88 success_rate=1.00 collisions/ep=2.04 (n=24)
Evaluation at update 160: return=1011.02, length=79.90, success_rate=1.00, collisions/ep=0.00
Solved-check at update 160: solved=True worst_gap=3.76 at p_x0=0.00 p_y0=-0.50 (consecutive=3)
update=161 global_step=329728 SPS=855 w_ev=0.145 m_ev=0.933 m_v_bias=-12.4 m_adv_std=51.4822 m_kl_max=0.0239 m_ratio_max=1.117 w_ax@goal=+0.55 w_v@goal=4.07 return=909.0 length=88 success_rate=1.00 collisions/ep=1.90 (n=21)
update=162 global_step=331776 SPS=857 w_ev=0.210 m_ev=0.931 m_v_bias=6.2 m_adv_std=55.8597 m_kl_max=0.0150 m_ratio_max=0.571 w_ax@goal=+0.83 w_v@goal=3.94 return=910.5 length=87 success_rate=1.00 collisions/ep=1.88 (n=24)
update=163 global_step=333824 SPS=859 w_ev=0.214 m_ev=0.954 m_v_bias=-16.7 m_adv_std=42.4680 m_kl_max=0.0068 m_ratio_max=0.384 w_ax@goal=+0.67 w_v@goal=3.93 return=922.8 length=91 success_rate=1.00 collisions/ep=1.62 (n=24)
update=164 global_step=335872 SPS=861 w_ev=0.168 m_ev=0.923 m_v_bias=4.1 m_adv_std=56.5773 m_kl_max=0.0077 m_ratio_max=0.725 w_ax@goal=+0.68 w_v@goal=3.82 return=933.0 length=88 success_rate=1.00 collisions/ep=1.43 (n=23)
update=165 global_step=337920 SPS=863 w_ev=0.112 m_ev=0.897 m_v_bias=12.9 m_adv_std=68.4191 m_kl_max=0.0126 m_ratio_max=0.511 w_ax@goal=+0.50 w_v@goal=4.00 return=896.6 length=90 success_rate=1.00 collisions/ep=2.09 (n=23)
Evaluation at update 165: return=1009.83, length=81.10, success_rate=1.00, collisions/ep=0.00
Solved-check at update 165: solved=False worst_gap=5.01 at p_x0=0.00 p_y0=-0.50 (consecutive=4)
update=166 global_step=339968 SPS=856 w_ev=0.097 m_ev=0.935 m_v_bias=7.1 m_adv_std=55.6926 m_kl_max=0.0088 m_ratio_max=0.521 w_ax@goal=+0.55 w_v@goal=4.05 return=890.6 length=91 success_rate=1.00 collisions/ep=2.23 (n=22)
update=167 global_step=342016 SPS=858 w_ev=0.060 m_ev=0.898 m_v_bias=2.8 m_adv_std=69.1363 m_kl_max=0.0089 m_ratio_max=0.566 w_ax@goal=+0.58 w_v@goal=4.15 return=895.0 length=89 success_rate=1.00 collisions/ep=2.16 (n=25)
update=168 global_step=344064 SPS=860 w_ev=0.130 m_ev=0.959 m_v_bias=-29.6 m_adv_std=40.4811 m_kl_max=0.0115 m_ratio_max=0.492 w_ax@goal=+0.78 w_v@goal=4.01 return=950.5 length=87 success_rate=1.00 collisions/ep=1.09 (n=23)
update=169 global_step=346112 SPS=862 w_ev=0.074 m_ev=0.946 m_v_bias=2.2 m_adv_std=45.2585 m_kl_max=0.0133 m_ratio_max=0.661 w_ax@goal=+0.42 w_v@goal=4.05 return=926.0 length=88 success_rate=1.00 collisions/ep=1.57 (n=23)
update=170 global_step=348160 SPS=864 w_ev=0.096 m_ev=0.891 m_v_bias=7.9 m_adv_std=66.4597 m_kl_max=0.0075 m_ratio_max=0.407 w_ax@goal=+0.57 w_v@goal=4.13 return=931.6 length=84 success_rate=1.00 collisions/ep=1.46 (n=24)
Evaluation at update 170: return=1006.70, length=79.30, success_rate=1.00, collisions/ep=0.10
Solved-check at update 170: solved=False worst_gap=101.49 at p_x0=0.50 p_y0=1.00 (consecutive=0)
update=171 global_step=350208 SPS=858 w_ev=0.144 m_ev=0.882 m_v_bias=10.6 m_adv_std=71.6612 m_kl_max=0.0146 m_ratio_max=0.998 w_ax@goal=+0.70 w_v@goal=3.98 return=887.3 length=86 success_rate=1.00 collisions/ep=2.33 (n=24)
update=172 global_step=352256 SPS=860 w_ev=0.160 m_ev=0.880 m_v_bias=10.1 m_adv_std=75.8445 m_kl_max=0.0203 m_ratio_max=1.119 w_ax@goal=+0.58 w_v@goal=4.00 return=886.3 length=87 success_rate=1.00 collisions/ep=2.36 (n=22)
update=173 global_step=354304 SPS=862 w_ev=0.075 m_ev=0.922 m_v_bias=-10.6 m_adv_std=58.8230 m_kl_max=0.0111 m_ratio_max=0.524 w_ax@goal=+0.53 w_v@goal=4.10 return=867.4 length=90 success_rate=1.00 collisions/ep=2.71 (n=24)
update=174 global_step=356352 SPS=864 w_ev=0.129 m_ev=0.955 m_v_bias=-23.1 m_adv_std=41.1567 m_kl_max=0.0117 m_ratio_max=0.455 w_ax@goal=+0.89 w_v@goal=3.98 return=952.5 length=86 success_rate=1.00 collisions/ep=1.09 (n=23)
update=175 global_step=358400 SPS=866 w_ev=0.125 m_ev=0.871 m_v_bias=26.9 m_adv_std=80.0882 m_kl_max=0.0198 m_ratio_max=0.847 w_ax@goal=+0.90 w_v@goal=3.94 return=915.5 length=87 success_rate=1.00 collisions/ep=1.74 (n=23)
Evaluation at update 175: return=1012.10, length=78.85, success_rate=1.00, collisions/ep=0.00
Solved-check at update 175: solved=True worst_gap=2.09 at p_x0=0.50 p_y0=-1.00 (consecutive=0)
update=176 global_step=360448 SPS=859 w_ev=0.169 m_ev=0.877 m_v_bias=1.2 m_adv_std=76.4172 m_kl_max=0.0133 m_ratio_max=0.598 w_ax@goal=+0.77 w_v@goal=3.94 return=849.6 length=86 success_rate=1.00 collisions/ep=3.12 (n=24)
update=177 global_step=362496 SPS=861 w_ev=0.200 m_ev=0.917 m_v_bias=-21.4 m_adv_std=59.5284 m_kl_max=0.0264 m_ratio_max=1.297 w_ax@goal=+0.80 w_v@goal=4.00 return=921.0 length=85 success_rate=1.00 collisions/ep=1.74 (n=23)
update=178 global_step=364544 SPS=863 w_ev=0.179 m_ev=0.952 m_v_bias=-20.1 m_adv_std=41.2034 m_kl_max=0.0134 m_ratio_max=0.559 w_ax@goal=+0.89 w_v@goal=4.04 return=962.0 length=84 success_rate=1.00 collisions/ep=0.88 (n=25)
update=179 global_step=366592 SPS=865 w_ev=0.141 m_ev=0.947 m_v_bias=8.7 m_adv_std=44.5212 m_kl_max=0.0166 m_ratio_max=0.558 w_ax@goal=+0.69 w_v@goal=3.97 return=926.7 length=87 success_rate=1.00 collisions/ep=1.57 (n=23)
update=180 global_step=368640 SPS=866 w_ev=0.179 m_ev=0.944 m_v_bias=10.1 m_adv_std=47.1471 m_kl_max=0.0167 m_ratio_max=0.625 w_ax@goal=+0.74 w_v@goal=3.98 return=934.1 length=84 success_rate=1.00 collisions/ep=1.44 (n=25)
Evaluation at update 180: return=1010.65, length=80.20, success_rate=1.00, collisions/ep=0.00
Solved-check at update 180: solved=True worst_gap=4.42 at p_x0=1.00 p_y0=-1.00 (consecutive=1)
update=181 global_step=370688 SPS=860 w_ev=0.129 m_ev=0.956 m_v_bias=-3.6 m_adv_std=40.1123 m_kl_max=0.0159 m_ratio_max=0.503 w_ax@goal=+0.44 w_v@goal=4.09 return=929.3 length=87 success_rate=1.00 collisions/ep=1.52 (n=23)
update=182 global_step=372736 SPS=861 w_ev=0.103 m_ev=0.935 m_v_bias=8.2 m_adv_std=52.8594 m_kl_max=0.0152 m_ratio_max=0.777 w_ax@goal=+0.45 w_v@goal=4.14 return=937.4 length=87 success_rate=1.00 collisions/ep=1.32 (n=25)
update=183 global_step=374784 SPS=862 w_ev=0.090 m_ev=0.964 m_v_bias=-5.5 m_adv_std=36.6706 m_kl_max=0.0073 m_ratio_max=0.518 w_ax@goal=+0.64 w_v@goal=3.88 return=942.7 length=88 success_rate=1.00 collisions/ep=1.30 (n=23)
update=184 global_step=376832 SPS=864 w_ev=0.101 m_ev=0.933 m_v_bias=4.0 m_adv_std=51.3724 m_kl_max=0.0104 m_ratio_max=0.632 w_ax@goal=+0.73 w_v@goal=3.98 return=925.3 length=88 success_rate=1.00 collisions/ep=1.58 (n=24)
update=185 global_step=378880 SPS=866 w_ev=0.100 m_ev=0.966 m_v_bias=-15.6 m_adv_std=35.7006 m_kl_max=0.0163 m_ratio_max=0.628 w_ax@goal=+0.70 w_v@goal=4.09 return=951.6 length=84 success_rate=1.00 collisions/ep=1.08 (n=25)
Evaluation at update 185: return=1010.86, length=80.00, success_rate=1.00, collisions/ep=0.00
Solved-check at update 185: solved=True worst_gap=3.81 at p_x0=0.50 p_y0=-1.00 (consecutive=2)
update=186 global_step=380928 SPS=859 w_ev=0.150 m_ev=0.955 m_v_bias=1.8 m_adv_std=39.9581 m_kl_max=0.0107 m_ratio_max=0.596 w_ax@goal=+0.50 w_v@goal=4.04 return=950.9 length=87 success_rate=1.00 collisions/ep=1.08 (n=24)
update=187 global_step=382976 SPS=860 w_ev=0.157 m_ev=0.970 m_v_bias=-13.2 m_adv_std=31.7185 m_kl_max=0.0137 m_ratio_max=0.571 w_ax@goal=+0.76 w_v@goal=3.77 return=970.5 length=86 success_rate=1.00 collisions/ep=0.75 (n=24)
update=188 global_step=385024 SPS=862 w_ev=0.146 m_ev=0.976 m_v_bias=-0.0 m_adv_std=27.9743 m_kl_max=0.0150 m_ratio_max=0.438 w_ax@goal=+0.64 w_v@goal=4.06 return=965.0 length=85 success_rate=1.00 collisions/ep=0.87 (n=23)
update=189 global_step=387072 SPS=864 w_ev=0.138 m_ev=0.975 m_v_bias=1.1 m_adv_std=27.3753 m_kl_max=0.0125 m_ratio_max=0.618 w_ax@goal=+0.85 w_v@goal=4.00 return=975.2 length=83 success_rate=1.00 collisions/ep=0.67 (n=24)
update=190 global_step=389120 SPS=865 w_ev=0.181 m_ev=0.942 m_v_bias=14.2 m_adv_std=47.1264 m_kl_max=0.0139 m_ratio_max=0.469 w_ax@goal=+0.51 w_v@goal=4.22 return=933.8 length=87 success_rate=1.00 collisions/ep=1.42 (n=24)
Evaluation at update 190: return=1012.05, length=78.85, success_rate=1.00, collisions/ep=0.00
Solved-check at update 190: solved=True worst_gap=2.21 at p_x0=0.50 p_y0=-1.00 (consecutive=3)
update=191 global_step=391168 SPS=859 w_ev=0.175 m_ev=0.946 m_v_bias=-1.4 m_adv_std=45.2997 m_kl_max=0.0097 m_ratio_max=0.499 w_ax@goal=+0.78 w_v@goal=3.94 return=952.9 length=86 success_rate=1.00 collisions/ep=1.12 (n=24)
update=192 global_step=393216 SPS=861 w_ev=0.188 m_ev=0.876 m_v_bias=15.9 m_adv_std=71.4853 m_kl_max=0.0108 m_ratio_max=0.492 w_ax@goal=+0.81 w_v@goal=3.98 return=900.3 length=84 success_rate=1.00 collisions/ep=2.12 (n=24)
update=193 global_step=395264 SPS=862 w_ev=0.230 m_ev=0.915 m_v_bias=2.8 m_adv_std=58.9716 m_kl_max=0.0114 m_ratio_max=0.507 w_ax@goal=+0.67 w_v@goal=3.99 return=917.2 length=85 success_rate=1.00 collisions/ep=1.83 (n=23)
update=194 global_step=397312 SPS=864 w_ev=0.141 m_ev=0.907 m_v_bias=-4.1 m_adv_std=62.2818 m_kl_max=0.0172 m_ratio_max=0.693 w_ax@goal=+0.47 w_v@goal=4.00 return=883.8 length=86 success_rate=1.00 collisions/ep=2.40 (n=25)
update=195 global_step=399360 SPS=866 w_ev=0.175 m_ev=0.916 m_v_bias=-11.6 m_adv_std=58.0309 m_kl_max=0.0199 m_ratio_max=0.821 w_ax@goal=+0.61 w_v@goal=3.97 return=948.8 length=86 success_rate=1.00 collisions/ep=1.12 (n=25)
Evaluation at update 195: return=1010.50, length=80.40, success_rate=1.00, collisions/ep=0.00
Solved-check at update 195: solved=True worst_gap=4.61 at p_x0=1.00 p_y0=-1.00 (consecutive=4)
update=196 global_step=401408 SPS=860 w_ev=0.196 m_ev=0.944 m_v_bias=-3.8 m_adv_std=44.3690 m_kl_max=0.0239 m_ratio_max=0.776 w_ax@goal=+0.54 w_v@goal=3.89 return=957.0 length=87 success_rate=1.00 collisions/ep=0.96 (n=23)
update=197 global_step=403456 SPS=862 w_ev=0.229 m_ev=0.955 m_v_bias=-3.3 m_adv_std=39.6676 m_kl_max=0.0184 m_ratio_max=1.159 w_ax@goal=+0.64 w_v@goal=3.75 return=967.3 length=85 success_rate=1.00 collisions/ep=0.74 (n=23)
update=198 global_step=405504 SPS=863 w_ev=0.143 m_ev=0.979 m_v_bias=-2.0 m_adv_std=26.4516 m_kl_max=0.0082 m_ratio_max=0.573 w_ax@goal=+0.47 w_v@goal=4.09 return=962.7 length=86 success_rate=1.00 collisions/ep=0.83 (n=24)
update=199 global_step=407552 SPS=865 w_ev=0.183 m_ev=0.926 m_v_bias=23.2 m_adv_std=54.2477 m_kl_max=0.0260 m_ratio_max=0.748 w_ax@goal=+0.51 w_v@goal=3.92 return=900.9 length=90 success_rate=1.00 collisions/ep=2.05 (n=22)
update=200 global_step=409600 SPS=866 w_ev=0.169 m_ev=0.953 m_v_bias=-14.7 m_adv_std=41.0552 m_kl_max=0.0223 m_ratio_max=0.707 w_ax@goal=+0.61 w_v@goal=4.10 return=971.3 length=87 success_rate=1.00 collisions/ep=0.67 (n=24)
Evaluation at update 200: return=1010.78, length=80.15, success_rate=1.00, collisions/ep=0.00
Solved-check at update 200: solved=True worst_gap=3.97 at p_x0=2.00 p_y0=-1.00 (consecutive=5)
update=201 global_step=411648 SPS=860 w_ev=0.190 m_ev=0.973 m_v_bias=-7.5 m_adv_std=30.2342 m_kl_max=0.0097 m_ratio_max=0.529 w_ax@goal=+0.50 w_v@goal=3.96 return=963.8 length=87 success_rate=1.00 collisions/ep=0.82 (n=22)
update=202 global_step=413696 SPS=862 w_ev=0.132 m_ev=0.971 m_v_bias=-2.7 m_adv_std=30.7624 m_kl_max=0.0083 m_ratio_max=0.617 w_ax@goal=+0.61 w_v@goal=4.08 return=962.4 length=85 success_rate=1.00 collisions/ep=0.92 (n=24)
update=203 global_step=415744 SPS=863 w_ev=0.210 m_ev=0.977 m_v_bias=-3.9 m_adv_std=27.0957 m_kl_max=0.0133 m_ratio_max=0.504 w_ax@goal=+0.67 w_v@goal=4.04 return=974.7 length=85 success_rate=1.00 collisions/ep=0.65 (n=26)
update=204 global_step=417792 SPS=864 w_ev=0.154 m_ev=0.963 m_v_bias=9.6 m_adv_std=35.4779 m_kl_max=0.0175 m_ratio_max=0.714 w_ax@goal=+0.57 w_v@goal=4.02 return=950.8 length=85 success_rate=1.00 collisions/ep=1.13 (n=23)
update=205 global_step=419840 SPS=866 w_ev=0.238 m_ev=0.922 m_v_bias=8.5 m_adv_std=54.6820 m_kl_max=0.0202 m_ratio_max=0.697 w_ax@goal=+0.61 w_v@goal=4.07 return=933.6 length=83 success_rate=1.00 collisions/ep=1.52 (n=25)
Evaluation at update 205: return=1011.04, length=80.10, success_rate=1.00, collisions/ep=0.00
Solved-check at update 205: solved=False worst_gap=51.95 at p_x0=0.00 p_y0=0.50 (consecutive=6)
update=206 global_step=421888 SPS=861 w_ev=0.236 m_ev=0.969 m_v_bias=-8.7 m_adv_std=32.8325 m_kl_max=0.0161 m_ratio_max=0.562 w_ax@goal=+0.57 w_v@goal=4.04 return=956.6 length=85 success_rate=1.00 collisions/ep=1.00 (n=26)
update=207 global_step=423936 SPS=862 w_ev=0.222 m_ev=0.947 m_v_bias=6.3 m_adv_std=43.6639 m_kl_max=0.0101 m_ratio_max=0.591 w_ax@goal=+0.70 w_v@goal=3.92 return=946.4 length=85 success_rate=1.00 collisions/ep=1.22 (n=23)
update=208 global_step=425984 SPS=864 w_ev=0.107 m_ev=0.964 m_v_bias=-11.4 m_adv_std=35.3191 m_kl_max=0.0109 m_ratio_max=0.534 w_ax@goal=+0.40 w_v@goal=4.18 return=950.6 length=87 success_rate=1.00 collisions/ep=1.13 (n=23)
update=209 global_step=428032 SPS=866 w_ev=0.240 m_ev=0.983 m_v_bias=-15.4 m_adv_std=23.2278 m_kl_max=0.0122 m_ratio_max=0.488 w_ax@goal=+0.66 w_v@goal=3.92 return=987.9 length=83 success_rate=1.00 collisions/ep=0.39 (n=28)
update=210 global_step=430080 SPS=867 w_ev=0.184 m_ev=0.924 m_v_bias=14.1 m_adv_std=51.3209 m_kl_max=0.0064 m_ratio_max=0.532 w_ax@goal=+0.70 w_v@goal=3.60 return=939.7 length=82 success_rate=1.00 collisions/ep=1.38 (n=24)
Evaluation at update 210: return=1011.90, length=78.95, success_rate=1.00, collisions/ep=0.00
Solved-check at update 210: solved=False worst_gap=50.95 at p_x0=0.00 p_y0=1.00 (consecutive=0)
update=211 global_step=432128 SPS=861 w_ev=0.196 m_ev=0.919 m_v_bias=1.0 m_adv_std=53.5650 m_kl_max=0.0057 m_ratio_max=0.323 w_ax@goal=+0.73 w_v@goal=3.99 return=950.5 length=81 success_rate=1.00 collisions/ep=1.21 (n=24)
update=212 global_step=434176 SPS=863 w_ev=0.196 m_ev=0.935 m_v_bias=-6.1 m_adv_std=47.2212 m_kl_max=0.0138 m_ratio_max=0.956 w_ax@goal=+0.50 w_v@goal=4.03 return=959.1 length=82 success_rate=1.00 collisions/ep=0.96 (n=24)
update=213 global_step=436224 SPS=865 w_ev=0.257 m_ev=0.983 m_v_bias=-4.4 m_adv_std=24.2048 m_kl_max=0.0220 m_ratio_max=0.919 w_ax@goal=+0.74 w_v@goal=3.78 return=976.0 length=83 success_rate=1.00 collisions/ep=0.64 (n=25)
update=214 global_step=438272 SPS=866 w_ev=0.150 m_ev=0.965 m_v_bias=6.5 m_adv_std=34.5213 m_kl_max=0.0155 m_ratio_max=0.692 w_ax@goal=+0.61 w_v@goal=4.16 return=943.9 length=84 success_rate=1.00 collisions/ep=1.29 (n=24)
update=215 global_step=440320 SPS=868 w_ev=0.176 m_ev=0.971 m_v_bias=-1.0 m_adv_std=31.5451 m_kl_max=0.0071 m_ratio_max=0.349 w_ax@goal=+0.78 w_v@goal=3.85 return=958.5 length=83 success_rate=1.00 collisions/ep=1.04 (n=26)
Evaluation at update 215: return=1011.86, length=79.15, success_rate=1.00, collisions/ep=0.00
Solved-check at update 215: solved=True worst_gap=1.84 at p_x0=2.00 p_y0=-1.00 (consecutive=0)
update=216 global_step=442368 SPS=863 w_ev=0.128 m_ev=0.967 m_v_bias=-4.2 m_adv_std=31.3553 m_kl_max=0.0110 m_ratio_max=0.611 w_ax@goal=+0.56 w_v@goal=3.88 return=966.7 length=84 success_rate=1.00 collisions/ep=0.83 (n=24)
update=217 global_step=444416 SPS=864 w_ev=0.234 m_ev=0.962 m_v_bias=7.1 m_adv_std=35.8727 m_kl_max=0.0348 m_ratio_max=0.794 w_ax@goal=+0.68 w_v@goal=3.85 return=956.7 length=84 success_rate=1.00 collisions/ep=1.04 (n=24)
update=218 global_step=446464 SPS=865 w_ev=0.147 m_ev=0.981 m_v_bias=-10.6 m_adv_std=24.8193 m_kl_max=0.0108 m_ratio_max=0.633 w_ax@goal=+0.59 w_v@goal=4.01 return=970.1 length=84 success_rate=1.00 collisions/ep=0.84 (n=25)
update=219 global_step=448512 SPS=867 w_ev=0.257 m_ev=0.977 m_v_bias=-3.6 m_adv_std=27.6832 m_kl_max=0.0284 m_ratio_max=1.158 w_ax@goal=+0.64 w_v@goal=3.70 return=981.8 length=84 success_rate=1.00 collisions/ep=0.54 (n=24)
update=220 global_step=450560 SPS=869 w_ev=0.169 m_ev=0.984 m_v_bias=0.4 m_adv_std=22.8976 m_kl_max=0.0161 m_ratio_max=0.984 w_ax@goal=+0.66 w_v@goal=4.01 return=976.4 length=83 success_rate=1.00 collisions/ep=0.64 (n=25)
Evaluation at update 220: return=1012.01, length=78.85, success_rate=1.00, collisions/ep=0.00
Solved-check at update 220: solved=True worst_gap=1.47 at p_x0=2.00 p_y0=-1.00 (consecutive=1)
update=221 global_step=452608 SPS=863 w_ev=0.239 m_ev=0.971 m_v_bias=5.2 m_adv_std=30.2436 m_kl_max=0.0160 m_ratio_max=0.718 w_ax@goal=+0.58 w_v@goal=3.77 return=967.6 length=84 success_rate=1.00 collisions/ep=0.80 (n=25)
update=222 global_step=454656 SPS=864 w_ev=0.246 m_ev=0.979 m_v_bias=-0.5 m_adv_std=26.0527 m_kl_max=0.0154 m_ratio_max=0.605 w_ax@goal=+0.79 w_v@goal=3.74 return=966.5 length=82 success_rate=1.00 collisions/ep=0.84 (n=25)
update=223 global_step=456704 SPS=866 w_ev=0.150 m_ev=0.986 m_v_bias=-12.9 m_adv_std=20.6167 m_kl_max=0.0092 m_ratio_max=0.531 w_ax@goal=+0.90 w_v@goal=4.02 return=988.9 length=82 success_rate=1.00 collisions/ep=0.42 (n=24)
update=224 global_step=458752 SPS=867 w_ev=0.138 m_ev=0.945 m_v_bias=3.2 m_adv_std=39.8657 m_kl_max=0.0169 m_ratio_max=0.653 w_ax@goal=+0.73 w_v@goal=3.94 return=974.3 length=80 success_rate=1.00 collisions/ep=0.71 (n=24)
update=225 global_step=460800 SPS=869 w_ev=0.127 m_ev=0.958 m_v_bias=7.7 m_adv_std=38.1857 m_kl_max=0.0133 m_ratio_max=0.425 w_ax@goal=+0.88 w_v@goal=3.99 return=967.9 length=82 success_rate=1.00 collisions/ep=0.89 (n=27)
Evaluation at update 225: return=1012.17, length=78.85, success_rate=1.00, collisions/ep=0.00
Solved-check at update 225: solved=True worst_gap=1.11 at p_x0=0.00 p_y0=-1.00 (consecutive=2)
update=226 global_step=462848 SPS=863 w_ev=0.181 m_ev=0.967 m_v_bias=-4.4 m_adv_std=32.5719 m_kl_max=0.0171 m_ratio_max=0.904 w_ax@goal=+0.75 w_v@goal=4.14 return=981.5 length=83 success_rate=1.00 collisions/ep=0.64 (n=25)
update=227 global_step=464896 SPS=864 w_ev=0.199 m_ev=0.965 m_v_bias=-0.1 m_adv_std=33.3015 m_kl_max=0.0080 m_ratio_max=0.543 w_ax@goal=+0.80 w_v@goal=3.94 return=975.2 length=81 success_rate=1.00 collisions/ep=0.68 (n=25)
update=228 global_step=466944 SPS=866 w_ev=0.271 m_ev=0.983 m_v_bias=-2.9 m_adv_std=22.5550 m_kl_max=0.0076 m_ratio_max=0.742 w_ax@goal=+0.92 w_v@goal=3.89 return=990.0 length=82 success_rate=1.00 collisions/ep=0.40 (n=25)
update=229 global_step=468992 SPS=867 w_ev=0.168 m_ev=0.991 m_v_bias=-3.2 m_adv_std=16.4725 m_kl_max=0.0121 m_ratio_max=0.779 w_ax@goal=+0.66 w_v@goal=4.21 return=993.7 length=83 success_rate=1.00 collisions/ep=0.32 (n=25)
update=230 global_step=471040 SPS=869 w_ev=0.128 m_ev=0.984 m_v_bias=7.0 m_adv_std=22.0891 m_kl_max=0.0094 m_ratio_max=0.424 w_ax@goal=+0.67 w_v@goal=4.24 return=983.0 length=83 success_rate=1.00 collisions/ep=0.52 (n=25)
Evaluation at update 230: return=1012.06, length=78.95, success_rate=1.00, collisions/ep=0.00
Solved-check at update 230: solved=True worst_gap=1.25 at p_x0=0.00 p_y0=-1.00 (consecutive=3)
update=231 global_step=473088 SPS=863 w_ev=0.210 m_ev=0.990 m_v_bias=-6.3 m_adv_std=17.0912 m_kl_max=0.0105 m_ratio_max=0.529 w_ax@goal=+0.76 w_v@goal=4.00 return=996.8 length=81 success_rate=1.00 collisions/ep=0.25 (n=24)
update=232 global_step=475136 SPS=864 w_ev=0.209 m_ev=0.983 m_v_bias=3.6 m_adv_std=22.6118 m_kl_max=0.0095 m_ratio_max=0.406 w_ax@goal=+0.53 w_v@goal=4.17 return=990.2 length=81 success_rate=1.00 collisions/ep=0.38 (n=26)
update=233 global_step=477184 SPS=866 w_ev=0.200 m_ev=0.990 m_v_bias=-2.4 m_adv_std=16.6351 m_kl_max=0.0151 m_ratio_max=0.781 w_ax@goal=+0.61 w_v@goal=4.00 return=998.5 length=83 success_rate=1.00 collisions/ep=0.22 (n=23)
update=234 global_step=479232 SPS=868 w_ev=0.113 m_ev=0.955 m_v_bias=10.8 m_adv_std=38.0323 m_kl_max=0.0182 m_ratio_max=0.755 w_ax@goal=+0.66 w_v@goal=4.13 return=966.5 length=84 success_rate=1.00 collisions/ep=0.84 (n=25)
update=235 global_step=481280 SPS=869 w_ev=0.138 m_ev=0.953 m_v_bias=2.3 m_adv_std=38.2308 m_kl_max=0.0043 m_ratio_max=0.313 w_ax@goal=+0.75 w_v@goal=4.21 return=980.0 length=84 success_rate=1.00 collisions/ep=0.60 (n=25)
Evaluation at update 235: return=1012.12, length=78.95, success_rate=1.00, collisions/ep=0.00
Solved-check at update 235: solved=True worst_gap=1.12 at p_x0=0.00 p_y0=1.00 (consecutive=4)
update=236 global_step=483328 SPS=864 w_ev=0.118 m_ev=0.934 m_v_bias=6.5 m_adv_std=47.4522 m_kl_max=0.0237 m_ratio_max=1.291 w_ax@goal=+0.61 w_v@goal=4.23 return=958.0 length=82 success_rate=1.00 collisions/ep=1.00 (n=25)
update=237 global_step=485376 SPS=866 w_ev=0.169 m_ev=0.981 m_v_bias=-12.2 m_adv_std=24.0723 m_kl_max=0.0191 m_ratio_max=0.558 w_ax@goal=+0.77 w_v@goal=4.21 return=996.0 length=82 success_rate=1.00 collisions/ep=0.27 (n=26)
update=238 global_step=487424 SPS=867 w_ev=0.172 m_ev=0.983 m_v_bias=0.9 m_adv_std=22.7094 m_kl_max=0.0149 m_ratio_max=0.792 w_ax@goal=+0.63 w_v@goal=4.17 return=989.3 length=84 success_rate=1.00 collisions/ep=0.48 (n=23)
update=239 global_step=489472 SPS=869 w_ev=0.170 m_ev=0.990 m_v_bias=-5.9 m_adv_std=17.1045 m_kl_max=0.0110 m_ratio_max=0.523 w_ax@goal=+0.65 w_v@goal=4.19 return=995.6 length=81 success_rate=1.00 collisions/ep=0.35 (n=26)
update=240 global_step=491520 SPS=870 w_ev=0.156 m_ev=0.976 m_v_bias=-0.3 m_adv_std=26.2460 m_kl_max=0.0112 m_ratio_max=0.462 w_ax@goal=+0.76 w_v@goal=4.08 return=995.8 length=80 success_rate=1.00 collisions/ep=0.28 (n=25)
Evaluation at update 240: return=1012.08, length=78.95, success_rate=1.00, collisions/ep=0.00
Solved-check at update 240: solved=True worst_gap=1.23 at p_x0=0.00 p_y0=-1.00 (consecutive=5)
update=241 global_step=493568 SPS=866 w_ev=0.179 m_ev=0.986 m_v_bias=1.7 m_adv_std=20.5877 m_kl_max=0.0023 m_ratio_max=0.258 w_ax@goal=+0.81 w_v@goal=4.02 return=982.8 length=81 success_rate=1.00 collisions/ep=0.54 (n=26)
update=242 global_step=495616 SPS=867 w_ev=0.181 m_ev=0.973 m_v_bias=5.1 m_adv_std=28.7707 m_kl_max=0.0115 m_ratio_max=0.555 w_ax@goal=+0.86 w_v@goal=4.08 return=978.7 length=82 success_rate=1.00 collisions/ep=0.62 (n=26)
update=243 global_step=497664 SPS=868 w_ev=0.139 m_ev=0.990 m_v_bias=-4.2 m_adv_std=17.4120 m_kl_max=0.0123 m_ratio_max=0.453 w_ax@goal=+0.81 w_v@goal=4.23 return=993.5 length=81 success_rate=1.00 collisions/ep=0.33 (n=24)
update=244 global_step=499712 SPS=869 w_ev=0.198 m_ev=0.971 m_v_bias=2.4 m_adv_std=29.2633 m_kl_max=0.0148 m_ratio_max=0.783 w_ax@goal=+0.74 w_v@goal=3.99 return=983.7 length=79 success_rate=1.00 collisions/ep=0.52 (n=25)
update=245 global_step=501760 SPS=871 w_ev=0.224 m_ev=0.983 m_v_bias=2.0 m_adv_std=23.1200 m_kl_max=0.0041 m_ratio_max=0.320 w_ax@goal=+0.79 w_v@goal=4.06 return=977.0 length=82 success_rate=1.00 collisions/ep=0.65 (n=26)
Evaluation at update 245: return=1012.08, length=78.95, success_rate=1.00, collisions/ep=0.00
Solved-check at update 245: solved=True worst_gap=1.21 at p_x0=0.00 p_y0=-1.00 (consecutive=6)
update=246 global_step=503808 SPS=866 w_ev=0.207 m_ev=0.991 m_v_bias=-6.3 m_adv_std=16.0320 m_kl_max=0.0158 m_ratio_max=0.860 w_ax@goal=+0.80 w_v@goal=4.08 return=996.9 length=82 success_rate=1.00 collisions/ep=0.27 (n=26)
update=247 global_step=505856 SPS=868 w_ev=0.124 m_ev=0.945 m_v_bias=13.1 m_adv_std=42.0491 m_kl_max=0.0115 m_ratio_max=0.961 w_ax@goal=+0.78 w_v@goal=4.19 return=962.2 length=81 success_rate=1.00 collisions/ep=0.96 (n=24)
update=248 global_step=507904 SPS=869 w_ev=0.219 m_ev=0.963 m_v_bias=-1.3 m_adv_std=34.7343 m_kl_max=0.0099 m_ratio_max=0.701 w_ax@goal=+0.68 w_v@goal=4.27 return=983.1 length=83 success_rate=1.00 collisions/ep=0.52 (n=25)
update=249 global_step=509952 SPS=870 w_ev=0.237 m_ev=0.984 m_v_bias=-7.3 m_adv_std=21.9594 m_kl_max=0.0188 m_ratio_max=0.716 w_ax@goal=+0.54 w_v@goal=3.94 return=987.9 length=84 success_rate=1.00 collisions/ep=0.44 (n=25)
update=250 global_step=512000 SPS=872 w_ev=0.207 m_ev=0.982 m_v_bias=3.0 m_adv_std=23.5590 m_kl_max=0.0169 m_ratio_max=1.322 w_ax@goal=+0.51 w_v@goal=4.09 return=987.1 length=82 success_rate=1.00 collisions/ep=0.44 (n=25)
Evaluation at update 250: return=1012.09, length=78.95, success_rate=1.00, collisions/ep=0.00
Solved-check at update 250: solved=True worst_gap=1.16 at p_x0=0.00 p_y0=1.00 (consecutive=7)
update=251 global_step=514048 SPS=866 w_ev=0.245 m_ev=0.940 m_v_bias=6.0 m_adv_std=43.7945 m_kl_max=0.0054 m_ratio_max=0.434 w_ax@goal=+0.71 w_v@goal=3.73 return=963.6 length=83 success_rate=1.00 collisions/ep=0.92 (n=24)
update=252 global_step=516096 SPS=867 w_ev=0.110 m_ev=0.985 m_v_bias=-3.0 m_adv_std=21.3867 m_kl_max=0.0157 m_ratio_max=0.735 w_ax@goal=+0.64 w_v@goal=4.09 return=988.1 length=82 success_rate=1.00 collisions/ep=0.42 (n=24)
update=253 global_step=518144 SPS=869 w_ev=0.204 m_ev=0.985 m_v_bias=-3.6 m_adv_std=22.3155 m_kl_max=0.0087 m_ratio_max=0.397 w_ax@goal=+0.76 w_v@goal=3.86 return=979.7 length=83 success_rate=1.00 collisions/ep=0.60 (n=25)
update=254 global_step=520192 SPS=870 w_ev=0.134 m_ev=0.985 m_v_bias=5.6 m_adv_std=20.9480 m_kl_max=0.0082 m_ratio_max=0.467 w_ax@goal=+0.62 w_v@goal=4.17 return=986.0 length=84 success_rate=1.00 collisions/ep=0.46 (n=24)
update=255 global_step=522240 SPS=871 w_ev=0.167 m_ev=0.961 m_v_bias=5.6 m_adv_std=35.5805 m_kl_max=0.0135 m_ratio_max=0.661 w_ax@goal=+0.77 w_v@goal=4.17 return=967.4 length=83 success_rate=1.00 collisions/ep=0.84 (n=25)
Evaluation at update 255: return=1011.94, length=79.00, success_rate=1.00, collisions/ep=0.00
Solved-check at update 255: solved=True worst_gap=1.31 at p_x0=0.00 p_y0=1.00 (consecutive=8)
update=256 global_step=524288 SPS=867 w_ev=0.135 m_ev=0.968 m_v_bias=2.3 m_adv_std=33.0861 m_kl_max=0.0068 m_ratio_max=0.313 w_ax@goal=+0.67 w_v@goal=4.14 return=971.2 length=83 success_rate=1.00 collisions/ep=0.75 (n=24)
update=257 global_step=526336 SPS=868 w_ev=0.148 m_ev=0.973 m_v_bias=-4.4 m_adv_std=30.4654 m_kl_max=0.0100 m_ratio_max=0.658 w_ax@goal=+0.59 w_v@goal=4.01 return=984.5 length=83 success_rate=1.00 collisions/ep=0.50 (n=24)
update=258 global_step=528384 SPS=869 w_ev=0.147 m_ev=0.988 m_v_bias=-10.3 m_adv_std=19.0244 m_kl_max=0.0066 m_ratio_max=0.362 w_ax@goal=+0.60 w_v@goal=4.21 return=978.2 length=82 success_rate=1.00 collisions/ep=0.62 (n=26)
update=259 global_step=530432 SPS=871 w_ev=0.123 m_ev=0.975 m_v_bias=3.5 m_adv_std=27.4753 m_kl_max=0.0415 m_ratio_max=0.942 w_ax@goal=+0.82 w_v@goal=4.22 return=985.0 length=83 success_rate=1.00 collisions/ep=0.48 (n=25)
update=260 global_step=532480 SPS=872 w_ev=0.098 m_ev=0.980 m_v_bias=6.7 m_adv_std=24.9712 m_kl_max=0.0050 m_ratio_max=0.548 w_ax@goal=+0.66 w_v@goal=4.17 return=983.5 length=84 success_rate=1.00 collisions/ep=0.50 (n=26)
Evaluation at update 260: return=1012.15, length=78.90, success_rate=1.00, collisions/ep=0.00
Solved-check at update 260: solved=True worst_gap=1.10 at p_x0=0.00 p_y0=1.00 (consecutive=9)
update=261 global_step=534528 SPS=867 w_ev=0.168 m_ev=0.973 m_v_bias=1.9 m_adv_std=28.9732 m_kl_max=0.0104 m_ratio_max=0.632 w_ax@goal=+0.62 w_v@goal=4.11 return=972.6 length=84 success_rate=1.00 collisions/ep=0.73 (n=22)
update=262 global_step=536576 SPS=869 w_ev=0.159 m_ev=0.985 m_v_bias=-5.5 m_adv_std=21.6486 m_kl_max=0.0075 m_ratio_max=0.320 w_ax@goal=+0.68 w_v@goal=4.11 return=991.0 length=82 success_rate=1.00 collisions/ep=0.37 (n=27)
update=263 global_step=538624 SPS=870 w_ev=0.149 m_ev=0.963 m_v_bias=5.3 m_adv_std=34.6711 m_kl_max=0.0091 m_ratio_max=0.442 w_ax@goal=+0.96 w_v@goal=4.05 return=974.8 length=83 success_rate=1.00 collisions/ep=0.71 (n=24)
update=264 global_step=540672 SPS=871 w_ev=0.171 m_ev=0.965 m_v_bias=2.5 m_adv_std=34.3355 m_kl_max=0.0094 m_ratio_max=0.625 w_ax@goal=+0.80 w_v@goal=4.36 return=976.0 length=83 success_rate=1.00 collisions/ep=0.67 (n=27)
update=265 global_step=542720 SPS=872 w_ev=0.187 m_ev=0.956 m_v_bias=-1.8 m_adv_std=37.8811 m_kl_max=0.0138 m_ratio_max=0.666 w_ax@goal=+0.75 w_v@goal=4.14 return=985.0 length=82 success_rate=1.00 collisions/ep=0.50 (n=24)
Evaluation at update 265: return=1012.11, length=78.90, success_rate=1.00, collisions/ep=0.00
Solved-check at update 265: solved=True worst_gap=1.14 at p_x0=0.00 p_y0=1.00 (consecutive=10)
update=266 global_step=544768 SPS=868 w_ev=0.177 m_ev=0.988 m_v_bias=-6.7 m_adv_std=18.6693 m_kl_max=0.0063 m_ratio_max=0.392 w_ax@goal=+0.68 w_v@goal=4.25 return=989.1 length=81 success_rate=1.00 collisions/ep=0.40 (n=25)
update=267 global_step=546816 SPS=869 w_ev=0.117 m_ev=0.978 m_v_bias=0.2 m_adv_std=25.6706 m_kl_max=0.0075 m_ratio_max=0.531 w_ax@goal=+0.59 w_v@goal=4.20 return=979.9 length=82 success_rate=1.00 collisions/ep=0.58 (n=24)
update=268 global_step=548864 SPS=871 w_ev=0.154 m_ev=0.965 m_v_bias=7.4 m_adv_std=32.8123 m_kl_max=0.0127 m_ratio_max=0.469 w_ax@goal=+0.74 w_v@goal=4.18 return=989.9 length=82 success_rate=1.00 collisions/ep=0.38 (n=24)
update=269 global_step=550912 SPS=872 w_ev=0.176 m_ev=0.938 m_v_bias=9.3 m_adv_std=47.5568 m_kl_max=0.0126 m_ratio_max=0.623 w_ax@goal=+0.77 w_v@goal=3.95 return=936.2 length=83 success_rate=1.00 collisions/ep=1.44 (n=25)
update=270 global_step=552960 SPS=873 w_ev=0.194 m_ev=0.977 m_v_bias=-9.3 m_adv_std=26.4688 m_kl_max=0.0107 m_ratio_max=0.644 w_ax@goal=+0.69 w_v@goal=4.11 return=1002.3 length=84 success_rate=1.00 collisions/ep=0.12 (n=24)
Evaluation at update 270: return=1011.92, length=79.00, success_rate=1.00, collisions/ep=0.00
Solved-check at update 270: solved=True worst_gap=1.33 at p_x0=0.00 p_y0=1.00 (consecutive=11)
update=271 global_step=555008 SPS=869 w_ev=0.237 m_ev=0.988 m_v_bias=-1.6 m_adv_std=19.0208 m_kl_max=0.0072 m_ratio_max=0.439 w_ax@goal=+0.68 w_v@goal=3.93 return=988.1 length=84 success_rate=1.00 collisions/ep=0.40 (n=25)
update=272 global_step=557056 SPS=870 w_ev=0.234 m_ev=0.989 m_v_bias=3.3 m_adv_std=18.3214 m_kl_max=0.0130 m_ratio_max=0.514 w_ax@goal=+0.55 w_v@goal=3.97 return=995.1 length=85 success_rate=1.00 collisions/ep=0.28 (n=25)
update=273 global_step=559104 SPS=871 w_ev=0.132 m_ev=0.960 m_v_bias=10.9 m_adv_std=37.2103 m_kl_max=0.0063 m_ratio_max=0.417 w_ax@goal=+0.49 w_v@goal=4.13 return=976.7 length=84 success_rate=1.00 collisions/ep=0.62 (n=24)
update=274 global_step=561152 SPS=872 w_ev=0.162 m_ev=0.968 m_v_bias=-2.7 m_adv_std=32.8009 m_kl_max=0.0149 m_ratio_max=0.876 w_ax@goal=+0.46 w_v@goal=4.07 return=975.3 length=84 success_rate=1.00 collisions/ep=0.64 (n=25)
update=275 global_step=563200 SPS=873 w_ev=0.167 m_ev=0.960 m_v_bias=-6.0 m_adv_std=37.1781 m_kl_max=0.0038 m_ratio_max=0.308 w_ax@goal=+0.70 w_v@goal=3.95 return=967.3 length=83 success_rate=1.00 collisions/ep=0.83 (n=24)
Evaluation at update 275: return=1012.15, length=78.90, success_rate=1.00, collisions/ep=0.00
Solved-check at update 275: solved=True worst_gap=1.07 at p_x0=0.00 p_y0=-1.00 (consecutive=12)
update=276 global_step=565248 SPS=868 w_ev=0.149 m_ev=0.942 m_v_bias=-2.3 m_adv_std=42.5593 m_kl_max=0.0159 m_ratio_max=0.547 w_ax@goal=+0.76 w_v@goal=4.10 return=979.8 length=85 success_rate=1.00 collisions/ep=0.58 (n=24)
update=277 global_step=567296 SPS=869 w_ev=0.156 m_ev=0.957 m_v_bias=-0.3 m_adv_std=36.8625 m_kl_max=0.0033 m_ratio_max=0.277 w_ax@goal=+0.64 w_v@goal=4.22 return=978.8 length=81 success_rate=1.00 collisions/ep=0.60 (n=25)
update=278 global_step=569344 SPS=870 w_ev=0.173 m_ev=0.965 m_v_bias=-2.9 m_adv_std=33.9271 m_kl_max=0.0164 m_ratio_max=0.507 w_ax@goal=+0.75 w_v@goal=4.03 return=976.2 length=83 success_rate=1.00 collisions/ep=0.67 (n=24)
update=279 global_step=571392 SPS=872 w_ev=0.235 m_ev=0.986 m_v_bias=-5.3 m_adv_std=20.7648 m_kl_max=0.0320 m_ratio_max=1.256 w_ax@goal=+0.49 w_v@goal=4.10 return=996.3 length=85 success_rate=1.00 collisions/ep=0.25 (n=24)
update=280 global_step=573440 SPS=873 w_ev=0.195 m_ev=0.991 m_v_bias=-3.4 m_adv_std=16.2594 m_kl_max=0.0130 m_ratio_max=0.532 w_ax@goal=+0.58 w_v@goal=4.02 return=995.3 length=84 success_rate=1.00 collisions/ep=0.29 (n=24)
Evaluation at update 280: return=1012.25, length=78.65, success_rate=1.00, collisions/ep=0.00
Solved-check at update 280: solved=True worst_gap=0.92 at p_x0=0.50 p_y0=1.00 (consecutive=13)
update=281 global_step=575488 SPS=868 w_ev=0.190 m_ev=0.996 m_v_bias=-3.2 m_adv_std=11.1108 m_kl_max=0.0107 m_ratio_max=0.819 w_ax@goal=+0.91 w_v@goal=4.19 return=1004.9 length=81 success_rate=1.00 collisions/ep=0.11 (n=27)
update=282 global_step=577536 SPS=869 w_ev=0.144 m_ev=0.972 m_v_bias=5.6 m_adv_std=29.1225 m_kl_max=0.0107 m_ratio_max=0.780 w_ax@goal=+0.79 w_v@goal=4.24 return=990.4 length=81 success_rate=1.00 collisions/ep=0.38 (n=26)
update=283 global_step=579584 SPS=870 w_ev=0.209 m_ev=0.975 m_v_bias=-3.1 m_adv_std=27.4770 m_kl_max=0.0101 m_ratio_max=0.469 w_ax@goal=+0.78 w_v@goal=4.22 return=989.9 length=82 success_rate=1.00 collisions/ep=0.40 (n=25)
update=284 global_step=581632 SPS=871 w_ev=0.236 m_ev=0.993 m_v_bias=1.0 m_adv_std=13.7308 m_kl_max=0.0032 m_ratio_max=0.302 w_ax@goal=+0.63 w_v@goal=4.27 return=994.8 length=83 success_rate=1.00 collisions/ep=0.28 (n=25)
update=285 global_step=583680 SPS=872 w_ev=0.164 m_ev=0.990 m_v_bias=-1.9 m_adv_std=16.3537 m_kl_max=0.0080 m_ratio_max=0.728 w_ax@goal=+0.84 w_v@goal=4.00 return=999.1 length=82 success_rate=1.00 collisions/ep=0.21 (n=24)
Evaluation at update 285: return=1012.22, length=78.75, success_rate=1.00, collisions/ep=0.00
Solved-check at update 285: solved=False worst_gap=400.36 at p_x0=2.00 p_y0=-1.00 (consecutive=14)
update=286 global_step=585728 SPS=868 w_ev=0.199 m_ev=0.995 m_v_bias=-2.2 m_adv_std=12.3825 m_kl_max=0.0086 m_ratio_max=0.442 w_ax@goal=+0.89 w_v@goal=4.07 return=1003.4 length=83 success_rate=1.00 collisions/ep=0.12 (n=25)
update=287 global_step=587776 SPS=869 w_ev=0.282 m_ev=0.990 m_v_bias=1.3 m_adv_std=17.2597 m_kl_max=0.0089 m_ratio_max=0.416 w_ax@goal=+0.86 w_v@goal=3.81 return=997.2 length=83 success_rate=1.00 collisions/ep=0.25 (n=24)
update=288 global_step=589824 SPS=870 w_ev=0.225 m_ev=0.982 m_v_bias=3.5 m_adv_std=22.7689 m_kl_max=0.0113 m_ratio_max=0.460 w_ax@goal=+0.63 w_v@goal=4.11 return=991.2 length=80 success_rate=1.00 collisions/ep=0.36 (n=25)
update=289 global_step=591872 SPS=871 w_ev=0.264 m_ev=0.938 m_v_bias=13.5 m_adv_std=46.4645 m_kl_max=0.0186 m_ratio_max=0.915 w_ax@goal=+0.79 w_v@goal=3.98 return=959.0 length=82 success_rate=1.00 collisions/ep=1.00 (n=26)
update=290 global_step=593920 SPS=873 w_ev=0.237 m_ev=0.971 m_v_bias=-6.6 m_adv_std=29.9142 m_kl_max=0.0138 m_ratio_max=0.561 w_ax@goal=+0.71 w_v@goal=3.94 return=977.9 length=82 success_rate=1.00 collisions/ep=0.62 (n=24)
Evaluation at update 290: return=1012.17, length=78.75, success_rate=1.00, collisions/ep=0.00
Solved-check at update 290: solved=False worst_gap=50.96 at p_x0=0.00 p_y0=1.00 (consecutive=0)
update=291 global_step=595968 SPS=869 w_ev=0.231 m_ev=0.985 m_v_bias=-6.0 m_adv_std=22.0079 m_kl_max=0.0305 m_ratio_max=2.032 w_ax@goal=+0.75 w_v@goal=4.12 return=989.2 length=83 success_rate=1.00 collisions/ep=0.40 (n=25)
update=292 global_step=598016 SPS=870 w_ev=0.242 m_ev=0.991 m_v_bias=-5.9 m_adv_std=15.8084 m_kl_max=0.0151 m_ratio_max=0.588 w_ax@goal=+0.83 w_v@goal=3.89 return=983.9 length=82 success_rate=1.00 collisions/ep=0.52 (n=25)
update=293 global_step=600064 SPS=871 w_ev=0.285 m_ev=0.972 m_v_bias=4.3 m_adv_std=29.2264 m_kl_max=0.0120 m_ratio_max=0.790 w_ax@goal=+0.93 w_v@goal=3.73 return=988.1 length=82 success_rate=1.00 collisions/ep=0.44 (n=25)
update=294 global_step=602112 SPS=872 w_ev=0.299 m_ev=0.991 m_v_bias=-1.8 m_adv_std=16.4685 m_kl_max=0.0132 m_ratio_max=0.551 w_ax@goal=+0.70 w_v@goal=3.93 return=981.6 length=83 success_rate=1.00 collisions/ep=0.56 (n=25)
update=295 global_step=604160 SPS=873 w_ev=0.217 m_ev=0.962 m_v_bias=6.4 m_adv_std=35.7925 m_kl_max=0.0105 m_ratio_max=0.528 w_ax@goal=+0.81 w_v@goal=4.02 return=978.5 length=83 success_rate=1.00 collisions/ep=0.62 (n=26)
Evaluation at update 295: return=1012.15, length=78.90, success_rate=1.00, collisions/ep=0.00
Solved-check at update 295: solved=True worst_gap=1.06 at p_x0=0.00 p_y0=1.00 (consecutive=0)
update=296 global_step=606208 SPS=869 w_ev=0.320 m_ev=0.983 m_v_bias=-3.3 m_adv_std=22.6592 m_kl_max=0.0181 m_ratio_max=0.549 w_ax@goal=+0.88 w_v@goal=3.68 return=986.7 length=82 success_rate=1.00 collisions/ep=0.46 (n=24)
update=297 global_step=608256 SPS=871 w_ev=0.179 m_ev=0.982 m_v_bias=2.0 m_adv_std=23.5181 m_kl_max=0.0068 m_ratio_max=0.439 w_ax@goal=+0.78 w_v@goal=4.07 return=982.2 length=82 success_rate=1.00 collisions/ep=0.54 (n=24)
update=298 global_step=610304 SPS=872 w_ev=0.315 m_ev=0.941 m_v_bias=0.6 m_adv_std=44.2224 m_kl_max=0.0107 m_ratio_max=0.885 w_ax@goal=+1.02 w_v@goal=3.79 return=980.8 length=81 success_rate=1.00 collisions/ep=0.58 (n=26)
update=299 global_step=612352 SPS=873 w_ev=0.237 m_ev=0.976 m_v_bias=-5.0 m_adv_std=27.3238 m_kl_max=0.0080 m_ratio_max=0.517 w_ax@goal=+0.91 w_v@goal=3.66 return=989.5 length=82 success_rate=1.00 collisions/ep=0.42 (n=24)
update=300 global_step=614400 SPS=874 w_ev=0.238 m_ev=0.993 m_v_bias=-6.9 m_adv_std=13.9725 m_kl_max=0.0177 m_ratio_max=0.587 w_ax@goal=+0.97 w_v@goal=3.84 return=997.4 length=81 success_rate=1.00 collisions/ep=0.26 (n=27)
Evaluation at update 300: return=1012.07, length=78.95, success_rate=1.00, collisions/ep=0.00
Solved-check at update 300: solved=True worst_gap=1.18 at p_x0=0.00 p_y0=1.00 (consecutive=1)
update=301 global_step=616448 SPS=870 w_ev=0.219 m_ev=0.960 m_v_bias=5.6 m_adv_std=34.3378 m_kl_max=0.0117 m_ratio_max=0.670 w_ax@goal=+0.84 w_v@goal=4.05 return=989.4 length=81 success_rate=1.00 collisions/ep=0.42 (n=24)
update=302 global_step=618496 SPS=871 w_ev=0.236 m_ev=0.983 m_v_bias=2.1 m_adv_std=22.1111 m_kl_max=0.0180 m_ratio_max=0.679 w_ax@goal=+0.80 w_v@goal=3.92 return=984.8 length=81 success_rate=1.00 collisions/ep=0.50 (n=26)
update=303 global_step=620544 SPS=872 w_ev=0.202 m_ev=0.978 m_v_bias=3.6 m_adv_std=26.5994 m_kl_max=0.0197 m_ratio_max=0.691 w_ax@goal=+0.78 w_v@goal=4.13 return=977.7 length=83 success_rate=1.00 collisions/ep=0.64 (n=25)
update=304 global_step=622592 SPS=873 w_ev=0.238 m_ev=0.948 m_v_bias=1.9 m_adv_std=41.3721 m_kl_max=0.0264 m_ratio_max=0.690 w_ax@goal=+0.93 w_v@goal=4.10 return=961.6 length=82 success_rate=1.00 collisions/ep=0.96 (n=24)
update=305 global_step=624640 SPS=875 w_ev=0.144 m_ev=0.989 m_v_bias=-2.7 m_adv_std=18.2362 m_kl_max=0.0071 m_ratio_max=0.495 w_ax@goal=+0.77 w_v@goal=4.08 return=994.2 length=83 success_rate=1.00 collisions/ep=0.31 (n=26)
Evaluation at update 305: return=1011.86, length=79.00, success_rate=1.00, collisions/ep=0.00
Solved-check at update 305: solved=True worst_gap=1.42 at p_x0=0.00 p_y0=1.00 (consecutive=2)
update=306 global_step=626688 SPS=871 w_ev=0.176 m_ev=0.975 m_v_bias=-2.3 m_adv_std=27.3515 m_kl_max=0.0155 m_ratio_max=0.586 w_ax@goal=+0.72 w_v@goal=4.09 return=994.9 length=81 success_rate=1.00 collisions/ep=0.28 (n=25)
update=307 global_step=628736 SPS=872 w_ev=0.273 m_ev=0.988 m_v_bias=-1.8 m_adv_std=18.1264 m_kl_max=0.0184 m_ratio_max=0.605 w_ax@goal=+0.91 w_v@goal=3.69 return=991.3 length=83 success_rate=1.00 collisions/ep=0.38 (n=24)
update=308 global_step=630784 SPS=873 w_ev=0.271 m_ev=0.981 m_v_bias=2.9 m_adv_std=24.2541 m_kl_max=0.0045 m_ratio_max=0.400 w_ax@goal=+0.82 w_v@goal=3.80 return=997.2 length=82 success_rate=1.00 collisions/ep=0.23 (n=26)
update=309 global_step=632832 SPS=874 w_ev=0.186 m_ev=0.979 m_v_bias=4.7 m_adv_std=24.8825 m_kl_max=0.0081 m_ratio_max=0.858 w_ax@goal=+0.74 w_v@goal=3.95 return=980.0 length=83 success_rate=1.00 collisions/ep=0.58 (n=24)
update=310 global_step=634880 SPS=875 w_ev=0.203 m_ev=0.991 m_v_bias=-4.3 m_adv_std=16.5788 m_kl_max=0.0199 m_ratio_max=1.333 w_ax@goal=+0.76 w_v@goal=4.06 return=992.3 length=81 success_rate=1.00 collisions/ep=0.32 (n=25)
Evaluation at update 310: return=1011.45, length=79.45, success_rate=1.00, collisions/ep=0.00
Solved-check at update 310: solved=True worst_gap=1.89 at p_x0=0.00 p_y0=1.00 (consecutive=3)
update=311 global_step=636928 SPS=871 w_ev=0.233 m_ev=0.967 m_v_bias=6.0 m_adv_std=33.0184 m_kl_max=0.0078 m_ratio_max=0.390 w_ax@goal=+0.68 w_v@goal=3.79 return=970.5 length=82 success_rate=1.00 collisions/ep=0.76 (n=25)
update=312 global_step=638976 SPS=872 w_ev=0.242 m_ev=0.945 m_v_bias=-1.8 m_adv_std=42.1783 m_kl_max=0.0107 m_ratio_max=0.508 w_ax@goal=+0.64 w_v@goal=3.80 return=980.3 length=84 success_rate=1.00 collisions/ep=0.57 (n=23)
update=313 global_step=641024 SPS=873 w_ev=0.188 m_ev=0.994 m_v_bias=-9.0 m_adv_std=12.6735 m_kl_max=0.0173 m_ratio_max=0.680 w_ax@goal=+0.61 w_v@goal=4.02 return=999.8 length=83 success_rate=1.00 collisions/ep=0.19 (n=26)
update=314 global_step=643072 SPS=874 w_ev=0.285 m_ev=0.987 m_v_bias=2.4 m_adv_std=19.1770 m_kl_max=0.0173 m_ratio_max=0.695 w_ax@goal=+0.53 w_v@goal=4.00 return=994.3 length=82 success_rate=1.00 collisions/ep=0.28 (n=25)
update=315 global_step=645120 SPS=875 w_ev=0.334 m_ev=0.976 m_v_bias=5.0 m_adv_std=27.4759 m_kl_max=0.0197 m_ratio_max=0.805 w_ax@goal=+0.71 w_v@goal=3.78 return=978.4 length=83 success_rate=1.00 collisions/ep=0.62 (n=26)
Evaluation at update 315: return=1011.65, length=79.35, success_rate=1.00, collisions/ep=0.00
Solved-check at update 315: solved=True worst_gap=1.67 at p_x0=0.00 p_y0=-1.00 (consecutive=4)
update=316 global_step=647168 SPS=872 w_ev=0.394 m_ev=0.983 m_v_bias=2.0 m_adv_std=22.8220 m_kl_max=0.0170 m_ratio_max=0.540 w_ax@goal=+0.67 w_v@goal=3.80 return=981.4 length=83 success_rate=1.00 collisions/ep=0.56 (n=25)
update=317 global_step=649216 SPS=873 w_ev=0.191 m_ev=0.975 m_v_bias=2.6 m_adv_std=28.1887 m_kl_max=0.0256 m_ratio_max=1.627 w_ax@goal=+0.66 w_v@goal=4.02 return=975.4 length=82 success_rate=1.00 collisions/ep=0.67 (n=24)
update=318 global_step=651264 SPS=873 w_ev=0.206 m_ev=0.971 m_v_bias=6.5 m_adv_std=30.6538 m_kl_max=0.0107 m_ratio_max=0.690 w_ax@goal=+0.53 w_v@goal=3.98 return=978.3 length=83 success_rate=1.00 collisions/ep=0.58 (n=24)
update=319 global_step=653312 SPS=874 w_ev=0.259 m_ev=0.980 m_v_bias=-7.2 m_adv_std=25.3527 m_kl_max=0.0131 m_ratio_max=0.826 w_ax@goal=+0.67 w_v@goal=3.72 return=985.8 length=83 success_rate=1.00 collisions/ep=0.46 (n=24)
update=320 global_step=655360 SPS=876 w_ev=0.223 m_ev=0.992 m_v_bias=-8.3 m_adv_std=14.9725 m_kl_max=0.0123 m_ratio_max=0.507 w_ax@goal=+0.49 w_v@goal=3.80 return=984.2 length=84 success_rate=1.00 collisions/ep=0.50 (n=24)
Evaluation at update 320: return=1011.32, length=79.55, success_rate=1.00, collisions/ep=0.00
Solved-check at update 320: solved=True worst_gap=2.00 at p_x0=0.00 p_y0=-0.50 (consecutive=5)
update=321 global_step=657408 SPS=871 w_ev=0.250 m_ev=0.983 m_v_bias=5.5 m_adv_std=22.5792 m_kl_max=0.0147 m_ratio_max=0.789 w_ax@goal=+0.64 w_v@goal=3.81 return=985.3 length=82 success_rate=1.00 collisions/ep=0.48 (n=25)
update=322 global_step=659456 SPS=873 w_ev=0.212 m_ev=0.992 m_v_bias=-4.6 m_adv_std=15.3830 m_kl_max=0.0120 m_ratio_max=0.441 w_ax@goal=+0.74 w_v@goal=3.95 return=996.4 length=82 success_rate=1.00 collisions/ep=0.26 (n=27)
update=323 global_step=661504 SPS=873 w_ev=0.228 m_ev=0.985 m_v_bias=-0.1 m_adv_std=21.4044 m_kl_max=0.0128 m_ratio_max=0.588 w_ax@goal=+0.86 w_v@goal=3.74 return=989.7 length=81 success_rate=1.00 collisions/ep=0.40 (n=25)
update=324 global_step=663552 SPS=874 w_ev=0.309 m_ev=0.991 m_v_bias=-2.2 m_adv_std=15.9005 m_kl_max=0.0164 m_ratio_max=0.593 w_ax@goal=+0.69 w_v@goal=3.56 return=998.7 length=83 success_rate=1.00 collisions/ep=0.22 (n=23)
update=325 global_step=665600 SPS=876 w_ev=0.148 m_ev=0.970 m_v_bias=7.3 m_adv_std=31.2574 m_kl_max=0.0130 m_ratio_max=0.626 w_ax@goal=+0.59 w_v@goal=4.03 return=965.1 length=84 success_rate=1.00 collisions/ep=0.88 (n=25)
Evaluation at update 325: return=1011.27, length=79.70, success_rate=1.00, collisions/ep=0.00
Solved-check at update 325: solved=True worst_gap=1.94 at p_x0=0.50 p_y0=-1.00 (consecutive=6)
update=326 global_step=667648 SPS=872 w_ev=0.220 m_ev=0.985 m_v_bias=-1.2 m_adv_std=20.9511 m_kl_max=0.0267 m_ratio_max=2.190 w_ax@goal=+0.69 w_v@goal=4.09 return=993.3 length=83 success_rate=1.00 collisions/ep=0.32 (n=25)
update=327 global_step=669696 SPS=873 w_ev=0.299 m_ev=0.994 m_v_bias=-3.1 m_adv_std=12.9267 m_kl_max=0.0197 m_ratio_max=0.806 w_ax@goal=+0.79 w_v@goal=3.76 return=1001.1 length=82 success_rate=1.00 collisions/ep=0.16 (n=25)
update=328 global_step=671744 SPS=874 w_ev=0.224 m_ev=0.988 m_v_bias=5.0 m_adv_std=19.3398 m_kl_max=0.0383 m_ratio_max=1.498 w_ax@goal=+0.56 w_v@goal=4.11 return=990.0 length=84 success_rate=1.00 collisions/ep=0.38 (n=24)
update=329 global_step=673792 SPS=875 w_ev=0.310 m_ev=0.984 m_v_bias=0.8 m_adv_std=21.9125 m_kl_max=0.0149 m_ratio_max=1.311 w_ax@goal=+0.61 w_v@goal=3.82 return=991.7 length=83 success_rate=1.00 collisions/ep=0.32 (n=25)
update=330 global_step=675840 SPS=876 w_ev=0.275 m_ev=0.964 m_v_bias=5.4 m_adv_std=34.0054 m_kl_max=0.0141 m_ratio_max=0.441 w_ax@goal=+0.69 w_v@goal=3.67 return=972.9 length=81 success_rate=1.00 collisions/ep=0.72 (n=25)
Evaluation at update 330: return=1010.71, length=80.20, success_rate=1.00, collisions/ep=0.00
Solved-check at update 330: solved=True worst_gap=2.78 at p_x0=0.00 p_y0=-1.00 (consecutive=7)
update=331 global_step=677888 SPS=872 w_ev=0.304 m_ev=0.988 m_v_bias=-2.7 m_adv_std=18.4061 m_kl_max=0.0195 m_ratio_max=0.966 w_ax@goal=+0.74 w_v@goal=3.92 return=988.3 length=83 success_rate=1.00 collisions/ep=0.42 (n=24)
update=332 global_step=679936 SPS=874 w_ev=0.370 m_ev=0.948 m_v_bias=7.7 m_adv_std=41.2715 m_kl_max=0.0348 m_ratio_max=0.920 w_ax@goal=+0.75 w_v@goal=3.59 return=975.9 length=83 success_rate=1.00 collisions/ep=0.64 (n=25)
update=333 global_step=681984 SPS=875 w_ev=0.278 m_ev=0.987 m_v_bias=-5.4 m_adv_std=20.1652 m_kl_max=0.0158 m_ratio_max=1.110 w_ax@goal=+0.59 w_v@goal=3.86 return=991.1 length=82 success_rate=1.00 collisions/ep=0.35 (n=26)
update=334 global_step=684032 SPS=875 w_ev=0.274 m_ev=0.990 m_v_bias=-1.1 m_adv_std=17.3429 m_kl_max=0.0189 m_ratio_max=0.647 w_ax@goal=+0.62 w_v@goal=3.55 return=992.2 length=83 success_rate=1.00 collisions/ep=0.33 (n=24)
update=335 global_step=686080 SPS=876 w_ev=0.307 m_ev=0.989 m_v_bias=3.6 m_adv_std=18.1396 m_kl_max=0.0091 m_ratio_max=0.370 w_ax@goal=+0.42 w_v@goal=3.71 return=986.2 length=85 success_rate=1.00 collisions/ep=0.42 (n=24)
Evaluation at update 335: return=1009.36, length=81.65, success_rate=1.00, collisions/ep=0.00
Solved-check at update 335: solved=True worst_gap=4.76 at p_x0=0.00 p_y0=-1.00 (consecutive=8)
update=336 global_step=688128 SPS=873 w_ev=0.213 m_ev=0.980 m_v_bias=2.3 m_adv_std=25.3120 m_kl_max=0.0119 m_ratio_max=0.600 w_ax@goal=+0.46 w_v@goal=4.01 return=983.7 length=84 success_rate=1.00 collisions/ep=0.48 (n=25)
update=337 global_step=690176 SPS=874 w_ev=0.207 m_ev=0.968 m_v_bias=-0.9 m_adv_std=32.8121 m_kl_max=0.0067 m_ratio_max=0.474 w_ax@goal=+0.51 w_v@goal=4.01 return=987.6 length=85 success_rate=1.00 collisions/ep=0.38 (n=24)
update=338 global_step=692224 SPS=875 w_ev=0.123 m_ev=0.986 m_v_bias=-0.4 m_adv_std=20.6877 m_kl_max=0.0163 m_ratio_max=0.647 w_ax@goal=+0.58 w_v@goal=4.16 return=988.3 length=85 success_rate=1.00 collisions/ep=0.38 (n=24)
update=339 global_step=694272 SPS=876 w_ev=0.215 m_ev=0.992 m_v_bias=-0.4 m_adv_std=15.6332 m_kl_max=0.0094 m_ratio_max=0.404 w_ax@goal=+0.51 w_v@goal=4.08 return=996.5 length=85 success_rate=1.00 collisions/ep=0.20 (n=25)
update=340 global_step=696320 SPS=877 w_ev=0.218 m_ev=0.991 m_v_bias=-1.6 m_adv_std=16.5564 m_kl_max=0.0101 m_ratio_max=0.488 w_ax@goal=+0.67 w_v@goal=3.81 return=987.5 length=87 success_rate=1.00 collisions/ep=0.39 (n=23)
Evaluation at update 340: return=1009.33, length=81.50, success_rate=1.00, collisions/ep=0.00
Solved-check at update 340: solved=True worst_gap=4.96 at p_x0=0.50 p_y0=-1.00 (consecutive=9)
update=341 global_step=698368 SPS=873 w_ev=0.183 m_ev=0.974 m_v_bias=3.1 m_adv_std=28.9332 m_kl_max=0.0065 m_ratio_max=0.478 w_ax@goal=+0.63 w_v@goal=3.78 return=981.3 length=83 success_rate=1.00 collisions/ep=0.52 (n=25)
update=342 global_step=700416 SPS=874 w_ev=0.180 m_ev=0.990 m_v_bias=-1.4 m_adv_std=17.6865 m_kl_max=0.0223 m_ratio_max=0.913 w_ax@goal=+0.57 w_v@goal=3.93 return=991.7 length=86 success_rate=1.00 collisions/ep=0.30 (n=23)
update=343 global_step=702464 SPS=875 w_ev=0.259 m_ev=0.948 m_v_bias=8.5 m_adv_std=42.9793 m_kl_max=0.0069 m_ratio_max=0.459 w_ax@goal=+0.59 w_v@goal=3.76 return=969.0 length=85 success_rate=1.00 collisions/ep=0.76 (n=25)
update=344 global_step=704512 SPS=876 w_ev=0.188 m_ev=0.973 m_v_bias=-6.8 m_adv_std=29.2995 m_kl_max=0.0146 m_ratio_max=0.873 w_ax@goal=+0.76 w_v@goal=3.89 return=978.3 length=83 success_rate=1.00 collisions/ep=0.58 (n=24)
update=345 global_step=706560 SPS=877 w_ev=0.213 m_ev=0.992 m_v_bias=-7.4 m_adv_std=15.4145 m_kl_max=0.0126 m_ratio_max=0.412 w_ax@goal=+0.75 w_v@goal=3.62 return=1004.2 length=83 success_rate=1.00 collisions/ep=0.08 (n=25)
Evaluation at update 345: return=1009.66, length=81.25, success_rate=1.00, collisions/ep=0.00
Solved-check at update 345: solved=True worst_gap=4.09 at p_x0=0.00 p_y0=-1.00 (consecutive=10)
update=346 global_step=708608 SPS=873 w_ev=0.255 m_ev=0.987 m_v_bias=4.5 m_adv_std=19.8604 m_kl_max=0.0119 m_ratio_max=0.578 w_ax@goal=+0.65 w_v@goal=3.80 return=982.9 length=83 success_rate=1.00 collisions/ep=0.50 (n=24)
update=347 global_step=710656 SPS=874 w_ev=0.316 m_ev=0.992 m_v_bias=-1.2 m_adv_std=15.6950 m_kl_max=0.0151 m_ratio_max=0.506 w_ax@goal=+0.62 w_v@goal=3.70 return=996.7 length=84 success_rate=1.00 collisions/ep=0.21 (n=24)
update=348 global_step=712704 SPS=875 w_ev=0.331 m_ev=0.958 m_v_bias=4.5 m_adv_std=37.2099 m_kl_max=0.0154 m_ratio_max=0.923 w_ax@goal=+0.66 w_v@goal=3.40 return=981.8 length=85 success_rate=1.00 collisions/ep=0.50 (n=24)
update=349 global_step=714752 SPS=876 w_ev=0.267 m_ev=0.988 m_v_bias=-6.3 m_adv_std=18.0703 m_kl_max=0.0093 m_ratio_max=0.599 w_ax@goal=+0.72 w_v@goal=3.32 return=989.8 length=83 success_rate=1.00 collisions/ep=0.36 (n=25)
update=350 global_step=716800 SPS=877 w_ev=0.239 m_ev=0.978 m_v_bias=6.8 m_adv_std=27.1269 m_kl_max=0.0098 m_ratio_max=0.435 w_ax@goal=+0.49 w_v@goal=3.73 return=984.2 length=83 success_rate=1.00 collisions/ep=0.46 (n=24)
Evaluation at update 350: return=1010.70, length=80.15, success_rate=1.00, collisions/ep=0.00
Solved-check at update 350: solved=True worst_gap=2.98 at p_x0=0.00 p_y0=-1.00 (consecutive=11)
update=351 global_step=718848 SPS=873 w_ev=0.191 m_ev=0.980 m_v_bias=-6.0 m_adv_std=25.5695 m_kl_max=0.0106 m_ratio_max=0.535 w_ax@goal=+0.68 w_v@goal=3.43 return=987.3 length=82 success_rate=1.00 collisions/ep=0.42 (n=26)
update=352 global_step=720896 SPS=874 w_ev=0.099 m_ev=0.970 m_v_bias=2.2 m_adv_std=31.3539 m_kl_max=0.0216 m_ratio_max=0.803 w_ax@goal=+0.89 w_v@goal=4.04 return=974.9 length=83 success_rate=1.00 collisions/ep=0.70 (n=23)
update=353 global_step=722944 SPS=875 w_ev=0.130 m_ev=0.991 m_v_bias=-7.8 m_adv_std=15.8545 m_kl_max=0.0113 m_ratio_max=0.479 w_ax@goal=+0.82 w_v@goal=4.00 return=1005.2 length=84 success_rate=1.00 collisions/ep=0.08 (n=26)
update=354 global_step=724992 SPS=876 w_ev=0.245 m_ev=0.935 m_v_bias=14.0 m_adv_std=47.3520 m_kl_max=0.0080 m_ratio_max=0.417 w_ax@goal=+1.06 w_v@goal=3.82 return=971.4 length=81 success_rate=1.00 collisions/ep=0.75 (n=24)
update=355 global_step=727040 SPS=877 w_ev=0.298 m_ev=0.949 m_v_bias=-4.5 m_adv_std=40.7703 m_kl_max=0.0097 m_ratio_max=0.540 w_ax@goal=+0.77 w_v@goal=3.71 return=962.3 length=81 success_rate=1.00 collisions/ep=0.92 (n=26)
Evaluation at update 355: return=1010.89, length=79.95, success_rate=1.00, collisions/ep=0.00
Solved-check at update 355: solved=True worst_gap=2.66 at p_x0=0.00 p_y0=-1.00 (consecutive=12)
update=356 global_step=729088 SPS=873 w_ev=0.270 m_ev=0.931 m_v_bias=4.3 m_adv_std=49.3375 m_kl_max=0.0224 m_ratio_max=0.877 w_ax@goal=+0.83 w_v@goal=3.71 return=974.5 length=83 success_rate=1.00 collisions/ep=0.67 (n=24)
update=357 global_step=731136 SPS=874 w_ev=0.299 m_ev=0.992 m_v_bias=-11.1 m_adv_std=15.5337 m_kl_max=0.0127 m_ratio_max=0.652 w_ax@goal=+0.87 w_v@goal=3.86 return=986.8 length=82 success_rate=1.00 collisions/ep=0.48 (n=25)
update=358 global_step=733184 SPS=875 w_ev=0.272 m_ev=0.964 m_v_bias=6.9 m_adv_std=34.0540 m_kl_max=0.0225 m_ratio_max=0.868 w_ax@goal=+0.82 w_v@goal=3.70 return=967.4 length=84 success_rate=1.00 collisions/ep=0.84 (n=25)
update=359 global_step=735232 SPS=876 w_ev=0.147 m_ev=0.984 m_v_bias=-2.0 m_adv_std=22.3602 m_kl_max=0.0140 m_ratio_max=0.525 w_ax@goal=+0.95 w_v@goal=4.30 return=1001.2 length=82 success_rate=1.00 collisions/ep=0.16 (n=25)
update=360 global_step=737280 SPS=877 w_ev=0.311 m_ev=0.980 m_v_bias=0.0 m_adv_std=24.5939 m_kl_max=0.0113 m_ratio_max=0.507 w_ax@goal=+1.04 w_v@goal=3.99 return=985.9 length=84 success_rate=1.00 collisions/ep=0.48 (n=25)
Evaluation at update 360: return=1011.00, length=79.85, success_rate=1.00, collisions/ep=0.00
Solved-check at update 360: solved=True worst_gap=2.42 at p_x0=0.00 p_y0=-1.00 (consecutive=13)
update=361 global_step=739328 SPS=874 w_ev=0.348 m_ev=0.994 m_v_bias=-4.4 m_adv_std=12.7970 m_kl_max=0.0063 m_ratio_max=0.409 w_ax@goal=+0.78 w_v@goal=3.86 return=995.7 length=83 success_rate=1.00 collisions/ep=0.28 (n=25)
update=362 global_step=741376 SPS=875 w_ev=0.232 m_ev=0.991 m_v_bias=-0.6 m_adv_std=15.7434 m_kl_max=0.0097 m_ratio_max=0.423 w_ax@goal=+0.86 w_v@goal=3.98 return=998.9 length=83 success_rate=1.00 collisions/ep=0.20 (n=25)
update=363 global_step=743424 SPS=876 w_ev=0.193 m_ev=0.987 m_v_bias=3.1 m_adv_std=19.5326 m_kl_max=0.0184 m_ratio_max=1.570 w_ax@goal=+0.80 w_v@goal=3.92 return=993.7 length=82 success_rate=1.00 collisions/ep=0.29 (n=24)
update=364 global_step=745472 SPS=877 w_ev=0.267 m_ev=0.993 m_v_bias=-1.1 m_adv_std=14.0736 m_kl_max=0.0159 m_ratio_max=0.685 w_ax@goal=+0.88 w_v@goal=3.79 return=1000.0 length=84 success_rate=1.00 collisions/ep=0.16 (n=25)
update=365 global_step=747520 SPS=878 w_ev=0.232 m_ev=0.991 m_v_bias=-2.2 m_adv_std=16.0278 m_kl_max=0.0289 m_ratio_max=1.628 w_ax@goal=+0.75 w_v@goal=3.80 return=1000.4 length=83 success_rate=1.00 collisions/ep=0.17 (n=24)
Evaluation at update 365: return=1010.69, length=80.20, success_rate=1.00, collisions/ep=0.00
Solved-check at update 365: solved=True worst_gap=2.94 at p_x0=0.00 p_y0=-1.00 (consecutive=14)
update=366 global_step=749568 SPS=875 w_ev=0.230 m_ev=0.988 m_v_bias=4.6 m_adv_std=18.8379 m_kl_max=0.0230 m_ratio_max=0.825 w_ax@goal=+0.89 w_v@goal=3.80 return=996.6 length=84 success_rate=1.00 collisions/ep=0.28 (n=25)
update=367 global_step=751616 SPS=876 w_ev=0.285 m_ev=0.992 m_v_bias=-0.8 m_adv_std=14.6877 m_kl_max=0.0110 m_ratio_max=0.566 w_ax@goal=+0.78 w_v@goal=3.60 return=996.7 length=85 success_rate=1.00 collisions/ep=0.24 (n=25)
update=368 global_step=753664 SPS=876 w_ev=0.240 m_ev=0.988 m_v_bias=1.2 m_adv_std=18.1631 m_kl_max=0.0164 m_ratio_max=0.894 w_ax@goal=+0.94 w_v@goal=3.66 return=993.7 length=81 success_rate=1.00 collisions/ep=0.29 (n=24)
update=369 global_step=755712 SPS=877 w_ev=0.313 m_ev=0.994 m_v_bias=3.5 m_adv_std=13.6418 m_kl_max=0.0081 m_ratio_max=0.589 w_ax@goal=+0.63 w_v@goal=3.81 return=996.3 length=85 success_rate=1.00 collisions/ep=0.28 (n=25)
update=370 global_step=757760 SPS=878 w_ev=0.286 m_ev=0.974 m_v_bias=4.9 m_adv_std=27.7477 m_kl_max=0.0063 m_ratio_max=0.532 w_ax@goal=+0.64 w_v@goal=3.61 return=978.9 length=82 success_rate=1.00 collisions/ep=0.60 (n=25)
Evaluation at update 370: return=1011.27, length=79.70, success_rate=1.00, collisions/ep=0.00
Solved-check at update 370: solved=False worst_gap=51.53 at p_x0=2.00 p_y0=-1.00 (consecutive=15)
update=371 global_step=759808 SPS=875 w_ev=0.337 m_ev=0.984 m_v_bias=-7.6 m_adv_std=21.6556 m_kl_max=0.0112 m_ratio_max=0.645 w_ax@goal=+0.74 w_v@goal=3.71 return=996.9 length=83 success_rate=1.00 collisions/ep=0.25 (n=24)
update=372 global_step=761856 SPS=876 w_ev=0.291 m_ev=0.978 m_v_bias=4.0 m_adv_std=25.5731 m_kl_max=0.0195 m_ratio_max=0.634 w_ax@goal=+0.63 w_v@goal=3.68 return=1000.6 length=82 success_rate=1.00 collisions/ep=0.17 (n=24)
update=373 global_step=763904 SPS=877 w_ev=0.287 m_ev=0.978 m_v_bias=-4.1 m_adv_std=25.5819 m_kl_max=0.0259 m_ratio_max=0.878 w_ax@goal=+0.79 w_v@goal=3.78 return=978.5 length=81 success_rate=1.00 collisions/ep=0.65 (n=26)
update=374 global_step=765952 SPS=878 w_ev=0.269 m_ev=0.988 m_v_bias=-1.0 m_adv_std=18.4268 m_kl_max=0.0031 m_ratio_max=0.392 w_ax@goal=+0.60 w_v@goal=3.79 return=992.6 length=82 success_rate=1.00 collisions/ep=0.33 (n=24)
update=375 global_step=768000 SPS=879 w_ev=0.309 m_ev=0.994 m_v_bias=0.9 m_adv_std=12.6011 m_kl_max=0.0280 m_ratio_max=1.636 w_ax@goal=+0.67 w_v@goal=3.71 return=1000.6 length=82 success_rate=1.00 collisions/ep=0.20 (n=25)
Evaluation at update 375: return=1011.18, length=79.80, success_rate=1.00, collisions/ep=0.00
Solved-check at update 375: solved=True worst_gap=2.54 at p_x0=0.00 p_y0=-1.00 (consecutive=0)
update=376 global_step=770048 SPS=875 w_ev=0.221 m_ev=0.978 m_v_bias=11.7 m_adv_std=26.6274 m_kl_max=0.0334 m_ratio_max=0.827 w_ax@goal=+0.57 w_v@goal=3.88 return=986.3 length=86 success_rate=1.00 collisions/ep=0.44 (n=25)
update=377 global_step=772096 SPS=876 w_ev=0.278 m_ev=0.992 m_v_bias=-9.1 m_adv_std=15.1096 m_kl_max=0.0167 m_ratio_max=0.582 w_ax@goal=+0.62 w_v@goal=3.95 return=992.9 length=83 success_rate=1.00 collisions/ep=0.32 (n=25)
update=378 global_step=774144 SPS=877 w_ev=0.285 m_ev=0.968 m_v_bias=3.7 m_adv_std=31.4390 m_kl_max=0.0134 m_ratio_max=1.050 w_ax@goal=+0.55 w_v@goal=3.92 return=987.1 length=82 success_rate=1.00 collisions/ep=0.44 (n=25)
update=379 global_step=776192 SPS=878 w_ev=0.337 m_ev=0.986 m_v_bias=2.4 m_adv_std=20.1493 m_kl_max=0.0089 m_ratio_max=0.476 w_ax@goal=+0.60 w_v@goal=3.82 return=992.5 length=83 success_rate=1.00 collisions/ep=0.33 (n=24)
update=380 global_step=778240 SPS=879 w_ev=0.290 m_ev=0.989 m_v_bias=-4.6 m_adv_std=18.0479 m_kl_max=0.0077 m_ratio_max=0.354 w_ax@goal=+0.78 w_v@goal=3.74 return=991.6 length=84 success_rate=1.00 collisions/ep=0.36 (n=25)
Evaluation at update 380: return=1011.61, length=79.40, success_rate=1.00, collisions/ep=0.00
Solved-check at update 380: solved=False worst_gap=51.17 at p_x0=2.00 p_y0=-1.00 (consecutive=1)
update=381 global_step=780288 SPS=875 w_ev=0.386 m_ev=0.972 m_v_bias=6.0 m_adv_std=29.8637 m_kl_max=0.0241 m_ratio_max=0.906 w_ax@goal=+0.57 w_v@goal=3.51 return=982.3 length=83 success_rate=1.00 collisions/ep=0.62 (n=24)
update=382 global_step=782336 SPS=876 w_ev=0.257 m_ev=0.977 m_v_bias=-2.0 m_adv_std=27.1312 m_kl_max=0.0124 m_ratio_max=0.843 w_ax@goal=+0.63 w_v@goal=3.63 return=979.7 length=84 success_rate=1.00 collisions/ep=0.58 (n=24)
update=383 global_step=784384 SPS=877 w_ev=0.319 m_ev=0.981 m_v_bias=-4.2 m_adv_std=24.0827 m_kl_max=0.0178 m_ratio_max=0.657 w_ax@goal=+0.55 w_v@goal=3.57 return=971.3 length=83 success_rate=1.00 collisions/ep=0.75 (n=24)
update=384 global_step=786432 SPS=878 w_ev=0.158 m_ev=0.985 m_v_bias=1.3 m_adv_std=20.8854 m_kl_max=0.0207 m_ratio_max=0.639 w_ax@goal=+0.63 w_v@goal=3.99 return=996.5 length=84 success_rate=1.00 collisions/ep=0.25 (n=24)
update=385 global_step=788480 SPS=879 w_ev=0.277 m_ev=0.987 m_v_bias=2.8 m_adv_std=19.9652 m_kl_max=0.0063 m_ratio_max=0.530 w_ax@goal=+0.52 w_v@goal=3.71 return=986.0 length=84 success_rate=1.00 collisions/ep=0.42 (n=26)
Evaluation at update 385: return=1011.46, length=79.50, success_rate=1.00, collisions/ep=0.00
Solved-check at update 385: solved=False worst_gap=401.40 at p_x0=2.00 p_y0=-1.00 (consecutive=0)
update=386 global_step=790528 SPS=875 w_ev=0.188 m_ev=0.988 m_v_bias=-2.3 m_adv_std=18.6211 m_kl_max=0.0110 m_ratio_max=0.641 w_ax@goal=+0.53 w_v@goal=3.90 return=996.6 length=83 success_rate=1.00 collisions/ep=0.21 (n=24)
update=387 global_step=792576 SPS=876 w_ev=0.211 m_ev=0.994 m_v_bias=-3.2 m_adv_std=13.6660 m_kl_max=0.0113 m_ratio_max=0.721 w_ax@goal=+0.47 w_v@goal=3.92 return=997.5 length=85 success_rate=1.00 collisions/ep=0.23 (n=26)
update=388 global_step=794624 SPS=877 w_ev=0.137 m_ev=0.981 m_v_bias=6.6 m_adv_std=24.1424 m_kl_max=0.0159 m_ratio_max=0.625 w_ax@goal=+0.52 w_v@goal=3.88 return=976.1 length=85 success_rate=1.00 collisions/ep=0.71 (n=24)
update=389 global_step=796672 SPS=878 w_ev=0.269 m_ev=0.938 m_v_bias=9.7 m_adv_std=47.6436 m_kl_max=0.0143 m_ratio_max=0.639 w_ax@goal=+0.71 w_v@goal=3.77 return=953.2 length=83 success_rate=1.00 collisions/ep=1.08 (n=24)
update=390 global_step=798720 SPS=879 w_ev=0.124 m_ev=0.970 m_v_bias=-2.4 m_adv_std=31.0835 m_kl_max=0.0106 m_ratio_max=0.581 w_ax@goal=+0.48 w_v@goal=3.98 return=976.6 length=86 success_rate=1.00 collisions/ep=0.62 (n=24)
Evaluation at update 390: return=1010.67, length=80.30, success_rate=1.00, collisions/ep=0.00
Solved-check at update 390: solved=True worst_gap=4.06 at p_x0=0.00 p_y0=-1.00 (consecutive=0)
update=391 global_step=800768 SPS=876 w_ev=0.226 m_ev=0.984 m_v_bias=-3.5 m_adv_std=22.1291 m_kl_max=0.0091 m_ratio_max=0.459 w_ax@goal=+0.31 w_v@goal=3.81 return=997.0 length=86 success_rate=1.00 collisions/ep=0.17 (n=24)
update=392 global_step=802816 SPS=877 w_ev=0.177 m_ev=0.971 m_v_bias=1.9 m_adv_std=30.9679 m_kl_max=0.0225 m_ratio_max=0.652 w_ax@goal=+0.47 w_v@goal=3.80 return=961.0 length=83 success_rate=1.00 collisions/ep=0.96 (n=25)
update=393 global_step=804864 SPS=878 w_ev=0.117 m_ev=0.969 m_v_bias=-1.9 m_adv_std=31.8130 m_kl_max=0.0111 m_ratio_max=0.629 w_ax@goal=+0.54 w_v@goal=3.91 return=984.1 length=87 success_rate=1.00 collisions/ep=0.45 (n=22)
update=394 global_step=806912 SPS=878 w_ev=0.278 m_ev=0.986 m_v_bias=3.9 m_adv_std=21.3679 m_kl_max=0.0075 m_ratio_max=0.486 w_ax@goal=+0.44 w_v@goal=3.80 return=984.2 length=86 success_rate=1.00 collisions/ep=0.42 (n=24)
update=395 global_step=808960 SPS=879 w_ev=0.215 m_ev=0.986 m_v_bias=-6.2 m_adv_std=21.6608 m_kl_max=0.0114 m_ratio_max=0.455 w_ax@goal=+0.38 w_v@goal=3.96 return=991.8 length=86 success_rate=1.00 collisions/ep=0.32 (n=25)
Evaluation at update 395: return=1010.23, length=80.80, success_rate=1.00, collisions/ep=0.00
Solved-check at update 395: solved=True worst_gap=4.92 at p_x0=0.00 p_y0=-1.00 (consecutive=1)
update=396 global_step=811008 SPS=876 w_ev=0.237 m_ev=0.969 m_v_bias=1.0 m_adv_std=31.4287 m_kl_max=0.0185 m_ratio_max=0.742 w_ax@goal=+0.43 w_v@goal=3.71 return=986.2 length=87 success_rate=1.00 collisions/ep=0.39 (n=23)
update=397 global_step=813056 SPS=876 w_ev=0.261 m_ev=0.983 m_v_bias=1.8 m_adv_std=23.0977 m_kl_max=0.0124 m_ratio_max=0.691 w_ax@goal=+0.42 w_v@goal=3.71 return=994.0 length=86 success_rate=1.00 collisions/ep=0.22 (n=23)
update=398 global_step=815104 SPS=877 w_ev=0.362 m_ev=0.979 m_v_bias=-0.8 m_adv_std=25.5258 m_kl_max=0.0249 m_ratio_max=1.436 w_ax@goal=+0.41 w_v@goal=3.47 return=981.3 length=86 success_rate=1.00 collisions/ep=0.46 (n=24)
update=399 global_step=817152 SPS=878 w_ev=0.244 m_ev=0.987 m_v_bias=1.7 m_adv_std=20.3883 m_kl_max=0.0223 m_ratio_max=0.705 w_ax@goal=+0.31 w_v@goal=3.73 return=994.9 length=86 success_rate=1.00 collisions/ep=0.17 (n=24)
update=400 global_step=819200 SPS=879 w_ev=0.197 m_ev=0.961 m_v_bias=17.9 m_adv_std=37.8198 m_kl_max=0.0141 m_ratio_max=0.701 w_ax@goal=+0.31 w_v@goal=3.66 return=962.2 length=90 success_rate=1.00 collisions/ep=0.79 (n=24)
Evaluation at update 400: return=1006.87, length=84.05, success_rate=1.00, collisions/ep=0.00
Solved-check at update 400: solved=False worst_gap=11.24 at p_x0=0.00 p_y0=-1.00 (consecutive=2)
update=401 global_step=821248 SPS=875 w_ev=0.177 m_ev=0.920 m_v_bias=2.2 m_adv_std=54.5311 m_kl_max=0.0200 m_ratio_max=1.203 w_ax@goal=+0.42 w_v@goal=3.42 return=939.7 length=89 success_rate=1.00 collisions/ep=1.27 (n=22)
update=402 global_step=823296 SPS=876 w_ev=0.162 m_ev=0.940 m_v_bias=-7.7 m_adv_std=47.2630 m_kl_max=0.0210 m_ratio_max=0.846 w_ax@goal=+0.24 w_v@goal=3.79 return=972.9 length=87 success_rate=1.00 collisions/ep=0.61 (n=23)
update=403 global_step=825344 SPS=877 w_ev=0.214 m_ev=0.979 m_v_bias=-17.4 m_adv_std=25.4374 m_kl_max=0.0574 m_ratio_max=1.093 w_ax@goal=+0.65 w_v@goal=3.66 return=978.4 length=86 success_rate=1.00 collisions/ep=0.56 (n=25)
update=404 global_step=827392 SPS=878 w_ev=0.147 m_ev=0.984 m_v_bias=6.0 m_adv_std=22.0893 m_kl_max=0.0079 m_ratio_max=0.487 w_ax@goal=+0.44 w_v@goal=3.78 return=987.8 length=88 success_rate=1.00 collisions/ep=0.30 (n=23)
update=405 global_step=829440 SPS=879 w_ev=0.187 m_ev=0.968 m_v_bias=4.6 m_adv_std=32.4594 m_kl_max=0.0161 m_ratio_max=0.712 w_ax@goal=+0.45 w_v@goal=3.93 return=970.3 length=87 success_rate=1.00 collisions/ep=0.71 (n=21)
Evaluation at update 405: return=1008.03, length=83.00, success_rate=1.00, collisions/ep=0.00
Solved-check at update 405: solved=False worst_gap=9.91 at p_x0=0.00 p_y0=-1.00 (consecutive=0)
update=406 global_step=831488 SPS=875 w_ev=0.268 m_ev=0.987 m_v_bias=-4.1 m_adv_std=20.5814 m_kl_max=0.0145 m_ratio_max=0.491 w_ax@goal=+0.39 w_v@goal=3.80 return=986.4 length=90 success_rate=1.00 collisions/ep=0.33 (n=24)
update=407 global_step=833536 SPS=876 w_ev=0.251 m_ev=0.975 m_v_bias=-1.7 m_adv_std=29.3482 m_kl_max=0.0228 m_ratio_max=1.247 w_ax@goal=+0.66 w_v@goal=3.84 return=974.2 length=84 success_rate=1.00 collisions/ep=0.62 (n=24)
update=408 global_step=835584 SPS=877 w_ev=0.117 m_ev=0.978 m_v_bias=8.1 m_adv_std=27.5457 m_kl_max=0.0160 m_ratio_max=0.621 w_ax@goal=+0.44 w_v@goal=3.95 return=969.7 length=90 success_rate=1.00 collisions/ep=0.67 (n=24)
update=409 global_step=837632 SPS=878 w_ev=0.186 m_ev=0.984 m_v_bias=-5.0 m_adv_std=23.4090 m_kl_max=0.0089 m_ratio_max=0.417 w_ax@goal=+0.33 w_v@goal=3.75 return=972.3 length=88 success_rate=1.00 collisions/ep=0.73 (n=22)
update=410 global_step=839680 SPS=879 w_ev=0.230 m_ev=0.990 m_v_bias=-7.0 m_adv_std=17.8938 m_kl_max=0.0194 m_ratio_max=0.675 w_ax@goal=+0.31 w_v@goal=3.93 return=994.6 length=87 success_rate=1.00 collisions/ep=0.21 (n=24)
Evaluation at update 410: return=1009.79, length=81.10, success_rate=1.00, collisions/ep=0.00
Solved-check at update 410: solved=False worst_gap=7.21 at p_x0=0.00 p_y0=-1.00 (consecutive=0)
update=411 global_step=841728 SPS=876 w_ev=0.293 m_ev=0.989 m_v_bias=-2.5 m_adv_std=17.7180 m_kl_max=0.0146 m_ratio_max=0.587 w_ax@goal=+0.34 w_v@goal=3.86 return=986.6 length=87 success_rate=1.00 collisions/ep=0.39 (n=23)
update=412 global_step=843776 SPS=877 w_ev=0.292 m_ev=0.975 m_v_bias=3.2 m_adv_std=28.6882 m_kl_max=0.0380 m_ratio_max=1.450 w_ax@goal=+0.41 w_v@goal=3.66 return=970.3 length=85 success_rate=1.00 collisions/ep=0.72 (n=25)
update=413 global_step=845824 SPS=877 w_ev=0.268 m_ev=0.932 m_v_bias=17.2 m_adv_std=52.6916 m_kl_max=0.0270 m_ratio_max=1.458 w_ax@goal=+0.40 w_v@goal=3.64 return=936.1 length=86 success_rate=1.00 collisions/ep=1.42 (n=24)
update=414 global_step=847872 SPS=878 w_ev=0.361 m_ev=0.953 m_v_bias=-8.9 m_adv_std=40.4236 m_kl_max=0.0146 m_ratio_max=0.898 w_ax@goal=+0.63 w_v@goal=3.66 return=934.0 length=85 success_rate=1.00 collisions/ep=1.48 (n=23)
update=415 global_step=849920 SPS=879 w_ev=0.360 m_ev=0.930 m_v_bias=11.2 m_adv_std=55.0393 m_kl_max=0.0279 m_ratio_max=1.077 w_ax@goal=+0.47 w_v@goal=3.59 return=909.6 length=84 success_rate=1.00 collisions/ep=1.96 (n=25)
Evaluation at update 415: return=977.98, length=80.35, success_rate=1.00, collisions/ep=0.65
Solved-check at update 415: solved=False worst_gap=453.90 at p_x0=2.00 p_y0=-1.00 (consecutive=0)
update=416 global_step=851968 SPS=876 w_ev=0.341 m_ev=0.966 m_v_bias=-3.9 m_adv_std=35.4510 m_kl_max=0.0175 m_ratio_max=1.088 w_ax@goal=+0.72 w_v@goal=3.46 return=940.4 length=85 success_rate=1.00 collisions/ep=1.35 (n=23)
update=417 global_step=854016 SPS=877 w_ev=0.314 m_ev=0.976 m_v_bias=-7.2 m_adv_std=29.5052 m_kl_max=0.0175 m_ratio_max=1.091 w_ax@goal=+0.78 w_v@goal=3.71 return=956.9 length=87 success_rate=1.00 collisions/ep=1.00 (n=24)
update=418 global_step=856064 SPS=877 w_ev=0.299 m_ev=0.928 m_v_bias=3.7 m_adv_std=53.2840 m_kl_max=0.0077 m_ratio_max=0.414 w_ax@goal=+0.68 w_v@goal=3.72 return=941.7 length=85 success_rate=1.00 collisions/ep=1.29 (n=24)
update=419 global_step=858112 SPS=878 w_ev=0.357 m_ev=0.951 m_v_bias=2.8 m_adv_std=44.5989 m_kl_max=0.0224 m_ratio_max=0.546 w_ax@goal=+0.60 w_v@goal=3.70 return=941.0 length=84 success_rate=1.00 collisions/ep=1.28 (n=25)
update=420 global_step=860160 SPS=879 w_ev=0.338 m_ev=0.972 m_v_bias=-10.5 m_adv_std=31.7915 m_kl_max=0.0108 m_ratio_max=0.538 w_ax@goal=+0.65 w_v@goal=3.59 return=934.9 length=86 success_rate=1.00 collisions/ep=1.42 (n=24)
Evaluation at update 420: return=760.25, length=80.65, success_rate=1.00, collisions/ep=5.00
Solved-check at update 420: solved=False worst_gap=455.66 at p_x0=0.50 p_y0=-1.00 (consecutive=0)
update=421 global_step=862208 SPS=876 w_ev=0.345 m_ev=0.913 m_v_bias=28.0 m_adv_std=65.9220 m_kl_max=0.0221 m_ratio_max=0.839 w_ax@goal=+0.49 w_v@goal=3.61 return=881.3 length=84 success_rate=1.00 collisions/ep=2.50 (n=24)
update=422 global_step=864256 SPS=877 w_ev=0.415 m_ev=0.953 m_v_bias=-29.5 m_adv_std=41.4964 m_kl_max=0.0480 m_ratio_max=0.972 w_ax@goal=+0.62 w_v@goal=3.54 return=938.2 length=86 success_rate=1.00 collisions/ep=1.42 (n=24)
update=423 global_step=866304 SPS=878 w_ev=0.410 m_ev=0.932 m_v_bias=17.3 m_adv_std=55.7719 m_kl_max=0.0116 m_ratio_max=0.750 w_ax@goal=+0.59 w_v@goal=3.49 return=914.5 length=86 success_rate=1.00 collisions/ep=1.91 (n=23)
update=424 global_step=868352 SPS=878 w_ev=0.328 m_ev=0.951 m_v_bias=-1.6 m_adv_std=46.1128 m_kl_max=0.0298 m_ratio_max=0.875 w_ax@goal=+0.62 w_v@goal=3.70 return=910.5 length=89 success_rate=1.00 collisions/ep=1.88 (n=24)
update=425 global_step=870400 SPS=879 w_ev=0.280 m_ev=0.954 m_v_bias=-0.7 m_adv_std=43.2300 m_kl_max=0.0293 m_ratio_max=0.730 w_ax@goal=+0.68 w_v@goal=3.72 return=916.8 length=84 success_rate=1.00 collisions/ep=1.79 (n=24)
Evaluation at update 425: return=991.95, length=81.50, success_rate=1.00, collisions/ep=0.35
Solved-check at update 425: solved=False worst_gap=454.82 at p_x0=2.00 p_y0=-1.00 (consecutive=0)
update=426 global_step=872448 SPS=876 w_ev=0.392 m_ev=0.954 m_v_bias=-6.7 m_adv_std=43.4390 m_kl_max=0.0180 m_ratio_max=0.712 w_ax@goal=+0.66 w_v@goal=3.67 return=932.5 length=88 success_rate=1.00 collisions/ep=1.50 (n=24)
update=427 global_step=874496 SPS=877 w_ev=0.381 m_ev=0.946 m_v_bias=9.7 m_adv_std=46.8700 m_kl_max=0.0145 m_ratio_max=0.543 w_ax@goal=+0.40 w_v@goal=3.51 return=911.2 length=85 success_rate=1.00 collisions/ep=1.88 (n=24)
update=428 global_step=876544 SPS=877 w_ev=0.324 m_ev=0.969 m_v_bias=-14.5 m_adv_std=32.2063 m_kl_max=0.0104 m_ratio_max=0.758 w_ax@goal=+0.55 w_v@goal=3.67 return=972.3 length=88 success_rate=1.00 collisions/ep=0.65 (n=23)
update=429 global_step=878592 SPS=878 w_ev=0.414 m_ev=0.960 m_v_bias=6.7 m_adv_std=39.3361 m_kl_max=0.0244 m_ratio_max=1.009 w_ax@goal=+0.45 w_v@goal=3.54 return=943.0 length=85 success_rate=1.00 collisions/ep=1.29 (n=24)
update=430 global_step=880640 SPS=879 w_ev=0.437 m_ev=0.948 m_v_bias=-1.4 m_adv_std=42.6902 m_kl_max=0.0160 m_ratio_max=0.624 w_ax@goal=+0.49 w_v@goal=3.21 return=964.8 length=89 success_rate=1.00 collisions/ep=0.83 (n=24)
Evaluation at update 430: return=1010.27, length=80.55, success_rate=1.00, collisions/ep=0.00
Solved-check at update 430: solved=False worst_gap=53.99 at p_x0=1.50 p_y0=-1.00 (consecutive=0)
update=431 global_step=882688 SPS=876 w_ev=0.418 m_ev=0.985 m_v_bias=-7.0 m_adv_std=21.5027 m_kl_max=0.0199 m_ratio_max=0.901 w_ax@goal=+0.56 w_v@goal=3.44 return=990.0 length=86 success_rate=1.00 collisions/ep=0.32 (n=22)
update=432 global_step=884736 SPS=877 w_ev=0.329 m_ev=0.975 m_v_bias=5.8 m_adv_std=29.2641 m_kl_max=0.0167 m_ratio_max=0.567 w_ax@goal=+0.45 w_v@goal=3.65 return=984.1 length=87 success_rate=1.00 collisions/ep=0.42 (n=24)
update=433 global_step=886784 SPS=878 w_ev=0.340 m_ev=0.951 m_v_bias=4.5 m_adv_std=39.2275 m_kl_max=0.0245 m_ratio_max=0.783 w_ax@goal=+0.57 w_v@goal=3.84 return=973.4 length=85 success_rate=1.00 collisions/ep=0.79 (n=24)
update=434 global_step=888832 SPS=878 w_ev=0.330 m_ev=0.985 m_v_bias=-6.7 m_adv_std=21.8252 m_kl_max=0.0145 m_ratio_max=0.509 w_ax@goal=+0.59 w_v@goal=3.74 return=987.3 length=87 success_rate=1.00 collisions/ep=0.38 (n=24)
update=435 global_step=890880 SPS=879 w_ev=0.347 m_ev=0.977 m_v_bias=2.3 m_adv_std=27.1460 m_kl_max=0.0060 m_ratio_max=0.445 w_ax@goal=+0.62 w_v@goal=3.66 return=970.0 length=86 success_rate=1.00 collisions/ep=0.82 (n=22)
Evaluation at update 435: return=1010.39, length=80.40, success_rate=1.00, collisions/ep=0.00
Solved-check at update 435: solved=False worst_gap=53.33 at p_x0=2.00 p_y0=-1.00 (consecutive=0)
update=436 global_step=892928 SPS=876 w_ev=0.400 m_ev=0.964 m_v_bias=-0.3 m_adv_std=35.5710 m_kl_max=0.0129 m_ratio_max=0.874 w_ax@goal=+0.63 w_v@goal=3.70 return=985.2 length=86 success_rate=1.00 collisions/ep=0.42 (n=24)
update=437 global_step=894976 SPS=877 w_ev=0.440 m_ev=0.982 m_v_bias=2.7 m_adv_std=23.5168 m_kl_max=0.0304 m_ratio_max=0.749 w_ax@goal=+0.83 w_v@goal=3.51 return=973.7 length=85 success_rate=1.00 collisions/ep=0.71 (n=24)
update=438 global_step=897024 SPS=878 w_ev=0.453 m_ev=0.988 m_v_bias=-1.3 m_adv_std=19.4837 m_kl_max=0.0471 m_ratio_max=2.030 w_ax@goal=+0.64 w_v@goal=3.33 return=985.8 length=85 success_rate=1.00 collisions/ep=0.46 (n=24)
update=439 global_step=899072 SPS=879 w_ev=0.463 m_ev=0.990 m_v_bias=1.8 m_adv_std=17.4956 m_kl_max=0.0091 m_ratio_max=0.594 w_ax@goal=+0.56 w_v@goal=3.45 return=991.7 length=87 success_rate=1.00 collisions/ep=0.32 (n=25)
update=440 global_step=901120 SPS=879 w_ev=0.383 m_ev=0.939 m_v_bias=9.5 m_adv_std=45.5956 m_kl_max=0.0148 m_ratio_max=0.531 w_ax@goal=+0.44 w_v@goal=3.63 return=992.7 length=88 success_rate=1.00 collisions/ep=0.30 (n=23)
Evaluation at update 440: return=1008.77, length=82.15, success_rate=1.00, collisions/ep=0.00
Solved-check at update 440: solved=False worst_gap=55.91 at p_x0=2.00 p_y0=-1.00 (consecutive=0)
update=441 global_step=903168 SPS=876 w_ev=0.393 m_ev=0.982 m_v_bias=-2.6 m_adv_std=24.3362 m_kl_max=0.0153 m_ratio_max=0.808 w_ax@goal=+0.43 w_v@goal=3.57 return=972.4 length=87 success_rate=1.00 collisions/ep=0.67 (n=24)
update=442 global_step=905216 SPS=877 w_ev=0.311 m_ev=0.987 m_v_bias=-8.2 m_adv_std=19.8744 m_kl_max=0.0150 m_ratio_max=0.596 w_ax@goal=+0.46 w_v@goal=3.69 return=987.4 length=87 success_rate=1.00 collisions/ep=0.33 (n=24)
update=443 global_step=907264 SPS=877 w_ev=0.353 m_ev=0.991 m_v_bias=-3.1 m_adv_std=16.1291 m_kl_max=0.0093 m_ratio_max=0.547 w_ax@goal=+0.50 w_v@goal=3.63 return=1000.0 length=87 success_rate=1.00 collisions/ep=0.21 (n=24)
update=444 global_step=909312 SPS=878 w_ev=0.414 m_ev=0.991 m_v_bias=0.7 m_adv_std=17.0927 m_kl_max=0.0097 m_ratio_max=0.559 w_ax@goal=+0.51 w_v@goal=3.68 return=994.1 length=88 success_rate=1.00 collisions/ep=0.27 (n=22)
update=445 global_step=911360 SPS=879 w_ev=0.366 m_ev=0.993 m_v_bias=-2.5 m_adv_std=14.9286 m_kl_max=0.0314 m_ratio_max=0.879 w_ax@goal=+0.62 w_v@goal=3.59 return=997.9 length=85 success_rate=1.00 collisions/ep=0.20 (n=25)
Evaluation at update 445: return=1010.48, length=80.55, success_rate=1.00, collisions/ep=0.00
Solved-check at update 445: solved=True worst_gap=3.82 at p_x0=0.00 p_y0=-1.00 (consecutive=0)
update=446 global_step=913408 SPS=876 w_ev=0.342 m_ev=0.992 m_v_bias=4.2 m_adv_std=15.8348 m_kl_max=0.0084 m_ratio_max=0.475 w_ax@goal=+0.44 w_v@goal=3.77 return=995.5 length=88 success_rate=1.00 collisions/ep=0.23 (n=22)
update=447 global_step=915456 SPS=877 w_ev=0.332 m_ev=0.992 m_v_bias=2.6 m_adv_std=15.8471 m_kl_max=0.0122 m_ratio_max=0.572 w_ax@goal=+0.38 w_v@goal=3.66 return=996.2 length=86 success_rate=1.00 collisions/ep=0.21 (n=24)
update=448 global_step=917504 SPS=877 w_ev=0.342 m_ev=0.992 m_v_bias=-3.2 m_adv_std=16.1576 m_kl_max=0.0134 m_ratio_max=0.562 w_ax@goal=+0.34 w_v@goal=3.80 return=1004.1 length=84 success_rate=1.00 collisions/ep=0.04 (n=24)
update=449 global_step=919552 SPS=878 w_ev=0.371 m_ev=0.984 m_v_bias=1.1 m_adv_std=22.6377 m_kl_max=0.0191 m_ratio_max=1.025 w_ax@goal=+0.47 w_v@goal=3.90 return=989.1 length=86 success_rate=1.00 collisions/ep=0.35 (n=26)
update=450 global_step=921600 SPS=879 w_ev=0.382 m_ev=0.979 m_v_bias=1.5 m_adv_std=24.2857 m_kl_max=0.0307 m_ratio_max=1.338 w_ax@goal=+0.52 w_v@goal=3.67 return=986.7 length=84 success_rate=1.00 collisions/ep=0.39 (n=23)
Evaluation at update 450: return=1011.71, length=79.20, success_rate=1.00, collisions/ep=0.00
Solved-check at update 450: solved=True worst_gap=1.74 at p_x0=0.00 p_y0=-1.00 (consecutive=1)
update=451 global_step=923648 SPS=876 w_ev=0.388 m_ev=0.965 m_v_bias=2.2 m_adv_std=32.9232 m_kl_max=0.0135 m_ratio_max=0.605 w_ax@goal=+0.68 w_v@goal=3.67 return=991.6 length=84 success_rate=1.00 collisions/ep=0.32 (n=25)
update=452 global_step=925696 SPS=877 w_ev=0.276 m_ev=0.995 m_v_bias=-6.0 m_adv_std=12.5027 m_kl_max=0.0141 m_ratio_max=0.436 w_ax@goal=+0.60 w_v@goal=3.77 return=1005.1 length=84 success_rate=1.00 collisions/ep=0.04 (n=24)
update=453 global_step=927744 SPS=877 w_ev=0.303 m_ev=0.992 m_v_bias=-2.3 m_adv_std=15.5308 m_kl_max=0.0077 m_ratio_max=0.529 w_ax@goal=+0.72 w_v@goal=3.79 return=1000.8 length=84 success_rate=1.00 collisions/ep=0.15 (n=26)
update=454 global_step=929792 SPS=878 w_ev=0.315 m_ev=0.979 m_v_bias=4.7 m_adv_std=24.3745 m_kl_max=0.0143 m_ratio_max=0.845 w_ax@goal=+0.66 w_v@goal=3.84 return=991.3 length=82 success_rate=1.00 collisions/ep=0.33 (n=24)
update=455 global_step=931840 SPS=879 w_ev=0.304 m_ev=0.995 m_v_bias=-0.2 m_adv_std=11.9853 m_kl_max=0.0112 m_ratio_max=0.603 w_ax@goal=+0.52 w_v@goal=3.79 return=1005.9 length=85 success_rate=1.00 collisions/ep=0.04 (n=23)
Evaluation at update 455: return=1011.86, length=79.00, success_rate=1.00, collisions/ep=0.00
Solved-check at update 455: solved=True worst_gap=1.36 at p_x0=0.00 p_y0=-1.00 (consecutive=2)
update=456 global_step=933888 SPS=876 w_ev=0.317 m_ev=0.994 m_v_bias=0.7 m_adv_std=13.2157 m_kl_max=0.0175 m_ratio_max=0.528 w_ax@goal=+0.51 w_v@goal=3.82 return=1003.5 length=86 success_rate=1.00 collisions/ep=0.08 (n=24)
update=457 global_step=935936 SPS=877 w_ev=0.348 m_ev=0.994 m_v_bias=-1.4 m_adv_std=13.6379 m_kl_max=0.0108 m_ratio_max=0.486 w_ax@goal=+0.57 w_v@goal=3.77 return=1003.5 length=84 success_rate=1.00 collisions/ep=0.08 (n=24)
update=458 global_step=937984 SPS=877 w_ev=0.268 m_ev=0.993 m_v_bias=-3.4 m_adv_std=13.9523 m_kl_max=0.0139 m_ratio_max=0.695 w_ax@goal=+0.72 w_v@goal=3.62 return=1005.1 length=83 success_rate=1.00 collisions/ep=0.08 (n=24)
update=459 global_step=940032 SPS=878 w_ev=0.218 m_ev=0.992 m_v_bias=4.1 m_adv_std=15.6914 m_kl_max=0.0106 m_ratio_max=0.560 w_ax@goal=+0.63 w_v@goal=3.99 return=1003.4 length=84 success_rate=1.00 collisions/ep=0.08 (n=24)
update=460 global_step=942080 SPS=879 w_ev=0.201 m_ev=0.993 m_v_bias=-0.5 m_adv_std=14.0525 m_kl_max=0.0105 m_ratio_max=0.507 w_ax@goal=+0.53 w_v@goal=4.28 return=1001.3 length=85 success_rate=1.00 collisions/ep=0.12 (n=25)
Evaluation at update 460: return=1011.89, length=79.05, success_rate=1.00, collisions/ep=0.00
Solved-check at update 460: solved=True worst_gap=1.94 at p_x0=2.00 p_y0=-1.00 (consecutive=3)
update=461 global_step=944128 SPS=876 w_ev=0.348 m_ev=0.990 m_v_bias=2.0 m_adv_std=17.7256 m_kl_max=0.0083 m_ratio_max=0.564 w_ax@goal=+0.46 w_v@goal=3.75 return=997.0 length=86 success_rate=1.00 collisions/ep=0.26 (n=23)
update=462 global_step=946176 SPS=877 w_ev=0.232 m_ev=0.994 m_v_bias=-5.1 m_adv_std=13.4142 m_kl_max=0.0249 m_ratio_max=0.882 w_ax@goal=+0.52 w_v@goal=3.83 return=999.7 length=83 success_rate=1.00 collisions/ep=0.16 (n=25)
update=463 global_step=948224 SPS=878 w_ev=0.232 m_ev=0.981 m_v_bias=-0.8 m_adv_std=24.4069 m_kl_max=0.0251 m_ratio_max=0.941 w_ax@goal=+0.51 w_v@goal=4.00 return=999.7 length=83 success_rate=1.00 collisions/ep=0.15 (n=26)
update=464 global_step=950272 SPS=879 w_ev=0.191 m_ev=0.983 m_v_bias=4.2 m_adv_std=23.1124 m_kl_max=0.0141 m_ratio_max=0.806 w_ax@goal=+0.51 w_v@goal=3.96 return=995.3 length=83 success_rate=1.00 collisions/ep=0.25 (n=24)
update=465 global_step=952320 SPS=879 w_ev=0.250 m_ev=0.977 m_v_bias=0.4 m_adv_std=26.0523 m_kl_max=0.0194 m_ratio_max=0.682 w_ax@goal=+0.64 w_v@goal=4.14 return=990.1 length=82 success_rate=1.00 collisions/ep=0.41 (n=27)
Evaluation at update 465: return=1012.21, length=78.75, success_rate=1.00, collisions/ep=0.00
Solved-check at update 465: solved=True worst_gap=1.02 at p_x0=0.00 p_y0=-1.00 (consecutive=4)
update=466 global_step=954368 SPS=877 w_ev=0.204 m_ev=0.988 m_v_bias=-1.1 m_adv_std=19.0534 m_kl_max=0.0147 m_ratio_max=0.605 w_ax@goal=+0.73 w_v@goal=3.93 return=994.8 length=84 success_rate=1.00 collisions/ep=0.29 (n=24)
update=467 global_step=956416 SPS=877 w_ev=0.292 m_ev=0.994 m_v_bias=-6.5 m_adv_std=12.7266 m_kl_max=0.0171 m_ratio_max=0.880 w_ax@goal=+0.69 w_v@goal=4.09 return=997.2 length=81 success_rate=1.00 collisions/ep=0.24 (n=25)
update=468 global_step=958464 SPS=878 w_ev=0.176 m_ev=0.988 m_v_bias=-1.7 m_adv_std=19.0527 m_kl_max=0.0138 m_ratio_max=0.738 w_ax@goal=+0.61 w_v@goal=4.28 return=1007.5 length=83 success_rate=1.00 collisions/ep=0.04 (n=25)
update=469 global_step=960512 SPS=878 w_ev=0.266 m_ev=0.978 m_v_bias=6.2 m_adv_std=25.5103 m_kl_max=0.0302 m_ratio_max=1.148 w_ax@goal=+0.59 w_v@goal=3.81 return=981.6 length=84 success_rate=1.00 collisions/ep=0.54 (n=24)
update=470 global_step=962560 SPS=879 w_ev=0.148 m_ev=0.986 m_v_bias=-3.0 m_adv_std=20.3346 m_kl_max=0.0178 m_ratio_max=0.646 w_ax@goal=+0.70 w_v@goal=4.10 return=999.8 length=85 success_rate=1.00 collisions/ep=0.17 (n=24)
Evaluation at update 470: return=1012.16, length=78.75, success_rate=1.00, collisions/ep=0.00
Solved-check at update 470: solved=True worst_gap=1.06 at p_x0=2.00 p_y0=-1.00 (consecutive=5)
update=471 global_step=964608 SPS=876 w_ev=0.130 m_ev=0.986 m_v_bias=-1.3 m_adv_std=19.8071 m_kl_max=0.0124 m_ratio_max=0.575 w_ax@goal=+0.64 w_v@goal=4.02 return=986.7 length=82 success_rate=1.00 collisions/ep=0.48 (n=25)
update=472 global_step=966656 SPS=876 w_ev=0.191 m_ev=0.991 m_v_bias=-0.4 m_adv_std=16.1886 m_kl_max=0.0164 m_ratio_max=0.748 w_ax@goal=+0.63 w_v@goal=3.88 return=1000.9 length=81 success_rate=1.00 collisions/ep=0.16 (n=25)
update=473 global_step=968704 SPS=877 w_ev=0.272 m_ev=0.995 m_v_bias=1.4 m_adv_std=12.3541 m_kl_max=0.0179 m_ratio_max=0.928 w_ax@goal=+0.63 w_v@goal=3.68 return=1001.4 length=82 success_rate=1.00 collisions/ep=0.16 (n=25)
update=474 global_step=970752 SPS=878 w_ev=0.258 m_ev=0.984 m_v_bias=1.4 m_adv_std=21.4268 m_kl_max=0.0207 m_ratio_max=1.593 w_ax@goal=+0.55 w_v@goal=3.60 return=997.9 length=82 success_rate=1.00 collisions/ep=0.23 (n=26)
update=475 global_step=972800 SPS=878 w_ev=0.137 m_ev=0.965 m_v_bias=0.2 m_adv_std=31.9772 m_kl_max=0.0158 m_ratio_max=0.817 w_ax@goal=+0.84 w_v@goal=3.97 return=975.1 length=82 success_rate=1.00 collisions/ep=0.69 (n=26)
Evaluation at update 475: return=1012.16, length=78.75, success_rate=1.00, collisions/ep=0.00
Solved-check at update 475: solved=True worst_gap=1.03 at p_x0=0.00 p_y0=1.00 (consecutive=6)
update=476 global_step=974848 SPS=875 w_ev=0.138 m_ev=0.976 m_v_bias=-3.1 m_adv_std=26.0502 m_kl_max=0.0192 m_ratio_max=1.134 w_ax@goal=+0.82 w_v@goal=4.05 return=997.3 length=80 success_rate=1.00 collisions/ep=0.25 (n=24)
update=477 global_step=976896 SPS=876 w_ev=0.153 m_ev=0.947 m_v_bias=5.3 m_adv_std=39.5957 m_kl_max=0.0237 m_ratio_max=0.879 w_ax@goal=+0.83 w_v@goal=4.24 return=988.6 length=81 success_rate=1.00 collisions/ep=0.42 (n=24)
update=478 global_step=978944 SPS=877 w_ev=0.235 m_ev=0.985 m_v_bias=-4.9 m_adv_std=20.7213 m_kl_max=0.0286 m_ratio_max=0.809 w_ax@goal=+0.88 w_v@goal=4.00 return=994.5 length=81 success_rate=1.00 collisions/ep=0.31 (n=26)
update=479 global_step=980992 SPS=877 w_ev=0.098 m_ev=0.991 m_v_bias=-0.6 m_adv_std=16.5600 m_kl_max=0.0138 m_ratio_max=0.627 w_ax@goal=+0.80 w_v@goal=4.46 return=996.9 length=82 success_rate=1.00 collisions/ep=0.25 (n=24)
update=480 global_step=983040 SPS=878 w_ev=0.184 m_ev=0.991 m_v_bias=0.5 m_adv_std=16.0728 m_kl_max=0.0092 m_ratio_max=0.513 w_ax@goal=+0.62 w_v@goal=4.15 return=994.7 length=82 success_rate=1.00 collisions/ep=0.28 (n=25)
Evaluation at update 480: return=1011.85, length=79.05, success_rate=1.00, collisions/ep=0.00
Solved-check at update 480: solved=True worst_gap=1.45 at p_x0=0.00 p_y0=-1.00 (consecutive=7)
update=481 global_step=985088 SPS=876 w_ev=0.219 m_ev=0.987 m_v_bias=3.0 m_adv_std=18.9253 m_kl_max=0.0185 m_ratio_max=0.552 w_ax@goal=+0.69 w_v@goal=3.81 return=990.8 length=84 success_rate=1.00 collisions/ep=0.36 (n=25)
update=482 global_step=987136 SPS=876 w_ev=0.196 m_ev=0.926 m_v_bias=8.2 m_adv_std=48.4879 m_kl_max=0.0572 m_ratio_max=2.615 w_ax@goal=+0.59 w_v@goal=4.20 return=972.4 length=83 success_rate=1.00 collisions/ep=0.72 (n=25)
update=483 global_step=989184 SPS=877 w_ev=0.144 m_ev=0.988 m_v_bias=-7.4 m_adv_std=19.0882 m_kl_max=0.0255 m_ratio_max=0.808 w_ax@goal=+0.68 w_v@goal=4.15 return=993.5 length=85 success_rate=1.00 collisions/ep=0.30 (n=23)
update=484 global_step=991232 SPS=878 w_ev=0.134 m_ev=0.988 m_v_bias=1.1 m_adv_std=18.6877 m_kl_max=0.0369 m_ratio_max=1.423 w_ax@goal=+0.50 w_v@goal=4.13 return=998.1 length=82 success_rate=1.00 collisions/ep=0.20 (n=25)
update=485 global_step=993280 SPS=878 w_ev=0.128 m_ev=0.988 m_v_bias=1.5 m_adv_std=18.5198 m_kl_max=0.0169 m_ratio_max=1.334 w_ax@goal=+0.47 w_v@goal=4.25 return=996.1 length=83 success_rate=1.00 collisions/ep=0.24 (n=25)
Evaluation at update 485: return=1011.70, length=79.20, success_rate=1.00, collisions/ep=0.00
Solved-check at update 485: solved=True worst_gap=1.67 at p_x0=0.00 p_y0=-1.00 (consecutive=8)
update=486 global_step=995328 SPS=876 w_ev=0.177 m_ev=0.989 m_v_bias=-0.4 m_adv_std=17.9266 m_kl_max=0.0284 m_ratio_max=0.776 w_ax@goal=+0.45 w_v@goal=4.35 return=993.0 length=82 success_rate=1.00 collisions/ep=0.30 (n=27)
update=487 global_step=997376 SPS=877 w_ev=0.271 m_ev=0.983 m_v_bias=0.6 m_adv_std=23.1085 m_kl_max=0.0122 m_ratio_max=0.536 w_ax@goal=+0.46 w_v@goal=3.86 return=995.5 length=82 success_rate=1.00 collisions/ep=0.24 (n=25)
update=488 global_step=999424 SPS=877 w_ev=0.284 m_ev=0.935 m_v_bias=9.5 m_adv_std=46.7347 m_kl_max=0.0280 m_ratio_max=1.130 w_ax@goal=+0.52 w_v@goal=3.88 return=973.9 length=84 success_rate=1.00 collisions/ep=0.67 (n=24)
Saved checkpoints to C:\Users\loren\Desktop\MASTER THESIS\5_CODE\scenarios\slalom\studies\blind_worker_boxy2.5\coef_0\runs\hppo_slalom_10_1790588327
