Using device: cpu
Solved-check: precomputed optimal returns for 25 fixed initial conditions (mean=1013.0, min=1011.0, max=1015.0); solved-tolerance=5.0
num_envs=8 num_steps_per_env=256 worker_batch_size=2048 worker_minibatch_size=256 num_updates=488 timesteps=999424 (requested 1000000; 576 dropped by integer division)
update=1 global_step=2048 SPS=1264 w_ev=0.025 m_ev=0.001 m_v_bias=105.6 m_adv_std=195.5961 m_kl_max=0.0004 m_ratio_max=0.150 w_ax@goal=+0.11 w_v@goal=0.24 return=-416.0 length=190 success_rate=0.12 collisions/ep=7.25 (n=8)
update=2 global_step=4096 SPS=1335 w_ev=0.021 m_ev=0.320 m_v_bias=1.4 m_adv_std=205.7597 m_kl_max=0.0008 m_ratio_max=0.161 w_ax@goal=-0.21 w_v@goal=-0.05 return=-314.6 length=184 success_rate=0.30 collisions/ep=9.40 (n=10)
update=3 global_step=6144 SPS=1325 w_ev=0.058 m_ev=0.296 m_v_bias=27.2 m_adv_std=191.4579 m_kl_max=0.0035 m_ratio_max=0.265 w_ax@goal=+0.50 w_v@goal=-0.12 return=-388.8 length=196 success_rate=0.22 collisions/ep=9.22 (n=9)
update=4 global_step=8192 SPS=1322 w_ev=0.112 m_ev=0.159 m_v_bias=61.6 m_adv_std=190.0094 m_kl_max=0.0017 m_ratio_max=0.194 w_ax@goal=-0.14 w_v@goal=-0.16 return=-457.8 length=198 success_rate=0.08 collisions/ep=7.54 (n=13)
update=5 global_step=10240 SPS=1290 w_ev=0.147 m_ev=0.286 m_v_bias=8.6 m_adv_std=263.4103 m_kl_max=0.0008 m_ratio_max=0.120 w_ax@goal=-0.19 w_v@goal=-0.06 return=-443.5 length=176 success_rate=0.36 collisions/ep=13.91 (n=11)
Evaluation at update 5: return=-2400.32, length=200.00, success_rate=0.00, collisions/ep=44.75
Solved-check at update 5: solved=False worst_gap=6773.24 at p_x0=0.50 p_y0=-1.00 (consecutive=0)
update=6 global_step=12288 SPS=591 w_ev=0.142 m_ev=0.358 m_v_bias=-26.2 m_adv_std=189.1571 m_kl_max=0.0059 m_ratio_max=0.428 w_ax@goal=+0.06 w_v@goal=0.02 return=-233.0 length=192 success_rate=0.22 collisions/ep=5.89 (n=9)
update=7 global_step=14336 SPS=633 w_ev=0.225 m_ev=-0.173 m_v_bias=59.1 m_adv_std=122.1978 m_kl_max=0.0118 m_ratio_max=0.531 w_ax@goal=+1.02 w_v@goal=0.43 return=-544.2 length=200 success_rate=0.00 collisions/ep=7.40 (n=10)
update=8 global_step=16384 SPS=679 w_ev=0.198 m_ev=0.138 m_v_bias=42.4 m_adv_std=264.7534 m_kl_max=0.0117 m_ratio_max=0.536 w_ax@goal=-0.69 w_v@goal=0.52 return=-590.5 length=191 success_rate=0.08 collisions/ep=10.17 (n=12)
update=9 global_step=18432 SPS=717 w_ev=0.285 m_ev=0.430 m_v_bias=-134.7 m_adv_std=277.8950 m_kl_max=0.0084 m_ratio_max=0.681 w_ax@goal=+0.21 w_v@goal=0.91 return=-181.9 length=181 success_rate=0.46 collisions/ep=10.38 (n=13)
update=10 global_step=20480 SPS=754 w_ev=0.263 m_ev=0.541 m_v_bias=-122.3 m_adv_std=207.8848 m_kl_max=0.0295 m_ratio_max=0.704 w_ax@goal=-0.04 w_v@goal=1.21 return=-52.8 length=182 success_rate=0.40 collisions/ep=6.50 (n=10)
Evaluation at update 10: return=583.48, length=94.10, success_rate=1.00, collisions/ep=8.25
Solved-check at update 10: solved=False worst_gap=667.36 at p_x0=1.50 p_y0=-1.00 (consecutive=0)
update=11 global_step=22528 SPS=658 w_ev=0.261 m_ev=0.602 m_v_bias=-37.3 m_adv_std=218.2572 m_kl_max=0.0376 m_ratio_max=0.758 w_ax@goal=+0.04 w_v@goal=1.55 return=377.1 length=158 success_rate=0.83 collisions/ep=7.67 (n=12)
update=12 global_step=24576 SPS=685 w_ev=0.174 m_ev=0.764 m_v_bias=-96.3 m_adv_std=181.5191 m_kl_max=0.0295 m_ratio_max=0.631 w_ax@goal=+0.27 w_v@goal=1.99 return=526.3 length=121 success_rate=0.89 collisions/ep=6.74 (n=19)
update=13 global_step=26624 SPS=714 w_ev=0.035 m_ev=0.847 m_v_bias=-54.4 m_adv_std=121.0944 m_kl_max=0.0240 m_ratio_max=0.525 w_ax@goal=+0.51 w_v@goal=2.49 return=591.6 length=119 success_rate=1.00 collisions/ep=7.67 (n=18)
update=14 global_step=28672 SPS=734 w_ev=0.076 m_ev=0.847 m_v_bias=-53.2 m_adv_std=113.7743 m_kl_max=0.0175 m_ratio_max=0.733 w_ax@goal=+0.57 w_v@goal=2.62 return=719.5 length=102 success_rate=1.00 collisions/ep=5.38 (n=21)
update=15 global_step=30720 SPS=755 w_ev=0.026 m_ev=0.848 m_v_bias=24.8 m_adv_std=108.4980 m_kl_max=0.0256 m_ratio_max=0.997 w_ax@goal=+0.51 w_v@goal=3.14 return=632.4 length=100 success_rate=1.00 collisions/ep=7.20 (n=20)
Evaluation at update 15: return=687.09, length=80.55, success_rate=1.00, collisions/ep=6.45
Solved-check at update 15: solved=False worst_gap=503.82 at p_x0=0.00 p_y0=-1.00 (consecutive=0)
update=16 global_step=32768 SPS=695 w_ev=0.097 m_ev=0.894 m_v_bias=-39.1 m_adv_std=86.3771 m_kl_max=0.0121 m_ratio_max=0.450 w_ax@goal=+0.51 w_v@goal=3.39 return=774.6 length=91 success_rate=1.00 collisions/ep=4.50 (n=24)
update=17 global_step=34816 SPS=712 w_ev=-0.023 m_ev=0.800 m_v_bias=37.1 m_adv_std=126.0656 m_kl_max=0.0197 m_ratio_max=0.518 w_ax@goal=+0.52 w_v@goal=3.76 return=678.5 length=94 success_rate=1.00 collisions/ep=6.38 (n=21)
update=18 global_step=36864 SPS=729 w_ev=0.036 m_ev=0.862 m_v_bias=-43.3 m_adv_std=95.2428 m_kl_max=0.0094 m_ratio_max=0.540 w_ax@goal=+0.61 w_v@goal=3.86 return=738.0 length=89 success_rate=1.00 collisions/ep=5.30 (n=23)
update=19 global_step=38912 SPS=745 w_ev=0.095 m_ev=0.859 m_v_bias=9.6 m_adv_std=93.3362 m_kl_max=0.0147 m_ratio_max=0.565 w_ax@goal=+0.76 w_v@goal=3.92 return=743.0 length=89 success_rate=1.00 collisions/ep=5.17 (n=23)
update=20 global_step=40960 SPS=760 w_ev=0.053 m_ev=0.891 m_v_bias=-22.8 m_adv_std=79.3073 m_kl_max=0.0118 m_ratio_max=0.477 w_ax@goal=+0.82 w_v@goal=3.80 return=820.8 length=88 success_rate=1.00 collisions/ep=3.61 (n=23)
Evaluation at update 20: return=795.30, length=79.90, success_rate=1.00, collisions/ep=4.30
Solved-check at update 20: solved=False worst_gap=502.94 at p_x0=0.50 p_y0=-0.50 (consecutive=0)
update=21 global_step=43008 SPS=713 w_ev=0.163 m_ev=0.855 m_v_bias=45.6 m_adv_std=101.3806 m_kl_max=0.0099 m_ratio_max=0.663 w_ax@goal=+0.55 w_v@goal=3.96 return=748.0 length=86 success_rate=1.00 collisions/ep=5.17 (n=23)
update=22 global_step=45056 SPS=728 w_ev=0.164 m_ev=0.822 m_v_bias=-6.6 m_adv_std=105.8124 m_kl_max=0.0116 m_ratio_max=0.444 w_ax@goal=+0.60 w_v@goal=4.22 return=735.4 length=89 success_rate=1.00 collisions/ep=5.35 (n=23)
update=23 global_step=47104 SPS=738 w_ev=0.179 m_ev=0.875 m_v_bias=7.9 m_adv_std=85.2768 m_kl_max=0.0160 m_ratio_max=0.613 w_ax@goal=+0.71 w_v@goal=4.15 return=774.3 length=88 success_rate=1.00 collisions/ep=4.62 (n=24)
update=24 global_step=49152 SPS=751 w_ev=0.236 m_ev=0.896 m_v_bias=-10.8 m_adv_std=78.4126 m_kl_max=0.0123 m_ratio_max=0.414 w_ax@goal=+0.54 w_v@goal=4.03 return=821.2 length=90 success_rate=1.00 collisions/ep=3.62 (n=24)
update=25 global_step=51200 SPS=761 w_ev=0.214 m_ev=0.867 m_v_bias=-11.7 m_adv_std=84.1010 m_kl_max=0.0095 m_ratio_max=0.412 w_ax@goal=+0.60 w_v@goal=4.01 return=819.2 length=86 success_rate=1.00 collisions/ep=3.70 (n=23)
Evaluation at update 25: return=808.04, length=79.55, success_rate=1.00, collisions/ep=4.05
Solved-check at update 25: solved=False worst_gap=452.52 at p_x0=1.00 p_y0=-1.00 (consecutive=0)
update=26 global_step=53248 SPS=721 w_ev=0.232 m_ev=0.910 m_v_bias=-2.2 m_adv_std=69.1873 m_kl_max=0.0045 m_ratio_max=0.353 w_ax@goal=+0.60 w_v@goal=3.87 return=848.8 length=84 success_rate=1.00 collisions/ep=3.12 (n=25)
update=27 global_step=55296 SPS=734 w_ev=0.206 m_ev=0.918 m_v_bias=-9.6 m_adv_std=61.9122 m_kl_max=0.0155 m_ratio_max=0.599 w_ax@goal=+0.89 w_v@goal=3.98 return=832.9 length=84 success_rate=1.00 collisions/ep=3.46 (n=24)
update=28 global_step=57344 SPS=745 w_ev=0.249 m_ev=0.901 m_v_bias=25.4 m_adv_std=72.9041 m_kl_max=0.0196 m_ratio_max=0.593 w_ax@goal=+0.86 w_v@goal=3.96 return=800.6 length=87 success_rate=1.00 collisions/ep=4.12 (n=25)
update=29 global_step=59392 SPS=753 w_ev=0.252 m_ev=0.915 m_v_bias=14.8 m_adv_std=67.6798 m_kl_max=0.0211 m_ratio_max=0.604 w_ax@goal=+0.75 w_v@goal=3.92 return=790.8 length=84 success_rate=1.00 collisions/ep=4.29 (n=24)
update=30 global_step=61440 SPS=762 w_ev=0.187 m_ev=0.884 m_v_bias=29.1 m_adv_std=89.4384 m_kl_max=0.0392 m_ratio_max=1.604 w_ax@goal=+0.91 w_v@goal=3.97 return=698.5 length=86 success_rate=1.00 collisions/ep=6.17 (n=23)
Evaluation at update 30: return=792.88, length=79.90, success_rate=1.00, collisions/ep=4.35
Solved-check at update 30: solved=False worst_gap=552.28 at p_x0=2.00 p_y0=-1.00 (consecutive=0)
update=31 global_step=63488 SPS=732 w_ev=0.140 m_ev=0.902 m_v_bias=-11.0 m_adv_std=74.9373 m_kl_max=0.0153 m_ratio_max=0.881 w_ax@goal=+0.88 w_v@goal=3.96 return=779.4 length=85 success_rate=1.00 collisions/ep=4.52 (n=23)
update=32 global_step=65536 SPS=741 w_ev=0.125 m_ev=0.909 m_v_bias=-1.0 m_adv_std=71.3206 m_kl_max=0.0063 m_ratio_max=0.479 w_ax@goal=+0.54 w_v@goal=4.05 return=781.8 length=85 success_rate=1.00 collisions/ep=4.48 (n=25)
update=33 global_step=67584 SPS=748 w_ev=0.205 m_ev=0.915 m_v_bias=-7.7 m_adv_std=68.7787 m_kl_max=0.0097 m_ratio_max=0.603 w_ax@goal=+0.80 w_v@goal=3.87 return=792.8 length=85 success_rate=1.00 collisions/ep=4.26 (n=23)
update=34 global_step=69632 SPS=752 w_ev=0.186 m_ev=0.928 m_v_bias=-26.2 m_adv_std=60.1859 m_kl_max=0.0126 m_ratio_max=0.642 w_ax@goal=+0.73 w_v@goal=3.84 return=843.8 length=86 success_rate=1.00 collisions/ep=3.29 (n=24)
update=35 global_step=71680 SPS=763 w_ev=0.108 m_ev=0.933 m_v_bias=16.8 m_adv_std=58.3128 m_kl_max=0.0069 m_ratio_max=0.486 w_ax@goal=+0.56 w_v@goal=4.11 return=833.7 length=86 success_rate=1.00 collisions/ep=3.44 (n=25)
Evaluation at update 35: return=808.37, length=79.25, success_rate=1.00, collisions/ep=4.05
Solved-check at update 35: solved=False worst_gap=702.00 at p_x0=1.50 p_y0=-1.00 (consecutive=0)
update=36 global_step=73728 SPS=738 w_ev=0.172 m_ev=0.858 m_v_bias=33.5 m_adv_std=99.4461 m_kl_max=0.0394 m_ratio_max=0.851 w_ax@goal=+0.64 w_v@goal=4.05 return=724.3 length=87 success_rate=1.00 collisions/ep=5.65 (n=23)
update=37 global_step=75776 SPS=748 w_ev=0.105 m_ev=0.866 m_v_bias=5.0 m_adv_std=93.6450 m_kl_max=0.0194 m_ratio_max=0.976 w_ax@goal=+0.59 w_v@goal=4.10 return=711.6 length=85 success_rate=1.00 collisions/ep=5.88 (n=24)
update=38 global_step=77824 SPS=755 w_ev=0.184 m_ev=0.907 m_v_bias=-0.3 m_adv_std=74.9379 m_kl_max=0.0073 m_ratio_max=0.483 w_ax@goal=+0.40 w_v@goal=4.01 return=795.4 length=89 success_rate=1.00 collisions/ep=4.16 (n=25)
update=39 global_step=79872 SPS=764 w_ev=0.059 m_ev=0.921 m_v_bias=-4.5 m_adv_std=65.5167 m_kl_max=0.0044 m_ratio_max=0.394 w_ax@goal=+0.60 w_v@goal=3.95 return=770.9 length=92 success_rate=1.00 collisions/ep=4.59 (n=22)
update=40 global_step=81920 SPS=773 w_ev=0.094 m_ev=0.846 m_v_bias=14.2 m_adv_std=96.7933 m_kl_max=0.0117 m_ratio_max=0.562 w_ax@goal=+0.51 w_v@goal=3.85 return=782.0 length=87 success_rate=1.00 collisions/ep=4.45 (n=20)
Evaluation at update 40: return=590.95, length=79.15, success_rate=1.00, collisions/ep=8.40
Solved-check at update 40: solved=False worst_gap=451.94 at p_x0=2.00 p_y0=1.00 (consecutive=0)
update=41 global_step=83968 SPS=751 w_ev=0.112 m_ev=0.889 m_v_bias=-4.9 m_adv_std=88.3064 m_kl_max=0.0136 m_ratio_max=0.527 w_ax@goal=+0.37 w_v@goal=4.00 return=729.0 length=91 success_rate=1.00 collisions/ep=5.44 (n=25)
update=42 global_step=86016 SPS=758 w_ev=0.100 m_ev=0.852 m_v_bias=37.4 m_adv_std=115.7731 m_kl_max=0.0232 m_ratio_max=0.650 w_ax@goal=+0.44 w_v@goal=3.95 return=631.0 length=92 success_rate=1.00 collisions/ep=7.38 (n=21)
update=43 global_step=88064 SPS=766 w_ev=0.086 m_ev=0.866 m_v_bias=-3.5 m_adv_std=99.5264 m_kl_max=0.0266 m_ratio_max=0.606 w_ax@goal=+0.26 w_v@goal=3.91 return=633.1 length=94 success_rate=1.00 collisions/ep=7.32 (n=22)
update=44 global_step=90112 SPS=774 w_ev=0.049 m_ev=0.904 m_v_bias=-1.3 m_adv_std=86.2566 m_kl_max=0.0084 m_ratio_max=0.348 w_ax@goal=+0.34 w_v@goal=4.03 return=689.7 length=95 success_rate=1.00 collisions/ep=6.14 (n=22)
update=45 global_step=92160 SPS=782 w_ev=0.042 m_ev=0.866 m_v_bias=-14.9 m_adv_std=100.1826 m_kl_max=0.0129 m_ratio_max=0.492 w_ax@goal=+0.37 w_v@goal=4.03 return=644.0 length=93 success_rate=1.00 collisions/ep=7.10 (n=21)
Evaluation at update 45: return=588.47, length=79.20, success_rate=1.00, collisions/ep=8.45
Solved-check at update 45: solved=False worst_gap=452.08 at p_x0=1.50 p_y0=1.00 (consecutive=0)
update=46 global_step=94208 SPS=762 w_ev=0.078 m_ev=0.892 m_v_bias=8.4 m_adv_std=91.7569 m_kl_max=0.0166 m_ratio_max=0.595 w_ax@goal=+0.58 w_v@goal=3.98 return=699.0 length=91 success_rate=1.00 collisions/ep=6.00 (n=24)
update=47 global_step=96256 SPS=769 w_ev=0.079 m_ev=0.912 m_v_bias=-5.3 m_adv_std=78.3828 m_kl_max=0.0185 m_ratio_max=0.732 w_ax@goal=+0.65 w_v@goal=3.71 return=693.4 length=92 success_rate=1.00 collisions/ep=6.14 (n=22)
update=48 global_step=98304 SPS=775 w_ev=0.004 m_ev=0.887 m_v_bias=-17.1 m_adv_std=80.5314 m_kl_max=0.0088 m_ratio_max=0.410 w_ax@goal=+0.53 w_v@goal=3.92 return=741.1 length=95 success_rate=1.00 collisions/ep=5.15 (n=20)
update=49 global_step=100352 SPS=783 w_ev=0.057 m_ev=0.892 m_v_bias=18.2 m_adv_std=87.2778 m_kl_max=0.0220 m_ratio_max=0.552 w_ax@goal=+0.55 w_v@goal=3.89 return=748.4 length=94 success_rate=1.00 collisions/ep=5.00 (n=22)
update=50 global_step=102400 SPS=790 w_ev=0.096 m_ev=0.922 m_v_bias=-23.7 m_adv_std=70.5081 m_kl_max=0.0104 m_ratio_max=0.578 w_ax@goal=+0.54 w_v@goal=3.82 return=757.6 length=95 success_rate=1.00 collisions/ep=4.78 (n=23)
Evaluation at update 50: return=593.67, length=79.00, success_rate=1.00, collisions/ep=8.35
Solved-check at update 50: solved=False worst_gap=800.89 at p_x0=2.00 p_y0=-1.00 (consecutive=0)
update=51 global_step=104448 SPS=771 w_ev=0.043 m_ev=0.895 m_v_bias=-16.5 m_adv_std=75.8998 m_kl_max=0.0129 m_ratio_max=0.634 w_ax@goal=+0.65 w_v@goal=3.60 return=798.5 length=92 success_rate=1.00 collisions/ep=4.00 (n=20)
update=52 global_step=106496 SPS=777 w_ev=0.078 m_ev=0.893 m_v_bias=33.3 m_adv_std=86.4145 m_kl_max=0.0025 m_ratio_max=0.231 w_ax@goal=+0.53 w_v@goal=3.83 return=723.0 length=95 success_rate=1.00 collisions/ep=5.50 (n=24)
update=53 global_step=108544 SPS=783 w_ev=0.060 m_ev=0.896 m_v_bias=-10.9 m_adv_std=80.6707 m_kl_max=0.0117 m_ratio_max=0.411 w_ax@goal=+0.47 w_v@goal=3.82 return=785.4 length=93 success_rate=1.00 collisions/ep=4.27 (n=22)
update=54 global_step=110592 SPS=790 w_ev=0.008 m_ev=0.894 m_v_bias=-2.3 m_adv_std=74.3632 m_kl_max=0.0049 m_ratio_max=0.288 w_ax@goal=+0.44 w_v@goal=3.88 return=755.7 length=95 success_rate=1.00 collisions/ep=4.84 (n=19)
update=55 global_step=112640 SPS=797 w_ev=0.079 m_ev=0.845 m_v_bias=11.8 m_adv_std=103.9950 m_kl_max=0.0178 m_ratio_max=0.628 w_ax@goal=+0.54 w_v@goal=3.98 return=785.2 length=94 success_rate=1.00 collisions/ep=4.25 (n=24)
Evaluation at update 55: return=798.72, length=78.95, success_rate=1.00, collisions/ep=4.25
Solved-check at update 55: solved=False worst_gap=600.97 at p_x0=2.00 p_y0=-1.00 (consecutive=0)
update=56 global_step=114688 SPS=781 w_ev=0.093 m_ev=0.901 m_v_bias=15.7 m_adv_std=82.1089 m_kl_max=0.0098 m_ratio_max=0.439 w_ax@goal=+0.46 w_v@goal=3.97 return=775.0 length=94 success_rate=1.00 collisions/ep=4.45 (n=22)
update=57 global_step=116736 SPS=787 w_ev=-0.006 m_ev=0.892 m_v_bias=-5.0 m_adv_std=78.3179 m_kl_max=0.0123 m_ratio_max=0.717 w_ax@goal=+0.29 w_v@goal=3.95 return=723.7 length=94 success_rate=1.00 collisions/ep=5.45 (n=20)
update=58 global_step=118784 SPS=792 w_ev=0.045 m_ev=0.923 m_v_bias=-32.4 m_adv_std=67.2844 m_kl_max=0.0131 m_ratio_max=0.486 w_ax@goal=+0.70 w_v@goal=3.93 return=813.9 length=94 success_rate=1.00 collisions/ep=3.71 (n=24)
update=59 global_step=120832 SPS=799 w_ev=0.070 m_ev=0.889 m_v_bias=8.4 m_adv_std=81.1580 m_kl_max=0.0066 m_ratio_max=0.592 w_ax@goal=+0.58 w_v@goal=3.83 return=764.0 length=87 success_rate=1.00 collisions/ep=4.75 (n=24)
update=60 global_step=122880 SPS=803 w_ev=0.131 m_ev=0.874 m_v_bias=6.4 m_adv_std=89.1532 m_kl_max=0.0076 m_ratio_max=0.472 w_ax@goal=+0.61 w_v@goal=3.79 return=785.0 length=87 success_rate=1.00 collisions/ep=4.35 (n=23)
Evaluation at update 60: return=681.24, length=78.90, success_rate=1.00, collisions/ep=6.60
Solved-check at update 60: solved=False worst_gap=452.85 at p_x0=0.00 p_y0=1.00 (consecutive=0)
update=61 global_step=124928 SPS=787 w_ev=0.070 m_ev=0.865 m_v_bias=10.4 m_adv_std=91.7844 m_kl_max=0.0140 m_ratio_max=0.691 w_ax@goal=+0.56 w_v@goal=3.88 return=769.9 length=91 success_rate=1.00 collisions/ep=4.59 (n=22)
update=62 global_step=126976 SPS=793 w_ev=0.071 m_ev=0.917 m_v_bias=-23.1 m_adv_std=66.4456 m_kl_max=0.0089 m_ratio_max=0.492 w_ax@goal=+0.53 w_v@goal=3.82 return=845.7 length=92 success_rate=1.00 collisions/ep=3.05 (n=22)
update=63 global_step=129024 SPS=799 w_ev=0.118 m_ev=0.916 m_v_bias=-0.5 m_adv_std=67.0408 m_kl_max=0.0091 m_ratio_max=0.525 w_ax@goal=+0.53 w_v@goal=3.88 return=842.4 length=92 success_rate=1.00 collisions/ep=3.09 (n=23)
update=64 global_step=131072 SPS=804 w_ev=0.012 m_ev=0.905 m_v_bias=25.2 m_adv_std=75.3563 m_kl_max=0.0146 m_ratio_max=1.030 w_ax@goal=+0.49 w_v@goal=4.03 return=771.9 length=96 success_rate=1.00 collisions/ep=4.48 (n=21)
update=65 global_step=133120 SPS=809 w_ev=0.080 m_ev=0.907 m_v_bias=23.3 m_adv_std=75.6505 m_kl_max=0.0306 m_ratio_max=0.577 w_ax@goal=+0.64 w_v@goal=3.87 return=751.0 length=94 success_rate=1.00 collisions/ep=4.90 (n=20)
Evaluation at update 65: return=597.76, length=84.85, success_rate=1.00, collisions/ep=8.15
Solved-check at update 65: solved=False worst_gap=460.79 at p_x0=1.00 p_y0=1.00 (consecutive=0)
update=66 global_step=135168 SPS=791 w_ev=0.040 m_ev=0.920 m_v_bias=17.3 m_adv_std=75.0376 m_kl_max=0.0043 m_ratio_max=0.289 w_ax@goal=+0.11 w_v@goal=4.03 return=689.8 length=103 success_rate=1.00 collisions/ep=6.00 (n=22)
update=67 global_step=137216 SPS=795 w_ev=0.036 m_ev=0.902 m_v_bias=-12.9 m_adv_std=79.2337 m_kl_max=0.0135 m_ratio_max=0.407 w_ax@goal=+0.49 w_v@goal=3.91 return=732.3 length=94 success_rate=1.00 collisions/ep=5.25 (n=20)
update=68 global_step=139264 SPS=800 w_ev=0.028 m_ev=0.926 m_v_bias=-26.1 m_adv_std=64.5276 m_kl_max=0.0030 m_ratio_max=0.251 w_ax@goal=+0.28 w_v@goal=4.01 return=828.8 length=97 success_rate=1.00 collisions/ep=3.27 (n=22)
update=69 global_step=141312 SPS=804 w_ev=0.059 m_ev=0.925 m_v_bias=4.5 m_adv_std=65.4197 m_kl_max=0.0101 m_ratio_max=0.412 w_ax@goal=+0.38 w_v@goal=3.79 return=766.8 length=94 success_rate=1.00 collisions/ep=4.59 (n=22)
update=70 global_step=143360 SPS=809 w_ev=0.020 m_ev=0.867 m_v_bias=9.2 m_adv_std=91.4496 m_kl_max=0.0084 m_ratio_max=0.425 w_ax@goal=+0.24 w_v@goal=3.81 return=781.6 length=96 success_rate=1.00 collisions/ep=4.27 (n=22)
Evaluation at update 70: return=961.24, length=78.85, success_rate=1.00, collisions/ep=1.00
Solved-check at update 70: solved=False worst_gap=100.82 at p_x0=1.50 p_y0=-1.00 (consecutive=0)
update=71 global_step=145408 SPS=795 w_ev=0.053 m_ev=0.879 m_v_bias=-27.2 m_adv_std=84.1400 m_kl_max=0.0111 m_ratio_max=0.409 w_ax@goal=+0.51 w_v@goal=3.79 return=791.1 length=93 success_rate=1.00 collisions/ep=4.15 (n=20)
update=72 global_step=147456 SPS=800 w_ev=0.047 m_ev=0.902 m_v_bias=0.4 m_adv_std=74.4688 m_kl_max=0.0084 m_ratio_max=0.517 w_ax@goal=+0.41 w_v@goal=4.00 return=797.8 length=91 success_rate=1.00 collisions/ep=4.05 (n=22)
update=73 global_step=149504 SPS=805 w_ev=0.065 m_ev=0.919 m_v_bias=2.1 m_adv_std=68.6111 m_kl_max=0.0118 m_ratio_max=0.387 w_ax@goal=+0.51 w_v@goal=4.07 return=824.7 length=93 success_rate=1.00 collisions/ep=3.50 (n=24)
update=74 global_step=151552 SPS=809 w_ev=0.100 m_ev=0.891 m_v_bias=-7.4 m_adv_std=76.0711 m_kl_max=0.0138 m_ratio_max=0.419 w_ax@goal=+0.30 w_v@goal=3.94 return=795.6 length=96 success_rate=1.00 collisions/ep=4.00 (n=21)
update=75 global_step=153600 SPS=814 w_ev=0.013 m_ev=0.902 m_v_bias=3.3 m_adv_std=73.0511 m_kl_max=0.0207 m_ratio_max=0.922 w_ax@goal=+0.28 w_v@goal=4.02 return=851.8 length=95 success_rate=1.00 collisions/ep=2.95 (n=21)
Evaluation at update 75: return=961.41, length=78.75, success_rate=1.00, collisions/ep=1.00
Solved-check at update 75: solved=False worst_gap=500.82 at p_x0=2.00 p_y0=-1.00 (consecutive=0)
update=76 global_step=155648 SPS=801 w_ev=0.068 m_ev=0.919 m_v_bias=-9.0 m_adv_std=68.0228 m_kl_max=0.0113 m_ratio_max=0.551 w_ax@goal=+0.39 w_v@goal=3.96 return=840.9 length=94 success_rate=1.00 collisions/ep=3.12 (n=24)
update=77 global_step=157696 SPS=806 w_ev=0.058 m_ev=0.900 m_v_bias=-23.7 m_adv_std=68.6112 m_kl_max=0.0139 m_ratio_max=0.639 w_ax@goal=+0.30 w_v@goal=3.83 return=899.1 length=89 success_rate=1.00 collisions/ep=2.05 (n=22)
update=78 global_step=159744 SPS=811 w_ev=0.085 m_ev=0.914 m_v_bias=-8.5 m_adv_std=61.5750 m_kl_max=0.0151 m_ratio_max=0.499 w_ax@goal=+0.60 w_v@goal=3.92 return=885.9 length=89 success_rate=1.00 collisions/ep=2.32 (n=22)
update=79 global_step=161792 SPS=816 w_ev=0.110 m_ev=0.915 m_v_bias=10.0 m_adv_std=63.0575 m_kl_max=0.0123 m_ratio_max=0.876 w_ax@goal=+0.43 w_v@goal=3.92 return=858.1 length=89 success_rate=1.00 collisions/ep=2.91 (n=23)
update=80 global_step=163840 SPS=820 w_ev=0.166 m_ev=0.899 m_v_bias=15.5 m_adv_std=71.5106 m_kl_max=0.0138 m_ratio_max=0.603 w_ax@goal=+0.25 w_v@goal=4.09 return=831.9 length=91 success_rate=1.00 collisions/ep=3.35 (n=23)
Evaluation at update 80: return=961.72, length=78.45, success_rate=1.00, collisions/ep=1.00
Solved-check at update 80: solved=False worst_gap=51.44 at p_x0=2.00 p_y0=1.00 (consecutive=0)
update=81 global_step=165888 SPS=808 w_ev=0.149 m_ev=0.929 m_v_bias=-10.9 m_adv_std=57.0125 m_kl_max=0.0214 m_ratio_max=0.635 w_ax@goal=+0.60 w_v@goal=3.94 return=860.3 length=90 success_rate=1.00 collisions/ep=2.82 (n=22)
update=82 global_step=167936 SPS=811 w_ev=0.062 m_ev=0.840 m_v_bias=5.1 m_adv_std=95.2150 m_kl_max=0.0220 m_ratio_max=0.667 w_ax@goal=+0.39 w_v@goal=4.17 return=886.7 length=95 success_rate=1.00 collisions/ep=2.23 (n=22)
update=83 global_step=169984 SPS=815 w_ev=0.104 m_ev=0.923 m_v_bias=3.9 m_adv_std=60.6322 m_kl_max=0.0074 m_ratio_max=0.601 w_ax@goal=+0.48 w_v@goal=4.01 return=869.6 length=91 success_rate=1.00 collisions/ep=2.57 (n=21)
update=84 global_step=172032 SPS=819 w_ev=0.081 m_ev=0.957 m_v_bias=-0.1 m_adv_std=45.5106 m_kl_max=0.0102 m_ratio_max=0.476 w_ax@goal=+0.41 w_v@goal=4.15 return=887.9 length=95 success_rate=1.00 collisions/ep=2.22 (n=23)
update=85 global_step=174080 SPS=823 w_ev=0.140 m_ev=0.903 m_v_bias=22.0 m_adv_std=74.2847 m_kl_max=0.0099 m_ratio_max=0.520 w_ax@goal=+0.34 w_v@goal=4.08 return=835.9 length=92 success_rate=1.00 collisions/ep=3.35 (n=23)
Evaluation at update 85: return=961.44, length=78.70, success_rate=1.00, collisions/ep=1.00
Solved-check at update 85: solved=False worst_gap=450.94 at p_x0=2.00 p_y0=-1.00 (consecutive=0)
update=86 global_step=176128 SPS=810 w_ev=0.146 m_ev=0.917 m_v_bias=-28.0 m_adv_std=65.0815 m_kl_max=0.0235 m_ratio_max=1.030 w_ax@goal=+0.29 w_v@goal=4.02 return=856.6 length=90 success_rate=1.00 collisions/ep=2.92 (n=24)
update=87 global_step=178176 SPS=815 w_ev=0.123 m_ev=0.912 m_v_bias=2.2 m_adv_std=63.7582 m_kl_max=0.0140 m_ratio_max=0.620 w_ax@goal=+0.31 w_v@goal=3.92 return=852.8 length=89 success_rate=1.00 collisions/ep=3.00 (n=22)
update=88 global_step=180224 SPS=818 w_ev=0.146 m_ev=0.927 m_v_bias=-8.9 m_adv_std=54.7183 m_kl_max=0.0132 m_ratio_max=1.024 w_ax@goal=+0.42 w_v@goal=3.89 return=877.3 length=88 success_rate=1.00 collisions/ep=2.52 (n=23)
update=89 global_step=182272 SPS=823 w_ev=0.126 m_ev=0.947 m_v_bias=6.8 m_adv_std=49.9559 m_kl_max=0.0186 m_ratio_max=0.602 w_ax@goal=+0.37 w_v@goal=4.20 return=873.5 length=87 success_rate=1.00 collisions/ep=2.62 (n=24)
update=90 global_step=184320 SPS=827 w_ev=0.213 m_ev=0.906 m_v_bias=20.6 m_adv_std=68.2280 m_kl_max=0.0089 m_ratio_max=0.534 w_ax@goal=+0.30 w_v@goal=3.95 return=816.3 length=89 success_rate=1.00 collisions/ep=3.73 (n=22)
Evaluation at update 90: return=961.36, length=78.75, success_rate=1.00, collisions/ep=1.00
Solved-check at update 90: solved=False worst_gap=450.68 at p_x0=2.00 p_y0=-1.00 (consecutive=0)
update=91 global_step=186368 SPS=816 w_ev=0.243 m_ev=0.922 m_v_bias=6.9 m_adv_std=63.5214 m_kl_max=0.0297 m_ratio_max=0.735 w_ax@goal=+0.41 w_v@goal=3.98 return=838.9 length=91 success_rate=1.00 collisions/ep=3.26 (n=23)
update=92 global_step=188416 SPS=820 w_ev=0.202 m_ev=0.942 m_v_bias=1.5 m_adv_std=53.9282 m_kl_max=0.0058 m_ratio_max=0.483 w_ax@goal=+0.24 w_v@goal=3.86 return=853.5 length=91 success_rate=1.00 collisions/ep=2.95 (n=22)
update=93 global_step=190464 SPS=824 w_ev=0.133 m_ev=0.943 m_v_bias=-6.0 m_adv_std=52.3804 m_kl_max=0.0117 m_ratio_max=0.816 w_ax@goal=+0.33 w_v@goal=3.92 return=859.2 length=91 success_rate=1.00 collisions/ep=2.78 (n=23)
update=94 global_step=192512 SPS=828 w_ev=0.135 m_ev=0.896 m_v_bias=7.3 m_adv_std=74.6690 m_kl_max=0.0060 m_ratio_max=0.454 w_ax@goal=+0.45 w_v@goal=3.72 return=822.7 length=91 success_rate=1.00 collisions/ep=3.57 (n=23)
update=95 global_step=194560 SPS=831 w_ev=0.177 m_ev=0.924 m_v_bias=-6.6 m_adv_std=59.9519 m_kl_max=0.0127 m_ratio_max=0.767 w_ax@goal=+0.37 w_v@goal=3.70 return=836.7 length=89 success_rate=1.00 collisions/ep=3.30 (n=23)
Evaluation at update 95: return=690.70, length=79.50, success_rate=1.00, collisions/ep=6.40
Solved-check at update 95: solved=False worst_gap=403.92 at p_x0=0.00 p_y0=-1.00 (consecutive=0)
update=96 global_step=196608 SPS=820 w_ev=0.159 m_ev=0.879 m_v_bias=21.8 m_adv_std=81.3384 m_kl_max=0.0125 m_ratio_max=0.422 w_ax@goal=+0.44 w_v@goal=3.80 return=800.5 length=88 success_rate=1.00 collisions/ep=4.05 (n=22)
update=97 global_step=198656 SPS=824 w_ev=0.075 m_ev=0.903 m_v_bias=1.6 m_adv_std=73.3374 m_kl_max=0.0046 m_ratio_max=0.364 w_ax@goal=+0.32 w_v@goal=3.96 return=788.7 length=92 success_rate=1.00 collisions/ep=4.24 (n=21)
update=98 global_step=200704 SPS=827 w_ev=0.105 m_ev=0.894 m_v_bias=2.2 m_adv_std=76.9784 m_kl_max=0.0099 m_ratio_max=0.662 w_ax@goal=+0.53 w_v@goal=3.95 return=824.0 length=94 success_rate=1.00 collisions/ep=3.48 (n=23)
update=99 global_step=202752 SPS=831 w_ev=0.127 m_ev=0.898 m_v_bias=10.2 m_adv_std=78.3113 m_kl_max=0.0095 m_ratio_max=0.380 w_ax@goal=+0.54 w_v@goal=3.81 return=762.3 length=89 success_rate=1.00 collisions/ep=4.78 (n=23)
update=100 global_step=204800 SPS=834 w_ev=0.111 m_ev=0.895 m_v_bias=-26.2 m_adv_std=73.5137 m_kl_max=0.0076 m_ratio_max=0.632 w_ax@goal=+0.48 w_v@goal=3.79 return=861.9 length=91 success_rate=1.00 collisions/ep=2.78 (n=23)
Evaluation at update 100: return=589.10, length=78.55, success_rate=1.00, collisions/ep=8.45
Solved-check at update 100: solved=False worst_gap=451.88 at p_x0=0.00 p_y0=-0.50 (consecutive=0)
update=101 global_step=206848 SPS=825 w_ev=0.072 m_ev=0.906 m_v_bias=9.7 m_adv_std=72.9926 m_kl_max=0.0121 m_ratio_max=0.475 w_ax@goal=+0.56 w_v@goal=3.79 return=786.0 length=91 success_rate=1.00 collisions/ep=4.30 (n=23)
update=102 global_step=208896 SPS=828 w_ev=0.102 m_ev=0.906 m_v_bias=-7.4 m_adv_std=69.3613 m_kl_max=0.0098 m_ratio_max=0.396 w_ax@goal=+0.63 w_v@goal=3.68 return=836.9 length=87 success_rate=1.00 collisions/ep=3.35 (n=23)
update=103 global_step=210944 SPS=831 w_ev=0.101 m_ev=0.910 m_v_bias=-13.4 m_adv_std=65.4836 m_kl_max=0.0167 m_ratio_max=0.663 w_ax@goal=+0.58 w_v@goal=3.80 return=817.2 length=86 success_rate=1.00 collisions/ep=3.75 (n=24)
update=104 global_step=212992 SPS=834 w_ev=0.093 m_ev=0.930 m_v_bias=-9.7 m_adv_std=57.7042 m_kl_max=0.0075 m_ratio_max=0.456 w_ax@goal=+0.50 w_v@goal=3.86 return=877.8 length=87 success_rate=1.00 collisions/ep=2.50 (n=22)
update=105 global_step=215040 SPS=837 w_ev=0.078 m_ev=0.935 m_v_bias=-1.0 m_adv_std=56.7518 m_kl_max=0.0127 m_ratio_max=0.574 w_ax@goal=+0.46 w_v@goal=3.95 return=873.2 length=89 success_rate=1.00 collisions/ep=2.62 (n=24)
Evaluation at update 105: return=962.15, length=77.95, success_rate=1.00, collisions/ep=1.00
Solved-check at update 105: solved=False worst_gap=450.42 at p_x0=2.00 p_y0=-1.00 (consecutive=0)
update=106 global_step=217088 SPS=828 w_ev=0.076 m_ev=0.918 m_v_bias=-12.9 m_adv_std=61.3762 m_kl_max=0.0305 m_ratio_max=1.430 w_ax@goal=+0.55 w_v@goal=4.05 return=850.7 length=84 success_rate=1.00 collisions/ep=3.08 (n=24)
update=107 global_step=219136 SPS=832 w_ev=0.094 m_ev=0.935 m_v_bias=-1.8 m_adv_std=53.5126 m_kl_max=0.0133 m_ratio_max=0.504 w_ax@goal=+0.66 w_v@goal=3.94 return=873.0 length=86 success_rate=1.00 collisions/ep=2.67 (n=24)
update=108 global_step=221184 SPS=834 w_ev=0.156 m_ev=0.937 m_v_bias=11.0 m_adv_std=55.1850 m_kl_max=0.0089 m_ratio_max=0.382 w_ax@goal=+0.52 w_v@goal=3.93 return=875.6 length=88 success_rate=1.00 collisions/ep=2.58 (n=24)
update=109 global_step=223232 SPS=837 w_ev=0.177 m_ev=0.895 m_v_bias=-3.2 m_adv_std=70.7439 m_kl_max=0.0261 m_ratio_max=1.380 w_ax@goal=+0.58 w_v@goal=3.88 return=866.4 length=87 success_rate=1.00 collisions/ep=2.78 (n=23)
update=110 global_step=225280 SPS=840 w_ev=0.177 m_ev=0.939 m_v_bias=6.9 m_adv_std=52.8369 m_kl_max=0.0090 m_ratio_max=0.466 w_ax@goal=+0.43 w_v@goal=3.92 return=874.7 length=89 success_rate=1.00 collisions/ep=2.58 (n=24)
Evaluation at update 110: return=919.72, length=77.90, success_rate=1.00, collisions/ep=1.85
Solved-check at update 110: solved=False worst_gap=450.46 at p_x0=1.50 p_y0=-1.00 (consecutive=0)
update=111 global_step=227328 SPS=829 w_ev=0.170 m_ev=0.874 m_v_bias=10.0 m_adv_std=77.0422 m_kl_max=0.0189 m_ratio_max=0.605 w_ax@goal=+0.54 w_v@goal=3.85 return=850.4 length=85 success_rate=1.00 collisions/ep=3.08 (n=24)
update=112 global_step=229376 SPS=833 w_ev=0.183 m_ev=0.926 m_v_bias=-7.6 m_adv_std=60.5822 m_kl_max=0.0102 m_ratio_max=0.453 w_ax@goal=+0.72 w_v@goal=3.88 return=854.3 length=86 success_rate=1.00 collisions/ep=3.00 (n=24)
update=113 global_step=231424 SPS=836 w_ev=0.219 m_ev=0.921 m_v_bias=10.4 m_adv_std=65.4474 m_kl_max=0.0188 m_ratio_max=1.082 w_ax@goal=+0.54 w_v@goal=3.74 return=841.7 length=88 success_rate=1.00 collisions/ep=3.26 (n=23)
update=114 global_step=233472 SPS=838 w_ev=0.189 m_ev=0.924 m_v_bias=1.5 m_adv_std=61.5469 m_kl_max=0.0201 m_ratio_max=0.748 w_ax@goal=+0.51 w_v@goal=3.75 return=846.7 length=87 success_rate=1.00 collisions/ep=3.13 (n=23)
update=115 global_step=235520 SPS=840 w_ev=0.211 m_ev=0.953 m_v_bias=-24.2 m_adv_std=44.5224 m_kl_max=0.0125 m_ratio_max=0.629 w_ax@goal=+0.58 w_v@goal=3.77 return=873.8 length=86 success_rate=1.00 collisions/ep=2.62 (n=24)
Evaluation at update 115: return=962.03, length=78.05, success_rate=1.00, collisions/ep=1.00
Solved-check at update 115: solved=False worst_gap=450.27 at p_x0=2.00 p_y0=-1.00 (consecutive=0)
update=116 global_step=237568 SPS=831 w_ev=0.222 m_ev=0.908 m_v_bias=11.0 m_adv_std=65.8503 m_kl_max=0.0163 m_ratio_max=0.910 w_ax@goal=+0.63 w_v@goal=3.84 return=873.1 length=89 success_rate=1.00 collisions/ep=2.61 (n=23)
update=117 global_step=239616 SPS=834 w_ev=0.241 m_ev=0.946 m_v_bias=-10.8 m_adv_std=48.7383 m_kl_max=0.0063 m_ratio_max=0.402 w_ax@goal=+0.72 w_v@goal=3.81 return=875.0 length=84 success_rate=1.00 collisions/ep=2.62 (n=24)
update=118 global_step=241664 SPS=837 w_ev=0.279 m_ev=0.928 m_v_bias=1.7 m_adv_std=58.1313 m_kl_max=0.0132 m_ratio_max=0.958 w_ax@goal=+0.76 w_v@goal=3.66 return=861.5 length=84 success_rate=1.00 collisions/ep=2.92 (n=25)
update=119 global_step=243712 SPS=839 w_ev=0.226 m_ev=0.939 m_v_bias=3.4 m_adv_std=52.5246 m_kl_max=0.0102 m_ratio_max=0.452 w_ax@goal=+0.60 w_v@goal=3.73 return=858.5 length=86 success_rate=1.00 collisions/ep=2.95 (n=22)
update=120 global_step=245760 SPS=842 w_ev=0.199 m_ev=0.962 m_v_bias=-11.4 m_adv_std=40.0952 m_kl_max=0.0074 m_ratio_max=0.459 w_ax@goal=+0.78 w_v@goal=3.78 return=861.2 length=85 success_rate=1.00 collisions/ep=2.92 (n=24)
Evaluation at update 120: return=907.38, length=77.75, success_rate=1.00, collisions/ep=2.10
Solved-check at update 120: solved=False worst_gap=450.24 at p_x0=1.50 p_y0=-1.00 (consecutive=0)
update=121 global_step=247808 SPS=834 w_ev=0.196 m_ev=0.943 m_v_bias=-6.2 m_adv_std=49.1024 m_kl_max=0.0081 m_ratio_max=0.397 w_ax@goal=+0.70 w_v@goal=3.96 return=899.7 length=84 success_rate=1.00 collisions/ep=2.15 (n=26)
update=122 global_step=249856 SPS=836 w_ev=0.228 m_ev=0.948 m_v_bias=16.9 m_adv_std=46.9189 m_kl_max=0.0109 m_ratio_max=0.434 w_ax@goal=+0.80 w_v@goal=3.96 return=841.0 length=83 success_rate=1.00 collisions/ep=3.32 (n=25)
update=123 global_step=251904 SPS=839 w_ev=0.150 m_ev=0.932 m_v_bias=-11.4 m_adv_std=56.3978 m_kl_max=0.0121 m_ratio_max=0.712 w_ax@goal=+0.98 w_v@goal=3.92 return=879.1 length=83 success_rate=1.00 collisions/ep=2.58 (n=24)
update=124 global_step=253952 SPS=842 w_ev=0.255 m_ev=0.900 m_v_bias=-1.6 m_adv_std=70.2023 m_kl_max=0.0184 m_ratio_max=1.113 w_ax@goal=+1.08 w_v@goal=3.83 return=850.2 length=81 success_rate=1.00 collisions/ep=3.20 (n=25)
update=125 global_step=256000 SPS=845 w_ev=0.326 m_ev=0.918 m_v_bias=7.2 m_adv_std=62.8491 m_kl_max=0.0202 m_ratio_max=0.715 w_ax@goal=+0.74 w_v@goal=3.84 return=829.1 length=81 success_rate=1.00 collisions/ep=3.60 (n=25)
Evaluation at update 125: return=879.74, length=77.90, success_rate=1.00, collisions/ep=2.65
Solved-check at update 125: solved=False worst_gap=500.84 at p_x0=0.50 p_y0=-1.00 (consecutive=0)
update=126 global_step=258048 SPS=837 w_ev=0.288 m_ev=0.947 m_v_bias=-4.6 m_adv_std=50.0637 m_kl_max=0.0133 m_ratio_max=0.547 w_ax@goal=+0.71 w_v@goal=3.70 return=859.5 length=84 success_rate=1.00 collisions/ep=3.00 (n=25)
update=127 global_step=260096 SPS=840 w_ev=0.332 m_ev=0.936 m_v_bias=3.2 m_adv_std=55.4508 m_kl_max=0.0128 m_ratio_max=0.683 w_ax@goal=+0.91 w_v@goal=3.73 return=850.5 length=84 success_rate=1.00 collisions/ep=3.17 (n=24)
update=128 global_step=262144 SPS=842 w_ev=0.302 m_ev=0.916 m_v_bias=20.6 m_adv_std=66.2525 m_kl_max=0.0120 m_ratio_max=0.681 w_ax@goal=+0.83 w_v@goal=3.82 return=792.3 length=85 success_rate=1.00 collisions/ep=4.33 (n=27)
update=129 global_step=264192 SPS=845 w_ev=0.215 m_ev=0.902 m_v_bias=-11.2 m_adv_std=70.4571 m_kl_max=0.0152 m_ratio_max=0.672 w_ax@goal=+0.84 w_v@goal=3.70 return=825.5 length=84 success_rate=1.00 collisions/ep=3.67 (n=24)
update=130 global_step=266240 SPS=847 w_ev=0.229 m_ev=0.934 m_v_bias=-19.9 m_adv_std=56.8022 m_kl_max=0.0126 m_ratio_max=0.860 w_ax@goal=+0.88 w_v@goal=3.83 return=878.1 length=82 success_rate=1.00 collisions/ep=2.61 (n=23)
Evaluation at update 130: return=777.23, length=77.85, success_rate=1.00, collisions/ep=4.70
Solved-check at update 130: solved=False worst_gap=500.99 at p_x0=0.00 p_y0=-1.00 (consecutive=0)
update=131 global_step=268288 SPS=839 w_ev=0.353 m_ev=0.885 m_v_bias=2.8 m_adv_std=77.6182 m_kl_max=0.0129 m_ratio_max=0.745 w_ax@goal=+0.82 w_v@goal=3.84 return=803.5 length=83 success_rate=1.00 collisions/ep=4.12 (n=25)
update=132 global_step=270336 SPS=841 w_ev=0.341 m_ev=0.947 m_v_bias=-10.8 m_adv_std=49.7339 m_kl_max=0.0285 m_ratio_max=1.363 w_ax@goal=+0.79 w_v@goal=3.62 return=857.8 length=81 success_rate=1.00 collisions/ep=3.04 (n=25)
update=133 global_step=272384 SPS=844 w_ev=0.386 m_ev=0.917 m_v_bias=25.0 m_adv_std=63.2356 m_kl_max=0.0175 m_ratio_max=0.891 w_ax@goal=+1.02 w_v@goal=3.52 return=806.5 length=82 success_rate=1.00 collisions/ep=4.04 (n=25)
update=134 global_step=274432 SPS=846 w_ev=0.286 m_ev=0.935 m_v_bias=-5.4 m_adv_std=55.1099 m_kl_max=0.0077 m_ratio_max=0.592 w_ax@goal=+0.62 w_v@goal=3.91 return=829.1 length=82 success_rate=1.00 collisions/ep=3.58 (n=24)
update=135 global_step=276480 SPS=848 w_ev=0.343 m_ev=0.904 m_v_bias=15.3 m_adv_std=69.2012 m_kl_max=0.0140 m_ratio_max=0.806 w_ax@goal=+0.92 w_v@goal=3.73 return=833.2 length=84 success_rate=1.00 collisions/ep=3.50 (n=24)
Evaluation at update 135: return=614.72, length=77.85, success_rate=1.00, collisions/ep=7.95
Solved-check at update 135: solved=False worst_gap=450.99 at p_x0=0.00 p_y0=-1.00 (consecutive=0)
update=136 global_step=278528 SPS=840 w_ev=0.376 m_ev=0.910 m_v_bias=-1.4 m_adv_std=68.6621 m_kl_max=0.0123 m_ratio_max=0.795 w_ax@goal=+0.93 w_v@goal=3.70 return=799.7 length=84 success_rate=1.00 collisions/ep=4.19 (n=26)
update=137 global_step=280576 SPS=843 w_ev=0.335 m_ev=0.922 m_v_bias=12.0 m_adv_std=64.1526 m_kl_max=0.0097 m_ratio_max=0.633 w_ax@goal=+1.00 w_v@goal=3.59 return=787.4 length=86 success_rate=1.00 collisions/ep=4.42 (n=24)
update=138 global_step=282624 SPS=845 w_ev=0.247 m_ev=0.873 m_v_bias=12.7 m_adv_std=85.7731 m_kl_max=0.0060 m_ratio_max=0.392 w_ax@goal=+0.86 w_v@goal=3.87 return=770.5 length=84 success_rate=1.00 collisions/ep=4.75 (n=24)
update=139 global_step=284672 SPS=848 w_ev=0.242 m_ev=0.939 m_v_bias=-24.4 m_adv_std=54.1475 m_kl_max=0.0374 m_ratio_max=2.210 w_ax@goal=+0.80 w_v@goal=3.86 return=829.2 length=84 success_rate=1.00 collisions/ep=3.58 (n=24)
update=140 global_step=286720 SPS=850 w_ev=0.372 m_ev=0.932 m_v_bias=-5.0 m_adv_std=61.2890 m_kl_max=0.0129 m_ratio_max=0.473 w_ax@goal=+0.91 w_v@goal=3.81 return=814.4 length=84 success_rate=1.00 collisions/ep=3.88 (n=26)
Evaluation at update 140: return=722.02, length=78.05, success_rate=1.00, collisions/ep=5.80
Solved-check at update 140: solved=False worst_gap=401.04 at p_x0=0.00 p_y0=1.00 (consecutive=0)
update=141 global_step=288768 SPS=842 w_ev=0.288 m_ev=0.910 m_v_bias=-2.3 m_adv_std=67.4298 m_kl_max=0.0099 m_ratio_max=0.653 w_ax@goal=+0.79 w_v@goal=3.78 return=805.6 length=85 success_rate=1.00 collisions/ep=4.04 (n=24)
update=142 global_step=290816 SPS=844 w_ev=0.374 m_ev=0.913 m_v_bias=11.6 m_adv_std=68.1730 m_kl_max=0.0170 m_ratio_max=0.928 w_ax@goal=+0.62 w_v@goal=3.72 return=790.4 length=85 success_rate=1.00 collisions/ep=4.33 (n=24)
update=143 global_step=292864 SPS=847 w_ev=0.334 m_ev=0.941 m_v_bias=-21.3 m_adv_std=52.8089 m_kl_max=0.0083 m_ratio_max=0.485 w_ax@goal=+0.64 w_v@goal=3.80 return=826.5 length=85 success_rate=1.00 collisions/ep=3.62 (n=24)
update=144 global_step=294912 SPS=849 w_ev=0.379 m_ev=0.912 m_v_bias=0.7 m_adv_std=64.9114 m_kl_max=0.0091 m_ratio_max=0.710 w_ax@goal=+0.65 w_v@goal=3.60 return=810.5 length=83 success_rate=1.00 collisions/ep=3.96 (n=24)
update=145 global_step=296960 SPS=851 w_ev=0.325 m_ev=0.926 m_v_bias=-13.9 m_adv_std=58.4492 m_kl_max=0.0146 m_ratio_max=0.564 w_ax@goal=+0.84 w_v@goal=3.61 return=866.3 length=84 success_rate=1.00 collisions/ep=2.83 (n=24)
Evaluation at update 145: return=844.63, length=78.00, success_rate=1.00, collisions/ep=3.35
Solved-check at update 145: solved=False worst_gap=500.82 at p_x0=0.50 p_y0=-0.50 (consecutive=0)
update=146 global_step=299008 SPS=844 w_ev=0.281 m_ev=0.941 m_v_bias=-9.0 m_adv_std=51.2257 m_kl_max=0.0117 m_ratio_max=0.611 w_ax@goal=+0.75 w_v@goal=3.75 return=879.3 length=81 success_rate=1.00 collisions/ep=2.58 (n=26)
update=147 global_step=301056 SPS=846 w_ev=0.365 m_ev=0.933 m_v_bias=20.5 m_adv_std=58.5896 m_kl_max=0.0141 m_ratio_max=0.638 w_ax@goal=+0.68 w_v@goal=3.67 return=812.4 length=85 success_rate=1.00 collisions/ep=3.92 (n=25)
update=148 global_step=303104 SPS=848 w_ev=0.315 m_ev=0.897 m_v_bias=-10.4 m_adv_std=73.0794 m_kl_max=0.0082 m_ratio_max=0.406 w_ax@goal=+0.75 w_v@goal=3.88 return=811.5 length=82 success_rate=1.00 collisions/ep=3.96 (n=24)
update=149 global_step=305152 SPS=851 w_ev=0.407 m_ev=0.911 m_v_bias=13.2 m_adv_std=69.6261 m_kl_max=0.0132 m_ratio_max=0.520 w_ax@goal=+0.91 w_v@goal=3.53 return=805.6 length=85 success_rate=1.00 collisions/ep=4.04 (n=24)
update=150 global_step=307200 SPS=853 w_ev=0.373 m_ev=0.920 m_v_bias=-0.8 m_adv_std=65.3979 m_kl_max=0.0178 m_ratio_max=0.571 w_ax@goal=+0.83 w_v@goal=3.57 return=804.1 length=83 success_rate=1.00 collisions/ep=4.08 (n=25)
Evaluation at update 150: return=869.38, length=78.35, success_rate=1.00, collisions/ep=2.85
Solved-check at update 150: solved=False worst_gap=401.37 at p_x0=0.00 p_y0=1.00 (consecutive=0)
update=151 global_step=309248 SPS=846 w_ev=0.439 m_ev=0.905 m_v_bias=-0.3 m_adv_std=74.0443 m_kl_max=0.0078 m_ratio_max=0.631 w_ax@goal=+0.49 w_v@goal=3.55 return=819.1 length=86 success_rate=1.00 collisions/ep=3.75 (n=24)
update=152 global_step=311296 SPS=848 w_ev=0.359 m_ev=0.924 m_v_bias=-5.2 m_adv_std=63.3797 m_kl_max=0.0130 m_ratio_max=0.702 w_ax@goal=+0.55 w_v@goal=3.76 return=798.5 length=83 success_rate=1.00 collisions/ep=4.16 (n=25)
update=153 global_step=313344 SPS=850 w_ev=0.412 m_ev=0.920 m_v_bias=2.5 m_adv_std=66.0907 m_kl_max=0.0145 m_ratio_max=0.587 w_ax@goal=+0.61 w_v@goal=3.60 return=793.6 length=82 success_rate=1.00 collisions/ep=4.27 (n=26)
update=154 global_step=315392 SPS=852 w_ev=0.359 m_ev=0.921 m_v_bias=0.2 m_adv_std=63.4093 m_kl_max=0.0064 m_ratio_max=0.664 w_ax@goal=+0.56 w_v@goal=3.51 return=805.5 length=83 success_rate=1.00 collisions/ep=4.04 (n=24)
update=155 global_step=317440 SPS=854 w_ev=0.343 m_ev=0.922 m_v_bias=9.0 m_adv_std=66.0309 m_kl_max=0.0066 m_ratio_max=0.507 w_ax@goal=+0.65 w_v@goal=3.60 return=781.2 length=85 success_rate=1.00 collisions/ep=4.54 (n=24)
Evaluation at update 155: return=581.98, length=78.15, success_rate=1.00, collisions/ep=8.60
Solved-check at update 155: solved=False worst_gap=500.96 at p_x0=0.50 p_y0=-1.00 (consecutive=0)
update=156 global_step=319488 SPS=846 w_ev=0.378 m_ev=0.916 m_v_bias=8.4 m_adv_std=67.9494 m_kl_max=0.0303 m_ratio_max=2.042 w_ax@goal=+0.61 w_v@goal=3.47 return=807.9 length=85 success_rate=1.00 collisions/ep=3.96 (n=23)
update=157 global_step=321536 SPS=849 w_ev=0.236 m_ev=0.917 m_v_bias=-26.5 m_adv_std=63.2561 m_kl_max=0.0188 m_ratio_max=1.022 w_ax@goal=+0.79 w_v@goal=3.50 return=846.6 length=86 success_rate=1.00 collisions/ep=3.17 (n=24)
update=158 global_step=323584 SPS=851 w_ev=0.338 m_ev=0.905 m_v_bias=-1.2 m_adv_std=66.9454 m_kl_max=0.0061 m_ratio_max=0.327 w_ax@goal=+0.75 w_v@goal=3.53 return=829.2 length=84 success_rate=1.00 collisions/ep=3.56 (n=25)
update=159 global_step=325632 SPS=853 w_ev=0.378 m_ev=0.933 m_v_bias=-11.6 m_adv_std=56.7538 m_kl_max=0.0099 m_ratio_max=0.567 w_ax@goal=+0.64 w_v@goal=3.40 return=870.5 length=85 success_rate=1.00 collisions/ep=2.75 (n=24)
update=160 global_step=327680 SPS=855 w_ev=0.412 m_ev=0.957 m_v_bias=-7.8 m_adv_std=43.0573 m_kl_max=0.0118 m_ratio_max=0.844 w_ax@goal=+0.74 w_v@goal=3.47 return=868.1 length=85 success_rate=1.00 collisions/ep=2.79 (n=24)
Evaluation at update 160: return=884.01, length=78.65, success_rate=1.00, collisions/ep=2.55
Solved-check at update 160: solved=False worst_gap=301.60 at p_x0=1.50 p_y0=1.00 (consecutive=0)
update=161 global_step=329728 SPS=847 w_ev=0.376 m_ev=0.909 m_v_bias=16.6 m_adv_std=66.4652 m_kl_max=0.0066 m_ratio_max=0.613 w_ax@goal=+0.65 w_v@goal=3.71 return=819.8 length=85 success_rate=1.00 collisions/ep=3.75 (n=24)
update=162 global_step=331776 SPS=848 w_ev=0.363 m_ev=0.903 m_v_bias=19.9 m_adv_std=71.0765 m_kl_max=0.0193 m_ratio_max=0.766 w_ax@goal=+0.57 w_v@goal=3.62 return=793.9 length=84 success_rate=1.00 collisions/ep=4.25 (n=24)
update=163 global_step=333824 SPS=850 w_ev=0.257 m_ev=0.928 m_v_bias=3.9 m_adv_std=63.4558 m_kl_max=0.0134 m_ratio_max=0.748 w_ax@goal=+0.64 w_v@goal=3.71 return=808.9 length=84 success_rate=1.00 collisions/ep=3.96 (n=24)
update=164 global_step=335872 SPS=853 w_ev=0.349 m_ev=0.945 m_v_bias=-9.5 m_adv_std=56.5252 m_kl_max=0.0123 m_ratio_max=0.511 w_ax@goal=+0.33 w_v@goal=3.66 return=806.8 length=85 success_rate=1.00 collisions/ep=4.00 (n=25)
update=165 global_step=337920 SPS=855 w_ev=0.418 m_ev=0.914 m_v_bias=10.6 m_adv_std=70.8213 m_kl_max=0.0169 m_ratio_max=0.592 w_ax@goal=+0.78 w_v@goal=3.60 return=790.3 length=90 success_rate=1.00 collisions/ep=4.30 (n=23)
Evaluation at update 165: return=571.75, length=78.35, success_rate=1.00, collisions/ep=8.80
Solved-check at update 165: solved=False worst_gap=500.84 at p_x0=1.50 p_y0=-0.50 (consecutive=0)
update=166 global_step=339968 SPS=849 w_ev=0.433 m_ev=0.942 m_v_bias=2.3 m_adv_std=57.9076 m_kl_max=0.0100 m_ratio_max=1.055 w_ax@goal=+0.70 w_v@goal=3.35 return=776.2 length=87 success_rate=1.00 collisions/ep=4.58 (n=24)
update=167 global_step=342016 SPS=851 w_ev=0.415 m_ev=0.953 m_v_bias=-13.7 m_adv_std=49.3582 m_kl_max=0.0376 m_ratio_max=1.980 w_ax@goal=+0.62 w_v@goal=3.33 return=819.6 length=86 success_rate=1.00 collisions/ep=3.71 (n=24)
update=168 global_step=344064 SPS=854 w_ev=0.364 m_ev=0.919 m_v_bias=0.3 m_adv_std=64.0494 m_kl_max=0.0089 m_ratio_max=0.554 w_ax@goal=+0.46 w_v@goal=3.35 return=811.4 length=83 success_rate=1.00 collisions/ep=3.87 (n=23)
update=169 global_step=346112 SPS=856 w_ev=0.464 m_ev=0.915 m_v_bias=18.5 m_adv_std=70.8485 m_kl_max=0.0136 m_ratio_max=0.628 w_ax@goal=+0.55 w_v@goal=3.24 return=807.1 length=85 success_rate=1.00 collisions/ep=4.00 (n=24)
update=170 global_step=348160 SPS=858 w_ev=0.400 m_ev=0.936 m_v_bias=-3.0 m_adv_std=61.4789 m_kl_max=0.0270 m_ratio_max=1.750 w_ax@goal=+0.68 w_v@goal=3.39 return=764.4 length=87 success_rate=1.00 collisions/ep=4.83 (n=23)
Evaluation at update 170: return=573.93, length=78.65, success_rate=1.00, collisions/ep=8.75
Solved-check at update 170: solved=False worst_gap=500.97 at p_x0=2.00 p_y0=-0.50 (consecutive=0)
update=171 global_step=350208 SPS=851 w_ev=0.382 m_ev=0.894 m_v_bias=-5.5 m_adv_std=76.7018 m_kl_max=0.0167 m_ratio_max=0.832 w_ax@goal=+0.65 w_v@goal=3.50 return=757.0 length=85 success_rate=1.00 collisions/ep=4.96 (n=24)
update=172 global_step=352256 SPS=853 w_ev=0.271 m_ev=0.936 m_v_bias=0.9 m_adv_std=58.1231 m_kl_max=0.0176 m_ratio_max=1.253 w_ax@goal=+0.58 w_v@goal=3.51 return=833.7 length=90 success_rate=1.00 collisions/ep=3.39 (n=23)
update=173 global_step=354304 SPS=855 w_ev=0.321 m_ev=0.950 m_v_bias=-10.1 m_adv_std=48.9809 m_kl_max=0.0136 m_ratio_max=0.618 w_ax@goal=+0.60 w_v@goal=3.53 return=839.6 length=87 success_rate=1.00 collisions/ep=3.26 (n=23)
update=174 global_step=356352 SPS=857 w_ev=0.340 m_ev=0.913 m_v_bias=10.8 m_adv_std=70.5694 m_kl_max=0.0131 m_ratio_max=0.776 w_ax@goal=+0.76 w_v@goal=3.38 return=805.5 length=87 success_rate=1.00 collisions/ep=3.96 (n=23)
update=175 global_step=358400 SPS=859 w_ev=0.303 m_ev=0.952 m_v_bias=3.5 m_adv_std=50.3711 m_kl_max=0.0076 m_ratio_max=0.454 w_ax@goal=+0.46 w_v@goal=3.57 return=805.3 length=90 success_rate=1.00 collisions/ep=3.92 (n=24)
Evaluation at update 175: return=601.07, length=79.05, success_rate=1.00, collisions/ep=8.20
Solved-check at update 175: solved=False worst_gap=501.88 at p_x0=0.00 p_y0=-1.00 (consecutive=0)
update=176 global_step=360448 SPS=852 w_ev=0.341 m_ev=0.928 m_v_bias=8.2 m_adv_std=63.9239 m_kl_max=0.0086 m_ratio_max=0.435 w_ax@goal=+0.42 w_v@goal=3.51 return=785.9 length=88 success_rate=1.00 collisions/ep=4.35 (n=23)
update=177 global_step=362496 SPS=853 w_ev=0.313 m_ev=0.933 m_v_bias=4.1 m_adv_std=60.0282 m_kl_max=0.0050 m_ratio_max=0.511 w_ax@goal=+0.44 w_v@goal=3.41 return=800.5 length=89 success_rate=1.00 collisions/ep=4.04 (n=23)
update=178 global_step=364544 SPS=855 w_ev=0.379 m_ev=0.907 m_v_bias=-12.6 m_adv_std=75.9493 m_kl_max=0.0156 m_ratio_max=0.964 w_ax@goal=+0.63 w_v@goal=3.42 return=812.7 length=86 success_rate=1.00 collisions/ep=3.84 (n=25)
update=179 global_step=366592 SPS=857 w_ev=0.335 m_ev=0.935 m_v_bias=-1.0 m_adv_std=60.4149 m_kl_max=0.0147 m_ratio_max=0.804 w_ax@goal=+0.36 w_v@goal=3.47 return=807.6 length=88 success_rate=1.00 collisions/ep=3.96 (n=24)
update=180 global_step=368640 SPS=859 w_ev=0.341 m_ev=0.922 m_v_bias=2.0 m_adv_std=66.5952 m_kl_max=0.0048 m_ratio_max=0.475 w_ax@goal=+0.50 w_v@goal=3.39 return=801.6 length=88 success_rate=1.00 collisions/ep=4.04 (n=23)
Evaluation at update 180: return=848.77, length=78.80, success_rate=1.00, collisions/ep=3.25
Solved-check at update 180: solved=False worst_gap=451.57 at p_x0=0.50 p_y0=0.00 (consecutive=0)
update=181 global_step=370688 SPS=850 w_ev=0.273 m_ev=0.935 m_v_bias=-15.7 m_adv_std=57.4924 m_kl_max=0.0111 m_ratio_max=0.979 w_ax@goal=+0.49 w_v@goal=3.74 return=848.8 length=87 success_rate=1.00 collisions/ep=3.09 (n=22)
update=182 global_step=372736 SPS=852 w_ev=0.309 m_ev=0.898 m_v_bias=21.0 m_adv_std=77.1491 m_kl_max=0.0102 m_ratio_max=0.369 w_ax@goal=+0.47 w_v@goal=3.88 return=758.7 length=87 success_rate=1.00 collisions/ep=4.92 (n=24)
update=183 global_step=374784 SPS=854 w_ev=0.355 m_ev=0.957 m_v_bias=-34.0 m_adv_std=46.2375 m_kl_max=0.0117 m_ratio_max=0.869 w_ax@goal=+0.63 w_v@goal=3.59 return=858.1 length=85 success_rate=1.00 collisions/ep=2.96 (n=24)
update=184 global_step=376832 SPS=856 w_ev=0.330 m_ev=0.948 m_v_bias=5.5 m_adv_std=49.8982 m_kl_max=0.0171 m_ratio_max=1.044 w_ax@goal=+0.67 w_v@goal=3.53 return=848.1 length=87 success_rate=1.00 collisions/ep=3.12 (n=24)
update=185 global_step=378880 SPS=857 w_ev=0.183 m_ev=0.925 m_v_bias=17.1 m_adv_std=61.1462 m_kl_max=0.0088 m_ratio_max=0.615 w_ax@goal=+0.55 w_v@goal=3.69 return=812.9 length=88 success_rate=1.00 collisions/ep=3.86 (n=22)
Evaluation at update 185: return=714.34, length=78.30, success_rate=1.00, collisions/ep=5.95
Solved-check at update 185: solved=False worst_gap=500.95 at p_x0=1.00 p_y0=0.00 (consecutive=0)
update=186 global_step=380928 SPS=851 w_ev=0.191 m_ev=0.923 m_v_bias=0.3 m_adv_std=63.6496 m_kl_max=0.0328 m_ratio_max=1.838 w_ax@goal=+0.53 w_v@goal=3.81 return=801.1 length=87 success_rate=1.00 collisions/ep=4.08 (n=24)
update=187 global_step=382976 SPS=853 w_ev=0.241 m_ev=0.896 m_v_bias=-12.2 m_adv_std=75.9677 m_kl_max=0.0159 m_ratio_max=0.683 w_ax@goal=+0.63 w_v@goal=3.85 return=835.0 length=88 success_rate=1.00 collisions/ep=3.42 (n=24)
update=188 global_step=385024 SPS=855 w_ev=0.223 m_ev=0.918 m_v_bias=12.3 m_adv_std=67.9662 m_kl_max=0.0230 m_ratio_max=0.714 w_ax@goal=+0.49 w_v@goal=3.80 return=805.0 length=87 success_rate=1.00 collisions/ep=4.00 (n=22)
update=189 global_step=387072 SPS=857 w_ev=0.044 m_ev=0.866 m_v_bias=25.6 m_adv_std=85.2850 m_kl_max=0.0177 m_ratio_max=0.781 w_ax@goal=+0.59 w_v@goal=4.05 return=736.7 length=91 success_rate=1.00 collisions/ep=5.46 (n=24)
update=190 global_step=389120 SPS=859 w_ev=0.107 m_ev=0.881 m_v_bias=-9.6 m_adv_std=80.0329 m_kl_max=0.0152 m_ratio_max=0.967 w_ax@goal=+0.42 w_v@goal=4.01 return=777.8 length=88 success_rate=1.00 collisions/ep=4.70 (n=23)
Evaluation at update 190: return=600.18, length=79.85, success_rate=1.00, collisions/ep=8.55
Solved-check at update 190: solved=False worst_gap=500.88 at p_x0=1.50 p_y0=0.00 (consecutive=0)
update=191 global_step=391168 SPS=853 w_ev=0.063 m_ev=0.932 m_v_bias=-2.7 m_adv_std=66.3536 m_kl_max=0.0123 m_ratio_max=0.496 w_ax@goal=+0.60 w_v@goal=4.11 return=758.9 length=88 success_rate=1.00 collisions/ep=5.00 (n=22)
update=192 global_step=393216 SPS=854 w_ev=0.134 m_ev=0.868 m_v_bias=14.5 m_adv_std=85.0567 m_kl_max=0.0127 m_ratio_max=0.622 w_ax@goal=+0.64 w_v@goal=4.19 return=730.4 length=91 success_rate=1.00 collisions/ep=5.48 (n=23)
update=193 global_step=395264 SPS=856 w_ev=0.073 m_ev=0.854 m_v_bias=16.9 m_adv_std=92.0093 m_kl_max=0.0288 m_ratio_max=1.750 w_ax@goal=+0.64 w_v@goal=4.14 return=736.2 length=92 success_rate=1.00 collisions/ep=5.29 (n=21)
update=194 global_step=397312 SPS=857 w_ev=0.096 m_ev=0.861 m_v_bias=6.4 m_adv_std=96.2509 m_kl_max=0.0086 m_ratio_max=0.865 w_ax@goal=+0.29 w_v@goal=4.19 return=733.4 length=91 success_rate=1.00 collisions/ep=5.43 (n=23)
update=195 global_step=399360 SPS=859 w_ev=0.035 m_ev=0.918 m_v_bias=-5.3 m_adv_std=74.8749 m_kl_max=0.0064 m_ratio_max=0.577 w_ax@goal=+0.58 w_v@goal=4.29 return=730.0 length=90 success_rate=1.00 collisions/ep=5.50 (n=24)
Evaluation at update 195: return=618.28, length=79.30, success_rate=1.00, collisions/ep=7.95
Solved-check at update 195: solved=False worst_gap=507.86 at p_x0=2.00 p_y0=1.00 (consecutive=0)
update=196 global_step=401408 SPS=853 w_ev=0.150 m_ev=0.932 m_v_bias=-17.4 m_adv_std=64.6916 m_kl_max=0.0179 m_ratio_max=0.665 w_ax@goal=+0.38 w_v@goal=4.06 return=726.0 length=91 success_rate=1.00 collisions/ep=5.61 (n=23)
update=197 global_step=403456 SPS=855 w_ev=0.164 m_ev=0.918 m_v_bias=-14.0 m_adv_std=67.2183 m_kl_max=0.0339 m_ratio_max=1.030 w_ax@goal=+0.40 w_v@goal=4.03 return=801.1 length=92 success_rate=1.00 collisions/ep=4.04 (n=23)
update=198 global_step=405504 SPS=857 w_ev=0.146 m_ev=0.906 m_v_bias=3.6 m_adv_std=74.4909 m_kl_max=0.0065 m_ratio_max=0.357 w_ax@goal=+0.39 w_v@goal=4.13 return=763.4 length=88 success_rate=1.00 collisions/ep=4.81 (n=21)
update=199 global_step=407552 SPS=858 w_ev=0.264 m_ev=0.939 m_v_bias=-6.9 m_adv_std=61.2410 m_kl_max=0.0071 m_ratio_max=0.498 w_ax@goal=+0.65 w_v@goal=3.93 return=782.9 length=89 success_rate=1.00 collisions/ep=4.38 (n=24)
update=200 global_step=409600 SPS=860 w_ev=-0.049 m_ev=0.879 m_v_bias=28.2 m_adv_std=86.5031 m_kl_max=0.0197 m_ratio_max=0.639 w_ax@goal=+0.29 w_v@goal=4.24 return=760.0 length=92 success_rate=1.00 collisions/ep=4.86 (n=22)
Evaluation at update 200: return=620.96, length=79.10, success_rate=1.00, collisions/ep=7.80
Solved-check at update 200: solved=False worst_gap=502.01 at p_x0=1.00 p_y0=-0.50 (consecutive=0)
update=201 global_step=411648 SPS=854 w_ev=0.094 m_ev=0.863 m_v_bias=-2.3 m_adv_std=91.2924 m_kl_max=0.0206 m_ratio_max=0.746 w_ax@goal=+0.35 w_v@goal=4.04 return=731.3 length=89 success_rate=1.00 collisions/ep=5.39 (n=23)
update=202 global_step=413696 SPS=855 w_ev=0.063 m_ev=0.892 m_v_bias=-7.6 m_adv_std=84.3219 m_kl_max=0.0195 m_ratio_max=1.167 w_ax@goal=+0.49 w_v@goal=4.16 return=737.0 length=91 success_rate=1.00 collisions/ep=5.29 (n=24)
update=203 global_step=415744 SPS=857 w_ev=-0.022 m_ev=0.883 m_v_bias=41.0 m_adv_std=84.0121 m_kl_max=0.0279 m_ratio_max=0.621 w_ax@goal=+0.52 w_v@goal=4.20 return=646.6 length=94 success_rate=1.00 collisions/ep=7.19 (n=21)
update=204 global_step=417792 SPS=858 w_ev=0.013 m_ev=0.923 m_v_bias=-45.5 m_adv_std=66.8786 m_kl_max=0.0089 m_ratio_max=1.033 w_ax@goal=+0.47 w_v@goal=4.19 return=789.9 length=90 success_rate=1.00 collisions/ep=4.23 (n=22)
update=205 global_step=419840 SPS=860 w_ev=0.079 m_ev=0.894 m_v_bias=7.1 m_adv_std=75.4425 m_kl_max=0.0078 m_ratio_max=0.414 w_ax@goal=+0.48 w_v@goal=4.21 return=754.8 length=93 success_rate=1.00 collisions/ep=4.96 (n=23)
Evaluation at update 205: return=546.24, length=78.90, success_rate=1.00, collisions/ep=9.30
Solved-check at update 205: solved=False worst_gap=502.99 at p_x0=0.00 p_y0=1.00 (consecutive=0)
update=206 global_step=421888 SPS=855 w_ev=0.118 m_ev=0.897 m_v_bias=-2.2 m_adv_std=76.7549 m_kl_max=0.0328 m_ratio_max=0.976 w_ax@goal=+0.48 w_v@goal=4.17 return=787.3 length=89 success_rate=1.00 collisions/ep=4.38 (n=21)
update=207 global_step=423936 SPS=857 w_ev=0.121 m_ev=0.917 m_v_bias=-16.4 m_adv_std=67.2306 m_kl_max=0.0160 m_ratio_max=0.795 w_ax@goal=+0.49 w_v@goal=4.23 return=810.8 length=89 success_rate=1.00 collisions/ep=3.87 (n=23)
update=208 global_step=425984 SPS=858 w_ev=0.123 m_ev=0.922 m_v_bias=2.7 m_adv_std=68.0618 m_kl_max=0.0142 m_ratio_max=0.636 w_ax@goal=+0.42 w_v@goal=4.38 return=751.1 length=89 success_rate=1.00 collisions/ep=5.25 (n=24)
update=209 global_step=428032 SPS=860 w_ev=0.182 m_ev=0.923 m_v_bias=-6.8 m_adv_std=65.0596 m_kl_max=0.0094 m_ratio_max=1.088 w_ax@goal=+0.57 w_v@goal=4.28 return=805.9 length=87 success_rate=1.00 collisions/ep=3.96 (n=25)
update=210 global_step=430080 SPS=861 w_ev=0.190 m_ev=0.950 m_v_bias=5.2 m_adv_std=50.6865 m_kl_max=0.0203 m_ratio_max=0.736 w_ax@goal=+0.55 w_v@goal=4.31 return=781.5 length=86 success_rate=1.00 collisions/ep=4.46 (n=24)
Evaluation at update 210: return=818.76, length=78.85, success_rate=1.00, collisions/ep=3.85
Solved-check at update 210: solved=False worst_gap=501.84 at p_x0=0.50 p_y0=-1.00 (consecutive=0)
update=211 global_step=432128 SPS=855 w_ev=0.195 m_ev=0.946 m_v_bias=-12.7 m_adv_std=53.1791 m_kl_max=0.0256 m_ratio_max=1.101 w_ax@goal=+0.71 w_v@goal=4.05 return=813.4 length=88 success_rate=1.00 collisions/ep=3.88 (n=24)
update=212 global_step=434176 SPS=857 w_ev=0.162 m_ev=0.884 m_v_bias=28.6 m_adv_std=77.8522 m_kl_max=0.0184 m_ratio_max=0.877 w_ax@goal=+0.66 w_v@goal=4.10 return=746.6 length=89 success_rate=1.00 collisions/ep=5.19 (n=21)
update=213 global_step=436224 SPS=859 w_ev=0.131 m_ev=0.904 m_v_bias=-4.2 m_adv_std=72.8684 m_kl_max=0.0111 m_ratio_max=0.602 w_ax@goal=+0.53 w_v@goal=4.02 return=808.2 length=88 success_rate=1.00 collisions/ep=3.91 (n=23)
update=214 global_step=438272 SPS=860 w_ev=0.117 m_ev=0.918 m_v_bias=3.4 m_adv_std=65.4497 m_kl_max=0.0096 m_ratio_max=0.636 w_ax@goal=+0.69 w_v@goal=4.09 return=770.3 length=88 success_rate=1.00 collisions/ep=4.70 (n=23)
update=215 global_step=440320 SPS=861 w_ev=0.108 m_ev=0.950 m_v_bias=-25.7 m_adv_std=48.8656 m_kl_max=0.0149 m_ratio_max=0.702 w_ax@goal=+0.60 w_v@goal=3.95 return=846.7 length=86 success_rate=1.00 collisions/ep=3.25 (n=24)
Evaluation at update 215: return=879.85, length=80.20, success_rate=1.00, collisions/ep=2.60
Solved-check at update 215: solved=False worst_gap=500.90 at p_x0=1.50 p_y0=-0.50 (consecutive=0)
update=216 global_step=442368 SPS=856 w_ev=0.044 m_ev=0.904 m_v_bias=8.4 m_adv_std=72.5697 m_kl_max=0.0109 m_ratio_max=0.748 w_ax@goal=+0.40 w_v@goal=4.11 return=814.8 length=87 success_rate=1.00 collisions/ep=3.92 (n=24)
update=217 global_step=444416 SPS=857 w_ev=0.091 m_ev=0.918 m_v_bias=11.5 m_adv_std=65.4412 m_kl_max=0.0114 m_ratio_max=0.499 w_ax@goal=+0.62 w_v@goal=4.01 return=806.4 length=87 success_rate=1.00 collisions/ep=3.96 (n=24)
update=218 global_step=446464 SPS=858 w_ev=0.094 m_ev=0.943 m_v_bias=-12.9 m_adv_std=53.9469 m_kl_max=0.0088 m_ratio_max=0.707 w_ax@goal=+0.51 w_v@goal=4.00 return=802.6 length=87 success_rate=1.00 collisions/ep=4.13 (n=23)
update=219 global_step=448512 SPS=860 w_ev=0.112 m_ev=0.909 m_v_bias=13.5 m_adv_std=69.3223 m_kl_max=0.0053 m_ratio_max=0.349 w_ax@goal=+0.82 w_v@goal=4.04 return=758.8 length=85 success_rate=1.00 collisions/ep=5.00 (n=24)
update=220 global_step=450560 SPS=862 w_ev=-0.005 m_ev=0.899 m_v_bias=-0.4 m_adv_std=71.6164 m_kl_max=0.0203 m_ratio_max=0.724 w_ax@goal=+0.66 w_v@goal=4.20 return=836.8 length=87 success_rate=1.00 collisions/ep=3.35 (n=23)
Evaluation at update 220: return=659.33, length=78.30, success_rate=1.00, collisions/ep=7.05
Solved-check at update 220: solved=False worst_gap=500.98 at p_x0=1.00 p_y0=-0.50 (consecutive=0)
update=221 global_step=452608 SPS=856 w_ev=-0.001 m_ev=0.921 m_v_bias=-4.0 m_adv_std=63.4078 m_kl_max=0.0241 m_ratio_max=0.824 w_ax@goal=+0.70 w_v@goal=4.22 return=795.7 length=88 success_rate=1.00 collisions/ep=4.22 (n=23)
update=222 global_step=454656 SPS=858 w_ev=0.080 m_ev=0.926 m_v_bias=-13.3 m_adv_std=59.9357 m_kl_max=0.0211 m_ratio_max=1.009 w_ax@goal=+0.64 w_v@goal=4.32 return=813.0 length=83 success_rate=1.00 collisions/ep=3.92 (n=25)
update=223 global_step=456704 SPS=859 w_ev=0.149 m_ev=0.939 m_v_bias=-12.2 m_adv_std=55.5647 m_kl_max=0.0221 m_ratio_max=1.341 w_ax@goal=+1.02 w_v@goal=4.39 return=822.3 length=84 success_rate=1.00 collisions/ep=3.74 (n=23)
update=224 global_step=458752 SPS=861 w_ev=0.190 m_ev=0.952 m_v_bias=-0.9 m_adv_std=49.4757 m_kl_max=0.0136 m_ratio_max=0.547 w_ax@goal=+0.80 w_v@goal=4.17 return=852.3 length=85 success_rate=1.00 collisions/ep=3.15 (n=26)
update=225 global_step=460800 SPS=862 w_ev=0.223 m_ev=0.918 m_v_bias=15.4 m_adv_std=66.6418 m_kl_max=0.0058 m_ratio_max=0.384 w_ax@goal=+0.97 w_v@goal=4.18 return=787.6 length=84 success_rate=1.00 collisions/ep=4.40 (n=25)
Evaluation at update 225: return=757.14, length=78.00, success_rate=1.00, collisions/ep=5.10
Solved-check at update 225: solved=False worst_gap=450.87 at p_x0=0.50 p_y0=1.00 (consecutive=0)
update=226 global_step=462848 SPS=857 w_ev=0.287 m_ev=0.947 m_v_bias=-5.5 m_adv_std=50.5209 m_kl_max=0.0153 m_ratio_max=0.806 w_ax@goal=+0.96 w_v@goal=3.82 return=823.3 length=83 success_rate=1.00 collisions/ep=3.71 (n=24)
update=227 global_step=464896 SPS=859 w_ev=0.249 m_ev=0.955 m_v_bias=-20.7 m_adv_std=45.4355 m_kl_max=0.0056 m_ratio_max=0.405 w_ax@goal=+1.02 w_v@goal=3.73 return=861.8 length=84 success_rate=1.00 collisions/ep=2.96 (n=24)
update=228 global_step=466944 SPS=860 w_ev=0.243 m_ev=0.948 m_v_bias=6.4 m_adv_std=48.7045 m_kl_max=0.0138 m_ratio_max=0.618 w_ax@goal=+1.05 w_v@goal=3.87 return=838.8 length=82 success_rate=1.00 collisions/ep=3.40 (n=25)
update=229 global_step=468992 SPS=861 w_ev=0.270 m_ev=0.924 m_v_bias=7.5 m_adv_std=60.8225 m_kl_max=0.0031 m_ratio_max=0.397 w_ax@goal=+0.87 w_v@goal=3.90 return=825.0 length=82 success_rate=1.00 collisions/ep=3.68 (n=25)
update=230 global_step=471040 SPS=863 w_ev=0.286 m_ev=0.925 m_v_bias=-3.6 m_adv_std=61.7031 m_kl_max=0.0147 m_ratio_max=0.990 w_ax@goal=+1.06 w_v@goal=3.86 return=827.7 length=83 success_rate=1.00 collisions/ep=3.64 (n=25)
Evaluation at update 230: return=784.52, length=78.10, success_rate=1.00, collisions/ep=4.55
Solved-check at update 230: solved=False worst_gap=500.85 at p_x0=1.50 p_y0=-1.00 (consecutive=0)
update=231 global_step=473088 SPS=858 w_ev=0.208 m_ev=0.935 m_v_bias=-9.0 m_adv_std=56.3396 m_kl_max=0.0147 m_ratio_max=0.870 w_ax@goal=+1.13 w_v@goal=4.01 return=840.9 length=84 success_rate=1.00 collisions/ep=3.36 (n=25)
update=232 global_step=475136 SPS=860 w_ev=0.145 m_ev=0.951 m_v_bias=17.7 m_adv_std=48.5579 m_kl_max=0.0069 m_ratio_max=0.468 w_ax@goal=+1.00 w_v@goal=3.94 return=814.5 length=84 success_rate=1.00 collisions/ep=3.92 (n=25)
update=233 global_step=477184 SPS=861 w_ev=0.364 m_ev=0.947 m_v_bias=-15.5 m_adv_std=50.5159 m_kl_max=0.0284 m_ratio_max=1.607 w_ax@goal=+0.96 w_v@goal=3.68 return=855.6 length=83 success_rate=1.00 collisions/ep=3.09 (n=23)
update=234 global_step=479232 SPS=863 w_ev=0.277 m_ev=0.933 m_v_bias=3.0 m_adv_std=55.9329 m_kl_max=0.0047 m_ratio_max=0.406 w_ax@goal=+1.05 w_v@goal=3.86 return=835.5 length=82 success_rate=1.00 collisions/ep=3.48 (n=25)
update=235 global_step=481280 SPS=864 w_ev=0.296 m_ev=0.902 m_v_bias=-6.2 m_adv_std=67.1187 m_kl_max=0.0135 m_ratio_max=0.565 w_ax@goal=+1.07 w_v@goal=3.59 return=853.7 length=82 success_rate=1.00 collisions/ep=3.12 (n=25)
Evaluation at update 235: return=917.04, length=78.10, success_rate=1.00, collisions/ep=1.90
Solved-check at update 235: solved=False worst_gap=300.80 at p_x0=1.50 p_y0=-1.00 (consecutive=0)
update=236 global_step=483328 SPS=859 w_ev=0.273 m_ev=0.939 m_v_bias=1.7 m_adv_std=54.6845 m_kl_max=0.0109 m_ratio_max=0.584 w_ax@goal=+1.04 w_v@goal=3.91 return=837.5 length=82 success_rate=1.00 collisions/ep=3.44 (n=27)
update=237 global_step=485376 SPS=860 w_ev=0.299 m_ev=0.927 m_v_bias=7.3 m_adv_std=57.7203 m_kl_max=0.0124 m_ratio_max=0.442 w_ax@goal=+1.15 w_v@goal=3.72 return=837.9 length=81 success_rate=1.00 collisions/ep=3.44 (n=25)
update=238 global_step=487424 SPS=862 w_ev=0.323 m_ev=0.929 m_v_bias=-3.6 m_adv_std=57.5963 m_kl_max=0.0094 m_ratio_max=0.482 w_ax@goal=+0.97 w_v@goal=3.74 return=849.8 length=82 success_rate=1.00 collisions/ep=3.21 (n=24)
update=239 global_step=489472 SPS=863 w_ev=0.240 m_ev=0.931 m_v_bias=-17.9 m_adv_std=53.9810 m_kl_max=0.0061 m_ratio_max=0.424 w_ax@goal=+1.29 w_v@goal=3.68 return=899.7 length=79 success_rate=1.00 collisions/ep=2.21 (n=24)
update=240 global_step=491520 SPS=864 w_ev=0.305 m_ev=0.900 m_v_bias=39.3 m_adv_std=77.6352 m_kl_max=0.0121 m_ratio_max=0.486 w_ax@goal=+1.09 w_v@goal=3.74 return=791.7 length=80 success_rate=1.00 collisions/ep=4.36 (n=25)
Evaluation at update 240: return=952.07, length=78.00, success_rate=1.00, collisions/ep=1.20
Solved-check at update 240: solved=False worst_gap=450.86 at p_x0=1.00 p_y0=-1.00 (consecutive=0)
update=241 global_step=493568 SPS=859 w_ev=0.370 m_ev=0.927 m_v_bias=-11.2 m_adv_std=61.5769 m_kl_max=0.0343 m_ratio_max=2.086 w_ax@goal=+1.15 w_v@goal=3.83 return=800.9 length=82 success_rate=1.00 collisions/ep=4.19 (n=27)
update=242 global_step=495616 SPS=860 w_ev=0.305 m_ev=0.901 m_v_bias=-4.2 m_adv_std=71.9436 m_kl_max=0.0071 m_ratio_max=0.650 w_ax@goal=+1.12 w_v@goal=3.76 return=820.1 length=81 success_rate=1.00 collisions/ep=3.81 (n=26)
update=243 global_step=497664 SPS=862 w_ev=0.377 m_ev=0.912 m_v_bias=1.2 m_adv_std=65.2457 m_kl_max=0.0087 m_ratio_max=0.592 w_ax@goal=+1.01 w_v@goal=3.78 return=834.0 length=81 success_rate=1.00 collisions/ep=3.52 (n=25)
update=244 global_step=499712 SPS=863 w_ev=0.415 m_ev=0.916 m_v_bias=-14.1 m_adv_std=62.7304 m_kl_max=0.0086 m_ratio_max=0.546 w_ax@goal=+1.07 w_v@goal=3.49 return=828.5 length=82 success_rate=1.00 collisions/ep=3.62 (n=24)
update=245 global_step=501760 SPS=864 w_ev=0.091 m_ev=0.945 m_v_bias=-12.2 m_adv_std=48.8236 m_kl_max=0.0138 m_ratio_max=1.432 w_ax@goal=+0.81 w_v@goal=4.25 return=890.8 length=83 success_rate=1.00 collisions/ep=2.36 (n=25)
Evaluation at update 245: return=946.65, length=78.35, success_rate=1.00, collisions/ep=1.30
Solved-check at update 245: solved=False worst_gap=500.86 at p_x0=2.00 p_y0=0.00 (consecutive=0)
update=246 global_step=503808 SPS=860 w_ev=0.146 m_ev=0.934 m_v_bias=0.6 m_adv_std=53.2033 m_kl_max=0.0200 m_ratio_max=1.289 w_ax@goal=+0.70 w_v@goal=4.14 return=894.4 length=83 success_rate=1.00 collisions/ep=2.28 (n=25)
update=247 global_step=505856 SPS=861 w_ev=0.221 m_ev=0.900 m_v_bias=23.0 m_adv_std=69.7807 m_kl_max=0.0157 m_ratio_max=0.783 w_ax@goal=+0.76 w_v@goal=4.04 return=851.5 length=85 success_rate=1.00 collisions/ep=3.13 (n=23)
update=248 global_step=507904 SPS=862 w_ev=0.387 m_ev=0.942 m_v_bias=-15.7 m_adv_std=52.6483 m_kl_max=0.0202 m_ratio_max=1.115 w_ax@goal=+0.86 w_v@goal=3.89 return=850.4 length=85 success_rate=1.00 collisions/ep=3.15 (n=26)
update=249 global_step=509952 SPS=863 w_ev=0.242 m_ev=0.909 m_v_bias=10.8 m_adv_std=65.3580 m_kl_max=0.0184 m_ratio_max=0.628 w_ax@goal=+1.06 w_v@goal=3.77 return=875.5 length=82 success_rate=1.00 collisions/ep=2.67 (n=24)
update=250 global_step=512000 SPS=865 w_ev=0.124 m_ev=0.945 m_v_bias=-19.4 m_adv_std=49.6941 m_kl_max=0.0089 m_ratio_max=0.413 w_ax@goal=+0.76 w_v@goal=4.29 return=894.7 length=85 success_rate=1.00 collisions/ep=2.25 (n=24)
Evaluation at update 250: return=898.90, length=78.70, success_rate=1.00, collisions/ep=2.25
Solved-check at update 250: solved=False worst_gap=501.97 at p_x0=1.00 p_y0=-0.50 (consecutive=0)
update=251 global_step=514048 SPS=859 w_ev=0.105 m_ev=0.928 m_v_bias=17.4 m_adv_std=58.1114 m_kl_max=0.0511 m_ratio_max=1.558 w_ax@goal=+0.71 w_v@goal=4.12 return=877.3 length=84 success_rate=1.00 collisions/ep=2.62 (n=24)
update=252 global_step=516096 SPS=861 w_ev=0.185 m_ev=0.876 m_v_bias=-6.8 m_adv_std=76.5785 m_kl_max=0.0109 m_ratio_max=0.539 w_ax@goal=+0.69 w_v@goal=4.11 return=858.0 length=83 success_rate=1.00 collisions/ep=3.00 (n=24)
update=253 global_step=518144 SPS=862 w_ev=0.100 m_ev=0.915 m_v_bias=-11.3 m_adv_std=62.1383 m_kl_max=0.0151 m_ratio_max=1.053 w_ax@goal=+0.96 w_v@goal=4.38 return=884.5 length=85 success_rate=1.00 collisions/ep=2.44 (n=25)
update=254 global_step=520192 SPS=864 w_ev=0.246 m_ev=0.921 m_v_bias=0.9 m_adv_std=59.1319 m_kl_max=0.0118 m_ratio_max=1.017 w_ax@goal=+1.10 w_v@goal=4.10 return=887.8 length=82 success_rate=1.00 collisions/ep=2.42 (n=26)
update=255 global_step=522240 SPS=865 w_ev=0.323 m_ev=0.929 m_v_bias=-10.0 m_adv_std=52.7522 m_kl_max=0.0069 m_ratio_max=0.727 w_ax@goal=+1.08 w_v@goal=4.07 return=918.2 length=83 success_rate=1.00 collisions/ep=1.83 (n=23)
Evaluation at update 255: return=996.70, length=78.35, success_rate=1.00, collisions/ep=0.30
Solved-check at update 255: solved=False worst_gap=451.42 at p_x0=1.00 p_y0=-1.00 (consecutive=0)
update=256 global_step=524288 SPS=860 w_ev=0.276 m_ev=0.951 m_v_bias=-1.9 m_adv_std=43.9144 m_kl_max=0.0141 m_ratio_max=0.664 w_ax@goal=+1.20 w_v@goal=4.15 return=925.1 length=84 success_rate=1.00 collisions/ep=1.68 (n=25)
update=257 global_step=526336 SPS=861 w_ev=0.306 m_ev=0.925 m_v_bias=-0.9 m_adv_std=55.1124 m_kl_max=0.0389 m_ratio_max=1.441 w_ax@goal=+1.05 w_v@goal=4.05 return=911.1 length=85 success_rate=1.00 collisions/ep=1.96 (n=24)
update=258 global_step=528384 SPS=863 w_ev=0.308 m_ev=0.920 m_v_bias=8.1 m_adv_std=58.5343 m_kl_max=0.0078 m_ratio_max=0.430 w_ax@goal=+1.05 w_v@goal=4.17 return=909.4 length=82 success_rate=1.00 collisions/ep=2.00 (n=26)
update=259 global_step=530432 SPS=864 w_ev=0.200 m_ev=0.965 m_v_bias=-7.3 m_adv_std=35.6540 m_kl_max=0.0159 m_ratio_max=0.658 w_ax@goal=+1.14 w_v@goal=4.01 return=942.8 length=82 success_rate=1.00 collisions/ep=1.32 (n=25)
update=260 global_step=532480 SPS=865 w_ev=0.268 m_ev=0.958 m_v_bias=-8.1 m_adv_std=38.0623 m_kl_max=0.0379 m_ratio_max=0.748 w_ax@goal=+0.88 w_v@goal=3.94 return=937.8 length=82 success_rate=1.00 collisions/ep=1.46 (n=24)
Evaluation at update 260: return=999.03, length=78.60, success_rate=1.00, collisions/ep=0.25
Solved-check at update 260: solved=False worst_gap=101.41 at p_x0=1.50 p_y0=-1.00 (consecutive=0)
update=261 global_step=534528 SPS=860 w_ev=0.265 m_ev=0.926 m_v_bias=6.2 m_adv_std=51.6769 m_kl_max=0.0297 m_ratio_max=0.778 w_ax@goal=+0.93 w_v@goal=4.10 return=926.8 length=84 success_rate=1.00 collisions/ep=1.62 (n=24)
update=262 global_step=536576 SPS=862 w_ev=0.279 m_ev=0.959 m_v_bias=0.1 m_adv_std=38.4698 m_kl_max=0.0244 m_ratio_max=1.089 w_ax@goal=+1.14 w_v@goal=4.02 return=939.4 length=84 success_rate=1.00 collisions/ep=1.38 (n=24)
update=263 global_step=538624 SPS=863 w_ev=0.320 m_ev=0.958 m_v_bias=0.8 m_adv_std=40.1861 m_kl_max=0.0078 m_ratio_max=0.520 w_ax@goal=+1.11 w_v@goal=3.99 return=919.9 length=80 success_rate=1.00 collisions/ep=1.77 (n=26)
update=264 global_step=540672 SPS=864 w_ev=0.370 m_ev=0.941 m_v_bias=9.3 m_adv_std=46.7862 m_kl_max=0.0172 m_ratio_max=0.734 w_ax@goal=+0.85 w_v@goal=3.69 return=926.6 length=83 success_rate=1.00 collisions/ep=1.62 (n=26)
update=265 global_step=542720 SPS=865 w_ev=0.368 m_ev=0.931 m_v_bias=-0.3 m_adv_std=51.4151 m_kl_max=0.0062 m_ratio_max=0.479 w_ax@goal=+0.98 w_v@goal=3.73 return=925.0 length=83 success_rate=1.00 collisions/ep=1.65 (n=23)
Evaluation at update 265: return=1001.14, length=79.15, success_rate=1.00, collisions/ep=0.20
Solved-check at update 265: solved=False worst_gap=101.77 at p_x0=2.00 p_y0=-1.00 (consecutive=0)
update=266 global_step=544768 SPS=860 w_ev=0.367 m_ev=0.958 m_v_bias=-5.8 m_adv_std=39.0044 m_kl_max=0.0381 m_ratio_max=2.144 w_ax@goal=+0.82 w_v@goal=3.65 return=939.0 length=85 success_rate=1.00 collisions/ep=1.38 (n=24)
update=267 global_step=546816 SPS=862 w_ev=0.397 m_ev=0.937 m_v_bias=13.3 m_adv_std=50.1048 m_kl_max=0.0220 m_ratio_max=0.568 w_ax@goal=+0.56 w_v@goal=3.81 return=909.5 length=86 success_rate=1.00 collisions/ep=1.96 (n=23)
update=268 global_step=548864 SPS=863 w_ev=0.296 m_ev=0.951 m_v_bias=-15.3 m_adv_std=41.2998 m_kl_max=0.0160 m_ratio_max=1.056 w_ax@goal=+0.83 w_v@goal=3.76 return=960.1 length=85 success_rate=1.00 collisions/ep=0.92 (n=25)
update=269 global_step=550912 SPS=864 w_ev=0.336 m_ev=0.965 m_v_bias=5.2 m_adv_std=34.7642 m_kl_max=0.0150 m_ratio_max=0.481 w_ax@goal=+0.60 w_v@goal=3.76 return=949.2 length=87 success_rate=1.00 collisions/ep=1.17 (n=24)
update=270 global_step=552960 SPS=865 w_ev=0.226 m_ev=0.963 m_v_bias=12.2 m_adv_std=38.1885 m_kl_max=0.0170 m_ratio_max=0.949 w_ax@goal=+0.69 w_v@goal=3.53 return=920.2 length=85 success_rate=1.00 collisions/ep=1.71 (n=24)
Evaluation at update 270: return=985.97, length=79.10, success_rate=1.00, collisions/ep=0.50
Solved-check at update 270: solved=False worst_gap=102.37 at p_x0=1.50 p_y0=-1.00 (consecutive=0)
update=271 global_step=555008 SPS=861 w_ev=0.300 m_ev=0.943 m_v_bias=-5.5 m_adv_std=46.5171 m_kl_max=0.0302 m_ratio_max=0.841 w_ax@goal=+0.89 w_v@goal=3.66 return=902.4 length=84 success_rate=1.00 collisions/ep=2.21 (n=24)
update=272 global_step=557056 SPS=862 w_ev=0.145 m_ev=0.962 m_v_bias=-3.5 m_adv_std=38.0795 m_kl_max=0.0116 m_ratio_max=0.627 w_ax@goal=+0.67 w_v@goal=4.05 return=939.4 length=87 success_rate=1.00 collisions/ep=1.36 (n=25)
update=273 global_step=559104 SPS=863 w_ev=0.117 m_ev=0.960 m_v_bias=-8.3 m_adv_std=36.2201 m_kl_max=0.0030 m_ratio_max=0.245 w_ax@goal=+0.72 w_v@goal=4.00 return=952.7 length=84 success_rate=1.00 collisions/ep=1.08 (n=24)
update=274 global_step=561152 SPS=864 w_ev=0.174 m_ev=0.959 m_v_bias=-3.5 m_adv_std=37.7370 m_kl_max=0.0172 m_ratio_max=0.576 w_ax@goal=+0.80 w_v@goal=3.89 return=950.6 length=86 success_rate=1.00 collisions/ep=1.13 (n=23)
update=275 global_step=563200 SPS=865 w_ev=0.247 m_ev=0.986 m_v_bias=-9.3 m_adv_std=22.0506 m_kl_max=0.0188 m_ratio_max=0.647 w_ax@goal=+0.92 w_v@goal=3.93 return=967.0 length=84 success_rate=1.00 collisions/ep=0.79 (n=24)
Evaluation at update 275: return=1001.36, length=78.70, success_rate=1.00, collisions/ep=0.20
Solved-check at update 275: solved=False worst_gap=101.83 at p_x0=1.50 p_y0=-1.00 (consecutive=0)
update=276 global_step=565248 SPS=861 w_ev=0.230 m_ev=0.944 m_v_bias=11.9 m_adv_std=44.6860 m_kl_max=0.0209 m_ratio_max=0.869 w_ax@goal=+0.73 w_v@goal=4.15 return=946.4 length=84 success_rate=1.00 collisions/ep=1.20 (n=25)
update=277 global_step=567296 SPS=862 w_ev=0.335 m_ev=0.963 m_v_bias=1.0 m_adv_std=37.0055 m_kl_max=0.0279 m_ratio_max=0.972 w_ax@goal=+0.85 w_v@goal=3.71 return=944.1 length=85 success_rate=1.00 collisions/ep=1.26 (n=23)
update=278 global_step=569344 SPS=863 w_ev=0.219 m_ev=0.954 m_v_bias=-1.9 m_adv_std=40.0666 m_kl_max=0.0060 m_ratio_max=0.353 w_ax@goal=+0.81 w_v@goal=3.89 return=957.7 length=84 success_rate=1.00 collisions/ep=1.12 (n=24)
update=279 global_step=571392 SPS=865 w_ev=0.287 m_ev=0.939 m_v_bias=0.9 m_adv_std=46.5940 m_kl_max=0.0094 m_ratio_max=0.578 w_ax@goal=+0.89 w_v@goal=3.95 return=936.8 length=84 success_rate=1.00 collisions/ep=1.42 (n=24)
update=280 global_step=573440 SPS=866 w_ev=0.341 m_ev=0.956 m_v_bias=-1.5 m_adv_std=39.4118 m_kl_max=0.0160 m_ratio_max=1.130 w_ax@goal=+0.79 w_v@goal=4.04 return=954.4 length=85 success_rate=1.00 collisions/ep=1.08 (n=26)
Evaluation at update 280: return=996.49, length=78.40, success_rate=1.00, collisions/ep=0.30
Solved-check at update 280: solved=False worst_gap=101.18 at p_x0=2.00 p_y0=-1.00 (consecutive=0)
update=281 global_step=575488 SPS=862 w_ev=0.238 m_ev=0.938 m_v_bias=6.9 m_adv_std=48.2762 m_kl_max=0.0052 m_ratio_max=0.483 w_ax@goal=+0.89 w_v@goal=4.23 return=939.4 length=86 success_rate=1.00 collisions/ep=1.32 (n=22)
update=282 global_step=577536 SPS=863 w_ev=0.264 m_ev=0.908 m_v_bias=6.0 m_adv_std=61.9098 m_kl_max=0.0388 m_ratio_max=0.748 w_ax@goal=+0.68 w_v@goal=3.81 return=940.6 length=88 success_rate=1.00 collisions/ep=1.29 (n=24)
update=283 global_step=579584 SPS=864 w_ev=0.268 m_ev=0.965 m_v_bias=-10.7 m_adv_std=33.7403 m_kl_max=0.0333 m_ratio_max=0.662 w_ax@goal=+0.69 w_v@goal=3.74 return=957.7 length=87 success_rate=1.00 collisions/ep=0.96 (n=23)
update=284 global_step=581632 SPS=865 w_ev=0.205 m_ev=0.947 m_v_bias=2.3 m_adv_std=45.1154 m_kl_max=0.0086 m_ratio_max=0.371 w_ax@goal=+0.70 w_v@goal=3.96 return=939.7 length=87 success_rate=1.00 collisions/ep=1.38 (n=24)
update=285 global_step=583680 SPS=866 w_ev=0.143 m_ev=0.945 m_v_bias=10.9 m_adv_std=46.0493 m_kl_max=0.0225 m_ratio_max=0.648 w_ax@goal=+0.65 w_v@goal=4.20 return=926.9 length=86 success_rate=1.00 collisions/ep=1.61 (n=23)
Evaluation at update 285: return=985.94, length=79.20, success_rate=1.00, collisions/ep=0.50
Solved-check at update 285: solved=False worst_gap=252.09 at p_x0=0.00 p_y0=1.00 (consecutive=0)
update=286 global_step=585728 SPS=862 w_ev=0.175 m_ev=0.936 m_v_bias=2.5 m_adv_std=47.6199 m_kl_max=0.0169 m_ratio_max=0.835 w_ax@goal=+0.79 w_v@goal=3.93 return=931.4 length=89 success_rate=1.00 collisions/ep=1.54 (n=24)
update=287 global_step=587776 SPS=863 w_ev=0.185 m_ev=0.883 m_v_bias=7.0 m_adv_std=70.0483 m_kl_max=0.0277 m_ratio_max=1.595 w_ax@goal=+0.84 w_v@goal=4.13 return=932.2 length=87 success_rate=1.00 collisions/ep=1.61 (n=23)
update=288 global_step=589824 SPS=864 w_ev=0.105 m_ev=0.956 m_v_bias=-10.3 m_adv_std=39.6269 m_kl_max=0.0253 m_ratio_max=1.156 w_ax@goal=+0.59 w_v@goal=4.42 return=928.6 length=86 success_rate=1.00 collisions/ep=1.58 (n=24)
update=289 global_step=591872 SPS=866 w_ev=0.085 m_ev=0.930 m_v_bias=3.2 m_adv_std=52.5065 m_kl_max=0.0224 m_ratio_max=1.380 w_ax@goal=+0.69 w_v@goal=4.23 return=930.6 length=87 success_rate=1.00 collisions/ep=1.57 (n=23)
update=290 global_step=593920 SPS=867 w_ev=0.099 m_ev=0.942 m_v_bias=12.1 m_adv_std=47.0436 m_kl_max=0.0179 m_ratio_max=0.664 w_ax@goal=+0.64 w_v@goal=4.27 return=932.5 length=86 success_rate=1.00 collisions/ep=1.46 (n=24)
Evaluation at update 290: return=999.03, length=81.05, success_rate=1.00, collisions/ep=0.20
Solved-check at update 290: solved=False worst_gap=203.47 at p_x0=0.00 p_y0=1.00 (consecutive=0)
update=291 global_step=595968 SPS=863 w_ev=0.057 m_ev=0.962 m_v_bias=-5.1 m_adv_std=38.9879 m_kl_max=0.0224 m_ratio_max=1.260 w_ax@goal=+0.63 w_v@goal=4.49 return=924.7 length=90 success_rate=1.00 collisions/ep=1.57 (n=23)
update=292 global_step=598016 SPS=864 w_ev=0.113 m_ev=0.949 m_v_bias=6.3 m_adv_std=45.6063 m_kl_max=0.0179 m_ratio_max=0.794 w_ax@goal=+0.50 w_v@goal=4.35 return=918.7 length=90 success_rate=1.00 collisions/ep=1.74 (n=23)
update=293 global_step=600064 SPS=865 w_ev=0.149 m_ev=0.967 m_v_bias=-20.5 m_adv_std=34.7465 m_kl_max=0.0124 m_ratio_max=0.833 w_ax@goal=+0.53 w_v@goal=4.18 return=933.4 length=87 success_rate=1.00 collisions/ep=1.48 (n=23)
update=294 global_step=602112 SPS=866 w_ev=-0.001 m_ev=0.947 m_v_bias=6.1 m_adv_std=45.5321 m_kl_max=0.0088 m_ratio_max=0.554 w_ax@goal=+0.55 w_v@goal=4.48 return=954.1 length=87 success_rate=1.00 collisions/ep=1.00 (n=24)
update=295 global_step=604160 SPS=867 w_ev=0.126 m_ev=0.970 m_v_bias=-5.6 m_adv_std=33.4597 m_kl_max=0.0175 m_ratio_max=0.770 w_ax@goal=+0.46 w_v@goal=4.23 return=940.4 length=89 success_rate=1.00 collisions/ep=1.27 (n=22)
Evaluation at update 295: return=1005.59, length=79.60, success_rate=1.00, collisions/ep=0.10
Solved-check at update 295: solved=False worst_gap=101.04 at p_x0=0.50 p_y0=1.00 (consecutive=0)
update=296 global_step=606208 SPS=863 w_ev=0.126 m_ev=0.936 m_v_bias=12.2 m_adv_std=50.5726 m_kl_max=0.0187 m_ratio_max=1.097 w_ax@goal=+0.48 w_v@goal=4.26 return=932.1 length=88 success_rate=1.00 collisions/ep=1.42 (n=24)
update=297 global_step=608256 SPS=864 w_ev=0.188 m_ev=0.971 m_v_bias=-13.0 m_adv_std=31.7486 m_kl_max=0.0153 m_ratio_max=0.572 w_ax@goal=+0.47 w_v@goal=4.00 return=986.0 length=86 success_rate=1.00 collisions/ep=0.38 (n=24)
update=298 global_step=610304 SPS=865 w_ev=0.157 m_ev=0.944 m_v_bias=0.9 m_adv_std=46.2371 m_kl_max=0.0113 m_ratio_max=0.842 w_ax@goal=+0.44 w_v@goal=3.88 return=944.1 length=86 success_rate=1.00 collisions/ep=1.25 (n=24)
update=299 global_step=612352 SPS=866 w_ev=0.214 m_ev=0.968 m_v_bias=1.4 m_adv_std=34.2818 m_kl_max=0.0225 m_ratio_max=0.859 w_ax@goal=+0.37 w_v@goal=3.97 return=950.1 length=88 success_rate=1.00 collisions/ep=1.08 (n=24)
update=300 global_step=614400 SPS=868 w_ev=0.119 m_ev=0.960 m_v_bias=12.0 m_adv_std=38.4182 m_kl_max=0.0121 m_ratio_max=0.614 w_ax@goal=+0.42 w_v@goal=4.24 return=936.2 length=90 success_rate=1.00 collisions/ep=1.33 (n=24)
Evaluation at update 300: return=971.22, length=81.30, success_rate=1.00, collisions/ep=0.75
Solved-check at update 300: solved=False worst_gap=303.35 at p_x0=0.00 p_y0=1.00 (consecutive=0)
update=301 global_step=616448 SPS=863 w_ev=0.116 m_ev=0.944 m_v_bias=2.5 m_adv_std=47.0627 m_kl_max=0.0074 m_ratio_max=0.443 w_ax@goal=+0.34 w_v@goal=3.97 return=927.3 length=89 success_rate=1.00 collisions/ep=1.50 (n=22)
update=302 global_step=618496 SPS=864 w_ev=0.050 m_ev=0.960 m_v_bias=9.3 m_adv_std=41.6535 m_kl_max=0.0395 m_ratio_max=0.842 w_ax@goal=+0.49 w_v@goal=4.22 return=928.9 length=88 success_rate=1.00 collisions/ep=1.52 (n=23)
update=303 global_step=620544 SPS=865 w_ev=0.104 m_ev=0.962 m_v_bias=-17.0 m_adv_std=38.3054 m_kl_max=0.0184 m_ratio_max=1.332 w_ax@goal=+0.47 w_v@goal=4.15 return=930.0 length=89 success_rate=1.00 collisions/ep=1.45 (n=22)
update=304 global_step=622592 SPS=867 w_ev=0.075 m_ev=0.961 m_v_bias=2.0 m_adv_std=38.6234 m_kl_max=0.0290 m_ratio_max=0.802 w_ax@goal=+0.32 w_v@goal=4.17 return=955.4 length=90 success_rate=1.00 collisions/ep=1.00 (n=22)
update=305 global_step=624640 SPS=868 w_ev=0.070 m_ev=0.965 m_v_bias=-6.7 m_adv_std=34.5518 m_kl_max=0.0107 m_ratio_max=0.913 w_ax@goal=+0.44 w_v@goal=4.27 return=938.5 length=87 success_rate=1.00 collisions/ep=1.36 (n=25)
Evaluation at update 305: return=934.76, length=80.30, success_rate=1.00, collisions/ep=1.60
Solved-check at update 305: solved=False worst_gap=303.00 at p_x0=0.00 p_y0=1.00 (consecutive=0)
update=306 global_step=626688 SPS=864 w_ev=0.101 m_ev=0.967 m_v_bias=1.2 m_adv_std=33.9509 m_kl_max=0.0109 m_ratio_max=0.589 w_ax@goal=+0.36 w_v@goal=4.21 return=934.1 length=87 success_rate=1.00 collisions/ep=1.59 (n=22)
update=307 global_step=628736 SPS=865 w_ev=0.115 m_ev=0.957 m_v_bias=4.3 m_adv_std=41.6322 m_kl_max=0.0221 m_ratio_max=0.498 w_ax@goal=+0.51 w_v@goal=4.32 return=926.8 length=87 success_rate=1.00 collisions/ep=1.62 (n=24)
update=308 global_step=630784 SPS=866 w_ev=0.161 m_ev=0.948 m_v_bias=-1.5 m_adv_std=43.8613 m_kl_max=0.0116 m_ratio_max=0.463 w_ax@goal=+0.49 w_v@goal=4.18 return=915.2 length=86 success_rate=1.00 collisions/ep=1.83 (n=23)
update=309 global_step=632832 SPS=867 w_ev=0.154 m_ev=0.948 m_v_bias=-5.2 m_adv_std=43.7435 m_kl_max=0.0255 m_ratio_max=1.251 w_ax@goal=+0.48 w_v@goal=4.25 return=937.6 length=86 success_rate=1.00 collisions/ep=1.36 (n=25)
update=310 global_step=634880 SPS=868 w_ev=0.261 m_ev=0.979 m_v_bias=-16.6 m_adv_std=27.0392 m_kl_max=0.0244 m_ratio_max=0.998 w_ax@goal=+0.57 w_v@goal=4.10 return=972.0 length=84 success_rate=1.00 collisions/ep=0.72 (n=25)
Evaluation at update 310: return=1005.79, length=79.40, success_rate=1.00, collisions/ep=0.10
Solved-check at update 310: solved=False worst_gap=52.90 at p_x0=0.00 p_y0=0.00 (consecutive=0)
update=311 global_step=636928 SPS=864 w_ev=0.205 m_ev=0.957 m_v_bias=-0.5 m_adv_std=38.6373 m_kl_max=0.0195 m_ratio_max=1.170 w_ax@goal=+0.43 w_v@goal=4.07 return=968.2 length=84 success_rate=1.00 collisions/ep=0.79 (n=24)
update=312 global_step=638976 SPS=865 w_ev=0.226 m_ev=0.977 m_v_bias=-8.4 m_adv_std=26.3026 m_kl_max=0.0102 m_ratio_max=0.364 w_ax@goal=+0.58 w_v@goal=3.98 return=974.0 length=86 success_rate=1.00 collisions/ep=0.67 (n=24)
update=313 global_step=641024 SPS=866 w_ev=0.220 m_ev=0.978 m_v_bias=1.5 m_adv_std=25.8262 m_kl_max=0.0162 m_ratio_max=0.743 w_ax@goal=+0.53 w_v@goal=4.09 return=977.7 length=83 success_rate=1.00 collisions/ep=0.58 (n=24)
update=314 global_step=643072 SPS=867 w_ev=0.214 m_ev=0.978 m_v_bias=-2.6 m_adv_std=27.0739 m_kl_max=0.0285 m_ratio_max=0.792 w_ax@goal=+0.48 w_v@goal=3.87 return=968.2 length=83 success_rate=1.00 collisions/ep=0.88 (n=24)
update=315 global_step=645120 SPS=868 w_ev=0.275 m_ev=0.962 m_v_bias=13.4 m_adv_std=37.3396 m_kl_max=0.0089 m_ratio_max=0.468 w_ax@goal=+0.68 w_v@goal=3.94 return=963.4 length=85 success_rate=1.00 collisions/ep=0.88 (n=24)
Evaluation at update 315: return=1006.39, length=78.75, success_rate=1.00, collisions/ep=0.10
Solved-check at update 315: solved=False worst_gap=101.69 at p_x0=0.00 p_y0=0.00 (consecutive=0)
update=316 global_step=647168 SPS=865 w_ev=0.245 m_ev=0.968 m_v_bias=-6.3 m_adv_std=32.1023 m_kl_max=0.0095 m_ratio_max=0.486 w_ax@goal=+0.56 w_v@goal=3.90 return=946.5 length=86 success_rate=1.00 collisions/ep=1.25 (n=24)
update=317 global_step=649216 SPS=866 w_ev=0.204 m_ev=0.947 m_v_bias=8.4 m_adv_std=43.0381 m_kl_max=0.0139 m_ratio_max=0.661 w_ax@goal=+0.47 w_v@goal=3.93 return=958.4 length=84 success_rate=1.00 collisions/ep=0.96 (n=25)
update=318 global_step=651264 SPS=866 w_ev=0.143 m_ev=0.973 m_v_bias=0.7 m_adv_std=30.2662 m_kl_max=0.0143 m_ratio_max=0.459 w_ax@goal=+0.42 w_v@goal=3.98 return=947.9 length=83 success_rate=1.00 collisions/ep=1.16 (n=25)
update=319 global_step=653312 SPS=867 w_ev=0.173 m_ev=0.976 m_v_bias=-2.7 m_adv_std=28.5065 m_kl_max=0.0091 m_ratio_max=0.432 w_ax@goal=+0.61 w_v@goal=3.98 return=962.1 length=86 success_rate=1.00 collisions/ep=0.88 (n=25)
update=320 global_step=655360 SPS=868 w_ev=0.195 m_ev=0.970 m_v_bias=-0.0 m_adv_std=32.2826 m_kl_max=0.0023 m_ratio_max=0.313 w_ax@goal=+0.42 w_v@goal=3.92 return=972.3 length=83 success_rate=1.00 collisions/ep=0.74 (n=23)
Evaluation at update 320: return=1011.70, length=78.30, success_rate=1.00, collisions/ep=0.00
Solved-check at update 320: solved=True worst_gap=2.19 at p_x0=0.00 p_y0=-1.00 (consecutive=0)
update=321 global_step=657408 SPS=864 w_ev=0.254 m_ev=0.975 m_v_bias=-3.5 m_adv_std=28.7053 m_kl_max=0.0093 m_ratio_max=0.434 w_ax@goal=+0.59 w_v@goal=3.93 return=958.7 length=87 success_rate=1.00 collisions/ep=1.00 (n=24)
update=322 global_step=659456 SPS=866 w_ev=0.208 m_ev=0.934 m_v_bias=17.3 m_adv_std=48.9806 m_kl_max=0.0060 m_ratio_max=0.465 w_ax@goal=+0.52 w_v@goal=4.02 return=933.0 length=84 success_rate=1.00 collisions/ep=1.48 (n=25)
update=323 global_step=661504 SPS=867 w_ev=0.235 m_ev=0.954 m_v_bias=-6.3 m_adv_std=39.3448 m_kl_max=0.0075 m_ratio_max=0.373 w_ax@goal=+0.53 w_v@goal=4.03 return=945.7 length=82 success_rate=1.00 collisions/ep=1.24 (n=25)
update=324 global_step=663552 SPS=868 w_ev=0.207 m_ev=0.952 m_v_bias=6.1 m_adv_std=39.5796 m_kl_max=0.0165 m_ratio_max=0.712 w_ax@goal=+0.37 w_v@goal=3.87 return=944.1 length=84 success_rate=1.00 collisions/ep=1.28 (n=25)
update=325 global_step=665600 SPS=869 w_ev=0.268 m_ev=0.971 m_v_bias=-9.1 m_adv_std=30.3104 m_kl_max=0.0101 m_ratio_max=0.568 w_ax@goal=+0.44 w_v@goal=3.84 return=983.4 length=85 success_rate=1.00 collisions/ep=0.43 (n=23)
Evaluation at update 325: return=1011.07, length=79.10, success_rate=1.00, collisions/ep=0.00
Solved-check at update 325: solved=True worst_gap=2.94 at p_x0=0.00 p_y0=-1.00 (consecutive=1)
Solved criterion held for 2 consecutive evals (tolerance=5.0) at global_step=665600.
update=326 global_step=667648 SPS=865 w_ev=0.217 m_ev=0.976 m_v_bias=-0.2 m_adv_std=28.3336 m_kl_max=0.0215 m_ratio_max=0.896 w_ax@goal=+0.37 w_v@goal=3.95 return=961.3 length=86 success_rate=1.00 collisions/ep=0.91 (n=23)
update=327 global_step=669696 SPS=866 w_ev=0.177 m_ev=0.983 m_v_bias=-1.0 m_adv_std=22.7829 m_kl_max=0.0086 m_ratio_max=0.445 w_ax@goal=+0.41 w_v@goal=4.10 return=981.1 length=86 success_rate=1.00 collisions/ep=0.46 (n=24)
update=328 global_step=671744 SPS=867 w_ev=0.177 m_ev=0.971 m_v_bias=2.7 m_adv_std=30.7307 m_kl_max=0.0309 m_ratio_max=1.464 w_ax@goal=+0.52 w_v@goal=4.06 return=976.6 length=86 success_rate=1.00 collisions/ep=0.64 (n=25)
update=329 global_step=673792 SPS=868 w_ev=0.117 m_ev=0.948 m_v_bias=19.9 m_adv_std=44.9723 m_kl_max=0.0158 m_ratio_max=1.757 w_ax@goal=+0.45 w_v@goal=4.13 return=923.8 length=89 success_rate=1.00 collisions/ep=1.57 (n=21)
update=330 global_step=675840 SPS=869 w_ev=0.124 m_ev=0.973 m_v_bias=-10.8 m_adv_std=32.2034 m_kl_max=0.0065 m_ratio_max=0.731 w_ax@goal=+0.43 w_v@goal=4.18 return=961.4 length=88 success_rate=1.00 collisions/ep=0.83 (n=24)
Evaluation at update 330: return=993.33, length=84.20, success_rate=1.00, collisions/ep=0.25
Solved-check at update 330: solved=False worst_gap=106.88 at p_x0=0.50 p_y0=1.00 (consecutive=2)
update=331 global_step=677888 SPS=865 w_ev=0.150 m_ev=0.963 m_v_bias=9.9 m_adv_std=37.9249 m_kl_max=0.0158 m_ratio_max=0.741 w_ax@goal=+0.34 w_v@goal=4.15 return=918.4 length=91 success_rate=1.00 collisions/ep=1.65 (n=23)
update=332 global_step=679936 SPS=866 w_ev=0.135 m_ev=0.933 m_v_bias=5.9 m_adv_std=51.6686 m_kl_max=0.0030 m_ratio_max=0.308 w_ax@goal=+0.21 w_v@goal=4.07 return=922.8 length=89 success_rate=1.00 collisions/ep=1.59 (n=22)
update=333 global_step=681984 SPS=867 w_ev=0.087 m_ev=0.968 m_v_bias=-1.7 m_adv_std=35.1019 m_kl_max=0.0210 m_ratio_max=0.652 w_ax@goal=+0.31 w_v@goal=4.16 return=952.3 length=90 success_rate=1.00 collisions/ep=0.96 (n=24)
update=334 global_step=684032 SPS=868 w_ev=0.191 m_ev=0.958 m_v_bias=3.0 m_adv_std=41.7379 m_kl_max=0.0304 m_ratio_max=1.253 w_ax@goal=+0.38 w_v@goal=4.04 return=905.6 length=89 success_rate=1.00 collisions/ep=1.91 (n=23)
update=335 global_step=686080 SPS=869 w_ev=0.190 m_ev=0.880 m_v_bias=17.5 m_adv_std=73.9557 m_kl_max=0.0146 m_ratio_max=0.467 w_ax@goal=+0.30 w_v@goal=3.94 return=919.5 length=91 success_rate=1.00 collisions/ep=1.61 (n=23)
Evaluation at update 335: return=994.16, length=83.30, success_rate=1.00, collisions/ep=0.25
Solved-check at update 335: solved=False worst_gap=107.20 at p_x0=0.50 p_y0=1.00 (consecutive=0)
update=336 global_step=688128 SPS=866 w_ev=0.127 m_ev=0.967 m_v_bias=-17.7 m_adv_std=36.1268 m_kl_max=0.0149 m_ratio_max=0.677 w_ax@goal=+0.25 w_v@goal=3.98 return=940.3 length=92 success_rate=1.00 collisions/ep=1.18 (n=22)
update=337 global_step=690176 SPS=867 w_ev=0.148 m_ev=0.960 m_v_bias=-7.8 m_adv_std=38.3385 m_kl_max=0.0022 m_ratio_max=0.301 w_ax@goal=+0.24 w_v@goal=3.98 return=957.5 length=90 success_rate=1.00 collisions/ep=0.86 (n=21)
update=338 global_step=692224 SPS=868 w_ev=0.188 m_ev=0.955 m_v_bias=7.2 m_adv_std=42.3077 m_kl_max=0.0074 m_ratio_max=0.513 w_ax@goal=+0.45 w_v@goal=4.09 return=935.3 length=92 success_rate=1.00 collisions/ep=1.30 (n=23)
update=339 global_step=694272 SPS=869 w_ev=0.196 m_ev=0.931 m_v_bias=1.5 m_adv_std=53.5746 m_kl_max=0.0188 m_ratio_max=0.865 w_ax@goal=+0.31 w_v@goal=4.06 return=941.7 length=91 success_rate=1.00 collisions/ep=1.17 (n=23)
update=340 global_step=696320 SPS=870 w_ev=0.116 m_ev=0.935 m_v_bias=11.7 m_adv_std=52.5673 m_kl_max=0.0114 m_ratio_max=0.509 w_ax@goal=+0.25 w_v@goal=4.07 return=912.9 length=94 success_rate=1.00 collisions/ep=1.71 (n=21)
Evaluation at update 340: return=1000.24, length=82.35, success_rate=1.00, collisions/ep=0.15
Solved-check at update 340: solved=False worst_gap=56.34 at p_x0=0.00 p_y0=1.00 (consecutive=0)
update=341 global_step=698368 SPS=866 w_ev=0.181 m_ev=0.977 m_v_bias=-5.0 m_adv_std=30.2972 m_kl_max=0.0347 m_ratio_max=1.264 w_ax@goal=+0.18 w_v@goal=4.05 return=923.8 length=93 success_rate=1.00 collisions/ep=1.48 (n=23)
update=342 global_step=700416 SPS=867 w_ev=0.110 m_ev=0.896 m_v_bias=23.8 m_adv_std=67.9893 m_kl_max=0.0242 m_ratio_max=1.075 w_ax@goal=+0.21 w_v@goal=4.18 return=907.2 length=99 success_rate=1.00 collisions/ep=1.73 (n=22)
update=343 global_step=702464 SPS=868 w_ev=0.150 m_ev=0.941 m_v_bias=5.1 m_adv_std=51.3735 m_kl_max=0.0116 m_ratio_max=1.384 w_ax@goal=-0.00 w_v@goal=3.90 return=898.3 length=95 success_rate=1.00 collisions/ep=1.95 (n=19)
update=344 global_step=704512 SPS=869 w_ev=0.116 m_ev=0.942 m_v_bias=-18.3 m_adv_std=48.9278 m_kl_max=0.0134 m_ratio_max=0.784 w_ax@goal=+0.14 w_v@goal=3.87 return=903.1 length=94 success_rate=1.00 collisions/ep=1.87 (n=23)
update=345 global_step=706560 SPS=870 w_ev=0.166 m_ev=0.957 m_v_bias=-6.2 m_adv_std=43.2549 m_kl_max=0.0155 m_ratio_max=0.679 w_ax@goal=+0.15 w_v@goal=3.86 return=941.9 length=95 success_rate=1.00 collisions/ep=1.09 (n=22)
Evaluation at update 345: return=983.77, length=86.40, success_rate=1.00, collisions/ep=0.40
Solved-check at update 345: solved=False worst_gap=110.74 at p_x0=2.00 p_y0=1.00 (consecutive=0)
update=346 global_step=708608 SPS=866 w_ev=0.102 m_ev=0.962 m_v_bias=13.1 m_adv_std=38.7695 m_kl_max=0.0119 m_ratio_max=0.518 w_ax@goal=+0.20 w_v@goal=3.86 return=933.2 length=97 success_rate=1.00 collisions/ep=1.20 (n=20)
update=347 global_step=710656 SPS=867 w_ev=0.105 m_ev=0.905 m_v_bias=8.6 m_adv_std=65.6098 m_kl_max=0.0115 m_ratio_max=0.745 w_ax@goal=+0.12 w_v@goal=3.88 return=910.0 length=98 success_rate=1.00 collisions/ep=1.67 (n=21)
update=348 global_step=712704 SPS=868 w_ev=0.131 m_ev=0.952 m_v_bias=1.3 m_adv_std=46.7439 m_kl_max=0.0061 m_ratio_max=0.522 w_ax@goal=-0.02 w_v@goal=3.75 return=940.3 length=100 success_rate=1.00 collisions/ep=1.05 (n=21)
update=349 global_step=714752 SPS=869 w_ev=0.089 m_ev=0.947 m_v_bias=-6.8 m_adv_std=48.5013 m_kl_max=0.0185 m_ratio_max=0.567 w_ax@goal=+0.10 w_v@goal=3.73 return=915.0 length=97 success_rate=1.00 collisions/ep=1.65 (n=20)
update=350 global_step=716800 SPS=870 w_ev=0.057 m_ev=0.969 m_v_bias=-16.9 m_adv_std=35.9756 m_kl_max=0.0232 m_ratio_max=0.953 w_ax@goal=+0.22 w_v@goal=3.91 return=936.7 length=96 success_rate=1.00 collisions/ep=1.18 (n=22)
Evaluation at update 350: return=983.62, length=84.05, success_rate=1.00, collisions/ep=0.45
Solved-check at update 350: solved=False worst_gap=107.13 at p_x0=1.50 p_y0=1.00 (consecutive=0)
update=351 global_step=718848 SPS=866 w_ev=0.095 m_ev=0.895 m_v_bias=22.6 m_adv_std=69.0809 m_kl_max=0.0133 m_ratio_max=0.775 w_ax@goal=+0.01 w_v@goal=3.96 return=884.1 length=98 success_rate=1.00 collisions/ep=2.19 (n=21)
update=352 global_step=720896 SPS=867 w_ev=0.119 m_ev=0.961 m_v_bias=-17.4 m_adv_std=39.0176 m_kl_max=0.0072 m_ratio_max=0.418 w_ax@goal=+0.20 w_v@goal=3.89 return=938.7 length=92 success_rate=1.00 collisions/ep=1.18 (n=22)
update=353 global_step=722944 SPS=868 w_ev=0.093 m_ev=0.920 m_v_bias=2.7 m_adv_std=60.0648 m_kl_max=0.0338 m_ratio_max=0.792 w_ax@goal=+0.29 w_v@goal=4.03 return=936.3 length=91 success_rate=1.00 collisions/ep=1.27 (n=22)
update=354 global_step=724992 SPS=869 w_ev=0.065 m_ev=0.960 m_v_bias=-10.2 m_adv_std=39.4543 m_kl_max=0.0085 m_ratio_max=0.391 w_ax@goal=+0.27 w_v@goal=4.16 return=905.0 length=93 success_rate=1.00 collisions/ep=1.86 (n=22)
update=355 global_step=727040 SPS=869 w_ev=0.152 m_ev=0.965 m_v_bias=-8.9 m_adv_std=36.5465 m_kl_max=0.0197 m_ratio_max=0.625 w_ax@goal=+0.17 w_v@goal=4.10 return=967.4 length=91 success_rate=1.00 collisions/ep=0.71 (n=24)
Evaluation at update 355: return=994.99, length=82.65, success_rate=1.00, collisions/ep=0.25
Solved-check at update 355: solved=False worst_gap=105.68 at p_x0=0.50 p_y0=0.50 (consecutive=0)
update=356 global_step=729088 SPS=866 w_ev=0.066 m_ev=0.944 m_v_bias=19.4 m_adv_std=46.8010 m_kl_max=0.0144 m_ratio_max=0.575 w_ax@goal=+0.27 w_v@goal=3.98 return=926.7 length=95 success_rate=1.00 collisions/ep=1.38 (n=21)
update=357 global_step=731136 SPS=867 w_ev=0.059 m_ev=0.964 m_v_bias=-10.7 m_adv_std=37.5699 m_kl_max=0.0104 m_ratio_max=0.509 w_ax@goal=+0.24 w_v@goal=3.98 return=932.9 length=91 success_rate=1.00 collisions/ep=1.30 (n=23)
update=358 global_step=733184 SPS=868 w_ev=0.111 m_ev=0.969 m_v_bias=-15.8 m_adv_std=33.8927 m_kl_max=0.0263 m_ratio_max=1.189 w_ax@goal=+0.25 w_v@goal=4.04 return=961.1 length=93 success_rate=1.00 collisions/ep=0.76 (n=21)
update=359 global_step=735232 SPS=869 w_ev=0.074 m_ev=0.956 m_v_bias=13.8 m_adv_std=40.5508 m_kl_max=0.0104 m_ratio_max=0.534 w_ax@goal=+0.27 w_v@goal=4.18 return=956.6 length=95 success_rate=1.00 collisions/ep=0.82 (n=22)
update=360 global_step=737280 SPS=870 w_ev=0.132 m_ev=0.970 m_v_bias=-5.1 m_adv_std=34.6564 m_kl_max=0.0140 m_ratio_max=0.647 w_ax@goal=+0.30 w_v@goal=4.10 return=953.1 length=90 success_rate=1.00 collisions/ep=0.96 (n=24)
Evaluation at update 360: return=1011.41, length=78.85, success_rate=1.00, collisions/ep=0.00
Solved-check at update 360: solved=True worst_gap=2.11 at p_x0=0.00 p_y0=-1.00 (consecutive=0)
update=361 global_step=739328 SPS=867 w_ev=0.158 m_ev=0.975 m_v_bias=-0.9 m_adv_std=31.1661 m_kl_max=0.0215 m_ratio_max=0.668 w_ax@goal=+0.21 w_v@goal=4.00 return=941.8 length=93 success_rate=1.00 collisions/ep=1.18 (n=22)
update=362 global_step=741376 SPS=867 w_ev=0.125 m_ev=0.947 m_v_bias=4.1 m_adv_std=46.2173 m_kl_max=0.0171 m_ratio_max=0.909 w_ax@goal=+0.39 w_v@goal=4.00 return=919.3 length=88 success_rate=1.00 collisions/ep=1.71 (n=24)
update=363 global_step=743424 SPS=868 w_ev=0.149 m_ev=0.954 m_v_bias=-4.2 m_adv_std=42.8954 m_kl_max=0.0199 m_ratio_max=0.714 w_ax@goal=+0.36 w_v@goal=4.01 return=938.7 length=88 success_rate=1.00 collisions/ep=1.32 (n=22)
update=364 global_step=745472 SPS=869 w_ev=0.150 m_ev=0.960 m_v_bias=-11.7 m_adv_std=38.8971 m_kl_max=0.0309 m_ratio_max=1.580 w_ax@goal=+0.40 w_v@goal=4.09 return=944.9 length=87 success_rate=1.00 collisions/ep=1.17 (n=23)
update=365 global_step=747520 SPS=870 w_ev=0.162 m_ev=0.929 m_v_bias=8.7 m_adv_std=51.7402 m_kl_max=0.0112 m_ratio_max=0.698 w_ax@goal=+0.42 w_v@goal=4.12 return=941.6 length=87 success_rate=1.00 collisions/ep=1.25 (n=24)
Evaluation at update 365: return=1010.75, length=79.30, success_rate=1.00, collisions/ep=0.00
Solved-check at update 365: solved=False worst_gap=103.12 at p_x0=0.00 p_y0=1.00 (consecutive=1)
update=366 global_step=749568 SPS=867 w_ev=0.156 m_ev=0.953 m_v_bias=-0.3 m_adv_std=42.7916 m_kl_max=0.0189 m_ratio_max=1.275 w_ax@goal=+0.45 w_v@goal=4.16 return=933.3 length=88 success_rate=1.00 collisions/ep=1.39 (n=23)
update=367 global_step=751616 SPS=868 w_ev=0.183 m_ev=0.949 m_v_bias=1.4 m_adv_std=43.4659 m_kl_max=0.0221 m_ratio_max=1.674 w_ax@goal=+0.36 w_v@goal=4.14 return=937.9 length=87 success_rate=1.00 collisions/ep=1.32 (n=22)
update=368 global_step=753664 SPS=869 w_ev=0.216 m_ev=0.967 m_v_bias=6.0 m_adv_std=35.3453 m_kl_max=0.0116 m_ratio_max=0.985 w_ax@goal=+0.33 w_v@goal=4.09 return=938.2 length=90 success_rate=1.00 collisions/ep=1.25 (n=24)
update=369 global_step=755712 SPS=870 w_ev=0.232 m_ev=0.978 m_v_bias=-7.8 m_adv_std=29.0351 m_kl_max=0.0138 m_ratio_max=0.805 w_ax@goal=+0.31 w_v@goal=3.88 return=961.0 length=90 success_rate=1.00 collisions/ep=0.83 (n=23)
update=370 global_step=757760 SPS=871 w_ev=0.238 m_ev=0.963 m_v_bias=-0.3 m_adv_std=36.0473 m_kl_max=0.0155 m_ratio_max=0.612 w_ax@goal=+0.28 w_v@goal=3.96 return=960.4 length=89 success_rate=1.00 collisions/ep=0.83 (n=24)
Evaluation at update 370: return=997.28, length=82.75, success_rate=1.00, collisions/ep=0.20
Solved-check at update 370: solved=False worst_gap=105.92 at p_x0=0.50 p_y0=1.00 (consecutive=0)
update=371 global_step=759808 SPS=868 w_ev=0.165 m_ev=0.951 m_v_bias=2.1 m_adv_std=41.3564 m_kl_max=0.0122 m_ratio_max=0.710 w_ax@goal=+0.35 w_v@goal=4.01 return=957.3 length=91 success_rate=1.00 collisions/ep=0.86 (n=22)
update=372 global_step=761856 SPS=869 w_ev=0.076 m_ev=0.962 m_v_bias=4.8 m_adv_std=37.6598 m_kl_max=0.0157 m_ratio_max=0.536 w_ax@goal=+0.26 w_v@goal=4.08 return=976.9 length=92 success_rate=1.00 collisions/ep=0.43 (n=21)
update=373 global_step=763904 SPS=869 w_ev=0.147 m_ev=0.959 m_v_bias=0.5 m_adv_std=38.5190 m_kl_max=0.0144 m_ratio_max=0.612 w_ax@goal=+0.35 w_v@goal=4.14 return=952.2 length=88 success_rate=1.00 collisions/ep=1.00 (n=23)
update=374 global_step=765952 SPS=870 w_ev=0.064 m_ev=0.911 m_v_bias=15.5 m_adv_std=65.3002 m_kl_max=0.0201 m_ratio_max=0.823 w_ax@goal=+0.54 w_v@goal=4.22 return=888.8 length=89 success_rate=1.00 collisions/ep=2.25 (n=24)
update=375 global_step=768000 SPS=871 w_ev=0.057 m_ev=0.960 m_v_bias=-8.2 m_adv_std=40.2862 m_kl_max=0.0234 m_ratio_max=0.613 w_ax@goal=+0.34 w_v@goal=4.17 return=948.8 length=90 success_rate=1.00 collisions/ep=1.00 (n=23)
Evaluation at update 375: return=986.00, length=84.20, success_rate=1.00, collisions/ep=0.40
Solved-check at update 375: solved=False worst_gap=57.64 at p_x0=0.50 p_y0=0.50 (consecutive=0)
update=376 global_step=770048 SPS=868 w_ev=0.111 m_ev=0.966 m_v_bias=0.6 m_adv_std=34.6627 m_kl_max=0.0227 m_ratio_max=1.056 w_ax@goal=+0.22 w_v@goal=4.17 return=955.6 length=93 success_rate=1.00 collisions/ep=0.86 (n=22)
update=377 global_step=772096 SPS=868 w_ev=0.138 m_ev=0.943 m_v_bias=7.6 m_adv_std=48.0301 m_kl_max=0.0134 m_ratio_max=0.594 w_ax@goal=+0.34 w_v@goal=4.05 return=944.6 length=94 success_rate=1.00 collisions/ep=1.05 (n=22)
update=378 global_step=774144 SPS=869 w_ev=0.094 m_ev=0.973 m_v_bias=0.7 m_adv_std=31.9336 m_kl_max=0.0222 m_ratio_max=0.840 w_ax@goal=+0.33 w_v@goal=4.18 return=949.3 length=97 success_rate=1.00 collisions/ep=1.00 (n=19)
update=379 global_step=776192 SPS=870 w_ev=0.103 m_ev=0.947 m_v_bias=5.1 m_adv_std=47.7709 m_kl_max=0.0198 m_ratio_max=0.918 w_ax@goal=+0.38 w_v@goal=4.20 return=935.9 length=97 success_rate=1.00 collisions/ep=1.23 (n=22)
update=380 global_step=778240 SPS=871 w_ev=0.156 m_ev=0.960 m_v_bias=-0.1 m_adv_std=40.9794 m_kl_max=0.0079 m_ratio_max=0.765 w_ax@goal=+0.45 w_v@goal=4.20 return=941.3 length=96 success_rate=1.00 collisions/ep=1.14 (n=22)
Evaluation at update 380: return=987.06, length=85.55, success_rate=1.00, collisions/ep=0.35
Solved-check at update 380: solved=False worst_gap=109.73 at p_x0=0.50 p_y0=0.00 (consecutive=0)
update=381 global_step=780288 SPS=868 w_ev=0.092 m_ev=0.973 m_v_bias=-2.0 m_adv_std=31.2282 m_kl_max=0.0114 m_ratio_max=0.591 w_ax@goal=+0.33 w_v@goal=4.15 return=952.5 length=95 success_rate=1.00 collisions/ep=0.86 (n=21)
update=382 global_step=782336 SPS=869 w_ev=0.089 m_ev=0.953 m_v_bias=5.4 m_adv_std=43.6299 m_kl_max=0.0062 m_ratio_max=0.606 w_ax@goal=+0.37 w_v@goal=4.15 return=941.9 length=93 success_rate=1.00 collisions/ep=1.09 (n=22)
update=383 global_step=784384 SPS=870 w_ev=0.081 m_ev=0.965 m_v_bias=3.9 m_adv_std=38.7468 m_kl_max=0.0105 m_ratio_max=0.422 w_ax@goal=+0.35 w_v@goal=4.11 return=940.6 length=96 success_rate=1.00 collisions/ep=1.14 (n=22)
update=384 global_step=786432 SPS=870 w_ev=0.139 m_ev=0.944 m_v_bias=-8.2 m_adv_std=47.0020 m_kl_max=0.0172 m_ratio_max=0.612 w_ax@goal=+0.39 w_v@goal=4.08 return=923.0 length=90 success_rate=1.00 collisions/ep=1.52 (n=23)
update=385 global_step=788480 SPS=871 w_ev=0.156 m_ev=0.940 m_v_bias=6.0 m_adv_std=49.9655 m_kl_max=0.0083 m_ratio_max=0.441 w_ax@goal=+0.40 w_v@goal=4.11 return=909.4 length=94 success_rate=1.00 collisions/ep=1.82 (n=22)
Evaluation at update 385: return=1009.14, length=81.15, success_rate=1.00, collisions/ep=0.00
Solved-check at update 385: solved=True worst_gap=4.72 at p_x0=1.00 p_y0=-1.00 (consecutive=0)
update=386 global_step=790528 SPS=868 w_ev=0.061 m_ev=0.967 m_v_bias=-10.3 m_adv_std=35.4488 m_kl_max=0.0158 m_ratio_max=0.723 w_ax@goal=+0.33 w_v@goal=4.14 return=953.9 length=94 success_rate=1.00 collisions/ep=0.90 (n=20)
update=387 global_step=792576 SPS=869 w_ev=0.062 m_ev=0.954 m_v_bias=2.0 m_adv_std=44.4952 m_kl_max=0.0136 m_ratio_max=0.520 w_ax@goal=+0.38 w_v@goal=4.31 return=932.7 length=92 success_rate=1.00 collisions/ep=1.33 (n=24)
update=388 global_step=794624 SPS=869 w_ev=0.097 m_ev=0.916 m_v_bias=-4.2 m_adv_std=59.5733 m_kl_max=0.0040 m_ratio_max=0.376 w_ax@goal=+0.43 w_v@goal=4.10 return=936.4 length=93 success_rate=1.00 collisions/ep=1.29 (n=21)
update=389 global_step=796672 SPS=870 w_ev=0.099 m_ev=0.967 m_v_bias=-17.4 m_adv_std=34.9032 m_kl_max=0.0113 m_ratio_max=0.534 w_ax@goal=+0.56 w_v@goal=4.18 return=953.3 length=90 success_rate=1.00 collisions/ep=0.96 (n=23)
update=390 global_step=798720 SPS=871 w_ev=0.120 m_ev=0.963 m_v_bias=1.1 m_adv_std=36.9248 m_kl_max=0.0274 m_ratio_max=0.930 w_ax@goal=+0.45 w_v@goal=4.19 return=961.4 length=89 success_rate=1.00 collisions/ep=0.83 (n=24)
Evaluation at update 390: return=1010.18, length=79.95, success_rate=1.00, collisions/ep=0.00
Solved-check at update 390: solved=True worst_gap=3.46 at p_x0=1.00 p_y0=-1.00 (consecutive=1)
update=391 global_step=800768 SPS=868 w_ev=0.115 m_ev=0.965 m_v_bias=3.8 m_adv_std=35.9845 m_kl_max=0.0173 m_ratio_max=0.647 w_ax@goal=+0.45 w_v@goal=4.13 return=963.0 length=89 success_rate=1.00 collisions/ep=0.77 (n=22)
update=392 global_step=802816 SPS=869 w_ev=0.138 m_ev=0.968 m_v_bias=-2.9 m_adv_std=34.1234 m_kl_max=0.0194 m_ratio_max=0.562 w_ax@goal=+0.35 w_v@goal=4.09 return=954.9 length=93 success_rate=1.00 collisions/ep=0.90 (n=21)
update=393 global_step=804864 SPS=870 w_ev=0.114 m_ev=0.967 m_v_bias=1.5 m_adv_std=34.2738 m_kl_max=0.0162 m_ratio_max=0.468 w_ax@goal=+0.40 w_v@goal=4.21 return=968.6 length=91 success_rate=1.00 collisions/ep=0.62 (n=24)
update=394 global_step=806912 SPS=871 w_ev=0.133 m_ev=0.961 m_v_bias=7.8 m_adv_std=39.2358 m_kl_max=0.0137 m_ratio_max=0.612 w_ax@goal=+0.24 w_v@goal=4.04 return=959.5 length=91 success_rate=1.00 collisions/ep=0.88 (n=24)
update=395 global_step=808960 SPS=871 w_ev=0.185 m_ev=0.957 m_v_bias=-8.6 m_adv_std=37.8969 m_kl_max=0.0060 m_ratio_max=0.329 w_ax@goal=+0.29 w_v@goal=3.98 return=954.5 length=91 success_rate=1.00 collisions/ep=0.91 (n=23)
Evaluation at update 395: return=1008.77, length=81.35, success_rate=1.00, collisions/ep=0.00
Solved-check at update 395: solved=True worst_gap=4.86 at p_x0=1.00 p_y0=-1.00 (consecutive=2)
update=396 global_step=811008 SPS=868 w_ev=0.086 m_ev=0.948 m_v_bias=12.0 m_adv_std=44.6038 m_kl_max=0.0146 m_ratio_max=0.606 w_ax@goal=+0.37 w_v@goal=4.10 return=955.4 length=91 success_rate=1.00 collisions/ep=0.90 (n=21)
update=397 global_step=813056 SPS=869 w_ev=0.167 m_ev=0.964 m_v_bias=-7.6 m_adv_std=36.5144 m_kl_max=0.0097 m_ratio_max=0.505 w_ax@goal=+0.46 w_v@goal=3.99 return=935.0 length=89 success_rate=1.00 collisions/ep=1.43 (n=23)
update=398 global_step=815104 SPS=870 w_ev=0.192 m_ev=0.934 m_v_bias=-2.9 m_adv_std=51.9139 m_kl_max=0.0281 m_ratio_max=0.791 w_ax@goal=+0.41 w_v@goal=4.01 return=943.2 length=89 success_rate=1.00 collisions/ep=1.25 (n=24)
update=399 global_step=817152 SPS=870 w_ev=0.257 m_ev=0.954 m_v_bias=-3.0 m_adv_std=41.6936 m_kl_max=0.0130 m_ratio_max=0.608 w_ax@goal=+0.40 w_v@goal=3.91 return=933.1 length=87 success_rate=1.00 collisions/ep=1.43 (n=23)
update=400 global_step=819200 SPS=871 w_ev=0.173 m_ev=0.955 m_v_bias=9.3 m_adv_std=39.9812 m_kl_max=0.0124 m_ratio_max=0.694 w_ax@goal=+0.51 w_v@goal=4.09 return=936.8 length=89 success_rate=1.00 collisions/ep=1.30 (n=23)
Evaluation at update 400: return=1008.68, length=81.35, success_rate=1.00, collisions/ep=0.00
Solved-check at update 400: solved=False worst_gap=105.79 at p_x0=0.00 p_y0=1.00 (consecutive=3)
update=401 global_step=821248 SPS=868 w_ev=0.202 m_ev=0.972 m_v_bias=-13.9 m_adv_std=32.4152 m_kl_max=0.0122 m_ratio_max=0.622 w_ax@goal=+0.54 w_v@goal=4.00 return=953.1 length=88 success_rate=1.00 collisions/ep=1.04 (n=23)
update=402 global_step=823296 SPS=869 w_ev=0.181 m_ev=0.922 m_v_bias=-0.5 m_adv_std=55.4686 m_kl_max=0.0142 m_ratio_max=0.895 w_ax@goal=+0.57 w_v@goal=4.01 return=956.5 length=88 success_rate=1.00 collisions/ep=0.96 (n=23)
update=403 global_step=825344 SPS=870 w_ev=0.107 m_ev=0.966 m_v_bias=-2.3 m_adv_std=34.5738 m_kl_max=0.0122 m_ratio_max=0.597 w_ax@goal=+0.32 w_v@goal=4.09 return=928.8 length=85 success_rate=1.00 collisions/ep=1.54 (n=24)
update=404 global_step=827392 SPS=870 w_ev=0.203 m_ev=0.893 m_v_bias=5.0 m_adv_std=64.7862 m_kl_max=0.0157 m_ratio_max=0.634 w_ax@goal=+0.53 w_v@goal=3.99 return=958.1 length=86 success_rate=1.00 collisions/ep=0.96 (n=23)
update=405 global_step=829440 SPS=871 w_ev=0.228 m_ev=0.972 m_v_bias=-8.3 m_adv_std=31.4131 m_kl_max=0.0199 m_ratio_max=0.968 w_ax@goal=+0.57 w_v@goal=4.03 return=948.1 length=87 success_rate=1.00 collisions/ep=1.12 (n=24)
Evaluation at update 405: return=1010.65, length=79.45, success_rate=1.00, collisions/ep=0.00
Solved-check at update 405: solved=False worst_gap=51.97 at p_x0=0.00 p_y0=1.00 (consecutive=0)
update=406 global_step=831488 SPS=868 w_ev=0.249 m_ev=0.938 m_v_bias=7.2 m_adv_std=49.8874 m_kl_max=0.0285 m_ratio_max=1.067 w_ax@goal=+0.55 w_v@goal=4.08 return=928.7 length=89 success_rate=1.00 collisions/ep=1.52 (n=25)
update=407 global_step=833536 SPS=869 w_ev=0.215 m_ev=0.939 m_v_bias=8.4 m_adv_std=48.8487 m_kl_max=0.0190 m_ratio_max=1.088 w_ax@goal=+0.44 w_v@goal=3.97 return=932.6 length=88 success_rate=1.00 collisions/ep=1.48 (n=23)
update=408 global_step=835584 SPS=870 w_ev=0.243 m_ev=0.966 m_v_bias=-17.1 m_adv_std=34.1353 m_kl_max=0.0140 m_ratio_max=0.737 w_ax@goal=+0.53 w_v@goal=3.94 return=980.2 length=84 success_rate=1.00 collisions/ep=0.50 (n=24)
update=409 global_step=837632 SPS=871 w_ev=0.255 m_ev=0.955 m_v_bias=9.9 m_adv_std=39.6225 m_kl_max=0.0160 m_ratio_max=1.229 w_ax@goal=+0.43 w_v@goal=3.89 return=956.3 length=87 success_rate=1.00 collisions/ep=1.00 (n=23)
update=410 global_step=839680 SPS=871 w_ev=0.242 m_ev=0.966 m_v_bias=-2.3 m_adv_std=34.4923 m_kl_max=0.0169 m_ratio_max=0.522 w_ax@goal=+0.47 w_v@goal=3.81 return=952.3 length=88 success_rate=1.00 collisions/ep=1.04 (n=23)
Evaluation at update 410: return=1011.91, length=78.15, success_rate=1.00, collisions/ep=0.00
Solved-check at update 410: solved=True worst_gap=1.32 at p_x0=0.00 p_y0=-1.00 (consecutive=0)
update=411 global_step=841728 SPS=869 w_ev=0.206 m_ev=0.946 m_v_bias=2.8 m_adv_std=45.0084 m_kl_max=0.0172 m_ratio_max=0.844 w_ax@goal=+0.39 w_v@goal=3.87 return=953.9 length=88 success_rate=1.00 collisions/ep=1.00 (n=22)
update=412 global_step=843776 SPS=869 w_ev=0.183 m_ev=0.942 m_v_bias=-4.4 m_adv_std=45.2034 m_kl_max=0.0249 m_ratio_max=1.497 w_ax@goal=+0.42 w_v@goal=3.93 return=954.0 length=88 success_rate=1.00 collisions/ep=1.00 (n=23)
update=413 global_step=845824 SPS=870 w_ev=0.143 m_ev=0.952 m_v_bias=3.2 m_adv_std=43.1134 m_kl_max=0.0194 m_ratio_max=0.900 w_ax@goal=+0.43 w_v@goal=4.01 return=948.6 length=89 success_rate=1.00 collisions/ep=1.12 (n=24)
update=414 global_step=847872 SPS=871 w_ev=0.150 m_ev=0.968 m_v_bias=0.7 m_adv_std=34.0538 m_kl_max=0.0103 m_ratio_max=0.360 w_ax@goal=+0.37 w_v@goal=3.97 return=984.6 length=85 success_rate=1.00 collisions/ep=0.38 (n=24)
update=415 global_step=849920 SPS=872 w_ev=0.108 m_ev=0.978 m_v_bias=-3.2 m_adv_std=27.3956 m_kl_max=0.0082 m_ratio_max=0.377 w_ax@goal=+0.41 w_v@goal=3.99 return=948.2 length=88 success_rate=1.00 collisions/ep=1.09 (n=23)
Evaluation at update 415: return=1010.57, length=79.60, success_rate=1.00, collisions/ep=0.00
Solved-check at update 415: solved=True worst_gap=3.38 at p_x0=2.00 p_y0=1.00 (consecutive=1)
update=416 global_step=851968 SPS=869 w_ev=0.089 m_ev=0.957 m_v_bias=3.4 m_adv_std=38.6489 m_kl_max=0.0145 m_ratio_max=0.498 w_ax@goal=+0.38 w_v@goal=4.14 return=970.4 length=89 success_rate=1.00 collisions/ep=0.62 (n=24)
update=417 global_step=854016 SPS=870 w_ev=0.125 m_ev=0.923 m_v_bias=15.3 m_adv_std=55.5070 m_kl_max=0.0149 m_ratio_max=0.754 w_ax@goal=+0.22 w_v@goal=4.05 return=943.9 length=91 success_rate=1.00 collisions/ep=1.18 (n=22)
update=418 global_step=856064 SPS=871 w_ev=0.054 m_ev=0.954 m_v_bias=-0.9 m_adv_std=42.5114 m_kl_max=0.0082 m_ratio_max=0.574 w_ax@goal=+0.37 w_v@goal=4.15 return=962.0 length=90 success_rate=1.00 collisions/ep=0.83 (n=23)
update=419 global_step=858112 SPS=871 w_ev=0.057 m_ev=0.945 m_v_bias=6.8 m_adv_std=46.7215 m_kl_max=0.0213 m_ratio_max=1.071 w_ax@goal=+0.36 w_v@goal=4.07 return=930.5 length=92 success_rate=1.00 collisions/ep=1.43 (n=23)
update=420 global_step=860160 SPS=872 w_ev=0.121 m_ev=0.971 m_v_bias=-17.6 m_adv_std=33.1500 m_kl_max=0.0191 m_ratio_max=0.883 w_ax@goal=+0.47 w_v@goal=3.92 return=958.5 length=90 success_rate=1.00 collisions/ep=0.91 (n=22)
Evaluation at update 420: return=1010.61, length=79.45, success_rate=1.00, collisions/ep=0.00
Solved-check at update 420: solved=True worst_gap=3.78 at p_x0=2.00 p_y0=1.00 (consecutive=2)
update=421 global_step=862208 SPS=869 w_ev=0.142 m_ev=0.939 m_v_bias=11.1 m_adv_std=48.7351 m_kl_max=0.0154 m_ratio_max=1.053 w_ax@goal=+0.44 w_v@goal=4.02 return=917.8 length=88 success_rate=1.00 collisions/ep=1.68 (n=22)
update=422 global_step=864256 SPS=870 w_ev=0.177 m_ev=0.961 m_v_bias=-3.1 m_adv_std=37.9979 m_kl_max=0.0140 m_ratio_max=0.497 w_ax@goal=+0.44 w_v@goal=4.09 return=961.2 length=90 success_rate=1.00 collisions/ep=0.78 (n=23)
update=423 global_step=866304 SPS=871 w_ev=0.141 m_ev=0.971 m_v_bias=-11.1 m_adv_std=32.7966 m_kl_max=0.0182 m_ratio_max=0.653 w_ax@goal=+0.42 w_v@goal=4.11 return=969.6 length=91 success_rate=1.00 collisions/ep=0.62 (n=24)
update=424 global_step=868352 SPS=872 w_ev=0.130 m_ev=0.955 m_v_bias=12.5 m_adv_std=41.0743 m_kl_max=0.0155 m_ratio_max=0.617 w_ax@goal=+0.22 w_v@goal=4.02 return=956.4 length=91 success_rate=1.00 collisions/ep=0.86 (n=22)
update=425 global_step=870400 SPS=872 w_ev=0.112 m_ev=0.975 m_v_bias=-4.8 m_adv_std=29.7691 m_kl_max=0.0094 m_ratio_max=0.465 w_ax@goal=+0.33 w_v@goal=4.04 return=954.7 length=92 success_rate=1.00 collisions/ep=0.91 (n=22)
Evaluation at update 425: return=1010.45, length=79.65, success_rate=1.00, collisions/ep=0.00
Solved-check at update 425: solved=True worst_gap=3.51 at p_x0=1.50 p_y0=1.00 (consecutive=3)
update=426 global_step=872448 SPS=870 w_ev=0.129 m_ev=0.970 m_v_bias=-4.6 m_adv_std=33.1438 m_kl_max=0.0084 m_ratio_max=0.348 w_ax@goal=+0.30 w_v@goal=4.05 return=969.0 length=91 success_rate=1.00 collisions/ep=0.64 (n=22)
update=427 global_step=874496 SPS=870 w_ev=0.094 m_ev=0.936 m_v_bias=16.9 m_adv_std=49.6547 m_kl_max=0.0098 m_ratio_max=0.438 w_ax@goal=+0.42 w_v@goal=4.13 return=941.0 length=93 success_rate=1.00 collisions/ep=1.18 (n=22)
update=428 global_step=876544 SPS=871 w_ev=0.111 m_ev=0.969 m_v_bias=-0.7 m_adv_std=35.3181 m_kl_max=0.0155 m_ratio_max=0.716 w_ax@goal=+0.20 w_v@goal=4.11 return=949.0 length=91 success_rate=1.00 collisions/ep=1.00 (n=23)
update=429 global_step=878592 SPS=872 w_ev=0.089 m_ev=0.965 m_v_bias=-5.9 m_adv_std=35.5360 m_kl_max=0.0172 m_ratio_max=0.541 w_ax@goal=+0.28 w_v@goal=4.08 return=958.3 length=92 success_rate=1.00 collisions/ep=0.83 (n=23)
update=430 global_step=880640 SPS=873 w_ev=0.117 m_ev=0.878 m_v_bias=9.4 m_adv_std=71.5313 m_kl_max=0.0115 m_ratio_max=0.448 w_ax@goal=+0.23 w_v@goal=4.04 return=942.0 length=88 success_rate=1.00 collisions/ep=1.17 (n=23)
Evaluation at update 430: return=1010.67, length=79.50, success_rate=1.00, collisions/ep=0.00
Solved-check at update 430: solved=True worst_gap=2.78 at p_x0=2.00 p_y0=1.00 (consecutive=4)
update=431 global_step=882688 SPS=870 w_ev=0.061 m_ev=0.961 m_v_bias=-15.2 m_adv_std=36.8403 m_kl_max=0.0155 m_ratio_max=1.351 w_ax@goal=+0.45 w_v@goal=4.18 return=949.8 length=90 success_rate=1.00 collisions/ep=1.05 (n=21)
update=432 global_step=884736 SPS=871 w_ev=0.114 m_ev=0.909 m_v_bias=19.5 m_adv_std=63.1816 m_kl_max=0.0133 m_ratio_max=1.102 w_ax@goal=+0.40 w_v@goal=4.12 return=912.2 length=91 success_rate=1.00 collisions/ep=1.78 (n=23)
update=433 global_step=886784 SPS=872 w_ev=0.089 m_ev=0.957 m_v_bias=-16.1 m_adv_std=39.5491 m_kl_max=0.0180 m_ratio_max=0.576 w_ax@goal=+0.42 w_v@goal=4.17 return=970.6 length=90 success_rate=1.00 collisions/ep=0.65 (n=23)
update=434 global_step=888832 SPS=872 w_ev=0.109 m_ev=0.962 m_v_bias=1.8 m_adv_std=37.9166 m_kl_max=0.0057 m_ratio_max=0.350 w_ax@goal=+0.32 w_v@goal=4.18 return=940.8 length=91 success_rate=1.00 collisions/ep=1.18 (n=22)
update=435 global_step=890880 SPS=873 w_ev=0.124 m_ev=0.966 m_v_bias=-6.3 m_adv_std=34.6417 m_kl_max=0.0107 m_ratio_max=0.447 w_ax@goal=+0.40 w_v@goal=4.16 return=979.1 length=91 success_rate=1.00 collisions/ep=0.42 (n=24)
Evaluation at update 435: return=1008.72, length=81.35, success_rate=1.00, collisions/ep=0.00
Solved-check at update 435: solved=True worst_gap=4.66 at p_x0=0.00 p_y0=-1.00 (consecutive=5)
update=436 global_step=892928 SPS=870 w_ev=0.060 m_ev=0.963 m_v_bias=10.4 m_adv_std=36.7078 m_kl_max=0.0239 m_ratio_max=1.074 w_ax@goal=+0.24 w_v@goal=4.24 return=938.7 length=91 success_rate=1.00 collisions/ep=1.22 (n=23)
update=437 global_step=894976 SPS=871 w_ev=0.082 m_ev=0.970 m_v_bias=-7.1 m_adv_std=32.4611 m_kl_max=0.0099 m_ratio_max=0.411 w_ax@goal=+0.18 w_v@goal=4.11 return=952.2 length=92 success_rate=1.00 collisions/ep=1.05 (n=20)
update=438 global_step=897024 SPS=872 w_ev=0.100 m_ev=0.968 m_v_bias=-5.7 m_adv_std=35.3779 m_kl_max=0.0432 m_ratio_max=2.020 w_ax@goal=+0.48 w_v@goal=4.19 return=961.2 length=88 success_rate=1.00 collisions/ep=0.83 (n=24)
update=439 global_step=899072 SPS=872 w_ev=0.068 m_ev=0.962 m_v_bias=-5.3 m_adv_std=36.7974 m_kl_max=0.0182 m_ratio_max=0.778 w_ax@goal=+0.25 w_v@goal=4.20 return=951.5 length=90 success_rate=1.00 collisions/ep=1.04 (n=23)
update=440 global_step=901120 SPS=873 w_ev=0.137 m_ev=0.959 m_v_bias=-9.4 m_adv_std=36.7408 m_kl_max=0.0247 m_ratio_max=1.120 w_ax@goal=+0.46 w_v@goal=4.24 return=970.0 length=88 success_rate=1.00 collisions/ep=0.71 (n=24)
Evaluation at update 440: return=1011.24, length=78.85, success_rate=1.00, collisions/ep=0.00
Solved-check at update 440: solved=True worst_gap=2.16 at p_x0=0.00 p_y0=-0.50 (consecutive=6)
update=441 global_step=903168 SPS=870 w_ev=0.170 m_ev=0.965 m_v_bias=-0.3 m_adv_std=34.9986 m_kl_max=0.0094 m_ratio_max=0.536 w_ax@goal=+0.52 w_v@goal=4.07 return=973.2 length=90 success_rate=1.00 collisions/ep=0.61 (n=23)
update=442 global_step=905216 SPS=870 w_ev=0.109 m_ev=0.954 m_v_bias=5.5 m_adv_std=40.5939 m_kl_max=0.0235 m_ratio_max=0.812 w_ax@goal=+0.63 w_v@goal=4.14 return=951.9 length=88 success_rate=1.00 collisions/ep=1.05 (n=22)
update=443 global_step=907264 SPS=871 w_ev=0.132 m_ev=0.927 m_v_bias=11.4 m_adv_std=53.4906 m_kl_max=0.0147 m_ratio_max=0.586 w_ax@goal=+0.50 w_v@goal=4.18 return=948.4 length=88 success_rate=1.00 collisions/ep=1.08 (n=24)
update=444 global_step=909312 SPS=872 w_ev=0.114 m_ev=0.965 m_v_bias=-9.2 m_adv_std=34.9528 m_kl_max=0.0075 m_ratio_max=0.494 w_ax@goal=+0.40 w_v@goal=4.12 return=965.3 length=87 success_rate=1.00 collisions/ep=0.79 (n=24)
update=445 global_step=911360 SPS=873 w_ev=0.109 m_ev=0.967 m_v_bias=-0.4 m_adv_std=33.4544 m_kl_max=0.0231 m_ratio_max=1.105 w_ax@goal=+0.54 w_v@goal=4.12 return=966.9 length=89 success_rate=1.00 collisions/ep=0.73 (n=22)
Evaluation at update 445: return=1007.75, length=79.90, success_rate=1.00, collisions/ep=0.05
Solved-check at update 445: solved=False worst_gap=53.24 at p_x0=0.00 p_y0=1.00 (consecutive=7)
update=446 global_step=913408 SPS=870 w_ev=0.154 m_ev=0.947 m_v_bias=1.6 m_adv_std=45.4145 m_kl_max=0.0121 m_ratio_max=1.117 w_ax@goal=+0.49 w_v@goal=4.05 return=958.9 length=88 success_rate=1.00 collisions/ep=0.88 (n=24)
update=447 global_step=915456 SPS=870 w_ev=0.158 m_ev=0.970 m_v_bias=0.0 m_adv_std=33.6457 m_kl_max=0.0187 m_ratio_max=0.718 w_ax@goal=+0.40 w_v@goal=3.99 return=942.5 length=88 success_rate=1.00 collisions/ep=1.21 (n=24)
update=448 global_step=917504 SPS=871 w_ev=0.104 m_ev=0.946 m_v_bias=9.9 m_adv_std=46.1461 m_kl_max=0.0185 m_ratio_max=0.969 w_ax@goal=+0.57 w_v@goal=4.03 return=927.9 length=90 success_rate=1.00 collisions/ep=1.52 (n=21)
update=449 global_step=919552 SPS=872 w_ev=0.064 m_ev=0.962 m_v_bias=-3.8 m_adv_std=37.7027 m_kl_max=0.0121 m_ratio_max=0.822 w_ax@goal=+0.42 w_v@goal=4.24 return=969.1 length=91 success_rate=1.00 collisions/ep=0.64 (n=22)
update=450 global_step=921600 SPS=873 w_ev=0.088 m_ev=0.938 m_v_bias=11.6 m_adv_std=49.9207 m_kl_max=0.0215 m_ratio_max=0.728 w_ax@goal=+0.33 w_v@goal=4.22 return=938.2 length=92 success_rate=1.00 collisions/ep=1.23 (n=22)
Evaluation at update 450: return=1005.70, length=81.95, success_rate=1.00, collisions/ep=0.05
Solved-check at update 450: solved=False worst_gap=55.90 at p_x0=0.00 p_y0=1.00 (consecutive=0)
update=451 global_step=923648 SPS=870 w_ev=0.116 m_ev=0.953 m_v_bias=3.6 m_adv_std=45.3422 m_kl_max=0.0300 m_ratio_max=0.844 w_ax@goal=+0.48 w_v@goal=4.12 return=909.6 length=96 success_rate=1.00 collisions/ep=1.78 (n=23)
update=452 global_step=925696 SPS=871 w_ev=0.101 m_ev=0.931 m_v_bias=6.2 m_adv_std=52.7036 m_kl_max=0.0184 m_ratio_max=0.969 w_ax@goal=+0.34 w_v@goal=4.13 return=921.2 length=92 success_rate=1.00 collisions/ep=1.57 (n=23)
update=453 global_step=927744 SPS=872 w_ev=0.157 m_ev=0.948 m_v_bias=-1.4 m_adv_std=43.8929 m_kl_max=0.0101 m_ratio_max=0.494 w_ax@goal=+0.25 w_v@goal=3.92 return=953.8 length=93 success_rate=1.00 collisions/ep=0.89 (n=19)
update=454 global_step=929792 SPS=872 w_ev=0.066 m_ev=0.965 m_v_bias=-0.8 m_adv_std=36.9723 m_kl_max=0.0117 m_ratio_max=0.543 w_ax@goal=+0.45 w_v@goal=4.11 return=939.9 length=94 success_rate=1.00 collisions/ep=1.13 (n=23)
update=455 global_step=931840 SPS=873 w_ev=0.012 m_ev=0.962 m_v_bias=-4.7 m_adv_std=39.5053 m_kl_max=0.0197 m_ratio_max=0.720 w_ax@goal=+0.13 w_v@goal=4.16 return=954.1 length=94 success_rate=1.00 collisions/ep=0.87 (n=23)
Evaluation at update 455: return=1007.63, length=82.45, success_rate=1.00, collisions/ep=0.00
Solved-check at update 455: solved=False worst_gap=6.00 at p_x0=0.50 p_y0=1.00 (consecutive=0)
update=456 global_step=933888 SPS=870 w_ev=0.061 m_ev=0.967 m_v_bias=-0.1 m_adv_std=34.1854 m_kl_max=0.0159 m_ratio_max=0.694 w_ax@goal=+0.37 w_v@goal=4.08 return=951.4 length=92 success_rate=1.00 collisions/ep=0.95 (n=21)
update=457 global_step=935936 SPS=871 w_ev=0.035 m_ev=0.968 m_v_bias=-1.4 m_adv_std=34.8677 m_kl_max=0.0093 m_ratio_max=0.545 w_ax@goal=+0.32 w_v@goal=4.02 return=953.1 length=93 success_rate=1.00 collisions/ep=0.91 (n=22)
update=458 global_step=937984 SPS=872 w_ev=0.040 m_ev=0.965 m_v_bias=5.0 m_adv_std=37.7776 m_kl_max=0.0113 m_ratio_max=0.479 w_ax@goal=+0.34 w_v@goal=4.23 return=941.2 length=97 success_rate=1.00 collisions/ep=1.10 (n=21)
update=459 global_step=940032 SPS=873 w_ev=0.059 m_ev=0.984 m_v_bias=-12.3 m_adv_std=24.0988 m_kl_max=0.0082 m_ratio_max=0.732 w_ax@goal=+0.33 w_v@goal=4.28 return=972.8 length=91 success_rate=1.00 collisions/ep=0.54 (n=24)
update=460 global_step=942080 SPS=873 w_ev=0.044 m_ev=0.976 m_v_bias=5.1 m_adv_std=29.7820 m_kl_max=0.0157 m_ratio_max=0.633 w_ax@goal=+0.35 w_v@goal=4.05 return=949.3 length=94 success_rate=1.00 collisions/ep=1.00 (n=20)
Evaluation at update 460: return=1008.05, length=82.10, success_rate=1.00, collisions/ep=0.00
Solved-check at update 460: solved=False worst_gap=5.63 at p_x0=0.50 p_y0=0.00 (consecutive=0)
update=461 global_step=944128 SPS=871 w_ev=0.067 m_ev=0.967 m_v_bias=0.5 m_adv_std=36.0199 m_kl_max=0.0139 m_ratio_max=0.830 w_ax@goal=+0.57 w_v@goal=4.20 return=945.6 length=90 success_rate=1.00 collisions/ep=1.13 (n=23)
update=462 global_step=946176 SPS=872 w_ev=0.056 m_ev=0.972 m_v_bias=-13.0 m_adv_std=31.6901 m_kl_max=0.0098 m_ratio_max=0.515 w_ax@goal=+0.52 w_v@goal=4.25 return=957.6 length=89 success_rate=1.00 collisions/ep=0.88 (n=24)
update=463 global_step=948224 SPS=872 w_ev=0.009 m_ev=0.978 m_v_bias=0.0 m_adv_std=27.0244 m_kl_max=0.0110 m_ratio_max=0.685 w_ax@goal=+0.65 w_v@goal=4.12 return=972.8 length=90 success_rate=1.00 collisions/ep=0.57 (n=23)
update=464 global_step=950272 SPS=873 w_ev=0.049 m_ev=0.956 m_v_bias=16.4 m_adv_std=41.5035 m_kl_max=0.0136 m_ratio_max=0.800 w_ax@goal=+0.55 w_v@goal=4.14 return=938.0 length=89 success_rate=1.00 collisions/ep=1.26 (n=23)
update=465 global_step=952320 SPS=874 w_ev=0.067 m_ev=0.971 m_v_bias=-12.5 m_adv_std=32.6011 m_kl_max=0.0079 m_ratio_max=0.436 w_ax@goal=+0.72 w_v@goal=4.12 return=965.9 length=90 success_rate=1.00 collisions/ep=0.70 (n=23)
Evaluation at update 465: return=1008.60, length=81.50, success_rate=1.00, collisions/ep=0.00
Solved-check at update 465: solved=True worst_gap=4.90 at p_x0=0.00 p_y0=-1.00 (consecutive=0)
update=466 global_step=954368 SPS=871 w_ev=0.019 m_ev=0.981 m_v_bias=-5.3 m_adv_std=25.5577 m_kl_max=0.0192 m_ratio_max=0.652 w_ax@goal=+0.54 w_v@goal=4.14 return=975.8 length=92 success_rate=1.00 collisions/ep=0.52 (n=21)
update=467 global_step=956416 SPS=871 w_ev=-0.002 m_ev=0.963 m_v_bias=16.4 m_adv_std=38.3216 m_kl_max=0.0076 m_ratio_max=0.463 w_ax@goal=+0.34 w_v@goal=4.19 return=940.1 length=91 success_rate=1.00 collisions/ep=1.22 (n=23)
update=468 global_step=958464 SPS=872 w_ev=0.083 m_ev=0.953 m_v_bias=-10.3 m_adv_std=41.3442 m_kl_max=0.0220 m_ratio_max=0.515 w_ax@goal=+0.55 w_v@goal=4.19 return=955.3 length=89 success_rate=1.00 collisions/ep=1.04 (n=24)
update=469 global_step=960512 SPS=873 w_ev=0.060 m_ev=0.939 m_v_bias=7.1 m_adv_std=47.8943 m_kl_max=0.0175 m_ratio_max=0.760 w_ax@goal=+0.66 w_v@goal=4.14 return=942.6 length=88 success_rate=1.00 collisions/ep=1.23 (n=22)
update=470 global_step=962560 SPS=873 w_ev=0.115 m_ev=0.948 m_v_bias=0.2 m_adv_std=43.2158 m_kl_max=0.0058 m_ratio_max=0.431 w_ax@goal=+0.39 w_v@goal=4.19 return=951.3 length=88 success_rate=1.00 collisions/ep=1.00 (n=23)
Evaluation at update 470: return=1008.91, length=81.20, success_rate=1.00, collisions/ep=0.00
Solved-check at update 470: solved=True worst_gap=4.20 at p_x0=0.50 p_y0=-1.00 (consecutive=1)
update=471 global_step=964608 SPS=870 w_ev=0.104 m_ev=0.957 m_v_bias=1.2 m_adv_std=40.4531 m_kl_max=0.0114 m_ratio_max=0.714 w_ax@goal=+0.26 w_v@goal=4.14 return=946.4 length=90 success_rate=1.00 collisions/ep=1.09 (n=23)
update=472 global_step=966656 SPS=871 w_ev=0.085 m_ev=0.965 m_v_bias=-1.7 m_adv_std=35.5468 m_kl_max=0.0159 m_ratio_max=0.569 w_ax@goal=+0.31 w_v@goal=4.18 return=970.3 length=92 success_rate=1.00 collisions/ep=0.65 (n=23)
update=473 global_step=968704 SPS=871 w_ev=0.095 m_ev=0.975 m_v_bias=-10.3 m_adv_std=28.4705 m_kl_max=0.0122 m_ratio_max=0.580 w_ax@goal=+0.46 w_v@goal=4.16 return=958.9 length=89 success_rate=1.00 collisions/ep=0.86 (n=22)
update=474 global_step=970752 SPS=872 w_ev=0.124 m_ev=0.974 m_v_bias=-0.2 m_adv_std=29.9911 m_kl_max=0.0232 m_ratio_max=1.245 w_ax@goal=+0.41 w_v@goal=4.05 return=978.7 length=88 success_rate=1.00 collisions/ep=0.50 (n=24)
update=475 global_step=972800 SPS=873 w_ev=0.097 m_ev=0.977 m_v_bias=1.9 m_adv_std=28.4007 m_kl_max=0.0137 m_ratio_max=0.656 w_ax@goal=+0.56 w_v@goal=4.04 return=964.4 length=89 success_rate=1.00 collisions/ep=0.78 (n=23)
Evaluation at update 475: return=1008.75, length=81.40, success_rate=1.00, collisions/ep=0.00
Solved-check at update 475: solved=True worst_gap=4.52 at p_x0=0.50 p_y0=-1.00 (consecutive=2)
update=476 global_step=974848 SPS=870 w_ev=0.158 m_ev=0.977 m_v_bias=6.0 m_adv_std=28.2368 m_kl_max=0.0273 m_ratio_max=2.228 w_ax@goal=+0.44 w_v@goal=3.99 return=965.0 length=89 success_rate=1.00 collisions/ep=0.79 (n=24)
update=477 global_step=976896 SPS=871 w_ev=0.103 m_ev=0.967 m_v_bias=-3.1 m_adv_std=33.8203 m_kl_max=0.0104 m_ratio_max=0.516 w_ax@goal=+0.48 w_v@goal=3.93 return=973.9 length=89 success_rate=1.00 collisions/ep=0.57 (n=23)
update=478 global_step=978944 SPS=872 w_ev=0.131 m_ev=0.971 m_v_bias=6.0 m_adv_std=31.8933 m_kl_max=0.0121 m_ratio_max=0.874 w_ax@goal=+0.38 w_v@goal=3.92 return=954.4 length=89 success_rate=1.00 collisions/ep=0.96 (n=23)
update=479 global_step=980992 SPS=872 w_ev=0.114 m_ev=0.967 m_v_bias=-0.9 m_adv_std=33.5851 m_kl_max=0.0212 m_ratio_max=0.960 w_ax@goal=+0.33 w_v@goal=4.01 return=958.3 length=90 success_rate=1.00 collisions/ep=0.86 (n=22)
update=480 global_step=983040 SPS=873 w_ev=0.051 m_ev=0.962 m_v_bias=7.5 m_adv_std=36.3823 m_kl_max=0.0199 m_ratio_max=0.711 w_ax@goal=+0.35 w_v@goal=4.21 return=963.0 length=93 success_rate=1.00 collisions/ep=0.71 (n=21)
Evaluation at update 480: return=1006.21, length=83.90, success_rate=1.00, collisions/ep=0.00
Solved-check at update 480: solved=False worst_gap=6.98 at p_x0=0.00 p_y0=-1.00 (consecutive=3)
update=481 global_step=985088 SPS=870 w_ev=0.074 m_ev=0.982 m_v_bias=-3.2 m_adv_std=25.7607 m_kl_max=0.0132 m_ratio_max=0.637 w_ax@goal=+0.45 w_v@goal=4.23 return=964.0 length=91 success_rate=1.00 collisions/ep=0.71 (n=24)
update=482 global_step=987136 SPS=871 w_ev=0.095 m_ev=0.980 m_v_bias=-0.7 m_adv_std=26.2823 m_kl_max=0.0318 m_ratio_max=2.339 w_ax@goal=+0.34 w_v@goal=4.27 return=969.7 length=93 success_rate=1.00 collisions/ep=0.59 (n=22)
update=483 global_step=989184 SPS=872 w_ev=0.066 m_ev=0.926 m_v_bias=-0.1 m_adv_std=52.6108 m_kl_max=0.0281 m_ratio_max=1.167 w_ax@goal=+0.38 w_v@goal=4.18 return=954.0 length=86 success_rate=1.00 collisions/ep=1.00 (n=25)
update=484 global_step=991232 SPS=872 w_ev=0.164 m_ev=0.969 m_v_bias=-4.3 m_adv_std=33.7810 m_kl_max=0.0135 m_ratio_max=0.676 w_ax@goal=+0.47 w_v@goal=3.89 return=944.1 length=88 success_rate=1.00 collisions/ep=1.17 (n=23)
update=485 global_step=993280 SPS=873 w_ev=0.154 m_ev=0.950 m_v_bias=1.3 m_adv_std=40.9376 m_kl_max=0.0157 m_ratio_max=0.695 w_ax@goal=+0.38 w_v@goal=4.06 return=936.2 length=89 success_rate=1.00 collisions/ep=1.33 (n=21)
Evaluation at update 485: return=1006.04, length=84.10, success_rate=1.00, collisions/ep=0.00
Solved-check at update 485: solved=False worst_gap=56.97 at p_x0=1.00 p_y0=-1.00 (consecutive=0)
update=486 global_step=995328 SPS=871 w_ev=0.087 m_ev=0.966 m_v_bias=6.1 m_adv_std=34.5450 m_kl_max=0.0127 m_ratio_max=0.475 w_ax@goal=+0.58 w_v@goal=4.23 return=947.3 length=88 success_rate=1.00 collisions/ep=1.08 (n=24)
update=487 global_step=997376 SPS=872 w_ev=0.080 m_ev=0.978 m_v_bias=-10.4 m_adv_std=28.2766 m_kl_max=0.0161 m_ratio_max=0.977 w_ax@goal=+0.32 w_v@goal=4.20 return=972.5 length=91 success_rate=1.00 collisions/ep=0.61 (n=23)
update=488 global_step=999424 SPS=873 w_ev=0.117 m_ev=0.965 m_v_bias=9.4 m_adv_std=34.6345 m_kl_max=0.0093 m_ratio_max=0.715 w_ax@goal=+0.35 w_v@goal=4.16 return=946.4 length=89 success_rate=1.00 collisions/ep=1.17 (n=24)
Saved checkpoints to C:\Users\loren\Desktop\MASTER THESIS\5_CODE\scenarios\slalom\studies\blind_worker_boxy2.5\coef_0\runs\hppo_slalom_2_1790588327
